using --exit-code-from implies --abort-on-container-exit
Creating fl-rest_server_1 ... 
Creating docker-tc        ... 
Creating docker-tc        ... done
Creating fl-rest_server_1 ... done
Creating fl-rest_client_002_1 ... 
Creating fl-rest_client_008_1 ... 
Creating fl-rest_client_006_1 ... 
Creating fl-rest_client_007_1 ... 
Creating fl-rest_client_011_1 ... 
Creating fl-rest_client_014_1 ... 
Creating fl-rest_client_015_1 ... 
Creating fl-rest_client_003_1 ... 
Creating fl-rest_client_004_1 ... 
Creating fl-rest_client_001_1 ... 
Creating fl-rest_client_018_1 ... 
Creating fl-rest_client_005_1 ... 
Creating fl-rest_client_012_1 ... 
Creating fl-rest_client_010_1 ... 
Creating fl-rest_client_019_1 ... 
Creating fl-rest_client_020_1 ... 
Creating fl-rest_client_013_1 ... 
Creating fl-rest_client_017_1 ... 
Creating fl-rest_client_016_1 ... 
Creating fl-rest_client_009_1 ... 
Creating fl-rest_client_013_1 ... done
Creating fl-rest_client_002_1 ... done
Creating fl-rest_client_014_1 ... done
Creating fl-rest_client_016_1 ... done
Creating fl-rest_client_019_1 ... done
Creating fl-rest_client_003_1 ... done
Creating fl-rest_client_001_1 ... done
Creating fl-rest_client_012_1 ... done
Creating fl-rest_client_011_1 ... done
Creating fl-rest_client_018_1 ... done
Creating fl-rest_client_015_1 ... done
Creating fl-rest_client_017_1 ... done
Creating fl-rest_client_009_1 ... done
Creating fl-rest_client_005_1 ... done
Creating fl-rest_client_020_1 ... done
Creating fl-rest_client_004_1 ... done
Creating fl-rest_client_006_1 ... done
Creating fl-rest_client_007_1 ... done
Creating fl-rest_client_010_1 ... done
Creating fl-rest_client_008_1 ... done
Attaching to docker-tc, fl-rest_server_1, fl-rest_client_013_1, fl-rest_client_002_1, fl-rest_client_014_1, fl-rest_client_016_1, fl-rest_client_019_1, fl-rest_client_003_1, fl-rest_client_001_1, fl-rest_client_012_1, fl-rest_client_011_1, fl-rest_client_018_1, fl-rest_client_015_1, fl-rest_client_017_1, fl-rest_client_009_1, fl-rest_client_005_1, fl-rest_client_020_1, fl-rest_client_004_1, fl-rest_client_006_1, fl-rest_client_007_1, fl-rest_client_010_1, fl-rest_client_008_1
[36mdocker-tc     |[0m [s6-init] making user provided files available at /var/run/s6/etc...exited 0.
[36mdocker-tc     |[0m [s6-init] ensuring user provided files have correct perms...exited 0.
[36mdocker-tc     |[0m [fix-attrs.d] applying ownership & permissions fixes...
[36mdocker-tc     |[0m [fix-attrs.d] done.
[36mdocker-tc     |[0m [cont-init.d] executing container initialization scripts...
[36mdocker-tc     |[0m [cont-init.d] 00-init: executing... 
[36mdocker-tc     |[0m [cont-init.d] 00-init: exited 0.
[36mdocker-tc     |[0m [cont-init.d] done.
[36mdocker-tc     |[0m [services.d] starting services
[36mdocker-tc     |[0m Starting garbage collector
[36mdocker-tc     |[0m [services.d] done.
[36mdocker-tc     |[0m Starting HTTP server on 127.0.0.1:4080
[36mdocker-tc     |[0m + exec hapttic -file /docker-tc/bin/httpd.sh -logErrors -host 127.0.0.1 -port 4080
[36mdocker-tc     |[0m 2026/01/22 04:09:31 Thanks for using hapttic v1.0.0
[36mdocker-tc     |[0m 2026/01/22 04:09:31 Listening on 127.0.0.1:4080
[36mdocker-tc     |[0m 2026/01/22 04:09:31 Forwarding requests to /docker-tc/bin/httpd.sh
[36mdocker-tc     |[0m 2026/01/22 04:09:31 Logging errors to stderr
[36mdocker-tc     |[0m 
[36mdocker-tc     |[0m  ____          _              _____         ___ ___ _        _____         _           _
[36mdocker-tc     |[0m |    \ ___ ___| |_ ___ ___   |_   _|___ ___|  _|  _|_|___   |     |___ ___| |_ ___ ___| |
[36mdocker-tc     |[0m |  |  | . |  _| '_| -_|  _|    | | |  _| .'|  _|  _| |  _|  |   --| . |   |  _|  _| . | |
[36mdocker-tc     |[0m |____/|___|___|_,_|___|_|      |_| |_| |__,|_| |_| |_|___|  |_____|___|_|_|_| |_| |___|_|
[36mdocker-tc     |[0m 
[36mdocker-tc     |[0m Starting Docker Traffic Control 18.12
[36mdocker-tc     |[0m https://github.com/lukaszlach/docker-tc
[36mdocker-tc     |[0m 
[36mdocker-tc     |[0m [2026-01-22T04:09:31+00:00] [a70f7cd88e09] Notice: Skipping container, service was disabled by label
[36mdocker-tc     |[0m [2026-01-22T04:09:31+00:00] [bd19146b9070] Notice: Skipping container, no valid labels found
[36mdocker-tc     |[0m [2026-01-22T04:09:32+00:00] [438bf01636a0] Notice: Skipping container, no valid labels found
[36mdocker-tc     |[0m [2026-01-22T04:09:32+00:00] [c314c85387cb] Notice: Skipping container, no valid labels found
[36mdocker-tc     |[0m Error response from daemon: Container 3e4b2842dc618e2afe83311ecd360e727849572adbdf41474062df0f06f43f7f is restarting, wait until the container is running
[36mdocker-tc     |[0m [2026-01-22T04:09:32+00:00] [3e4b2842dc61] Warning: Network has no corresponding virtual network interface
[36mdocker-tc     |[0m [2026-01-22T04:09:32+00:00] [d019abf2a3cd] Notice: Skipping container, no valid labels found
[36mdocker-tc     |[0m [2026-01-22T04:09:32+00:00] [e3fede3c408e] Set delay=200ms, loss=1% on veth4c82d84
[36mdocker-tc     |[0m [2026-01-22T04:09:32+00:00] [e3fede3c408e] Set bandwidth-limit=5mbps on veth4c82d84
[36mdocker-tc     |[0m [2026-01-22T04:09:32+00:00] [e3fede3c408e] Controlling traffic of the container /fl-rest_client_013_1 on veth4c82d84
[33mserver_1      |[0m TensorFlow installation not found - running with reduced feature set.
[33mserver_1      |[0m 
[33mserver_1      |[0m NOTE: Using experimental fast data loading logic. To disable, pass
[33mserver_1      |[0m     "--load_fast=false" and report issues on GitHub. More details:
[33mserver_1      |[0m     https://github.com/tensorflow/tensorboard/issues/4784
[33mserver_1      |[0m 
[33mserver_1      |[0m TensorBoard 2.20.0 at http://0.0.0.0:6006/ (Press CTRL+C to quit)
[36mdocker-tc     |[0m [2026-01-22T04:09:33+00:00] [b9fb60a54527] Set delay=20ms on vethaef5b3e
[36mdocker-tc     |[0m [2026-01-22T04:09:33+00:00] [b9fb60a54527] Set bandwidth-limit=1gbit on vethaef5b3e
[36mdocker-tc     |[0m [2026-01-22T04:09:33+00:00] [b9fb60a54527] Controlling traffic of the container /fl-rest_client_002_1 on vethaef5b3e
[33mserver_1      |[0m INFO:__main__:Writing TensorBoard logs to: fl_logs/tensorboard/Cenario_C_Hibrido_Mu0.01_Alpha0.5_0409
[33mserver_1      |[0m INFO:__main__:Loading CIFAR-10 test dataset...
[36mdocker-tc     |[0m [2026-01-22T04:09:33+00:00] [679ce278c709] Set delay=200ms, loss=1% on veth7312a2a
[36mdocker-tc     |[0m [2026-01-22T04:09:33+00:00] [679ce278c709] Set bandwidth-limit=5mbps on veth7312a2a
[36mdocker-tc     |[0m [2026-01-22T04:09:33+00:00] [679ce278c709] Controlling traffic of the container /fl-rest_client_014_1 on veth7312a2a
[33mserver_1      |[0m INFO:__main__:Test dataset loaded.
[33mserver_1      |[0m INFO:__main__:Initial model for round 0 created.
[33mserver_1      |[0m Files already downloaded and verified
[33mserver_1      |[0m  * Serving Flask app 'app'
[33mserver_1      |[0m  * Debug mode: off
[33mserver_1      |[0m INFO:werkzeug:[31m[1mWARNING: This is a development server. Do not use it in a production deployment. Use a production WSGI server instead.[0m
[33mserver_1      |[0m  * Running on all addresses (0.0.0.0)
[33mserver_1      |[0m  * Running on http://127.0.0.1:5000
[33mserver_1      |[0m  * Running on http://172.18.0.2:5000
[33mserver_1      |[0m INFO:werkzeug:[33mPress CTRL+C to quit[0m
[36mdocker-tc     |[0m [2026-01-22T04:09:33+00:00] [d101f3f315f7] Set delay=200ms, loss=1% on vethfd3eedb
[36mdocker-tc     |[0m [2026-01-22T04:09:33+00:00] [d101f3f315f7] Set bandwidth-limit=5mbps on vethfd3eedb
[36mdocker-tc     |[0m [2026-01-22T04:09:33+00:00] [d101f3f315f7] Controlling traffic of the container /fl-rest_client_016_1 on vethfd3eedb
[34;1mclient_019_1  |[0m 2026-01-22 04:09:33,643 - __main__ - INFO - --- Starting FL Client: client_019 ---
[33mserver_1      |[0m INFO:__main__:Client client_019 registered.
[33mserver_1      |[0m INFO:__main__:--- Starting Round 0. Timeout: 300s ---
[34;1mclient_019_1  |[0m 2026-01-22 04:09:33,648 - __main__ - INFO - ✅ Registered with server successfully.
[35mclient_003_1  |[0m 2026-01-22 04:09:33,744 - __main__ - INFO - --- Starting FL Client: client_003 ---
[33mserver_1      |[0m INFO:__main__:Client client_003 registered.
[35mclient_003_1  |[0m 2026-01-22 04:09:33,748 - __main__ - INFO - ✅ Registered with server successfully.
[35mclient_013_1  |[0m 2026-01-22 04:09:33,811 - __main__ - INFO - --- Starting FL Client: client_013 ---
[33;1mclient_016_1  |[0m 2026-01-22 04:09:33,859 - __main__ - INFO - --- Starting FL Client: client_016 ---
[36mdocker-tc     |[0m [2026-01-22T04:09:33+00:00] [f889cfde9626] Set delay=200ms, loss=1% on vethe17ff32
[36mdocker-tc     |[0m [2026-01-22T04:09:33+00:00] [f889cfde9626] Set bandwidth-limit=5mbps on vethe17ff32
[32mclient_002_1  |[0m 2026-01-22 04:09:33,870 - __main__ - INFO - --- Starting FL Client: client_002 ---
[36;1mclient_015_1  |[0m 2026-01-22 04:09:33,883 - __main__ - INFO - --- Starting FL Client: client_015 ---
[33mserver_1      |[0m INFO:__main__:Client client_015 registered.
[36mdocker-tc     |[0m [2026-01-22T04:09:33+00:00] [f889cfde9626] Controlling traffic of the container /fl-rest_client_019_1 on vethe17ff32
[36;1mclient_015_1  |[0m 2026-01-22 04:09:33,886 - __main__ - INFO - ✅ Registered with server successfully.
[32;1mclient_017_1  |[0m 2026-01-22 04:09:33,905 - __main__ - INFO - --- Starting FL Client: client_017 ---
[33mserver_1      |[0m INFO:__main__:Client client_017 registered.
[32;1mclient_017_1  |[0m 2026-01-22 04:09:33,909 - __main__ - INFO - ✅ Registered with server successfully.
[33mserver_1      |[0m INFO:__main__:Client client_002 registered.
[32mclient_002_1  |[0m 2026-01-22 04:09:33,946 - __main__ - INFO - ✅ Registered with server successfully.
[35;1mclient_018_1  |[0m 2026-01-22 04:09:33,959 - __main__ - INFO - --- Starting FL Client: client_018 ---
[33mserver_1      |[0m INFO:__main__:Client client_018 registered.
[35;1mclient_018_1  |[0m 2026-01-22 04:09:33,964 - __main__ - INFO - ✅ Registered with server successfully.
[33mclient_011_1  |[0m 2026-01-22 04:09:33,985 - __main__ - INFO - --- Starting FL Client: client_011 ---
[33mserver_1      |[0m INFO:__main__:Client client_011 registered.
[33mclient_011_1  |[0m 2026-01-22 04:09:33,990 - __main__ - INFO - ✅ Registered with server successfully.
[33mclient_001_1  |[0m 2026-01-22 04:09:34,099 - __main__ - INFO - --- Starting FL Client: client_001 ---
[33mserver_1      |[0m INFO:__main__:Client client_001 registered.
[33mclient_001_1  |[0m 2026-01-22 04:09:34,103 - __main__ - INFO - ✅ Registered with server successfully.
[34mclient_014_1  |[0m 2026-01-22 04:09:34,115 - __main__ - INFO - --- Starting FL Client: client_014 ---
[36mdocker-tc     |[0m [2026-01-22T04:09:34+00:00] [193b36906632] Set delay=20ms on veth260a049
[36mdocker-tc     |[0m [2026-01-22T04:09:34+00:00] [193b36906632] Set bandwidth-limit=1gbit on veth260a049
[33mserver_1      |[0m INFO:__main__:Client client_013 registered.
[36mdocker-tc     |[0m [2026-01-22T04:09:34+00:00] [193b36906632] Controlling traffic of the container /fl-rest_client_003_1 on veth260a049
[33mserver_1      |[0m INFO:__main__:Client client_016 registered.
[36mclient_020_1  |[0m 2026-01-22 04:09:34,289 - __main__ - INFO - --- Starting FL Client: client_020 ---
[32mclient_012_1  |[0m 2026-01-22 04:09:34,289 - __main__ - INFO - --- Starting FL Client: client_012 ---
[34;1mclient_009_1  |[0m 2026-01-22 04:09:34,290 - __main__ - INFO - --- Starting FL Client: client_009 ---
[33mserver_1      |[0m INFO:__main__:Client client_020 registered.
[33mserver_1      |[0m INFO:__main__:Client client_012 registered.
[33mserver_1      |[0m INFO:__main__:Client client_009 registered.
[36mclient_020_1  |[0m 2026-01-22 04:09:34,295 - __main__ - INFO - ✅ Registered with server successfully.
[32mclient_012_1  |[0m 2026-01-22 04:09:34,295 - __main__ - INFO - ✅ Registered with server successfully.
[34;1mclient_009_1  |[0m 2026-01-22 04:09:34,296 - __main__ - INFO - ✅ Registered with server successfully.
[33mserver_1      |[0m INFO:__main__:Client client_014 registered.
[32;1mclient_007_1  |[0m 2026-01-22 04:09:34,346 - __main__ - INFO - --- Starting FL Client: client_007 ---
[33mserver_1      |[0m INFO:__main__:Client client_007 registered.
[32;1mclient_007_1  |[0m 2026-01-22 04:09:34,352 - __main__ - INFO - ✅ Registered with server successfully.
[33;1mclient_006_1  |[0m 2026-01-22 04:09:34,398 - __main__ - INFO - --- Starting FL Client: client_006 ---
[33mserver_1      |[0m INFO:__main__:Client client_006 registered.
[33;1mclient_006_1  |[0m 2026-01-22 04:09:34,404 - __main__ - INFO - ✅ Registered with server successfully.
[34mclient_004_1  |[0m 2026-01-22 04:09:34,411 - __main__ - INFO - --- Starting FL Client: client_004 ---
[33mserver_1      |[0m INFO:__main__:Client client_004 registered.
[34mclient_004_1  |[0m 2026-01-22 04:09:34,418 - __main__ - INFO - ✅ Registered with server successfully.
[35mclient_013_1  |[0m 2026-01-22 04:09:34,427 - __main__ - INFO - ✅ Registered with server successfully.
[36;1mclient_005_1  |[0m 2026-01-22 04:09:34,437 - __main__ - INFO - --- Starting FL Client: client_005 ---
[34;1mclient_019_1  |[0m 2026-01-22 04:09:34,439 - __main__ - INFO - --- New Round Detected: 0 ---
[33mserver_1      |[0m INFO:__main__:Client client_005 registered.
[36;1mclient_005_1  |[0m 2026-01-22 04:09:34,444 - __main__ - INFO - ✅ Registered with server successfully.
[33;1mclient_016_1  |[0m 2026-01-22 04:09:34,473 - __main__ - INFO - ✅ Registered with server successfully.
[36mclient_010_1  |[0m 2026-01-22 04:09:34,487 - __main__ - INFO - --- Starting FL Client: client_010 ---
[33mserver_1      |[0m INFO:__main__:Client client_010 registered.
[36mclient_010_1  |[0m 2026-01-22 04:09:34,493 - __main__ - INFO - ✅ Registered with server successfully.
[36mdocker-tc     |[0m [2026-01-22T04:09:34+00:00] [d17cd29c65a5] Set delay=20ms on veth684d550
[36mdocker-tc     |[0m [2026-01-22T04:09:34+00:00] [d17cd29c65a5] Set bandwidth-limit=1gbit on veth684d550
[36mdocker-tc     |[0m [2026-01-22T04:09:34+00:00] [d17cd29c65a5] Controlling traffic of the container /fl-rest_client_001_1 on veth684d550
[34mclient_014_1  |[0m 2026-01-22 04:09:34,555 - __main__ - INFO - ✅ Registered with server successfully.
[32mclient_002_1  |[0m 2026-01-22 04:09:34,561 - __main__ - INFO - --- New Round Detected: 0 ---
[35mclient_003_1  |[0m 2026-01-22 04:09:34,562 - __main__ - INFO - --- New Round Detected: 0 ---
[33mclient_011_1  |[0m 2026-01-22 04:09:34,570 - __main__ - INFO - --- New Round Detected: 0 ---
[33mserver_1      |[0m INFO:werkzeug:172.18.0.11 - - [22/Jan/2026 04:09:34] "GET /download_model?round=0 HTTP/1.1" 200 -
[35;1mclient_018_1  |[0m 2026-01-22 04:09:34,578 - __main__ - INFO - --- New Round Detected: 0 ---
[33mserver_1      |[0m INFO:werkzeug:172.18.0.3 - - [22/Jan/2026 04:09:34] "GET /download_model?round=0 HTTP/1.1" 200 -
[33mserver_1      |[0m INFO:werkzeug:172.18.0.12 - - [22/Jan/2026 04:09:34] "GET /download_model?round=0 HTTP/1.1" 200 -
[33mserver_1      |[0m INFO:werkzeug:172.18.0.8 - - [22/Jan/2026 04:09:34] "GET /download_model?round=0 HTTP/1.1" 200 -
[32;1mclient_017_1  |[0m 2026-01-22 04:09:34,597 - __main__ - INFO - --- New Round Detected: 0 ---
[33mserver_1      |[0m INFO:werkzeug:172.18.0.14 - - [22/Jan/2026 04:09:34] "GET /download_model?round=0 HTTP/1.1" 200 -
[35;1mclient_008_1  |[0m 2026-01-22 04:09:34,611 - __main__ - INFO - --- Starting FL Client: client_008 ---
[33mserver_1      |[0m INFO:__main__:Client client_008 registered.
[35;1mclient_008_1  |[0m 2026-01-22 04:09:34,621 - __main__ - INFO - ✅ Registered with server successfully.
[33mserver_1      |[0m INFO:werkzeug:172.18.0.7 - - [22/Jan/2026 04:09:34] "GET /download_model?round=0 HTTP/1.1" 200 -
[36;1mclient_015_1  |[0m 2026-01-22 04:09:34,774 - __main__ - INFO - --- New Round Detected: 0 ---
[33mserver_1      |[0m INFO:werkzeug:172.18.0.13 - - [22/Jan/2026 04:09:34] "GET /download_model?round=0 HTTP/1.1" 200 -
[33mclient_001_1  |[0m 2026-01-22 04:09:34,916 - __main__ - INFO - --- New Round Detected: 0 ---
[33mserver_1      |[0m INFO:werkzeug:172.18.0.9 - - [22/Jan/2026 04:09:34] "GET /download_model?round=0 HTTP/1.1" 200 -
[32;1mclient_007_1  |[0m 2026-01-22 04:09:35,037 - __main__ - INFO - --- New Round Detected: 0 ---
[33mserver_1      |[0m INFO:werkzeug:172.18.0.20 - - [22/Jan/2026 04:09:35] "GET /download_model?round=0 HTTP/1.1" 200 -
[34mclient_004_1  |[0m 2026-01-22 04:09:35,058 - __main__ - INFO - --- New Round Detected: 0 ---
[36mclient_020_1  |[0m 2026-01-22 04:09:35,059 - __main__ - INFO - --- New Round Detected: 0 ---
[33mserver_1      |[0m INFO:werkzeug:172.18.0.18 - - [22/Jan/2026 04:09:35] "GET /download_model?round=0 HTTP/1.1" 200 -
[33mserver_1      |[0m INFO:werkzeug:172.18.0.17 - - [22/Jan/2026 04:09:35] "GET /download_model?round=0 HTTP/1.1" 200 -
[33;1mclient_006_1  |[0m 2026-01-22 04:09:35,092 - __main__ - INFO - --- New Round Detected: 0 ---
[33mserver_1      |[0m INFO:werkzeug:172.18.0.19 - - [22/Jan/2026 04:09:35] "GET /download_model?round=0 HTTP/1.1" 200 -
[32mclient_012_1  |[0m 2026-01-22 04:09:35,133 - __main__ - INFO - --- New Round Detected: 0 ---
[33mserver_1      |[0m INFO:werkzeug:172.18.0.10 - - [22/Jan/2026 04:09:35] "GET /download_model?round=0 HTTP/1.1" 200 -
[36mclient_010_1  |[0m 2026-01-22 04:09:35,160 - __main__ - INFO - --- New Round Detected: 0 ---
[33mserver_1      |[0m INFO:werkzeug:172.18.0.21 - - [22/Jan/2026 04:09:35] "GET /download_model?round=0 HTTP/1.1" 200 -
[36;1mclient_005_1  |[0m 2026-01-22 04:09:35,203 - __main__ - INFO - --- New Round Detected: 0 ---
[33mserver_1      |[0m INFO:werkzeug:172.18.0.16 - - [22/Jan/2026 04:09:35] "GET /download_model?round=0 HTTP/1.1" 200 -
[36mdocker-tc     |[0m [2026-01-22T04:09:35+00:00] [5b74e9b674c2] Set delay=200ms, loss=1% on veth2255b00
[36mdocker-tc     |[0m [2026-01-22T04:09:35+00:00] [5b74e9b674c2] Set bandwidth-limit=5mbps on veth2255b00
[34;1mclient_009_1  |[0m 2026-01-22 04:09:35,258 - __main__ - INFO - --- New Round Detected: 0 ---
[33mserver_1      |[0m INFO:werkzeug:172.18.0.15 - - [22/Jan/2026 04:09:35] "GET /download_model?round=0 HTTP/1.1" 200 -
[36mdocker-tc     |[0m [2026-01-22T04:09:35+00:00] [5b74e9b674c2] Controlling traffic of the container /fl-rest_client_012_1 on veth2255b00
[35;1mclient_008_1  |[0m 2026-01-22 04:09:35,330 - __main__ - INFO - --- New Round Detected: 0 ---
[33mserver_1      |[0m INFO:werkzeug:172.18.0.22 - - [22/Jan/2026 04:09:35] "GET /download_model?round=0 HTTP/1.1" 200 -
[35mclient_013_1  |[0m 2026-01-22 04:09:35,606 - __main__ - INFO - --- New Round Detected: 0 ---
[36mdocker-tc     |[0m [2026-01-22T04:09:35+00:00] [689ef2266cab] Set delay=200ms, loss=1% on veth36e76d2
[36mdocker-tc     |[0m [2026-01-22T04:09:35+00:00] [689ef2266cab] Set bandwidth-limit=5mbps on veth36e76d2
[36mdocker-tc     |[0m [2026-01-22T04:09:35+00:00] [689ef2266cab] Controlling traffic of the container /fl-rest_client_011_1 on veth36e76d2
[34mclient_014_1  |[0m 2026-01-22 04:09:35,661 - __main__ - INFO - --- New Round Detected: 0 ---
[33;1mclient_016_1  |[0m 2026-01-22 04:09:35,663 - __main__ - INFO - --- New Round Detected: 0 ---
[33mserver_1      |[0m INFO:werkzeug:172.18.0.4 - - [22/Jan/2026 04:09:35] "GET /download_model?round=0 HTTP/1.1" 200 -
[33mserver_1      |[0m INFO:werkzeug:172.18.0.5 - - [22/Jan/2026 04:09:35] "GET /download_model?round=0 HTTP/1.1" 200 -
[33mserver_1      |[0m INFO:werkzeug:172.18.0.6 - - [22/Jan/2026 04:09:35] "GET /download_model?round=0 HTTP/1.1" 200 -
[36mdocker-tc     |[0m [2026-01-22T04:09:36+00:00] [da75d05ae61d] Set delay=200ms, loss=1% on vethb757493
[36mdocker-tc     |[0m [2026-01-22T04:09:36+00:00] [da75d05ae61d] Set bandwidth-limit=5mbps on vethb757493
[36mdocker-tc     |[0m [2026-01-22T04:09:36+00:00] [da75d05ae61d] Controlling traffic of the container /fl-rest_client_018_1 on vethb757493
[36mdocker-tc     |[0m [2026-01-22T04:09:36+00:00] [908a6f4b4cf7] Set delay=200ms, loss=1% on vethe50b320
[36mdocker-tc     |[0m [2026-01-22T04:09:36+00:00] [908a6f4b4cf7] Set bandwidth-limit=5mbps on vethe50b320
[36mdocker-tc     |[0m [2026-01-22T04:09:36+00:00] [908a6f4b4cf7] Controlling traffic of the container /fl-rest_client_015_1 on vethe50b320
[33;1mclient_006_1  |[0m 2026-01-22 04:09:37,232 - __main__ - INFO - Round 0 finished. Loss: 2.3452, Acc: 7.14%
[33mserver_1      |[0m INFO:__main__:Received update from client_006
[33mserver_1      |[0m INFO:werkzeug:172.18.0.19 - - [22/Jan/2026 04:09:37] "POST /submit_update HTTP/1.1" 200 -
[33;1mclient_006_1  |[0m 2026-01-22 04:09:37,239 - __main__ - INFO - 🚀 Model update submitted successfully.
[33;1mclient_006_1  |[0m 2026-01-22 04:09:37,239 - __main__ - INFO - Update submitted for Round 0. Waiting...
[36mdocker-tc     |[0m [2026-01-22T04:09:37+00:00] [cbfa4e45a9ec] Set delay=200ms, loss=1% on veth06079ba
[36mdocker-tc     |[0m [2026-01-22T04:09:37+00:00] [cbfa4e45a9ec] Set bandwidth-limit=5mbps on veth06079ba
[36mdocker-tc     |[0m [2026-01-22T04:09:37+00:00] [cbfa4e45a9ec] Controlling traffic of the container /fl-rest_client_017_1 on veth06079ba
[32mclient_002_1  |[0m 2026-01-22 04:09:37,691 - __main__ - INFO - Round 0 finished. Loss: 0.5340, Acc: 83.30%
[36mclient_010_1  |[0m 2026-01-22 04:09:37,738 - __main__ - INFO - Round 0 finished. Loss: 0.2307, Acc: 97.91%
[33mserver_1      |[0m INFO:__main__:Received update from client_010
[33mserver_1      |[0m INFO:werkzeug:172.18.0.21 - - [22/Jan/2026 04:09:37] "POST /submit_update HTTP/1.1" 200 -
[36mclient_010_1  |[0m 2026-01-22 04:09:37,743 - __main__ - INFO - 🚀 Model update submitted successfully.
[36mclient_010_1  |[0m 2026-01-22 04:09:37,743 - __main__ - INFO - Update submitted for Round 0. Waiting...
[32;1mclient_007_1  |[0m 2026-01-22 04:09:37,792 - __main__ - INFO - Round 0 finished. Loss: 1.3029, Acc: 58.06%
[33mserver_1      |[0m INFO:__main__:Received update from client_007
[33mserver_1      |[0m INFO:werkzeug:172.18.0.20 - - [22/Jan/2026 04:09:37] "POST /submit_update HTTP/1.1" 200 -
[32;1mclient_007_1  |[0m 2026-01-22 04:09:37,798 - __main__ - INFO - 🚀 Model update submitted successfully.
[32;1mclient_007_1  |[0m 2026-01-22 04:09:37,798 - __main__ - INFO - Update submitted for Round 0. Waiting...
[33mserver_1      |[0m INFO:__main__:Received update from client_002
[33mserver_1      |[0m INFO:werkzeug:172.18.0.3 - - [22/Jan/2026 04:09:37] "POST /submit_update HTTP/1.1" 200 -
[32mclient_002_1  |[0m 2026-01-22 04:09:37,831 - __main__ - INFO - 🚀 Model update submitted successfully.
[32mclient_002_1  |[0m 2026-01-22 04:09:37,831 - __main__ - INFO - Update submitted for Round 0. Waiting...
[33mclient_001_1  |[0m 2026-01-22 04:09:37,958 - __main__ - INFO - Round 0 finished. Loss: 0.2446, Acc: 96.12%
[33mserver_1      |[0m INFO:__main__:Received update from client_001
[33mserver_1      |[0m INFO:__main__:--- Aggregating 5 updates ---
[33mserver_1      |[0m INFO:__main__:⚡ Using Custom Aggregator with Drift Metric...
[33mserver_1      |[0m INFO:server.aggregator:Starting FedAvg aggregation for 5 clients.
[36mdocker-tc     |[0m [2026-01-22T04:09:38+00:00] [1eeca9688d52] Set delay=20ms on veth2c2e492
[36mdocker-tc     |[0m [2026-01-22T04:09:38+00:00] [1eeca9688d52] Set bandwidth-limit=1gbit on veth2c2e492
[36mdocker-tc     |[0m [2026-01-22T04:09:38+00:00] [1eeca9688d52] Controlling traffic of the container /fl-rest_client_009_1 on veth2c2e492
[35;1mclient_008_1  |[0m 2026-01-22 04:09:38,744 - __main__ - INFO - Round 0 finished. Loss: 0.1164, Acc: 97.93%
[35;1mclient_008_1  |[0m 2026-01-22 04:09:38,748 - __main__ - ERROR - Update submission failed: {"error":"Not accepting updates"}
[35;1mclient_008_1  |[0m 
[35;1mclient_008_1  |[0m 2026-01-22 04:09:38,749 - __main__ - INFO - Update submitted for Round 0. Waiting...
[33mserver_1      |[0m INFO:werkzeug:172.18.0.22 - - [22/Jan/2026 04:09:38] "[31m[1mPOST /submit_update HTTP/1.1[0m" 400 -
[36mdocker-tc     |[0m [2026-01-22T04:09:38+00:00] [a49b11393d95] Set delay=20ms on veth5d9904c
[36mdocker-tc     |[0m [2026-01-22T04:09:38+00:00] [a49b11393d95] Set bandwidth-limit=1gbit on veth5d9904c
[36mdocker-tc     |[0m [2026-01-22T04:09:38+00:00] [a49b11393d95] Controlling traffic of the container /fl-rest_client_005_1 on veth5d9904c
[36;1mclient_005_1  |[0m 2026-01-22 04:09:39,216 - __main__ - INFO - Round 0 finished. Loss: 0.4074, Acc: 89.06%
[33mserver_1      |[0m INFO:werkzeug:172.18.0.16 - - [22/Jan/2026 04:09:39] "[31m[1mPOST /submit_update HTTP/1.1[0m" 400 -
[36;1mclient_005_1  |[0m 2026-01-22 04:09:39,283 - __main__ - ERROR - Update submission failed: {"error":"Not accepting updates"}
[36;1mclient_005_1  |[0m 
[36;1mclient_005_1  |[0m 2026-01-22 04:09:39,284 - __main__ - INFO - Update submitted for Round 0. Waiting...
[36mdocker-tc     |[0m [2026-01-22T04:09:39+00:00] [2f73d95ab7dd] Set delay=200ms, loss=1% on veth56addb2
[36mdocker-tc     |[0m [2026-01-22T04:09:39+00:00] [2f73d95ab7dd] Set bandwidth-limit=5mbps on veth56addb2
[36mdocker-tc     |[0m [2026-01-22T04:09:39+00:00] [2f73d95ab7dd] Controlling traffic of the container /fl-rest_client_020_1 on veth56addb2
[34;1mclient_009_1  |[0m 2026-01-22 04:09:39,649 - __main__ - INFO - Round 0 finished. Loss: 1.1337, Acc: 58.60%
[33mserver_1      |[0m INFO:werkzeug:172.18.0.15 - - [22/Jan/2026 04:09:39] "[31m[1mPOST /submit_update HTTP/1.1[0m" 400 -
[34;1mclient_009_1  |[0m 2026-01-22 04:09:39,712 - __main__ - ERROR - Update submission failed: {"error":"Not accepting updates"}
[34;1mclient_009_1  |[0m 
[34;1mclient_009_1  |[0m 2026-01-22 04:09:39,712 - __main__ - INFO - Update submitted for Round 0. Waiting...
[33mserver_1      |[0m INFO:server.aggregator:--- [METRIC] Weight Divergence: 1.3349
[33mserver_1      |[0m INFO:server.aggregator:FedAvg aggregation complete.
[33mserver_1      |[0m INFO:__main__:Aggregation complete.
[36mdocker-tc     |[0m [2026-01-22T04:09:40+00:00] [88fb3cfc3d23] Set delay=20ms on veth680d40c
[36mdocker-tc     |[0m [2026-01-22T04:09:40+00:00] [88fb3cfc3d23] Set bandwidth-limit=1gbit on veth680d40c
[36mdocker-tc     |[0m [2026-01-22T04:09:40+00:00] [88fb3cfc3d23] Controlling traffic of the container /fl-rest_client_004_1 on veth680d40c
[33mserver_1      |[0m DEBUG: ⚠️ MY CUSTOM AGGREGATOR IS RUNNING ⚠️
[36mdocker-tc     |[0m [2026-01-22T04:09:40+00:00] [7c583d8399bb] Set delay=20ms on vethe4c51fe
[36mdocker-tc     |[0m [2026-01-22T04:09:40+00:00] [7c583d8399bb] Set bandwidth-limit=1gbit on vethe4c51fe
[36mdocker-tc     |[0m [2026-01-22T04:09:40+00:00] [7c583d8399bb] Controlling traffic of the container /fl-rest_client_006_1 on vethe4c51fe
[36mdocker-tc     |[0m [2026-01-22T04:09:41+00:00] [0535878dc75a] Set delay=20ms on veth9effaab
[36mdocker-tc     |[0m [2026-01-22T04:09:41+00:00] [0535878dc75a] Set bandwidth-limit=1gbit on veth9effaab
[36mdocker-tc     |[0m [2026-01-22T04:09:41+00:00] [0535878dc75a] Controlling traffic of the container /fl-rest_client_007_1 on veth9effaab
[36mdocker-tc     |[0m [2026-01-22T04:09:41+00:00] [fccf6135b72d] Set delay=20ms on vethfeb230b
[36mdocker-tc     |[0m [2026-01-22T04:09:41+00:00] [fccf6135b72d] Set bandwidth-limit=1gbit on vethfeb230b
[36mdocker-tc     |[0m [2026-01-22T04:09:41+00:00] [fccf6135b72d] Controlling traffic of the container /fl-rest_client_010_1 on vethfeb230b
[33mserver_1      |[0m INFO:__main__:--- Round 0 Acc: 10.00%, Loss: 3.6443 ---
[33mserver_1      |[0m INFO:__main__:--- Starting Round 1. Timeout: 300s ---
[33mserver_1      |[0m INFO:werkzeug:172.18.0.9 - - [22/Jan/2026 04:09:41] "POST /submit_update HTTP/1.1" 200 -
[33mclient_001_1  |[0m 2026-01-22 04:09:41,734 - __main__ - INFO - 🚀 Model update submitted successfully.
[33mclient_001_1  |[0m 2026-01-22 04:09:41,734 - __main__ - INFO - Update submitted for Round 0. Waiting...
[36mdocker-tc     |[0m [2026-01-22T04:09:41+00:00] [ada9f3e0a214] Set delay=20ms on veth96eddf4
[36mdocker-tc     |[0m [2026-01-22T04:09:41+00:00] [ada9f3e0a214] Set bandwidth-limit=1gbit on veth96eddf4
[36mdocker-tc     |[0m [2026-01-22T04:09:41+00:00] [ada9f3e0a214] Controlling traffic of the container /fl-rest_client_008_1 on veth96eddf4
[34mclient_004_1  |[0m 2026-01-22 04:09:43,581 - __main__ - INFO - Round 0 finished. Loss: 0.9580, Acc: 63.66%
[33mserver_1      |[0m INFO:__main__:Received update from client_004
[33mserver_1      |[0m INFO:werkzeug:172.18.0.18 - - [22/Jan/2026 04:09:43] "POST /submit_update HTTP/1.1" 200 -
[34mclient_004_1  |[0m 2026-01-22 04:09:43,717 - __main__ - INFO - 🚀 Model update submitted successfully.
[34mclient_004_1  |[0m 2026-01-22 04:09:43,717 - __main__ - INFO - Update submitted for Round 0. Waiting...
[33;1mclient_006_1  |[0m 2026-01-22 04:09:47,306 - __main__ - INFO - --- New Round Detected: 1 ---
[33mserver_1      |[0m INFO:werkzeug:172.18.0.19 - - [22/Jan/2026 04:09:47] "GET /download_model?round=1 HTTP/1.1" 200 -
[33;1mclient_006_1  |[0m 2026-01-22 04:09:47,466 - __main__ - INFO - Round 1 finished. Loss: 3.9191, Acc: 0.00%
[33mserver_1      |[0m INFO:__main__:Received update from client_006
[33mserver_1      |[0m INFO:werkzeug:172.18.0.19 - - [22/Jan/2026 04:09:47] "POST /submit_update HTTP/1.1" 200 -
[33;1mclient_006_1  |[0m 2026-01-22 04:09:47,599 - __main__ - INFO - 🚀 Model update submitted successfully.
[33;1mclient_006_1  |[0m 2026-01-22 04:09:47,599 - __main__ - INFO - Update submitted for Round 1. Waiting...
[36mclient_010_1  |[0m 2026-01-22 04:09:47,804 - __main__ - INFO - --- New Round Detected: 1 ---
[33mserver_1      |[0m INFO:werkzeug:172.18.0.21 - - [22/Jan/2026 04:09:47] "GET /download_model?round=1 HTTP/1.1" 200 -
[32;1mclient_007_1  |[0m 2026-01-22 04:09:47,863 - __main__ - INFO - --- New Round Detected: 1 ---
[33mserver_1      |[0m INFO:werkzeug:172.18.0.20 - - [22/Jan/2026 04:09:47] "GET /download_model?round=1 HTTP/1.1" 200 -
[32mclient_002_1  |[0m 2026-01-22 04:09:47,895 - __main__ - INFO - --- New Round Detected: 1 ---
[35mclient_003_1  |[0m 2026-01-22 04:09:47,896 - __main__ - INFO - Round 0 finished. Loss: 0.9709, Acc: 69.24%
[33mserver_1      |[0m INFO:werkzeug:172.18.0.3 - - [22/Jan/2026 04:09:47] "GET /download_model?round=1 HTTP/1.1" 200 -
[33mserver_1      |[0m INFO:__main__:Received update from client_003
[33mserver_1      |[0m INFO:werkzeug:172.18.0.8 - - [22/Jan/2026 04:09:48] "POST /submit_update HTTP/1.1" 200 -
[35mclient_003_1  |[0m 2026-01-22 04:09:48,031 - __main__ - INFO - 🚀 Model update submitted successfully.
[35mclient_003_1  |[0m 2026-01-22 04:09:48,031 - __main__ - INFO - Update submitted for Round 0. Waiting...
[32;1mclient_007_1  |[0m 2026-01-22 04:09:48,384 - __main__ - INFO - Round 1 finished. Loss: 1.5266, Acc: 58.06%
[36mclient_010_1  |[0m 2026-01-22 04:09:48,438 - __main__ - INFO - Round 1 finished. Loss: 0.1888, Acc: 97.91%
[33mserver_1      |[0m INFO:__main__:Received update from client_007
[33mserver_1      |[0m INFO:werkzeug:172.18.0.20 - - [22/Jan/2026 04:09:48] "POST /submit_update HTTP/1.1" 200 -
[32;1mclient_007_1  |[0m 2026-01-22 04:09:48,541 - __main__ - INFO - 🚀 Model update submitted successfully.
[32;1mclient_007_1  |[0m 2026-01-22 04:09:48,541 - __main__ - INFO - Update submitted for Round 1. Waiting...
[33mserver_1      |[0m INFO:__main__:Received update from client_010
[33mserver_1      |[0m INFO:__main__:--- Aggregating 5 updates ---
[33mserver_1      |[0m INFO:__main__:⚡ Using Custom Aggregator with Drift Metric...
[33mserver_1      |[0m INFO:server.aggregator:Starting FedAvg aggregation for 5 clients.
[35;1mclient_008_1  |[0m 2026-01-22 04:09:48,891 - __main__ - INFO - --- New Round Detected: 1 ---
[33mserver_1      |[0m INFO:werkzeug:172.18.0.22 - - [22/Jan/2026 04:09:48] "GET /download_model?round=1 HTTP/1.1" 200 -
[36;1mclient_005_1  |[0m 2026-01-22 04:09:49,443 - __main__ - INFO - --- New Round Detected: 1 ---
[33mserver_1      |[0m INFO:werkzeug:172.18.0.16 - - [22/Jan/2026 04:09:49] "GET /download_model?round=1 HTTP/1.1" 200 -
[32mclient_002_1  |[0m 2026-01-22 04:09:49,610 - __main__ - INFO - Round 1 finished. Loss: 0.4685, Acc: 88.93%
[33mserver_1      |[0m INFO:werkzeug:172.18.0.3 - - [22/Jan/2026 04:09:49] "[31m[1mPOST /submit_update HTTP/1.1[0m" 400 -
[32mclient_002_1  |[0m 2026-01-22 04:09:49,740 - __main__ - ERROR - Update submission failed: {"error":"Not accepting updates"}
[32mclient_002_1  |[0m 
[32mclient_002_1  |[0m 2026-01-22 04:09:49,740 - __main__ - INFO - Update submitted for Round 1. Waiting...
[34;1mclient_009_1  |[0m 2026-01-22 04:09:49,780 - __main__ - INFO - --- New Round Detected: 1 ---
[33mserver_1      |[0m INFO:werkzeug:172.18.0.15 - - [22/Jan/2026 04:09:49] "GET /download_model?round=1 HTTP/1.1" 200 -
[35;1mclient_008_1  |[0m 2026-01-22 04:09:50,238 - __main__ - INFO - Round 1 finished. Loss: 1.1037, Acc: 97.93%
[33mserver_1      |[0m INFO:werkzeug:172.18.0.22 - - [22/Jan/2026 04:09:50] "[31m[1mPOST /submit_update HTTP/1.1[0m" 400 -
[35;1mclient_008_1  |[0m 2026-01-22 04:09:50,429 - __main__ - ERROR - Update submission failed: {"error":"Not accepting updates"}
[35;1mclient_008_1  |[0m 
[35;1mclient_008_1  |[0m 2026-01-22 04:09:50,430 - __main__ - INFO - Update submitted for Round 1. Waiting...
[33mserver_1      |[0m INFO:server.aggregator:--- [METRIC] Weight Divergence: 3.2985
[33mserver_1      |[0m INFO:server.aggregator:FedAvg aggregation complete.
[33mserver_1      |[0m INFO:__main__:Aggregation complete.
[33mserver_1      |[0m DEBUG: ⚠️ MY CUSTOM AGGREGATOR IS RUNNING ⚠️
[33mserver_1      |[0m INFO:__main__:--- Round 1 Acc: 15.99%, Loss: 2.3394 ---
[33mserver_1      |[0m INFO:__main__:--- Starting Round 2. Timeout: 300s ---
[33mserver_1      |[0m INFO:werkzeug:172.18.0.21 - - [22/Jan/2026 04:09:51] "POST /submit_update HTTP/1.1" 200 -
[36;1mclient_005_1  |[0m 2026-01-22 04:09:51,618 - __main__ - INFO - Round 1 finished. Loss: 1.3060, Acc: 89.06%
[36mclient_010_1  |[0m 2026-01-22 04:09:51,646 - __main__ - INFO - 🚀 Model update submitted successfully.
[36mclient_010_1  |[0m 2026-01-22 04:09:51,646 - __main__ - INFO - Update submitted for Round 1. Waiting...
[33mserver_1      |[0m INFO:__main__:Received update from client_005
[33mserver_1      |[0m INFO:werkzeug:172.18.0.16 - - [22/Jan/2026 04:09:51] "POST /submit_update HTTP/1.1" 200 -
[36;1mclient_005_1  |[0m 2026-01-22 04:09:51,755 - __main__ - INFO - 🚀 Model update submitted successfully.
[36;1mclient_005_1  |[0m 2026-01-22 04:09:51,756 - __main__ - INFO - Update submitted for Round 1. Waiting...
[33mclient_001_1  |[0m 2026-01-22 04:09:51,796 - __main__ - INFO - --- New Round Detected: 2 ---
[33mserver_1      |[0m INFO:werkzeug:172.18.0.9 - - [22/Jan/2026 04:09:51] "GET /download_model?round=2 HTTP/1.1" 200 -
[34;1mclient_009_1  |[0m 2026-01-22 04:09:52,261 - __main__ - INFO - Round 1 finished. Loss: 1.4719, Acc: 60.44%
[33mclient_001_1  |[0m 2026-01-22 04:09:52,325 - __main__ - INFO - Round 2 finished. Loss: 0.4168, Acc: 95.79%
[33mserver_1      |[0m INFO:__main__:Received update from client_009
[33mserver_1      |[0m INFO:werkzeug:172.18.0.15 - - [22/Jan/2026 04:09:52] "POST /submit_update HTTP/1.1" 200 -
[34;1mclient_009_1  |[0m 2026-01-22 04:09:52,394 - __main__ - INFO - 🚀 Model update submitted successfully.
[34;1mclient_009_1  |[0m 2026-01-22 04:09:52,395 - __main__ - INFO - Update submitted for Round 1. Waiting...
[33mserver_1      |[0m INFO:__main__:Received update from client_001
[33mserver_1      |[0m INFO:werkzeug:172.18.0.9 - - [22/Jan/2026 04:09:52] "POST /submit_update HTTP/1.1" 200 -
[33mclient_001_1  |[0m 2026-01-22 04:09:52,482 - __main__ - INFO - 🚀 Model update submitted successfully.
[33mclient_001_1  |[0m 2026-01-22 04:09:52,482 - __main__ - INFO - Update submitted for Round 2. Waiting...
[34mclient_004_1  |[0m 2026-01-22 04:09:53,787 - __main__ - INFO - --- New Round Detected: 2 ---
[33mserver_1      |[0m INFO:werkzeug:172.18.0.18 - - [22/Jan/2026 04:09:53] "GET /download_model?round=2 HTTP/1.1" 200 -
[33;1mclient_006_1  |[0m 2026-01-22 04:09:57,667 - __main__ - INFO - --- New Round Detected: 2 ---
[33mserver_1      |[0m INFO:werkzeug:172.18.0.19 - - [22/Jan/2026 04:09:57] "GET /download_model?round=2 HTTP/1.1" 200 -
[33;1mclient_006_1  |[0m 2026-01-22 04:09:57,834 - __main__ - INFO - Round 2 finished. Loss: 1.5995, Acc: 42.86%
[33mserver_1      |[0m INFO:__main__:Received update from client_006
[33mserver_1      |[0m INFO:werkzeug:172.18.0.19 - - [22/Jan/2026 04:09:57] "POST /submit_update HTTP/1.1" 200 -
[33;1mclient_006_1  |[0m 2026-01-22 04:09:57,974 - __main__ - INFO - 🚀 Model update submitted successfully.
[33;1mclient_006_1  |[0m 2026-01-22 04:09:57,974 - __main__ - INFO - Update submitted for Round 2. Waiting...
[35mclient_003_1  |[0m 2026-01-22 04:09:58,106 - __main__ - INFO - --- New Round Detected: 2 ---
[33mserver_1      |[0m INFO:werkzeug:172.18.0.8 - - [22/Jan/2026 04:09:58] "GET /download_model?round=2 HTTP/1.1" 200 -
[32;1mclient_007_1  |[0m 2026-01-22 04:09:58,605 - __main__ - INFO - --- New Round Detected: 2 ---
[34mclient_004_1  |[0m 2026-01-22 04:09:58,609 - __main__ - INFO - Round 2 finished. Loss: 0.9163, Acc: 68.88%
[33mserver_1      |[0m INFO:werkzeug:172.18.0.20 - - [22/Jan/2026 04:09:58] "GET /download_model?round=2 HTTP/1.1" 200 -
[33mserver_1      |[0m INFO:__main__:Received update from client_004
[33mserver_1      |[0m INFO:__main__:--- Aggregating 5 updates ---
[33mserver_1      |[0m INFO:__main__:⚡ Using Custom Aggregator with Drift Metric...
[33mserver_1      |[0m INFO:server.aggregator:Starting FedAvg aggregation for 5 clients.
[32;1mclient_007_1  |[0m 2026-01-22 04:09:59,093 - __main__ - INFO - Round 2 finished. Loss: 1.2628, Acc: 58.06%
[33mserver_1      |[0m INFO:werkzeug:172.18.0.20 - - [22/Jan/2026 04:09:59] "[31m[1mPOST /submit_update HTTP/1.1[0m" 400 -
[32;1mclient_007_1  |[0m 2026-01-22 04:09:59,180 - __main__ - ERROR - Update submission failed: {"error":"Not accepting updates"}
[32;1mclient_007_1  |[0m 
[32;1mclient_007_1  |[0m 2026-01-22 04:09:59,181 - __main__ - INFO - Update submitted for Round 2. Waiting...
[32mclient_002_1  |[0m 2026-01-22 04:09:59,803 - __main__ - INFO - --- New Round Detected: 2 ---
[33mserver_1      |[0m INFO:werkzeug:172.18.0.3 - - [22/Jan/2026 04:09:59] "GET /download_model?round=2 HTTP/1.1" 200 -
[33mserver_1      |[0m INFO:server.aggregator:--- [METRIC] Weight Divergence: 2.9781
[33mserver_1      |[0m INFO:server.aggregator:FedAvg aggregation complete.
[33mserver_1      |[0m INFO:__main__:Aggregation complete.
[33mserver_1      |[0m DEBUG: ⚠️ MY CUSTOM AGGREGATOR IS RUNNING ⚠️
[35;1mclient_008_1  |[0m 2026-01-22 04:10:00,635 - __main__ - INFO - --- New Round Detected: 2 ---
[33mserver_1      |[0m INFO:werkzeug:172.18.0.22 - - [22/Jan/2026 04:10:00] "GET /download_model?round=2 HTTP/1.1" 200 -
[32mclient_002_1  |[0m 2026-01-22 04:10:01,291 - __main__ - INFO - Round 2 finished. Loss: 0.6419, Acc: 83.10%
[33mserver_1      |[0m INFO:werkzeug:172.18.0.3 - - [22/Jan/2026 04:10:01] "[31m[1mPOST /submit_update HTTP/1.1[0m" 400 -
[32mclient_002_1  |[0m 2026-01-22 04:10:01,367 - __main__ - ERROR - Update submission failed: {"error":"Not accepting updates"}
[32mclient_002_1  |[0m 
[32mclient_002_1  |[0m 2026-01-22 04:10:01,367 - __main__ - INFO - Update submitted for Round 2. Waiting...
[35;1mclient_008_1  |[0m 2026-01-22 04:10:01,411 - __main__ - INFO - Round 2 finished. Loss: 0.9605, Acc: 97.93%
[33mserver_1      |[0m INFO:werkzeug:172.18.0.22 - - [22/Jan/2026 04:10:01] "[31m[1mPOST /submit_update HTTP/1.1[0m" 400 -
[35;1mclient_008_1  |[0m 2026-01-22 04:10:01,474 - __main__ - ERROR - Update submission failed: {"error":"Not accepting updates"}
[35;1mclient_008_1  |[0m 
[35;1mclient_008_1  |[0m 2026-01-22 04:10:01,474 - __main__ - INFO - Update submitted for Round 2. Waiting...
[33mserver_1      |[0m INFO:__main__:--- Round 2 Acc: 10.22%, Loss: 2.3633 ---
[33mserver_1      |[0m INFO:__main__:--- Starting Round 3. Timeout: 300s ---
[33mserver_1      |[0m INFO:werkzeug:172.18.0.18 - - [22/Jan/2026 04:10:01] "POST /submit_update HTTP/1.1" 200 -
[34mclient_004_1  |[0m 2026-01-22 04:10:01,623 - __main__ - INFO - 🚀 Model update submitted successfully.
[34mclient_004_1  |[0m 2026-01-22 04:10:01,623 - __main__ - INFO - Update submitted for Round 2. Waiting...
[36mclient_010_1  |[0m 2026-01-22 04:10:01,707 - __main__ - INFO - --- New Round Detected: 3 ---
[33mserver_1      |[0m INFO:werkzeug:172.18.0.21 - - [22/Jan/2026 04:10:01] "GET /download_model?round=3 HTTP/1.1" 200 -
[36;1mclient_005_1  |[0m 2026-01-22 04:10:01,818 - __main__ - INFO - --- New Round Detected: 3 ---
[33mserver_1      |[0m INFO:werkzeug:172.18.0.16 - - [22/Jan/2026 04:10:01] "GET /download_model?round=3 HTTP/1.1" 200 -
[36mclient_010_1  |[0m 2026-01-22 04:10:02,354 - __main__ - INFO - Round 3 finished. Loss: 0.1186, Acc: 97.91%
[33mserver_1      |[0m INFO:__main__:Received update from client_010
[33mserver_1      |[0m INFO:werkzeug:172.18.0.21 - - [22/Jan/2026 04:10:02] "POST /submit_update HTTP/1.1" 200 -
[34;1mclient_009_1  |[0m 2026-01-22 04:10:02,459 - __main__ - INFO - --- New Round Detected: 3 ---
[33mserver_1      |[0m INFO:werkzeug:172.18.0.15 - - [22/Jan/2026 04:10:02] "GET /download_model?round=3 HTTP/1.1" 200 -
[36mclient_010_1  |[0m 2026-01-22 04:10:02,489 - __main__ - INFO - 🚀 Model update submitted successfully.
[36mclient_010_1  |[0m 2026-01-22 04:10:02,489 - __main__ - INFO - Update submitted for Round 3. Waiting...
[33mclient_001_1  |[0m 2026-01-22 04:10:02,543 - __main__ - INFO - --- New Round Detected: 3 ---
[33mserver_1      |[0m INFO:werkzeug:172.18.0.9 - - [22/Jan/2026 04:10:02] "GET /download_model?round=3 HTTP/1.1" 200 -
[33mclient_001_1  |[0m 2026-01-22 04:10:03,186 - __main__ - INFO - Round 3 finished. Loss: 0.1624, Acc: 96.12%
[33mserver_1      |[0m INFO:__main__:Received update from client_001
[33mserver_1      |[0m INFO:werkzeug:172.18.0.9 - - [22/Jan/2026 04:10:03] "POST /submit_update HTTP/1.1" 200 -
[33mclient_001_1  |[0m 2026-01-22 04:10:03,325 - __main__ - INFO - 🚀 Model update submitted successfully.
[33mclient_001_1  |[0m 2026-01-22 04:10:03,326 - __main__ - INFO - Update submitted for Round 3. Waiting...
[36;1mclient_005_1  |[0m 2026-01-22 04:10:03,776 - __main__ - INFO - Round 3 finished. Loss: 0.2549, Acc: 91.89%
[33mserver_1      |[0m INFO:__main__:Received update from client_005
[33mserver_1      |[0m INFO:werkzeug:172.18.0.16 - - [22/Jan/2026 04:10:03] "POST /submit_update HTTP/1.1" 200 -
[36;1mclient_005_1  |[0m 2026-01-22 04:10:03,910 - __main__ - INFO - 🚀 Model update submitted successfully.
[36;1mclient_005_1  |[0m 2026-01-22 04:10:03,910 - __main__ - INFO - Update submitted for Round 3. Waiting...
[34;1mclient_009_1  |[0m 2026-01-22 04:10:04,830 - __main__ - INFO - Round 3 finished. Loss: 0.9223, Acc: 64.99%
[33mserver_1      |[0m INFO:__main__:Received update from client_009
[33mserver_1      |[0m INFO:werkzeug:172.18.0.15 - - [22/Jan/2026 04:10:04] "POST /submit_update HTTP/1.1" 200 -
[34;1mclient_009_1  |[0m 2026-01-22 04:10:04,964 - __main__ - INFO - 🚀 Model update submitted successfully.
[34;1mclient_009_1  |[0m 2026-01-22 04:10:04,964 - __main__ - INFO - Update submitted for Round 3. Waiting...
[33;1mclient_006_1  |[0m 2026-01-22 04:10:08,049 - __main__ - INFO - --- New Round Detected: 3 ---
[33mserver_1      |[0m INFO:werkzeug:172.18.0.19 - - [22/Jan/2026 04:10:08] "GET /download_model?round=3 HTTP/1.1" 200 -
[33;1mclient_006_1  |[0m 2026-01-22 04:10:08,185 - __main__ - INFO - Round 3 finished. Loss: 2.3969, Acc: 0.00%
[33mserver_1      |[0m INFO:__main__:Received update from client_006
[33mserver_1      |[0m INFO:__main__:--- Aggregating 5 updates ---
[33mserver_1      |[0m INFO:__main__:⚡ Using Custom Aggregator with Drift Metric...
[33mserver_1      |[0m INFO:server.aggregator:Starting FedAvg aggregation for 5 clients.
[32;1mclient_007_1  |[0m 2026-01-22 04:10:09,275 - __main__ - INFO - --- New Round Detected: 3 ---
[33mserver_1      |[0m INFO:werkzeug:172.18.0.20 - - [22/Jan/2026 04:10:09] "GET /download_model?round=3 HTTP/1.1" 200 -
[32;1mclient_007_1  |[0m 2026-01-22 04:10:09,756 - __main__ - INFO - Round 3 finished. Loss: 1.0000, Acc: 54.21%
[33mserver_1      |[0m INFO:werkzeug:172.18.0.20 - - [22/Jan/2026 04:10:09] "[31m[1mPOST /submit_update HTTP/1.1[0m" 400 -
[32;1mclient_007_1  |[0m 2026-01-22 04:10:09,820 - __main__ - ERROR - Update submission failed: {"error":"Not accepting updates"}
[32;1mclient_007_1  |[0m 
[32;1mclient_007_1  |[0m 2026-01-22 04:10:09,820 - __main__ - INFO - Update submitted for Round 3. Waiting...
[33mserver_1      |[0m INFO:server.aggregator:--- [METRIC] Weight Divergence: 1.6474
[33mserver_1      |[0m INFO:server.aggregator:FedAvg aggregation complete.
[33mserver_1      |[0m INFO:__main__:Aggregation complete.
[33mserver_1      |[0m DEBUG: ⚠️ MY CUSTOM AGGREGATOR IS RUNNING ⚠️
[35mclient_003_1  |[0m 2026-01-22 04:10:10,642 - __main__ - INFO - Round 2 finished. Loss: 0.9244, Acc: 74.83%
[33mserver_1      |[0m INFO:werkzeug:172.18.0.8 - - [22/Jan/2026 04:10:10] "[31m[1mPOST /submit_update HTTP/1.1[0m" 400 -
[35mclient_003_1  |[0m 2026-01-22 04:10:10,779 - __main__ - ERROR - Update submission failed: {"error":"Not accepting updates"}
[35mclient_003_1  |[0m 
[35mclient_003_1  |[0m 2026-01-22 04:10:10,779 - __main__ - INFO - Update submitted for Round 2. Waiting...
[33mserver_1      |[0m INFO:__main__:--- Round 3 Acc: 16.08%, Loss: 2.4503 ---
[33mserver_1      |[0m INFO:__main__:--- Starting Round 4. Timeout: 300s ---
[33mserver_1      |[0m INFO:werkzeug:172.18.0.19 - - [22/Jan/2026 04:10:11] "POST /submit_update HTTP/1.1" 200 -
[33;1mclient_006_1  |[0m 2026-01-22 04:10:11,411 - __main__ - INFO - 🚀 Model update submitted successfully.
[33;1mclient_006_1  |[0m 2026-01-22 04:10:11,411 - __main__ - INFO - Update submitted for Round 3. Waiting...
[32mclient_002_1  |[0m 2026-01-22 04:10:11,492 - __main__ - INFO - --- New Round Detected: 4 ---
[33mserver_1      |[0m INFO:werkzeug:172.18.0.3 - - [22/Jan/2026 04:10:11] "GET /download_model?round=4 HTTP/1.1" 200 -
[35;1mclient_008_1  |[0m 2026-01-22 04:10:11,536 - __main__ - INFO - --- New Round Detected: 4 ---
[33mserver_1      |[0m INFO:werkzeug:172.18.0.22 - - [22/Jan/2026 04:10:11] "GET /download_model?round=4 HTTP/1.1" 200 -
[34mclient_004_1  |[0m 2026-01-22 04:10:11,687 - __main__ - INFO - --- New Round Detected: 4 ---
[33mserver_1      |[0m INFO:werkzeug:172.18.0.18 - - [22/Jan/2026 04:10:11] "GET /download_model?round=4 HTTP/1.1" 200 -
[36mclient_010_1  |[0m 2026-01-22 04:10:12,592 - __main__ - INFO - --- New Round Detected: 4 ---
[32mclient_002_1  |[0m 2026-01-22 04:10:12,618 - __main__ - INFO - Round 4 finished. Loss: 0.4935, Acc: 92.09%
[33mserver_1      |[0m INFO:werkzeug:172.18.0.21 - - [22/Jan/2026 04:10:12] "GET /download_model?round=4 HTTP/1.1" 200 -
[33mserver_1      |[0m INFO:__main__:Received update from client_002
[33mserver_1      |[0m INFO:werkzeug:172.18.0.3 - - [22/Jan/2026 04:10:12] "POST /submit_update HTTP/1.1" 200 -
[32mclient_002_1  |[0m 2026-01-22 04:10:12,771 - __main__ - INFO - 🚀 Model update submitted successfully.
[32mclient_002_1  |[0m 2026-01-22 04:10:12,772 - __main__ - INFO - Update submitted for Round 4. Waiting...
[35;1mclient_008_1  |[0m 2026-01-22 04:10:12,919 - __main__ - INFO - Round 4 finished. Loss: 0.7450, Acc: 94.73%
[33mserver_1      |[0m INFO:__main__:Received update from client_008
[33mserver_1      |[0m INFO:werkzeug:172.18.0.22 - - [22/Jan/2026 04:10:13] "POST /submit_update HTTP/1.1" 200 -
[35;1mclient_008_1  |[0m 2026-01-22 04:10:13,054 - __main__ - INFO - 🚀 Model update submitted successfully.
[35;1mclient_008_1  |[0m 2026-01-22 04:10:13,054 - __main__ - INFO - Update submitted for Round 4. Waiting...
[36mclient_010_1  |[0m 2026-01-22 04:10:13,232 - __main__ - INFO - Round 4 finished. Loss: 0.3765, Acc: 97.91%
[33mserver_1      |[0m INFO:__main__:Received update from client_010
[33mserver_1      |[0m INFO:werkzeug:172.18.0.21 - - [22/Jan/2026 04:10:13] "POST /submit_update HTTP/1.1" 200 -
[36mclient_010_1  |[0m 2026-01-22 04:10:13,387 - __main__ - INFO - 🚀 Model update submitted successfully.
[36mclient_010_1  |[0m 2026-01-22 04:10:13,387 - __main__ - INFO - Update submitted for Round 4. Waiting...
[33mclient_001_1  |[0m 2026-01-22 04:10:13,387 - __main__ - INFO - --- New Round Detected: 4 ---
[33mserver_1      |[0m INFO:werkzeug:172.18.0.9 - - [22/Jan/2026 04:10:13] "GET /download_model?round=4 HTTP/1.1" 200 -
[33mclient_001_1  |[0m 2026-01-22 04:10:13,784 - __main__ - INFO - Round 4 finished. Loss: 0.3659, Acc: 97.09%
[33mserver_1      |[0m INFO:__main__:Received update from client_001
[33mserver_1      |[0m INFO:werkzeug:172.18.0.9 - - [22/Jan/2026 04:10:13] "POST /submit_update HTTP/1.1" 200 -
[33mclient_001_1  |[0m 2026-01-22 04:10:13,917 - __main__ - INFO - 🚀 Model update submitted successfully.
[33mclient_001_1  |[0m 2026-01-22 04:10:13,917 - __main__ - INFO - Update submitted for Round 4. Waiting...
[36;1mclient_005_1  |[0m 2026-01-22 04:10:13,976 - __main__ - INFO - --- New Round Detected: 4 ---
[33mserver_1      |[0m INFO:werkzeug:172.18.0.16 - - [22/Jan/2026 04:10:14] "GET /download_model?round=4 HTTP/1.1" 200 -
[34;1mclient_009_1  |[0m 2026-01-22 04:10:15,027 - __main__ - INFO - --- New Round Detected: 4 ---
[33mserver_1      |[0m INFO:werkzeug:172.18.0.15 - - [22/Jan/2026 04:10:15] "GET /download_model?round=4 HTTP/1.1" 200 -
[36;1mclient_005_1  |[0m 2026-01-22 04:10:15,958 - __main__ - INFO - Round 4 finished. Loss: 0.5682, Acc: 89.25%
[33mserver_1      |[0m INFO:__main__:Received update from client_005
[33mserver_1      |[0m INFO:__main__:--- Aggregating 5 updates ---
[33mserver_1      |[0m INFO:__main__:⚡ Using Custom Aggregator with Drift Metric...
[33mserver_1      |[0m INFO:server.aggregator:Starting FedAvg aggregation for 5 clients.
[34;1mclient_009_1  |[0m 2026-01-22 04:10:16,596 - __main__ - INFO - Round 4 finished. Loss: 0.9152, Acc: 69.62%
[33mserver_1      |[0m INFO:werkzeug:172.18.0.15 - - [22/Jan/2026 04:10:16] "[31m[1mPOST /submit_update HTTP/1.1[0m" 400 -
[34;1mclient_009_1  |[0m 2026-01-22 04:10:16,663 - __main__ - ERROR - Update submission failed: {"error":"Not accepting updates"}
[34;1mclient_009_1  |[0m 
[34;1mclient_009_1  |[0m 2026-01-22 04:10:16,664 - __main__ - INFO - Update submitted for Round 4. Waiting...
[34mclient_004_1  |[0m 2026-01-22 04:10:17,471 - __main__ - INFO - Round 4 finished. Loss: 1.0027, Acc: 73.48%
[33mserver_1      |[0m INFO:werkzeug:172.18.0.18 - - [22/Jan/2026 04:10:17] "[31m[1mPOST /submit_update HTTP/1.1[0m" 400 -
[34mclient_004_1  |[0m 2026-01-22 04:10:17,576 - __main__ - ERROR - Update submission failed: {"error":"Not accepting updates"}
[34mclient_004_1  |[0m 
[34mclient_004_1  |[0m 2026-01-22 04:10:17,576 - __main__ - INFO - Update submitted for Round 4. Waiting...
[33mserver_1      |[0m INFO:server.aggregator:--- [METRIC] Weight Divergence: 1.6299
[33mserver_1      |[0m INFO:server.aggregator:FedAvg aggregation complete.
[33mserver_1      |[0m INFO:__main__:Aggregation complete.
[33mserver_1      |[0m DEBUG: ⚠️ MY CUSTOM AGGREGATOR IS RUNNING ⚠️
[33mserver_1      |[0m INFO:__main__:--- Round 4 Acc: 21.80%, Loss: 2.4137 ---
[33mserver_1      |[0m INFO:__main__:--- Starting Round 5. Timeout: 300s ---
[33mserver_1      |[0m INFO:werkzeug:172.18.0.16 - - [22/Jan/2026 04:10:18] "POST /submit_update HTTP/1.1" 200 -
[36;1mclient_005_1  |[0m 2026-01-22 04:10:18,780 - __main__ - INFO - 🚀 Model update submitted successfully.
[36;1mclient_005_1  |[0m 2026-01-22 04:10:18,780 - __main__ - INFO - Update submitted for Round 4. Waiting...
[32;1mclient_007_1  |[0m 2026-01-22 04:10:19,889 - __main__ - INFO - --- New Round Detected: 5 ---
[33mserver_1      |[0m INFO:werkzeug:172.18.0.20 - - [22/Jan/2026 04:10:19] "GET /download_model?round=5 HTTP/1.1" 200 -
[32;1mclient_007_1  |[0m 2026-01-22 04:10:20,388 - __main__ - INFO - Round 5 finished. Loss: 1.4901, Acc: 41.94%
[33mserver_1      |[0m INFO:__main__:Received update from client_007
[33mserver_1      |[0m INFO:werkzeug:172.18.0.20 - - [22/Jan/2026 04:10:20] "POST /submit_update HTTP/1.1" 200 -
[32;1mclient_007_1  |[0m 2026-01-22 04:10:20,524 - __main__ - INFO - 🚀 Model update submitted successfully.
[32;1mclient_007_1  |[0m 2026-01-22 04:10:20,524 - __main__ - INFO - Update submitted for Round 5. Waiting...
[35mclient_003_1  |[0m 2026-01-22 04:10:20,842 - __main__ - INFO - --- New Round Detected: 5 ---
[33mserver_1      |[0m INFO:werkzeug:172.18.0.8 - - [22/Jan/2026 04:10:20] "GET /download_model?round=5 HTTP/1.1" 200 -
[33;1mclient_006_1  |[0m 2026-01-22 04:10:21,473 - __main__ - INFO - --- New Round Detected: 5 ---
[33mserver_1      |[0m INFO:werkzeug:172.18.0.19 - - [22/Jan/2026 04:10:21] "GET /download_model?round=5 HTTP/1.1" 200 -
[33;1mclient_006_1  |[0m 2026-01-22 04:10:21,609 - __main__ - INFO - Round 5 finished. Loss: 2.1013, Acc: 14.29%
[33mserver_1      |[0m INFO:__main__:Received update from client_006
[33mserver_1      |[0m INFO:werkzeug:172.18.0.19 - - [22/Jan/2026 04:10:21] "POST /submit_update HTTP/1.1" 200 -
[33;1mclient_006_1  |[0m 2026-01-22 04:10:21,765 - __main__ - INFO - 🚀 Model update submitted successfully.
[33;1mclient_006_1  |[0m 2026-01-22 04:10:21,765 - __main__ - INFO - Update submitted for Round 5. Waiting...
[32mclient_002_1  |[0m 2026-01-22 04:10:22,834 - __main__ - INFO - --- New Round Detected: 5 ---
[33mserver_1      |[0m INFO:werkzeug:172.18.0.3 - - [22/Jan/2026 04:10:22] "GET /download_model?round=5 HTTP/1.1" 200 -
[35;1mclient_008_1  |[0m 2026-01-22 04:10:23,116 - __main__ - INFO - --- New Round Detected: 5 ---
[33mserver_1      |[0m INFO:werkzeug:172.18.0.22 - - [22/Jan/2026 04:10:23] "GET /download_model?round=5 HTTP/1.1" 200 -
[36mclient_010_1  |[0m 2026-01-22 04:10:23,449 - __main__ - INFO - --- New Round Detected: 5 ---
[33mserver_1      |[0m INFO:werkzeug:172.18.0.21 - - [22/Jan/2026 04:10:23] "GET /download_model?round=5 HTTP/1.1" 200 -
[32mclient_002_1  |[0m 2026-01-22 04:10:23,758 - __main__ - INFO - Round 5 finished. Loss: 0.4619, Acc: 92.19%
[33mserver_1      |[0m INFO:__main__:Received update from client_002
[33mserver_1      |[0m INFO:werkzeug:172.18.0.3 - - [22/Jan/2026 04:10:23] "POST /submit_update HTTP/1.1" 200 -
[32mclient_002_1  |[0m 2026-01-22 04:10:23,891 - __main__ - INFO - 🚀 Model update submitted successfully.
[32mclient_002_1  |[0m 2026-01-22 04:10:23,892 - __main__ - INFO - Update submitted for Round 5. Waiting...
[36mclient_010_1  |[0m 2026-01-22 04:10:23,959 - __main__ - INFO - Round 5 finished. Loss: 0.4067, Acc: 97.91%
[33mclient_001_1  |[0m 2026-01-22 04:10:23,979 - __main__ - INFO - --- New Round Detected: 5 ---
[33mserver_1      |[0m INFO:werkzeug:172.18.0.9 - - [22/Jan/2026 04:10:24] "GET /download_model?round=5 HTTP/1.1" 200 -
[33mserver_1      |[0m INFO:__main__:Received update from client_010
[33mserver_1      |[0m INFO:werkzeug:172.18.0.21 - - [22/Jan/2026 04:10:24] "POST /submit_update HTTP/1.1" 200 -
[36mclient_010_1  |[0m 2026-01-22 04:10:24,092 - __main__ - INFO - 🚀 Model update submitted successfully.
[36mclient_010_1  |[0m 2026-01-22 04:10:24,092 - __main__ - INFO - Update submitted for Round 5. Waiting...
[33mclient_001_1  |[0m 2026-01-22 04:10:24,370 - __main__ - INFO - Round 5 finished. Loss: 0.3499, Acc: 98.06%
[33mserver_1      |[0m INFO:__main__:Received update from client_001
[33mserver_1      |[0m INFO:__main__:--- Aggregating 5 updates ---
[33mserver_1      |[0m INFO:__main__:⚡ Using Custom Aggregator with Drift Metric...
[33mserver_1      |[0m INFO:server.aggregator:Starting FedAvg aggregation for 5 clients.
[35;1mclient_008_1  |[0m 2026-01-22 04:10:24,553 - __main__ - INFO - Round 5 finished. Loss: 0.5637, Acc: 91.77%
[33mserver_1      |[0m INFO:werkzeug:172.18.0.22 - - [22/Jan/2026 04:10:24] "[31m[1mPOST /submit_update HTTP/1.1[0m" 400 -
[35;1mclient_008_1  |[0m 2026-01-22 04:10:24,619 - __main__ - ERROR - Update submission failed: {"error":"Not accepting updates"}
[35;1mclient_008_1  |[0m 
[35;1mclient_008_1  |[0m 2026-01-22 04:10:24,620 - __main__ - INFO - Update submitted for Round 5. Waiting...
[33mserver_1      |[0m INFO:server.aggregator:--- [METRIC] Weight Divergence: 1.0512
[33mserver_1      |[0m INFO:server.aggregator:FedAvg aggregation complete.
[33mserver_1      |[0m INFO:__main__:Aggregation complete.
[33mserver_1      |[0m DEBUG: ⚠️ MY CUSTOM AGGREGATOR IS RUNNING ⚠️
[34;1mclient_009_1  |[0m 2026-01-22 04:10:26,821 - __main__ - INFO - --- New Round Detected: 5 ---
[33mserver_1      |[0m INFO:werkzeug:172.18.0.15 - - [22/Jan/2026 04:10:26] "GET /download_model?round=5 HTTP/1.1" 200 -
[33mserver_1      |[0m INFO:__main__:--- Round 5 Acc: 19.72%, Loss: 2.5051 ---
[33mserver_1      |[0m INFO:__main__:--- Starting Round 6. Timeout: 300s ---
[33mserver_1      |[0m INFO:werkzeug:172.18.0.9 - - [22/Jan/2026 04:10:27] "POST /submit_update HTTP/1.1" 200 -
[33mclient_001_1  |[0m 2026-01-22 04:10:27,149 - __main__ - INFO - 🚀 Model update submitted successfully.
[33mclient_001_1  |[0m 2026-01-22 04:10:27,149 - __main__ - INFO - Update submitted for Round 5. Waiting...
[34mclient_004_1  |[0m 2026-01-22 04:10:27,638 - __main__ - INFO - --- New Round Detected: 6 ---
[33mserver_1      |[0m INFO:werkzeug:172.18.0.18 - - [22/Jan/2026 04:10:27] "GET /download_model?round=6 HTTP/1.1" 200 -
[36;1mclient_005_1  |[0m 2026-01-22 04:10:28,844 - __main__ - INFO - --- New Round Detected: 6 ---
[33mserver_1      |[0m INFO:werkzeug:172.18.0.16 - - [22/Jan/2026 04:10:28] "GET /download_model?round=6 HTTP/1.1" 200 -
[34;1mclient_009_1  |[0m 2026-01-22 04:10:29,161 - __main__ - INFO - Round 5 finished. Loss: 1.0532, Acc: 66.39%
[33mserver_1      |[0m INFO:__main__:Received update from client_009
[33mserver_1      |[0m INFO:werkzeug:172.18.0.15 - - [22/Jan/2026 04:10:29] "POST /submit_update HTTP/1.1" 200 -
[34;1mclient_009_1  |[0m 2026-01-22 04:10:29,295 - __main__ - INFO - 🚀 Model update submitted successfully.
[34;1mclient_009_1  |[0m 2026-01-22 04:10:29,295 - __main__ - INFO - Update submitted for Round 5. Waiting...
[32;1mclient_007_1  |[0m 2026-01-22 04:10:30,586 - __main__ - INFO - --- New Round Detected: 6 ---
[33mserver_1      |[0m INFO:werkzeug:172.18.0.20 - - [22/Jan/2026 04:10:30] "GET /download_model?round=6 HTTP/1.1" 200 -
[35mclient_003_1  |[0m 2026-01-22 04:10:30,844 - __main__ - INFO - Round 5 finished. Loss: 1.2257, Acc: 66.57%
[33mserver_1      |[0m INFO:__main__:Received update from client_003
[33mserver_1      |[0m INFO:werkzeug:172.18.0.8 - - [22/Jan/2026 04:10:30] "POST /submit_update HTTP/1.1" 200 -
[32;1mclient_007_1  |[0m 2026-01-22 04:10:30,955 - __main__ - INFO - Round 6 finished. Loss: 1.2821, Acc: 50.92%
[35mclient_003_1  |[0m 2026-01-22 04:10:30,978 - __main__ - INFO - 🚀 Model update submitted successfully.
[35mclient_003_1  |[0m 2026-01-22 04:10:30,978 - __main__ - INFO - Update submitted for Round 5. Waiting...
[33mserver_1      |[0m INFO:__main__:Received update from client_007
[33mserver_1      |[0m INFO:werkzeug:172.18.0.20 - - [22/Jan/2026 04:10:31] "POST /submit_update HTTP/1.1" 200 -
[36;1mclient_005_1  |[0m 2026-01-22 04:10:31,080 - __main__ - INFO - Round 6 finished. Loss: 0.6166, Acc: 92.70%
[32;1mclient_007_1  |[0m 2026-01-22 04:10:31,093 - __main__ - INFO - 🚀 Model update submitted successfully.
[32;1mclient_007_1  |[0m 2026-01-22 04:10:31,093 - __main__ - INFO - Update submitted for Round 6. Waiting...
[33mserver_1      |[0m INFO:__main__:Received update from client_005
[33mserver_1      |[0m INFO:werkzeug:172.18.0.16 - - [22/Jan/2026 04:10:31] "POST /submit_update HTTP/1.1" 200 -
[36;1mclient_005_1  |[0m 2026-01-22 04:10:31,275 - __main__ - INFO - 🚀 Model update submitted successfully.
[36;1mclient_005_1  |[0m 2026-01-22 04:10:31,275 - __main__ - INFO - Update submitted for Round 6. Waiting...
[33;1mclient_006_1  |[0m 2026-01-22 04:10:31,846 - __main__ - INFO - --- New Round Detected: 6 ---
[33mserver_1      |[0m INFO:werkzeug:172.18.0.19 - - [22/Jan/2026 04:10:31] "GET /download_model?round=6 HTTP/1.1" 200 -
[33;1mclient_006_1  |[0m 2026-01-22 04:10:32,005 - __main__ - INFO - Round 6 finished. Loss: 2.6756, Acc: 0.00%
[33mserver_1      |[0m INFO:__main__:Received update from client_006
[33mserver_1      |[0m INFO:__main__:--- Aggregating 5 updates ---
[33mserver_1      |[0m INFO:__main__:⚡ Using Custom Aggregator with Drift Metric...
[33mserver_1      |[0m INFO:server.aggregator:Starting FedAvg aggregation for 5 clients.
[34mclient_004_1  |[0m 2026-01-22 04:10:33,728 - __main__ - INFO - Round 6 finished. Loss: 1.1672, Acc: 77.56%
[33mserver_1      |[0m INFO:werkzeug:172.18.0.18 - - [22/Jan/2026 04:10:34] "[31m[1mPOST /submit_update HTTP/1.1[0m" 400 -
[32mclient_002_1  |[0m 2026-01-22 04:10:34,111 - __main__ - INFO - --- New Round Detected: 6 ---
[34mclient_004_1  |[0m 2026-01-22 04:10:34,121 - __main__ - ERROR - Update submission failed: {"error":"Not accepting updates"}
[34mclient_004_1  |[0m 
[34mclient_004_1  |[0m 2026-01-22 04:10:34,121 - __main__ - INFO - Update submitted for Round 6. Waiting...
[36mclient_010_1  |[0m 2026-01-22 04:10:34,179 - __main__ - INFO - --- New Round Detected: 6 ---
[33mserver_1      |[0m INFO:server.aggregator:--- [METRIC] Weight Divergence: 2.8365
[33mserver_1      |[0m INFO:server.aggregator:FedAvg aggregation complete.
[33mserver_1      |[0m INFO:__main__:Aggregation complete.
[33mserver_1      |[0m DEBUG: ⚠️ MY CUSTOM AGGREGATOR IS RUNNING ⚠️
[33mserver_1      |[0m INFO:werkzeug:172.18.0.3 - - [22/Jan/2026 04:10:34] "GET /download_model?round=6 HTTP/1.1" 200 -
[33mserver_1      |[0m INFO:werkzeug:172.18.0.21 - - [22/Jan/2026 04:10:34] "GET /download_model?round=6 HTTP/1.1" 200 -
[33mserver_1      |[0m INFO:werkzeug:172.18.0.22 - - [22/Jan/2026 04:10:34] "GET /download_model?round=6 HTTP/1.1" 200 -
[35;1mclient_008_1  |[0m 2026-01-22 04:10:34,688 - __main__ - INFO - --- New Round Detected: 6 ---
[36mclient_010_1  |[0m 2026-01-22 04:10:34,761 - __main__ - INFO - Round 6 finished. Loss: 0.2782, Acc: 98.03%
[33mserver_1      |[0m INFO:werkzeug:172.18.0.21 - - [22/Jan/2026 04:10:34] "[31m[1mPOST /submit_update HTTP/1.1[0m" 400 -
[36mclient_010_1  |[0m 2026-01-22 04:10:34,824 - __main__ - ERROR - Update submission failed: {"error":"Not accepting updates"}
[36mclient_010_1  |[0m 
[36mclient_010_1  |[0m 2026-01-22 04:10:34,824 - __main__ - INFO - Update submitted for Round 6. Waiting...
[33mserver_1      |[0m INFO:__main__:--- Round 6 Acc: 31.18%, Loss: 2.0665 ---
[33mserver_1      |[0m INFO:__main__:--- Starting Round 7. Timeout: 300s ---
[33mserver_1      |[0m INFO:werkzeug:172.18.0.19 - - [22/Jan/2026 04:10:35] "POST /submit_update HTTP/1.1" 200 -
[33;1mclient_006_1  |[0m 2026-01-22 04:10:35,052 - __main__ - INFO - 🚀 Model update submitted successfully.
[33;1mclient_006_1  |[0m 2026-01-22 04:10:35,052 - __main__ - INFO - Update submitted for Round 6. Waiting...
[32mclient_002_1  |[0m 2026-01-22 04:10:36,038 - __main__ - INFO - Round 6 finished. Loss: 0.3773, Acc: 94.27%
[35;1mclient_008_1  |[0m 2026-01-22 04:10:36,122 - __main__ - INFO - Round 6 finished. Loss: 0.6620, Acc: 92.21%
[33mserver_1      |[0m INFO:__main__:Received update from client_002
[33mserver_1      |[0m INFO:werkzeug:172.18.0.3 - - [22/Jan/2026 04:10:36] "POST /submit_update HTTP/1.1" 200 -
[32mclient_002_1  |[0m 2026-01-22 04:10:36,175 - __main__ - INFO - 🚀 Model update submitted successfully.
[32mclient_002_1  |[0m 2026-01-22 04:10:36,176 - __main__ - INFO - Update submitted for Round 6. Waiting...
[33mserver_1      |[0m INFO:__main__:Received update from client_008
[33mserver_1      |[0m INFO:werkzeug:172.18.0.22 - - [22/Jan/2026 04:10:36] "POST /submit_update HTTP/1.1" 200 -
[35;1mclient_008_1  |[0m 2026-01-22 04:10:36,258 - __main__ - INFO - 🚀 Model update submitted successfully.
[35;1mclient_008_1  |[0m 2026-01-22 04:10:36,258 - __main__ - INFO - Update submitted for Round 6. Waiting...
[33mclient_001_1  |[0m 2026-01-22 04:10:37,211 - __main__ - INFO - --- New Round Detected: 7 ---
[33mserver_1      |[0m INFO:werkzeug:172.18.0.9 - - [22/Jan/2026 04:10:37] "GET /download_model?round=7 HTTP/1.1" 200 -
[33mclient_001_1  |[0m 2026-01-22 04:10:37,855 - __main__ - INFO - Round 7 finished. Loss: 0.3546, Acc: 95.47%
[33mserver_1      |[0m INFO:__main__:Received update from client_001
[33mserver_1      |[0m INFO:werkzeug:172.18.0.9 - - [22/Jan/2026 04:10:37] "POST /submit_update HTTP/1.1" 200 -
[33mclient_001_1  |[0m 2026-01-22 04:10:37,989 - __main__ - INFO - 🚀 Model update submitted successfully.
[33mclient_001_1  |[0m 2026-01-22 04:10:37,990 - __main__ - INFO - Update submitted for Round 7. Waiting...
[34;1mclient_009_1  |[0m 2026-01-22 04:10:39,369 - __main__ - INFO - --- New Round Detected: 7 ---
[33mserver_1      |[0m INFO:werkzeug:172.18.0.15 - - [22/Jan/2026 04:10:39] "GET /download_model?round=7 HTTP/1.1" 200 -
[35mclient_003_1  |[0m 2026-01-22 04:10:41,047 - __main__ - INFO - --- New Round Detected: 7 ---
[33mserver_1      |[0m INFO:werkzeug:172.18.0.8 - - [22/Jan/2026 04:10:41] "GET /download_model?round=7 HTTP/1.1" 200 -
[32;1mclient_007_1  |[0m 2026-01-22 04:10:41,220 - __main__ - INFO - --- New Round Detected: 7 ---
[33mserver_1      |[0m INFO:werkzeug:172.18.0.20 - - [22/Jan/2026 04:10:41] "GET /download_model?round=7 HTTP/1.1" 200 -
[36;1mclient_005_1  |[0m 2026-01-22 04:10:41,343 - __main__ - INFO - --- New Round Detected: 7 ---
[33mserver_1      |[0m INFO:werkzeug:172.18.0.16 - - [22/Jan/2026 04:10:41] "GET /download_model?round=7 HTTP/1.1" 200 -
[32;1mclient_007_1  |[0m 2026-01-22 04:10:41,583 - __main__ - INFO - Round 7 finished. Loss: 1.4971, Acc: 58.24%
[33mserver_1      |[0m INFO:__main__:Received update from client_007
[33mserver_1      |[0m INFO:werkzeug:172.18.0.20 - - [22/Jan/2026 04:10:41] "POST /submit_update HTTP/1.1" 200 -
[32;1mclient_007_1  |[0m 2026-01-22 04:10:41,726 - __main__ - INFO - 🚀 Model update submitted successfully.
[32;1mclient_007_1  |[0m 2026-01-22 04:10:41,727 - __main__ - INFO - Update submitted for Round 7. Waiting...
[34;1mclient_009_1  |[0m 2026-01-22 04:10:41,893 - __main__ - INFO - Round 7 finished. Loss: 1.1181, Acc: 65.58%
[33mserver_1      |[0m INFO:__main__:Received update from client_009
[33mserver_1      |[0m INFO:__main__:--- Aggregating 5 updates ---
[33mserver_1      |[0m INFO:__main__:⚡ Using Custom Aggregator with Drift Metric...
[33mserver_1      |[0m INFO:server.aggregator:Starting FedAvg aggregation for 5 clients.
[36;1mclient_005_1  |[0m 2026-01-22 04:10:43,457 - __main__ - INFO - Round 7 finished. Loss: 0.3970, Acc: 94.25%
[33mserver_1      |[0m INFO:werkzeug:172.18.0.16 - - [22/Jan/2026 04:10:43] "[31m[1mPOST /submit_update HTTP/1.1[0m" 400 -
[36;1mclient_005_1  |[0m 2026-01-22 04:10:43,521 - __main__ - ERROR - Update submission failed: {"error":"Not accepting updates"}
[36;1mclient_005_1  |[0m 
[36;1mclient_005_1  |[0m 2026-01-22 04:10:43,521 - __main__ - INFO - Update submitted for Round 7. Waiting...
[33mserver_1      |[0m INFO:server.aggregator:--- [METRIC] Weight Divergence: 2.0876
[33mserver_1      |[0m INFO:server.aggregator:FedAvg aggregation complete.
[33mserver_1      |[0m INFO:__main__:Aggregation complete.
[33mserver_1      |[0m DEBUG: ⚠️ MY CUSTOM AGGREGATOR IS RUNNING ⚠️
[34mclient_004_1  |[0m 2026-01-22 04:10:44,289 - __main__ - INFO - --- New Round Detected: 7 ---
[33mserver_1      |[0m INFO:werkzeug:172.18.0.18 - - [22/Jan/2026 04:10:44] "GET /download_model?round=7 HTTP/1.1" 200 -
[36mclient_010_1  |[0m 2026-01-22 04:10:44,893 - __main__ - INFO - --- New Round Detected: 7 ---
[33mserver_1      |[0m INFO:werkzeug:172.18.0.21 - - [22/Jan/2026 04:10:44] "GET /download_model?round=7 HTTP/1.1" 200 -
[33;1mclient_006_1  |[0m 2026-01-22 04:10:45,136 - __main__ - INFO - --- New Round Detected: 7 ---
[33mserver_1      |[0m INFO:__main__:--- Round 7 Acc: 23.25%, Loss: 2.2553 ---
[33mserver_1      |[0m INFO:__main__:--- Starting Round 8. Timeout: 300s ---
[33mserver_1      |[0m INFO:werkzeug:172.18.0.15 - - [22/Jan/2026 04:10:45] "POST /submit_update HTTP/1.1" 200 -
[34;1mclient_009_1  |[0m 2026-01-22 04:10:45,169 - __main__ - INFO - 🚀 Model update submitted successfully.
[33mserver_1      |[0m INFO:werkzeug:172.18.0.19 - - [22/Jan/2026 04:10:45] "GET /download_model?round=7 HTTP/1.1" 200 -
[34;1mclient_009_1  |[0m 2026-01-22 04:10:45,169 - __main__ - INFO - Update submitted for Round 7. Waiting...
[33;1mclient_006_1  |[0m 2026-01-22 04:10:45,303 - __main__ - INFO - Round 7 finished. Loss: 1.5982, Acc: 35.71%
[33mserver_1      |[0m INFO:__main__:Received update from client_006
[33mserver_1      |[0m INFO:werkzeug:172.18.0.19 - - [22/Jan/2026 04:10:45] "POST /submit_update HTTP/1.1" 200 -
[33;1mclient_006_1  |[0m 2026-01-22 04:10:45,441 - __main__ - INFO - 🚀 Model update submitted successfully.
[33;1mclient_006_1  |[0m 2026-01-22 04:10:45,441 - __main__ - INFO - Update submitted for Round 7. Waiting...
[36mclient_010_1  |[0m 2026-01-22 04:10:45,502 - __main__ - INFO - Round 7 finished. Loss: 0.5451, Acc: 95.82%
[33mserver_1      |[0m INFO:__main__:Received update from client_010
[33mserver_1      |[0m INFO:werkzeug:172.18.0.21 - - [22/Jan/2026 04:10:45] "POST /submit_update HTTP/1.1" 200 -
[36mclient_010_1  |[0m 2026-01-22 04:10:45,637 - __main__ - INFO - 🚀 Model update submitted successfully.
[36mclient_010_1  |[0m 2026-01-22 04:10:45,637 - __main__ - INFO - Update submitted for Round 7. Waiting...
[32mclient_002_1  |[0m 2026-01-22 04:10:46,244 - __main__ - INFO - --- New Round Detected: 8 ---
[33mserver_1      |[0m INFO:werkzeug:172.18.0.3 - - [22/Jan/2026 04:10:46] "GET /download_model?round=8 HTTP/1.1" 200 -
[35;1mclient_008_1  |[0m 2026-01-22 04:10:46,321 - __main__ - INFO - --- New Round Detected: 8 ---
[33mserver_1      |[0m INFO:werkzeug:172.18.0.22 - - [22/Jan/2026 04:10:46] "GET /download_model?round=8 HTTP/1.1" 200 -
[35;1mclient_008_1  |[0m 2026-01-22 04:10:47,676 - __main__ - INFO - Round 8 finished. Loss: 0.3143, Acc: 97.88%
[33mserver_1      |[0m INFO:__main__:Received update from client_008
[33mserver_1      |[0m INFO:werkzeug:172.18.0.22 - - [22/Jan/2026 04:10:47] "POST /submit_update HTTP/1.1" 200 -
[35;1mclient_008_1  |[0m 2026-01-22 04:10:47,815 - __main__ - INFO - 🚀 Model update submitted successfully.
[35;1mclient_008_1  |[0m 2026-01-22 04:10:47,815 - __main__ - INFO - Update submitted for Round 8. Waiting...
[32mclient_002_1  |[0m 2026-01-22 04:10:47,910 - __main__ - INFO - Round 8 finished. Loss: 0.4736, Acc: 94.47%
[33mserver_1      |[0m INFO:__main__:Received update from client_002
[33mserver_1      |[0m INFO:werkzeug:172.18.0.3 - - [22/Jan/2026 04:10:48] "POST /submit_update HTTP/1.1" 200 -
[33mclient_001_1  |[0m 2026-01-22 04:10:48,054 - __main__ - INFO - --- New Round Detected: 8 ---
[32mclient_002_1  |[0m 2026-01-22 04:10:48,065 - __main__ - INFO - 🚀 Model update submitted successfully.
[32mclient_002_1  |[0m 2026-01-22 04:10:48,065 - __main__ - INFO - Update submitted for Round 8. Waiting...
[33mserver_1      |[0m INFO:werkzeug:172.18.0.9 - - [22/Jan/2026 04:10:48] "GET /download_model?round=8 HTTP/1.1" 200 -
[33mclient_001_1  |[0m 2026-01-22 04:10:48,755 - __main__ - INFO - Round 8 finished. Loss: 0.2814, Acc: 99.35%
[33mserver_1      |[0m INFO:__main__:Received update from client_001
[33mserver_1      |[0m INFO:__main__:--- Aggregating 5 updates ---
[33mserver_1      |[0m INFO:__main__:⚡ Using Custom Aggregator with Drift Metric...
[33mserver_1      |[0m INFO:server.aggregator:Starting FedAvg aggregation for 5 clients.
[34mclient_004_1  |[0m 2026-01-22 04:10:50,217 - __main__ - INFO - Round 7 finished. Loss: 0.8724, Acc: 77.26%
[33mserver_1      |[0m INFO:werkzeug:172.18.0.18 - - [22/Jan/2026 04:10:50] "[31m[1mPOST /submit_update HTTP/1.1[0m" 400 -
[34mclient_004_1  |[0m 2026-01-22 04:10:50,281 - __main__ - ERROR - Update submission failed: {"error":"Not accepting updates"}
[34mclient_004_1  |[0m 
[34mclient_004_1  |[0m 2026-01-22 04:10:50,281 - __main__ - INFO - Update submitted for Round 7. Waiting...
[33mserver_1      |[0m INFO:server.aggregator:--- [METRIC] Weight Divergence: 1.2084
[33mserver_1      |[0m INFO:server.aggregator:FedAvg aggregation complete.
[33mserver_1      |[0m INFO:__main__:Aggregation complete.
[33mserver_1      |[0m DEBUG: ⚠️ MY CUSTOM AGGREGATOR IS RUNNING ⚠️
[32;1mclient_007_1  |[0m 2026-01-22 04:10:51,812 - __main__ - INFO - --- New Round Detected: 8 ---
[33mserver_1      |[0m INFO:werkzeug:172.18.0.20 - - [22/Jan/2026 04:10:51] "GET /download_model?round=8 HTTP/1.1" 200 -
[32;1mclient_007_1  |[0m 2026-01-22 04:10:52,302 - __main__ - INFO - Round 8 finished. Loss: 1.5507, Acc: 53.30%
[33mserver_1      |[0m INFO:werkzeug:172.18.0.20 - - [22/Jan/2026 04:10:52] "[31m[1mPOST /submit_update HTTP/1.1[0m" 400 -
[32;1mclient_007_1  |[0m 2026-01-22 04:10:52,367 - __main__ - ERROR - Update submission failed: {"error":"Not accepting updates"}
[32;1mclient_007_1  |[0m 
[32;1mclient_007_1  |[0m 2026-01-22 04:10:52,367 - __main__ - INFO - Update submitted for Round 8. Waiting...
[33mserver_1      |[0m INFO:__main__:--- Round 8 Acc: 21.65%, Loss: 2.3876 ---
[33mserver_1      |[0m INFO:__main__:--- Starting Round 9. Timeout: 300s ---
[33mserver_1      |[0m INFO:werkzeug:172.18.0.9 - - [22/Jan/2026 04:10:52] "POST /submit_update HTTP/1.1" 200 -
[33mclient_001_1  |[0m 2026-01-22 04:10:52,429 - __main__ - INFO - 🚀 Model update submitted successfully.
[33mclient_001_1  |[0m 2026-01-22 04:10:52,429 - __main__ - INFO - Update submitted for Round 8. Waiting...
[35mclient_003_1  |[0m 2026-01-22 04:10:52,650 - __main__ - INFO - Round 7 finished. Loss: 0.8841, Acc: 77.27%
[33mserver_1      |[0m INFO:__main__:Received update from client_003
[33mserver_1      |[0m INFO:werkzeug:172.18.0.8 - - [22/Jan/2026 04:10:52] "POST /submit_update HTTP/1.1" 200 -
[35mclient_003_1  |[0m 2026-01-22 04:10:52,786 - __main__ - INFO - 🚀 Model update submitted successfully.
[35mclient_003_1  |[0m 2026-01-22 04:10:52,786 - __main__ - INFO - Update submitted for Round 7. Waiting...
[36;1mclient_005_1  |[0m 2026-01-22 04:10:53,585 - __main__ - INFO - --- New Round Detected: 9 ---
[33mserver_1      |[0m INFO:werkzeug:172.18.0.16 - - [22/Jan/2026 04:10:53] "GET /download_model?round=9 HTTP/1.1" 200 -
[34;1mclient_009_1  |[0m 2026-01-22 04:10:55,231 - __main__ - INFO - --- New Round Detected: 9 ---
[33mserver_1      |[0m INFO:werkzeug:172.18.0.15 - - [22/Jan/2026 04:10:55] "GET /download_model?round=9 HTTP/1.1" 200 -
[33;1mclient_006_1  |[0m 2026-01-22 04:10:55,504 - __main__ - INFO - --- New Round Detected: 9 ---
[33mserver_1      |[0m INFO:werkzeug:172.18.0.19 - - [22/Jan/2026 04:10:55] "GET /download_model?round=9 HTTP/1.1" 200 -
[33;1mclient_006_1  |[0m 2026-01-22 04:10:55,648 - __main__ - INFO - Round 9 finished. Loss: 2.0037, Acc: 21.43%
[36;1mclient_005_1  |[0m 2026-01-22 04:10:55,693 - __main__ - INFO - Round 9 finished. Loss: 0.7672, Acc: 91.42%
[36mclient_010_1  |[0m 2026-01-22 04:10:55,701 - __main__ - INFO - --- New Round Detected: 9 ---
[33mserver_1      |[0m INFO:werkzeug:172.18.0.21 - - [22/Jan/2026 04:10:55] "GET /download_model?round=9 HTTP/1.1" 200 -
[33mserver_1      |[0m INFO:__main__:Received update from client_006
[33mserver_1      |[0m INFO:werkzeug:172.18.0.19 - - [22/Jan/2026 04:10:55] "POST /submit_update HTTP/1.1" 200 -
[33;1mclient_006_1  |[0m 2026-01-22 04:10:55,786 - __main__ - INFO - 🚀 Model update submitted successfully.
[33;1mclient_006_1  |[0m 2026-01-22 04:10:55,786 - __main__ - INFO - Update submitted for Round 9. Waiting...
[33mserver_1      |[0m INFO:__main__:Received update from client_005
[33mserver_1      |[0m INFO:werkzeug:172.18.0.16 - - [22/Jan/2026 04:10:55] "POST /submit_update HTTP/1.1" 200 -
[36;1mclient_005_1  |[0m 2026-01-22 04:10:55,830 - __main__ - INFO - 🚀 Model update submitted successfully.
[36;1mclient_005_1  |[0m 2026-01-22 04:10:55,831 - __main__ - INFO - Update submitted for Round 9. Waiting...
[36mclient_010_1  |[0m 2026-01-22 04:10:56,347 - __main__ - INFO - Round 9 finished. Loss: 0.2611, Acc: 97.91%
[33mserver_1      |[0m INFO:__main__:Received update from client_010
[33mserver_1      |[0m INFO:werkzeug:172.18.0.21 - - [22/Jan/2026 04:10:56] "POST /submit_update HTTP/1.1" 200 -
[36mclient_010_1  |[0m 2026-01-22 04:10:56,481 - __main__ - INFO - 🚀 Model update submitted successfully.
[36mclient_010_1  |[0m 2026-01-22 04:10:56,481 - __main__ - INFO - Update submitted for Round 9. Waiting...
[34;1mclient_009_1  |[0m 2026-01-22 04:10:56,791 - __main__ - INFO - Round 9 finished. Loss: 0.9461, Acc: 69.97%
[33mserver_1      |[0m INFO:__main__:Received update from client_009
[33mserver_1      |[0m INFO:__main__:--- Aggregating 5 updates ---
[33mserver_1      |[0m INFO:__main__:⚡ Using Custom Aggregator with Drift Metric...
[33mserver_1      |[0m INFO:server.aggregator:Starting FedAvg aggregation for 5 clients.
[35;1mclient_008_1  |[0m 2026-01-22 04:10:57,878 - __main__ - INFO - --- New Round Detected: 9 ---
[33mserver_1      |[0m INFO:werkzeug:172.18.0.22 - - [22/Jan/2026 04:10:57] "GET /download_model?round=9 HTTP/1.1" 200 -
[32mclient_002_1  |[0m 2026-01-22 04:10:58,136 - __main__ - INFO - --- New Round Detected: 9 ---
[33mserver_1      |[0m INFO:werkzeug:172.18.0.3 - - [22/Jan/2026 04:10:58] "GET /download_model?round=9 HTTP/1.1" 200 -
[33mserver_1      |[0m INFO:server.aggregator:--- [METRIC] Weight Divergence: 2.5626
[33mserver_1      |[0m INFO:server.aggregator:FedAvg aggregation complete.
[33mserver_1      |[0m INFO:__main__:Aggregation complete.
[33mserver_1      |[0m DEBUG: ⚠️ MY CUSTOM AGGREGATOR IS RUNNING ⚠️
[35;1mclient_008_1  |[0m 2026-01-22 04:10:59,302 - __main__ - INFO - Round 9 finished. Loss: 0.3264, Acc: 98.08%
[33mserver_1      |[0m INFO:werkzeug:172.18.0.22 - - [22/Jan/2026 04:10:59] "[31m[1mPOST /submit_update HTTP/1.1[0m" 400 -
[35;1mclient_008_1  |[0m 2026-01-22 04:10:59,399 - __main__ - ERROR - Update submission failed: {"error":"Not accepting updates"}
[35;1mclient_008_1  |[0m 
[35;1mclient_008_1  |[0m 2026-01-22 04:10:59,399 - __main__ - INFO - Update submitted for Round 9. Waiting...
[33mserver_1      |[0m INFO:__main__:--- Round 9 Acc: 39.10%, Loss: 1.8019 ---
[33mserver_1      |[0m INFO:__main__:--- Starting Round 10. Timeout: 300s ---
[33mserver_1      |[0m INFO:werkzeug:172.18.0.15 - - [22/Jan/2026 04:10:59] "POST /submit_update HTTP/1.1" 200 -
[34;1mclient_009_1  |[0m 2026-01-22 04:10:59,522 - __main__ - INFO - 🚀 Model update submitted successfully.
[34;1mclient_009_1  |[0m 2026-01-22 04:10:59,522 - __main__ - INFO - Update submitted for Round 9. Waiting...
[32mclient_002_1  |[0m 2026-01-22 04:10:59,725 - __main__ - INFO - Round 9 finished. Loss: 0.3820, Acc: 95.55%
[33mserver_1      |[0m INFO:__main__:Received update from client_002
[33mserver_1      |[0m INFO:werkzeug:172.18.0.3 - - [22/Jan/2026 04:10:59] "POST /submit_update HTTP/1.1" 200 -
[32mclient_002_1  |[0m 2026-01-22 04:10:59,880 - __main__ - INFO - 🚀 Model update submitted successfully.
[32mclient_002_1  |[0m 2026-01-22 04:10:59,880 - __main__ - INFO - Update submitted for Round 9. Waiting...
[34mclient_004_1  |[0m 2026-01-22 04:11:00,356 - __main__ - INFO - --- New Round Detected: 10 ---
[33mserver_1      |[0m INFO:werkzeug:172.18.0.18 - - [22/Jan/2026 04:11:00] "GET /download_model?round=10 HTTP/1.1" 200 -
[32;1mclient_007_1  |[0m 2026-01-22 04:11:02,429 - __main__ - INFO - --- New Round Detected: 10 ---
[33mserver_1      |[0m INFO:werkzeug:172.18.0.20 - - [22/Jan/2026 04:11:02] "GET /download_model?round=10 HTTP/1.1" 200 -
[33mclient_001_1  |[0m 2026-01-22 04:11:02,494 - __main__ - INFO - --- New Round Detected: 10 ---
[33mserver_1      |[0m INFO:werkzeug:172.18.0.9 - - [22/Jan/2026 04:11:02] "GET /download_model?round=10 HTTP/1.1" 200 -
[32;1mclient_007_1  |[0m 2026-01-22 04:11:02,817 - __main__ - INFO - Round 10 finished. Loss: 1.4060, Acc: 59.16%
[35mclient_003_1  |[0m 2026-01-22 04:11:02,868 - __main__ - INFO - --- New Round Detected: 10 ---
[33mserver_1      |[0m INFO:werkzeug:172.18.0.8 - - [22/Jan/2026 04:11:02] "GET /download_model?round=10 HTTP/1.1" 200 -
[33mserver_1      |[0m INFO:__main__:Received update from client_007
[33mserver_1      |[0m INFO:werkzeug:172.18.0.20 - - [22/Jan/2026 04:11:02] "POST /submit_update HTTP/1.1" 200 -
[32;1mclient_007_1  |[0m 2026-01-22 04:11:02,955 - __main__ - INFO - 🚀 Model update submitted successfully.
[32;1mclient_007_1  |[0m 2026-01-22 04:11:02,955 - __main__ - INFO - Update submitted for Round 10. Waiting...
[33mclient_001_1  |[0m 2026-01-22 04:11:03,010 - __main__ - INFO - Round 10 finished. Loss: 0.3766, Acc: 97.41%
[33mserver_1      |[0m INFO:__main__:Received update from client_001
[33mserver_1      |[0m INFO:werkzeug:172.18.0.9 - - [22/Jan/2026 04:11:03] "POST /submit_update HTTP/1.1" 200 -
[33mclient_001_1  |[0m 2026-01-22 04:11:03,172 - __main__ - INFO - 🚀 Model update submitted successfully.
[33mclient_001_1  |[0m 2026-01-22 04:11:03,173 - __main__ - INFO - Update submitted for Round 10. Waiting...
[33;1mclient_006_1  |[0m 2026-01-22 04:11:05,864 - __main__ - INFO - --- New Round Detected: 10 ---
[33mserver_1      |[0m INFO:werkzeug:172.18.0.19 - - [22/Jan/2026 04:11:05] "GET /download_model?round=10 HTTP/1.1" 200 -
[36;1mclient_005_1  |[0m 2026-01-22 04:11:05,899 - __main__ - INFO - --- New Round Detected: 10 ---
[33mserver_1      |[0m INFO:werkzeug:172.18.0.16 - - [22/Jan/2026 04:11:05] "GET /download_model?round=10 HTTP/1.1" 200 -
[33;1mclient_006_1  |[0m 2026-01-22 04:11:06,007 - __main__ - INFO - Round 10 finished. Loss: 1.1802, Acc: 71.43%
[33mserver_1      |[0m INFO:__main__:Received update from client_006
[33mserver_1      |[0m INFO:werkzeug:172.18.0.19 - - [22/Jan/2026 04:11:06] "POST /submit_update HTTP/1.1" 200 -
[33;1mclient_006_1  |[0m 2026-01-22 04:11:06,144 - __main__ - INFO - 🚀 Model update submitted successfully.
[33;1mclient_006_1  |[0m 2026-01-22 04:11:06,144 - __main__ - INFO - Update submitted for Round 10. Waiting...
[36mclient_010_1  |[0m 2026-01-22 04:11:06,543 - __main__ - INFO - --- New Round Detected: 10 ---
[34mclient_004_1  |[0m 2026-01-22 04:11:06,555 - __main__ - INFO - Round 10 finished. Loss: 0.8407, Acc: 80.08%
[33mserver_1      |[0m INFO:werkzeug:172.18.0.21 - - [22/Jan/2026 04:11:06] "GET /download_model?round=10 HTTP/1.1" 200 -
[33mserver_1      |[0m INFO:__main__:Received update from client_004
[33mserver_1      |[0m INFO:__main__:--- Aggregating 5 updates ---
[33mserver_1      |[0m INFO:__main__:⚡ Using Custom Aggregator with Drift Metric...
[33mserver_1      |[0m INFO:server.aggregator:Starting FedAvg aggregation for 5 clients.
[36mclient_010_1  |[0m 2026-01-22 04:11:07,184 - __main__ - INFO - Round 10 finished. Loss: 0.4735, Acc: 96.56%
[33mserver_1      |[0m INFO:werkzeug:172.18.0.21 - - [22/Jan/2026 04:11:07] "[31m[1mPOST /submit_update HTTP/1.1[0m" 400 -
[36mclient_010_1  |[0m 2026-01-22 04:11:07,258 - __main__ - ERROR - Update submission failed: {"error":"Not accepting updates"}
[36mclient_010_1  |[0m 
[36mclient_010_1  |[0m 2026-01-22 04:11:07,258 - __main__ - INFO - Update submitted for Round 10. Waiting...
[36;1mclient_005_1  |[0m 2026-01-22 04:11:07,992 - __main__ - INFO - Round 10 finished. Loss: 0.5041, Acc: 93.51%
[33mserver_1      |[0m INFO:werkzeug:172.18.0.16 - - [22/Jan/2026 04:11:08] "[31m[1mPOST /submit_update HTTP/1.1[0m" 400 -
[36;1mclient_005_1  |[0m 2026-01-22 04:11:08,058 - __main__ - ERROR - Update submission failed: {"error":"Not accepting updates"}
[36;1mclient_005_1  |[0m 
[36;1mclient_005_1  |[0m 2026-01-22 04:11:08,058 - __main__ - INFO - Update submitted for Round 10. Waiting...
[33mserver_1      |[0m INFO:server.aggregator:--- [METRIC] Weight Divergence: 2.6948
[33mserver_1      |[0m INFO:server.aggregator:FedAvg aggregation complete.
[33mserver_1      |[0m INFO:__main__:Aggregation complete.
[33mserver_1      |[0m DEBUG: ⚠️ MY CUSTOM AGGREGATOR IS RUNNING ⚠️
[33mserver_1      |[0m INFO:__main__:--- Round 10 Acc: 36.59%, Loss: 1.8073 ---
[33mserver_1      |[0m INFO:__main__:--- Starting Round 11. Timeout: 300s ---
[33mserver_1      |[0m INFO:werkzeug:172.18.0.18 - - [22/Jan/2026 04:11:09] "POST /submit_update HTTP/1.1" 200 -
[34mclient_004_1  |[0m 2026-01-22 04:11:09,322 - __main__ - INFO - 🚀 Model update submitted successfully.
[34mclient_004_1  |[0m 2026-01-22 04:11:09,322 - __main__ - INFO - Update submitted for Round 10. Waiting...
[35;1mclient_008_1  |[0m 2026-01-22 04:11:09,461 - __main__ - INFO - --- New Round Detected: 11 ---
[33mserver_1      |[0m INFO:werkzeug:172.18.0.22 - - [22/Jan/2026 04:11:09] "GET /download_model?round=11 HTTP/1.1" 200 -
[34;1mclient_009_1  |[0m 2026-01-22 04:11:09,583 - __main__ - INFO - --- New Round Detected: 11 ---
[33mserver_1      |[0m INFO:werkzeug:172.18.0.15 - - [22/Jan/2026 04:11:09] "GET /download_model?round=11 HTTP/1.1" 200 -
[32mclient_002_1  |[0m 2026-01-22 04:11:09,943 - __main__ - INFO - --- New Round Detected: 11 ---
[33mserver_1      |[0m INFO:werkzeug:172.18.0.3 - - [22/Jan/2026 04:11:09] "GET /download_model?round=11 HTTP/1.1" 200 -
[35;1mclient_008_1  |[0m 2026-01-22 04:11:11,025 - __main__ - INFO - Round 11 finished. Loss: 0.5728, Acc: 96.65%
[33mserver_1      |[0m INFO:__main__:Received update from client_008
[33mserver_1      |[0m INFO:werkzeug:172.18.0.22 - - [22/Jan/2026 04:11:11] "POST /submit_update HTTP/1.1" 200 -
[35;1mclient_008_1  |[0m 2026-01-22 04:11:11,180 - __main__ - INFO - 🚀 Model update submitted successfully.
[35;1mclient_008_1  |[0m 2026-01-22 04:11:11,180 - __main__ - INFO - Update submitted for Round 11. Waiting...
[34;1mclient_009_1  |[0m 2026-01-22 04:11:11,187 - __main__ - INFO - Round 11 finished. Loss: 0.9815, Acc: 72.58%
[33mserver_1      |[0m INFO:__main__:Received update from client_009
[33mserver_1      |[0m INFO:werkzeug:172.18.0.15 - - [22/Jan/2026 04:11:11] "POST /submit_update HTTP/1.1" 200 -
[34;1mclient_009_1  |[0m 2026-01-22 04:11:11,324 - __main__ - INFO - 🚀 Model update submitted successfully.
[34;1mclient_009_1  |[0m 2026-01-22 04:11:11,324 - __main__ - INFO - Update submitted for Round 11. Waiting...
[32mclient_002_1  |[0m 2026-01-22 04:11:11,617 - __main__ - INFO - Round 11 finished. Loss: 0.5442, Acc: 95.45%
[33mserver_1      |[0m INFO:__main__:Received update from client_002
[33mserver_1      |[0m INFO:werkzeug:172.18.0.3 - - [22/Jan/2026 04:11:11] "POST /submit_update HTTP/1.1" 200 -
[32mclient_002_1  |[0m 2026-01-22 04:11:11,773 - __main__ - INFO - 🚀 Model update submitted successfully.
[32mclient_002_1  |[0m 2026-01-22 04:11:11,774 - __main__ - INFO - Update submitted for Round 11. Waiting...
[32;1mclient_007_1  |[0m 2026-01-22 04:11:13,029 - __main__ - INFO - --- New Round Detected: 11 ---
[33mserver_1      |[0m INFO:werkzeug:172.18.0.20 - - [22/Jan/2026 04:11:13] "GET /download_model?round=11 HTTP/1.1" 200 -
[33mclient_001_1  |[0m 2026-01-22 04:11:13,244 - __main__ - INFO - --- New Round Detected: 11 ---
[33mserver_1      |[0m INFO:werkzeug:172.18.0.9 - - [22/Jan/2026 04:11:13] "GET /download_model?round=11 HTTP/1.1" 200 -
[32;1mclient_007_1  |[0m 2026-01-22 04:11:13,482 - __main__ - INFO - Round 11 finished. Loss: 1.2239, Acc: 60.99%
[33mserver_1      |[0m INFO:__main__:Received update from client_007
[33mserver_1      |[0m INFO:werkzeug:172.18.0.20 - - [22/Jan/2026 04:11:13] "POST /submit_update HTTP/1.1" 200 -
[32;1mclient_007_1  |[0m 2026-01-22 04:11:13,617 - __main__ - INFO - 🚀 Model update submitted successfully.
[32;1mclient_007_1  |[0m 2026-01-22 04:11:13,618 - __main__ - INFO - Update submitted for Round 11. Waiting...
[33mclient_001_1  |[0m 2026-01-22 04:11:13,889 - __main__ - INFO - Round 11 finished. Loss: 0.4980, Acc: 99.35%
[33mserver_1      |[0m INFO:__main__:Received update from client_001
[33mserver_1      |[0m INFO:__main__:--- Aggregating 5 updates ---
[33mserver_1      |[0m INFO:__main__:⚡ Using Custom Aggregator with Drift Metric...
[33mserver_1      |[0m INFO:server.aggregator:Starting FedAvg aggregation for 5 clients.
[35mclient_003_1  |[0m 2026-01-22 04:11:14,328 - __main__ - INFO - Round 10 finished. Loss: 0.7821, Acc: 81.75%
[33mserver_1      |[0m INFO:werkzeug:172.18.0.8 - - [22/Jan/2026 04:11:14] "[31m[1mPOST /submit_update HTTP/1.1[0m" 400 -
[35mclient_003_1  |[0m 2026-01-22 04:11:14,397 - __main__ - ERROR - Update submission failed: {"error":"Not accepting updates"}
[35mclient_003_1  |[0m 
[35mclient_003_1  |[0m 2026-01-22 04:11:14,397 - __main__ - INFO - Update submitted for Round 10. Waiting...
[33mserver_1      |[0m INFO:server.aggregator:--- [METRIC] Weight Divergence: 1.4891
[33mserver_1      |[0m INFO:server.aggregator:FedAvg aggregation complete.
[33mserver_1      |[0m INFO:__main__:Aggregation complete.
[33mserver_1      |[0m DEBUG: ⚠️ MY CUSTOM AGGREGATOR IS RUNNING ⚠️
[33;1mclient_006_1  |[0m 2026-01-22 04:11:16,238 - __main__ - INFO - --- New Round Detected: 11 ---
[33mserver_1      |[0m INFO:werkzeug:172.18.0.19 - - [22/Jan/2026 04:11:16] "GET /download_model?round=11 HTTP/1.1" 200 -
[33;1mclient_006_1  |[0m 2026-01-22 04:11:16,450 - __main__ - INFO - Round 11 finished. Loss: 1.1899, Acc: 64.29%
[33mserver_1      |[0m INFO:werkzeug:172.18.0.19 - - [22/Jan/2026 04:11:16] "[31m[1mPOST /submit_update HTTP/1.1[0m" 400 -
[33;1mclient_006_1  |[0m 2026-01-22 04:11:16,525 - __main__ - ERROR - Update submission failed: {"error":"Not accepting updates"}
[33;1mclient_006_1  |[0m 
[33;1mclient_006_1  |[0m 2026-01-22 04:11:16,525 - __main__ - INFO - Update submitted for Round 11. Waiting...
[33mserver_1      |[0m INFO:__main__:--- Round 11 Acc: 35.85%, Loss: 1.8203 ---
[33mserver_1      |[0m INFO:__main__:--- Starting Round 12. Timeout: 300s ---
[33mserver_1      |[0m INFO:werkzeug:172.18.0.9 - - [22/Jan/2026 04:11:17] "POST /submit_update HTTP/1.1" 200 -
[36mclient_010_1  |[0m 2026-01-22 04:11:17,321 - __main__ - INFO - --- New Round Detected: 11 ---
[33mserver_1      |[0m INFO:werkzeug:172.18.0.21 - - [22/Jan/2026 04:11:17] "GET /download_model?round=11 HTTP/1.1" 200 -
[33mclient_001_1  |[0m 2026-01-22 04:11:17,345 - __main__ - INFO - 🚀 Model update submitted successfully.
[33mclient_001_1  |[0m 2026-01-22 04:11:17,346 - __main__ - INFO - Update submitted for Round 11. Waiting...
[36mclient_010_1  |[0m 2026-01-22 04:11:17,937 - __main__ - INFO - Round 11 finished. Loss: 0.5548, Acc: 98.03%
[33mserver_1      |[0m INFO:__main__:Received update from client_010
[33mserver_1      |[0m INFO:werkzeug:172.18.0.21 - - [22/Jan/2026 04:11:18] "POST /submit_update HTTP/1.1" 200 -
[36mclient_010_1  |[0m 2026-01-22 04:11:18,072 - __main__ - INFO - 🚀 Model update submitted successfully.
[36mclient_010_1  |[0m 2026-01-22 04:11:18,072 - __main__ - INFO - Update submitted for Round 11. Waiting...
[36;1mclient_005_1  |[0m 2026-01-22 04:11:18,120 - __main__ - INFO - --- New Round Detected: 12 ---
[33mserver_1      |[0m INFO:werkzeug:172.18.0.16 - - [22/Jan/2026 04:11:18] "GET /download_model?round=12 HTTP/1.1" 200 -
[34mclient_004_1  |[0m 2026-01-22 04:11:19,388 - __main__ - INFO - --- New Round Detected: 12 ---
[33mserver_1      |[0m INFO:werkzeug:172.18.0.18 - - [22/Jan/2026 04:11:19] "GET /download_model?round=12 HTTP/1.1" 200 -
[36;1mclient_005_1  |[0m 2026-01-22 04:11:19,743 - __main__ - INFO - Round 12 finished. Loss: 0.6826, Acc: 93.54%
[33mserver_1      |[0m INFO:__main__:Received update from client_005
[33mserver_1      |[0m INFO:werkzeug:172.18.0.16 - - [22/Jan/2026 04:11:19] "POST /submit_update HTTP/1.1" 200 -
[36;1mclient_005_1  |[0m 2026-01-22 04:11:19,878 - __main__ - INFO - 🚀 Model update submitted successfully.
[36;1mclient_005_1  |[0m 2026-01-22 04:11:19,878 - __main__ - INFO - Update submitted for Round 12. Waiting...
[35;1mclient_008_1  |[0m 2026-01-22 04:11:21,248 - __main__ - INFO - --- New Round Detected: 12 ---
[33mserver_1      |[0m INFO:werkzeug:172.18.0.22 - - [22/Jan/2026 04:11:21] "GET /download_model?round=12 HTTP/1.1" 200 -
[34;1mclient_009_1  |[0m 2026-01-22 04:11:21,396 - __main__ - INFO - --- New Round Detected: 12 ---
[33mserver_1      |[0m INFO:werkzeug:172.18.0.15 - - [22/Jan/2026 04:11:21] "GET /download_model?round=12 HTTP/1.1" 200 -
[32mclient_002_1  |[0m 2026-01-22 04:11:21,853 - __main__ - INFO - --- New Round Detected: 12 ---
[33mserver_1      |[0m INFO:werkzeug:172.18.0.3 - - [22/Jan/2026 04:11:21] "GET /download_model?round=12 HTTP/1.1" 200 -
[35;1mclient_008_1  |[0m 2026-01-22 04:11:22,635 - __main__ - INFO - Round 12 finished. Loss: 0.3286, Acc: 98.37%
[33mserver_1      |[0m INFO:__main__:Received update from client_008
[33mserver_1      |[0m INFO:werkzeug:172.18.0.22 - - [22/Jan/2026 04:11:22] "POST /submit_update HTTP/1.1" 200 -
[35;1mclient_008_1  |[0m 2026-01-22 04:11:22,770 - __main__ - INFO - 🚀 Model update submitted successfully.
[35;1mclient_008_1  |[0m 2026-01-22 04:11:22,770 - __main__ - INFO - Update submitted for Round 12. Waiting...
[34;1mclient_009_1  |[0m 2026-01-22 04:11:23,537 - __main__ - INFO - Round 12 finished. Loss: 1.0222, Acc: 68.92%
[32mclient_002_1  |[0m 2026-01-22 04:11:23,634 - __main__ - INFO - Round 12 finished. Loss: 0.3626, Acc: 96.64%
[33mserver_1      |[0m INFO:__main__:Received update from client_009
[33mserver_1      |[0m INFO:werkzeug:172.18.0.15 - - [22/Jan/2026 04:11:23] "POST /submit_update HTTP/1.1" 200 -
[32;1mclient_007_1  |[0m 2026-01-22 04:11:23,685 - __main__ - INFO - --- New Round Detected: 12 ---
[34;1mclient_009_1  |[0m 2026-01-22 04:11:23,694 - __main__ - INFO - 🚀 Model update submitted successfully.
[34;1mclient_009_1  |[0m 2026-01-22 04:11:23,694 - __main__ - INFO - Update submitted for Round 12. Waiting...
[33mserver_1      |[0m INFO:werkzeug:172.18.0.20 - - [22/Jan/2026 04:11:23] "GET /download_model?round=12 HTTP/1.1" 200 -
[33mserver_1      |[0m INFO:__main__:Received update from client_002
[33mserver_1      |[0m INFO:__main__:--- Aggregating 5 updates ---
[33mserver_1      |[0m INFO:__main__:⚡ Using Custom Aggregator with Drift Metric...
[33mserver_1      |[0m INFO:server.aggregator:Starting FedAvg aggregation for 5 clients.
[32;1mclient_007_1  |[0m 2026-01-22 04:11:24,137 - __main__ - INFO - Round 12 finished. Loss: 1.3808, Acc: 61.54%
[33mserver_1      |[0m INFO:werkzeug:172.18.0.20 - - [22/Jan/2026 04:11:24] "[31m[1mPOST /submit_update HTTP/1.1[0m" 400 -
[32;1mclient_007_1  |[0m 2026-01-22 04:11:24,202 - __main__ - ERROR - Update submission failed: {"error":"Not accepting updates"}
[32;1mclient_007_1  |[0m 
[32;1mclient_007_1  |[0m 2026-01-22 04:11:24,202 - __main__ - INFO - Update submitted for Round 12. Waiting...
[35mclient_003_1  |[0m 2026-01-22 04:11:24,523 - __main__ - INFO - --- New Round Detected: 12 ---
[33mserver_1      |[0m INFO:werkzeug:172.18.0.8 - - [22/Jan/2026 04:11:24] "GET /download_model?round=12 HTTP/1.1" 200 -
[34mclient_004_1  |[0m 2026-01-22 04:11:24,687 - __main__ - INFO - Round 12 finished. Loss: 0.7175, Acc: 87.33%
[33mserver_1      |[0m INFO:werkzeug:172.18.0.18 - - [22/Jan/2026 04:11:24] "[31m[1mPOST /submit_update HTTP/1.1[0m" 400 -
[34mclient_004_1  |[0m 2026-01-22 04:11:24,750 - __main__ - ERROR - Update submission failed: {"error":"Not accepting updates"}
[34mclient_004_1  |[0m 
[34mclient_004_1  |[0m 2026-01-22 04:11:24,750 - __main__ - INFO - Update submitted for Round 12. Waiting...
[33mserver_1      |[0m INFO:server.aggregator:--- [METRIC] Weight Divergence: 1.6400
[33mserver_1      |[0m INFO:server.aggregator:FedAvg aggregation complete.
[33mserver_1      |[0m INFO:__main__:Aggregation complete.
[33mserver_1      |[0m DEBUG: ⚠️ MY CUSTOM AGGREGATOR IS RUNNING ⚠️
[33;1mclient_006_1  |[0m 2026-01-22 04:11:26,590 - __main__ - INFO - --- New Round Detected: 12 ---
[33mserver_1      |[0m INFO:werkzeug:172.18.0.19 - - [22/Jan/2026 04:11:26] "GET /download_model?round=12 HTTP/1.1" 200 -
[33;1mclient_006_1  |[0m 2026-01-22 04:11:26,734 - __main__ - INFO - Round 12 finished. Loss: 1.1835, Acc: 71.43%
[33mserver_1      |[0m INFO:werkzeug:172.18.0.19 - - [22/Jan/2026 04:11:26] "[31m[1mPOST /submit_update HTTP/1.1[0m" 400 -
[33;1mclient_006_1  |[0m 2026-01-22 04:11:26,798 - __main__ - ERROR - Update submission failed: {"error":"Not accepting updates"}
[33;1mclient_006_1  |[0m 
[33;1mclient_006_1  |[0m 2026-01-22 04:11:26,798 - __main__ - INFO - Update submitted for Round 12. Waiting...
[33mserver_1      |[0m INFO:__main__:--- Round 12 Acc: 33.14%, Loss: 1.8776 ---
[33mserver_1      |[0m INFO:__main__:--- Starting Round 13. Timeout: 300s ---
[33mserver_1      |[0m INFO:werkzeug:172.18.0.3 - - [22/Jan/2026 04:11:27] "POST /submit_update HTTP/1.1" 200 -
[32mclient_002_1  |[0m 2026-01-22 04:11:27,063 - __main__ - INFO - 🚀 Model update submitted successfully.
[32mclient_002_1  |[0m 2026-01-22 04:11:27,064 - __main__ - INFO - Update submitted for Round 12. Waiting...
[33mclient_001_1  |[0m 2026-01-22 04:11:27,408 - __main__ - INFO - --- New Round Detected: 13 ---
[33mserver_1      |[0m INFO:werkzeug:172.18.0.9 - - [22/Jan/2026 04:11:27] "GET /download_model?round=13 HTTP/1.1" 200 -
[33mclient_001_1  |[0m 2026-01-22 04:11:28,033 - __main__ - INFO - Round 13 finished. Loss: 0.2586, Acc: 99.35%
[36mclient_010_1  |[0m 2026-01-22 04:11:28,133 - __main__ - INFO - --- New Round Detected: 13 ---
[33mserver_1      |[0m INFO:__main__:Received update from client_001
[33mserver_1      |[0m INFO:werkzeug:172.18.0.9 - - [22/Jan/2026 04:11:28] "POST /submit_update HTTP/1.1" 200 -
[33mserver_1      |[0m INFO:werkzeug:172.18.0.21 - - [22/Jan/2026 04:11:28] "GET /download_model?round=13 HTTP/1.1" 200 -
[33mclient_001_1  |[0m 2026-01-22 04:11:28,169 - __main__ - INFO - 🚀 Model update submitted successfully.
[33mclient_001_1  |[0m 2026-01-22 04:11:28,170 - __main__ - INFO - Update submitted for Round 13. Waiting...
[36mclient_010_1  |[0m 2026-01-22 04:11:28,868 - __main__ - INFO - Round 13 finished. Loss: 0.3004, Acc: 98.03%
[33mserver_1      |[0m INFO:__main__:Received update from client_010
[33mserver_1      |[0m INFO:werkzeug:172.18.0.21 - - [22/Jan/2026 04:11:28] "POST /submit_update HTTP/1.1" 200 -
[36mclient_010_1  |[0m 2026-01-22 04:11:29,005 - __main__ - INFO - 🚀 Model update submitted successfully.
[36mclient_010_1  |[0m 2026-01-22 04:11:29,005 - __main__ - INFO - Update submitted for Round 13. Waiting...
[36;1mclient_005_1  |[0m 2026-01-22 04:11:29,942 - __main__ - INFO - --- New Round Detected: 13 ---
[33mserver_1      |[0m INFO:werkzeug:172.18.0.16 - - [22/Jan/2026 04:11:29] "GET /download_model?round=13 HTTP/1.1" 200 -
[36;1mclient_005_1  |[0m 2026-01-22 04:11:31,122 - __main__ - INFO - Round 13 finished. Loss: 0.5473, Acc: 93.94%
[33mserver_1      |[0m INFO:__main__:Received update from client_005
[33mserver_1      |[0m INFO:werkzeug:172.18.0.16 - - [22/Jan/2026 04:11:31] "POST /submit_update HTTP/1.1" 200 -
[36;1mclient_005_1  |[0m 2026-01-22 04:11:31,275 - __main__ - INFO - 🚀 Model update submitted successfully.
[36;1mclient_005_1  |[0m 2026-01-22 04:11:31,275 - __main__ - INFO - Update submitted for Round 13. Waiting...
[35mclient_003_1  |[0m 2026-01-22 04:11:31,634 - __main__ - INFO - Round 12 finished. Loss: 1.0203, Acc: 77.69%
[33mserver_1      |[0m INFO:__main__:Received update from client_003
[33mserver_1      |[0m INFO:werkzeug:172.18.0.8 - - [22/Jan/2026 04:11:31] "POST /submit_update HTTP/1.1" 200 -
[35mclient_003_1  |[0m 2026-01-22 04:11:31,767 - __main__ - INFO - 🚀 Model update submitted successfully.
[35mclient_003_1  |[0m 2026-01-22 04:11:31,767 - __main__ - INFO - Update submitted for Round 12. Waiting...
[35;1mclient_008_1  |[0m 2026-01-22 04:11:32,843 - __main__ - INFO - --- New Round Detected: 13 ---
[33mserver_1      |[0m INFO:werkzeug:172.18.0.22 - - [22/Jan/2026 04:11:32] "GET /download_model?round=13 HTTP/1.1" 200 -
[34;1mclient_009_1  |[0m 2026-01-22 04:11:33,765 - __main__ - INFO - --- New Round Detected: 13 ---
[33mserver_1      |[0m INFO:werkzeug:172.18.0.15 - - [22/Jan/2026 04:11:33] "GET /download_model?round=13 HTTP/1.1" 200 -
[35;1mclient_008_1  |[0m 2026-01-22 04:11:34,183 - __main__ - INFO - Round 13 finished. Loss: 0.3146, Acc: 98.52%
[32;1mclient_007_1  |[0m 2026-01-22 04:11:34,263 - __main__ - INFO - --- New Round Detected: 13 ---
[33mserver_1      |[0m INFO:werkzeug:172.18.0.20 - - [22/Jan/2026 04:11:34] "GET /download_model?round=13 HTTP/1.1" 200 -
[33mserver_1      |[0m INFO:__main__:Received update from client_008
[33mserver_1      |[0m INFO:__main__:--- Aggregating 5 updates ---
[33mserver_1      |[0m INFO:__main__:⚡ Using Custom Aggregator with Drift Metric...
[33mserver_1      |[0m INFO:server.aggregator:Starting FedAvg aggregation for 5 clients.
[32;1mclient_007_1  |[0m 2026-01-22 04:11:34,745 - __main__ - INFO - Round 13 finished. Loss: 1.2686, Acc: 57.88%
[33mserver_1      |[0m INFO:werkzeug:172.18.0.20 - - [22/Jan/2026 04:11:34] "[31m[1mPOST /submit_update HTTP/1.1[0m" 400 -
[34mclient_004_1  |[0m 2026-01-22 04:11:34,839 - __main__ - INFO - --- New Round Detected: 13 ---
[32;1mclient_007_1  |[0m 2026-01-22 04:11:34,843 - __main__ - ERROR - Update submission failed: {"error":"Not accepting updates"}
[32;1mclient_007_1  |[0m 
[32;1mclient_007_1  |[0m 2026-01-22 04:11:34,843 - __main__ - INFO - Update submitted for Round 13. Waiting...
[33mserver_1      |[0m INFO:werkzeug:172.18.0.18 - - [22/Jan/2026 04:11:34] "GET /download_model?round=13 HTTP/1.1" 200 -
[34;1mclient_009_1  |[0m 2026-01-22 04:11:35,108 - __main__ - INFO - Round 13 finished. Loss: 0.7797, Acc: 76.60%
[33mserver_1      |[0m INFO:werkzeug:172.18.0.15 - - [22/Jan/2026 04:11:35] "[31m[1mPOST /submit_update HTTP/1.1[0m" 400 -
[34;1mclient_009_1  |[0m 2026-01-22 04:11:35,184 - __main__ - ERROR - Update submission failed: {"error":"Not accepting updates"}
[34;1mclient_009_1  |[0m 
[34;1mclient_009_1  |[0m 2026-01-22 04:11:35,184 - __main__ - INFO - Update submitted for Round 13. Waiting...
[33mserver_1      |[0m INFO:server.aggregator:--- [METRIC] Weight Divergence: 2.7948
[33mserver_1      |[0m INFO:server.aggregator:FedAvg aggregation complete.
[33mserver_1      |[0m INFO:__main__:Aggregation complete.
[33mserver_1      |[0m DEBUG: ⚠️ MY CUSTOM AGGREGATOR IS RUNNING ⚠️
[33;1mclient_006_1  |[0m 2026-01-22 04:11:36,864 - __main__ - INFO - --- New Round Detected: 13 ---
[33mserver_1      |[0m INFO:werkzeug:172.18.0.19 - - [22/Jan/2026 04:11:36] "GET /download_model?round=13 HTTP/1.1" 200 -
[33;1mclient_006_1  |[0m 2026-01-22 04:11:37,005 - __main__ - INFO - Round 13 finished. Loss: 1.2060, Acc: 57.14%
[33mserver_1      |[0m INFO:werkzeug:172.18.0.19 - - [22/Jan/2026 04:11:37] "[31m[1mPOST /submit_update HTTP/1.1[0m" 400 -
[33mserver_1      |[0m INFO:__main__:--- Round 13 Acc: 41.75%, Loss: 1.7230 ---
[33mserver_1      |[0m INFO:__main__:--- Starting Round 14. Timeout: 300s ---
[33mserver_1      |[0m INFO:werkzeug:172.18.0.22 - - [22/Jan/2026 04:11:37] "POST /submit_update HTTP/1.1" 200 -
[35;1mclient_008_1  |[0m 2026-01-22 04:11:37,064 - __main__ - INFO - 🚀 Model update submitted successfully.
[35;1mclient_008_1  |[0m 2026-01-22 04:11:37,064 - __main__ - INFO - Update submitted for Round 13. Waiting...
[33;1mclient_006_1  |[0m 2026-01-22 04:11:37,073 - __main__ - ERROR - Update submission failed: {"error":"Not accepting updates"}
[33;1mclient_006_1  |[0m 
[33;1mclient_006_1  |[0m 2026-01-22 04:11:37,074 - __main__ - INFO - Update submitted for Round 13. Waiting...
[32mclient_002_1  |[0m 2026-01-22 04:11:37,127 - __main__ - INFO - --- New Round Detected: 14 ---
[33mserver_1      |[0m INFO:werkzeug:172.18.0.3 - - [22/Jan/2026 04:11:37] "GET /download_model?round=14 HTTP/1.1" 200 -
[34mclient_004_1  |[0m 2026-01-22 04:11:38,091 - __main__ - INFO - Round 13 finished. Loss: 0.7207, Acc: 88.36%
[33mserver_1      |[0m INFO:__main__:Received update from client_004
[33mserver_1      |[0m INFO:werkzeug:172.18.0.18 - - [22/Jan/2026 04:11:38] "POST /submit_update HTTP/1.1" 200 -
[34mclient_004_1  |[0m 2026-01-22 04:11:38,225 - __main__ - INFO - 🚀 Model update submitted successfully.
[34mclient_004_1  |[0m 2026-01-22 04:11:38,225 - __main__ - INFO - Update submitted for Round 13. Waiting...
[33mclient_001_1  |[0m 2026-01-22 04:11:38,231 - __main__ - INFO - --- New Round Detected: 14 ---
[33mserver_1      |[0m INFO:werkzeug:172.18.0.9 - - [22/Jan/2026 04:11:38] "GET /download_model?round=14 HTTP/1.1" 200 -
[32mclient_002_1  |[0m 2026-01-22 04:11:38,722 - __main__ - INFO - Round 14 finished. Loss: 0.4324, Acc: 95.95%
[33mclient_001_1  |[0m 2026-01-22 04:11:38,833 - __main__ - INFO - Round 14 finished. Loss: 0.3277, Acc: 98.71%
[33mserver_1      |[0m INFO:__main__:Received update from client_002
[33mserver_1      |[0m INFO:werkzeug:172.18.0.3 - - [22/Jan/2026 04:11:38] "POST /submit_update HTTP/1.1" 200 -
[32mclient_002_1  |[0m 2026-01-22 04:11:38,903 - __main__ - INFO - 🚀 Model update submitted successfully.
[32mclient_002_1  |[0m 2026-01-22 04:11:38,903 - __main__ - INFO - Update submitted for Round 14. Waiting...
[33mserver_1      |[0m INFO:__main__:Received update from client_001
[33mserver_1      |[0m INFO:werkzeug:172.18.0.9 - - [22/Jan/2026 04:11:38] "POST /submit_update HTTP/1.1" 200 -
[33mclient_001_1  |[0m 2026-01-22 04:11:38,969 - __main__ - INFO - 🚀 Model update submitted successfully.
[33mclient_001_1  |[0m 2026-01-22 04:11:38,969 - __main__ - INFO - Update submitted for Round 14. Waiting...
[36mclient_010_1  |[0m 2026-01-22 04:11:39,071 - __main__ - INFO - --- New Round Detected: 14 ---
[33mserver_1      |[0m INFO:werkzeug:172.18.0.21 - - [22/Jan/2026 04:11:39] "GET /download_model?round=14 HTTP/1.1" 200 -
[36mclient_010_1  |[0m 2026-01-22 04:11:39,726 - __main__ - INFO - Round 14 finished. Loss: 0.4038, Acc: 98.15%
[33mserver_1      |[0m INFO:__main__:Received update from client_010
[33mserver_1      |[0m INFO:werkzeug:172.18.0.21 - - [22/Jan/2026 04:11:39] "POST /submit_update HTTP/1.1" 200 -
[36mclient_010_1  |[0m 2026-01-22 04:11:39,861 - __main__ - INFO - 🚀 Model update submitted successfully.
[36mclient_010_1  |[0m 2026-01-22 04:11:39,862 - __main__ - INFO - Update submitted for Round 14. Waiting...
[36;1mclient_005_1  |[0m 2026-01-22 04:11:41,340 - __main__ - INFO - --- New Round Detected: 14 ---
[33mserver_1      |[0m INFO:werkzeug:172.18.0.16 - - [22/Jan/2026 04:11:41] "GET /download_model?round=14 HTTP/1.1" 200 -
[35mclient_003_1  |[0m 2026-01-22 04:11:41,846 - __main__ - INFO - --- New Round Detected: 14 ---
[33mserver_1      |[0m INFO:werkzeug:172.18.0.8 - - [22/Jan/2026 04:11:41] "GET /download_model?round=14 HTTP/1.1" 200 -
[36;1mclient_005_1  |[0m 2026-01-22 04:11:43,355 - __main__ - INFO - Round 14 finished. Loss: 0.5633, Acc: 94.00%
[33mserver_1      |[0m INFO:__main__:Received update from client_005
[33mserver_1      |[0m INFO:__main__:--- Aggregating 5 updates ---
[33mserver_1      |[0m INFO:__main__:⚡ Using Custom Aggregator with Drift Metric...
[33mserver_1      |[0m INFO:server.aggregator:Starting FedAvg aggregation for 5 clients.
[33mserver_1      |[0m INFO:server.aggregator:--- [METRIC] Weight Divergence: 2.3854
[33mserver_1      |[0m INFO:server.aggregator:FedAvg aggregation complete.
[33mserver_1      |[0m INFO:__main__:Aggregation complete.
[33mserver_1      |[0m DEBUG: ⚠️ MY CUSTOM AGGREGATOR IS RUNNING ⚠️
[32;1mclient_007_1  |[0m 2026-01-22 04:11:44,917 - __main__ - INFO - --- New Round Detected: 14 ---
[33mserver_1      |[0m INFO:werkzeug:172.18.0.20 - - [22/Jan/2026 04:11:44] "GET /download_model?round=14 HTTP/1.1" 200 -
[34;1mclient_009_1  |[0m 2026-01-22 04:11:45,247 - __main__ - INFO - --- New Round Detected: 14 ---
[33mserver_1      |[0m INFO:werkzeug:172.18.0.15 - - [22/Jan/2026 04:11:45] "GET /download_model?round=14 HTTP/1.1" 200 -
[32;1mclient_007_1  |[0m 2026-01-22 04:11:45,276 - __main__ - INFO - Round 14 finished. Loss: 1.3153, Acc: 62.27%
[33mserver_1      |[0m INFO:werkzeug:172.18.0.20 - - [22/Jan/2026 04:11:45] "[31m[1mPOST /submit_update HTTP/1.1[0m" 400 -
[32;1mclient_007_1  |[0m 2026-01-22 04:11:45,339 - __main__ - ERROR - Update submission failed: {"error":"Not accepting updates"}
[32;1mclient_007_1  |[0m 
[32;1mclient_007_1  |[0m 2026-01-22 04:11:45,339 - __main__ - INFO - Update submitted for Round 14. Waiting...
[33mserver_1      |[0m INFO:__main__:--- Round 14 Acc: 38.72%, Loss: 1.8236 ---
[33mserver_1      |[0m INFO:__main__:--- Starting Round 15. Timeout: 300s ---
[33mserver_1      |[0m INFO:werkzeug:172.18.0.16 - - [22/Jan/2026 04:11:45] "POST /submit_update HTTP/1.1" 200 -
[36;1mclient_005_1  |[0m 2026-01-22 04:11:45,909 - __main__ - INFO - 🚀 Model update submitted successfully.
[36;1mclient_005_1  |[0m 2026-01-22 04:11:45,910 - __main__ - INFO - Update submitted for Round 14. Waiting...
[34;1mclient_009_1  |[0m 2026-01-22 04:11:46,697 - __main__ - INFO - Round 14 finished. Loss: 0.8939, Acc: 75.65%
[33mserver_1      |[0m INFO:__main__:Received update from client_009
[33mserver_1      |[0m INFO:werkzeug:172.18.0.15 - - [22/Jan/2026 04:11:46] "POST /submit_update HTTP/1.1" 200 -
[34;1mclient_009_1  |[0m 2026-01-22 04:11:46,832 - __main__ - INFO - 🚀 Model update submitted successfully.
[34;1mclient_009_1  |[0m 2026-01-22 04:11:46,832 - __main__ - INFO - Update submitted for Round 14. Waiting...
[35;1mclient_008_1  |[0m 2026-01-22 04:11:47,126 - __main__ - INFO - --- New Round Detected: 15 ---
[33;1mclient_006_1  |[0m 2026-01-22 04:11:47,136 - __main__ - INFO - --- New Round Detected: 15 ---
[33mserver_1      |[0m INFO:werkzeug:172.18.0.22 - - [22/Jan/2026 04:11:47] "GET /download_model?round=15 HTTP/1.1" 200 -
[33mserver_1      |[0m INFO:werkzeug:172.18.0.19 - - [22/Jan/2026 04:11:47] "GET /download_model?round=15 HTTP/1.1" 200 -
[33;1mclient_006_1  |[0m 2026-01-22 04:11:47,283 - __main__ - INFO - Round 15 finished. Loss: 1.0578, Acc: 64.29%
[33mserver_1      |[0m INFO:__main__:Received update from client_006
[33mserver_1      |[0m INFO:werkzeug:172.18.0.19 - - [22/Jan/2026 04:11:47] "POST /submit_update HTTP/1.1" 200 -
[33;1mclient_006_1  |[0m 2026-01-22 04:11:47,418 - __main__ - INFO - 🚀 Model update submitted successfully.
[33;1mclient_006_1  |[0m 2026-01-22 04:11:47,419 - __main__ - INFO - Update submitted for Round 15. Waiting...
[34mclient_004_1  |[0m 2026-01-22 04:11:48,290 - __main__ - INFO - --- New Round Detected: 15 ---
[33mserver_1      |[0m INFO:werkzeug:172.18.0.18 - - [22/Jan/2026 04:11:48] "GET /download_model?round=15 HTTP/1.1" 200 -
[35;1mclient_008_1  |[0m 2026-01-22 04:11:48,640 - __main__ - INFO - Round 15 finished. Loss: 0.5257, Acc: 95.81%
[33mserver_1      |[0m INFO:__main__:Received update from client_008
[33mserver_1      |[0m INFO:werkzeug:172.18.0.22 - - [22/Jan/2026 04:11:48] "POST /submit_update HTTP/1.1" 200 -
[35;1mclient_008_1  |[0m 2026-01-22 04:11:48,794 - __main__ - INFO - 🚀 Model update submitted successfully.
[35;1mclient_008_1  |[0m 2026-01-22 04:11:48,795 - __main__ - INFO - Update submitted for Round 15. Waiting...
[32mclient_002_1  |[0m 2026-01-22 04:11:48,969 - __main__ - INFO - --- New Round Detected: 15 ---
[33mserver_1      |[0m INFO:werkzeug:172.18.0.3 - - [22/Jan/2026 04:11:48] "GET /download_model?round=15 HTTP/1.1" 200 -
[33mclient_001_1  |[0m 2026-01-22 04:11:49,032 - __main__ - INFO - --- New Round Detected: 15 ---
[33mserver_1      |[0m INFO:werkzeug:172.18.0.9 - - [22/Jan/2026 04:11:49] "GET /download_model?round=15 HTTP/1.1" 200 -
[33mclient_001_1  |[0m 2026-01-22 04:11:49,524 - __main__ - INFO - Round 15 finished. Loss: 0.3446, Acc: 99.03%
[33mserver_1      |[0m INFO:__main__:Received update from client_001
[33mserver_1      |[0m INFO:werkzeug:172.18.0.9 - - [22/Jan/2026 04:11:49] "POST /submit_update HTTP/1.1" 200 -
[33mclient_001_1  |[0m 2026-01-22 04:11:49,677 - __main__ - INFO - 🚀 Model update submitted successfully.
[33mclient_001_1  |[0m 2026-01-22 04:11:49,677 - __main__ - INFO - Update submitted for Round 15. Waiting...
[36mclient_010_1  |[0m 2026-01-22 04:11:49,925 - __main__ - INFO - --- New Round Detected: 15 ---
[33mserver_1      |[0m INFO:werkzeug:172.18.0.21 - - [22/Jan/2026 04:11:49] "GET /download_model?round=15 HTTP/1.1" 200 -
[36mclient_010_1  |[0m 2026-01-22 04:11:50,611 - __main__ - INFO - Round 15 finished. Loss: 0.4725, Acc: 97.29%
[33mserver_1      |[0m INFO:__main__:Received update from client_010
[33mserver_1      |[0m INFO:__main__:--- Aggregating 5 updates ---
[33mserver_1      |[0m INFO:__main__:⚡ Using Custom Aggregator with Drift Metric...
[33mserver_1      |[0m INFO:server.aggregator:Starting FedAvg aggregation for 5 clients.
[32mclient_002_1  |[0m 2026-01-22 04:11:50,735 - __main__ - INFO - Round 15 finished. Loss: 0.4692, Acc: 93.68%
[33mserver_1      |[0m INFO:werkzeug:172.18.0.3 - - [22/Jan/2026 04:11:50] "[31m[1mPOST /submit_update HTTP/1.1[0m" 400 -
[32mclient_002_1  |[0m 2026-01-22 04:11:50,798 - __main__ - ERROR - Update submission failed: {"error":"Not accepting updates"}
[32mclient_002_1  |[0m 
[32mclient_002_1  |[0m 2026-01-22 04:11:50,799 - __main__ - INFO - Update submitted for Round 15. Waiting...
[33mserver_1      |[0m INFO:server.aggregator:--- [METRIC] Weight Divergence: 1.6509
[33mserver_1      |[0m INFO:server.aggregator:FedAvg aggregation complete.
[33mserver_1      |[0m INFO:__main__:Aggregation complete.
[33mserver_1      |[0m DEBUG: ⚠️ MY CUSTOM AGGREGATOR IS RUNNING ⚠️
[34mclient_004_1  |[0m 2026-01-22 04:11:53,739 - __main__ - INFO - Round 15 finished. Loss: 0.5136, Acc: 92.65%
[33mserver_1      |[0m INFO:werkzeug:172.18.0.18 - - [22/Jan/2026 04:11:53] "[31m[1mPOST /submit_update HTTP/1.1[0m" 400 -
[34mclient_004_1  |[0m 2026-01-22 04:11:53,805 - __main__ - ERROR - Update submission failed: {"error":"Not accepting updates"}
[34mclient_004_1  |[0m 
[34mclient_004_1  |[0m 2026-01-22 04:11:53,805 - __main__ - INFO - Update submitted for Round 15. Waiting...
[35mclient_003_1  |[0m 2026-01-22 04:11:54,406 - __main__ - INFO - Round 14 finished. Loss: 0.6770, Acc: 85.67%
[33mserver_1      |[0m INFO:werkzeug:172.18.0.8 - - [22/Jan/2026 04:11:54] "[31m[1mPOST /submit_update HTTP/1.1[0m" 400 -
[35mclient_003_1  |[0m 2026-01-22 04:11:54,472 - __main__ - ERROR - Update submission failed: {"error":"Not accepting updates"}
[35mclient_003_1  |[0m 
[35mclient_003_1  |[0m 2026-01-22 04:11:54,472 - __main__ - INFO - Update submitted for Round 14. Waiting...
[33mserver_1      |[0m INFO:__main__:--- Round 15 Acc: 33.72%, Loss: 1.8859 ---
[33mserver_1      |[0m INFO:__main__:--- Starting Round 16. Timeout: 300s ---
[33mserver_1      |[0m INFO:werkzeug:172.18.0.21 - - [22/Jan/2026 04:11:54] "POST /submit_update HTTP/1.1" 200 -
[36mclient_010_1  |[0m 2026-01-22 04:11:54,640 - __main__ - INFO - 🚀 Model update submitted successfully.
[36mclient_010_1  |[0m 2026-01-22 04:11:54,640 - __main__ - INFO - Update submitted for Round 15. Waiting...
[32;1mclient_007_1  |[0m 2026-01-22 04:11:55,411 - __main__ - INFO - --- New Round Detected: 16 ---
[33mserver_1      |[0m INFO:werkzeug:172.18.0.20 - - [22/Jan/2026 04:11:55] "GET /download_model?round=16 HTTP/1.1" 200 -
[32;1mclient_007_1  |[0m 2026-01-22 04:11:55,891 - __main__ - INFO - Round 16 finished. Loss: 1.5300, Acc: 59.89%
[33mclient_011_1  |[0m 2026-01-22 04:11:55,939 - __main__ - INFO - Round 0 finished. Loss: 1.8411, Acc: 38.49%
[36;1mclient_005_1  |[0m 2026-01-22 04:11:55,971 - __main__ - INFO - --- New Round Detected: 16 ---
[33mserver_1      |[0m INFO:werkzeug:172.18.0.16 - - [22/Jan/2026 04:11:55] "GET /download_model?round=16 HTTP/1.1" 200 -
[33mserver_1      |[0m INFO:__main__:Received update from client_007
[33mserver_1      |[0m INFO:werkzeug:172.18.0.20 - - [22/Jan/2026 04:11:56] "POST /submit_update HTTP/1.1" 200 -
[32;1mclient_007_1  |[0m 2026-01-22 04:11:56,031 - __main__ - INFO - 🚀 Model update submitted successfully.
[32;1mclient_007_1  |[0m 2026-01-22 04:11:56,031 - __main__ - INFO - Update submitted for Round 16. Waiting...
[33mserver_1      |[0m INFO:__main__:Received update from client_011
[33mserver_1      |[0m INFO:werkzeug:172.18.0.11 - - [22/Jan/2026 04:11:56] "POST /submit_update HTTP/1.1" 200 -
[34;1mclient_009_1  |[0m 2026-01-22 04:11:56,950 - __main__ - INFO - --- New Round Detected: 16 ---
[33mserver_1      |[0m INFO:werkzeug:172.18.0.15 - - [22/Jan/2026 04:11:56] "GET /download_model?round=16 HTTP/1.1" 200 -
[33mclient_011_1  |[0m 2026-01-22 04:11:57,157 - __main__ - INFO - 🚀 Model update submitted successfully.
[33mclient_011_1  |[0m 2026-01-22 04:11:57,157 - __main__ - INFO - Update submitted for Round 0. Waiting...
[33;1mclient_006_1  |[0m 2026-01-22 04:11:57,481 - __main__ - INFO - --- New Round Detected: 16 ---
[33mserver_1      |[0m INFO:werkzeug:172.18.0.19 - - [22/Jan/2026 04:11:57] "GET /download_model?round=16 HTTP/1.1" 200 -
[33;1mclient_006_1  |[0m 2026-01-22 04:11:57,647 - __main__ - INFO - Round 16 finished. Loss: 0.8932, Acc: 78.57%
[33mserver_1      |[0m INFO:__main__:Received update from client_006
[33mserver_1      |[0m INFO:werkzeug:172.18.0.19 - - [22/Jan/2026 04:11:57] "POST /submit_update HTTP/1.1" 200 -
[33;1mclient_006_1  |[0m 2026-01-22 04:11:57,783 - __main__ - INFO - 🚀 Model update submitted successfully.
[33;1mclient_006_1  |[0m 2026-01-22 04:11:57,783 - __main__ - INFO - Update submitted for Round 16. Waiting...
[36;1mclient_005_1  |[0m 2026-01-22 04:11:57,968 - __main__ - INFO - Round 16 finished. Loss: 0.6528, Acc: 94.19%
[33mserver_1      |[0m INFO:__main__:Received update from client_005
[33mserver_1      |[0m INFO:werkzeug:172.18.0.16 - - [22/Jan/2026 04:11:58] "POST /submit_update HTTP/1.1" 200 -
[36;1mclient_005_1  |[0m 2026-01-22 04:11:58,108 - __main__ - INFO - 🚀 Model update submitted successfully.
[36;1mclient_005_1  |[0m 2026-01-22 04:11:58,108 - __main__ - INFO - Update submitted for Round 16. Waiting...
[34;1mclient_009_1  |[0m 2026-01-22 04:11:58,846 - __main__ - INFO - Round 16 finished. Loss: 0.6892, Acc: 80.15%
[35;1mclient_008_1  |[0m 2026-01-22 04:11:58,856 - __main__ - INFO - --- New Round Detected: 16 ---
[33mserver_1      |[0m INFO:werkzeug:172.18.0.22 - - [22/Jan/2026 04:11:58] "GET /download_model?round=16 HTTP/1.1" 200 -
[33mserver_1      |[0m INFO:__main__:Received update from client_009
[33mserver_1      |[0m INFO:__main__:--- Aggregating 5 updates ---
[33mserver_1      |[0m INFO:__main__:⚡ Using Custom Aggregator with Drift Metric...
[33mserver_1      |[0m INFO:server.aggregator:Starting FedAvg aggregation for 5 clients.
[33mclient_001_1  |[0m 2026-01-22 04:11:59,741 - __main__ - INFO - --- New Round Detected: 16 ---
[33mserver_1      |[0m INFO:werkzeug:172.18.0.9 - - [22/Jan/2026 04:12:00] "GET /download_model?round=16 HTTP/1.1" 200 -
[35;1mclient_008_1  |[0m 2026-01-22 04:12:00,205 - __main__ - INFO - Round 16 finished. Loss: 0.2967, Acc: 98.77%
[33mserver_1      |[0m INFO:werkzeug:172.18.0.22 - - [22/Jan/2026 04:12:00] "[31m[1mPOST /submit_update HTTP/1.1[0m" 400 -
[35;1mclient_008_1  |[0m 2026-01-22 04:12:00,269 - __main__ - ERROR - Update submission failed: {"error":"Not accepting updates"}
[35;1mclient_008_1  |[0m 
[35;1mclient_008_1  |[0m 2026-01-22 04:12:00,270 - __main__ - INFO - Update submitted for Round 16. Waiting...
[33mclient_001_1  |[0m 2026-01-22 04:12:00,642 - __main__ - INFO - Round 16 finished. Loss: 0.2337, Acc: 99.35%
[33mserver_1      |[0m INFO:werkzeug:172.18.0.9 - - [22/Jan/2026 04:12:00] "[31m[1mPOST /submit_update HTTP/1.1[0m" 400 -
[33mclient_001_1  |[0m 2026-01-22 04:12:00,707 - __main__ - ERROR - Update submission failed: {"error":"Not accepting updates"}
[33mclient_001_1  |[0m 
[33mclient_001_1  |[0m 2026-01-22 04:12:00,707 - __main__ - INFO - Update submitted for Round 16. Waiting...
[33mserver_1      |[0m INFO:server.aggregator:--- [METRIC] Weight Divergence: 2.8729
[33mserver_1      |[0m INFO:server.aggregator:FedAvg aggregation complete.
[33mserver_1      |[0m INFO:__main__:Aggregation complete.
[33mserver_1      |[0m DEBUG: ⚠️ MY CUSTOM AGGREGATOR IS RUNNING ⚠️
[32mclient_002_1  |[0m 2026-01-22 04:12:00,901 - __main__ - INFO - --- New Round Detected: 16 ---
[33mserver_1      |[0m INFO:werkzeug:172.18.0.3 - - [22/Jan/2026 04:12:00] "GET /download_model?round=16 HTTP/1.1" 200 -
[33mserver_1      |[0m INFO:__main__:--- Round 16 Acc: 36.21%, Loss: 1.8638 ---
[33mserver_1      |[0m INFO:__main__:--- Starting Round 17. Timeout: 300s ---
[33mserver_1      |[0m INFO:werkzeug:172.18.0.15 - - [22/Jan/2026 04:12:02] "POST /submit_update HTTP/1.1" 200 -
[34;1mclient_009_1  |[0m 2026-01-22 04:12:02,094 - __main__ - INFO - 🚀 Model update submitted successfully.
[34;1mclient_009_1  |[0m 2026-01-22 04:12:02,095 - __main__ - INFO - Update submitted for Round 16. Waiting...
[32mclient_002_1  |[0m 2026-01-22 04:12:02,666 - __main__ - INFO - Round 16 finished. Loss: 0.3493, Acc: 97.23%
[33mserver_1      |[0m INFO:__main__:Received update from client_002
[33mserver_1      |[0m INFO:werkzeug:172.18.0.3 - - [22/Jan/2026 04:12:02] "POST /submit_update HTTP/1.1" 200 -
[32mclient_002_1  |[0m 2026-01-22 04:12:02,802 - __main__ - INFO - 🚀 Model update submitted successfully.
[32mclient_002_1  |[0m 2026-01-22 04:12:02,803 - __main__ - INFO - Update submitted for Round 16. Waiting...
[34mclient_004_1  |[0m 2026-01-22 04:12:03,869 - __main__ - INFO - --- New Round Detected: 17 ---
[33mserver_1      |[0m INFO:werkzeug:172.18.0.18 - - [22/Jan/2026 04:12:03] "GET /download_model?round=17 HTTP/1.1" 200 -
[35mclient_003_1  |[0m 2026-01-22 04:12:04,536 - __main__ - INFO - --- New Round Detected: 17 ---
[33mserver_1      |[0m INFO:werkzeug:172.18.0.8 - - [22/Jan/2026 04:12:04] "GET /download_model?round=17 HTTP/1.1" 200 -
[36mclient_010_1  |[0m 2026-01-22 04:12:04,705 - __main__ - INFO - --- New Round Detected: 17 ---
[33mserver_1      |[0m INFO:werkzeug:172.18.0.21 - - [22/Jan/2026 04:12:04] "GET /download_model?round=17 HTTP/1.1" 200 -
[36mclient_010_1  |[0m 2026-01-22 04:12:05,349 - __main__ - INFO - Round 17 finished. Loss: 0.2990, Acc: 98.03%
[33mserver_1      |[0m INFO:__main__:Received update from client_010
[33mserver_1      |[0m INFO:werkzeug:172.18.0.21 - - [22/Jan/2026 04:12:05] "POST /submit_update HTTP/1.1" 200 -
[36mclient_010_1  |[0m 2026-01-22 04:12:05,486 - __main__ - INFO - 🚀 Model update submitted successfully.
[36mclient_010_1  |[0m 2026-01-22 04:12:05,486 - __main__ - INFO - Update submitted for Round 17. Waiting...
[32;1mclient_007_1  |[0m 2026-01-22 04:12:06,094 - __main__ - INFO - --- New Round Detected: 17 ---
[33mserver_1      |[0m INFO:werkzeug:172.18.0.20 - - [22/Jan/2026 04:12:06] "GET /download_model?round=17 HTTP/1.1" 200 -
[32;1mclient_007_1  |[0m 2026-01-22 04:12:06,579 - __main__ - INFO - Round 17 finished. Loss: 1.3957, Acc: 57.88%
[33mserver_1      |[0m INFO:__main__:Received update from client_007
[33mserver_1      |[0m INFO:werkzeug:172.18.0.20 - - [22/Jan/2026 04:12:06] "POST /submit_update HTTP/1.1" 200 -
[32;1mclient_007_1  |[0m 2026-01-22 04:12:06,738 - __main__ - INFO - 🚀 Model update submitted successfully.
[32;1mclient_007_1  |[0m 2026-01-22 04:12:06,739 - __main__ - INFO - Update submitted for Round 17. Waiting...
[33mclient_011_1  |[0m 2026-01-22 04:12:07,581 - __main__ - INFO - --- New Round Detected: 17 ---
[33mserver_1      |[0m INFO:werkzeug:172.18.0.11 - - [22/Jan/2026 04:12:07] "GET /download_model?round=17 HTTP/1.1" 200 -
[33;1mclient_006_1  |[0m 2026-01-22 04:12:07,846 - __main__ - INFO - --- New Round Detected: 17 ---
[33mserver_1      |[0m INFO:werkzeug:172.18.0.19 - - [22/Jan/2026 04:12:07] "GET /download_model?round=17 HTTP/1.1" 200 -
[33;1mclient_006_1  |[0m 2026-01-22 04:12:08,011 - __main__ - INFO - Round 17 finished. Loss: 1.1622, Acc: 64.29%
[33mserver_1      |[0m INFO:__main__:Received update from client_006
[33mserver_1      |[0m INFO:werkzeug:172.18.0.19 - - [22/Jan/2026 04:12:08] "POST /submit_update HTTP/1.1" 200 -
[33;1mclient_006_1  |[0m 2026-01-22 04:12:08,165 - __main__ - INFO - 🚀 Model update submitted successfully.
[33;1mclient_006_1  |[0m 2026-01-22 04:12:08,166 - __main__ - INFO - Update submitted for Round 17. Waiting...
[36;1mclient_005_1  |[0m 2026-01-22 04:12:08,169 - __main__ - INFO - --- New Round Detected: 17 ---
[33mserver_1      |[0m INFO:werkzeug:172.18.0.16 - - [22/Jan/2026 04:12:08] "GET /download_model?round=17 HTTP/1.1" 200 -
[34mclient_004_1  |[0m 2026-01-22 04:12:09,976 - __main__ - INFO - Round 17 finished. Loss: 0.7131, Acc: 88.69%
[33mserver_1      |[0m INFO:__main__:Received update from client_004
[33mserver_1      |[0m INFO:__main__:--- Aggregating 5 updates ---
[33mserver_1      |[0m INFO:__main__:⚡ Using Custom Aggregator with Drift Metric...
[33mserver_1      |[0m INFO:server.aggregator:Starting FedAvg aggregation for 5 clients.
[36;1mclient_005_1  |[0m 2026-01-22 04:12:10,221 - __main__ - INFO - Round 17 finished. Loss: 0.4598, Acc: 95.46%
[33mserver_1      |[0m INFO:werkzeug:172.18.0.16 - - [22/Jan/2026 04:12:10] "[31m[1mPOST /submit_update HTTP/1.1[0m" 400 -
[36;1mclient_005_1  |[0m 2026-01-22 04:12:10,329 - __main__ - ERROR - Update submission failed: {"error":"Not accepting updates"}
[36;1mclient_005_1  |[0m 
[36;1mclient_005_1  |[0m 2026-01-22 04:12:10,329 - __main__ - INFO - Update submitted for Round 17. Waiting...
[35;1mclient_008_1  |[0m 2026-01-22 04:12:10,337 - __main__ - INFO - --- New Round Detected: 17 ---
[33mserver_1      |[0m INFO:werkzeug:172.18.0.22 - - [22/Jan/2026 04:12:10] "GET /download_model?round=17 HTTP/1.1" 200 -
[33mclient_001_1  |[0m 2026-01-22 04:12:10,769 - __main__ - INFO - --- New Round Detected: 17 ---
[33mserver_1      |[0m INFO:werkzeug:172.18.0.9 - - [22/Jan/2026 04:12:10] "GET /download_model?round=17 HTTP/1.1" 200 -
[33mclient_001_1  |[0m 2026-01-22 04:12:11,447 - __main__ - INFO - Round 17 finished. Loss: 0.2601, Acc: 99.35%
[33mserver_1      |[0m INFO:werkzeug:172.18.0.9 - - [22/Jan/2026 04:12:11] "[31m[1mPOST /submit_update HTTP/1.1[0m" 400 -
[33mclient_001_1  |[0m 2026-01-22 04:12:11,516 - __main__ - ERROR - Update submission failed: {"error":"Not accepting updates"}
[33mclient_001_1  |[0m 
[33mclient_001_1  |[0m 2026-01-22 04:12:11,517 - __main__ - INFO - Update submitted for Round 17. Waiting...
[33mserver_1      |[0m INFO:server.aggregator:--- [METRIC] Weight Divergence: 2.4113
[33mserver_1      |[0m INFO:server.aggregator:FedAvg aggregation complete.
[33mserver_1      |[0m INFO:__main__:Aggregation complete.
[35;1mclient_008_1  |[0m 2026-01-22 04:12:11,756 - __main__ - INFO - Round 17 finished. Loss: 0.3427, Acc: 98.23%
[33mserver_1      |[0m DEBUG: ⚠️ MY CUSTOM AGGREGATOR IS RUNNING ⚠️
[33mserver_1      |[0m INFO:werkzeug:172.18.0.22 - - [22/Jan/2026 04:12:11] "[31m[1mPOST /submit_update HTTP/1.1[0m" 400 -
[35;1mclient_008_1  |[0m 2026-01-22 04:12:11,994 - __main__ - ERROR - Update submission failed: {"error":"Not accepting updates"}
[35;1mclient_008_1  |[0m 
[35;1mclient_008_1  |[0m 2026-01-22 04:12:11,995 - __main__ - INFO - Update submitted for Round 17. Waiting...
[33mserver_1      |[0m INFO:werkzeug:172.18.0.15 - - [22/Jan/2026 04:12:12] "GET /download_model?round=17 HTTP/1.1" 200 -
[34;1mclient_009_1  |[0m 2026-01-22 04:12:12,160 - __main__ - INFO - --- New Round Detected: 17 ---
[32mclient_002_1  |[0m 2026-01-22 04:12:12,880 - __main__ - INFO - --- New Round Detected: 17 ---
[33mserver_1      |[0m INFO:werkzeug:172.18.0.3 - - [22/Jan/2026 04:12:12] "GET /download_model?round=17 HTTP/1.1" 200 -
[33mserver_1      |[0m INFO:__main__:--- Round 17 Acc: 41.27%, Loss: 1.7831 ---
[33mserver_1      |[0m INFO:__main__:--- Starting Round 18. Timeout: 300s ---
[33mserver_1      |[0m INFO:werkzeug:172.18.0.18 - - [22/Jan/2026 04:12:13] "POST /submit_update HTTP/1.1" 200 -
[34mclient_004_1  |[0m 2026-01-22 04:12:13,220 - __main__ - INFO - 🚀 Model update submitted successfully.
[34mclient_004_1  |[0m 2026-01-22 04:12:13,220 - __main__ - INFO - Update submitted for Round 17. Waiting...
[34;1mclient_009_1  |[0m 2026-01-22 04:12:13,563 - __main__ - INFO - Round 17 finished. Loss: 0.7073, Acc: 79.88%
[33mserver_1      |[0m INFO:__main__:Received update from client_009
[33mserver_1      |[0m INFO:werkzeug:172.18.0.15 - - [22/Jan/2026 04:12:13] "POST /submit_update HTTP/1.1" 200 -
[34;1mclient_009_1  |[0m 2026-01-22 04:12:13,717 - __main__ - INFO - 🚀 Model update submitted successfully.
[34;1mclient_009_1  |[0m 2026-01-22 04:12:13,717 - __main__ - INFO - Update submitted for Round 17. Waiting...
[32mclient_002_1  |[0m 2026-01-22 04:12:14,657 - __main__ - INFO - Round 17 finished. Loss: 0.3516, Acc: 97.04%
[33mserver_1      |[0m INFO:__main__:Received update from client_002
[33mserver_1      |[0m INFO:werkzeug:172.18.0.3 - - [22/Jan/2026 04:12:14] "POST /submit_update HTTP/1.1" 200 -
[32mclient_002_1  |[0m 2026-01-22 04:12:14,795 - __main__ - INFO - 🚀 Model update submitted successfully.
[32mclient_002_1  |[0m 2026-01-22 04:12:14,795 - __main__ - INFO - Update submitted for Round 17. Waiting...
[36mclient_010_1  |[0m 2026-01-22 04:12:15,547 - __main__ - INFO - --- New Round Detected: 18 ---
[33mserver_1      |[0m INFO:werkzeug:172.18.0.21 - - [22/Jan/2026 04:12:15] "GET /download_model?round=18 HTTP/1.1" 200 -
[36mclient_010_1  |[0m 2026-01-22 04:12:16,360 - __main__ - INFO - Round 18 finished. Loss: 0.3532, Acc: 98.28%
[33mserver_1      |[0m INFO:__main__:Received update from client_010
[33mserver_1      |[0m INFO:werkzeug:172.18.0.21 - - [22/Jan/2026 04:12:16] "POST /submit_update HTTP/1.1" 200 -
[36mclient_010_1  |[0m 2026-01-22 04:12:16,503 - __main__ - INFO - 🚀 Model update submitted successfully.
[36mclient_010_1  |[0m 2026-01-22 04:12:16,503 - __main__ - INFO - Update submitted for Round 18. Waiting...
[32;1mclient_007_1  |[0m 2026-01-22 04:12:16,802 - __main__ - INFO - --- New Round Detected: 18 ---
[33mserver_1      |[0m INFO:werkzeug:172.18.0.20 - - [22/Jan/2026 04:12:16] "GET /download_model?round=18 HTTP/1.1" 200 -
[32;1mclient_007_1  |[0m 2026-01-22 04:12:17,276 - __main__ - INFO - Round 18 finished. Loss: 1.2462, Acc: 67.03%
[33mserver_1      |[0m INFO:__main__:Received update from client_007
[33mserver_1      |[0m INFO:werkzeug:172.18.0.20 - - [22/Jan/2026 04:12:17] "POST /submit_update HTTP/1.1" 200 -
[32;1mclient_007_1  |[0m 2026-01-22 04:12:17,413 - __main__ - INFO - 🚀 Model update submitted successfully.
[32;1mclient_007_1  |[0m 2026-01-22 04:12:17,413 - __main__ - INFO - Update submitted for Round 18. Waiting...
[35mclient_003_1  |[0m 2026-01-22 04:12:17,487 - __main__ - INFO - Round 17 finished. Loss: 0.8997, Acc: 81.46%
[33mserver_1      |[0m INFO:__main__:Received update from client_003
[33mserver_1      |[0m INFO:__main__:--- Aggregating 5 updates ---
[33mserver_1      |[0m INFO:__main__:⚡ Using Custom Aggregator with Drift Metric...
[33mserver_1      |[0m INFO:server.aggregator:Starting FedAvg aggregation for 5 clients.
[33;1mclient_006_1  |[0m 2026-01-22 04:12:18,235 - __main__ - INFO - --- New Round Detected: 18 ---
[33mserver_1      |[0m INFO:werkzeug:172.18.0.19 - - [22/Jan/2026 04:12:18] "GET /download_model?round=18 HTTP/1.1" 200 -
[33;1mclient_006_1  |[0m 2026-01-22 04:12:18,382 - __main__ - INFO - Round 18 finished. Loss: 1.1203, Acc: 71.43%
[33mserver_1      |[0m INFO:werkzeug:172.18.0.19 - - [22/Jan/2026 04:12:18] "[31m[1mPOST /submit_update HTTP/1.1[0m" 400 -
[33;1mclient_006_1  |[0m 2026-01-22 04:12:18,550 - __main__ - ERROR - Update submission failed: {"error":"Not accepting updates"}
[33;1mclient_006_1  |[0m 
[33;1mclient_006_1  |[0m 2026-01-22 04:12:18,550 - __main__ - INFO - Update submitted for Round 18. Waiting...
[33mserver_1      |[0m INFO:server.aggregator:--- [METRIC] Weight Divergence: 3.1275
[33mserver_1      |[0m INFO:server.aggregator:FedAvg aggregation complete.
[33mserver_1      |[0m INFO:__main__:Aggregation complete.
[33mserver_1      |[0m DEBUG: ⚠️ MY CUSTOM AGGREGATOR IS RUNNING ⚠️
[36;1mclient_005_1  |[0m 2026-01-22 04:12:20,394 - __main__ - INFO - --- New Round Detected: 18 ---
[33mserver_1      |[0m INFO:werkzeug:172.18.0.16 - - [22/Jan/2026 04:12:20] "GET /download_model?round=18 HTTP/1.1" 200 -
[33mserver_1      |[0m INFO:__main__:--- Round 18 Acc: 43.59%, Loss: 1.6397 ---
[33mserver_1      |[0m INFO:__main__:--- Starting Round 19. Timeout: 300s ---
[33mserver_1      |[0m INFO:werkzeug:172.18.0.8 - - [22/Jan/2026 04:12:20] "POST /submit_update HTTP/1.1" 200 -
[35mclient_003_1  |[0m 2026-01-22 04:12:20,663 - __main__ - INFO - 🚀 Model update submitted successfully.
[35mclient_003_1  |[0m 2026-01-22 04:12:20,663 - __main__ - INFO - Update submitted for Round 17. Waiting...
[33mclient_001_1  |[0m 2026-01-22 04:12:21,594 - __main__ - INFO - --- New Round Detected: 19 ---
[33mserver_1      |[0m INFO:werkzeug:172.18.0.9 - - [22/Jan/2026 04:12:21] "GET /download_model?round=19 HTTP/1.1" 200 -
[35;1mclient_008_1  |[0m 2026-01-22 04:12:22,059 - __main__ - INFO - --- New Round Detected: 19 ---
[33mserver_1      |[0m INFO:werkzeug:172.18.0.22 - - [22/Jan/2026 04:12:22] "GET /download_model?round=19 HTTP/1.1" 200 -
[33mclient_001_1  |[0m 2026-01-22 04:12:22,229 - __main__ - INFO - Round 19 finished. Loss: 0.2980, Acc: 99.35%
[33mserver_1      |[0m INFO:__main__:Received update from client_001
[33mserver_1      |[0m INFO:werkzeug:172.18.0.9 - - [22/Jan/2026 04:12:22] "POST /submit_update HTTP/1.1" 200 -
[33mclient_001_1  |[0m 2026-01-22 04:12:22,364 - __main__ - INFO - 🚀 Model update submitted successfully.
[33mclient_001_1  |[0m 2026-01-22 04:12:22,364 - __main__ - INFO - Update submitted for Round 19. Waiting...
[36;1mclient_005_1  |[0m 2026-01-22 04:12:22,507 - __main__ - INFO - Round 18 finished. Loss: 0.3737, Acc: 96.64%
[33mserver_1      |[0m INFO:__main__:Received update from client_005
[33mserver_1      |[0m INFO:werkzeug:172.18.0.16 - - [22/Jan/2026 04:12:22] "POST /submit_update HTTP/1.1" 200 -
[36;1mclient_005_1  |[0m 2026-01-22 04:12:22,641 - __main__ - INFO - 🚀 Model update submitted successfully.
[36;1mclient_005_1  |[0m 2026-01-22 04:12:22,641 - __main__ - INFO - Update submitted for Round 18. Waiting...
[34mclient_004_1  |[0m 2026-01-22 04:12:23,286 - __main__ - INFO - --- New Round Detected: 19 ---
[33mserver_1      |[0m INFO:werkzeug:172.18.0.18 - - [22/Jan/2026 04:12:23] "GET /download_model?round=19 HTTP/1.1" 200 -
[35;1mclient_008_1  |[0m 2026-01-22 04:12:23,481 - __main__ - INFO - Round 19 finished. Loss: 0.3193, Acc: 98.82%
[33mserver_1      |[0m INFO:__main__:Received update from client_008
[33mserver_1      |[0m INFO:werkzeug:172.18.0.22 - - [22/Jan/2026 04:12:23] "POST /submit_update HTTP/1.1" 200 -
[35;1mclient_008_1  |[0m 2026-01-22 04:12:23,639 - __main__ - INFO - 🚀 Model update submitted successfully.
[35;1mclient_008_1  |[0m 2026-01-22 04:12:23,639 - __main__ - INFO - Update submitted for Round 19. Waiting...
[34;1mclient_009_1  |[0m 2026-01-22 04:12:23,783 - __main__ - INFO - --- New Round Detected: 19 ---
[33mserver_1      |[0m INFO:werkzeug:172.18.0.15 - - [22/Jan/2026 04:12:23] "GET /download_model?round=19 HTTP/1.1" 200 -
[32mclient_002_1  |[0m 2026-01-22 04:12:24,858 - __main__ - INFO - --- New Round Detected: 19 ---
[33mserver_1      |[0m INFO:werkzeug:172.18.0.3 - - [22/Jan/2026 04:12:24] "GET /download_model?round=19 HTTP/1.1" 200 -
[32mclient_002_1  |[0m 2026-01-22 04:12:25,907 - __main__ - INFO - Round 19 finished. Loss: 0.3948, Acc: 98.02%
[33mserver_1      |[0m INFO:__main__:Received update from client_002
[33mserver_1      |[0m INFO:werkzeug:172.18.0.3 - - [22/Jan/2026 04:12:26] "POST /submit_update HTTP/1.1" 200 -
[32mclient_002_1  |[0m 2026-01-22 04:12:26,045 - __main__ - INFO - 🚀 Model update submitted successfully.
[32mclient_002_1  |[0m 2026-01-22 04:12:26,045 - __main__ - INFO - Update submitted for Round 19. Waiting...
[34;1mclient_009_1  |[0m 2026-01-22 04:12:26,246 - __main__ - INFO - Round 19 finished. Loss: 0.7167, Acc: 82.79%
[33mserver_1      |[0m INFO:__main__:Received update from client_009
[33mserver_1      |[0m INFO:__main__:--- Aggregating 5 updates ---
[33mserver_1      |[0m INFO:__main__:⚡ Using Custom Aggregator with Drift Metric...
[33mserver_1      |[0m INFO:server.aggregator:Starting FedAvg aggregation for 5 clients.
[36mclient_010_1  |[0m 2026-01-22 04:12:26,681 - __main__ - INFO - --- New Round Detected: 19 ---
[33mserver_1      |[0m INFO:werkzeug:172.18.0.21 - - [22/Jan/2026 04:12:26] "GET /download_model?round=19 HTTP/1.1" 200 -
[36mclient_010_1  |[0m 2026-01-22 04:12:27,326 - __main__ - INFO - Round 19 finished. Loss: 0.3479, Acc: 98.65%
[33mserver_1      |[0m INFO:werkzeug:172.18.0.21 - - [22/Jan/2026 04:12:27] "[31m[1mPOST /submit_update HTTP/1.1[0m" 400 -
[36mclient_010_1  |[0m 2026-01-22 04:12:27,412 - __main__ - ERROR - Update submission failed: {"error":"Not accepting updates"}
[36mclient_010_1  |[0m 
[36mclient_010_1  |[0m 2026-01-22 04:12:27,412 - __main__ - INFO - Update submitted for Round 19. Waiting...
[32;1mclient_007_1  |[0m 2026-01-22 04:12:27,477 - __main__ - INFO - --- New Round Detected: 19 ---
[33mserver_1      |[0m INFO:werkzeug:172.18.0.20 - - [22/Jan/2026 04:12:27] "GET /download_model?round=19 HTTP/1.1" 200 -
[34mclient_004_1  |[0m 2026-01-22 04:12:27,533 - __main__ - INFO - Round 19 finished. Loss: 0.6670, Acc: 90.82%
[33mserver_1      |[0m INFO:werkzeug:172.18.0.18 - - [22/Jan/2026 04:12:27] "[31m[1mPOST /submit_update HTTP/1.1[0m" 400 -
[34mclient_004_1  |[0m 2026-01-22 04:12:27,600 - __main__ - ERROR - Update submission failed: {"error":"Not accepting updates"}
[34mclient_004_1  |[0m 
[34mclient_004_1  |[0m 2026-01-22 04:12:27,601 - __main__ - INFO - Update submitted for Round 19. Waiting...
[32;1mclient_007_1  |[0m 2026-01-22 04:12:27,957 - __main__ - INFO - Round 19 finished. Loss: 1.2183, Acc: 67.03%
[33mserver_1      |[0m INFO:werkzeug:172.18.0.20 - - [22/Jan/2026 04:12:27] "[31m[1mPOST /submit_update HTTP/1.1[0m" 400 -
[32;1mclient_007_1  |[0m 2026-01-22 04:12:28,023 - __main__ - ERROR - Update submission failed: {"error":"Not accepting updates"}
[32;1mclient_007_1  |[0m 
[32;1mclient_007_1  |[0m 2026-01-22 04:12:28,023 - __main__ - INFO - Update submitted for Round 19. Waiting...
[33mserver_1      |[0m INFO:server.aggregator:--- [METRIC] Weight Divergence: 1.9820
[33mserver_1      |[0m INFO:server.aggregator:FedAvg aggregation complete.
[33mserver_1      |[0m INFO:__main__:Aggregation complete.
[33mserver_1      |[0m DEBUG: ⚠️ MY CUSTOM AGGREGATOR IS RUNNING ⚠️
[33;1mclient_006_1  |[0m 2026-01-22 04:12:28,695 - __main__ - INFO - --- New Round Detected: 19 ---
[33mserver_1      |[0m INFO:werkzeug:172.18.0.19 - - [22/Jan/2026 04:12:28] "GET /download_model?round=19 HTTP/1.1" 200 -
[33;1mclient_006_1  |[0m 2026-01-22 04:12:28,837 - __main__ - INFO - Round 19 finished. Loss: 0.7307, Acc: 78.57%
[33mserver_1      |[0m INFO:werkzeug:172.18.0.19 - - [22/Jan/2026 04:12:28] "[31m[1mPOST /submit_update HTTP/1.1[0m" 400 -
[33;1mclient_006_1  |[0m 2026-01-22 04:12:28,901 - __main__ - ERROR - Update submission failed: {"error":"Not accepting updates"}
[33;1mclient_006_1  |[0m 
[33;1mclient_006_1  |[0m 2026-01-22 04:12:28,901 - __main__ - INFO - Update submitted for Round 19. Waiting...
[33mserver_1      |[0m INFO:__main__:--- Round 19 Acc: 41.12%, Loss: 1.6969 ---
[33mserver_1      |[0m INFO:__main__:--- Starting Round 20. Timeout: 300s ---
[33mserver_1      |[0m INFO:werkzeug:172.18.0.15 - - [22/Jan/2026 04:12:29] "POST /submit_update HTTP/1.1" 200 -
[34;1mclient_009_1  |[0m 2026-01-22 04:12:29,584 - __main__ - INFO - 🚀 Model update submitted successfully.
[34;1mclient_009_1  |[0m 2026-01-22 04:12:29,584 - __main__ - INFO - Update submitted for Round 19. Waiting...
[35mclient_003_1  |[0m 2026-01-22 04:12:30,746 - __main__ - INFO - --- New Round Detected: 20 ---
[33mserver_1      |[0m INFO:werkzeug:172.18.0.8 - - [22/Jan/2026 04:12:30] "GET /download_model?round=20 HTTP/1.1" 200 -
[33mclient_001_1  |[0m 2026-01-22 04:12:32,441 - __main__ - INFO - --- New Round Detected: 20 ---
[33mserver_1      |[0m INFO:werkzeug:172.18.0.9 - - [22/Jan/2026 04:12:32] "GET /download_model?round=20 HTTP/1.1" 200 -
[33mserver_1      |[0m INFO:werkzeug:172.18.0.16 - - [22/Jan/2026 04:12:32] "GET /download_model?round=20 HTTP/1.1" 200 -
[36;1mclient_005_1  |[0m 2026-01-22 04:12:32,719 - __main__ - INFO - --- New Round Detected: 20 ---
[33mclient_001_1  |[0m 2026-01-22 04:12:33,072 - __main__ - INFO - Round 20 finished. Loss: 0.2626, Acc: 99.35%
[33mserver_1      |[0m INFO:__main__:Received update from client_001
[33mserver_1      |[0m INFO:werkzeug:172.18.0.9 - - [22/Jan/2026 04:12:33] "POST /submit_update HTTP/1.1" 200 -
[33mclient_001_1  |[0m 2026-01-22 04:12:33,209 - __main__ - INFO - 🚀 Model update submitted successfully.
[33mclient_001_1  |[0m 2026-01-22 04:12:33,209 - __main__ - INFO - Update submitted for Round 20. Waiting...
[35;1mclient_008_1  |[0m 2026-01-22 04:12:33,701 - __main__ - INFO - --- New Round Detected: 20 ---
[33mserver_1      |[0m INFO:werkzeug:172.18.0.22 - - [22/Jan/2026 04:12:33] "GET /download_model?round=20 HTTP/1.1" 200 -
[36;1mclient_005_1  |[0m 2026-01-22 04:12:34,787 - __main__ - INFO - Round 20 finished. Loss: 0.4761, Acc: 96.64%
[33mserver_1      |[0m INFO:__main__:Received update from client_005
[33mserver_1      |[0m INFO:werkzeug:172.18.0.16 - - [22/Jan/2026 04:12:34] "POST /submit_update HTTP/1.1" 200 -
[36;1mclient_005_1  |[0m 2026-01-22 04:12:34,948 - __main__ - INFO - 🚀 Model update submitted successfully.
[36;1mclient_005_1  |[0m 2026-01-22 04:12:34,948 - __main__ - INFO - Update submitted for Round 20. Waiting...
[35;1mclient_008_1  |[0m 2026-01-22 04:12:35,016 - __main__ - INFO - Round 20 finished. Loss: 0.3270, Acc: 98.82%
[33mserver_1      |[0m INFO:__main__:Received update from client_008
[33mserver_1      |[0m INFO:werkzeug:172.18.0.22 - - [22/Jan/2026 04:12:35] "POST /submit_update HTTP/1.1" 200 -
[35;1mclient_008_1  |[0m 2026-01-22 04:12:35,153 - __main__ - INFO - 🚀 Model update submitted successfully.
[35;1mclient_008_1  |[0m 2026-01-22 04:12:35,154 - __main__ - INFO - Update submitted for Round 20. Waiting...
[32mclient_002_1  |[0m 2026-01-22 04:12:36,108 - __main__ - INFO - --- New Round Detected: 20 ---
[33mserver_1      |[0m INFO:werkzeug:172.18.0.3 - - [22/Jan/2026 04:12:36] "GET /download_model?round=20 HTTP/1.1" 200 -
[36mclient_010_1  |[0m 2026-01-22 04:12:37,476 - __main__ - INFO - --- New Round Detected: 20 ---
[33mserver_1      |[0m INFO:werkzeug:172.18.0.21 - - [22/Jan/2026 04:12:37] "GET /download_model?round=20 HTTP/1.1" 200 -
[34mclient_004_1  |[0m 2026-01-22 04:12:37,713 - __main__ - INFO - --- New Round Detected: 20 ---
[33mserver_1      |[0m INFO:werkzeug:172.18.0.18 - - [22/Jan/2026 04:12:37] "GET /download_model?round=20 HTTP/1.1" 200 -
[32mclient_002_1  |[0m 2026-01-22 04:12:37,748 - __main__ - INFO - Round 20 finished. Loss: 0.3283, Acc: 98.02%
[33mserver_1      |[0m INFO:__main__:Received update from client_002
[33mserver_1      |[0m INFO:werkzeug:172.18.0.3 - - [22/Jan/2026 04:12:37] "POST /submit_update HTTP/1.1" 200 -
[32mclient_002_1  |[0m 2026-01-22 04:12:37,906 - __main__ - INFO - 🚀 Model update submitted successfully.
[32mclient_002_1  |[0m 2026-01-22 04:12:37,907 - __main__ - INFO - Update submitted for Round 20. Waiting...
[32;1mclient_007_1  |[0m 2026-01-22 04:12:38,084 - __main__ - INFO - --- New Round Detected: 20 ---
[33mserver_1      |[0m INFO:werkzeug:172.18.0.20 - - [22/Jan/2026 04:12:38] "GET /download_model?round=20 HTTP/1.1" 200 -
[36mclient_010_1  |[0m 2026-01-22 04:12:38,119 - __main__ - INFO - Round 20 finished. Loss: 0.3080, Acc: 98.65%
[33mserver_1      |[0m INFO:__main__:Received update from client_010
[33mserver_1      |[0m INFO:__main__:--- Aggregating 5 updates ---
[33mserver_1      |[0m INFO:__main__:⚡ Using Custom Aggregator with Drift Metric...
[33mserver_1      |[0m INFO:server.aggregator:Starting FedAvg aggregation for 5 clients.
[32;1mclient_007_1  |[0m 2026-01-22 04:12:38,580 - __main__ - INFO - Round 20 finished. Loss: 1.2867, Acc: 55.86%
[33mserver_1      |[0m INFO:werkzeug:172.18.0.20 - - [22/Jan/2026 04:12:38] "[31m[1mPOST /submit_update HTTP/1.1[0m" 400 -
[32;1mclient_007_1  |[0m 2026-01-22 04:12:38,669 - __main__ - ERROR - Update submission failed: {"error":"Not accepting updates"}
[32;1mclient_007_1  |[0m 
[32;1mclient_007_1  |[0m 2026-01-22 04:12:38,669 - __main__ - INFO - Update submitted for Round 20. Waiting...
[33;1mclient_006_1  |[0m 2026-01-22 04:12:38,962 - __main__ - INFO - --- New Round Detected: 20 ---
[33mserver_1      |[0m INFO:werkzeug:172.18.0.19 - - [22/Jan/2026 04:12:38] "GET /download_model?round=20 HTTP/1.1" 200 -
[33;1mclient_006_1  |[0m 2026-01-22 04:12:39,103 - __main__ - INFO - Round 20 finished. Loss: 0.8798, Acc: 92.86%
[33mserver_1      |[0m INFO:werkzeug:172.18.0.19 - - [22/Jan/2026 04:12:39] "[31m[1mPOST /submit_update HTTP/1.1[0m" 400 -
[33;1mclient_006_1  |[0m 2026-01-22 04:12:39,202 - __main__ - ERROR - Update submission failed: {"error":"Not accepting updates"}
[33;1mclient_006_1  |[0m 
[33;1mclient_006_1  |[0m 2026-01-22 04:12:39,202 - __main__ - INFO - Update submitted for Round 20. Waiting...
[34;1mclient_009_1  |[0m 2026-01-22 04:12:39,661 - __main__ - INFO - --- New Round Detected: 20 ---
[33mserver_1      |[0m INFO:werkzeug:172.18.0.15 - - [22/Jan/2026 04:12:39] "GET /download_model?round=20 HTTP/1.1" 200 -
[33mserver_1      |[0m INFO:server.aggregator:--- [METRIC] Weight Divergence: 1.1819
[33mserver_1      |[0m INFO:server.aggregator:FedAvg aggregation complete.
[33mserver_1      |[0m INFO:__main__:Aggregation complete.
[33mserver_1      |[0m DEBUG: ⚠️ MY CUSTOM AGGREGATOR IS RUNNING ⚠️
[33mserver_1      |[0m INFO:__main__:--- Round 20 Acc: 37.38%, Loss: 1.8241 ---
[33mserver_1      |[0m INFO:__main__:--- Starting Round 21. Timeout: 300s ---
[33mserver_1      |[0m INFO:werkzeug:172.18.0.21 - - [22/Jan/2026 04:12:41] "POST /submit_update HTTP/1.1" 200 -
[36mclient_010_1  |[0m 2026-01-22 04:12:41,255 - __main__ - INFO - 🚀 Model update submitted successfully.
[36mclient_010_1  |[0m 2026-01-22 04:12:41,255 - __main__ - INFO - Update submitted for Round 20. Waiting...
[34;1mclient_009_1  |[0m 2026-01-22 04:12:42,172 - __main__ - INFO - Round 20 finished. Loss: 0.5954, Acc: 86.35%
[33mserver_1      |[0m INFO:__main__:Received update from client_009
[33mserver_1      |[0m INFO:werkzeug:172.18.0.15 - - [22/Jan/2026 04:12:42] "POST /submit_update HTTP/1.1" 200 -
[34;1mclient_009_1  |[0m 2026-01-22 04:12:42,309 - __main__ - INFO - 🚀 Model update submitted successfully.
[34;1mclient_009_1  |[0m 2026-01-22 04:12:42,309 - __main__ - INFO - Update submitted for Round 20. Waiting...
[35mclient_003_1  |[0m 2026-01-22 04:12:43,026 - __main__ - INFO - Round 20 finished. Loss: 0.7672, Acc: 85.72%
[33mserver_1      |[0m INFO:__main__:Received update from client_003
[33mserver_1      |[0m INFO:werkzeug:172.18.0.8 - - [22/Jan/2026 04:12:43] "POST /submit_update HTTP/1.1" 200 -
[35mclient_003_1  |[0m 2026-01-22 04:12:43,180 - __main__ - INFO - 🚀 Model update submitted successfully.
[35mclient_003_1  |[0m 2026-01-22 04:12:43,180 - __main__ - INFO - Update submitted for Round 20. Waiting...
[33mclient_001_1  |[0m 2026-01-22 04:12:43,279 - __main__ - INFO - --- New Round Detected: 21 ---
[33mserver_1      |[0m INFO:werkzeug:172.18.0.9 - - [22/Jan/2026 04:12:43] "GET /download_model?round=21 HTTP/1.1" 200 -
[34mclient_004_1  |[0m 2026-01-22 04:12:43,414 - __main__ - INFO - Round 20 finished. Loss: 0.5845, Acc: 92.80%
[33mserver_1      |[0m INFO:__main__:Received update from client_004
[33mserver_1      |[0m INFO:werkzeug:172.18.0.18 - - [22/Jan/2026 04:12:43] "POST /submit_update HTTP/1.1" 200 -
[34mclient_004_1  |[0m 2026-01-22 04:12:43,551 - __main__ - INFO - 🚀 Model update submitted successfully.
[34mclient_004_1  |[0m 2026-01-22 04:12:43,552 - __main__ - INFO - Update submitted for Round 20. Waiting...
[33mclient_001_1  |[0m 2026-01-22 04:12:43,914 - __main__ - INFO - Round 21 finished. Loss: 0.2797, Acc: 99.35%
[33mserver_1      |[0m INFO:__main__:Received update from client_001
[33mserver_1      |[0m INFO:werkzeug:172.18.0.9 - - [22/Jan/2026 04:12:44] "POST /submit_update HTTP/1.1" 200 -
[33mclient_001_1  |[0m 2026-01-22 04:12:44,048 - __main__ - INFO - 🚀 Model update submitted successfully.
[33mclient_001_1  |[0m 2026-01-22 04:12:44,048 - __main__ - INFO - Update submitted for Round 21. Waiting...
[36;1mclient_005_1  |[0m 2026-01-22 04:12:45,011 - __main__ - INFO - --- New Round Detected: 21 ---
[33mserver_1      |[0m INFO:werkzeug:172.18.0.16 - - [22/Jan/2026 04:12:45] "GET /download_model?round=21 HTTP/1.1" 200 -
[35;1mclient_008_1  |[0m 2026-01-22 04:12:45,217 - __main__ - INFO - --- New Round Detected: 21 ---
[33mserver_1      |[0m INFO:werkzeug:172.18.0.22 - - [22/Jan/2026 04:12:45] "GET /download_model?round=21 HTTP/1.1" 200 -
[35;1mclient_008_1  |[0m 2026-01-22 04:12:46,589 - __main__ - INFO - Round 21 finished. Loss: 0.3417, Acc: 98.82%
[33mserver_1      |[0m INFO:__main__:Received update from client_008
[33mserver_1      |[0m INFO:__main__:--- Aggregating 5 updates ---
[33mserver_1      |[0m INFO:__main__:⚡ Using Custom Aggregator with Drift Metric...
[33mserver_1      |[0m INFO:server.aggregator:Starting FedAvg aggregation for 5 clients.
[36;1mclient_005_1  |[0m 2026-01-22 04:12:47,279 - __main__ - INFO - Round 21 finished. Loss: 0.3339, Acc: 98.04%
[33mserver_1      |[0m INFO:werkzeug:172.18.0.16 - - [22/Jan/2026 04:12:47] "[31m[1mPOST /submit_update HTTP/1.1[0m" 400 -
[36;1mclient_005_1  |[0m 2026-01-22 04:12:47,343 - __main__ - ERROR - Update submission failed: {"error":"Not accepting updates"}
[36;1mclient_005_1  |[0m 
[36;1mclient_005_1  |[0m 2026-01-22 04:12:47,343 - __main__ - INFO - Update submitted for Round 21. Waiting...
[33mserver_1      |[0m INFO:server.aggregator:--- [METRIC] Weight Divergence: 2.8397
[33mserver_1      |[0m INFO:server.aggregator:FedAvg aggregation complete.
[33mserver_1      |[0m INFO:__main__:Aggregation complete.
[32mclient_002_1  |[0m 2026-01-22 04:12:47,995 - __main__ - INFO - --- New Round Detected: 21 ---
[33mserver_1      |[0m DEBUG: ⚠️ MY CUSTOM AGGREGATOR IS RUNNING ⚠️
[33mserver_1      |[0m INFO:werkzeug:172.18.0.3 - - [22/Jan/2026 04:12:48] "GET /download_model?round=21 HTTP/1.1" 200 -
[32;1mclient_007_1  |[0m 2026-01-22 04:12:48,741 - __main__ - INFO - --- New Round Detected: 21 ---
[33mserver_1      |[0m INFO:werkzeug:172.18.0.20 - - [22/Jan/2026 04:12:48] "GET /download_model?round=21 HTTP/1.1" 200 -
[32;1mclient_007_1  |[0m 2026-01-22 04:12:49,214 - __main__ - INFO - Round 21 finished. Loss: 1.3334, Acc: 65.93%
[33mserver_1      |[0m INFO:werkzeug:172.18.0.20 - - [22/Jan/2026 04:12:49] "[31m[1mPOST /submit_update HTTP/1.1[0m" 400 -
[33;1mclient_006_1  |[0m 2026-01-22 04:12:49,263 - __main__ - INFO - --- New Round Detected: 21 ---
[32;1mclient_007_1  |[0m 2026-01-22 04:12:49,278 - __main__ - ERROR - Update submission failed: {"error":"Not accepting updates"}
[32;1mclient_007_1  |[0m 
[32;1mclient_007_1  |[0m 2026-01-22 04:12:49,279 - __main__ - INFO - Update submitted for Round 21. Waiting...
[33mserver_1      |[0m INFO:werkzeug:172.18.0.19 - - [22/Jan/2026 04:12:49] "GET /download_model?round=21 HTTP/1.1" 200 -
[33;1mclient_006_1  |[0m 2026-01-22 04:12:49,410 - __main__ - INFO - Round 21 finished. Loss: 1.1002, Acc: 64.29%
[33mserver_1      |[0m INFO:werkzeug:172.18.0.19 - - [22/Jan/2026 04:12:49] "[31m[1mPOST /submit_update HTTP/1.1[0m" 400 -
[33;1mclient_006_1  |[0m 2026-01-22 04:12:49,478 - __main__ - ERROR - Update submission failed: {"error":"Not accepting updates"}
[33;1mclient_006_1  |[0m 
[33;1mclient_006_1  |[0m 2026-01-22 04:12:49,478 - __main__ - INFO - Update submitted for Round 21. Waiting...
[32mclient_002_1  |[0m 2026-01-22 04:12:49,717 - __main__ - INFO - Round 21 finished. Loss: 0.3413, Acc: 98.02%
[33mserver_1      |[0m INFO:werkzeug:172.18.0.3 - - [22/Jan/2026 04:12:49] "[31m[1mPOST /submit_update HTTP/1.1[0m" 400 -
[32mclient_002_1  |[0m 2026-01-22 04:12:49,785 - __main__ - ERROR - Update submission failed: {"error":"Not accepting updates"}
[32mclient_002_1  |[0m 
[32mclient_002_1  |[0m 2026-01-22 04:12:49,785 - __main__ - INFO - Update submitted for Round 21. Waiting...
[36mclient_010_1  |[0m 2026-01-22 04:12:51,321 - __main__ - INFO - --- New Round Detected: 21 ---
[33mserver_1      |[0m INFO:werkzeug:172.18.0.21 - - [22/Jan/2026 04:12:51] "GET /download_model?round=21 HTTP/1.1" 200 -
[36mclient_010_1  |[0m 2026-01-22 04:12:51,711 - __main__ - INFO - Round 21 finished. Loss: 0.3282, Acc: 98.52%
[33mserver_1      |[0m INFO:werkzeug:172.18.0.21 - - [22/Jan/2026 04:12:51] "[31m[1mPOST /submit_update HTTP/1.1[0m" 400 -
[36mclient_010_1  |[0m 2026-01-22 04:12:51,774 - __main__ - ERROR - Update submission failed: {"error":"Not accepting updates"}
[36mclient_010_1  |[0m 
[36mclient_010_1  |[0m 2026-01-22 04:12:51,775 - __main__ - INFO - Update submitted for Round 21. Waiting...
[34;1mclient_009_1  |[0m 2026-01-22 04:12:52,387 - __main__ - INFO - --- New Round Detected: 21 ---
[33mserver_1      |[0m INFO:werkzeug:172.18.0.15 - - [22/Jan/2026 04:12:52] "GET /download_model?round=21 HTTP/1.1" 200 -
[36;1mclient_015_1  |[0m 2026-01-22 04:12:53,166 - __main__ - INFO - Round 0 finished. Loss: 0.9249, Acc: 71.57%
[35mclient_003_1  |[0m 2026-01-22 04:12:53,245 - __main__ - INFO - --- New Round Detected: 21 ---
[33mserver_1      |[0m INFO:werkzeug:172.18.0.8 - - [22/Jan/2026 04:12:53] "GET /download_model?round=21 HTTP/1.1" 200 -
[33mserver_1      |[0m INFO:werkzeug:172.18.0.13 - - [22/Jan/2026 04:12:53] "[31m[1mPOST /submit_update HTTP/1.1[0m" 400 -
[34mclient_004_1  |[0m 2026-01-22 04:12:53,621 - __main__ - INFO - --- New Round Detected: 21 ---
[33mserver_1      |[0m INFO:werkzeug:172.18.0.18 - - [22/Jan/2026 04:12:53] "GET /download_model?round=21 HTTP/1.1" 200 -
[36;1mclient_015_1  |[0m 2026-01-22 04:12:53,770 - __main__ - ERROR - Update submission failed: {"error":"Not accepting updates"}
[36;1mclient_015_1  |[0m 
[36;1mclient_015_1  |[0m 2026-01-22 04:12:53,770 - __main__ - INFO - Update submitted for Round 0. Waiting...
[33mserver_1      |[0m INFO:__main__:--- Round 21 Acc: 44.19%, Loss: 1.6174 ---
[33mserver_1      |[0m INFO:__main__:--- Starting Round 22. Timeout: 300s ---
[33mserver_1      |[0m INFO:werkzeug:172.18.0.22 - - [22/Jan/2026 04:12:54] "POST /submit_update HTTP/1.1" 200 -
[35;1mclient_008_1  |[0m 2026-01-22 04:12:54,195 - __main__ - INFO - 🚀 Model update submitted successfully.
[35;1mclient_008_1  |[0m 2026-01-22 04:12:54,195 - __main__ - INFO - Update submitted for Round 21. Waiting...
[34;1mclient_009_1  |[0m 2026-01-22 04:12:54,234 - __main__ - INFO - Round 21 finished. Loss: 0.7079, Acc: 84.11%
[33mserver_1      |[0m INFO:__main__:Received update from client_009
[33mserver_1      |[0m INFO:werkzeug:172.18.0.15 - - [22/Jan/2026 04:12:54] "POST /submit_update HTTP/1.1" 200 -
[34;1mclient_009_1  |[0m 2026-01-22 04:12:54,370 - __main__ - INFO - 🚀 Model update submitted successfully.
[34;1mclient_009_1  |[0m 2026-01-22 04:12:54,370 - __main__ - INFO - Update submitted for Round 21. Waiting...
[36;1mclient_005_1  |[0m 2026-01-22 04:12:57,407 - __main__ - INFO - --- New Round Detected: 22 ---
[33mserver_1      |[0m INFO:werkzeug:172.18.0.16 - - [22/Jan/2026 04:12:57] "GET /download_model?round=22 HTTP/1.1" 200 -
[34mclient_004_1  |[0m 2026-01-22 04:12:58,819 - __main__ - INFO - Round 21 finished. Loss: 0.5971, Acc: 93.22%
[33mserver_1      |[0m INFO:__main__:Received update from client_004
[33mserver_1      |[0m INFO:werkzeug:172.18.0.18 - - [22/Jan/2026 04:12:58] "POST /submit_update HTTP/1.1" 200 -
[34mclient_004_1  |[0m 2026-01-22 04:12:58,957 - __main__ - INFO - 🚀 Model update submitted successfully.
[34mclient_004_1  |[0m 2026-01-22 04:12:58,958 - __main__ - INFO - Update submitted for Round 21. Waiting...
[32;1mclient_007_1  |[0m 2026-01-22 04:12:59,344 - __main__ - INFO - --- New Round Detected: 22 ---
[33mserver_1      |[0m INFO:werkzeug:172.18.0.20 - - [22/Jan/2026 04:12:59] "GET /download_model?round=22 HTTP/1.1" 200 -
[36;1mclient_005_1  |[0m 2026-01-22 04:12:59,490 - __main__ - INFO - Round 22 finished. Loss: 0.5836, Acc: 95.96%
[33;1mclient_006_1  |[0m 2026-01-22 04:12:59,540 - __main__ - INFO - --- New Round Detected: 22 ---
[33mserver_1      |[0m INFO:werkzeug:172.18.0.19 - - [22/Jan/2026 04:12:59] "GET /download_model?round=22 HTTP/1.1" 200 -
[33mserver_1      |[0m INFO:__main__:Received update from client_005
[33mserver_1      |[0m INFO:werkzeug:172.18.0.16 - - [22/Jan/2026 04:12:59] "POST /submit_update HTTP/1.1" 200 -
[36;1mclient_005_1  |[0m 2026-01-22 04:12:59,623 - __main__ - INFO - 🚀 Model update submitted successfully.
[36;1mclient_005_1  |[0m 2026-01-22 04:12:59,624 - __main__ - INFO - Update submitted for Round 22. Waiting...
[33;1mclient_006_1  |[0m 2026-01-22 04:12:59,687 - __main__ - INFO - Round 22 finished. Loss: 0.5270, Acc: 92.86%
[32;1mclient_007_1  |[0m 2026-01-22 04:12:59,799 - __main__ - INFO - Round 22 finished. Loss: 1.2965, Acc: 67.77%
[33mserver_1      |[0m INFO:__main__:Received update from client_006
[33mserver_1      |[0m INFO:werkzeug:172.18.0.19 - - [22/Jan/2026 04:12:59] "POST /submit_update HTTP/1.1" 200 -
[33;1mclient_006_1  |[0m 2026-01-22 04:12:59,842 - __main__ - INFO - 🚀 Model update submitted successfully.
[33;1mclient_006_1  |[0m 2026-01-22 04:12:59,842 - __main__ - INFO - Update submitted for Round 22. Waiting...
[32mclient_002_1  |[0m 2026-01-22 04:12:59,850 - __main__ - INFO - --- New Round Detected: 22 ---
[33mserver_1      |[0m INFO:werkzeug:172.18.0.3 - - [22/Jan/2026 04:12:59] "GET /download_model?round=22 HTTP/1.1" 200 -
[33mserver_1      |[0m INFO:__main__:Received update from client_007
[33mserver_1      |[0m INFO:__main__:--- Aggregating 5 updates ---
[33mserver_1      |[0m INFO:__main__:⚡ Using Custom Aggregator with Drift Metric...
[33mserver_1      |[0m INFO:server.aggregator:Starting FedAvg aggregation for 5 clients.
[32mclient_002_1  |[0m 2026-01-22 04:13:01,541 - __main__ - INFO - Round 22 finished. Loss: 0.4621, Acc: 95.85%
[33mserver_1      |[0m INFO:werkzeug:172.18.0.3 - - [22/Jan/2026 04:13:01] "[31m[1mPOST /submit_update HTTP/1.1[0m" 400 -
[32mclient_002_1  |[0m 2026-01-22 04:13:01,604 - __main__ - ERROR - Update submission failed: {"error":"Not accepting updates"}
[32mclient_002_1  |[0m 
[32mclient_002_1  |[0m 2026-01-22 04:13:01,604 - __main__ - INFO - Update submitted for Round 22. Waiting...
[36mclient_010_1  |[0m 2026-01-22 04:13:01,838 - __main__ - INFO - --- New Round Detected: 22 ---
[33mserver_1      |[0m INFO:werkzeug:172.18.0.21 - - [22/Jan/2026 04:13:01] "GET /download_model?round=22 HTTP/1.1" 200 -
[33mserver_1      |[0m INFO:server.aggregator:--- [METRIC] Weight Divergence: 2.2511
[33mserver_1      |[0m INFO:server.aggregator:FedAvg aggregation complete.
[33mserver_1      |[0m INFO:__main__:Aggregation complete.
[33mserver_1      |[0m DEBUG: ⚠️ MY CUSTOM AGGREGATOR IS RUNNING ⚠️
[36mclient_010_1  |[0m 2026-01-22 04:13:02,326 - __main__ - INFO - Round 22 finished. Loss: 0.4630, Acc: 98.52%
[33mserver_1      |[0m INFO:werkzeug:172.18.0.21 - - [22/Jan/2026 04:13:02] "[31m[1mPOST /submit_update HTTP/1.1[0m" 400 -
[36mclient_010_1  |[0m 2026-01-22 04:13:02,446 - __main__ - ERROR - Update submission failed: {"error":"Not accepting updates"}
[36mclient_010_1  |[0m 
[36mclient_010_1  |[0m 2026-01-22 04:13:02,446 - __main__ - INFO - Update submitted for Round 22. Waiting...
[33mserver_1      |[0m INFO:__main__:--- Round 22 Acc: 43.24%, Loss: 1.6726 ---
[33mserver_1      |[0m INFO:__main__:--- Starting Round 23. Timeout: 300s ---
[33mserver_1      |[0m INFO:werkzeug:172.18.0.20 - - [22/Jan/2026 04:13:03] "POST /submit_update HTTP/1.1" 200 -
[32;1mclient_007_1  |[0m 2026-01-22 04:13:03,101 - __main__ - INFO - 🚀 Model update submitted successfully.
[32;1mclient_007_1  |[0m 2026-01-22 04:13:03,101 - __main__ - INFO - Update submitted for Round 22. Waiting...
[33mclient_001_1  |[0m 2026-01-22 04:13:04,176 - __main__ - INFO - --- New Round Detected: 23 ---
[36;1mclient_015_1  |[0m 2026-01-22 04:13:04,191 - __main__ - INFO - --- New Round Detected: 23 ---
[33mserver_1      |[0m INFO:werkzeug:172.18.0.9 - - [22/Jan/2026 04:13:04] "GET /download_model?round=23 HTTP/1.1" 200 -
[35;1mclient_008_1  |[0m 2026-01-22 04:13:04,333 - __main__ - INFO - --- New Round Detected: 23 ---
[33mserver_1      |[0m INFO:werkzeug:172.18.0.22 - - [22/Jan/2026 04:13:04] "GET /download_model?round=23 HTTP/1.1" 200 -
[33mserver_1      |[0m INFO:werkzeug:172.18.0.13 - - [22/Jan/2026 04:13:04] "GET /download_model?round=23 HTTP/1.1" 200 -
[34;1mclient_009_1  |[0m 2026-01-22 04:13:04,431 - __main__ - INFO - --- New Round Detected: 23 ---
[33mserver_1      |[0m INFO:werkzeug:172.18.0.15 - - [22/Jan/2026 04:13:04] "GET /download_model?round=23 HTTP/1.1" 200 -
[33mclient_001_1  |[0m 2026-01-22 04:13:04,844 - __main__ - INFO - Round 23 finished. Loss: 0.3971, Acc: 99.03%
[33mserver_1      |[0m INFO:__main__:Received update from client_001
[33mserver_1      |[0m INFO:werkzeug:172.18.0.9 - - [22/Jan/2026 04:13:04] "POST /submit_update HTTP/1.1" 200 -
[33mclient_001_1  |[0m 2026-01-22 04:13:05,000 - __main__ - INFO - 🚀 Model update submitted successfully.
[33mclient_001_1  |[0m 2026-01-22 04:13:05,000 - __main__ - INFO - Update submitted for Round 23. Waiting...
[35mclient_003_1  |[0m 2026-01-22 04:13:05,559 - __main__ - INFO - Round 21 finished. Loss: 0.7470, Acc: 86.71%
[33mserver_1      |[0m INFO:__main__:Received update from client_003
[33mserver_1      |[0m INFO:werkzeug:172.18.0.8 - - [22/Jan/2026 04:13:05] "POST /submit_update HTTP/1.1" 200 -
[35mclient_003_1  |[0m 2026-01-22 04:13:05,693 - __main__ - INFO - 🚀 Model update submitted successfully.
[35mclient_003_1  |[0m 2026-01-22 04:13:05,693 - __main__ - INFO - Update submitted for Round 21. Waiting...
[35;1mclient_008_1  |[0m 2026-01-22 04:13:05,736 - __main__ - INFO - Round 23 finished. Loss: 0.4472, Acc: 97.44%
[33mserver_1      |[0m INFO:__main__:Received update from client_008
[33mserver_1      |[0m INFO:werkzeug:172.18.0.22 - - [22/Jan/2026 04:13:05] "POST /submit_update HTTP/1.1" 200 -
[35;1mclient_008_1  |[0m 2026-01-22 04:13:05,875 - __main__ - INFO - 🚀 Model update submitted successfully.
[35;1mclient_008_1  |[0m 2026-01-22 04:13:05,876 - __main__ - INFO - Update submitted for Round 23. Waiting...
[34;1mclient_009_1  |[0m 2026-01-22 04:13:06,581 - __main__ - INFO - Round 23 finished. Loss: 0.7166, Acc: 84.06%
[33mserver_1      |[0m INFO:__main__:Received update from client_009
[33mserver_1      |[0m INFO:werkzeug:172.18.0.15 - - [22/Jan/2026 04:13:06] "POST /submit_update HTTP/1.1" 200 -
[34;1mclient_009_1  |[0m 2026-01-22 04:13:06,715 - __main__ - INFO - 🚀 Model update submitted successfully.
[34;1mclient_009_1  |[0m 2026-01-22 04:13:06,715 - __main__ - INFO - Update submitted for Round 23. Waiting...
[34mclient_004_1  |[0m 2026-01-22 04:13:09,021 - __main__ - INFO - --- New Round Detected: 23 ---
[33mserver_1      |[0m INFO:werkzeug:172.18.0.18 - - [22/Jan/2026 04:13:09] "GET /download_model?round=23 HTTP/1.1" 200 -
[36;1mclient_005_1  |[0m 2026-01-22 04:13:09,692 - __main__ - INFO - --- New Round Detected: 23 ---
[33mserver_1      |[0m INFO:werkzeug:172.18.0.16 - - [22/Jan/2026 04:13:09] "GET /download_model?round=23 HTTP/1.1" 200 -
[33;1mclient_006_1  |[0m 2026-01-22 04:13:09,905 - __main__ - INFO - --- New Round Detected: 23 ---
[33mserver_1      |[0m INFO:werkzeug:172.18.0.19 - - [22/Jan/2026 04:13:09] "GET /download_model?round=23 HTTP/1.1" 200 -
[33;1mclient_006_1  |[0m 2026-01-22 04:13:10,054 - __main__ - INFO - Round 23 finished. Loss: 0.6822, Acc: 92.86%
[33mserver_1      |[0m INFO:__main__:Received update from client_006
[33mserver_1      |[0m INFO:__main__:--- Aggregating 5 updates ---
[33mserver_1      |[0m INFO:__main__:⚡ Using Custom Aggregator with Drift Metric...
[33mserver_1      |[0m INFO:server.aggregator:Starting FedAvg aggregation for 5 clients.
[36;1mclient_005_1  |[0m 2026-01-22 04:13:11,381 - __main__ - INFO - Round 23 finished. Loss: 0.3304, Acc: 98.32%
[33mserver_1      |[0m INFO:werkzeug:172.18.0.16 - - [22/Jan/2026 04:13:11] "[31m[1mPOST /submit_update HTTP/1.1[0m" 400 -
[36;1mclient_005_1  |[0m 2026-01-22 04:13:11,464 - __main__ - ERROR - Update submission failed: {"error":"Not accepting updates"}
[36;1mclient_005_1  |[0m 
[36;1mclient_005_1  |[0m 2026-01-22 04:13:11,464 - __main__ - INFO - Update submitted for Round 23. Waiting...
[32mclient_002_1  |[0m 2026-01-22 04:13:11,670 - __main__ - INFO - --- New Round Detected: 23 ---
[33mserver_1      |[0m INFO:werkzeug:172.18.0.3 - - [22/Jan/2026 04:13:11] "GET /download_model?round=23 HTTP/1.1" 200 -
[33mserver_1      |[0m INFO:server.aggregator:--- [METRIC] Weight Divergence: 2.7269
[33mserver_1      |[0m INFO:server.aggregator:FedAvg aggregation complete.
[33mserver_1      |[0m INFO:__main__:Aggregation complete.
[33mserver_1      |[0m DEBUG: ⚠️ MY CUSTOM AGGREGATOR IS RUNNING ⚠️
[36mclient_010_1  |[0m 2026-01-22 04:13:12,518 - __main__ - INFO - --- New Round Detected: 23 ---
[33mserver_1      |[0m INFO:werkzeug:172.18.0.21 - - [22/Jan/2026 04:13:12] "GET /download_model?round=23 HTTP/1.1" 200 -
[34mclient_004_1  |[0m 2026-01-22 04:13:12,921 - __main__ - INFO - Round 23 finished. Loss: 0.3688, Acc: 97.56%
[33mserver_1      |[0m INFO:werkzeug:172.18.0.18 - - [22/Jan/2026 04:13:12] "[31m[1mPOST /submit_update HTTP/1.1[0m" 400 -
[36mclient_010_1  |[0m 2026-01-22 04:13:12,968 - __main__ - INFO - Round 23 finished. Loss: 0.5161, Acc: 98.52%
[34mclient_004_1  |[0m 2026-01-22 04:13:12,986 - __main__ - ERROR - Update submission failed: {"error":"Not accepting updates"}
[34mclient_004_1  |[0m 
[34mclient_004_1  |[0m 2026-01-22 04:13:12,986 - __main__ - INFO - Update submitted for Round 23. Waiting...
[33mserver_1      |[0m INFO:werkzeug:172.18.0.21 - - [22/Jan/2026 04:13:13] "[31m[1mPOST /submit_update HTTP/1.1[0m" 400 -
[33mserver_1      |[0m INFO:__main__:--- Round 23 Acc: 45.31%, Loss: 1.6612 ---
[33mserver_1      |[0m INFO:__main__:--- Starting Round 24. Timeout: 300s ---
[33mserver_1      |[0m INFO:werkzeug:172.18.0.19 - - [22/Jan/2026 04:13:13] "POST /submit_update HTTP/1.1" 200 -
[36mclient_010_1  |[0m 2026-01-22 04:13:13,078 - __main__ - ERROR - Update submission failed: {"error":"Not accepting updates"}
[36mclient_010_1  |[0m 
[36mclient_010_1  |[0m 2026-01-22 04:13:13,078 - __main__ - INFO - Update submitted for Round 23. Waiting...
[33;1mclient_006_1  |[0m 2026-01-22 04:13:13,082 - __main__ - INFO - 🚀 Model update submitted successfully.
[33;1mclient_006_1  |[0m 2026-01-22 04:13:13,083 - __main__ - INFO - Update submitted for Round 23. Waiting...
[32;1mclient_007_1  |[0m 2026-01-22 04:13:13,165 - __main__ - INFO - --- New Round Detected: 24 ---
[33mserver_1      |[0m INFO:werkzeug:172.18.0.20 - - [22/Jan/2026 04:13:13] "GET /download_model?round=24 HTTP/1.1" 200 -
[32mclient_002_1  |[0m 2026-01-22 04:13:13,412 - __main__ - INFO - Round 23 finished. Loss: 0.4617, Acc: 94.96%
[33mserver_1      |[0m INFO:__main__:Received update from client_002
[33mserver_1      |[0m INFO:werkzeug:172.18.0.3 - - [22/Jan/2026 04:13:13] "POST /submit_update HTTP/1.1" 200 -
[32mclient_002_1  |[0m 2026-01-22 04:13:13,555 - __main__ - INFO - 🚀 Model update submitted successfully.
[32mclient_002_1  |[0m 2026-01-22 04:13:13,555 - __main__ - INFO - Update submitted for Round 23. Waiting...
[32;1mclient_007_1  |[0m 2026-01-22 04:13:13,634 - __main__ - INFO - Round 24 finished. Loss: 1.2487, Acc: 67.58%
[33mserver_1      |[0m INFO:__main__:Received update from client_007
[33mserver_1      |[0m INFO:werkzeug:172.18.0.20 - - [22/Jan/2026 04:13:13] "POST /submit_update HTTP/1.1" 200 -
[32;1mclient_007_1  |[0m 2026-01-22 04:13:13,770 - __main__ - INFO - 🚀 Model update submitted successfully.
[32;1mclient_007_1  |[0m 2026-01-22 04:13:13,770 - __main__ - INFO - Update submitted for Round 24. Waiting...
[33mclient_001_1  |[0m 2026-01-22 04:13:15,065 - __main__ - INFO - --- New Round Detected: 24 ---
[33mserver_1      |[0m INFO:werkzeug:172.18.0.9 - - [22/Jan/2026 04:13:15] "GET /download_model?round=24 HTTP/1.1" 200 -
[33mclient_001_1  |[0m 2026-01-22 04:13:15,662 - __main__ - INFO - Round 24 finished. Loss: 0.4092, Acc: 99.35%
[35mclient_003_1  |[0m 2026-01-22 04:13:15,755 - __main__ - INFO - --- New Round Detected: 24 ---
[33mserver_1      |[0m INFO:__main__:Received update from client_001
[33mserver_1      |[0m INFO:werkzeug:172.18.0.9 - - [22/Jan/2026 04:13:15] "POST /submit_update HTTP/1.1" 200 -
[33mserver_1      |[0m INFO:werkzeug:172.18.0.8 - - [22/Jan/2026 04:13:15] "GET /download_model?round=24 HTTP/1.1" 200 -
[33mclient_001_1  |[0m 2026-01-22 04:13:15,796 - __main__ - INFO - 🚀 Model update submitted successfully.
[33mclient_001_1  |[0m 2026-01-22 04:13:15,796 - __main__ - INFO - Update submitted for Round 24. Waiting...
[35;1mclient_008_1  |[0m 2026-01-22 04:13:15,937 - __main__ - INFO - --- New Round Detected: 24 ---
[33mserver_1      |[0m INFO:werkzeug:172.18.0.22 - - [22/Jan/2026 04:13:15] "GET /download_model?round=24 HTTP/1.1" 200 -
[34;1mclient_009_1  |[0m 2026-01-22 04:13:16,810 - __main__ - INFO - --- New Round Detected: 24 ---
[33mserver_1      |[0m INFO:werkzeug:172.18.0.15 - - [22/Jan/2026 04:13:16] "GET /download_model?round=24 HTTP/1.1" 200 -
[35;1mclient_008_1  |[0m 2026-01-22 04:13:17,363 - __main__ - INFO - Round 24 finished. Loss: 0.2250, Acc: 99.06%
[33mserver_1      |[0m INFO:__main__:Received update from client_008
[33mserver_1      |[0m INFO:werkzeug:172.18.0.22 - - [22/Jan/2026 04:13:17] "POST /submit_update HTTP/1.1" 200 -
[35;1mclient_008_1  |[0m 2026-01-22 04:13:17,517 - __main__ - INFO - 🚀 Model update submitted successfully.
[35;1mclient_008_1  |[0m 2026-01-22 04:13:17,517 - __main__ - INFO - Update submitted for Round 24. Waiting...
[34;1mclient_009_1  |[0m 2026-01-22 04:13:19,276 - __main__ - INFO - Round 24 finished. Loss: 0.6798, Acc: 85.32%
[33mserver_1      |[0m INFO:__main__:Received update from client_009
[33mserver_1      |[0m INFO:__main__:--- Aggregating 5 updates ---
[33mserver_1      |[0m INFO:__main__:⚡ Using Custom Aggregator with Drift Metric...
[33mserver_1      |[0m INFO:server.aggregator:Starting FedAvg aggregation for 5 clients.
[36;1mclient_005_1  |[0m 2026-01-22 04:13:21,547 - __main__ - INFO - --- New Round Detected: 24 ---
[33mserver_1      |[0m INFO:werkzeug:172.18.0.16 - - [22/Jan/2026 04:13:21] "GET /download_model?round=24 HTTP/1.1" 200 -
[33mserver_1      |[0m INFO:server.aggregator:--- [METRIC] Weight Divergence: 1.8435
[33mserver_1      |[0m INFO:server.aggregator:FedAvg aggregation complete.
[33mserver_1      |[0m INFO:__main__:Aggregation complete.
[33mserver_1      |[0m DEBUG: ⚠️ MY CUSTOM AGGREGATOR IS RUNNING ⚠️
[33mserver_1      |[0m INFO:__main__:--- Round 24 Acc: 37.54%, Loss: 1.7796 ---
[33mserver_1      |[0m INFO:__main__:--- Starting Round 25. Timeout: 300s ---
[33mserver_1      |[0m INFO:werkzeug:172.18.0.15 - - [22/Jan/2026 04:13:22] "POST /submit_update HTTP/1.1" 200 -
[34;1mclient_009_1  |[0m 2026-01-22 04:13:22,785 - __main__ - INFO - 🚀 Model update submitted successfully.
[34;1mclient_009_1  |[0m 2026-01-22 04:13:22,786 - __main__ - INFO - Update submitted for Round 24. Waiting...
[34mclient_004_1  |[0m 2026-01-22 04:13:23,049 - __main__ - INFO - --- New Round Detected: 25 ---
[33mserver_1      |[0m INFO:werkzeug:172.18.0.18 - - [22/Jan/2026 04:13:23] "GET /download_model?round=25 HTTP/1.1" 200 -
[36mclient_010_1  |[0m 2026-01-22 04:13:23,140 - __main__ - INFO - --- New Round Detected: 25 ---
[33;1mclient_006_1  |[0m 2026-01-22 04:13:23,145 - __main__ - INFO - --- New Round Detected: 25 ---
[33mserver_1      |[0m INFO:werkzeug:172.18.0.21 - - [22/Jan/2026 04:13:23] "GET /download_model?round=25 HTTP/1.1" 200 -
[33mserver_1      |[0m INFO:werkzeug:172.18.0.19 - - [22/Jan/2026 04:13:23] "GET /download_model?round=25 HTTP/1.1" 200 -
[33;1mclient_006_1  |[0m 2026-01-22 04:13:23,287 - __main__ - INFO - Round 25 finished. Loss: 0.7228, Acc: 71.43%
[33mserver_1      |[0m INFO:__main__:Received update from client_006
[33mserver_1      |[0m INFO:werkzeug:172.18.0.19 - - [22/Jan/2026 04:13:23] "POST /submit_update HTTP/1.1" 200 -
[33;1mclient_006_1  |[0m 2026-01-22 04:13:23,442 - __main__ - INFO - 🚀 Model update submitted successfully.
[33;1mclient_006_1  |[0m 2026-01-22 04:13:23,442 - __main__ - INFO - Update submitted for Round 25. Waiting...
[36mclient_010_1  |[0m 2026-01-22 04:13:23,574 - __main__ - INFO - Round 25 finished. Loss: 0.2638, Acc: 98.52%
[32mclient_002_1  |[0m 2026-01-22 04:13:23,618 - __main__ - INFO - --- New Round Detected: 25 ---
[33mserver_1      |[0m INFO:werkzeug:172.18.0.3 - - [22/Jan/2026 04:13:23] "GET /download_model?round=25 HTTP/1.1" 200 -
[33mserver_1      |[0m INFO:__main__:Received update from client_010
[33mserver_1      |[0m INFO:werkzeug:172.18.0.21 - - [22/Jan/2026 04:13:23] "POST /submit_update HTTP/1.1" 200 -
[36mclient_010_1  |[0m 2026-01-22 04:13:23,709 - __main__ - INFO - 🚀 Model update submitted successfully.
[36mclient_010_1  |[0m 2026-01-22 04:13:23,709 - __main__ - INFO - Update submitted for Round 25. Waiting...
[36;1mclient_005_1  |[0m 2026-01-22 04:13:23,788 - __main__ - INFO - Round 24 finished. Loss: 0.5451, Acc: 95.15%
[32;1mclient_007_1  |[0m 2026-01-22 04:13:23,832 - __main__ - INFO - --- New Round Detected: 25 ---
[33mserver_1      |[0m INFO:werkzeug:172.18.0.20 - - [22/Jan/2026 04:13:23] "GET /download_model?round=25 HTTP/1.1" 200 -
[33mserver_1      |[0m INFO:__main__:Received update from client_005
[33mserver_1      |[0m INFO:werkzeug:172.18.0.16 - - [22/Jan/2026 04:13:23] "POST /submit_update HTTP/1.1" 200 -
[36;1mclient_005_1  |[0m 2026-01-22 04:13:23,924 - __main__ - INFO - 🚀 Model update submitted successfully.
[36;1mclient_005_1  |[0m 2026-01-22 04:13:23,924 - __main__ - INFO - Update submitted for Round 24. Waiting...
[32;1mclient_007_1  |[0m 2026-01-22 04:13:24,156 - __main__ - INFO - Round 25 finished. Loss: 1.2433, Acc: 72.71%
[33mserver_1      |[0m INFO:__main__:Received update from client_007
[33mserver_1      |[0m INFO:werkzeug:172.18.0.20 - - [22/Jan/2026 04:13:24] "POST /submit_update HTTP/1.1" 200 -
[32;1mclient_007_1  |[0m 2026-01-22 04:13:24,291 - __main__ - INFO - 🚀 Model update submitted successfully.
[32;1mclient_007_1  |[0m 2026-01-22 04:13:24,291 - __main__ - INFO - Update submitted for Round 25. Waiting...
[32mclient_002_1  |[0m 2026-01-22 04:13:25,269 - __main__ - INFO - Round 25 finished. Loss: 0.3033, Acc: 99.01%
[33mserver_1      |[0m INFO:__main__:Received update from client_002
[33mserver_1      |[0m INFO:__main__:--- Aggregating 5 updates ---
[33mserver_1      |[0m INFO:__main__:⚡ Using Custom Aggregator with Drift Metric...
[33mserver_1      |[0m INFO:server.aggregator:Starting FedAvg aggregation for 5 clients.
[33mclient_001_1  |[0m 2026-01-22 04:13:25,859 - __main__ - INFO - --- New Round Detected: 25 ---
[33mserver_1      |[0m INFO:werkzeug:172.18.0.9 - - [22/Jan/2026 04:13:25] "GET /download_model?round=25 HTTP/1.1" 200 -
[33mclient_001_1  |[0m 2026-01-22 04:13:26,568 - __main__ - INFO - Round 25 finished. Loss: 0.2214, Acc: 99.68%
[33mserver_1      |[0m INFO:werkzeug:172.18.0.9 - - [22/Jan/2026 04:13:26] "[31m[1mPOST /submit_update HTTP/1.1[0m" 400 -
[33mclient_001_1  |[0m 2026-01-22 04:13:26,640 - __main__ - ERROR - Update submission failed: {"error":"Not accepting updates"}
[33mclient_001_1  |[0m 
[33mclient_001_1  |[0m 2026-01-22 04:13:26,641 - __main__ - INFO - Update submitted for Round 25. Waiting...
[33mserver_1      |[0m INFO:server.aggregator:--- [METRIC] Weight Divergence: 1.5460
[33mserver_1      |[0m INFO:server.aggregator:FedAvg aggregation complete.
[33mserver_1      |[0m INFO:__main__:Aggregation complete.
[35;1mclient_008_1  |[0m 2026-01-22 04:13:27,589 - __main__ - INFO - --- New Round Detected: 25 ---
[33mserver_1      |[0m INFO:werkzeug:172.18.0.22 - - [22/Jan/2026 04:13:27] "GET /download_model?round=25 HTTP/1.1" 200 -
[33mserver_1      |[0m DEBUG: ⚠️ MY CUSTOM AGGREGATOR IS RUNNING ⚠️
[35mclient_003_1  |[0m 2026-01-22 04:13:28,350 - __main__ - INFO - Round 24 finished. Loss: 0.5506, Acc: 91.97%
[33mserver_1      |[0m INFO:werkzeug:172.18.0.8 - - [22/Jan/2026 04:13:28] "[31m[1mPOST /submit_update HTTP/1.1[0m" 400 -
[35mclient_003_1  |[0m 2026-01-22 04:13:28,524 - __main__ - ERROR - Update submission failed: {"error":"Not accepting updates"}
[35mclient_003_1  |[0m 
[35mclient_003_1  |[0m 2026-01-22 04:13:28,524 - __main__ - INFO - Update submitted for Round 24. Waiting...
[33mserver_1      |[0m INFO:__main__:--- Round 25 Acc: 41.32%, Loss: 1.6689 ---
[33mserver_1      |[0m INFO:__main__:--- Starting Round 26. Timeout: 300s ---
[33mserver_1      |[0m INFO:werkzeug:172.18.0.3 - - [22/Jan/2026 04:13:28] "POST /submit_update HTTP/1.1" 200 -
[32mclient_002_1  |[0m 2026-01-22 04:13:28,761 - __main__ - INFO - 🚀 Model update submitted successfully.
[32mclient_002_1  |[0m 2026-01-22 04:13:28,761 - __main__ - INFO - Update submitted for Round 25. Waiting...
[34mclient_004_1  |[0m 2026-01-22 04:13:28,780 - __main__ - INFO - Round 25 finished. Loss: 0.6468, Acc: 93.60%
[33mserver_1      |[0m INFO:__main__:Received update from client_004
[33mserver_1      |[0m INFO:werkzeug:172.18.0.18 - - [22/Jan/2026 04:13:28] "POST /submit_update HTTP/1.1" 200 -
[34mclient_004_1  |[0m 2026-01-22 04:13:28,918 - __main__ - INFO - 🚀 Model update submitted successfully.
[34mclient_004_1  |[0m 2026-01-22 04:13:28,918 - __main__ - INFO - Update submitted for Round 25. Waiting...
[35;1mclient_008_1  |[0m 2026-01-22 04:13:29,014 - __main__ - INFO - Round 25 finished. Loss: 0.2641, Acc: 99.26%
[33mserver_1      |[0m INFO:__main__:Received update from client_008
[33mserver_1      |[0m INFO:werkzeug:172.18.0.22 - - [22/Jan/2026 04:13:29] "POST /submit_update HTTP/1.1" 200 -
[35;1mclient_008_1  |[0m 2026-01-22 04:13:29,171 - __main__ - INFO - 🚀 Model update submitted successfully.
[35;1mclient_008_1  |[0m 2026-01-22 04:13:29,172 - __main__ - INFO - Update submitted for Round 25. Waiting...
[34;1mclient_009_1  |[0m 2026-01-22 04:13:32,848 - __main__ - INFO - --- New Round Detected: 26 ---
[33mserver_1      |[0m INFO:werkzeug:172.18.0.15 - - [22/Jan/2026 04:13:32] "GET /download_model?round=26 HTTP/1.1" 200 -
[33;1mclient_006_1  |[0m 2026-01-22 04:13:33,503 - __main__ - INFO - --- New Round Detected: 26 ---
[33mserver_1      |[0m INFO:werkzeug:172.18.0.19 - - [22/Jan/2026 04:13:33] "GET /download_model?round=26 HTTP/1.1" 200 -
[33;1mclient_006_1  |[0m 2026-01-22 04:13:33,684 - __main__ - INFO - Round 26 finished. Loss: 1.0038, Acc: 64.29%
[36mclient_010_1  |[0m 2026-01-22 04:13:33,771 - __main__ - INFO - --- New Round Detected: 26 ---
[33mserver_1      |[0m INFO:__main__:Received update from client_006
[33mserver_1      |[0m INFO:werkzeug:172.18.0.19 - - [22/Jan/2026 04:13:33] "POST /submit_update HTTP/1.1" 200 -
[33mserver_1      |[0m INFO:werkzeug:172.18.0.21 - - [22/Jan/2026 04:13:33] "GET /download_model?round=26 HTTP/1.1" 200 -
[33;1mclient_006_1  |[0m 2026-01-22 04:13:33,818 - __main__ - INFO - 🚀 Model update submitted successfully.
[33;1mclient_006_1  |[0m 2026-01-22 04:13:33,819 - __main__ - INFO - Update submitted for Round 26. Waiting...
[36;1mclient_005_1  |[0m 2026-01-22 04:13:33,990 - __main__ - INFO - --- New Round Detected: 26 ---
[33mserver_1      |[0m INFO:werkzeug:172.18.0.16 - - [22/Jan/2026 04:13:34] "GET /download_model?round=26 HTTP/1.1" 200 -
[36mclient_010_1  |[0m 2026-01-22 04:13:34,174 - __main__ - INFO - Round 26 finished. Loss: 0.4150, Acc: 98.77%
[33mserver_1      |[0m INFO:__main__:Received update from client_010
[33mserver_1      |[0m INFO:werkzeug:172.18.0.21 - - [22/Jan/2026 04:13:34] "POST /submit_update HTTP/1.1" 200 -
[36mclient_010_1  |[0m 2026-01-22 04:13:34,308 - __main__ - INFO - 🚀 Model update submitted successfully.
[36mclient_010_1  |[0m 2026-01-22 04:13:34,308 - __main__ - INFO - Update submitted for Round 26. Waiting...
[32;1mclient_007_1  |[0m 2026-01-22 04:13:34,359 - __main__ - INFO - --- New Round Detected: 26 ---
[33mserver_1      |[0m INFO:werkzeug:172.18.0.20 - - [22/Jan/2026 04:13:34] "GET /download_model?round=26 HTTP/1.1" 200 -
[34;1mclient_009_1  |[0m 2026-01-22 04:13:34,434 - __main__ - INFO - Round 26 finished. Loss: 0.6698, Acc: 88.18%
[33mserver_1      |[0m INFO:__main__:Received update from client_009
[33mserver_1      |[0m INFO:__main__:--- Aggregating 5 updates ---
[33mserver_1      |[0m INFO:__main__:⚡ Using Custom Aggregator with Drift Metric...
[33mserver_1      |[0m INFO:server.aggregator:Starting FedAvg aggregation for 5 clients.
[32;1mclient_007_1  |[0m 2026-01-22 04:13:34,761 - __main__ - INFO - Round 26 finished. Loss: 1.1595, Acc: 67.22%
[33mserver_1      |[0m INFO:werkzeug:172.18.0.20 - - [22/Jan/2026 04:13:34] "[31m[1mPOST /submit_update HTTP/1.1[0m" 400 -
[32;1mclient_007_1  |[0m 2026-01-22 04:13:34,828 - __main__ - ERROR - Update submission failed: {"error":"Not accepting updates"}
[32;1mclient_007_1  |[0m 
[32;1mclient_007_1  |[0m 2026-01-22 04:13:34,828 - __main__ - INFO - Update submitted for Round 26. Waiting...
[33mserver_1      |[0m INFO:server.aggregator:--- [METRIC] Weight Divergence: 2.0357
[33mserver_1      |[0m INFO:server.aggregator:FedAvg aggregation complete.
[33mserver_1      |[0m INFO:__main__:Aggregation complete.
[36;1mclient_005_1  |[0m 2026-01-22 04:13:36,289 - __main__ - INFO - Round 26 finished. Loss: 0.2690, Acc: 98.79%
[33mserver_1      |[0m DEBUG: ⚠️ MY CUSTOM AGGREGATOR IS RUNNING ⚠️
[33mserver_1      |[0m INFO:werkzeug:172.18.0.16 - - [22/Jan/2026 04:13:36] "[31m[1mPOST /submit_update HTTP/1.1[0m" 400 -
[36;1mclient_005_1  |[0m 2026-01-22 04:13:36,439 - __main__ - ERROR - Update submission failed: {"error":"Not accepting updates"}
[36;1mclient_005_1  |[0m 
[36;1mclient_005_1  |[0m 2026-01-22 04:13:36,440 - __main__ - INFO - Update submitted for Round 26. Waiting...
[33mclient_001_1  |[0m 2026-01-22 04:13:36,704 - __main__ - INFO - --- New Round Detected: 26 ---
[33mserver_1      |[0m INFO:werkzeug:172.18.0.9 - - [22/Jan/2026 04:13:36] "GET /download_model?round=26 HTTP/1.1" 200 -
[33mclient_001_1  |[0m 2026-01-22 04:13:37,301 - __main__ - INFO - Round 26 finished. Loss: 0.3424, Acc: 99.03%
[33mserver_1      |[0m INFO:werkzeug:172.18.0.9 - - [22/Jan/2026 04:13:37] "[31m[1mPOST /submit_update HTTP/1.1[0m" 400 -
[33mclient_001_1  |[0m 2026-01-22 04:13:37,365 - __main__ - ERROR - Update submission failed: {"error":"Not accepting updates"}
[33mclient_001_1  |[0m 
[33mclient_001_1  |[0m 2026-01-22 04:13:37,365 - __main__ - INFO - Update submitted for Round 26. Waiting...
[33mserver_1      |[0m INFO:__main__:--- Round 26 Acc: 43.23%, Loss: 1.6678 ---
[33mserver_1      |[0m INFO:__main__:--- Starting Round 27. Timeout: 300s ---
[33mserver_1      |[0m INFO:werkzeug:172.18.0.15 - - [22/Jan/2026 04:13:37] "POST /submit_update HTTP/1.1" 200 -
[34;1mclient_009_1  |[0m 2026-01-22 04:13:37,418 - __main__ - INFO - 🚀 Model update submitted successfully.
[34;1mclient_009_1  |[0m 2026-01-22 04:13:37,418 - __main__ - INFO - Update submitted for Round 26. Waiting...
[35mclient_003_1  |[0m 2026-01-22 04:13:38,620 - __main__ - INFO - --- New Round Detected: 27 ---
[33mserver_1      |[0m INFO:werkzeug:172.18.0.8 - - [22/Jan/2026 04:13:38] "GET /download_model?round=27 HTTP/1.1" 200 -
[32mclient_002_1  |[0m 2026-01-22 04:13:38,841 - __main__ - INFO - --- New Round Detected: 27 ---
[33mserver_1      |[0m INFO:werkzeug:172.18.0.3 - - [22/Jan/2026 04:13:38] "GET /download_model?round=27 HTTP/1.1" 200 -
[34mclient_004_1  |[0m 2026-01-22 04:13:38,984 - __main__ - INFO - --- New Round Detected: 27 ---
[33mserver_1      |[0m INFO:werkzeug:172.18.0.18 - - [22/Jan/2026 04:13:39] "GET /download_model?round=27 HTTP/1.1" 200 -
[35;1mclient_008_1  |[0m 2026-01-22 04:13:39,235 - __main__ - INFO - --- New Round Detected: 27 ---
[33mserver_1      |[0m INFO:werkzeug:172.18.0.22 - - [22/Jan/2026 04:13:39] "GET /download_model?round=27 HTTP/1.1" 200 -
[32mclient_002_1  |[0m 2026-01-22 04:13:40,655 - __main__ - INFO - Round 27 finished. Loss: 0.3409, Acc: 99.51%
[33mserver_1      |[0m INFO:__main__:Received update from client_002
[33mserver_1      |[0m INFO:werkzeug:172.18.0.3 - - [22/Jan/2026 04:13:40] "POST /submit_update HTTP/1.1" 200 -
[32mclient_002_1  |[0m 2026-01-22 04:13:40,811 - __main__ - INFO - 🚀 Model update submitted successfully.
[32mclient_002_1  |[0m 2026-01-22 04:13:40,811 - __main__ - INFO - Update submitted for Round 27. Waiting...
[35;1mclient_008_1  |[0m 2026-01-22 04:13:40,852 - __main__ - INFO - Round 27 finished. Loss: 0.2855, Acc: 99.31%
[33mserver_1      |[0m INFO:__main__:Received update from client_008
[33mserver_1      |[0m INFO:werkzeug:172.18.0.22 - - [22/Jan/2026 04:13:40] "POST /submit_update HTTP/1.1" 200 -
[35;1mclient_008_1  |[0m 2026-01-22 04:13:40,987 - __main__ - INFO - 🚀 Model update submitted successfully.
[35;1mclient_008_1  |[0m 2026-01-22 04:13:40,987 - __main__ - INFO - Update submitted for Round 27. Waiting...
[34mclient_004_1  |[0m 2026-01-22 04:13:43,118 - __main__ - INFO - Round 27 finished. Loss: 0.4186, Acc: 97.12%
[33mserver_1      |[0m INFO:__main__:Received update from client_004
[33mserver_1      |[0m INFO:werkzeug:172.18.0.18 - - [22/Jan/2026 04:13:43] "POST /submit_update HTTP/1.1" 200 -
[34mclient_004_1  |[0m 2026-01-22 04:13:43,255 - __main__ - INFO - 🚀 Model update submitted successfully.
[34mclient_004_1  |[0m 2026-01-22 04:13:43,256 - __main__ - INFO - Update submitted for Round 27. Waiting...
[33;1mclient_006_1  |[0m 2026-01-22 04:13:43,897 - __main__ - INFO - --- New Round Detected: 27 ---
[33mserver_1      |[0m INFO:werkzeug:172.18.0.19 - - [22/Jan/2026 04:13:43] "GET /download_model?round=27 HTTP/1.1" 200 -
[33;1mclient_006_1  |[0m 2026-01-22 04:13:44,061 - __main__ - INFO - Round 27 finished. Loss: 0.6133, Acc: 92.86%
[33mserver_1      |[0m INFO:__main__:Received update from client_006
[33mserver_1      |[0m INFO:werkzeug:172.18.0.19 - - [22/Jan/2026 04:13:44] "POST /submit_update HTTP/1.1" 200 -
[33;1mclient_006_1  |[0m 2026-01-22 04:13:44,197 - __main__ - INFO - 🚀 Model update submitted successfully.
[33;1mclient_006_1  |[0m 2026-01-22 04:13:44,197 - __main__ - INFO - Update submitted for Round 27. Waiting...
[36mclient_010_1  |[0m 2026-01-22 04:13:44,400 - __main__ - INFO - --- New Round Detected: 27 ---
[33mserver_1      |[0m INFO:werkzeug:172.18.0.21 - - [22/Jan/2026 04:13:44] "GET /download_model?round=27 HTTP/1.1" 200 -
[36mclient_010_1  |[0m 2026-01-22 04:13:44,827 - __main__ - INFO - Round 27 finished. Loss: 0.3313, Acc: 98.89%
[32;1mclient_007_1  |[0m 2026-01-22 04:13:44,889 - __main__ - INFO - --- New Round Detected: 27 ---
[33mserver_1      |[0m INFO:werkzeug:172.18.0.20 - - [22/Jan/2026 04:13:44] "GET /download_model?round=27 HTTP/1.1" 200 -
[33mserver_1      |[0m INFO:__main__:Received update from client_010
[33mserver_1      |[0m INFO:__main__:--- Aggregating 5 updates ---
[33mserver_1      |[0m INFO:__main__:⚡ Using Custom Aggregator with Drift Metric...
[33mserver_1      |[0m INFO:server.aggregator:Starting FedAvg aggregation for 5 clients.
[32;1mclient_007_1  |[0m 2026-01-22 04:13:45,222 - __main__ - INFO - Round 27 finished. Loss: 1.3247, Acc: 69.05%
[33mserver_1      |[0m INFO:werkzeug:172.18.0.20 - - [22/Jan/2026 04:13:45] "[31m[1mPOST /submit_update HTTP/1.1[0m" 400 -
[32;1mclient_007_1  |[0m 2026-01-22 04:13:45,284 - __main__ - ERROR - Update submission failed: {"error":"Not accepting updates"}
[32;1mclient_007_1  |[0m 
[32;1mclient_007_1  |[0m 2026-01-22 04:13:45,284 - __main__ - INFO - Update submitted for Round 27. Waiting...
[36;1mclient_005_1  |[0m 2026-01-22 04:13:46,504 - __main__ - INFO - --- New Round Detected: 27 ---
[33mserver_1      |[0m INFO:werkzeug:172.18.0.16 - - [22/Jan/2026 04:13:46] "GET /download_model?round=27 HTTP/1.1" 200 -
[33mserver_1      |[0m INFO:server.aggregator:--- [METRIC] Weight Divergence: 1.7515
[33mserver_1      |[0m INFO:server.aggregator:FedAvg aggregation complete.
[33mserver_1      |[0m INFO:__main__:Aggregation complete.
[33mserver_1      |[0m DEBUG: ⚠️ MY CUSTOM AGGREGATOR IS RUNNING ⚠️
[35mclient_003_1  |[0m 2026-01-22 04:13:47,238 - __main__ - INFO - Round 27 finished. Loss: 0.7106, Acc: 89.65%
[33mserver_1      |[0m INFO:werkzeug:172.18.0.8 - - [22/Jan/2026 04:13:47] "[31m[1mPOST /submit_update HTTP/1.1[0m" 400 -
[35mclient_003_1  |[0m 2026-01-22 04:13:47,303 - __main__ - ERROR - Update submission failed: {"error":"Not accepting updates"}
[35mclient_003_1  |[0m 
[35mclient_003_1  |[0m 2026-01-22 04:13:47,303 - __main__ - INFO - Update submitted for Round 27. Waiting...
[33mclient_001_1  |[0m 2026-01-22 04:13:47,428 - __main__ - INFO - --- New Round Detected: 27 ---
[33mserver_1      |[0m INFO:werkzeug:172.18.0.9 - - [22/Jan/2026 04:13:47] "GET /download_model?round=27 HTTP/1.1" 200 -
[34;1mclient_009_1  |[0m 2026-01-22 04:13:47,487 - __main__ - INFO - --- New Round Detected: 27 ---
[33mserver_1      |[0m INFO:werkzeug:172.18.0.15 - - [22/Jan/2026 04:13:47] "GET /download_model?round=27 HTTP/1.1" 200 -
[33mserver_1      |[0m INFO:__main__:--- Round 27 Acc: 46.05%, Loss: 1.6523 ---
[33mserver_1      |[0m INFO:__main__:--- Starting Round 28. Timeout: 300s ---
[33mserver_1      |[0m INFO:werkzeug:172.18.0.21 - - [22/Jan/2026 04:13:47] "POST /submit_update HTTP/1.1" 200 -
[36mclient_010_1  |[0m 2026-01-22 04:13:47,985 - __main__ - INFO - 🚀 Model update submitted successfully.
[36mclient_010_1  |[0m 2026-01-22 04:13:47,985 - __main__ - INFO - Update submitted for Round 27. Waiting...
[33mclient_001_1  |[0m 2026-01-22 04:13:48,119 - __main__ - INFO - Round 27 finished. Loss: 0.2821, Acc: 99.68%
[33mserver_1      |[0m INFO:__main__:Received update from client_001
[33mserver_1      |[0m INFO:werkzeug:172.18.0.9 - - [22/Jan/2026 04:13:48] "POST /submit_update HTTP/1.1" 200 -
[33mclient_001_1  |[0m 2026-01-22 04:13:48,289 - __main__ - INFO - 🚀 Model update submitted successfully.
[33mclient_001_1  |[0m 2026-01-22 04:13:48,289 - __main__ - INFO - Update submitted for Round 27. Waiting...
[36;1mclient_005_1  |[0m 2026-01-22 04:13:48,711 - __main__ - INFO - Round 27 finished. Loss: 0.4529, Acc: 98.04%
[33mserver_1      |[0m INFO:__main__:Received update from client_005
[33mserver_1      |[0m INFO:werkzeug:172.18.0.16 - - [22/Jan/2026 04:13:48] "POST /submit_update HTTP/1.1" 200 -
[36;1mclient_005_1  |[0m 2026-01-22 04:13:48,852 - __main__ - INFO - 🚀 Model update submitted successfully.
[36;1mclient_005_1  |[0m 2026-01-22 04:13:48,852 - __main__ - INFO - Update submitted for Round 27. Waiting...
[34;1mclient_009_1  |[0m 2026-01-22 04:13:49,925 - __main__ - INFO - Round 27 finished. Loss: 0.4809, Acc: 91.44%
[33mserver_1      |[0m INFO:__main__:Received update from client_009
[33mserver_1      |[0m INFO:werkzeug:172.18.0.15 - - [22/Jan/2026 04:13:50] "POST /submit_update HTTP/1.1" 200 -
[34;1mclient_009_1  |[0m 2026-01-22 04:13:50,061 - __main__ - INFO - 🚀 Model update submitted successfully.
[34;1mclient_009_1  |[0m 2026-01-22 04:13:50,061 - __main__ - INFO - Update submitted for Round 27. Waiting...
[32mclient_002_1  |[0m 2026-01-22 04:13:50,878 - __main__ - INFO - --- New Round Detected: 28 ---
[33mserver_1      |[0m INFO:werkzeug:172.18.0.3 - - [22/Jan/2026 04:13:50] "GET /download_model?round=28 HTTP/1.1" 200 -
[35;1mclient_008_1  |[0m 2026-01-22 04:13:51,049 - __main__ - INFO - --- New Round Detected: 28 ---
[33mserver_1      |[0m INFO:werkzeug:172.18.0.22 - - [22/Jan/2026 04:13:51] "GET /download_model?round=28 HTTP/1.1" 200 -
[35;1mclient_008_1  |[0m 2026-01-22 04:13:52,513 - __main__ - INFO - Round 28 finished. Loss: 0.3152, Acc: 99.21%
[32mclient_002_1  |[0m 2026-01-22 04:13:52,557 - __main__ - INFO - Round 28 finished. Loss: 0.3644, Acc: 99.80%
[33mserver_1      |[0m INFO:__main__:Received update from client_008
[33mserver_1      |[0m INFO:werkzeug:172.18.0.22 - - [22/Jan/2026 04:13:52] "POST /submit_update HTTP/1.1" 200 -
[33mserver_1      |[0m INFO:__main__:Received update from client_002
[33mserver_1      |[0m INFO:__main__:--- Aggregating 5 updates ---
[33mserver_1      |[0m INFO:__main__:⚡ Using Custom Aggregator with Drift Metric...
[33mserver_1      |[0m INFO:server.aggregator:Starting FedAvg aggregation for 5 clients.
[35;1mclient_008_1  |[0m 2026-01-22 04:13:52,682 - __main__ - INFO - 🚀 Model update submitted successfully.
[35;1mclient_008_1  |[0m 2026-01-22 04:13:52,682 - __main__ - INFO - Update submitted for Round 28. Waiting...
[34mclient_004_1  |[0m 2026-01-22 04:13:53,342 - __main__ - INFO - --- New Round Detected: 28 ---
[33mserver_1      |[0m INFO:werkzeug:172.18.0.18 - - [22/Jan/2026 04:13:53] "GET /download_model?round=28 HTTP/1.1" 200 -
[33mserver_1      |[0m INFO:server.aggregator:--- [METRIC] Weight Divergence: 1.6466
[33mserver_1      |[0m INFO:server.aggregator:FedAvg aggregation complete.
[33mserver_1      |[0m INFO:__main__:Aggregation complete.
[33mserver_1      |[0m DEBUG: ⚠️ MY CUSTOM AGGREGATOR IS RUNNING ⚠️
[33;1mclient_006_1  |[0m 2026-01-22 04:13:54,299 - __main__ - INFO - --- New Round Detected: 28 ---
[33mserver_1      |[0m INFO:werkzeug:172.18.0.19 - - [22/Jan/2026 04:13:54] "GET /download_model?round=28 HTTP/1.1" 200 -
[33;1mclient_006_1  |[0m 2026-01-22 04:13:54,435 - __main__ - INFO - Round 28 finished. Loss: 0.6342, Acc: 85.71%
[33mserver_1      |[0m INFO:werkzeug:172.18.0.19 - - [22/Jan/2026 04:13:54] "[31m[1mPOST /submit_update HTTP/1.1[0m" 400 -
[33;1mclient_006_1  |[0m 2026-01-22 04:13:54,500 - __main__ - ERROR - Update submission failed: {"error":"Not accepting updates"}
[33;1mclient_006_1  |[0m 
[33;1mclient_006_1  |[0m 2026-01-22 04:13:54,500 - __main__ - INFO - Update submitted for Round 28. Waiting...
[32;1mclient_007_1  |[0m 2026-01-22 04:13:55,360 - __main__ - INFO - --- New Round Detected: 28 ---
[33mserver_1      |[0m INFO:werkzeug:172.18.0.20 - - [22/Jan/2026 04:13:55] "GET /download_model?round=28 HTTP/1.1" 200 -
[33mserver_1      |[0m INFO:__main__:--- Round 28 Acc: 42.40%, Loss: 1.7481 ---
[33mserver_1      |[0m INFO:__main__:--- Starting Round 29. Timeout: 300s ---
[33mserver_1      |[0m INFO:werkzeug:172.18.0.3 - - [22/Jan/2026 04:13:55] "POST /submit_update HTTP/1.1" 200 -
[32mclient_002_1  |[0m 2026-01-22 04:13:55,473 - __main__ - INFO - 🚀 Model update submitted successfully.
[32mclient_002_1  |[0m 2026-01-22 04:13:55,473 - __main__ - INFO - Update submitted for Round 28. Waiting...
[32;1mclient_007_1  |[0m 2026-01-22 04:13:55,660 - __main__ - INFO - Round 28 finished. Loss: 1.1488, Acc: 72.53%
[33mserver_1      |[0m INFO:__main__:Received update from client_007
[33mserver_1      |[0m INFO:werkzeug:172.18.0.20 - - [22/Jan/2026 04:13:55] "POST /submit_update HTTP/1.1" 200 -
[32;1mclient_007_1  |[0m 2026-01-22 04:13:55,793 - __main__ - INFO - 🚀 Model update submitted successfully.
[32;1mclient_007_1  |[0m 2026-01-22 04:13:55,793 - __main__ - INFO - Update submitted for Round 28. Waiting...
[35mclient_003_1  |[0m 2026-01-22 04:13:57,368 - __main__ - INFO - --- New Round Detected: 29 ---
[33mserver_1      |[0m INFO:werkzeug:172.18.0.8 - - [22/Jan/2026 04:13:57] "GET /download_model?round=29 HTTP/1.1" 200 -
[36mclient_010_1  |[0m 2026-01-22 04:13:58,047 - __main__ - INFO - --- New Round Detected: 29 ---
[33mserver_1      |[0m INFO:werkzeug:172.18.0.21 - - [22/Jan/2026 04:13:58] "GET /download_model?round=29 HTTP/1.1" 200 -
[33mclient_001_1  |[0m 2026-01-22 04:13:58,367 - __main__ - INFO - --- New Round Detected: 29 ---
[33mserver_1      |[0m INFO:werkzeug:172.18.0.9 - - [22/Jan/2026 04:13:58] "GET /download_model?round=29 HTTP/1.1" 200 -
[36mclient_010_1  |[0m 2026-01-22 04:13:58,731 - __main__ - INFO - Round 29 finished. Loss: 0.3385, Acc: 98.77%
[33mserver_1      |[0m INFO:__main__:Received update from client_010
[33mserver_1      |[0m INFO:werkzeug:172.18.0.21 - - [22/Jan/2026 04:13:58] "POST /submit_update HTTP/1.1" 200 -
[36mclient_010_1  |[0m 2026-01-22 04:13:58,868 - __main__ - INFO - 🚀 Model update submitted successfully.
[36mclient_010_1  |[0m 2026-01-22 04:13:58,868 - __main__ - INFO - Update submitted for Round 29. Waiting...
[36;1mclient_005_1  |[0m 2026-01-22 04:13:58,913 - __main__ - INFO - --- New Round Detected: 29 ---
[33mserver_1      |[0m INFO:werkzeug:172.18.0.16 - - [22/Jan/2026 04:13:58] "GET /download_model?round=29 HTTP/1.1" 200 -
[33mclient_001_1  |[0m 2026-01-22 04:13:59,035 - __main__ - INFO - Round 29 finished. Loss: 0.2891, Acc: 99.68%
[34mclient_004_1  |[0m 2026-01-22 04:13:59,137 - __main__ - INFO - Round 28 finished. Loss: 0.2843, Acc: 99.56%
[33mserver_1      |[0m INFO:__main__:Received update from client_001
[33mserver_1      |[0m INFO:werkzeug:172.18.0.9 - - [22/Jan/2026 04:13:59] "POST /submit_update HTTP/1.1" 200 -
[33mclient_001_1  |[0m 2026-01-22 04:13:59,170 - __main__ - INFO - 🚀 Model update submitted successfully.
[33mclient_001_1  |[0m 2026-01-22 04:13:59,171 - __main__ - INFO - Update submitted for Round 29. Waiting...
[33mserver_1      |[0m INFO:__main__:Received update from client_004
[33mserver_1      |[0m INFO:werkzeug:172.18.0.18 - - [22/Jan/2026 04:13:59] "POST /submit_update HTTP/1.1" 200 -
[34mclient_004_1  |[0m 2026-01-22 04:13:59,273 - __main__ - INFO - 🚀 Model update submitted successfully.
[34mclient_004_1  |[0m 2026-01-22 04:13:59,273 - __main__ - INFO - Update submitted for Round 28. Waiting...
[34;1mclient_009_1  |[0m 2026-01-22 04:14:00,127 - __main__ - INFO - --- New Round Detected: 29 ---
[33mserver_1      |[0m INFO:werkzeug:172.18.0.15 - - [22/Jan/2026 04:14:00] "GET /download_model?round=29 HTTP/1.1" 200 -
[36;1mclient_005_1  |[0m 2026-01-22 04:14:01,021 - __main__ - INFO - Round 29 finished. Loss: 0.3634, Acc: 98.60%
[33mserver_1      |[0m INFO:__main__:Received update from client_005
[33mserver_1      |[0m INFO:__main__:--- Aggregating 5 updates ---
[33mserver_1      |[0m INFO:__main__:⚡ Using Custom Aggregator with Drift Metric...
[33mserver_1      |[0m INFO:server.aggregator:Starting FedAvg aggregation for 5 clients.
[34;1mclient_009_1  |[0m 2026-01-22 04:14:02,654 - __main__ - INFO - Round 29 finished. Loss: 0.4560, Acc: 93.78%
[33mserver_1      |[0m INFO:werkzeug:172.18.0.15 - - [22/Jan/2026 04:14:02] "[31m[1mPOST /submit_update HTTP/1.1[0m" 400 -
[35;1mclient_008_1  |[0m 2026-01-22 04:14:02,747 - __main__ - INFO - --- New Round Detected: 29 ---
[34;1mclient_009_1  |[0m 2026-01-22 04:14:02,758 - __main__ - ERROR - Update submission failed: {"error":"Not accepting updates"}
[34;1mclient_009_1  |[0m 
[34;1mclient_009_1  |[0m 2026-01-22 04:14:02,758 - __main__ - INFO - Update submitted for Round 29. Waiting...
[33mserver_1      |[0m INFO:werkzeug:172.18.0.22 - - [22/Jan/2026 04:14:02] "GET /download_model?round=29 HTTP/1.1" 200 -
[33mserver_1      |[0m INFO:server.aggregator:--- [METRIC] Weight Divergence: 1.8526
[33mserver_1      |[0m INFO:server.aggregator:FedAvg aggregation complete.
[33mserver_1      |[0m INFO:__main__:Aggregation complete.
[33mserver_1      |[0m DEBUG: ⚠️ MY CUSTOM AGGREGATOR IS RUNNING ⚠️
[33mserver_1      |[0m INFO:__main__:--- Round 29 Acc: 37.50%, Loss: 1.8374 ---
[33mserver_1      |[0m INFO:__main__:---Final model saved ---
[33mserver_1      |[0m INFO:__main__:--- Training complete. ---
[33mserver_1      |[0m INFO:werkzeug:172.18.0.16 - - [22/Jan/2026 04:14:03] "POST /submit_update HTTP/1.1" 200 -
[36;1mclient_005_1  |[0m 2026-01-22 04:14:03,906 - __main__ - INFO - 🚀 Model update submitted successfully.
[36;1mclient_005_1  |[0m 2026-01-22 04:14:03,906 - __main__ - INFO - Update submitted for Round 29. Waiting...
[35;1mclient_008_1  |[0m 2026-01-22 04:14:04,138 - __main__ - INFO - Round 29 finished. Loss: 0.2881, Acc: 99.46%
[33mserver_1      |[0m INFO:werkzeug:172.18.0.22 - - [22/Jan/2026 04:14:04] "[31m[1mPOST /submit_update HTTP/1.1[0m" 400 -
[35;1mclient_008_1  |[0m 2026-01-22 04:14:04,202 - __main__ - ERROR - Update submission failed: {"error":"Not accepting updates"}
[35;1mclient_008_1  |[0m 
[35;1mclient_008_1  |[0m 2026-01-22 04:14:04,203 - __main__ - INFO - Update submitted for Round 29. Waiting...
[33;1mclient_006_1  |[0m 2026-01-22 04:14:04,564 - __main__ - INFO - Server finished training. Exiting.
[33;1mclient_006_1  |[0m [client_006] 🔋 LOW (Conserving) | Epochs=2 | KD=logits | Mu=0.01, Alpha=0.5
[33;1mclient_006_1  |[0m [client_006] 🔋 LOW (Conserving) | Epochs=2 | KD=logits | Mu=0.01, Alpha=0.5
[33;1mclient_006_1  |[0m [client_006] 🔋 LOW (Conserving) | Epochs=2 | KD=logits | Mu=0.01, Alpha=0.5
[33;1mclient_006_1  |[0m [client_006] 🔋 LOW (Conserving) | Epochs=2 | KD=logits | Mu=0.01, Alpha=0.5
[33;1mclient_006_1  |[0m [client_006] 🔋 LOW (Conserving) | Epochs=2 | KD=logits | Mu=0.01, Alpha=0.5
[33;1mclient_006_1  |[0m [client_006] 🔋 LOW (Conserving) | Epochs=2 | KD=logits | Mu=0.01, Alpha=0.5
[33;1mclient_006_1  |[0m [client_006] 🔋 LOW (Conserving) | Epochs=2 | KD=logits | Mu=0.01, Alpha=0.5
[33;1mclient_006_1  |[0m [client_006] 🔋 LOW (Conserving) | Epochs=2 | KD=logits | Mu=0.01, Alpha=0.5
[33;1mclient_006_1  |[0m [client_006] 🔋 LOW (Conserving) | Epochs=2 | KD=logits | Mu=0.01, Alpha=0.5
[33;1mclient_006_1  |[0m [client_006] 🔋 LOW (Conserving) | Epochs=2 | KD=logits | Mu=0.01, Alpha=0.5
[33;1mclient_006_1  |[0m [client_006] 🔋 LOW (Conserving) | Epochs=2 | KD=logits | Mu=0.01, Alpha=0.5
[33;1mclient_006_1  |[0m [client_006] 🔋 LOW (Conserving) | Epochs=2 | KD=logits | Mu=0.01, Alpha=0.5
[33;1mclient_006_1  |[0m [client_006] 🔋 LOW (Conserving) | Epochs=2 | KD=logits | Mu=0.01, Alpha=0.5
[33;1mclient_006_1  |[0m [client_006] 🔋 LOW (Conserving) | Epochs=2 | KD=logits | Mu=0.01, Alpha=0.5
[33;1mclient_006_1  |[0m [client_006] 🔋 LOW (Conserving) | Epochs=2 | KD=logits | Mu=0.01, Alpha=0.5
[33;1mclient_006_1  |[0m [client_006] 🔋 LOW (Conserving) | Epochs=2 | KD=logits | Mu=0.01, Alpha=0.5
[33;1mclient_006_1  |[0m [client_006] 🔋 LOW (Conserving) | Epochs=2 | KD=logits | Mu=0.01, Alpha=0.5
[33;1mclient_006_1  |[0m [client_006] 🔋 LOW (Conserving) | Epochs=2 | KD=logits | Mu=0.01, Alpha=0.5
[33;1mclient_006_1  |[0m [client_006] 🔋 LOW (Conserving) | Epochs=2 | KD=logits | Mu=0.01, Alpha=0.5
[33;1mclient_006_1  |[0m [client_006] 🔋 LOW (Conserving) | Epochs=2 | KD=logits | Mu=0.01, Alpha=0.5
[33;1mclient_006_1  |[0m [client_006] 🔋 LOW (Conserving) | Epochs=2 | KD=logits | Mu=0.01, Alpha=0.5
[33;1mclient_006_1  |[0m [client_006] 🔋 LOW (Conserving) | Epochs=2 | KD=logits | Mu=0.01, Alpha=0.5
[33;1mclient_006_1  |[0m [client_006] 🔋 LOW (Conserving) | Epochs=2 | KD=logits | Mu=0.01, Alpha=0.5
[33;1mclient_006_1  |[0m [client_006] 🔋 LOW (Conserving) | Epochs=2 | KD=logits | Mu=0.01, Alpha=0.5
[33;1mclient_006_1  |[0m [client_006] 🔋 LOW (Conserving) | Epochs=2 | KD=logits | Mu=0.01, Alpha=0.5
[33;1mfl-rest_client_006_1 exited with code 0
[0mStopping fl-rest_client_020_1 ... 
Stopping fl-rest_client_016_1 ... 
Stopping fl-rest_client_009_1 ... 
Stopping fl-rest_client_017_1 ... 
Stopping fl-rest_client_010_1 ... 
Stopping fl-rest_client_013_1 ... 
Stopping fl-rest_client_012_1 ... 
Stopping fl-rest_client_001_1 ... 
Stopping fl-rest_client_019_1 ... 
Stopping fl-rest_client_018_1 ... 
Stopping fl-rest_client_005_1 ... 
Stopping fl-rest_client_003_1 ... 
Stopping fl-rest_client_004_1 ... 
Stopping fl-rest_client_015_1 ... 
Stopping fl-rest_client_014_1 ... 
Stopping fl-rest_client_011_1 ... 
Stopping fl-rest_client_007_1 ... 
Stopping fl-rest_client_008_1 ... 
Stopping fl-rest_client_002_1 ... 
Stopping docker-tc            ... 
Stopping fl-rest_server_1     ... 
Stopping docker-tc            ... done
Stopping fl-rest_client_002_1 ... done
Stopping fl-rest_client_007_1 ... done
Stopping fl-rest_client_020_1 ... done
Stopping fl-rest_client_013_1 ... done
Stopping fl-rest_client_012_1 ... done
Stopping fl-rest_client_016_1 ... done
Stopping fl-rest_client_018_1 ... done
Stopping fl-rest_client_017_1 ... done
Stopping fl-rest_client_011_1 ... done
Stopping fl-rest_client_015_1 ... done
Stopping fl-rest_client_019_1 ... done
Stopping fl-rest_client_014_1 ... done
Stopping fl-rest_client_009_1 ... done
Stopping fl-rest_client_005_1 ... done
Stopping fl-rest_client_008_1 ... done
Stopping fl-rest_client_010_1 ... done
Stopping fl-rest_client_004_1 ... done
Stopping fl-rest_client_001_1 ... done
Stopping fl-rest_client_003_1 ... done
Stopping fl-rest_server_1     ... done
Aborting on container exit...
