using --exit-code-from implies --abort-on-container-exit
Creating docker-tc ... 
Creating fl-rest_server_1 ... 
Creating docker-tc        ... done
Creating fl-rest_server_1 ... done
Creating fl-rest_client_013_1 ... 
Creating fl-rest_client_006_1 ... 
Creating fl-rest_client_017_1 ... 
Creating fl-rest_client_007_1 ... 
Creating fl-rest_client_009_1 ... 
Creating fl-rest_client_003_1 ... 
Creating fl-rest_client_005_1 ... 
Creating fl-rest_client_008_1 ... 
Creating fl-rest_client_019_1 ... 
Creating fl-rest_client_015_1 ... 
Creating fl-rest_client_016_1 ... 
Creating fl-rest_client_012_1 ... 
Creating fl-rest_client_020_1 ... 
Creating fl-rest_client_002_1 ... 
Creating fl-rest_client_018_1 ... 
Creating fl-rest_client_004_1 ... 
Creating fl-rest_client_014_1 ... 
Creating fl-rest_client_011_1 ... 
Creating fl-rest_client_010_1 ... 
Creating fl-rest_client_001_1 ... 
Creating fl-rest_client_013_1 ... done
Creating fl-rest_client_017_1 ... done
Creating fl-rest_client_006_1 ... done
Creating fl-rest_client_003_1 ... done
Creating fl-rest_client_005_1 ... done
Creating fl-rest_client_007_1 ... done
Creating fl-rest_client_019_1 ... done
Creating fl-rest_client_016_1 ... done
Creating fl-rest_client_015_1 ... done
Creating fl-rest_client_012_1 ... done
Creating fl-rest_client_011_1 ... done
Creating fl-rest_client_018_1 ... done
Creating fl-rest_client_014_1 ... done
Creating fl-rest_client_020_1 ... done
Creating fl-rest_client_010_1 ... done
Creating fl-rest_client_008_1 ... done
Creating fl-rest_client_002_1 ... done
Creating fl-rest_client_001_1 ... done
Creating fl-rest_client_004_1 ... done
Creating fl-rest_client_009_1 ... done
Attaching to docker-tc, fl-rest_server_1, fl-rest_client_013_1, fl-rest_client_017_1, fl-rest_client_006_1, fl-rest_client_003_1, fl-rest_client_005_1, fl-rest_client_007_1, fl-rest_client_019_1, fl-rest_client_016_1, fl-rest_client_015_1, fl-rest_client_012_1, fl-rest_client_011_1, fl-rest_client_018_1, fl-rest_client_014_1, fl-rest_client_020_1, fl-rest_client_010_1, fl-rest_client_008_1, fl-rest_client_002_1, fl-rest_client_001_1, fl-rest_client_004_1, fl-rest_client_009_1
[36mdocker-tc     |[0m [s6-init] making user provided files available at /var/run/s6/etc...exited 0.
[36mdocker-tc     |[0m [s6-init] ensuring user provided files have correct perms...exited 0.
[36mdocker-tc     |[0m [fix-attrs.d] applying ownership & permissions fixes...
[36mdocker-tc     |[0m [fix-attrs.d] done.
[36mdocker-tc     |[0m [cont-init.d] executing container initialization scripts...
[36mdocker-tc     |[0m [cont-init.d] 00-init: executing... 
[36mdocker-tc     |[0m [cont-init.d] 00-init: exited 0.
[36mdocker-tc     |[0m [cont-init.d] done.
[36mdocker-tc     |[0m [services.d] starting services
[36mdocker-tc     |[0m Starting garbage collector
[36mdocker-tc     |[0m Starting HTTP server on 127.0.0.1:4080
[36mdocker-tc     |[0m + exec hapttic -file /docker-tc/bin/httpd.sh -logErrors -host 127.0.0.1 -port 4080
[36mdocker-tc     |[0m [services.d] done.
[36mdocker-tc     |[0m 2026/01/27 13:16:29 Thanks for using hapttic v1.0.0
[36mdocker-tc     |[0m 2026/01/27 13:16:29 Listening on 127.0.0.1:4080
[36mdocker-tc     |[0m 2026/01/27 13:16:29 Forwarding requests to /docker-tc/bin/httpd.sh
[36mdocker-tc     |[0m 2026/01/27 13:16:29 Logging errors to stderr
[33mserver_1      |[0m TensorFlow installation not found - running with reduced feature set.
[33mserver_1      |[0m 
[33mserver_1      |[0m NOTE: Using experimental fast data loading logic. To disable, pass
[33mserver_1      |[0m     "--load_fast=false" and report issues on GitHub. More details:
[33mserver_1      |[0m     https://github.com/tensorflow/tensorboard/issues/4784
[33mserver_1      |[0m 
[36mdocker-tc     |[0m 
[36mdocker-tc     |[0m  ____          _              _____         ___ ___ _        _____         _           _
[36mdocker-tc     |[0m |    \ ___ ___| |_ ___ ___   |_   _|___ ___|  _|  _|_|___   |     |___ ___| |_ ___ ___| |
[36mdocker-tc     |[0m |  |  | . |  _| '_| -_|  _|    | | |  _| .'|  _|  _| |  _|  |   --| . |   |  _|  _| . | |
[36mdocker-tc     |[0m |____/|___|___|_,_|___|_|      |_| |_| |__,|_| |_| |_|___|  |_____|___|_|_|_| |_| |___|_|
[36mdocker-tc     |[0m 
[36mdocker-tc     |[0m Starting Docker Traffic Control 18.12
[36mdocker-tc     |[0m https://github.com/lukaszlach/docker-tc
[36mdocker-tc     |[0m 
[33mserver_1      |[0m TensorBoard 2.20.0 at http://0.0.0.0:6006/ (Press CTRL+C to quit)
[36mdocker-tc     |[0m [2026-01-27T13:16:29+00:00] [93af0c2122da] Notice: Skipping container, service was disabled by label
[36mdocker-tc     |[0m [2026-01-27T13:16:29+00:00] [bd19146b9070] Notice: Skipping container, no valid labels found
[36mdocker-tc     |[0m [2026-01-27T13:16:29+00:00] [438bf01636a0] Notice: Skipping container, no valid labels found
[36mdocker-tc     |[0m [2026-01-27T13:16:29+00:00] [c314c85387cb] Notice: Skipping container, no valid labels found
[36mdocker-tc     |[0m Error response from daemon: Container 3e4b2842dc618e2afe83311ecd360e727849572adbdf41474062df0f06f43f7f is restarting, wait until the container is running
[36mdocker-tc     |[0m [2026-01-27T13:16:29+00:00] [3e4b2842dc61] Warning: Network has no corresponding virtual network interface
[36mdocker-tc     |[0m [2026-01-27T13:16:29+00:00] [0c08c4a6101d] Notice: Skipping container, no valid labels found
[36mdocker-tc     |[0m [2026-01-27T13:16:29+00:00] [b7219f4aec2b] Set delay=200ms, loss=1% on vethed9c330
[36mdocker-tc     |[0m [2026-01-27T13:16:29+00:00] [b7219f4aec2b] Set bandwidth-limit=5mbps on vethed9c330
[36mdocker-tc     |[0m [2026-01-27T13:16:29+00:00] [b7219f4aec2b] Controlling traffic of the container /fl-rest_client_013_1 on vethed9c330
[36mdocker-tc     |[0m [2026-01-27T13:16:30+00:00] [3c35793fe993] Set delay=200ms, loss=1% on vethaf931a1
[36mdocker-tc     |[0m [2026-01-27T13:16:30+00:00] [3c35793fe993] Set bandwidth-limit=5mbps on vethaf931a1
[36mdocker-tc     |[0m [2026-01-27T13:16:30+00:00] [3c35793fe993] Controlling traffic of the container /fl-rest_client_017_1 on vethaf931a1
[36mdocker-tc     |[0m [2026-01-27T13:16:30+00:00] [83c21bc06b44] Set delay=20ms on veth91d79a0
[36mdocker-tc     |[0m [2026-01-27T13:16:30+00:00] [83c21bc06b44] Set bandwidth-limit=1gbit on veth91d79a0
[36mdocker-tc     |[0m [2026-01-27T13:16:30+00:00] [83c21bc06b44] Controlling traffic of the container /fl-rest_client_006_1 on veth91d79a0
[35mclient_013_1  |[0m 2026-01-27 13:16:30,335 - __main__ - INFO - --- Starting FL Client: client_013 ---
[33;1mclient_006_1  |[0m 2026-01-27 13:16:30,500 - __main__ - INFO - --- Starting FL Client: client_006 ---
[33;1mclient_006_1  |[0m 2026-01-27 13:16:30,542 - __main__ - WARNING - Registration attempt 1 failed: HTTPConnectionPool(host='server', port=5000): Max retries exceeded with url: /register (Caused by NewConnectionError('<urllib3.connection.HTTPConnection object at 0x7fdf66984e20>: Failed to establish a new connection: [Errno 111] Connection refused'))
[36mdocker-tc     |[0m [2026-01-27T13:16:30+00:00] [fd3367d32cca] Set delay=20ms on veth066f42c
[36mdocker-tc     |[0m [2026-01-27T13:16:30+00:00] [fd3367d32cca] Set bandwidth-limit=1gbit on veth066f42c
[36mdocker-tc     |[0m [2026-01-27T13:16:30+00:00] [fd3367d32cca] Controlling traffic of the container /fl-rest_client_003_1 on veth066f42c
[33mserver_1      |[0m INFO:__main__:Writing TensorBoard logs to: fl_logs/tensorboard/Cenario_C_Hibrido_Mu0.01_Alpha0.3_1316
[33mserver_1      |[0m INFO:__main__:Loading CIFAR-10 test dataset...
[32;1mclient_017_1  |[0m 2026-01-27 13:16:30,650 - __main__ - INFO - --- Starting FL Client: client_017 ---
[36;1mclient_015_1  |[0m 2026-01-27 13:16:30,691 - __main__ - INFO - --- Starting FL Client: client_015 ---
[36;1mclient_015_1  |[0m 2026-01-27 13:16:30,692 - __main__ - WARNING - Registration attempt 1 failed: HTTPConnectionPool(host='server', port=5000): Max retries exceeded with url: /register (Caused by NewConnectionError('<urllib3.connection.HTTPConnection object at 0x7425a1e98e20>: Failed to establish a new connection: [Errno 111] Connection refused'))
[32mclient_012_1  |[0m 2026-01-27 13:16:30,699 - __main__ - INFO - --- Starting FL Client: client_012 ---
[32mclient_012_1  |[0m 2026-01-27 13:16:30,701 - __main__ - WARNING - Registration attempt 1 failed: HTTPConnectionPool(host='server', port=5000): Max retries exceeded with url: /register (Caused by NewConnectionError('<urllib3.connection.HTTPConnection object at 0x744a3a074e80>: Failed to establish a new connection: [Errno 111] Connection refused'))
[35mclient_013_1  |[0m 2026-01-27 13:16:30,738 - __main__ - WARNING - Registration attempt 1 failed: HTTPConnectionPool(host='server', port=5000): Max retries exceeded with url: /register (Caused by NewConnectionError('<urllib3.connection.HTTPConnection object at 0x776964b6bd00>: Failed to establish a new connection: [Errno 111] Connection refused'))
[36mdocker-tc     |[0m [2026-01-27T13:16:30+00:00] [315ebcc181c5] Set delay=20ms on veth09c1ea6
[36mdocker-tc     |[0m [2026-01-27T13:16:30+00:00] [315ebcc181c5] Set bandwidth-limit=1gbit on veth09c1ea6
[33;1mclient_016_1  |[0m 2026-01-27 13:16:30,781 - __main__ - INFO - --- Starting FL Client: client_016 ---
[33;1mclient_016_1  |[0m 2026-01-27 13:16:30,784 - __main__ - WARNING - Registration attempt 1 failed: HTTPConnectionPool(host='server', port=5000): Max retries exceeded with url: /register (Caused by NewConnectionError('<urllib3.connection.HTTPConnection object at 0x78c0d86fce80>: Failed to establish a new connection: [Errno 111] Connection refused'))
[36mdocker-tc     |[0m [2026-01-27T13:16:30+00:00] [315ebcc181c5] Controlling traffic of the container /fl-rest_client_005_1 on veth09c1ea6
[35mclient_003_1  |[0m 2026-01-27 13:16:30,830 - __main__ - INFO - --- Starting FL Client: client_003 ---
[35mclient_003_1  |[0m 2026-01-27 13:16:30,872 - __main__ - WARNING - Registration attempt 1 failed: HTTPConnectionPool(host='server', port=5000): Max retries exceeded with url: /register (Caused by NewConnectionError('<urllib3.connection.HTTPConnection object at 0x76e826dfce20>: Failed to establish a new connection: [Errno 111] Connection refused'))
[34mclient_004_1  |[0m 2026-01-27 13:16:30,873 - __main__ - INFO - --- Starting FL Client: client_004 ---
[34mclient_004_1  |[0m 2026-01-27 13:16:30,875 - __main__ - WARNING - Registration attempt 1 failed: HTTPConnectionPool(host='server', port=5000): Max retries exceeded with url: /register (Caused by NewConnectionError('<urllib3.connection.HTTPConnection object at 0x74b730bfce20>: Failed to establish a new connection: [Errno 111] Connection refused'))
[34;1mclient_019_1  |[0m 2026-01-27 13:16:30,953 - __main__ - INFO - --- Starting FL Client: client_019 ---
[34;1mclient_019_1  |[0m 2026-01-27 13:16:30,955 - __main__ - WARNING - Registration attempt 1 failed: HTTPConnectionPool(host='server', port=5000): Max retries exceeded with url: /register (Caused by NewConnectionError('<urllib3.connection.HTTPConnection object at 0x7d6473a60e80>: Failed to establish a new connection: [Errno 111] Connection refused'))
[34;1mclient_009_1  |[0m 2026-01-27 13:16:30,957 - __main__ - INFO - --- Starting FL Client: client_009 ---
[36;1mclient_005_1  |[0m 2026-01-27 13:16:30,958 - __main__ - INFO - --- Starting FL Client: client_005 ---
[34;1mclient_009_1  |[0m 2026-01-27 13:16:30,958 - __main__ - WARNING - Registration attempt 1 failed: HTTPConnectionPool(host='server', port=5000): Max retries exceeded with url: /register (Caused by NewConnectionError('<urllib3.connection.HTTPConnection object at 0x7633c3420e50>: Failed to establish a new connection: [Errno 111] Connection refused'))
[33mclient_011_1  |[0m 2026-01-27 13:16:30,962 - __main__ - INFO - --- Starting FL Client: client_011 ---
[33mclient_011_1  |[0m 2026-01-27 13:16:30,965 - __main__ - WARNING - Registration attempt 1 failed: HTTPConnectionPool(host='server', port=5000): Max retries exceeded with url: /register (Caused by NewConnectionError('<urllib3.connection.HTTPConnection object at 0x7feb05f74e80>: Failed to establish a new connection: [Errno 111] Connection refused'))
[36mclient_020_1  |[0m 2026-01-27 13:16:30,991 - __main__ - INFO - --- Starting FL Client: client_020 ---
[36mclient_020_1  |[0m 2026-01-27 13:16:30,992 - __main__ - WARNING - Registration attempt 1 failed: HTTPConnectionPool(host='server', port=5000): Max retries exceeded with url: /register (Caused by NewConnectionError('<urllib3.connection.HTTPConnection object at 0x7486ba588e50>: Failed to establish a new connection: [Errno 111] Connection refused'))
[34mclient_014_1  |[0m 2026-01-27 13:16:30,996 - __main__ - INFO - --- Starting FL Client: client_014 ---
[34mclient_014_1  |[0m 2026-01-27 13:16:30,998 - __main__ - WARNING - Registration attempt 1 failed: HTTPConnectionPool(host='server', port=5000): Max retries exceeded with url: /register (Caused by NewConnectionError('<urllib3.connection.HTTPConnection object at 0x706d89c10e80>: Failed to establish a new connection: [Errno 111] Connection refused'))
[36mclient_010_1  |[0m 2026-01-27 13:16:30,999 - __main__ - INFO - --- Starting FL Client: client_010 ---
[36;1mclient_005_1  |[0m 2026-01-27 13:16:30,999 - __main__ - WARNING - Registration attempt 1 failed: HTTPConnectionPool(host='server', port=5000): Max retries exceeded with url: /register (Caused by NewConnectionError('<urllib3.connection.HTTPConnection object at 0x708ca9628e20>: Failed to establish a new connection: [Errno 111] Connection refused'))
[36mclient_010_1  |[0m 2026-01-27 13:16:31,000 - __main__ - WARNING - Registration attempt 1 failed: HTTPConnectionPool(host='server', port=5000): Max retries exceeded with url: /register (Caused by NewConnectionError('<urllib3.connection.HTTPConnection object at 0x772812814e20>: Failed to establish a new connection: [Errno 111] Connection refused'))
[36mdocker-tc     |[0m [2026-01-27T13:16:31+00:00] [2ff103a17519] Set delay=20ms on vethdb11f4b
[32;1mclient_007_1  |[0m 2026-01-27 13:16:31,008 - __main__ - INFO - --- Starting FL Client: client_007 ---
[36mdocker-tc     |[0m [2026-01-27T13:16:31+00:00] [2ff103a17519] Set bandwidth-limit=1gbit on vethdb11f4b
[36mdocker-tc     |[0m [2026-01-27T13:16:31+00:00] [2ff103a17519] Controlling traffic of the container /fl-rest_client_007_1 on vethdb11f4b
[32;1mclient_007_1  |[0m 2026-01-27 13:16:31,050 - __main__ - WARNING - Registration attempt 1 failed: HTTPConnectionPool(host='server', port=5000): Max retries exceeded with url: /register (Caused by NewConnectionError('<urllib3.connection.HTTPConnection object at 0x78e2f9a60e50>: Failed to establish a new connection: [Errno 111] Connection refused'))
[32;1mclient_017_1  |[0m 2026-01-27 13:16:31,053 - __main__ - WARNING - Registration attempt 1 failed: HTTPConnectionPool(host='server', port=5000): Max retries exceeded with url: /register (Caused by NewConnectionError('<urllib3.connection.HTTPConnection object at 0x706e6f59ce80>: Failed to establish a new connection: [Errno 111] Connection refused'))
[35;1mclient_018_1  |[0m 2026-01-27 13:16:31,098 - __main__ - INFO - --- Starting FL Client: client_018 ---
[35;1mclient_018_1  |[0m 2026-01-27 13:16:31,100 - __main__ - WARNING - Registration attempt 1 failed: HTTPConnectionPool(host='server', port=5000): Max retries exceeded with url: /register (Caused by NewConnectionError('<urllib3.connection.HTTPConnection object at 0x7edc819d4e50>: Failed to establish a new connection: [Errno 111] Connection refused'))
[33mclient_001_1  |[0m 2026-01-27 13:16:31,113 - __main__ - INFO - --- Starting FL Client: client_001 ---
[33mclient_001_1  |[0m 2026-01-27 13:16:31,115 - __main__ - WARNING - Registration attempt 1 failed: HTTPConnectionPool(host='server', port=5000): Max retries exceeded with url: /register (Caused by NewConnectionError('<urllib3.connection.HTTPConnection object at 0x729c883fce50>: Failed to establish a new connection: [Errno 111] Connection refused'))
[33mserver_1      |[0m INFO:__main__:Test dataset loaded.
[33mserver_1      |[0m INFO:__main__:Initial model for round 0 created.
[33mserver_1      |[0m Files already downloaded and verified
[33mserver_1      |[0m  * Serving Flask app 'app'
[33mserver_1      |[0m  * Debug mode: off
[33mserver_1      |[0m INFO:werkzeug:[31m[1mWARNING: This is a development server. Do not use it in a production deployment. Use a production WSGI server instead.[0m
[33mserver_1      |[0m  * Running on all addresses (0.0.0.0)
[33mserver_1      |[0m  * Running on http://127.0.0.1:5000
[33mserver_1      |[0m  * Running on http://172.18.0.2:5000
[33mserver_1      |[0m INFO:werkzeug:[33mPress CTRL+C to quit[0m
[32mclient_002_1  |[0m 2026-01-27 13:16:31,147 - __main__ - INFO - --- Starting FL Client: client_002 ---
[33mserver_1      |[0m INFO:__main__:Client client_002 registered.
[33mserver_1      |[0m INFO:__main__:--- Starting Round 0. Timeout: 300s ---
[32mclient_002_1  |[0m 2026-01-27 13:16:31,151 - __main__ - INFO - ✅ Registered with server successfully.
[35;1mclient_008_1  |[0m 2026-01-27 13:16:31,170 - __main__ - INFO - --- Starting FL Client: client_008 ---
[33mserver_1      |[0m INFO:__main__:Client client_008 registered.
[35;1mclient_008_1  |[0m 2026-01-27 13:16:31,174 - __main__ - INFO - ✅ Registered with server successfully.
[36mdocker-tc     |[0m [2026-01-27T13:16:31+00:00] [4d6af6e25c3d] Set delay=200ms, loss=1% on vethb99a714
[36mdocker-tc     |[0m [2026-01-27T13:16:31+00:00] [4d6af6e25c3d] Set bandwidth-limit=5mbps on vethb99a714
[36mdocker-tc     |[0m [2026-01-27T13:16:31+00:00] [4d6af6e25c3d] Controlling traffic of the container /fl-rest_client_019_1 on vethb99a714
[36mdocker-tc     |[0m [2026-01-27T13:16:31+00:00] [2cc2170c220d] Set delay=200ms, loss=1% on veth7ba9d87
[36mdocker-tc     |[0m [2026-01-27T13:16:31+00:00] [2cc2170c220d] Set bandwidth-limit=5mbps on veth7ba9d87
[32mclient_002_1  |[0m 2026-01-27 13:16:31,453 - __main__ - INFO - --- New Round Detected: 0 ---
[33mserver_1      |[0m INFO:werkzeug:172.18.0.19 - - [27/Jan/2026 13:16:31] "GET /download_model?round=0 HTTP/1.1" 200 -
[36mdocker-tc     |[0m [2026-01-27T13:16:31+00:00] [2cc2170c220d] Controlling traffic of the container /fl-rest_client_016_1 on veth7ba9d87
[35;1mclient_008_1  |[0m 2026-01-27 13:16:31,471 - __main__ - INFO - --- New Round Detected: 0 ---
[33mserver_1      |[0m INFO:werkzeug:172.18.0.18 - - [27/Jan/2026 13:16:31] "GET /download_model?round=0 HTTP/1.1" 200 -
[36mdocker-tc     |[0m [2026-01-27T13:16:31+00:00] [cd28b18dbd98] Set delay=200ms, loss=1% on vethdb61583
[36mdocker-tc     |[0m [2026-01-27T13:16:31+00:00] [cd28b18dbd98] Set bandwidth-limit=5mbps on vethdb61583
[36mdocker-tc     |[0m [2026-01-27T13:16:31+00:00] [cd28b18dbd98] Controlling traffic of the container /fl-rest_client_015_1 on vethdb61583
[36mdocker-tc     |[0m [2026-01-27T13:16:31+00:00] [704085b13c7e] Set delay=200ms, loss=1% on veth398b725
[36mdocker-tc     |[0m [2026-01-27T13:16:31+00:00] [704085b13c7e] Set bandwidth-limit=5mbps on veth398b725
[36mdocker-tc     |[0m [2026-01-27T13:16:31+00:00] [704085b13c7e] Controlling traffic of the container /fl-rest_client_012_1 on veth398b725
[36mdocker-tc     |[0m [2026-01-27T13:16:32+00:00] [447428e51fa0] Set delay=200ms, loss=1% on vethb1ee65e
[36mdocker-tc     |[0m [2026-01-27T13:16:32+00:00] [447428e51fa0] Set bandwidth-limit=5mbps on vethb1ee65e
[36mdocker-tc     |[0m [2026-01-27T13:16:32+00:00] [447428e51fa0] Controlling traffic of the container /fl-rest_client_011_1 on vethb1ee65e
[36mdocker-tc     |[0m [2026-01-27T13:16:32+00:00] [b0908ff32306] Set delay=200ms, loss=1% on vethc3faf56
[36mdocker-tc     |[0m [2026-01-27T13:16:32+00:00] [b0908ff32306] Set bandwidth-limit=5mbps on vethc3faf56
[36mdocker-tc     |[0m [2026-01-27T13:16:32+00:00] [b0908ff32306] Controlling traffic of the container /fl-rest_client_018_1 on vethc3faf56
[36mdocker-tc     |[0m [2026-01-27T13:16:32+00:00] [934727cad917] Set delay=200ms, loss=1% on vethdc44ebb
[36mdocker-tc     |[0m [2026-01-27T13:16:32+00:00] [934727cad917] Set bandwidth-limit=5mbps on vethdc44ebb
[36mdocker-tc     |[0m [2026-01-27T13:16:32+00:00] [934727cad917] Controlling traffic of the container /fl-rest_client_014_1 on vethdc44ebb
[35;1mclient_008_1  |[0m 2026-01-27 13:16:32,624 - __main__ - INFO - Round 0 finished. Loss: 0.1093, Acc: 97.93%
[33mserver_1      |[0m INFO:__main__:Received update from client_008
[33mserver_1      |[0m INFO:werkzeug:172.18.0.18 - - [27/Jan/2026 13:16:32] "POST /submit_update HTTP/1.1" 200 -
[35;1mclient_008_1  |[0m 2026-01-27 13:16:32,629 - __main__ - INFO - 🚀 Model update submitted successfully.
[35;1mclient_008_1  |[0m 2026-01-27 13:16:32,629 - __main__ - INFO - Update submitted for Round 0. Waiting...
[36mdocker-tc     |[0m [2026-01-27T13:16:32+00:00] [e9de68a1f1cd] Set delay=200ms, loss=1% on veth155a261
[36mdocker-tc     |[0m [2026-01-27T13:16:32+00:00] [e9de68a1f1cd] Set bandwidth-limit=5mbps on veth155a261
[36mdocker-tc     |[0m [2026-01-27T13:16:32+00:00] [e9de68a1f1cd] Controlling traffic of the container /fl-rest_client_020_1 on veth155a261
[32mclient_002_1  |[0m 2026-01-27 13:16:32,799 - __main__ - INFO - Round 0 finished. Loss: 0.5193, Acc: 83.10%
[33mserver_1      |[0m INFO:__main__:Received update from client_002
[33mserver_1      |[0m INFO:werkzeug:172.18.0.19 - - [27/Jan/2026 13:16:32] "POST /submit_update HTTP/1.1" 200 -
[32mclient_002_1  |[0m 2026-01-27 13:16:32,804 - __main__ - INFO - 🚀 Model update submitted successfully.
[32mclient_002_1  |[0m 2026-01-27 13:16:32,804 - __main__ - INFO - Update submitted for Round 0. Waiting...
[36mdocker-tc     |[0m [2026-01-27T13:16:32+00:00] [703a4f06528b] Set delay=20ms on veth2344616
[36mdocker-tc     |[0m [2026-01-27T13:16:32+00:00] [703a4f06528b] Set bandwidth-limit=1gbit on veth2344616
[36mdocker-tc     |[0m [2026-01-27T13:16:32+00:00] [703a4f06528b] Controlling traffic of the container /fl-rest_client_010_1 on veth2344616
[36mdocker-tc     |[0m [2026-01-27T13:16:33+00:00] [04f615ea7740] Set delay=20ms on veth8632aec
[36mdocker-tc     |[0m [2026-01-27T13:16:33+00:00] [04f615ea7740] Set bandwidth-limit=1gbit on veth8632aec
[36mdocker-tc     |[0m [2026-01-27T13:16:33+00:00] [04f615ea7740] Controlling traffic of the container /fl-rest_client_008_1 on veth8632aec
[36mdocker-tc     |[0m [2026-01-27T13:16:33+00:00] [fcfc8018d495] Set delay=20ms on vethf2fdcdd
[36mdocker-tc     |[0m [2026-01-27T13:16:33+00:00] [fcfc8018d495] Set bandwidth-limit=1gbit on vethf2fdcdd
[36mdocker-tc     |[0m [2026-01-27T13:16:33+00:00] [fcfc8018d495] Controlling traffic of the container /fl-rest_client_002_1 on vethf2fdcdd
[36mdocker-tc     |[0m [2026-01-27T13:16:33+00:00] [5392f1479625] Set delay=20ms on veth4f1c30b
[36mdocker-tc     |[0m [2026-01-27T13:16:33+00:00] [5392f1479625] Set bandwidth-limit=1gbit on veth4f1c30b
[36mdocker-tc     |[0m [2026-01-27T13:16:33+00:00] [5392f1479625] Controlling traffic of the container /fl-rest_client_001_1 on veth4f1c30b
[33mserver_1      |[0m INFO:__main__:Client client_006 registered.
[33;1mclient_006_1  |[0m 2026-01-27 13:16:33,597 - __main__ - INFO - ✅ Registered with server successfully.
[36mdocker-tc     |[0m [2026-01-27T13:16:33+00:00] [ad6fb7969b83] Set delay=20ms on veth3502156
[36mdocker-tc     |[0m [2026-01-27T13:16:33+00:00] [ad6fb7969b83] Set bandwidth-limit=1gbit on veth3502156
[36mdocker-tc     |[0m [2026-01-27T13:16:33+00:00] [ad6fb7969b83] Controlling traffic of the container /fl-rest_client_004_1 on veth3502156
[36mdocker-tc     |[0m [2026-01-27T13:16:33+00:00] [fa744c102c1a] Set delay=20ms on vethc631afa
[36mdocker-tc     |[0m [2026-01-27T13:16:33+00:00] [fa744c102c1a] Set bandwidth-limit=1gbit on vethc631afa
[36mdocker-tc     |[0m [2026-01-27T13:16:33+00:00] [fa744c102c1a] Controlling traffic of the container /fl-rest_client_009_1 on vethc631afa
[33mserver_1      |[0m INFO:__main__:Client client_003 registered.
[33mserver_1      |[0m INFO:__main__:Client client_015 registered.
[33mserver_1      |[0m INFO:__main__:Client client_004 registered.
[35mclient_003_1  |[0m 2026-01-27 13:16:33,929 - __main__ - INFO - ✅ Registered with server successfully.
[34mclient_004_1  |[0m 2026-01-27 13:16:33,930 - __main__ - INFO - ✅ Registered with server successfully.
[33;1mclient_006_1  |[0m 2026-01-27 13:16:33,935 - __main__ - INFO - --- New Round Detected: 0 ---
[33mserver_1      |[0m INFO:__main__:Client client_013 registered.
[33mserver_1      |[0m INFO:werkzeug:172.18.0.5 - - [27/Jan/2026 13:16:33] "GET /download_model?round=0 HTTP/1.1" 200 -
[33mserver_1      |[0m INFO:__main__:Client client_009 registered.
[33mserver_1      |[0m INFO:__main__:Client client_016 registered.
[34;1mclient_009_1  |[0m 2026-01-27 13:16:34,014 - __main__ - INFO - ✅ Registered with server successfully.
[33mserver_1      |[0m INFO:__main__:Client client_005 registered.
[33mserver_1      |[0m INFO:__main__:Client client_010 registered.
[36;1mclient_005_1  |[0m 2026-01-27 13:16:34,055 - __main__ - INFO - ✅ Registered with server successfully.
[36mclient_010_1  |[0m 2026-01-27 13:16:34,056 - __main__ - INFO - ✅ Registered with server successfully.
[33mserver_1      |[0m INFO:__main__:Client client_007 registered.
[32;1mclient_007_1  |[0m 2026-01-27 13:16:34,105 - __main__ - INFO - ✅ Registered with server successfully.
[36;1mclient_015_1  |[0m 2026-01-27 13:16:34,109 - __main__ - INFO - ✅ Registered with server successfully.
[33mserver_1      |[0m INFO:__main__:Client client_001 registered.
[35mclient_013_1  |[0m 2026-01-27 13:16:34,154 - __main__ - INFO - ✅ Registered with server successfully.
[33mserver_1      |[0m INFO:__main__:Client client_019 registered.
[33mserver_1      |[0m INFO:__main__:Client client_011 registered.
[33mclient_001_1  |[0m 2026-01-27 13:16:34,171 - __main__ - INFO - ✅ Registered with server successfully.
[33mserver_1      |[0m INFO:__main__:Client client_020 registered.
[33;1mclient_016_1  |[0m 2026-01-27 13:16:34,200 - __main__ - INFO - ✅ Registered with server successfully.
[33mserver_1      |[0m INFO:__main__:Client client_014 registered.
[33mserver_1      |[0m INFO:__main__:Client client_017 registered.
[34mclient_004_1  |[0m 2026-01-27 13:16:34,280 - __main__ - INFO - --- New Round Detected: 0 ---
[35mclient_003_1  |[0m 2026-01-27 13:16:34,301 - __main__ - INFO - --- New Round Detected: 0 ---
[33mserver_1      |[0m INFO:werkzeug:172.18.0.21 - - [27/Jan/2026 13:16:34] "GET /download_model?round=0 HTTP/1.1" 200 -
[33mserver_1      |[0m INFO:__main__:Client client_018 registered.
[33mserver_1      |[0m INFO:werkzeug:172.18.0.6 - - [27/Jan/2026 13:16:34] "GET /download_model?round=0 HTTP/1.1" 200 -
[34;1mclient_019_1  |[0m 2026-01-27 13:16:34,371 - __main__ - INFO - ✅ Registered with server successfully.
[33mclient_011_1  |[0m 2026-01-27 13:16:34,380 - __main__ - INFO - ✅ Registered with server successfully.
[34;1mclient_009_1  |[0m 2026-01-27 13:16:34,390 - __main__ - INFO - --- New Round Detected: 0 ---
[33;1mclient_006_1  |[0m 2026-01-27 13:16:34,403 - __main__ - INFO - Round 0 finished. Loss: 2.2718, Acc: 7.14%
[36mclient_020_1  |[0m 2026-01-27 13:16:34,409 - __main__ - INFO - ✅ Registered with server successfully.
[33mserver_1      |[0m INFO:werkzeug:172.18.0.22 - - [27/Jan/2026 13:16:34] "GET /download_model?round=0 HTTP/1.1" 200 -
[34mclient_014_1  |[0m 2026-01-27 13:16:34,414 - __main__ - INFO - ✅ Registered with server successfully.
[36mclient_010_1  |[0m 2026-01-27 13:16:34,427 - __main__ - INFO - --- New Round Detected: 0 ---
[33mserver_1      |[0m INFO:werkzeug:172.18.0.17 - - [27/Jan/2026 13:16:34] "GET /download_model?round=0 HTTP/1.1" 200 -
[32;1mclient_017_1  |[0m 2026-01-27 13:16:34,467 - __main__ - INFO - ✅ Registered with server successfully.
[36;1mclient_005_1  |[0m 2026-01-27 13:16:34,504 - __main__ - INFO - --- New Round Detected: 0 ---
[33mserver_1      |[0m INFO:__main__:Received update from client_006
[33mserver_1      |[0m INFO:werkzeug:172.18.0.5 - - [27/Jan/2026 13:16:34] "POST /submit_update HTTP/1.1" 200 -
[35;1mclient_018_1  |[0m 2026-01-27 13:16:34,515 - __main__ - INFO - ✅ Registered with server successfully.
[33mserver_1      |[0m INFO:werkzeug:172.18.0.7 - - [27/Jan/2026 13:16:34] "GET /download_model?round=0 HTTP/1.1" 200 -
[32;1mclient_007_1  |[0m 2026-01-27 13:16:34,533 - __main__ - INFO - --- New Round Detected: 0 ---
[33;1mclient_006_1  |[0m 2026-01-27 13:16:34,538 - __main__ - INFO - 🚀 Model update submitted successfully.
[33;1mclient_006_1  |[0m 2026-01-27 13:16:34,539 - __main__ - INFO - Update submitted for Round 0. Waiting...
[33mserver_1      |[0m INFO:werkzeug:172.18.0.8 - - [27/Jan/2026 13:16:34] "GET /download_model?round=0 HTTP/1.1" 200 -
[33mclient_001_1  |[0m 2026-01-27 13:16:34,649 - __main__ - INFO - --- New Round Detected: 0 ---
[33mserver_1      |[0m INFO:werkzeug:172.18.0.20 - - [27/Jan/2026 13:16:34] "GET /download_model?round=0 HTTP/1.1" 200 -
[33mserver_1      |[0m INFO:__main__:Client client_012 registered.
[35mclient_013_1  |[0m 2026-01-27 13:16:34,935 - __main__ - INFO - --- New Round Detected: 0 ---
[36;1mclient_015_1  |[0m 2026-01-27 13:16:34,982 - __main__ - INFO - --- New Round Detected: 0 ---
[33;1mclient_016_1  |[0m 2026-01-27 13:16:35,048 - __main__ - INFO - --- New Round Detected: 0 ---
[34;1mclient_019_1  |[0m 2026-01-27 13:16:35,130 - __main__ - INFO - --- New Round Detected: 0 ---
[33mclient_011_1  |[0m 2026-01-27 13:16:35,130 - __main__ - INFO - --- New Round Detected: 0 ---
[33mserver_1      |[0m INFO:werkzeug:172.18.0.3 - - [27/Jan/2026 13:16:35] "GET /download_model?round=0 HTTP/1.1" 200 -
[36mclient_020_1  |[0m 2026-01-27 13:16:35,174 - __main__ - INFO - --- New Round Detected: 0 ---
[33mserver_1      |[0m INFO:werkzeug:172.18.0.11 - - [27/Jan/2026 13:16:35] "GET /download_model?round=0 HTTP/1.1" 200 -
[34mclient_014_1  |[0m 2026-01-27 13:16:35,208 - __main__ - INFO - --- New Round Detected: 0 ---
[32;1mclient_017_1  |[0m 2026-01-27 13:16:35,230 - __main__ - INFO - --- New Round Detected: 0 ---
[33mserver_1      |[0m INFO:werkzeug:172.18.0.9 - - [27/Jan/2026 13:16:35] "GET /download_model?round=0 HTTP/1.1" 200 -
[35;1mclient_018_1  |[0m 2026-01-27 13:16:35,327 - __main__ - INFO - --- New Round Detected: 0 ---
[32mclient_012_1  |[0m 2026-01-27 13:16:35,331 - __main__ - INFO - ✅ Registered with server successfully.
[33mserver_1      |[0m INFO:werkzeug:172.18.0.10 - - [27/Jan/2026 13:16:35] "GET /download_model?round=0 HTTP/1.1" 200 -
[33mserver_1      |[0m INFO:werkzeug:172.18.0.13 - - [27/Jan/2026 13:16:35] "GET /download_model?round=0 HTTP/1.1" 200 -
[33mserver_1      |[0m INFO:werkzeug:172.18.0.16 - - [27/Jan/2026 13:16:35] "GET /download_model?round=0 HTTP/1.1" 200 -
[33mserver_1      |[0m INFO:werkzeug:172.18.0.15 - - [27/Jan/2026 13:16:35] "GET /download_model?round=0 HTTP/1.1" 200 -
[33mserver_1      |[0m INFO:werkzeug:172.18.0.4 - - [27/Jan/2026 13:16:35] "GET /download_model?round=0 HTTP/1.1" 200 -
[33mserver_1      |[0m INFO:werkzeug:172.18.0.14 - - [27/Jan/2026 13:16:35] "GET /download_model?round=0 HTTP/1.1" 200 -
[32;1mclient_007_1  |[0m 2026-01-27 13:16:36,144 - __main__ - INFO - Round 0 finished. Loss: 0.9196, Acc: 53.11%
[33mserver_1      |[0m INFO:__main__:Received update from client_007
[33mserver_1      |[0m INFO:werkzeug:172.18.0.8 - - [27/Jan/2026 13:16:36] "POST /submit_update HTTP/1.1" 200 -
[32;1mclient_007_1  |[0m 2026-01-27 13:16:36,279 - __main__ - INFO - 🚀 Model update submitted successfully.
[32;1mclient_007_1  |[0m 2026-01-27 13:16:36,279 - __main__ - INFO - Update submitted for Round 0. Waiting...
[36mclient_010_1  |[0m 2026-01-27 13:16:36,336 - __main__ - INFO - Round 0 finished. Loss: 0.1645, Acc: 97.91%
[32mclient_012_1  |[0m 2026-01-27 13:16:36,377 - __main__ - INFO - --- New Round Detected: 0 ---
[33mclient_001_1  |[0m 2026-01-27 13:16:36,402 - __main__ - INFO - Round 0 finished. Loss: 0.1924, Acc: 96.12%
[33mserver_1      |[0m INFO:__main__:Received update from client_010
[33mserver_1      |[0m INFO:__main__:--- Aggregating 5 updates ---
[33mserver_1      |[0m INFO:__main__:⚡ Using Custom Aggregator with Drift Metric...
[33mserver_1      |[0m INFO:server.aggregator:Starting FedAvg aggregation for 5 clients.
[33mserver_1      |[0m INFO:werkzeug:172.18.0.12 - - [27/Jan/2026 13:16:36] "GET /download_model?round=0 HTTP/1.1" 200 -
[33mserver_1      |[0m INFO:server.aggregator:--- [METRIC] Weight Divergence: 1.0322
[33mserver_1      |[0m INFO:server.aggregator:FedAvg aggregation complete.
[33mserver_1      |[0m INFO:__main__:Aggregation complete.
[36;1mclient_005_1  |[0m 2026-01-27 13:16:38,027 - __main__ - INFO - Round 0 finished. Loss: 0.3671, Acc: 89.09%
[33mserver_1      |[0m ⏱️ [TIME] Client client_008 finished training in 0.97s
[33mserver_1      |[0m ⏱️ [TIME] Client client_002 finished training in 1.16s
[33mserver_1      |[0m ⏱️ [TIME] Client client_006 finished training in 0.20s
[33mserver_1      |[0m ⏱️ [TIME] Client client_007 finished training in 0.74s
[33mserver_1      |[0m ⏱️ [TIME] Client client_010 finished training in 1.05s
[33mserver_1      |[0m DEBUG: ⚠️ MY CUSTOM AGGREGATOR IS RUNNING ⚠️
[33mserver_1      |[0m ⏱️ [TIME] Client client_001 finished training in 0.95s
[33mserver_1      |[0m INFO:werkzeug:172.18.0.7 - - [27/Jan/2026 13:16:38] "[31m[1mPOST /submit_update HTTP/1.1[0m" 400 -
[36;1mclient_005_1  |[0m 2026-01-27 13:16:38,108 - __main__ - ERROR - Update submission failed: {"error":"Not accepting updates"}
[36;1mclient_005_1  |[0m 
[36;1mclient_005_1  |[0m 2026-01-27 13:16:38,109 - __main__ - INFO - Update submitted for Round 0. Waiting...
[34;1mclient_009_1  |[0m 2026-01-27 13:16:38,396 - __main__ - INFO - Round 0 finished. Loss: 1.1153, Acc: 58.96%
[33mserver_1      |[0m INFO:werkzeug:172.18.0.22 - - [27/Jan/2026 13:16:38] "[31m[1mPOST /submit_update HTTP/1.1[0m" 400 -
[34;1mclient_009_1  |[0m 2026-01-27 13:16:38,464 - __main__ - ERROR - Update submission failed: {"error":"Not accepting updates"}
[34;1mclient_009_1  |[0m 
[34;1mclient_009_1  |[0m 2026-01-27 13:16:38,464 - __main__ - INFO - Update submitted for Round 0. Waiting...
[33mserver_1      |[0m INFO:__main__:--- Round 0 Acc: 10.00%, Loss: 2.8468 ---
[33mserver_1      |[0m INFO:__main__:--- Starting Round 1. Timeout: 300s ---
[33mserver_1      |[0m INFO:werkzeug:172.18.0.17 - - [27/Jan/2026 13:16:39] "POST /submit_update HTTP/1.1" 200 -
[33mserver_1      |[0m INFO:__main__:Received update from client_001
[33mserver_1      |[0m INFO:werkzeug:172.18.0.20 - - [27/Jan/2026 13:16:39] "POST /submit_update HTTP/1.1" 200 -
[36mclient_010_1  |[0m 2026-01-27 13:16:39,229 - __main__ - INFO - 🚀 Model update submitted successfully.
[36mclient_010_1  |[0m 2026-01-27 13:16:39,229 - __main__ - INFO - Update submitted for Round 0. Waiting...
[33mclient_001_1  |[0m 2026-01-27 13:16:39,229 - __main__ - INFO - 🚀 Model update submitted successfully.
[33mclient_001_1  |[0m 2026-01-27 13:16:39,229 - __main__ - INFO - Update submitted for Round 0. Waiting...
[34mclient_004_1  |[0m 2026-01-27 13:16:41,646 - __main__ - INFO - Round 0 finished. Loss: 0.9869, Acc: 61.01%
[33mserver_1      |[0m INFO:__main__:Received update from client_004
[33mserver_1      |[0m INFO:werkzeug:172.18.0.21 - - [27/Jan/2026 13:16:41] "POST /submit_update HTTP/1.1" 200 -
[34mclient_004_1  |[0m 2026-01-27 13:16:41,802 - __main__ - INFO - 🚀 Model update submitted successfully.
[34mclient_004_1  |[0m 2026-01-27 13:16:41,802 - __main__ - INFO - Update submitted for Round 0. Waiting...
[35;1mclient_008_1  |[0m 2026-01-27 13:16:42,703 - __main__ - INFO - --- New Round Detected: 1 ---
[33mserver_1      |[0m INFO:werkzeug:172.18.0.18 - - [27/Jan/2026 13:16:42] "GET /download_model?round=1 HTTP/1.1" 200 -
[32mclient_002_1  |[0m 2026-01-27 13:16:42,876 - __main__ - INFO - --- New Round Detected: 1 ---
[33mserver_1      |[0m INFO:werkzeug:172.18.0.19 - - [27/Jan/2026 13:16:42] "GET /download_model?round=1 HTTP/1.1" 200 -
[35;1mclient_008_1  |[0m 2026-01-27 13:16:43,700 - __main__ - INFO - Round 1 finished. Loss: 0.2834, Acc: 97.93%
[33mserver_1      |[0m INFO:__main__:Received update from client_008
[33mserver_1      |[0m INFO:werkzeug:172.18.0.18 - - [27/Jan/2026 13:16:43] "POST /submit_update HTTP/1.1" 200 -
[35;1mclient_008_1  |[0m 2026-01-27 13:16:43,833 - __main__ - INFO - 🚀 Model update submitted successfully.
[35;1mclient_008_1  |[0m 2026-01-27 13:16:43,834 - __main__ - INFO - Update submitted for Round 1. Waiting...
[33;1mclient_006_1  |[0m 2026-01-27 13:16:44,600 - __main__ - INFO - --- New Round Detected: 1 ---
[33mserver_1      |[0m INFO:werkzeug:172.18.0.5 - - [27/Jan/2026 13:16:44] "GET /download_model?round=1 HTTP/1.1" 200 -
[33;1mclient_006_1  |[0m 2026-01-27 13:16:44,768 - __main__ - INFO - Round 1 finished. Loss: 2.5519, Acc: 21.43%
[33mserver_1      |[0m INFO:__main__:Received update from client_006
[33mserver_1      |[0m INFO:werkzeug:172.18.0.5 - - [27/Jan/2026 13:16:44] "POST /submit_update HTTP/1.1" 200 -
[33;1mclient_006_1  |[0m 2026-01-27 13:16:44,905 - __main__ - INFO - 🚀 Model update submitted successfully.
[33;1mclient_006_1  |[0m 2026-01-27 13:16:44,905 - __main__ - INFO - Update submitted for Round 1. Waiting...
[32mclient_002_1  |[0m 2026-01-27 13:16:45,059 - __main__ - INFO - Round 1 finished. Loss: 0.7622, Acc: 83.70%
[33mserver_1      |[0m INFO:__main__:Received update from client_002
[33mserver_1      |[0m INFO:__main__:--- Aggregating 5 updates ---
[33mserver_1      |[0m INFO:__main__:⚡ Using Custom Aggregator with Drift Metric...
[33mserver_1      |[0m INFO:server.aggregator:Starting FedAvg aggregation for 5 clients.
[32;1mclient_007_1  |[0m 2026-01-27 13:16:46,384 - __main__ - INFO - --- New Round Detected: 1 ---
[33mserver_1      |[0m INFO:werkzeug:172.18.0.8 - - [27/Jan/2026 13:16:46] "GET /download_model?round=1 HTTP/1.1" 200 -
[33mserver_1      |[0m INFO:server.aggregator:--- [METRIC] Weight Divergence: 1.6727
[33mserver_1      |[0m INFO:server.aggregator:FedAvg aggregation complete.
[33mserver_1      |[0m INFO:__main__:Aggregation complete.
[33mserver_1      |[0m ⏱️ [TIME] Client client_004 finished training in 6.99s
[33mserver_1      |[0m ⏱️ [TIME] Client client_008 finished training in 0.85s
[33mserver_1      |[0m ⏱️ [TIME] Client client_006 finished training in 0.04s
[33mserver_1      |[0m ⏱️ [TIME] Client client_002 finished training in 2.05s
[33mserver_1      |[0m DEBUG: ⚠️ MY CUSTOM AGGREGATOR IS RUNNING ⚠️
[32;1mclient_007_1  |[0m 2026-01-27 13:16:47,031 - __main__ - INFO - Round 1 finished. Loss: 1.3049, Acc: 58.06%
[33mserver_1      |[0m INFO:werkzeug:172.18.0.8 - - [27/Jan/2026 13:16:47] "[31m[1mPOST /submit_update HTTP/1.1[0m" 400 -
[32;1mclient_007_1  |[0m 2026-01-27 13:16:47,097 - __main__ - ERROR - Update submission failed: {"error":"Not accepting updates"}
[32;1mclient_007_1  |[0m 
[32;1mclient_007_1  |[0m 2026-01-27 13:16:47,097 - __main__ - INFO - Update submitted for Round 1. Waiting...
[33mserver_1      |[0m INFO:__main__:--- Round 1 Acc: 19.39%, Loss: 2.4103 ---
[33mserver_1      |[0m INFO:__main__:--- Starting Round 2. Timeout: 300s ---
[33mserver_1      |[0m INFO:werkzeug:172.18.0.19 - - [27/Jan/2026 13:16:47] "POST /submit_update HTTP/1.1" 200 -
[32mclient_002_1  |[0m 2026-01-27 13:16:47,715 - __main__ - INFO - 🚀 Model update submitted successfully.
[32mclient_002_1  |[0m 2026-01-27 13:16:47,715 - __main__ - INFO - Update submitted for Round 1. Waiting...
[36;1mclient_005_1  |[0m 2026-01-27 13:16:48,171 - __main__ - INFO - --- New Round Detected: 2 ---
[33mserver_1      |[0m INFO:werkzeug:172.18.0.7 - - [27/Jan/2026 13:16:48] "GET /download_model?round=2 HTTP/1.1" 200 -
[34;1mclient_009_1  |[0m 2026-01-27 13:16:48,533 - __main__ - INFO - --- New Round Detected: 2 ---
[33mserver_1      |[0m INFO:werkzeug:172.18.0.22 - - [27/Jan/2026 13:16:48] "GET /download_model?round=2 HTTP/1.1" 200 -
[33mclient_001_1  |[0m 2026-01-27 13:16:49,301 - __main__ - INFO - --- New Round Detected: 2 ---
[36mclient_010_1  |[0m 2026-01-27 13:16:49,292 - __main__ - INFO - --- New Round Detected: 2 ---
[33mserver_1      |[0m INFO:werkzeug:172.18.0.17 - - [27/Jan/2026 13:16:49] "GET /download_model?round=2 HTTP/1.1" 200 -
[33mserver_1      |[0m INFO:werkzeug:172.18.0.20 - - [27/Jan/2026 13:16:49] "GET /download_model?round=2 HTTP/1.1" 200 -
[33mclient_001_1  |[0m 2026-01-27 13:16:50,007 - __main__ - INFO - Round 2 finished. Loss: 0.1748, Acc: 96.12%
[33mserver_1      |[0m INFO:__main__:Received update from client_001
[33mserver_1      |[0m INFO:werkzeug:172.18.0.20 - - [27/Jan/2026 13:16:50] "POST /submit_update HTTP/1.1" 200 -
[33mclient_001_1  |[0m 2026-01-27 13:16:50,141 - __main__ - INFO - 🚀 Model update submitted successfully.
[33mclient_001_1  |[0m 2026-01-27 13:16:50,142 - __main__ - INFO - Update submitted for Round 2. Waiting...
[36mclient_010_1  |[0m 2026-01-27 13:16:50,156 - __main__ - INFO - Round 2 finished. Loss: 0.1527, Acc: 97.91%
[33mserver_1      |[0m INFO:__main__:Received update from client_010
[33mserver_1      |[0m INFO:werkzeug:172.18.0.17 - - [27/Jan/2026 13:16:50] "POST /submit_update HTTP/1.1" 200 -
[36mclient_010_1  |[0m 2026-01-27 13:16:50,291 - __main__ - INFO - 🚀 Model update submitted successfully.
[36mclient_010_1  |[0m 2026-01-27 13:16:50,291 - __main__ - INFO - Update submitted for Round 2. Waiting...
[35mclient_003_1  |[0m 2026-01-27 13:16:50,322 - __main__ - INFO - Round 0 finished. Loss: 1.0009, Acc: 65.97%
[33mserver_1      |[0m INFO:__main__:Received update from client_003
[33mserver_1      |[0m INFO:werkzeug:172.18.0.6 - - [27/Jan/2026 13:16:50] "POST /submit_update HTTP/1.1" 200 -
[35mclient_003_1  |[0m 2026-01-27 13:16:50,481 - __main__ - INFO - 🚀 Model update submitted successfully.
[35mclient_003_1  |[0m 2026-01-27 13:16:50,481 - __main__ - INFO - Update submitted for Round 0. Waiting...
[36;1mclient_005_1  |[0m 2026-01-27 13:16:50,981 - __main__ - INFO - Round 2 finished. Loss: 0.4092, Acc: 89.25%
[33mserver_1      |[0m INFO:__main__:Received update from client_005
[33mserver_1      |[0m INFO:werkzeug:172.18.0.7 - - [27/Jan/2026 13:16:51] "POST /submit_update HTTP/1.1" 200 -
[36;1mclient_005_1  |[0m 2026-01-27 13:16:51,136 - __main__ - INFO - 🚀 Model update submitted successfully.
[36;1mclient_005_1  |[0m 2026-01-27 13:16:51,137 - __main__ - INFO - Update submitted for Round 2. Waiting...
[34;1mclient_009_1  |[0m 2026-01-27 13:16:51,701 - __main__ - INFO - Round 2 finished. Loss: 1.0026, Acc: 63.29%
[33mserver_1      |[0m INFO:__main__:Received update from client_009
[33mserver_1      |[0m INFO:__main__:--- Aggregating 5 updates ---
[33mserver_1      |[0m INFO:__main__:⚡ Using Custom Aggregator with Drift Metric...
[33mserver_1      |[0m INFO:server.aggregator:Starting FedAvg aggregation for 5 clients.
[34mclient_004_1  |[0m 2026-01-27 13:16:51,864 - __main__ - INFO - --- New Round Detected: 2 ---
[33mserver_1      |[0m INFO:werkzeug:172.18.0.21 - - [27/Jan/2026 13:16:51] "GET /download_model?round=2 HTTP/1.1" 200 -
[33mserver_1      |[0m INFO:server.aggregator:--- [METRIC] Weight Divergence: 2.2893
[33mserver_1      |[0m INFO:server.aggregator:FedAvg aggregation complete.
[33mserver_1      |[0m INFO:__main__:Aggregation complete.
[33mserver_1      |[0m ⏱️ [TIME] Client client_001 finished training in 0.58s
[33mserver_1      |[0m ⏱️ [TIME] Client client_010 finished training in 0.73s
[33mserver_1      |[0m ⏱️ [TIME] Client client_003 finished training in 15.55s
[33mserver_1      |[0m ⏱️ [TIME] Client client_005 finished training in 2.67s
[33mserver_1      |[0m ⏱️ [TIME] Client client_009 finished training in 3.02s
[33mserver_1      |[0m DEBUG: ⚠️ MY CUSTOM AGGREGATOR IS RUNNING ⚠️
[35;1mclient_008_1  |[0m 2026-01-27 13:16:53,920 - __main__ - INFO - --- New Round Detected: 2 ---
[33mserver_1      |[0m INFO:werkzeug:172.18.0.18 - - [27/Jan/2026 13:16:53] "GET /download_model?round=2 HTTP/1.1" 200 -
[33mserver_1      |[0m INFO:__main__:--- Round 2 Acc: 20.74%, Loss: 2.3050 ---
[33mserver_1      |[0m INFO:__main__:--- Starting Round 3. Timeout: 300s ---
[33mserver_1      |[0m INFO:werkzeug:172.18.0.22 - - [27/Jan/2026 13:16:54] "POST /submit_update HTTP/1.1" 200 -
[34;1mclient_009_1  |[0m 2026-01-27 13:16:54,658 - __main__ - INFO - 🚀 Model update submitted successfully.
[34;1mclient_009_1  |[0m 2026-01-27 13:16:54,658 - __main__ - INFO - Update submitted for Round 2. Waiting...
[33;1mclient_006_1  |[0m 2026-01-27 13:16:54,989 - __main__ - INFO - --- New Round Detected: 3 ---
[33mserver_1      |[0m INFO:werkzeug:172.18.0.5 - - [27/Jan/2026 13:16:55] "GET /download_model?round=3 HTTP/1.1" 200 -
[33;1mclient_006_1  |[0m 2026-01-27 13:16:55,214 - __main__ - INFO - Round 3 finished. Loss: 1.3428, Acc: 78.57%
[33mserver_1      |[0m INFO:__main__:Received update from client_006
[33mserver_1      |[0m INFO:werkzeug:172.18.0.5 - - [27/Jan/2026 13:16:55] "POST /submit_update HTTP/1.1" 200 -
[33;1mclient_006_1  |[0m 2026-01-27 13:16:55,371 - __main__ - INFO - 🚀 Model update submitted successfully.
[33;1mclient_006_1  |[0m 2026-01-27 13:16:55,371 - __main__ - INFO - Update submitted for Round 3. Waiting...
[35;1mclient_008_1  |[0m 2026-01-27 13:16:55,473 - __main__ - INFO - Round 2 finished. Loss: 0.1048, Acc: 97.93%
[33mserver_1      |[0m INFO:__main__:Received update from client_008
[33mserver_1      |[0m INFO:werkzeug:172.18.0.18 - - [27/Jan/2026 13:16:55] "POST /submit_update HTTP/1.1" 200 -
[35;1mclient_008_1  |[0m 2026-01-27 13:16:55,609 - __main__ - INFO - 🚀 Model update submitted successfully.
[35;1mclient_008_1  |[0m 2026-01-27 13:16:55,609 - __main__ - INFO - Update submitted for Round 2. Waiting...
[32;1mclient_007_1  |[0m 2026-01-27 13:16:57,158 - __main__ - INFO - --- New Round Detected: 3 ---
[33mserver_1      |[0m INFO:werkzeug:172.18.0.8 - - [27/Jan/2026 13:16:57] "GET /download_model?round=3 HTTP/1.1" 200 -
[32;1mclient_007_1  |[0m 2026-01-27 13:16:57,743 - __main__ - INFO - Round 3 finished. Loss: 1.3318, Acc: 56.78%
[32mclient_002_1  |[0m 2026-01-27 13:16:57,781 - __main__ - INFO - --- New Round Detected: 3 ---
[33mserver_1      |[0m INFO:werkzeug:172.18.0.19 - - [27/Jan/2026 13:16:57] "GET /download_model?round=3 HTTP/1.1" 200 -
[33mserver_1      |[0m INFO:__main__:Received update from client_007
[33mserver_1      |[0m INFO:werkzeug:172.18.0.8 - - [27/Jan/2026 13:16:57] "POST /submit_update HTTP/1.1" 200 -
[32;1mclient_007_1  |[0m 2026-01-27 13:16:57,898 - __main__ - INFO - 🚀 Model update submitted successfully.
[32;1mclient_007_1  |[0m 2026-01-27 13:16:57,899 - __main__ - INFO - Update submitted for Round 3. Waiting...
[34mclient_004_1  |[0m 2026-01-27 13:16:57,994 - __main__ - INFO - Round 2 finished. Loss: 0.9116, Acc: 65.46%
[33mserver_1      |[0m INFO:__main__:Received update from client_004
[33mserver_1      |[0m INFO:werkzeug:172.18.0.21 - - [27/Jan/2026 13:16:58] "POST /submit_update HTTP/1.1" 200 -
[34mclient_004_1  |[0m 2026-01-27 13:16:58,130 - __main__ - INFO - 🚀 Model update submitted successfully.
[34mclient_004_1  |[0m 2026-01-27 13:16:58,130 - __main__ - INFO - Update submitted for Round 2. Waiting...
[32mclient_002_1  |[0m 2026-01-27 13:16:59,929 - __main__ - INFO - Round 3 finished. Loss: 0.7129, Acc: 83.10%
[33mserver_1      |[0m INFO:__main__:Received update from client_002
[33mserver_1      |[0m INFO:__main__:--- Aggregating 5 updates ---
[33mserver_1      |[0m INFO:__main__:⚡ Using Custom Aggregator with Drift Metric...
[33mserver_1      |[0m INFO:server.aggregator:Starting FedAvg aggregation for 5 clients.
[33mclient_001_1  |[0m 2026-01-27 13:17:00,205 - __main__ - INFO - --- New Round Detected: 3 ---
[33mserver_1      |[0m INFO:werkzeug:172.18.0.20 - - [27/Jan/2026 13:17:00] "GET /download_model?round=3 HTTP/1.1" 200 -
[36mclient_010_1  |[0m 2026-01-27 13:17:00,354 - __main__ - INFO - --- New Round Detected: 3 ---
[33mserver_1      |[0m INFO:werkzeug:172.18.0.17 - - [27/Jan/2026 13:17:00] "GET /download_model?round=3 HTTP/1.1" 200 -
[35mclient_003_1  |[0m 2026-01-27 13:17:00,545 - __main__ - INFO - --- New Round Detected: 3 ---
[33mserver_1      |[0m INFO:werkzeug:172.18.0.6 - - [27/Jan/2026 13:17:00] "GET /download_model?round=3 HTTP/1.1" 200 -
[33mclient_001_1  |[0m 2026-01-27 13:17:00,705 - __main__ - INFO - Round 3 finished. Loss: 0.3305, Acc: 92.56%
[33mserver_1      |[0m INFO:werkzeug:172.18.0.20 - - [27/Jan/2026 13:17:00] "[31m[1mPOST /submit_update HTTP/1.1[0m" 400 -
[33mclient_001_1  |[0m 2026-01-27 13:17:00,775 - __main__ - ERROR - Update submission failed: {"error":"Not accepting updates"}
[33mclient_001_1  |[0m 
[33mclient_001_1  |[0m 2026-01-27 13:17:00,775 - __main__ - INFO - Update submitted for Round 3. Waiting...
[36mclient_010_1  |[0m 2026-01-27 13:17:01,126 - __main__ - INFO - Round 3 finished. Loss: 0.2894, Acc: 97.91%
[33mserver_1      |[0m INFO:werkzeug:172.18.0.17 - - [27/Jan/2026 13:17:01] "[31m[1mPOST /submit_update HTTP/1.1[0m" 400 -
[36mclient_010_1  |[0m 2026-01-27 13:17:01,193 - __main__ - ERROR - Update submission failed: {"error":"Not accepting updates"}
[36mclient_010_1  |[0m 
[36mclient_010_1  |[0m 2026-01-27 13:17:01,194 - __main__ - INFO - Update submitted for Round 3. Waiting...
[36;1mclient_005_1  |[0m 2026-01-27 13:17:01,198 - __main__ - INFO - --- New Round Detected: 3 ---
[33mserver_1      |[0m INFO:werkzeug:172.18.0.7 - - [27/Jan/2026 13:17:01] "GET /download_model?round=3 HTTP/1.1" 200 -
[33mserver_1      |[0m INFO:server.aggregator:--- [METRIC] Weight Divergence: 2.0073
[33mserver_1      |[0m INFO:server.aggregator:FedAvg aggregation complete.
[33mserver_1      |[0m INFO:__main__:Aggregation complete.
[33mserver_1      |[0m ⏱️ [TIME] Client client_006 finished training in 0.07s
[33mserver_1      |[0m ⏱️ [TIME] Client client_008 finished training in 1.42s
[33mserver_1      |[0m ⏱️ [TIME] Client client_007 finished training in 0.46s
[33mserver_1      |[0m ⏱️ [TIME] Client client_004 finished training in 5.91s
[33mserver_1      |[0m ⏱️ [TIME] Client client_002 finished training in 2.02s
[33mserver_1      |[0m DEBUG: ⚠️ MY CUSTOM AGGREGATOR IS RUNNING ⚠️
[36;1mclient_005_1  |[0m 2026-01-27 13:17:03,763 - __main__ - INFO - Round 3 finished. Loss: 0.4329, Acc: 89.62%
[33mserver_1      |[0m INFO:werkzeug:172.18.0.7 - - [27/Jan/2026 13:17:03] "[31m[1mPOST /submit_update HTTP/1.1[0m" 400 -
[36;1mclient_005_1  |[0m 2026-01-27 13:17:03,828 - __main__ - ERROR - Update submission failed: {"error":"Not accepting updates"}
[36;1mclient_005_1  |[0m 
[36;1mclient_005_1  |[0m 2026-01-27 13:17:03,828 - __main__ - INFO - Update submitted for Round 3. Waiting...
[33mserver_1      |[0m INFO:__main__:--- Round 3 Acc: 23.03%, Loss: 2.3660 ---
[33mserver_1      |[0m INFO:__main__:--- Starting Round 4. Timeout: 300s ---
[33mserver_1      |[0m INFO:werkzeug:172.18.0.19 - - [27/Jan/2026 13:17:04] "POST /submit_update HTTP/1.1" 200 -
[32mclient_002_1  |[0m 2026-01-27 13:17:04,092 - __main__ - INFO - 🚀 Model update submitted successfully.
[32mclient_002_1  |[0m 2026-01-27 13:17:04,092 - __main__ - INFO - Update submitted for Round 3. Waiting...
[34;1mclient_009_1  |[0m 2026-01-27 13:17:04,719 - __main__ - INFO - --- New Round Detected: 4 ---
[33mserver_1      |[0m INFO:werkzeug:172.18.0.22 - - [27/Jan/2026 13:17:04] "GET /download_model?round=4 HTTP/1.1" 200 -
[33;1mclient_006_1  |[0m 2026-01-27 13:17:05,441 - __main__ - INFO - --- New Round Detected: 4 ---
[33mserver_1      |[0m INFO:werkzeug:172.18.0.5 - - [27/Jan/2026 13:17:05] "GET /download_model?round=4 HTTP/1.1" 200 -
[33;1mclient_006_1  |[0m 2026-01-27 13:17:05,655 - __main__ - INFO - Round 4 finished. Loss: 1.3420, Acc: 57.14%
[35;1mclient_008_1  |[0m 2026-01-27 13:17:05,678 - __main__ - INFO - --- New Round Detected: 4 ---
[33mserver_1      |[0m INFO:werkzeug:172.18.0.18 - - [27/Jan/2026 13:17:05] "GET /download_model?round=4 HTTP/1.1" 200 -
[33mserver_1      |[0m INFO:__main__:Received update from client_006
[33mserver_1      |[0m INFO:werkzeug:172.18.0.5 - - [27/Jan/2026 13:17:05] "POST /submit_update HTTP/1.1" 200 -
[33;1mclient_006_1  |[0m 2026-01-27 13:17:05,789 - __main__ - INFO - 🚀 Model update submitted successfully.
[33;1mclient_006_1  |[0m 2026-01-27 13:17:05,789 - __main__ - INFO - Update submitted for Round 4. Waiting...
[35;1mclient_008_1  |[0m 2026-01-27 13:17:07,098 - __main__ - INFO - Round 4 finished. Loss: 0.2257, Acc: 97.88%
[33mserver_1      |[0m INFO:__main__:Received update from client_008
[33mserver_1      |[0m INFO:werkzeug:172.18.0.18 - - [27/Jan/2026 13:17:07] "POST /submit_update HTTP/1.1" 200 -
[35;1mclient_008_1  |[0m 2026-01-27 13:17:07,254 - __main__ - INFO - 🚀 Model update submitted successfully.
[35;1mclient_008_1  |[0m 2026-01-27 13:17:07,254 - __main__ - INFO - Update submitted for Round 4. Waiting...
[34;1mclient_009_1  |[0m 2026-01-27 13:17:07,871 - __main__ - INFO - Round 4 finished. Loss: 1.1728, Acc: 62.11%
[32;1mclient_007_1  |[0m 2026-01-27 13:17:07,964 - __main__ - INFO - --- New Round Detected: 4 ---
[33mserver_1      |[0m INFO:__main__:Received update from client_009
[33mserver_1      |[0m INFO:werkzeug:172.18.0.22 - - [27/Jan/2026 13:17:07] "POST /submit_update HTTP/1.1" 200 -
[33mserver_1      |[0m INFO:werkzeug:172.18.0.8 - - [27/Jan/2026 13:17:07] "GET /download_model?round=4 HTTP/1.1" 200 -
[34;1mclient_009_1  |[0m 2026-01-27 13:17:08,006 - __main__ - INFO - 🚀 Model update submitted successfully.
[34;1mclient_009_1  |[0m 2026-01-27 13:17:08,007 - __main__ - INFO - Update submitted for Round 4. Waiting...
[34mclient_004_1  |[0m 2026-01-27 13:17:08,193 - __main__ - INFO - --- New Round Detected: 4 ---
[33mserver_1      |[0m INFO:werkzeug:172.18.0.21 - - [27/Jan/2026 13:17:08] "GET /download_model?round=4 HTTP/1.1" 200 -
[32;1mclient_007_1  |[0m 2026-01-27 13:17:08,556 - __main__ - INFO - Round 4 finished. Loss: 1.2420, Acc: 54.03%
[33mserver_1      |[0m INFO:__main__:Received update from client_007
[33mserver_1      |[0m INFO:werkzeug:172.18.0.8 - - [27/Jan/2026 13:17:08] "POST /submit_update HTTP/1.1" 200 -
[32;1mclient_007_1  |[0m 2026-01-27 13:17:08,693 - __main__ - INFO - 🚀 Model update submitted successfully.
[32;1mclient_007_1  |[0m 2026-01-27 13:17:08,693 - __main__ - INFO - Update submitted for Round 4. Waiting...
[33mclient_001_1  |[0m 2026-01-27 13:17:10,845 - __main__ - INFO - --- New Round Detected: 4 ---
[33mserver_1      |[0m INFO:werkzeug:172.18.0.20 - - [27/Jan/2026 13:17:10] "GET /download_model?round=4 HTTP/1.1" 200 -
[36mclient_010_1  |[0m 2026-01-27 13:17:11,265 - __main__ - INFO - --- New Round Detected: 4 ---
[33mserver_1      |[0m INFO:werkzeug:172.18.0.17 - - [27/Jan/2026 13:17:11] "GET /download_model?round=4 HTTP/1.1" 200 -
[33mclient_001_1  |[0m 2026-01-27 13:17:11,402 - __main__ - INFO - Round 4 finished. Loss: 0.4353, Acc: 92.88%
[33mserver_1      |[0m INFO:__main__:Received update from client_001
[33mserver_1      |[0m INFO:__main__:--- Aggregating 5 updates ---
[33mserver_1      |[0m INFO:__main__:⚡ Using Custom Aggregator with Drift Metric...
[33mserver_1      |[0m INFO:server.aggregator:Starting FedAvg aggregation for 5 clients.
[36mclient_010_1  |[0m 2026-01-27 13:17:12,060 - __main__ - INFO - Round 4 finished. Loss: 0.4249, Acc: 97.91%
[33mserver_1      |[0m INFO:werkzeug:172.18.0.17 - - [27/Jan/2026 13:17:12] "[31m[1mPOST /submit_update HTTP/1.1[0m" 400 -
[36mclient_010_1  |[0m 2026-01-27 13:17:12,129 - __main__ - ERROR - Update submission failed: {"error":"Not accepting updates"}
[36mclient_010_1  |[0m 
[36mclient_010_1  |[0m 2026-01-27 13:17:12,130 - __main__ - INFO - Update submitted for Round 4. Waiting...
[33mserver_1      |[0m INFO:server.aggregator:--- [METRIC] Weight Divergence: 1.2580
[33mserver_1      |[0m INFO:server.aggregator:FedAvg aggregation complete.
[33mserver_1      |[0m INFO:__main__:Aggregation complete.
[33mserver_1      |[0m ⏱️ [TIME] Client client_006 finished training in 0.05s
[33mserver_1      |[0m ⏱️ [TIME] Client client_008 finished training in 1.29s
[33mserver_1      |[0m ⏱️ [TIME] Client client_009 finished training in 3.02s
[33mserver_1      |[0m ⏱️ [TIME] Client client_007 finished training in 0.46s
[33mserver_1      |[0m ⏱️ [TIME] Client client_001 finished training in 0.42s
[33mserver_1      |[0m DEBUG: ⚠️ MY CUSTOM AGGREGATOR IS RUNNING ⚠️
[36;1mclient_005_1  |[0m 2026-01-27 13:17:13,894 - __main__ - INFO - --- New Round Detected: 4 ---
[33mserver_1      |[0m INFO:werkzeug:172.18.0.7 - - [27/Jan/2026 13:17:13] "GET /download_model?round=4 HTTP/1.1" 200 -
[32mclient_002_1  |[0m 2026-01-27 13:17:14,155 - __main__ - INFO - --- New Round Detected: 4 ---
[33mserver_1      |[0m INFO:werkzeug:172.18.0.19 - - [27/Jan/2026 13:17:14] "GET /download_model?round=4 HTTP/1.1" 200 -
[33mserver_1      |[0m INFO:__main__:--- Round 4 Acc: 25.08%, Loss: 2.3576 ---
[33mserver_1      |[0m INFO:__main__:--- Starting Round 5. Timeout: 300s ---
[33mserver_1      |[0m INFO:werkzeug:172.18.0.20 - - [27/Jan/2026 13:17:14] "POST /submit_update HTTP/1.1" 200 -
[33mclient_001_1  |[0m 2026-01-27 13:17:14,344 - __main__ - INFO - 🚀 Model update submitted successfully.
[33mclient_001_1  |[0m 2026-01-27 13:17:14,344 - __main__ - INFO - Update submitted for Round 4. Waiting...
[33;1mclient_006_1  |[0m 2026-01-27 13:17:15,860 - __main__ - INFO - --- New Round Detected: 5 ---
[33mserver_1      |[0m INFO:werkzeug:172.18.0.5 - - [27/Jan/2026 13:17:15] "GET /download_model?round=5 HTTP/1.1" 200 -
[33;1mclient_006_1  |[0m 2026-01-27 13:17:16,069 - __main__ - INFO - Round 5 finished. Loss: 1.4477, Acc: 57.14%
[33mserver_1      |[0m INFO:__main__:Received update from client_006
[33mserver_1      |[0m INFO:werkzeug:172.18.0.5 - - [27/Jan/2026 13:17:16] "POST /submit_update HTTP/1.1" 200 -
[33;1mclient_006_1  |[0m 2026-01-27 13:17:16,231 - __main__ - INFO - 🚀 Model update submitted successfully.
[33;1mclient_006_1  |[0m 2026-01-27 13:17:16,231 - __main__ - INFO - Update submitted for Round 5. Waiting...
[34mclient_004_1  |[0m 2026-01-27 13:17:16,327 - __main__ - INFO - Round 4 finished. Loss: 0.9363, Acc: 67.67%
[33mserver_1      |[0m INFO:__main__:Received update from client_004
[33mserver_1      |[0m INFO:werkzeug:172.18.0.21 - - [27/Jan/2026 13:17:16] "POST /submit_update HTTP/1.1" 200 -
[34mclient_004_1  |[0m 2026-01-27 13:17:16,462 - __main__ - INFO - 🚀 Model update submitted successfully.
[34mclient_004_1  |[0m 2026-01-27 13:17:16,462 - __main__ - INFO - Update submitted for Round 4. Waiting...
[32mclient_002_1  |[0m 2026-01-27 13:17:16,478 - __main__ - INFO - Round 4 finished. Loss: 0.5408, Acc: 87.65%
[33mserver_1      |[0m INFO:__main__:Received update from client_002
[33mserver_1      |[0m INFO:werkzeug:172.18.0.19 - - [27/Jan/2026 13:17:16] "POST /submit_update HTTP/1.1" 200 -
[32mclient_002_1  |[0m 2026-01-27 13:17:16,633 - __main__ - INFO - 🚀 Model update submitted successfully.
[32mclient_002_1  |[0m 2026-01-27 13:17:16,633 - __main__ - INFO - Update submitted for Round 4. Waiting...
[36;1mclient_005_1  |[0m 2026-01-27 13:17:16,742 - __main__ - INFO - Round 4 finished. Loss: 0.4088, Acc: 90.62%
[33mserver_1      |[0m INFO:__main__:Received update from client_005
[33mserver_1      |[0m INFO:werkzeug:172.18.0.7 - - [27/Jan/2026 13:17:16] "POST /submit_update HTTP/1.1" 200 -
[36;1mclient_005_1  |[0m 2026-01-27 13:17:16,877 - __main__ - INFO - 🚀 Model update submitted successfully.
[36;1mclient_005_1  |[0m 2026-01-27 13:17:16,877 - __main__ - INFO - Update submitted for Round 4. Waiting...
[35mclient_003_1  |[0m 2026-01-27 13:17:17,099 - __main__ - INFO - Round 3 finished. Loss: 0.9984, Acc: 69.41%
[33mserver_1      |[0m INFO:__main__:Received update from client_003
[33mserver_1      |[0m INFO:__main__:--- Aggregating 5 updates ---
[33mserver_1      |[0m INFO:__main__:⚡ Using Custom Aggregator with Drift Metric...
[33mserver_1      |[0m INFO:server.aggregator:Starting FedAvg aggregation for 5 clients.
[35;1mclient_008_1  |[0m 2026-01-27 13:17:17,317 - __main__ - INFO - --- New Round Detected: 5 ---
[33mserver_1      |[0m INFO:werkzeug:172.18.0.18 - - [27/Jan/2026 13:17:17] "GET /download_model?round=5 HTTP/1.1" 200 -
[34;1mclient_009_1  |[0m 2026-01-27 13:17:18,084 - __main__ - INFO - --- New Round Detected: 5 ---
[33mserver_1      |[0m INFO:werkzeug:172.18.0.22 - - [27/Jan/2026 13:17:18] "GET /download_model?round=5 HTTP/1.1" 200 -
[35;1mclient_008_1  |[0m 2026-01-27 13:17:18,395 - __main__ - INFO - Round 5 finished. Loss: 0.2705, Acc: 97.93%
[33mserver_1      |[0m INFO:werkzeug:172.18.0.18 - - [27/Jan/2026 13:17:18] "[31m[1mPOST /submit_update HTTP/1.1[0m" 400 -
[35;1mclient_008_1  |[0m 2026-01-27 13:17:18,568 - __main__ - ERROR - Update submission failed: {"error":"Not accepting updates"}
[35;1mclient_008_1  |[0m 
[35;1mclient_008_1  |[0m 2026-01-27 13:17:18,568 - __main__ - INFO - Update submitted for Round 5. Waiting...
[33mserver_1      |[0m INFO:server.aggregator:--- [METRIC] Weight Divergence: 2.5195
[33mserver_1      |[0m INFO:server.aggregator:FedAvg aggregation complete.
[33mserver_1      |[0m INFO:__main__:Aggregation complete.
[33mserver_1      |[0m ⏱️ [TIME] Client client_006 finished training in 0.05s
[33mserver_1      |[0m ⏱️ [TIME] Client client_004 finished training in 8.00s
[33mserver_1      |[0m ⏱️ [TIME] Client client_002 finished training in 2.19s
[33mserver_1      |[0m ⏱️ [TIME] Client client_005 finished training in 2.72s
[33mserver_1      |[0m ⏱️ [TIME] Client client_003 finished training in 16.43s
[33mserver_1      |[0m DEBUG: ⚠️ MY CUSTOM AGGREGATOR IS RUNNING ⚠️
[32;1mclient_007_1  |[0m 2026-01-27 13:17:18,776 - __main__ - INFO - --- New Round Detected: 5 ---
[33mserver_1      |[0m INFO:werkzeug:172.18.0.8 - - [27/Jan/2026 13:17:18] "GET /download_model?round=5 HTTP/1.1" 200 -
[32;1mclient_007_1  |[0m 2026-01-27 13:17:19,233 - __main__ - INFO - Round 5 finished. Loss: 1.4160, Acc: 58.06%
[33mserver_1      |[0m INFO:werkzeug:172.18.0.8 - - [27/Jan/2026 13:17:19] "[31m[1mPOST /submit_update HTTP/1.1[0m" 400 -
[32;1mclient_007_1  |[0m 2026-01-27 13:17:19,296 - __main__ - ERROR - Update submission failed: {"error":"Not accepting updates"}
[32;1mclient_007_1  |[0m 
[32;1mclient_007_1  |[0m 2026-01-27 13:17:19,296 - __main__ - INFO - Update submitted for Round 5. Waiting...
[33mserver_1      |[0m INFO:__main__:--- Round 5 Acc: 24.10%, Loss: 2.2132 ---
[33mserver_1      |[0m INFO:__main__:--- Starting Round 6. Timeout: 300s ---
[33mserver_1      |[0m INFO:werkzeug:172.18.0.6 - - [27/Jan/2026 13:17:19] "POST /submit_update HTTP/1.1" 200 -
[35mclient_003_1  |[0m 2026-01-27 13:17:19,859 - __main__ - INFO - 🚀 Model update submitted successfully.
[35mclient_003_1  |[0m 2026-01-27 13:17:19,859 - __main__ - INFO - Update submitted for Round 3. Waiting...
[34;1mclient_009_1  |[0m 2026-01-27 13:17:21,278 - __main__ - INFO - Round 5 finished. Loss: 1.0130, Acc: 65.61%
[33mserver_1      |[0m INFO:__main__:Received update from client_009
[33mserver_1      |[0m INFO:werkzeug:172.18.0.22 - - [27/Jan/2026 13:17:21] "POST /submit_update HTTP/1.1" 200 -
[34;1mclient_009_1  |[0m 2026-01-27 13:17:21,413 - __main__ - INFO - 🚀 Model update submitted successfully.
[34;1mclient_009_1  |[0m 2026-01-27 13:17:21,413 - __main__ - INFO - Update submitted for Round 5. Waiting...
[36mclient_010_1  |[0m 2026-01-27 13:17:22,204 - __main__ - INFO - --- New Round Detected: 6 ---
[33mserver_1      |[0m INFO:werkzeug:172.18.0.17 - - [27/Jan/2026 13:17:22] "GET /download_model?round=6 HTTP/1.1" 200 -
[36mclient_010_1  |[0m 2026-01-27 13:17:22,724 - __main__ - INFO - Round 6 finished. Loss: 0.4586, Acc: 97.79%
[33mserver_1      |[0m INFO:__main__:Received update from client_010
[33mserver_1      |[0m INFO:werkzeug:172.18.0.17 - - [27/Jan/2026 13:17:22] "POST /submit_update HTTP/1.1" 200 -
[36mclient_010_1  |[0m 2026-01-27 13:17:22,857 - __main__ - INFO - 🚀 Model update submitted successfully.
[36mclient_010_1  |[0m 2026-01-27 13:17:22,857 - __main__ - INFO - Update submitted for Round 6. Waiting...
[33mclient_001_1  |[0m 2026-01-27 13:17:24,417 - __main__ - INFO - --- New Round Detected: 6 ---
[33mserver_1      |[0m INFO:werkzeug:172.18.0.20 - - [27/Jan/2026 13:17:24] "GET /download_model?round=6 HTTP/1.1" 200 -
[33mclient_001_1  |[0m 2026-01-27 13:17:25,130 - __main__ - INFO - Round 6 finished. Loss: 0.5086, Acc: 92.88%
[33mserver_1      |[0m INFO:__main__:Received update from client_001
[33mserver_1      |[0m INFO:werkzeug:172.18.0.20 - - [27/Jan/2026 13:17:25] "POST /submit_update HTTP/1.1" 200 -
[33mclient_001_1  |[0m 2026-01-27 13:17:25,266 - __main__ - INFO - 🚀 Model update submitted successfully.
[33mclient_001_1  |[0m 2026-01-27 13:17:25,266 - __main__ - INFO - Update submitted for Round 6. Waiting...
[33;1mclient_006_1  |[0m 2026-01-27 13:17:26,295 - __main__ - INFO - --- New Round Detected: 6 ---
[33mserver_1      |[0m INFO:werkzeug:172.18.0.5 - - [27/Jan/2026 13:17:26] "GET /download_model?round=6 HTTP/1.1" 200 -
[33;1mclient_006_1  |[0m 2026-01-27 13:17:26,438 - __main__ - INFO - Round 6 finished. Loss: 1.2634, Acc: 71.43%
[34mclient_004_1  |[0m 2026-01-27 13:17:26,535 - __main__ - INFO - --- New Round Detected: 6 ---
[33mserver_1      |[0m INFO:__main__:Received update from client_006
[33mserver_1      |[0m INFO:werkzeug:172.18.0.5 - - [27/Jan/2026 13:17:26] "POST /submit_update HTTP/1.1" 200 -
[33mserver_1      |[0m INFO:werkzeug:172.18.0.21 - - [27/Jan/2026 13:17:26] "GET /download_model?round=6 HTTP/1.1" 200 -
[33;1mclient_006_1  |[0m 2026-01-27 13:17:26,571 - __main__ - INFO - 🚀 Model update submitted successfully.
[33;1mclient_006_1  |[0m 2026-01-27 13:17:26,571 - __main__ - INFO - Update submitted for Round 6. Waiting...
[32mclient_002_1  |[0m 2026-01-27 13:17:26,696 - __main__ - INFO - --- New Round Detected: 6 ---
[33mserver_1      |[0m INFO:werkzeug:172.18.0.19 - - [27/Jan/2026 13:17:26] "GET /download_model?round=6 HTTP/1.1" 200 -
[36;1mclient_005_1  |[0m 2026-01-27 13:17:26,943 - __main__ - INFO - --- New Round Detected: 6 ---
[33mserver_1      |[0m INFO:werkzeug:172.18.0.7 - - [27/Jan/2026 13:17:26] "GET /download_model?round=6 HTTP/1.1" 200 -
[35;1mclient_008_1  |[0m 2026-01-27 13:17:28,642 - __main__ - INFO - --- New Round Detected: 6 ---
[33mserver_1      |[0m INFO:werkzeug:172.18.0.18 - - [27/Jan/2026 13:17:28] "GET /download_model?round=6 HTTP/1.1" 200 -
[32mclient_002_1  |[0m 2026-01-27 13:17:28,996 - __main__ - INFO - Round 6 finished. Loss: 0.7386, Acc: 86.36%
[33mserver_1      |[0m INFO:__main__:Received update from client_002
[33mserver_1      |[0m INFO:__main__:--- Aggregating 5 updates ---
[33mserver_1      |[0m INFO:__main__:⚡ Using Custom Aggregator with Drift Metric...
[33mserver_1      |[0m INFO:server.aggregator:Starting FedAvg aggregation for 5 clients.
[32;1mclient_007_1  |[0m 2026-01-27 13:17:29,416 - __main__ - INFO - --- New Round Detected: 6 ---
[33mserver_1      |[0m INFO:werkzeug:172.18.0.8 - - [27/Jan/2026 13:17:29] "GET /download_model?round=6 HTTP/1.1" 200 -
[32;1mclient_007_1  |[0m 2026-01-27 13:17:29,802 - __main__ - INFO - Round 6 finished. Loss: 1.2302, Acc: 57.33%
[33mserver_1      |[0m INFO:werkzeug:172.18.0.8 - - [27/Jan/2026 13:17:29] "[31m[1mPOST /submit_update HTTP/1.1[0m" 400 -
[32;1mclient_007_1  |[0m 2026-01-27 13:17:29,869 - __main__ - ERROR - Update submission failed: {"error":"Not accepting updates"}
[32;1mclient_007_1  |[0m 
[32;1mclient_007_1  |[0m 2026-01-27 13:17:29,869 - __main__ - INFO - Update submitted for Round 6. Waiting...
[36;1mclient_005_1  |[0m 2026-01-27 13:17:29,917 - __main__ - INFO - Round 6 finished. Loss: 0.4127, Acc: 89.84%
[35mclient_003_1  |[0m 2026-01-27 13:17:29,924 - __main__ - INFO - --- New Round Detected: 6 ---
[33mserver_1      |[0m INFO:werkzeug:172.18.0.7 - - [27/Jan/2026 13:17:29] "[31m[1mPOST /submit_update HTTP/1.1[0m" 400 -
[33mserver_1      |[0m INFO:werkzeug:172.18.0.6 - - [27/Jan/2026 13:17:29] "GET /download_model?round=6 HTTP/1.1" 200 -
[36;1mclient_005_1  |[0m 2026-01-27 13:17:29,986 - __main__ - ERROR - Update submission failed: {"error":"Not accepting updates"}
[36;1mclient_005_1  |[0m 
[36;1mclient_005_1  |[0m 2026-01-27 13:17:29,986 - __main__ - INFO - Update submitted for Round 6. Waiting...
[35;1mclient_008_1  |[0m 2026-01-27 13:17:30,565 - __main__ - INFO - Round 6 finished. Loss: 0.3485, Acc: 97.93%
[33mserver_1      |[0m INFO:werkzeug:172.18.0.18 - - [27/Jan/2026 13:17:30] "[31m[1mPOST /submit_update HTTP/1.1[0m" 400 -
[35;1mclient_008_1  |[0m 2026-01-27 13:17:30,630 - __main__ - ERROR - Update submission failed: {"error":"Not accepting updates"}
[35;1mclient_008_1  |[0m 
[35;1mclient_008_1  |[0m 2026-01-27 13:17:30,631 - __main__ - INFO - Update submitted for Round 6. Waiting...
[33mserver_1      |[0m INFO:server.aggregator:--- [METRIC] Weight Divergence: 1.7042
[33mserver_1      |[0m INFO:server.aggregator:FedAvg aggregation complete.
[33mserver_1      |[0m INFO:__main__:Aggregation complete.
[33mserver_1      |[0m ⏱️ [TIME] Client client_009 finished training in 3.00s
[33mserver_1      |[0m ⏱️ [TIME] Client client_010 finished training in 0.38s
[33mserver_1      |[0m ⏱️ [TIME] Client client_001 finished training in 0.58s
[33mserver_1      |[0m ⏱️ [TIME] Client client_006 finished training in 0.02s
[33mserver_1      |[0m ⏱️ [TIME] Client client_002 finished training in 2.17s
[33mserver_1      |[0m DEBUG: ⚠️ MY CUSTOM AGGREGATOR IS RUNNING ⚠️
[34;1mclient_009_1  |[0m 2026-01-27 13:17:31,511 - __main__ - INFO - --- New Round Detected: 6 ---
[33mserver_1      |[0m INFO:werkzeug:172.18.0.22 - - [27/Jan/2026 13:17:31] "GET /download_model?round=6 HTTP/1.1" 200 -
[33mserver_1      |[0m INFO:__main__:--- Round 6 Acc: 13.57%, Loss: 2.7706 ---
[33mserver_1      |[0m INFO:__main__:--- Starting Round 7. Timeout: 300s ---
[33mserver_1      |[0m INFO:werkzeug:172.18.0.19 - - [27/Jan/2026 13:17:32] "POST /submit_update HTTP/1.1" 200 -
[32mclient_002_1  |[0m 2026-01-27 13:17:32,450 - __main__ - INFO - 🚀 Model update submitted successfully.
[32mclient_002_1  |[0m 2026-01-27 13:17:32,450 - __main__ - INFO - Update submitted for Round 6. Waiting...
[36mclient_010_1  |[0m 2026-01-27 13:17:32,919 - __main__ - INFO - --- New Round Detected: 7 ---
[33mserver_1      |[0m INFO:werkzeug:172.18.0.17 - - [27/Jan/2026 13:17:32] "GET /download_model?round=7 HTTP/1.1" 200 -
[36mclient_010_1  |[0m 2026-01-27 13:17:33,461 - __main__ - INFO - Round 7 finished. Loss: 0.2007, Acc: 97.91%
[33mserver_1      |[0m INFO:__main__:Received update from client_010
[33mserver_1      |[0m INFO:werkzeug:172.18.0.17 - - [27/Jan/2026 13:17:33] "POST /submit_update HTTP/1.1" 200 -
[36mclient_010_1  |[0m 2026-01-27 13:17:33,596 - __main__ - INFO - 🚀 Model update submitted successfully.
[36mclient_010_1  |[0m 2026-01-27 13:17:33,597 - __main__ - INFO - Update submitted for Round 7. Waiting...
[34;1mclient_009_1  |[0m 2026-01-27 13:17:34,717 - __main__ - INFO - Round 6 finished. Loss: 1.2029, Acc: 59.71%
[33mserver_1      |[0m INFO:__main__:Received update from client_009
[33mserver_1      |[0m INFO:werkzeug:172.18.0.22 - - [27/Jan/2026 13:17:34] "POST /submit_update HTTP/1.1" 200 -
[34mclient_004_1  |[0m 2026-01-27 13:17:34,836 - __main__ - INFO - Round 6 finished. Loss: 1.0040, Acc: 66.23%
[34;1mclient_009_1  |[0m 2026-01-27 13:17:34,852 - __main__ - INFO - 🚀 Model update submitted successfully.
[34;1mclient_009_1  |[0m 2026-01-27 13:17:34,852 - __main__ - INFO - Update submitted for Round 6. Waiting...
[33mserver_1      |[0m INFO:__main__:Received update from client_004
[33mserver_1      |[0m INFO:werkzeug:172.18.0.21 - - [27/Jan/2026 13:17:34] "POST /submit_update HTTP/1.1" 200 -
[34mclient_004_1  |[0m 2026-01-27 13:17:34,991 - __main__ - INFO - 🚀 Model update submitted successfully.
[34mclient_004_1  |[0m 2026-01-27 13:17:34,991 - __main__ - INFO - Update submitted for Round 6. Waiting...
[33mclient_001_1  |[0m 2026-01-27 13:17:35,327 - __main__ - INFO - --- New Round Detected: 7 ---
[33mserver_1      |[0m INFO:werkzeug:172.18.0.20 - - [27/Jan/2026 13:17:35] "GET /download_model?round=7 HTTP/1.1" 200 -
[33mclient_001_1  |[0m 2026-01-27 13:17:35,877 - __main__ - INFO - Round 7 finished. Loss: 0.1932, Acc: 97.73%
[33mserver_1      |[0m INFO:__main__:Received update from client_001
[33mserver_1      |[0m INFO:werkzeug:172.18.0.20 - - [27/Jan/2026 13:17:36] "POST /submit_update HTTP/1.1" 200 -
[33mclient_001_1  |[0m 2026-01-27 13:17:36,032 - __main__ - INFO - 🚀 Model update submitted successfully.
[33mclient_001_1  |[0m 2026-01-27 13:17:36,032 - __main__ - INFO - Update submitted for Round 7. Waiting...
[33;1mclient_006_1  |[0m 2026-01-27 13:17:36,668 - __main__ - INFO - --- New Round Detected: 7 ---
[33mserver_1      |[0m INFO:werkzeug:172.18.0.5 - - [27/Jan/2026 13:17:36] "GET /download_model?round=7 HTTP/1.1" 200 -
[33;1mclient_006_1  |[0m 2026-01-27 13:17:36,814 - __main__ - INFO - Round 7 finished. Loss: 2.4612, Acc: 7.14%
[33mserver_1      |[0m INFO:__main__:Received update from client_006
[33mserver_1      |[0m INFO:__main__:--- Aggregating 5 updates ---
[33mserver_1      |[0m INFO:__main__:⚡ Using Custom Aggregator with Drift Metric...
[33mserver_1      |[0m INFO:server.aggregator:Starting FedAvg aggregation for 5 clients.
[33mserver_1      |[0m INFO:server.aggregator:--- [METRIC] Weight Divergence: 1.6306
[33mserver_1      |[0m INFO:server.aggregator:FedAvg aggregation complete.
[33mserver_1      |[0m INFO:__main__:Aggregation complete.
[33mserver_1      |[0m ⏱️ [TIME] Client client_010 finished training in 0.41s
[33mserver_1      |[0m ⏱️ [TIME] Client client_009 finished training in 3.07s
[33mserver_1      |[0m ⏱️ [TIME] Client client_004 finished training in 8.17s
[33mserver_1      |[0m ⏱️ [TIME] Client client_001 finished training in 0.42s
[33mserver_1      |[0m ⏱️ [TIME] Client client_006 finished training in 0.02s
[33mserver_1      |[0m DEBUG: ⚠️ MY CUSTOM AGGREGATOR IS RUNNING ⚠️
[32;1mclient_007_1  |[0m 2026-01-27 13:17:39,934 - __main__ - INFO - --- New Round Detected: 7 ---
[33mserver_1      |[0m INFO:werkzeug:172.18.0.8 - - [27/Jan/2026 13:17:39] "GET /download_model?round=7 HTTP/1.1" 200 -
[36;1mclient_005_1  |[0m 2026-01-27 13:17:40,063 - __main__ - INFO - --- New Round Detected: 7 ---
[33mserver_1      |[0m INFO:werkzeug:172.18.0.7 - - [27/Jan/2026 13:17:40] "GET /download_model?round=7 HTTP/1.1" 200 -
[32;1mclient_007_1  |[0m 2026-01-27 13:17:40,367 - __main__ - INFO - Round 7 finished. Loss: 1.3557, Acc: 60.62%
[33mserver_1      |[0m INFO:__main__:--- Round 7 Acc: 28.70%, Loss: 2.1307 ---
[33mserver_1      |[0m INFO:__main__:--- Starting Round 8. Timeout: 300s ---
[33mserver_1      |[0m INFO:werkzeug:172.18.0.5 - - [27/Jan/2026 13:17:40] "POST /submit_update HTTP/1.1" 200 -
[33;1mclient_006_1  |[0m 2026-01-27 13:17:40,408 - __main__ - INFO - 🚀 Model update submitted successfully.
[33;1mclient_006_1  |[0m 2026-01-27 13:17:40,408 - __main__ - INFO - Update submitted for Round 7. Waiting...
[33mserver_1      |[0m INFO:__main__:Received update from client_007
[33mserver_1      |[0m INFO:werkzeug:172.18.0.8 - - [27/Jan/2026 13:17:40] "POST /submit_update HTTP/1.1" 200 -
[32;1mclient_007_1  |[0m 2026-01-27 13:17:40,501 - __main__ - INFO - 🚀 Model update submitted successfully.
[32;1mclient_007_1  |[0m 2026-01-27 13:17:40,501 - __main__ - INFO - Update submitted for Round 7. Waiting...
[35;1mclient_008_1  |[0m 2026-01-27 13:17:40,693 - __main__ - INFO - --- New Round Detected: 8 ---
[33mserver_1      |[0m INFO:werkzeug:172.18.0.18 - - [27/Jan/2026 13:17:40] "GET /download_model?round=8 HTTP/1.1" 200 -
[35;1mclient_008_1  |[0m 2026-01-27 13:17:42,026 - __main__ - INFO - Round 8 finished. Loss: 0.4589, Acc: 94.68%
[33mserver_1      |[0m INFO:__main__:Received update from client_008
[33mserver_1      |[0m INFO:werkzeug:172.18.0.18 - - [27/Jan/2026 13:17:42] "POST /submit_update HTTP/1.1" 200 -
[35;1mclient_008_1  |[0m 2026-01-27 13:17:42,162 - __main__ - INFO - 🚀 Model update submitted successfully.
[35;1mclient_008_1  |[0m 2026-01-27 13:17:42,162 - __main__ - INFO - Update submitted for Round 8. Waiting...
[32mclient_002_1  |[0m 2026-01-27 13:17:42,513 - __main__ - INFO - --- New Round Detected: 8 ---
[33mserver_1      |[0m INFO:werkzeug:172.18.0.19 - - [27/Jan/2026 13:17:42] "GET /download_model?round=8 HTTP/1.1" 200 -
[36;1mclient_005_1  |[0m 2026-01-27 13:17:42,830 - __main__ - INFO - Round 7 finished. Loss: 0.8643, Acc: 92.36%
[33mserver_1      |[0m INFO:__main__:Received update from client_005
[33mserver_1      |[0m INFO:werkzeug:172.18.0.7 - - [27/Jan/2026 13:17:42] "POST /submit_update HTTP/1.1" 200 -
[36;1mclient_005_1  |[0m 2026-01-27 13:17:42,968 - __main__ - INFO - 🚀 Model update submitted successfully.
[36;1mclient_005_1  |[0m 2026-01-27 13:17:42,968 - __main__ - INFO - Update submitted for Round 7. Waiting...
[36mclient_010_1  |[0m 2026-01-27 13:17:43,671 - __main__ - INFO - --- New Round Detected: 8 ---
[33mserver_1      |[0m INFO:werkzeug:172.18.0.17 - - [27/Jan/2026 13:17:43] "GET /download_model?round=8 HTTP/1.1" 200 -
[35mclient_003_1  |[0m 2026-01-27 13:17:44,165 - __main__ - INFO - Round 6 finished. Loss: 0.9807, Acc: 71.07%
[36mclient_010_1  |[0m 2026-01-27 13:17:44,183 - __main__ - INFO - Round 8 finished. Loss: 0.5264, Acc: 97.79%
[33mserver_1      |[0m INFO:__main__:Received update from client_003
[33mserver_1      |[0m INFO:werkzeug:172.18.0.6 - - [27/Jan/2026 13:17:44] "POST /submit_update HTTP/1.1" 200 -
[35mclient_003_1  |[0m 2026-01-27 13:17:44,301 - __main__ - INFO - 🚀 Model update submitted successfully.
[35mclient_003_1  |[0m 2026-01-27 13:17:44,301 - __main__ - INFO - Update submitted for Round 6. Waiting...
[33mserver_1      |[0m INFO:__main__:Received update from client_010
[33mserver_1      |[0m INFO:__main__:--- Aggregating 5 updates ---
[33mserver_1      |[0m INFO:__main__:⚡ Using Custom Aggregator with Drift Metric...
[33mserver_1      |[0m INFO:server.aggregator:Starting FedAvg aggregation for 5 clients.
[32mclient_002_1  |[0m 2026-01-27 13:17:44,805 - __main__ - INFO - Round 8 finished. Loss: 0.6827, Acc: 90.22%
[33mserver_1      |[0m INFO:werkzeug:172.18.0.19 - - [27/Jan/2026 13:17:44] "[31m[1mPOST /submit_update HTTP/1.1[0m" 400 -
[32mclient_002_1  |[0m 2026-01-27 13:17:44,869 - __main__ - ERROR - Update submission failed: {"error":"Not accepting updates"}
[32mclient_002_1  |[0m 
[32mclient_002_1  |[0m 2026-01-27 13:17:44,869 - __main__ - INFO - Update submitted for Round 8. Waiting...
[34;1mclient_009_1  |[0m 2026-01-27 13:17:44,914 - __main__ - INFO - --- New Round Detected: 8 ---
[33mserver_1      |[0m INFO:werkzeug:172.18.0.22 - - [27/Jan/2026 13:17:44] "GET /download_model?round=8 HTTP/1.1" 200 -
[34mclient_004_1  |[0m 2026-01-27 13:17:45,096 - __main__ - INFO - --- New Round Detected: 8 ---
[33mserver_1      |[0m INFO:werkzeug:172.18.0.21 - - [27/Jan/2026 13:17:45] "GET /download_model?round=8 HTTP/1.1" 200 -
[33mserver_1      |[0m INFO:server.aggregator:--- [METRIC] Weight Divergence: 2.1811
[33mserver_1      |[0m INFO:server.aggregator:FedAvg aggregation complete.
[33mserver_1      |[0m INFO:__main__:Aggregation complete.
[33mserver_1      |[0m ⏱️ [TIME] Client client_007 finished training in 0.30s
[33mserver_1      |[0m ⏱️ [TIME] Client client_008 finished training in 1.20s
[33mserver_1      |[0m ⏱️ [TIME] Client client_005 finished training in 2.64s
[33mserver_1      |[0m ⏱️ [TIME] Client client_003 finished training in 14.11s
[33mserver_1      |[0m ⏱️ [TIME] Client client_010 finished training in 0.37s
[33mserver_1      |[0m DEBUG: ⚠️ MY CUSTOM AGGREGATOR IS RUNNING ⚠️
[33mclient_001_1  |[0m 2026-01-27 13:17:46,116 - __main__ - INFO - --- New Round Detected: 8 ---
[33mserver_1      |[0m INFO:werkzeug:172.18.0.20 - - [27/Jan/2026 13:17:46] "GET /download_model?round=8 HTTP/1.1" 200 -
[33mclient_001_1  |[0m 2026-01-27 13:17:46,740 - __main__ - INFO - Round 8 finished. Loss: 0.4958, Acc: 97.41%
[33mserver_1      |[0m INFO:werkzeug:172.18.0.20 - - [27/Jan/2026 13:17:46] "[31m[1mPOST /submit_update HTTP/1.1[0m" 400 -
[33mclient_001_1  |[0m 2026-01-27 13:17:46,809 - __main__ - ERROR - Update submission failed: {"error":"Not accepting updates"}
[33mclient_001_1  |[0m 
[33mclient_001_1  |[0m 2026-01-27 13:17:46,809 - __main__ - INFO - Update submitted for Round 8. Waiting...
[33mserver_1      |[0m INFO:__main__:--- Round 8 Acc: 27.74%, Loss: 2.0783 ---
[33mserver_1      |[0m INFO:__main__:--- Starting Round 9. Timeout: 300s ---
[33mserver_1      |[0m INFO:werkzeug:172.18.0.17 - - [27/Jan/2026 13:17:47] "POST /submit_update HTTP/1.1" 200 -
[36mclient_010_1  |[0m 2026-01-27 13:17:47,309 - __main__ - INFO - 🚀 Model update submitted successfully.
[36mclient_010_1  |[0m 2026-01-27 13:17:47,309 - __main__ - INFO - Update submitted for Round 8. Waiting...
[34;1mclient_009_1  |[0m 2026-01-27 13:17:48,108 - __main__ - INFO - Round 8 finished. Loss: 1.0004, Acc: 66.42%
[33mserver_1      |[0m INFO:__main__:Received update from client_009
[33mserver_1      |[0m INFO:werkzeug:172.18.0.22 - - [27/Jan/2026 13:17:48] "POST /submit_update HTTP/1.1" 200 -
[34;1mclient_009_1  |[0m 2026-01-27 13:17:48,263 - __main__ - INFO - 🚀 Model update submitted successfully.
[34;1mclient_009_1  |[0m 2026-01-27 13:17:48,264 - __main__ - INFO - Update submitted for Round 8. Waiting...
[33;1mclient_006_1  |[0m 2026-01-27 13:17:50,477 - __main__ - INFO - --- New Round Detected: 9 ---
[33mserver_1      |[0m INFO:werkzeug:172.18.0.5 - - [27/Jan/2026 13:17:50] "GET /download_model?round=9 HTTP/1.1" 200 -
[32;1mclient_007_1  |[0m 2026-01-27 13:17:50,571 - __main__ - INFO - --- New Round Detected: 9 ---
[33mserver_1      |[0m INFO:werkzeug:172.18.0.8 - - [27/Jan/2026 13:17:50] "GET /download_model?round=9 HTTP/1.1" 200 -
[33;1mclient_006_1  |[0m 2026-01-27 13:17:50,643 - __main__ - INFO - Round 9 finished. Loss: 1.2073, Acc: 71.43%
[33mserver_1      |[0m INFO:__main__:Received update from client_006
[33mserver_1      |[0m INFO:werkzeug:172.18.0.5 - - [27/Jan/2026 13:17:50] "POST /submit_update HTTP/1.1" 200 -
[33;1mclient_006_1  |[0m 2026-01-27 13:17:50,778 - __main__ - INFO - 🚀 Model update submitted successfully.
[33;1mclient_006_1  |[0m 2026-01-27 13:17:50,778 - __main__ - INFO - Update submitted for Round 9. Waiting...
[32;1mclient_007_1  |[0m 2026-01-27 13:17:51,099 - __main__ - INFO - Round 9 finished. Loss: 1.2658, Acc: 55.68%
[33mserver_1      |[0m INFO:__main__:Received update from client_007
[33mserver_1      |[0m INFO:werkzeug:172.18.0.8 - - [27/Jan/2026 13:17:51] "POST /submit_update HTTP/1.1" 200 -
[32;1mclient_007_1  |[0m 2026-01-27 13:17:51,233 - __main__ - INFO - 🚀 Model update submitted successfully.
[32;1mclient_007_1  |[0m 2026-01-27 13:17:51,233 - __main__ - INFO - Update submitted for Round 9. Waiting...
[35;1mclient_008_1  |[0m 2026-01-27 13:17:52,225 - __main__ - INFO - --- New Round Detected: 9 ---
[33mserver_1      |[0m INFO:werkzeug:172.18.0.18 - - [27/Jan/2026 13:17:52] "GET /download_model?round=9 HTTP/1.1" 200 -
[36;1mclient_005_1  |[0m 2026-01-27 13:17:53,031 - __main__ - INFO - --- New Round Detected: 9 ---
[33mserver_1      |[0m INFO:werkzeug:172.18.0.7 - - [27/Jan/2026 13:17:53] "GET /download_model?round=9 HTTP/1.1" 200 -
[34mclient_004_1  |[0m 2026-01-27 13:17:53,123 - __main__ - INFO - Round 8 finished. Loss: 0.8875, Acc: 71.42%
[35;1mclient_008_1  |[0m 2026-01-27 13:17:53,177 - __main__ - INFO - Round 9 finished. Loss: 0.3458, Acc: 97.93%
[33mserver_1      |[0m INFO:__main__:Received update from client_004
[33mserver_1      |[0m INFO:werkzeug:172.18.0.21 - - [27/Jan/2026 13:17:53] "POST /submit_update HTTP/1.1" 200 -
[34mclient_004_1  |[0m 2026-01-27 13:17:53,258 - __main__ - INFO - 🚀 Model update submitted successfully.
[34mclient_004_1  |[0m 2026-01-27 13:17:53,258 - __main__ - INFO - Update submitted for Round 8. Waiting...
[33mserver_1      |[0m INFO:__main__:Received update from client_008
[33mserver_1      |[0m INFO:__main__:--- Aggregating 5 updates ---
[33mserver_1      |[0m INFO:__main__:⚡ Using Custom Aggregator with Drift Metric...
[33mserver_1      |[0m INFO:server.aggregator:Starting FedAvg aggregation for 5 clients.
[35mclient_003_1  |[0m 2026-01-27 13:17:54,365 - __main__ - INFO - --- New Round Detected: 9 ---
[33mserver_1      |[0m INFO:werkzeug:172.18.0.6 - - [27/Jan/2026 13:17:54] "GET /download_model?round=9 HTTP/1.1" 200 -
[33mserver_1      |[0m INFO:server.aggregator:--- [METRIC] Weight Divergence: 1.7038
[33mserver_1      |[0m INFO:server.aggregator:FedAvg aggregation complete.
[33mserver_1      |[0m INFO:__main__:Aggregation complete.
[32mclient_002_1  |[0m 2026-01-27 13:17:55,001 - __main__ - INFO - --- New Round Detected: 9 ---
[33mserver_1      |[0m ⏱️ [TIME] Client client_009 finished training in 3.06s
[33mserver_1      |[0m ⏱️ [TIME] Client client_006 finished training in 0.02s
[33mserver_1      |[0m ⏱️ [TIME] Client client_007 finished training in 0.39s
[33mserver_1      |[0m ⏱️ [TIME] Client client_004 finished training in 7.90s
[33mserver_1      |[0m ⏱️ [TIME] Client client_008 finished training in 0.82s
[33mserver_1      |[0m DEBUG: ⚠️ MY CUSTOM AGGREGATOR IS RUNNING ⚠️
[33mserver_1      |[0m INFO:werkzeug:172.18.0.19 - - [27/Jan/2026 13:17:55] "GET /download_model?round=9 HTTP/1.1" 200 -
[36;1mclient_005_1  |[0m 2026-01-27 13:17:55,842 - __main__ - INFO - Round 9 finished. Loss: 0.5359, Acc: 90.58%
[33mserver_1      |[0m INFO:werkzeug:172.18.0.7 - - [27/Jan/2026 13:17:55] "[31m[1mPOST /submit_update HTTP/1.1[0m" 400 -
[36;1mclient_005_1  |[0m 2026-01-27 13:17:55,910 - __main__ - ERROR - Update submission failed: {"error":"Not accepting updates"}
[36;1mclient_005_1  |[0m 
[36;1mclient_005_1  |[0m 2026-01-27 13:17:55,910 - __main__ - INFO - Update submitted for Round 9. Waiting...
[33mserver_1      |[0m INFO:__main__:--- Round 9 Acc: 36.89%, Loss: 1.9468 ---
[33mserver_1      |[0m INFO:__main__:--- Starting Round 10. Timeout: 300s ---
[33mserver_1      |[0m INFO:werkzeug:172.18.0.18 - - [27/Jan/2026 13:17:56] "POST /submit_update HTTP/1.1" 200 -
[35;1mclient_008_1  |[0m 2026-01-27 13:17:56,198 - __main__ - INFO - 🚀 Model update submitted successfully.
[35;1mclient_008_1  |[0m 2026-01-27 13:17:56,198 - __main__ - INFO - Update submitted for Round 9. Waiting...
[32mclient_002_1  |[0m 2026-01-27 13:17:56,471 - __main__ - INFO - Round 9 finished. Loss: 0.7657, Acc: 86.76%
[33mserver_1      |[0m INFO:__main__:Received update from client_002
[33mserver_1      |[0m INFO:werkzeug:172.18.0.19 - - [27/Jan/2026 13:17:56] "POST /submit_update HTTP/1.1" 200 -
[32mclient_002_1  |[0m 2026-01-27 13:17:56,625 - __main__ - INFO - 🚀 Model update submitted successfully.
[32mclient_002_1  |[0m 2026-01-27 13:17:56,625 - __main__ - INFO - Update submitted for Round 9. Waiting...
[33mclient_001_1  |[0m 2026-01-27 13:17:56,871 - __main__ - INFO - --- New Round Detected: 10 ---
[33mserver_1      |[0m INFO:werkzeug:172.18.0.20 - - [27/Jan/2026 13:17:56] "GET /download_model?round=10 HTTP/1.1" 200 -
[36mclient_010_1  |[0m 2026-01-27 13:17:57,372 - __main__ - INFO - --- New Round Detected: 10 ---
[33mserver_1      |[0m INFO:werkzeug:172.18.0.17 - - [27/Jan/2026 13:17:57] "GET /download_model?round=10 HTTP/1.1" 200 -
[33mclient_001_1  |[0m 2026-01-27 13:17:57,458 - __main__ - INFO - Round 10 finished. Loss: 0.3873, Acc: 96.76%
[33mserver_1      |[0m INFO:__main__:Received update from client_001
[33mserver_1      |[0m INFO:werkzeug:172.18.0.20 - - [27/Jan/2026 13:17:57] "POST /submit_update HTTP/1.1" 200 -
[33mclient_001_1  |[0m 2026-01-27 13:17:57,603 - __main__ - INFO - 🚀 Model update submitted successfully.
[33mclient_001_1  |[0m 2026-01-27 13:17:57,603 - __main__ - INFO - Update submitted for Round 10. Waiting...
[36mclient_010_1  |[0m 2026-01-27 13:17:58,241 - __main__ - INFO - Round 10 finished. Loss: 0.4360, Acc: 97.42%
[34;1mclient_009_1  |[0m 2026-01-27 13:17:58,328 - __main__ - INFO - --- New Round Detected: 10 ---
[33mserver_1      |[0m INFO:__main__:Received update from client_010
[33mserver_1      |[0m INFO:werkzeug:172.18.0.17 - - [27/Jan/2026 13:17:58] "POST /submit_update HTTP/1.1" 200 -
[33mserver_1      |[0m INFO:werkzeug:172.18.0.22 - - [27/Jan/2026 13:17:58] "GET /download_model?round=10 HTTP/1.1" 200 -
[36mclient_010_1  |[0m 2026-01-27 13:17:58,377 - __main__ - INFO - 🚀 Model update submitted successfully.
[36mclient_010_1  |[0m 2026-01-27 13:17:58,377 - __main__ - INFO - Update submitted for Round 10. Waiting...
[33;1mclient_006_1  |[0m 2026-01-27 13:18:00,840 - __main__ - INFO - --- New Round Detected: 10 ---
[33mserver_1      |[0m INFO:werkzeug:172.18.0.5 - - [27/Jan/2026 13:18:00] "GET /download_model?round=10 HTTP/1.1" 200 -
[33;1mclient_006_1  |[0m 2026-01-27 13:18:00,990 - __main__ - INFO - Round 10 finished. Loss: 1.1933, Acc: 64.29%
[33mserver_1      |[0m INFO:__main__:Received update from client_006
[33mserver_1      |[0m INFO:werkzeug:172.18.0.5 - - [27/Jan/2026 13:18:01] "POST /submit_update HTTP/1.1" 200 -
[33;1mclient_006_1  |[0m 2026-01-27 13:18:01,126 - __main__ - INFO - 🚀 Model update submitted successfully.
[33;1mclient_006_1  |[0m 2026-01-27 13:18:01,127 - __main__ - INFO - Update submitted for Round 10. Waiting...
[32;1mclient_007_1  |[0m 2026-01-27 13:18:01,294 - __main__ - INFO - --- New Round Detected: 10 ---
[33mserver_1      |[0m INFO:werkzeug:172.18.0.8 - - [27/Jan/2026 13:18:01] "GET /download_model?round=10 HTTP/1.1" 200 -
[34;1mclient_009_1  |[0m 2026-01-27 13:18:01,444 - __main__ - INFO - Round 10 finished. Loss: 0.9706, Acc: 67.65%
[33mserver_1      |[0m INFO:__main__:Received update from client_009
[33mserver_1      |[0m INFO:__main__:--- Aggregating 5 updates ---
[33mserver_1      |[0m INFO:__main__:⚡ Using Custom Aggregator with Drift Metric...
[33mserver_1      |[0m INFO:server.aggregator:Starting FedAvg aggregation for 5 clients.
[32;1mclient_007_1  |[0m 2026-01-27 13:18:01,646 - __main__ - INFO - Round 10 finished. Loss: 1.2996, Acc: 57.33%
[33mserver_1      |[0m INFO:werkzeug:172.18.0.8 - - [27/Jan/2026 13:18:01] "[31m[1mPOST /submit_update HTTP/1.1[0m" 400 -
[32;1mclient_007_1  |[0m 2026-01-27 13:18:01,708 - __main__ - ERROR - Update submission failed: {"error":"Not accepting updates"}
[32;1mclient_007_1  |[0m 
[32;1mclient_007_1  |[0m 2026-01-27 13:18:01,709 - __main__ - INFO - Update submitted for Round 10. Waiting...
[33mserver_1      |[0m INFO:server.aggregator:--- [METRIC] Weight Divergence: 1.0626
[33mserver_1      |[0m INFO:server.aggregator:FedAvg aggregation complete.
[33mserver_1      |[0m INFO:__main__:Aggregation complete.
[33mserver_1      |[0m ⏱️ [TIME] Client client_002 finished training in 1.34s
[33mserver_1      |[0m ⏱️ [TIME] Client client_001 finished training in 0.42s
[33mserver_1      |[0m ⏱️ [TIME] Client client_010 finished training in 0.74s
[33mserver_1      |[0m ⏱️ [TIME] Client client_006 finished training in 0.02s
[33mserver_1      |[0m ⏱️ [TIME] Client client_009 finished training in 2.99s
[33mserver_1      |[0m DEBUG: ⚠️ MY CUSTOM AGGREGATOR IS RUNNING ⚠️
[34mclient_004_1  |[0m 2026-01-27 13:18:03,324 - __main__ - INFO - --- New Round Detected: 10 ---
[33mserver_1      |[0m INFO:werkzeug:172.18.0.21 - - [27/Jan/2026 13:18:03] "GET /download_model?round=10 HTTP/1.1" 200 -
[33mserver_1      |[0m INFO:__main__:--- Round 10 Acc: 15.37%, Loss: 2.8075 ---
[33mserver_1      |[0m INFO:__main__:--- Starting Round 11. Timeout: 300s ---
[33mserver_1      |[0m INFO:werkzeug:172.18.0.22 - - [27/Jan/2026 13:18:04] "POST /submit_update HTTP/1.1" 200 -
[34;1mclient_009_1  |[0m 2026-01-27 13:18:04,303 - __main__ - INFO - 🚀 Model update submitted successfully.
[34;1mclient_009_1  |[0m 2026-01-27 13:18:04,303 - __main__ - INFO - Update submitted for Round 10. Waiting...
[36;1mclient_005_1  |[0m 2026-01-27 13:18:05,972 - __main__ - INFO - --- New Round Detected: 11 ---
[33mserver_1      |[0m INFO:werkzeug:172.18.0.7 - - [27/Jan/2026 13:18:05] "GET /download_model?round=11 HTTP/1.1" 200 -
[35;1mclient_008_1  |[0m 2026-01-27 13:18:06,266 - __main__ - INFO - --- New Round Detected: 11 ---
[33mserver_1      |[0m INFO:werkzeug:172.18.0.18 - - [27/Jan/2026 13:18:06] "GET /download_model?round=11 HTTP/1.1" 200 -
[32mclient_002_1  |[0m 2026-01-27 13:18:06,687 - __main__ - INFO - --- New Round Detected: 11 ---
[33mserver_1      |[0m INFO:werkzeug:172.18.0.19 - - [27/Jan/2026 13:18:06] "GET /download_model?round=11 HTTP/1.1" 200 -
[33mclient_001_1  |[0m 2026-01-27 13:18:07,669 - __main__ - INFO - --- New Round Detected: 11 ---
[33mserver_1      |[0m INFO:werkzeug:172.18.0.20 - - [27/Jan/2026 13:18:07] "GET /download_model?round=11 HTTP/1.1" 200 -
[35;1mclient_008_1  |[0m 2026-01-27 13:18:07,790 - __main__ - INFO - Round 11 finished. Loss: 0.5685, Acc: 97.88%
[33mserver_1      |[0m INFO:__main__:Received update from client_008
[33mserver_1      |[0m INFO:werkzeug:172.18.0.18 - - [27/Jan/2026 13:18:07] "POST /submit_update HTTP/1.1" 200 -
[35;1mclient_008_1  |[0m 2026-01-27 13:18:07,929 - __main__ - INFO - 🚀 Model update submitted successfully.
[35;1mclient_008_1  |[0m 2026-01-27 13:18:07,929 - __main__ - INFO - Update submitted for Round 11. Waiting...
[36mclient_010_1  |[0m 2026-01-27 13:18:08,439 - __main__ - INFO - --- New Round Detected: 11 ---
[33mserver_1      |[0m INFO:werkzeug:172.18.0.17 - - [27/Jan/2026 13:18:08] "GET /download_model?round=11 HTTP/1.1" 200 -
[33mclient_001_1  |[0m 2026-01-27 13:18:08,524 - __main__ - INFO - Round 11 finished. Loss: 0.1590, Acc: 99.03%
[33mserver_1      |[0m INFO:__main__:Received update from client_001
[33mserver_1      |[0m INFO:werkzeug:172.18.0.20 - - [27/Jan/2026 13:18:08] "POST /submit_update HTTP/1.1" 200 -
[33mclient_001_1  |[0m 2026-01-27 13:18:08,659 - __main__ - INFO - 🚀 Model update submitted successfully.
[33mclient_001_1  |[0m 2026-01-27 13:18:08,659 - __main__ - INFO - Update submitted for Round 11. Waiting...
[36;1mclient_005_1  |[0m 2026-01-27 13:18:08,963 - __main__ - INFO - Round 11 finished. Loss: 0.8023, Acc: 92.26%
[32mclient_002_1  |[0m 2026-01-27 13:18:09,042 - __main__ - INFO - Round 11 finished. Loss: 0.4064, Acc: 90.81%
[33mserver_1      |[0m INFO:__main__:Received update from client_005
[33mserver_1      |[0m INFO:werkzeug:172.18.0.7 - - [27/Jan/2026 13:18:09] "POST /submit_update HTTP/1.1" 200 -
[36;1mclient_005_1  |[0m 2026-01-27 13:18:09,118 - __main__ - INFO - 🚀 Model update submitted successfully.
[36;1mclient_005_1  |[0m 2026-01-27 13:18:09,118 - __main__ - INFO - Update submitted for Round 11. Waiting...
[33mserver_1      |[0m INFO:__main__:Received update from client_002
[33mserver_1      |[0m INFO:werkzeug:172.18.0.19 - - [27/Jan/2026 13:18:09] "POST /submit_update HTTP/1.1" 200 -
[32mclient_002_1  |[0m 2026-01-27 13:18:09,177 - __main__ - INFO - 🚀 Model update submitted successfully.
[32mclient_002_1  |[0m 2026-01-27 13:18:09,177 - __main__ - INFO - Update submitted for Round 11. Waiting...
[36mclient_010_1  |[0m 2026-01-27 13:18:09,268 - __main__ - INFO - Round 11 finished. Loss: 0.1822, Acc: 97.91%
[33mserver_1      |[0m INFO:__main__:Received update from client_010
[33mserver_1      |[0m INFO:__main__:--- Aggregating 5 updates ---
[33mserver_1      |[0m INFO:__main__:⚡ Using Custom Aggregator with Drift Metric...
[33mserver_1      |[0m INFO:server.aggregator:Starting FedAvg aggregation for 5 clients.
[34mclient_004_1  |[0m 2026-01-27 13:18:09,574 - __main__ - INFO - Round 10 finished. Loss: 0.8468, Acc: 73.12%
[33mserver_1      |[0m INFO:werkzeug:172.18.0.21 - - [27/Jan/2026 13:18:09] "[31m[1mPOST /submit_update HTTP/1.1[0m" 400 -
[34mclient_004_1  |[0m 2026-01-27 13:18:09,637 - __main__ - ERROR - Update submission failed: {"error":"Not accepting updates"}
[34mclient_004_1  |[0m 
[34mclient_004_1  |[0m 2026-01-27 13:18:09,637 - __main__ - INFO - Update submitted for Round 10. Waiting...
[35mclient_003_1  |[0m 2026-01-27 13:18:10,951 - __main__ - INFO - Round 9 finished. Loss: 0.9408, Acc: 72.37%
[33mserver_1      |[0m INFO:werkzeug:172.18.0.6 - - [27/Jan/2026 13:18:10] "[31m[1mPOST /submit_update HTTP/1.1[0m" 400 -
[35mclient_003_1  |[0m 2026-01-27 13:18:11,015 - __main__ - ERROR - Update submission failed: {"error":"Not accepting updates"}
[35mclient_003_1  |[0m 
[35mclient_003_1  |[0m 2026-01-27 13:18:11,015 - __main__ - INFO - Update submitted for Round 9. Waiting...
[33mserver_1      |[0m INFO:server.aggregator:--- [METRIC] Weight Divergence: 0.8192
[33mserver_1      |[0m INFO:server.aggregator:FedAvg aggregation complete.
[33mserver_1      |[0m INFO:__main__:Aggregation complete.
[33mserver_1      |[0m ⏱️ [TIME] Client client_008 finished training in 1.39s
[33mserver_1      |[0m ⏱️ [TIME] Client client_001 finished training in 0.73s
[33mserver_1      |[0m ⏱️ [TIME] Client client_005 finished training in 2.86s
[33mserver_1      |[0m ⏱️ [TIME] Client client_002 finished training in 2.22s
[33mserver_1      |[0m ⏱️ [TIME] Client client_010 finished training in 0.70s
[33mserver_1      |[0m DEBUG: ⚠️ MY CUSTOM AGGREGATOR IS RUNNING ⚠️
[33;1mclient_006_1  |[0m 2026-01-27 13:18:11,259 - __main__ - INFO - --- New Round Detected: 11 ---
[33mserver_1      |[0m INFO:werkzeug:172.18.0.5 - - [27/Jan/2026 13:18:11] "GET /download_model?round=11 HTTP/1.1" 200 -
[33;1mclient_006_1  |[0m 2026-01-27 13:18:11,443 - __main__ - INFO - Round 11 finished. Loss: 1.7861, Acc: 28.57%
[33mserver_1      |[0m INFO:werkzeug:172.18.0.5 - - [27/Jan/2026 13:18:11] "[31m[1mPOST /submit_update HTTP/1.1[0m" 400 -
[33;1mclient_006_1  |[0m 2026-01-27 13:18:11,510 - __main__ - ERROR - Update submission failed: {"error":"Not accepting updates"}
[33;1mclient_006_1  |[0m 
[33;1mclient_006_1  |[0m 2026-01-27 13:18:11,510 - __main__ - INFO - Update submitted for Round 11. Waiting...
[32;1mclient_007_1  |[0m 2026-01-27 13:18:11,795 - __main__ - INFO - --- New Round Detected: 11 ---
[33mserver_1      |[0m INFO:werkzeug:172.18.0.8 - - [27/Jan/2026 13:18:11] "GET /download_model?round=11 HTTP/1.1" 200 -
[33mserver_1      |[0m INFO:__main__:--- Round 11 Acc: 30.44%, Loss: 2.1778 ---
[33mserver_1      |[0m INFO:__main__:--- Starting Round 12. Timeout: 300s ---
[33mserver_1      |[0m INFO:werkzeug:172.18.0.17 - - [27/Jan/2026 13:18:12] "POST /submit_update HTTP/1.1" 200 -
[32;1mclient_007_1  |[0m 2026-01-27 13:18:12,166 - __main__ - INFO - Round 11 finished. Loss: 1.6098, Acc: 58.79%
[36mclient_010_1  |[0m 2026-01-27 13:18:12,204 - __main__ - INFO - 🚀 Model update submitted successfully.
[36mclient_010_1  |[0m 2026-01-27 13:18:12,205 - __main__ - INFO - Update submitted for Round 11. Waiting...
[33mserver_1      |[0m INFO:__main__:Received update from client_007
[33mserver_1      |[0m INFO:werkzeug:172.18.0.8 - - [27/Jan/2026 13:18:12] "POST /submit_update HTTP/1.1" 200 -
[32;1mclient_007_1  |[0m 2026-01-27 13:18:12,301 - __main__ - INFO - 🚀 Model update submitted successfully.
[32;1mclient_007_1  |[0m 2026-01-27 13:18:12,301 - __main__ - INFO - Update submitted for Round 11. Waiting...
[34;1mclient_009_1  |[0m 2026-01-27 13:18:14,369 - __main__ - INFO - --- New Round Detected: 12 ---
[33mserver_1      |[0m INFO:werkzeug:172.18.0.22 - - [27/Jan/2026 13:18:14] "GET /download_model?round=12 HTTP/1.1" 200 -
[34;1mclient_009_1  |[0m 2026-01-27 13:18:16,800 - __main__ - INFO - Round 12 finished. Loss: 0.9771, Acc: 67.63%
[33mserver_1      |[0m INFO:__main__:Received update from client_009
[33mserver_1      |[0m INFO:werkzeug:172.18.0.22 - - [27/Jan/2026 13:18:16] "POST /submit_update HTTP/1.1" 200 -
[34;1mclient_009_1  |[0m 2026-01-27 13:18:16,934 - __main__ - INFO - 🚀 Model update submitted successfully.
[34;1mclient_009_1  |[0m 2026-01-27 13:18:16,934 - __main__ - INFO - Update submitted for Round 12. Waiting...
[35;1mclient_008_1  |[0m 2026-01-27 13:18:17,994 - __main__ - INFO - --- New Round Detected: 12 ---
[33mserver_1      |[0m INFO:werkzeug:172.18.0.18 - - [27/Jan/2026 13:18:18] "GET /download_model?round=12 HTTP/1.1" 200 -
[33mclient_001_1  |[0m 2026-01-27 13:18:18,742 - __main__ - INFO - --- New Round Detected: 12 ---
[33mserver_1      |[0m INFO:werkzeug:172.18.0.20 - - [27/Jan/2026 13:18:18] "GET /download_model?round=12 HTTP/1.1" 200 -
[36;1mclient_005_1  |[0m 2026-01-27 13:18:19,185 - __main__ - INFO - --- New Round Detected: 12 ---
[33mserver_1      |[0m INFO:werkzeug:172.18.0.7 - - [27/Jan/2026 13:18:19] "GET /download_model?round=12 HTTP/1.1" 200 -
[32mclient_002_1  |[0m 2026-01-27 13:18:19,238 - __main__ - INFO - --- New Round Detected: 12 ---
[33mserver_1      |[0m INFO:werkzeug:172.18.0.19 - - [27/Jan/2026 13:18:19] "GET /download_model?round=12 HTTP/1.1" 200 -
[33mclient_001_1  |[0m 2026-01-27 13:18:19,563 - __main__ - INFO - Round 12 finished. Loss: 0.2757, Acc: 98.38%
[33mserver_1      |[0m INFO:__main__:Received update from client_001
[33mserver_1      |[0m INFO:werkzeug:172.18.0.20 - - [27/Jan/2026 13:18:19] "POST /submit_update HTTP/1.1" 200 -
[33mclient_001_1  |[0m 2026-01-27 13:18:19,697 - __main__ - INFO - 🚀 Model update submitted successfully.
[33mclient_001_1  |[0m 2026-01-27 13:18:19,697 - __main__ - INFO - Update submitted for Round 12. Waiting...
[34mclient_004_1  |[0m 2026-01-27 13:18:19,700 - __main__ - INFO - --- New Round Detected: 12 ---
[33mserver_1      |[0m INFO:werkzeug:172.18.0.21 - - [27/Jan/2026 13:18:19] "GET /download_model?round=12 HTTP/1.1" 200 -
[35;1mclient_008_1  |[0m 2026-01-27 13:18:19,884 - __main__ - INFO - Round 12 finished. Loss: 0.3557, Acc: 97.88%
[33mserver_1      |[0m INFO:__main__:Received update from client_008
[33mserver_1      |[0m INFO:werkzeug:172.18.0.18 - - [27/Jan/2026 13:18:19] "POST /submit_update HTTP/1.1" 200 -
[35;1mclient_008_1  |[0m 2026-01-27 13:18:20,020 - __main__ - INFO - 🚀 Model update submitted successfully.
[35;1mclient_008_1  |[0m 2026-01-27 13:18:20,020 - __main__ - INFO - Update submitted for Round 12. Waiting...
[35mclient_003_1  |[0m 2026-01-27 13:18:21,077 - __main__ - INFO - --- New Round Detected: 12 ---
[33mserver_1      |[0m INFO:werkzeug:172.18.0.6 - - [27/Jan/2026 13:18:21] "GET /download_model?round=12 HTTP/1.1" 200 -
[32mclient_002_1  |[0m 2026-01-27 13:18:21,444 - __main__ - INFO - Round 12 finished. Loss: 0.5337, Acc: 90.22%
[33mserver_1      |[0m INFO:__main__:Received update from client_002
[33mserver_1      |[0m INFO:__main__:--- Aggregating 5 updates ---
[33mserver_1      |[0m INFO:__main__:⚡ Using Custom Aggregator with Drift Metric...
[33mserver_1      |[0m INFO:server.aggregator:Starting FedAvg aggregation for 5 clients.
[33;1mclient_006_1  |[0m 2026-01-27 13:18:21,572 - __main__ - INFO - --- New Round Detected: 12 ---
[33mserver_1      |[0m INFO:werkzeug:172.18.0.5 - - [27/Jan/2026 13:18:21] "GET /download_model?round=12 HTTP/1.1" 200 -
[33;1mclient_006_1  |[0m 2026-01-27 13:18:21,742 - __main__ - INFO - Round 12 finished. Loss: 1.7331, Acc: 35.71%
[33mserver_1      |[0m INFO:werkzeug:172.18.0.5 - - [27/Jan/2026 13:18:21] "[31m[1mPOST /submit_update HTTP/1.1[0m" 400 -
[33;1mclient_006_1  |[0m 2026-01-27 13:18:21,806 - __main__ - ERROR - Update submission failed: {"error":"Not accepting updates"}
[33;1mclient_006_1  |[0m 
[33;1mclient_006_1  |[0m 2026-01-27 13:18:21,806 - __main__ - INFO - Update submitted for Round 12. Waiting...
[36;1mclient_005_1  |[0m 2026-01-27 13:18:21,999 - __main__ - INFO - Round 12 finished. Loss: 0.4410, Acc: 92.76%
[33mserver_1      |[0m INFO:werkzeug:172.18.0.7 - - [27/Jan/2026 13:18:22] "[31m[1mPOST /submit_update HTTP/1.1[0m" 400 -
[36;1mclient_005_1  |[0m 2026-01-27 13:18:22,066 - __main__ - ERROR - Update submission failed: {"error":"Not accepting updates"}
[36;1mclient_005_1  |[0m 
[36;1mclient_005_1  |[0m 2026-01-27 13:18:22,066 - __main__ - INFO - Update submitted for Round 12. Waiting...
[36mclient_010_1  |[0m 2026-01-27 13:18:22,266 - __main__ - INFO - --- New Round Detected: 12 ---
[33mserver_1      |[0m INFO:werkzeug:172.18.0.17 - - [27/Jan/2026 13:18:22] "GET /download_model?round=12 HTTP/1.1" 200 -
[32;1mclient_007_1  |[0m 2026-01-27 13:18:22,378 - __main__ - INFO - --- New Round Detected: 12 ---
[33mserver_1      |[0m INFO:werkzeug:172.18.0.8 - - [27/Jan/2026 13:18:22] "GET /download_model?round=12 HTTP/1.1" 200 -
[32;1mclient_007_1  |[0m 2026-01-27 13:18:22,811 - __main__ - INFO - Round 12 finished. Loss: 1.3836, Acc: 57.69%
[36mclient_010_1  |[0m 2026-01-27 13:18:22,856 - __main__ - INFO - Round 12 finished. Loss: 0.3167, Acc: 97.91%
[33mserver_1      |[0m INFO:werkzeug:172.18.0.8 - - [27/Jan/2026 13:18:22] "[31m[1mPOST /submit_update HTTP/1.1[0m" 400 -
[33mserver_1      |[0m INFO:werkzeug:172.18.0.17 - - [27/Jan/2026 13:18:22] "[31m[1mPOST /submit_update HTTP/1.1[0m" 400 -
[32;1mclient_007_1  |[0m 2026-01-27 13:18:22,984 - __main__ - ERROR - Update submission failed: {"error":"Not accepting updates"}
[32;1mclient_007_1  |[0m 
[32;1mclient_007_1  |[0m 2026-01-27 13:18:22,985 - __main__ - INFO - Update submitted for Round 12. Waiting...
[36mclient_010_1  |[0m 2026-01-27 13:18:23,007 - __main__ - ERROR - Update submission failed: {"error":"Not accepting updates"}
[36mclient_010_1  |[0m 
[36mclient_010_1  |[0m 2026-01-27 13:18:23,007 - __main__ - INFO - Update submitted for Round 12. Waiting...
[33mserver_1      |[0m INFO:server.aggregator:--- [METRIC] Weight Divergence: 0.9823
[33mserver_1      |[0m INFO:server.aggregator:FedAvg aggregation complete.
[33mserver_1      |[0m INFO:__main__:Aggregation complete.
[33mserver_1      |[0m ⏱️ [TIME] Client client_007 finished training in 0.22s
[33mserver_1      |[0m ⏱️ [TIME] Client client_009 finished training in 2.30s
[33mserver_1      |[0m ⏱️ [TIME] Client client_001 finished training in 0.69s
[33mserver_1      |[0m ⏱️ [TIME] Client client_008 finished training in 1.76s
[33mserver_1      |[0m ⏱️ [TIME] Client client_002 finished training in 2.08s
[33mserver_1      |[0m DEBUG: ⚠️ MY CUSTOM AGGREGATOR IS RUNNING ⚠️
[33mserver_1      |[0m INFO:__main__:--- Round 12 Acc: 25.35%, Loss: 2.1928 ---
[33mserver_1      |[0m INFO:__main__:--- Starting Round 13. Timeout: 300s ---
[33mserver_1      |[0m INFO:werkzeug:172.18.0.19 - - [27/Jan/2026 13:18:24] "POST /submit_update HTTP/1.1" 200 -
[32mclient_002_1  |[0m 2026-01-27 13:18:24,256 - __main__ - INFO - 🚀 Model update submitted successfully.
[32mclient_002_1  |[0m 2026-01-27 13:18:24,256 - __main__ - INFO - Update submitted for Round 12. Waiting...
[34;1mclient_009_1  |[0m 2026-01-27 13:18:26,995 - __main__ - INFO - --- New Round Detected: 13 ---
[33mserver_1      |[0m INFO:werkzeug:172.18.0.22 - - [27/Jan/2026 13:18:27] "GET /download_model?round=13 HTTP/1.1" 200 -
[34mclient_004_1  |[0m 2026-01-27 13:18:27,818 - __main__ - INFO - Round 12 finished. Loss: 0.9737, Acc: 70.91%
[33mserver_1      |[0m INFO:__main__:Received update from client_004
[33mserver_1      |[0m INFO:werkzeug:172.18.0.21 - - [27/Jan/2026 13:18:27] "POST /submit_update HTTP/1.1" 200 -
[34mclient_004_1  |[0m 2026-01-27 13:18:27,953 - __main__ - INFO - 🚀 Model update submitted successfully.
[34mclient_004_1  |[0m 2026-01-27 13:18:27,953 - __main__ - INFO - Update submitted for Round 12. Waiting...
[33mclient_001_1  |[0m 2026-01-27 13:18:29,760 - __main__ - INFO - --- New Round Detected: 13 ---
[33mserver_1      |[0m INFO:werkzeug:172.18.0.20 - - [27/Jan/2026 13:18:29] "GET /download_model?round=13 HTTP/1.1" 200 -
[34;1mclient_009_1  |[0m 2026-01-27 13:18:29,894 - __main__ - INFO - Round 13 finished. Loss: 1.0915, Acc: 64.13%
[33mserver_1      |[0m INFO:__main__:Received update from client_009
[33mserver_1      |[0m INFO:werkzeug:172.18.0.22 - - [27/Jan/2026 13:18:29] "POST /submit_update HTTP/1.1" 200 -
[34;1mclient_009_1  |[0m 2026-01-27 13:18:30,029 - __main__ - INFO - 🚀 Model update submitted successfully.
[34;1mclient_009_1  |[0m 2026-01-27 13:18:30,029 - __main__ - INFO - Update submitted for Round 13. Waiting...
[35;1mclient_008_1  |[0m 2026-01-27 13:18:30,081 - __main__ - INFO - --- New Round Detected: 13 ---
[33mserver_1      |[0m INFO:werkzeug:172.18.0.18 - - [27/Jan/2026 13:18:30] "GET /download_model?round=13 HTTP/1.1" 200 -
[33mclient_001_1  |[0m 2026-01-27 13:18:30,571 - __main__ - INFO - Round 13 finished. Loss: 0.2376, Acc: 98.06%
[33mserver_1      |[0m INFO:__main__:Received update from client_001
[33mserver_1      |[0m INFO:werkzeug:172.18.0.20 - - [27/Jan/2026 13:18:30] "POST /submit_update HTTP/1.1" 200 -
[33mclient_001_1  |[0m 2026-01-27 13:18:30,710 - __main__ - INFO - 🚀 Model update submitted successfully.
[33mclient_001_1  |[0m 2026-01-27 13:18:30,711 - __main__ - INFO - Update submitted for Round 13. Waiting...
[35;1mclient_008_1  |[0m 2026-01-27 13:18:31,840 - __main__ - INFO - Round 13 finished. Loss: 0.2981, Acc: 97.93%
[33;1mclient_006_1  |[0m 2026-01-27 13:18:31,872 - __main__ - INFO - --- New Round Detected: 13 ---
[33mserver_1      |[0m INFO:werkzeug:172.18.0.5 - - [27/Jan/2026 13:18:31] "GET /download_model?round=13 HTTP/1.1" 200 -
[33mserver_1      |[0m INFO:__main__:Received update from client_008
[33mserver_1      |[0m INFO:werkzeug:172.18.0.18 - - [27/Jan/2026 13:18:31] "POST /submit_update HTTP/1.1" 200 -
[35;1mclient_008_1  |[0m 2026-01-27 13:18:31,975 - __main__ - INFO - 🚀 Model update submitted successfully.
[35;1mclient_008_1  |[0m 2026-01-27 13:18:31,975 - __main__ - INFO - Update submitted for Round 13. Waiting...
[33;1mclient_006_1  |[0m 2026-01-27 13:18:32,027 - __main__ - INFO - Round 13 finished. Loss: 1.5381, Acc: 35.71%
[36;1mclient_005_1  |[0m 2026-01-27 13:18:32,131 - __main__ - INFO - --- New Round Detected: 13 ---
[33mserver_1      |[0m INFO:__main__:Received update from client_006
[33mserver_1      |[0m INFO:__main__:--- Aggregating 5 updates ---
[33mserver_1      |[0m INFO:__main__:⚡ Using Custom Aggregator with Drift Metric...
[33mserver_1      |[0m INFO:server.aggregator:Starting FedAvg aggregation for 5 clients.
[33mserver_1      |[0m INFO:werkzeug:172.18.0.7 - - [27/Jan/2026 13:18:32] "GET /download_model?round=13 HTTP/1.1" 200 -
[32;1mclient_007_1  |[0m 2026-01-27 13:18:33,060 - __main__ - INFO - --- New Round Detected: 13 ---
[36mclient_010_1  |[0m 2026-01-27 13:18:33,069 - __main__ - INFO - --- New Round Detected: 13 ---
[33mserver_1      |[0m INFO:werkzeug:172.18.0.8 - - [27/Jan/2026 13:18:33] "GET /download_model?round=13 HTTP/1.1" 200 -
[33mserver_1      |[0m INFO:werkzeug:172.18.0.17 - - [27/Jan/2026 13:18:33] "GET /download_model?round=13 HTTP/1.1" 200 -
[32;1mclient_007_1  |[0m 2026-01-27 13:18:33,561 - __main__ - INFO - Round 13 finished. Loss: 1.3646, Acc: 61.17%
[33mserver_1      |[0m INFO:werkzeug:172.18.0.8 - - [27/Jan/2026 13:18:33] "[31m[1mPOST /submit_update HTTP/1.1[0m" 400 -
[32;1mclient_007_1  |[0m 2026-01-27 13:18:33,629 - __main__ - ERROR - Update submission failed: {"error":"Not accepting updates"}
[32;1mclient_007_1  |[0m 
[32;1mclient_007_1  |[0m 2026-01-27 13:18:33,629 - __main__ - INFO - Update submitted for Round 13. Waiting...
[33mserver_1      |[0m INFO:server.aggregator:--- [METRIC] Weight Divergence: 1.1637
[33mserver_1      |[0m INFO:server.aggregator:FedAvg aggregation complete.
[33mserver_1      |[0m INFO:__main__:Aggregation complete.
[33mserver_1      |[0m ⏱️ [TIME] Client client_004 finished training in 7.99s
[33mserver_1      |[0m ⏱️ [TIME] Client client_009 finished training in 2.77s
[33mserver_1      |[0m ⏱️ [TIME] Client client_001 finished training in 0.68s
[33mserver_1      |[0m ⏱️ [TIME] Client client_008 finished training in 1.63s
[33mserver_1      |[0m ⏱️ [TIME] Client client_006 finished training in 0.03s
[33mserver_1      |[0m DEBUG: ⚠️ MY CUSTOM AGGREGATOR IS RUNNING ⚠️
[36mclient_010_1  |[0m 2026-01-27 13:18:33,922 - __main__ - INFO - Round 13 finished. Loss: 0.2629, Acc: 97.91%
[33mserver_1      |[0m INFO:werkzeug:172.18.0.17 - - [27/Jan/2026 13:18:33] "[31m[1mPOST /submit_update HTTP/1.1[0m" 400 -
[36mclient_010_1  |[0m 2026-01-27 13:18:34,019 - __main__ - ERROR - Update submission failed: {"error":"Not accepting updates"}
[36mclient_010_1  |[0m 
[36mclient_010_1  |[0m 2026-01-27 13:18:34,019 - __main__ - INFO - Update submitted for Round 13. Waiting...
[36;1mclient_005_1  |[0m 2026-01-27 13:18:34,089 - __main__ - INFO - Round 13 finished. Loss: 0.5755, Acc: 92.57%
[33mserver_1      |[0m INFO:werkzeug:172.18.0.7 - - [27/Jan/2026 13:18:34] "[31m[1mPOST /submit_update HTTP/1.1[0m" 400 -
[36;1mclient_005_1  |[0m 2026-01-27 13:18:34,152 - __main__ - ERROR - Update submission failed: {"error":"Not accepting updates"}
[36;1mclient_005_1  |[0m 
[36;1mclient_005_1  |[0m 2026-01-27 13:18:34,152 - __main__ - INFO - Update submitted for Round 13. Waiting...
[32mclient_002_1  |[0m 2026-01-27 13:18:34,323 - __main__ - INFO - --- New Round Detected: 13 ---
[33mserver_1      |[0m INFO:werkzeug:172.18.0.19 - - [27/Jan/2026 13:18:34] "GET /download_model?round=13 HTTP/1.1" 200 -
[33mserver_1      |[0m INFO:__main__:--- Round 13 Acc: 33.50%, Loss: 2.0396 ---
[33mserver_1      |[0m INFO:__main__:--- Starting Round 14. Timeout: 300s ---
[33mserver_1      |[0m INFO:werkzeug:172.18.0.5 - - [27/Jan/2026 13:18:35] "POST /submit_update HTTP/1.1" 200 -
[33;1mclient_006_1  |[0m 2026-01-27 13:18:35,164 - __main__ - INFO - 🚀 Model update submitted successfully.
[33;1mclient_006_1  |[0m 2026-01-27 13:18:35,164 - __main__ - INFO - Update submitted for Round 13. Waiting...
[35mclient_003_1  |[0m 2026-01-27 13:18:36,235 - __main__ - INFO - Round 12 finished. Loss: 1.0948, Acc: 70.04%
[33mserver_1      |[0m INFO:__main__:Received update from client_003
[33mserver_1      |[0m INFO:werkzeug:172.18.0.6 - - [27/Jan/2026 13:18:36] "POST /submit_update HTTP/1.1" 200 -
[35mclient_003_1  |[0m 2026-01-27 13:18:36,370 - __main__ - INFO - 🚀 Model update submitted successfully.
[35mclient_003_1  |[0m 2026-01-27 13:18:36,370 - __main__ - INFO - Update submitted for Round 12. Waiting...
[32mclient_002_1  |[0m 2026-01-27 13:18:36,503 - __main__ - INFO - Round 13 finished. Loss: 0.4468, Acc: 92.00%
[33mserver_1      |[0m INFO:__main__:Received update from client_002
[33mserver_1      |[0m INFO:werkzeug:172.18.0.19 - - [27/Jan/2026 13:18:36] "POST /submit_update HTTP/1.1" 200 -
[32mclient_002_1  |[0m 2026-01-27 13:18:36,640 - __main__ - INFO - 🚀 Model update submitted successfully.
[32mclient_002_1  |[0m 2026-01-27 13:18:36,640 - __main__ - INFO - Update submitted for Round 13. Waiting...
[34mclient_004_1  |[0m 2026-01-27 13:18:38,024 - __main__ - INFO - --- New Round Detected: 14 ---
[33mserver_1      |[0m INFO:werkzeug:172.18.0.21 - - [27/Jan/2026 13:18:38] "GET /download_model?round=14 HTTP/1.1" 200 -
[34;1mclient_009_1  |[0m 2026-01-27 13:18:40,092 - __main__ - INFO - --- New Round Detected: 14 ---
[33mserver_1      |[0m INFO:werkzeug:172.18.0.22 - - [27/Jan/2026 13:18:40] "GET /download_model?round=14 HTTP/1.1" 200 -
[33mclient_001_1  |[0m 2026-01-27 13:18:40,772 - __main__ - INFO - --- New Round Detected: 14 ---
[33mserver_1      |[0m INFO:werkzeug:172.18.0.20 - - [27/Jan/2026 13:18:40] "GET /download_model?round=14 HTTP/1.1" 200 -
[33mclient_001_1  |[0m 2026-01-27 13:18:41,582 - __main__ - INFO - Round 14 finished. Loss: 0.2831, Acc: 98.71%
[33mserver_1      |[0m INFO:__main__:Received update from client_001
[33mserver_1      |[0m INFO:werkzeug:172.18.0.20 - - [27/Jan/2026 13:18:41] "POST /submit_update HTTP/1.1" 200 -
[33mclient_001_1  |[0m 2026-01-27 13:18:41,720 - __main__ - INFO - 🚀 Model update submitted successfully.
[33mclient_001_1  |[0m 2026-01-27 13:18:41,720 - __main__ - INFO - Update submitted for Round 14. Waiting...
[34;1mclient_009_1  |[0m 2026-01-27 13:18:41,827 - __main__ - INFO - Round 14 finished. Loss: 0.8714, Acc: 69.81%
[33mserver_1      |[0m INFO:__main__:Received update from client_009
[33mserver_1      |[0m INFO:werkzeug:172.18.0.22 - - [27/Jan/2026 13:18:41] "POST /submit_update HTTP/1.1" 200 -
[34;1mclient_009_1  |[0m 2026-01-27 13:18:41,961 - __main__ - INFO - 🚀 Model update submitted successfully.
[34;1mclient_009_1  |[0m 2026-01-27 13:18:41,961 - __main__ - INFO - Update submitted for Round 14. Waiting...
[35;1mclient_008_1  |[0m 2026-01-27 13:18:42,039 - __main__ - INFO - --- New Round Detected: 14 ---
[33mserver_1      |[0m INFO:werkzeug:172.18.0.18 - - [27/Jan/2026 13:18:42] "GET /download_model?round=14 HTTP/1.1" 200 -
[32;1mclient_007_1  |[0m 2026-01-27 13:18:43,696 - __main__ - INFO - --- New Round Detected: 14 ---
[33mserver_1      |[0m INFO:werkzeug:172.18.0.8 - - [27/Jan/2026 13:18:43] "GET /download_model?round=14 HTTP/1.1" 200 -
[35;1mclient_008_1  |[0m 2026-01-27 13:18:43,907 - __main__ - INFO - Round 14 finished. Loss: 0.3263, Acc: 97.78%
[33mserver_1      |[0m INFO:__main__:Received update from client_008
[33mserver_1      |[0m INFO:__main__:--- Aggregating 5 updates ---
[33mserver_1      |[0m INFO:__main__:⚡ Using Custom Aggregator with Drift Metric...
[33mserver_1      |[0m INFO:server.aggregator:Starting FedAvg aggregation for 5 clients.
[36mclient_010_1  |[0m 2026-01-27 13:18:44,089 - __main__ - INFO - --- New Round Detected: 14 ---
[33mserver_1      |[0m INFO:werkzeug:172.18.0.17 - - [27/Jan/2026 13:18:44] "GET /download_model?round=14 HTTP/1.1" 200 -
[32;1mclient_007_1  |[0m 2026-01-27 13:18:44,145 - __main__ - INFO - Round 14 finished. Loss: 1.3539, Acc: 60.62%
[33mserver_1      |[0m INFO:werkzeug:172.18.0.8 - - [27/Jan/2026 13:18:44] "[31m[1mPOST /submit_update HTTP/1.1[0m" 400 -
[36;1mclient_005_1  |[0m 2026-01-27 13:18:44,213 - __main__ - INFO - --- New Round Detected: 14 ---
[32;1mclient_007_1  |[0m 2026-01-27 13:18:44,218 - __main__ - ERROR - Update submission failed: {"error":"Not accepting updates"}
[32;1mclient_007_1  |[0m 
[32;1mclient_007_1  |[0m 2026-01-27 13:18:44,218 - __main__ - INFO - Update submitted for Round 14. Waiting...
[33mserver_1      |[0m INFO:werkzeug:172.18.0.7 - - [27/Jan/2026 13:18:44] "GET /download_model?round=14 HTTP/1.1" 200 -
[36mclient_010_1  |[0m 2026-01-27 13:18:44,912 - __main__ - INFO - Round 14 finished. Loss: 0.3195, Acc: 97.91%
[33mserver_1      |[0m INFO:werkzeug:172.18.0.17 - - [27/Jan/2026 13:18:44] "[31m[1mPOST /submit_update HTTP/1.1[0m" 400 -
[36mclient_010_1  |[0m 2026-01-27 13:18:44,976 - __main__ - ERROR - Update submission failed: {"error":"Not accepting updates"}
[36mclient_010_1  |[0m 
[36mclient_010_1  |[0m 2026-01-27 13:18:44,976 - __main__ - INFO - Update submitted for Round 14. Waiting...
[33;1mclient_006_1  |[0m 2026-01-27 13:18:45,328 - __main__ - INFO - --- New Round Detected: 14 ---
[33mserver_1      |[0m INFO:werkzeug:172.18.0.5 - - [27/Jan/2026 13:18:45] "GET /download_model?round=14 HTTP/1.1" 200 -
[33;1mclient_006_1  |[0m 2026-01-27 13:18:45,479 - __main__ - INFO - Round 14 finished. Loss: 1.2308, Acc: 42.86%
[33mserver_1      |[0m INFO:werkzeug:172.18.0.5 - - [27/Jan/2026 13:18:45] "[31m[1mPOST /submit_update HTTP/1.1[0m" 400 -
[33;1mclient_006_1  |[0m 2026-01-27 13:18:45,543 - __main__ - ERROR - Update submission failed: {"error":"Not accepting updates"}
[33;1mclient_006_1  |[0m 
[33;1mclient_006_1  |[0m 2026-01-27 13:18:45,543 - __main__ - INFO - Update submitted for Round 14. Waiting...
[33mserver_1      |[0m INFO:server.aggregator:--- [METRIC] Weight Divergence: 1.8267
[33mserver_1      |[0m INFO:server.aggregator:FedAvg aggregation complete.
[33mserver_1      |[0m INFO:__main__:Aggregation complete.
[33mserver_1      |[0m ⏱️ [TIME] Client client_003 finished training in 15.03s
[33mserver_1      |[0m ⏱️ [TIME] Client client_002 finished training in 2.05s
[33mserver_1      |[0m ⏱️ [TIME] Client client_001 finished training in 0.68s
[33mserver_1      |[0m ⏱️ [TIME] Client client_009 finished training in 1.59s
[33mserver_1      |[0m ⏱️ [TIME] Client client_008 finished training in 1.72s
[33mserver_1      |[0m DEBUG: ⚠️ MY CUSTOM AGGREGATOR IS RUNNING ⚠️
[34mclient_004_1  |[0m 2026-01-27 13:18:46,235 - __main__ - INFO - Round 14 finished. Loss: 0.8662, Acc: 73.99%
[33mserver_1      |[0m INFO:werkzeug:172.18.0.21 - - [27/Jan/2026 13:18:46] "[31m[1mPOST /submit_update HTTP/1.1[0m" 400 -
[34mclient_004_1  |[0m 2026-01-27 13:18:46,301 - __main__ - ERROR - Update submission failed: {"error":"Not accepting updates"}
[34mclient_004_1  |[0m 
[34mclient_004_1  |[0m 2026-01-27 13:18:46,301 - __main__ - INFO - Update submitted for Round 14. Waiting...
[35mclient_003_1  |[0m 2026-01-27 13:18:46,434 - __main__ - INFO - --- New Round Detected: 14 ---
[33mserver_1      |[0m INFO:werkzeug:172.18.0.6 - - [27/Jan/2026 13:18:46] "GET /download_model?round=14 HTTP/1.1" 200 -
[32mclient_002_1  |[0m 2026-01-27 13:18:46,704 - __main__ - INFO - --- New Round Detected: 14 ---
[33mserver_1      |[0m INFO:werkzeug:172.18.0.19 - - [27/Jan/2026 13:18:46] "GET /download_model?round=14 HTTP/1.1" 200 -
[36;1mclient_005_1  |[0m 2026-01-27 13:18:46,983 - __main__ - INFO - Round 14 finished. Loss: 0.5622, Acc: 92.26%
[33mserver_1      |[0m INFO:werkzeug:172.18.0.7 - - [27/Jan/2026 13:18:47] "[31m[1mPOST /submit_update HTTP/1.1[0m" 400 -
[36;1mclient_005_1  |[0m 2026-01-27 13:18:47,046 - __main__ - ERROR - Update submission failed: {"error":"Not accepting updates"}
[36;1mclient_005_1  |[0m 
[36;1mclient_005_1  |[0m 2026-01-27 13:18:47,049 - __main__ - INFO - Update submitted for Round 14. Waiting...
[33mserver_1      |[0m INFO:__main__:--- Round 14 Acc: 35.08%, Loss: 1.8707 ---
[33mserver_1      |[0m INFO:__main__:--- Starting Round 15. Timeout: 300s ---
[33mserver_1      |[0m INFO:werkzeug:172.18.0.18 - - [27/Jan/2026 13:18:47] "POST /submit_update HTTP/1.1" 200 -
[35;1mclient_008_1  |[0m 2026-01-27 13:18:47,196 - __main__ - INFO - 🚀 Model update submitted successfully.
[35;1mclient_008_1  |[0m 2026-01-27 13:18:47,196 - __main__ - INFO - Update submitted for Round 14. Waiting...
[32mclient_002_1  |[0m 2026-01-27 13:18:48,996 - __main__ - INFO - Round 14 finished. Loss: 0.4780, Acc: 92.09%
[33mserver_1      |[0m INFO:__main__:Received update from client_002
[33mserver_1      |[0m INFO:werkzeug:172.18.0.19 - - [27/Jan/2026 13:18:49] "POST /submit_update HTTP/1.1" 200 -
[32mclient_002_1  |[0m 2026-01-27 13:18:49,133 - __main__ - INFO - 🚀 Model update submitted successfully.
[32mclient_002_1  |[0m 2026-01-27 13:18:49,133 - __main__ - INFO - Update submitted for Round 14. Waiting...
[33mclient_001_1  |[0m 2026-01-27 13:18:51,810 - __main__ - INFO - --- New Round Detected: 15 ---
[33mserver_1      |[0m INFO:werkzeug:172.18.0.20 - - [27/Jan/2026 13:18:51] "GET /download_model?round=15 HTTP/1.1" 200 -
[34;1mclient_009_1  |[0m 2026-01-27 13:18:52,022 - __main__ - INFO - --- New Round Detected: 15 ---
[33mserver_1      |[0m INFO:werkzeug:172.18.0.22 - - [27/Jan/2026 13:18:52] "GET /download_model?round=15 HTTP/1.1" 200 -
[33mclient_001_1  |[0m 2026-01-27 13:18:52,644 - __main__ - INFO - Round 15 finished. Loss: 0.3283, Acc: 98.38%
[33mserver_1      |[0m INFO:__main__:Received update from client_001
[33mserver_1      |[0m INFO:werkzeug:172.18.0.20 - - [27/Jan/2026 13:18:52] "POST /submit_update HTTP/1.1" 200 -
[33mclient_001_1  |[0m 2026-01-27 13:18:52,779 - __main__ - INFO - 🚀 Model update submitted successfully.
[33mclient_001_1  |[0m 2026-01-27 13:18:52,779 - __main__ - INFO - Update submitted for Round 15. Waiting...
[34;1mclient_009_1  |[0m 2026-01-27 13:18:53,696 - __main__ - INFO - Round 15 finished. Loss: 1.0073, Acc: 67.55%
[33mserver_1      |[0m INFO:__main__:Received update from client_009
[33mserver_1      |[0m INFO:werkzeug:172.18.0.22 - - [27/Jan/2026 13:18:53] "POST /submit_update HTTP/1.1" 200 -
[34;1mclient_009_1  |[0m 2026-01-27 13:18:53,831 - __main__ - INFO - 🚀 Model update submitted successfully.
[34;1mclient_009_1  |[0m 2026-01-27 13:18:53,831 - __main__ - INFO - Update submitted for Round 15. Waiting...
[32;1mclient_007_1  |[0m 2026-01-27 13:18:54,288 - __main__ - INFO - --- New Round Detected: 15 ---
[33mserver_1      |[0m INFO:werkzeug:172.18.0.8 - - [27/Jan/2026 13:18:54] "GET /download_model?round=15 HTTP/1.1" 200 -
[32;1mclient_007_1  |[0m 2026-01-27 13:18:54,935 - __main__ - INFO - Round 15 finished. Loss: 1.3084, Acc: 64.10%
[33mserver_1      |[0m INFO:__main__:Received update from client_007
[36mclient_010_1  |[0m 2026-01-27 13:18:55,042 - __main__ - INFO - --- New Round Detected: 15 ---
[33mserver_1      |[0m INFO:werkzeug:172.18.0.8 - - [27/Jan/2026 13:18:55] "POST /submit_update HTTP/1.1" 200 -
[33mserver_1      |[0m INFO:werkzeug:172.18.0.17 - - [27/Jan/2026 13:18:55] "GET /download_model?round=15 HTTP/1.1" 200 -
[32;1mclient_007_1  |[0m 2026-01-27 13:18:55,070 - __main__ - INFO - 🚀 Model update submitted successfully.
[32;1mclient_007_1  |[0m 2026-01-27 13:18:55,071 - __main__ - INFO - Update submitted for Round 15. Waiting...
[33;1mclient_006_1  |[0m 2026-01-27 13:18:55,634 - __main__ - INFO - --- New Round Detected: 15 ---
[33mserver_1      |[0m INFO:werkzeug:172.18.0.5 - - [27/Jan/2026 13:18:55] "GET /download_model?round=15 HTTP/1.1" 200 -
[33;1mclient_006_1  |[0m 2026-01-27 13:18:55,781 - __main__ - INFO - Round 15 finished. Loss: 1.1521, Acc: 71.43%
[36mclient_010_1  |[0m 2026-01-27 13:18:55,839 - __main__ - INFO - Round 15 finished. Loss: 0.3643, Acc: 97.91%
[33mserver_1      |[0m INFO:__main__:Received update from client_006
[33mserver_1      |[0m INFO:__main__:--- Aggregating 5 updates ---
[33mserver_1      |[0m INFO:__main__:⚡ Using Custom Aggregator with Drift Metric...
[33mserver_1      |[0m INFO:server.aggregator:Starting FedAvg aggregation for 5 clients.
[34mclient_004_1  |[0m 2026-01-27 13:18:56,373 - __main__ - INFO - --- New Round Detected: 15 ---
[33mserver_1      |[0m INFO:werkzeug:172.18.0.21 - - [27/Jan/2026 13:18:56] "GET /download_model?round=15 HTTP/1.1" 200 -
[36;1mclient_005_1  |[0m 2026-01-27 13:18:57,263 - __main__ - INFO - --- New Round Detected: 15 ---
[35;1mclient_008_1  |[0m 2026-01-27 13:18:57,267 - __main__ - INFO - --- New Round Detected: 15 ---
[33mserver_1      |[0m INFO:werkzeug:172.18.0.7 - - [27/Jan/2026 13:18:57] "GET /download_model?round=15 HTTP/1.1" 200 -
[33mserver_1      |[0m INFO:werkzeug:172.18.0.18 - - [27/Jan/2026 13:18:57] "GET /download_model?round=15 HTTP/1.1" 200 -
[33mserver_1      |[0m INFO:server.aggregator:--- [METRIC] Weight Divergence: 1.1144
[33mserver_1      |[0m INFO:server.aggregator:FedAvg aggregation complete.
[33mserver_1      |[0m INFO:__main__:Aggregation complete.
[33mserver_1      |[0m ⏱️ [TIME] Client client_002 finished training in 2.16s
[33mserver_1      |[0m ⏱️ [TIME] Client client_001 finished training in 0.71s
[33mserver_1      |[0m ⏱️ [TIME] Client client_009 finished training in 1.54s
[33mserver_1      |[0m ⏱️ [TIME] Client client_007 finished training in 0.48s
[33mserver_1      |[0m ⏱️ [TIME] Client client_006 finished training in 0.02s
[33mserver_1      |[0m DEBUG: ⚠️ MY CUSTOM AGGREGATOR IS RUNNING ⚠️
[33mserver_1      |[0m ⏱️ [TIME] Client client_010 finished training in 0.67s
[33mserver_1      |[0m INFO:__main__:--- Round 15 Acc: 26.85%, Loss: 1.9465 ---
[33mserver_1      |[0m INFO:__main__:--- Starting Round 16. Timeout: 300s ---
[33mserver_1      |[0m INFO:__main__:Received update from client_010
[33mserver_1      |[0m INFO:werkzeug:172.18.0.5 - - [27/Jan/2026 13:18:58] "POST /submit_update HTTP/1.1" 200 -
[33mserver_1      |[0m INFO:werkzeug:172.18.0.17 - - [27/Jan/2026 13:18:58] "POST /submit_update HTTP/1.1" 200 -
[33;1mclient_006_1  |[0m 2026-01-27 13:18:58,651 - __main__ - INFO - 🚀 Model update submitted successfully.
[33;1mclient_006_1  |[0m 2026-01-27 13:18:58,651 - __main__ - INFO - Update submitted for Round 15. Waiting...
[36mclient_010_1  |[0m 2026-01-27 13:18:58,652 - __main__ - INFO - 🚀 Model update submitted successfully.
[36mclient_010_1  |[0m 2026-01-27 13:18:58,652 - __main__ - INFO - Update submitted for Round 15. Waiting...
[36;1mclient_005_1  |[0m 2026-01-27 13:18:59,005 - __main__ - INFO - Round 15 finished. Loss: 0.5912, Acc: 92.70%
[35;1mclient_008_1  |[0m 2026-01-27 13:18:59,124 - __main__ - INFO - Round 15 finished. Loss: 0.2338, Acc: 98.13%
[33mserver_1      |[0m INFO:__main__:Received update from client_005
[33mserver_1      |[0m INFO:werkzeug:172.18.0.7 - - [27/Jan/2026 13:18:59] "POST /submit_update HTTP/1.1" 200 -
[36;1mclient_005_1  |[0m 2026-01-27 13:18:59,161 - __main__ - INFO - 🚀 Model update submitted successfully.
[36;1mclient_005_1  |[0m 2026-01-27 13:18:59,161 - __main__ - INFO - Update submitted for Round 15. Waiting...
[32mclient_002_1  |[0m 2026-01-27 13:18:59,195 - __main__ - INFO - --- New Round Detected: 16 ---
[33mserver_1      |[0m INFO:werkzeug:172.18.0.19 - - [27/Jan/2026 13:18:59] "GET /download_model?round=16 HTTP/1.1" 200 -
[33mserver_1      |[0m INFO:__main__:Received update from client_008
[33mserver_1      |[0m INFO:werkzeug:172.18.0.18 - - [27/Jan/2026 13:18:59] "POST /submit_update HTTP/1.1" 200 -
[35;1mclient_008_1  |[0m 2026-01-27 13:18:59,262 - __main__ - INFO - 🚀 Model update submitted successfully.
[35;1mclient_008_1  |[0m 2026-01-27 13:18:59,262 - __main__ - INFO - Update submitted for Round 15. Waiting...
[32mclient_002_1  |[0m 2026-01-27 13:19:01,446 - __main__ - INFO - Round 16 finished. Loss: 0.4419, Acc: 91.90%
[33mserver_1      |[0m INFO:__main__:Received update from client_002
[33mserver_1      |[0m INFO:werkzeug:172.18.0.19 - - [27/Jan/2026 13:19:01] "POST /submit_update HTTP/1.1" 200 -
[32mclient_002_1  |[0m 2026-01-27 13:19:01,583 - __main__ - INFO - 🚀 Model update submitted successfully.
[32mclient_002_1  |[0m 2026-01-27 13:19:01,583 - __main__ - INFO - Update submitted for Round 16. Waiting...
[33mclient_001_1  |[0m 2026-01-27 13:19:02,863 - __main__ - INFO - --- New Round Detected: 16 ---
[33mserver_1      |[0m INFO:werkzeug:172.18.0.20 - - [27/Jan/2026 13:19:02] "GET /download_model?round=16 HTTP/1.1" 200 -
[35mclient_003_1  |[0m 2026-01-27 13:19:03,391 - __main__ - INFO - Round 14 finished. Loss: 1.1422, Acc: 67.59%
[33mclient_001_1  |[0m 2026-01-27 13:19:03,497 - __main__ - INFO - Round 16 finished. Loss: 0.2380, Acc: 98.38%
[33mserver_1      |[0m INFO:__main__:Received update from client_003
[33mserver_1      |[0m INFO:__main__:--- Aggregating 5 updates ---
[33mserver_1      |[0m INFO:__main__:⚡ Using Custom Aggregator with Drift Metric...
[33mserver_1      |[0m INFO:server.aggregator:Starting FedAvg aggregation for 5 clients.
[33mserver_1      |[0m INFO:werkzeug:172.18.0.20 - - [27/Jan/2026 13:19:03] "[31m[1mPOST /submit_update HTTP/1.1[0m" 400 -
[33mclient_001_1  |[0m 2026-01-27 13:19:03,562 - __main__ - ERROR - Update submission failed: {"error":"Not accepting updates"}
[33mclient_001_1  |[0m 
[33mclient_001_1  |[0m 2026-01-27 13:19:03,562 - __main__ - INFO - Update submitted for Round 16. Waiting...
[34;1mclient_009_1  |[0m 2026-01-27 13:19:03,898 - __main__ - INFO - --- New Round Detected: 16 ---
[33mserver_1      |[0m INFO:werkzeug:172.18.0.22 - - [27/Jan/2026 13:19:03] "GET /download_model?round=16 HTTP/1.1" 200 -
[33mclient_011_1  |[0m 2026-01-27 13:19:03,964 - __main__ - INFO - Round 0 finished. Loss: 1.5916, Acc: 38.85%
[33mserver_1      |[0m INFO:werkzeug:172.18.0.13 - - [27/Jan/2026 13:19:04] "[31m[1mPOST /submit_update HTTP/1.1[0m" 400 -
[33mclient_011_1  |[0m 2026-01-27 13:19:04,577 - __main__ - ERROR - Update submission failed: {"error":"Not accepting updates"}
[33mclient_011_1  |[0m 
[33mclient_011_1  |[0m 2026-01-27 13:19:04,578 - __main__ - INFO - Update submitted for Round 0. Waiting...
[34mclient_004_1  |[0m 2026-01-27 13:19:04,640 - __main__ - INFO - Round 15 finished. Loss: 0.9783, Acc: 72.60%
[33mserver_1      |[0m INFO:werkzeug:172.18.0.21 - - [27/Jan/2026 13:19:04] "[31m[1mPOST /submit_update HTTP/1.1[0m" 400 -
[34mclient_004_1  |[0m 2026-01-27 13:19:04,713 - __main__ - ERROR - Update submission failed: {"error":"Not accepting updates"}
[34mclient_004_1  |[0m 
[34mclient_004_1  |[0m 2026-01-27 13:19:04,713 - __main__ - INFO - Update submitted for Round 15. Waiting...
[33mserver_1      |[0m INFO:server.aggregator:--- [METRIC] Weight Divergence: 1.6549
[33mserver_1      |[0m INFO:server.aggregator:FedAvg aggregation complete.
[33mserver_1      |[0m INFO:__main__:Aggregation complete.
[33mserver_1      |[0m ⏱️ [TIME] Client client_005 finished training in 1.61s
[33mserver_1      |[0m ⏱️ [TIME] Client client_008 finished training in 1.72s
[33mserver_1      |[0m ⏱️ [TIME] Client client_002 finished training in 2.12s
[33mserver_1      |[0m ⏱️ [TIME] Client client_003 finished training in 16.82s
[33mserver_1      |[0m DEBUG: ⚠️ MY CUSTOM AGGREGATOR IS RUNNING ⚠️
[32;1mclient_007_1  |[0m 2026-01-27 13:19:05,135 - __main__ - INFO - --- New Round Detected: 16 ---
[33mserver_1      |[0m INFO:werkzeug:172.18.0.8 - - [27/Jan/2026 13:19:05] "GET /download_model?round=16 HTTP/1.1" 200 -
[34;1mclient_009_1  |[0m 2026-01-27 13:19:05,606 - __main__ - INFO - Round 16 finished. Loss: 0.8613, Acc: 69.78%
[33mserver_1      |[0m INFO:werkzeug:172.18.0.22 - - [27/Jan/2026 13:19:05] "[31m[1mPOST /submit_update HTTP/1.1[0m" 400 -
[34;1mclient_009_1  |[0m 2026-01-27 13:19:05,669 - __main__ - ERROR - Update submission failed: {"error":"Not accepting updates"}
[34;1mclient_009_1  |[0m 
[34;1mclient_009_1  |[0m 2026-01-27 13:19:05,669 - __main__ - INFO - Update submitted for Round 16. Waiting...
[32;1mclient_007_1  |[0m 2026-01-27 13:19:05,709 - __main__ - INFO - Round 16 finished. Loss: 1.1720, Acc: 60.26%
[33mserver_1      |[0m INFO:werkzeug:172.18.0.8 - - [27/Jan/2026 13:19:05] "[31m[1mPOST /submit_update HTTP/1.1[0m" 400 -
[32;1mclient_007_1  |[0m 2026-01-27 13:19:05,774 - __main__ - ERROR - Update submission failed: {"error":"Not accepting updates"}
[32;1mclient_007_1  |[0m 
[32;1mclient_007_1  |[0m 2026-01-27 13:19:05,774 - __main__ - INFO - Update submitted for Round 16. Waiting...
[33mserver_1      |[0m INFO:__main__:--- Round 16 Acc: 41.78%, Loss: 1.7397 ---
[33mserver_1      |[0m INFO:__main__:--- Starting Round 17. Timeout: 300s ---
[33mserver_1      |[0m INFO:werkzeug:172.18.0.6 - - [27/Jan/2026 13:19:05] "POST /submit_update HTTP/1.1" 200 -
[35mclient_003_1  |[0m 2026-01-27 13:19:06,014 - __main__ - INFO - 🚀 Model update submitted successfully.
[35mclient_003_1  |[0m 2026-01-27 13:19:06,014 - __main__ - INFO - Update submitted for Round 14. Waiting...
[33;1mclient_006_1  |[0m 2026-01-27 13:19:08,720 - __main__ - INFO - --- New Round Detected: 17 ---
[36mclient_010_1  |[0m 2026-01-27 13:19:08,723 - __main__ - INFO - --- New Round Detected: 17 ---
[33mserver_1      |[0m INFO:werkzeug:172.18.0.5 - - [27/Jan/2026 13:19:08] "GET /download_model?round=17 HTTP/1.1" 200 -
[33mserver_1      |[0m INFO:werkzeug:172.18.0.17 - - [27/Jan/2026 13:19:08] "GET /download_model?round=17 HTTP/1.1" 200 -
[33;1mclient_006_1  |[0m 2026-01-27 13:19:08,869 - __main__ - INFO - Round 17 finished. Loss: 1.2262, Acc: 78.57%
[33mserver_1      |[0m INFO:__main__:Received update from client_006
[33mserver_1      |[0m INFO:werkzeug:172.18.0.5 - - [27/Jan/2026 13:19:08] "POST /submit_update HTTP/1.1" 200 -
[33;1mclient_006_1  |[0m 2026-01-27 13:19:09,004 - __main__ - INFO - 🚀 Model update submitted successfully.
[33;1mclient_006_1  |[0m 2026-01-27 13:19:09,004 - __main__ - INFO - Update submitted for Round 17. Waiting...
[36;1mclient_005_1  |[0m 2026-01-27 13:19:09,222 - __main__ - INFO - --- New Round Detected: 17 ---
[33mserver_1      |[0m INFO:werkzeug:172.18.0.7 - - [27/Jan/2026 13:19:09] "GET /download_model?round=17 HTTP/1.1" 200 -
[35;1mclient_008_1  |[0m 2026-01-27 13:19:09,323 - __main__ - INFO - --- New Round Detected: 17 ---
[33mserver_1      |[0m INFO:werkzeug:172.18.0.18 - - [27/Jan/2026 13:19:09] "GET /download_model?round=17 HTTP/1.1" 200 -
[36mclient_010_1  |[0m 2026-01-27 13:19:09,504 - __main__ - INFO - Round 17 finished. Loss: 0.3829, Acc: 97.79%
[33mserver_1      |[0m INFO:__main__:Received update from client_010
[33mserver_1      |[0m INFO:werkzeug:172.18.0.17 - - [27/Jan/2026 13:19:09] "POST /submit_update HTTP/1.1" 200 -
[36mclient_010_1  |[0m 2026-01-27 13:19:09,639 - __main__ - INFO - 🚀 Model update submitted successfully.
[36mclient_010_1  |[0m 2026-01-27 13:19:09,639 - __main__ - INFO - Update submitted for Round 17. Waiting...
[35;1mclient_008_1  |[0m 2026-01-27 13:19:11,102 - __main__ - INFO - Round 17 finished. Loss: 0.2904, Acc: 98.13%
[36;1mclient_005_1  |[0m 2026-01-27 13:19:11,192 - __main__ - INFO - Round 17 finished. Loss: 0.4748, Acc: 92.64%
[33mserver_1      |[0m INFO:__main__:Received update from client_008
[33mserver_1      |[0m INFO:werkzeug:172.18.0.18 - - [27/Jan/2026 13:19:11] "POST /submit_update HTTP/1.1" 200 -
[35;1mclient_008_1  |[0m 2026-01-27 13:19:11,241 - __main__ - INFO - 🚀 Model update submitted successfully.
[35;1mclient_008_1  |[0m 2026-01-27 13:19:11,241 - __main__ - INFO - Update submitted for Round 17. Waiting...
[33mserver_1      |[0m INFO:__main__:Received update from client_005
[33mserver_1      |[0m INFO:werkzeug:172.18.0.7 - - [27/Jan/2026 13:19:11] "POST /submit_update HTTP/1.1" 200 -
[36;1mclient_005_1  |[0m 2026-01-27 13:19:11,324 - __main__ - INFO - 🚀 Model update submitted successfully.
[36;1mclient_005_1  |[0m 2026-01-27 13:19:11,324 - __main__ - INFO - Update submitted for Round 17. Waiting...
[32mclient_002_1  |[0m 2026-01-27 13:19:11,656 - __main__ - INFO - --- New Round Detected: 17 ---
[33mserver_1      |[0m INFO:werkzeug:172.18.0.19 - - [27/Jan/2026 13:19:11] "GET /download_model?round=17 HTTP/1.1" 200 -
[33mclient_001_1  |[0m 2026-01-27 13:19:13,646 - __main__ - INFO - --- New Round Detected: 17 ---
[33mserver_1      |[0m INFO:werkzeug:172.18.0.20 - - [27/Jan/2026 13:19:13] "GET /download_model?round=17 HTTP/1.1" 200 -
[32mclient_002_1  |[0m 2026-01-27 13:19:13,795 - __main__ - INFO - Round 17 finished. Loss: 0.6266, Acc: 89.23%
[33mserver_1      |[0m INFO:__main__:Received update from client_002
[33mserver_1      |[0m INFO:__main__:--- Aggregating 5 updates ---
[33mserver_1      |[0m INFO:__main__:⚡ Using Custom Aggregator with Drift Metric...
[33mserver_1      |[0m INFO:server.aggregator:Starting FedAvg aggregation for 5 clients.
[33mclient_001_1  |[0m 2026-01-27 13:19:14,405 - __main__ - INFO - Round 17 finished. Loss: 0.3496, Acc: 99.03%
[33mserver_1      |[0m INFO:werkzeug:172.18.0.20 - - [27/Jan/2026 13:19:14] "[31m[1mPOST /submit_update HTTP/1.1[0m" 400 -
[33mclient_001_1  |[0m 2026-01-27 13:19:14,469 - __main__ - ERROR - Update submission failed: {"error":"Not accepting updates"}
[33mclient_001_1  |[0m 
[33mclient_001_1  |[0m 2026-01-27 13:19:14,469 - __main__ - INFO - Update submitted for Round 17. Waiting...
[34mclient_004_1  |[0m 2026-01-27 13:19:14,781 - __main__ - INFO - --- New Round Detected: 17 ---
[33mserver_1      |[0m INFO:werkzeug:172.18.0.21 - - [27/Jan/2026 13:19:14] "GET /download_model?round=17 HTTP/1.1" 200 -
[33mclient_011_1  |[0m 2026-01-27 13:19:15,008 - __main__ - INFO - --- New Round Detected: 17 ---
[33mserver_1      |[0m INFO:server.aggregator:--- [METRIC] Weight Divergence: 0.7670
[33mserver_1      |[0m INFO:server.aggregator:FedAvg aggregation complete.
[33mserver_1      |[0m INFO:__main__:Aggregation complete.
[33mserver_1      |[0m INFO:werkzeug:172.18.0.13 - - [27/Jan/2026 13:19:15] "GET /download_model?round=17 HTTP/1.1" 200 -
[33mserver_1      |[0m ⏱️ [TIME] Client client_006 finished training in 0.02s
[33mserver_1      |[0m ⏱️ [TIME] Client client_010 finished training in 0.65s
[33mserver_1      |[0m ⏱️ [TIME] Client client_008 finished training in 1.65s
[33mserver_1      |[0m ⏱️ [TIME] Client client_005 finished training in 1.84s
[33mserver_1      |[0m ⏱️ [TIME] Client client_002 finished training in 2.01s
[33mserver_1      |[0m DEBUG: ⚠️ MY CUSTOM AGGREGATOR IS RUNNING ⚠️
[34;1mclient_009_1  |[0m 2026-01-27 13:19:15,732 - __main__ - INFO - --- New Round Detected: 17 ---
[33mserver_1      |[0m INFO:werkzeug:172.18.0.22 - - [27/Jan/2026 13:19:15] "GET /download_model?round=17 HTTP/1.1" 200 -
[32;1mclient_007_1  |[0m 2026-01-27 13:19:15,838 - __main__ - INFO - --- New Round Detected: 17 ---
[33mserver_1      |[0m INFO:werkzeug:172.18.0.8 - - [27/Jan/2026 13:19:15] "GET /download_model?round=17 HTTP/1.1" 200 -
[35mclient_003_1  |[0m 2026-01-27 13:19:16,094 - __main__ - INFO - --- New Round Detected: 17 ---
[33mserver_1      |[0m INFO:werkzeug:172.18.0.6 - - [27/Jan/2026 13:19:16] "GET /download_model?round=17 HTTP/1.1" 200 -
[33mserver_1      |[0m INFO:__main__:--- Round 17 Acc: 35.91%, Loss: 1.9277 ---
[33mserver_1      |[0m INFO:__main__:--- Starting Round 18. Timeout: 300s ---
[33mserver_1      |[0m INFO:werkzeug:172.18.0.19 - - [27/Jan/2026 13:19:16] "POST /submit_update HTTP/1.1" 200 -
[32mclient_002_1  |[0m 2026-01-27 13:19:16,423 - __main__ - INFO - 🚀 Model update submitted successfully.
[32mclient_002_1  |[0m 2026-01-27 13:19:16,424 - __main__ - INFO - Update submitted for Round 17. Waiting...
[32;1mclient_007_1  |[0m 2026-01-27 13:19:16,447 - __main__ - INFO - Round 17 finished. Loss: 1.2644, Acc: 60.99%
[33mserver_1      |[0m INFO:__main__:Received update from client_007
[33mserver_1      |[0m INFO:werkzeug:172.18.0.8 - - [27/Jan/2026 13:19:16] "POST /submit_update HTTP/1.1" 200 -
[32;1mclient_007_1  |[0m 2026-01-27 13:19:16,605 - __main__ - INFO - 🚀 Model update submitted successfully.
[32;1mclient_007_1  |[0m 2026-01-27 13:19:16,605 - __main__ - INFO - Update submitted for Round 17. Waiting...
[34;1mclient_009_1  |[0m 2026-01-27 13:19:18,877 - __main__ - INFO - Round 17 finished. Loss: 1.0036, Acc: 68.62%
[33mserver_1      |[0m INFO:__main__:Received update from client_009
[33mserver_1      |[0m INFO:werkzeug:172.18.0.22 - - [27/Jan/2026 13:19:18] "POST /submit_update HTTP/1.1" 200 -
[34;1mclient_009_1  |[0m 2026-01-27 13:19:19,012 - __main__ - INFO - 🚀 Model update submitted successfully.
[34;1mclient_009_1  |[0m 2026-01-27 13:19:19,012 - __main__ - INFO - Update submitted for Round 17. Waiting...
[33;1mclient_006_1  |[0m 2026-01-27 13:19:19,069 - __main__ - INFO - --- New Round Detected: 18 ---
[33mserver_1      |[0m INFO:werkzeug:172.18.0.5 - - [27/Jan/2026 13:19:19] "GET /download_model?round=18 HTTP/1.1" 200 -
[33;1mclient_006_1  |[0m 2026-01-27 13:19:19,230 - __main__ - INFO - Round 18 finished. Loss: 1.6909, Acc: 50.00%
[33mserver_1      |[0m INFO:__main__:Received update from client_006
[33mserver_1      |[0m INFO:werkzeug:172.18.0.5 - - [27/Jan/2026 13:19:19] "POST /submit_update HTTP/1.1" 200 -
[33;1mclient_006_1  |[0m 2026-01-27 13:19:19,385 - __main__ - INFO - 🚀 Model update submitted successfully.
[33;1mclient_006_1  |[0m 2026-01-27 13:19:19,385 - __main__ - INFO - Update submitted for Round 18. Waiting...
[36mclient_010_1  |[0m 2026-01-27 13:19:19,708 - __main__ - INFO - --- New Round Detected: 18 ---
[33mserver_1      |[0m INFO:werkzeug:172.18.0.17 - - [27/Jan/2026 13:19:19] "GET /download_model?round=18 HTTP/1.1" 200 -
[36mclient_010_1  |[0m 2026-01-27 13:19:20,521 - __main__ - INFO - Round 18 finished. Loss: 0.3625, Acc: 97.91%
[33mserver_1      |[0m INFO:__main__:Received update from client_010
[33mserver_1      |[0m INFO:werkzeug:172.18.0.17 - - [27/Jan/2026 13:19:20] "POST /submit_update HTTP/1.1" 200 -
[36mclient_010_1  |[0m 2026-01-27 13:19:20,676 - __main__ - INFO - 🚀 Model update submitted successfully.
[36mclient_010_1  |[0m 2026-01-27 13:19:20,676 - __main__ - INFO - Update submitted for Round 18. Waiting...
[35;1mclient_008_1  |[0m 2026-01-27 13:19:21,309 - __main__ - INFO - --- New Round Detected: 18 ---
[33mserver_1      |[0m INFO:werkzeug:172.18.0.18 - - [27/Jan/2026 13:19:21] "GET /download_model?round=18 HTTP/1.1" 200 -
[36;1mclient_005_1  |[0m 2026-01-27 13:19:21,389 - __main__ - INFO - --- New Round Detected: 18 ---
[33mserver_1      |[0m INFO:werkzeug:172.18.0.7 - - [27/Jan/2026 13:19:21] "GET /download_model?round=18 HTTP/1.1" 200 -
[36;1mclient_005_1  |[0m 2026-01-27 13:19:22,918 - __main__ - INFO - Round 18 finished. Loss: 0.3854, Acc: 93.19%
[33mserver_1      |[0m INFO:__main__:Received update from client_005
[33mserver_1      |[0m INFO:__main__:--- Aggregating 5 updates ---
[33mserver_1      |[0m INFO:__main__:⚡ Using Custom Aggregator with Drift Metric...
[33mserver_1      |[0m INFO:server.aggregator:Starting FedAvg aggregation for 5 clients.
[34mclient_004_1  |[0m 2026-01-27 13:19:23,093 - __main__ - INFO - Round 17 finished. Loss: 0.9182, Acc: 73.19%
[33mserver_1      |[0m INFO:werkzeug:172.18.0.21 - - [27/Jan/2026 13:19:23] "[31m[1mPOST /submit_update HTTP/1.1[0m" 400 -
[34mclient_004_1  |[0m 2026-01-27 13:19:23,157 - __main__ - ERROR - Update submission failed: {"error":"Not accepting updates"}
[34mclient_004_1  |[0m 
[34mclient_004_1  |[0m 2026-01-27 13:19:23,157 - __main__ - INFO - Update submitted for Round 17. Waiting...
[35;1mclient_008_1  |[0m 2026-01-27 13:19:23,178 - __main__ - INFO - Round 18 finished. Loss: 0.2666, Acc: 98.28%
[33mserver_1      |[0m INFO:werkzeug:172.18.0.18 - - [27/Jan/2026 13:19:23] "[31m[1mPOST /submit_update HTTP/1.1[0m" 400 -
[35;1mclient_008_1  |[0m 2026-01-27 13:19:23,241 - __main__ - ERROR - Update submission failed: {"error":"Not accepting updates"}
[35;1mclient_008_1  |[0m 
[35;1mclient_008_1  |[0m 2026-01-27 13:19:23,241 - __main__ - INFO - Update submitted for Round 18. Waiting...
[33mclient_001_1  |[0m 2026-01-27 13:19:24,549 - __main__ - INFO - --- New Round Detected: 18 ---
[33mserver_1      |[0m INFO:werkzeug:172.18.0.20 - - [27/Jan/2026 13:19:24] "GET /download_model?round=18 HTTP/1.1" 200 -
[33mserver_1      |[0m INFO:server.aggregator:--- [METRIC] Weight Divergence: 0.8553
[33mserver_1      |[0m INFO:server.aggregator:FedAvg aggregation complete.
[33mserver_1      |[0m INFO:__main__:Aggregation complete.
[33mserver_1      |[0m ⏱️ [TIME] Client client_007 finished training in 0.46s
[33mserver_1      |[0m ⏱️ [TIME] Client client_009 finished training in 3.01s
[33mserver_1      |[0m ⏱️ [TIME] Client client_006 finished training in 0.02s
[33mserver_1      |[0m ⏱️ [TIME] Client client_010 finished training in 0.68s
[33mserver_1      |[0m ⏱️ [TIME] Client client_005 finished training in 1.40s
[33mserver_1      |[0m DEBUG: ⚠️ MY CUSTOM AGGREGATOR IS RUNNING ⚠️
[33mclient_001_1  |[0m 2026-01-27 13:19:25,314 - __main__ - INFO - Round 18 finished. Loss: 0.3275, Acc: 99.03%
[33mserver_1      |[0m INFO:werkzeug:172.18.0.20 - - [27/Jan/2026 13:19:25] "[31m[1mPOST /submit_update HTTP/1.1[0m" 400 -
[33mclient_001_1  |[0m 2026-01-27 13:19:25,416 - __main__ - ERROR - Update submission failed: {"error":"Not accepting updates"}
[33mclient_001_1  |[0m 
[33mclient_001_1  |[0m 2026-01-27 13:19:25,418 - __main__ - INFO - Update submitted for Round 18. Waiting...
[33mserver_1      |[0m INFO:__main__:--- Round 18 Acc: 39.24%, Loss: 1.7815 ---
[33mserver_1      |[0m INFO:__main__:--- Starting Round 19. Timeout: 300s ---
[33mserver_1      |[0m INFO:werkzeug:172.18.0.7 - - [27/Jan/2026 13:19:26] "POST /submit_update HTTP/1.1" 200 -
[36;1mclient_005_1  |[0m 2026-01-27 13:19:26,473 - __main__ - INFO - 🚀 Model update submitted successfully.
[36;1mclient_005_1  |[0m 2026-01-27 13:19:26,473 - __main__ - INFO - Update submitted for Round 18. Waiting...
[32mclient_002_1  |[0m 2026-01-27 13:19:26,508 - __main__ - INFO - --- New Round Detected: 19 ---
[33mserver_1      |[0m INFO:werkzeug:172.18.0.19 - - [27/Jan/2026 13:19:26] "GET /download_model?round=19 HTTP/1.1" 200 -
[32;1mclient_007_1  |[0m 2026-01-27 13:19:26,666 - __main__ - INFO - --- New Round Detected: 19 ---
[33mserver_1      |[0m INFO:werkzeug:172.18.0.8 - - [27/Jan/2026 13:19:26] "GET /download_model?round=19 HTTP/1.1" 200 -
[32;1mclient_007_1  |[0m 2026-01-27 13:19:27,262 - __main__ - INFO - Round 19 finished. Loss: 1.2995, Acc: 61.72%
[33mserver_1      |[0m INFO:__main__:Received update from client_007
[33mserver_1      |[0m INFO:werkzeug:172.18.0.8 - - [27/Jan/2026 13:19:27] "POST /submit_update HTTP/1.1" 200 -
[32;1mclient_007_1  |[0m 2026-01-27 13:19:27,396 - __main__ - INFO - 🚀 Model update submitted successfully.
[32;1mclient_007_1  |[0m 2026-01-27 13:19:27,397 - __main__ - INFO - Update submitted for Round 19. Waiting...
[32mclient_002_1  |[0m 2026-01-27 13:19:28,190 - __main__ - INFO - Round 19 finished. Loss: 0.5323, Acc: 91.80%
[33mserver_1      |[0m INFO:__main__:Received update from client_002
[33mserver_1      |[0m INFO:werkzeug:172.18.0.19 - - [27/Jan/2026 13:19:28] "POST /submit_update HTTP/1.1" 200 -
[32mclient_002_1  |[0m 2026-01-27 13:19:28,327 - __main__ - INFO - 🚀 Model update submitted successfully.
[32mclient_002_1  |[0m 2026-01-27 13:19:28,327 - __main__ - INFO - Update submitted for Round 19. Waiting...
[34;1mclient_009_1  |[0m 2026-01-27 13:19:29,075 - __main__ - INFO - --- New Round Detected: 19 ---
[33mserver_1      |[0m INFO:werkzeug:172.18.0.22 - - [27/Jan/2026 13:19:29] "GET /download_model?round=19 HTTP/1.1" 200 -
[33;1mclient_006_1  |[0m 2026-01-27 13:19:29,450 - __main__ - INFO - --- New Round Detected: 19 ---
[33mserver_1      |[0m INFO:werkzeug:172.18.0.5 - - [27/Jan/2026 13:19:29] "GET /download_model?round=19 HTTP/1.1" 200 -
[33;1mclient_006_1  |[0m 2026-01-27 13:19:29,606 - __main__ - INFO - Round 19 finished. Loss: 1.2582, Acc: 57.14%
[33mserver_1      |[0m INFO:__main__:Received update from client_006
[33mserver_1      |[0m INFO:werkzeug:172.18.0.5 - - [27/Jan/2026 13:19:29] "POST /submit_update HTTP/1.1" 200 -
[33;1mclient_006_1  |[0m 2026-01-27 13:19:29,741 - __main__ - INFO - 🚀 Model update submitted successfully.
[33;1mclient_006_1  |[0m 2026-01-27 13:19:29,742 - __main__ - INFO - Update submitted for Round 19. Waiting...
[36mclient_010_1  |[0m 2026-01-27 13:19:30,740 - __main__ - INFO - --- New Round Detected: 19 ---
[33mserver_1      |[0m INFO:werkzeug:172.18.0.17 - - [27/Jan/2026 13:19:30] "GET /download_model?round=19 HTTP/1.1" 200 -
[36mclient_010_1  |[0m 2026-01-27 13:19:31,595 - __main__ - INFO - Round 19 finished. Loss: 0.3386, Acc: 98.15%
[33mserver_1      |[0m INFO:__main__:Received update from client_010
[33mserver_1      |[0m INFO:werkzeug:172.18.0.17 - - [27/Jan/2026 13:19:31] "POST /submit_update HTTP/1.1" 200 -
[36mclient_010_1  |[0m 2026-01-27 13:19:31,737 - __main__ - INFO - 🚀 Model update submitted successfully.
[36mclient_010_1  |[0m 2026-01-27 13:19:31,738 - __main__ - INFO - Update submitted for Round 19. Waiting...
[34;1mclient_009_1  |[0m 2026-01-27 13:19:32,183 - __main__ - INFO - Round 19 finished. Loss: 0.9466, Acc: 69.35%
[33mserver_1      |[0m INFO:__main__:Received update from client_009
[33mserver_1      |[0m INFO:__main__:--- Aggregating 5 updates ---
[33mserver_1      |[0m INFO:__main__:⚡ Using Custom Aggregator with Drift Metric...
[33mserver_1      |[0m INFO:server.aggregator:Starting FedAvg aggregation for 5 clients.
[35mclient_003_1  |[0m 2026-01-27 13:19:32,949 - __main__ - INFO - Round 17 finished. Loss: 0.8806, Acc: 73.02%
[33mserver_1      |[0m INFO:werkzeug:172.18.0.6 - - [27/Jan/2026 13:19:32] "[31m[1mPOST /submit_update HTTP/1.1[0m" 400 -
[35mclient_003_1  |[0m 2026-01-27 13:19:33,015 - __main__ - ERROR - Update submission failed: {"error":"Not accepting updates"}
[35mclient_003_1  |[0m 
[35mclient_003_1  |[0m 2026-01-27 13:19:33,015 - __main__ - INFO - Update submitted for Round 17. Waiting...
[34mclient_004_1  |[0m 2026-01-27 13:19:33,218 - __main__ - INFO - --- New Round Detected: 19 ---
[33mserver_1      |[0m INFO:werkzeug:172.18.0.21 - - [27/Jan/2026 13:19:33] "GET /download_model?round=19 HTTP/1.1" 200 -
[35;1mclient_008_1  |[0m 2026-01-27 13:19:33,368 - __main__ - INFO - --- New Round Detected: 19 ---
[33mserver_1      |[0m INFO:werkzeug:172.18.0.18 - - [27/Jan/2026 13:19:33] "GET /download_model?round=19 HTTP/1.1" 200 -
[33mserver_1      |[0m INFO:server.aggregator:--- [METRIC] Weight Divergence: 0.8225
[33mserver_1      |[0m INFO:server.aggregator:FedAvg aggregation complete.
[33mserver_1      |[0m INFO:__main__:Aggregation complete.
[33mserver_1      |[0m ⏱️ [TIME] Client client_007 finished training in 0.46s
[33mserver_1      |[0m ⏱️ [TIME] Client client_002 finished training in 1.53s
[33mserver_1      |[0m ⏱️ [TIME] Client client_006 finished training in 0.03s
[33mserver_1      |[0m ⏱️ [TIME] Client client_010 finished training in 0.71s
[33mserver_1      |[0m ⏱️ [TIME] Client client_009 finished training in 2.98s
[33mserver_1      |[0m DEBUG: ⚠️ MY CUSTOM AGGREGATOR IS RUNNING ⚠️
[35;1mclient_008_1  |[0m 2026-01-27 13:19:35,160 - __main__ - INFO - Round 19 finished. Loss: 0.3199, Acc: 97.98%
[33mserver_1      |[0m INFO:werkzeug:172.18.0.18 - - [27/Jan/2026 13:19:35] "[31m[1mPOST /submit_update HTTP/1.1[0m" 400 -
[35;1mclient_008_1  |[0m 2026-01-27 13:19:35,226 - __main__ - ERROR - Update submission failed: {"error":"Not accepting updates"}
[35;1mclient_008_1  |[0m 
[35;1mclient_008_1  |[0m 2026-01-27 13:19:35,226 - __main__ - INFO - Update submitted for Round 19. Waiting...
[33mserver_1      |[0m INFO:__main__:--- Round 19 Acc: 31.49%, Loss: 1.8991 ---
[33mserver_1      |[0m INFO:__main__:--- Starting Round 20. Timeout: 300s ---
[33mserver_1      |[0m INFO:werkzeug:172.18.0.22 - - [27/Jan/2026 13:19:35] "POST /submit_update HTTP/1.1" 200 -
[34;1mclient_009_1  |[0m 2026-01-27 13:19:35,305 - __main__ - INFO - 🚀 Model update submitted successfully.
[34;1mclient_009_1  |[0m 2026-01-27 13:19:35,305 - __main__ - INFO - Update submitted for Round 19. Waiting...
[33mclient_001_1  |[0m 2026-01-27 13:19:35,482 - __main__ - INFO - --- New Round Detected: 20 ---
[33mserver_1      |[0m INFO:werkzeug:172.18.0.20 - - [27/Jan/2026 13:19:35] "GET /download_model?round=20 HTTP/1.1" 200 -
[33mclient_001_1  |[0m 2026-01-27 13:19:36,261 - __main__ - INFO - Round 20 finished. Loss: 0.2199, Acc: 99.03%
[33mserver_1      |[0m INFO:__main__:Received update from client_001
[33mserver_1      |[0m INFO:werkzeug:172.18.0.20 - - [27/Jan/2026 13:19:36] "POST /submit_update HTTP/1.1" 200 -
[33mclient_001_1  |[0m 2026-01-27 13:19:36,400 - __main__ - INFO - 🚀 Model update submitted successfully.
[33mclient_001_1  |[0m 2026-01-27 13:19:36,400 - __main__ - INFO - Update submitted for Round 20. Waiting...
[36;1mclient_005_1  |[0m 2026-01-27 13:19:36,536 - __main__ - INFO - --- New Round Detected: 20 ---
[33mserver_1      |[0m INFO:werkzeug:172.18.0.7 - - [27/Jan/2026 13:19:36] "GET /download_model?round=20 HTTP/1.1" 200 -
[32;1mclient_007_1  |[0m 2026-01-27 13:19:37,461 - __main__ - INFO - --- New Round Detected: 20 ---
[33mserver_1      |[0m INFO:werkzeug:172.18.0.8 - - [27/Jan/2026 13:19:37] "GET /download_model?round=20 HTTP/1.1" 200 -
[32;1mclient_007_1  |[0m 2026-01-27 13:19:38,069 - __main__ - INFO - Round 20 finished. Loss: 1.2469, Acc: 64.10%
[33mserver_1      |[0m INFO:__main__:Received update from client_007
[33mserver_1      |[0m INFO:werkzeug:172.18.0.8 - - [27/Jan/2026 13:19:38] "POST /submit_update HTTP/1.1" 200 -
[32;1mclient_007_1  |[0m 2026-01-27 13:19:38,205 - __main__ - INFO - 🚀 Model update submitted successfully.
[32;1mclient_007_1  |[0m 2026-01-27 13:19:38,205 - __main__ - INFO - Update submitted for Round 20. Waiting...
[32mclient_002_1  |[0m 2026-01-27 13:19:38,388 - __main__ - INFO - --- New Round Detected: 20 ---
[33mserver_1      |[0m INFO:werkzeug:172.18.0.19 - - [27/Jan/2026 13:19:38] "GET /download_model?round=20 HTTP/1.1" 200 -
[36;1mclient_005_1  |[0m 2026-01-27 13:19:39,245 - __main__ - INFO - Round 20 finished. Loss: 0.6194, Acc: 93.38%
[33mserver_1      |[0m INFO:__main__:Received update from client_005
[33mserver_1      |[0m INFO:werkzeug:172.18.0.7 - - [27/Jan/2026 13:19:39] "POST /submit_update HTTP/1.1" 200 -
[36;1mclient_005_1  |[0m 2026-01-27 13:19:39,380 - __main__ - INFO - 🚀 Model update submitted successfully.
[36;1mclient_005_1  |[0m 2026-01-27 13:19:39,380 - __main__ - INFO - Update submitted for Round 20. Waiting...
[33;1mclient_006_1  |[0m 2026-01-27 13:19:39,803 - __main__ - INFO - --- New Round Detected: 20 ---
[33mserver_1      |[0m INFO:werkzeug:172.18.0.5 - - [27/Jan/2026 13:19:39] "GET /download_model?round=20 HTTP/1.1" 200 -
[33;1mclient_006_1  |[0m 2026-01-27 13:19:39,951 - __main__ - INFO - Round 20 finished. Loss: 1.3297, Acc: 64.29%
[33mserver_1      |[0m INFO:__main__:Received update from client_006
[33mserver_1      |[0m INFO:werkzeug:172.18.0.5 - - [27/Jan/2026 13:19:40] "POST /submit_update HTTP/1.1" 200 -
[33;1mclient_006_1  |[0m 2026-01-27 13:19:40,107 - __main__ - INFO - 🚀 Model update submitted successfully.
[33;1mclient_006_1  |[0m 2026-01-27 13:19:40,107 - __main__ - INFO - Update submitted for Round 20. Waiting...
[32mclient_002_1  |[0m 2026-01-27 13:19:40,656 - __main__ - INFO - Round 20 finished. Loss: 0.4271, Acc: 90.61%
[33mserver_1      |[0m INFO:__main__:Received update from client_002
[33mserver_1      |[0m INFO:__main__:--- Aggregating 5 updates ---
[33mserver_1      |[0m INFO:__main__:⚡ Using Custom Aggregator with Drift Metric...
[33mserver_1      |[0m INFO:server.aggregator:Starting FedAvg aggregation for 5 clients.
[34mclient_004_1  |[0m 2026-01-27 13:19:41,284 - __main__ - INFO - Round 19 finished. Loss: 0.8899, Acc: 74.15%
[33mserver_1      |[0m INFO:werkzeug:172.18.0.21 - - [27/Jan/2026 13:19:41] "[31m[1mPOST /submit_update HTTP/1.1[0m" 400 -
[34mclient_004_1  |[0m 2026-01-27 13:19:41,347 - __main__ - ERROR - Update submission failed: {"error":"Not accepting updates"}
[34mclient_004_1  |[0m 
[34mclient_004_1  |[0m 2026-01-27 13:19:41,347 - __main__ - INFO - Update submitted for Round 19. Waiting...
[33mserver_1      |[0m INFO:server.aggregator:--- [METRIC] Weight Divergence: 0.8081
[33mserver_1      |[0m INFO:server.aggregator:FedAvg aggregation complete.
[33mserver_1      |[0m INFO:__main__:Aggregation complete.
[33mserver_1      |[0m ⏱️ [TIME] Client client_001 finished training in 0.65s
[33mserver_1      |[0m ⏱️ [TIME] Client client_007 finished training in 0.48s
[33mserver_1      |[0m ⏱️ [TIME] Client client_005 finished training in 2.58s
[33mserver_1      |[0m ⏱️ [TIME] Client client_006 finished training in 0.02s
[33mserver_1      |[0m ⏱️ [TIME] Client client_002 finished training in 2.14s
[33mserver_1      |[0m DEBUG: ⚠️ MY CUSTOM AGGREGATOR IS RUNNING ⚠️
[36mclient_010_1  |[0m 2026-01-27 13:19:41,849 - __main__ - INFO - --- New Round Detected: 20 ---
[33mserver_1      |[0m INFO:werkzeug:172.18.0.17 - - [27/Jan/2026 13:19:41] "GET /download_model?round=20 HTTP/1.1" 200 -
[36mclient_010_1  |[0m 2026-01-27 13:19:42,671 - __main__ - INFO - Round 20 finished. Loss: 0.2448, Acc: 98.03%
[33mserver_1      |[0m INFO:werkzeug:172.18.0.17 - - [27/Jan/2026 13:19:42] "[31m[1mPOST /submit_update HTTP/1.1[0m" 400 -
[36mclient_010_1  |[0m 2026-01-27 13:19:42,768 - __main__ - ERROR - Update submission failed: {"error":"Not accepting updates"}
[36mclient_010_1  |[0m 
[36mclient_010_1  |[0m 2026-01-27 13:19:42,769 - __main__ - INFO - Update submitted for Round 20. Waiting...
[33mserver_1      |[0m INFO:__main__:--- Round 20 Acc: 28.75%, Loss: 2.0505 ---
[33mserver_1      |[0m INFO:__main__:--- Starting Round 21. Timeout: 300s ---
[33mserver_1      |[0m INFO:werkzeug:172.18.0.19 - - [27/Jan/2026 13:19:42] "POST /submit_update HTTP/1.1" 200 -
[32mclient_002_1  |[0m 2026-01-27 13:19:42,916 - __main__ - INFO - 🚀 Model update submitted successfully.
[32mclient_002_1  |[0m 2026-01-27 13:19:42,916 - __main__ - INFO - Update submitted for Round 20. Waiting...
[35mclient_003_1  |[0m 2026-01-27 13:19:43,076 - __main__ - INFO - --- New Round Detected: 21 ---
[33mserver_1      |[0m INFO:werkzeug:172.18.0.6 - - [27/Jan/2026 13:19:43] "GET /download_model?round=21 HTTP/1.1" 200 -
[35;1mclient_008_1  |[0m 2026-01-27 13:19:45,287 - __main__ - INFO - --- New Round Detected: 21 ---
[33mserver_1      |[0m INFO:werkzeug:172.18.0.18 - - [27/Jan/2026 13:19:45] "GET /download_model?round=21 HTTP/1.1" 200 -
[34;1mclient_009_1  |[0m 2026-01-27 13:19:45,369 - __main__ - INFO - --- New Round Detected: 21 ---
[33mserver_1      |[0m INFO:werkzeug:172.18.0.22 - - [27/Jan/2026 13:19:45] "GET /download_model?round=21 HTTP/1.1" 200 -
[33mclient_001_1  |[0m 2026-01-27 13:19:46,463 - __main__ - INFO - --- New Round Detected: 21 ---
[33mserver_1      |[0m INFO:werkzeug:172.18.0.20 - - [27/Jan/2026 13:19:46] "GET /download_model?round=21 HTTP/1.1" 200 -
[33mclient_001_1  |[0m 2026-01-27 13:19:46,981 - __main__ - INFO - Round 21 finished. Loss: 0.3429, Acc: 97.41%
[33mserver_1      |[0m INFO:__main__:Received update from client_001
[33mserver_1      |[0m INFO:werkzeug:172.18.0.20 - - [27/Jan/2026 13:19:47] "POST /submit_update HTTP/1.1" 200 -
[33mclient_001_1  |[0m 2026-01-27 13:19:47,114 - __main__ - INFO - 🚀 Model update submitted successfully.
[33mclient_001_1  |[0m 2026-01-27 13:19:47,114 - __main__ - INFO - Update submitted for Round 21. Waiting...
[35;1mclient_008_1  |[0m 2026-01-27 13:19:47,191 - __main__ - INFO - Round 21 finished. Loss: 0.5690, Acc: 98.03%
[33mserver_1      |[0m INFO:__main__:Received update from client_008
[33mserver_1      |[0m INFO:werkzeug:172.18.0.18 - - [27/Jan/2026 13:19:47] "POST /submit_update HTTP/1.1" 200 -
[35;1mclient_008_1  |[0m 2026-01-27 13:19:47,328 - __main__ - INFO - 🚀 Model update submitted successfully.
[35;1mclient_008_1  |[0m 2026-01-27 13:19:47,328 - __main__ - INFO - Update submitted for Round 21. Waiting...
[32;1mclient_007_1  |[0m 2026-01-27 13:19:48,273 - __main__ - INFO - --- New Round Detected: 21 ---
[33mserver_1      |[0m INFO:werkzeug:172.18.0.8 - - [27/Jan/2026 13:19:48] "GET /download_model?round=21 HTTP/1.1" 200 -
[34;1mclient_009_1  |[0m 2026-01-27 13:19:48,560 - __main__ - INFO - Round 21 finished. Loss: 1.0272, Acc: 70.00%
[33mserver_1      |[0m INFO:__main__:Received update from client_009
[33mserver_1      |[0m INFO:werkzeug:172.18.0.22 - - [27/Jan/2026 13:19:48] "POST /submit_update HTTP/1.1" 200 -
[32;1mclient_007_1  |[0m 2026-01-27 13:19:48,703 - __main__ - INFO - Round 21 finished. Loss: 1.3530, Acc: 58.79%
[34;1mclient_009_1  |[0m 2026-01-27 13:19:48,717 - __main__ - INFO - 🚀 Model update submitted successfully.
[34;1mclient_009_1  |[0m 2026-01-27 13:19:48,718 - __main__ - INFO - Update submitted for Round 21. Waiting...
[33mserver_1      |[0m INFO:__main__:Received update from client_007
[33mserver_1      |[0m INFO:werkzeug:172.18.0.8 - - [27/Jan/2026 13:19:48] "POST /submit_update HTTP/1.1" 200 -
[32;1mclient_007_1  |[0m 2026-01-27 13:19:48,838 - __main__ - INFO - 🚀 Model update submitted successfully.
[32;1mclient_007_1  |[0m 2026-01-27 13:19:48,838 - __main__ - INFO - Update submitted for Round 21. Waiting...
[36;1mclient_005_1  |[0m 2026-01-27 13:19:49,441 - __main__ - INFO - --- New Round Detected: 21 ---
[33mserver_1      |[0m INFO:werkzeug:172.18.0.7 - - [27/Jan/2026 13:19:49] "GET /download_model?round=21 HTTP/1.1" 200 -
[33;1mclient_006_1  |[0m 2026-01-27 13:19:50,169 - __main__ - INFO - --- New Round Detected: 21 ---
[33mserver_1      |[0m INFO:werkzeug:172.18.0.5 - - [27/Jan/2026 13:19:50] "GET /download_model?round=21 HTTP/1.1" 200 -
[33;1mclient_006_1  |[0m 2026-01-27 13:19:50,340 - __main__ - INFO - Round 21 finished. Loss: 1.7934, Acc: 28.57%
[33mserver_1      |[0m INFO:__main__:Received update from client_006
[33mserver_1      |[0m INFO:__main__:--- Aggregating 5 updates ---
[33mserver_1      |[0m INFO:__main__:⚡ Using Custom Aggregator with Drift Metric...
[33mserver_1      |[0m INFO:server.aggregator:Starting FedAvg aggregation for 5 clients.
[36;1mclient_005_1  |[0m 2026-01-27 13:19:51,402 - __main__ - INFO - Round 21 finished. Loss: 0.3406, Acc: 93.41%
[34mclient_004_1  |[0m 2026-01-27 13:19:51,420 - __main__ - INFO - --- New Round Detected: 21 ---
[33mserver_1      |[0m INFO:werkzeug:172.18.0.7 - - [27/Jan/2026 13:19:51] "[31m[1mPOST /submit_update HTTP/1.1[0m" 400 -
[33mserver_1      |[0m INFO:werkzeug:172.18.0.21 - - [27/Jan/2026 13:19:51] "GET /download_model?round=21 HTTP/1.1" 200 -
[36;1mclient_005_1  |[0m 2026-01-27 13:19:51,465 - __main__ - ERROR - Update submission failed: {"error":"Not accepting updates"}
[36;1mclient_005_1  |[0m 
[36;1mclient_005_1  |[0m 2026-01-27 13:19:51,465 - __main__ - INFO - Update submitted for Round 21. Waiting...
[33mserver_1      |[0m INFO:server.aggregator:--- [METRIC] Weight Divergence: 0.7996
[33mserver_1      |[0m INFO:server.aggregator:FedAvg aggregation complete.
[33mserver_1      |[0m INFO:__main__:Aggregation complete.
[33mserver_1      |[0m ⏱️ [TIME] Client client_001 finished training in 0.39s
[33mserver_1      |[0m ⏱️ [TIME] Client client_008 finished training in 1.78s
[33mserver_1      |[0m ⏱️ [TIME] Client client_009 finished training in 3.06s
[33mserver_1      |[0m ⏱️ [TIME] Client client_007 finished training in 0.30s
[33mserver_1      |[0m ⏱️ [TIME] Client client_006 finished training in 0.03s
[33mserver_1      |[0m DEBUG: ⚠️ MY CUSTOM AGGREGATOR IS RUNNING ⚠️
[36mclient_010_1  |[0m 2026-01-27 13:19:52,851 - __main__ - INFO - --- New Round Detected: 21 ---
[33mserver_1      |[0m INFO:werkzeug:172.18.0.17 - - [27/Jan/2026 13:19:52] "GET /download_model?round=21 HTTP/1.1" 200 -
[32mclient_002_1  |[0m 2026-01-27 13:19:52,979 - __main__ - INFO - --- New Round Detected: 21 ---
[33mserver_1      |[0m INFO:werkzeug:172.18.0.19 - - [27/Jan/2026 13:19:53] "GET /download_model?round=21 HTTP/1.1" 200 -
[33mserver_1      |[0m INFO:__main__:--- Round 21 Acc: 35.46%, Loss: 1.9024 ---
[33mserver_1      |[0m INFO:__main__:--- Starting Round 22. Timeout: 300s ---
[33mserver_1      |[0m INFO:werkzeug:172.18.0.5 - - [27/Jan/2026 13:19:53] "POST /submit_update HTTP/1.1" 200 -
[33;1mclient_006_1  |[0m 2026-01-27 13:19:53,099 - __main__ - INFO - 🚀 Model update submitted successfully.
[33;1mclient_006_1  |[0m 2026-01-27 13:19:53,099 - __main__ - INFO - Update submitted for Round 21. Waiting...
[36mclient_010_1  |[0m 2026-01-27 13:19:53,392 - __main__ - INFO - Round 21 finished. Loss: 0.3748, Acc: 97.66%
[33mserver_1      |[0m INFO:__main__:Received update from client_010
[33mserver_1      |[0m INFO:werkzeug:172.18.0.17 - - [27/Jan/2026 13:19:53] "POST /submit_update HTTP/1.1" 200 -
[36mclient_010_1  |[0m 2026-01-27 13:19:53,526 - __main__ - INFO - 🚀 Model update submitted successfully.
[36mclient_010_1  |[0m 2026-01-27 13:19:53,526 - __main__ - INFO - Update submitted for Round 21. Waiting...
[32mclient_002_1  |[0m 2026-01-27 13:19:55,170 - __main__ - INFO - Round 21 finished. Loss: 0.5503, Acc: 90.42%
[33mserver_1      |[0m INFO:__main__:Received update from client_002
[33mserver_1      |[0m INFO:werkzeug:172.18.0.19 - - [27/Jan/2026 13:19:55] "POST /submit_update HTTP/1.1" 200 -
[32mclient_002_1  |[0m 2026-01-27 13:19:55,305 - __main__ - INFO - 🚀 Model update submitted successfully.
[32mclient_002_1  |[0m 2026-01-27 13:19:55,305 - __main__ - INFO - Update submitted for Round 21. Waiting...
[34mclient_004_1  |[0m 2026-01-27 13:19:56,783 - __main__ - INFO - Round 21 finished. Loss: 0.9005, Acc: 73.94%
[33mserver_1      |[0m INFO:__main__:Received update from client_004
[33mserver_1      |[0m INFO:werkzeug:172.18.0.21 - - [27/Jan/2026 13:19:56] "POST /submit_update HTTP/1.1" 200 -
[34mclient_004_1  |[0m 2026-01-27 13:19:56,917 - __main__ - INFO - 🚀 Model update submitted successfully.
[34mclient_004_1  |[0m 2026-01-27 13:19:56,917 - __main__ - INFO - Update submitted for Round 21. Waiting...
[33mclient_001_1  |[0m 2026-01-27 13:19:57,182 - __main__ - INFO - --- New Round Detected: 22 ---
[33mserver_1      |[0m INFO:werkzeug:172.18.0.20 - - [27/Jan/2026 13:19:57] "GET /download_model?round=22 HTTP/1.1" 200 -
[35;1mclient_008_1  |[0m 2026-01-27 13:19:57,389 - __main__ - INFO - --- New Round Detected: 22 ---
[33mserver_1      |[0m INFO:werkzeug:172.18.0.18 - - [27/Jan/2026 13:19:57] "GET /download_model?round=22 HTTP/1.1" 200 -
[33mclient_001_1  |[0m 2026-01-27 13:19:57,659 - __main__ - INFO - Round 22 finished. Loss: 0.2801, Acc: 98.38%
[33mserver_1      |[0m INFO:__main__:Received update from client_001
[33mserver_1      |[0m INFO:werkzeug:172.18.0.20 - - [27/Jan/2026 13:19:57] "POST /submit_update HTTP/1.1" 200 -
[33mclient_001_1  |[0m 2026-01-27 13:19:57,820 - __main__ - INFO - 🚀 Model update submitted successfully.
[33mclient_001_1  |[0m 2026-01-27 13:19:57,820 - __main__ - INFO - Update submitted for Round 22. Waiting...
[34;1mclient_009_1  |[0m 2026-01-27 13:19:58,779 - __main__ - INFO - --- New Round Detected: 22 ---
[33mserver_1      |[0m INFO:werkzeug:172.18.0.22 - - [27/Jan/2026 13:19:58] "GET /download_model?round=22 HTTP/1.1" 200 -
[32;1mclient_007_1  |[0m 2026-01-27 13:19:58,905 - __main__ - INFO - --- New Round Detected: 22 ---
[33mserver_1      |[0m INFO:werkzeug:172.18.0.8 - - [27/Jan/2026 13:19:58] "GET /download_model?round=22 HTTP/1.1" 200 -
[35;1mclient_008_1  |[0m 2026-01-27 13:19:59,136 - __main__ - INFO - Round 22 finished. Loss: 0.2614, Acc: 98.13%
[33mserver_1      |[0m INFO:__main__:Received update from client_008
[33mserver_1      |[0m INFO:__main__:--- Aggregating 5 updates ---
[33mserver_1      |[0m INFO:__main__:⚡ Using Custom Aggregator with Drift Metric...
[33mserver_1      |[0m INFO:server.aggregator:Starting FedAvg aggregation for 5 clients.
[32;1mclient_007_1  |[0m 2026-01-27 13:19:59,436 - __main__ - INFO - Round 22 finished. Loss: 1.2978, Acc: 61.17%
[33mserver_1      |[0m INFO:werkzeug:172.18.0.8 - - [27/Jan/2026 13:19:59] "[31m[1mPOST /submit_update HTTP/1.1[0m" 400 -
[32;1mclient_007_1  |[0m 2026-01-27 13:19:59,502 - __main__ - ERROR - Update submission failed: {"error":"Not accepting updates"}
[32;1mclient_007_1  |[0m 
[32;1mclient_007_1  |[0m 2026-01-27 13:19:59,502 - __main__ - INFO - Update submitted for Round 22. Waiting...
[35mclient_003_1  |[0m 2026-01-27 13:19:59,726 - __main__ - INFO - Round 21 finished. Loss: 1.0350, Acc: 72.44%
[33mserver_1      |[0m INFO:werkzeug:172.18.0.6 - - [27/Jan/2026 13:19:59] "[31m[1mPOST /submit_update HTTP/1.1[0m" 400 -
[35mclient_003_1  |[0m 2026-01-27 13:19:59,793 - __main__ - ERROR - Update submission failed: {"error":"Not accepting updates"}
[35mclient_003_1  |[0m 
[35mclient_003_1  |[0m 2026-01-27 13:19:59,793 - __main__ - INFO - Update submitted for Round 21. Waiting...
[33mserver_1      |[0m INFO:server.aggregator:--- [METRIC] Weight Divergence: 1.1532
[33mserver_1      |[0m INFO:server.aggregator:FedAvg aggregation complete.
[33mserver_1      |[0m INFO:__main__:Aggregation complete.
[33mserver_1      |[0m ⏱️ [TIME] Client client_010 finished training in 0.39s
[33mserver_1      |[0m ⏱️ [TIME] Client client_002 finished training in 2.06s
[33mserver_1      |[0m ⏱️ [TIME] Client client_004 finished training in 5.21s
[33mserver_1      |[0m ⏱️ [TIME] Client client_001 finished training in 0.33s
[33mserver_1      |[0m ⏱️ [TIME] Client client_008 finished training in 1.62s
[33mserver_1      |[0m DEBUG: ⚠️ MY CUSTOM AGGREGATOR IS RUNNING ⚠️
[36;1mclient_005_1  |[0m 2026-01-27 13:20:01,569 - __main__ - INFO - --- New Round Detected: 22 ---
[33mserver_1      |[0m INFO:werkzeug:172.18.0.7 - - [27/Jan/2026 13:20:01] "GET /download_model?round=22 HTTP/1.1" 200 -
[34;1mclient_009_1  |[0m 2026-01-27 13:20:01,990 - __main__ - INFO - Round 22 finished. Loss: 0.8995, Acc: 70.51%
[33mserver_1      |[0m INFO:werkzeug:172.18.0.22 - - [27/Jan/2026 13:20:02] "[31m[1mPOST /submit_update HTTP/1.1[0m" 400 -
[34;1mclient_009_1  |[0m 2026-01-27 13:20:02,064 - __main__ - ERROR - Update submission failed: {"error":"Not accepting updates"}
[34;1mclient_009_1  |[0m 
[34;1mclient_009_1  |[0m 2026-01-27 13:20:02,064 - __main__ - INFO - Update submitted for Round 22. Waiting...
[33mserver_1      |[0m INFO:__main__:--- Round 22 Acc: 38.58%, Loss: 1.8210 ---
[33mserver_1      |[0m INFO:__main__:--- Starting Round 23. Timeout: 300s ---
[33mserver_1      |[0m INFO:werkzeug:172.18.0.18 - - [27/Jan/2026 13:20:02] "POST /submit_update HTTP/1.1" 200 -
[35;1mclient_008_1  |[0m 2026-01-27 13:20:02,731 - __main__ - INFO - 🚀 Model update submitted successfully.
[35;1mclient_008_1  |[0m 2026-01-27 13:20:02,731 - __main__ - INFO - Update submitted for Round 22. Waiting...
[33;1mclient_006_1  |[0m 2026-01-27 13:20:03,172 - __main__ - INFO - --- New Round Detected: 23 ---
[33mserver_1      |[0m INFO:werkzeug:172.18.0.5 - - [27/Jan/2026 13:20:03] "GET /download_model?round=23 HTTP/1.1" 200 -
[33;1mclient_006_1  |[0m 2026-01-27 13:20:03,328 - __main__ - INFO - Round 23 finished. Loss: 1.2673, Acc: 42.86%
[33mserver_1      |[0m INFO:__main__:Received update from client_006
[33mserver_1      |[0m INFO:werkzeug:172.18.0.5 - - [27/Jan/2026 13:20:03] "POST /submit_update HTTP/1.1" 200 -
[33;1mclient_006_1  |[0m 2026-01-27 13:20:03,463 - __main__ - INFO - 🚀 Model update submitted successfully.
[33;1mclient_006_1  |[0m 2026-01-27 13:20:03,463 - __main__ - INFO - Update submitted for Round 23. Waiting...
[36mclient_010_1  |[0m 2026-01-27 13:20:03,602 - __main__ - INFO - --- New Round Detected: 23 ---
[33mserver_1      |[0m INFO:werkzeug:172.18.0.17 - - [27/Jan/2026 13:20:03] "GET /download_model?round=23 HTTP/1.1" 200 -
[36mclient_010_1  |[0m 2026-01-27 13:20:04,065 - __main__ - INFO - Round 23 finished. Loss: 0.4049, Acc: 97.79%
[33mserver_1      |[0m INFO:__main__:Received update from client_010
[33mserver_1      |[0m INFO:werkzeug:172.18.0.17 - - [27/Jan/2026 13:20:04] "POST /submit_update HTTP/1.1" 200 -
[36mclient_010_1  |[0m 2026-01-27 13:20:04,200 - __main__ - INFO - 🚀 Model update submitted successfully.
[36mclient_010_1  |[0m 2026-01-27 13:20:04,201 - __main__ - INFO - Update submitted for Round 23. Waiting...
[36;1mclient_005_1  |[0m 2026-01-27 13:20:04,535 - __main__ - INFO - Round 22 finished. Loss: 0.4878, Acc: 93.35%
[33mserver_1      |[0m INFO:__main__:Received update from client_005
[33mserver_1      |[0m INFO:werkzeug:172.18.0.7 - - [27/Jan/2026 13:20:04] "POST /submit_update HTTP/1.1" 200 -
[36;1mclient_005_1  |[0m 2026-01-27 13:20:04,671 - __main__ - INFO - 🚀 Model update submitted successfully.
[36;1mclient_005_1  |[0m 2026-01-27 13:20:04,671 - __main__ - INFO - Update submitted for Round 22. Waiting...
[32mclient_002_1  |[0m 2026-01-27 13:20:05,366 - __main__ - INFO - --- New Round Detected: 23 ---
[33mserver_1      |[0m INFO:werkzeug:172.18.0.19 - - [27/Jan/2026 13:20:05] "GET /download_model?round=23 HTTP/1.1" 200 -
[34mclient_004_1  |[0m 2026-01-27 13:20:06,995 - __main__ - INFO - --- New Round Detected: 23 ---
[33mserver_1      |[0m INFO:werkzeug:172.18.0.21 - - [27/Jan/2026 13:20:07] "GET /download_model?round=23 HTTP/1.1" 200 -
[32mclient_002_1  |[0m 2026-01-27 13:20:07,296 - __main__ - INFO - Round 23 finished. Loss: 0.5413, Acc: 91.60%
[33mserver_1      |[0m INFO:__main__:Received update from client_002
[33mserver_1      |[0m INFO:werkzeug:172.18.0.19 - - [27/Jan/2026 13:20:07] "POST /submit_update HTTP/1.1" 200 -
[32mclient_002_1  |[0m 2026-01-27 13:20:07,444 - __main__ - INFO - 🚀 Model update submitted successfully.
[32mclient_002_1  |[0m 2026-01-27 13:20:07,444 - __main__ - INFO - Update submitted for Round 23. Waiting...
[33mclient_001_1  |[0m 2026-01-27 13:20:07,899 - __main__ - INFO - --- New Round Detected: 23 ---
[33mserver_1      |[0m INFO:werkzeug:172.18.0.20 - - [27/Jan/2026 13:20:07] "GET /download_model?round=23 HTTP/1.1" 200 -
[33mclient_001_1  |[0m 2026-01-27 13:20:08,330 - __main__ - INFO - Round 23 finished. Loss: 0.3687, Acc: 98.06%
[33mserver_1      |[0m INFO:__main__:Received update from client_001
[33mserver_1      |[0m INFO:__main__:--- Aggregating 5 updates ---
[33mserver_1      |[0m INFO:__main__:⚡ Using Custom Aggregator with Drift Metric...
[33mserver_1      |[0m INFO:server.aggregator:Starting FedAvg aggregation for 5 clients.
[32;1mclient_007_1  |[0m 2026-01-27 13:20:09,590 - __main__ - INFO - --- New Round Detected: 23 ---
[33mserver_1      |[0m INFO:werkzeug:172.18.0.8 - - [27/Jan/2026 13:20:09] "GET /download_model?round=23 HTTP/1.1" 200 -
[35mclient_003_1  |[0m 2026-01-27 13:20:09,899 - __main__ - INFO - --- New Round Detected: 23 ---
[33mserver_1      |[0m INFO:werkzeug:172.18.0.6 - - [27/Jan/2026 13:20:09] "GET /download_model?round=23 HTTP/1.1" 200 -
[32;1mclient_007_1  |[0m 2026-01-27 13:20:10,165 - __main__ - INFO - Round 23 finished. Loss: 1.2255, Acc: 60.07%
[33mserver_1      |[0m INFO:werkzeug:172.18.0.8 - - [27/Jan/2026 13:20:10] "[31m[1mPOST /submit_update HTTP/1.1[0m" 400 -
[32;1mclient_007_1  |[0m 2026-01-27 13:20:10,230 - __main__ - ERROR - Update submission failed: {"error":"Not accepting updates"}
[32;1mclient_007_1  |[0m 
[32;1mclient_007_1  |[0m 2026-01-27 13:20:10,231 - __main__ - INFO - Update submitted for Round 23. Waiting...
[33mserver_1      |[0m INFO:server.aggregator:--- [METRIC] Weight Divergence: 0.8854
[33mserver_1      |[0m INFO:server.aggregator:FedAvg aggregation complete.
[33mserver_1      |[0m INFO:__main__:Aggregation complete.
[33mserver_1      |[0m ⏱️ [TIME] Client client_006 finished training in 0.02s
[33mserver_1      |[0m ⏱️ [TIME] Client client_010 finished training in 0.33s
[33mserver_1      |[0m ⏱️ [TIME] Client client_005 finished training in 2.82s
[33mserver_1      |[0m ⏱️ [TIME] Client client_002 finished training in 1.80s
[33mserver_1      |[0m ⏱️ [TIME] Client client_001 finished training in 0.30s
[33mserver_1      |[0m DEBUG: ⚠️ MY CUSTOM AGGREGATOR IS RUNNING ⚠️
[33mserver_1      |[0m INFO:__main__:--- Round 23 Acc: 32.36%, Loss: 2.0721 ---
[33mserver_1      |[0m INFO:__main__:--- Starting Round 24. Timeout: 300s ---
[33mserver_1      |[0m INFO:werkzeug:172.18.0.20 - - [27/Jan/2026 13:20:11] "POST /submit_update HTTP/1.1" 200 -
[33mclient_001_1  |[0m 2026-01-27 13:20:11,673 - __main__ - INFO - 🚀 Model update submitted successfully.
[33mclient_001_1  |[0m 2026-01-27 13:20:11,673 - __main__ - INFO - Update submitted for Round 23. Waiting...
[34;1mclient_009_1  |[0m 2026-01-27 13:20:12,128 - __main__ - INFO - --- New Round Detected: 24 ---
[33mserver_1      |[0m INFO:werkzeug:172.18.0.22 - - [27/Jan/2026 13:20:12] "GET /download_model?round=24 HTTP/1.1" 200 -
[36;1mclient_015_1  |[0m 2026-01-27 13:20:12,664 - __main__ - INFO - Round 0 finished. Loss: 0.8200, Acc: 71.57%
[35;1mclient_008_1  |[0m 2026-01-27 13:20:12,796 - __main__ - INFO - --- New Round Detected: 24 ---
[33mserver_1      |[0m INFO:werkzeug:172.18.0.18 - - [27/Jan/2026 13:20:12] "GET /download_model?round=24 HTTP/1.1" 200 -
[33;1mclient_006_1  |[0m 2026-01-27 13:20:13,526 - __main__ - INFO - --- New Round Detected: 24 ---
[33mserver_1      |[0m INFO:werkzeug:172.18.0.5 - - [27/Jan/2026 13:20:13] "GET /download_model?round=24 HTTP/1.1" 200 -
[33mserver_1      |[0m INFO:__main__:Received update from client_015
[33mserver_1      |[0m INFO:werkzeug:172.18.0.11 - - [27/Jan/2026 13:20:13] "POST /submit_update HTTP/1.1" 200 -
[33;1mclient_006_1  |[0m 2026-01-27 13:20:13,682 - __main__ - INFO - Round 24 finished. Loss: 1.9474, Acc: 35.71%
[33mserver_1      |[0m INFO:__main__:Received update from client_006
[33mserver_1      |[0m INFO:werkzeug:172.18.0.5 - - [27/Jan/2026 13:20:13] "POST /submit_update HTTP/1.1" 200 -
[33;1mclient_006_1  |[0m 2026-01-27 13:20:13,818 - __main__ - INFO - 🚀 Model update submitted successfully.
[33;1mclient_006_1  |[0m 2026-01-27 13:20:13,818 - __main__ - INFO - Update submitted for Round 24. Waiting...
[36;1mclient_015_1  |[0m 2026-01-27 13:20:13,882 - __main__ - INFO - 🚀 Model update submitted successfully.
[36;1mclient_015_1  |[0m 2026-01-27 13:20:13,882 - __main__ - INFO - Update submitted for Round 0. Waiting...
[34mclient_004_1  |[0m 2026-01-27 13:20:14,149 - __main__ - INFO - Round 23 finished. Loss: 0.8250, Acc: 75.61%
[33mserver_1      |[0m INFO:__main__:Received update from client_004
[33mserver_1      |[0m INFO:werkzeug:172.18.0.21 - - [27/Jan/2026 13:20:14] "POST /submit_update HTTP/1.1" 200 -
[36mclient_010_1  |[0m 2026-01-27 13:20:14,262 - __main__ - INFO - --- New Round Detected: 24 ---
[34mclient_004_1  |[0m 2026-01-27 13:20:14,286 - __main__ - INFO - 🚀 Model update submitted successfully.
[34mclient_004_1  |[0m 2026-01-27 13:20:14,286 - __main__ - INFO - Update submitted for Round 23. Waiting...
[33mserver_1      |[0m INFO:werkzeug:172.18.0.17 - - [27/Jan/2026 13:20:14] "GET /download_model?round=24 HTTP/1.1" 200 -
[35;1mclient_008_1  |[0m 2026-01-27 13:20:14,672 - __main__ - INFO - Round 24 finished. Loss: 0.4844, Acc: 96.90%
[36;1mclient_005_1  |[0m 2026-01-27 13:20:14,734 - __main__ - INFO - --- New Round Detected: 24 ---
[33mserver_1      |[0m INFO:werkzeug:172.18.0.7 - - [27/Jan/2026 13:20:14] "GET /download_model?round=24 HTTP/1.1" 200 -
[33mserver_1      |[0m INFO:__main__:Received update from client_008
[33mserver_1      |[0m INFO:werkzeug:172.18.0.18 - - [27/Jan/2026 13:20:14] "POST /submit_update HTTP/1.1" 200 -
[35;1mclient_008_1  |[0m 2026-01-27 13:20:14,827 - __main__ - INFO - 🚀 Model update submitted successfully.
[35;1mclient_008_1  |[0m 2026-01-27 13:20:14,827 - __main__ - INFO - Update submitted for Round 24. Waiting...
[36mclient_010_1  |[0m 2026-01-27 13:20:15,009 - __main__ - INFO - Round 24 finished. Loss: 0.3643, Acc: 97.79%
[33mserver_1      |[0m INFO:__main__:Received update from client_010
[33mserver_1      |[0m INFO:__main__:--- Aggregating 5 updates ---
[33mserver_1      |[0m INFO:__main__:⚡ Using Custom Aggregator with Drift Metric...
[33mserver_1      |[0m INFO:server.aggregator:Starting FedAvg aggregation for 5 clients.
[34;1mclient_009_1  |[0m 2026-01-27 13:20:15,343 - __main__ - INFO - Round 24 finished. Loss: 1.0181, Acc: 69.35%
[33mserver_1      |[0m INFO:werkzeug:172.18.0.22 - - [27/Jan/2026 13:20:15] "[31m[1mPOST /submit_update HTTP/1.1[0m" 400 -
[34;1mclient_009_1  |[0m 2026-01-27 13:20:15,408 - __main__ - ERROR - Update submission failed: {"error":"Not accepting updates"}
[34;1mclient_009_1  |[0m 
[34;1mclient_009_1  |[0m 2026-01-27 13:20:15,408 - __main__ - INFO - Update submitted for Round 24. Waiting...
[33mserver_1      |[0m INFO:server.aggregator:--- [METRIC] Weight Divergence: 2.3659
[33mserver_1      |[0m INFO:server.aggregator:FedAvg aggregation complete.
[33mserver_1      |[0m INFO:__main__:Aggregation complete.
[33mserver_1      |[0m ⏱️ [TIME] Client client_015 finished training in 216.44s
[33mserver_1      |[0m ⏱️ [TIME] Client client_006 finished training in 0.02s
[33mserver_1      |[0m ⏱️ [TIME] Client client_004 finished training in 7.03s
[33mserver_1      |[0m ⏱️ [TIME] Client client_008 finished training in 1.73s
[33mserver_1      |[0m ⏱️ [TIME] Client client_010 finished training in 0.59s
[33mserver_1      |[0m DEBUG: ⚠️ MY CUSTOM AGGREGATOR IS RUNNING ⚠️
[33mserver_1      |[0m INFO:__main__:--- Round 24 Acc: 38.27%, Loss: 1.8231 ---
[33mserver_1      |[0m INFO:__main__:--- Starting Round 25. Timeout: 300s ---
[33mserver_1      |[0m INFO:werkzeug:172.18.0.17 - - [27/Jan/2026 13:20:17] "POST /submit_update HTTP/1.1" 200 -
[36mclient_010_1  |[0m 2026-01-27 13:20:17,364 - __main__ - INFO - 🚀 Model update submitted successfully.
[36mclient_010_1  |[0m 2026-01-27 13:20:17,365 - __main__ - INFO - Update submitted for Round 24. Waiting...
[36;1mclient_005_1  |[0m 2026-01-27 13:20:17,500 - __main__ - INFO - Round 24 finished. Loss: 0.3351, Acc: 93.85%
[32mclient_002_1  |[0m 2026-01-27 13:20:17,508 - __main__ - INFO - --- New Round Detected: 25 ---
[33mserver_1      |[0m INFO:werkzeug:172.18.0.19 - - [27/Jan/2026 13:20:17] "GET /download_model?round=25 HTTP/1.1" 200 -
[33mserver_1      |[0m INFO:__main__:Received update from client_005
[33mserver_1      |[0m INFO:werkzeug:172.18.0.7 - - [27/Jan/2026 13:20:17] "POST /submit_update HTTP/1.1" 200 -
[36;1mclient_005_1  |[0m 2026-01-27 13:20:17,640 - __main__ - INFO - 🚀 Model update submitted successfully.
[36;1mclient_005_1  |[0m 2026-01-27 13:20:17,640 - __main__ - INFO - Update submitted for Round 24. Waiting...
[32mclient_002_1  |[0m 2026-01-27 13:20:19,754 - __main__ - INFO - Round 25 finished. Loss: 0.5563, Acc: 92.09%
[33mserver_1      |[0m INFO:__main__:Received update from client_002
[33mserver_1      |[0m INFO:werkzeug:172.18.0.19 - - [27/Jan/2026 13:20:19] "POST /submit_update HTTP/1.1" 200 -
[32mclient_002_1  |[0m 2026-01-27 13:20:19,910 - __main__ - INFO - 🚀 Model update submitted successfully.
[32mclient_002_1  |[0m 2026-01-27 13:20:19,910 - __main__ - INFO - Update submitted for Round 25. Waiting...
[32;1mclient_007_1  |[0m 2026-01-27 13:20:20,309 - __main__ - INFO - --- New Round Detected: 25 ---
[33mserver_1      |[0m INFO:werkzeug:172.18.0.8 - - [27/Jan/2026 13:20:20] "GET /download_model?round=25 HTTP/1.1" 200 -
[32;1mclient_007_1  |[0m 2026-01-27 13:20:20,891 - __main__ - INFO - Round 25 finished. Loss: 1.2438, Acc: 56.04%
[33mserver_1      |[0m INFO:__main__:Received update from client_007
[33mserver_1      |[0m INFO:werkzeug:172.18.0.8 - - [27/Jan/2026 13:20:20] "POST /submit_update HTTP/1.1" 200 -
[32;1mclient_007_1  |[0m 2026-01-27 13:20:21,025 - __main__ - INFO - 🚀 Model update submitted successfully.
[32;1mclient_007_1  |[0m 2026-01-27 13:20:21,026 - __main__ - INFO - Update submitted for Round 25. Waiting...
[33mclient_001_1  |[0m 2026-01-27 13:20:21,740 - __main__ - INFO - --- New Round Detected: 25 ---
[33mserver_1      |[0m INFO:werkzeug:172.18.0.20 - - [27/Jan/2026 13:20:21] "GET /download_model?round=25 HTTP/1.1" 200 -
[33mclient_001_1  |[0m 2026-01-27 13:20:22,398 - __main__ - INFO - Round 25 finished. Loss: 0.4011, Acc: 99.35%
[33mserver_1      |[0m INFO:__main__:Received update from client_001
[33mserver_1      |[0m INFO:werkzeug:172.18.0.20 - - [27/Jan/2026 13:20:22] "POST /submit_update HTTP/1.1" 200 -
[33mclient_001_1  |[0m 2026-01-27 13:20:22,531 - __main__ - INFO - 🚀 Model update submitted successfully.
[33mclient_001_1  |[0m 2026-01-27 13:20:22,531 - __main__ - INFO - Update submitted for Round 25. Waiting...
[33;1mclient_006_1  |[0m 2026-01-27 13:20:23,879 - __main__ - INFO - --- New Round Detected: 25 ---
[33mserver_1      |[0m INFO:werkzeug:172.18.0.5 - - [27/Jan/2026 13:20:23] "GET /download_model?round=25 HTTP/1.1" 200 -
[33;1mclient_006_1  |[0m 2026-01-27 13:20:24,027 - __main__ - INFO - Round 25 finished. Loss: 1.0748, Acc: 64.29%
[33mserver_1      |[0m INFO:__main__:Received update from client_006
[33mserver_1      |[0m INFO:__main__:--- Aggregating 5 updates ---
[33mserver_1      |[0m INFO:__main__:⚡ Using Custom Aggregator with Drift Metric...
[33mserver_1      |[0m INFO:server.aggregator:Starting FedAvg aggregation for 5 clients.
[36;1mclient_015_1  |[0m 2026-01-27 13:20:24,314 - __main__ - INFO - --- New Round Detected: 25 ---
[34mclient_004_1  |[0m 2026-01-27 13:20:24,351 - __main__ - INFO - --- New Round Detected: 25 ---
[33mserver_1      |[0m INFO:werkzeug:172.18.0.21 - - [27/Jan/2026 13:20:24] "GET /download_model?round=25 HTTP/1.1" 200 -
[33mserver_1      |[0m INFO:werkzeug:172.18.0.11 - - [27/Jan/2026 13:20:24] "GET /download_model?round=25 HTTP/1.1" 200 -
[35;1mclient_008_1  |[0m 2026-01-27 13:20:24,903 - __main__ - INFO - --- New Round Detected: 25 ---
[33mserver_1      |[0m INFO:werkzeug:172.18.0.18 - - [27/Jan/2026 13:20:24] "GET /download_model?round=25 HTTP/1.1" 200 -
[34;1mclient_009_1  |[0m 2026-01-27 13:20:25,482 - __main__ - INFO - --- New Round Detected: 25 ---
[33mserver_1      |[0m INFO:werkzeug:172.18.0.22 - - [27/Jan/2026 13:20:25] "GET /download_model?round=25 HTTP/1.1" 200 -
[33mserver_1      |[0m INFO:server.aggregator:--- [METRIC] Weight Divergence: 1.0248
[33mserver_1      |[0m INFO:server.aggregator:FedAvg aggregation complete.
[33mserver_1      |[0m INFO:__main__:Aggregation complete.
[33mserver_1      |[0m ⏱️ [TIME] Client client_005 finished training in 2.63s
[33mserver_1      |[0m ⏱️ [TIME] Client client_002 finished training in 2.12s
[33mserver_1      |[0m ⏱️ [TIME] Client client_007 finished training in 0.45s
[33mserver_1      |[0m ⏱️ [TIME] Client client_001 finished training in 0.53s
[33mserver_1      |[0m ⏱️ [TIME] Client client_006 finished training in 0.02s
[33mserver_1      |[0m DEBUG: ⚠️ MY CUSTOM AGGREGATOR IS RUNNING ⚠️
[35mclient_003_1  |[0m 2026-01-27 13:20:26,368 - __main__ - INFO - Round 23 finished. Loss: 0.9095, Acc: 73.23%
[33mserver_1      |[0m INFO:werkzeug:172.18.0.6 - - [27/Jan/2026 13:20:26] "[31m[1mPOST /submit_update HTTP/1.1[0m" 400 -
[35mclient_003_1  |[0m 2026-01-27 13:20:26,535 - __main__ - ERROR - Update submission failed: {"error":"Not accepting updates"}
[35mclient_003_1  |[0m 
[35mclient_003_1  |[0m 2026-01-27 13:20:26,535 - __main__ - INFO - Update submitted for Round 23. Waiting...
[35;1mclient_008_1  |[0m 2026-01-27 13:20:26,837 - __main__ - INFO - Round 25 finished. Loss: 0.3612, Acc: 96.30%
[33mserver_1      |[0m INFO:werkzeug:172.18.0.18 - - [27/Jan/2026 13:20:26] "[31m[1mPOST /submit_update HTTP/1.1[0m" 400 -
[35;1mclient_008_1  |[0m 2026-01-27 13:20:26,903 - __main__ - ERROR - Update submission failed: {"error":"Not accepting updates"}
[35;1mclient_008_1  |[0m 
[35;1mclient_008_1  |[0m 2026-01-27 13:20:26,903 - __main__ - INFO - Update submitted for Round 25. Waiting...
[33mserver_1      |[0m INFO:__main__:--- Round 25 Acc: 26.34%, Loss: 2.1096 ---
[33mserver_1      |[0m INFO:__main__:--- Starting Round 26. Timeout: 300s ---
[36mclient_010_1  |[0m 2026-01-27 13:20:27,427 - __main__ - INFO - --- New Round Detected: 25 ---
[33mserver_1      |[0m INFO:werkzeug:172.18.0.17 - - [27/Jan/2026 13:20:27] "GET /download_model?round=25 HTTP/1.1" 200 -
[33mserver_1      |[0m INFO:werkzeug:172.18.0.5 - - [27/Jan/2026 13:20:27] "POST /submit_update HTTP/1.1" 200 -
[33;1mclient_006_1  |[0m 2026-01-27 13:20:27,529 - __main__ - INFO - 🚀 Model update submitted successfully.
[33;1mclient_006_1  |[0m 2026-01-27 13:20:27,529 - __main__ - INFO - Update submitted for Round 25. Waiting...
[36;1mclient_005_1  |[0m 2026-01-27 13:20:27,705 - __main__ - INFO - --- New Round Detected: 26 ---
[33mserver_1      |[0m INFO:werkzeug:172.18.0.7 - - [27/Jan/2026 13:20:27] "GET /download_model?round=26 HTTP/1.1" 200 -
[36mclient_010_1  |[0m 2026-01-27 13:20:28,234 - __main__ - INFO - Round 25 finished. Loss: 0.4689, Acc: 97.91%
[33mserver_1      |[0m INFO:__main__:Received update from client_010
[33mserver_1      |[0m INFO:werkzeug:172.18.0.17 - - [27/Jan/2026 13:20:28] "POST /submit_update HTTP/1.1" 200 -
[36mclient_010_1  |[0m 2026-01-27 13:20:28,370 - __main__ - INFO - 🚀 Model update submitted successfully.
[36mclient_010_1  |[0m 2026-01-27 13:20:28,370 - __main__ - INFO - Update submitted for Round 25. Waiting...
[34;1mclient_009_1  |[0m 2026-01-27 13:20:28,754 - __main__ - INFO - Round 25 finished. Loss: 0.9493, Acc: 69.94%
[33mserver_1      |[0m INFO:__main__:Received update from client_009
[33mserver_1      |[0m INFO:werkzeug:172.18.0.22 - - [27/Jan/2026 13:20:28] "POST /submit_update HTTP/1.1" 200 -
[34;1mclient_009_1  |[0m 2026-01-27 13:20:28,888 - __main__ - INFO - 🚀 Model update submitted successfully.
[34;1mclient_009_1  |[0m 2026-01-27 13:20:28,888 - __main__ - INFO - Update submitted for Round 25. Waiting...
[32mclient_002_1  |[0m 2026-01-27 13:20:29,972 - __main__ - INFO - --- New Round Detected: 26 ---
[33mserver_1      |[0m INFO:werkzeug:172.18.0.19 - - [27/Jan/2026 13:20:29] "GET /download_model?round=26 HTTP/1.1" 200 -
[36;1mclient_005_1  |[0m 2026-01-27 13:20:30,783 - __main__ - INFO - Round 26 finished. Loss: 0.3219, Acc: 94.53%
[33mserver_1      |[0m INFO:__main__:Received update from client_005
[33mserver_1      |[0m INFO:werkzeug:172.18.0.7 - - [27/Jan/2026 13:20:30] "POST /submit_update HTTP/1.1" 200 -
[36;1mclient_005_1  |[0m 2026-01-27 13:20:30,920 - __main__ - INFO - 🚀 Model update submitted successfully.
[36;1mclient_005_1  |[0m 2026-01-27 13:20:30,920 - __main__ - INFO - Update submitted for Round 26. Waiting...
[32;1mclient_007_1  |[0m 2026-01-27 13:20:31,105 - __main__ - INFO - --- New Round Detected: 26 ---
[33mserver_1      |[0m INFO:werkzeug:172.18.0.8 - - [27/Jan/2026 13:20:31] "GET /download_model?round=26 HTTP/1.1" 200 -
[32;1mclient_007_1  |[0m 2026-01-27 13:20:31,730 - __main__ - INFO - Round 26 finished. Loss: 1.1447, Acc: 63.55%
[33mserver_1      |[0m INFO:__main__:Received update from client_007
[33mserver_1      |[0m INFO:werkzeug:172.18.0.8 - - [27/Jan/2026 13:20:31] "POST /submit_update HTTP/1.1" 200 -
[32;1mclient_007_1  |[0m 2026-01-27 13:20:31,866 - __main__ - INFO - 🚀 Model update submitted successfully.
[32;1mclient_007_1  |[0m 2026-01-27 13:20:31,867 - __main__ - INFO - Update submitted for Round 26. Waiting...
[32mclient_002_1  |[0m 2026-01-27 13:20:32,037 - __main__ - INFO - Round 26 finished. Loss: 0.5823, Acc: 92.19%
[33mserver_1      |[0m INFO:__main__:Received update from client_002
[33mserver_1      |[0m INFO:__main__:--- Aggregating 5 updates ---
[33mserver_1      |[0m INFO:__main__:⚡ Using Custom Aggregator with Drift Metric...
[33mserver_1      |[0m INFO:server.aggregator:Starting FedAvg aggregation for 5 clients.
[34mclient_004_1  |[0m 2026-01-27 13:20:32,585 - __main__ - INFO - Round 25 finished. Loss: 0.7983, Acc: 76.46%
[33mserver_1      |[0m INFO:werkzeug:172.18.0.21 - - [27/Jan/2026 13:20:32] "[31m[1mPOST /submit_update HTTP/1.1[0m" 400 -
[33mclient_001_1  |[0m 2026-01-27 13:20:32,622 - __main__ - INFO - --- New Round Detected: 26 ---
[34mclient_004_1  |[0m 2026-01-27 13:20:32,656 - __main__ - ERROR - Update submission failed: {"error":"Not accepting updates"}
[34mclient_004_1  |[0m 
[34mclient_004_1  |[0m 2026-01-27 13:20:32,656 - __main__ - INFO - Update submitted for Round 25. Waiting...
[33mserver_1      |[0m INFO:werkzeug:172.18.0.20 - - [27/Jan/2026 13:20:32] "GET /download_model?round=26 HTTP/1.1" 200 -
[33mclient_001_1  |[0m 2026-01-27 13:20:33,179 - __main__ - INFO - Round 26 finished. Loss: 0.4504, Acc: 96.76%
[33mserver_1      |[0m INFO:werkzeug:172.18.0.20 - - [27/Jan/2026 13:20:33] "[31m[1mPOST /submit_update HTTP/1.1[0m" 400 -
[33mclient_001_1  |[0m 2026-01-27 13:20:33,243 - __main__ - ERROR - Update submission failed: {"error":"Not accepting updates"}
[33mclient_001_1  |[0m 
[33mclient_001_1  |[0m 2026-01-27 13:20:33,244 - __main__ - INFO - Update submitted for Round 26. Waiting...
[33mserver_1      |[0m INFO:server.aggregator:--- [METRIC] Weight Divergence: 0.9301
[33mserver_1      |[0m INFO:server.aggregator:FedAvg aggregation complete.
[33mserver_1      |[0m INFO:__main__:Aggregation complete.
[33mserver_1      |[0m ⏱️ [TIME] Client client_010 finished training in 0.68s
[33mserver_1      |[0m ⏱️ [TIME] Client client_009 finished training in 3.11s
[33mserver_1      |[0m ⏱️ [TIME] Client client_005 finished training in 2.95s
[33mserver_1      |[0m ⏱️ [TIME] Client client_007 finished training in 0.46s
[33mserver_1      |[0m ⏱️ [TIME] Client client_002 finished training in 1.94s
[33mserver_1      |[0m DEBUG: ⚠️ MY CUSTOM AGGREGATOR IS RUNNING ⚠️
[33mserver_1      |[0m INFO:__main__:--- Round 26 Acc: 36.36%, Loss: 1.8745 ---
[33mserver_1      |[0m INFO:__main__:--- Starting Round 27. Timeout: 300s ---
[33mserver_1      |[0m INFO:werkzeug:172.18.0.19 - - [27/Jan/2026 13:20:34] "POST /submit_update HTTP/1.1" 200 -
[32mclient_002_1  |[0m 2026-01-27 13:20:34,797 - __main__ - INFO - 🚀 Model update submitted successfully.
[32mclient_002_1  |[0m 2026-01-27 13:20:34,797 - __main__ - INFO - Update submitted for Round 26. Waiting...
[35mclient_003_1  |[0m 2026-01-27 13:20:36,611 - __main__ - INFO - --- New Round Detected: 27 ---
[33mserver_1      |[0m INFO:werkzeug:172.18.0.6 - - [27/Jan/2026 13:20:36] "GET /download_model?round=27 HTTP/1.1" 200 -
[35;1mclient_008_1  |[0m 2026-01-27 13:20:36,964 - __main__ - INFO - --- New Round Detected: 27 ---
[33mserver_1      |[0m INFO:werkzeug:172.18.0.18 - - [27/Jan/2026 13:20:36] "GET /download_model?round=27 HTTP/1.1" 200 -
[33;1mclient_006_1  |[0m 2026-01-27 13:20:37,590 - __main__ - INFO - --- New Round Detected: 27 ---
[33mserver_1      |[0m INFO:werkzeug:172.18.0.5 - - [27/Jan/2026 13:20:37] "GET /download_model?round=27 HTTP/1.1" 200 -
[33;1mclient_006_1  |[0m 2026-01-27 13:20:37,752 - __main__ - INFO - Round 27 finished. Loss: 1.5173, Acc: 35.71%
[33mserver_1      |[0m INFO:__main__:Received update from client_006
[33mserver_1      |[0m INFO:werkzeug:172.18.0.5 - - [27/Jan/2026 13:20:37] "POST /submit_update HTTP/1.1" 200 -
[33;1mclient_006_1  |[0m 2026-01-27 13:20:37,888 - __main__ - INFO - 🚀 Model update submitted successfully.
[33;1mclient_006_1  |[0m 2026-01-27 13:20:37,888 - __main__ - INFO - Update submitted for Round 27. Waiting...
[36mclient_010_1  |[0m 2026-01-27 13:20:38,433 - __main__ - INFO - --- New Round Detected: 27 ---
[33mserver_1      |[0m INFO:werkzeug:172.18.0.17 - - [27/Jan/2026 13:20:38] "GET /download_model?round=27 HTTP/1.1" 200 -
[35;1mclient_008_1  |[0m 2026-01-27 13:20:38,817 - __main__ - INFO - Round 27 finished. Loss: 0.4437, Acc: 96.01%
[33mserver_1      |[0m INFO:__main__:Received update from client_008
[33mserver_1      |[0m INFO:werkzeug:172.18.0.18 - - [27/Jan/2026 13:20:38] "POST /submit_update HTTP/1.1" 200 -
[34;1mclient_009_1  |[0m 2026-01-27 13:20:38,951 - __main__ - INFO - --- New Round Detected: 27 ---
[35;1mclient_008_1  |[0m 2026-01-27 13:20:38,953 - __main__ - INFO - 🚀 Model update submitted successfully.
[35;1mclient_008_1  |[0m 2026-01-27 13:20:38,953 - __main__ - INFO - Update submitted for Round 27. Waiting...
[33mserver_1      |[0m INFO:werkzeug:172.18.0.22 - - [27/Jan/2026 13:20:38] "GET /download_model?round=27 HTTP/1.1" 200 -
[36mclient_010_1  |[0m 2026-01-27 13:20:39,246 - __main__ - INFO - Round 27 finished. Loss: 0.3179, Acc: 97.91%
[33mserver_1      |[0m INFO:__main__:Received update from client_010
[33mserver_1      |[0m INFO:werkzeug:172.18.0.17 - - [27/Jan/2026 13:20:39] "POST /submit_update HTTP/1.1" 200 -
[36mclient_010_1  |[0m 2026-01-27 13:20:39,401 - __main__ - INFO - 🚀 Model update submitted successfully.
[36mclient_010_1  |[0m 2026-01-27 13:20:39,402 - __main__ - INFO - Update submitted for Round 27. Waiting...
[36;1mclient_005_1  |[0m 2026-01-27 13:20:40,999 - __main__ - INFO - --- New Round Detected: 27 ---
[33mserver_1      |[0m INFO:werkzeug:172.18.0.7 - - [27/Jan/2026 13:20:41] "GET /download_model?round=27 HTTP/1.1" 200 -
[32;1mclient_007_1  |[0m 2026-01-27 13:20:41,931 - __main__ - INFO - --- New Round Detected: 27 ---
[33mserver_1      |[0m INFO:werkzeug:172.18.0.8 - - [27/Jan/2026 13:20:41] "GET /download_model?round=27 HTTP/1.1" 200 -
[34;1mclient_009_1  |[0m 2026-01-27 13:20:42,067 - __main__ - INFO - Round 27 finished. Loss: 0.8966, Acc: 71.51%
[33mserver_1      |[0m INFO:__main__:Received update from client_009
[33mserver_1      |[0m INFO:werkzeug:172.18.0.22 - - [27/Jan/2026 13:20:42] "POST /submit_update HTTP/1.1" 200 -
[34;1mclient_009_1  |[0m 2026-01-27 13:20:42,202 - __main__ - INFO - 🚀 Model update submitted successfully.
[34;1mclient_009_1  |[0m 2026-01-27 13:20:42,202 - __main__ - INFO - Update submitted for Round 27. Waiting...
[32;1mclient_007_1  |[0m 2026-01-27 13:20:42,518 - __main__ - INFO - Round 27 finished. Loss: 1.2034, Acc: 61.17%
[33mserver_1      |[0m INFO:__main__:Received update from client_007
[33mserver_1      |[0m INFO:__main__:--- Aggregating 5 updates ---
[33mserver_1      |[0m INFO:__main__:⚡ Using Custom Aggregator with Drift Metric...
[33mserver_1      |[0m INFO:server.aggregator:Starting FedAvg aggregation for 5 clients.
[34mclient_004_1  |[0m 2026-01-27 13:20:42,805 - __main__ - INFO - --- New Round Detected: 27 ---
[33mserver_1      |[0m INFO:werkzeug:172.18.0.21 - - [27/Jan/2026 13:20:42] "GET /download_model?round=27 HTTP/1.1" 200 -
[33mclient_001_1  |[0m 2026-01-27 13:20:43,314 - __main__ - INFO - --- New Round Detected: 27 ---
[33mserver_1      |[0m INFO:werkzeug:172.18.0.20 - - [27/Jan/2026 13:20:43] "GET /download_model?round=27 HTTP/1.1" 200 -
[36;1mclient_005_1  |[0m 2026-01-27 13:20:43,857 - __main__ - INFO - Round 27 finished. Loss: 0.3906, Acc: 94.41%
[33mserver_1      |[0m INFO:werkzeug:172.18.0.7 - - [27/Jan/2026 13:20:43] "[31m[1mPOST /submit_update HTTP/1.1[0m" 400 -
[33mclient_001_1  |[0m 2026-01-27 13:20:43,917 - __main__ - INFO - Round 27 finished. Loss: 0.3064, Acc: 98.38%
[36;1mclient_005_1  |[0m 2026-01-27 13:20:43,920 - __main__ - ERROR - Update submission failed: {"error":"Not accepting updates"}
[36;1mclient_005_1  |[0m 
[36;1mclient_005_1  |[0m 2026-01-27 13:20:43,921 - __main__ - INFO - Update submitted for Round 27. Waiting...
[33mserver_1      |[0m INFO:werkzeug:172.18.0.20 - - [27/Jan/2026 13:20:43] "[31m[1mPOST /submit_update HTTP/1.1[0m" 400 -
[33mclient_001_1  |[0m 2026-01-27 13:20:43,983 - __main__ - ERROR - Update submission failed: {"error":"Not accepting updates"}
[33mclient_001_1  |[0m 
[33mclient_001_1  |[0m 2026-01-27 13:20:43,984 - __main__ - INFO - Update submitted for Round 27. Waiting...
[33mserver_1      |[0m INFO:server.aggregator:--- [METRIC] Weight Divergence: 0.7644
[33mserver_1      |[0m INFO:server.aggregator:FedAvg aggregation complete.
[33mserver_1      |[0m INFO:__main__:Aggregation complete.
[33mserver_1      |[0m ⏱️ [TIME] Client client_006 finished training in 0.03s
[33mserver_1      |[0m ⏱️ [TIME] Client client_008 finished training in 1.72s
[33mserver_1      |[0m ⏱️ [TIME] Client client_010 finished training in 0.69s
[33mserver_1      |[0m ⏱️ [TIME] Client client_009 finished training in 2.99s
[33mserver_1      |[0m ⏱️ [TIME] Client client_007 finished training in 0.46s
[33mserver_1      |[0m DEBUG: ⚠️ MY CUSTOM AGGREGATOR IS RUNNING ⚠️
[32mclient_002_1  |[0m 2026-01-27 13:20:44,860 - __main__ - INFO - --- New Round Detected: 27 ---
[33mserver_1      |[0m INFO:werkzeug:172.18.0.19 - - [27/Jan/2026 13:20:44] "GET /download_model?round=27 HTTP/1.1" 200 -
[33mserver_1      |[0m INFO:__main__:--- Round 27 Acc: 33.37%, Loss: 2.0133 ---
[33mserver_1      |[0m INFO:__main__:--- Starting Round 28. Timeout: 300s ---
[33mserver_1      |[0m INFO:werkzeug:172.18.0.8 - - [27/Jan/2026 13:20:45] "POST /submit_update HTTP/1.1" 200 -
[32;1mclient_007_1  |[0m 2026-01-27 13:20:45,531 - __main__ - INFO - 🚀 Model update submitted successfully.
[32;1mclient_007_1  |[0m 2026-01-27 13:20:45,532 - __main__ - INFO - Update submitted for Round 27. Waiting...
[32mclient_002_1  |[0m 2026-01-27 13:20:47,152 - __main__ - INFO - Round 27 finished. Loss: 0.4912, Acc: 92.29%
[33mserver_1      |[0m INFO:__main__:Received update from client_002
[33mserver_1      |[0m INFO:werkzeug:172.18.0.19 - - [27/Jan/2026 13:20:47] "POST /submit_update HTTP/1.1" 200 -
[32mclient_002_1  |[0m 2026-01-27 13:20:47,287 - __main__ - INFO - 🚀 Model update submitted successfully.
[32mclient_002_1  |[0m 2026-01-27 13:20:47,287 - __main__ - INFO - Update submitted for Round 27. Waiting...
[33;1mclient_006_1  |[0m 2026-01-27 13:20:47,952 - __main__ - INFO - --- New Round Detected: 28 ---
[33mserver_1      |[0m INFO:werkzeug:172.18.0.5 - - [27/Jan/2026 13:20:47] "GET /download_model?round=28 HTTP/1.1" 200 -
[33;1mclient_006_1  |[0m 2026-01-27 13:20:48,100 - __main__ - INFO - Round 28 finished. Loss: 1.1478, Acc: 57.14%
[33mserver_1      |[0m INFO:__main__:Received update from client_006
[33mserver_1      |[0m INFO:werkzeug:172.18.0.5 - - [27/Jan/2026 13:20:48] "POST /submit_update HTTP/1.1" 200 -
[33;1mclient_006_1  |[0m 2026-01-27 13:20:48,236 - __main__ - INFO - 🚀 Model update submitted successfully.
[33;1mclient_006_1  |[0m 2026-01-27 13:20:48,236 - __main__ - INFO - Update submitted for Round 28. Waiting...
[35;1mclient_008_1  |[0m 2026-01-27 13:20:49,052 - __main__ - INFO - --- New Round Detected: 28 ---
[33mserver_1      |[0m INFO:werkzeug:172.18.0.18 - - [27/Jan/2026 13:20:49] "GET /download_model?round=28 HTTP/1.1" 200 -
[36mclient_010_1  |[0m 2026-01-27 13:20:49,466 - __main__ - INFO - --- New Round Detected: 28 ---
[33mserver_1      |[0m INFO:werkzeug:172.18.0.17 - - [27/Jan/2026 13:20:49] "GET /download_model?round=28 HTTP/1.1" 200 -
[36mclient_010_1  |[0m 2026-01-27 13:20:50,278 - __main__ - INFO - Round 28 finished. Loss: 0.2671, Acc: 97.91%
[35;1mclient_008_1  |[0m 2026-01-27 13:20:50,322 - __main__ - INFO - Round 28 finished. Loss: 0.2391, Acc: 98.13%
[33mserver_1      |[0m INFO:__main__:Received update from client_010
[33mserver_1      |[0m INFO:werkzeug:172.18.0.17 - - [27/Jan/2026 13:20:50] "POST /submit_update HTTP/1.1" 200 -
[36mclient_010_1  |[0m 2026-01-27 13:20:50,413 - __main__ - INFO - 🚀 Model update submitted successfully.
[36mclient_010_1  |[0m 2026-01-27 13:20:50,413 - __main__ - INFO - Update submitted for Round 28. Waiting...
[33mserver_1      |[0m INFO:__main__:Received update from client_008
[33mserver_1      |[0m INFO:werkzeug:172.18.0.18 - - [27/Jan/2026 13:20:50] "POST /submit_update HTTP/1.1" 200 -
[35;1mclient_008_1  |[0m 2026-01-27 13:20:50,482 - __main__ - INFO - 🚀 Model update submitted successfully.
[35;1mclient_008_1  |[0m 2026-01-27 13:20:50,483 - __main__ - INFO - Update submitted for Round 28. Waiting...
[34mclient_004_1  |[0m 2026-01-27 13:20:50,902 - __main__ - INFO - Round 27 finished. Loss: 0.8473, Acc: 75.22%
[33mserver_1      |[0m INFO:__main__:Received update from client_004
[33mserver_1      |[0m INFO:__main__:--- Aggregating 5 updates ---
[33mserver_1      |[0m INFO:__main__:⚡ Using Custom Aggregator with Drift Metric...
[33mserver_1      |[0m INFO:server.aggregator:Starting FedAvg aggregation for 5 clients.
[34;1mclient_009_1  |[0m 2026-01-27 13:20:52,277 - __main__ - INFO - --- New Round Detected: 28 ---
[33mserver_1      |[0m INFO:werkzeug:172.18.0.22 - - [27/Jan/2026 13:20:52] "GET /download_model?round=28 HTTP/1.1" 200 -
[33mserver_1      |[0m INFO:server.aggregator:--- [METRIC] Weight Divergence: 1.1008
[33mserver_1      |[0m INFO:server.aggregator:FedAvg aggregation complete.
[33mserver_1      |[0m INFO:__main__:Aggregation complete.
[33mserver_1      |[0m ⏱️ [TIME] Client client_002 finished training in 2.16s
[33mserver_1      |[0m ⏱️ [TIME] Client client_006 finished training in 0.02s
[33mserver_1      |[0m ⏱️ [TIME] Client client_010 finished training in 0.67s
[33mserver_1      |[0m ⏱️ [TIME] Client client_008 finished training in 1.14s
[33mserver_1      |[0m ⏱️ [TIME] Client client_004 finished training in 7.97s
[33mserver_1      |[0m DEBUG: ⚠️ MY CUSTOM AGGREGATOR IS RUNNING ⚠️
[35mclient_003_1  |[0m 2026-01-27 13:20:53,680 - __main__ - INFO - Round 27 finished. Loss: 0.9878, Acc: 72.64%
[33mserver_1      |[0m INFO:werkzeug:172.18.0.6 - - [27/Jan/2026 13:20:53] "[31m[1mPOST /submit_update HTTP/1.1[0m" 400 -
[35mclient_003_1  |[0m 2026-01-27 13:20:53,747 - __main__ - ERROR - Update submission failed: {"error":"Not accepting updates"}
[35mclient_003_1  |[0m 
[35mclient_003_1  |[0m 2026-01-27 13:20:53,747 - __main__ - INFO - Update submitted for Round 27. Waiting...
[33mserver_1      |[0m INFO:__main__:--- Round 28 Acc: 42.40%, Loss: 1.7820 ---
[33mserver_1      |[0m INFO:__main__:--- Starting Round 29. Timeout: 300s ---
[33mserver_1      |[0m INFO:werkzeug:172.18.0.21 - - [27/Jan/2026 13:20:53] "POST /submit_update HTTP/1.1" 200 -
[34mclient_004_1  |[0m 2026-01-27 13:20:53,901 - __main__ - INFO - 🚀 Model update submitted successfully.
[34mclient_004_1  |[0m 2026-01-27 13:20:53,901 - __main__ - INFO - Update submitted for Round 27. Waiting...
[36;1mclient_005_1  |[0m 2026-01-27 13:20:53,987 - __main__ - INFO - --- New Round Detected: 29 ---
[33mserver_1      |[0m INFO:werkzeug:172.18.0.7 - - [27/Jan/2026 13:20:54] "GET /download_model?round=29 HTTP/1.1" 200 -
[33mclient_001_1  |[0m 2026-01-27 13:20:54,047 - __main__ - INFO - --- New Round Detected: 29 ---
[33mserver_1      |[0m INFO:werkzeug:172.18.0.20 - - [27/Jan/2026 13:20:54] "GET /download_model?round=29 HTTP/1.1" 200 -
[33mclient_001_1  |[0m 2026-01-27 13:20:54,663 - __main__ - INFO - Round 29 finished. Loss: 0.3205, Acc: 98.71%
[33mserver_1      |[0m INFO:__main__:Received update from client_001
[33mserver_1      |[0m INFO:werkzeug:172.18.0.20 - - [27/Jan/2026 13:20:54] "POST /submit_update HTTP/1.1" 200 -
[33mclient_001_1  |[0m 2026-01-27 13:20:54,800 - __main__ - INFO - 🚀 Model update submitted successfully.
[33mclient_001_1  |[0m 2026-01-27 13:20:54,800 - __main__ - INFO - Update submitted for Round 29. Waiting...
[34;1mclient_009_1  |[0m 2026-01-27 13:20:55,419 - __main__ - INFO - Round 28 finished. Loss: 0.8272, Acc: 71.64%
[33mserver_1      |[0m INFO:__main__:Received update from client_009
[33mserver_1      |[0m INFO:werkzeug:172.18.0.22 - - [27/Jan/2026 13:20:55] "POST /submit_update HTTP/1.1" 200 -
[34;1mclient_009_1  |[0m 2026-01-27 13:20:55,575 - __main__ - INFO - 🚀 Model update submitted successfully.
[34;1mclient_009_1  |[0m 2026-01-27 13:20:55,575 - __main__ - INFO - Update submitted for Round 28. Waiting...
[32;1mclient_007_1  |[0m 2026-01-27 13:20:55,597 - __main__ - INFO - --- New Round Detected: 29 ---
[33mserver_1      |[0m INFO:werkzeug:172.18.0.8 - - [27/Jan/2026 13:20:55] "GET /download_model?round=29 HTTP/1.1" 200 -
[32;1mclient_007_1  |[0m 2026-01-27 13:20:56,194 - __main__ - INFO - Round 29 finished. Loss: 1.1628, Acc: 63.19%
[33mserver_1      |[0m INFO:__main__:Received update from client_007
[33mserver_1      |[0m INFO:werkzeug:172.18.0.8 - - [27/Jan/2026 13:20:56] "POST /submit_update HTTP/1.1" 200 -
[32;1mclient_007_1  |[0m 2026-01-27 13:20:56,331 - __main__ - INFO - 🚀 Model update submitted successfully.
[32;1mclient_007_1  |[0m 2026-01-27 13:20:56,331 - __main__ - INFO - Update submitted for Round 29. Waiting...
[36;1mclient_005_1  |[0m 2026-01-27 13:20:56,738 - __main__ - INFO - Round 29 finished. Loss: 0.4171, Acc: 94.10%
[33mserver_1      |[0m INFO:__main__:Received update from client_005
[33mserver_1      |[0m INFO:werkzeug:172.18.0.7 - - [27/Jan/2026 13:20:56] "POST /submit_update HTTP/1.1" 200 -
[36;1mclient_005_1  |[0m 2026-01-27 13:20:56,873 - __main__ - INFO - 🚀 Model update submitted successfully.
[36;1mclient_005_1  |[0m 2026-01-27 13:20:56,874 - __main__ - INFO - Update submitted for Round 29. Waiting...
[32mclient_002_1  |[0m 2026-01-27 13:20:57,349 - __main__ - INFO - --- New Round Detected: 29 ---
[33mserver_1      |[0m INFO:werkzeug:172.18.0.19 - - [27/Jan/2026 13:20:57] "GET /download_model?round=29 HTTP/1.1" 200 -
[33;1mclient_006_1  |[0m 2026-01-27 13:20:58,297 - __main__ - INFO - --- New Round Detected: 29 ---
[33mserver_1      |[0m INFO:werkzeug:172.18.0.5 - - [27/Jan/2026 13:20:58] "GET /download_model?round=29 HTTP/1.1" 200 -
[33;1mclient_006_1  |[0m 2026-01-27 13:20:58,463 - __main__ - INFO - Round 29 finished. Loss: 1.0831, Acc: 71.43%
[33mserver_1      |[0m INFO:__main__:Received update from client_006
[33mserver_1      |[0m INFO:__main__:--- Aggregating 5 updates ---
[33mserver_1      |[0m INFO:__main__:⚡ Using Custom Aggregator with Drift Metric...
[33mserver_1      |[0m INFO:server.aggregator:Starting FedAvg aggregation for 5 clients.
[32mclient_002_1  |[0m 2026-01-27 13:20:59,524 - __main__ - INFO - Round 29 finished. Loss: 0.5342, Acc: 90.71%
[33mserver_1      |[0m INFO:werkzeug:172.18.0.19 - - [27/Jan/2026 13:20:59] "[31m[1mPOST /submit_update HTTP/1.1[0m" 400 -
[32mclient_002_1  |[0m 2026-01-27 13:20:59,587 - __main__ - ERROR - Update submission failed: {"error":"Not accepting updates"}
[32mclient_002_1  |[0m 
[32mclient_002_1  |[0m 2026-01-27 13:20:59,588 - __main__ - INFO - Update submitted for Round 29. Waiting...
[33mserver_1      |[0m INFO:server.aggregator:--- [METRIC] Weight Divergence: 0.9416
[33mserver_1      |[0m INFO:server.aggregator:FedAvg aggregation complete.
[33mserver_1      |[0m INFO:__main__:Aggregation complete.
[33mserver_1      |[0m ⏱️ [TIME] Client client_001 finished training in 0.49s
[33mserver_1      |[0m ⏱️ [TIME] Client client_009 finished training in 3.02s
[33mserver_1      |[0m ⏱️ [TIME] Client client_007 finished training in 0.47s
[33mserver_1      |[0m ⏱️ [TIME] Client client_005 finished training in 2.61s
[33mserver_1      |[0m ⏱️ [TIME] Client client_006 finished training in 0.02s
[33mserver_1      |[0m DEBUG: ⚠️ MY CUSTOM AGGREGATOR IS RUNNING ⚠️
[36mclient_010_1  |[0m 2026-01-27 13:21:00,479 - __main__ - INFO - --- New Round Detected: 29 ---
[33mserver_1      |[0m INFO:werkzeug:172.18.0.17 - - [27/Jan/2026 13:21:00] "GET /download_model?round=29 HTTP/1.1" 200 -
[35;1mclient_008_1  |[0m 2026-01-27 13:21:00,568 - __main__ - INFO - --- New Round Detected: 29 ---
[33mserver_1      |[0m INFO:werkzeug:172.18.0.18 - - [27/Jan/2026 13:21:00] "GET /download_model?round=29 HTTP/1.1" 200 -
[33mserver_1      |[0m INFO:__main__:--- Round 29 Acc: 41.61%, Loss: 1.7902 ---
[33mserver_1      |[0m INFO:__main__:---Final model saved ---
[33mserver_1      |[0m INFO:__main__:--- Training complete. ---
[33mserver_1      |[0m INFO:werkzeug:172.18.0.5 - - [27/Jan/2026 13:21:01] "POST /submit_update HTTP/1.1" 200 -
[36mclient_010_1  |[0m 2026-01-27 13:21:01,089 - __main__ - INFO - Round 29 finished. Loss: 0.3421, Acc: 97.91%
[33;1mclient_006_1  |[0m 2026-01-27 13:21:01,096 - __main__ - INFO - 🚀 Model update submitted successfully.
[33;1mclient_006_1  |[0m 2026-01-27 13:21:01,096 - __main__ - INFO - Update submitted for Round 29. Waiting...
[33mserver_1      |[0m INFO:werkzeug:172.18.0.17 - - [27/Jan/2026 13:21:01] "[31m[1mPOST /submit_update HTTP/1.1[0m" 400 -
[36mclient_010_1  |[0m 2026-01-27 13:21:01,151 - __main__ - ERROR - Update submission failed: {"error":"Not accepting updates"}
[36mclient_010_1  |[0m 
[36mclient_010_1  |[0m 2026-01-27 13:21:01,151 - __main__ - INFO - Update submitted for Round 29. Waiting...
[35;1mclient_008_1  |[0m 2026-01-27 13:21:01,823 - __main__ - INFO - Round 29 finished. Loss: 0.3802, Acc: 97.59%
[33mserver_1      |[0m INFO:werkzeug:172.18.0.18 - - [27/Jan/2026 13:21:01] "[31m[1mPOST /submit_update HTTP/1.1[0m" 400 -
[35;1mclient_008_1  |[0m 2026-01-27 13:21:01,888 - __main__ - ERROR - Update submission failed: {"error":"Not accepting updates"}
[35;1mclient_008_1  |[0m 
[35;1mclient_008_1  |[0m 2026-01-27 13:21:01,888 - __main__ - INFO - Update submitted for Round 29. Waiting...
[33mfl-rest_server_1 exited with code 0
[0mStopping fl-rest_client_010_1 ... 
Stopping fl-rest_client_001_1 ... 
Stopping fl-rest_client_011_1 ... 
Stopping fl-rest_client_004_1 ... 
Stopping fl-rest_client_018_1 ... 
Stopping fl-rest_client_002_1 ... 
Stopping fl-rest_client_014_1 ... 
Stopping fl-rest_client_020_1 ... 
Stopping fl-rest_client_016_1 ... 
Stopping fl-rest_client_015_1 ... 
Stopping fl-rest_client_012_1 ... 
Stopping fl-rest_client_019_1 ... 
Stopping fl-rest_client_008_1 ... 
Stopping fl-rest_client_009_1 ... 
Stopping fl-rest_client_005_1 ... 
Stopping fl-rest_client_003_1 ... 
Stopping fl-rest_client_007_1 ... 
Stopping fl-rest_client_017_1 ... 
Stopping fl-rest_client_006_1 ... 
Stopping fl-rest_client_013_1 ... 
Stopping docker-tc            ... 
Stopping docker-tc            ... done
Stopping fl-rest_client_013_1 ... done
Stopping fl-rest_client_015_1 ... done
Stopping fl-rest_client_018_1 ... done
Stopping fl-rest_client_012_1 ... done
Stopping fl-rest_client_014_1 ... done
Stopping fl-rest_client_020_1 ... done
Stopping fl-rest_client_019_1 ... done
Stopping fl-rest_client_011_1 ... done
Stopping fl-rest_client_017_1 ... done
Stopping fl-rest_client_016_1 ... done
Stopping fl-rest_client_008_1 ... done
Stopping fl-rest_client_001_1 ... done
Stopping fl-rest_client_005_1 ... done
Stopping fl-rest_client_004_1 ... done
Stopping fl-rest_client_003_1 ... done
Stopping fl-rest_client_006_1 ... done
Stopping fl-rest_client_002_1 ... done
Stopping fl-rest_client_010_1 ... done
Stopping fl-rest_client_009_1 ... done
Stopping fl-rest_client_007_1 ... done
Aborting on container exit...
