using --exit-code-from implies --abort-on-container-exit
Creating docker-tc ... 
Creating fl-rest_server_1 ... 
Creating docker-tc        ... done
Creating fl-rest_server_1 ... done
Creating fl-rest_client_018_1 ... 
Creating fl-rest_client_003_1 ... 
Creating fl-rest_client_020_1 ... 
Creating fl-rest_client_010_1 ... 
Creating fl-rest_client_007_1 ... 
Creating fl-rest_client_015_1 ... 
Creating fl-rest_client_011_1 ... 
Creating fl-rest_client_012_1 ... 
Creating fl-rest_client_004_1 ... 
Creating fl-rest_client_016_1 ... 
Creating fl-rest_client_008_1 ... 
Creating fl-rest_client_005_1 ... 
Creating fl-rest_client_017_1 ... 
Creating fl-rest_client_013_1 ... 
Creating fl-rest_client_019_1 ... 
Creating fl-rest_client_001_1 ... 
Creating fl-rest_client_014_1 ... 
Creating fl-rest_client_009_1 ... 
Creating fl-rest_client_006_1 ... 
Creating fl-rest_client_002_1 ... 
Creating fl-rest_client_018_1 ... done
Creating fl-rest_client_020_1 ... done
Creating fl-rest_client_011_1 ... done
Creating fl-rest_client_015_1 ... done
Creating fl-rest_client_012_1 ... done
Creating fl-rest_client_013_1 ... done
Creating fl-rest_client_010_1 ... done
Creating fl-rest_client_017_1 ... done
Creating fl-rest_client_003_1 ... done
Creating fl-rest_client_007_1 ... done
Creating fl-rest_client_019_1 ... done
Creating fl-rest_client_004_1 ... done
Creating fl-rest_client_016_1 ... done
Creating fl-rest_client_014_1 ... done
Creating fl-rest_client_006_1 ... done
Creating fl-rest_client_008_1 ... done
Creating fl-rest_client_009_1 ... done
Creating fl-rest_client_002_1 ... done
Creating fl-rest_client_005_1 ... done
Creating fl-rest_client_001_1 ... done
Attaching to docker-tc, fl-rest_server_1, fl-rest_client_018_1, fl-rest_client_020_1, fl-rest_client_011_1, fl-rest_client_015_1, fl-rest_client_012_1, fl-rest_client_013_1, fl-rest_client_010_1, fl-rest_client_017_1, fl-rest_client_003_1, fl-rest_client_007_1, fl-rest_client_019_1, fl-rest_client_004_1, fl-rest_client_016_1, fl-rest_client_014_1, fl-rest_client_006_1, fl-rest_client_008_1, fl-rest_client_009_1, fl-rest_client_002_1, fl-rest_client_005_1, fl-rest_client_001_1
[36mdocker-tc     |[0m [s6-init] making user provided files available at /var/run/s6/etc...exited 0.
[36mdocker-tc     |[0m [s6-init] ensuring user provided files have correct perms...exited 0.
[36mdocker-tc     |[0m [fix-attrs.d] applying ownership & permissions fixes...
[36mdocker-tc     |[0m [fix-attrs.d] done.
[36mdocker-tc     |[0m [cont-init.d] executing container initialization scripts...
[36mdocker-tc     |[0m [cont-init.d] 00-init: executing... 
[36mdocker-tc     |[0m [cont-init.d] 00-init: exited 0.
[36mdocker-tc     |[0m [cont-init.d] done.
[36mdocker-tc     |[0m [services.d] starting services
[36mdocker-tc     |[0m Starting HTTP server on 127.0.0.1:4080
[36mdocker-tc     |[0m Starting garbage collector
[36mdocker-tc     |[0m + exec hapttic -file /docker-tc/bin/httpd.sh -logErrors -host 127.0.0.1 -port 4080
[36mdocker-tc     |[0m [services.d] done.
[36mdocker-tc     |[0m 2026/01/20 19:00:41 Thanks for using hapttic v1.0.0
[36mdocker-tc     |[0m 2026/01/20 19:00:41 Listening on 127.0.0.1:4080
[36mdocker-tc     |[0m 2026/01/20 19:00:41 Forwarding requests to /docker-tc/bin/httpd.sh
[36mdocker-tc     |[0m 2026/01/20 19:00:41 Logging errors to stderr
[36mdocker-tc     |[0m 
[36mdocker-tc     |[0m  ____          _              _____         ___ ___ _        _____         _           _
[36mdocker-tc     |[0m |    \ ___ ___| |_ ___ ___   |_   _|___ ___|  _|  _|_|___   |     |___ ___| |_ ___ ___| |
[36mdocker-tc     |[0m |  |  | . |  _| '_| -_|  _|    | | |  _| .'|  _|  _| |  _|  |   --| . |   |  _|  _| . | |
[36mdocker-tc     |[0m |____/|___|___|_,_|___|_|      |_| |_| |__,|_| |_| |_|___|  |_____|___|_|_|_| |_| |___|_|
[36mdocker-tc     |[0m 
[36mdocker-tc     |[0m Starting Docker Traffic Control 18.12
[36mdocker-tc     |[0m https://github.com/lukaszlach/docker-tc
[36mdocker-tc     |[0m 
[36mdocker-tc     |[0m [2026-01-20T19:00:41+00:00] [6ad61f5f8eac] Notice: Skipping container, service was disabled by label
[36mdocker-tc     |[0m [2026-01-20T19:00:41+00:00] [bd19146b9070] Notice: Skipping container, no valid labels found
[36mdocker-tc     |[0m [2026-01-20T19:00:41+00:00] [438bf01636a0] Notice: Skipping container, no valid labels found
[36mdocker-tc     |[0m [2026-01-20T19:00:41+00:00] [c314c85387cb] Notice: Skipping container, no valid labels found
[36mdocker-tc     |[0m [2026-01-20T19:00:42+00:00] [dee0259388ad] Set delay=100ms on vetha11a307
[36mdocker-tc     |[0m [2026-01-20T19:00:42+00:00] [dee0259388ad] Set bandwidth-limit=1mbit on vetha11a307
[36mdocker-tc     |[0m [2026-01-20T19:00:42+00:00] [dee0259388ad] Controlling traffic of the container /fl_rodrigues_rodrigues_20260119_122803-server-1 on vetha11a307
[36mdocker-tc     |[0m [2026-01-20T19:00:42+00:00] [db2402317b37] Notice: Skipping container, no valid labels found
[36mdocker-tc     |[0m [2026-01-20T19:00:42+00:00] [e8a7d3558a36] Set delay=200ms, loss=1% on vethbc9e4ac
[33mserver_1      |[0m TensorFlow installation not found - running with reduced feature set.
[36mdocker-tc     |[0m [2026-01-20T19:00:42+00:00] [e8a7d3558a36] Set bandwidth-limit=5mbps on vethbc9e4ac
[33mserver_1      |[0m 
[33mserver_1      |[0m NOTE: Using experimental fast data loading logic. To disable, pass
[33mserver_1      |[0m     "--load_fast=false" and report issues on GitHub. More details:
[33mserver_1      |[0m     https://github.com/tensorflow/tensorboard/issues/4784
[33mserver_1      |[0m 
[33mserver_1      |[0m TensorBoard 2.20.0 at http://0.0.0.0:6006/ (Press CTRL+C to quit)
[36mdocker-tc     |[0m [2026-01-20T19:00:42+00:00] [e8a7d3558a36] Controlling traffic of the container /fl-rest_client_018_1 on vethbc9e4ac
[36mdocker-tc     |[0m [2026-01-20T19:00:42+00:00] [f8981cba9693] Set delay=200ms, loss=1% on vethf777452
[36mdocker-tc     |[0m [2026-01-20T19:00:42+00:00] [f8981cba9693] Set bandwidth-limit=5mbps on vethf777452
[36mdocker-tc     |[0m [2026-01-20T19:00:42+00:00] [f8981cba9693] Controlling traffic of the container /fl-rest_client_020_1 on vethf777452
[33mserver_1      |[0m INFO:__main__:Writing TensorBoard logs to: fl_logs/tensorboard/Cenario_A_Parametros_OnlyKD_1900
[33mserver_1      |[0m INFO:__main__:Loading CIFAR-10 test dataset...
[36mdocker-tc     |[0m [2026-01-20T19:00:42+00:00] [f4f970afd0b5] Set delay=200ms, loss=1% on veth86e2378
[36mdocker-tc     |[0m [2026-01-20T19:00:42+00:00] [f4f970afd0b5] Set bandwidth-limit=5mbps on veth86e2378
[36mdocker-tc     |[0m [2026-01-20T19:00:43+00:00] [f4f970afd0b5] Controlling traffic of the container /fl-rest_client_011_1 on veth86e2378
[36mdocker-tc     |[0m [2026-01-20T19:00:43+00:00] [a30bc30b265f] Set delay=200ms, loss=1% on veth38c73a6
[36mdocker-tc     |[0m [2026-01-20T19:00:43+00:00] [a30bc30b265f] Set bandwidth-limit=5mbps on veth38c73a6
[36mdocker-tc     |[0m [2026-01-20T19:00:43+00:00] [a30bc30b265f] Controlling traffic of the container /fl-rest_client_015_1 on veth38c73a6
[36mclient_020_1  |[0m 2026-01-20 19:00:43,290 - __main__ - INFO - --- Starting FL Client: client_020 ---
[35;1mclient_018_1  |[0m 2026-01-20 19:00:43,306 - __main__ - INFO - --- Starting FL Client: client_018 ---
[33mserver_1      |[0m INFO:__main__:Test dataset loaded.
[33mserver_1      |[0m INFO:__main__:Initial model for round 0 created.
[33mserver_1      |[0m Files already downloaded and verified
[33mserver_1      |[0m  * Serving Flask app 'app'
[33mserver_1      |[0m  * Debug mode: off
[33mserver_1      |[0m INFO:werkzeug:[31m[1mWARNING: This is a development server. Do not use it in a production deployment. Use a production WSGI server instead.[0m
[33mserver_1      |[0m  * Running on all addresses (0.0.0.0)
[33mserver_1      |[0m  * Running on http://127.0.0.1:5000
[33mserver_1      |[0m  * Running on http://172.18.0.2:5000
[33mserver_1      |[0m INFO:werkzeug:[33mPress CTRL+C to quit[0m
[36;1mclient_015_1  |[0m 2026-01-20 19:00:43,321 - __main__ - INFO - --- Starting FL Client: client_015 ---
[32;1mclient_017_1  |[0m 2026-01-20 19:00:43,325 - __main__ - INFO - --- Starting FL Client: client_017 ---
[33mserver_1      |[0m INFO:__main__:Client client_017 registered.
[33mserver_1      |[0m INFO:__main__:--- Starting Round 0. Timeout: 300s ---
[32;1mclient_017_1  |[0m 2026-01-20 19:00:43,330 - __main__ - INFO - ✅ Registered with server successfully.
[32;1mclient_007_1  |[0m 2026-01-20 19:00:43,464 - __main__ - INFO - --- Starting FL Client: client_007 ---
[33mserver_1      |[0m INFO:__main__:Client client_007 registered.
[32;1mclient_007_1  |[0m 2026-01-20 19:00:43,467 - __main__ - INFO - ✅ Registered with server successfully.
[36mdocker-tc     |[0m [2026-01-20T19:00:43+00:00] [d44be49e579d] Set delay=200ms, loss=1% on veth838e5e7
[36mdocker-tc     |[0m [2026-01-20T19:00:43+00:00] [d44be49e579d] Set bandwidth-limit=5mbps on veth838e5e7
[36mdocker-tc     |[0m [2026-01-20T19:00:43+00:00] [d44be49e579d] Controlling traffic of the container /fl-rest_client_012_1 on veth838e5e7
[35;1mclient_008_1  |[0m 2026-01-20 19:00:43,567 - __main__ - INFO - --- Starting FL Client: client_008 ---
[33mserver_1      |[0m INFO:__main__:Client client_008 registered.
[35;1mclient_008_1  |[0m 2026-01-20 19:00:43,571 - __main__ - INFO - ✅ Registered with server successfully.
[33;1mclient_016_1  |[0m 2026-01-20 19:00:43,583 - __main__ - INFO - --- Starting FL Client: client_016 ---
[33mserver_1      |[0m INFO:__main__:Client client_016 registered.
[33;1mclient_016_1  |[0m 2026-01-20 19:00:43,587 - __main__ - INFO - ✅ Registered with server successfully.
[34mclient_014_1  |[0m 2026-01-20 19:00:43,614 - __main__ - INFO - --- Starting FL Client: client_014 ---
[33mserver_1      |[0m INFO:__main__:Client client_014 registered.
[33mclient_011_1  |[0m 2026-01-20 19:00:43,618 - __main__ - INFO - --- Starting FL Client: client_011 ---
[34mclient_014_1  |[0m 2026-01-20 19:00:43,618 - __main__ - INFO - ✅ Registered with server successfully.
[32;1mclient_017_1  |[0m 2026-01-20 19:00:43,635 - __main__ - INFO - --- New Round Detected: 0 ---
[33mserver_1      |[0m INFO:werkzeug:172.18.0.10 - - [20/Jan/2026 19:00:43] "GET /download_model?round=0 HTTP/1.1" 200 -
[33mserver_1      |[0m INFO:__main__:Client client_020 registered.
[36;1mclient_005_1  |[0m 2026-01-20 19:00:43,701 - __main__ - INFO - --- Starting FL Client: client_005 ---
[33mserver_1      |[0m INFO:__main__:Client client_005 registered.
[36;1mclient_005_1  |[0m 2026-01-20 19:00:43,705 - __main__ - INFO - ✅ Registered with server successfully.
[33mserver_1      |[0m INFO:__main__:Client client_018 registered.
[33mserver_1      |[0m INFO:__main__:Client client_019 registered.
[34;1mclient_019_1  |[0m 2026-01-20 19:00:43,719 - __main__ - INFO - --- Starting FL Client: client_019 ---
[34;1mclient_019_1  |[0m 2026-01-20 19:00:43,724 - __main__ - INFO - ✅ Registered with server successfully.
[33mserver_1      |[0m INFO:__main__:Client client_015 registered.
[36mdocker-tc     |[0m [2026-01-20T19:00:43+00:00] [acb9a628a336] Set delay=200ms, loss=1% on vethc258697
[36mdocker-tc     |[0m [2026-01-20T19:00:43+00:00] [acb9a628a336] Set bandwidth-limit=5mbps on vethc258697
[32mclient_012_1  |[0m 2026-01-20 19:00:43,752 - __main__ - INFO - --- Starting FL Client: client_012 ---
[35mclient_013_1  |[0m 2026-01-20 19:00:43,767 - __main__ - INFO - --- Starting FL Client: client_013 ---
[36mdocker-tc     |[0m [2026-01-20T19:00:43+00:00] [acb9a628a336] Controlling traffic of the container /fl-rest_client_013_1 on vethc258697
[35mclient_003_1  |[0m 2026-01-20 19:00:43,819 - __main__ - INFO - --- Starting FL Client: client_003 ---
[33mserver_1      |[0m INFO:__main__:Client client_003 registered.
[35mclient_003_1  |[0m 2026-01-20 19:00:43,824 - __main__ - INFO - ✅ Registered with server successfully.
[36mclient_010_1  |[0m 2026-01-20 19:00:43,841 - __main__ - INFO - --- Starting FL Client: client_010 ---
[33mserver_1      |[0m INFO:__main__:Client client_010 registered.
[36mclient_010_1  |[0m 2026-01-20 19:00:43,847 - __main__ - INFO - ✅ Registered with server successfully.
[33;1mclient_006_1  |[0m 2026-01-20 19:00:43,855 - __main__ - INFO - --- Starting FL Client: client_006 ---
[33mserver_1      |[0m INFO:__main__:Client client_006 registered.
[33;1mclient_006_1  |[0m 2026-01-20 19:00:43,861 - __main__ - INFO - ✅ Registered with server successfully.
[36mclient_020_1  |[0m 2026-01-20 19:00:43,908 - __main__ - INFO - ✅ Registered with server successfully.
[32;1mclient_007_1  |[0m 2026-01-20 19:00:43,917 - __main__ - INFO - --- New Round Detected: 0 ---
[33mserver_1      |[0m INFO:werkzeug:172.18.0.11 - - [20/Jan/2026 19:00:43] "GET /download_model?round=0 HTTP/1.1" 200 -
[35;1mclient_008_1  |[0m 2026-01-20 19:00:43,921 - __main__ - INFO - --- New Round Detected: 0 ---
[35;1mclient_018_1  |[0m 2026-01-20 19:00:43,921 - __main__ - INFO - ✅ Registered with server successfully.
[33mclient_001_1  |[0m 2026-01-20 19:00:43,921 - __main__ - INFO - --- Starting FL Client: client_001 ---
[33mclient_001_1  |[0m 2026-01-20 19:00:43,930 - __main__ - INFO - ✅ Registered with server successfully.
[33mserver_1      |[0m INFO:werkzeug:172.18.0.18 - - [20/Jan/2026 19:00:43] "GET /download_model?round=0 HTTP/1.1" 200 -
[33mserver_1      |[0m INFO:__main__:Client client_001 registered.
[34mclient_004_1  |[0m 2026-01-20 19:00:43,939 - __main__ - INFO - --- Starting FL Client: client_004 ---
[36;1mclient_015_1  |[0m 2026-01-20 19:00:43,941 - __main__ - INFO - ✅ Registered with server successfully.
[33mserver_1      |[0m INFO:__main__:Client client_004 registered.
[34mclient_004_1  |[0m 2026-01-20 19:00:43,947 - __main__ - INFO - ✅ Registered with server successfully.
[33;1mclient_016_1  |[0m 2026-01-20 19:00:43,952 - __main__ - INFO - --- New Round Detected: 0 ---
[33mserver_1      |[0m INFO:werkzeug:172.18.0.15 - - [20/Jan/2026 19:00:43] "GET /download_model?round=0 HTTP/1.1" 200 -
[34;1mclient_009_1  |[0m 2026-01-20 19:00:43,964 - __main__ - INFO - --- Starting FL Client: client_009 ---
[33mserver_1      |[0m INFO:__main__:Client client_009 registered.
[34;1mclient_009_1  |[0m 2026-01-20 19:00:43,977 - __main__ - INFO - ✅ Registered with server successfully.
[33mserver_1      |[0m INFO:__main__:Client client_011 registered.
[36mdocker-tc     |[0m [2026-01-20T19:00:44+00:00] [776e0b92a7b0] Set delay=20ms on veth1188cc4
[33mserver_1      |[0m INFO:__main__:Client client_012 registered.
[36mdocker-tc     |[0m [2026-01-20T19:00:44+00:00] [776e0b92a7b0] Set bandwidth-limit=1gbit on veth1188cc4
[36;1mclient_005_1  |[0m 2026-01-20 19:00:44,085 - __main__ - INFO - --- New Round Detected: 0 ---
[33mserver_1      |[0m INFO:werkzeug:172.18.0.21 - - [20/Jan/2026 19:00:44] "GET /download_model?round=0 HTTP/1.1" 200 -
[32mclient_002_1  |[0m 2026-01-20 19:00:44,098 - __main__ - INFO - --- Starting FL Client: client_002 ---
[36mdocker-tc     |[0m [2026-01-20T19:00:44+00:00] [776e0b92a7b0] Controlling traffic of the container /fl-rest_client_010_1 on veth1188cc4
[34mclient_014_1  |[0m 2026-01-20 19:00:44,102 - __main__ - INFO - --- New Round Detected: 0 ---
[33mserver_1      |[0m INFO:__main__:Client client_002 registered.
[33mserver_1      |[0m INFO:werkzeug:172.18.0.16 - - [20/Jan/2026 19:00:44] "GET /download_model?round=0 HTTP/1.1" 200 -
[32mclient_002_1  |[0m 2026-01-20 19:00:44,104 - __main__ - INFO - ✅ Registered with server successfully.
[34;1mclient_019_1  |[0m 2026-01-20 19:00:44,159 - __main__ - INFO - --- New Round Detected: 0 ---
[33mserver_1      |[0m INFO:werkzeug:172.18.0.13 - - [20/Jan/2026 19:00:44] "GET /download_model?round=0 HTTP/1.1" 200 -
[33mserver_1      |[0m INFO:__main__:Client client_013 registered.
[33mclient_011_1  |[0m 2026-01-20 19:00:44,234 - __main__ - INFO - ✅ Registered with server successfully.
[35mclient_003_1  |[0m 2026-01-20 19:00:44,261 - __main__ - INFO - --- New Round Detected: 0 ---
[33mserver_1      |[0m INFO:werkzeug:172.18.0.12 - - [20/Jan/2026 19:00:44] "GET /download_model?round=0 HTTP/1.1" 200 -
[32mclient_012_1  |[0m 2026-01-20 19:00:44,287 - __main__ - INFO - ✅ Registered with server successfully.
[35mclient_013_1  |[0m 2026-01-20 19:00:44,389 - __main__ - INFO - ✅ Registered with server successfully.
[33mclient_001_1  |[0m 2026-01-20 19:00:44,405 - __main__ - INFO - --- New Round Detected: 0 ---
[33mserver_1      |[0m INFO:werkzeug:172.18.0.22 - - [20/Jan/2026 19:00:44] "GET /download_model?round=0 HTTP/1.1" 200 -
[33;1mclient_006_1  |[0m 2026-01-20 19:00:44,466 - __main__ - INFO - --- New Round Detected: 0 ---
[33mserver_1      |[0m INFO:werkzeug:172.18.0.17 - - [20/Jan/2026 19:00:44] "GET /download_model?round=0 HTTP/1.1" 200 -
[34mclient_004_1  |[0m 2026-01-20 19:00:44,514 - __main__ - INFO - --- New Round Detected: 0 ---
[33mserver_1      |[0m INFO:werkzeug:172.18.0.14 - - [20/Jan/2026 19:00:44] "GET /download_model?round=0 HTTP/1.1" 200 -
[36mclient_010_1  |[0m 2026-01-20 19:00:44,520 - __main__ - INFO - --- New Round Detected: 0 ---
[34;1mclient_009_1  |[0m 2026-01-20 19:00:44,546 - __main__ - INFO - --- New Round Detected: 0 ---
[33mserver_1      |[0m INFO:werkzeug:172.18.0.9 - - [20/Jan/2026 19:00:44] "GET /download_model?round=0 HTTP/1.1" 200 -
[33mserver_1      |[0m INFO:werkzeug:172.18.0.20 - - [20/Jan/2026 19:00:44] "GET /download_model?round=0 HTTP/1.1" 200 -
[32mclient_002_1  |[0m 2026-01-20 19:00:44,613 - __main__ - INFO - --- New Round Detected: 0 ---
[33mserver_1      |[0m INFO:werkzeug:172.18.0.19 - - [20/Jan/2026 19:00:44] "GET /download_model?round=0 HTTP/1.1" 200 -
[36mclient_020_1  |[0m 2026-01-20 19:00:44,721 - __main__ - INFO - --- New Round Detected: 0 ---
[36mdocker-tc     |[0m [2026-01-20T19:00:44+00:00] [cfd95f4c0933] Set delay=200ms, loss=1% on vethf7943f0
[36mdocker-tc     |[0m [2026-01-20T19:00:44+00:00] [cfd95f4c0933] Set bandwidth-limit=5mbps on vethf7943f0
[36mdocker-tc     |[0m [2026-01-20T19:00:44+00:00] [cfd95f4c0933] Controlling traffic of the container /fl-rest_client_017_1 on vethf7943f0
[36;1mclient_015_1  |[0m 2026-01-20 19:00:44,884 - __main__ - INFO - --- New Round Detected: 0 ---
[35;1mclient_018_1  |[0m 2026-01-20 19:00:44,920 - __main__ - INFO - --- New Round Detected: 0 ---
[33mserver_1      |[0m INFO:werkzeug:172.18.0.4 - - [20/Jan/2026 19:00:44] "GET /download_model?round=0 HTTP/1.1" 200 -
[33mclient_011_1  |[0m 2026-01-20 19:00:45,033 - __main__ - INFO - --- New Round Detected: 0 ---
[33mserver_1      |[0m INFO:werkzeug:172.18.0.6 - - [20/Jan/2026 19:00:45] "GET /download_model?round=0 HTTP/1.1" 200 -
[33mserver_1      |[0m INFO:werkzeug:172.18.0.3 - - [20/Jan/2026 19:00:45] "GET /download_model?round=0 HTTP/1.1" 200 -
[36mdocker-tc     |[0m [2026-01-20T19:00:45+00:00] [2b3a2506b3d8] Set delay=20ms on vethe3cea9e
[36mdocker-tc     |[0m [2026-01-20T19:00:45+00:00] [2b3a2506b3d8] Set bandwidth-limit=1gbit on vethe3cea9e
[33mserver_1      |[0m INFO:werkzeug:172.18.0.5 - - [20/Jan/2026 19:00:45] "GET /download_model?round=0 HTTP/1.1" 200 -
[36mdocker-tc     |[0m [2026-01-20T19:00:45+00:00] [2b3a2506b3d8] Controlling traffic of the container /fl-rest_client_003_1 on vethe3cea9e
[35mclient_013_1  |[0m 2026-01-20 19:00:45,257 - __main__ - INFO - --- New Round Detected: 0 ---
[32mclient_012_1  |[0m 2026-01-20 19:00:45,311 - __main__ - INFO - --- New Round Detected: 0 ---
[33mserver_1      |[0m INFO:werkzeug:172.18.0.8 - - [20/Jan/2026 19:00:45] "GET /download_model?round=0 HTTP/1.1" 200 -
[36mdocker-tc     |[0m [2026-01-20T19:00:45+00:00] [89a7e25835eb] Set delay=20ms on vethb09896c
[36mdocker-tc     |[0m [2026-01-20T19:00:45+00:00] [89a7e25835eb] Set bandwidth-limit=1gbit on vethb09896c
[36mdocker-tc     |[0m [2026-01-20T19:00:45+00:00] [89a7e25835eb] Controlling traffic of the container /fl-rest_client_007_1 on vethb09896c
[33mserver_1      |[0m INFO:werkzeug:172.18.0.7 - - [20/Jan/2026 19:00:45] "GET /download_model?round=0 HTTP/1.1" 200 -
[35;1mclient_008_1  |[0m 2026-01-20 19:00:45,687 - __main__ - INFO - Round 0 finished. Loss: 1.9544, Acc: 31.16%
[33mserver_1      |[0m INFO:__main__:Received update from client_008
[33mserver_1      |[0m INFO:werkzeug:172.18.0.18 - - [20/Jan/2026 19:00:45] "POST /submit_update HTTP/1.1" 200 -
[35;1mclient_008_1  |[0m 2026-01-20 19:00:45,695 - __main__ - INFO - 🚀 Model update submitted successfully.
[35;1mclient_008_1  |[0m 2026-01-20 19:00:45,695 - __main__ - INFO - Update submitted for Round 0. Waiting...
[36mdocker-tc     |[0m [2026-01-20T19:00:45+00:00] [c5189f795e9e] Set delay=200ms, loss=1% on vethf5ffa2d
[36mdocker-tc     |[0m [2026-01-20T19:00:45+00:00] [c5189f795e9e] Set bandwidth-limit=5mbps on vethf5ffa2d
[36mdocker-tc     |[0m [2026-01-20T19:00:45+00:00] [c5189f795e9e] Controlling traffic of the container /fl-rest_client_019_1 on vethf5ffa2d
[36mdocker-tc     |[0m [2026-01-20T19:00:46+00:00] [296802cc12da] Set delay=20ms on vethd098a79
[36mdocker-tc     |[0m [2026-01-20T19:00:46+00:00] [296802cc12da] Set bandwidth-limit=1gbit on vethd098a79
[36mdocker-tc     |[0m [2026-01-20T19:00:46+00:00] [296802cc12da] Controlling traffic of the container /fl-rest_client_004_1 on vethd098a79
[36;1mclient_005_1  |[0m 2026-01-20 19:00:46,387 - __main__ - INFO - Round 0 finished. Loss: 1.2176, Acc: 60.80%
[33mserver_1      |[0m INFO:__main__:Received update from client_005
[33mserver_1      |[0m INFO:werkzeug:172.18.0.21 - - [20/Jan/2026 19:00:46] "POST /submit_update HTTP/1.1" 200 -
[36;1mclient_005_1  |[0m 2026-01-20 19:00:46,391 - __main__ - INFO - 🚀 Model update submitted successfully.
[36;1mclient_005_1  |[0m 2026-01-20 19:00:46,391 - __main__ - INFO - Update submitted for Round 0. Waiting...
[33;1mclient_006_1  |[0m 2026-01-20 19:00:47,260 - __main__ - INFO - Round 0 finished. Loss: 1.6633, Acc: 34.86%
[33mserver_1      |[0m INFO:__main__:Received update from client_006
[33mserver_1      |[0m INFO:werkzeug:172.18.0.17 - - [20/Jan/2026 19:00:47] "POST /submit_update HTTP/1.1" 200 -
[33;1mclient_006_1  |[0m 2026-01-20 19:00:47,266 - __main__ - INFO - 🚀 Model update submitted successfully.
[33;1mclient_006_1  |[0m 2026-01-20 19:00:47,266 - __main__ - INFO - Update submitted for Round 0. Waiting...
[36mdocker-tc     |[0m [2026-01-20T19:00:47+00:00] [b8770b31569c] Set delay=200ms, loss=1% on veth024aca4
[36mdocker-tc     |[0m [2026-01-20T19:00:47+00:00] [b8770b31569c] Set bandwidth-limit=5mbps on veth024aca4
[36mdocker-tc     |[0m [2026-01-20T19:00:47+00:00] [b8770b31569c] Controlling traffic of the container /fl-rest_client_016_1 on veth024aca4
[32;1mclient_007_1  |[0m 2026-01-20 19:00:47,531 - __main__ - INFO - Round 0 finished. Loss: 1.4079, Acc: 48.57%
[34;1mclient_009_1  |[0m 2026-01-20 19:00:47,599 - __main__ - INFO - Round 0 finished. Loss: 1.7122, Acc: 41.98%
[33mserver_1      |[0m INFO:__main__:Received update from client_009
[33mserver_1      |[0m INFO:werkzeug:172.18.0.20 - - [20/Jan/2026 19:00:47] "POST /submit_update HTTP/1.1" 200 -
[34;1mclient_009_1  |[0m 2026-01-20 19:00:47,608 - __main__ - INFO - 🚀 Model update submitted successfully.
[34;1mclient_009_1  |[0m 2026-01-20 19:00:47,608 - __main__ - INFO - Update submitted for Round 0. Waiting...
[33mserver_1      |[0m INFO:__main__:Received update from client_007
[33mserver_1      |[0m INFO:__main__:--- Aggregating 5 updates ---
[36mdocker-tc     |[0m [2026-01-20T19:00:47+00:00] [de44d92200da] Set delay=200ms, loss=1% on veth8aa75ee
[36mdocker-tc     |[0m [2026-01-20T19:00:47+00:00] [de44d92200da] Set bandwidth-limit=5mbps on veth8aa75ee
[36mdocker-tc     |[0m [2026-01-20T19:00:47+00:00] [de44d92200da] Controlling traffic of the container /fl-rest_client_014_1 on veth8aa75ee
[36mclient_010_1  |[0m 2026-01-20 19:00:47,866 - __main__ - INFO - Round 0 finished. Loss: 1.7924, Acc: 35.85%
[33mserver_1      |[0m INFO:werkzeug:172.18.0.9 - - [20/Jan/2026 19:00:47] "[31m[1mPOST /submit_update HTTP/1.1[0m" 400 -
[36mclient_010_1  |[0m 2026-01-20 19:00:47,930 - __main__ - ERROR - Update submission failed: {"error":"Not accepting updates"}
[36mclient_010_1  |[0m 
[36mclient_010_1  |[0m 2026-01-20 19:00:47,930 - __main__ - INFO - Update submitted for Round 0. Waiting...
[36mdocker-tc     |[0m [2026-01-20T19:00:48+00:00] [705293bc92c1] Set delay=20ms on veth9b27a72
[36mdocker-tc     |[0m [2026-01-20T19:00:48+00:00] [705293bc92c1] Set bandwidth-limit=1gbit on veth9b27a72
[36mdocker-tc     |[0m [2026-01-20T19:00:48+00:00] [705293bc92c1] Controlling traffic of the container /fl-rest_client_006_1 on veth9b27a72
[33mserver_1      |[0m INFO:__main__:Aggregation complete.
[36mdocker-tc     |[0m [2026-01-20T19:00:48+00:00] [0eb3781e73c7] Set delay=20ms on veth74cf959
[36mdocker-tc     |[0m [2026-01-20T19:00:48+00:00] [0eb3781e73c7] Set bandwidth-limit=1gbit on veth74cf959
[36mdocker-tc     |[0m [2026-01-20T19:00:48+00:00] [0eb3781e73c7] Controlling traffic of the container /fl-rest_client_008_1 on veth74cf959
[33mclient_001_1  |[0m 2026-01-20 19:00:48,687 - __main__ - INFO - Round 0 finished. Loss: 1.6773, Acc: 43.55%
[33mserver_1      |[0m INFO:werkzeug:172.18.0.22 - - [20/Jan/2026 19:00:48] "[31m[1mPOST /submit_update HTTP/1.1[0m" 400 -
[33mclient_001_1  |[0m 2026-01-20 19:00:48,695 - __main__ - ERROR - Update submission failed: {"error":"Not accepting updates"}
[33mclient_001_1  |[0m 
[33mclient_001_1  |[0m 2026-01-20 19:00:48,695 - __main__ - INFO - Update submitted for Round 0. Waiting...
[36mdocker-tc     |[0m [2026-01-20T19:00:49+00:00] [081e60140a82] Set delay=20ms on veth7bb44fb
[36mdocker-tc     |[0m [2026-01-20T19:00:49+00:00] [081e60140a82] Set bandwidth-limit=1gbit on veth7bb44fb
[36mdocker-tc     |[0m [2026-01-20T19:00:49+00:00] [081e60140a82] Controlling traffic of the container /fl-rest_client_009_1 on veth7bb44fb
[32mclient_002_1  |[0m 2026-01-20 19:00:49,292 - __main__ - INFO - Round 0 finished. Loss: 0.9868, Acc: 70.57%
[33mserver_1      |[0m INFO:werkzeug:172.18.0.19 - - [20/Jan/2026 19:00:49] "[31m[1mPOST /submit_update HTTP/1.1[0m" 400 -
[32mclient_002_1  |[0m 2026-01-20 19:00:49,298 - __main__ - ERROR - Update submission failed: {"error":"Not accepting updates"}
[32mclient_002_1  |[0m 
[32mclient_002_1  |[0m 2026-01-20 19:00:49,298 - __main__ - INFO - Update submitted for Round 0. Waiting...
[36mdocker-tc     |[0m [2026-01-20T19:00:49+00:00] [a6bff5cc6bdd] Set delay=20ms on vethd8be8f9
[36mdocker-tc     |[0m [2026-01-20T19:00:49+00:00] [a6bff5cc6bdd] Set bandwidth-limit=1gbit on vethd8be8f9
[36mdocker-tc     |[0m [2026-01-20T19:00:49+00:00] [a6bff5cc6bdd] Controlling traffic of the container /fl-rest_client_002_1 on vethd8be8f9
[34mclient_004_1  |[0m 2026-01-20 19:00:49,523 - __main__ - INFO - Round 0 finished. Loss: 1.1014, Acc: 61.14%
[33mserver_1      |[0m INFO:werkzeug:172.18.0.14 - - [20/Jan/2026 19:00:49] "[31m[1mPOST /submit_update HTTP/1.1[0m" 400 -
[34mclient_004_1  |[0m 2026-01-20 19:00:49,587 - __main__ - ERROR - Update submission failed: {"error":"Not accepting updates"}
[34mclient_004_1  |[0m 
[34mclient_004_1  |[0m 2026-01-20 19:00:49,587 - __main__ - INFO - Update submitted for Round 0. Waiting...
[33mserver_1      |[0m INFO:__main__:--- Round 0 Acc: 16.53%, Loss: 2.3312 ---
[33mserver_1      |[0m INFO:__main__:--- Starting Round 1. Timeout: 300s ---
[33mserver_1      |[0m INFO:werkzeug:172.18.0.11 - - [20/Jan/2026 19:00:49] "POST /submit_update HTTP/1.1" 200 -
[32;1mclient_007_1  |[0m 2026-01-20 19:00:49,899 - __main__ - INFO - 🚀 Model update submitted successfully.
[32;1mclient_007_1  |[0m 2026-01-20 19:00:49,899 - __main__ - INFO - Update submitted for Round 0. Waiting...
[36mdocker-tc     |[0m [2026-01-20T19:00:49+00:00] [061ce00ae9ab] Set delay=20ms on vethfba8396
[36mdocker-tc     |[0m [2026-01-20T19:00:49+00:00] [061ce00ae9ab] Set bandwidth-limit=1gbit on vethfba8396
[36mdocker-tc     |[0m [2026-01-20T19:00:49+00:00] [061ce00ae9ab] Controlling traffic of the container /fl-rest_client_005_1 on vethfba8396
[35mclient_003_1  |[0m 2026-01-20 19:00:50,448 - __main__ - INFO - Round 0 finished. Loss: 1.2926, Acc: 54.17%
[36mdocker-tc     |[0m [2026-01-20T19:00:50+00:00] [86a975796d8c] Set delay=20ms on veth347e74a
[36mdocker-tc     |[0m [2026-01-20T19:00:50+00:00] [86a975796d8c] Set bandwidth-limit=1gbit on veth347e74a
[33mserver_1      |[0m INFO:__main__:Received update from client_003
[33mserver_1      |[0m INFO:werkzeug:172.18.0.12 - - [20/Jan/2026 19:00:50] "POST /submit_update HTTP/1.1" 200 -
[36mdocker-tc     |[0m [2026-01-20T19:00:50+00:00] [86a975796d8c] Controlling traffic of the container /fl-rest_client_001_1 on veth347e74a
[35mclient_003_1  |[0m 2026-01-20 19:00:50,587 - __main__ - INFO - 🚀 Model update submitted successfully.
[35mclient_003_1  |[0m 2026-01-20 19:00:50,587 - __main__ - INFO - Update submitted for Round 0. Waiting...
[35;1mclient_008_1  |[0m 2026-01-20 19:00:55,758 - __main__ - INFO - --- New Round Detected: 1 ---
[33mserver_1      |[0m INFO:werkzeug:172.18.0.18 - - [20/Jan/2026 19:00:55] "GET /download_model?round=1 HTTP/1.1" 200 -
[36;1mclient_005_1  |[0m 2026-01-20 19:00:56,457 - __main__ - INFO - --- New Round Detected: 1 ---
[33mserver_1      |[0m INFO:werkzeug:172.18.0.21 - - [20/Jan/2026 19:00:56] "GET /download_model?round=1 HTTP/1.1" 200 -
[35;1mclient_008_1  |[0m 2026-01-20 19:00:56,574 - __main__ - INFO - Round 1 finished. Loss: 1.6721, Acc: 38.22%
[33mserver_1      |[0m INFO:__main__:Received update from client_008
[33mserver_1      |[0m INFO:werkzeug:172.18.0.18 - - [20/Jan/2026 19:00:56] "POST /submit_update HTTP/1.1" 200 -
[35;1mclient_008_1  |[0m 2026-01-20 19:00:56,709 - __main__ - INFO - 🚀 Model update submitted successfully.
[35;1mclient_008_1  |[0m 2026-01-20 19:00:56,709 - __main__ - INFO - Update submitted for Round 1. Waiting...
[36;1mclient_005_1  |[0m 2026-01-20 19:00:56,906 - __main__ - INFO - Round 1 finished. Loss: 1.1422, Acc: 60.87%
[33mserver_1      |[0m INFO:__main__:Received update from client_005
[33mserver_1      |[0m INFO:werkzeug:172.18.0.21 - - [20/Jan/2026 19:00:57] "POST /submit_update HTTP/1.1" 200 -
[36;1mclient_005_1  |[0m 2026-01-20 19:00:57,043 - __main__ - INFO - 🚀 Model update submitted successfully.
[36;1mclient_005_1  |[0m 2026-01-20 19:00:57,043 - __main__ - INFO - Update submitted for Round 1. Waiting...
[33;1mclient_006_1  |[0m 2026-01-20 19:00:57,336 - __main__ - INFO - --- New Round Detected: 1 ---
[33mserver_1      |[0m INFO:werkzeug:172.18.0.17 - - [20/Jan/2026 19:00:57] "GET /download_model?round=1 HTTP/1.1" 200 -
[34;1mclient_009_1  |[0m 2026-01-20 19:00:57,682 - __main__ - INFO - --- New Round Detected: 1 ---
[33mserver_1      |[0m INFO:werkzeug:172.18.0.20 - - [20/Jan/2026 19:00:57] "GET /download_model?round=1 HTTP/1.1" 200 -
[36mclient_010_1  |[0m 2026-01-20 19:00:58,016 - __main__ - INFO - --- New Round Detected: 1 ---
[33mserver_1      |[0m INFO:werkzeug:172.18.0.9 - - [20/Jan/2026 19:00:58] "GET /download_model?round=1 HTTP/1.1" 200 -
[34;1mclient_009_1  |[0m 2026-01-20 19:00:58,657 - __main__ - INFO - Round 1 finished. Loss: 1.4145, Acc: 54.46%
[33mserver_1      |[0m INFO:__main__:Received update from client_009
[33mserver_1      |[0m INFO:werkzeug:172.18.0.20 - - [20/Jan/2026 19:00:58] "POST /submit_update HTTP/1.1" 200 -
[33mclient_001_1  |[0m 2026-01-20 19:00:58,763 - __main__ - INFO - --- New Round Detected: 1 ---
[33mserver_1      |[0m INFO:werkzeug:172.18.0.22 - - [20/Jan/2026 19:00:58] "GET /download_model?round=1 HTTP/1.1" 200 -
[34;1mclient_009_1  |[0m 2026-01-20 19:00:58,791 - __main__ - INFO - 🚀 Model update submitted successfully.
[34;1mclient_009_1  |[0m 2026-01-20 19:00:58,791 - __main__ - INFO - Update submitted for Round 1. Waiting...
[33;1mclient_006_1  |[0m 2026-01-20 19:00:58,907 - __main__ - INFO - Round 1 finished. Loss: 1.4472, Acc: 45.34%
[33mserver_1      |[0m INFO:__main__:Received update from client_006
[33mserver_1      |[0m INFO:__main__:--- Aggregating 5 updates ---
[36mclient_010_1  |[0m 2026-01-20 19:00:59,311 - __main__ - INFO - Round 1 finished. Loss: 1.5625, Acc: 46.66%
[33mserver_1      |[0m INFO:werkzeug:172.18.0.9 - - [20/Jan/2026 19:00:59] "[31m[1mPOST /submit_update HTTP/1.1[0m" 400 -
[32mclient_002_1  |[0m 2026-01-20 19:00:59,374 - __main__ - INFO - --- New Round Detected: 1 ---
[36mclient_010_1  |[0m 2026-01-20 19:00:59,376 - __main__ - ERROR - Update submission failed: {"error":"Not accepting updates"}
[36mclient_010_1  |[0m 
[36mclient_010_1  |[0m 2026-01-20 19:00:59,376 - __main__ - INFO - Update submitted for Round 1. Waiting...
[33mserver_1      |[0m INFO:werkzeug:172.18.0.19 - - [20/Jan/2026 19:00:59] "GET /download_model?round=1 HTTP/1.1" 200 -
[34mclient_004_1  |[0m 2026-01-20 19:00:59,649 - __main__ - INFO - --- New Round Detected: 1 ---
[33mserver_1      |[0m INFO:werkzeug:172.18.0.14 - - [20/Jan/2026 19:00:59] "GET /download_model?round=1 HTTP/1.1" 200 -
[33mserver_1      |[0m INFO:__main__:Aggregation complete.
[32;1mclient_007_1  |[0m 2026-01-20 19:01:00,070 - __main__ - INFO - --- New Round Detected: 1 ---
[33mserver_1      |[0m INFO:werkzeug:172.18.0.11 - - [20/Jan/2026 19:01:00] "GET /download_model?round=1 HTTP/1.1" 200 -
[35mclient_003_1  |[0m 2026-01-20 19:01:00,649 - __main__ - INFO - --- New Round Detected: 1 ---
[33mserver_1      |[0m INFO:werkzeug:172.18.0.12 - - [20/Jan/2026 19:01:00] "GET /download_model?round=1 HTTP/1.1" 200 -
[33mclient_001_1  |[0m 2026-01-20 19:01:00,884 - __main__ - INFO - Round 1 finished. Loss: 1.4649, Acc: 47.19%
[33mserver_1      |[0m INFO:werkzeug:172.18.0.22 - - [20/Jan/2026 19:01:00] "[31m[1mPOST /submit_update HTTP/1.1[0m" 400 -
[33mclient_001_1  |[0m 2026-01-20 19:01:00,947 - __main__ - ERROR - Update submission failed: {"error":"Not accepting updates"}
[33mclient_001_1  |[0m 
[33mclient_001_1  |[0m 2026-01-20 19:01:00,947 - __main__ - INFO - Update submitted for Round 1. Waiting...
[33mserver_1      |[0m INFO:__main__:--- Round 1 Acc: 24.93%, Loss: 2.0419 ---
[33mserver_1      |[0m INFO:__main__:--- Starting Round 2. Timeout: 300s ---
[33mserver_1      |[0m INFO:werkzeug:172.18.0.17 - - [20/Jan/2026 19:01:01] "POST /submit_update HTTP/1.1" 200 -
[32;1mclient_007_1  |[0m 2026-01-20 19:01:01,021 - __main__ - INFO - Round 1 finished. Loss: 1.1460, Acc: 60.01%
[33;1mclient_006_1  |[0m 2026-01-20 19:01:01,045 - __main__ - INFO - 🚀 Model update submitted successfully.
[33;1mclient_006_1  |[0m 2026-01-20 19:01:01,045 - __main__ - INFO - Update submitted for Round 1. Waiting...
[33mserver_1      |[0m INFO:__main__:Received update from client_007
[33mserver_1      |[0m INFO:werkzeug:172.18.0.11 - - [20/Jan/2026 19:01:01] "POST /submit_update HTTP/1.1" 200 -
[32;1mclient_007_1  |[0m 2026-01-20 19:01:01,176 - __main__ - INFO - 🚀 Model update submitted successfully.
[32;1mclient_007_1  |[0m 2026-01-20 19:01:01,176 - __main__ - INFO - Update submitted for Round 1. Waiting...
[32mclient_002_1  |[0m 2026-01-20 19:01:02,298 - __main__ - INFO - Round 1 finished. Loss: 0.8485, Acc: 73.94%
[33mserver_1      |[0m INFO:__main__:Received update from client_002
[33mserver_1      |[0m INFO:werkzeug:172.18.0.19 - - [20/Jan/2026 19:01:02] "POST /submit_update HTTP/1.1" 200 -
[32mclient_002_1  |[0m 2026-01-20 19:01:02,432 - __main__ - INFO - 🚀 Model update submitted successfully.
[32mclient_002_1  |[0m 2026-01-20 19:01:02,433 - __main__ - INFO - Update submitted for Round 1. Waiting...
[34mclient_004_1  |[0m 2026-01-20 19:01:02,916 - __main__ - INFO - Round 1 finished. Loss: 1.0115, Acc: 63.74%
[33mserver_1      |[0m INFO:__main__:Received update from client_004
[33mserver_1      |[0m INFO:werkzeug:172.18.0.14 - - [20/Jan/2026 19:01:03] "POST /submit_update HTTP/1.1" 200 -
[34mclient_004_1  |[0m 2026-01-20 19:01:03,072 - __main__ - INFO - 🚀 Model update submitted successfully.
[34mclient_004_1  |[0m 2026-01-20 19:01:03,072 - __main__ - INFO - Update submitted for Round 1. Waiting...
[35mclient_003_1  |[0m 2026-01-20 19:01:03,281 - __main__ - INFO - Round 1 finished. Loss: 1.1876, Acc: 57.83%
[33mserver_1      |[0m INFO:__main__:Received update from client_003
[33mserver_1      |[0m INFO:werkzeug:172.18.0.12 - - [20/Jan/2026 19:01:03] "POST /submit_update HTTP/1.1" 200 -
[35mclient_003_1  |[0m 2026-01-20 19:01:03,414 - __main__ - INFO - 🚀 Model update submitted successfully.
[35mclient_003_1  |[0m 2026-01-20 19:01:03,414 - __main__ - INFO - Update submitted for Round 1. Waiting...
[35;1mclient_008_1  |[0m 2026-01-20 19:01:06,780 - __main__ - INFO - --- New Round Detected: 2 ---
[33mserver_1      |[0m INFO:werkzeug:172.18.0.18 - - [20/Jan/2026 19:01:06] "GET /download_model?round=2 HTTP/1.1" 200 -
[36;1mclient_005_1  |[0m 2026-01-20 19:01:07,134 - __main__ - INFO - --- New Round Detected: 2 ---
[33mserver_1      |[0m INFO:werkzeug:172.18.0.21 - - [20/Jan/2026 19:01:07] "GET /download_model?round=2 HTTP/1.1" 200 -
[36;1mclient_005_1  |[0m 2026-01-20 19:01:07,595 - __main__ - INFO - Round 2 finished. Loss: 1.0952, Acc: 62.71%
[35;1mclient_008_1  |[0m 2026-01-20 19:01:07,655 - __main__ - INFO - Round 2 finished. Loss: 1.5024, Acc: 45.87%
[33mserver_1      |[0m INFO:__main__:Received update from client_005
[33mserver_1      |[0m INFO:__main__:--- Aggregating 5 updates ---
[33mserver_1      |[0m INFO:__main__:Aggregation complete.
[34;1mclient_009_1  |[0m 2026-01-20 19:01:08,895 - __main__ - INFO - --- New Round Detected: 2 ---
[33mserver_1      |[0m INFO:werkzeug:172.18.0.20 - - [20/Jan/2026 19:01:08] "GET /download_model?round=2 HTTP/1.1" 200 -
[36mclient_010_1  |[0m 2026-01-20 19:01:09,496 - __main__ - INFO - --- New Round Detected: 2 ---
[33mserver_1      |[0m INFO:werkzeug:172.18.0.9 - - [20/Jan/2026 19:01:09] "GET /download_model?round=2 HTTP/1.1" 200 -
[33mserver_1      |[0m INFO:__main__:--- Round 2 Acc: 25.53%, Loss: 1.9470 ---
[33mserver_1      |[0m INFO:__main__:--- Starting Round 3. Timeout: 300s ---
[33mserver_1      |[0m INFO:werkzeug:172.18.0.21 - - [20/Jan/2026 19:01:09] "POST /submit_update HTTP/1.1" 200 -
[33mserver_1      |[0m INFO:__main__:Received update from client_008
[33mserver_1      |[0m INFO:werkzeug:172.18.0.18 - - [20/Jan/2026 19:01:09] "POST /submit_update HTTP/1.1" 200 -
[36;1mclient_005_1  |[0m 2026-01-20 19:01:09,776 - __main__ - INFO - 🚀 Model update submitted successfully.
[36;1mclient_005_1  |[0m 2026-01-20 19:01:09,776 - __main__ - INFO - Update submitted for Round 2. Waiting...
[35;1mclient_008_1  |[0m 2026-01-20 19:01:09,783 - __main__ - INFO - 🚀 Model update submitted successfully.
[35;1mclient_008_1  |[0m 2026-01-20 19:01:09,783 - __main__ - INFO - Update submitted for Round 2. Waiting...
[34;1mclient_009_1  |[0m 2026-01-20 19:01:09,930 - __main__ - INFO - Round 2 finished. Loss: 1.3958, Acc: 57.76%
[33mserver_1      |[0m INFO:__main__:Received update from client_009
[33mserver_1      |[0m INFO:werkzeug:172.18.0.20 - - [20/Jan/2026 19:01:10] "POST /submit_update HTTP/1.1" 200 -
[34;1mclient_009_1  |[0m 2026-01-20 19:01:10,067 - __main__ - INFO - 🚀 Model update submitted successfully.
[34;1mclient_009_1  |[0m 2026-01-20 19:01:10,067 - __main__ - INFO - Update submitted for Round 2. Waiting...
[36mclient_010_1  |[0m 2026-01-20 19:01:10,251 - __main__ - INFO - Round 2 finished. Loss: 1.5006, Acc: 49.25%
[33mserver_1      |[0m INFO:__main__:Received update from client_010
[33mserver_1      |[0m INFO:werkzeug:172.18.0.9 - - [20/Jan/2026 19:01:10] "POST /submit_update HTTP/1.1" 200 -
[36mclient_010_1  |[0m 2026-01-20 19:01:10,384 - __main__ - INFO - 🚀 Model update submitted successfully.
[36mclient_010_1  |[0m 2026-01-20 19:01:10,384 - __main__ - INFO - Update submitted for Round 2. Waiting...
[33mclient_001_1  |[0m 2026-01-20 19:01:11,010 - __main__ - INFO - --- New Round Detected: 3 ---
[33mserver_1      |[0m INFO:werkzeug:172.18.0.22 - - [20/Jan/2026 19:01:11] "GET /download_model?round=3 HTTP/1.1" 200 -
[33;1mclient_006_1  |[0m 2026-01-20 19:01:11,119 - __main__ - INFO - --- New Round Detected: 3 ---
[33mserver_1      |[0m INFO:werkzeug:172.18.0.17 - - [20/Jan/2026 19:01:11] "GET /download_model?round=3 HTTP/1.1" 200 -
[32;1mclient_007_1  |[0m 2026-01-20 19:01:11,249 - __main__ - INFO - --- New Round Detected: 3 ---
[33mserver_1      |[0m INFO:werkzeug:172.18.0.11 - - [20/Jan/2026 19:01:11] "GET /download_model?round=3 HTTP/1.1" 200 -
[32mclient_002_1  |[0m 2026-01-20 19:01:12,497 - __main__ - INFO - --- New Round Detected: 3 ---
[33mserver_1      |[0m INFO:werkzeug:172.18.0.19 - - [20/Jan/2026 19:01:12] "GET /download_model?round=3 HTTP/1.1" 200 -
[33;1mclient_006_1  |[0m 2026-01-20 19:01:12,722 - __main__ - INFO - Round 3 finished. Loss: 1.3683, Acc: 54.93%
[33mserver_1      |[0m INFO:__main__:Received update from client_006
[33mserver_1      |[0m INFO:werkzeug:172.18.0.17 - - [20/Jan/2026 19:01:12] "POST /submit_update HTTP/1.1" 200 -
[33;1mclient_006_1  |[0m 2026-01-20 19:01:12,857 - __main__ - INFO - 🚀 Model update submitted successfully.
[33;1mclient_006_1  |[0m 2026-01-20 19:01:12,857 - __main__ - INFO - Update submitted for Round 3. Waiting...
[32;1mclient_007_1  |[0m 2026-01-20 19:01:12,905 - __main__ - INFO - Round 3 finished. Loss: 1.1399, Acc: 63.11%
[33mserver_1      |[0m INFO:__main__:Received update from client_007
[33mserver_1      |[0m INFO:__main__:--- Aggregating 5 updates ---
[34mclient_004_1  |[0m 2026-01-20 19:01:13,147 - __main__ - INFO - --- New Round Detected: 3 ---
[33mserver_1      |[0m INFO:werkzeug:172.18.0.14 - - [20/Jan/2026 19:01:13] "GET /download_model?round=3 HTTP/1.1" 200 -
[33mclient_001_1  |[0m 2026-01-20 19:01:13,283 - __main__ - INFO - Round 3 finished. Loss: 1.4107, Acc: 52.40%
[33mserver_1      |[0m INFO:werkzeug:172.18.0.22 - - [20/Jan/2026 19:01:13] "[31m[1mPOST /submit_update HTTP/1.1[0m" 400 -
[33mclient_001_1  |[0m 2026-01-20 19:01:13,354 - __main__ - ERROR - Update submission failed: {"error":"Not accepting updates"}
[33mclient_001_1  |[0m 
[33mclient_001_1  |[0m 2026-01-20 19:01:13,354 - __main__ - INFO - Update submitted for Round 3. Waiting...
[35mclient_003_1  |[0m 2026-01-20 19:01:13,476 - __main__ - INFO - --- New Round Detected: 3 ---
[33mserver_1      |[0m INFO:werkzeug:172.18.0.12 - - [20/Jan/2026 19:01:13] "GET /download_model?round=3 HTTP/1.1" 200 -
[33mserver_1      |[0m INFO:__main__:Aggregation complete.
[32mclient_002_1  |[0m 2026-01-20 19:01:15,488 - __main__ - INFO - Round 3 finished. Loss: 0.9205, Acc: 73.85%
[33mserver_1      |[0m INFO:werkzeug:172.18.0.19 - - [20/Jan/2026 19:01:15] "[31m[1mPOST /submit_update HTTP/1.1[0m" 400 -
[32mclient_002_1  |[0m 2026-01-20 19:01:15,558 - __main__ - ERROR - Update submission failed: {"error":"Not accepting updates"}
[32mclient_002_1  |[0m 
[32mclient_002_1  |[0m 2026-01-20 19:01:15,558 - __main__ - INFO - Update submitted for Round 3. Waiting...
[33mserver_1      |[0m INFO:__main__:--- Round 3 Acc: 28.64%, Loss: 1.9029 ---
[33mserver_1      |[0m INFO:__main__:--- Starting Round 4. Timeout: 300s ---
[33mserver_1      |[0m INFO:werkzeug:172.18.0.11 - - [20/Jan/2026 19:01:15] "POST /submit_update HTTP/1.1" 200 -
[32;1mclient_007_1  |[0m 2026-01-20 19:01:15,789 - __main__ - INFO - 🚀 Model update submitted successfully.
[32;1mclient_007_1  |[0m 2026-01-20 19:01:15,789 - __main__ - INFO - Update submitted for Round 3. Waiting...
[35mclient_003_1  |[0m 2026-01-20 19:01:16,208 - __main__ - INFO - Round 3 finished. Loss: 1.1607, Acc: 62.78%
[33mserver_1      |[0m INFO:__main__:Received update from client_003
[33mserver_1      |[0m INFO:werkzeug:172.18.0.12 - - [20/Jan/2026 19:01:16] "POST /submit_update HTTP/1.1" 200 -
[35mclient_003_1  |[0m 2026-01-20 19:01:16,343 - __main__ - INFO - 🚀 Model update submitted successfully.
[35mclient_003_1  |[0m 2026-01-20 19:01:16,343 - __main__ - INFO - Update submitted for Round 3. Waiting...
[34mclient_004_1  |[0m 2026-01-20 19:01:16,492 - __main__ - INFO - Round 3 finished. Loss: 0.9909, Acc: 68.84%
[33mserver_1      |[0m INFO:__main__:Received update from client_004
[33mserver_1      |[0m INFO:werkzeug:172.18.0.14 - - [20/Jan/2026 19:01:16] "POST /submit_update HTTP/1.1" 200 -
[34mclient_004_1  |[0m 2026-01-20 19:01:16,630 - __main__ - INFO - 🚀 Model update submitted successfully.
[34mclient_004_1  |[0m 2026-01-20 19:01:16,630 - __main__ - INFO - Update submitted for Round 3. Waiting...
[36;1mclient_005_1  |[0m 2026-01-20 19:01:19,839 - __main__ - INFO - --- New Round Detected: 4 ---
[33mserver_1      |[0m INFO:werkzeug:172.18.0.21 - - [20/Jan/2026 19:01:19] "GET /download_model?round=4 HTTP/1.1" 200 -
[35;1mclient_008_1  |[0m 2026-01-20 19:01:19,888 - __main__ - INFO - --- New Round Detected: 4 ---
[33mserver_1      |[0m INFO:werkzeug:172.18.0.18 - - [20/Jan/2026 19:01:19] "GET /download_model?round=4 HTTP/1.1" 200 -
[34;1mclient_009_1  |[0m 2026-01-20 19:01:20,148 - __main__ - INFO - --- New Round Detected: 4 ---
[33mserver_1      |[0m INFO:werkzeug:172.18.0.20 - - [20/Jan/2026 19:01:20] "GET /download_model?round=4 HTTP/1.1" 200 -
[36;1mclient_005_1  |[0m 2026-01-20 19:01:20,303 - __main__ - INFO - Round 4 finished. Loss: 1.1628, Acc: 68.30%
[33mserver_1      |[0m INFO:__main__:Received update from client_005
[33mserver_1      |[0m INFO:werkzeug:172.18.0.21 - - [20/Jan/2026 19:01:20] "POST /submit_update HTTP/1.1" 200 -
[36mclient_010_1  |[0m 2026-01-20 19:01:20,445 - __main__ - INFO - --- New Round Detected: 4 ---
[36;1mclient_005_1  |[0m 2026-01-20 19:01:20,461 - __main__ - INFO - 🚀 Model update submitted successfully.
[36;1mclient_005_1  |[0m 2026-01-20 19:01:20,461 - __main__ - INFO - Update submitted for Round 4. Waiting...
[33mserver_1      |[0m INFO:werkzeug:172.18.0.9 - - [20/Jan/2026 19:01:20] "GET /download_model?round=4 HTTP/1.1" 200 -
[35;1mclient_008_1  |[0m 2026-01-20 19:01:20,530 - __main__ - INFO - Round 4 finished. Loss: 1.3936, Acc: 50.17%
[33mserver_1      |[0m INFO:__main__:Received update from client_008
[33mserver_1      |[0m INFO:werkzeug:172.18.0.18 - - [20/Jan/2026 19:01:20] "POST /submit_update HTTP/1.1" 200 -
[35;1mclient_008_1  |[0m 2026-01-20 19:01:20,686 - __main__ - INFO - 🚀 Model update submitted successfully.
[35;1mclient_008_1  |[0m 2026-01-20 19:01:20,686 - __main__ - INFO - Update submitted for Round 4. Waiting...
[34;1mclient_009_1  |[0m 2026-01-20 19:01:21,125 - __main__ - INFO - Round 4 finished. Loss: 1.3078, Acc: 61.47%
[33mserver_1      |[0m INFO:__main__:Received update from client_009
[33mserver_1      |[0m INFO:__main__:--- Aggregating 5 updates ---
[36mclient_010_1  |[0m 2026-01-20 19:01:21,278 - __main__ - INFO - Round 4 finished. Loss: 1.4044, Acc: 54.56%
[33mserver_1      |[0m INFO:werkzeug:172.18.0.9 - - [20/Jan/2026 19:01:21] "[31m[1mPOST /submit_update HTTP/1.1[0m" 400 -
[36mclient_010_1  |[0m 2026-01-20 19:01:21,343 - __main__ - ERROR - Update submission failed: {"error":"Not accepting updates"}
[36mclient_010_1  |[0m 
[36mclient_010_1  |[0m 2026-01-20 19:01:21,344 - __main__ - INFO - Update submitted for Round 4. Waiting...
[33mserver_1      |[0m INFO:__main__:Aggregation complete.
[33mserver_1      |[0m INFO:__main__:--- Round 4 Acc: 37.48%, Loss: 1.7034 ---
[33mserver_1      |[0m INFO:__main__:--- Starting Round 5. Timeout: 300s ---
[33mserver_1      |[0m INFO:werkzeug:172.18.0.20 - - [20/Jan/2026 19:01:22] "POST /submit_update HTTP/1.1" 200 -
[34;1mclient_009_1  |[0m 2026-01-20 19:01:22,824 - __main__ - INFO - 🚀 Model update submitted successfully.
[34;1mclient_009_1  |[0m 2026-01-20 19:01:22,824 - __main__ - INFO - Update submitted for Round 4. Waiting...
[33;1mclient_006_1  |[0m 2026-01-20 19:01:22,923 - __main__ - INFO - --- New Round Detected: 5 ---
[33mserver_1      |[0m INFO:werkzeug:172.18.0.17 - - [20/Jan/2026 19:01:22] "GET /download_model?round=5 HTTP/1.1" 200 -
[33mclient_001_1  |[0m 2026-01-20 19:01:23,559 - __main__ - INFO - --- New Round Detected: 5 ---
[33mserver_1      |[0m INFO:werkzeug:172.18.0.22 - - [20/Jan/2026 19:01:23] "GET /download_model?round=5 HTTP/1.1" 200 -
[33;1mclient_006_1  |[0m 2026-01-20 19:01:23,886 - __main__ - INFO - Round 5 finished. Loss: 1.2771, Acc: 59.77%
[33mserver_1      |[0m INFO:__main__:Received update from client_006
[33mserver_1      |[0m INFO:werkzeug:172.18.0.17 - - [20/Jan/2026 19:01:23] "POST /submit_update HTTP/1.1" 200 -
[33;1mclient_006_1  |[0m 2026-01-20 19:01:24,022 - __main__ - INFO - 🚀 Model update submitted successfully.
[33;1mclient_006_1  |[0m 2026-01-20 19:01:24,022 - __main__ - INFO - Update submitted for Round 5. Waiting...
[32mclient_002_1  |[0m 2026-01-20 19:01:25,653 - __main__ - INFO - --- New Round Detected: 5 ---
[33mserver_1      |[0m INFO:werkzeug:172.18.0.19 - - [20/Jan/2026 19:01:25] "GET /download_model?round=5 HTTP/1.1" 200 -
[33mclient_001_1  |[0m 2026-01-20 19:01:25,841 - __main__ - INFO - Round 5 finished. Loss: 1.3330, Acc: 58.85%
[32;1mclient_007_1  |[0m 2026-01-20 19:01:25,851 - __main__ - INFO - --- New Round Detected: 5 ---
[33mserver_1      |[0m INFO:werkzeug:172.18.0.11 - - [20/Jan/2026 19:01:25] "GET /download_model?round=5 HTTP/1.1" 200 -
[33mserver_1      |[0m INFO:__main__:Received update from client_001
[33mserver_1      |[0m INFO:werkzeug:172.18.0.22 - - [20/Jan/2026 19:01:25] "POST /submit_update HTTP/1.1" 200 -
[33mclient_001_1  |[0m 2026-01-20 19:01:25,974 - __main__ - INFO - 🚀 Model update submitted successfully.
[33mclient_001_1  |[0m 2026-01-20 19:01:25,974 - __main__ - INFO - Update submitted for Round 5. Waiting...
[35mclient_003_1  |[0m 2026-01-20 19:01:26,407 - __main__ - INFO - --- New Round Detected: 5 ---
[33mserver_1      |[0m INFO:werkzeug:172.18.0.12 - - [20/Jan/2026 19:01:26] "GET /download_model?round=5 HTTP/1.1" 200 -
[34mclient_004_1  |[0m 2026-01-20 19:01:26,715 - __main__ - INFO - --- New Round Detected: 5 ---
[33mserver_1      |[0m INFO:werkzeug:172.18.0.14 - - [20/Jan/2026 19:01:26] "GET /download_model?round=5 HTTP/1.1" 200 -
[32mclient_002_1  |[0m 2026-01-20 19:01:27,384 - __main__ - INFO - Round 5 finished. Loss: 0.9171, Acc: 76.59%
[33mserver_1      |[0m INFO:__main__:Received update from client_002
[33mserver_1      |[0m INFO:werkzeug:172.18.0.19 - - [20/Jan/2026 19:01:27] "POST /submit_update HTTP/1.1" 200 -
[32mclient_002_1  |[0m 2026-01-20 19:01:27,518 - __main__ - INFO - 🚀 Model update submitted successfully.
[32mclient_002_1  |[0m 2026-01-20 19:01:27,518 - __main__ - INFO - Update submitted for Round 5. Waiting...
[32;1mclient_007_1  |[0m 2026-01-20 19:01:27,679 - __main__ - INFO - Round 5 finished. Loss: 1.0742, Acc: 67.52%
[33mserver_1      |[0m INFO:__main__:Received update from client_007
[33mserver_1      |[0m INFO:werkzeug:172.18.0.11 - - [20/Jan/2026 19:01:27] "POST /submit_update HTTP/1.1" 200 -
[32;1mclient_007_1  |[0m 2026-01-20 19:01:27,865 - __main__ - INFO - 🚀 Model update submitted successfully.
[32;1mclient_007_1  |[0m 2026-01-20 19:01:27,865 - __main__ - INFO - Update submitted for Round 5. Waiting...
[34mclient_004_1  |[0m 2026-01-20 19:01:28,533 - __main__ - INFO - Round 5 finished. Loss: 0.8715, Acc: 75.42%
[33mserver_1      |[0m INFO:__main__:Received update from client_004
[33mserver_1      |[0m INFO:__main__:--- Aggregating 5 updates ---
[33mserver_1      |[0m INFO:__main__:Aggregation complete.
[35mclient_003_1  |[0m 2026-01-20 19:01:30,248 - __main__ - INFO - Round 5 finished. Loss: 1.0062, Acc: 71.30%
[33mserver_1      |[0m INFO:werkzeug:172.18.0.12 - - [20/Jan/2026 19:01:30] "[31m[1mPOST /submit_update HTTP/1.1[0m" 400 -
[35mclient_003_1  |[0m 2026-01-20 19:01:30,313 - __main__ - ERROR - Update submission failed: {"error":"Not accepting updates"}
[35mclient_003_1  |[0m 
[35mclient_003_1  |[0m 2026-01-20 19:01:30,313 - __main__ - INFO - Update submitted for Round 5. Waiting...
[36;1mclient_005_1  |[0m 2026-01-20 19:01:30,564 - __main__ - INFO - --- New Round Detected: 5 ---
[33mserver_1      |[0m INFO:werkzeug:172.18.0.21 - - [20/Jan/2026 19:01:30] "GET /download_model?round=5 HTTP/1.1" 200 -
[33mserver_1      |[0m INFO:__main__:--- Round 5 Acc: 39.11%, Loss: 1.6531 ---
[33mserver_1      |[0m INFO:__main__:--- Starting Round 6. Timeout: 300s ---
[33mserver_1      |[0m INFO:werkzeug:172.18.0.14 - - [20/Jan/2026 19:01:30] "POST /submit_update HTTP/1.1" 200 -
[34mclient_004_1  |[0m 2026-01-20 19:01:30,697 - __main__ - INFO - 🚀 Model update submitted successfully.
[34mclient_004_1  |[0m 2026-01-20 19:01:30,697 - __main__ - INFO - Update submitted for Round 5. Waiting...
[35;1mclient_008_1  |[0m 2026-01-20 19:01:30,748 - __main__ - INFO - --- New Round Detected: 6 ---
[33mserver_1      |[0m INFO:werkzeug:172.18.0.18 - - [20/Jan/2026 19:01:30] "GET /download_model?round=6 HTTP/1.1" 200 -
[36;1mclient_005_1  |[0m 2026-01-20 19:01:31,172 - __main__ - INFO - Round 5 finished. Loss: 1.1285, Acc: 69.37%
[35;1mclient_008_1  |[0m 2026-01-20 19:01:31,246 - __main__ - INFO - Round 6 finished. Loss: 1.2853, Acc: 55.45%
[33mserver_1      |[0m INFO:__main__:Received update from client_005
[33mserver_1      |[0m INFO:werkzeug:172.18.0.21 - - [20/Jan/2026 19:01:31] "POST /submit_update HTTP/1.1" 200 -
[36;1mclient_005_1  |[0m 2026-01-20 19:01:31,309 - __main__ - INFO - 🚀 Model update submitted successfully.
[36;1mclient_005_1  |[0m 2026-01-20 19:01:31,309 - __main__ - INFO - Update submitted for Round 5. Waiting...
[33mserver_1      |[0m INFO:__main__:Received update from client_008
[33mserver_1      |[0m INFO:werkzeug:172.18.0.18 - - [20/Jan/2026 19:01:31] "POST /submit_update HTTP/1.1" 200 -
[35;1mclient_008_1  |[0m 2026-01-20 19:01:31,379 - __main__ - INFO - 🚀 Model update submitted successfully.
[35;1mclient_008_1  |[0m 2026-01-20 19:01:31,379 - __main__ - INFO - Update submitted for Round 6. Waiting...
[36mclient_010_1  |[0m 2026-01-20 19:01:31,429 - __main__ - INFO - --- New Round Detected: 6 ---
[33mserver_1      |[0m INFO:werkzeug:172.18.0.9 - - [20/Jan/2026 19:01:31] "GET /download_model?round=6 HTTP/1.1" 200 -
[36mclient_010_1  |[0m 2026-01-20 19:01:32,250 - __main__ - INFO - Round 6 finished. Loss: 1.3141, Acc: 58.41%
[33mserver_1      |[0m INFO:__main__:Received update from client_010
[33mserver_1      |[0m INFO:werkzeug:172.18.0.9 - - [20/Jan/2026 19:01:32] "POST /submit_update HTTP/1.1" 200 -
[36mclient_010_1  |[0m 2026-01-20 19:01:32,409 - __main__ - INFO - 🚀 Model update submitted successfully.
[36mclient_010_1  |[0m 2026-01-20 19:01:32,409 - __main__ - INFO - Update submitted for Round 6. Waiting...
[34;1mclient_009_1  |[0m 2026-01-20 19:01:32,886 - __main__ - INFO - --- New Round Detected: 6 ---
[33mserver_1      |[0m INFO:werkzeug:172.18.0.20 - - [20/Jan/2026 19:01:32] "GET /download_model?round=6 HTTP/1.1" 200 -
[34;1mclient_009_1  |[0m 2026-01-20 19:01:33,964 - __main__ - INFO - Round 6 finished. Loss: 1.1456, Acc: 66.63%
[33mserver_1      |[0m INFO:__main__:Received update from client_009
[33mserver_1      |[0m INFO:werkzeug:172.18.0.20 - - [20/Jan/2026 19:01:34] "POST /submit_update HTTP/1.1" 200 -
[33;1mclient_006_1  |[0m 2026-01-20 19:01:34,092 - __main__ - INFO - --- New Round Detected: 6 ---
[34;1mclient_009_1  |[0m 2026-01-20 19:01:34,104 - __main__ - INFO - 🚀 Model update submitted successfully.
[34;1mclient_009_1  |[0m 2026-01-20 19:01:34,104 - __main__ - INFO - Update submitted for Round 6. Waiting...
[33mserver_1      |[0m INFO:werkzeug:172.18.0.17 - - [20/Jan/2026 19:01:34] "GET /download_model?round=6 HTTP/1.1" 200 -
[33;1mclient_006_1  |[0m 2026-01-20 19:01:34,954 - __main__ - INFO - Round 6 finished. Loss: 1.1353, Acc: 63.05%
[33mserver_1      |[0m INFO:__main__:Received update from client_006
[33mserver_1      |[0m INFO:__main__:--- Aggregating 5 updates ---
[33mserver_1      |[0m INFO:__main__:Aggregation complete.
[33mclient_001_1  |[0m 2026-01-20 19:01:36,120 - __main__ - INFO - --- New Round Detected: 6 ---
[33mserver_1      |[0m INFO:werkzeug:172.18.0.22 - - [20/Jan/2026 19:01:36] "GET /download_model?round=6 HTTP/1.1" 200 -
[33mserver_1      |[0m INFO:__main__:--- Round 6 Acc: 43.29%, Loss: 1.5630 ---
[33mserver_1      |[0m INFO:__main__:--- Starting Round 7. Timeout: 300s ---
[33mserver_1      |[0m INFO:werkzeug:172.18.0.17 - - [20/Jan/2026 19:01:37] "POST /submit_update HTTP/1.1" 200 -
[33;1mclient_006_1  |[0m 2026-01-20 19:01:37,234 - __main__ - INFO - 🚀 Model update submitted successfully.
[33;1mclient_006_1  |[0m 2026-01-20 19:01:37,234 - __main__ - INFO - Update submitted for Round 6. Waiting...
[33mclient_001_1  |[0m 2026-01-20 19:01:37,540 - __main__ - INFO - Round 6 finished. Loss: 1.1267, Acc: 64.30%
[32mclient_002_1  |[0m 2026-01-20 19:01:37,579 - __main__ - INFO - --- New Round Detected: 7 ---
[33mserver_1      |[0m INFO:werkzeug:172.18.0.19 - - [20/Jan/2026 19:01:37] "GET /download_model?round=7 HTTP/1.1" 200 -
[33mserver_1      |[0m INFO:__main__:Received update from client_001
[33mserver_1      |[0m INFO:werkzeug:172.18.0.22 - - [20/Jan/2026 19:01:37] "POST /submit_update HTTP/1.1" 200 -
[33mclient_001_1  |[0m 2026-01-20 19:01:37,673 - __main__ - INFO - 🚀 Model update submitted successfully.
[33mclient_001_1  |[0m 2026-01-20 19:01:37,673 - __main__ - INFO - Update submitted for Round 6. Waiting...
[32;1mclient_007_1  |[0m 2026-01-20 19:01:37,934 - __main__ - INFO - --- New Round Detected: 7 ---
[33mserver_1      |[0m INFO:werkzeug:172.18.0.11 - - [20/Jan/2026 19:01:37] "GET /download_model?round=7 HTTP/1.1" 200 -
[32;1mclient_007_1  |[0m 2026-01-20 19:01:39,711 - __main__ - INFO - Round 7 finished. Loss: 1.0287, Acc: 70.14%
[33mserver_1      |[0m INFO:__main__:Received update from client_007
[33mserver_1      |[0m INFO:werkzeug:172.18.0.11 - - [20/Jan/2026 19:01:39] "POST /submit_update HTTP/1.1" 200 -
[32mclient_002_1  |[0m 2026-01-20 19:01:39,858 - __main__ - INFO - Round 7 finished. Loss: 0.8799, Acc: 80.59%
[32;1mclient_007_1  |[0m 2026-01-20 19:01:39,867 - __main__ - INFO - 🚀 Model update submitted successfully.
[32;1mclient_007_1  |[0m 2026-01-20 19:01:39,867 - __main__ - INFO - Update submitted for Round 7. Waiting...
[33mserver_1      |[0m INFO:__main__:Received update from client_002
[33mserver_1      |[0m INFO:werkzeug:172.18.0.19 - - [20/Jan/2026 19:01:39] "POST /submit_update HTTP/1.1" 200 -
[32mclient_002_1  |[0m 2026-01-20 19:01:39,997 - __main__ - INFO - 🚀 Model update submitted successfully.
[32mclient_002_1  |[0m 2026-01-20 19:01:39,997 - __main__ - INFO - Update submitted for Round 7. Waiting...
[35mclient_003_1  |[0m 2026-01-20 19:01:40,390 - __main__ - INFO - --- New Round Detected: 7 ---
[33mserver_1      |[0m INFO:werkzeug:172.18.0.12 - - [20/Jan/2026 19:01:40] "GET /download_model?round=7 HTTP/1.1" 200 -
[34mclient_004_1  |[0m 2026-01-20 19:01:40,763 - __main__ - INFO - --- New Round Detected: 7 ---
[33mserver_1      |[0m INFO:werkzeug:172.18.0.14 - - [20/Jan/2026 19:01:40] "GET /download_model?round=7 HTTP/1.1" 200 -
[36;1mclient_005_1  |[0m 2026-01-20 19:01:41,371 - __main__ - INFO - --- New Round Detected: 7 ---
[33mserver_1      |[0m INFO:werkzeug:172.18.0.21 - - [20/Jan/2026 19:01:41] "GET /download_model?round=7 HTTP/1.1" 200 -
[35;1mclient_008_1  |[0m 2026-01-20 19:01:41,443 - __main__ - INFO - --- New Round Detected: 7 ---
[33mserver_1      |[0m INFO:werkzeug:172.18.0.18 - - [20/Jan/2026 19:01:41] "GET /download_model?round=7 HTTP/1.1" 200 -
[35;1mclient_008_1  |[0m 2026-01-20 19:01:41,974 - __main__ - INFO - Round 7 finished. Loss: 1.2826, Acc: 58.81%
[33mserver_1      |[0m INFO:__main__:Received update from client_008
[33mserver_1      |[0m INFO:werkzeug:172.18.0.18 - - [20/Jan/2026 19:01:42] "POST /submit_update HTTP/1.1" 200 -
[35;1mclient_008_1  |[0m 2026-01-20 19:01:42,129 - __main__ - INFO - 🚀 Model update submitted successfully.
[35;1mclient_008_1  |[0m 2026-01-20 19:01:42,129 - __main__ - INFO - Update submitted for Round 7. Waiting...
[36;1mclient_005_1  |[0m 2026-01-20 19:01:42,136 - __main__ - INFO - Round 7 finished. Loss: 1.1045, Acc: 70.83%
[33mserver_1      |[0m INFO:__main__:Received update from client_005
[33mserver_1      |[0m INFO:__main__:--- Aggregating 5 updates ---
[36mclient_010_1  |[0m 2026-01-20 19:01:42,510 - __main__ - INFO - --- New Round Detected: 7 ---
[33mserver_1      |[0m INFO:werkzeug:172.18.0.9 - - [20/Jan/2026 19:01:42] "GET /download_model?round=7 HTTP/1.1" 200 -
[34mclient_004_1  |[0m 2026-01-20 19:01:42,741 - __main__ - INFO - Round 7 finished. Loss: 0.7686, Acc: 81.32%
[33mserver_1      |[0m INFO:werkzeug:172.18.0.14 - - [20/Jan/2026 19:01:42] "[31m[1mPOST /submit_update HTTP/1.1[0m" 400 -
[34mclient_004_1  |[0m 2026-01-20 19:01:42,804 - __main__ - ERROR - Update submission failed: {"error":"Not accepting updates"}
[34mclient_004_1  |[0m 
[34mclient_004_1  |[0m 2026-01-20 19:01:42,804 - __main__ - INFO - Update submitted for Round 7. Waiting...
[35mclient_003_1  |[0m 2026-01-20 19:01:42,882 - __main__ - INFO - Round 7 finished. Loss: 0.9833, Acc: 73.21%
[33mserver_1      |[0m INFO:werkzeug:172.18.0.12 - - [20/Jan/2026 19:01:42] "[31m[1mPOST /submit_update HTTP/1.1[0m" 400 -
[35mclient_003_1  |[0m 2026-01-20 19:01:42,947 - __main__ - ERROR - Update submission failed: {"error":"Not accepting updates"}
[35mclient_003_1  |[0m 
[35mclient_003_1  |[0m 2026-01-20 19:01:42,948 - __main__ - INFO - Update submitted for Round 7. Waiting...
[33mserver_1      |[0m INFO:__main__:Aggregation complete.
[36mclient_010_1  |[0m 2026-01-20 19:01:43,379 - __main__ - INFO - Round 7 finished. Loss: 1.2867, Acc: 59.08%
[33mserver_1      |[0m INFO:werkzeug:172.18.0.9 - - [20/Jan/2026 19:01:43] "[31m[1mPOST /submit_update HTTP/1.1[0m" 400 -
[36mclient_010_1  |[0m 2026-01-20 19:01:43,444 - __main__ - ERROR - Update submission failed: {"error":"Not accepting updates"}
[36mclient_010_1  |[0m 
[36mclient_010_1  |[0m 2026-01-20 19:01:43,444 - __main__ - INFO - Update submitted for Round 7. Waiting...
[34;1mclient_009_1  |[0m 2026-01-20 19:01:44,166 - __main__ - INFO - --- New Round Detected: 7 ---
[33mserver_1      |[0m INFO:werkzeug:172.18.0.20 - - [20/Jan/2026 19:01:44] "GET /download_model?round=7 HTTP/1.1" 200 -
[33mserver_1      |[0m INFO:__main__:--- Round 7 Acc: 41.64%, Loss: 1.5957 ---
[33mserver_1      |[0m INFO:__main__:--- Starting Round 8. Timeout: 300s ---
[33mserver_1      |[0m INFO:werkzeug:172.18.0.21 - - [20/Jan/2026 19:01:44] "POST /submit_update HTTP/1.1" 200 -
[36;1mclient_005_1  |[0m 2026-01-20 19:01:44,327 - __main__ - INFO - 🚀 Model update submitted successfully.
[36;1mclient_005_1  |[0m 2026-01-20 19:01:44,327 - __main__ - INFO - Update submitted for Round 7. Waiting...
[34;1mclient_009_1  |[0m 2026-01-20 19:01:45,250 - __main__ - INFO - Round 7 finished. Loss: 1.1317, Acc: 66.84%
[33mserver_1      |[0m INFO:__main__:Received update from client_009
[33mserver_1      |[0m INFO:werkzeug:172.18.0.20 - - [20/Jan/2026 19:01:45] "POST /submit_update HTTP/1.1" 200 -
[34;1mclient_009_1  |[0m 2026-01-20 19:01:45,409 - __main__ - INFO - 🚀 Model update submitted successfully.
[34;1mclient_009_1  |[0m 2026-01-20 19:01:45,409 - __main__ - INFO - Update submitted for Round 7. Waiting...
[33;1mclient_006_1  |[0m 2026-01-20 19:01:47,303 - __main__ - INFO - --- New Round Detected: 8 ---
[33mserver_1      |[0m INFO:werkzeug:172.18.0.17 - - [20/Jan/2026 19:01:47] "GET /download_model?round=8 HTTP/1.1" 200 -
[33mclient_001_1  |[0m 2026-01-20 19:01:47,734 - __main__ - INFO - --- New Round Detected: 8 ---
[33mserver_1      |[0m INFO:werkzeug:172.18.0.22 - - [20/Jan/2026 19:01:47] "GET /download_model?round=8 HTTP/1.1" 200 -
[33;1mclient_006_1  |[0m 2026-01-20 19:01:48,730 - __main__ - INFO - Round 8 finished. Loss: 1.1582, Acc: 66.30%
[33mserver_1      |[0m INFO:__main__:Received update from client_006
[33mserver_1      |[0m INFO:werkzeug:172.18.0.17 - - [20/Jan/2026 19:01:48] "POST /submit_update HTTP/1.1" 200 -
[33;1mclient_006_1  |[0m 2026-01-20 19:01:48,866 - __main__ - INFO - 🚀 Model update submitted successfully.
[33;1mclient_006_1  |[0m 2026-01-20 19:01:48,866 - __main__ - INFO - Update submitted for Round 8. Waiting...
[33mclient_001_1  |[0m 2026-01-20 19:01:48,923 - __main__ - INFO - Round 8 finished. Loss: 0.9450, Acc: 73.86%
[33mserver_1      |[0m INFO:__main__:Received update from client_001
[33mserver_1      |[0m INFO:werkzeug:172.18.0.22 - - [20/Jan/2026 19:01:49] "POST /submit_update HTTP/1.1" 200 -
[33mclient_001_1  |[0m 2026-01-20 19:01:49,058 - __main__ - INFO - 🚀 Model update submitted successfully.
[33mclient_001_1  |[0m 2026-01-20 19:01:49,058 - __main__ - INFO - Update submitted for Round 8. Waiting...
[32;1mclient_007_1  |[0m 2026-01-20 19:01:49,959 - __main__ - INFO - --- New Round Detected: 8 ---
[33mserver_1      |[0m INFO:werkzeug:172.18.0.11 - - [20/Jan/2026 19:01:49] "GET /download_model?round=8 HTTP/1.1" 200 -
[32mclient_002_1  |[0m 2026-01-20 19:01:50,058 - __main__ - INFO - --- New Round Detected: 8 ---
[33mserver_1      |[0m INFO:werkzeug:172.18.0.19 - - [20/Jan/2026 19:01:50] "GET /download_model?round=8 HTTP/1.1" 200 -
[32;1mclient_007_1  |[0m 2026-01-20 19:01:51,429 - __main__ - INFO - Round 8 finished. Loss: 0.9487, Acc: 72.50%
[33mserver_1      |[0m INFO:__main__:Received update from client_007
[33mserver_1      |[0m INFO:werkzeug:172.18.0.11 - - [20/Jan/2026 19:01:51] "POST /submit_update HTTP/1.1" 200 -
[32;1mclient_007_1  |[0m 2026-01-20 19:01:51,565 - __main__ - INFO - 🚀 Model update submitted successfully.
[32;1mclient_007_1  |[0m 2026-01-20 19:01:51,566 - __main__ - INFO - Update submitted for Round 8. Waiting...
[35;1mclient_008_1  |[0m 2026-01-20 19:01:52,190 - __main__ - INFO - --- New Round Detected: 8 ---
[33mserver_1      |[0m INFO:werkzeug:172.18.0.18 - - [20/Jan/2026 19:01:52] "GET /download_model?round=8 HTTP/1.1" 200 -
[35;1mclient_008_1  |[0m 2026-01-20 19:01:52,761 - __main__ - INFO - Round 8 finished. Loss: 1.1918, Acc: 60.33%
[33mserver_1      |[0m INFO:__main__:Received update from client_008
[33mserver_1      |[0m INFO:__main__:--- Aggregating 5 updates ---
[34mclient_004_1  |[0m 2026-01-20 19:01:52,868 - __main__ - INFO - --- New Round Detected: 8 ---
[33mserver_1      |[0m INFO:werkzeug:172.18.0.14 - - [20/Jan/2026 19:01:52] "GET /download_model?round=8 HTTP/1.1" 200 -
[32mclient_002_1  |[0m 2026-01-20 19:01:52,901 - __main__ - INFO - Round 8 finished. Loss: 0.6602, Acc: 86.74%
[33mserver_1      |[0m INFO:werkzeug:172.18.0.19 - - [20/Jan/2026 19:01:52] "[31m[1mPOST /submit_update HTTP/1.1[0m" 400 -
[32mclient_002_1  |[0m 2026-01-20 19:01:52,972 - __main__ - ERROR - Update submission failed: {"error":"Not accepting updates"}
[32mclient_002_1  |[0m 
[32mclient_002_1  |[0m 2026-01-20 19:01:52,972 - __main__ - INFO - Update submitted for Round 8. Waiting...
[35mclient_003_1  |[0m 2026-01-20 19:01:53,028 - __main__ - INFO - --- New Round Detected: 8 ---
[33mserver_1      |[0m INFO:werkzeug:172.18.0.12 - - [20/Jan/2026 19:01:53] "GET /download_model?round=8 HTTP/1.1" 200 -
[36mclient_010_1  |[0m 2026-01-20 19:01:53,536 - __main__ - INFO - --- New Round Detected: 8 ---
[33mserver_1      |[0m INFO:werkzeug:172.18.0.9 - - [20/Jan/2026 19:01:53] "GET /download_model?round=8 HTTP/1.1" 200 -
[33mserver_1      |[0m INFO:__main__:Aggregation complete.
[36;1mclient_005_1  |[0m 2026-01-20 19:01:54,408 - __main__ - INFO - --- New Round Detected: 8 ---
[33mserver_1      |[0m INFO:werkzeug:172.18.0.21 - - [20/Jan/2026 19:01:54] "GET /download_model?round=8 HTTP/1.1" 200 -
[34mclient_004_1  |[0m 2026-01-20 19:01:54,649 - __main__ - INFO - Round 8 finished. Loss: 0.7980, Acc: 80.17%
[33mserver_1      |[0m INFO:werkzeug:172.18.0.14 - - [20/Jan/2026 19:01:54] "[31m[1mPOST /submit_update HTTP/1.1[0m" 400 -
[34mclient_004_1  |[0m 2026-01-20 19:01:54,725 - __main__ - ERROR - Update submission failed: {"error":"Not accepting updates"}
[34mclient_004_1  |[0m 
[34mclient_004_1  |[0m 2026-01-20 19:01:54,725 - __main__ - INFO - Update submitted for Round 8. Waiting...
[36mclient_010_1  |[0m 2026-01-20 19:01:54,834 - __main__ - INFO - Round 8 finished. Loss: 1.1930, Acc: 62.46%
[33mserver_1      |[0m INFO:werkzeug:172.18.0.9 - - [20/Jan/2026 19:01:54] "[31m[1mPOST /submit_update HTTP/1.1[0m" 400 -
[36mclient_010_1  |[0m 2026-01-20 19:01:54,897 - __main__ - ERROR - Update submission failed: {"error":"Not accepting updates"}
[36mclient_010_1  |[0m 
[36mclient_010_1  |[0m 2026-01-20 19:01:54,897 - __main__ - INFO - Update submitted for Round 8. Waiting...
[36;1mclient_005_1  |[0m 2026-01-20 19:01:54,943 - __main__ - INFO - Round 8 finished. Loss: 1.0032, Acc: 74.81%
[33mserver_1      |[0m INFO:werkzeug:172.18.0.21 - - [20/Jan/2026 19:01:54] "[31m[1mPOST /submit_update HTTP/1.1[0m" 400 -
[36;1mclient_005_1  |[0m 2026-01-20 19:01:55,015 - __main__ - ERROR - Update submission failed: {"error":"Not accepting updates"}
[36;1mclient_005_1  |[0m 
[36;1mclient_005_1  |[0m 2026-01-20 19:01:55,015 - __main__ - INFO - Update submitted for Round 8. Waiting...
[33mserver_1      |[0m INFO:__main__:--- Round 8 Acc: 43.77%, Loss: 1.5486 ---
[33mserver_1      |[0m INFO:__main__:--- Starting Round 9. Timeout: 300s ---
[33mserver_1      |[0m INFO:werkzeug:172.18.0.18 - - [20/Jan/2026 19:01:55] "POST /submit_update HTTP/1.1" 200 -
[35;1mclient_008_1  |[0m 2026-01-20 19:01:55,264 - __main__ - INFO - 🚀 Model update submitted successfully.
[35;1mclient_008_1  |[0m 2026-01-20 19:01:55,264 - __main__ - INFO - Update submitted for Round 8. Waiting...
[34;1mclient_009_1  |[0m 2026-01-20 19:01:55,474 - __main__ - INFO - --- New Round Detected: 9 ---
[33mserver_1      |[0m INFO:werkzeug:172.18.0.20 - - [20/Jan/2026 19:01:55] "GET /download_model?round=9 HTTP/1.1" 200 -
[34;1mclient_009_1  |[0m 2026-01-20 19:01:56,450 - __main__ - INFO - Round 9 finished. Loss: 1.0593, Acc: 68.95%
[33mserver_1      |[0m INFO:__main__:Received update from client_009
[33mserver_1      |[0m INFO:werkzeug:172.18.0.20 - - [20/Jan/2026 19:01:56] "POST /submit_update HTTP/1.1" 200 -
[34;1mclient_009_1  |[0m 2026-01-20 19:01:56,588 - __main__ - INFO - 🚀 Model update submitted successfully.
[34;1mclient_009_1  |[0m 2026-01-20 19:01:56,590 - __main__ - INFO - Update submitted for Round 9. Waiting...
[35mclient_003_1  |[0m 2026-01-20 19:01:57,448 - __main__ - INFO - Round 8 finished. Loss: 0.9796, Acc: 73.70%
[33mserver_1      |[0m INFO:__main__:Received update from client_003
[33mserver_1      |[0m INFO:werkzeug:172.18.0.12 - - [20/Jan/2026 19:01:57] "POST /submit_update HTTP/1.1" 200 -
[35mclient_003_1  |[0m 2026-01-20 19:01:57,582 - __main__ - INFO - 🚀 Model update submitted successfully.
[35mclient_003_1  |[0m 2026-01-20 19:01:57,582 - __main__ - INFO - Update submitted for Round 8. Waiting...
[33;1mclient_006_1  |[0m 2026-01-20 19:01:58,930 - __main__ - INFO - --- New Round Detected: 9 ---
[33mserver_1      |[0m INFO:werkzeug:172.18.0.17 - - [20/Jan/2026 19:01:58] "GET /download_model?round=9 HTTP/1.1" 200 -
[33mclient_001_1  |[0m 2026-01-20 19:01:59,126 - __main__ - INFO - --- New Round Detected: 9 ---
[33mserver_1      |[0m INFO:werkzeug:172.18.0.22 - - [20/Jan/2026 19:01:59] "GET /download_model?round=9 HTTP/1.1" 200 -
[33;1mclient_006_1  |[0m 2026-01-20 19:02:00,543 - __main__ - INFO - Round 9 finished. Loss: 1.0247, Acc: 69.09%
[33mserver_1      |[0m INFO:__main__:Received update from client_006
[33mserver_1      |[0m INFO:werkzeug:172.18.0.17 - - [20/Jan/2026 19:02:00] "POST /submit_update HTTP/1.1" 200 -
[33;1mclient_006_1  |[0m 2026-01-20 19:02:00,690 - __main__ - INFO - 🚀 Model update submitted successfully.
[33;1mclient_006_1  |[0m 2026-01-20 19:02:00,690 - __main__ - INFO - Update submitted for Round 9. Waiting...
[33mclient_001_1  |[0m 2026-01-20 19:02:01,235 - __main__ - INFO - Round 9 finished. Loss: 0.9251, Acc: 74.38%
[33mserver_1      |[0m INFO:__main__:Received update from client_001
[33mserver_1      |[0m INFO:werkzeug:172.18.0.22 - - [20/Jan/2026 19:02:01] "POST /submit_update HTTP/1.1" 200 -
[33mclient_001_1  |[0m 2026-01-20 19:02:01,369 - __main__ - INFO - 🚀 Model update submitted successfully.
[33mclient_001_1  |[0m 2026-01-20 19:02:01,369 - __main__ - INFO - Update submitted for Round 9. Waiting...
[32;1mclient_007_1  |[0m 2026-01-20 19:02:01,628 - __main__ - INFO - --- New Round Detected: 9 ---
[33mserver_1      |[0m INFO:werkzeug:172.18.0.11 - - [20/Jan/2026 19:02:01] "GET /download_model?round=9 HTTP/1.1" 200 -
[32mclient_002_1  |[0m 2026-01-20 19:02:03,034 - __main__ - INFO - --- New Round Detected: 9 ---
[33mserver_1      |[0m INFO:werkzeug:172.18.0.19 - - [20/Jan/2026 19:02:03] "GET /download_model?round=9 HTTP/1.1" 200 -
[32;1mclient_007_1  |[0m 2026-01-20 19:02:03,521 - __main__ - INFO - Round 9 finished. Loss: 0.9012, Acc: 73.84%
[33mserver_1      |[0m INFO:__main__:Received update from client_007
[33mserver_1      |[0m INFO:__main__:--- Aggregating 5 updates ---
[33mserver_1      |[0m INFO:__main__:Aggregation complete.
[34mclient_004_1  |[0m 2026-01-20 19:02:04,800 - __main__ - INFO - --- New Round Detected: 9 ---
[33mserver_1      |[0m INFO:werkzeug:172.18.0.14 - - [20/Jan/2026 19:02:04] "GET /download_model?round=9 HTTP/1.1" 200 -
[36mclient_010_1  |[0m 2026-01-20 19:02:04,961 - __main__ - INFO - --- New Round Detected: 9 ---
[33mserver_1      |[0m INFO:werkzeug:172.18.0.9 - - [20/Jan/2026 19:02:04] "GET /download_model?round=9 HTTP/1.1" 200 -
[36;1mclient_005_1  |[0m 2026-01-20 19:02:05,083 - __main__ - INFO - --- New Round Detected: 9 ---
[33mserver_1      |[0m INFO:werkzeug:172.18.0.21 - - [20/Jan/2026 19:02:05] "GET /download_model?round=9 HTTP/1.1" 200 -
[35;1mclient_008_1  |[0m 2026-01-20 19:02:05,328 - __main__ - INFO - --- New Round Detected: 9 ---
[33mserver_1      |[0m INFO:werkzeug:172.18.0.18 - - [20/Jan/2026 19:02:05] "GET /download_model?round=9 HTTP/1.1" 200 -
[33mserver_1      |[0m INFO:__main__:--- Round 9 Acc: 44.62%, Loss: 1.5097 ---
[33mserver_1      |[0m INFO:__main__:--- Starting Round 10. Timeout: 300s ---
[33mserver_1      |[0m INFO:werkzeug:172.18.0.11 - - [20/Jan/2026 19:02:05] "POST /submit_update HTTP/1.1" 200 -
[32;1mclient_007_1  |[0m 2026-01-20 19:02:05,640 - __main__ - INFO - 🚀 Model update submitted successfully.
[32;1mclient_007_1  |[0m 2026-01-20 19:02:05,640 - __main__ - INFO - Update submitted for Round 9. Waiting...
[36mclient_010_1  |[0m 2026-01-20 19:02:05,811 - __main__ - INFO - Round 9 finished. Loss: 1.2533, Acc: 60.93%
[33mserver_1      |[0m INFO:__main__:Received update from client_010
[33mserver_1      |[0m INFO:werkzeug:172.18.0.9 - - [20/Jan/2026 19:02:05] "POST /submit_update HTTP/1.1" 200 -
[36mclient_010_1  |[0m 2026-01-20 19:02:05,944 - __main__ - INFO - 🚀 Model update submitted successfully.
[36mclient_010_1  |[0m 2026-01-20 19:02:05,945 - __main__ - INFO - Update submitted for Round 9. Waiting...
[36;1mclient_005_1  |[0m 2026-01-20 19:02:05,955 - __main__ - INFO - Round 9 finished. Loss: 1.0429, Acc: 74.50%
[32mclient_002_1  |[0m 2026-01-20 19:02:06,036 - __main__ - INFO - Round 9 finished. Loss: 0.7284, Acc: 85.09%
[33mserver_1      |[0m INFO:__main__:Received update from client_005
[33mserver_1      |[0m INFO:werkzeug:172.18.0.21 - - [20/Jan/2026 19:02:06] "POST /submit_update HTTP/1.1" 200 -
[36;1mclient_005_1  |[0m 2026-01-20 19:02:06,110 - __main__ - INFO - 🚀 Model update submitted successfully.
[36;1mclient_005_1  |[0m 2026-01-20 19:02:06,110 - __main__ - INFO - Update submitted for Round 9. Waiting...
[33mserver_1      |[0m INFO:__main__:Received update from client_002
[33mserver_1      |[0m INFO:werkzeug:172.18.0.19 - - [20/Jan/2026 19:02:06] "POST /submit_update HTTP/1.1" 200 -
[32mclient_002_1  |[0m 2026-01-20 19:02:06,191 - __main__ - INFO - 🚀 Model update submitted successfully.
[32mclient_002_1  |[0m 2026-01-20 19:02:06,191 - __main__ - INFO - Update submitted for Round 9. Waiting...
[35;1mclient_008_1  |[0m 2026-01-20 19:02:06,268 - __main__ - INFO - Round 9 finished. Loss: 1.1401, Acc: 62.38%
[33mserver_1      |[0m INFO:__main__:Received update from client_008
[33mserver_1      |[0m INFO:werkzeug:172.18.0.18 - - [20/Jan/2026 19:02:06] "POST /submit_update HTTP/1.1" 200 -
[35;1mclient_008_1  |[0m 2026-01-20 19:02:06,408 - __main__ - INFO - 🚀 Model update submitted successfully.
[35;1mclient_008_1  |[0m 2026-01-20 19:02:06,408 - __main__ - INFO - Update submitted for Round 9. Waiting...
[34;1mclient_009_1  |[0m 2026-01-20 19:02:06,699 - __main__ - INFO - --- New Round Detected: 10 ---
[34mclient_004_1  |[0m 2026-01-20 19:02:06,704 - __main__ - INFO - Round 9 finished. Loss: 0.7208, Acc: 83.12%
[33mserver_1      |[0m INFO:werkzeug:172.18.0.20 - - [20/Jan/2026 19:02:06] "GET /download_model?round=10 HTTP/1.1" 200 -
[33mserver_1      |[0m INFO:__main__:Received update from client_004
[33mserver_1      |[0m INFO:__main__:--- Aggregating 5 updates ---
[35mclient_003_1  |[0m 2026-01-20 19:02:07,650 - __main__ - INFO - --- New Round Detected: 10 ---
[33mserver_1      |[0m INFO:werkzeug:172.18.0.12 - - [20/Jan/2026 19:02:07] "GET /download_model?round=10 HTTP/1.1" 200 -
[33mserver_1      |[0m INFO:__main__:Aggregation complete.
[34;1mclient_009_1  |[0m 2026-01-20 19:02:07,807 - __main__ - INFO - Round 10 finished. Loss: 0.9857, Acc: 71.69%
[33mserver_1      |[0m INFO:werkzeug:172.18.0.20 - - [20/Jan/2026 19:02:07] "[31m[1mPOST /submit_update HTTP/1.1[0m" 400 -
[34;1mclient_009_1  |[0m 2026-01-20 19:02:07,953 - __main__ - ERROR - Update submission failed: {"error":"Not accepting updates"}
[34;1mclient_009_1  |[0m 
[34;1mclient_009_1  |[0m 2026-01-20 19:02:07,953 - __main__ - INFO - Update submitted for Round 10. Waiting...
[33mserver_1      |[0m INFO:__main__:--- Round 10 Acc: 46.11%, Loss: 1.4813 ---
[33mserver_1      |[0m INFO:__main__:--- Starting Round 11. Timeout: 300s ---
[33mserver_1      |[0m INFO:werkzeug:172.18.0.14 - - [20/Jan/2026 19:02:09] "POST /submit_update HTTP/1.1" 200 -
[34mclient_004_1  |[0m 2026-01-20 19:02:09,179 - __main__ - INFO - 🚀 Model update submitted successfully.
[34mclient_004_1  |[0m 2026-01-20 19:02:09,180 - __main__ - INFO - Update submitted for Round 9. Waiting...
[33;1mclient_006_1  |[0m 2026-01-20 19:02:10,764 - __main__ - INFO - --- New Round Detected: 11 ---
[33mserver_1      |[0m INFO:werkzeug:172.18.0.17 - - [20/Jan/2026 19:02:10] "GET /download_model?round=11 HTTP/1.1" 200 -
[33mclient_001_1  |[0m 2026-01-20 19:02:11,445 - __main__ - INFO - --- New Round Detected: 11 ---
[33mserver_1      |[0m INFO:werkzeug:172.18.0.22 - - [20/Jan/2026 19:02:11] "GET /download_model?round=11 HTTP/1.1" 200 -
[35mclient_003_1  |[0m 2026-01-20 19:02:12,024 - __main__ - INFO - Round 10 finished. Loss: 0.7623, Acc: 81.79%
[33mserver_1      |[0m INFO:__main__:Received update from client_003
[33mserver_1      |[0m INFO:werkzeug:172.18.0.12 - - [20/Jan/2026 19:02:12] "POST /submit_update HTTP/1.1" 200 -
[35mclient_003_1  |[0m 2026-01-20 19:02:12,159 - __main__ - INFO - 🚀 Model update submitted successfully.
[35mclient_003_1  |[0m 2026-01-20 19:02:12,159 - __main__ - INFO - Update submitted for Round 10. Waiting...
[33;1mclient_006_1  |[0m 2026-01-20 19:02:12,485 - __main__ - INFO - Round 11 finished. Loss: 1.0893, Acc: 68.59%
[33mserver_1      |[0m INFO:__main__:Received update from client_006
[33mserver_1      |[0m INFO:werkzeug:172.18.0.17 - - [20/Jan/2026 19:02:12] "POST /submit_update HTTP/1.1" 200 -
[33;1mclient_006_1  |[0m 2026-01-20 19:02:12,619 - __main__ - INFO - 🚀 Model update submitted successfully.
[33;1mclient_006_1  |[0m 2026-01-20 19:02:12,621 - __main__ - INFO - Update submitted for Round 11. Waiting...
[33mclient_001_1  |[0m 2026-01-20 19:02:13,691 - __main__ - INFO - Round 11 finished. Loss: 0.8588, Acc: 79.37%
[33mserver_1      |[0m INFO:__main__:Received update from client_001
[33mserver_1      |[0m INFO:werkzeug:172.18.0.22 - - [20/Jan/2026 19:02:13] "POST /submit_update HTTP/1.1" 200 -
[33mclient_001_1  |[0m 2026-01-20 19:02:13,826 - __main__ - INFO - 🚀 Model update submitted successfully.
[33mclient_001_1  |[0m 2026-01-20 19:02:13,826 - __main__ - INFO - Update submitted for Round 11. Waiting...
[32;1mclient_007_1  |[0m 2026-01-20 19:02:15,709 - __main__ - INFO - --- New Round Detected: 11 ---
[33mserver_1      |[0m INFO:werkzeug:172.18.0.11 - - [20/Jan/2026 19:02:15] "GET /download_model?round=11 HTTP/1.1" 200 -
[36mclient_010_1  |[0m 2026-01-20 19:02:16,014 - __main__ - INFO - --- New Round Detected: 11 ---
[33mserver_1      |[0m INFO:werkzeug:172.18.0.9 - - [20/Jan/2026 19:02:16] "GET /download_model?round=11 HTTP/1.1" 200 -
[36;1mclient_005_1  |[0m 2026-01-20 19:02:16,175 - __main__ - INFO - --- New Round Detected: 11 ---
[33mserver_1      |[0m INFO:werkzeug:172.18.0.21 - - [20/Jan/2026 19:02:16] "GET /download_model?round=11 HTTP/1.1" 200 -
[32mclient_002_1  |[0m 2026-01-20 19:02:16,257 - __main__ - INFO - --- New Round Detected: 11 ---
[33mserver_1      |[0m INFO:werkzeug:172.18.0.19 - - [20/Jan/2026 19:02:16] "GET /download_model?round=11 HTTP/1.1" 200 -
[35;1mclient_008_1  |[0m 2026-01-20 19:02:16,472 - __main__ - INFO - --- New Round Detected: 11 ---
[33mserver_1      |[0m INFO:werkzeug:172.18.0.18 - - [20/Jan/2026 19:02:16] "GET /download_model?round=11 HTTP/1.1" 200 -
[36mclient_010_1  |[0m 2026-01-20 19:02:16,800 - __main__ - INFO - Round 11 finished. Loss: 1.0997, Acc: 65.09%
[33mserver_1      |[0m INFO:__main__:Received update from client_010
[33mserver_1      |[0m INFO:werkzeug:172.18.0.9 - - [20/Jan/2026 19:02:16] "POST /submit_update HTTP/1.1" 200 -
[36mclient_010_1  |[0m 2026-01-20 19:02:16,934 - __main__ - INFO - 🚀 Model update submitted successfully.
[36mclient_010_1  |[0m 2026-01-20 19:02:16,934 - __main__ - INFO - Update submitted for Round 11. Waiting...
[36;1mclient_005_1  |[0m 2026-01-20 19:02:16,953 - __main__ - INFO - Round 11 finished. Loss: 0.8157, Acc: 78.33%
[33mserver_1      |[0m INFO:__main__:Received update from client_005
[33mserver_1      |[0m INFO:__main__:--- Aggregating 5 updates ---
[35;1mclient_008_1  |[0m 2026-01-20 19:02:17,429 - __main__ - INFO - Round 11 finished. Loss: 1.0669, Acc: 66.34%
[33mserver_1      |[0m INFO:werkzeug:172.18.0.18 - - [20/Jan/2026 19:02:17] "[31m[1mPOST /submit_update HTTP/1.1[0m" 400 -
[35;1mclient_008_1  |[0m 2026-01-20 19:02:17,504 - __main__ - ERROR - Update submission failed: {"error":"Not accepting updates"}
[35;1mclient_008_1  |[0m 
[35;1mclient_008_1  |[0m 2026-01-20 19:02:17,504 - __main__ - INFO - Update submitted for Round 11. Waiting...
[32;1mclient_007_1  |[0m 2026-01-20 19:02:17,508 - __main__ - INFO - Round 11 finished. Loss: 0.8992, Acc: 74.23%
[33mserver_1      |[0m INFO:werkzeug:172.18.0.11 - - [20/Jan/2026 19:02:17] "[31m[1mPOST /submit_update HTTP/1.1[0m" 400 -
[32;1mclient_007_1  |[0m 2026-01-20 19:02:17,573 - __main__ - ERROR - Update submission failed: {"error":"Not accepting updates"}
[32;1mclient_007_1  |[0m 
[32;1mclient_007_1  |[0m 2026-01-20 19:02:17,573 - __main__ - INFO - Update submitted for Round 11. Waiting...
[34;1mclient_009_1  |[0m 2026-01-20 19:02:18,015 - __main__ - INFO - --- New Round Detected: 11 ---
[33mserver_1      |[0m INFO:werkzeug:172.18.0.20 - - [20/Jan/2026 19:02:18] "GET /download_model?round=11 HTTP/1.1" 200 -
[33mserver_1      |[0m INFO:__main__:Aggregation complete.
[34;1mclient_009_1  |[0m 2026-01-20 19:02:19,135 - __main__ - INFO - Round 11 finished. Loss: 1.0638, Acc: 71.74%
[33mserver_1      |[0m INFO:werkzeug:172.18.0.20 - - [20/Jan/2026 19:02:19] "[31m[1mPOST /submit_update HTTP/1.1[0m" 400 -
[34;1mclient_009_1  |[0m 2026-01-20 19:02:19,216 - __main__ - ERROR - Update submission failed: {"error":"Not accepting updates"}
[34;1mclient_009_1  |[0m 
[34;1mclient_009_1  |[0m 2026-01-20 19:02:19,216 - __main__ - INFO - Update submitted for Round 11. Waiting...
[33mserver_1      |[0m INFO:__main__:--- Round 11 Acc: 48.88%, Loss: 1.4245 ---
[33mserver_1      |[0m INFO:__main__:--- Starting Round 12. Timeout: 300s ---
[33mserver_1      |[0m INFO:werkzeug:172.18.0.21 - - [20/Jan/2026 19:02:19] "POST /submit_update HTTP/1.1" 200 -
[34mclient_004_1  |[0m 2026-01-20 19:02:19,245 - __main__ - INFO - --- New Round Detected: 11 ---
[33mserver_1      |[0m INFO:werkzeug:172.18.0.14 - - [20/Jan/2026 19:02:19] "GET /download_model?round=11 HTTP/1.1" 200 -
[36;1mclient_005_1  |[0m 2026-01-20 19:02:19,283 - __main__ - INFO - 🚀 Model update submitted successfully.
[36;1mclient_005_1  |[0m 2026-01-20 19:02:19,284 - __main__ - INFO - Update submitted for Round 11. Waiting...
[32mclient_002_1  |[0m 2026-01-20 19:02:19,426 - __main__ - INFO - Round 11 finished. Loss: 0.5667, Acc: 90.27%
[33mserver_1      |[0m INFO:__main__:Received update from client_002
[33mserver_1      |[0m INFO:werkzeug:172.18.0.19 - - [20/Jan/2026 19:02:19] "POST /submit_update HTTP/1.1" 200 -
[32mclient_002_1  |[0m 2026-01-20 19:02:19,563 - __main__ - INFO - 🚀 Model update submitted successfully.
[32mclient_002_1  |[0m 2026-01-20 19:02:19,563 - __main__ - INFO - Update submitted for Round 11. Waiting...
[35mclient_003_1  |[0m 2026-01-20 19:02:22,227 - __main__ - INFO - --- New Round Detected: 12 ---
[33mserver_1      |[0m INFO:werkzeug:172.18.0.12 - - [20/Jan/2026 19:02:22] "GET /download_model?round=12 HTTP/1.1" 200 -
[34mclient_004_1  |[0m 2026-01-20 19:02:22,411 - __main__ - INFO - Round 11 finished. Loss: 0.5929, Acc: 89.59%
[33mserver_1      |[0m INFO:__main__:Received update from client_004
[33mserver_1      |[0m INFO:werkzeug:172.18.0.14 - - [20/Jan/2026 19:02:22] "POST /submit_update HTTP/1.1" 200 -
[34mclient_004_1  |[0m 2026-01-20 19:02:22,546 - __main__ - INFO - 🚀 Model update submitted successfully.
[34mclient_004_1  |[0m 2026-01-20 19:02:22,546 - __main__ - INFO - Update submitted for Round 11. Waiting...
[33;1mclient_006_1  |[0m 2026-01-20 19:02:22,682 - __main__ - INFO - --- New Round Detected: 12 ---
[33mserver_1      |[0m INFO:werkzeug:172.18.0.17 - - [20/Jan/2026 19:02:22] "GET /download_model?round=12 HTTP/1.1" 200 -
[33;1mclient_006_1  |[0m 2026-01-20 19:02:23,552 - __main__ - INFO - Round 12 finished. Loss: 0.9378, Acc: 73.13%
[33mserver_1      |[0m INFO:__main__:Received update from client_006
[33mserver_1      |[0m INFO:werkzeug:172.18.0.17 - - [20/Jan/2026 19:02:23] "POST /submit_update HTTP/1.1" 200 -
[33;1mclient_006_1  |[0m 2026-01-20 19:02:23,711 - __main__ - INFO - 🚀 Model update submitted successfully.
[33;1mclient_006_1  |[0m 2026-01-20 19:02:23,711 - __main__ - INFO - Update submitted for Round 12. Waiting...
[33mclient_001_1  |[0m 2026-01-20 19:02:23,902 - __main__ - INFO - --- New Round Detected: 12 ---
[33mserver_1      |[0m INFO:werkzeug:172.18.0.22 - - [20/Jan/2026 19:02:23] "GET /download_model?round=12 HTTP/1.1" 200 -
[35mclient_003_1  |[0m 2026-01-20 19:02:25,441 - __main__ - INFO - Round 12 finished. Loss: 0.6393, Acc: 87.45%
[33mserver_1      |[0m INFO:__main__:Received update from client_003
[33mserver_1      |[0m INFO:werkzeug:172.18.0.12 - - [20/Jan/2026 19:02:25] "POST /submit_update HTTP/1.1" 200 -
[35mclient_003_1  |[0m 2026-01-20 19:02:25,576 - __main__ - INFO - 🚀 Model update submitted successfully.
[35mclient_003_1  |[0m 2026-01-20 19:02:25,576 - __main__ - INFO - Update submitted for Round 12. Waiting...
[33mclient_001_1  |[0m 2026-01-20 19:02:25,744 - __main__ - INFO - Round 12 finished. Loss: 0.6337, Acc: 87.75%
[33mserver_1      |[0m INFO:__main__:Received update from client_001
[33mserver_1      |[0m INFO:__main__:--- Aggregating 5 updates ---
[33mserver_1      |[0m INFO:__main__:Aggregation complete.
[36mclient_010_1  |[0m 2026-01-20 19:02:27,001 - __main__ - INFO - --- New Round Detected: 12 ---
[33mserver_1      |[0m INFO:werkzeug:172.18.0.9 - - [20/Jan/2026 19:02:27] "GET /download_model?round=12 HTTP/1.1" 200 -
[35;1mclient_008_1  |[0m 2026-01-20 19:02:27,582 - __main__ - INFO - --- New Round Detected: 12 ---
[33mserver_1      |[0m INFO:werkzeug:172.18.0.18 - - [20/Jan/2026 19:02:27] "GET /download_model?round=12 HTTP/1.1" 200 -
[32;1mclient_007_1  |[0m 2026-01-20 19:02:27,636 - __main__ - INFO - --- New Round Detected: 12 ---
[33mserver_1      |[0m INFO:werkzeug:172.18.0.11 - - [20/Jan/2026 19:02:27] "GET /download_model?round=12 HTTP/1.1" 200 -
[33mserver_1      |[0m INFO:__main__:--- Round 12 Acc: 49.67%, Loss: 1.3990 ---
[33mserver_1      |[0m INFO:__main__:--- Starting Round 13. Timeout: 300s ---
[33mserver_1      |[0m INFO:werkzeug:172.18.0.22 - - [20/Jan/2026 19:02:27] "POST /submit_update HTTP/1.1" 200 -
[33mclient_001_1  |[0m 2026-01-20 19:02:28,020 - __main__ - INFO - 🚀 Model update submitted successfully.
[33mclient_001_1  |[0m 2026-01-20 19:02:28,020 - __main__ - INFO - Update submitted for Round 12. Waiting...
[36mclient_010_1  |[0m 2026-01-20 19:02:28,372 - __main__ - INFO - Round 12 finished. Loss: 1.0749, Acc: 67.10%
[35;1mclient_008_1  |[0m 2026-01-20 19:02:28,449 - __main__ - INFO - Round 12 finished. Loss: 1.0535, Acc: 66.67%
[33mserver_1      |[0m INFO:__main__:Received update from client_010
[33mserver_1      |[0m INFO:werkzeug:172.18.0.9 - - [20/Jan/2026 19:02:28] "POST /submit_update HTTP/1.1" 200 -
[36mclient_010_1  |[0m 2026-01-20 19:02:28,507 - __main__ - INFO - 🚀 Model update submitted successfully.
[36mclient_010_1  |[0m 2026-01-20 19:02:28,507 - __main__ - INFO - Update submitted for Round 12. Waiting...
[33mserver_1      |[0m INFO:__main__:Received update from client_008
[33mserver_1      |[0m INFO:werkzeug:172.18.0.18 - - [20/Jan/2026 19:02:28] "POST /submit_update HTTP/1.1" 200 -
[35;1mclient_008_1  |[0m 2026-01-20 19:02:28,587 - __main__ - INFO - 🚀 Model update submitted successfully.
[35;1mclient_008_1  |[0m 2026-01-20 19:02:28,587 - __main__ - INFO - Update submitted for Round 12. Waiting...
[34;1mclient_009_1  |[0m 2026-01-20 19:02:29,279 - __main__ - INFO - --- New Round Detected: 13 ---
[33mserver_1      |[0m INFO:werkzeug:172.18.0.20 - - [20/Jan/2026 19:02:29] "GET /download_model?round=13 HTTP/1.1" 200 -
[36;1mclient_005_1  |[0m 2026-01-20 19:02:29,350 - __main__ - INFO - --- New Round Detected: 13 ---
[32;1mclient_007_1  |[0m 2026-01-20 19:02:29,361 - __main__ - INFO - Round 12 finished. Loss: 0.8687, Acc: 75.36%
[33mserver_1      |[0m INFO:werkzeug:172.18.0.21 - - [20/Jan/2026 19:02:29] "GET /download_model?round=13 HTTP/1.1" 200 -
[33mserver_1      |[0m INFO:__main__:Received update from client_007
[33mserver_1      |[0m INFO:werkzeug:172.18.0.11 - - [20/Jan/2026 19:02:29] "POST /submit_update HTTP/1.1" 200 -
[32;1mclient_007_1  |[0m 2026-01-20 19:02:29,496 - __main__ - INFO - 🚀 Model update submitted successfully.
[32;1mclient_007_1  |[0m 2026-01-20 19:02:29,496 - __main__ - INFO - Update submitted for Round 12. Waiting...
[32mclient_002_1  |[0m 2026-01-20 19:02:29,631 - __main__ - INFO - --- New Round Detected: 13 ---
[33mserver_1      |[0m INFO:werkzeug:172.18.0.19 - - [20/Jan/2026 19:02:29] "GET /download_model?round=13 HTTP/1.1" 200 -
[36;1mclient_005_1  |[0m 2026-01-20 19:02:30,144 - __main__ - INFO - Round 13 finished. Loss: 0.8355, Acc: 79.71%
[33mserver_1      |[0m INFO:__main__:Received update from client_005
[33mserver_1      |[0m INFO:werkzeug:172.18.0.21 - - [20/Jan/2026 19:02:30] "POST /submit_update HTTP/1.1" 200 -
[36;1mclient_005_1  |[0m 2026-01-20 19:02:30,281 - __main__ - INFO - 🚀 Model update submitted successfully.
[36;1mclient_005_1  |[0m 2026-01-20 19:02:30,281 - __main__ - INFO - Update submitted for Round 13. Waiting...
[34;1mclient_009_1  |[0m 2026-01-20 19:02:30,331 - __main__ - INFO - Round 13 finished. Loss: 0.9575, Acc: 73.80%
[33mserver_1      |[0m INFO:__main__:Received update from client_009
[33mserver_1      |[0m INFO:__main__:--- Aggregating 5 updates ---
[33mserver_1      |[0m INFO:__main__:Aggregation complete.
[32mclient_002_1  |[0m 2026-01-20 19:02:32,535 - __main__ - INFO - Round 13 finished. Loss: 0.5836, Acc: 91.87%
[33mserver_1      |[0m INFO:werkzeug:172.18.0.19 - - [20/Jan/2026 19:02:32] "[31m[1mPOST /submit_update HTTP/1.1[0m" 400 -
[32mclient_002_1  |[0m 2026-01-20 19:02:32,600 - __main__ - ERROR - Update submission failed: {"error":"Not accepting updates"}
[32mclient_002_1  |[0m 
[32mclient_002_1  |[0m 2026-01-20 19:02:32,600 - __main__ - INFO - Update submitted for Round 13. Waiting...
[34mclient_004_1  |[0m 2026-01-20 19:02:32,612 - __main__ - INFO - --- New Round Detected: 13 ---
[33mserver_1      |[0m INFO:werkzeug:172.18.0.14 - - [20/Jan/2026 19:02:32] "GET /download_model?round=13 HTTP/1.1" 200 -
[33mserver_1      |[0m INFO:__main__:--- Round 13 Acc: 48.06%, Loss: 1.4433 ---
[33mserver_1      |[0m INFO:__main__:--- Starting Round 14. Timeout: 300s ---
[33mserver_1      |[0m INFO:werkzeug:172.18.0.20 - - [20/Jan/2026 19:02:32] "POST /submit_update HTTP/1.1" 200 -
[34;1mclient_009_1  |[0m 2026-01-20 19:02:32,855 - __main__ - INFO - 🚀 Model update submitted successfully.
[34;1mclient_009_1  |[0m 2026-01-20 19:02:32,855 - __main__ - INFO - Update submitted for Round 13. Waiting...
[33;1mclient_006_1  |[0m 2026-01-20 19:02:33,772 - __main__ - INFO - --- New Round Detected: 14 ---
[33mserver_1      |[0m INFO:werkzeug:172.18.0.17 - - [20/Jan/2026 19:02:33] "GET /download_model?round=14 HTTP/1.1" 200 -
[34mclient_004_1  |[0m 2026-01-20 19:02:34,862 - __main__ - INFO - Round 13 finished. Loss: 0.4908, Acc: 93.38%
[33mserver_1      |[0m INFO:__main__:Received update from client_004
[33mserver_1      |[0m INFO:werkzeug:172.18.0.14 - - [20/Jan/2026 19:02:34] "POST /submit_update HTTP/1.1" 200 -
[34mclient_004_1  |[0m 2026-01-20 19:02:34,999 - __main__ - INFO - 🚀 Model update submitted successfully.
[34mclient_004_1  |[0m 2026-01-20 19:02:34,999 - __main__ - INFO - Update submitted for Round 13. Waiting...
[33;1mclient_006_1  |[0m 2026-01-20 19:02:35,253 - __main__ - INFO - Round 14 finished. Loss: 0.9946, Acc: 72.84%
[33mserver_1      |[0m INFO:__main__:Received update from client_006
[33mserver_1      |[0m INFO:werkzeug:172.18.0.17 - - [20/Jan/2026 19:02:35] "POST /submit_update HTTP/1.1" 200 -
[33;1mclient_006_1  |[0m 2026-01-20 19:02:35,388 - __main__ - INFO - 🚀 Model update submitted successfully.
[33;1mclient_006_1  |[0m 2026-01-20 19:02:35,388 - __main__ - INFO - Update submitted for Round 14. Waiting...
[35mclient_003_1  |[0m 2026-01-20 19:02:35,649 - __main__ - INFO - --- New Round Detected: 14 ---
[33mserver_1      |[0m INFO:werkzeug:172.18.0.12 - - [20/Jan/2026 19:02:35] "GET /download_model?round=14 HTTP/1.1" 200 -
[33mclient_001_1  |[0m 2026-01-20 19:02:38,082 - __main__ - INFO - --- New Round Detected: 14 ---
[33mserver_1      |[0m INFO:werkzeug:172.18.0.22 - - [20/Jan/2026 19:02:38] "GET /download_model?round=14 HTTP/1.1" 200 -
[36mclient_010_1  |[0m 2026-01-20 19:02:38,583 - __main__ - INFO - --- New Round Detected: 14 ---
[33mserver_1      |[0m INFO:werkzeug:172.18.0.9 - - [20/Jan/2026 19:02:38] "GET /download_model?round=14 HTTP/1.1" 200 -
[35;1mclient_008_1  |[0m 2026-01-20 19:02:38,650 - __main__ - INFO - --- New Round Detected: 14 ---
[33mserver_1      |[0m INFO:werkzeug:172.18.0.18 - - [20/Jan/2026 19:02:38] "GET /download_model?round=14 HTTP/1.1" 200 -
[32;1mclient_007_1  |[0m 2026-01-20 19:02:39,564 - __main__ - INFO - --- New Round Detected: 14 ---
[35;1mclient_008_1  |[0m 2026-01-20 19:02:39,570 - __main__ - INFO - Round 14 finished. Loss: 0.9761, Acc: 69.17%
[33mserver_1      |[0m INFO:werkzeug:172.18.0.11 - - [20/Jan/2026 19:02:39] "GET /download_model?round=14 HTTP/1.1" 200 -
[33mserver_1      |[0m INFO:__main__:Received update from client_008
[33mserver_1      |[0m INFO:werkzeug:172.18.0.18 - - [20/Jan/2026 19:02:39] "POST /submit_update HTTP/1.1" 200 -
[35;1mclient_008_1  |[0m 2026-01-20 19:02:39,760 - __main__ - INFO - 🚀 Model update submitted successfully.
[35;1mclient_008_1  |[0m 2026-01-20 19:02:39,760 - __main__ - INFO - Update submitted for Round 14. Waiting...
[36mclient_010_1  |[0m 2026-01-20 19:02:39,851 - __main__ - INFO - Round 14 finished. Loss: 0.9564, Acc: 71.31%
[35mclient_003_1  |[0m 2026-01-20 19:02:39,914 - __main__ - INFO - Round 14 finished. Loss: 0.6401, Acc: 88.34%
[33mserver_1      |[0m INFO:__main__:Received update from client_010
[33mserver_1      |[0m INFO:werkzeug:172.18.0.9 - - [20/Jan/2026 19:02:39] "POST /submit_update HTTP/1.1" 200 -
[36mclient_010_1  |[0m 2026-01-20 19:02:40,020 - __main__ - INFO - 🚀 Model update submitted successfully.
[36mclient_010_1  |[0m 2026-01-20 19:02:40,020 - __main__ - INFO - Update submitted for Round 14. Waiting...
[33mserver_1      |[0m INFO:__main__:Received update from client_003
[33mserver_1      |[0m INFO:__main__:--- Aggregating 5 updates ---
[33mclient_001_1  |[0m 2026-01-20 19:02:40,423 - __main__ - INFO - Round 14 finished. Loss: 0.6818, Acc: 88.39%
[33mserver_1      |[0m INFO:werkzeug:172.18.0.22 - - [20/Jan/2026 19:02:40] "[31m[1mPOST /submit_update HTTP/1.1[0m" 400 -
[36;1mclient_005_1  |[0m 2026-01-20 19:02:40,542 - __main__ - INFO - --- New Round Detected: 14 ---
[33mclient_001_1  |[0m 2026-01-20 19:02:40,554 - __main__ - ERROR - Update submission failed: {"error":"Not accepting updates"}
[33mclient_001_1  |[0m 
[33mclient_001_1  |[0m 2026-01-20 19:02:40,555 - __main__ - INFO - Update submitted for Round 14. Waiting...
[33mserver_1      |[0m INFO:werkzeug:172.18.0.21 - - [20/Jan/2026 19:02:40] "GET /download_model?round=14 HTTP/1.1" 200 -
[33mserver_1      |[0m INFO:__main__:Aggregation complete.
[36;1mclient_005_1  |[0m 2026-01-20 19:02:41,278 - __main__ - INFO - Round 14 finished. Loss: 0.7771, Acc: 81.78%
[33mserver_1      |[0m INFO:werkzeug:172.18.0.21 - - [20/Jan/2026 19:02:41] "[31m[1mPOST /submit_update HTTP/1.1[0m" 400 -
[32;1mclient_007_1  |[0m 2026-01-20 19:02:41,336 - __main__ - INFO - Round 14 finished. Loss: 0.7602, Acc: 78.93%
[36;1mclient_005_1  |[0m 2026-01-20 19:02:41,345 - __main__ - ERROR - Update submission failed: {"error":"Not accepting updates"}
[36;1mclient_005_1  |[0m 
[36;1mclient_005_1  |[0m 2026-01-20 19:02:41,345 - __main__ - INFO - Update submitted for Round 14. Waiting...
[33mserver_1      |[0m INFO:werkzeug:172.18.0.11 - - [20/Jan/2026 19:02:41] "[31m[1mPOST /submit_update HTTP/1.1[0m" 400 -
[32;1mclient_007_1  |[0m 2026-01-20 19:02:41,405 - __main__ - ERROR - Update submission failed: {"error":"Not accepting updates"}
[32;1mclient_007_1  |[0m 
[32;1mclient_007_1  |[0m 2026-01-20 19:02:41,405 - __main__ - INFO - Update submitted for Round 14. Waiting...
[33mserver_1      |[0m INFO:__main__:--- Round 14 Acc: 50.25%, Loss: 1.3892 ---
[33mserver_1      |[0m INFO:__main__:--- Starting Round 15. Timeout: 300s ---
[33mserver_1      |[0m INFO:werkzeug:172.18.0.12 - - [20/Jan/2026 19:02:42] "POST /submit_update HTTP/1.1" 200 -
[35mclient_003_1  |[0m 2026-01-20 19:02:42,097 - __main__ - INFO - 🚀 Model update submitted successfully.
[35mclient_003_1  |[0m 2026-01-20 19:02:42,097 - __main__ - INFO - Update submitted for Round 14. Waiting...
[32mclient_002_1  |[0m 2026-01-20 19:02:42,662 - __main__ - INFO - --- New Round Detected: 15 ---
[33mserver_1      |[0m INFO:werkzeug:172.18.0.19 - - [20/Jan/2026 19:02:42] "GET /download_model?round=15 HTTP/1.1" 200 -
[34;1mclient_009_1  |[0m 2026-01-20 19:02:42,917 - __main__ - INFO - --- New Round Detected: 15 ---
[33mserver_1      |[0m INFO:werkzeug:172.18.0.20 - - [20/Jan/2026 19:02:42] "GET /download_model?round=15 HTTP/1.1" 200 -
[34;1mclient_009_1  |[0m 2026-01-20 19:02:44,004 - __main__ - INFO - Round 15 finished. Loss: 0.8816, Acc: 76.74%
[33mserver_1      |[0m INFO:__main__:Received update from client_009
[33mserver_1      |[0m INFO:werkzeug:172.18.0.20 - - [20/Jan/2026 19:02:44] "POST /submit_update HTTP/1.1" 200 -
[34;1mclient_009_1  |[0m 2026-01-20 19:02:44,150 - __main__ - INFO - 🚀 Model update submitted successfully.
[34;1mclient_009_1  |[0m 2026-01-20 19:02:44,150 - __main__ - INFO - Update submitted for Round 15. Waiting...
[34mclient_004_1  |[0m 2026-01-20 19:02:45,072 - __main__ - INFO - --- New Round Detected: 15 ---
[33mserver_1      |[0m INFO:werkzeug:172.18.0.14 - - [20/Jan/2026 19:02:45] "GET /download_model?round=15 HTTP/1.1" 200 -
[33;1mclient_006_1  |[0m 2026-01-20 19:02:45,450 - __main__ - INFO - --- New Round Detected: 15 ---
[33mserver_1      |[0m INFO:werkzeug:172.18.0.17 - - [20/Jan/2026 19:02:45] "GET /download_model?round=15 HTTP/1.1" 200 -
[32mclient_002_1  |[0m 2026-01-20 19:02:45,702 - __main__ - INFO - Round 15 finished. Loss: 0.5848, Acc: 92.17%
[33mserver_1      |[0m INFO:__main__:Received update from client_002
[33mserver_1      |[0m INFO:werkzeug:172.18.0.19 - - [20/Jan/2026 19:02:45] "POST /submit_update HTTP/1.1" 200 -
[32mclient_002_1  |[0m 2026-01-20 19:02:45,844 - __main__ - INFO - 🚀 Model update submitted successfully.
[32mclient_002_1  |[0m 2026-01-20 19:02:45,844 - __main__ - INFO - Update submitted for Round 15. Waiting...
[33;1mclient_006_1  |[0m 2026-01-20 19:02:47,016 - __main__ - INFO - Round 15 finished. Loss: 0.8549, Acc: 75.92%
[33mserver_1      |[0m INFO:__main__:Received update from client_006
[33mserver_1      |[0m INFO:werkzeug:172.18.0.17 - - [20/Jan/2026 19:02:47] "POST /submit_update HTTP/1.1" 200 -
[33;1mclient_006_1  |[0m 2026-01-20 19:02:47,166 - __main__ - INFO - 🚀 Model update submitted successfully.
[33;1mclient_006_1  |[0m 2026-01-20 19:02:47,166 - __main__ - INFO - Update submitted for Round 15. Waiting...
[34mclient_004_1  |[0m 2026-01-20 19:02:47,656 - __main__ - INFO - Round 15 finished. Loss: 0.4190, Acc: 95.83%
[33mserver_1      |[0m INFO:__main__:Received update from client_004
[33mserver_1      |[0m INFO:werkzeug:172.18.0.14 - - [20/Jan/2026 19:02:47] "POST /submit_update HTTP/1.1" 200 -
[34mclient_004_1  |[0m 2026-01-20 19:02:47,793 - __main__ - INFO - 🚀 Model update submitted successfully.
[34mclient_004_1  |[0m 2026-01-20 19:02:47,794 - __main__ - INFO - Update submitted for Round 15. Waiting...
[35;1mclient_008_1  |[0m 2026-01-20 19:02:49,845 - __main__ - INFO - --- New Round Detected: 15 ---
[33mserver_1      |[0m INFO:werkzeug:172.18.0.18 - - [20/Jan/2026 19:02:49] "GET /download_model?round=15 HTTP/1.1" 200 -
[36mclient_010_1  |[0m 2026-01-20 19:02:50,083 - __main__ - INFO - --- New Round Detected: 15 ---
[33mserver_1      |[0m INFO:werkzeug:172.18.0.9 - - [20/Jan/2026 19:02:50] "GET /download_model?round=15 HTTP/1.1" 200 -
[33mclient_001_1  |[0m 2026-01-20 19:02:50,624 - __main__ - INFO - --- New Round Detected: 15 ---
[33mserver_1      |[0m INFO:werkzeug:172.18.0.22 - - [20/Jan/2026 19:02:50] "GET /download_model?round=15 HTTP/1.1" 200 -
[35;1mclient_008_1  |[0m 2026-01-20 19:02:50,714 - __main__ - INFO - Round 15 finished. Loss: 0.9221, Acc: 72.41%
[33mserver_1      |[0m INFO:__main__:Received update from client_008
[33mserver_1      |[0m INFO:__main__:--- Aggregating 5 updates ---
[36mclient_010_1  |[0m 2026-01-20 19:02:50,941 - __main__ - INFO - Round 15 finished. Loss: 0.9670, Acc: 73.07%
[33mserver_1      |[0m INFO:werkzeug:172.18.0.9 - - [20/Jan/2026 19:02:50] "[31m[1mPOST /submit_update HTTP/1.1[0m" 400 -
[36mclient_010_1  |[0m 2026-01-20 19:02:51,004 - __main__ - ERROR - Update submission failed: {"error":"Not accepting updates"}
[36mclient_010_1  |[0m 
[36mclient_010_1  |[0m 2026-01-20 19:02:51,004 - __main__ - INFO - Update submitted for Round 15. Waiting...
[36;1mclient_005_1  |[0m 2026-01-20 19:02:51,414 - __main__ - INFO - --- New Round Detected: 15 ---
[33mserver_1      |[0m INFO:werkzeug:172.18.0.21 - - [20/Jan/2026 19:02:51] "GET /download_model?round=15 HTTP/1.1" 200 -
[32;1mclient_007_1  |[0m 2026-01-20 19:02:51,472 - __main__ - INFO - --- New Round Detected: 15 ---
[33mserver_1      |[0m INFO:werkzeug:172.18.0.11 - - [20/Jan/2026 19:02:51] "GET /download_model?round=15 HTTP/1.1" 200 -
[36;1mclient_005_1  |[0m 2026-01-20 19:02:52,177 - __main__ - INFO - Round 15 finished. Loss: 0.7872, Acc: 81.85%
[35mclient_003_1  |[0m 2026-01-20 19:02:52,183 - __main__ - INFO - --- New Round Detected: 15 ---
[33mserver_1      |[0m INFO:werkzeug:172.18.0.21 - - [20/Jan/2026 19:02:52] "[31m[1mPOST /submit_update HTTP/1.1[0m" 400 -
[33mserver_1      |[0m INFO:werkzeug:172.18.0.12 - - [20/Jan/2026 19:02:52] "GET /download_model?round=15 HTTP/1.1" 200 -
[36;1mclient_005_1  |[0m 2026-01-20 19:02:52,240 - __main__ - ERROR - Update submission failed: {"error":"Not accepting updates"}
[36;1mclient_005_1  |[0m 
[36;1mclient_005_1  |[0m 2026-01-20 19:02:52,241 - __main__ - INFO - Update submitted for Round 15. Waiting...
[33mserver_1      |[0m INFO:__main__:Aggregation complete.
[33mclient_001_1  |[0m 2026-01-20 19:02:52,796 - __main__ - INFO - Round 15 finished. Loss: 0.5695, Acc: 91.32%
[33mserver_1      |[0m INFO:werkzeug:172.18.0.22 - - [20/Jan/2026 19:02:52] "[31m[1mPOST /submit_update HTTP/1.1[0m" 400 -
[33mclient_001_1  |[0m 2026-01-20 19:02:52,862 - __main__ - ERROR - Update submission failed: {"error":"Not accepting updates"}
[33mclient_001_1  |[0m 
[33mclient_001_1  |[0m 2026-01-20 19:02:52,862 - __main__ - INFO - Update submitted for Round 15. Waiting...
[32;1mclient_007_1  |[0m 2026-01-20 19:02:53,250 - __main__ - INFO - Round 15 finished. Loss: 0.7845, Acc: 77.89%
[33mserver_1      |[0m INFO:werkzeug:172.18.0.11 - - [20/Jan/2026 19:02:53] "[31m[1mPOST /submit_update HTTP/1.1[0m" 400 -
[33mserver_1      |[0m INFO:__main__:--- Round 15 Acc: 50.33%, Loss: 1.3981 ---
[33mserver_1      |[0m INFO:__main__:--- Starting Round 16. Timeout: 300s ---
[33mserver_1      |[0m INFO:werkzeug:172.18.0.18 - - [20/Jan/2026 19:02:53] "POST /submit_update HTTP/1.1" 200 -
[32;1mclient_007_1  |[0m 2026-01-20 19:02:53,313 - __main__ - ERROR - Update submission failed: {"error":"Not accepting updates"}
[32;1mclient_007_1  |[0m 
[32;1mclient_007_1  |[0m 2026-01-20 19:02:53,313 - __main__ - INFO - Update submitted for Round 15. Waiting...
[35;1mclient_008_1  |[0m 2026-01-20 19:02:53,318 - __main__ - INFO - 🚀 Model update submitted successfully.
[35;1mclient_008_1  |[0m 2026-01-20 19:02:53,318 - __main__ - INFO - Update submitted for Round 15. Waiting...
[34;1mclient_009_1  |[0m 2026-01-20 19:02:54,214 - __main__ - INFO - --- New Round Detected: 16 ---
[33mserver_1      |[0m INFO:werkzeug:172.18.0.20 - - [20/Jan/2026 19:02:54] "GET /download_model?round=16 HTTP/1.1" 200 -
[34;1mclient_009_1  |[0m 2026-01-20 19:02:55,332 - __main__ - INFO - Round 16 finished. Loss: 0.8287, Acc: 78.49%
[33mserver_1      |[0m INFO:__main__:Received update from client_009
[33mserver_1      |[0m INFO:werkzeug:172.18.0.20 - - [20/Jan/2026 19:02:55] "POST /submit_update HTTP/1.1" 200 -
[34;1mclient_009_1  |[0m 2026-01-20 19:02:55,488 - __main__ - INFO - 🚀 Model update submitted successfully.
[34;1mclient_009_1  |[0m 2026-01-20 19:02:55,488 - __main__ - INFO - Update submitted for Round 16. Waiting...
[32mclient_002_1  |[0m 2026-01-20 19:02:55,906 - __main__ - INFO - --- New Round Detected: 16 ---
[33mserver_1      |[0m INFO:werkzeug:172.18.0.19 - - [20/Jan/2026 19:02:55] "GET /download_model?round=16 HTTP/1.1" 200 -
[35mclient_003_1  |[0m 2026-01-20 19:02:56,436 - __main__ - INFO - Round 15 finished. Loss: 0.4749, Acc: 94.40%
[33mserver_1      |[0m INFO:__main__:Received update from client_003
[33mserver_1      |[0m INFO:werkzeug:172.18.0.12 - - [20/Jan/2026 19:02:56] "POST /submit_update HTTP/1.1" 200 -
[35mclient_003_1  |[0m 2026-01-20 19:02:56,571 - __main__ - INFO - 🚀 Model update submitted successfully.
[35mclient_003_1  |[0m 2026-01-20 19:02:56,571 - __main__ - INFO - Update submitted for Round 15. Waiting...
[33;1mclient_006_1  |[0m 2026-01-20 19:02:57,238 - __main__ - INFO - --- New Round Detected: 16 ---
[33mserver_1      |[0m INFO:werkzeug:172.18.0.17 - - [20/Jan/2026 19:02:57] "GET /download_model?round=16 HTTP/1.1" 200 -
[34mclient_004_1  |[0m 2026-01-20 19:02:57,857 - __main__ - INFO - --- New Round Detected: 16 ---
[33mserver_1      |[0m INFO:werkzeug:172.18.0.14 - - [20/Jan/2026 19:02:57] "GET /download_model?round=16 HTTP/1.1" 200 -
[33;1mclient_006_1  |[0m 2026-01-20 19:02:58,838 - __main__ - INFO - Round 16 finished. Loss: 0.7864, Acc: 79.24%
[33mserver_1      |[0m INFO:__main__:Received update from client_006
[33mserver_1      |[0m INFO:werkzeug:172.18.0.17 - - [20/Jan/2026 19:02:58] "POST /submit_update HTTP/1.1" 200 -
[33;1mclient_006_1  |[0m 2026-01-20 19:02:58,975 - __main__ - INFO - 🚀 Model update submitted successfully.
[33;1mclient_006_1  |[0m 2026-01-20 19:02:58,975 - __main__ - INFO - Update submitted for Round 16. Waiting...
[32mclient_002_1  |[0m 2026-01-20 19:02:59,001 - __main__ - INFO - Round 16 finished. Loss: 0.5226, Acc: 94.53%
[33mserver_1      |[0m INFO:__main__:Received update from client_002
[33mserver_1      |[0m INFO:werkzeug:172.18.0.19 - - [20/Jan/2026 19:02:59] "POST /submit_update HTTP/1.1" 200 -
[32mclient_002_1  |[0m 2026-01-20 19:02:59,135 - __main__ - INFO - 🚀 Model update submitted successfully.
[32mclient_002_1  |[0m 2026-01-20 19:02:59,135 - __main__ - INFO - Update submitted for Round 16. Waiting...
[34mclient_004_1  |[0m 2026-01-20 19:03:00,986 - __main__ - INFO - Round 16 finished. Loss: 0.3403, Acc: 97.86%
[33mserver_1      |[0m INFO:__main__:Received update from client_004
[33mserver_1      |[0m INFO:__main__:--- Aggregating 5 updates ---
[36mclient_010_1  |[0m 2026-01-20 19:03:01,109 - __main__ - INFO - --- New Round Detected: 16 ---
[33mserver_1      |[0m INFO:werkzeug:172.18.0.9 - - [20/Jan/2026 19:03:01] "GET /download_model?round=16 HTTP/1.1" 200 -
[33mserver_1      |[0m INFO:__main__:Aggregation complete.
[36;1mclient_005_1  |[0m 2026-01-20 19:03:02,333 - __main__ - INFO - --- New Round Detected: 16 ---
[33mserver_1      |[0m INFO:werkzeug:172.18.0.21 - - [20/Jan/2026 19:03:02] "GET /download_model?round=16 HTTP/1.1" 200 -
[36mclient_010_1  |[0m 2026-01-20 19:03:02,449 - __main__ - INFO - Round 16 finished. Loss: 0.9624, Acc: 73.03%
[33mserver_1      |[0m INFO:werkzeug:172.18.0.9 - - [20/Jan/2026 19:03:02] "[31m[1mPOST /submit_update HTTP/1.1[0m" 400 -
[36mclient_010_1  |[0m 2026-01-20 19:03:02,575 - __main__ - ERROR - Update submission failed: {"error":"Not accepting updates"}
[36mclient_010_1  |[0m 
[36mclient_010_1  |[0m 2026-01-20 19:03:02,576 - __main__ - INFO - Update submitted for Round 16. Waiting...
[36;1mclient_005_1  |[0m 2026-01-20 19:03:02,889 - __main__ - INFO - Round 16 finished. Loss: 0.7925, Acc: 81.47%
[33mserver_1      |[0m INFO:werkzeug:172.18.0.21 - - [20/Jan/2026 19:03:02] "[31m[1mPOST /submit_update HTTP/1.1[0m" 400 -
[33mclient_001_1  |[0m 2026-01-20 19:03:02,936 - __main__ - INFO - --- New Round Detected: 16 ---
[36;1mclient_005_1  |[0m 2026-01-20 19:03:02,965 - __main__ - ERROR - Update submission failed: {"error":"Not accepting updates"}
[36;1mclient_005_1  |[0m 
[36;1mclient_005_1  |[0m 2026-01-20 19:03:02,965 - __main__ - INFO - Update submitted for Round 16. Waiting...
[33mserver_1      |[0m INFO:werkzeug:172.18.0.22 - - [20/Jan/2026 19:03:02] "GET /download_model?round=16 HTTP/1.1" 200 -
[33mserver_1      |[0m INFO:__main__:--- Round 16 Acc: 50.61%, Loss: 1.3909 ---
[33mserver_1      |[0m INFO:__main__:--- Starting Round 17. Timeout: 300s ---
[33mserver_1      |[0m INFO:werkzeug:172.18.0.14 - - [20/Jan/2026 19:03:03] "POST /submit_update HTTP/1.1" 200 -
[34mclient_004_1  |[0m 2026-01-20 19:03:03,352 - __main__ - INFO - 🚀 Model update submitted successfully.
[34mclient_004_1  |[0m 2026-01-20 19:03:03,352 - __main__ - INFO - Update submitted for Round 16. Waiting...
[32;1mclient_007_1  |[0m 2026-01-20 19:03:03,378 - __main__ - INFO - --- New Round Detected: 17 ---
[35;1mclient_008_1  |[0m 2026-01-20 19:03:03,379 - __main__ - INFO - --- New Round Detected: 17 ---
[33mserver_1      |[0m INFO:werkzeug:172.18.0.11 - - [20/Jan/2026 19:03:03] "GET /download_model?round=17 HTTP/1.1" 200 -
[33mserver_1      |[0m INFO:werkzeug:172.18.0.18 - - [20/Jan/2026 19:03:03] "GET /download_model?round=17 HTTP/1.1" 200 -
[35;1mclient_008_1  |[0m 2026-01-20 19:03:04,296 - __main__ - INFO - Round 17 finished. Loss: 0.9545, Acc: 74.59%
[33mserver_1      |[0m INFO:__main__:Received update from client_008
[33mserver_1      |[0m INFO:werkzeug:172.18.0.18 - - [20/Jan/2026 19:03:04] "POST /submit_update HTTP/1.1" 200 -
[35;1mclient_008_1  |[0m 2026-01-20 19:03:04,455 - __main__ - INFO - 🚀 Model update submitted successfully.
[35;1mclient_008_1  |[0m 2026-01-20 19:03:04,455 - __main__ - INFO - Update submitted for Round 17. Waiting...
[33mclient_001_1  |[0m 2026-01-20 19:03:05,138 - __main__ - INFO - Round 16 finished. Loss: 0.6058, Acc: 89.74%
[32;1mclient_007_1  |[0m 2026-01-20 19:03:05,175 - __main__ - INFO - Round 17 finished. Loss: 0.8073, Acc: 79.14%
[33mserver_1      |[0m INFO:__main__:Received update from client_001
[33mserver_1      |[0m INFO:werkzeug:172.18.0.22 - - [20/Jan/2026 19:03:05] "POST /submit_update HTTP/1.1" 200 -
[33mclient_001_1  |[0m 2026-01-20 19:03:05,274 - __main__ - INFO - 🚀 Model update submitted successfully.
[33mclient_001_1  |[0m 2026-01-20 19:03:05,276 - __main__ - INFO - Update submitted for Round 16. Waiting...
[33mserver_1      |[0m INFO:__main__:Received update from client_007
[33mserver_1      |[0m INFO:werkzeug:172.18.0.11 - - [20/Jan/2026 19:03:05] "POST /submit_update HTTP/1.1" 200 -
[32;1mclient_007_1  |[0m 2026-01-20 19:03:05,332 - __main__ - INFO - 🚀 Model update submitted successfully.
[32;1mclient_007_1  |[0m 2026-01-20 19:03:05,332 - __main__ - INFO - Update submitted for Round 17. Waiting...
[34;1mclient_009_1  |[0m 2026-01-20 19:03:05,550 - __main__ - INFO - --- New Round Detected: 17 ---
[33mserver_1      |[0m INFO:werkzeug:172.18.0.20 - - [20/Jan/2026 19:03:05] "GET /download_model?round=17 HTTP/1.1" 200 -
[34;1mclient_009_1  |[0m 2026-01-20 19:03:06,487 - __main__ - INFO - Round 17 finished. Loss: 0.7672, Acc: 80.51%
[33mserver_1      |[0m INFO:__main__:Received update from client_009
[33mserver_1      |[0m INFO:werkzeug:172.18.0.20 - - [20/Jan/2026 19:03:06] "POST /submit_update HTTP/1.1" 200 -
[34;1mclient_009_1  |[0m 2026-01-20 19:03:06,622 - __main__ - INFO - 🚀 Model update submitted successfully.
[34;1mclient_009_1  |[0m 2026-01-20 19:03:06,622 - __main__ - INFO - Update submitted for Round 17. Waiting...
[35mclient_003_1  |[0m 2026-01-20 19:03:06,634 - __main__ - INFO - --- New Round Detected: 17 ---
[33mserver_1      |[0m INFO:werkzeug:172.18.0.12 - - [20/Jan/2026 19:03:06] "GET /download_model?round=17 HTTP/1.1" 200 -
[33;1mclient_006_1  |[0m 2026-01-20 19:03:09,049 - __main__ - INFO - --- New Round Detected: 17 ---
[33mserver_1      |[0m INFO:werkzeug:172.18.0.17 - - [20/Jan/2026 19:03:09] "GET /download_model?round=17 HTTP/1.1" 200 -
[32mclient_002_1  |[0m 2026-01-20 19:03:09,198 - __main__ - INFO - --- New Round Detected: 17 ---
[33mserver_1      |[0m INFO:werkzeug:172.18.0.19 - - [20/Jan/2026 19:03:09] "GET /download_model?round=17 HTTP/1.1" 200 -
[33;1mclient_006_1  |[0m 2026-01-20 19:03:10,701 - __main__ - INFO - Round 17 finished. Loss: 0.7318, Acc: 81.13%
[33mserver_1      |[0m INFO:__main__:Received update from client_006
[33mserver_1      |[0m INFO:__main__:--- Aggregating 5 updates ---
[35mclient_003_1  |[0m 2026-01-20 19:03:10,923 - __main__ - INFO - Round 17 finished. Loss: 0.4020, Acc: 97.28%
[33mserver_1      |[0m INFO:werkzeug:172.18.0.12 - - [20/Jan/2026 19:03:10] "[31m[1mPOST /submit_update HTTP/1.1[0m" 400 -
[35mclient_003_1  |[0m 2026-01-20 19:03:10,988 - __main__ - ERROR - Update submission failed: {"error":"Not accepting updates"}
[35mclient_003_1  |[0m 
[35mclient_003_1  |[0m 2026-01-20 19:03:10,988 - __main__ - INFO - Update submitted for Round 17. Waiting...
[33mserver_1      |[0m INFO:__main__:Aggregation complete.
[32mclient_002_1  |[0m 2026-01-20 19:03:12,237 - __main__ - INFO - Round 17 finished. Loss: 0.5226, Acc: 95.49%
[33mserver_1      |[0m INFO:werkzeug:172.18.0.19 - - [20/Jan/2026 19:03:12] "[31m[1mPOST /submit_update HTTP/1.1[0m" 400 -
[32mclient_002_1  |[0m 2026-01-20 19:03:12,305 - __main__ - ERROR - Update submission failed: {"error":"Not accepting updates"}
[32mclient_002_1  |[0m 
[32mclient_002_1  |[0m 2026-01-20 19:03:12,305 - __main__ - INFO - Update submitted for Round 17. Waiting...
[36mclient_010_1  |[0m 2026-01-20 19:03:12,646 - __main__ - INFO - --- New Round Detected: 17 ---
[33mserver_1      |[0m INFO:werkzeug:172.18.0.9 - - [20/Jan/2026 19:03:12] "GET /download_model?round=17 HTTP/1.1" 200 -
[36;1mclient_005_1  |[0m 2026-01-20 19:03:13,026 - __main__ - INFO - --- New Round Detected: 17 ---
[33mserver_1      |[0m INFO:werkzeug:172.18.0.21 - - [20/Jan/2026 19:03:13] "GET /download_model?round=17 HTTP/1.1" 200 -
[33mserver_1      |[0m INFO:__main__:--- Round 17 Acc: 50.75%, Loss: 1.4074 ---
[33mserver_1      |[0m INFO:__main__:--- Starting Round 18. Timeout: 300s ---
[33mserver_1      |[0m INFO:werkzeug:172.18.0.17 - - [20/Jan/2026 19:03:13] "POST /submit_update HTTP/1.1" 200 -
[33;1mclient_006_1  |[0m 2026-01-20 19:03:13,391 - __main__ - INFO - 🚀 Model update submitted successfully.
[33;1mclient_006_1  |[0m 2026-01-20 19:03:13,392 - __main__ - INFO - Update submitted for Round 17. Waiting...
[34mclient_004_1  |[0m 2026-01-20 19:03:13,420 - __main__ - INFO - --- New Round Detected: 18 ---
[33mserver_1      |[0m INFO:werkzeug:172.18.0.14 - - [20/Jan/2026 19:03:13] "GET /download_model?round=18 HTTP/1.1" 200 -
[36;1mclient_005_1  |[0m 2026-01-20 19:03:13,800 - __main__ - INFO - Round 17 finished. Loss: 0.8193, Acc: 80.63%
[33mserver_1      |[0m INFO:__main__:Received update from client_005
[33mserver_1      |[0m INFO:werkzeug:172.18.0.21 - - [20/Jan/2026 19:03:13] "POST /submit_update HTTP/1.1" 200 -
[36mclient_010_1  |[0m 2026-01-20 19:03:13,928 - __main__ - INFO - Round 17 finished. Loss: 1.0277, Acc: 71.15%
[36;1mclient_005_1  |[0m 2026-01-20 19:03:13,937 - __main__ - INFO - 🚀 Model update submitted successfully.
[36;1mclient_005_1  |[0m 2026-01-20 19:03:13,937 - __main__ - INFO - Update submitted for Round 17. Waiting...
[33mserver_1      |[0m INFO:__main__:Received update from client_010
[33mserver_1      |[0m INFO:werkzeug:172.18.0.9 - - [20/Jan/2026 19:03:14] "POST /submit_update HTTP/1.1" 200 -
[36mclient_010_1  |[0m 2026-01-20 19:03:14,063 - __main__ - INFO - 🚀 Model update submitted successfully.
[36mclient_010_1  |[0m 2026-01-20 19:03:14,063 - __main__ - INFO - Update submitted for Round 17. Waiting...
[35;1mclient_008_1  |[0m 2026-01-20 19:03:14,520 - __main__ - INFO - --- New Round Detected: 18 ---
[33mserver_1      |[0m INFO:werkzeug:172.18.0.18 - - [20/Jan/2026 19:03:14] "GET /download_model?round=18 HTTP/1.1" 200 -
[33mclient_001_1  |[0m 2026-01-20 19:03:15,341 - __main__ - INFO - --- New Round Detected: 18 ---
[35;1mclient_008_1  |[0m 2026-01-20 19:03:15,350 - __main__ - INFO - Round 18 finished. Loss: 0.8888, Acc: 75.84%
[33mserver_1      |[0m INFO:werkzeug:172.18.0.22 - - [20/Jan/2026 19:03:15] "GET /download_model?round=18 HTTP/1.1" 200 -
[32;1mclient_007_1  |[0m 2026-01-20 19:03:15,398 - __main__ - INFO - --- New Round Detected: 18 ---
[33mserver_1      |[0m INFO:werkzeug:172.18.0.11 - - [20/Jan/2026 19:03:15] "GET /download_model?round=18 HTTP/1.1" 200 -
[33mserver_1      |[0m INFO:__main__:Received update from client_008
[33mserver_1      |[0m INFO:werkzeug:172.18.0.18 - - [20/Jan/2026 19:03:15] "POST /submit_update HTTP/1.1" 200 -
[35;1mclient_008_1  |[0m 2026-01-20 19:03:15,486 - __main__ - INFO - 🚀 Model update submitted successfully.
[35;1mclient_008_1  |[0m 2026-01-20 19:03:15,486 - __main__ - INFO - Update submitted for Round 18. Waiting...
[34;1mclient_009_1  |[0m 2026-01-20 19:03:16,685 - __main__ - INFO - --- New Round Detected: 18 ---
[33mserver_1      |[0m INFO:werkzeug:172.18.0.20 - - [20/Jan/2026 19:03:16] "GET /download_model?round=18 HTTP/1.1" 200 -
[34mclient_004_1  |[0m 2026-01-20 19:03:16,765 - __main__ - INFO - Round 18 finished. Loss: 0.3153, Acc: 98.43%
[33mserver_1      |[0m INFO:__main__:Received update from client_004
[33mserver_1      |[0m INFO:werkzeug:172.18.0.14 - - [20/Jan/2026 19:03:16] "POST /submit_update HTTP/1.1" 200 -
[34mclient_004_1  |[0m 2026-01-20 19:03:16,900 - __main__ - INFO - 🚀 Model update submitted successfully.
[34mclient_004_1  |[0m 2026-01-20 19:03:16,900 - __main__ - INFO - Update submitted for Round 18. Waiting...
[32;1mclient_007_1  |[0m 2026-01-20 19:03:17,295 - __main__ - INFO - Round 18 finished. Loss: 0.6991, Acc: 82.48%
[33mclient_001_1  |[0m 2026-01-20 19:03:17,311 - __main__ - INFO - Round 18 finished. Loss: 0.4830, Acc: 94.49%
[33mserver_1      |[0m INFO:__main__:Received update from client_007
[33mserver_1      |[0m INFO:__main__:--- Aggregating 5 updates ---
[34;1mclient_009_1  |[0m 2026-01-20 19:03:17,669 - __main__ - INFO - Round 18 finished. Loss: 0.7175, Acc: 82.16%
[33mserver_1      |[0m INFO:werkzeug:172.18.0.20 - - [20/Jan/2026 19:03:17] "[31m[1mPOST /submit_update HTTP/1.1[0m" 400 -
[34;1mclient_009_1  |[0m 2026-01-20 19:03:17,735 - __main__ - ERROR - Update submission failed: {"error":"Not accepting updates"}
[34;1mclient_009_1  |[0m 
[34;1mclient_009_1  |[0m 2026-01-20 19:03:17,735 - __main__ - INFO - Update submitted for Round 18. Waiting...
[33mserver_1      |[0m INFO:__main__:Aggregation complete.
[33mserver_1      |[0m INFO:__main__:--- Round 18 Acc: 51.80%, Loss: 1.3775 ---
[33mserver_1      |[0m INFO:__main__:--- Starting Round 19. Timeout: 300s ---
[33mserver_1      |[0m INFO:werkzeug:172.18.0.11 - - [20/Jan/2026 19:03:19] "POST /submit_update HTTP/1.1" 200 -
[33mserver_1      |[0m INFO:__main__:Received update from client_001
[33mserver_1      |[0m INFO:werkzeug:172.18.0.22 - - [20/Jan/2026 19:03:19] "POST /submit_update HTTP/1.1" 200 -
[32;1mclient_007_1  |[0m 2026-01-20 19:03:19,591 - __main__ - INFO - 🚀 Model update submitted successfully.
[32;1mclient_007_1  |[0m 2026-01-20 19:03:19,591 - __main__ - INFO - Update submitted for Round 18. Waiting...
[33mclient_001_1  |[0m 2026-01-20 19:03:19,593 - __main__ - INFO - 🚀 Model update submitted successfully.
[33mclient_001_1  |[0m 2026-01-20 19:03:19,593 - __main__ - INFO - Update submitted for Round 18. Waiting...
[35mclient_003_1  |[0m 2026-01-20 19:03:21,059 - __main__ - INFO - --- New Round Detected: 19 ---
[33mserver_1      |[0m INFO:werkzeug:172.18.0.12 - - [20/Jan/2026 19:03:21] "GET /download_model?round=19 HTTP/1.1" 200 -
[32mclient_002_1  |[0m 2026-01-20 19:03:22,371 - __main__ - INFO - --- New Round Detected: 19 ---
[33mserver_1      |[0m INFO:werkzeug:172.18.0.19 - - [20/Jan/2026 19:03:22] "GET /download_model?round=19 HTTP/1.1" 200 -
[33;1mclient_006_1  |[0m 2026-01-20 19:03:23,459 - __main__ - INFO - --- New Round Detected: 19 ---
[33mserver_1      |[0m INFO:werkzeug:172.18.0.17 - - [20/Jan/2026 19:03:23] "GET /download_model?round=19 HTTP/1.1" 200 -
[36;1mclient_005_1  |[0m 2026-01-20 19:03:24,000 - __main__ - INFO - --- New Round Detected: 19 ---
[33mserver_1      |[0m INFO:werkzeug:172.18.0.21 - - [20/Jan/2026 19:03:24] "GET /download_model?round=19 HTTP/1.1" 200 -
[36mclient_010_1  |[0m 2026-01-20 19:03:24,128 - __main__ - INFO - --- New Round Detected: 19 ---
[33mserver_1      |[0m INFO:werkzeug:172.18.0.9 - - [20/Jan/2026 19:03:24] "GET /download_model?round=19 HTTP/1.1" 200 -
[36;1mclient_005_1  |[0m 2026-01-20 19:03:24,766 - __main__ - INFO - Round 19 finished. Loss: 0.7239, Acc: 84.23%
[33mserver_1      |[0m INFO:__main__:Received update from client_005
[33mserver_1      |[0m INFO:werkzeug:172.18.0.21 - - [20/Jan/2026 19:03:24] "POST /submit_update HTTP/1.1" 200 -
[36;1mclient_005_1  |[0m 2026-01-20 19:03:24,941 - __main__ - INFO - 🚀 Model update submitted successfully.
[36;1mclient_005_1  |[0m 2026-01-20 19:03:24,941 - __main__ - INFO - Update submitted for Round 19. Waiting...
[33;1mclient_006_1  |[0m 2026-01-20 19:03:25,149 - __main__ - INFO - Round 19 finished. Loss: 0.7905, Acc: 81.82%
[33mserver_1      |[0m INFO:__main__:Received update from client_006
[33mserver_1      |[0m INFO:werkzeug:172.18.0.17 - - [20/Jan/2026 19:03:25] "POST /submit_update HTTP/1.1" 200 -
[33;1mclient_006_1  |[0m 2026-01-20 19:03:25,296 - __main__ - INFO - 🚀 Model update submitted successfully.
[33;1mclient_006_1  |[0m 2026-01-20 19:03:25,296 - __main__ - INFO - Update submitted for Round 19. Waiting...
[35mclient_003_1  |[0m 2026-01-20 19:03:25,446 - __main__ - INFO - Round 19 finished. Loss: 0.4420, Acc: 95.97%
[32mclient_002_1  |[0m 2026-01-20 19:03:25,507 - __main__ - INFO - Round 19 finished. Loss: 0.4280, Acc: 96.88%
[33mserver_1      |[0m INFO:__main__:Received update from client_003
[33mserver_1      |[0m INFO:werkzeug:172.18.0.12 - - [20/Jan/2026 19:03:25] "POST /submit_update HTTP/1.1" 200 -
[35;1mclient_008_1  |[0m 2026-01-20 19:03:25,553 - __main__ - INFO - --- New Round Detected: 19 ---
[33mserver_1      |[0m INFO:werkzeug:172.18.0.18 - - [20/Jan/2026 19:03:25] "GET /download_model?round=19 HTTP/1.1" 200 -
[35mclient_003_1  |[0m 2026-01-20 19:03:25,581 - __main__ - INFO - 🚀 Model update submitted successfully.
[35mclient_003_1  |[0m 2026-01-20 19:03:25,581 - __main__ - INFO - Update submitted for Round 19. Waiting...
[36mclient_010_1  |[0m 2026-01-20 19:03:25,593 - __main__ - INFO - Round 19 finished. Loss: 0.8567, Acc: 76.02%
[33mserver_1      |[0m INFO:__main__:Received update from client_002
[33mserver_1      |[0m INFO:__main__:--- Aggregating 5 updates ---
[33mserver_1      |[0m INFO:werkzeug:172.18.0.9 - - [20/Jan/2026 19:03:25] "[31m[1mPOST /submit_update HTTP/1.1[0m" 400 -
[36mclient_010_1  |[0m 2026-01-20 19:03:25,661 - __main__ - ERROR - Update submission failed: {"error":"Not accepting updates"}
[36mclient_010_1  |[0m 
[36mclient_010_1  |[0m 2026-01-20 19:03:25,662 - __main__ - INFO - Update submitted for Round 19. Waiting...
[35;1mclient_008_1  |[0m 2026-01-20 19:03:26,437 - __main__ - INFO - Round 19 finished. Loss: 0.7742, Acc: 79.34%
[33mserver_1      |[0m INFO:werkzeug:172.18.0.18 - - [20/Jan/2026 19:03:26] "[31m[1mPOST /submit_update HTTP/1.1[0m" 400 -
[35;1mclient_008_1  |[0m 2026-01-20 19:03:26,501 - __main__ - ERROR - Update submission failed: {"error":"Not accepting updates"}
[35;1mclient_008_1  |[0m 
[35;1mclient_008_1  |[0m 2026-01-20 19:03:26,502 - __main__ - INFO - Update submitted for Round 19. Waiting...
[33mserver_1      |[0m INFO:__main__:Aggregation complete.
[34mclient_004_1  |[0m 2026-01-20 19:03:26,964 - __main__ - INFO - --- New Round Detected: 19 ---
[33mserver_1      |[0m INFO:werkzeug:172.18.0.14 - - [20/Jan/2026 19:03:26] "GET /download_model?round=19 HTTP/1.1" 200 -
[34;1mclient_009_1  |[0m 2026-01-20 19:03:27,799 - __main__ - INFO - --- New Round Detected: 19 ---
[33mserver_1      |[0m INFO:werkzeug:172.18.0.20 - - [20/Jan/2026 19:03:27] "GET /download_model?round=19 HTTP/1.1" 200 -
[33mserver_1      |[0m INFO:__main__:--- Round 19 Acc: 52.38%, Loss: 1.3612 ---
[33mserver_1      |[0m INFO:__main__:--- Starting Round 20. Timeout: 300s ---
[33mserver_1      |[0m INFO:werkzeug:172.18.0.19 - - [20/Jan/2026 19:03:28] "POST /submit_update HTTP/1.1" 200 -
[32mclient_002_1  |[0m 2026-01-20 19:03:28,678 - __main__ - INFO - 🚀 Model update submitted successfully.
[32mclient_002_1  |[0m 2026-01-20 19:03:28,678 - __main__ - INFO - Update submitted for Round 19. Waiting...
[34;1mclient_009_1  |[0m 2026-01-20 19:03:28,759 - __main__ - INFO - Round 19 finished. Loss: 0.8031, Acc: 80.14%
[33mserver_1      |[0m INFO:__main__:Received update from client_009
[33mserver_1      |[0m INFO:werkzeug:172.18.0.20 - - [20/Jan/2026 19:03:28] "POST /submit_update HTTP/1.1" 200 -
[34;1mclient_009_1  |[0m 2026-01-20 19:03:28,893 - __main__ - INFO - 🚀 Model update submitted successfully.
[34;1mclient_009_1  |[0m 2026-01-20 19:03:28,893 - __main__ - INFO - Update submitted for Round 19. Waiting...
[33mclient_001_1  |[0m 2026-01-20 19:03:29,656 - __main__ - INFO - --- New Round Detected: 20 ---
[32;1mclient_007_1  |[0m 2026-01-20 19:03:29,659 - __main__ - INFO - --- New Round Detected: 20 ---
[33mserver_1      |[0m INFO:werkzeug:172.18.0.22 - - [20/Jan/2026 19:03:29] "GET /download_model?round=20 HTTP/1.1" 200 -
[33mserver_1      |[0m INFO:werkzeug:172.18.0.11 - - [20/Jan/2026 19:03:29] "GET /download_model?round=20 HTTP/1.1" 200 -
[34mclient_004_1  |[0m 2026-01-20 19:03:29,846 - __main__ - INFO - Round 19 finished. Loss: 0.2761, Acc: 99.23%
[33mserver_1      |[0m INFO:__main__:Received update from client_004
[33mserver_1      |[0m INFO:werkzeug:172.18.0.14 - - [20/Jan/2026 19:03:29] "POST /submit_update HTTP/1.1" 200 -
[34mclient_004_1  |[0m 2026-01-20 19:03:30,007 - __main__ - INFO - 🚀 Model update submitted successfully.
[34mclient_004_1  |[0m 2026-01-20 19:03:30,007 - __main__ - INFO - Update submitted for Round 19. Waiting...
[32;1mclient_007_1  |[0m 2026-01-20 19:03:31,454 - __main__ - INFO - Round 20 finished. Loss: 0.7004, Acc: 83.34%
[33mserver_1      |[0m INFO:__main__:Received update from client_007
[33mserver_1      |[0m INFO:werkzeug:172.18.0.11 - - [20/Jan/2026 19:03:31] "POST /submit_update HTTP/1.1" 200 -
[32;1mclient_007_1  |[0m 2026-01-20 19:03:31,592 - __main__ - INFO - 🚀 Model update submitted successfully.
[32;1mclient_007_1  |[0m 2026-01-20 19:03:31,592 - __main__ - INFO - Update submitted for Round 20. Waiting...
[33mclient_001_1  |[0m 2026-01-20 19:03:31,896 - __main__ - INFO - Round 20 finished. Loss: 0.4089, Acc: 97.13%
[33mserver_1      |[0m INFO:__main__:Received update from client_001
[33mserver_1      |[0m INFO:werkzeug:172.18.0.22 - - [20/Jan/2026 19:03:32] "POST /submit_update HTTP/1.1" 200 -
[33mclient_001_1  |[0m 2026-01-20 19:03:32,035 - __main__ - INFO - 🚀 Model update submitted successfully.
[33mclient_001_1  |[0m 2026-01-20 19:03:32,035 - __main__ - INFO - Update submitted for Round 20. Waiting...
[36;1mclient_005_1  |[0m 2026-01-20 19:03:35,008 - __main__ - INFO - --- New Round Detected: 20 ---
[33mserver_1      |[0m INFO:werkzeug:172.18.0.21 - - [20/Jan/2026 19:03:35] "GET /download_model?round=20 HTTP/1.1" 200 -
[33;1mclient_006_1  |[0m 2026-01-20 19:03:35,368 - __main__ - INFO - --- New Round Detected: 20 ---
[33mserver_1      |[0m INFO:werkzeug:172.18.0.17 - - [20/Jan/2026 19:03:35] "GET /download_model?round=20 HTTP/1.1" 200 -
[35mclient_003_1  |[0m 2026-01-20 19:03:35,644 - __main__ - INFO - --- New Round Detected: 20 ---
[33mserver_1      |[0m INFO:werkzeug:172.18.0.12 - - [20/Jan/2026 19:03:35] "GET /download_model?round=20 HTTP/1.1" 200 -
[36mclient_010_1  |[0m 2026-01-20 19:03:35,722 - __main__ - INFO - --- New Round Detected: 20 ---
[33mserver_1      |[0m INFO:werkzeug:172.18.0.9 - - [20/Jan/2026 19:03:35] "GET /download_model?round=20 HTTP/1.1" 200 -
[36;1mclient_005_1  |[0m 2026-01-20 19:03:35,747 - __main__ - INFO - Round 20 finished. Loss: 0.7058, Acc: 86.29%
[33mserver_1      |[0m INFO:__main__:Received update from client_005
[33mserver_1      |[0m INFO:__main__:--- Aggregating 5 updates ---
[35;1mclient_008_1  |[0m 2026-01-20 19:03:36,572 - __main__ - INFO - --- New Round Detected: 20 ---
[33mserver_1      |[0m INFO:werkzeug:172.18.0.18 - - [20/Jan/2026 19:03:36] "GET /download_model?round=20 HTTP/1.1" 200 -
[33mserver_1      |[0m INFO:__main__:Aggregation complete.
[36mclient_010_1  |[0m 2026-01-20 19:03:37,030 - __main__ - INFO - Round 20 finished. Loss: 0.9166, Acc: 74.49%
[33;1mclient_006_1  |[0m 2026-01-20 19:03:37,044 - __main__ - INFO - Round 20 finished. Loss: 0.7043, Acc: 84.05%
[33mserver_1      |[0m INFO:werkzeug:172.18.0.9 - - [20/Jan/2026 19:03:37] "[31m[1mPOST /submit_update HTTP/1.1[0m" 400 -
[33mserver_1      |[0m INFO:werkzeug:172.18.0.17 - - [20/Jan/2026 19:03:37] "[31m[1mPOST /submit_update HTTP/1.1[0m" 400 -
[36mclient_010_1  |[0m 2026-01-20 19:03:37,096 - __main__ - ERROR - Update submission failed: {"error":"Not accepting updates"}
[36mclient_010_1  |[0m 
[36mclient_010_1  |[0m 2026-01-20 19:03:37,100 - __main__ - INFO - Update submitted for Round 20. Waiting...
[33;1mclient_006_1  |[0m 2026-01-20 19:03:37,108 - __main__ - ERROR - Update submission failed: {"error":"Not accepting updates"}
[33;1mclient_006_1  |[0m 
[33;1mclient_006_1  |[0m 2026-01-20 19:03:37,108 - __main__ - INFO - Update submitted for Round 20. Waiting...
[35;1mclient_008_1  |[0m 2026-01-20 19:03:37,448 - __main__ - INFO - Round 20 finished. Loss: 0.8223, Acc: 77.95%
[33mserver_1      |[0m INFO:werkzeug:172.18.0.18 - - [20/Jan/2026 19:03:37] "[31m[1mPOST /submit_update HTTP/1.1[0m" 400 -
[35;1mclient_008_1  |[0m 2026-01-20 19:03:37,514 - __main__ - ERROR - Update submission failed: {"error":"Not accepting updates"}
[35;1mclient_008_1  |[0m 
[35;1mclient_008_1  |[0m 2026-01-20 19:03:37,518 - __main__ - INFO - Update submitted for Round 20. Waiting...
[33mserver_1      |[0m INFO:__main__:--- Round 20 Acc: 52.41%, Loss: 1.3648 ---
[33mserver_1      |[0m INFO:__main__:--- Starting Round 21. Timeout: 300s ---
[33mserver_1      |[0m INFO:werkzeug:172.18.0.21 - - [20/Jan/2026 19:03:37] "POST /submit_update HTTP/1.1" 200 -
[36;1mclient_005_1  |[0m 2026-01-20 19:03:37,978 - __main__ - INFO - 🚀 Model update submitted successfully.
[36;1mclient_005_1  |[0m 2026-01-20 19:03:37,980 - __main__ - INFO - Update submitted for Round 20. Waiting...
[35mclient_003_1  |[0m 2026-01-20 19:03:38,646 - __main__ - INFO - Round 20 finished. Loss: 0.3301, Acc: 98.68%
[33mserver_1      |[0m INFO:__main__:Received update from client_003
[33mserver_1      |[0m INFO:werkzeug:172.18.0.12 - - [20/Jan/2026 19:03:38] "POST /submit_update HTTP/1.1" 200 -
[32mclient_002_1  |[0m 2026-01-20 19:03:38,751 - __main__ - INFO - --- New Round Detected: 21 ---
[33mserver_1      |[0m INFO:werkzeug:172.18.0.19 - - [20/Jan/2026 19:03:38] "GET /download_model?round=21 HTTP/1.1" 200 -
[35mclient_003_1  |[0m 2026-01-20 19:03:38,782 - __main__ - INFO - 🚀 Model update submitted successfully.
[35mclient_003_1  |[0m 2026-01-20 19:03:38,782 - __main__ - INFO - Update submitted for Round 20. Waiting...
[34;1mclient_009_1  |[0m 2026-01-20 19:03:38,956 - __main__ - INFO - --- New Round Detected: 21 ---
[33mserver_1      |[0m INFO:werkzeug:172.18.0.20 - - [20/Jan/2026 19:03:38] "GET /download_model?round=21 HTTP/1.1" 200 -
[34;1mclient_009_1  |[0m 2026-01-20 19:03:39,611 - __main__ - INFO - Round 21 finished. Loss: 0.7186, Acc: 82.47%
[33mserver_1      |[0m INFO:__main__:Received update from client_009
[33mserver_1      |[0m INFO:werkzeug:172.18.0.20 - - [20/Jan/2026 19:03:39] "POST /submit_update HTTP/1.1" 200 -
[34;1mclient_009_1  |[0m 2026-01-20 19:03:39,745 - __main__ - INFO - 🚀 Model update submitted successfully.
[34;1mclient_009_1  |[0m 2026-01-20 19:03:39,745 - __main__ - INFO - Update submitted for Round 21. Waiting...
[34mclient_004_1  |[0m 2026-01-20 19:03:40,070 - __main__ - INFO - --- New Round Detected: 21 ---
[33mserver_1      |[0m INFO:werkzeug:172.18.0.14 - - [20/Jan/2026 19:03:40] "GET /download_model?round=21 HTTP/1.1" 200 -
[32;1mclient_007_1  |[0m 2026-01-20 19:03:41,663 - __main__ - INFO - --- New Round Detected: 21 ---
[33mserver_1      |[0m INFO:werkzeug:172.18.0.11 - - [20/Jan/2026 19:03:41] "GET /download_model?round=21 HTTP/1.1" 200 -
[32mclient_002_1  |[0m 2026-01-20 19:03:41,771 - __main__ - INFO - Round 21 finished. Loss: 0.4560, Acc: 96.63%
[33mserver_1      |[0m INFO:__main__:Received update from client_002
[33mserver_1      |[0m INFO:werkzeug:172.18.0.19 - - [20/Jan/2026 19:03:41] "POST /submit_update HTTP/1.1" 200 -
[32mclient_002_1  |[0m 2026-01-20 19:03:41,915 - __main__ - INFO - 🚀 Model update submitted successfully.
[32mclient_002_1  |[0m 2026-01-20 19:03:41,915 - __main__ - INFO - Update submitted for Round 21. Waiting...
[33mclient_001_1  |[0m 2026-01-20 19:03:42,114 - __main__ - INFO - --- New Round Detected: 21 ---
[33mserver_1      |[0m INFO:werkzeug:172.18.0.22 - - [20/Jan/2026 19:03:42] "GET /download_model?round=21 HTTP/1.1" 200 -
[32;1mclient_007_1  |[0m 2026-01-20 19:03:43,390 - __main__ - INFO - Round 21 finished. Loss: 0.5782, Acc: 87.25%
[34mclient_004_1  |[0m 2026-01-20 19:03:43,476 - __main__ - INFO - Round 21 finished. Loss: 0.2456, Acc: 99.50%
[33mserver_1      |[0m INFO:__main__:Received update from client_007
[33mserver_1      |[0m INFO:werkzeug:172.18.0.11 - - [20/Jan/2026 19:03:43] "POST /submit_update HTTP/1.1" 200 -
[32;1mclient_007_1  |[0m 2026-01-20 19:03:43,543 - __main__ - INFO - 🚀 Model update submitted successfully.
[32;1mclient_007_1  |[0m 2026-01-20 19:03:43,544 - __main__ - INFO - Update submitted for Round 21. Waiting...
[33mserver_1      |[0m INFO:__main__:Received update from client_004
[33mserver_1      |[0m INFO:__main__:--- Aggregating 5 updates ---
[33mclient_001_1  |[0m 2026-01-20 19:03:44,068 - __main__ - INFO - Round 21 finished. Loss: 0.4203, Acc: 97.48%
[33mserver_1      |[0m INFO:werkzeug:172.18.0.22 - - [20/Jan/2026 19:03:44] "[31m[1mPOST /submit_update HTTP/1.1[0m" 400 -
[33mserver_1      |[0m INFO:__main__:Aggregation complete.
[33mclient_001_1  |[0m 2026-01-20 19:03:44,133 - __main__ - ERROR - Update submission failed: {"error":"Not accepting updates"}
[33mclient_001_1  |[0m 
[33mclient_001_1  |[0m 2026-01-20 19:03:44,133 - __main__ - INFO - Update submitted for Round 21. Waiting...
[33mserver_1      |[0m INFO:__main__:--- Round 21 Acc: 50.92%, Loss: 1.4028 ---
[33mserver_1      |[0m INFO:__main__:--- Starting Round 22. Timeout: 300s ---
[33mserver_1      |[0m INFO:werkzeug:172.18.0.14 - - [20/Jan/2026 19:03:45] "POST /submit_update HTTP/1.1" 200 -
[34mclient_004_1  |[0m 2026-01-20 19:03:45,361 - __main__ - INFO - 🚀 Model update submitted successfully.
[34mclient_004_1  |[0m 2026-01-20 19:03:45,361 - __main__ - INFO - Update submitted for Round 21. Waiting...
[36mclient_010_1  |[0m 2026-01-20 19:03:47,162 - __main__ - INFO - --- New Round Detected: 22 ---
[33;1mclient_006_1  |[0m 2026-01-20 19:03:47,171 - __main__ - INFO - --- New Round Detected: 22 ---
[33mserver_1      |[0m INFO:werkzeug:172.18.0.9 - - [20/Jan/2026 19:03:47] "GET /download_model?round=22 HTTP/1.1" 200 -
[33mserver_1      |[0m INFO:werkzeug:172.18.0.17 - - [20/Jan/2026 19:03:47] "GET /download_model?round=22 HTTP/1.1" 200 -
[35;1mclient_008_1  |[0m 2026-01-20 19:03:47,582 - __main__ - INFO - --- New Round Detected: 22 ---
[33mserver_1      |[0m INFO:werkzeug:172.18.0.18 - - [20/Jan/2026 19:03:47] "GET /download_model?round=22 HTTP/1.1" 200 -
[36;1mclient_005_1  |[0m 2026-01-20 19:03:48,052 - __main__ - INFO - --- New Round Detected: 22 ---
[33mserver_1      |[0m INFO:werkzeug:172.18.0.21 - - [20/Jan/2026 19:03:48] "GET /download_model?round=22 HTTP/1.1" 200 -
[35;1mclient_008_1  |[0m 2026-01-20 19:03:48,473 - __main__ - INFO - Round 22 finished. Loss: 0.8699, Acc: 77.62%
[36mclient_010_1  |[0m 2026-01-20 19:03:48,517 - __main__ - INFO - Round 22 finished. Loss: 0.9201, Acc: 75.47%
[33mserver_1      |[0m INFO:__main__:Received update from client_008
[33mserver_1      |[0m INFO:werkzeug:172.18.0.18 - - [20/Jan/2026 19:03:48] "POST /submit_update HTTP/1.1" 200 -
[35;1mclient_008_1  |[0m 2026-01-20 19:03:48,609 - __main__ - INFO - 🚀 Model update submitted successfully.
[35;1mclient_008_1  |[0m 2026-01-20 19:03:48,609 - __main__ - INFO - Update submitted for Round 22. Waiting...
[33mserver_1      |[0m INFO:__main__:Received update from client_010
[33mserver_1      |[0m INFO:werkzeug:172.18.0.9 - - [20/Jan/2026 19:03:48] "POST /submit_update HTTP/1.1" 200 -
[36mclient_010_1  |[0m 2026-01-20 19:03:48,655 - __main__ - INFO - 🚀 Model update submitted successfully.
[36mclient_010_1  |[0m 2026-01-20 19:03:48,655 - __main__ - INFO - Update submitted for Round 22. Waiting...
[35mclient_003_1  |[0m 2026-01-20 19:03:48,857 - __main__ - INFO - --- New Round Detected: 22 ---
[36;1mclient_005_1  |[0m 2026-01-20 19:03:48,863 - __main__ - INFO - Round 22 finished. Loss: 0.7001, Acc: 86.68%
[33mserver_1      |[0m INFO:werkzeug:172.18.0.12 - - [20/Jan/2026 19:03:48] "GET /download_model?round=22 HTTP/1.1" 200 -
[33;1mclient_006_1  |[0m 2026-01-20 19:03:48,884 - __main__ - INFO - Round 22 finished. Loss: 0.7997, Acc: 80.70%
[33mserver_1      |[0m INFO:__main__:Received update from client_005
[33mserver_1      |[0m INFO:werkzeug:172.18.0.21 - - [20/Jan/2026 19:03:48] "POST /submit_update HTTP/1.1" 200 -
[33mserver_1      |[0m INFO:__main__:Received update from client_006
[33mserver_1      |[0m INFO:werkzeug:172.18.0.17 - - [20/Jan/2026 19:03:48] "POST /submit_update HTTP/1.1" 200 -
[36;1mclient_005_1  |[0m 2026-01-20 19:03:48,999 - __main__ - INFO - 🚀 Model update submitted successfully.
[36;1mclient_005_1  |[0m 2026-01-20 19:03:48,999 - __main__ - INFO - Update submitted for Round 22. Waiting...
[33;1mclient_006_1  |[0m 2026-01-20 19:03:49,019 - __main__ - INFO - 🚀 Model update submitted successfully.
[33;1mclient_006_1  |[0m 2026-01-20 19:03:49,019 - __main__ - INFO - Update submitted for Round 22. Waiting...
[34;1mclient_009_1  |[0m 2026-01-20 19:03:49,824 - __main__ - INFO - --- New Round Detected: 22 ---
[33mserver_1      |[0m INFO:werkzeug:172.18.0.20 - - [20/Jan/2026 19:03:49] "GET /download_model?round=22 HTTP/1.1" 200 -
[34;1mclient_009_1  |[0m 2026-01-20 19:03:50,911 - __main__ - INFO - Round 22 finished. Loss: 0.7223, Acc: 83.03%
[33mserver_1      |[0m INFO:__main__:Received update from client_009
[33mserver_1      |[0m INFO:__main__:--- Aggregating 5 updates ---
[32mclient_002_1  |[0m 2026-01-20 19:03:51,979 - __main__ - INFO - --- New Round Detected: 22 ---
[33mserver_1      |[0m INFO:werkzeug:172.18.0.19 - - [20/Jan/2026 19:03:52] "GET /download_model?round=22 HTTP/1.1" 200 -
[33mserver_1      |[0m INFO:__main__:Aggregation complete.
[35mclient_003_1  |[0m 2026-01-20 19:03:53,088 - __main__ - INFO - Round 22 finished. Loss: 0.3125, Acc: 99.11%
[33mserver_1      |[0m INFO:werkzeug:172.18.0.12 - - [20/Jan/2026 19:03:53] "[31m[1mPOST /submit_update HTTP/1.1[0m" 400 -
[35mclient_003_1  |[0m 2026-01-20 19:03:53,154 - __main__ - ERROR - Update submission failed: {"error":"Not accepting updates"}
[35mclient_003_1  |[0m 
[35mclient_003_1  |[0m 2026-01-20 19:03:53,154 - __main__ - INFO - Update submitted for Round 22. Waiting...
[33mserver_1      |[0m INFO:__main__:--- Round 22 Acc: 52.94%, Loss: 1.3408 ---
[33mserver_1      |[0m INFO:__main__:--- Starting Round 23. Timeout: 300s ---
[33mserver_1      |[0m INFO:werkzeug:172.18.0.20 - - [20/Jan/2026 19:03:53] "POST /submit_update HTTP/1.1" 200 -
[34;1mclient_009_1  |[0m 2026-01-20 19:03:53,503 - __main__ - INFO - 🚀 Model update submitted successfully.
[34;1mclient_009_1  |[0m 2026-01-20 19:03:53,503 - __main__ - INFO - Update submitted for Round 22. Waiting...
[32;1mclient_007_1  |[0m 2026-01-20 19:03:53,612 - __main__ - INFO - --- New Round Detected: 23 ---
[33mserver_1      |[0m INFO:werkzeug:172.18.0.11 - - [20/Jan/2026 19:03:53] "GET /download_model?round=23 HTTP/1.1" 200 -
[33mclient_001_1  |[0m 2026-01-20 19:03:54,196 - __main__ - INFO - --- New Round Detected: 23 ---
[33mserver_1      |[0m INFO:werkzeug:172.18.0.22 - - [20/Jan/2026 19:03:54] "GET /download_model?round=23 HTTP/1.1" 200 -
[32mclient_002_1  |[0m 2026-01-20 19:03:54,971 - __main__ - INFO - Round 22 finished. Loss: 0.4135, Acc: 97.22%
[33mserver_1      |[0m INFO:__main__:Received update from client_002
[33mserver_1      |[0m INFO:werkzeug:172.18.0.19 - - [20/Jan/2026 19:03:55] "POST /submit_update HTTP/1.1" 200 -
[32mclient_002_1  |[0m 2026-01-20 19:03:55,106 - __main__ - INFO - 🚀 Model update submitted successfully.
[32mclient_002_1  |[0m 2026-01-20 19:03:55,106 - __main__ - INFO - Update submitted for Round 22. Waiting...
[32;1mclient_007_1  |[0m 2026-01-20 19:03:55,370 - __main__ - INFO - Round 23 finished. Loss: 0.5675, Acc: 89.30%
[34mclient_004_1  |[0m 2026-01-20 19:03:55,428 - __main__ - INFO - --- New Round Detected: 23 ---
[33mserver_1      |[0m INFO:werkzeug:172.18.0.14 - - [20/Jan/2026 19:03:55] "GET /download_model?round=23 HTTP/1.1" 200 -
[33mserver_1      |[0m INFO:__main__:Received update from client_007
[33mserver_1      |[0m INFO:werkzeug:172.18.0.11 - - [20/Jan/2026 19:03:55] "POST /submit_update HTTP/1.1" 200 -
[32;1mclient_007_1  |[0m 2026-01-20 19:03:55,508 - __main__ - INFO - 🚀 Model update submitted successfully.
[32;1mclient_007_1  |[0m 2026-01-20 19:03:55,508 - __main__ - INFO - Update submitted for Round 23. Waiting...
[33mclient_001_1  |[0m 2026-01-20 19:03:56,225 - __main__ - INFO - Round 23 finished. Loss: 0.4271, Acc: 96.60%
[33mserver_1      |[0m INFO:__main__:Received update from client_001
[33mserver_1      |[0m INFO:werkzeug:172.18.0.22 - - [20/Jan/2026 19:03:56] "POST /submit_update HTTP/1.1" 200 -
[33mclient_001_1  |[0m 2026-01-20 19:03:56,360 - __main__ - INFO - 🚀 Model update submitted successfully.
[33mclient_001_1  |[0m 2026-01-20 19:03:56,360 - __main__ - INFO - Update submitted for Round 23. Waiting...
[34mclient_004_1  |[0m 2026-01-20 19:03:58,622 - __main__ - INFO - Round 23 finished. Loss: 0.2549, Acc: 99.58%
[35;1mclient_008_1  |[0m 2026-01-20 19:03:58,671 - __main__ - INFO - --- New Round Detected: 23 ---
[33mserver_1      |[0m INFO:werkzeug:172.18.0.18 - - [20/Jan/2026 19:03:58] "GET /download_model?round=23 HTTP/1.1" 200 -
[33mserver_1      |[0m INFO:__main__:Received update from client_004
[33mserver_1      |[0m INFO:werkzeug:172.18.0.14 - - [20/Jan/2026 19:03:58] "POST /submit_update HTTP/1.1" 200 -
[36mclient_010_1  |[0m 2026-01-20 19:03:58,747 - __main__ - INFO - --- New Round Detected: 23 ---
[34mclient_004_1  |[0m 2026-01-20 19:03:58,756 - __main__ - INFO - 🚀 Model update submitted successfully.
[34mclient_004_1  |[0m 2026-01-20 19:03:58,756 - __main__ - INFO - Update submitted for Round 23. Waiting...
[33mserver_1      |[0m INFO:werkzeug:172.18.0.9 - - [20/Jan/2026 19:03:58] "GET /download_model?round=23 HTTP/1.1" 200 -
[36;1mclient_005_1  |[0m 2026-01-20 19:03:59,061 - __main__ - INFO - --- New Round Detected: 23 ---
[33mserver_1      |[0m INFO:werkzeug:172.18.0.21 - - [20/Jan/2026 19:03:59] "GET /download_model?round=23 HTTP/1.1" 200 -
[33;1mclient_006_1  |[0m 2026-01-20 19:03:59,086 - __main__ - INFO - --- New Round Detected: 23 ---
[33mserver_1      |[0m INFO:werkzeug:172.18.0.17 - - [20/Jan/2026 19:03:59] "GET /download_model?round=23 HTTP/1.1" 200 -
[35;1mclient_008_1  |[0m 2026-01-20 19:03:59,564 - __main__ - INFO - Round 23 finished. Loss: 0.8016, Acc: 81.52%
[33mserver_1      |[0m INFO:__main__:Received update from client_008
[33mserver_1      |[0m INFO:__main__:--- Aggregating 5 updates ---
[36;1mclient_005_1  |[0m 2026-01-20 19:03:59,842 - __main__ - INFO - Round 23 finished. Loss: 0.6192, Acc: 88.44%
[33mserver_1      |[0m INFO:werkzeug:172.18.0.21 - - [20/Jan/2026 19:03:59] "[31m[1mPOST /submit_update HTTP/1.1[0m" 400 -
[36;1mclient_005_1  |[0m 2026-01-20 19:03:59,908 - __main__ - ERROR - Update submission failed: {"error":"Not accepting updates"}
[36;1mclient_005_1  |[0m 
[36;1mclient_005_1  |[0m 2026-01-20 19:03:59,908 - __main__ - INFO - Update submitted for Round 23. Waiting...
[36mclient_010_1  |[0m 2026-01-20 19:04:00,179 - __main__ - INFO - Round 23 finished. Loss: 0.8172, Acc: 79.60%
[33mserver_1      |[0m INFO:werkzeug:172.18.0.9 - - [20/Jan/2026 19:04:00] "[31m[1mPOST /submit_update HTTP/1.1[0m" 400 -
[36mclient_010_1  |[0m 2026-01-20 19:04:00,294 - __main__ - ERROR - Update submission failed: {"error":"Not accepting updates"}
[36mclient_010_1  |[0m 
[36mclient_010_1  |[0m 2026-01-20 19:04:00,294 - __main__ - INFO - Update submitted for Round 23. Waiting...
[33mserver_1      |[0m INFO:__main__:Aggregation complete.
[33;1mclient_006_1  |[0m 2026-01-20 19:04:00,665 - __main__ - INFO - Round 23 finished. Loss: 0.6302, Acc: 87.69%
[33mserver_1      |[0m INFO:werkzeug:172.18.0.17 - - [20/Jan/2026 19:04:00] "[31m[1mPOST /submit_update HTTP/1.1[0m" 400 -
[33;1mclient_006_1  |[0m 2026-01-20 19:04:00,750 - __main__ - ERROR - Update submission failed: {"error":"Not accepting updates"}
[33;1mclient_006_1  |[0m 
[33;1mclient_006_1  |[0m 2026-01-20 19:04:00,750 - __main__ - INFO - Update submitted for Round 23. Waiting...
[33mserver_1      |[0m INFO:__main__:--- Round 23 Acc: 51.36%, Loss: 1.3892 ---
[33mserver_1      |[0m INFO:__main__:--- Starting Round 24. Timeout: 300s ---
[33mserver_1      |[0m INFO:werkzeug:172.18.0.18 - - [20/Jan/2026 19:04:01] "POST /submit_update HTTP/1.1" 200 -
[35;1mclient_008_1  |[0m 2026-01-20 19:04:01,546 - __main__ - INFO - 🚀 Model update submitted successfully.
[35;1mclient_008_1  |[0m 2026-01-20 19:04:01,546 - __main__ - INFO - Update submitted for Round 23. Waiting...
[35mclient_003_1  |[0m 2026-01-20 19:04:03,217 - __main__ - INFO - --- New Round Detected: 24 ---
[33mserver_1      |[0m INFO:werkzeug:172.18.0.12 - - [20/Jan/2026 19:04:03] "GET /download_model?round=24 HTTP/1.1" 200 -
[34;1mclient_009_1  |[0m 2026-01-20 19:04:03,573 - __main__ - INFO - --- New Round Detected: 24 ---
[33mserver_1      |[0m INFO:werkzeug:172.18.0.20 - - [20/Jan/2026 19:04:03] "GET /download_model?round=24 HTTP/1.1" 200 -
[34;1mclient_009_1  |[0m 2026-01-20 19:04:04,442 - __main__ - INFO - Round 24 finished. Loss: 0.7010, Acc: 85.46%
[33mserver_1      |[0m INFO:__main__:Received update from client_009
[33mserver_1      |[0m INFO:werkzeug:172.18.0.20 - - [20/Jan/2026 19:04:04] "POST /submit_update HTTP/1.1" 200 -
[34;1mclient_009_1  |[0m 2026-01-20 19:04:04,575 - __main__ - INFO - 🚀 Model update submitted successfully.
[34;1mclient_009_1  |[0m 2026-01-20 19:04:04,575 - __main__ - INFO - Update submitted for Round 24. Waiting...
[32mclient_002_1  |[0m 2026-01-20 19:04:05,172 - __main__ - INFO - --- New Round Detected: 24 ---
[33mserver_1      |[0m INFO:werkzeug:172.18.0.19 - - [20/Jan/2026 19:04:05] "GET /download_model?round=24 HTTP/1.1" 200 -
[32;1mclient_007_1  |[0m 2026-01-20 19:04:05,579 - __main__ - INFO - --- New Round Detected: 24 ---
[33mserver_1      |[0m INFO:werkzeug:172.18.0.11 - - [20/Jan/2026 19:04:05] "GET /download_model?round=24 HTTP/1.1" 200 -
[33mclient_001_1  |[0m 2026-01-20 19:04:06,426 - __main__ - INFO - --- New Round Detected: 24 ---
[33mserver_1      |[0m INFO:werkzeug:172.18.0.22 - - [20/Jan/2026 19:04:06] "GET /download_model?round=24 HTTP/1.1" 200 -
[32;1mclient_007_1  |[0m 2026-01-20 19:04:07,519 - __main__ - INFO - Round 24 finished. Loss: 0.4859, Acc: 90.58%
[33mserver_1      |[0m INFO:__main__:Received update from client_007
[33mserver_1      |[0m INFO:werkzeug:172.18.0.11 - - [20/Jan/2026 19:04:07] "POST /submit_update HTTP/1.1" 200 -
[35mclient_003_1  |[0m 2026-01-20 19:04:07,629 - __main__ - INFO - Round 24 finished. Loss: 0.3772, Acc: 97.80%
[32;1mclient_007_1  |[0m 2026-01-20 19:04:07,657 - __main__ - INFO - 🚀 Model update submitted successfully.
[32;1mclient_007_1  |[0m 2026-01-20 19:04:07,657 - __main__ - INFO - Update submitted for Round 24. Waiting...
[33mserver_1      |[0m INFO:__main__:Received update from client_003
[33mserver_1      |[0m INFO:werkzeug:172.18.0.12 - - [20/Jan/2026 19:04:07] "POST /submit_update HTTP/1.1" 200 -
[35mclient_003_1  |[0m 2026-01-20 19:04:07,766 - __main__ - INFO - 🚀 Model update submitted successfully.
[35mclient_003_1  |[0m 2026-01-20 19:04:07,766 - __main__ - INFO - Update submitted for Round 24. Waiting...
[32mclient_002_1  |[0m 2026-01-20 19:04:08,224 - __main__ - INFO - Round 24 finished. Loss: 0.3372, Acc: 99.03%
[33mclient_001_1  |[0m 2026-01-20 19:04:08,325 - __main__ - INFO - Round 24 finished. Loss: 0.4069, Acc: 97.83%
[33mserver_1      |[0m INFO:__main__:Received update from client_002
[33mserver_1      |[0m INFO:werkzeug:172.18.0.19 - - [20/Jan/2026 19:04:08] "POST /submit_update HTTP/1.1" 200 -
[32mclient_002_1  |[0m 2026-01-20 19:04:08,377 - __main__ - INFO - 🚀 Model update submitted successfully.
[32mclient_002_1  |[0m 2026-01-20 19:04:08,377 - __main__ - INFO - Update submitted for Round 24. Waiting...
[33mserver_1      |[0m INFO:__main__:Received update from client_001
[33mserver_1      |[0m INFO:__main__:--- Aggregating 5 updates ---
[34mclient_004_1  |[0m 2026-01-20 19:04:08,884 - __main__ - INFO - --- New Round Detected: 24 ---
[33mserver_1      |[0m INFO:werkzeug:172.18.0.14 - - [20/Jan/2026 19:04:08] "GET /download_model?round=24 HTTP/1.1" 200 -
[33mserver_1      |[0m INFO:__main__:Aggregation complete.
[36;1mclient_005_1  |[0m 2026-01-20 19:04:09,977 - __main__ - INFO - --- New Round Detected: 24 ---
[33mserver_1      |[0m INFO:werkzeug:172.18.0.21 - - [20/Jan/2026 19:04:09] "GET /download_model?round=24 HTTP/1.1" 200 -
[36mclient_010_1  |[0m 2026-01-20 19:04:10,366 - __main__ - INFO - --- New Round Detected: 24 ---
[33mserver_1      |[0m INFO:werkzeug:172.18.0.9 - - [20/Jan/2026 19:04:10] "GET /download_model?round=24 HTTP/1.1" 200 -
[34mclient_004_1  |[0m 2026-01-20 19:04:10,666 - __main__ - INFO - Round 24 finished. Loss: 0.2380, Acc: 99.58%
[33mserver_1      |[0m INFO:werkzeug:172.18.0.14 - - [20/Jan/2026 19:04:10] "[31m[1mPOST /submit_update HTTP/1.1[0m" 400 -
[33mserver_1      |[0m INFO:__main__:--- Round 24 Acc: 50.93%, Loss: 1.4152 ---
[33mserver_1      |[0m INFO:__main__:--- Starting Round 25. Timeout: 300s ---
[33mserver_1      |[0m INFO:werkzeug:172.18.0.22 - - [20/Jan/2026 19:04:10] "POST /submit_update HTTP/1.1" 200 -
[34mclient_004_1  |[0m 2026-01-20 19:04:10,729 - __main__ - ERROR - Update submission failed: {"error":"Not accepting updates"}
[34mclient_004_1  |[0m 
[34mclient_004_1  |[0m 2026-01-20 19:04:10,729 - __main__ - INFO - Update submitted for Round 24. Waiting...
[33mclient_001_1  |[0m 2026-01-20 19:04:10,731 - __main__ - INFO - 🚀 Model update submitted successfully.
[33mclient_001_1  |[0m 2026-01-20 19:04:10,731 - __main__ - INFO - Update submitted for Round 24. Waiting...
[36;1mclient_005_1  |[0m 2026-01-20 19:04:10,762 - __main__ - INFO - Round 24 finished. Loss: 0.6701, Acc: 88.06%
[33;1mclient_006_1  |[0m 2026-01-20 19:04:10,814 - __main__ - INFO - --- New Round Detected: 25 ---
[33mserver_1      |[0m INFO:werkzeug:172.18.0.17 - - [20/Jan/2026 19:04:10] "GET /download_model?round=25 HTTP/1.1" 200 -
[33mserver_1      |[0m INFO:__main__:Received update from client_005
[33mserver_1      |[0m INFO:werkzeug:172.18.0.21 - - [20/Jan/2026 19:04:10] "POST /submit_update HTTP/1.1" 200 -
[36;1mclient_005_1  |[0m 2026-01-20 19:04:10,900 - __main__ - INFO - 🚀 Model update submitted successfully.
[36;1mclient_005_1  |[0m 2026-01-20 19:04:10,900 - __main__ - INFO - Update submitted for Round 24. Waiting...
[35;1mclient_008_1  |[0m 2026-01-20 19:04:11,609 - __main__ - INFO - --- New Round Detected: 25 ---
[33mserver_1      |[0m INFO:werkzeug:172.18.0.18 - - [20/Jan/2026 19:04:11] "GET /download_model?round=25 HTTP/1.1" 200 -
[36mclient_010_1  |[0m 2026-01-20 19:04:11,727 - __main__ - INFO - Round 24 finished. Loss: 0.8308, Acc: 79.21%
[32;1mclient_017_1  |[0m 2026-01-20 19:04:11,815 - __main__ - INFO - Round 0 finished. Loss: 1.7824, Acc: 37.15%
[33mserver_1      |[0m INFO:__main__:Received update from client_010
[33mserver_1      |[0m INFO:werkzeug:172.18.0.9 - - [20/Jan/2026 19:04:11] "POST /submit_update HTTP/1.1" 200 -
[36mclient_010_1  |[0m 2026-01-20 19:04:11,882 - __main__ - INFO - 🚀 Model update submitted successfully.
[36mclient_010_1  |[0m 2026-01-20 19:04:11,882 - __main__ - INFO - Update submitted for Round 24. Waiting...
[33;1mclient_006_1  |[0m 2026-01-20 19:04:11,931 - __main__ - INFO - Round 25 finished. Loss: 0.7707, Acc: 84.11%
[33mserver_1      |[0m INFO:__main__:Received update from client_006
[33mserver_1      |[0m INFO:werkzeug:172.18.0.17 - - [20/Jan/2026 19:04:12] "POST /submit_update HTTP/1.1" 200 -
[33;1mclient_006_1  |[0m 2026-01-20 19:04:12,068 - __main__ - INFO - 🚀 Model update submitted successfully.
[33;1mclient_006_1  |[0m 2026-01-20 19:04:12,068 - __main__ - INFO - Update submitted for Round 25. Waiting...
[35;1mclient_008_1  |[0m 2026-01-20 19:04:12,411 - __main__ - INFO - Round 25 finished. Loss: 0.7546, Acc: 81.78%
[33mserver_1      |[0m INFO:__main__:Received update from client_008
[33mserver_1      |[0m INFO:werkzeug:172.18.0.18 - - [20/Jan/2026 19:04:12] "POST /submit_update HTTP/1.1" 200 -
[35;1mclient_008_1  |[0m 2026-01-20 19:04:12,547 - __main__ - INFO - 🚀 Model update submitted successfully.
[35;1mclient_008_1  |[0m 2026-01-20 19:04:12,547 - __main__ - INFO - Update submitted for Round 25. Waiting...
[33mserver_1      |[0m INFO:__main__:Received update from client_017
[33mserver_1      |[0m INFO:__main__:--- Aggregating 5 updates ---
[33mserver_1      |[0m INFO:__main__:Aggregation complete.
[34;1mclient_009_1  |[0m 2026-01-20 19:04:14,644 - __main__ - INFO - --- New Round Detected: 25 ---
[33mserver_1      |[0m INFO:werkzeug:172.18.0.20 - - [20/Jan/2026 19:04:14] "GET /download_model?round=25 HTTP/1.1" 200 -
[33mserver_1      |[0m INFO:__main__:--- Round 25 Acc: 51.14%, Loss: 1.3774 ---
[33mserver_1      |[0m INFO:__main__:--- Starting Round 26. Timeout: 300s ---
[33mserver_1      |[0m INFO:werkzeug:172.18.0.10 - - [20/Jan/2026 19:04:14] "POST /submit_update HTTP/1.1" 200 -
[34;1mclient_009_1  |[0m 2026-01-20 19:04:15,558 - __main__ - INFO - Round 25 finished. Loss: 0.6962, Acc: 85.71%
[33mserver_1      |[0m INFO:__main__:Received update from client_009
[33mserver_1      |[0m INFO:werkzeug:172.18.0.20 - - [20/Jan/2026 19:04:15] "POST /submit_update HTTP/1.1" 200 -
[34;1mclient_009_1  |[0m 2026-01-20 19:04:15,694 - __main__ - INFO - 🚀 Model update submitted successfully.
[34;1mclient_009_1  |[0m 2026-01-20 19:04:15,694 - __main__ - INFO - Update submitted for Round 25. Waiting...
[32;1mclient_017_1  |[0m 2026-01-20 19:04:15,993 - __main__ - INFO - 🚀 Model update submitted successfully.
[32;1mclient_017_1  |[0m 2026-01-20 19:04:15,993 - __main__ - INFO - Update submitted for Round 0. Waiting...
[32;1mclient_007_1  |[0m 2026-01-20 19:04:17,727 - __main__ - INFO - --- New Round Detected: 26 ---
[33mserver_1      |[0m INFO:werkzeug:172.18.0.11 - - [20/Jan/2026 19:04:17] "GET /download_model?round=26 HTTP/1.1" 200 -
[35mclient_003_1  |[0m 2026-01-20 19:04:17,858 - __main__ - INFO - --- New Round Detected: 26 ---
[33mserver_1      |[0m INFO:werkzeug:172.18.0.12 - - [20/Jan/2026 19:04:17] "GET /download_model?round=26 HTTP/1.1" 200 -
[32mclient_002_1  |[0m 2026-01-20 19:04:18,439 - __main__ - INFO - --- New Round Detected: 26 ---
[33mserver_1      |[0m INFO:werkzeug:172.18.0.19 - - [20/Jan/2026 19:04:18] "GET /download_model?round=26 HTTP/1.1" 200 -
[32;1mclient_007_1  |[0m 2026-01-20 19:04:19,618 - __main__ - INFO - Round 26 finished. Loss: 0.5627, Acc: 89.24%
[33mserver_1      |[0m INFO:__main__:Received update from client_007
[33mserver_1      |[0m INFO:werkzeug:172.18.0.11 - - [20/Jan/2026 19:04:19] "POST /submit_update HTTP/1.1" 200 -
[32;1mclient_007_1  |[0m 2026-01-20 19:04:19,755 - __main__ - INFO - 🚀 Model update submitted successfully.
[32;1mclient_007_1  |[0m 2026-01-20 19:04:19,755 - __main__ - INFO - Update submitted for Round 26. Waiting...
[33mclient_001_1  |[0m 2026-01-20 19:04:20,794 - __main__ - INFO - --- New Round Detected: 26 ---
[34mclient_004_1  |[0m 2026-01-20 19:04:20,795 - __main__ - INFO - --- New Round Detected: 26 ---
[33mserver_1      |[0m INFO:werkzeug:172.18.0.22 - - [20/Jan/2026 19:04:20] "GET /download_model?round=26 HTTP/1.1" 200 -
[33mserver_1      |[0m INFO:werkzeug:172.18.0.14 - - [20/Jan/2026 19:04:20] "GET /download_model?round=26 HTTP/1.1" 200 -
[36;1mclient_005_1  |[0m 2026-01-20 19:04:20,962 - __main__ - INFO - --- New Round Detected: 26 ---
[33mserver_1      |[0m INFO:werkzeug:172.18.0.21 - - [20/Jan/2026 19:04:20] "GET /download_model?round=26 HTTP/1.1" 200 -
[32mclient_002_1  |[0m 2026-01-20 19:04:21,609 - __main__ - INFO - Round 26 finished. Loss: 0.3219, Acc: 99.12%
[33mserver_1      |[0m INFO:__main__:Received update from client_002
[33mserver_1      |[0m INFO:werkzeug:172.18.0.19 - - [20/Jan/2026 19:04:21] "POST /submit_update HTTP/1.1" 200 -
[32mclient_002_1  |[0m 2026-01-20 19:04:21,762 - __main__ - INFO - 🚀 Model update submitted successfully.
[32mclient_002_1  |[0m 2026-01-20 19:04:21,763 - __main__ - INFO - Update submitted for Round 26. Waiting...
[36;1mclient_005_1  |[0m 2026-01-20 19:04:21,768 - __main__ - INFO - Round 26 finished. Loss: 0.5874, Acc: 87.83%
[33mserver_1      |[0m INFO:__main__:Received update from client_005
[33mserver_1      |[0m INFO:werkzeug:172.18.0.21 - - [20/Jan/2026 19:04:21] "POST /submit_update HTTP/1.1" 200 -
[36;1mclient_005_1  |[0m 2026-01-20 19:04:21,904 - __main__ - INFO - 🚀 Model update submitted successfully.
[36;1mclient_005_1  |[0m 2026-01-20 19:04:21,904 - __main__ - INFO - Update submitted for Round 26. Waiting...
[36mclient_010_1  |[0m 2026-01-20 19:04:21,944 - __main__ - INFO - --- New Round Detected: 26 ---
[33mserver_1      |[0m INFO:werkzeug:172.18.0.9 - - [20/Jan/2026 19:04:21] "GET /download_model?round=26 HTTP/1.1" 200 -
[33;1mclient_006_1  |[0m 2026-01-20 19:04:22,132 - __main__ - INFO - --- New Round Detected: 26 ---
[33mserver_1      |[0m INFO:werkzeug:172.18.0.17 - - [20/Jan/2026 19:04:22] "GET /download_model?round=26 HTTP/1.1" 200 -
[35mclient_003_1  |[0m 2026-01-20 19:04:22,428 - __main__ - INFO - Round 26 finished. Loss: 0.3588, Acc: 98.20%
[33mserver_1      |[0m INFO:__main__:Received update from client_003
[33mserver_1      |[0m INFO:__main__:--- Aggregating 5 updates ---
[35;1mclient_008_1  |[0m 2026-01-20 19:04:22,638 - __main__ - INFO - --- New Round Detected: 26 ---
[33mserver_1      |[0m INFO:werkzeug:172.18.0.18 - - [20/Jan/2026 19:04:22] "GET /download_model?round=26 HTTP/1.1" 200 -
[33mclient_001_1  |[0m 2026-01-20 19:04:23,157 - __main__ - INFO - Round 26 finished. Loss: 0.3885, Acc: 98.30%
[33mserver_1      |[0m INFO:werkzeug:172.18.0.22 - - [20/Jan/2026 19:04:23] "[31m[1mPOST /submit_update HTTP/1.1[0m" 400 -
[33mclient_001_1  |[0m 2026-01-20 19:04:23,222 - __main__ - ERROR - Update submission failed: {"error":"Not accepting updates"}
[33mclient_001_1  |[0m 
[33mclient_001_1  |[0m 2026-01-20 19:04:23,222 - __main__ - INFO - Update submitted for Round 26. Waiting...
[35;1mclient_008_1  |[0m 2026-01-20 19:04:23,297 - __main__ - INFO - Round 26 finished. Loss: 0.6963, Acc: 85.08%
[33mserver_1      |[0m INFO:werkzeug:172.18.0.18 - - [20/Jan/2026 19:04:23] "[31m[1mPOST /submit_update HTTP/1.1[0m" 400 -
[33;1mclient_006_1  |[0m 2026-01-20 19:04:23,358 - __main__ - INFO - Round 26 finished. Loss: 0.6433, Acc: 87.79%
[35;1mclient_008_1  |[0m 2026-01-20 19:04:23,366 - __main__ - ERROR - Update submission failed: {"error":"Not accepting updates"}
[35;1mclient_008_1  |[0m 
[35;1mclient_008_1  |[0m 2026-01-20 19:04:23,366 - __main__ - INFO - Update submitted for Round 26. Waiting...
[33mserver_1      |[0m INFO:werkzeug:172.18.0.17 - - [20/Jan/2026 19:04:23] "[31m[1mPOST /submit_update HTTP/1.1[0m" 400 -
[33;1mclient_006_1  |[0m 2026-01-20 19:04:23,423 - __main__ - ERROR - Update submission failed: {"error":"Not accepting updates"}
[33;1mclient_006_1  |[0m 
[33;1mclient_006_1  |[0m 2026-01-20 19:04:23,423 - __main__ - INFO - Update submitted for Round 26. Waiting...
[36mclient_010_1  |[0m 2026-01-20 19:04:23,489 - __main__ - INFO - Round 26 finished. Loss: 0.7487, Acc: 82.51%
[33mserver_1      |[0m INFO:werkzeug:172.18.0.9 - - [20/Jan/2026 19:04:23] "[31m[1mPOST /submit_update HTTP/1.1[0m" 400 -
[36mclient_010_1  |[0m 2026-01-20 19:04:23,552 - __main__ - ERROR - Update submission failed: {"error":"Not accepting updates"}
[36mclient_010_1  |[0m 
[36mclient_010_1  |[0m 2026-01-20 19:04:23,553 - __main__ - INFO - Update submitted for Round 26. Waiting...
[33mserver_1      |[0m INFO:__main__:Aggregation complete.
[34mclient_004_1  |[0m 2026-01-20 19:04:24,170 - __main__ - INFO - Round 26 finished. Loss: 0.2888, Acc: 99.20%
[33mserver_1      |[0m INFO:werkzeug:172.18.0.14 - - [20/Jan/2026 19:04:24] "[31m[1mPOST /submit_update HTTP/1.1[0m" 400 -
[34mclient_004_1  |[0m 2026-01-20 19:04:24,234 - __main__ - ERROR - Update submission failed: {"error":"Not accepting updates"}
[34mclient_004_1  |[0m 
[34mclient_004_1  |[0m 2026-01-20 19:04:24,234 - __main__ - INFO - Update submitted for Round 26. Waiting...
[33mserver_1      |[0m INFO:__main__:--- Round 26 Acc: 51.50%, Loss: 1.3830 ---
[33mserver_1      |[0m INFO:__main__:--- Starting Round 27. Timeout: 300s ---
[33mserver_1      |[0m INFO:werkzeug:172.18.0.12 - - [20/Jan/2026 19:04:24] "POST /submit_update HTTP/1.1" 200 -
[35mclient_003_1  |[0m 2026-01-20 19:04:24,847 - __main__ - INFO - 🚀 Model update submitted successfully.
[35mclient_003_1  |[0m 2026-01-20 19:04:24,847 - __main__ - INFO - Update submitted for Round 26. Waiting...
[34;1mclient_009_1  |[0m 2026-01-20 19:04:25,760 - __main__ - INFO - --- New Round Detected: 27 ---
[33mserver_1      |[0m INFO:werkzeug:172.18.0.20 - - [20/Jan/2026 19:04:25] "GET /download_model?round=27 HTTP/1.1" 200 -
[32;1mclient_017_1  |[0m 2026-01-20 19:04:26,417 - __main__ - INFO - --- New Round Detected: 27 ---
[33mserver_1      |[0m INFO:werkzeug:172.18.0.10 - - [20/Jan/2026 19:04:26] "GET /download_model?round=27 HTTP/1.1" 200 -
[34;1mclient_009_1  |[0m 2026-01-20 19:04:26,877 - __main__ - INFO - Round 27 finished. Loss: 0.6907, Acc: 85.35%
[33mserver_1      |[0m INFO:__main__:Received update from client_009
[33mserver_1      |[0m INFO:werkzeug:172.18.0.20 - - [20/Jan/2026 19:04:26] "POST /submit_update HTTP/1.1" 200 -
[34;1mclient_009_1  |[0m 2026-01-20 19:04:27,020 - __main__ - INFO - 🚀 Model update submitted successfully.
[34;1mclient_009_1  |[0m 2026-01-20 19:04:27,021 - __main__ - INFO - Update submitted for Round 27. Waiting...
[32;1mclient_007_1  |[0m 2026-01-20 19:04:29,835 - __main__ - INFO - --- New Round Detected: 27 ---
[33mserver_1      |[0m INFO:werkzeug:172.18.0.11 - - [20/Jan/2026 19:04:29] "GET /download_model?round=27 HTTP/1.1" 200 -
[32;1mclient_007_1  |[0m 2026-01-20 19:04:31,627 - __main__ - INFO - Round 27 finished. Loss: 0.4761, Acc: 92.85%
[33mserver_1      |[0m INFO:__main__:Received update from client_007
[33mserver_1      |[0m INFO:werkzeug:172.18.0.11 - - [20/Jan/2026 19:04:31] "POST /submit_update HTTP/1.1" 200 -
[32;1mclient_007_1  |[0m 2026-01-20 19:04:31,772 - __main__ - INFO - 🚀 Model update submitted successfully.
[32;1mclient_007_1  |[0m 2026-01-20 19:04:31,772 - __main__ - INFO - Update submitted for Round 27. Waiting...
[32mclient_002_1  |[0m 2026-01-20 19:04:31,838 - __main__ - INFO - --- New Round Detected: 27 ---
[33mserver_1      |[0m INFO:werkzeug:172.18.0.19 - - [20/Jan/2026 19:04:31] "GET /download_model?round=27 HTTP/1.1" 200 -
[36;1mclient_005_1  |[0m 2026-01-20 19:04:31,967 - __main__ - INFO - --- New Round Detected: 27 ---
[33mserver_1      |[0m INFO:werkzeug:172.18.0.21 - - [20/Jan/2026 19:04:31] "GET /download_model?round=27 HTTP/1.1" 200 -
[36;1mclient_005_1  |[0m 2026-01-20 19:04:32,714 - __main__ - INFO - Round 27 finished. Loss: 0.6047, Acc: 88.13%
[33mserver_1      |[0m INFO:__main__:Received update from client_005
[33mserver_1      |[0m INFO:werkzeug:172.18.0.21 - - [20/Jan/2026 19:04:32] "POST /submit_update HTTP/1.1" 200 -
[36;1mclient_005_1  |[0m 2026-01-20 19:04:32,849 - __main__ - INFO - 🚀 Model update submitted successfully.
[36;1mclient_005_1  |[0m 2026-01-20 19:04:32,849 - __main__ - INFO - Update submitted for Round 27. Waiting...
[33mclient_001_1  |[0m 2026-01-20 19:04:33,286 - __main__ - INFO - --- New Round Detected: 27 ---
[33mserver_1      |[0m INFO:werkzeug:172.18.0.22 - - [20/Jan/2026 19:04:33] "GET /download_model?round=27 HTTP/1.1" 200 -
[35;1mclient_008_1  |[0m 2026-01-20 19:04:33,454 - __main__ - INFO - --- New Round Detected: 27 ---
[33mserver_1      |[0m INFO:werkzeug:172.18.0.18 - - [20/Jan/2026 19:04:33] "GET /download_model?round=27 HTTP/1.1" 200 -
[33;1mclient_006_1  |[0m 2026-01-20 19:04:33,486 - __main__ - INFO - --- New Round Detected: 27 ---
[33mserver_1      |[0m INFO:werkzeug:172.18.0.17 - - [20/Jan/2026 19:04:33] "GET /download_model?round=27 HTTP/1.1" 200 -
[36mclient_010_1  |[0m 2026-01-20 19:04:33,674 - __main__ - INFO - --- New Round Detected: 27 ---
[33mserver_1      |[0m INFO:werkzeug:172.18.0.9 - - [20/Jan/2026 19:04:33] "GET /download_model?round=27 HTTP/1.1" 200 -
[35;1mclient_008_1  |[0m 2026-01-20 19:04:34,070 - __main__ - INFO - Round 27 finished. Loss: 0.7016, Acc: 84.55%
[33mserver_1      |[0m INFO:__main__:Received update from client_008
[33mserver_1      |[0m INFO:werkzeug:172.18.0.18 - - [20/Jan/2026 19:04:34] "POST /submit_update HTTP/1.1" 200 -
[35;1mclient_008_1  |[0m 2026-01-20 19:04:34,212 - __main__ - INFO - 🚀 Model update submitted successfully.
[35;1mclient_008_1  |[0m 2026-01-20 19:04:34,212 - __main__ - INFO - Update submitted for Round 27. Waiting...
[34mclient_004_1  |[0m 2026-01-20 19:04:34,328 - __main__ - INFO - --- New Round Detected: 27 ---
[33mserver_1      |[0m INFO:werkzeug:172.18.0.14 - - [20/Jan/2026 19:04:34] "GET /download_model?round=27 HTTP/1.1" 200 -
[33mserver_1      |[0m INFO:werkzeug:172.18.0.12 - - [20/Jan/2026 19:04:34] "GET /download_model?round=27 HTTP/1.1" 200 -
[35mclient_003_1  |[0m 2026-01-20 19:04:34,921 - __main__ - INFO - --- New Round Detected: 27 ---
[32mclient_002_1  |[0m 2026-01-20 19:04:35,049 - __main__ - INFO - Round 27 finished. Loss: 0.3080, Acc: 99.54%
[33;1mclient_006_1  |[0m 2026-01-20 19:04:35,131 - __main__ - INFO - Round 27 finished. Loss: 0.7334, Acc: 85.21%
[36mclient_010_1  |[0m 2026-01-20 19:04:35,152 - __main__ - INFO - Round 27 finished. Loss: 0.7667, Acc: 81.64%
[33mserver_1      |[0m INFO:__main__:Received update from client_002
[33mserver_1      |[0m INFO:__main__:--- Aggregating 5 updates ---
[33mserver_1      |[0m INFO:werkzeug:172.18.0.17 - - [20/Jan/2026 19:04:35] "[31m[1mPOST /submit_update HTTP/1.1[0m" 400 -
[33mserver_1      |[0m INFO:werkzeug:172.18.0.9 - - [20/Jan/2026 19:04:35] "[31m[1mPOST /submit_update HTTP/1.1[0m" 400 -
[33;1mclient_006_1  |[0m 2026-01-20 19:04:35,196 - __main__ - ERROR - Update submission failed: {"error":"Not accepting updates"}
[33;1mclient_006_1  |[0m 
[33;1mclient_006_1  |[0m 2026-01-20 19:04:35,196 - __main__ - INFO - Update submitted for Round 27. Waiting...
[36mclient_010_1  |[0m 2026-01-20 19:04:35,221 - __main__ - ERROR - Update submission failed: {"error":"Not accepting updates"}
[36mclient_010_1  |[0m 
[36mclient_010_1  |[0m 2026-01-20 19:04:35,221 - __main__ - INFO - Update submitted for Round 27. Waiting...
[33mclient_001_1  |[0m 2026-01-20 19:04:35,546 - __main__ - INFO - Round 27 finished. Loss: 0.4308, Acc: 97.30%
[33mserver_1      |[0m INFO:werkzeug:172.18.0.22 - - [20/Jan/2026 19:04:35] "[31m[1mPOST /submit_update HTTP/1.1[0m" 400 -
[33mclient_001_1  |[0m 2026-01-20 19:04:35,619 - __main__ - ERROR - Update submission failed: {"error":"Not accepting updates"}
[33mclient_001_1  |[0m 
[33mclient_001_1  |[0m 2026-01-20 19:04:35,619 - __main__ - INFO - Update submitted for Round 27. Waiting...
[33mserver_1      |[0m INFO:__main__:Aggregation complete.
[33mserver_1      |[0m INFO:__main__:--- Round 27 Acc: 50.46%, Loss: 1.4142 ---
[33mserver_1      |[0m INFO:__main__:--- Starting Round 28. Timeout: 300s ---
[33mserver_1      |[0m INFO:werkzeug:172.18.0.19 - - [20/Jan/2026 19:04:37] "POST /submit_update HTTP/1.1" 200 -
[32mclient_002_1  |[0m 2026-01-20 19:04:37,358 - __main__ - INFO - 🚀 Model update submitted successfully.
[32mclient_002_1  |[0m 2026-01-20 19:04:37,358 - __main__ - INFO - Update submitted for Round 27. Waiting...
[34mclient_004_1  |[0m 2026-01-20 19:04:37,736 - __main__ - INFO - Round 27 finished. Loss: 0.2683, Acc: 99.39%
[33mserver_1      |[0m INFO:__main__:Received update from client_004
[33mserver_1      |[0m INFO:werkzeug:172.18.0.14 - - [20/Jan/2026 19:04:37] "POST /submit_update HTTP/1.1" 200 -
[34mclient_004_1  |[0m 2026-01-20 19:04:37,870 - __main__ - INFO - 🚀 Model update submitted successfully.
[34mclient_004_1  |[0m 2026-01-20 19:04:37,871 - __main__ - INFO - Update submitted for Round 27. Waiting...
[35mclient_003_1  |[0m 2026-01-20 19:04:39,225 - __main__ - INFO - Round 27 finished. Loss: 0.2883, Acc: 99.49%
[33mserver_1      |[0m INFO:__main__:Received update from client_003
[33mserver_1      |[0m INFO:werkzeug:172.18.0.12 - - [20/Jan/2026 19:04:39] "POST /submit_update HTTP/1.1" 200 -
[35mclient_003_1  |[0m 2026-01-20 19:04:39,370 - __main__ - INFO - 🚀 Model update submitted successfully.
[35mclient_003_1  |[0m 2026-01-20 19:04:39,370 - __main__ - INFO - Update submitted for Round 27. Waiting...
[32;1mclient_007_1  |[0m 2026-01-20 19:04:41,834 - __main__ - INFO - --- New Round Detected: 28 ---
[33mserver_1      |[0m INFO:werkzeug:172.18.0.11 - - [20/Jan/2026 19:04:41] "GET /download_model?round=28 HTTP/1.1" 200 -
[36;1mclient_005_1  |[0m 2026-01-20 19:04:42,937 - __main__ - INFO - --- New Round Detected: 28 ---
[33mserver_1      |[0m INFO:werkzeug:172.18.0.21 - - [20/Jan/2026 19:04:42] "GET /download_model?round=28 HTTP/1.1" 200 -
[32;1mclient_007_1  |[0m 2026-01-20 19:04:43,451 - __main__ - INFO - Round 28 finished. Loss: 0.3967, Acc: 94.87%
[33mserver_1      |[0m INFO:__main__:Received update from client_007
[33mserver_1      |[0m INFO:werkzeug:172.18.0.11 - - [20/Jan/2026 19:04:43] "POST /submit_update HTTP/1.1" 200 -
[32;1mclient_007_1  |[0m 2026-01-20 19:04:43,608 - __main__ - INFO - 🚀 Model update submitted successfully.
[32;1mclient_007_1  |[0m 2026-01-20 19:04:43,608 - __main__ - INFO - Update submitted for Round 28. Waiting...
[36;1mclient_005_1  |[0m 2026-01-20 19:04:43,669 - __main__ - INFO - Round 28 finished. Loss: 0.5996, Acc: 89.89%
[33mserver_1      |[0m INFO:__main__:Received update from client_005
[33mserver_1      |[0m INFO:werkzeug:172.18.0.21 - - [20/Jan/2026 19:04:43] "POST /submit_update HTTP/1.1" 200 -
[36;1mclient_005_1  |[0m 2026-01-20 19:04:43,818 - __main__ - INFO - 🚀 Model update submitted successfully.
[36;1mclient_005_1  |[0m 2026-01-20 19:04:43,818 - __main__ - INFO - Update submitted for Round 28. Waiting...
[35;1mclient_008_1  |[0m 2026-01-20 19:04:44,273 - __main__ - INFO - --- New Round Detected: 28 ---
[33mserver_1      |[0m INFO:werkzeug:172.18.0.18 - - [20/Jan/2026 19:04:44] "GET /download_model?round=28 HTTP/1.1" 200 -
[35;1mclient_008_1  |[0m 2026-01-20 19:04:45,156 - __main__ - INFO - Round 28 finished. Loss: 0.6528, Acc: 86.07%
[33;1mclient_006_1  |[0m 2026-01-20 19:04:45,257 - __main__ - INFO - --- New Round Detected: 28 ---
[33mserver_1      |[0m INFO:__main__:Received update from client_008
[33mserver_1      |[0m INFO:__main__:--- Aggregating 5 updates ---
[33mserver_1      |[0m INFO:werkzeug:172.18.0.17 - - [20/Jan/2026 19:04:45] "GET /download_model?round=28 HTTP/1.1" 200 -
[36mclient_010_1  |[0m 2026-01-20 19:04:45,341 - __main__ - INFO - --- New Round Detected: 28 ---
[33mserver_1      |[0m INFO:werkzeug:172.18.0.9 - - [20/Jan/2026 19:04:45] "GET /download_model?round=28 HTTP/1.1" 200 -
[33mclient_001_1  |[0m 2026-01-20 19:04:45,693 - __main__ - INFO - --- New Round Detected: 28 ---
[33mserver_1      |[0m INFO:werkzeug:172.18.0.22 - - [20/Jan/2026 19:04:45] "GET /download_model?round=28 HTTP/1.1" 200 -
[33mserver_1      |[0m INFO:__main__:Aggregation complete.
[36mclient_010_1  |[0m 2026-01-20 19:04:46,674 - __main__ - INFO - Round 28 finished. Loss: 0.7725, Acc: 80.97%
[33mserver_1      |[0m INFO:werkzeug:172.18.0.9 - - [20/Jan/2026 19:04:46] "[31m[1mPOST /submit_update HTTP/1.1[0m" 400 -
[36mclient_010_1  |[0m 2026-01-20 19:04:46,740 - __main__ - ERROR - Update submission failed: {"error":"Not accepting updates"}
[36mclient_010_1  |[0m 
[36mclient_010_1  |[0m 2026-01-20 19:04:46,744 - __main__ - INFO - Update submitted for Round 28. Waiting...
[33;1mclient_006_1  |[0m 2026-01-20 19:04:46,887 - __main__ - INFO - Round 28 finished. Loss: 0.8024, Acc: 84.25%
[33mserver_1      |[0m INFO:werkzeug:172.18.0.17 - - [20/Jan/2026 19:04:46] "[31m[1mPOST /submit_update HTTP/1.1[0m" 400 -
[33;1mclient_006_1  |[0m 2026-01-20 19:04:46,953 - __main__ - ERROR - Update submission failed: {"error":"Not accepting updates"}
[33;1mclient_006_1  |[0m 
[33;1mclient_006_1  |[0m 2026-01-20 19:04:46,954 - __main__ - INFO - Update submitted for Round 28. Waiting...
[33mclient_001_1  |[0m 2026-01-20 19:04:46,966 - __main__ - INFO - Round 28 finished. Loss: 0.4776, Acc: 96.37%
[33mserver_1      |[0m INFO:werkzeug:172.18.0.22 - - [20/Jan/2026 19:04:46] "[31m[1mPOST /submit_update HTTP/1.1[0m" 400 -
[33mclient_001_1  |[0m 2026-01-20 19:04:47,030 - __main__ - ERROR - Update submission failed: {"error":"Not accepting updates"}
[33mclient_001_1  |[0m 
[33mclient_001_1  |[0m 2026-01-20 19:04:47,030 - __main__ - INFO - Update submitted for Round 28. Waiting...
[33mserver_1      |[0m INFO:__main__:--- Round 28 Acc: 50.67%, Loss: 1.4351 ---
[33mserver_1      |[0m INFO:__main__:--- Starting Round 29. Timeout: 300s ---
[33mserver_1      |[0m INFO:werkzeug:172.18.0.18 - - [20/Jan/2026 19:04:47] "POST /submit_update HTTP/1.1" 200 -
[35;1mclient_008_1  |[0m 2026-01-20 19:04:47,127 - __main__ - INFO - 🚀 Model update submitted successfully.
[35;1mclient_008_1  |[0m 2026-01-20 19:04:47,127 - __main__ - INFO - Update submitted for Round 28. Waiting...
[34;1mclient_009_1  |[0m 2026-01-20 19:04:47,147 - __main__ - INFO - --- New Round Detected: 29 ---
[33mserver_1      |[0m INFO:werkzeug:172.18.0.20 - - [20/Jan/2026 19:04:47] "GET /download_model?round=29 HTTP/1.1" 200 -
[32mclient_002_1  |[0m 2026-01-20 19:04:47,422 - __main__ - INFO - --- New Round Detected: 29 ---
[33mserver_1      |[0m INFO:werkzeug:172.18.0.19 - - [20/Jan/2026 19:04:47] "GET /download_model?round=29 HTTP/1.1" 200 -
[34mclient_004_1  |[0m 2026-01-20 19:04:47,933 - __main__ - INFO - --- New Round Detected: 29 ---
[33mserver_1      |[0m INFO:werkzeug:172.18.0.14 - - [20/Jan/2026 19:04:47] "GET /download_model?round=29 HTTP/1.1" 200 -
[34;1mclient_009_1  |[0m 2026-01-20 19:04:48,233 - __main__ - INFO - Round 29 finished. Loss: 0.7406, Acc: 84.27%
[33mserver_1      |[0m INFO:__main__:Received update from client_009
[33mserver_1      |[0m INFO:werkzeug:172.18.0.20 - - [20/Jan/2026 19:04:48] "POST /submit_update HTTP/1.1" 200 -
[34;1mclient_009_1  |[0m 2026-01-20 19:04:48,367 - __main__ - INFO - 🚀 Model update submitted successfully.
[34;1mclient_009_1  |[0m 2026-01-20 19:04:48,367 - __main__ - INFO - Update submitted for Round 29. Waiting...
[32mclient_002_1  |[0m 2026-01-20 19:04:49,115 - __main__ - INFO - Round 29 finished. Loss: 0.3713, Acc: 98.95%
[33mserver_1      |[0m INFO:__main__:Received update from client_002
[33mserver_1      |[0m INFO:werkzeug:172.18.0.19 - - [20/Jan/2026 19:04:49] "POST /submit_update HTTP/1.1" 200 -
[32mclient_002_1  |[0m 2026-01-20 19:04:49,256 - __main__ - INFO - 🚀 Model update submitted successfully.
[32mclient_002_1  |[0m 2026-01-20 19:04:49,257 - __main__ - INFO - Update submitted for Round 29. Waiting...
[35mclient_003_1  |[0m 2026-01-20 19:04:49,444 - __main__ - INFO - --- New Round Detected: 29 ---
[33mserver_1      |[0m INFO:werkzeug:172.18.0.12 - - [20/Jan/2026 19:04:49] "GET /download_model?round=29 HTTP/1.1" 200 -
[34mclient_004_1  |[0m 2026-01-20 19:04:50,403 - __main__ - INFO - Round 29 finished. Loss: 0.2438, Acc: 99.62%
[33mserver_1      |[0m INFO:__main__:Received update from client_004
[33mserver_1      |[0m INFO:werkzeug:172.18.0.14 - - [20/Jan/2026 19:04:50] "POST /submit_update HTTP/1.1" 200 -
[34mclient_004_1  |[0m 2026-01-20 19:04:50,557 - __main__ - INFO - 🚀 Model update submitted successfully.
[34mclient_004_1  |[0m 2026-01-20 19:04:50,557 - __main__ - INFO - Update submitted for Round 29. Waiting...
[35mclient_003_1  |[0m 2026-01-20 19:04:51,856 - __main__ - INFO - Round 29 finished. Loss: 0.2387, Acc: 99.77%
[33mserver_1      |[0m INFO:__main__:Received update from client_003
[33mserver_1      |[0m INFO:werkzeug:172.18.0.12 - - [20/Jan/2026 19:04:51] "POST /submit_update HTTP/1.1" 200 -
[35mclient_003_1  |[0m 2026-01-20 19:04:51,998 - __main__ - INFO - 🚀 Model update submitted successfully.
[35mclient_003_1  |[0m 2026-01-20 19:04:51,998 - __main__ - INFO - Update submitted for Round 29. Waiting...
[32;1mclient_007_1  |[0m 2026-01-20 19:04:53,681 - __main__ - INFO - --- New Round Detected: 29 ---
[33mserver_1      |[0m INFO:werkzeug:172.18.0.11 - - [20/Jan/2026 19:04:53] "GET /download_model?round=29 HTTP/1.1" 200 -
[36;1mclient_005_1  |[0m 2026-01-20 19:04:53,882 - __main__ - INFO - --- New Round Detected: 29 ---
[33mserver_1      |[0m INFO:werkzeug:172.18.0.21 - - [20/Jan/2026 19:04:53] "GET /download_model?round=29 HTTP/1.1" 200 -
[36;1mclient_005_1  |[0m 2026-01-20 19:04:54,654 - __main__ - INFO - Round 29 finished. Loss: 0.5855, Acc: 91.27%
[32;1mclient_007_1  |[0m 2026-01-20 19:04:54,674 - __main__ - INFO - Round 29 finished. Loss: 0.3737, Acc: 95.14%
[33mserver_1      |[0m INFO:__main__:Received update from client_005
[33mserver_1      |[0m INFO:__main__:--- Aggregating 5 updates ---
[33mserver_1      |[0m INFO:__main__:Aggregation complete.
[33mserver_1      |[0m INFO:__main__:--- Round 29 Acc: 51.84%, Loss: 1.3869 ---
[33mserver_1      |[0m INFO:__main__:---Final model saved ---
[33mserver_1      |[0m INFO:__main__:--- Training complete. ---
[33mserver_1      |[0m INFO:werkzeug:172.18.0.21 - - [20/Jan/2026 19:04:56] "POST /submit_update HTTP/1.1" 200 -
[33mserver_1      |[0m INFO:werkzeug:172.18.0.11 - - [20/Jan/2026 19:04:56] "POST /submit_update HTTP/1.1" 200 -
[36;1mclient_005_1  |[0m 2026-01-20 19:04:56,561 - __main__ - INFO - 🚀 Model update submitted successfully.
[36;1mclient_005_1  |[0m 2026-01-20 19:04:56,561 - __main__ - INFO - Update submitted for Round 29. Waiting...
[32;1mclient_007_1  |[0m 2026-01-20 19:04:56,561 - __main__ - INFO - 🚀 Model update submitted successfully.
[32;1mclient_007_1  |[0m 2026-01-20 19:04:56,561 - __main__ - INFO - Update submitted for Round 29. Waiting...
[36mclient_010_1  |[0m 2026-01-20 19:04:56,810 - __main__ - INFO - Server finished training. Exiting.
[36mclient_010_1  |[0m [client_010] 🔋 LOW (Conserving) | Epochs=2 | KD=logits | Mu=0.0, Alpha=0.5
[36mclient_010_1  |[0m [client_010] 🔋 LOW (Conserving) | Epochs=2 | KD=logits | Mu=0.0, Alpha=0.5
[36mclient_010_1  |[0m [client_010] 🔋 LOW (Conserving) | Epochs=2 | KD=logits | Mu=0.0, Alpha=0.5
[36mclient_010_1  |[0m [client_010] 🔋 LOW (Conserving) | Epochs=2 | KD=logits | Mu=0.0, Alpha=0.5
[36mclient_010_1  |[0m [client_010] 🔋 LOW (Conserving) | Epochs=2 | KD=logits | Mu=0.0, Alpha=0.5
[36mclient_010_1  |[0m [client_010] 🔋 LOW (Conserving) | Epochs=2 | KD=logits | Mu=0.0, Alpha=0.5
[36mclient_010_1  |[0m [client_010] 🔋 LOW (Conserving) | Epochs=2 | KD=logits | Mu=0.0, Alpha=0.5
[36mclient_010_1  |[0m [client_010] 🔋 LOW (Conserving) | Epochs=2 | KD=logits | Mu=0.0, Alpha=0.5
[36mclient_010_1  |[0m [client_010] 🔋 LOW (Conserving) | Epochs=2 | KD=logits | Mu=0.0, Alpha=0.5
[36mclient_010_1  |[0m [client_010] 🔋 LOW (Conserving) | Epochs=2 | KD=logits | Mu=0.0, Alpha=0.5
[36mclient_010_1  |[0m [client_010] 🔋 LOW (Conserving) | Epochs=2 | KD=logits | Mu=0.0, Alpha=0.5
[36mclient_010_1  |[0m [client_010] 🔋 LOW (Conserving) | Epochs=2 | KD=logits | Mu=0.0, Alpha=0.5
[36mclient_010_1  |[0m [client_010] 🔋 LOW (Conserving) | Epochs=2 | KD=logits | Mu=0.0, Alpha=0.5
[36mclient_010_1  |[0m [client_010] 🔋 LOW (Conserving) | Epochs=2 | KD=logits | Mu=0.0, Alpha=0.5
[36mclient_010_1  |[0m [client_010] 🔋 LOW (Conserving) | Epochs=2 | KD=logits | Mu=0.0, Alpha=0.5
[36mclient_010_1  |[0m [client_010] 🔋 LOW (Conserving) | Epochs=2 | KD=logits | Mu=0.0, Alpha=0.5
[36mclient_010_1  |[0m [client_010] 🔋 LOW (Conserving) | Epochs=2 | KD=logits | Mu=0.0, Alpha=0.5
[36mclient_010_1  |[0m [client_010] 🔋 LOW (Conserving) | Epochs=2 | KD=logits | Mu=0.0, Alpha=0.5
[36mclient_010_1  |[0m [client_010] 🔋 LOW (Conserving) | Epochs=2 | KD=logits | Mu=0.0, Alpha=0.5
[36mclient_010_1  |[0m [client_010] 🔋 LOW (Conserving) | Epochs=2 | KD=logits | Mu=0.0, Alpha=0.5
[36mclient_010_1  |[0m [client_010] 🔋 LOW (Conserving) | Epochs=2 | KD=logits | Mu=0.0, Alpha=0.5
[36mclient_010_1  |[0m [client_010] 🔋 LOW (Conserving) | Epochs=2 | KD=logits | Mu=0.0, Alpha=0.5
[33;1mclient_006_1  |[0m 2026-01-20 19:04:57,021 - __main__ - INFO - Server finished training. Exiting.
[33;1mclient_006_1  |[0m [client_006] 🔋 LOW (Conserving) | Epochs=2 | KD=logits | Mu=0.0, Alpha=0.5
[33;1mclient_006_1  |[0m [client_006] 🔋 LOW (Conserving) | Epochs=2 | KD=logits | Mu=0.0, Alpha=0.5
[33;1mclient_006_1  |[0m [client_006] 🔋 LOW (Conserving) | Epochs=2 | KD=logits | Mu=0.0, Alpha=0.5
[33;1mclient_006_1  |[0m [client_006] 🔋 LOW (Conserving) | Epochs=2 | KD=logits | Mu=0.0, Alpha=0.5
[33;1mclient_006_1  |[0m [client_006] 🔋 LOW (Conserving) | Epochs=2 | KD=logits | Mu=0.0, Alpha=0.5
[33;1mclient_006_1  |[0m [client_006] 🔋 LOW (Conserving) | Epochs=2 | KD=logits | Mu=0.0, Alpha=0.5
[33;1mclient_006_1  |[0m [client_006] 🔋 LOW (Conserving) | Epochs=2 | KD=logits | Mu=0.0, Alpha=0.5
[33;1mclient_006_1  |[0m [client_006] 🔋 LOW (Conserving) | Epochs=2 | KD=logits | Mu=0.0, Alpha=0.5
[33;1mclient_006_1  |[0m [client_006] 🔋 LOW (Conserving) | Epochs=2 | KD=logits | Mu=0.0, Alpha=0.5
[33;1mclient_006_1  |[0m [client_006] 🔋 LOW (Conserving) | Epochs=2 | KD=logits | Mu=0.0, Alpha=0.5
[33;1mclient_006_1  |[0m [client_006] 🔋 LOW (Conserving) | Epochs=2 | KD=logits | Mu=0.0, Alpha=0.5
[33;1mclient_006_1  |[0m [client_006] 🔋 LOW (Conserving) | Epochs=2 | KD=logits | Mu=0.0, Alpha=0.5
[33;1mclient_006_1  |[0m [client_006] 🔋 LOW (Conserving) | Epochs=2 | KD=logits | Mu=0.0, Alpha=0.5
[33;1mclient_006_1  |[0m [client_006] 🔋 LOW (Conserving) | Epochs=2 | KD=logits | Mu=0.0, Alpha=0.5
[33;1mclient_006_1  |[0m [client_006] 🔋 LOW (Conserving) | Epochs=2 | KD=logits | Mu=0.0, Alpha=0.5
[33;1mclient_006_1  |[0m [client_006] 🔋 LOW (Conserving) | Epochs=2 | KD=logits | Mu=0.0, Alpha=0.5
[33;1mclient_006_1  |[0m [client_006] 🔋 LOW (Conserving) | Epochs=2 | KD=logits | Mu=0.0, Alpha=0.5
[33;1mclient_006_1  |[0m [client_006] 🔋 LOW (Conserving) | Epochs=2 | KD=logits | Mu=0.0, Alpha=0.5
[33;1mclient_006_1  |[0m [client_006] 🔋 LOW (Conserving) | Epochs=2 | KD=logits | Mu=0.0, Alpha=0.5
[33;1mclient_006_1  |[0m [client_006] 🔋 LOW (Conserving) | Epochs=2 | KD=logits | Mu=0.0, Alpha=0.5
[33;1mclient_006_1  |[0m [client_006] 🔋 LOW (Conserving) | Epochs=2 | KD=logits | Mu=0.0, Alpha=0.5
[33mclient_001_1  |[0m 2026-01-20 19:04:57,130 - __main__ - INFO - Server finished training. Exiting.
[33mclient_001_1  |[0m [client_001] ⚡ HIGH (Refining) | Epochs=5 | KD=logits | Mu=0.0, Alpha=0.5
[33mclient_001_1  |[0m [client_001] ⚡ HIGH (Refining) | Epochs=5 | KD=logits | Mu=0.0, Alpha=0.5
[33mclient_001_1  |[0m [client_001] ⚡ HIGH (Refining) | Epochs=5 | KD=logits | Mu=0.0, Alpha=0.5
[33mclient_001_1  |[0m [client_001] ⚡ HIGH (Refining) | Epochs=5 | KD=logits | Mu=0.0, Alpha=0.5
[33mclient_001_1  |[0m [client_001] ⚡ HIGH (Refining) | Epochs=5 | KD=logits | Mu=0.0, Alpha=0.5
[33mclient_001_1  |[0m [client_001] ⚡ HIGH (Refining) | Epochs=5 | KD=logits | Mu=0.0, Alpha=0.5
[33mclient_001_1  |[0m [client_001] ⚡ HIGH (Refining) | Epochs=5 | KD=logits | Mu=0.0, Alpha=0.5
[33mclient_001_1  |[0m [client_001] ⚡ HIGH (Refining) | Epochs=5 | KD=logits | Mu=0.0, Alpha=0.5
[33mclient_001_1  |[0m [client_001] ⚡ HIGH (Refining) | Epochs=5 | KD=logits | Mu=0.0, Alpha=0.5
[33mclient_001_1  |[0m [client_001] ⚡ HIGH (Refining) | Epochs=5 | KD=logits | Mu=0.0, Alpha=0.5
[33mclient_001_1  |[0m [client_001] ⚡ HIGH (Refining) | Epochs=5 | KD=logits | Mu=0.0, Alpha=0.5
[33mclient_001_1  |[0m [client_001] ⚡ HIGH (Refining) | Epochs=5 | KD=logits | Mu=0.0, Alpha=0.5
[33mclient_001_1  |[0m [client_001] ⚡ HIGH (Refining) | Epochs=5 | KD=logits | Mu=0.0, Alpha=0.5
[33mclient_001_1  |[0m [client_001] ⚡ HIGH (Refining) | Epochs=5 | KD=logits | Mu=0.0, Alpha=0.5
[33mclient_001_1  |[0m [client_001] ⚡ HIGH (Refining) | Epochs=5 | KD=logits | Mu=0.0, Alpha=0.5
[33mclient_001_1  |[0m [client_001] ⚡ HIGH (Refining) | Epochs=5 | KD=logits | Mu=0.0, Alpha=0.5
[33mclient_001_1  |[0m [client_001] ⚡ HIGH (Refining) | Epochs=5 | KD=logits | Mu=0.0, Alpha=0.5
[33mclient_001_1  |[0m [client_001] ⚡ HIGH (Refining) | Epochs=5 | KD=logits | Mu=0.0, Alpha=0.5
[33mclient_001_1  |[0m [client_001] ⚡ HIGH (Refining) | Epochs=5 | KD=logits | Mu=0.0, Alpha=0.5
[33mclient_001_1  |[0m [client_001] ⚡ HIGH (Refining) | Epochs=5 | KD=logits | Mu=0.0, Alpha=0.5
[35;1mclient_008_1  |[0m [client_008] 🔋 LOW (Conserving) | Epochs=2 | KD=logits | Mu=0.0, Alpha=0.5
[35;1mclient_008_1  |[0m [client_008] 🔋 LOW (Conserving) | Epochs=2 | KD=logits | Mu=0.0, Alpha=0.5
[35;1mclient_008_1  |[0m [client_008] 🔋 LOW (Conserving) | Epochs=2 | KD=logits | Mu=0.0, Alpha=0.5
[35;1mclient_008_1  |[0m [client_008] 🔋 LOW (Conserving) | Epochs=2 | KD=logits | Mu=0.0, Alpha=0.5
[35;1mclient_008_1  |[0m [client_008] 🔋 LOW (Conserving) | Epochs=2 | KD=logits | Mu=0.0, Alpha=0.5
[35;1mclient_008_1  |[0m [client_008] 🔋 LOW (Conserving) | Epochs=2 | KD=logits | Mu=0.0, Alpha=0.5
[35;1mclient_008_1  |[0m [client_008] 🔋 LOW (Conserving) | Epochs=2 | KD=logits | Mu=0.0, Alpha=0.5
[35;1mclient_008_1  |[0m [client_008] 🔋 LOW (Conserving) | Epochs=2 | KD=logits | Mu=0.0, Alpha=0.5
[35;1mclient_008_1  |[0m [client_008] 🔋 LOW (Conserving) | Epochs=2 | KD=logits | Mu=0.0, Alpha=0.5
[35;1mclient_008_1  |[0m [client_008] 🔋 LOW (Conserving) | Epochs=2 | KD=logits | Mu=0.0, Alpha=0.5
[35;1mclient_008_1  |[0m [client_008] 🔋 LOW (Conserving) | Epochs=2 | KD=logits | Mu=0.0, Alpha=0.5
[35;1mclient_008_1  |[0m [client_008] 🔋 LOW (Conserving) | Epochs=2 | KD=logits | Mu=0.0, Alpha=0.5
[35;1mclient_008_1  |[0m [client_008] 🔋 LOW (Conserving) | Epochs=2 | KD=logits | Mu=0.0, Alpha=0.5
[35;1mclient_008_1  |[0m [client_008] 🔋 LOW (Conserving) | Epochs=2 | KD=logits | Mu=0.0, Alpha=0.5
[35;1mclient_008_1  |[0m [client_008] 🔋 LOW (Conserving) | Epochs=2 | KD=logits | Mu=0.0, Alpha=0.5
[35;1mclient_008_1  |[0m [client_008] 🔋 LOW (Conserving) | Epochs=2 | KD=logits | Mu=0.0, Alpha=0.5
[35;1mclient_008_1  |[0m [client_008] 🔋 LOW (Conserving) | Epochs=2 | KD=logits | Mu=0.0, Alpha=0.5
[35;1mclient_008_1  |[0m [client_008] 🔋 LOW (Conserving) | Epochs=2 | KD=logits | Mu=0.0, Alpha=0.5
[35;1mclient_008_1  |[0m [client_008] 🔋 LOW (Conserving) | Epochs=2 | KD=logits | Mu=0.0, Alpha=0.5
[35;1mclient_008_1  |[0m [client_008] 🔋 LOW (Conserving) | Epochs=2 | KD=logits | Mu=0.0, Alpha=0.5
[35;1mclient_008_1  |[0m [client_008] 🔋 LOW (Conserving) | Epochs=2 | KD=logits | Mu=0.0, Alpha=0.5
[35;1mclient_008_1  |[0m [client_008] 🔋 LOW (Conserving) | Epochs=2 | KD=logits | Mu=0.0, Alpha=0.5
[35;1mclient_008_1  |[0m 2026-01-20 19:04:57,189 - __main__ - INFO - Server finished training. Exiting.
[36mfl-rest_client_010_1 exited with code 0
[0mStopping fl-rest_client_002_1 ... 
Stopping fl-rest_client_009_1 ... 
Stopping fl-rest_client_006_1 ... 
Stopping fl-rest_client_005_1 ... 
Stopping fl-rest_client_017_1 ... 
Stopping fl-rest_client_001_1 ... 
Stopping fl-rest_client_013_1 ... 
Stopping fl-rest_client_016_1 ... 
Stopping fl-rest_client_014_1 ... 
Stopping fl-rest_client_019_1 ... 
Stopping fl-rest_client_012_1 ... 
Stopping fl-rest_client_008_1 ... 
Stopping fl-rest_client_004_1 ... 
Stopping fl-rest_client_015_1 ... 
Stopping fl-rest_client_011_1 ... 
Stopping fl-rest_client_007_1 ... 
Stopping fl-rest_client_020_1 ... 
Stopping fl-rest_client_003_1 ... 
Stopping fl-rest_client_018_1 ... 
Stopping fl-rest_server_1     ... 
Stopping docker-tc            ... 
Stopping docker-tc            ... done
Stopping fl-rest_client_008_1 ... done
Stopping fl-rest_client_006_1 ... done
Stopping fl-rest_client_001_1 ... done
Stopping fl-rest_client_009_1 ... done
Stopping fl-rest_client_015_1 ... done
Stopping fl-rest_client_011_1 ... done
Stopping fl-rest_client_014_1 ... done
Stopping fl-rest_client_012_1 ... done
Stopping fl-rest_client_020_1 ... done
Stopping fl-rest_client_013_1 ... done
Stopping fl-rest_client_017_1 ... done
Stopping fl-rest_client_019_1 ... done
Stopping fl-rest_client_018_1 ... done
Stopping fl-rest_client_016_1 ... done
Stopping fl-rest_client_007_1 ... done
Stopping fl-rest_client_003_1 ... done
Stopping fl-rest_client_002_1 ... done
Stopping fl-rest_client_004_1 ... done
Stopping fl-rest_client_005_1 ... done
Stopping fl-rest_server_1     ... done
Aborting on container exit...
