using --exit-code-from implies --abort-on-container-exit
Creating fl-rest_server_1 ... 
Creating docker-tc        ... 
Creating docker-tc        ... done
Creating fl-rest_server_1 ... done
Creating fl-rest_client_011_1 ... 
Creating fl-rest_client_020_1 ... 
Creating fl-rest_client_014_1 ... 
Creating fl-rest_client_006_1 ... 
Creating fl-rest_client_004_1 ... 
Creating fl-rest_client_003_1 ... 
Creating fl-rest_client_009_1 ... 
Creating fl-rest_client_008_1 ... 
Creating fl-rest_client_016_1 ... 
Creating fl-rest_client_001_1 ... 
Creating fl-rest_client_018_1 ... 
Creating fl-rest_client_012_1 ... 
Creating fl-rest_client_005_1 ... 
Creating fl-rest_client_013_1 ... 
Creating fl-rest_client_019_1 ... 
Creating fl-rest_client_015_1 ... 
Creating fl-rest_client_002_1 ... 
Creating fl-rest_client_007_1 ... 
Creating fl-rest_client_010_1 ... 
Creating fl-rest_client_017_1 ... 
Creating fl-rest_client_011_1 ... done
Creating fl-rest_client_014_1 ... done
Creating fl-rest_client_020_1 ... done
Creating fl-rest_client_004_1 ... done
Creating fl-rest_client_016_1 ... done
Creating fl-rest_client_003_1 ... done
Creating fl-rest_client_006_1 ... done
Creating fl-rest_client_012_1 ... done
Creating fl-rest_client_018_1 ... done
Creating fl-rest_client_019_1 ... done
Creating fl-rest_client_013_1 ... done
Creating fl-rest_client_015_1 ... done
Creating fl-rest_client_017_1 ... done
Creating fl-rest_client_010_1 ... done
Creating fl-rest_client_008_1 ... done
Creating fl-rest_client_001_1 ... done
Creating fl-rest_client_007_1 ... done
Creating fl-rest_client_002_1 ... done
Creating fl-rest_client_009_1 ... done
Creating fl-rest_client_005_1 ... done
Attaching to docker-tc, fl-rest_server_1, fl-rest_client_011_1, fl-rest_client_014_1, fl-rest_client_020_1, fl-rest_client_004_1, fl-rest_client_016_1, fl-rest_client_003_1, fl-rest_client_006_1, fl-rest_client_012_1, fl-rest_client_018_1, fl-rest_client_019_1, fl-rest_client_013_1, fl-rest_client_015_1, fl-rest_client_017_1, fl-rest_client_010_1, fl-rest_client_008_1, fl-rest_client_001_1, fl-rest_client_007_1, fl-rest_client_002_1, fl-rest_client_009_1, fl-rest_client_005_1
[36mdocker-tc     |[0m [s6-init] making user provided files available at /var/run/s6/etc...exited 0.
[36mdocker-tc     |[0m [s6-init] ensuring user provided files have correct perms...exited 0.
[36mdocker-tc     |[0m [fix-attrs.d] applying ownership & permissions fixes...
[36mdocker-tc     |[0m [fix-attrs.d] done.
[36mdocker-tc     |[0m [cont-init.d] executing container initialization scripts...
[36mdocker-tc     |[0m [cont-init.d] 00-init: executing... 
[36mdocker-tc     |[0m [cont-init.d] 00-init: exited 0.
[36mdocker-tc     |[0m [cont-init.d] done.
[36mdocker-tc     |[0m [services.d] starting services
[36mdocker-tc     |[0m Starting HTTP server on 127.0.0.1:4080
[36mdocker-tc     |[0m + exec hapttic -file /docker-tc/bin/httpd.sh -logErrors -host 127.0.0.1 -port 4080
[36mdocker-tc     |[0m Starting garbage collector
[36mdocker-tc     |[0m [services.d] done.
[36mdocker-tc     |[0m 
[36mdocker-tc     |[0m  ____          _              _____         ___ ___ _        _____         _           _
[36mdocker-tc     |[0m |    \ ___ ___| |_ ___ ___   |_   _|___ ___|  _|  _|_|___   |     |___ ___| |_ ___ ___| |
[36mdocker-tc     |[0m |  |  | . |  _| '_| -_|  _|    | | |  _| .'|  _|  _| |  _|  |   --| . |   |  _|  _| . | |
[36mdocker-tc     |[0m |____/|___|___|_,_|___|_|      |_| |_| |__,|_| |_| |_|___|  |_____|___|_|_|_| |_| |___|_|
[36mdocker-tc     |[0m 
[36mdocker-tc     |[0m Starting Docker Traffic Control 18.12
[36mdocker-tc     |[0m https://github.com/lukaszlach/docker-tc
[36mdocker-tc     |[0m 
[36mdocker-tc     |[0m 2026/01/26 00:02:19 Thanks for using hapttic v1.0.0
[36mdocker-tc     |[0m 2026/01/26 00:02:19 Listening on 127.0.0.1:4080
[36mdocker-tc     |[0m 2026/01/26 00:02:19 Forwarding requests to /docker-tc/bin/httpd.sh
[36mdocker-tc     |[0m 2026/01/26 00:02:19 Logging errors to stderr
[36mdocker-tc     |[0m [2026-01-26T00:02:19+00:00] [f868765c35b7] Notice: Skipping container, service was disabled by label
[36mdocker-tc     |[0m [2026-01-26T00:02:19+00:00] [bd19146b9070] Notice: Skipping container, no valid labels found
[36mdocker-tc     |[0m [2026-01-26T00:02:19+00:00] [438bf01636a0] Notice: Skipping container, no valid labels found
[36mdocker-tc     |[0m [2026-01-26T00:02:19+00:00] [c314c85387cb] Notice: Skipping container, no valid labels found
[36mdocker-tc     |[0m Error response from daemon: Container 3e4b2842dc618e2afe83311ecd360e727849572adbdf41474062df0f06f43f7f is restarting, wait until the container is running
[36mdocker-tc     |[0m [2026-01-26T00:02:19+00:00] [3e4b2842dc61] Warning: Network has no corresponding virtual network interface
[36mdocker-tc     |[0m [2026-01-26T00:02:19+00:00] [8b8d0897940e] Notice: Skipping container, no valid labels found
[36mdocker-tc     |[0m [2026-01-26T00:02:19+00:00] [10018fef7429] Set delay=200ms, loss=1% on veth314a327
[36mdocker-tc     |[0m [2026-01-26T00:02:19+00:00] [10018fef7429] Set bandwidth-limit=5mbps on veth314a327
[36mdocker-tc     |[0m [2026-01-26T00:02:19+00:00] [10018fef7429] Controlling traffic of the container /fl-rest_client_011_1 on veth314a327
[33mserver_1      |[0m TensorFlow installation not found - running with reduced feature set.
[33mserver_1      |[0m 
[33mserver_1      |[0m NOTE: Using experimental fast data loading logic. To disable, pass
[33mserver_1      |[0m     "--load_fast=false" and report issues on GitHub. More details:
[33mserver_1      |[0m     https://github.com/tensorflow/tensorboard/issues/4784
[33mserver_1      |[0m 
[33mserver_1      |[0m TensorBoard 2.20.0 at http://0.0.0.0:6006/ (Press CTRL+C to quit)
[36mdocker-tc     |[0m [2026-01-26T00:02:20+00:00] [15ce058517b6] Set delay=200ms, loss=1% on vethfd3451e
[36mdocker-tc     |[0m [2026-01-26T00:02:20+00:00] [15ce058517b6] Set bandwidth-limit=5mbps on vethfd3451e
[36mdocker-tc     |[0m [2026-01-26T00:02:20+00:00] [15ce058517b6] Controlling traffic of the container /fl-rest_client_014_1 on vethfd3451e
[36mdocker-tc     |[0m [2026-01-26T00:02:20+00:00] [826ae31f698b] Set delay=200ms, loss=1% on veth120a9f8
[36mdocker-tc     |[0m [2026-01-26T00:02:20+00:00] [826ae31f698b] Set bandwidth-limit=5mbps on veth120a9f8
[36mdocker-tc     |[0m [2026-01-26T00:02:20+00:00] [826ae31f698b] Controlling traffic of the container /fl-rest_client_020_1 on veth120a9f8
[36mdocker-tc     |[0m [2026-01-26T00:02:20+00:00] [b5a7a6e241af] Set delay=20ms on veth63abab3
[36mdocker-tc     |[0m [2026-01-26T00:02:20+00:00] [b5a7a6e241af] Set bandwidth-limit=1gbit on veth63abab3
[36mdocker-tc     |[0m [2026-01-26T00:02:20+00:00] [b5a7a6e241af] Controlling traffic of the container /fl-rest_client_004_1 on veth63abab3
[33mserver_1      |[0m INFO:__main__:Writing TensorBoard logs to: fl_logs/tensorboard/Cenario_C_Hibrido_Mu0.01_Alpha0.5_0002
[33mserver_1      |[0m INFO:__main__:Loading CIFAR-10 test dataset...
[33mclient_011_1  |[0m 2026-01-26 00:02:21,062 - __main__ - INFO - --- Starting FL Client: client_011 ---
[36mclient_020_1  |[0m 2026-01-26 00:02:21,087 - __main__ - INFO - --- Starting FL Client: client_020 ---
[36mdocker-tc     |[0m [2026-01-26T00:02:21+00:00] [003a01f7e28a] Set delay=200ms, loss=1% on vethc88cef9
[36mdocker-tc     |[0m [2026-01-26T00:02:21+00:00] [003a01f7e28a] Set bandwidth-limit=5mbps on vethc88cef9
[36mdocker-tc     |[0m [2026-01-26T00:02:21+00:00] [003a01f7e28a] Controlling traffic of the container /fl-rest_client_016_1 on vethc88cef9
[33;1mclient_016_1  |[0m 2026-01-26 00:02:21,132 - __main__ - INFO - --- Starting FL Client: client_016 ---
[35mclient_003_1  |[0m 2026-01-26 00:02:21,152 - __main__ - INFO - --- Starting FL Client: client_003 ---
[35mclient_003_1  |[0m 2026-01-26 00:02:21,154 - __main__ - WARNING - Registration attempt 1 failed: HTTPConnectionPool(host='server', port=5000): Max retries exceeded with url: /register (Caused by NewConnectionError('<urllib3.connection.HTTPConnection object at 0x7c29a6cecdc0>: Failed to establish a new connection: [Errno 111] Connection refused'))
[32mclient_012_1  |[0m 2026-01-26 00:02:21,182 - __main__ - INFO - --- Starting FL Client: client_012 ---
[32mclient_012_1  |[0m 2026-01-26 00:02:21,184 - __main__ - WARNING - Registration attempt 1 failed: HTTPConnectionPool(host='server', port=5000): Max retries exceeded with url: /register (Caused by NewConnectionError('<urllib3.connection.HTTPConnection object at 0x7fa4c24ece20>: Failed to establish a new connection: [Errno 111] Connection refused'))
[35;1mclient_018_1  |[0m 2026-01-26 00:02:21,226 - __main__ - INFO - --- Starting FL Client: client_018 ---
[35;1mclient_018_1  |[0m 2026-01-26 00:02:21,228 - __main__ - WARNING - Registration attempt 1 failed: HTTPConnectionPool(host='server', port=5000): Max retries exceeded with url: /register (Caused by NewConnectionError('<urllib3.connection.HTTPConnection object at 0x7eb04f994e20>: Failed to establish a new connection: [Errno 111] Connection refused'))
[35;1mclient_008_1  |[0m 2026-01-26 00:02:21,243 - __main__ - INFO - --- Starting FL Client: client_008 ---
[35;1mclient_008_1  |[0m 2026-01-26 00:02:21,245 - __main__ - WARNING - Registration attempt 1 failed: HTTPConnectionPool(host='server', port=5000): Max retries exceeded with url: /register (Caused by NewConnectionError('<urllib3.connection.HTTPConnection object at 0x774e6fe7cdc0>: Failed to establish a new connection: [Errno 111] Connection refused'))
[34mclient_004_1  |[0m 2026-01-26 00:02:21,253 - __main__ - INFO - --- Starting FL Client: client_004 ---
[34mclient_004_1  |[0m 2026-01-26 00:02:21,295 - __main__ - WARNING - Registration attempt 1 failed: HTTPConnectionPool(host='server', port=5000): Max retries exceeded with url: /register (Caused by NewConnectionError('<urllib3.connection.HTTPConnection object at 0x7150bdb2cd90>: Failed to establish a new connection: [Errno 111] Connection refused'))
[33;1mclient_006_1  |[0m 2026-01-26 00:02:21,306 - __main__ - INFO - --- Starting FL Client: client_006 ---
[36mclient_010_1  |[0m 2026-01-26 00:02:21,309 - __main__ - INFO - --- Starting FL Client: client_010 ---
[33;1mclient_006_1  |[0m 2026-01-26 00:02:21,309 - __main__ - WARNING - Registration attempt 1 failed: HTTPConnectionPool(host='server', port=5000): Max retries exceeded with url: /register (Caused by NewConnectionError('<urllib3.connection.HTTPConnection object at 0x70861ed30dc0>: Failed to establish a new connection: [Errno 111] Connection refused'))
[36mclient_010_1  |[0m 2026-01-26 00:02:21,310 - __main__ - WARNING - Registration attempt 1 failed: HTTPConnectionPool(host='server', port=5000): Max retries exceeded with url: /register (Caused by NewConnectionError('<urllib3.connection.HTTPConnection object at 0x7f6f19aa8df0>: Failed to establish a new connection: [Errno 111] Connection refused'))
[36mdocker-tc     |[0m [2026-01-26T00:02:21+00:00] [eb9e652a78a4] Set delay=20ms on veth3728fac
[36mdocker-tc     |[0m [2026-01-26T00:02:21+00:00] [eb9e652a78a4] Set bandwidth-limit=1gbit on veth3728fac
[34mclient_014_1  |[0m 2026-01-26 00:02:21,341 - __main__ - INFO - --- Starting FL Client: client_014 ---
[35mclient_013_1  |[0m 2026-01-26 00:02:21,352 - __main__ - INFO - --- Starting FL Client: client_013 ---
[35mclient_013_1  |[0m 2026-01-26 00:02:21,354 - __main__ - WARNING - Registration attempt 1 failed: HTTPConnectionPool(host='server', port=5000): Max retries exceeded with url: /register (Caused by NewConnectionError('<urllib3.connection.HTTPConnection object at 0x756024d98e20>: Failed to establish a new connection: [Errno 111] Connection refused'))
[36mdocker-tc     |[0m [2026-01-26T00:02:21+00:00] [eb9e652a78a4] Controlling traffic of the container /fl-rest_client_003_1 on veth3728fac
[33mclient_001_1  |[0m 2026-01-26 00:02:21,393 - __main__ - INFO - --- Starting FL Client: client_001 ---
[33mclient_001_1  |[0m 2026-01-26 00:02:21,395 - __main__ - WARNING - Registration attempt 1 failed: HTTPConnectionPool(host='server', port=5000): Max retries exceeded with url: /register (Caused by NewConnectionError('<urllib3.connection.HTTPConnection object at 0x792dcfa84d90>: Failed to establish a new connection: [Errno 111] Connection refused'))
[32mclient_002_1  |[0m 2026-01-26 00:02:21,448 - __main__ - INFO - --- Starting FL Client: client_002 ---
[34;1mclient_019_1  |[0m 2026-01-26 00:02:21,449 - __main__ - INFO - --- Starting FL Client: client_019 ---
[32mclient_002_1  |[0m 2026-01-26 00:02:21,450 - __main__ - WARNING - Registration attempt 1 failed: HTTPConnectionPool(host='server', port=5000): Max retries exceeded with url: /register (Caused by NewConnectionError('<urllib3.connection.HTTPConnection object at 0x7886a5f84df0>: Failed to establish a new connection: [Errno 111] Connection refused'))
[34;1mclient_019_1  |[0m 2026-01-26 00:02:21,451 - __main__ - WARNING - Registration attempt 1 failed: HTTPConnectionPool(host='server', port=5000): Max retries exceeded with url: /register (Caused by NewConnectionError('<urllib3.connection.HTTPConnection object at 0x7cea19b9ce20>: Failed to establish a new connection: [Errno 111] Connection refused'))
[33mserver_1      |[0m INFO:__main__:Test dataset loaded.
[33mserver_1      |[0m INFO:__main__:Initial model for round 0 created.
[33mserver_1      |[0m Files already downloaded and verified
[33mserver_1      |[0m  * Serving Flask app 'app'
[33mserver_1      |[0m  * Debug mode: off
[33mserver_1      |[0m INFO:werkzeug:[31m[1mWARNING: This is a development server. Do not use it in a production deployment. Use a production WSGI server instead.[0m
[33mserver_1      |[0m  * Running on all addresses (0.0.0.0)
[33mserver_1      |[0m  * Running on http://127.0.0.1:5000
[33mserver_1      |[0m  * Running on http://172.18.0.2:5000
[33mserver_1      |[0m INFO:werkzeug:[33mPress CTRL+C to quit[0m
[33mclient_011_1  |[0m 2026-01-26 00:02:21,465 - __main__ - WARNING - Registration attempt 1 failed: HTTPConnectionPool(host='server', port=5000): Max retries exceeded with url: /register (Caused by NewConnectionError('<urllib3.connection.HTTPConnection object at 0x776bd02a7e20>: Failed to establish a new connection: [Errno 111] Connection refused'))
[32;1mclient_007_1  |[0m 2026-01-26 00:02:21,482 - __main__ - INFO - --- Starting FL Client: client_007 ---
[33mserver_1      |[0m INFO:__main__:Client client_007 registered.
[33mserver_1      |[0m INFO:__main__:--- Starting Round 0. Timeout: 300s ---
[32;1mclient_007_1  |[0m 2026-01-26 00:02:21,485 - __main__ - INFO - ✅ Registered with server successfully.
[36mclient_020_1  |[0m 2026-01-26 00:02:21,489 - __main__ - WARNING - Registration attempt 1 failed: HTTPConnectionPool(host='server', port=5000): Max retries exceeded with url: /register (Caused by NewConnectionError('<urllib3.connection.HTTPConnection object at 0x7cf7e3bb0e20>: Failed to establish a new connection: [Errno 111] Connection refused'))
[36;1mclient_005_1  |[0m 2026-01-26 00:02:21,497 - __main__ - INFO - --- Starting FL Client: client_005 ---
[33mserver_1      |[0m INFO:__main__:Client client_005 registered.
[36;1mclient_005_1  |[0m 2026-01-26 00:02:21,500 - __main__ - INFO - ✅ Registered with server successfully.
[33;1mclient_016_1  |[0m 2026-01-26 00:02:21,535 - __main__ - WARNING - Registration attempt 1 failed: HTTPConnectionPool(host='server', port=5000): Max retries exceeded with url: /register (Caused by NewConnectionError('<urllib3.connection.HTTPConnection object at 0x706975ab4dc0>: Failed to establish a new connection: [Errno 111] Connection refused'))
[32;1mclient_017_1  |[0m 2026-01-26 00:02:21,540 - __main__ - INFO - --- Starting FL Client: client_017 ---
[33mserver_1      |[0m INFO:__main__:Client client_017 registered.
[32;1mclient_017_1  |[0m 2026-01-26 00:02:21,543 - __main__ - INFO - ✅ Registered with server successfully.
[36mdocker-tc     |[0m [2026-01-26T00:02:21+00:00] [909e3d21d590] Set delay=20ms on veth006bdd9
[36mdocker-tc     |[0m [2026-01-26T00:02:21+00:00] [909e3d21d590] Set bandwidth-limit=1gbit on veth006bdd9
[36;1mclient_015_1  |[0m 2026-01-26 00:02:21,565 - __main__ - INFO - --- Starting FL Client: client_015 ---
[34;1mclient_009_1  |[0m 2026-01-26 00:02:21,566 - __main__ - INFO - --- Starting FL Client: client_009 ---
[33mserver_1      |[0m INFO:__main__:Client client_015 registered.
[36;1mclient_015_1  |[0m 2026-01-26 00:02:21,568 - __main__ - INFO - ✅ Registered with server successfully.
[33mserver_1      |[0m INFO:__main__:Client client_009 registered.
[34;1mclient_009_1  |[0m 2026-01-26 00:02:21,569 - __main__ - INFO - ✅ Registered with server successfully.
[36mdocker-tc     |[0m [2026-01-26T00:02:21+00:00] [909e3d21d590] Controlling traffic of the container /fl-rest_client_006_1 on veth006bdd9
[36mdocker-tc     |[0m [2026-01-26T00:02:21+00:00] [045acfccb6bc] Set delay=200ms, loss=1% on veth07dd8fd
[36mdocker-tc     |[0m [2026-01-26T00:02:21+00:00] [045acfccb6bc] Set bandwidth-limit=5mbps on veth07dd8fd
[33mserver_1      |[0m INFO:__main__:Client client_014 registered.
[36mdocker-tc     |[0m [2026-01-26T00:02:21+00:00] [045acfccb6bc] Controlling traffic of the container /fl-rest_client_012_1 on veth07dd8fd
[32;1mclient_007_1  |[0m 2026-01-26 00:02:21,795 - __main__ - INFO - --- New Round Detected: 0 ---
[33mserver_1      |[0m INFO:werkzeug:172.18.0.20 - - [26/Jan/2026 00:02:21] "GET /download_model?round=0 HTTP/1.1" 200 -
[36;1mclient_005_1  |[0m 2026-01-26 00:02:21,813 - __main__ - INFO - --- New Round Detected: 0 ---
[33mserver_1      |[0m INFO:werkzeug:172.18.0.21 - - [26/Jan/2026 00:02:21] "GET /download_model?round=0 HTTP/1.1" 200 -
[32;1mclient_017_1  |[0m 2026-01-26 00:02:21,948 - __main__ - INFO - --- New Round Detected: 0 ---
[36;1mclient_015_1  |[0m 2026-01-26 00:02:21,949 - __main__ - INFO - --- New Round Detected: 0 ---
[33mserver_1      |[0m INFO:werkzeug:172.18.0.15 - - [26/Jan/2026 00:02:21] "GET /download_model?round=0 HTTP/1.1" 200 -
[33mserver_1      |[0m INFO:werkzeug:172.18.0.14 - - [26/Jan/2026 00:02:21] "GET /download_model?round=0 HTTP/1.1" 200 -
[34mclient_014_1  |[0m 2026-01-26 00:02:21,954 - __main__ - INFO - ✅ Registered with server successfully.
[34;1mclient_009_1  |[0m 2026-01-26 00:02:21,954 - __main__ - INFO - --- New Round Detected: 0 ---
[33mserver_1      |[0m INFO:werkzeug:172.18.0.19 - - [26/Jan/2026 00:02:21] "GET /download_model?round=0 HTTP/1.1" 200 -
[36mdocker-tc     |[0m [2026-01-26T00:02:22+00:00] [8160cc19b05e] Set delay=200ms, loss=1% on vethcbd7e56
[36mdocker-tc     |[0m [2026-01-26T00:02:22+00:00] [8160cc19b05e] Set bandwidth-limit=5mbps on vethcbd7e56
[36mdocker-tc     |[0m [2026-01-26T00:02:22+00:00] [8160cc19b05e] Controlling traffic of the container /fl-rest_client_018_1 on vethcbd7e56
[36mdocker-tc     |[0m [2026-01-26T00:02:22+00:00] [a6c1d67dba19] Set delay=200ms, loss=1% on vethced118b
[36mdocker-tc     |[0m [2026-01-26T00:02:22+00:00] [a6c1d67dba19] Set bandwidth-limit=5mbps on vethced118b
[36mdocker-tc     |[0m [2026-01-26T00:02:22+00:00] [a6c1d67dba19] Controlling traffic of the container /fl-rest_client_019_1 on vethced118b
[36mdocker-tc     |[0m [2026-01-26T00:02:22+00:00] [2bcf8763aaef] Set delay=200ms, loss=1% on vethb4550cf
[36mdocker-tc     |[0m [2026-01-26T00:02:22+00:00] [2bcf8763aaef] Set bandwidth-limit=5mbps on vethb4550cf
[36mdocker-tc     |[0m [2026-01-26T00:02:22+00:00] [2bcf8763aaef] Controlling traffic of the container /fl-rest_client_013_1 on vethb4550cf
[32;1mclient_007_1  |[0m 2026-01-26 00:02:22,673 - __main__ - INFO - Round 0 finished. Loss: 1.4985, Acc: 58.06%
[33mserver_1      |[0m INFO:__main__:Received update from client_007
[33mserver_1      |[0m INFO:werkzeug:172.18.0.20 - - [26/Jan/2026 00:02:22] "POST /submit_update HTTP/1.1" 200 -
[32;1mclient_007_1  |[0m 2026-01-26 00:02:22,679 - __main__ - INFO - 🚀 Model update submitted successfully.
[32;1mclient_007_1  |[0m 2026-01-26 00:02:22,679 - __main__ - INFO - Update submitted for Round 0. Waiting...
[34mclient_014_1  |[0m 2026-01-26 00:02:22,716 - __main__ - INFO - --- New Round Detected: 0 ---
[36mdocker-tc     |[0m [2026-01-26T00:02:22+00:00] [26b976acbb1c] Set delay=200ms, loss=1% on veth0137d65
[36mdocker-tc     |[0m [2026-01-26T00:02:22+00:00] [26b976acbb1c] Set bandwidth-limit=5mbps on veth0137d65
[36mdocker-tc     |[0m [2026-01-26T00:02:22+00:00] [26b976acbb1c] Controlling traffic of the container /fl-rest_client_015_1 on veth0137d65
[33mserver_1      |[0m INFO:werkzeug:172.18.0.4 - - [26/Jan/2026 00:02:22] "GET /download_model?round=0 HTTP/1.1" 200 -
[36mdocker-tc     |[0m [2026-01-26T00:02:23+00:00] [2a7d46b0368f] Set delay=200ms, loss=1% on veth4f764be
[36mdocker-tc     |[0m [2026-01-26T00:02:23+00:00] [2a7d46b0368f] Set bandwidth-limit=5mbps on veth4f764be
[36mdocker-tc     |[0m [2026-01-26T00:02:23+00:00] [2a7d46b0368f] Controlling traffic of the container /fl-rest_client_017_1 on veth4f764be
[36mdocker-tc     |[0m [2026-01-26T00:02:23+00:00] [6a3e99e01bbd] Set delay=20ms on veth006841c
[36mdocker-tc     |[0m [2026-01-26T00:02:23+00:00] [6a3e99e01bbd] Set bandwidth-limit=1gbit on veth006841c
[36mdocker-tc     |[0m [2026-01-26T00:02:23+00:00] [6a3e99e01bbd] Controlling traffic of the container /fl-rest_client_010_1 on veth006841c
[36;1mclient_005_1  |[0m 2026-01-26 00:02:23,426 - __main__ - INFO - Round 0 finished. Loss: 0.4047, Acc: 89.06%
[33mserver_1      |[0m INFO:__main__:Received update from client_005
[33mserver_1      |[0m INFO:werkzeug:172.18.0.21 - - [26/Jan/2026 00:02:23] "POST /submit_update HTTP/1.1" 200 -
[36;1mclient_005_1  |[0m 2026-01-26 00:02:23,432 - __main__ - INFO - 🚀 Model update submitted successfully.
[36;1mclient_005_1  |[0m 2026-01-26 00:02:23,432 - __main__ - INFO - Update submitted for Round 0. Waiting...
[36mdocker-tc     |[0m [2026-01-26T00:02:23+00:00] [e2b6d6dbc224] Set delay=20ms on veth525ec01
[36mdocker-tc     |[0m [2026-01-26T00:02:23+00:00] [e2b6d6dbc224] Set bandwidth-limit=1gbit on veth525ec01
[36mdocker-tc     |[0m [2026-01-26T00:02:23+00:00] [e2b6d6dbc224] Controlling traffic of the container /fl-rest_client_008_1 on veth525ec01
[36mdocker-tc     |[0m [2026-01-26T00:02:23+00:00] [32c1bfb12563] Set delay=20ms on veth5c5b04e
[36mdocker-tc     |[0m [2026-01-26T00:02:23+00:00] [32c1bfb12563] Set bandwidth-limit=1gbit on veth5c5b04e
[36mdocker-tc     |[0m [2026-01-26T00:02:23+00:00] [32c1bfb12563] Controlling traffic of the container /fl-rest_client_001_1 on veth5c5b04e
[34;1mclient_009_1  |[0m 2026-01-26 00:02:23,939 - __main__ - INFO - Round 0 finished. Loss: 1.1312, Acc: 58.79%
[33mserver_1      |[0m INFO:__main__:Received update from client_009
[33mserver_1      |[0m INFO:werkzeug:172.18.0.19 - - [26/Jan/2026 00:02:23] "POST /submit_update HTTP/1.1" 200 -
[34;1mclient_009_1  |[0m 2026-01-26 00:02:23,943 - __main__ - INFO - 🚀 Model update submitted successfully.
[34;1mclient_009_1  |[0m 2026-01-26 00:02:23,943 - __main__ - INFO - Update submitted for Round 0. Waiting...
[36mdocker-tc     |[0m [2026-01-26T00:02:24+00:00] [3c69e382d7a4] Set delay=20ms on vetha67affd
[36mdocker-tc     |[0m [2026-01-26T00:02:24+00:00] [3c69e382d7a4] Set bandwidth-limit=1gbit on vetha67affd
[36mdocker-tc     |[0m [2026-01-26T00:02:24+00:00] [3c69e382d7a4] Controlling traffic of the container /fl-rest_client_007_1 on vetha67affd
[33mserver_1      |[0m INFO:__main__:Client client_003 registered.
[35mclient_003_1  |[0m 2026-01-26 00:02:24,209 - __main__ - INFO - ✅ Registered with server successfully.
[36mdocker-tc     |[0m [2026-01-26T00:02:24+00:00] [8ac5545361c4] Set delay=20ms on veth1275d19
[36mdocker-tc     |[0m [2026-01-26T00:02:24+00:00] [8ac5545361c4] Set bandwidth-limit=1gbit on veth1275d19
[33mserver_1      |[0m INFO:__main__:Client client_008 registered.
[36mdocker-tc     |[0m [2026-01-26T00:02:24+00:00] [8ac5545361c4] Controlling traffic of the container /fl-rest_client_009_1 on veth1275d19
[35;1mclient_008_1  |[0m 2026-01-26 00:02:24,303 - __main__ - INFO - ✅ Registered with server successfully.
[33mserver_1      |[0m INFO:__main__:Client client_004 registered.
[33mserver_1      |[0m INFO:__main__:Client client_006 registered.
[33mserver_1      |[0m INFO:__main__:Client client_010 registered.
[34mclient_004_1  |[0m 2026-01-26 00:02:24,351 - __main__ - INFO - ✅ Registered with server successfully.
[33;1mclient_006_1  |[0m 2026-01-26 00:02:24,368 - __main__ - INFO - ✅ Registered with server successfully.
[36mclient_010_1  |[0m 2026-01-26 00:02:24,370 - __main__ - INFO - ✅ Registered with server successfully.
[33mserver_1      |[0m INFO:__main__:Client client_012 registered.
[33mserver_1      |[0m INFO:__main__:Client client_001 registered.
[33mserver_1      |[0m INFO:__main__:Client client_018 registered.
[33mserver_1      |[0m INFO:__main__:Client client_002 registered.
[33mclient_001_1  |[0m 2026-01-26 00:02:24,456 - __main__ - INFO - ✅ Registered with server successfully.
[32mclient_002_1  |[0m 2026-01-26 00:02:24,459 - __main__ - INFO - ✅ Registered with server successfully.
[36mdocker-tc     |[0m [2026-01-26T00:02:24+00:00] [af5bc54dd7b2] Set delay=20ms on veth47a17e1
[36mdocker-tc     |[0m [2026-01-26T00:02:24+00:00] [af5bc54dd7b2] Set bandwidth-limit=1gbit on veth47a17e1
[33mserver_1      |[0m INFO:__main__:Client client_013 registered.
[36mdocker-tc     |[0m [2026-01-26T00:02:24+00:00] [af5bc54dd7b2] Controlling traffic of the container /fl-rest_client_002_1 on veth47a17e1
[32mclient_012_1  |[0m 2026-01-26 00:02:24,606 - __main__ - INFO - ✅ Registered with server successfully.
[35mclient_003_1  |[0m 2026-01-26 00:02:24,614 - __main__ - INFO - --- New Round Detected: 0 ---
[33mserver_1      |[0m INFO:werkzeug:172.18.0.8 - - [26/Jan/2026 00:02:24] "GET /download_model?round=0 HTTP/1.1" 200 -
[35;1mclient_018_1  |[0m 2026-01-26 00:02:24,643 - __main__ - INFO - ✅ Registered with server successfully.
[33mserver_1      |[0m INFO:__main__:Client client_019 registered.
[33mserver_1      |[0m INFO:__main__:Client client_011 registered.
[33mserver_1      |[0m INFO:__main__:Client client_020 registered.
[33mserver_1      |[0m INFO:__main__:Client client_016 registered.
[35mclient_013_1  |[0m 2026-01-26 00:02:24,770 - __main__ - INFO - ✅ Registered with server successfully.
[35;1mclient_008_1  |[0m 2026-01-26 00:02:24,852 - __main__ - INFO - --- New Round Detected: 0 ---
[36mdocker-tc     |[0m [2026-01-26T00:02:24+00:00] [733c4cbac142] Set delay=20ms on veth94017a5
[36mdocker-tc     |[0m [2026-01-26T00:02:24+00:00] [733c4cbac142] Set bandwidth-limit=1gbit on veth94017a5
[34;1mclient_019_1  |[0m 2026-01-26 00:02:24,881 - __main__ - INFO - ✅ Registered with server successfully.
[33mclient_011_1  |[0m 2026-01-26 00:02:24,882 - __main__ - INFO - ✅ Registered with server successfully.
[33mserver_1      |[0m INFO:werkzeug:172.18.0.17 - - [26/Jan/2026 00:02:24] "GET /download_model?round=0 HTTP/1.1" 200 -
[33;1mclient_006_1  |[0m 2026-01-26 00:02:24,887 - __main__ - INFO - --- New Round Detected: 0 ---
[36mclient_020_1  |[0m 2026-01-26 00:02:24,906 - __main__ - INFO - ✅ Registered with server successfully.
[33mserver_1      |[0m INFO:werkzeug:172.18.0.9 - - [26/Jan/2026 00:02:24] "GET /download_model?round=0 HTTP/1.1" 200 -
[36mdocker-tc     |[0m [2026-01-26T00:02:24+00:00] [733c4cbac142] Controlling traffic of the container /fl-rest_client_005_1 on veth94017a5
[33;1mclient_016_1  |[0m 2026-01-26 00:02:24,975 - __main__ - INFO - ✅ Registered with server successfully.
[32mclient_002_1  |[0m 2026-01-26 00:02:24,983 - __main__ - INFO - --- New Round Detected: 0 ---
[34mclient_004_1  |[0m 2026-01-26 00:02:24,986 - __main__ - INFO - --- New Round Detected: 0 ---
[36mclient_010_1  |[0m 2026-01-26 00:02:24,997 - __main__ - INFO - --- New Round Detected: 0 ---
[33mserver_1      |[0m INFO:werkzeug:172.18.0.22 - - [26/Jan/2026 00:02:25] "GET /download_model?round=0 HTTP/1.1" 200 -
[33mserver_1      |[0m INFO:werkzeug:172.18.0.6 - - [26/Jan/2026 00:02:25] "GET /download_model?round=0 HTTP/1.1" 200 -
[33mserver_1      |[0m INFO:werkzeug:172.18.0.16 - - [26/Jan/2026 00:02:25] "GET /download_model?round=0 HTTP/1.1" 200 -
[33mclient_001_1  |[0m 2026-01-26 00:02:25,069 - __main__ - INFO - --- New Round Detected: 0 ---
[33mserver_1      |[0m INFO:werkzeug:172.18.0.18 - - [26/Jan/2026 00:02:25] "GET /download_model?round=0 HTTP/1.1" 200 -
[35;1mclient_018_1  |[0m 2026-01-26 00:02:25,429 - __main__ - INFO - --- New Round Detected: 0 ---
[32mclient_012_1  |[0m 2026-01-26 00:02:25,552 - __main__ - INFO - --- New Round Detected: 0 ---
[33mserver_1      |[0m INFO:werkzeug:172.18.0.11 - - [26/Jan/2026 00:02:25] "GET /download_model?round=0 HTTP/1.1" 200 -
[35mclient_013_1  |[0m 2026-01-26 00:02:25,637 - __main__ - INFO - --- New Round Detected: 0 ---
[33mclient_011_1  |[0m 2026-01-26 00:02:25,676 - __main__ - INFO - --- New Round Detected: 0 ---
[36mclient_020_1  |[0m 2026-01-26 00:02:25,695 - __main__ - INFO - --- New Round Detected: 0 ---
[33mserver_1      |[0m INFO:werkzeug:172.18.0.10 - - [26/Jan/2026 00:02:25] "GET /download_model?round=0 HTTP/1.1" 200 -
[34;1mclient_019_1  |[0m 2026-01-26 00:02:25,779 - __main__ - INFO - --- New Round Detected: 0 ---
[33mserver_1      |[0m INFO:werkzeug:172.18.0.13 - - [26/Jan/2026 00:02:25] "GET /download_model?round=0 HTTP/1.1" 200 -
[33;1mclient_006_1  |[0m 2026-01-26 00:02:25,976 - __main__ - INFO - Round 0 finished. Loss: 2.3079, Acc: 28.57%
[33mserver_1      |[0m INFO:werkzeug:172.18.0.12 - - [26/Jan/2026 00:02:25] "GET /download_model?round=0 HTTP/1.1" 200 -
[33;1mclient_016_1  |[0m 2026-01-26 00:02:26,050 - __main__ - INFO - --- New Round Detected: 0 ---
[33mserver_1      |[0m INFO:__main__:Received update from client_006
[33mserver_1      |[0m INFO:werkzeug:172.18.0.9 - - [26/Jan/2026 00:02:26] "POST /submit_update HTTP/1.1" 200 -
[33;1mclient_006_1  |[0m 2026-01-26 00:02:26,114 - __main__ - INFO - 🚀 Model update submitted successfully.
[33;1mclient_006_1  |[0m 2026-01-26 00:02:26,114 - __main__ - INFO - Update submitted for Round 0. Waiting...
[33mserver_1      |[0m INFO:werkzeug:172.18.0.7 - - [26/Jan/2026 00:02:26] "GET /download_model?round=0 HTTP/1.1" 200 -
[36mclient_010_1  |[0m 2026-01-26 00:02:26,585 - __main__ - INFO - Round 0 finished. Loss: 0.2383, Acc: 97.91%
[33mserver_1      |[0m INFO:__main__:Received update from client_010
[33mserver_1      |[0m INFO:__main__:--- Aggregating 5 updates ---
[33mserver_1      |[0m INFO:__main__:⚡ Using Custom Aggregator with Drift Metric...
[33mserver_1      |[0m INFO:server.aggregator:Starting FedAvg aggregation for 5 clients.
[33mclient_001_1  |[0m 2026-01-26 00:02:26,697 - __main__ - INFO - Round 0 finished. Loss: 0.1920, Acc: 96.12%
[33mserver_1      |[0m INFO:werkzeug:172.18.0.18 - - [26/Jan/2026 00:02:26] "[31m[1mPOST /submit_update HTTP/1.1[0m" 400 -
[33mclient_001_1  |[0m 2026-01-26 00:02:26,767 - __main__ - ERROR - Update submission failed: {"error":"Not accepting updates"}
[33mclient_001_1  |[0m 
[33mclient_001_1  |[0m 2026-01-26 00:02:26,768 - __main__ - INFO - Update submitted for Round 0. Waiting...
[33mserver_1      |[0m INFO:werkzeug:172.18.0.3 - - [26/Jan/2026 00:02:26] "GET /download_model?round=0 HTTP/1.1" 200 -
[33mserver_1      |[0m INFO:werkzeug:172.18.0.5 - - [26/Jan/2026 00:02:26] "GET /download_model?round=0 HTTP/1.1" 200 -
[32mclient_002_1  |[0m 2026-01-26 00:02:27,182 - __main__ - INFO - Round 0 finished. Loss: 0.4997, Acc: 83.70%
[33mserver_1      |[0m INFO:werkzeug:172.18.0.22 - - [26/Jan/2026 00:02:27] "[31m[1mPOST /submit_update HTTP/1.1[0m" 400 -
[32mclient_002_1  |[0m 2026-01-26 00:02:27,246 - __main__ - ERROR - Update submission failed: {"error":"Not accepting updates"}
[32mclient_002_1  |[0m 
[32mclient_002_1  |[0m 2026-01-26 00:02:27,247 - __main__ - INFO - Update submitted for Round 0. Waiting...
[35;1mclient_008_1  |[0m 2026-01-26 00:02:27,274 - __main__ - INFO - Round 0 finished. Loss: 0.1414, Acc: 97.93%
[33mserver_1      |[0m INFO:werkzeug:172.18.0.17 - - [26/Jan/2026 00:02:27] "[31m[1mPOST /submit_update HTTP/1.1[0m" 400 -
[35;1mclient_008_1  |[0m 2026-01-26 00:02:27,341 - __main__ - ERROR - Update submission failed: {"error":"Not accepting updates"}
[35;1mclient_008_1  |[0m 
[35;1mclient_008_1  |[0m 2026-01-26 00:02:27,341 - __main__ - INFO - Update submitted for Round 0. Waiting...
[33mserver_1      |[0m INFO:server.aggregator:--- [METRIC] Weight Divergence: 1.8454
[33mserver_1      |[0m INFO:server.aggregator:FedAvg aggregation complete.
[33mserver_1      |[0m INFO:__main__:Aggregation complete.
[33mserver_1      |[0m DEBUG: ⚠️ MY CUSTOM AGGREGATOR IS RUNNING ⚠️
[33mserver_1      |[0m INFO:__main__:--- Round 0 Acc: 10.10%, Loss: 2.4296 ---
[33mserver_1      |[0m INFO:__main__:--- Starting Round 1. Timeout: 300s ---
[33mserver_1      |[0m INFO:werkzeug:172.18.0.16 - - [26/Jan/2026 00:02:29] "POST /submit_update HTTP/1.1" 200 -
[36mclient_010_1  |[0m 2026-01-26 00:02:29,226 - __main__ - INFO - 🚀 Model update submitted successfully.
[36mclient_010_1  |[0m 2026-01-26 00:02:29,226 - __main__ - INFO - Update submitted for Round 0. Waiting...
[34mclient_004_1  |[0m 2026-01-26 00:02:29,394 - __main__ - INFO - Round 0 finished. Loss: 0.9403, Acc: 64.35%
[33mserver_1      |[0m INFO:__main__:Received update from client_004
[33mserver_1      |[0m INFO:werkzeug:172.18.0.6 - - [26/Jan/2026 00:02:29] "POST /submit_update HTTP/1.1" 200 -
[34mclient_004_1  |[0m 2026-01-26 00:02:29,529 - __main__ - INFO - 🚀 Model update submitted successfully.
[34mclient_004_1  |[0m 2026-01-26 00:02:29,529 - __main__ - INFO - Update submitted for Round 0. Waiting...
[35mclient_003_1  |[0m 2026-01-26 00:02:30,761 - __main__ - INFO - Round 0 finished. Loss: 0.9697, Acc: 69.36%
[33mserver_1      |[0m INFO:__main__:Received update from client_003
[33mserver_1      |[0m INFO:werkzeug:172.18.0.8 - - [26/Jan/2026 00:02:30] "POST /submit_update HTTP/1.1" 200 -
[35mclient_003_1  |[0m 2026-01-26 00:02:30,897 - __main__ - INFO - 🚀 Model update submitted successfully.
[35mclient_003_1  |[0m 2026-01-26 00:02:30,897 - __main__ - INFO - Update submitted for Round 0. Waiting...
[32;1mclient_007_1  |[0m 2026-01-26 00:02:32,741 - __main__ - INFO - --- New Round Detected: 1 ---
[33mserver_1      |[0m INFO:werkzeug:172.18.0.20 - - [26/Jan/2026 00:02:32] "GET /download_model?round=1 HTTP/1.1" 200 -
[32;1mclient_007_1  |[0m 2026-01-26 00:02:33,096 - __main__ - INFO - Round 1 finished. Loss: 1.1078, Acc: 52.75%
[33mserver_1      |[0m INFO:__main__:Received update from client_007
[33mserver_1      |[0m INFO:werkzeug:172.18.0.20 - - [26/Jan/2026 00:02:33] "POST /submit_update HTTP/1.1" 200 -
[32;1mclient_007_1  |[0m 2026-01-26 00:02:33,234 - __main__ - INFO - 🚀 Model update submitted successfully.
[32;1mclient_007_1  |[0m 2026-01-26 00:02:33,234 - __main__ - INFO - Update submitted for Round 1. Waiting...
[36;1mclient_005_1  |[0m 2026-01-26 00:02:33,493 - __main__ - INFO - --- New Round Detected: 1 ---
[33mserver_1      |[0m INFO:werkzeug:172.18.0.21 - - [26/Jan/2026 00:02:33] "GET /download_model?round=1 HTTP/1.1" 200 -
[34;1mclient_009_1  |[0m 2026-01-26 00:02:34,007 - __main__ - INFO - --- New Round Detected: 1 ---
[33mserver_1      |[0m INFO:werkzeug:172.18.0.19 - - [26/Jan/2026 00:02:34] "GET /download_model?round=1 HTTP/1.1" 200 -
[36;1mclient_005_1  |[0m 2026-01-26 00:02:34,430 - __main__ - INFO - Round 1 finished. Loss: 0.3668, Acc: 89.06%
[33mserver_1      |[0m INFO:__main__:Received update from client_005
[33mserver_1      |[0m INFO:werkzeug:172.18.0.21 - - [26/Jan/2026 00:02:34] "POST /submit_update HTTP/1.1" 200 -
[36;1mclient_005_1  |[0m 2026-01-26 00:02:34,565 - __main__ - INFO - 🚀 Model update submitted successfully.
[36;1mclient_005_1  |[0m 2026-01-26 00:02:34,565 - __main__ - INFO - Update submitted for Round 1. Waiting...
[34;1mclient_009_1  |[0m 2026-01-26 00:02:35,198 - __main__ - INFO - Round 1 finished. Loss: 0.9995, Acc: 62.67%
[33mserver_1      |[0m INFO:__main__:Received update from client_009
[33mserver_1      |[0m INFO:__main__:--- Aggregating 5 updates ---
[33mserver_1      |[0m INFO:__main__:⚡ Using Custom Aggregator with Drift Metric...
[33mserver_1      |[0m INFO:server.aggregator:Starting FedAvg aggregation for 5 clients.
[33;1mclient_006_1  |[0m 2026-01-26 00:02:36,180 - __main__ - INFO - --- New Round Detected: 1 ---
[33mserver_1      |[0m INFO:werkzeug:172.18.0.9 - - [26/Jan/2026 00:02:36] "GET /download_model?round=1 HTTP/1.1" 200 -
[33;1mclient_006_1  |[0m 2026-01-26 00:02:36,325 - __main__ - INFO - Round 1 finished. Loss: 2.3384, Acc: 0.00%
[33mserver_1      |[0m INFO:werkzeug:172.18.0.9 - - [26/Jan/2026 00:02:36] "[31m[1mPOST /submit_update HTTP/1.1[0m" 400 -
[33;1mclient_006_1  |[0m 2026-01-26 00:02:36,477 - __main__ - ERROR - Update submission failed: {"error":"Not accepting updates"}
[33;1mclient_006_1  |[0m 
[33;1mclient_006_1  |[0m 2026-01-26 00:02:36,478 - __main__ - INFO - Update submitted for Round 1. Waiting...
[33mclient_001_1  |[0m 2026-01-26 00:02:36,899 - __main__ - INFO - --- New Round Detected: 1 ---
[33mserver_1      |[0m INFO:werkzeug:172.18.0.18 - - [26/Jan/2026 00:02:36] "GET /download_model?round=1 HTTP/1.1" 200 -
[33mserver_1      |[0m INFO:server.aggregator:--- [METRIC] Weight Divergence: 2.9225
[33mserver_1      |[0m INFO:server.aggregator:FedAvg aggregation complete.
[33mserver_1      |[0m INFO:__main__:Aggregation complete.
[33mclient_001_1  |[0m 2026-01-26 00:02:37,254 - __main__ - INFO - Round 1 finished. Loss: 0.1544, Acc: 96.12%
[33mserver_1      |[0m DEBUG: ⚠️ MY CUSTOM AGGREGATOR IS RUNNING ⚠️
[33mserver_1      |[0m INFO:werkzeug:172.18.0.18 - - [26/Jan/2026 00:02:37] "[31m[1mPOST /submit_update HTTP/1.1[0m" 400 -
[32mclient_002_1  |[0m 2026-01-26 00:02:37,366 - __main__ - INFO - --- New Round Detected: 1 ---
[33mclient_001_1  |[0m 2026-01-26 00:02:37,368 - __main__ - ERROR - Update submission failed: {"error":"Not accepting updates"}
[33mclient_001_1  |[0m 
[33mclient_001_1  |[0m 2026-01-26 00:02:37,368 - __main__ - INFO - Update submitted for Round 1. Waiting...
[35;1mclient_008_1  |[0m 2026-01-26 00:02:37,406 - __main__ - INFO - --- New Round Detected: 1 ---
[33mserver_1      |[0m INFO:werkzeug:172.18.0.22 - - [26/Jan/2026 00:02:37] "GET /download_model?round=1 HTTP/1.1" 200 -
[33mserver_1      |[0m INFO:werkzeug:172.18.0.17 - - [26/Jan/2026 00:02:37] "GET /download_model?round=1 HTTP/1.1" 200 -
[35;1mclient_008_1  |[0m 2026-01-26 00:02:38,035 - __main__ - INFO - Round 1 finished. Loss: 0.1132, Acc: 97.93%
[33mserver_1      |[0m INFO:werkzeug:172.18.0.17 - - [26/Jan/2026 00:02:38] "[31m[1mPOST /submit_update HTTP/1.1[0m" 400 -
[35;1mclient_008_1  |[0m 2026-01-26 00:02:38,103 - __main__ - ERROR - Update submission failed: {"error":"Not accepting updates"}
[35;1mclient_008_1  |[0m 
[35;1mclient_008_1  |[0m 2026-01-26 00:02:38,103 - __main__ - INFO - Update submitted for Round 1. Waiting...
[32mclient_002_1  |[0m 2026-01-26 00:02:38,257 - __main__ - INFO - Round 1 finished. Loss: 0.4088, Acc: 87.35%
[33mserver_1      |[0m INFO:werkzeug:172.18.0.22 - - [26/Jan/2026 00:02:38] "[31m[1mPOST /submit_update HTTP/1.1[0m" 400 -
[32mclient_002_1  |[0m 2026-01-26 00:02:38,322 - __main__ - ERROR - Update submission failed: {"error":"Not accepting updates"}
[32mclient_002_1  |[0m 
[32mclient_002_1  |[0m 2026-01-26 00:02:38,323 - __main__ - INFO - Update submitted for Round 1. Waiting...
[33mserver_1      |[0m INFO:__main__:--- Round 1 Acc: 18.77%, Loss: 2.2489 ---
[33mserver_1      |[0m INFO:__main__:--- Starting Round 2. Timeout: 300s ---
[33mserver_1      |[0m INFO:werkzeug:172.18.0.19 - - [26/Jan/2026 00:02:38] "POST /submit_update HTTP/1.1" 200 -
[34;1mclient_009_1  |[0m 2026-01-26 00:02:38,410 - __main__ - INFO - 🚀 Model update submitted successfully.
[34;1mclient_009_1  |[0m 2026-01-26 00:02:38,411 - __main__ - INFO - Update submitted for Round 1. Waiting...
[36mclient_010_1  |[0m 2026-01-26 00:02:39,303 - __main__ - INFO - --- New Round Detected: 2 ---
[33mserver_1      |[0m INFO:werkzeug:172.18.0.16 - - [26/Jan/2026 00:02:39] "GET /download_model?round=2 HTTP/1.1" 200 -
[34mclient_004_1  |[0m 2026-01-26 00:02:39,600 - __main__ - INFO - --- New Round Detected: 2 ---
[33mserver_1      |[0m INFO:werkzeug:172.18.0.6 - - [26/Jan/2026 00:02:39] "GET /download_model?round=2 HTTP/1.1" 200 -
[36mclient_010_1  |[0m 2026-01-26 00:02:39,749 - __main__ - INFO - Round 2 finished. Loss: 0.1309, Acc: 97.91%
[33mserver_1      |[0m INFO:__main__:Received update from client_010
[33mserver_1      |[0m INFO:werkzeug:172.18.0.16 - - [26/Jan/2026 00:02:39] "POST /submit_update HTTP/1.1" 200 -
[36mclient_010_1  |[0m 2026-01-26 00:02:39,887 - __main__ - INFO - 🚀 Model update submitted successfully.
[36mclient_010_1  |[0m 2026-01-26 00:02:39,887 - __main__ - INFO - Update submitted for Round 2. Waiting...
[35mclient_003_1  |[0m 2026-01-26 00:02:40,959 - __main__ - INFO - --- New Round Detected: 2 ---
[33mserver_1      |[0m INFO:werkzeug:172.18.0.8 - - [26/Jan/2026 00:02:40] "GET /download_model?round=2 HTTP/1.1" 200 -
[34mclient_004_1  |[0m 2026-01-26 00:02:42,379 - __main__ - INFO - Round 2 finished. Loss: 0.9339, Acc: 69.55%
[33mserver_1      |[0m INFO:__main__:Received update from client_004
[33mserver_1      |[0m INFO:werkzeug:172.18.0.6 - - [26/Jan/2026 00:02:42] "POST /submit_update HTTP/1.1" 200 -
[34mclient_004_1  |[0m 2026-01-26 00:02:42,535 - __main__ - INFO - 🚀 Model update submitted successfully.
[34mclient_004_1  |[0m 2026-01-26 00:02:42,535 - __main__ - INFO - Update submitted for Round 2. Waiting...
[32;1mclient_007_1  |[0m 2026-01-26 00:02:43,295 - __main__ - INFO - --- New Round Detected: 2 ---
[33mserver_1      |[0m INFO:werkzeug:172.18.0.20 - - [26/Jan/2026 00:02:43] "GET /download_model?round=2 HTTP/1.1" 200 -
[32;1mclient_007_1  |[0m 2026-01-26 00:02:43,594 - __main__ - INFO - Round 2 finished. Loss: 0.8744, Acc: 56.23%
[33mserver_1      |[0m INFO:__main__:Received update from client_007
[33mserver_1      |[0m INFO:werkzeug:172.18.0.20 - - [26/Jan/2026 00:02:43] "POST /submit_update HTTP/1.1" 200 -
[32;1mclient_007_1  |[0m 2026-01-26 00:02:43,735 - __main__ - INFO - 🚀 Model update submitted successfully.
[32;1mclient_007_1  |[0m 2026-01-26 00:02:43,736 - __main__ - INFO - Update submitted for Round 2. Waiting...
[36;1mclient_005_1  |[0m 2026-01-26 00:02:44,626 - __main__ - INFO - --- New Round Detected: 2 ---
[33mserver_1      |[0m INFO:werkzeug:172.18.0.21 - - [26/Jan/2026 00:02:44] "GET /download_model?round=2 HTTP/1.1" 200 -
[36;1mclient_005_1  |[0m 2026-01-26 00:02:46,099 - __main__ - INFO - Round 2 finished. Loss: 0.5167, Acc: 89.56%
[33mserver_1      |[0m INFO:__main__:Received update from client_005
[33mserver_1      |[0m INFO:werkzeug:172.18.0.21 - - [26/Jan/2026 00:02:46] "POST /submit_update HTTP/1.1" 200 -
[36;1mclient_005_1  |[0m 2026-01-26 00:02:46,254 - __main__ - INFO - 🚀 Model update submitted successfully.
[36;1mclient_005_1  |[0m 2026-01-26 00:02:46,254 - __main__ - INFO - Update submitted for Round 2. Waiting...
[35mclient_003_1  |[0m 2026-01-26 00:02:46,447 - __main__ - INFO - Round 2 finished. Loss: 0.9225, Acc: 73.31%
[33;1mclient_006_1  |[0m 2026-01-26 00:02:46,543 - __main__ - INFO - --- New Round Detected: 2 ---
[33mserver_1      |[0m INFO:__main__:Received update from client_003
[33mserver_1      |[0m INFO:__main__:--- Aggregating 5 updates ---
[33mserver_1      |[0m INFO:__main__:⚡ Using Custom Aggregator with Drift Metric...
[33mserver_1      |[0m INFO:server.aggregator:Starting FedAvg aggregation for 5 clients.
[33mserver_1      |[0m INFO:werkzeug:172.18.0.9 - - [26/Jan/2026 00:02:46] "GET /download_model?round=2 HTTP/1.1" 200 -
[33;1mclient_006_1  |[0m 2026-01-26 00:02:46,700 - __main__ - INFO - Round 2 finished. Loss: 1.5020, Acc: 71.43%
[33mserver_1      |[0m INFO:werkzeug:172.18.0.9 - - [26/Jan/2026 00:02:46] "[31m[1mPOST /submit_update HTTP/1.1[0m" 400 -
[33;1mclient_006_1  |[0m 2026-01-26 00:02:46,771 - __main__ - ERROR - Update submission failed: {"error":"Not accepting updates"}
[33;1mclient_006_1  |[0m 
[33;1mclient_006_1  |[0m 2026-01-26 00:02:46,772 - __main__ - INFO - Update submitted for Round 2. Waiting...
[33mclient_001_1  |[0m 2026-01-26 00:02:47,440 - __main__ - INFO - --- New Round Detected: 2 ---
[33mserver_1      |[0m INFO:werkzeug:172.18.0.18 - - [26/Jan/2026 00:02:47] "GET /download_model?round=2 HTTP/1.1" 200 -
[33mclient_001_1  |[0m 2026-01-26 00:02:47,882 - __main__ - INFO - Round 2 finished. Loss: 0.1606, Acc: 96.12%
[33mserver_1      |[0m INFO:werkzeug:172.18.0.18 - - [26/Jan/2026 00:02:47] "[31m[1mPOST /submit_update HTTP/1.1[0m" 400 -
[33mclient_001_1  |[0m 2026-01-26 00:02:47,952 - __main__ - ERROR - Update submission failed: {"error":"Not accepting updates"}
[33mclient_001_1  |[0m 
[33mclient_001_1  |[0m 2026-01-26 00:02:47,952 - __main__ - INFO - Update submitted for Round 2. Waiting...
[35;1mclient_008_1  |[0m 2026-01-26 00:02:48,166 - __main__ - INFO - --- New Round Detected: 2 ---
[33mserver_1      |[0m INFO:werkzeug:172.18.0.17 - - [26/Jan/2026 00:02:48] "GET /download_model?round=2 HTTP/1.1" 200 -
[33mserver_1      |[0m INFO:server.aggregator:--- [METRIC] Weight Divergence: 3.6330
[33mserver_1      |[0m INFO:server.aggregator:FedAvg aggregation complete.
[33mserver_1      |[0m INFO:__main__:Aggregation complete.
[33mserver_1      |[0m DEBUG: ⚠️ MY CUSTOM AGGREGATOR IS RUNNING ⚠️
[32mclient_002_1  |[0m 2026-01-26 00:02:48,462 - __main__ - INFO - --- New Round Detected: 2 ---
[34;1mclient_009_1  |[0m 2026-01-26 00:02:48,479 - __main__ - INFO - --- New Round Detected: 2 ---
[33mserver_1      |[0m INFO:werkzeug:172.18.0.22 - - [26/Jan/2026 00:02:48] "GET /download_model?round=2 HTTP/1.1" 200 -
[33mserver_1      |[0m INFO:werkzeug:172.18.0.19 - - [26/Jan/2026 00:02:48] "GET /download_model?round=2 HTTP/1.1" 200 -
[35;1mclient_008_1  |[0m 2026-01-26 00:02:48,695 - __main__ - INFO - Round 2 finished. Loss: 0.0937, Acc: 97.93%
[33mserver_1      |[0m INFO:werkzeug:172.18.0.17 - - [26/Jan/2026 00:02:48] "[31m[1mPOST /submit_update HTTP/1.1[0m" 400 -
[35;1mclient_008_1  |[0m 2026-01-26 00:02:48,767 - __main__ - ERROR - Update submission failed: {"error":"Not accepting updates"}
[35;1mclient_008_1  |[0m 
[35;1mclient_008_1  |[0m 2026-01-26 00:02:48,767 - __main__ - INFO - Update submitted for Round 2. Waiting...
[32mclient_002_1  |[0m 2026-01-26 00:02:49,003 - __main__ - INFO - Round 2 finished. Loss: 0.6759, Acc: 84.68%
[33mserver_1      |[0m INFO:werkzeug:172.18.0.22 - - [26/Jan/2026 00:02:49] "[31m[1mPOST /submit_update HTTP/1.1[0m" 400 -
[32mclient_002_1  |[0m 2026-01-26 00:02:49,066 - __main__ - ERROR - Update submission failed: {"error":"Not accepting updates"}
[32mclient_002_1  |[0m 
[32mclient_002_1  |[0m 2026-01-26 00:02:49,066 - __main__ - INFO - Update submitted for Round 2. Waiting...
[33mserver_1      |[0m INFO:__main__:--- Round 2 Acc: 14.98%, Loss: 2.2880 ---
[33mserver_1      |[0m INFO:__main__:--- Starting Round 3. Timeout: 300s ---
[33mserver_1      |[0m INFO:werkzeug:172.18.0.8 - - [26/Jan/2026 00:02:49] "POST /submit_update HTTP/1.1" 200 -
[35mclient_003_1  |[0m 2026-01-26 00:02:49,378 - __main__ - INFO - 🚀 Model update submitted successfully.
[35mclient_003_1  |[0m 2026-01-26 00:02:49,378 - __main__ - INFO - Update submitted for Round 2. Waiting...
[36mclient_010_1  |[0m 2026-01-26 00:02:49,955 - __main__ - INFO - --- New Round Detected: 3 ---
[33mserver_1      |[0m INFO:werkzeug:172.18.0.16 - - [26/Jan/2026 00:02:49] "GET /download_model?round=3 HTTP/1.1" 200 -
[34;1mclient_009_1  |[0m 2026-01-26 00:02:49,999 - __main__ - INFO - Round 2 finished. Loss: 1.0878, Acc: 61.54%
[33mserver_1      |[0m INFO:__main__:Received update from client_009
[33mserver_1      |[0m INFO:werkzeug:172.18.0.19 - - [26/Jan/2026 00:02:50] "POST /submit_update HTTP/1.1" 200 -
[34;1mclient_009_1  |[0m 2026-01-26 00:02:50,133 - __main__ - INFO - 🚀 Model update submitted successfully.
[34;1mclient_009_1  |[0m 2026-01-26 00:02:50,134 - __main__ - INFO - Update submitted for Round 2. Waiting...
[36mclient_010_1  |[0m 2026-01-26 00:02:50,330 - __main__ - INFO - Round 3 finished. Loss: 0.5293, Acc: 95.20%
[33mserver_1      |[0m INFO:__main__:Received update from client_010
[33mserver_1      |[0m INFO:werkzeug:172.18.0.16 - - [26/Jan/2026 00:02:50] "POST /submit_update HTTP/1.1" 200 -
[36mclient_010_1  |[0m 2026-01-26 00:02:50,464 - __main__ - INFO - 🚀 Model update submitted successfully.
[36mclient_010_1  |[0m 2026-01-26 00:02:50,464 - __main__ - INFO - Update submitted for Round 3. Waiting...
[34mclient_004_1  |[0m 2026-01-26 00:02:52,598 - __main__ - INFO - --- New Round Detected: 3 ---
[33mserver_1      |[0m INFO:werkzeug:172.18.0.6 - - [26/Jan/2026 00:02:52] "GET /download_model?round=3 HTTP/1.1" 200 -
[32;1mclient_007_1  |[0m 2026-01-26 00:02:53,799 - __main__ - INFO - --- New Round Detected: 3 ---
[33mserver_1      |[0m INFO:werkzeug:172.18.0.20 - - [26/Jan/2026 00:02:53] "GET /download_model?round=3 HTTP/1.1" 200 -
[32;1mclient_007_1  |[0m 2026-01-26 00:02:54,192 - __main__ - INFO - Round 3 finished. Loss: 1.2118, Acc: 57.14%
[33mserver_1      |[0m INFO:__main__:Received update from client_007
[33mserver_1      |[0m INFO:werkzeug:172.18.0.20 - - [26/Jan/2026 00:02:54] "POST /submit_update HTTP/1.1" 200 -
[32;1mclient_007_1  |[0m 2026-01-26 00:02:54,326 - __main__ - INFO - 🚀 Model update submitted successfully.
[32;1mclient_007_1  |[0m 2026-01-26 00:02:54,326 - __main__ - INFO - Update submitted for Round 3. Waiting...
[34mclient_004_1  |[0m 2026-01-26 00:02:55,646 - __main__ - INFO - Round 3 finished. Loss: 0.8793, Acc: 72.35%
[33mserver_1      |[0m INFO:__main__:Received update from client_004
[33mserver_1      |[0m INFO:werkzeug:172.18.0.6 - - [26/Jan/2026 00:02:55] "POST /submit_update HTTP/1.1" 200 -
[34mclient_004_1  |[0m 2026-01-26 00:02:55,802 - __main__ - INFO - 🚀 Model update submitted successfully.
[34mclient_004_1  |[0m 2026-01-26 00:02:55,802 - __main__ - INFO - Update submitted for Round 3. Waiting...
[36;1mclient_005_1  |[0m 2026-01-26 00:02:56,330 - __main__ - INFO - --- New Round Detected: 3 ---
[33mserver_1      |[0m INFO:werkzeug:172.18.0.21 - - [26/Jan/2026 00:02:56] "GET /download_model?round=3 HTTP/1.1" 200 -
[33;1mclient_006_1  |[0m 2026-01-26 00:02:56,853 - __main__ - INFO - --- New Round Detected: 3 ---
[33mserver_1      |[0m INFO:werkzeug:172.18.0.9 - - [26/Jan/2026 00:02:56] "GET /download_model?round=3 HTTP/1.1" 200 -
[33;1mclient_006_1  |[0m 2026-01-26 00:02:56,990 - __main__ - INFO - Round 3 finished. Loss: 1.7863, Acc: 35.71%
[33mserver_1      |[0m INFO:__main__:Received update from client_006
[33mserver_1      |[0m INFO:__main__:--- Aggregating 5 updates ---
[33mserver_1      |[0m INFO:__main__:⚡ Using Custom Aggregator with Drift Metric...
[33mserver_1      |[0m INFO:server.aggregator:Starting FedAvg aggregation for 5 clients.
[36;1mclient_005_1  |[0m 2026-01-26 00:02:57,671 - __main__ - INFO - Round 3 finished. Loss: 0.4353, Acc: 91.05%
[33mserver_1      |[0m INFO:werkzeug:172.18.0.21 - - [26/Jan/2026 00:02:57] "[31m[1mPOST /submit_update HTTP/1.1[0m" 400 -
[36;1mclient_005_1  |[0m 2026-01-26 00:02:57,736 - __main__ - ERROR - Update submission failed: {"error":"Not accepting updates"}
[36;1mclient_005_1  |[0m 
[36;1mclient_005_1  |[0m 2026-01-26 00:02:57,736 - __main__ - INFO - Update submitted for Round 3. Waiting...
[33mclient_001_1  |[0m 2026-01-26 00:02:58,024 - __main__ - INFO - --- New Round Detected: 3 ---
[33mserver_1      |[0m INFO:werkzeug:172.18.0.18 - - [26/Jan/2026 00:02:58] "GET /download_model?round=3 HTTP/1.1" 200 -
[33mclient_001_1  |[0m 2026-01-26 00:02:58,411 - __main__ - INFO - Round 3 finished. Loss: 0.4702, Acc: 94.50%
[33mserver_1      |[0m INFO:werkzeug:172.18.0.18 - - [26/Jan/2026 00:02:58] "[31m[1mPOST /submit_update HTTP/1.1[0m" 400 -
[33mclient_001_1  |[0m 2026-01-26 00:02:58,482 - __main__ - ERROR - Update submission failed: {"error":"Not accepting updates"}
[33mclient_001_1  |[0m 
[33mclient_001_1  |[0m 2026-01-26 00:02:58,483 - __main__ - INFO - Update submitted for Round 3. Waiting...
[35;1mclient_008_1  |[0m 2026-01-26 00:02:58,828 - __main__ - INFO - --- New Round Detected: 3 ---
[33mserver_1      |[0m INFO:werkzeug:172.18.0.17 - - [26/Jan/2026 00:02:58] "GET /download_model?round=3 HTTP/1.1" 200 -
[32mclient_002_1  |[0m 2026-01-26 00:02:59,156 - __main__ - INFO - --- New Round Detected: 3 ---
[33mserver_1      |[0m INFO:werkzeug:172.18.0.22 - - [26/Jan/2026 00:02:59] "GET /download_model?round=3 HTTP/1.1" 200 -
[33mserver_1      |[0m INFO:server.aggregator:--- [METRIC] Weight Divergence: 3.0545
[33mserver_1      |[0m INFO:server.aggregator:FedAvg aggregation complete.
[33mserver_1      |[0m INFO:__main__:Aggregation complete.
[33mserver_1      |[0m DEBUG: ⚠️ MY CUSTOM AGGREGATOR IS RUNNING ⚠️
[35;1mclient_008_1  |[0m 2026-01-26 00:02:59,433 - __main__ - INFO - Round 3 finished. Loss: 0.5272, Acc: 97.93%
[33mserver_1      |[0m INFO:werkzeug:172.18.0.17 - - [26/Jan/2026 00:02:59] "[31m[1mPOST /submit_update HTTP/1.1[0m" 400 -
[35mclient_003_1  |[0m 2026-01-26 00:02:59,478 - __main__ - INFO - --- New Round Detected: 3 ---
[35;1mclient_008_1  |[0m 2026-01-26 00:02:59,501 - __main__ - ERROR - Update submission failed: {"error":"Not accepting updates"}
[35;1mclient_008_1  |[0m 
[35;1mclient_008_1  |[0m 2026-01-26 00:02:59,502 - __main__ - INFO - Update submitted for Round 3. Waiting...
[33mserver_1      |[0m INFO:werkzeug:172.18.0.8 - - [26/Jan/2026 00:02:59] "GET /download_model?round=3 HTTP/1.1" 200 -
[32mclient_002_1  |[0m 2026-01-26 00:03:00,097 - __main__ - INFO - Round 3 finished. Loss: 0.4624, Acc: 87.75%
[33mserver_1      |[0m INFO:werkzeug:172.18.0.22 - - [26/Jan/2026 00:03:00] "[31m[1mPOST /submit_update HTTP/1.1[0m" 400 -
[32mclient_002_1  |[0m 2026-01-26 00:03:00,163 - __main__ - ERROR - Update submission failed: {"error":"Not accepting updates"}
[32mclient_002_1  |[0m 
[32mclient_002_1  |[0m 2026-01-26 00:03:00,164 - __main__ - INFO - Update submitted for Round 3. Waiting...
[34;1mclient_009_1  |[0m 2026-01-26 00:03:00,203 - __main__ - INFO - --- New Round Detected: 3 ---
[33mserver_1      |[0m INFO:werkzeug:172.18.0.19 - - [26/Jan/2026 00:03:00] "GET /download_model?round=3 HTTP/1.1" 200 -
[33mserver_1      |[0m INFO:__main__:--- Round 3 Acc: 28.54%, Loss: 2.0891 ---
[33mserver_1      |[0m INFO:__main__:--- Starting Round 4. Timeout: 300s ---
[33mserver_1      |[0m INFO:werkzeug:172.18.0.9 - - [26/Jan/2026 00:03:00] "POST /submit_update HTTP/1.1" 200 -
[33;1mclient_006_1  |[0m 2026-01-26 00:03:00,521 - __main__ - INFO - 🚀 Model update submitted successfully.
[33;1mclient_006_1  |[0m 2026-01-26 00:03:00,521 - __main__ - INFO - Update submitted for Round 3. Waiting...
[36mclient_010_1  |[0m 2026-01-26 00:03:00,534 - __main__ - INFO - --- New Round Detected: 4 ---
[33mserver_1      |[0m INFO:werkzeug:172.18.0.16 - - [26/Jan/2026 00:03:00] "GET /download_model?round=4 HTTP/1.1" 200 -
[36mclient_010_1  |[0m 2026-01-26 00:03:01,016 - __main__ - INFO - Round 4 finished. Loss: 0.5686, Acc: 97.42%
[33mserver_1      |[0m INFO:__main__:Received update from client_010
[33mserver_1      |[0m INFO:werkzeug:172.18.0.16 - - [26/Jan/2026 00:03:01] "POST /submit_update HTTP/1.1" 200 -
[36mclient_010_1  |[0m 2026-01-26 00:03:01,171 - __main__ - INFO - 🚀 Model update submitted successfully.
[36mclient_010_1  |[0m 2026-01-26 00:03:01,171 - __main__ - INFO - Update submitted for Round 4. Waiting...
[34;1mclient_009_1  |[0m 2026-01-26 00:03:01,835 - __main__ - INFO - Round 3 finished. Loss: 1.1964, Acc: 60.68%
[33mserver_1      |[0m INFO:__main__:Received update from client_009
[33mserver_1      |[0m INFO:werkzeug:172.18.0.19 - - [26/Jan/2026 00:03:01] "POST /submit_update HTTP/1.1" 200 -
[34;1mclient_009_1  |[0m 2026-01-26 00:03:01,989 - __main__ - INFO - 🚀 Model update submitted successfully.
[34;1mclient_009_1  |[0m 2026-01-26 00:03:01,989 - __main__ - INFO - Update submitted for Round 3. Waiting...
[32;1mclient_007_1  |[0m 2026-01-26 00:03:04,388 - __main__ - INFO - --- New Round Detected: 4 ---
[33mserver_1      |[0m INFO:werkzeug:172.18.0.20 - - [26/Jan/2026 00:03:04] "GET /download_model?round=4 HTTP/1.1" 200 -
[32;1mclient_007_1  |[0m 2026-01-26 00:03:04,737 - __main__ - INFO - Round 4 finished. Loss: 1.0844, Acc: 56.23%
[33mserver_1      |[0m INFO:__main__:Received update from client_007
[33mserver_1      |[0m INFO:werkzeug:172.18.0.20 - - [26/Jan/2026 00:03:04] "POST /submit_update HTTP/1.1" 200 -
[32;1mclient_007_1  |[0m 2026-01-26 00:03:04,891 - __main__ - INFO - 🚀 Model update submitted successfully.
[32;1mclient_007_1  |[0m 2026-01-26 00:03:04,891 - __main__ - INFO - Update submitted for Round 4. Waiting...
[35mclient_003_1  |[0m 2026-01-26 00:03:05,810 - __main__ - INFO - Round 3 finished. Loss: 0.8860, Acc: 77.91%
[34mclient_004_1  |[0m 2026-01-26 00:03:05,865 - __main__ - INFO - --- New Round Detected: 4 ---
[33mserver_1      |[0m INFO:werkzeug:172.18.0.6 - - [26/Jan/2026 00:03:05] "GET /download_model?round=4 HTTP/1.1" 200 -
[33mserver_1      |[0m INFO:__main__:Received update from client_003
[33mserver_1      |[0m INFO:werkzeug:172.18.0.8 - - [26/Jan/2026 00:03:05] "POST /submit_update HTTP/1.1" 200 -
[35mclient_003_1  |[0m 2026-01-26 00:03:05,948 - __main__ - INFO - 🚀 Model update submitted successfully.
[35mclient_003_1  |[0m 2026-01-26 00:03:05,948 - __main__ - INFO - Update submitted for Round 3. Waiting...
[36;1mclient_005_1  |[0m 2026-01-26 00:03:07,799 - __main__ - INFO - --- New Round Detected: 4 ---
[33mserver_1      |[0m INFO:werkzeug:172.18.0.21 - - [26/Jan/2026 00:03:07] "GET /download_model?round=4 HTTP/1.1" 200 -
[33mclient_001_1  |[0m 2026-01-26 00:03:08,545 - __main__ - INFO - --- New Round Detected: 4 ---
[33mserver_1      |[0m INFO:werkzeug:172.18.0.18 - - [26/Jan/2026 00:03:08] "GET /download_model?round=4 HTTP/1.1" 200 -
[33mclient_001_1  |[0m 2026-01-26 00:03:08,936 - __main__ - INFO - Round 4 finished. Loss: 0.7887, Acc: 96.12%
[34mclient_004_1  |[0m 2026-01-26 00:03:09,047 - __main__ - INFO - Round 4 finished. Loss: 0.7336, Acc: 81.06%
[33mserver_1      |[0m INFO:__main__:Received update from client_001
[33mserver_1      |[0m INFO:__main__:--- Aggregating 5 updates ---
[33mserver_1      |[0m INFO:__main__:⚡ Using Custom Aggregator with Drift Metric...
[33mserver_1      |[0m INFO:server.aggregator:Starting FedAvg aggregation for 5 clients.
[33mserver_1      |[0m INFO:werkzeug:172.18.0.6 - - [26/Jan/2026 00:03:09] "[31m[1mPOST /submit_update HTTP/1.1[0m" 400 -
[34mclient_004_1  |[0m 2026-01-26 00:03:09,111 - __main__ - ERROR - Update submission failed: {"error":"Not accepting updates"}
[34mclient_004_1  |[0m 
[34mclient_004_1  |[0m 2026-01-26 00:03:09,111 - __main__ - INFO - Update submitted for Round 4. Waiting...
[36;1mclient_005_1  |[0m 2026-01-26 00:03:09,303 - __main__ - INFO - Round 4 finished. Loss: 0.5733, Acc: 88.66%
[33mserver_1      |[0m INFO:werkzeug:172.18.0.21 - - [26/Jan/2026 00:03:09] "[31m[1mPOST /submit_update HTTP/1.1[0m" 400 -
[36;1mclient_005_1  |[0m 2026-01-26 00:03:09,371 - __main__ - ERROR - Update submission failed: {"error":"Not accepting updates"}
[36;1mclient_005_1  |[0m 
[36;1mclient_005_1  |[0m 2026-01-26 00:03:09,371 - __main__ - INFO - Update submitted for Round 4. Waiting...
[35;1mclient_008_1  |[0m 2026-01-26 00:03:09,564 - __main__ - INFO - --- New Round Detected: 4 ---
[33mserver_1      |[0m INFO:werkzeug:172.18.0.17 - - [26/Jan/2026 00:03:09] "GET /download_model?round=4 HTTP/1.1" 200 -
[32mclient_002_1  |[0m 2026-01-26 00:03:10,237 - __main__ - INFO - --- New Round Detected: 4 ---
[33mserver_1      |[0m INFO:werkzeug:172.18.0.22 - - [26/Jan/2026 00:03:10] "GET /download_model?round=4 HTTP/1.1" 200 -
[35;1mclient_008_1  |[0m 2026-01-26 00:03:10,341 - __main__ - INFO - Round 4 finished. Loss: 1.3226, Acc: 97.93%
[33mserver_1      |[0m INFO:werkzeug:172.18.0.17 - - [26/Jan/2026 00:03:10] "[31m[1mPOST /submit_update HTTP/1.1[0m" 400 -
[35;1mclient_008_1  |[0m 2026-01-26 00:03:10,404 - __main__ - ERROR - Update submission failed: {"error":"Not accepting updates"}
[35;1mclient_008_1  |[0m 
[35;1mclient_008_1  |[0m 2026-01-26 00:03:10,404 - __main__ - INFO - Update submitted for Round 4. Waiting...
[33mserver_1      |[0m INFO:server.aggregator:--- [METRIC] Weight Divergence: 4.3620
[33mserver_1      |[0m INFO:server.aggregator:FedAvg aggregation complete.
[33mserver_1      |[0m INFO:__main__:Aggregation complete.
[33mserver_1      |[0m DEBUG: ⚠️ MY CUSTOM AGGREGATOR IS RUNNING ⚠️
[33;1mclient_006_1  |[0m 2026-01-26 00:03:10,602 - __main__ - INFO - --- New Round Detected: 4 ---
[33mserver_1      |[0m INFO:werkzeug:172.18.0.9 - - [26/Jan/2026 00:03:10] "GET /download_model?round=4 HTTP/1.1" 200 -
[33;1mclient_006_1  |[0m 2026-01-26 00:03:10,777 - __main__ - INFO - Round 4 finished. Loss: 1.5019, Acc: 57.14%
[33mserver_1      |[0m INFO:werkzeug:172.18.0.9 - - [26/Jan/2026 00:03:10] "[31m[1mPOST /submit_update HTTP/1.1[0m" 400 -
[33;1mclient_006_1  |[0m 2026-01-26 00:03:10,849 - __main__ - ERROR - Update submission failed: {"error":"Not accepting updates"}
[33;1mclient_006_1  |[0m 
[33;1mclient_006_1  |[0m 2026-01-26 00:03:10,849 - __main__ - INFO - Update submitted for Round 4. Waiting...
[32mclient_002_1  |[0m 2026-01-26 00:03:11,095 - __main__ - INFO - Round 4 finished. Loss: 0.4332, Acc: 90.32%
[33mserver_1      |[0m INFO:werkzeug:172.18.0.22 - - [26/Jan/2026 00:03:11] "[31m[1mPOST /submit_update HTTP/1.1[0m" 400 -
[32mclient_002_1  |[0m 2026-01-26 00:03:11,161 - __main__ - ERROR - Update submission failed: {"error":"Not accepting updates"}
[32mclient_002_1  |[0m 
[32mclient_002_1  |[0m 2026-01-26 00:03:11,162 - __main__ - INFO - Update submitted for Round 4. Waiting...
[33mserver_1      |[0m INFO:__main__:--- Round 4 Acc: 33.13%, Loss: 2.0913 ---
[33mserver_1      |[0m INFO:__main__:--- Starting Round 5. Timeout: 300s ---
[33mserver_1      |[0m INFO:werkzeug:172.18.0.18 - - [26/Jan/2026 00:03:11] "POST /submit_update HTTP/1.1" 200 -
[33mclient_001_1  |[0m 2026-01-26 00:03:11,793 - __main__ - INFO - 🚀 Model update submitted successfully.
[33mclient_001_1  |[0m 2026-01-26 00:03:11,793 - __main__ - INFO - Update submitted for Round 4. Waiting...
[34;1mclient_009_1  |[0m 2026-01-26 00:03:12,053 - __main__ - INFO - --- New Round Detected: 5 ---
[33mserver_1      |[0m INFO:werkzeug:172.18.0.19 - - [26/Jan/2026 00:03:12] "GET /download_model?round=5 HTTP/1.1" 200 -
[34;1mclient_009_1  |[0m 2026-01-26 00:03:13,460 - __main__ - INFO - Round 5 finished. Loss: 1.2265, Acc: 64.56%
[33mserver_1      |[0m INFO:__main__:Received update from client_009
[33mserver_1      |[0m INFO:werkzeug:172.18.0.19 - - [26/Jan/2026 00:03:13] "POST /submit_update HTTP/1.1" 200 -
[34;1mclient_009_1  |[0m 2026-01-26 00:03:13,596 - __main__ - INFO - 🚀 Model update submitted successfully.
[34;1mclient_009_1  |[0m 2026-01-26 00:03:13,596 - __main__ - INFO - Update submitted for Round 5. Waiting...
[32;1mclient_007_1  |[0m 2026-01-26 00:03:14,959 - __main__ - INFO - --- New Round Detected: 5 ---
[33mserver_1      |[0m INFO:werkzeug:172.18.0.20 - - [26/Jan/2026 00:03:14] "GET /download_model?round=5 HTTP/1.1" 200 -
[32;1mclient_007_1  |[0m 2026-01-26 00:03:15,365 - __main__ - INFO - Round 5 finished. Loss: 1.3806, Acc: 62.09%
[33mserver_1      |[0m INFO:__main__:Received update from client_007
[33mserver_1      |[0m INFO:werkzeug:172.18.0.20 - - [26/Jan/2026 00:03:15] "POST /submit_update HTTP/1.1" 200 -
[32;1mclient_007_1  |[0m 2026-01-26 00:03:15,519 - __main__ - INFO - 🚀 Model update submitted successfully.
[32;1mclient_007_1  |[0m 2026-01-26 00:03:15,519 - __main__ - INFO - Update submitted for Round 5. Waiting...
[35mclient_003_1  |[0m 2026-01-26 00:03:16,028 - __main__ - INFO - --- New Round Detected: 5 ---
[33mserver_1      |[0m INFO:werkzeug:172.18.0.8 - - [26/Jan/2026 00:03:16] "GET /download_model?round=5 HTTP/1.1" 200 -
[34mclient_004_1  |[0m 2026-01-26 00:03:19,173 - __main__ - INFO - --- New Round Detected: 5 ---
[33mserver_1      |[0m INFO:werkzeug:172.18.0.6 - - [26/Jan/2026 00:03:19] "GET /download_model?round=5 HTTP/1.1" 200 -
[36;1mclient_005_1  |[0m 2026-01-26 00:03:19,440 - __main__ - INFO - --- New Round Detected: 5 ---
[33mserver_1      |[0m INFO:werkzeug:172.18.0.21 - - [26/Jan/2026 00:03:19] "GET /download_model?round=5 HTTP/1.1" 200 -
[35;1mclient_008_1  |[0m 2026-01-26 00:03:20,469 - __main__ - INFO - --- New Round Detected: 5 ---
[33mserver_1      |[0m INFO:werkzeug:172.18.0.17 - - [26/Jan/2026 00:03:20] "GET /download_model?round=5 HTTP/1.1" 200 -
[36;1mclient_005_1  |[0m 2026-01-26 00:03:20,752 - __main__ - INFO - Round 5 finished. Loss: 1.0552, Acc: 85.21%
[33mserver_1      |[0m INFO:__main__:Received update from client_005
[33mserver_1      |[0m INFO:werkzeug:172.18.0.21 - - [26/Jan/2026 00:03:20] "POST /submit_update HTTP/1.1" 200 -
[36;1mclient_005_1  |[0m 2026-01-26 00:03:20,891 - __main__ - INFO - 🚀 Model update submitted successfully.
[36;1mclient_005_1  |[0m 2026-01-26 00:03:20,892 - __main__ - INFO - Update submitted for Round 5. Waiting...
[33;1mclient_006_1  |[0m 2026-01-26 00:03:20,910 - __main__ - INFO - --- New Round Detected: 5 ---
[33mserver_1      |[0m INFO:werkzeug:172.18.0.9 - - [26/Jan/2026 00:03:20] "GET /download_model?round=5 HTTP/1.1" 200 -
[33;1mclient_006_1  |[0m 2026-01-26 00:03:21,061 - __main__ - INFO - Round 5 finished. Loss: 0.9051, Acc: 92.86%
[33mserver_1      |[0m INFO:__main__:Received update from client_006
[33mserver_1      |[0m INFO:werkzeug:172.18.0.9 - - [26/Jan/2026 00:03:21] "POST /submit_update HTTP/1.1" 200 -
[33;1mclient_006_1  |[0m 2026-01-26 00:03:21,194 - __main__ - INFO - 🚀 Model update submitted successfully.
[33;1mclient_006_1  |[0m 2026-01-26 00:03:21,195 - __main__ - INFO - Update submitted for Round 5. Waiting...
[32mclient_002_1  |[0m 2026-01-26 00:03:21,229 - __main__ - INFO - --- New Round Detected: 5 ---
[33mserver_1      |[0m INFO:werkzeug:172.18.0.22 - - [26/Jan/2026 00:03:21] "GET /download_model?round=5 HTTP/1.1" 200 -
[36mclient_010_1  |[0m 2026-01-26 00:03:21,294 - __main__ - INFO - --- New Round Detected: 5 ---
[33mserver_1      |[0m INFO:werkzeug:172.18.0.16 - - [26/Jan/2026 00:03:21] "GET /download_model?round=5 HTTP/1.1" 200 -
[35;1mclient_008_1  |[0m 2026-01-26 00:03:21,373 - __main__ - INFO - Round 5 finished. Loss: 0.3720, Acc: 98.18%
[33mserver_1      |[0m INFO:__main__:Received update from client_008
[33mserver_1      |[0m INFO:__main__:--- Aggregating 5 updates ---
[33mserver_1      |[0m INFO:__main__:⚡ Using Custom Aggregator with Drift Metric...
[33mserver_1      |[0m INFO:server.aggregator:Starting FedAvg aggregation for 5 clients.
[36mclient_010_1  |[0m 2026-01-26 00:03:21,814 - __main__ - INFO - Round 5 finished. Loss: 0.8461, Acc: 89.91%
[33mserver_1      |[0m INFO:werkzeug:172.18.0.16 - - [26/Jan/2026 00:03:21] "[31m[1mPOST /submit_update HTTP/1.1[0m" 400 -
[36mclient_010_1  |[0m 2026-01-26 00:03:21,880 - __main__ - ERROR - Update submission failed: {"error":"Not accepting updates"}
[36mclient_010_1  |[0m 
[36mclient_010_1  |[0m 2026-01-26 00:03:21,880 - __main__ - INFO - Update submitted for Round 5. Waiting...
[33mclient_001_1  |[0m 2026-01-26 00:03:21,918 - __main__ - INFO - --- New Round Detected: 5 ---
[33mserver_1      |[0m INFO:werkzeug:172.18.0.18 - - [26/Jan/2026 00:03:21] "GET /download_model?round=5 HTTP/1.1" 200 -
[33mclient_001_1  |[0m 2026-01-26 00:03:22,367 - __main__ - INFO - Round 5 finished. Loss: 0.7224, Acc: 86.08%
[33mserver_1      |[0m INFO:werkzeug:172.18.0.18 - - [26/Jan/2026 00:03:22] "[31m[1mPOST /submit_update HTTP/1.1[0m" 400 -
[33mclient_001_1  |[0m 2026-01-26 00:03:22,432 - __main__ - ERROR - Update submission failed: {"error":"Not accepting updates"}
[33mclient_001_1  |[0m 
[33mclient_001_1  |[0m 2026-01-26 00:03:22,435 - __main__ - INFO - Update submitted for Round 5. Waiting...
[32mclient_002_1  |[0m 2026-01-26 00:03:22,459 - __main__ - INFO - Round 5 finished. Loss: 0.7984, Acc: 85.67%
[33mserver_1      |[0m INFO:werkzeug:172.18.0.22 - - [26/Jan/2026 00:03:22] "[31m[1mPOST /submit_update HTTP/1.1[0m" 400 -
[32mclient_002_1  |[0m 2026-01-26 00:03:22,523 - __main__ - ERROR - Update submission failed: {"error":"Not accepting updates"}
[32mclient_002_1  |[0m 
[32mclient_002_1  |[0m 2026-01-26 00:03:22,523 - __main__ - INFO - Update submitted for Round 5. Waiting...
[34mclient_004_1  |[0m 2026-01-26 00:03:22,717 - __main__ - INFO - Round 5 finished. Loss: 1.0239, Acc: 76.61%
[33mserver_1      |[0m INFO:werkzeug:172.18.0.6 - - [26/Jan/2026 00:03:22] "[31m[1mPOST /submit_update HTTP/1.1[0m" 400 -
[34mclient_004_1  |[0m 2026-01-26 00:03:22,780 - __main__ - ERROR - Update submission failed: {"error":"Not accepting updates"}
[34mclient_004_1  |[0m 
[34mclient_004_1  |[0m 2026-01-26 00:03:22,780 - __main__ - INFO - Update submitted for Round 5. Waiting...
[35mclient_003_1  |[0m 2026-01-26 00:03:22,781 - __main__ - INFO - Round 5 finished. Loss: 0.8104, Acc: 82.39%
[33mserver_1      |[0m INFO:werkzeug:172.18.0.8 - - [26/Jan/2026 00:03:22] "[31m[1mPOST /submit_update HTTP/1.1[0m" 400 -
[35mclient_003_1  |[0m 2026-01-26 00:03:22,845 - __main__ - ERROR - Update submission failed: {"error":"Not accepting updates"}
[35mclient_003_1  |[0m 
[35mclient_003_1  |[0m 2026-01-26 00:03:22,846 - __main__ - INFO - Update submitted for Round 5. Waiting...
[33mserver_1      |[0m INFO:server.aggregator:--- [METRIC] Weight Divergence: 1.7582
[33mserver_1      |[0m INFO:server.aggregator:FedAvg aggregation complete.
[33mserver_1      |[0m INFO:__main__:Aggregation complete.
[33mserver_1      |[0m DEBUG: ⚠️ MY CUSTOM AGGREGATOR IS RUNNING ⚠️
[33mserver_1      |[0m INFO:__main__:--- Round 5 Acc: 34.47%, Loss: 1.9136 ---
[33mserver_1      |[0m INFO:__main__:--- Starting Round 6. Timeout: 300s ---
[33mserver_1      |[0m INFO:werkzeug:172.18.0.17 - - [26/Jan/2026 00:03:24] "POST /submit_update HTTP/1.1" 200 -
[35;1mclient_008_1  |[0m 2026-01-26 00:03:25,029 - __main__ - INFO - 🚀 Model update submitted successfully.
[35;1mclient_008_1  |[0m 2026-01-26 00:03:25,029 - __main__ - INFO - Update submitted for Round 5. Waiting...
[32;1mclient_007_1  |[0m 2026-01-26 00:03:25,598 - __main__ - INFO - --- New Round Detected: 6 ---
[33mserver_1      |[0m INFO:werkzeug:172.18.0.20 - - [26/Jan/2026 00:03:25] "GET /download_model?round=6 HTTP/1.1" 200 -
[32;1mclient_007_1  |[0m 2026-01-26 00:03:26,041 - __main__ - INFO - Round 6 finished. Loss: 1.3616, Acc: 57.51%
[33mserver_1      |[0m INFO:__main__:Received update from client_007
[33mserver_1      |[0m INFO:werkzeug:172.18.0.20 - - [26/Jan/2026 00:03:26] "POST /submit_update HTTP/1.1" 200 -
[32;1mclient_007_1  |[0m 2026-01-26 00:03:26,176 - __main__ - INFO - 🚀 Model update submitted successfully.
[32;1mclient_007_1  |[0m 2026-01-26 00:03:26,176 - __main__ - INFO - Update submitted for Round 6. Waiting...
[36;1mclient_005_1  |[0m 2026-01-26 00:03:30,970 - __main__ - INFO - --- New Round Detected: 6 ---
[33mserver_1      |[0m INFO:werkzeug:172.18.0.21 - - [26/Jan/2026 00:03:30] "GET /download_model?round=6 HTTP/1.1" 200 -
[33;1mclient_006_1  |[0m 2026-01-26 00:03:31,286 - __main__ - INFO - --- New Round Detected: 6 ---
[33mserver_1      |[0m INFO:werkzeug:172.18.0.9 - - [26/Jan/2026 00:03:31] "GET /download_model?round=6 HTTP/1.1" 200 -
[33;1mclient_006_1  |[0m 2026-01-26 00:03:31,420 - __main__ - INFO - Round 6 finished. Loss: 1.0508, Acc: 85.71%
[33mserver_1      |[0m INFO:__main__:Received update from client_006
[33mserver_1      |[0m INFO:werkzeug:172.18.0.9 - - [26/Jan/2026 00:03:31] "POST /submit_update HTTP/1.1" 200 -
[33;1mclient_006_1  |[0m 2026-01-26 00:03:31,587 - __main__ - INFO - 🚀 Model update submitted successfully.
[33;1mclient_006_1  |[0m 2026-01-26 00:03:31,588 - __main__ - INFO - Update submitted for Round 6. Waiting...
[36mclient_010_1  |[0m 2026-01-26 00:03:31,942 - __main__ - INFO - --- New Round Detected: 6 ---
[33mserver_1      |[0m INFO:werkzeug:172.18.0.16 - - [26/Jan/2026 00:03:31] "GET /download_model?round=6 HTTP/1.1" 200 -
[36;1mclient_005_1  |[0m 2026-01-26 00:03:32,078 - __main__ - INFO - Round 6 finished. Loss: 0.6162, Acc: 89.68%
[33mserver_1      |[0m INFO:__main__:Received update from client_005
[33mserver_1      |[0m INFO:werkzeug:172.18.0.21 - - [26/Jan/2026 00:03:32] "POST /submit_update HTTP/1.1" 200 -
[36;1mclient_005_1  |[0m 2026-01-26 00:03:32,268 - __main__ - INFO - 🚀 Model update submitted successfully.
[36;1mclient_005_1  |[0m 2026-01-26 00:03:32,268 - __main__ - INFO - Update submitted for Round 6. Waiting...
[36mclient_010_1  |[0m 2026-01-26 00:03:32,422 - __main__ - INFO - Round 6 finished. Loss: 0.5862, Acc: 95.69%
[33mclient_001_1  |[0m 2026-01-26 00:03:32,498 - __main__ - INFO - --- New Round Detected: 6 ---
[33mserver_1      |[0m INFO:werkzeug:172.18.0.18 - - [26/Jan/2026 00:03:32] "GET /download_model?round=6 HTTP/1.1" 200 -
[33mserver_1      |[0m INFO:__main__:Received update from client_010
[33mserver_1      |[0m INFO:werkzeug:172.18.0.16 - - [26/Jan/2026 00:03:32] "POST /submit_update HTTP/1.1" 200 -
[36mclient_010_1  |[0m 2026-01-26 00:03:32,557 - __main__ - INFO - 🚀 Model update submitted successfully.
[36mclient_010_1  |[0m 2026-01-26 00:03:32,557 - __main__ - INFO - Update submitted for Round 6. Waiting...
[32mclient_002_1  |[0m 2026-01-26 00:03:32,587 - __main__ - INFO - --- New Round Detected: 6 ---
[33mserver_1      |[0m INFO:werkzeug:172.18.0.22 - - [26/Jan/2026 00:03:32] "GET /download_model?round=6 HTTP/1.1" 200 -
[34mclient_004_1  |[0m 2026-01-26 00:03:32,843 - __main__ - INFO - --- New Round Detected: 6 ---
[33mserver_1      |[0m INFO:werkzeug:172.18.0.6 - - [26/Jan/2026 00:03:32] "GET /download_model?round=6 HTTP/1.1" 200 -
[33mclient_001_1  |[0m 2026-01-26 00:03:32,870 - __main__ - INFO - Round 6 finished. Loss: 0.4332, Acc: 93.85%
[35mclient_003_1  |[0m 2026-01-26 00:03:32,910 - __main__ - INFO - --- New Round Detected: 6 ---
[33mserver_1      |[0m INFO:werkzeug:172.18.0.8 - - [26/Jan/2026 00:03:32] "GET /download_model?round=6 HTTP/1.1" 200 -
[33mserver_1      |[0m INFO:__main__:Received update from client_001
[33mserver_1      |[0m INFO:__main__:--- Aggregating 5 updates ---
[33mserver_1      |[0m INFO:__main__:⚡ Using Custom Aggregator with Drift Metric...
[33mserver_1      |[0m INFO:server.aggregator:Starting FedAvg aggregation for 5 clients.
[32mclient_002_1  |[0m 2026-01-26 00:03:33,509 - __main__ - INFO - Round 6 finished. Loss: 0.5965, Acc: 89.33%
[33mserver_1      |[0m INFO:werkzeug:172.18.0.22 - - [26/Jan/2026 00:03:33] "[31m[1mPOST /submit_update HTTP/1.1[0m" 400 -
[32mclient_002_1  |[0m 2026-01-26 00:03:33,573 - __main__ - ERROR - Update submission failed: {"error":"Not accepting updates"}
[32mclient_002_1  |[0m 
[32mclient_002_1  |[0m 2026-01-26 00:03:33,573 - __main__ - INFO - Update submitted for Round 6. Waiting...
[34;1mclient_009_1  |[0m 2026-01-26 00:03:33,728 - __main__ - INFO - --- New Round Detected: 6 ---
[33mserver_1      |[0m INFO:werkzeug:172.18.0.19 - - [26/Jan/2026 00:03:33] "GET /download_model?round=6 HTTP/1.1" 200 -
[33mserver_1      |[0m INFO:server.aggregator:--- [METRIC] Weight Divergence: 1.7667
[33mserver_1      |[0m INFO:server.aggregator:FedAvg aggregation complete.
[33mserver_1      |[0m INFO:__main__:Aggregation complete.
[33mserver_1      |[0m DEBUG: ⚠️ MY CUSTOM AGGREGATOR IS RUNNING ⚠️
[34;1mclient_009_1  |[0m 2026-01-26 00:03:34,856 - __main__ - INFO - Round 6 finished. Loss: 1.0508, Acc: 70.48%
[33mserver_1      |[0m INFO:werkzeug:172.18.0.19 - - [26/Jan/2026 00:03:34] "[31m[1mPOST /submit_update HTTP/1.1[0m" 400 -
[34;1mclient_009_1  |[0m 2026-01-26 00:03:34,920 - __main__ - ERROR - Update submission failed: {"error":"Not accepting updates"}
[34;1mclient_009_1  |[0m 
[34;1mclient_009_1  |[0m 2026-01-26 00:03:34,921 - __main__ - INFO - Update submitted for Round 6. Waiting...
[35;1mclient_008_1  |[0m 2026-01-26 00:03:35,139 - __main__ - INFO - --- New Round Detected: 6 ---
[33mserver_1      |[0m INFO:werkzeug:172.18.0.17 - - [26/Jan/2026 00:03:35] "GET /download_model?round=6 HTTP/1.1" 200 -
[33mserver_1      |[0m INFO:__main__:--- Round 6 Acc: 25.15%, Loss: 2.1723 ---
[33mserver_1      |[0m INFO:__main__:--- Starting Round 7. Timeout: 300s ---
[33mserver_1      |[0m INFO:werkzeug:172.18.0.18 - - [26/Jan/2026 00:03:35] "POST /submit_update HTTP/1.1" 200 -
[33mclient_001_1  |[0m 2026-01-26 00:03:35,596 - __main__ - INFO - 🚀 Model update submitted successfully.
[33mclient_001_1  |[0m 2026-01-26 00:03:35,596 - __main__ - INFO - Update submitted for Round 6. Waiting...
[35;1mclient_008_1  |[0m 2026-01-26 00:03:35,831 - __main__ - INFO - Round 6 finished. Loss: 0.2836, Acc: 98.52%
[33mserver_1      |[0m INFO:__main__:Received update from client_008
[33mserver_1      |[0m INFO:werkzeug:172.18.0.17 - - [26/Jan/2026 00:03:35] "POST /submit_update HTTP/1.1" 200 -
[35;1mclient_008_1  |[0m 2026-01-26 00:03:35,986 - __main__ - INFO - 🚀 Model update submitted successfully.
[35;1mclient_008_1  |[0m 2026-01-26 00:03:35,986 - __main__ - INFO - Update submitted for Round 6. Waiting...
[34mclient_004_1  |[0m 2026-01-26 00:03:36,226 - __main__ - INFO - Round 6 finished. Loss: 0.8236, Acc: 81.06%
[32;1mclient_007_1  |[0m 2026-01-26 00:03:36,238 - __main__ - INFO - --- New Round Detected: 7 ---
[33mserver_1      |[0m INFO:werkzeug:172.18.0.20 - - [26/Jan/2026 00:03:36] "GET /download_model?round=7 HTTP/1.1" 200 -
[33mserver_1      |[0m INFO:__main__:Received update from client_004
[33mserver_1      |[0m INFO:werkzeug:172.18.0.6 - - [26/Jan/2026 00:03:36] "POST /submit_update HTTP/1.1" 200 -
[34mclient_004_1  |[0m 2026-01-26 00:03:36,360 - __main__ - INFO - 🚀 Model update submitted successfully.
[34mclient_004_1  |[0m 2026-01-26 00:03:36,360 - __main__ - INFO - Update submitted for Round 6. Waiting...
[32;1mclient_007_1  |[0m 2026-01-26 00:03:36,598 - __main__ - INFO - Round 7 finished. Loss: 1.4716, Acc: 54.21%
[33mserver_1      |[0m INFO:__main__:Received update from client_007
[33mserver_1      |[0m INFO:werkzeug:172.18.0.20 - - [26/Jan/2026 00:03:36] "POST /submit_update HTTP/1.1" 200 -
[32;1mclient_007_1  |[0m 2026-01-26 00:03:36,732 - __main__ - INFO - 🚀 Model update submitted successfully.
[32;1mclient_007_1  |[0m 2026-01-26 00:03:36,732 - __main__ - INFO - Update submitted for Round 7. Waiting...
[35mclient_003_1  |[0m 2026-01-26 00:03:39,405 - __main__ - INFO - Round 6 finished. Loss: 0.8200, Acc: 82.37%
[33mserver_1      |[0m INFO:__main__:Received update from client_003
[33mserver_1      |[0m INFO:werkzeug:172.18.0.8 - - [26/Jan/2026 00:03:39] "POST /submit_update HTTP/1.1" 200 -
[35mclient_003_1  |[0m 2026-01-26 00:03:39,540 - __main__ - INFO - 🚀 Model update submitted successfully.
[35mclient_003_1  |[0m 2026-01-26 00:03:39,540 - __main__ - INFO - Update submitted for Round 6. Waiting...
[33;1mclient_006_1  |[0m 2026-01-26 00:03:41,650 - __main__ - INFO - --- New Round Detected: 7 ---
[33mserver_1      |[0m INFO:werkzeug:172.18.0.9 - - [26/Jan/2026 00:03:41] "GET /download_model?round=7 HTTP/1.1" 200 -
[33;1mclient_006_1  |[0m 2026-01-26 00:03:41,799 - __main__ - INFO - Round 7 finished. Loss: 1.7492, Acc: 35.71%
[33mserver_1      |[0m INFO:__main__:Received update from client_006
[33mserver_1      |[0m INFO:__main__:--- Aggregating 5 updates ---
[33mserver_1      |[0m INFO:__main__:⚡ Using Custom Aggregator with Drift Metric...
[33mserver_1      |[0m INFO:server.aggregator:Starting FedAvg aggregation for 5 clients.
[36;1mclient_005_1  |[0m 2026-01-26 00:03:42,330 - __main__ - INFO - --- New Round Detected: 7 ---
[33mserver_1      |[0m INFO:werkzeug:172.18.0.21 - - [26/Jan/2026 00:03:42] "GET /download_model?round=7 HTTP/1.1" 200 -
[36mclient_010_1  |[0m 2026-01-26 00:03:42,622 - __main__ - INFO - --- New Round Detected: 7 ---
[33mserver_1      |[0m INFO:werkzeug:172.18.0.16 - - [26/Jan/2026 00:03:42] "GET /download_model?round=7 HTTP/1.1" 200 -
[36mclient_010_1  |[0m 2026-01-26 00:03:43,119 - __main__ - INFO - Round 7 finished. Loss: 0.6876, Acc: 97.79%
[33mserver_1      |[0m INFO:werkzeug:172.18.0.16 - - [26/Jan/2026 00:03:43] "[31m[1mPOST /submit_update HTTP/1.1[0m" 400 -
[36mclient_010_1  |[0m 2026-01-26 00:03:43,183 - __main__ - ERROR - Update submission failed: {"error":"Not accepting updates"}
[36mclient_010_1  |[0m 
[36mclient_010_1  |[0m 2026-01-26 00:03:43,183 - __main__ - INFO - Update submitted for Round 7. Waiting...
[36;1mclient_005_1  |[0m 2026-01-26 00:03:43,187 - __main__ - INFO - Round 7 finished. Loss: 0.3640, Acc: 95.46%
[33mserver_1      |[0m INFO:werkzeug:172.18.0.21 - - [26/Jan/2026 00:03:43] "[31m[1mPOST /submit_update HTTP/1.1[0m" 400 -
[36;1mclient_005_1  |[0m 2026-01-26 00:03:43,258 - __main__ - ERROR - Update submission failed: {"error":"Not accepting updates"}
[36;1mclient_005_1  |[0m 
[36;1mclient_005_1  |[0m 2026-01-26 00:03:43,258 - __main__ - INFO - Update submitted for Round 7. Waiting...
[32mclient_002_1  |[0m 2026-01-26 00:03:43,636 - __main__ - INFO - --- New Round Detected: 7 ---
[33mserver_1      |[0m INFO:werkzeug:172.18.0.22 - - [26/Jan/2026 00:03:43] "GET /download_model?round=7 HTTP/1.1" 200 -
[33mserver_1      |[0m INFO:server.aggregator:--- [METRIC] Weight Divergence: 3.4188
[33mserver_1      |[0m INFO:server.aggregator:FedAvg aggregation complete.
[33mserver_1      |[0m INFO:__main__:Aggregation complete.
[33mserver_1      |[0m DEBUG: ⚠️ MY CUSTOM AGGREGATOR IS RUNNING ⚠️
[32mclient_002_1  |[0m 2026-01-26 00:03:44,526 - __main__ - INFO - Round 7 finished. Loss: 0.6972, Acc: 91.50%
[33mserver_1      |[0m INFO:werkzeug:172.18.0.22 - - [26/Jan/2026 00:03:44] "[31m[1mPOST /submit_update HTTP/1.1[0m" 400 -
[32mclient_002_1  |[0m 2026-01-26 00:03:44,590 - __main__ - ERROR - Update submission failed: {"error":"Not accepting updates"}
[32mclient_002_1  |[0m 
[32mclient_002_1  |[0m 2026-01-26 00:03:44,590 - __main__ - INFO - Update submitted for Round 7. Waiting...
[33mserver_1      |[0m INFO:__main__:--- Round 7 Acc: 34.41%, Loss: 2.0061 ---
[33mserver_1      |[0m INFO:__main__:--- Starting Round 8. Timeout: 300s ---
[33mserver_1      |[0m INFO:werkzeug:172.18.0.9 - - [26/Jan/2026 00:03:44] "POST /submit_update HTTP/1.1" 200 -
[33;1mclient_006_1  |[0m 2026-01-26 00:03:44,856 - __main__ - INFO - 🚀 Model update submitted successfully.
[33;1mclient_006_1  |[0m 2026-01-26 00:03:44,857 - __main__ - INFO - Update submitted for Round 7. Waiting...
[34;1mclient_009_1  |[0m 2026-01-26 00:03:44,982 - __main__ - INFO - --- New Round Detected: 8 ---
[33mserver_1      |[0m INFO:werkzeug:172.18.0.19 - - [26/Jan/2026 00:03:45] "GET /download_model?round=8 HTTP/1.1" 200 -
[33mclient_001_1  |[0m 2026-01-26 00:03:45,659 - __main__ - INFO - --- New Round Detected: 8 ---
[33mserver_1      |[0m INFO:werkzeug:172.18.0.18 - - [26/Jan/2026 00:03:45] "GET /download_model?round=8 HTTP/1.1" 200 -
[34;1mclient_009_1  |[0m 2026-01-26 00:03:45,841 - __main__ - INFO - Round 8 finished. Loss: 1.1651, Acc: 70.81%
[33mserver_1      |[0m INFO:__main__:Received update from client_009
[33mserver_1      |[0m INFO:werkzeug:172.18.0.19 - - [26/Jan/2026 00:03:45] "POST /submit_update HTTP/1.1" 200 -
[34;1mclient_009_1  |[0m 2026-01-26 00:03:45,974 - __main__ - INFO - 🚀 Model update submitted successfully.
[34;1mclient_009_1  |[0m 2026-01-26 00:03:45,974 - __main__ - INFO - Update submitted for Round 8. Waiting...
[33mclient_001_1  |[0m 2026-01-26 00:03:46,010 - __main__ - INFO - Round 8 finished. Loss: 0.6848, Acc: 95.79%
[35;1mclient_008_1  |[0m 2026-01-26 00:03:46,053 - __main__ - INFO - --- New Round Detected: 8 ---
[33mserver_1      |[0m INFO:werkzeug:172.18.0.17 - - [26/Jan/2026 00:03:46] "GET /download_model?round=8 HTTP/1.1" 200 -
[33mserver_1      |[0m INFO:__main__:Received update from client_001
[33mserver_1      |[0m INFO:werkzeug:172.18.0.18 - - [26/Jan/2026 00:03:46] "POST /submit_update HTTP/1.1" 200 -
[33mclient_001_1  |[0m 2026-01-26 00:03:46,173 - __main__ - INFO - 🚀 Model update submitted successfully.
[33mclient_001_1  |[0m 2026-01-26 00:03:46,174 - __main__ - INFO - Update submitted for Round 8. Waiting...
[34mclient_004_1  |[0m 2026-01-26 00:03:46,434 - __main__ - INFO - --- New Round Detected: 8 ---
[33mserver_1      |[0m INFO:werkzeug:172.18.0.6 - - [26/Jan/2026 00:03:46] "GET /download_model?round=8 HTTP/1.1" 200 -
[35;1mclient_008_1  |[0m 2026-01-26 00:03:46,627 - __main__ - INFO - Round 8 finished. Loss: 0.3065, Acc: 98.82%
[33mserver_1      |[0m INFO:__main__:Received update from client_008
[33mserver_1      |[0m INFO:werkzeug:172.18.0.17 - - [26/Jan/2026 00:03:46] "POST /submit_update HTTP/1.1" 200 -
[35;1mclient_008_1  |[0m 2026-01-26 00:03:46,761 - __main__ - INFO - 🚀 Model update submitted successfully.
[35;1mclient_008_1  |[0m 2026-01-26 00:03:46,762 - __main__ - INFO - Update submitted for Round 8. Waiting...
[32;1mclient_007_1  |[0m 2026-01-26 00:03:46,793 - __main__ - INFO - --- New Round Detected: 8 ---
[33mserver_1      |[0m INFO:werkzeug:172.18.0.20 - - [26/Jan/2026 00:03:46] "GET /download_model?round=8 HTTP/1.1" 200 -
[32;1mclient_007_1  |[0m 2026-01-26 00:03:47,152 - __main__ - INFO - Round 8 finished. Loss: 1.4592, Acc: 57.51%
[33mserver_1      |[0m INFO:__main__:Received update from client_007
[33mserver_1      |[0m INFO:werkzeug:172.18.0.20 - - [26/Jan/2026 00:03:47] "POST /submit_update HTTP/1.1" 200 -
[32;1mclient_007_1  |[0m 2026-01-26 00:03:47,286 - __main__ - INFO - 🚀 Model update submitted successfully.
[32;1mclient_007_1  |[0m 2026-01-26 00:03:47,287 - __main__ - INFO - Update submitted for Round 8. Waiting...
[34mclient_004_1  |[0m 2026-01-26 00:03:48,630 - __main__ - INFO - Round 8 finished. Loss: 0.8603, Acc: 84.76%
[33mserver_1      |[0m INFO:__main__:Received update from client_004
[33mserver_1      |[0m INFO:__main__:--- Aggregating 5 updates ---
[33mserver_1      |[0m INFO:__main__:⚡ Using Custom Aggregator with Drift Metric...
[33mserver_1      |[0m INFO:server.aggregator:Starting FedAvg aggregation for 5 clients.
[35mclient_003_1  |[0m 2026-01-26 00:03:49,609 - __main__ - INFO - --- New Round Detected: 8 ---
[33mserver_1      |[0m INFO:werkzeug:172.18.0.8 - - [26/Jan/2026 00:03:49] "GET /download_model?round=8 HTTP/1.1" 200 -
[33mserver_1      |[0m INFO:server.aggregator:--- [METRIC] Weight Divergence: 2.4322
[33mserver_1      |[0m INFO:server.aggregator:FedAvg aggregation complete.
[33mserver_1      |[0m INFO:__main__:Aggregation complete.
[33mserver_1      |[0m DEBUG: ⚠️ MY CUSTOM AGGREGATOR IS RUNNING ⚠️
[33mserver_1      |[0m INFO:__main__:--- Round 8 Acc: 36.98%, Loss: 1.7759 ---
[33mserver_1      |[0m INFO:__main__:--- Starting Round 9. Timeout: 300s ---
[33mserver_1      |[0m INFO:werkzeug:172.18.0.6 - - [26/Jan/2026 00:03:52] "POST /submit_update HTTP/1.1" 200 -
[34mclient_004_1  |[0m 2026-01-26 00:03:52,181 - __main__ - INFO - 🚀 Model update submitted successfully.
[34mclient_004_1  |[0m 2026-01-26 00:03:52,181 - __main__ - INFO - Update submitted for Round 8. Waiting...
[36mclient_010_1  |[0m 2026-01-26 00:03:53,250 - __main__ - INFO - --- New Round Detected: 9 ---
[33mserver_1      |[0m INFO:werkzeug:172.18.0.16 - - [26/Jan/2026 00:03:53] "GET /download_model?round=9 HTTP/1.1" 200 -
[36;1mclient_005_1  |[0m 2026-01-26 00:03:53,322 - __main__ - INFO - --- New Round Detected: 9 ---
[33mserver_1      |[0m INFO:werkzeug:172.18.0.21 - - [26/Jan/2026 00:03:53] "GET /download_model?round=9 HTTP/1.1" 200 -
[36mclient_010_1  |[0m 2026-01-26 00:03:53,581 - __main__ - INFO - Round 9 finished. Loss: 0.6178, Acc: 96.43%
[33mserver_1      |[0m INFO:__main__:Received update from client_010
[33mserver_1      |[0m INFO:werkzeug:172.18.0.16 - - [26/Jan/2026 00:03:53] "POST /submit_update HTTP/1.1" 200 -
[36mclient_010_1  |[0m 2026-01-26 00:03:53,715 - __main__ - INFO - 🚀 Model update submitted successfully.
[36mclient_010_1  |[0m 2026-01-26 00:03:53,715 - __main__ - INFO - Update submitted for Round 9. Waiting...
[36;1mclient_005_1  |[0m 2026-01-26 00:03:54,243 - __main__ - INFO - Round 9 finished. Loss: 0.6374, Acc: 94.53%
[33mserver_1      |[0m INFO:__main__:Received update from client_005
[33mserver_1      |[0m INFO:werkzeug:172.18.0.21 - - [26/Jan/2026 00:03:54] "POST /submit_update HTTP/1.1" 200 -
[36;1mclient_005_1  |[0m 2026-01-26 00:03:54,386 - __main__ - INFO - 🚀 Model update submitted successfully.
[36;1mclient_005_1  |[0m 2026-01-26 00:03:54,386 - __main__ - INFO - Update submitted for Round 9. Waiting...
[32mclient_002_1  |[0m 2026-01-26 00:03:54,663 - __main__ - INFO - --- New Round Detected: 9 ---
[33mserver_1      |[0m INFO:werkzeug:172.18.0.22 - - [26/Jan/2026 00:03:54] "GET /download_model?round=9 HTTP/1.1" 200 -
[33;1mclient_006_1  |[0m 2026-01-26 00:03:54,919 - __main__ - INFO - --- New Round Detected: 9 ---
[33mserver_1      |[0m INFO:werkzeug:172.18.0.9 - - [26/Jan/2026 00:03:54] "GET /download_model?round=9 HTTP/1.1" 200 -
[33;1mclient_006_1  |[0m 2026-01-26 00:03:55,059 - __main__ - INFO - Round 9 finished. Loss: 0.7358, Acc: 85.71%
[33mserver_1      |[0m INFO:__main__:Received update from client_006
[33mserver_1      |[0m INFO:werkzeug:172.18.0.9 - - [26/Jan/2026 00:03:55] "POST /submit_update HTTP/1.1" 200 -
[33;1mclient_006_1  |[0m 2026-01-26 00:03:55,194 - __main__ - INFO - 🚀 Model update submitted successfully.
[33;1mclient_006_1  |[0m 2026-01-26 00:03:55,194 - __main__ - INFO - Update submitted for Round 9. Waiting...
[32mclient_002_1  |[0m 2026-01-26 00:03:55,564 - __main__ - INFO - Round 9 finished. Loss: 0.5855, Acc: 90.32%
[33mserver_1      |[0m INFO:__main__:Received update from client_002
[33mserver_1      |[0m INFO:werkzeug:172.18.0.22 - - [26/Jan/2026 00:03:55] "POST /submit_update HTTP/1.1" 200 -
[32mclient_002_1  |[0m 2026-01-26 00:03:55,699 - __main__ - INFO - 🚀 Model update submitted successfully.
[32mclient_002_1  |[0m 2026-01-26 00:03:55,699 - __main__ - INFO - Update submitted for Round 9. Waiting...
[35mclient_003_1  |[0m 2026-01-26 00:03:55,913 - __main__ - INFO - Round 8 finished. Loss: 0.6701, Acc: 88.15%
[33mserver_1      |[0m INFO:__main__:Received update from client_003
[33mserver_1      |[0m INFO:__main__:--- Aggregating 5 updates ---
[33mserver_1      |[0m INFO:__main__:⚡ Using Custom Aggregator with Drift Metric...
[33mserver_1      |[0m INFO:server.aggregator:Starting FedAvg aggregation for 5 clients.
[34;1mclient_009_1  |[0m 2026-01-26 00:03:56,080 - __main__ - INFO - --- New Round Detected: 9 ---
[33mserver_1      |[0m INFO:werkzeug:172.18.0.19 - - [26/Jan/2026 00:03:56] "GET /download_model?round=9 HTTP/1.1" 200 -
[33mclient_001_1  |[0m 2026-01-26 00:03:56,235 - __main__ - INFO - --- New Round Detected: 9 ---
[33mserver_1      |[0m INFO:werkzeug:172.18.0.18 - - [26/Jan/2026 00:03:56] "GET /download_model?round=9 HTTP/1.1" 200 -
[33mclient_001_1  |[0m 2026-01-26 00:03:56,609 - __main__ - INFO - Round 9 finished. Loss: 0.3759, Acc: 95.15%
[33mserver_1      |[0m INFO:werkzeug:172.18.0.18 - - [26/Jan/2026 00:03:56] "[31m[1mPOST /submit_update HTTP/1.1[0m" 400 -
[33mclient_001_1  |[0m 2026-01-26 00:03:56,672 - __main__ - ERROR - Update submission failed: {"error":"Not accepting updates"}
[33mclient_001_1  |[0m 
[33mclient_001_1  |[0m 2026-01-26 00:03:56,672 - __main__ - INFO - Update submitted for Round 9. Waiting...
[35;1mclient_008_1  |[0m 2026-01-26 00:03:56,828 - __main__ - INFO - --- New Round Detected: 9 ---
[33mserver_1      |[0m INFO:werkzeug:172.18.0.17 - - [26/Jan/2026 00:03:56] "GET /download_model?round=9 HTTP/1.1" 200 -
[34;1mclient_009_1  |[0m 2026-01-26 00:03:56,993 - __main__ - INFO - Round 9 finished. Loss: 0.9342, Acc: 75.17%
[33mserver_1      |[0m INFO:werkzeug:172.18.0.19 - - [26/Jan/2026 00:03:57] "[31m[1mPOST /submit_update HTTP/1.1[0m" 400 -
[34;1mclient_009_1  |[0m 2026-01-26 00:03:57,107 - __main__ - ERROR - Update submission failed: {"error":"Not accepting updates"}
[34;1mclient_009_1  |[0m 
[34;1mclient_009_1  |[0m 2026-01-26 00:03:57,108 - __main__ - INFO - Update submitted for Round 9. Waiting...
[32;1mclient_007_1  |[0m 2026-01-26 00:03:57,358 - __main__ - INFO - --- New Round Detected: 9 ---
[33mserver_1      |[0m INFO:werkzeug:172.18.0.20 - - [26/Jan/2026 00:03:57] "GET /download_model?round=9 HTTP/1.1" 200 -
[35;1mclient_008_1  |[0m 2026-01-26 00:03:57,423 - __main__ - INFO - Round 9 finished. Loss: 0.3021, Acc: 98.62%
[33mserver_1      |[0m INFO:werkzeug:172.18.0.17 - - [26/Jan/2026 00:03:57] "[31m[1mPOST /submit_update HTTP/1.1[0m" 400 -
[35;1mclient_008_1  |[0m 2026-01-26 00:03:57,486 - __main__ - ERROR - Update submission failed: {"error":"Not accepting updates"}
[35;1mclient_008_1  |[0m 
[35;1mclient_008_1  |[0m 2026-01-26 00:03:57,486 - __main__ - INFO - Update submitted for Round 9. Waiting...
[32;1mclient_007_1  |[0m 2026-01-26 00:03:57,740 - __main__ - INFO - Round 9 finished. Loss: 1.3694, Acc: 61.36%
[33mserver_1      |[0m INFO:werkzeug:172.18.0.20 - - [26/Jan/2026 00:03:57] "[31m[1mPOST /submit_update HTTP/1.1[0m" 400 -
[33mserver_1      |[0m INFO:server.aggregator:--- [METRIC] Weight Divergence: 3.2050
[33mserver_1      |[0m INFO:server.aggregator:FedAvg aggregation complete.
[33mserver_1      |[0m INFO:__main__:Aggregation complete.
[32;1mclient_007_1  |[0m 2026-01-26 00:03:57,805 - __main__ - ERROR - Update submission failed: {"error":"Not accepting updates"}
[32;1mclient_007_1  |[0m 
[32;1mclient_007_1  |[0m 2026-01-26 00:03:57,805 - __main__ - INFO - Update submitted for Round 9. Waiting...
[33mserver_1      |[0m DEBUG: ⚠️ MY CUSTOM AGGREGATOR IS RUNNING ⚠️
[33mserver_1      |[0m INFO:__main__:--- Round 9 Acc: 36.31%, Loss: 1.9354 ---
[33mserver_1      |[0m INFO:__main__:--- Starting Round 10. Timeout: 300s ---
[33mserver_1      |[0m INFO:werkzeug:172.18.0.8 - - [26/Jan/2026 00:03:59] "POST /submit_update HTTP/1.1" 200 -
[35mclient_003_1  |[0m 2026-01-26 00:03:59,224 - __main__ - INFO - 🚀 Model update submitted successfully.
[35mclient_003_1  |[0m 2026-01-26 00:03:59,224 - __main__ - INFO - Update submitted for Round 8. Waiting...
[34mclient_004_1  |[0m 2026-01-26 00:04:02,245 - __main__ - INFO - --- New Round Detected: 10 ---
[33mserver_1      |[0m INFO:werkzeug:172.18.0.6 - - [26/Jan/2026 00:04:02] "GET /download_model?round=10 HTTP/1.1" 200 -
[36mclient_010_1  |[0m 2026-01-26 00:04:03,795 - __main__ - INFO - --- New Round Detected: 10 ---
[33mserver_1      |[0m INFO:werkzeug:172.18.0.16 - - [26/Jan/2026 00:04:03] "GET /download_model?round=10 HTTP/1.1" 200 -
[36mclient_010_1  |[0m 2026-01-26 00:04:04,275 - __main__ - INFO - Round 10 finished. Loss: 0.8363, Acc: 96.80%
[33mserver_1      |[0m INFO:__main__:Received update from client_010
[33mserver_1      |[0m INFO:werkzeug:172.18.0.16 - - [26/Jan/2026 00:04:04] "POST /submit_update HTTP/1.1" 200 -
[36mclient_010_1  |[0m 2026-01-26 00:04:04,429 - __main__ - INFO - 🚀 Model update submitted successfully.
[36mclient_010_1  |[0m 2026-01-26 00:04:04,430 - __main__ - INFO - Update submitted for Round 10. Waiting...
[36;1mclient_005_1  |[0m 2026-01-26 00:04:04,464 - __main__ - INFO - --- New Round Detected: 10 ---
[33mserver_1      |[0m INFO:werkzeug:172.18.0.21 - - [26/Jan/2026 00:04:04] "GET /download_model?round=10 HTTP/1.1" 200 -
[34mclient_004_1  |[0m 2026-01-26 00:04:04,598 - __main__ - INFO - Round 10 finished. Loss: 0.8158, Acc: 86.15%
[33mserver_1      |[0m INFO:__main__:Received update from client_004
[33mserver_1      |[0m INFO:werkzeug:172.18.0.6 - - [26/Jan/2026 00:04:04] "POST /submit_update HTTP/1.1" 200 -
[34mclient_004_1  |[0m 2026-01-26 00:04:04,734 - __main__ - INFO - 🚀 Model update submitted successfully.
[34mclient_004_1  |[0m 2026-01-26 00:04:04,734 - __main__ - INFO - Update submitted for Round 10. Waiting...
[33;1mclient_006_1  |[0m 2026-01-26 00:04:05,273 - __main__ - INFO - --- New Round Detected: 10 ---
[33mserver_1      |[0m INFO:werkzeug:172.18.0.9 - - [26/Jan/2026 00:04:05] "GET /download_model?round=10 HTTP/1.1" 200 -
[33;1mclient_006_1  |[0m 2026-01-26 00:04:05,412 - __main__ - INFO - Round 10 finished. Loss: 0.8372, Acc: 78.57%
[33mserver_1      |[0m INFO:__main__:Received update from client_006
[33mserver_1      |[0m INFO:werkzeug:172.18.0.9 - - [26/Jan/2026 00:04:05] "POST /submit_update HTTP/1.1" 200 -
[33;1mclient_006_1  |[0m 2026-01-26 00:04:05,550 - __main__ - INFO - 🚀 Model update submitted successfully.
[33;1mclient_006_1  |[0m 2026-01-26 00:04:05,550 - __main__ - INFO - Update submitted for Round 10. Waiting...
[32mclient_002_1  |[0m 2026-01-26 00:04:05,783 - __main__ - INFO - --- New Round Detected: 10 ---
[33mserver_1      |[0m INFO:werkzeug:172.18.0.22 - - [26/Jan/2026 00:04:05] "GET /download_model?round=10 HTTP/1.1" 200 -
[36;1mclient_005_1  |[0m 2026-01-26 00:04:05,887 - __main__ - INFO - Round 10 finished. Loss: 0.6444, Acc: 94.81%
[33mserver_1      |[0m INFO:__main__:Received update from client_005
[33mserver_1      |[0m INFO:werkzeug:172.18.0.21 - - [26/Jan/2026 00:04:06] "POST /submit_update HTTP/1.1" 200 -
[36;1mclient_005_1  |[0m 2026-01-26 00:04:06,031 - __main__ - INFO - 🚀 Model update submitted successfully.
[36;1mclient_005_1  |[0m 2026-01-26 00:04:06,032 - __main__ - INFO - Update submitted for Round 10. Waiting...
[32mclient_002_1  |[0m 2026-01-26 00:04:06,665 - __main__ - INFO - Round 10 finished. Loss: 0.8176, Acc: 91.11%
[33mclient_001_1  |[0m 2026-01-26 00:04:06,737 - __main__ - INFO - --- New Round Detected: 10 ---
[33mserver_1      |[0m INFO:werkzeug:172.18.0.18 - - [26/Jan/2026 00:04:06] "GET /download_model?round=10 HTTP/1.1" 200 -
[33mserver_1      |[0m INFO:__main__:Received update from client_002
[33mserver_1      |[0m INFO:__main__:--- Aggregating 5 updates ---
[33mserver_1      |[0m INFO:__main__:⚡ Using Custom Aggregator with Drift Metric...
[33mserver_1      |[0m INFO:server.aggregator:Starting FedAvg aggregation for 5 clients.
[33mclient_001_1  |[0m 2026-01-26 00:04:06,993 - __main__ - INFO - Round 10 finished. Loss: 0.6655, Acc: 97.09%
[33mserver_1      |[0m INFO:werkzeug:172.18.0.18 - - [26/Jan/2026 00:04:07] "[31m[1mPOST /submit_update HTTP/1.1[0m" 400 -
[33mclient_001_1  |[0m 2026-01-26 00:04:07,062 - __main__ - ERROR - Update submission failed: {"error":"Not accepting updates"}
[33mclient_001_1  |[0m 
[33mclient_001_1  |[0m 2026-01-26 00:04:07,063 - __main__ - INFO - Update submitted for Round 10. Waiting...
[34;1mclient_009_1  |[0m 2026-01-26 00:04:07,200 - __main__ - INFO - --- New Round Detected: 10 ---
[33mserver_1      |[0m INFO:werkzeug:172.18.0.19 - - [26/Jan/2026 00:04:07] "GET /download_model?round=10 HTTP/1.1" 200 -
[35;1mclient_008_1  |[0m 2026-01-26 00:04:07,551 - __main__ - INFO - --- New Round Detected: 10 ---
[33mserver_1      |[0m INFO:werkzeug:172.18.0.17 - - [26/Jan/2026 00:04:07] "GET /download_model?round=10 HTTP/1.1" 200 -
[32;1mclient_007_1  |[0m 2026-01-26 00:04:07,870 - __main__ - INFO - --- New Round Detected: 10 ---
[33mserver_1      |[0m INFO:werkzeug:172.18.0.20 - - [26/Jan/2026 00:04:07] "GET /download_model?round=10 HTTP/1.1" 200 -
[32;1mclient_007_1  |[0m 2026-01-26 00:04:08,290 - __main__ - INFO - Round 10 finished. Loss: 1.3127, Acc: 64.84%
[33mserver_1      |[0m INFO:werkzeug:172.18.0.20 - - [26/Jan/2026 00:04:08] "[31m[1mPOST /submit_update HTTP/1.1[0m" 400 -
[32;1mclient_007_1  |[0m 2026-01-26 00:04:08,355 - __main__ - ERROR - Update submission failed: {"error":"Not accepting updates"}
[32;1mclient_007_1  |[0m 
[32;1mclient_007_1  |[0m 2026-01-26 00:04:08,355 - __main__ - INFO - Update submitted for Round 10. Waiting...
[35;1mclient_008_1  |[0m 2026-01-26 00:04:08,418 - __main__ - INFO - Round 10 finished. Loss: 0.3469, Acc: 98.77%
[33mserver_1      |[0m INFO:werkzeug:172.18.0.17 - - [26/Jan/2026 00:04:08] "[31m[1mPOST /submit_update HTTP/1.1[0m" 400 -
[35;1mclient_008_1  |[0m 2026-01-26 00:04:08,489 - __main__ - ERROR - Update submission failed: {"error":"Not accepting updates"}
[35;1mclient_008_1  |[0m 
[35;1mclient_008_1  |[0m 2026-01-26 00:04:08,489 - __main__ - INFO - Update submitted for Round 10. Waiting...
[34;1mclient_009_1  |[0m 2026-01-26 00:04:08,612 - __main__ - INFO - Round 10 finished. Loss: 1.1505, Acc: 72.50%
[33mserver_1      |[0m INFO:werkzeug:172.18.0.19 - - [26/Jan/2026 00:04:08] "[31m[1mPOST /submit_update HTTP/1.1[0m" 400 -
[34;1mclient_009_1  |[0m 2026-01-26 00:04:08,685 - __main__ - ERROR - Update submission failed: {"error":"Not accepting updates"}
[34;1mclient_009_1  |[0m 
[34;1mclient_009_1  |[0m 2026-01-26 00:04:08,685 - __main__ - INFO - Update submitted for Round 10. Waiting...
[33mserver_1      |[0m INFO:server.aggregator:--- [METRIC] Weight Divergence: 2.5182
[33mserver_1      |[0m INFO:server.aggregator:FedAvg aggregation complete.
[33mserver_1      |[0m INFO:__main__:Aggregation complete.
[33mserver_1      |[0m DEBUG: ⚠️ MY CUSTOM AGGREGATOR IS RUNNING ⚠️
[35mclient_003_1  |[0m 2026-01-26 00:04:09,348 - __main__ - INFO - --- New Round Detected: 10 ---
[33mserver_1      |[0m INFO:werkzeug:172.18.0.8 - - [26/Jan/2026 00:04:09] "GET /download_model?round=10 HTTP/1.1" 200 -
[33mserver_1      |[0m INFO:__main__:--- Round 10 Acc: 36.13%, Loss: 1.8364 ---
[33mserver_1      |[0m INFO:__main__:--- Starting Round 11. Timeout: 300s ---
[33mserver_1      |[0m INFO:werkzeug:172.18.0.22 - - [26/Jan/2026 00:04:10] "POST /submit_update HTTP/1.1" 200 -
[32mclient_002_1  |[0m 2026-01-26 00:04:10,501 - __main__ - INFO - 🚀 Model update submitted successfully.
[32mclient_002_1  |[0m 2026-01-26 00:04:10,502 - __main__ - INFO - Update submitted for Round 10. Waiting...
[35mclient_003_1  |[0m 2026-01-26 00:04:13,438 - __main__ - INFO - Round 10 finished. Loss: 0.5465, Acc: 91.83%
[33mserver_1      |[0m INFO:__main__:Received update from client_003
[33mserver_1      |[0m INFO:werkzeug:172.18.0.8 - - [26/Jan/2026 00:04:13] "POST /submit_update HTTP/1.1" 200 -
[35mclient_003_1  |[0m 2026-01-26 00:04:13,594 - __main__ - INFO - 🚀 Model update submitted successfully.
[35mclient_003_1  |[0m 2026-01-26 00:04:13,594 - __main__ - INFO - Update submitted for Round 10. Waiting...
[36mclient_010_1  |[0m 2026-01-26 00:04:14,498 - __main__ - INFO - --- New Round Detected: 11 ---
[33mserver_1      |[0m INFO:werkzeug:172.18.0.16 - - [26/Jan/2026 00:04:14] "GET /download_model?round=11 HTTP/1.1" 200 -
[34mclient_004_1  |[0m 2026-01-26 00:04:14,796 - __main__ - INFO - --- New Round Detected: 11 ---
[33mserver_1      |[0m INFO:werkzeug:172.18.0.6 - - [26/Jan/2026 00:04:14] "GET /download_model?round=11 HTTP/1.1" 200 -
[36mclient_010_1  |[0m 2026-01-26 00:04:14,947 - __main__ - INFO - Round 11 finished. Loss: 0.7347, Acc: 97.91%
[33mserver_1      |[0m INFO:__main__:Received update from client_010
[33mserver_1      |[0m INFO:werkzeug:172.18.0.16 - - [26/Jan/2026 00:04:15] "POST /submit_update HTTP/1.1" 200 -
[36mclient_010_1  |[0m 2026-01-26 00:04:15,082 - __main__ - INFO - 🚀 Model update submitted successfully.
[36mclient_010_1  |[0m 2026-01-26 00:04:15,082 - __main__ - INFO - Update submitted for Round 11. Waiting...
[33;1mclient_006_1  |[0m 2026-01-26 00:04:15,619 - __main__ - INFO - --- New Round Detected: 11 ---
[33mserver_1      |[0m INFO:werkzeug:172.18.0.9 - - [26/Jan/2026 00:04:15] "GET /download_model?round=11 HTTP/1.1" 200 -
[33;1mclient_006_1  |[0m 2026-01-26 00:04:15,757 - __main__ - INFO - Round 11 finished. Loss: 0.9773, Acc: 71.43%
[33mserver_1      |[0m INFO:__main__:Received update from client_006
[33mserver_1      |[0m INFO:werkzeug:172.18.0.9 - - [26/Jan/2026 00:04:15] "POST /submit_update HTTP/1.1" 200 -
[33;1mclient_006_1  |[0m 2026-01-26 00:04:15,891 - __main__ - INFO - 🚀 Model update submitted successfully.
[33;1mclient_006_1  |[0m 2026-01-26 00:04:15,891 - __main__ - INFO - Update submitted for Round 11. Waiting...
[36;1mclient_005_1  |[0m 2026-01-26 00:04:16,099 - __main__ - INFO - --- New Round Detected: 11 ---
[33mserver_1      |[0m INFO:werkzeug:172.18.0.21 - - [26/Jan/2026 00:04:16] "GET /download_model?round=11 HTTP/1.1" 200 -
[33mclient_001_1  |[0m 2026-01-26 00:04:17,154 - __main__ - INFO - --- New Round Detected: 11 ---
[33mserver_1      |[0m INFO:werkzeug:172.18.0.18 - - [26/Jan/2026 00:04:17] "GET /download_model?round=11 HTTP/1.1" 200 -
[33mclient_001_1  |[0m 2026-01-26 00:04:17,448 - __main__ - INFO - Round 11 finished. Loss: 0.5859, Acc: 99.03%
[33mserver_1      |[0m INFO:__main__:Received update from client_001
[33mserver_1      |[0m INFO:werkzeug:172.18.0.18 - - [26/Jan/2026 00:04:17] "POST /submit_update HTTP/1.1" 200 -
[33mclient_001_1  |[0m 2026-01-26 00:04:17,583 - __main__ - INFO - 🚀 Model update submitted successfully.
[33mclient_001_1  |[0m 2026-01-26 00:04:17,583 - __main__ - INFO - Update submitted for Round 11. Waiting...
[36;1mclient_005_1  |[0m 2026-01-26 00:04:17,708 - __main__ - INFO - Round 11 finished. Loss: 0.3572, Acc: 97.17%
[34mclient_004_1  |[0m 2026-01-26 00:04:17,751 - __main__ - INFO - Round 11 finished. Loss: 0.5851, Acc: 92.29%
[33mserver_1      |[0m INFO:__main__:Received update from client_005
[33mserver_1      |[0m INFO:__main__:--- Aggregating 5 updates ---
[33mserver_1      |[0m INFO:__main__:⚡ Using Custom Aggregator with Drift Metric...
[33mserver_1      |[0m INFO:server.aggregator:Starting FedAvg aggregation for 5 clients.
[32;1mclient_007_1  |[0m 2026-01-26 00:04:18,463 - __main__ - INFO - --- New Round Detected: 11 ---
[33mserver_1      |[0m INFO:werkzeug:172.18.0.20 - - [26/Jan/2026 00:04:18] "GET /download_model?round=11 HTTP/1.1" 200 -
[35;1mclient_008_1  |[0m 2026-01-26 00:04:18,566 - __main__ - INFO - --- New Round Detected: 11 ---
[33mserver_1      |[0m INFO:werkzeug:172.18.0.17 - - [26/Jan/2026 00:04:18] "GET /download_model?round=11 HTTP/1.1" 200 -
[34;1mclient_009_1  |[0m 2026-01-26 00:04:18,755 - __main__ - INFO - --- New Round Detected: 11 ---
[33mserver_1      |[0m INFO:werkzeug:172.18.0.19 - - [26/Jan/2026 00:04:18] "GET /download_model?round=11 HTTP/1.1" 200 -
[33mserver_1      |[0m INFO:server.aggregator:--- [METRIC] Weight Divergence: 3.1836
[33mserver_1      |[0m INFO:server.aggregator:FedAvg aggregation complete.
[33mserver_1      |[0m INFO:__main__:Aggregation complete.
[32;1mclient_007_1  |[0m 2026-01-26 00:04:18,859 - __main__ - INFO - Round 11 finished. Loss: 1.2379, Acc: 70.70%
[33mserver_1      |[0m INFO:werkzeug:172.18.0.20 - - [26/Jan/2026 00:04:18] "[31m[1mPOST /submit_update HTTP/1.1[0m" 400 -
[32;1mclient_007_1  |[0m 2026-01-26 00:04:18,926 - __main__ - ERROR - Update submission failed: {"error":"Not accepting updates"}
[32;1mclient_007_1  |[0m 
[32;1mclient_007_1  |[0m 2026-01-26 00:04:18,928 - __main__ - INFO - Update submitted for Round 11. Waiting...
[33mserver_1      |[0m DEBUG: ⚠️ MY CUSTOM AGGREGATOR IS RUNNING ⚠️
[35;1mclient_008_1  |[0m 2026-01-26 00:04:19,555 - __main__ - INFO - Round 11 finished. Loss: 0.5609, Acc: 96.21%
[33mserver_1      |[0m INFO:werkzeug:172.18.0.17 - - [26/Jan/2026 00:04:19] "[31m[1mPOST /submit_update HTTP/1.1[0m" 400 -
[35;1mclient_008_1  |[0m 2026-01-26 00:04:19,619 - __main__ - ERROR - Update submission failed: {"error":"Not accepting updates"}
[35;1mclient_008_1  |[0m 
[35;1mclient_008_1  |[0m 2026-01-26 00:04:19,620 - __main__ - INFO - Update submitted for Round 11. Waiting...
[33mserver_1      |[0m INFO:__main__:--- Round 11 Acc: 37.98%, Loss: 1.9368 ---
[33mserver_1      |[0m INFO:__main__:--- Starting Round 12. Timeout: 300s ---
[33mserver_1      |[0m INFO:werkzeug:172.18.0.21 - - [26/Jan/2026 00:04:20] "POST /submit_update HTTP/1.1" 200 -
[33mserver_1      |[0m INFO:__main__:Received update from client_004
[33mserver_1      |[0m INFO:werkzeug:172.18.0.6 - - [26/Jan/2026 00:04:20] "POST /submit_update HTTP/1.1" 200 -
[36;1mclient_005_1  |[0m 2026-01-26 00:04:20,343 - __main__ - INFO - 🚀 Model update submitted successfully.
[36;1mclient_005_1  |[0m 2026-01-26 00:04:20,343 - __main__ - INFO - Update submitted for Round 11. Waiting...
[34mclient_004_1  |[0m 2026-01-26 00:04:20,345 - __main__ - INFO - 🚀 Model update submitted successfully.
[34mclient_004_1  |[0m 2026-01-26 00:04:20,345 - __main__ - INFO - Update submitted for Round 11. Waiting...
[34;1mclient_009_1  |[0m 2026-01-26 00:04:20,425 - __main__ - INFO - Round 11 finished. Loss: 1.0975, Acc: 74.01%
[33mserver_1      |[0m INFO:__main__:Received update from client_009
[33mserver_1      |[0m INFO:werkzeug:172.18.0.19 - - [26/Jan/2026 00:04:20] "POST /submit_update HTTP/1.1" 200 -
[34;1mclient_009_1  |[0m 2026-01-26 00:04:20,562 - __main__ - INFO - 🚀 Model update submitted successfully.
[34;1mclient_009_1  |[0m 2026-01-26 00:04:20,562 - __main__ - INFO - Update submitted for Round 11. Waiting...
[32mclient_002_1  |[0m 2026-01-26 00:04:20,564 - __main__ - INFO - --- New Round Detected: 12 ---
[33mserver_1      |[0m INFO:werkzeug:172.18.0.22 - - [26/Jan/2026 00:04:20] "GET /download_model?round=12 HTTP/1.1" 200 -
[32mclient_002_1  |[0m 2026-01-26 00:04:21,423 - __main__ - INFO - Round 12 finished. Loss: 0.7956, Acc: 94.47%
[33mserver_1      |[0m INFO:__main__:Received update from client_002
[33mserver_1      |[0m INFO:werkzeug:172.18.0.22 - - [26/Jan/2026 00:04:21] "POST /submit_update HTTP/1.1" 200 -
[32mclient_002_1  |[0m 2026-01-26 00:04:21,558 - __main__ - INFO - 🚀 Model update submitted successfully.
[32mclient_002_1  |[0m 2026-01-26 00:04:21,558 - __main__ - INFO - Update submitted for Round 12. Waiting...
[35mclient_003_1  |[0m 2026-01-26 00:04:23,658 - __main__ - INFO - --- New Round Detected: 12 ---
[33mserver_1      |[0m INFO:werkzeug:172.18.0.8 - - [26/Jan/2026 00:04:23] "GET /download_model?round=12 HTTP/1.1" 200 -
[36mclient_010_1  |[0m 2026-01-26 00:04:25,174 - __main__ - INFO - --- New Round Detected: 12 ---
[33mserver_1      |[0m INFO:werkzeug:172.18.0.16 - - [26/Jan/2026 00:04:25] "GET /download_model?round=12 HTTP/1.1" 200 -
[36mclient_010_1  |[0m 2026-01-26 00:04:25,652 - __main__ - INFO - Round 12 finished. Loss: 0.8425, Acc: 97.29%
[33mserver_1      |[0m INFO:__main__:Received update from client_010
[33mserver_1      |[0m INFO:werkzeug:172.18.0.16 - - [26/Jan/2026 00:04:25] "POST /submit_update HTTP/1.1" 200 -
[36mclient_010_1  |[0m 2026-01-26 00:04:25,786 - __main__ - INFO - 🚀 Model update submitted successfully.
[36mclient_010_1  |[0m 2026-01-26 00:04:25,786 - __main__ - INFO - Update submitted for Round 12. Waiting...
[33;1mclient_006_1  |[0m 2026-01-26 00:04:25,967 - __main__ - INFO - --- New Round Detected: 12 ---
[33mserver_1      |[0m INFO:werkzeug:172.18.0.9 - - [26/Jan/2026 00:04:25] "GET /download_model?round=12 HTTP/1.1" 200 -
[33;1mclient_006_1  |[0m 2026-01-26 00:04:26,127 - __main__ - INFO - Round 12 finished. Loss: 0.7818, Acc: 78.57%
[33mserver_1      |[0m INFO:__main__:Received update from client_006
[33mserver_1      |[0m INFO:__main__:--- Aggregating 5 updates ---
[33mserver_1      |[0m INFO:__main__:⚡ Using Custom Aggregator with Drift Metric...
[33mserver_1      |[0m INFO:server.aggregator:Starting FedAvg aggregation for 5 clients.
[33mclient_011_1  |[0m 2026-01-26 00:04:27,449 - __main__ - INFO - Round 0 finished. Loss: 1.9718, Acc: 38.49%
[33mserver_1      |[0m INFO:server.aggregator:--- [METRIC] Weight Divergence: 3.3550
[33mserver_1      |[0m INFO:server.aggregator:FedAvg aggregation complete.
[33mserver_1      |[0m INFO:__main__:Aggregation complete.
[33mserver_1      |[0m DEBUG: ⚠️ MY CUSTOM AGGREGATOR IS RUNNING ⚠️
[33mclient_001_1  |[0m 2026-01-26 00:04:27,672 - __main__ - INFO - --- New Round Detected: 12 ---
[33mserver_1      |[0m INFO:werkzeug:172.18.0.3 - - [26/Jan/2026 00:04:27] "[31m[1mPOST /submit_update HTTP/1.1[0m" 400 -
[33mserver_1      |[0m INFO:werkzeug:172.18.0.18 - - [26/Jan/2026 00:04:27] "GET /download_model?round=12 HTTP/1.1" 200 -
[33mclient_011_1  |[0m 2026-01-26 00:04:28,088 - __main__ - ERROR - Update submission failed: {"error":"Not accepting updates"}
[33mclient_011_1  |[0m 
[33mclient_011_1  |[0m 2026-01-26 00:04:28,089 - __main__ - INFO - Update submitted for Round 0. Waiting...
[33mclient_001_1  |[0m 2026-01-26 00:04:28,092 - __main__ - INFO - Round 12 finished. Loss: 0.6502, Acc: 95.15%
[33mserver_1      |[0m INFO:werkzeug:172.18.0.18 - - [26/Jan/2026 00:04:28] "[31m[1mPOST /submit_update HTTP/1.1[0m" 400 -
[33mclient_001_1  |[0m 2026-01-26 00:04:28,225 - __main__ - ERROR - Update submission failed: {"error":"Not accepting updates"}
[33mclient_001_1  |[0m 
[33mclient_001_1  |[0m 2026-01-26 00:04:28,225 - __main__ - INFO - Update submitted for Round 12. Waiting...
[33mserver_1      |[0m INFO:__main__:--- Round 12 Acc: 41.75%, Loss: 1.6924 ---
[33mserver_1      |[0m INFO:__main__:--- Starting Round 13. Timeout: 300s ---
[33mserver_1      |[0m INFO:werkzeug:172.18.0.9 - - [26/Jan/2026 00:04:28] "POST /submit_update HTTP/1.1" 200 -
[33;1mclient_006_1  |[0m 2026-01-26 00:04:28,746 - __main__ - INFO - 🚀 Model update submitted successfully.
[33;1mclient_006_1  |[0m 2026-01-26 00:04:28,746 - __main__ - INFO - Update submitted for Round 12. Waiting...
[32;1mclient_007_1  |[0m 2026-01-26 00:04:29,000 - __main__ - INFO - --- New Round Detected: 13 ---
[33mserver_1      |[0m INFO:werkzeug:172.18.0.20 - - [26/Jan/2026 00:04:29] "GET /download_model?round=13 HTTP/1.1" 200 -
[32;1mclient_007_1  |[0m 2026-01-26 00:04:29,360 - __main__ - INFO - Round 13 finished. Loss: 1.2328, Acc: 67.22%
[33mserver_1      |[0m INFO:__main__:Received update from client_007
[33mserver_1      |[0m INFO:werkzeug:172.18.0.20 - - [26/Jan/2026 00:04:29] "POST /submit_update HTTP/1.1" 200 -
[32;1mclient_007_1  |[0m 2026-01-26 00:04:29,496 - __main__ - INFO - 🚀 Model update submitted successfully.
[32;1mclient_007_1  |[0m 2026-01-26 00:04:29,496 - __main__ - INFO - Update submitted for Round 13. Waiting...
[35;1mclient_008_1  |[0m 2026-01-26 00:04:29,683 - __main__ - INFO - --- New Round Detected: 13 ---
[33mserver_1      |[0m INFO:werkzeug:172.18.0.17 - - [26/Jan/2026 00:04:29] "GET /download_model?round=13 HTTP/1.1" 200 -
[35mclient_003_1  |[0m 2026-01-26 00:04:30,031 - __main__ - INFO - Round 12 finished. Loss: 0.4223, Acc: 96.16%
[33mserver_1      |[0m INFO:__main__:Received update from client_003
[33mserver_1      |[0m INFO:werkzeug:172.18.0.8 - - [26/Jan/2026 00:04:30] "POST /submit_update HTTP/1.1" 200 -
[35mclient_003_1  |[0m 2026-01-26 00:04:30,195 - __main__ - INFO - 🚀 Model update submitted successfully.
[35mclient_003_1  |[0m 2026-01-26 00:04:30,195 - __main__ - INFO - Update submitted for Round 12. Waiting...
[36;1mclient_005_1  |[0m 2026-01-26 00:04:30,438 - __main__ - INFO - --- New Round Detected: 13 ---
[34mclient_004_1  |[0m 2026-01-26 00:04:30,439 - __main__ - INFO - --- New Round Detected: 13 ---
[33mserver_1      |[0m INFO:werkzeug:172.18.0.21 - - [26/Jan/2026 00:04:30] "GET /download_model?round=13 HTTP/1.1" 200 -
[33mserver_1      |[0m INFO:werkzeug:172.18.0.6 - - [26/Jan/2026 00:04:30] "GET /download_model?round=13 HTTP/1.1" 200 -
[34;1mclient_009_1  |[0m 2026-01-26 00:04:30,624 - __main__ - INFO - --- New Round Detected: 13 ---
[35;1mclient_008_1  |[0m 2026-01-26 00:04:30,642 - __main__ - INFO - Round 13 finished. Loss: 0.5000, Acc: 97.29%
[33mserver_1      |[0m INFO:werkzeug:172.18.0.19 - - [26/Jan/2026 00:04:30] "GET /download_model?round=13 HTTP/1.1" 200 -
[33mserver_1      |[0m INFO:__main__:Received update from client_008
[33mserver_1      |[0m INFO:werkzeug:172.18.0.17 - - [26/Jan/2026 00:04:30] "POST /submit_update HTTP/1.1" 200 -
[35;1mclient_008_1  |[0m 2026-01-26 00:04:30,777 - __main__ - INFO - 🚀 Model update submitted successfully.
[35;1mclient_008_1  |[0m 2026-01-26 00:04:30,777 - __main__ - INFO - Update submitted for Round 13. Waiting...
[32mclient_002_1  |[0m 2026-01-26 00:04:31,639 - __main__ - INFO - --- New Round Detected: 13 ---
[33mserver_1      |[0m INFO:werkzeug:172.18.0.22 - - [26/Jan/2026 00:04:31] "GET /download_model?round=13 HTTP/1.1" 200 -
[36;1mclient_005_1  |[0m 2026-01-26 00:04:31,805 - __main__ - INFO - Round 13 finished. Loss: 0.4853, Acc: 96.64%
[33mserver_1      |[0m INFO:__main__:Received update from client_005
[33mserver_1      |[0m INFO:werkzeug:172.18.0.21 - - [26/Jan/2026 00:04:31] "POST /submit_update HTTP/1.1" 200 -
[36;1mclient_005_1  |[0m 2026-01-26 00:04:31,939 - __main__ - INFO - 🚀 Model update submitted successfully.
[36;1mclient_005_1  |[0m 2026-01-26 00:04:31,940 - __main__ - INFO - Update submitted for Round 13. Waiting...
[34;1mclient_009_1  |[0m 2026-01-26 00:04:32,424 - __main__ - INFO - Round 13 finished. Loss: 0.8282, Acc: 77.83%
[33mserver_1      |[0m INFO:__main__:Received update from client_009
[33mserver_1      |[0m INFO:__main__:--- Aggregating 5 updates ---
[33mserver_1      |[0m INFO:__main__:⚡ Using Custom Aggregator with Drift Metric...
[33mserver_1      |[0m INFO:server.aggregator:Starting FedAvg aggregation for 5 clients.
[32mclient_002_1  |[0m 2026-01-26 00:04:32,662 - __main__ - INFO - Round 13 finished. Loss: 0.4630, Acc: 96.54%
[33mserver_1      |[0m INFO:werkzeug:172.18.0.22 - - [26/Jan/2026 00:04:32] "[31m[1mPOST /submit_update HTTP/1.1[0m" 400 -
[32mclient_002_1  |[0m 2026-01-26 00:04:32,725 - __main__ - ERROR - Update submission failed: {"error":"Not accepting updates"}
[32mclient_002_1  |[0m 
[32mclient_002_1  |[0m 2026-01-26 00:04:32,725 - __main__ - INFO - Update submitted for Round 13. Waiting...
[34mclient_004_1  |[0m 2026-01-26 00:04:32,746 - __main__ - INFO - Round 13 finished. Loss: 0.4739, Acc: 95.17%
[33mserver_1      |[0m INFO:werkzeug:172.18.0.6 - - [26/Jan/2026 00:04:32] "[31m[1mPOST /submit_update HTTP/1.1[0m" 400 -
[34mclient_004_1  |[0m 2026-01-26 00:04:32,814 - __main__ - ERROR - Update submission failed: {"error":"Not accepting updates"}
[34mclient_004_1  |[0m 
[34mclient_004_1  |[0m 2026-01-26 00:04:32,814 - __main__ - INFO - Update submitted for Round 13. Waiting...
[33mserver_1      |[0m INFO:server.aggregator:--- [METRIC] Weight Divergence: 3.4496
[33mserver_1      |[0m INFO:server.aggregator:FedAvg aggregation complete.
[33mserver_1      |[0m INFO:__main__:Aggregation complete.
[33mserver_1      |[0m DEBUG: ⚠️ MY CUSTOM AGGREGATOR IS RUNNING ⚠️
[33mserver_1      |[0m INFO:__main__:--- Round 13 Acc: 40.13%, Loss: 1.8205 ---
[33mserver_1      |[0m INFO:__main__:--- Starting Round 14. Timeout: 300s ---
[33mserver_1      |[0m INFO:werkzeug:172.18.0.19 - - [26/Jan/2026 00:04:35] "POST /submit_update HTTP/1.1" 200 -
[34;1mclient_009_1  |[0m 2026-01-26 00:04:35,367 - __main__ - INFO - 🚀 Model update submitted successfully.
[34;1mclient_009_1  |[0m 2026-01-26 00:04:35,367 - __main__ - INFO - Update submitted for Round 13. Waiting...
[36mclient_010_1  |[0m 2026-01-26 00:04:35,855 - __main__ - INFO - --- New Round Detected: 14 ---
[33mserver_1      |[0m INFO:werkzeug:172.18.0.16 - - [26/Jan/2026 00:04:35] "GET /download_model?round=14 HTTP/1.1" 200 -
[36mclient_010_1  |[0m 2026-01-26 00:04:36,359 - __main__ - INFO - Round 14 finished. Loss: 0.6601, Acc: 96.80%
[33mserver_1      |[0m INFO:__main__:Received update from client_010
[33mserver_1      |[0m INFO:werkzeug:172.18.0.16 - - [26/Jan/2026 00:04:36] "POST /submit_update HTTP/1.1" 200 -
[36mclient_010_1  |[0m 2026-01-26 00:04:36,495 - __main__ - INFO - 🚀 Model update submitted successfully.
[36mclient_010_1  |[0m 2026-01-26 00:04:36,496 - __main__ - INFO - Update submitted for Round 14. Waiting...
[33mclient_001_1  |[0m 2026-01-26 00:04:38,292 - __main__ - INFO - --- New Round Detected: 14 ---
[33mserver_1      |[0m INFO:werkzeug:172.18.0.18 - - [26/Jan/2026 00:04:38] "GET /download_model?round=14 HTTP/1.1" 200 -
[33mclient_011_1  |[0m 2026-01-26 00:04:38,534 - __main__ - INFO - --- New Round Detected: 14 ---
[33mclient_001_1  |[0m 2026-01-26 00:04:38,662 - __main__ - INFO - Round 14 finished. Loss: 0.4895, Acc: 96.44%
[33mserver_1      |[0m INFO:werkzeug:172.18.0.3 - - [26/Jan/2026 00:04:38] "GET /download_model?round=14 HTTP/1.1" 200 -
[33mserver_1      |[0m INFO:__main__:Received update from client_001
[33mserver_1      |[0m INFO:werkzeug:172.18.0.18 - - [26/Jan/2026 00:04:38] "POST /submit_update HTTP/1.1" 200 -
[33mclient_001_1  |[0m 2026-01-26 00:04:38,796 - __main__ - INFO - 🚀 Model update submitted successfully.
[33mclient_001_1  |[0m 2026-01-26 00:04:38,796 - __main__ - INFO - Update submitted for Round 14. Waiting...
[33;1mclient_006_1  |[0m 2026-01-26 00:04:38,808 - __main__ - INFO - --- New Round Detected: 14 ---
[33mserver_1      |[0m INFO:werkzeug:172.18.0.9 - - [26/Jan/2026 00:04:38] "GET /download_model?round=14 HTTP/1.1" 200 -
[33;1mclient_006_1  |[0m 2026-01-26 00:04:38,951 - __main__ - INFO - Round 14 finished. Loss: 0.6989, Acc: 85.71%
[33mserver_1      |[0m INFO:__main__:Received update from client_006
[33mserver_1      |[0m INFO:werkzeug:172.18.0.9 - - [26/Jan/2026 00:04:39] "POST /submit_update HTTP/1.1" 200 -
[33;1mclient_006_1  |[0m 2026-01-26 00:04:39,084 - __main__ - INFO - 🚀 Model update submitted successfully.
[33;1mclient_006_1  |[0m 2026-01-26 00:04:39,085 - __main__ - INFO - Update submitted for Round 14. Waiting...
[32;1mclient_007_1  |[0m 2026-01-26 00:04:39,575 - __main__ - INFO - --- New Round Detected: 14 ---
[33mserver_1      |[0m INFO:werkzeug:172.18.0.20 - - [26/Jan/2026 00:04:39] "GET /download_model?round=14 HTTP/1.1" 200 -
[32;1mclient_007_1  |[0m 2026-01-26 00:04:39,925 - __main__ - INFO - Round 14 finished. Loss: 1.3816, Acc: 60.99%
[33mserver_1      |[0m INFO:__main__:Received update from client_007
[33mserver_1      |[0m INFO:werkzeug:172.18.0.20 - - [26/Jan/2026 00:04:40] "POST /submit_update HTTP/1.1" 200 -
[32;1mclient_007_1  |[0m 2026-01-26 00:04:40,059 - __main__ - INFO - 🚀 Model update submitted successfully.
[32;1mclient_007_1  |[0m 2026-01-26 00:04:40,059 - __main__ - INFO - Update submitted for Round 14. Waiting...
[35mclient_003_1  |[0m 2026-01-26 00:04:40,256 - __main__ - INFO - --- New Round Detected: 14 ---
[33mserver_1      |[0m INFO:werkzeug:172.18.0.8 - - [26/Jan/2026 00:04:40] "GET /download_model?round=14 HTTP/1.1" 200 -
[35;1mclient_008_1  |[0m 2026-01-26 00:04:40,839 - __main__ - INFO - --- New Round Detected: 14 ---
[33mserver_1      |[0m INFO:werkzeug:172.18.0.17 - - [26/Jan/2026 00:04:40] "GET /download_model?round=14 HTTP/1.1" 200 -
[35;1mclient_008_1  |[0m 2026-01-26 00:04:41,831 - __main__ - INFO - Round 14 finished. Loss: 0.3361, Acc: 98.72%
[33mserver_1      |[0m INFO:__main__:Received update from client_008
[33mserver_1      |[0m INFO:__main__:--- Aggregating 5 updates ---
[33mserver_1      |[0m INFO:__main__:⚡ Using Custom Aggregator with Drift Metric...
[33mserver_1      |[0m INFO:server.aggregator:Starting FedAvg aggregation for 5 clients.
[36;1mclient_005_1  |[0m 2026-01-26 00:04:42,005 - __main__ - INFO - --- New Round Detected: 14 ---
[33mserver_1      |[0m INFO:werkzeug:172.18.0.21 - - [26/Jan/2026 00:04:42] "GET /download_model?round=14 HTTP/1.1" 200 -
[32mclient_002_1  |[0m 2026-01-26 00:04:42,815 - __main__ - INFO - --- New Round Detected: 14 ---
[33mserver_1      |[0m INFO:werkzeug:172.18.0.22 - - [26/Jan/2026 00:04:42] "GET /download_model?round=14 HTTP/1.1" 200 -
[34mclient_004_1  |[0m 2026-01-26 00:04:42,896 - __main__ - INFO - --- New Round Detected: 14 ---
[33mserver_1      |[0m INFO:werkzeug:172.18.0.6 - - [26/Jan/2026 00:04:42] "GET /download_model?round=14 HTTP/1.1" 200 -
[36;1mclient_005_1  |[0m 2026-01-26 00:04:43,115 - __main__ - INFO - Round 14 finished. Loss: 0.5024, Acc: 96.49%
[33mserver_1      |[0m INFO:werkzeug:172.18.0.21 - - [26/Jan/2026 00:04:43] "[31m[1mPOST /submit_update HTTP/1.1[0m" 400 -
[36;1mclient_005_1  |[0m 2026-01-26 00:04:43,178 - __main__ - ERROR - Update submission failed: {"error":"Not accepting updates"}
[36;1mclient_005_1  |[0m 
[36;1mclient_005_1  |[0m 2026-01-26 00:04:43,178 - __main__ - INFO - Update submitted for Round 14. Waiting...
[33mserver_1      |[0m INFO:server.aggregator:--- [METRIC] Weight Divergence: 1.2662
[33mserver_1      |[0m INFO:server.aggregator:FedAvg aggregation complete.
[33mserver_1      |[0m INFO:__main__:Aggregation complete.
[32mclient_002_1  |[0m 2026-01-26 00:04:43,833 - __main__ - INFO - Round 14 finished. Loss: 0.6213, Acc: 93.68%
[33mserver_1      |[0m DEBUG: ⚠️ MY CUSTOM AGGREGATOR IS RUNNING ⚠️
[33mserver_1      |[0m INFO:werkzeug:172.18.0.22 - - [26/Jan/2026 00:04:43] "[31m[1mPOST /submit_update HTTP/1.1[0m" 400 -
[32mclient_002_1  |[0m 2026-01-26 00:04:43,940 - __main__ - ERROR - Update submission failed: {"error":"Not accepting updates"}
[32mclient_002_1  |[0m 
[32mclient_002_1  |[0m 2026-01-26 00:04:43,940 - __main__ - INFO - Update submitted for Round 14. Waiting...
[33mserver_1      |[0m INFO:__main__:--- Round 14 Acc: 29.30%, Loss: 2.1008 ---
[33mserver_1      |[0m INFO:__main__:--- Starting Round 15. Timeout: 300s ---
[33mserver_1      |[0m INFO:werkzeug:172.18.0.17 - - [26/Jan/2026 00:04:44] "POST /submit_update HTTP/1.1" 200 -
[35;1mclient_008_1  |[0m 2026-01-26 00:04:45,004 - __main__ - INFO - 🚀 Model update submitted successfully.
[35;1mclient_008_1  |[0m 2026-01-26 00:04:45,005 - __main__ - INFO - Update submitted for Round 14. Waiting...
[34;1mclient_009_1  |[0m 2026-01-26 00:04:45,431 - __main__ - INFO - --- New Round Detected: 15 ---
[33mserver_1      |[0m INFO:werkzeug:172.18.0.19 - - [26/Jan/2026 00:04:45] "GET /download_model?round=15 HTTP/1.1" 200 -
[34mclient_004_1  |[0m 2026-01-26 00:04:46,275 - __main__ - INFO - Round 14 finished. Loss: 0.6078, Acc: 92.19%
[33mserver_1      |[0m INFO:__main__:Received update from client_004
[33mserver_1      |[0m INFO:werkzeug:172.18.0.6 - - [26/Jan/2026 00:04:46] "POST /submit_update HTTP/1.1" 200 -
[34mclient_004_1  |[0m 2026-01-26 00:04:46,412 - __main__ - INFO - 🚀 Model update submitted successfully.
[34mclient_004_1  |[0m 2026-01-26 00:04:46,412 - __main__ - INFO - Update submitted for Round 14. Waiting...
[36mclient_010_1  |[0m 2026-01-26 00:04:46,573 - __main__ - INFO - --- New Round Detected: 15 ---
[33mserver_1      |[0m INFO:werkzeug:172.18.0.16 - - [26/Jan/2026 00:04:46] "GET /download_model?round=15 HTTP/1.1" 200 -
[35mclient_003_1  |[0m 2026-01-26 00:04:47,025 - __main__ - INFO - Round 14 finished. Loss: 0.4561, Acc: 96.17%
[36mclient_010_1  |[0m 2026-01-26 00:04:47,076 - __main__ - INFO - Round 15 finished. Loss: 0.5515, Acc: 98.03%
[33mserver_1      |[0m INFO:__main__:Received update from client_003
[33mserver_1      |[0m INFO:werkzeug:172.18.0.8 - - [26/Jan/2026 00:04:47] "POST /submit_update HTTP/1.1" 200 -
[35mclient_003_1  |[0m 2026-01-26 00:04:47,162 - __main__ - INFO - 🚀 Model update submitted successfully.
[35mclient_003_1  |[0m 2026-01-26 00:04:47,162 - __main__ - INFO - Update submitted for Round 14. Waiting...
[34;1mclient_009_1  |[0m 2026-01-26 00:04:47,165 - __main__ - INFO - Round 15 finished. Loss: 0.9427, Acc: 77.59%
[33mserver_1      |[0m INFO:__main__:Received update from client_010
[33mserver_1      |[0m INFO:werkzeug:172.18.0.16 - - [26/Jan/2026 00:04:47] "POST /submit_update HTTP/1.1" 200 -
[36mclient_010_1  |[0m 2026-01-26 00:04:47,214 - __main__ - INFO - 🚀 Model update submitted successfully.
[36mclient_010_1  |[0m 2026-01-26 00:04:47,214 - __main__ - INFO - Update submitted for Round 15. Waiting...
[33mserver_1      |[0m INFO:__main__:Received update from client_009
[33mserver_1      |[0m INFO:werkzeug:172.18.0.19 - - [26/Jan/2026 00:04:47] "POST /submit_update HTTP/1.1" 200 -
[34;1mclient_009_1  |[0m 2026-01-26 00:04:47,299 - __main__ - INFO - 🚀 Model update submitted successfully.
[34;1mclient_009_1  |[0m 2026-01-26 00:04:47,300 - __main__ - INFO - Update submitted for Round 15. Waiting...
[33mclient_001_1  |[0m 2026-01-26 00:04:48,862 - __main__ - INFO - --- New Round Detected: 15 ---
[33mserver_1      |[0m INFO:werkzeug:172.18.0.18 - - [26/Jan/2026 00:04:48] "GET /download_model?round=15 HTTP/1.1" 200 -
[33;1mclient_006_1  |[0m 2026-01-26 00:04:49,146 - __main__ - INFO - --- New Round Detected: 15 ---
[33mserver_1      |[0m INFO:werkzeug:172.18.0.9 - - [26/Jan/2026 00:04:49] "GET /download_model?round=15 HTTP/1.1" 200 -
[33mclient_001_1  |[0m 2026-01-26 00:04:49,271 - __main__ - INFO - Round 15 finished. Loss: 0.4271, Acc: 98.38%
[33;1mclient_006_1  |[0m 2026-01-26 00:04:49,289 - __main__ - INFO - Round 15 finished. Loss: 1.0666, Acc: 64.29%
[33mserver_1      |[0m INFO:__main__:Received update from client_001
[33mserver_1      |[0m INFO:__main__:--- Aggregating 5 updates ---
[33mserver_1      |[0m INFO:__main__:⚡ Using Custom Aggregator with Drift Metric...
[33mserver_1      |[0m INFO:server.aggregator:Starting FedAvg aggregation for 5 clients.
[32;1mclient_007_1  |[0m 2026-01-26 00:04:50,133 - __main__ - INFO - --- New Round Detected: 15 ---
[33mserver_1      |[0m INFO:werkzeug:172.18.0.20 - - [26/Jan/2026 00:04:50] "GET /download_model?round=15 HTTP/1.1" 200 -
[32;1mclient_007_1  |[0m 2026-01-26 00:04:50,546 - __main__ - INFO - Round 15 finished. Loss: 1.3360, Acc: 65.38%
[33mserver_1      |[0m INFO:werkzeug:172.18.0.20 - - [26/Jan/2026 00:04:50] "[31m[1mPOST /submit_update HTTP/1.1[0m" 400 -
[32;1mclient_007_1  |[0m 2026-01-26 00:04:50,609 - __main__ - ERROR - Update submission failed: {"error":"Not accepting updates"}
[32;1mclient_007_1  |[0m 
[32;1mclient_007_1  |[0m 2026-01-26 00:04:50,609 - __main__ - INFO - Update submitted for Round 15. Waiting...
[33mserver_1      |[0m INFO:server.aggregator:--- [METRIC] Weight Divergence: 3.0933
[33mserver_1      |[0m INFO:server.aggregator:FedAvg aggregation complete.
[33mserver_1      |[0m INFO:__main__:Aggregation complete.
[33mserver_1      |[0m DEBUG: ⚠️ MY CUSTOM AGGREGATOR IS RUNNING ⚠️
[33mserver_1      |[0m INFO:__main__:--- Round 15 Acc: 39.82%, Loss: 1.8369 ---
[33mserver_1      |[0m INFO:__main__:--- Starting Round 16. Timeout: 300s ---
[33mserver_1      |[0m INFO:__main__:Received update from client_006
[33mserver_1      |[0m INFO:werkzeug:172.18.0.9 - - [26/Jan/2026 00:04:52] "POST /submit_update HTTP/1.1" 200 -
[33mserver_1      |[0m INFO:werkzeug:172.18.0.18 - - [26/Jan/2026 00:04:52] "POST /submit_update HTTP/1.1" 200 -
[33mclient_001_1  |[0m 2026-01-26 00:04:52,035 - __main__ - INFO - 🚀 Model update submitted successfully.
[33mclient_001_1  |[0m 2026-01-26 00:04:52,035 - __main__ - INFO - Update submitted for Round 15. Waiting...
[33;1mclient_006_1  |[0m 2026-01-26 00:04:52,040 - __main__ - INFO - 🚀 Model update submitted successfully.
[33;1mclient_006_1  |[0m 2026-01-26 00:04:52,041 - __main__ - INFO - Update submitted for Round 15. Waiting...
[36;1mclient_005_1  |[0m 2026-01-26 00:04:53,242 - __main__ - INFO - --- New Round Detected: 16 ---
[33mserver_1      |[0m INFO:werkzeug:172.18.0.21 - - [26/Jan/2026 00:04:53] "GET /download_model?round=16 HTTP/1.1" 200 -
[32mclient_002_1  |[0m 2026-01-26 00:04:54,025 - __main__ - INFO - --- New Round Detected: 16 ---
[33mserver_1      |[0m INFO:werkzeug:172.18.0.22 - - [26/Jan/2026 00:04:54] "GET /download_model?round=16 HTTP/1.1" 200 -
[36;1mclient_005_1  |[0m 2026-01-26 00:04:54,681 - __main__ - INFO - Round 16 finished. Loss: 0.6206, Acc: 96.46%
[33mserver_1      |[0m INFO:__main__:Received update from client_005
[33mserver_1      |[0m INFO:werkzeug:172.18.0.21 - - [26/Jan/2026 00:04:54] "POST /submit_update HTTP/1.1" 200 -
[36;1mclient_005_1  |[0m 2026-01-26 00:04:54,840 - __main__ - INFO - 🚀 Model update submitted successfully.
[36;1mclient_005_1  |[0m 2026-01-26 00:04:54,840 - __main__ - INFO - Update submitted for Round 16. Waiting...
[32mclient_002_1  |[0m 2026-01-26 00:04:54,958 - __main__ - INFO - Round 16 finished. Loss: 0.6019, Acc: 93.48%
[33mserver_1      |[0m INFO:__main__:Received update from client_002
[33mserver_1      |[0m INFO:werkzeug:172.18.0.22 - - [26/Jan/2026 00:04:55] "POST /submit_update HTTP/1.1" 200 -
[35;1mclient_008_1  |[0m 2026-01-26 00:04:55,075 - __main__ - INFO - --- New Round Detected: 16 ---
[32mclient_002_1  |[0m 2026-01-26 00:04:55,094 - __main__ - INFO - 🚀 Model update submitted successfully.
[32mclient_002_1  |[0m 2026-01-26 00:04:55,094 - __main__ - INFO - Update submitted for Round 16. Waiting...
[33mserver_1      |[0m INFO:werkzeug:172.18.0.17 - - [26/Jan/2026 00:04:55] "GET /download_model?round=16 HTTP/1.1" 200 -
[36;1mclient_015_1  |[0m 2026-01-26 00:04:55,491 - __main__ - INFO - Round 0 finished. Loss: 1.0089, Acc: 71.45%
[35;1mclient_008_1  |[0m 2026-01-26 00:04:56,003 - __main__ - INFO - Round 16 finished. Loss: 0.3068, Acc: 99.11%
[33mserver_1      |[0m INFO:__main__:Received update from client_008
[33mserver_1      |[0m INFO:werkzeug:172.18.0.17 - - [26/Jan/2026 00:04:56] "POST /submit_update HTTP/1.1" 200 -
[35;1mclient_008_1  |[0m 2026-01-26 00:04:56,138 - __main__ - INFO - 🚀 Model update submitted successfully.
[35;1mclient_008_1  |[0m 2026-01-26 00:04:56,138 - __main__ - INFO - Update submitted for Round 16. Waiting...
[34mclient_004_1  |[0m 2026-01-26 00:04:56,476 - __main__ - INFO - --- New Round Detected: 16 ---
[33mserver_1      |[0m INFO:__main__:Received update from client_015
[33mserver_1      |[0m INFO:__main__:--- Aggregating 5 updates ---
[33mserver_1      |[0m INFO:__main__:⚡ Using Custom Aggregator with Drift Metric...
[33mserver_1      |[0m INFO:server.aggregator:Starting FedAvg aggregation for 5 clients.
[33mserver_1      |[0m INFO:werkzeug:172.18.0.6 - - [26/Jan/2026 00:04:56] "GET /download_model?round=16 HTTP/1.1" 200 -
[35mclient_003_1  |[0m 2026-01-26 00:04:57,244 - __main__ - INFO - --- New Round Detected: 16 ---
[33mserver_1      |[0m INFO:werkzeug:172.18.0.8 - - [26/Jan/2026 00:04:57] "GET /download_model?round=16 HTTP/1.1" 200 -
[36mclient_010_1  |[0m 2026-01-26 00:04:57,278 - __main__ - INFO - --- New Round Detected: 16 ---
[33mserver_1      |[0m INFO:werkzeug:172.18.0.16 - - [26/Jan/2026 00:04:57] "GET /download_model?round=16 HTTP/1.1" 200 -
[34;1mclient_009_1  |[0m 2026-01-26 00:04:57,362 - __main__ - INFO - --- New Round Detected: 16 ---
[33mserver_1      |[0m INFO:werkzeug:172.18.0.19 - - [26/Jan/2026 00:04:57] "GET /download_model?round=16 HTTP/1.1" 200 -
[36mclient_010_1  |[0m 2026-01-26 00:04:57,758 - __main__ - INFO - Round 16 finished. Loss: 0.6386, Acc: 96.56%
[33mserver_1      |[0m INFO:werkzeug:172.18.0.16 - - [26/Jan/2026 00:04:57] "[31m[1mPOST /submit_update HTTP/1.1[0m" 400 -
[36mclient_010_1  |[0m 2026-01-26 00:04:57,824 - __main__ - ERROR - Update submission failed: {"error":"Not accepting updates"}
[36mclient_010_1  |[0m 
[36mclient_010_1  |[0m 2026-01-26 00:04:57,824 - __main__ - INFO - Update submitted for Round 16. Waiting...
[33mserver_1      |[0m INFO:server.aggregator:--- [METRIC] Weight Divergence: 4.2029
[33mserver_1      |[0m INFO:server.aggregator:FedAvg aggregation complete.
[33mserver_1      |[0m INFO:__main__:Aggregation complete.
[33mserver_1      |[0m DEBUG: ⚠️ MY CUSTOM AGGREGATOR IS RUNNING ⚠️
[34;1mclient_009_1  |[0m 2026-01-26 00:04:58,436 - __main__ - INFO - Round 16 finished. Loss: 0.8717, Acc: 80.50%
[33mserver_1      |[0m INFO:werkzeug:172.18.0.19 - - [26/Jan/2026 00:04:58] "[31m[1mPOST /submit_update HTTP/1.1[0m" 400 -
[34;1mclient_009_1  |[0m 2026-01-26 00:04:58,525 - __main__ - ERROR - Update submission failed: {"error":"Not accepting updates"}
[34;1mclient_009_1  |[0m 
[34;1mclient_009_1  |[0m 2026-01-26 00:04:58,525 - __main__ - INFO - Update submitted for Round 16. Waiting...
[33mserver_1      |[0m INFO:__main__:--- Round 16 Acc: 35.45%, Loss: 1.9916 ---
[33mserver_1      |[0m INFO:__main__:--- Starting Round 17. Timeout: 300s ---
[33mserver_1      |[0m INFO:werkzeug:172.18.0.14 - - [26/Jan/2026 00:04:59] "POST /submit_update HTTP/1.1" 200 -
[36;1mclient_015_1  |[0m 2026-01-26 00:04:59,463 - __main__ - INFO - 🚀 Model update submitted successfully.
[36;1mclient_015_1  |[0m 2026-01-26 00:04:59,463 - __main__ - INFO - Update submitted for Round 0. Waiting...
[34mclient_004_1  |[0m 2026-01-26 00:04:59,704 - __main__ - INFO - Round 16 finished. Loss: 0.6576, Acc: 90.80%
[33mserver_1      |[0m INFO:__main__:Received update from client_004
[33mserver_1      |[0m INFO:werkzeug:172.18.0.6 - - [26/Jan/2026 00:04:59] "POST /submit_update HTTP/1.1" 200 -
[34mclient_004_1  |[0m 2026-01-26 00:04:59,838 - __main__ - INFO - 🚀 Model update submitted successfully.
[34mclient_004_1  |[0m 2026-01-26 00:04:59,839 - __main__ - INFO - Update submitted for Round 16. Waiting...
[32;1mclient_007_1  |[0m 2026-01-26 00:05:00,673 - __main__ - INFO - --- New Round Detected: 17 ---
[33mserver_1      |[0m INFO:werkzeug:172.18.0.20 - - [26/Jan/2026 00:05:00] "GET /download_model?round=17 HTTP/1.1" 200 -
[32;1mclient_007_1  |[0m 2026-01-26 00:05:00,972 - __main__ - INFO - Round 17 finished. Loss: 1.4255, Acc: 65.57%
[33mserver_1      |[0m INFO:__main__:Received update from client_007
[33mserver_1      |[0m INFO:werkzeug:172.18.0.20 - - [26/Jan/2026 00:05:01] "POST /submit_update HTTP/1.1" 200 -
[32;1mclient_007_1  |[0m 2026-01-26 00:05:01,136 - __main__ - INFO - 🚀 Model update submitted successfully.
[32;1mclient_007_1  |[0m 2026-01-26 00:05:01,137 - __main__ - INFO - Update submitted for Round 17. Waiting...
[33mclient_001_1  |[0m 2026-01-26 00:05:02,105 - __main__ - INFO - --- New Round Detected: 17 ---
[33;1mclient_006_1  |[0m 2026-01-26 00:05:02,114 - __main__ - INFO - --- New Round Detected: 17 ---
[33mserver_1      |[0m INFO:werkzeug:172.18.0.18 - - [26/Jan/2026 00:05:02] "GET /download_model?round=17 HTTP/1.1" 200 -
[33mserver_1      |[0m INFO:werkzeug:172.18.0.9 - - [26/Jan/2026 00:05:02] "GET /download_model?round=17 HTTP/1.1" 200 -
[33;1mclient_006_1  |[0m 2026-01-26 00:05:02,260 - __main__ - INFO - Round 17 finished. Loss: 1.1220, Acc: 64.29%
[33mserver_1      |[0m INFO:__main__:Received update from client_006
[33mserver_1      |[0m INFO:werkzeug:172.18.0.9 - - [26/Jan/2026 00:05:02] "POST /submit_update HTTP/1.1" 200 -
[33;1mclient_006_1  |[0m 2026-01-26 00:05:02,394 - __main__ - INFO - 🚀 Model update submitted successfully.
[33;1mclient_006_1  |[0m 2026-01-26 00:05:02,394 - __main__ - INFO - Update submitted for Round 17. Waiting...
[33mclient_001_1  |[0m 2026-01-26 00:05:02,503 - __main__ - INFO - Round 17 finished. Loss: 0.2389, Acc: 97.73%
[33mserver_1      |[0m INFO:__main__:Received update from client_001
[33mserver_1      |[0m INFO:werkzeug:172.18.0.18 - - [26/Jan/2026 00:05:02] "POST /submit_update HTTP/1.1" 200 -
[33mclient_001_1  |[0m 2026-01-26 00:05:02,659 - __main__ - INFO - 🚀 Model update submitted successfully.
[33mclient_001_1  |[0m 2026-01-26 00:05:02,660 - __main__ - INFO - Update submitted for Round 17. Waiting...
[35mclient_003_1  |[0m 2026-01-26 00:05:03,400 - __main__ - INFO - Round 16 finished. Loss: 0.3963, Acc: 97.62%
[33mserver_1      |[0m INFO:__main__:Received update from client_003
[33mserver_1      |[0m INFO:__main__:--- Aggregating 5 updates ---
[33mserver_1      |[0m INFO:__main__:⚡ Using Custom Aggregator with Drift Metric...
[33mserver_1      |[0m INFO:server.aggregator:Starting FedAvg aggregation for 5 clients.
[36;1mclient_005_1  |[0m 2026-01-26 00:05:04,905 - __main__ - INFO - --- New Round Detected: 17 ---
[33mserver_1      |[0m INFO:werkzeug:172.18.0.21 - - [26/Jan/2026 00:05:04] "GET /download_model?round=17 HTTP/1.1" 200 -
[32mclient_002_1  |[0m 2026-01-26 00:05:05,158 - __main__ - INFO - --- New Round Detected: 17 ---
[33mserver_1      |[0m INFO:werkzeug:172.18.0.22 - - [26/Jan/2026 00:05:05] "GET /download_model?round=17 HTTP/1.1" 200 -
[33mserver_1      |[0m INFO:server.aggregator:--- [METRIC] Weight Divergence: 3.5160
[33mserver_1      |[0m INFO:server.aggregator:FedAvg aggregation complete.
[33mserver_1      |[0m INFO:__main__:Aggregation complete.
[33mserver_1      |[0m DEBUG: ⚠️ MY CUSTOM AGGREGATOR IS RUNNING ⚠️
[32mclient_002_1  |[0m 2026-01-26 00:05:06,127 - __main__ - INFO - Round 17 finished. Loss: 0.4645, Acc: 92.00%
[33mserver_1      |[0m INFO:werkzeug:172.18.0.22 - - [26/Jan/2026 00:05:06] "[31m[1mPOST /submit_update HTTP/1.1[0m" 400 -
[32mclient_002_1  |[0m 2026-01-26 00:05:06,192 - __main__ - ERROR - Update submission failed: {"error":"Not accepting updates"}
[32mclient_002_1  |[0m 
[32mclient_002_1  |[0m 2026-01-26 00:05:06,192 - __main__ - INFO - Update submitted for Round 17. Waiting...
[35;1mclient_008_1  |[0m 2026-01-26 00:05:06,206 - __main__ - INFO - --- New Round Detected: 17 ---
[33mserver_1      |[0m INFO:werkzeug:172.18.0.17 - - [26/Jan/2026 00:05:06] "GET /download_model?round=17 HTTP/1.1" 200 -
[36;1mclient_005_1  |[0m 2026-01-26 00:05:06,451 - __main__ - INFO - Round 17 finished. Loss: 0.3569, Acc: 97.55%
[33mserver_1      |[0m INFO:werkzeug:172.18.0.21 - - [26/Jan/2026 00:05:06] "[31m[1mPOST /submit_update HTTP/1.1[0m" 400 -
[36;1mclient_005_1  |[0m 2026-01-26 00:05:06,514 - __main__ - ERROR - Update submission failed: {"error":"Not accepting updates"}
[36;1mclient_005_1  |[0m 
[36;1mclient_005_1  |[0m 2026-01-26 00:05:06,514 - __main__ - INFO - Update submitted for Round 17. Waiting...
[33mserver_1      |[0m INFO:__main__:--- Round 17 Acc: 38.95%, Loss: 1.8843 ---
[33mserver_1      |[0m INFO:__main__:--- Starting Round 18. Timeout: 300s ---
[33mserver_1      |[0m INFO:werkzeug:172.18.0.8 - - [26/Jan/2026 00:05:06] "POST /submit_update HTTP/1.1" 200 -
[35mclient_003_1  |[0m 2026-01-26 00:05:06,708 - __main__ - INFO - 🚀 Model update submitted successfully.
[35mclient_003_1  |[0m 2026-01-26 00:05:06,708 - __main__ - INFO - Update submitted for Round 16. Waiting...
[35;1mclient_008_1  |[0m 2026-01-26 00:05:07,143 - __main__ - INFO - Round 17 finished. Loss: 0.3027, Acc: 98.72%
[33mserver_1      |[0m INFO:__main__:Received update from client_008
[33mserver_1      |[0m INFO:werkzeug:172.18.0.17 - - [26/Jan/2026 00:05:07] "POST /submit_update HTTP/1.1" 200 -
[35;1mclient_008_1  |[0m 2026-01-26 00:05:07,277 - __main__ - INFO - 🚀 Model update submitted successfully.
[35;1mclient_008_1  |[0m 2026-01-26 00:05:07,277 - __main__ - INFO - Update submitted for Round 17. Waiting...
[36mclient_010_1  |[0m 2026-01-26 00:05:07,889 - __main__ - INFO - --- New Round Detected: 18 ---
[33mserver_1      |[0m INFO:werkzeug:172.18.0.16 - - [26/Jan/2026 00:05:07] "GET /download_model?round=18 HTTP/1.1" 200 -
[36mclient_010_1  |[0m 2026-01-26 00:05:08,330 - __main__ - INFO - Round 18 finished. Loss: 0.8224, Acc: 97.66%
[33mserver_1      |[0m INFO:__main__:Received update from client_010
[33mserver_1      |[0m INFO:werkzeug:172.18.0.16 - - [26/Jan/2026 00:05:08] "POST /submit_update HTTP/1.1" 200 -
[36mclient_010_1  |[0m 2026-01-26 00:05:08,466 - __main__ - INFO - 🚀 Model update submitted successfully.
[36mclient_010_1  |[0m 2026-01-26 00:05:08,466 - __main__ - INFO - Update submitted for Round 18. Waiting...
[34;1mclient_009_1  |[0m 2026-01-26 00:05:08,593 - __main__ - INFO - --- New Round Detected: 18 ---
[33mserver_1      |[0m INFO:werkzeug:172.18.0.19 - - [26/Jan/2026 00:05:08] "GET /download_model?round=18 HTTP/1.1" 200 -
[36;1mclient_015_1  |[0m 2026-01-26 00:05:09,885 - __main__ - INFO - --- New Round Detected: 18 ---
[34mclient_004_1  |[0m 2026-01-26 00:05:09,947 - __main__ - INFO - --- New Round Detected: 18 ---
[33mserver_1      |[0m INFO:werkzeug:172.18.0.6 - - [26/Jan/2026 00:05:09] "GET /download_model?round=18 HTTP/1.1" 200 -
[33mserver_1      |[0m INFO:werkzeug:172.18.0.14 - - [26/Jan/2026 00:05:10] "GET /download_model?round=18 HTTP/1.1" 200 -
[34;1mclient_009_1  |[0m 2026-01-26 00:05:10,111 - __main__ - INFO - Round 18 finished. Loss: 1.0415, Acc: 77.89%
[33mserver_1      |[0m INFO:__main__:Received update from client_009
[33mserver_1      |[0m INFO:werkzeug:172.18.0.19 - - [26/Jan/2026 00:05:10] "POST /submit_update HTTP/1.1" 200 -
[34;1mclient_009_1  |[0m 2026-01-26 00:05:10,244 - __main__ - INFO - 🚀 Model update submitted successfully.
[34;1mclient_009_1  |[0m 2026-01-26 00:05:10,244 - __main__ - INFO - Update submitted for Round 18. Waiting...
[32;1mclient_007_1  |[0m 2026-01-26 00:05:11,198 - __main__ - INFO - --- New Round Detected: 18 ---
[33mserver_1      |[0m INFO:werkzeug:172.18.0.20 - - [26/Jan/2026 00:05:11] "GET /download_model?round=18 HTTP/1.1" 200 -
[32;1mclient_007_1  |[0m 2026-01-26 00:05:11,474 - __main__ - INFO - Round 18 finished. Loss: 1.3010, Acc: 74.73%
[33mserver_1      |[0m INFO:__main__:Received update from client_007
[33mserver_1      |[0m INFO:werkzeug:172.18.0.20 - - [26/Jan/2026 00:05:11] "POST /submit_update HTTP/1.1" 200 -
[32;1mclient_007_1  |[0m 2026-01-26 00:05:11,607 - __main__ - INFO - 🚀 Model update submitted successfully.
[32;1mclient_007_1  |[0m 2026-01-26 00:05:11,608 - __main__ - INFO - Update submitted for Round 18. Waiting...
[33;1mclient_006_1  |[0m 2026-01-26 00:05:12,457 - __main__ - INFO - --- New Round Detected: 18 ---
[33mserver_1      |[0m INFO:werkzeug:172.18.0.9 - - [26/Jan/2026 00:05:12] "GET /download_model?round=18 HTTP/1.1" 200 -
[33;1mclient_006_1  |[0m 2026-01-26 00:05:12,592 - __main__ - INFO - Round 18 finished. Loss: 0.5117, Acc: 92.86%
[33mclient_001_1  |[0m 2026-01-26 00:05:12,722 - __main__ - INFO - --- New Round Detected: 18 ---
[33mserver_1      |[0m INFO:werkzeug:172.18.0.18 - - [26/Jan/2026 00:05:12] "GET /download_model?round=18 HTTP/1.1" 200 -
[33mserver_1      |[0m INFO:__main__:Received update from client_006
[33mserver_1      |[0m INFO:__main__:--- Aggregating 5 updates ---
[33mserver_1      |[0m INFO:__main__:⚡ Using Custom Aggregator with Drift Metric...
[33mserver_1      |[0m INFO:server.aggregator:Starting FedAvg aggregation for 5 clients.
[34mclient_004_1  |[0m 2026-01-26 00:05:12,954 - __main__ - INFO - Round 18 finished. Loss: 0.5858, Acc: 94.27%
[33mserver_1      |[0m INFO:werkzeug:172.18.0.6 - - [26/Jan/2026 00:05:12] "[31m[1mPOST /submit_update HTTP/1.1[0m" 400 -
[34mclient_004_1  |[0m 2026-01-26 00:05:13,022 - __main__ - ERROR - Update submission failed: {"error":"Not accepting updates"}
[34mclient_004_1  |[0m 
[34mclient_004_1  |[0m 2026-01-26 00:05:13,022 - __main__ - INFO - Update submitted for Round 18. Waiting...
[33mclient_001_1  |[0m 2026-01-26 00:05:13,096 - __main__ - INFO - Round 18 finished. Loss: 0.6329, Acc: 97.73%
[33mserver_1      |[0m INFO:werkzeug:172.18.0.18 - - [26/Jan/2026 00:05:13] "[31m[1mPOST /submit_update HTTP/1.1[0m" 400 -
[33mclient_001_1  |[0m 2026-01-26 00:05:13,190 - __main__ - ERROR - Update submission failed: {"error":"Not accepting updates"}
[33mclient_001_1  |[0m 
[33mclient_001_1  |[0m 2026-01-26 00:05:13,190 - __main__ - INFO - Update submitted for Round 18. Waiting...
[33mserver_1      |[0m INFO:server.aggregator:--- [METRIC] Weight Divergence: 2.4018
[33mserver_1      |[0m INFO:server.aggregator:FedAvg aggregation complete.
[33mserver_1      |[0m INFO:__main__:Aggregation complete.
[33mserver_1      |[0m DEBUG: ⚠️ MY CUSTOM AGGREGATOR IS RUNNING ⚠️
[33mserver_1      |[0m INFO:__main__:--- Round 18 Acc: 34.59%, Loss: 1.9727 ---
[33mserver_1      |[0m INFO:__main__:--- Starting Round 19. Timeout: 300s ---
[33mserver_1      |[0m INFO:werkzeug:172.18.0.9 - - [26/Jan/2026 00:05:15] "POST /submit_update HTTP/1.1" 200 -
[33;1mclient_006_1  |[0m 2026-01-26 00:05:15,581 - __main__ - INFO - 🚀 Model update submitted successfully.
[33;1mclient_006_1  |[0m 2026-01-26 00:05:15,582 - __main__ - INFO - Update submitted for Round 18. Waiting...
[32mclient_002_1  |[0m 2026-01-26 00:05:16,302 - __main__ - INFO - --- New Round Detected: 19 ---
[33mserver_1      |[0m INFO:werkzeug:172.18.0.22 - - [26/Jan/2026 00:05:16] "GET /download_model?round=19 HTTP/1.1" 200 -
[36;1mclient_005_1  |[0m 2026-01-26 00:05:16,578 - __main__ - INFO - --- New Round Detected: 19 ---
[33mserver_1      |[0m INFO:werkzeug:172.18.0.21 - - [26/Jan/2026 00:05:16] "GET /download_model?round=19 HTTP/1.1" 200 -
[35mclient_003_1  |[0m 2026-01-26 00:05:16,777 - __main__ - INFO - --- New Round Detected: 19 ---
[33mserver_1      |[0m INFO:werkzeug:172.18.0.8 - - [26/Jan/2026 00:05:16] "GET /download_model?round=19 HTTP/1.1" 200 -
[32mclient_002_1  |[0m 2026-01-26 00:05:17,205 - __main__ - INFO - Round 19 finished. Loss: 0.5287, Acc: 94.27%
[33mserver_1      |[0m INFO:__main__:Received update from client_002
[33mserver_1      |[0m INFO:werkzeug:172.18.0.22 - - [26/Jan/2026 00:05:17] "POST /submit_update HTTP/1.1" 200 -
[35;1mclient_008_1  |[0m 2026-01-26 00:05:17,341 - __main__ - INFO - --- New Round Detected: 19 ---
[32mclient_002_1  |[0m 2026-01-26 00:05:17,343 - __main__ - INFO - 🚀 Model update submitted successfully.
[32mclient_002_1  |[0m 2026-01-26 00:05:17,343 - __main__ - INFO - Update submitted for Round 19. Waiting...
[33mserver_1      |[0m INFO:werkzeug:172.18.0.17 - - [26/Jan/2026 00:05:17] "GET /download_model?round=19 HTTP/1.1" 200 -
[36;1mclient_005_1  |[0m 2026-01-26 00:05:18,020 - __main__ - INFO - Round 19 finished. Loss: 0.6815, Acc: 96.02%
[33mserver_1      |[0m INFO:__main__:Received update from client_005
[33mserver_1      |[0m INFO:werkzeug:172.18.0.21 - - [26/Jan/2026 00:05:18] "POST /submit_update HTTP/1.1" 200 -
[35;1mclient_008_1  |[0m 2026-01-26 00:05:18,138 - __main__ - INFO - Round 19 finished. Loss: 0.2646, Acc: 99.21%
[36;1mclient_005_1  |[0m 2026-01-26 00:05:18,156 - __main__ - INFO - 🚀 Model update submitted successfully.
[36;1mclient_005_1  |[0m 2026-01-26 00:05:18,156 - __main__ - INFO - Update submitted for Round 19. Waiting...
[33mserver_1      |[0m INFO:__main__:Received update from client_008
[33mserver_1      |[0m INFO:werkzeug:172.18.0.17 - - [26/Jan/2026 00:05:18] "POST /submit_update HTTP/1.1" 200 -
[35;1mclient_008_1  |[0m 2026-01-26 00:05:18,272 - __main__ - INFO - 🚀 Model update submitted successfully.
[35;1mclient_008_1  |[0m 2026-01-26 00:05:18,272 - __main__ - INFO - Update submitted for Round 19. Waiting...
[36mclient_010_1  |[0m 2026-01-26 00:05:18,528 - __main__ - INFO - --- New Round Detected: 19 ---
[33mserver_1      |[0m INFO:werkzeug:172.18.0.16 - - [26/Jan/2026 00:05:18] "GET /download_model?round=19 HTTP/1.1" 200 -
[36mclient_010_1  |[0m 2026-01-26 00:05:19,007 - __main__ - INFO - Round 19 finished. Loss: 0.4225, Acc: 98.40%
[33mserver_1      |[0m INFO:__main__:Received update from client_010
[33mserver_1      |[0m INFO:werkzeug:172.18.0.16 - - [26/Jan/2026 00:05:19] "POST /submit_update HTTP/1.1" 200 -
[36mclient_010_1  |[0m 2026-01-26 00:05:19,144 - __main__ - INFO - 🚀 Model update submitted successfully.
[36mclient_010_1  |[0m 2026-01-26 00:05:19,144 - __main__ - INFO - Update submitted for Round 19. Waiting...
[34;1mclient_009_1  |[0m 2026-01-26 00:05:20,306 - __main__ - INFO - --- New Round Detected: 19 ---
[33mserver_1      |[0m INFO:werkzeug:172.18.0.19 - - [26/Jan/2026 00:05:20] "GET /download_model?round=19 HTTP/1.1" 200 -
[34;1mclient_009_1  |[0m 2026-01-26 00:05:21,314 - __main__ - INFO - Round 19 finished. Loss: 0.6927, Acc: 85.21%
[35mclient_003_1  |[0m 2026-01-26 00:05:21,326 - __main__ - INFO - Round 19 finished. Loss: 0.4834, Acc: 96.70%
[33mserver_1      |[0m INFO:__main__:Received update from client_009
[33mserver_1      |[0m INFO:__main__:--- Aggregating 5 updates ---
[33mserver_1      |[0m INFO:__main__:⚡ Using Custom Aggregator with Drift Metric...
[33mserver_1      |[0m INFO:server.aggregator:Starting FedAvg aggregation for 5 clients.
[32;1mclient_007_1  |[0m 2026-01-26 00:05:21,673 - __main__ - INFO - --- New Round Detected: 19 ---
[33mserver_1      |[0m INFO:werkzeug:172.18.0.20 - - [26/Jan/2026 00:05:21] "GET /download_model?round=19 HTTP/1.1" 200 -
[32;1mclient_007_1  |[0m 2026-01-26 00:05:21,919 - __main__ - INFO - Round 19 finished. Loss: 1.3241, Acc: 68.68%
[33mserver_1      |[0m INFO:werkzeug:172.18.0.20 - - [26/Jan/2026 00:05:21] "[31m[1mPOST /submit_update HTTP/1.1[0m" 400 -
[32;1mclient_007_1  |[0m 2026-01-26 00:05:21,991 - __main__ - ERROR - Update submission failed: {"error":"Not accepting updates"}
[32;1mclient_007_1  |[0m 
[32;1mclient_007_1  |[0m 2026-01-26 00:05:21,991 - __main__ - INFO - Update submitted for Round 19. Waiting...
[33mserver_1      |[0m INFO:server.aggregator:--- [METRIC] Weight Divergence: 1.7727
[33mserver_1      |[0m INFO:server.aggregator:FedAvg aggregation complete.
[33mserver_1      |[0m INFO:__main__:Aggregation complete.
[33mserver_1      |[0m DEBUG: ⚠️ MY CUSTOM AGGREGATOR IS RUNNING ⚠️
[34mclient_004_1  |[0m 2026-01-26 00:05:23,088 - __main__ - INFO - --- New Round Detected: 19 ---
[33mserver_1      |[0m INFO:werkzeug:172.18.0.6 - - [26/Jan/2026 00:05:23] "GET /download_model?round=19 HTTP/1.1" 200 -
[33mclient_001_1  |[0m 2026-01-26 00:05:23,272 - __main__ - INFO - --- New Round Detected: 19 ---
[33mserver_1      |[0m INFO:werkzeug:172.18.0.18 - - [26/Jan/2026 00:05:23] "GET /download_model?round=19 HTTP/1.1" 200 -
[33mclient_001_1  |[0m 2026-01-26 00:05:23,624 - __main__ - INFO - Round 19 finished. Loss: 0.3141, Acc: 99.68%
[33mserver_1      |[0m INFO:werkzeug:172.18.0.18 - - [26/Jan/2026 00:05:23] "[31m[1mPOST /submit_update HTTP/1.1[0m" 400 -
[33mclient_001_1  |[0m 2026-01-26 00:05:23,687 - __main__ - ERROR - Update submission failed: {"error":"Not accepting updates"}
[33mclient_001_1  |[0m 
[33mclient_001_1  |[0m 2026-01-26 00:05:23,687 - __main__ - INFO - Update submitted for Round 19. Waiting...
[33;1mclient_006_1  |[0m 2026-01-26 00:05:25,653 - __main__ - INFO - --- New Round Detected: 19 ---
[33mserver_1      |[0m INFO:werkzeug:172.18.0.9 - - [26/Jan/2026 00:05:25] "GET /download_model?round=19 HTTP/1.1" 200 -
[33;1mclient_006_1  |[0m 2026-01-26 00:05:25,791 - __main__ - INFO - Round 19 finished. Loss: 0.8589, Acc: 78.57%
[33mserver_1      |[0m INFO:werkzeug:172.18.0.9 - - [26/Jan/2026 00:05:25] "[31m[1mPOST /submit_update HTTP/1.1[0m" 400 -
[33;1mclient_006_1  |[0m 2026-01-26 00:05:25,855 - __main__ - ERROR - Update submission failed: {"error":"Not accepting updates"}
[33;1mclient_006_1  |[0m 
[33;1mclient_006_1  |[0m 2026-01-26 00:05:25,856 - __main__ - INFO - Update submitted for Round 19. Waiting...
[34mclient_004_1  |[0m 2026-01-26 00:05:26,238 - __main__ - INFO - Round 19 finished. Loss: 0.6858, Acc: 92.83%
[33mserver_1      |[0m INFO:werkzeug:172.18.0.6 - - [26/Jan/2026 00:05:26] "[31m[1mPOST /submit_update HTTP/1.1[0m" 400 -
[34mclient_004_1  |[0m 2026-01-26 00:05:26,304 - __main__ - ERROR - Update submission failed: {"error":"Not accepting updates"}
[34mclient_004_1  |[0m 
[34mclient_004_1  |[0m 2026-01-26 00:05:26,304 - __main__ - INFO - Update submitted for Round 19. Waiting...
[33mserver_1      |[0m INFO:__main__:--- Round 19 Acc: 34.21%, Loss: 2.0294 ---
[33mserver_1      |[0m INFO:__main__:--- Starting Round 20. Timeout: 300s ---
[33mserver_1      |[0m INFO:werkzeug:172.18.0.19 - - [26/Jan/2026 00:05:29] "POST /submit_update HTTP/1.1" 200 -
[33mserver_1      |[0m INFO:__main__:Received update from client_003
[33mserver_1      |[0m INFO:werkzeug:172.18.0.8 - - [26/Jan/2026 00:05:29] "POST /submit_update HTTP/1.1" 200 -
[34;1mclient_009_1  |[0m 2026-01-26 00:05:29,244 - __main__ - INFO - 🚀 Model update submitted successfully.
[34;1mclient_009_1  |[0m 2026-01-26 00:05:29,244 - __main__ - INFO - Update submitted for Round 19. Waiting...
[35mclient_003_1  |[0m 2026-01-26 00:05:29,257 - __main__ - INFO - 🚀 Model update submitted successfully.
[35mclient_003_1  |[0m 2026-01-26 00:05:29,258 - __main__ - INFO - Update submitted for Round 19. Waiting...
[32;1mclient_007_1  |[0m 2026-01-26 00:05:32,055 - __main__ - INFO - --- New Round Detected: 20 ---
[33mserver_1      |[0m INFO:werkzeug:172.18.0.20 - - [26/Jan/2026 00:05:32] "GET /download_model?round=20 HTTP/1.1" 200 -
[32;1mclient_007_1  |[0m 2026-01-26 00:05:32,405 - __main__ - INFO - Round 20 finished. Loss: 1.3365, Acc: 69.60%
[33mserver_1      |[0m INFO:__main__:Received update from client_007
[33mserver_1      |[0m INFO:werkzeug:172.18.0.20 - - [26/Jan/2026 00:05:32] "POST /submit_update HTTP/1.1" 200 -
[32;1mclient_007_1  |[0m 2026-01-26 00:05:32,539 - __main__ - INFO - 🚀 Model update submitted successfully.
[32;1mclient_007_1  |[0m 2026-01-26 00:05:32,539 - __main__ - INFO - Update submitted for Round 20. Waiting...
[33mclient_001_1  |[0m 2026-01-26 00:05:33,749 - __main__ - INFO - --- New Round Detected: 20 ---
[33mserver_1      |[0m INFO:werkzeug:172.18.0.18 - - [26/Jan/2026 00:05:33] "GET /download_model?round=20 HTTP/1.1" 200 -
[33mclient_001_1  |[0m 2026-01-26 00:05:33,994 - __main__ - INFO - Round 20 finished. Loss: 0.2932, Acc: 100.00%
[33mserver_1      |[0m INFO:__main__:Received update from client_001
[33mserver_1      |[0m INFO:werkzeug:172.18.0.18 - - [26/Jan/2026 00:05:34] "POST /submit_update HTTP/1.1" 200 -
[33mclient_001_1  |[0m 2026-01-26 00:05:34,128 - __main__ - INFO - 🚀 Model update submitted successfully.
[33mclient_001_1  |[0m 2026-01-26 00:05:34,129 - __main__ - INFO - Update submitted for Round 20. Waiting...
[33;1mclient_006_1  |[0m 2026-01-26 00:05:35,918 - __main__ - INFO - --- New Round Detected: 20 ---
[33mserver_1      |[0m INFO:werkzeug:172.18.0.9 - - [26/Jan/2026 00:05:35] "GET /download_model?round=20 HTTP/1.1" 200 -
[33;1mclient_006_1  |[0m 2026-01-26 00:05:36,070 - __main__ - INFO - Round 20 finished. Loss: 1.0341, Acc: 78.57%
[33mserver_1      |[0m INFO:__main__:Received update from client_006
[33mserver_1      |[0m INFO:werkzeug:172.18.0.9 - - [26/Jan/2026 00:05:36] "POST /submit_update HTTP/1.1" 200 -
[33;1mclient_006_1  |[0m 2026-01-26 00:05:36,206 - __main__ - INFO - 🚀 Model update submitted successfully.
[33;1mclient_006_1  |[0m 2026-01-26 00:05:36,207 - __main__ - INFO - Update submitted for Round 20. Waiting...
[34mclient_004_1  |[0m 2026-01-26 00:05:36,366 - __main__ - INFO - --- New Round Detected: 20 ---
[33mserver_1      |[0m INFO:werkzeug:172.18.0.6 - - [26/Jan/2026 00:05:36] "GET /download_model?round=20 HTTP/1.1" 200 -
[32mclient_002_1  |[0m 2026-01-26 00:05:37,476 - __main__ - INFO - --- New Round Detected: 20 ---
[33mserver_1      |[0m INFO:werkzeug:172.18.0.22 - - [26/Jan/2026 00:05:37] "GET /download_model?round=20 HTTP/1.1" 200 -
[36;1mclient_005_1  |[0m 2026-01-26 00:05:38,282 - __main__ - INFO - --- New Round Detected: 20 ---
[33mserver_1      |[0m INFO:werkzeug:172.18.0.21 - - [26/Jan/2026 00:05:38] "GET /download_model?round=20 HTTP/1.1" 200 -
[35;1mclient_008_1  |[0m 2026-01-26 00:05:38,406 - __main__ - INFO - --- New Round Detected: 20 ---
[32mclient_002_1  |[0m 2026-01-26 00:05:38,424 - __main__ - INFO - Round 20 finished. Loss: 0.4002, Acc: 97.63%
[33mserver_1      |[0m INFO:werkzeug:172.18.0.17 - - [26/Jan/2026 00:05:38] "GET /download_model?round=20 HTTP/1.1" 200 -
[33mserver_1      |[0m INFO:__main__:Received update from client_002
[33mserver_1      |[0m INFO:__main__:--- Aggregating 5 updates ---
[33mserver_1      |[0m INFO:__main__:⚡ Using Custom Aggregator with Drift Metric...
[33mserver_1      |[0m INFO:server.aggregator:Starting FedAvg aggregation for 5 clients.
[36mclient_010_1  |[0m 2026-01-26 00:05:39,276 - __main__ - INFO - --- New Round Detected: 20 ---
[33mserver_1      |[0m INFO:werkzeug:172.18.0.16 - - [26/Jan/2026 00:05:39] "GET /download_model?round=20 HTTP/1.1" 200 -
[35mclient_003_1  |[0m 2026-01-26 00:05:39,347 - __main__ - INFO - --- New Round Detected: 20 ---
[34;1mclient_009_1  |[0m 2026-01-26 00:05:39,347 - __main__ - INFO - --- New Round Detected: 20 ---
[33mserver_1      |[0m INFO:werkzeug:172.18.0.19 - - [26/Jan/2026 00:05:39] "GET /download_model?round=20 HTTP/1.1" 200 -
[33mserver_1      |[0m INFO:werkzeug:172.18.0.8 - - [26/Jan/2026 00:05:39] "GET /download_model?round=20 HTTP/1.1" 200 -
[35;1mclient_008_1  |[0m 2026-01-26 00:05:39,441 - __main__ - INFO - Round 20 finished. Loss: 0.2747, Acc: 99.41%
[34mclient_004_1  |[0m 2026-01-26 00:05:39,457 - __main__ - INFO - Round 20 finished. Loss: 0.7373, Acc: 91.60%
[33mserver_1      |[0m INFO:werkzeug:172.18.0.17 - - [26/Jan/2026 00:05:39] "[31m[1mPOST /submit_update HTTP/1.1[0m" 400 -
[35;1mclient_008_1  |[0m 2026-01-26 00:05:39,508 - __main__ - ERROR - Update submission failed: {"error":"Not accepting updates"}
[35;1mclient_008_1  |[0m 
[35;1mclient_008_1  |[0m 2026-01-26 00:05:39,508 - __main__ - INFO - Update submitted for Round 20. Waiting...
[33mserver_1      |[0m INFO:werkzeug:172.18.0.6 - - [26/Jan/2026 00:05:39] "[31m[1mPOST /submit_update HTTP/1.1[0m" 400 -
[34mclient_004_1  |[0m 2026-01-26 00:05:39,559 - __main__ - ERROR - Update submission failed: {"error":"Not accepting updates"}
[34mclient_004_1  |[0m 
[34mclient_004_1  |[0m 2026-01-26 00:05:39,559 - __main__ - INFO - Update submitted for Round 20. Waiting...
[36mclient_010_1  |[0m 2026-01-26 00:05:39,795 - __main__ - INFO - Round 20 finished. Loss: 0.3355, Acc: 98.52%
[33mserver_1      |[0m INFO:werkzeug:172.18.0.16 - - [26/Jan/2026 00:05:39] "[31m[1mPOST /submit_update HTTP/1.1[0m" 400 -
[36mclient_010_1  |[0m 2026-01-26 00:05:39,866 - __main__ - ERROR - Update submission failed: {"error":"Not accepting updates"}
[36mclient_010_1  |[0m 
[36mclient_010_1  |[0m 2026-01-26 00:05:39,866 - __main__ - INFO - Update submitted for Round 20. Waiting...
[36;1mclient_005_1  |[0m 2026-01-26 00:05:39,867 - __main__ - INFO - Round 20 finished. Loss: 0.5603, Acc: 96.30%
[33mserver_1      |[0m INFO:werkzeug:172.18.0.21 - - [26/Jan/2026 00:05:39] "[31m[1mPOST /submit_update HTTP/1.1[0m" 400 -
[36;1mclient_005_1  |[0m 2026-01-26 00:05:39,930 - __main__ - ERROR - Update submission failed: {"error":"Not accepting updates"}
[36;1mclient_005_1  |[0m 
[36;1mclient_005_1  |[0m 2026-01-26 00:05:39,930 - __main__ - INFO - Update submitted for Round 20. Waiting...
[33mserver_1      |[0m INFO:server.aggregator:--- [METRIC] Weight Divergence: 3.2548
[33mserver_1      |[0m INFO:server.aggregator:FedAvg aggregation complete.
[33mserver_1      |[0m INFO:__main__:Aggregation complete.
[33mserver_1      |[0m DEBUG: ⚠️ MY CUSTOM AGGREGATOR IS RUNNING ⚠️
[34;1mclient_009_1  |[0m 2026-01-26 00:05:40,939 - __main__ - INFO - Round 20 finished. Loss: 0.6234, Acc: 88.12%
[33mserver_1      |[0m INFO:werkzeug:172.18.0.19 - - [26/Jan/2026 00:05:40] "[31m[1mPOST /submit_update HTTP/1.1[0m" 400 -
[34;1mclient_009_1  |[0m 2026-01-26 00:05:41,006 - __main__ - ERROR - Update submission failed: {"error":"Not accepting updates"}
[34;1mclient_009_1  |[0m 
[34;1mclient_009_1  |[0m 2026-01-26 00:05:41,006 - __main__ - INFO - Update submitted for Round 20. Waiting...
[33mserver_1      |[0m INFO:__main__:--- Round 20 Acc: 39.34%, Loss: 1.9815 ---
[33mserver_1      |[0m INFO:__main__:--- Starting Round 21. Timeout: 300s ---
[33mserver_1      |[0m INFO:werkzeug:172.18.0.22 - - [26/Jan/2026 00:05:41] "POST /submit_update HTTP/1.1" 200 -
[32mclient_002_1  |[0m 2026-01-26 00:05:41,259 - __main__ - INFO - 🚀 Model update submitted successfully.
[32mclient_002_1  |[0m 2026-01-26 00:05:41,260 - __main__ - INFO - Update submitted for Round 20. Waiting...
[32;1mclient_007_1  |[0m 2026-01-26 00:05:42,601 - __main__ - INFO - --- New Round Detected: 21 ---
[33mserver_1      |[0m INFO:werkzeug:172.18.0.20 - - [26/Jan/2026 00:05:42] "GET /download_model?round=21 HTTP/1.1" 200 -
[32;1mclient_007_1  |[0m 2026-01-26 00:05:43,004 - __main__ - INFO - Round 21 finished. Loss: 1.4973, Acc: 64.84%
[33mserver_1      |[0m INFO:__main__:Received update from client_007
[33mserver_1      |[0m INFO:werkzeug:172.18.0.20 - - [26/Jan/2026 00:05:43] "POST /submit_update HTTP/1.1" 200 -
[32;1mclient_007_1  |[0m 2026-01-26 00:05:43,139 - __main__ - INFO - 🚀 Model update submitted successfully.
[32;1mclient_007_1  |[0m 2026-01-26 00:05:43,140 - __main__ - INFO - Update submitted for Round 21. Waiting...
[33mclient_001_1  |[0m 2026-01-26 00:05:44,190 - __main__ - INFO - --- New Round Detected: 21 ---
[33mserver_1      |[0m INFO:werkzeug:172.18.0.18 - - [26/Jan/2026 00:05:44] "GET /download_model?round=21 HTTP/1.1" 200 -
[33mclient_001_1  |[0m 2026-01-26 00:05:44,591 - __main__ - INFO - Round 21 finished. Loss: 0.5509, Acc: 97.73%
[33mserver_1      |[0m INFO:__main__:Received update from client_001
[33mserver_1      |[0m INFO:werkzeug:172.18.0.18 - - [26/Jan/2026 00:05:44] "POST /submit_update HTTP/1.1" 200 -
[33mclient_001_1  |[0m 2026-01-26 00:05:44,745 - __main__ - INFO - 🚀 Model update submitted successfully.
[33mclient_001_1  |[0m 2026-01-26 00:05:44,745 - __main__ - INFO - Update submitted for Round 21. Waiting...
[35mclient_003_1  |[0m 2026-01-26 00:05:45,142 - __main__ - INFO - Round 20 finished. Loss: 0.5459, Acc: 96.08%
[33mserver_1      |[0m INFO:__main__:Received update from client_003
[33mserver_1      |[0m INFO:werkzeug:172.18.0.8 - - [26/Jan/2026 00:05:45] "POST /submit_update HTTP/1.1" 200 -
[35mclient_003_1  |[0m 2026-01-26 00:05:45,284 - __main__ - INFO - 🚀 Model update submitted successfully.
[35mclient_003_1  |[0m 2026-01-26 00:05:45,285 - __main__ - INFO - Update submitted for Round 20. Waiting...
[33;1mclient_006_1  |[0m 2026-01-26 00:05:46,282 - __main__ - INFO - --- New Round Detected: 21 ---
[33mserver_1      |[0m INFO:werkzeug:172.18.0.9 - - [26/Jan/2026 00:05:46] "GET /download_model?round=21 HTTP/1.1" 200 -
[33;1mclient_006_1  |[0m 2026-01-26 00:05:46,418 - __main__ - INFO - Round 21 finished. Loss: 0.6398, Acc: 85.71%
[33mserver_1      |[0m INFO:__main__:Received update from client_006
[33mserver_1      |[0m INFO:werkzeug:172.18.0.9 - - [26/Jan/2026 00:05:46] "POST /submit_update HTTP/1.1" 200 -
[33;1mclient_006_1  |[0m 2026-01-26 00:05:46,552 - __main__ - INFO - 🚀 Model update submitted successfully.
[33;1mclient_006_1  |[0m 2026-01-26 00:05:46,552 - __main__ - INFO - Update submitted for Round 21. Waiting...
[35;1mclient_008_1  |[0m 2026-01-26 00:05:49,572 - __main__ - INFO - --- New Round Detected: 21 ---
[33mserver_1      |[0m INFO:werkzeug:172.18.0.17 - - [26/Jan/2026 00:05:49] "GET /download_model?round=21 HTTP/1.1" 200 -
[34mclient_004_1  |[0m 2026-01-26 00:05:49,623 - __main__ - INFO - --- New Round Detected: 21 ---
[33mserver_1      |[0m INFO:werkzeug:172.18.0.6 - - [26/Jan/2026 00:05:49] "GET /download_model?round=21 HTTP/1.1" 200 -
[36mclient_010_1  |[0m 2026-01-26 00:05:49,928 - __main__ - INFO - --- New Round Detected: 21 ---
[33mserver_1      |[0m INFO:werkzeug:172.18.0.16 - - [26/Jan/2026 00:05:49] "GET /download_model?round=21 HTTP/1.1" 200 -
[36;1mclient_005_1  |[0m 2026-01-26 00:05:50,008 - __main__ - INFO - --- New Round Detected: 21 ---
[33mserver_1      |[0m INFO:werkzeug:172.18.0.21 - - [26/Jan/2026 00:05:50] "GET /download_model?round=21 HTTP/1.1" 200 -
[36mclient_010_1  |[0m 2026-01-26 00:05:50,461 - __main__ - INFO - Round 21 finished. Loss: 0.7194, Acc: 94.59%
[35;1mclient_008_1  |[0m 2026-01-26 00:05:50,533 - __main__ - INFO - Round 21 finished. Loss: 0.4243, Acc: 97.63%
[33mserver_1      |[0m INFO:__main__:Received update from client_010
[33mserver_1      |[0m INFO:__main__:--- Aggregating 5 updates ---
[33mserver_1      |[0m INFO:__main__:⚡ Using Custom Aggregator with Drift Metric...
[33mserver_1      |[0m INFO:server.aggregator:Starting FedAvg aggregation for 5 clients.
[34;1mclient_009_1  |[0m 2026-01-26 00:05:51,067 - __main__ - INFO - --- New Round Detected: 21 ---
[33mserver_1      |[0m INFO:werkzeug:172.18.0.19 - - [26/Jan/2026 00:05:51] "GET /download_model?round=21 HTTP/1.1" 200 -
[32mclient_002_1  |[0m 2026-01-26 00:05:51,323 - __main__ - INFO - --- New Round Detected: 21 ---
[33mserver_1      |[0m INFO:werkzeug:172.18.0.22 - - [26/Jan/2026 00:05:51] "GET /download_model?round=21 HTTP/1.1" 200 -
[36;1mclient_005_1  |[0m 2026-01-26 00:05:51,516 - __main__ - INFO - Round 21 finished. Loss: 0.9376, Acc: 92.79%
[33mserver_1      |[0m INFO:werkzeug:172.18.0.21 - - [26/Jan/2026 00:05:51] "[31m[1mPOST /submit_update HTTP/1.1[0m" 400 -
[36;1mclient_005_1  |[0m 2026-01-26 00:05:51,579 - __main__ - ERROR - Update submission failed: {"error":"Not accepting updates"}
[36;1mclient_005_1  |[0m 
[36;1mclient_005_1  |[0m 2026-01-26 00:05:51,579 - __main__ - INFO - Update submitted for Round 21. Waiting...
[32mclient_002_1  |[0m 2026-01-26 00:05:52,355 - __main__ - INFO - Round 21 finished. Loss: 0.6985, Acc: 93.58%
[33mserver_1      |[0m INFO:werkzeug:172.18.0.22 - - [26/Jan/2026 00:05:52] "[31m[1mPOST /submit_update HTTP/1.1[0m" 400 -
[32mclient_002_1  |[0m 2026-01-26 00:05:52,418 - __main__ - ERROR - Update submission failed: {"error":"Not accepting updates"}
[32mclient_002_1  |[0m 
[32mclient_002_1  |[0m 2026-01-26 00:05:52,418 - __main__ - INFO - Update submitted for Round 21. Waiting...
[33mserver_1      |[0m INFO:server.aggregator:--- [METRIC] Weight Divergence: 3.0383
[33mserver_1      |[0m INFO:server.aggregator:FedAvg aggregation complete.
[33mserver_1      |[0m INFO:__main__:Aggregation complete.
[34;1mclient_009_1  |[0m 2026-01-26 00:05:52,800 - __main__ - INFO - Round 21 finished. Loss: 0.9449, Acc: 81.39%
[33mserver_1      |[0m INFO:werkzeug:172.18.0.19 - - [26/Jan/2026 00:05:52] "[31m[1mPOST /submit_update HTTP/1.1[0m" 400 -
[34;1mclient_009_1  |[0m 2026-01-26 00:05:52,870 - __main__ - ERROR - Update submission failed: {"error":"Not accepting updates"}
[34;1mclient_009_1  |[0m 
[34;1mclient_009_1  |[0m 2026-01-26 00:05:52,870 - __main__ - INFO - Update submitted for Round 21. Waiting...
[33mserver_1      |[0m DEBUG: ⚠️ MY CUSTOM AGGREGATOR IS RUNNING ⚠️
[34mclient_004_1  |[0m 2026-01-26 00:05:52,942 - __main__ - INFO - Round 21 finished. Loss: 0.8624, Acc: 89.85%
[33mserver_1      |[0m INFO:werkzeug:172.18.0.6 - - [26/Jan/2026 00:05:53] "[31m[1mPOST /submit_update HTTP/1.1[0m" 400 -
[34mclient_004_1  |[0m 2026-01-26 00:05:53,166 - __main__ - ERROR - Update submission failed: {"error":"Not accepting updates"}
[34mclient_004_1  |[0m 
[34mclient_004_1  |[0m 2026-01-26 00:05:53,166 - __main__ - INFO - Update submitted for Round 21. Waiting...
[33mserver_1      |[0m INFO:__main__:--- Round 21 Acc: 37.91%, Loss: 2.1282 ---
[33mserver_1      |[0m INFO:__main__:--- Starting Round 22. Timeout: 300s ---
[33mserver_1      |[0m INFO:werkzeug:172.18.0.16 - - [26/Jan/2026 00:05:54] "POST /submit_update HTTP/1.1" 200 -
[33mserver_1      |[0m INFO:__main__:Received update from client_008
[33mserver_1      |[0m INFO:werkzeug:172.18.0.17 - - [26/Jan/2026 00:05:54] "POST /submit_update HTTP/1.1" 200 -
[35;1mclient_008_1  |[0m 2026-01-26 00:05:54,122 - __main__ - INFO - 🚀 Model update submitted successfully.
[35;1mclient_008_1  |[0m 2026-01-26 00:05:54,122 - __main__ - INFO - Update submitted for Round 21. Waiting...
[36mclient_010_1  |[0m 2026-01-26 00:05:54,122 - __main__ - INFO - 🚀 Model update submitted successfully.
[36mclient_010_1  |[0m 2026-01-26 00:05:54,122 - __main__ - INFO - Update submitted for Round 21. Waiting...
[33mclient_001_1  |[0m 2026-01-26 00:05:54,810 - __main__ - INFO - --- New Round Detected: 22 ---
[33mserver_1      |[0m INFO:werkzeug:172.18.0.18 - - [26/Jan/2026 00:05:54] "GET /download_model?round=22 HTTP/1.1" 200 -
[33mclient_001_1  |[0m 2026-01-26 00:05:55,077 - __main__ - INFO - Round 22 finished. Loss: 0.6012, Acc: 96.76%
[33mserver_1      |[0m INFO:__main__:Received update from client_001
[33mserver_1      |[0m INFO:werkzeug:172.18.0.18 - - [26/Jan/2026 00:05:55] "POST /submit_update HTTP/1.1" 200 -
[33mclient_001_1  |[0m 2026-01-26 00:05:55,230 - __main__ - INFO - 🚀 Model update submitted successfully.
[33mclient_001_1  |[0m 2026-01-26 00:05:55,230 - __main__ - INFO - Update submitted for Round 22. Waiting...
[35mclient_003_1  |[0m 2026-01-26 00:05:55,367 - __main__ - INFO - --- New Round Detected: 22 ---
[33mserver_1      |[0m INFO:werkzeug:172.18.0.8 - - [26/Jan/2026 00:05:55] "GET /download_model?round=22 HTTP/1.1" 200 -
[33;1mclient_006_1  |[0m 2026-01-26 00:05:56,624 - __main__ - INFO - --- New Round Detected: 22 ---
[33mserver_1      |[0m INFO:werkzeug:172.18.0.9 - - [26/Jan/2026 00:05:56] "GET /download_model?round=22 HTTP/1.1" 200 -
[33;1mclient_006_1  |[0m 2026-01-26 00:05:56,763 - __main__ - INFO - Round 22 finished. Loss: 0.5754, Acc: 92.86%
[33mserver_1      |[0m INFO:__main__:Received update from client_006
[33mserver_1      |[0m INFO:werkzeug:172.18.0.9 - - [26/Jan/2026 00:05:56] "POST /submit_update HTTP/1.1" 200 -
[33;1mclient_006_1  |[0m 2026-01-26 00:05:56,899 - __main__ - INFO - 🚀 Model update submitted successfully.
[33;1mclient_006_1  |[0m 2026-01-26 00:05:56,900 - __main__ - INFO - Update submitted for Round 22. Waiting...
[35mclient_003_1  |[0m 2026-01-26 00:06:01,408 - __main__ - INFO - Round 22 finished. Loss: 0.1960, Acc: 99.56%
[33mserver_1      |[0m INFO:__main__:Received update from client_003
[33mserver_1      |[0m INFO:werkzeug:172.18.0.8 - - [26/Jan/2026 00:06:01] "POST /submit_update HTTP/1.1" 200 -
[35mclient_003_1  |[0m 2026-01-26 00:06:01,546 - __main__ - INFO - 🚀 Model update submitted successfully.
[35mclient_003_1  |[0m 2026-01-26 00:06:01,546 - __main__ - INFO - Update submitted for Round 22. Waiting...
[36;1mclient_005_1  |[0m 2026-01-26 00:06:01,643 - __main__ - INFO - --- New Round Detected: 22 ---
[33mserver_1      |[0m INFO:werkzeug:172.18.0.21 - - [26/Jan/2026 00:06:01] "GET /download_model?round=22 HTTP/1.1" 200 -
[32mclient_002_1  |[0m 2026-01-26 00:06:02,506 - __main__ - INFO - --- New Round Detected: 22 ---
[33mserver_1      |[0m INFO:werkzeug:172.18.0.22 - - [26/Jan/2026 00:06:02] "GET /download_model?round=22 HTTP/1.1" 200 -
[34;1mclient_009_1  |[0m 2026-01-26 00:06:02,934 - __main__ - INFO - --- New Round Detected: 22 ---
[33mserver_1      |[0m INFO:werkzeug:172.18.0.19 - - [26/Jan/2026 00:06:02] "GET /download_model?round=22 HTTP/1.1" 200 -
[32mclient_002_1  |[0m 2026-01-26 00:06:03,086 - __main__ - INFO - Round 22 finished. Loss: 0.8362, Acc: 90.12%
[36;1mclient_005_1  |[0m 2026-01-26 00:06:03,146 - __main__ - INFO - Round 22 finished. Loss: 1.0618, Acc: 89.71%
[33mserver_1      |[0m INFO:__main__:Received update from client_002
[33mserver_1      |[0m INFO:__main__:--- Aggregating 5 updates ---
[33mserver_1      |[0m INFO:__main__:⚡ Using Custom Aggregator with Drift Metric...
[33mserver_1      |[0m INFO:server.aggregator:Starting FedAvg aggregation for 5 clients.
[34mclient_004_1  |[0m 2026-01-26 00:06:03,245 - __main__ - INFO - --- New Round Detected: 22 ---
[32;1mclient_007_1  |[0m 2026-01-26 00:06:03,274 - __main__ - INFO - --- New Round Detected: 22 ---
[33mserver_1      |[0m INFO:werkzeug:172.18.0.6 - - [26/Jan/2026 00:06:03] "GET /download_model?round=22 HTTP/1.1" 200 -
[33mserver_1      |[0m INFO:werkzeug:172.18.0.20 - - [26/Jan/2026 00:06:03] "GET /download_model?round=22 HTTP/1.1" 200 -
[32;1mclient_007_1  |[0m 2026-01-26 00:06:03,658 - __main__ - INFO - Round 22 finished. Loss: 1.3676, Acc: 70.70%
[33mserver_1      |[0m INFO:werkzeug:172.18.0.20 - - [26/Jan/2026 00:06:03] "[31m[1mPOST /submit_update HTTP/1.1[0m" 400 -
[32;1mclient_007_1  |[0m 2026-01-26 00:06:03,728 - __main__ - ERROR - Update submission failed: {"error":"Not accepting updates"}
[32;1mclient_007_1  |[0m 
[32;1mclient_007_1  |[0m 2026-01-26 00:06:03,729 - __main__ - INFO - Update submitted for Round 22. Waiting...
[35;1mclient_008_1  |[0m 2026-01-26 00:06:04,186 - __main__ - INFO - --- New Round Detected: 22 ---
[36mclient_010_1  |[0m 2026-01-26 00:06:04,199 - __main__ - INFO - --- New Round Detected: 22 ---
[33mserver_1      |[0m INFO:werkzeug:172.18.0.17 - - [26/Jan/2026 00:06:04] "GET /download_model?round=22 HTTP/1.1" 200 -
[33mserver_1      |[0m INFO:werkzeug:172.18.0.16 - - [26/Jan/2026 00:06:04] "GET /download_model?round=22 HTTP/1.1" 200 -
[34;1mclient_009_1  |[0m 2026-01-26 00:06:04,669 - __main__ - INFO - Round 22 finished. Loss: 1.0773, Acc: 78.21%
[36mclient_010_1  |[0m 2026-01-26 00:06:04,727 - __main__ - INFO - Round 22 finished. Loss: 0.7462, Acc: 94.83%
[33mserver_1      |[0m INFO:werkzeug:172.18.0.19 - - [26/Jan/2026 00:06:04] "[31m[1mPOST /submit_update HTTP/1.1[0m" 400 -
[33mserver_1      |[0m INFO:werkzeug:172.18.0.16 - - [26/Jan/2026 00:06:04] "[31m[1mPOST /submit_update HTTP/1.1[0m" 400 -
[34;1mclient_009_1  |[0m 2026-01-26 00:06:04,774 - __main__ - ERROR - Update submission failed: {"error":"Not accepting updates"}
[34;1mclient_009_1  |[0m 
[34;1mclient_009_1  |[0m 2026-01-26 00:06:04,774 - __main__ - INFO - Update submitted for Round 22. Waiting...
[33mserver_1      |[0m INFO:server.aggregator:--- [METRIC] Weight Divergence: 2.1216
[33mserver_1      |[0m INFO:server.aggregator:FedAvg aggregation complete.
[33mserver_1      |[0m INFO:__main__:Aggregation complete.
[36mclient_010_1  |[0m 2026-01-26 00:06:04,806 - __main__ - ERROR - Update submission failed: {"error":"Not accepting updates"}
[36mclient_010_1  |[0m 
[36mclient_010_1  |[0m 2026-01-26 00:06:04,806 - __main__ - INFO - Update submitted for Round 22. Waiting...
[33mserver_1      |[0m DEBUG: ⚠️ MY CUSTOM AGGREGATOR IS RUNNING ⚠️
[35;1mclient_008_1  |[0m 2026-01-26 00:06:05,188 - __main__ - INFO - Round 22 finished. Loss: 0.4675, Acc: 97.49%
[33mserver_1      |[0m INFO:werkzeug:172.18.0.17 - - [26/Jan/2026 00:06:05] "[31m[1mPOST /submit_update HTTP/1.1[0m" 400 -
[35;1mclient_008_1  |[0m 2026-01-26 00:06:05,258 - __main__ - ERROR - Update submission failed: {"error":"Not accepting updates"}
[35;1mclient_008_1  |[0m 
[35;1mclient_008_1  |[0m 2026-01-26 00:06:05,258 - __main__ - INFO - Update submitted for Round 22. Waiting...
[33mserver_1      |[0m INFO:__main__:--- Round 22 Acc: 36.16%, Loss: 2.1365 ---
[33mserver_1      |[0m INFO:__main__:--- Starting Round 23. Timeout: 300s ---
[33mserver_1      |[0m INFO:__main__:Received update from client_005
[33mserver_1      |[0m INFO:werkzeug:172.18.0.21 - - [26/Jan/2026 00:06:05] "POST /submit_update HTTP/1.1" 200 -
[33mserver_1      |[0m INFO:werkzeug:172.18.0.22 - - [26/Jan/2026 00:06:05] "POST /submit_update HTTP/1.1" 200 -
[36;1mclient_005_1  |[0m 2026-01-26 00:06:05,698 - __main__ - INFO - 🚀 Model update submitted successfully.
[32mclient_002_1  |[0m 2026-01-26 00:06:05,699 - __main__ - INFO - 🚀 Model update submitted successfully.
[32mclient_002_1  |[0m 2026-01-26 00:06:05,699 - __main__ - INFO - Update submitted for Round 22. Waiting...
[36;1mclient_005_1  |[0m 2026-01-26 00:06:05,699 - __main__ - INFO - Update submitted for Round 22. Waiting...
[34mclient_004_1  |[0m 2026-01-26 00:06:06,383 - __main__ - INFO - Round 22 finished. Loss: 0.9861, Acc: 88.02%
[33mserver_1      |[0m INFO:__main__:Received update from client_004
[33mserver_1      |[0m INFO:werkzeug:172.18.0.6 - - [26/Jan/2026 00:06:06] "POST /submit_update HTTP/1.1" 200 -
[34mclient_004_1  |[0m 2026-01-26 00:06:06,519 - __main__ - INFO - 🚀 Model update submitted successfully.
[34mclient_004_1  |[0m 2026-01-26 00:06:06,520 - __main__ - INFO - Update submitted for Round 22. Waiting...
[33;1mclient_006_1  |[0m 2026-01-26 00:06:06,962 - __main__ - INFO - --- New Round Detected: 23 ---
[33mserver_1      |[0m INFO:werkzeug:172.18.0.9 - - [26/Jan/2026 00:06:06] "GET /download_model?round=23 HTTP/1.1" 200 -
[33;1mclient_006_1  |[0m 2026-01-26 00:06:07,099 - __main__ - INFO - Round 23 finished. Loss: 0.5783, Acc: 92.86%
[33mserver_1      |[0m INFO:__main__:Received update from client_006
[33mserver_1      |[0m INFO:werkzeug:172.18.0.9 - - [26/Jan/2026 00:06:07] "POST /submit_update HTTP/1.1" 200 -
[33;1mclient_006_1  |[0m 2026-01-26 00:06:07,233 - __main__ - INFO - 🚀 Model update submitted successfully.
[33;1mclient_006_1  |[0m 2026-01-26 00:06:07,233 - __main__ - INFO - Update submitted for Round 23. Waiting...
[35mclient_003_1  |[0m 2026-01-26 00:06:11,608 - __main__ - INFO - --- New Round Detected: 23 ---
[33mserver_1      |[0m INFO:werkzeug:172.18.0.8 - - [26/Jan/2026 00:06:11] "GET /download_model?round=23 HTTP/1.1" 200 -
[32;1mclient_007_1  |[0m 2026-01-26 00:06:13,805 - __main__ - INFO - --- New Round Detected: 23 ---
[33mserver_1      |[0m INFO:werkzeug:172.18.0.20 - - [26/Jan/2026 00:06:13] "GET /download_model?round=23 HTTP/1.1" 200 -
[32;1mclient_007_1  |[0m 2026-01-26 00:06:14,247 - __main__ - INFO - Round 23 finished. Loss: 1.3959, Acc: 65.57%
[33mserver_1      |[0m INFO:__main__:Received update from client_007
[33mserver_1      |[0m INFO:werkzeug:172.18.0.20 - - [26/Jan/2026 00:06:14] "POST /submit_update HTTP/1.1" 200 -
[32;1mclient_007_1  |[0m 2026-01-26 00:06:14,383 - __main__ - INFO - 🚀 Model update submitted successfully.
[32;1mclient_007_1  |[0m 2026-01-26 00:06:14,384 - __main__ - INFO - Update submitted for Round 23. Waiting...
[34;1mclient_009_1  |[0m 2026-01-26 00:06:14,836 - __main__ - INFO - --- New Round Detected: 23 ---
[33mserver_1      |[0m INFO:werkzeug:172.18.0.19 - - [26/Jan/2026 00:06:14] "GET /download_model?round=23 HTTP/1.1" 200 -
[36mclient_010_1  |[0m 2026-01-26 00:06:14,871 - __main__ - INFO - --- New Round Detected: 23 ---
[33mserver_1      |[0m INFO:werkzeug:172.18.0.16 - - [26/Jan/2026 00:06:14] "GET /download_model?round=23 HTTP/1.1" 200 -
[35;1mclient_008_1  |[0m 2026-01-26 00:06:15,320 - __main__ - INFO - --- New Round Detected: 23 ---
[33mserver_1      |[0m INFO:werkzeug:172.18.0.17 - - [26/Jan/2026 00:06:15] "GET /download_model?round=23 HTTP/1.1" 200 -
[36mclient_010_1  |[0m 2026-01-26 00:06:15,347 - __main__ - INFO - Round 23 finished. Loss: 0.7621, Acc: 95.94%
[33mclient_001_1  |[0m 2026-01-26 00:06:15,366 - __main__ - INFO - --- New Round Detected: 23 ---
[33mserver_1      |[0m INFO:werkzeug:172.18.0.18 - - [26/Jan/2026 00:06:15] "GET /download_model?round=23 HTTP/1.1" 200 -
[33mserver_1      |[0m INFO:__main__:Received update from client_010
[33mserver_1      |[0m INFO:__main__:--- Aggregating 5 updates ---
[33mserver_1      |[0m INFO:__main__:⚡ Using Custom Aggregator with Drift Metric...
[33mserver_1      |[0m INFO:server.aggregator:Starting FedAvg aggregation for 5 clients.
[33mclient_001_1  |[0m 2026-01-26 00:06:15,799 - __main__ - INFO - Round 23 finished. Loss: 0.6193, Acc: 96.76%
[33mserver_1      |[0m INFO:werkzeug:172.18.0.18 - - [26/Jan/2026 00:06:15] "[31m[1mPOST /submit_update HTTP/1.1[0m" 400 -
[36;1mclient_005_1  |[0m 2026-01-26 00:06:15,841 - __main__ - INFO - --- New Round Detected: 23 ---
[32mclient_002_1  |[0m 2026-01-26 00:06:15,861 - __main__ - INFO - --- New Round Detected: 23 ---
[33mserver_1      |[0m INFO:werkzeug:172.18.0.21 - - [26/Jan/2026 00:06:15] "GET /download_model?round=23 HTTP/1.1" 200 -
[33mclient_001_1  |[0m 2026-01-26 00:06:15,875 - __main__ - ERROR - Update submission failed: {"error":"Not accepting updates"}
[33mclient_001_1  |[0m 
[33mclient_001_1  |[0m 2026-01-26 00:06:15,875 - __main__ - INFO - Update submitted for Round 23. Waiting...
[33mserver_1      |[0m INFO:werkzeug:172.18.0.22 - - [26/Jan/2026 00:06:15] "GET /download_model?round=23 HTTP/1.1" 200 -
[35;1mclient_008_1  |[0m 2026-01-26 00:06:16,449 - __main__ - INFO - Round 23 finished. Loss: 0.3386, Acc: 98.18%
[33mserver_1      |[0m INFO:werkzeug:172.18.0.17 - - [26/Jan/2026 00:06:16] "[31m[1mPOST /submit_update HTTP/1.1[0m" 400 -
[35;1mclient_008_1  |[0m 2026-01-26 00:06:16,520 - __main__ - ERROR - Update submission failed: {"error":"Not accepting updates"}
[35;1mclient_008_1  |[0m 
[35;1mclient_008_1  |[0m 2026-01-26 00:06:16,521 - __main__ - INFO - Update submitted for Round 23. Waiting...
[34;1mclient_009_1  |[0m 2026-01-26 00:06:16,614 - __main__ - INFO - Round 23 finished. Loss: 1.0917, Acc: 78.67%
[34mclient_004_1  |[0m 2026-01-26 00:06:16,615 - __main__ - INFO - --- New Round Detected: 23 ---
[33mserver_1      |[0m INFO:werkzeug:172.18.0.19 - - [26/Jan/2026 00:06:16] "[31m[1mPOST /submit_update HTTP/1.1[0m" 400 -
[33mserver_1      |[0m INFO:werkzeug:172.18.0.6 - - [26/Jan/2026 00:06:16] "GET /download_model?round=23 HTTP/1.1" 200 -
[34;1mclient_009_1  |[0m 2026-01-26 00:06:16,685 - __main__ - ERROR - Update submission failed: {"error":"Not accepting updates"}
[34;1mclient_009_1  |[0m 
[34;1mclient_009_1  |[0m 2026-01-26 00:06:16,685 - __main__ - INFO - Update submitted for Round 23. Waiting...
[32mclient_002_1  |[0m 2026-01-26 00:06:16,875 - __main__ - INFO - Round 23 finished. Loss: 0.7671, Acc: 94.47%
[33mserver_1      |[0m INFO:werkzeug:172.18.0.22 - - [26/Jan/2026 00:06:16] "[31m[1mPOST /submit_update HTTP/1.1[0m" 400 -
[32mclient_002_1  |[0m 2026-01-26 00:06:16,952 - __main__ - ERROR - Update submission failed: {"error":"Not accepting updates"}
[32mclient_002_1  |[0m 
[32mclient_002_1  |[0m 2026-01-26 00:06:16,952 - __main__ - INFO - Update submitted for Round 23. Waiting...
[36;1mclient_005_1  |[0m 2026-01-26 00:06:17,391 - __main__ - INFO - Round 23 finished. Loss: 0.9876, Acc: 92.85%
[33mserver_1      |[0m INFO:werkzeug:172.18.0.21 - - [26/Jan/2026 00:06:17] "[31m[1mPOST /submit_update HTTP/1.1[0m" 400 -
[33mserver_1      |[0m INFO:server.aggregator:--- [METRIC] Weight Divergence: 2.9312
[33mserver_1      |[0m INFO:server.aggregator:FedAvg aggregation complete.
[33mserver_1      |[0m INFO:__main__:Aggregation complete.
[36;1mclient_005_1  |[0m 2026-01-26 00:06:17,494 - __main__ - ERROR - Update submission failed: {"error":"Not accepting updates"}
[36;1mclient_005_1  |[0m 
[36;1mclient_005_1  |[0m 2026-01-26 00:06:17,494 - __main__ - INFO - Update submitted for Round 23. Waiting...
[33mserver_1      |[0m DEBUG: ⚠️ MY CUSTOM AGGREGATOR IS RUNNING ⚠️
[35mclient_003_1  |[0m 2026-01-26 00:06:18,245 - __main__ - INFO - Round 23 finished. Loss: 0.1253, Acc: 99.95%
[33mserver_1      |[0m INFO:werkzeug:172.18.0.8 - - [26/Jan/2026 00:06:18] "[31m[1mPOST /submit_update HTTP/1.1[0m" 400 -
[35mclient_003_1  |[0m 2026-01-26 00:06:18,313 - __main__ - ERROR - Update submission failed: {"error":"Not accepting updates"}
[35mclient_003_1  |[0m 
[35mclient_003_1  |[0m 2026-01-26 00:06:18,314 - __main__ - INFO - Update submitted for Round 23. Waiting...
[33mserver_1      |[0m INFO:__main__:--- Round 23 Acc: 36.03%, Loss: 1.8973 ---
[33mserver_1      |[0m INFO:__main__:--- Starting Round 24. Timeout: 300s ---
[33mserver_1      |[0m INFO:werkzeug:172.18.0.16 - - [26/Jan/2026 00:06:18] "POST /submit_update HTTP/1.1" 200 -
[36mclient_010_1  |[0m 2026-01-26 00:06:18,696 - __main__ - INFO - 🚀 Model update submitted successfully.
[36mclient_010_1  |[0m 2026-01-26 00:06:18,697 - __main__ - INFO - Update submitted for Round 23. Waiting...
[34mclient_004_1  |[0m 2026-01-26 00:06:19,707 - __main__ - INFO - Round 23 finished. Loss: 0.9724, Acc: 88.56%
[33mserver_1      |[0m INFO:__main__:Received update from client_004
[33mserver_1      |[0m INFO:werkzeug:172.18.0.6 - - [26/Jan/2026 00:06:19] "POST /submit_update HTTP/1.1" 200 -
[34mclient_004_1  |[0m 2026-01-26 00:06:19,843 - __main__ - INFO - 🚀 Model update submitted successfully.
[34mclient_004_1  |[0m 2026-01-26 00:06:19,844 - __main__ - INFO - Update submitted for Round 23. Waiting...
[32;1mclient_007_1  |[0m 2026-01-26 00:06:24,446 - __main__ - INFO - --- New Round Detected: 24 ---
[33mserver_1      |[0m INFO:werkzeug:172.18.0.20 - - [26/Jan/2026 00:06:24] "GET /download_model?round=24 HTTP/1.1" 200 -
[32;1mclient_007_1  |[0m 2026-01-26 00:06:24,845 - __main__ - INFO - Round 24 finished. Loss: 1.2021, Acc: 73.44%
[33mserver_1      |[0m INFO:__main__:Received update from client_007
[33mserver_1      |[0m INFO:werkzeug:172.18.0.20 - - [26/Jan/2026 00:06:24] "POST /submit_update HTTP/1.1" 200 -
[32;1mclient_007_1  |[0m 2026-01-26 00:06:24,980 - __main__ - INFO - 🚀 Model update submitted successfully.
[32;1mclient_007_1  |[0m 2026-01-26 00:06:24,980 - __main__ - INFO - Update submitted for Round 24. Waiting...
[33mclient_001_1  |[0m 2026-01-26 00:06:25,938 - __main__ - INFO - --- New Round Detected: 24 ---
[33mserver_1      |[0m INFO:werkzeug:172.18.0.18 - - [26/Jan/2026 00:06:25] "GET /download_model?round=24 HTTP/1.1" 200 -
[33mclient_001_1  |[0m 2026-01-26 00:06:26,300 - __main__ - INFO - Round 24 finished. Loss: 0.5884, Acc: 99.35%
[33mserver_1      |[0m INFO:__main__:Received update from client_001
[33mserver_1      |[0m INFO:werkzeug:172.18.0.18 - - [26/Jan/2026 00:06:26] "POST /submit_update HTTP/1.1" 200 -
[33mclient_001_1  |[0m 2026-01-26 00:06:26,455 - __main__ - INFO - 🚀 Model update submitted successfully.
[33mclient_001_1  |[0m 2026-01-26 00:06:26,455 - __main__ - INFO - Update submitted for Round 24. Waiting...
[35;1mclient_008_1  |[0m 2026-01-26 00:06:26,635 - __main__ - INFO - --- New Round Detected: 24 ---
[33mserver_1      |[0m INFO:werkzeug:172.18.0.17 - - [26/Jan/2026 00:06:26] "GET /download_model?round=24 HTTP/1.1" 200 -
[34;1mclient_009_1  |[0m 2026-01-26 00:06:26,749 - __main__ - INFO - --- New Round Detected: 24 ---
[33mserver_1      |[0m INFO:werkzeug:172.18.0.19 - - [26/Jan/2026 00:06:26] "GET /download_model?round=24 HTTP/1.1" 200 -
[32mclient_002_1  |[0m 2026-01-26 00:06:27,014 - __main__ - INFO - --- New Round Detected: 24 ---
[33mserver_1      |[0m INFO:werkzeug:172.18.0.22 - - [26/Jan/2026 00:06:27] "GET /download_model?round=24 HTTP/1.1" 200 -
[35;1mclient_008_1  |[0m 2026-01-26 00:06:27,300 - __main__ - INFO - Round 24 finished. Loss: 0.6172, Acc: 95.17%
[33;1mclient_006_1  |[0m 2026-01-26 00:06:27,383 - __main__ - INFO - --- New Round Detected: 24 ---
[33mserver_1      |[0m INFO:__main__:Received update from client_008
[33mserver_1      |[0m INFO:werkzeug:172.18.0.17 - - [26/Jan/2026 00:06:27] "POST /submit_update HTTP/1.1" 200 -
[33mserver_1      |[0m INFO:werkzeug:172.18.0.9 - - [26/Jan/2026 00:06:27] "GET /download_model?round=24 HTTP/1.1" 200 -
[35;1mclient_008_1  |[0m 2026-01-26 00:06:27,439 - __main__ - INFO - 🚀 Model update submitted successfully.
[35;1mclient_008_1  |[0m 2026-01-26 00:06:27,439 - __main__ - INFO - Update submitted for Round 24. Waiting...
[33;1mclient_006_1  |[0m 2026-01-26 00:06:27,557 - __main__ - INFO - Round 24 finished. Loss: 0.9129, Acc: 78.57%
[36;1mclient_005_1  |[0m 2026-01-26 00:06:27,562 - __main__ - INFO - --- New Round Detected: 24 ---
[32mclient_002_1  |[0m 2026-01-26 00:06:27,562 - __main__ - INFO - Round 24 finished. Loss: 0.7124, Acc: 96.05%
[33mserver_1      |[0m INFO:werkzeug:172.18.0.21 - - [26/Jan/2026 00:06:27] "GET /download_model?round=24 HTTP/1.1" 200 -
[33mserver_1      |[0m INFO:__main__:Received update from client_006
[33mserver_1      |[0m INFO:__main__:--- Aggregating 5 updates ---
[33mserver_1      |[0m INFO:__main__:⚡ Using Custom Aggregator with Drift Metric...
[33mserver_1      |[0m INFO:server.aggregator:Starting FedAvg aggregation for 5 clients.
[34;1mclient_009_1  |[0m 2026-01-26 00:06:28,332 - __main__ - INFO - Round 24 finished. Loss: 1.0863, Acc: 80.20%
[33mserver_1      |[0m INFO:werkzeug:172.18.0.19 - - [26/Jan/2026 00:06:28] "[31m[1mPOST /submit_update HTTP/1.1[0m" 400 -
[35mclient_003_1  |[0m 2026-01-26 00:06:28,378 - __main__ - INFO - --- New Round Detected: 24 ---
[34;1mclient_009_1  |[0m 2026-01-26 00:06:28,396 - __main__ - ERROR - Update submission failed: {"error":"Not accepting updates"}
[34;1mclient_009_1  |[0m 
[34;1mclient_009_1  |[0m 2026-01-26 00:06:28,396 - __main__ - INFO - Update submitted for Round 24. Waiting...
[33mserver_1      |[0m INFO:werkzeug:172.18.0.8 - - [26/Jan/2026 00:06:28] "GET /download_model?round=24 HTTP/1.1" 200 -
[36mclient_010_1  |[0m 2026-01-26 00:06:28,761 - __main__ - INFO - --- New Round Detected: 24 ---
[33mserver_1      |[0m INFO:werkzeug:172.18.0.16 - - [26/Jan/2026 00:06:28] "GET /download_model?round=24 HTTP/1.1" 200 -
[36;1mclient_005_1  |[0m 2026-01-26 00:06:29,011 - __main__ - INFO - Round 24 finished. Loss: 0.3537, Acc: 98.17%
[33mserver_1      |[0m INFO:werkzeug:172.18.0.21 - - [26/Jan/2026 00:06:29] "[31m[1mPOST /submit_update HTTP/1.1[0m" 400 -
[36;1mclient_005_1  |[0m 2026-01-26 00:06:29,077 - __main__ - ERROR - Update submission failed: {"error":"Not accepting updates"}
[36;1mclient_005_1  |[0m 
[36;1mclient_005_1  |[0m 2026-01-26 00:06:29,077 - __main__ - INFO - Update submitted for Round 24. Waiting...
[36mclient_010_1  |[0m 2026-01-26 00:06:29,226 - __main__ - INFO - Round 24 finished. Loss: 0.7285, Acc: 97.79%
[33mserver_1      |[0m INFO:werkzeug:172.18.0.16 - - [26/Jan/2026 00:06:29] "[31m[1mPOST /submit_update HTTP/1.1[0m" 400 -
[36mclient_010_1  |[0m 2026-01-26 00:06:29,322 - __main__ - ERROR - Update submission failed: {"error":"Not accepting updates"}
[36mclient_010_1  |[0m 
[36mclient_010_1  |[0m 2026-01-26 00:06:29,322 - __main__ - INFO - Update submitted for Round 24. Waiting...
[33mserver_1      |[0m INFO:server.aggregator:--- [METRIC] Weight Divergence: 2.5503
[33mserver_1      |[0m INFO:server.aggregator:FedAvg aggregation complete.
[33mserver_1      |[0m INFO:__main__:Aggregation complete.
[33mserver_1      |[0m DEBUG: ⚠️ MY CUSTOM AGGREGATOR IS RUNNING ⚠️
[34mclient_004_1  |[0m 2026-01-26 00:06:29,928 - __main__ - INFO - --- New Round Detected: 24 ---
[33mserver_1      |[0m INFO:werkzeug:172.18.0.6 - - [26/Jan/2026 00:06:29] "GET /download_model?round=24 HTTP/1.1" 200 -
[33mserver_1      |[0m INFO:__main__:--- Round 24 Acc: 40.76%, Loss: 1.8254 ---
[33mserver_1      |[0m INFO:__main__:--- Starting Round 25. Timeout: 300s ---
[33mserver_1      |[0m INFO:__main__:Received update from client_002
[33mserver_1      |[0m INFO:werkzeug:172.18.0.22 - - [26/Jan/2026 00:06:30] "POST /submit_update HTTP/1.1" 200 -
[33mserver_1      |[0m INFO:werkzeug:172.18.0.9 - - [26/Jan/2026 00:06:30] "POST /submit_update HTTP/1.1" 200 -
[33;1mclient_006_1  |[0m 2026-01-26 00:06:30,553 - __main__ - INFO - 🚀 Model update submitted successfully.
[33;1mclient_006_1  |[0m 2026-01-26 00:06:30,553 - __main__ - INFO - Update submitted for Round 24. Waiting...
[32mclient_002_1  |[0m 2026-01-26 00:06:30,553 - __main__ - INFO - 🚀 Model update submitted successfully.
[32mclient_002_1  |[0m 2026-01-26 00:06:30,553 - __main__ - INFO - Update submitted for Round 24. Waiting...
[33mclient_011_1  |[0m 2026-01-26 00:06:31,303 - __main__ - INFO - Round 14 finished. Loss: 1.0643, Acc: 72.66%
[33mserver_1      |[0m INFO:__main__:Received update from client_011
[33mserver_1      |[0m INFO:werkzeug:172.18.0.3 - - [26/Jan/2026 00:06:32] "POST /submit_update HTTP/1.1" 200 -
[33mclient_011_1  |[0m 2026-01-26 00:06:32,540 - __main__ - INFO - 🚀 Model update submitted successfully.
[33mclient_011_1  |[0m 2026-01-26 00:06:32,541 - __main__ - INFO - Update submitted for Round 14. Waiting...
[34mclient_004_1  |[0m 2026-01-26 00:06:33,195 - __main__ - INFO - Round 24 finished. Loss: 0.5089, Acc: 95.79%
[33mserver_1      |[0m INFO:__main__:Received update from client_004
[33mserver_1      |[0m INFO:werkzeug:172.18.0.6 - - [26/Jan/2026 00:06:33] "POST /submit_update HTTP/1.1" 200 -
[34mclient_004_1  |[0m 2026-01-26 00:06:33,340 - __main__ - INFO - 🚀 Model update submitted successfully.
[34mclient_004_1  |[0m 2026-01-26 00:06:33,341 - __main__ - INFO - Update submitted for Round 24. Waiting...
[35mclient_003_1  |[0m 2026-01-26 00:06:34,639 - __main__ - INFO - Round 24 finished. Loss: 0.2839, Acc: 99.57%
[33mserver_1      |[0m INFO:__main__:Received update from client_003
[33mserver_1      |[0m INFO:werkzeug:172.18.0.8 - - [26/Jan/2026 00:06:34] "POST /submit_update HTTP/1.1" 200 -
[35mclient_003_1  |[0m 2026-01-26 00:06:34,774 - __main__ - INFO - 🚀 Model update submitted successfully.
[35mclient_003_1  |[0m 2026-01-26 00:06:34,774 - __main__ - INFO - Update submitted for Round 24. Waiting...
[32;1mclient_007_1  |[0m 2026-01-26 00:06:35,046 - __main__ - INFO - --- New Round Detected: 25 ---
[33mserver_1      |[0m INFO:werkzeug:172.18.0.20 - - [26/Jan/2026 00:06:35] "GET /download_model?round=25 HTTP/1.1" 200 -
[32;1mclient_007_1  |[0m 2026-01-26 00:06:35,431 - __main__ - INFO - Round 25 finished. Loss: 1.1368, Acc: 75.27%
[33mserver_1      |[0m INFO:__main__:Received update from client_007
[33mserver_1      |[0m INFO:__main__:--- Aggregating 5 updates ---
[33mserver_1      |[0m INFO:__main__:⚡ Using Custom Aggregator with Drift Metric...
[33mserver_1      |[0m INFO:server.aggregator:Starting FedAvg aggregation for 5 clients.
[33mclient_001_1  |[0m 2026-01-26 00:06:36,526 - __main__ - INFO - --- New Round Detected: 25 ---
[33mserver_1      |[0m INFO:werkzeug:172.18.0.18 - - [26/Jan/2026 00:06:36] "GET /download_model?round=25 HTTP/1.1" 200 -
[33mserver_1      |[0m INFO:server.aggregator:--- [METRIC] Weight Divergence: 3.5691
[33mserver_1      |[0m INFO:server.aggregator:FedAvg aggregation complete.
[33mserver_1      |[0m INFO:__main__:Aggregation complete.
[33mserver_1      |[0m DEBUG: ⚠️ MY CUSTOM AGGREGATOR IS RUNNING ⚠️
[33mclient_001_1  |[0m 2026-01-26 00:06:36,894 - __main__ - INFO - Round 25 finished. Loss: 0.6061, Acc: 99.68%
[33mserver_1      |[0m INFO:werkzeug:172.18.0.18 - - [26/Jan/2026 00:06:36] "[31m[1mPOST /submit_update HTTP/1.1[0m" 400 -
[33mclient_001_1  |[0m 2026-01-26 00:06:36,968 - __main__ - ERROR - Update submission failed: {"error":"Not accepting updates"}
[33mclient_001_1  |[0m 
[33mclient_001_1  |[0m 2026-01-26 00:06:36,968 - __main__ - INFO - Update submitted for Round 25. Waiting...
[35;1mclient_008_1  |[0m 2026-01-26 00:06:37,504 - __main__ - INFO - --- New Round Detected: 25 ---
[33mserver_1      |[0m INFO:werkzeug:172.18.0.17 - - [26/Jan/2026 00:06:37] "GET /download_model?round=25 HTTP/1.1" 200 -
[33mserver_1      |[0m INFO:__main__:--- Round 25 Acc: 40.97%, Loss: 1.7921 ---
[33mserver_1      |[0m INFO:__main__:--- Starting Round 26. Timeout: 300s ---
[33mserver_1      |[0m INFO:werkzeug:172.18.0.20 - - [26/Jan/2026 00:06:37] "POST /submit_update HTTP/1.1" 200 -
[32;1mclient_007_1  |[0m 2026-01-26 00:06:37,814 - __main__ - INFO - 🚀 Model update submitted successfully.
[32;1mclient_007_1  |[0m 2026-01-26 00:06:37,815 - __main__ - INFO - Update submitted for Round 25. Waiting...
[35;1mclient_008_1  |[0m 2026-01-26 00:06:38,183 - __main__ - INFO - Round 25 finished. Loss: 0.3276, Acc: 99.11%
[33mserver_1      |[0m INFO:__main__:Received update from client_008
[33mserver_1      |[0m INFO:werkzeug:172.18.0.17 - - [26/Jan/2026 00:06:38] "POST /submit_update HTTP/1.1" 200 -
[35;1mclient_008_1  |[0m 2026-01-26 00:06:38,336 - __main__ - INFO - 🚀 Model update submitted successfully.
[35;1mclient_008_1  |[0m 2026-01-26 00:06:38,337 - __main__ - INFO - Update submitted for Round 25. Waiting...
[34;1mclient_009_1  |[0m 2026-01-26 00:06:38,459 - __main__ - INFO - --- New Round Detected: 26 ---
[33mserver_1      |[0m INFO:werkzeug:172.18.0.19 - - [26/Jan/2026 00:06:38] "GET /download_model?round=26 HTTP/1.1" 200 -
[36;1mclient_005_1  |[0m 2026-01-26 00:06:39,141 - __main__ - INFO - --- New Round Detected: 26 ---
[33mserver_1      |[0m INFO:werkzeug:172.18.0.21 - - [26/Jan/2026 00:06:39] "GET /download_model?round=26 HTTP/1.1" 200 -
[36mclient_010_1  |[0m 2026-01-26 00:06:39,386 - __main__ - INFO - --- New Round Detected: 26 ---
[33mserver_1      |[0m INFO:werkzeug:172.18.0.16 - - [26/Jan/2026 00:06:39] "GET /download_model?round=26 HTTP/1.1" 200 -
[36mclient_010_1  |[0m 2026-01-26 00:06:39,854 - __main__ - INFO - Round 26 finished. Loss: 0.7851, Acc: 97.05%
[33mserver_1      |[0m INFO:__main__:Received update from client_010
[33mserver_1      |[0m INFO:werkzeug:172.18.0.16 - - [26/Jan/2026 00:06:39] "POST /submit_update HTTP/1.1" 200 -
[36mclient_010_1  |[0m 2026-01-26 00:06:39,988 - __main__ - INFO - 🚀 Model update submitted successfully.
[36mclient_010_1  |[0m 2026-01-26 00:06:39,989 - __main__ - INFO - Update submitted for Round 26. Waiting...
[34;1mclient_009_1  |[0m 2026-01-26 00:06:40,060 - __main__ - INFO - Round 26 finished. Loss: 0.9506, Acc: 81.98%
[33mserver_1      |[0m INFO:__main__:Received update from client_009
[33mserver_1      |[0m INFO:werkzeug:172.18.0.19 - - [26/Jan/2026 00:06:40] "POST /submit_update HTTP/1.1" 200 -
[34;1mclient_009_1  |[0m 2026-01-26 00:06:40,199 - __main__ - INFO - 🚀 Model update submitted successfully.
[34;1mclient_009_1  |[0m 2026-01-26 00:06:40,199 - __main__ - INFO - Update submitted for Round 26. Waiting...
[36;1mclient_005_1  |[0m 2026-01-26 00:06:40,520 - __main__ - INFO - Round 26 finished. Loss: 0.4909, Acc: 97.82%
[33;1mclient_006_1  |[0m 2026-01-26 00:06:40,622 - __main__ - INFO - --- New Round Detected: 26 ---
[33mserver_1      |[0m INFO:__main__:Received update from client_005
[33mserver_1      |[0m INFO:werkzeug:172.18.0.21 - - [26/Jan/2026 00:06:40] "POST /submit_update HTTP/1.1" 200 -
[33mserver_1      |[0m INFO:werkzeug:172.18.0.9 - - [26/Jan/2026 00:06:40] "GET /download_model?round=26 HTTP/1.1" 200 -
[36;1mclient_005_1  |[0m 2026-01-26 00:06:40,655 - __main__ - INFO - 🚀 Model update submitted successfully.
[36;1mclient_005_1  |[0m 2026-01-26 00:06:40,655 - __main__ - INFO - Update submitted for Round 26. Waiting...
[32mclient_002_1  |[0m 2026-01-26 00:06:40,664 - __main__ - INFO - --- New Round Detected: 26 ---
[33mserver_1      |[0m INFO:werkzeug:172.18.0.22 - - [26/Jan/2026 00:06:40] "GET /download_model?round=26 HTTP/1.1" 200 -
[33;1mclient_006_1  |[0m 2026-01-26 00:06:40,754 - __main__ - INFO - Round 26 finished. Loss: 0.5281, Acc: 92.86%
[33mserver_1      |[0m INFO:__main__:Received update from client_006
[33mserver_1      |[0m INFO:__main__:--- Aggregating 5 updates ---
[33mserver_1      |[0m INFO:__main__:⚡ Using Custom Aggregator with Drift Metric...
[33mserver_1      |[0m INFO:server.aggregator:Starting FedAvg aggregation for 5 clients.
[32mclient_002_1  |[0m 2026-01-26 00:06:41,203 - __main__ - INFO - Round 26 finished. Loss: 0.6354, Acc: 97.04%
[33mserver_1      |[0m INFO:werkzeug:172.18.0.22 - - [26/Jan/2026 00:06:41] "[31m[1mPOST /submit_update HTTP/1.1[0m" 400 -
[32mclient_002_1  |[0m 2026-01-26 00:06:41,279 - __main__ - ERROR - Update submission failed: {"error":"Not accepting updates"}
[32mclient_002_1  |[0m 
[32mclient_002_1  |[0m 2026-01-26 00:06:41,279 - __main__ - INFO - Update submitted for Round 26. Waiting...
[33mserver_1      |[0m INFO:server.aggregator:--- [METRIC] Weight Divergence: 2.0537
[33mserver_1      |[0m INFO:server.aggregator:FedAvg aggregation complete.
[33mserver_1      |[0m INFO:__main__:Aggregation complete.
[33mserver_1      |[0m DEBUG: ⚠️ MY CUSTOM AGGREGATOR IS RUNNING ⚠️
[34mclient_004_1  |[0m 2026-01-26 00:06:43,422 - __main__ - INFO - --- New Round Detected: 26 ---
[33mserver_1      |[0m INFO:werkzeug:172.18.0.6 - - [26/Jan/2026 00:06:43] "GET /download_model?round=26 HTTP/1.1" 200 -
[33mclient_011_1  |[0m 2026-01-26 00:06:43,828 - __main__ - INFO - --- New Round Detected: 26 ---
[33mserver_1      |[0m INFO:werkzeug:172.18.0.3 - - [26/Jan/2026 00:06:44] "GET /download_model?round=26 HTTP/1.1" 200 -
[33mserver_1      |[0m INFO:__main__:--- Round 26 Acc: 41.44%, Loss: 1.8128 ---
[33mserver_1      |[0m INFO:__main__:--- Starting Round 27. Timeout: 300s ---
[33mserver_1      |[0m INFO:werkzeug:172.18.0.9 - - [26/Jan/2026 00:06:44] "POST /submit_update HTTP/1.1" 200 -
[33;1mclient_006_1  |[0m 2026-01-26 00:06:44,166 - __main__ - INFO - 🚀 Model update submitted successfully.
[33;1mclient_006_1  |[0m 2026-01-26 00:06:44,167 - __main__ - INFO - Update submitted for Round 26. Waiting...
[35mclient_003_1  |[0m 2026-01-26 00:06:44,844 - __main__ - INFO - --- New Round Detected: 27 ---
[33mserver_1      |[0m INFO:werkzeug:172.18.0.8 - - [26/Jan/2026 00:06:44] "GET /download_model?round=27 HTTP/1.1" 200 -
[34mclient_004_1  |[0m 2026-01-26 00:06:45,948 - __main__ - INFO - Round 26 finished. Loss: 0.4014, Acc: 98.41%
[33mserver_1      |[0m INFO:__main__:Received update from client_004
[33mserver_1      |[0m INFO:werkzeug:172.18.0.6 - - [26/Jan/2026 00:06:46] "POST /submit_update HTTP/1.1" 200 -
[34mclient_004_1  |[0m 2026-01-26 00:06:46,083 - __main__ - INFO - 🚀 Model update submitted successfully.
[34mclient_004_1  |[0m 2026-01-26 00:06:46,084 - __main__ - INFO - Update submitted for Round 26. Waiting...
[33mclient_001_1  |[0m 2026-01-26 00:06:47,038 - __main__ - INFO - --- New Round Detected: 27 ---
[33mserver_1      |[0m INFO:werkzeug:172.18.0.18 - - [26/Jan/2026 00:06:47] "GET /download_model?round=27 HTTP/1.1" 200 -
[33mclient_001_1  |[0m 2026-01-26 00:06:47,445 - __main__ - INFO - Round 27 finished. Loss: 0.3571, Acc: 98.06%
[33mserver_1      |[0m INFO:__main__:Received update from client_001
[33mserver_1      |[0m INFO:werkzeug:172.18.0.18 - - [26/Jan/2026 00:06:47] "POST /submit_update HTTP/1.1" 200 -
[33mclient_001_1  |[0m 2026-01-26 00:06:47,579 - __main__ - INFO - 🚀 Model update submitted successfully.
[33mclient_001_1  |[0m 2026-01-26 00:06:47,580 - __main__ - INFO - Update submitted for Round 27. Waiting...
[32;1mclient_007_1  |[0m 2026-01-26 00:06:47,878 - __main__ - INFO - --- New Round Detected: 27 ---
[33mserver_1      |[0m INFO:werkzeug:172.18.0.20 - - [26/Jan/2026 00:06:47] "GET /download_model?round=27 HTTP/1.1" 200 -
[32;1mclient_007_1  |[0m 2026-01-26 00:06:48,147 - __main__ - INFO - Round 27 finished. Loss: 1.2091, Acc: 74.54%
[33mserver_1      |[0m INFO:__main__:Received update from client_007
[33mserver_1      |[0m INFO:werkzeug:172.18.0.20 - - [26/Jan/2026 00:06:48] "POST /submit_update HTTP/1.1" 200 -
[32;1mclient_007_1  |[0m 2026-01-26 00:06:48,300 - __main__ - INFO - 🚀 Model update submitted successfully.
[32;1mclient_007_1  |[0m 2026-01-26 00:06:48,300 - __main__ - INFO - Update submitted for Round 27. Waiting...
[35;1mclient_008_1  |[0m 2026-01-26 00:06:48,457 - __main__ - INFO - --- New Round Detected: 27 ---
[33mserver_1      |[0m INFO:werkzeug:172.18.0.17 - - [26/Jan/2026 00:06:48] "GET /download_model?round=27 HTTP/1.1" 200 -
[35mclient_003_1  |[0m 2026-01-26 00:06:48,535 - __main__ - INFO - Round 27 finished. Loss: 0.3088, Acc: 99.59%
[33mserver_1      |[0m INFO:__main__:Received update from client_003
[33mserver_1      |[0m INFO:werkzeug:172.18.0.8 - - [26/Jan/2026 00:06:48] "POST /submit_update HTTP/1.1" 200 -
[35mclient_003_1  |[0m 2026-01-26 00:06:48,669 - __main__ - INFO - 🚀 Model update submitted successfully.
[35mclient_003_1  |[0m 2026-01-26 00:06:48,669 - __main__ - INFO - Update submitted for Round 27. Waiting...
[35;1mclient_008_1  |[0m 2026-01-26 00:06:49,139 - __main__ - INFO - Round 27 finished. Loss: 0.3067, Acc: 99.11%
[33mserver_1      |[0m INFO:__main__:Received update from client_008
[33mserver_1      |[0m INFO:__main__:--- Aggregating 5 updates ---
[33mserver_1      |[0m INFO:__main__:⚡ Using Custom Aggregator with Drift Metric...
[33mserver_1      |[0m INFO:server.aggregator:Starting FedAvg aggregation for 5 clients.
[36mclient_010_1  |[0m 2026-01-26 00:06:50,056 - __main__ - INFO - --- New Round Detected: 27 ---
[33mserver_1      |[0m INFO:werkzeug:172.18.0.16 - - [26/Jan/2026 00:06:50] "GET /download_model?round=27 HTTP/1.1" 200 -
[34;1mclient_009_1  |[0m 2026-01-26 00:06:50,260 - __main__ - INFO - --- New Round Detected: 27 ---
[33mserver_1      |[0m INFO:werkzeug:172.18.0.19 - - [26/Jan/2026 00:06:50] "GET /download_model?round=27 HTTP/1.1" 200 -
[36mclient_010_1  |[0m 2026-01-26 00:06:50,591 - __main__ - INFO - Round 27 finished. Loss: 0.5053, Acc: 94.83%
[33mserver_1      |[0m INFO:werkzeug:172.18.0.16 - - [26/Jan/2026 00:06:50] "[31m[1mPOST /submit_update HTTP/1.1[0m" 400 -
[36mclient_010_1  |[0m 2026-01-26 00:06:50,656 - __main__ - ERROR - Update submission failed: {"error":"Not accepting updates"}
[36mclient_010_1  |[0m 
[36mclient_010_1  |[0m 2026-01-26 00:06:50,656 - __main__ - INFO - Update submitted for Round 27. Waiting...
[36;1mclient_005_1  |[0m 2026-01-26 00:06:50,720 - __main__ - INFO - --- New Round Detected: 27 ---
[33mserver_1      |[0m INFO:werkzeug:172.18.0.21 - - [26/Jan/2026 00:06:50] "GET /download_model?round=27 HTTP/1.1" 200 -
[33mserver_1      |[0m INFO:server.aggregator:--- [METRIC] Weight Divergence: 2.4097
[33mserver_1      |[0m INFO:server.aggregator:FedAvg aggregation complete.
[33mserver_1      |[0m INFO:__main__:Aggregation complete.
[33mserver_1      |[0m DEBUG: ⚠️ MY CUSTOM AGGREGATOR IS RUNNING ⚠️
[32mclient_002_1  |[0m 2026-01-26 00:06:51,341 - __main__ - INFO - --- New Round Detected: 27 ---
[33mserver_1      |[0m INFO:werkzeug:172.18.0.22 - - [26/Jan/2026 00:06:51] "GET /download_model?round=27 HTTP/1.1" 200 -
[34;1mclient_009_1  |[0m 2026-01-26 00:06:51,908 - __main__ - INFO - Round 27 finished. Loss: 0.7152, Acc: 86.83%
[36;1mclient_005_1  |[0m 2026-01-26 00:06:51,931 - __main__ - INFO - Round 27 finished. Loss: 0.4029, Acc: 98.23%
[33mserver_1      |[0m INFO:werkzeug:172.18.0.19 - - [26/Jan/2026 00:06:51] "[31m[1mPOST /submit_update HTTP/1.1[0m" 400 -
[33mserver_1      |[0m INFO:werkzeug:172.18.0.21 - - [26/Jan/2026 00:06:51] "[31m[1mPOST /submit_update HTTP/1.1[0m" 400 -
[34;1mclient_009_1  |[0m 2026-01-26 00:06:51,972 - __main__ - ERROR - Update submission failed: {"error":"Not accepting updates"}
[34;1mclient_009_1  |[0m 
[34;1mclient_009_1  |[0m 2026-01-26 00:06:51,973 - __main__ - INFO - Update submitted for Round 27. Waiting...
[36;1mclient_005_1  |[0m 2026-01-26 00:06:51,995 - __main__ - ERROR - Update submission failed: {"error":"Not accepting updates"}
[36;1mclient_005_1  |[0m 
[36;1mclient_005_1  |[0m 2026-01-26 00:06:51,995 - __main__ - INFO - Update submitted for Round 27. Waiting...
[32mclient_002_1  |[0m 2026-01-26 00:06:51,998 - __main__ - INFO - Round 27 finished. Loss: 0.5315, Acc: 93.48%
[33mserver_1      |[0m INFO:__main__:--- Round 27 Acc: 39.47%, Loss: 1.8704 ---
[33mserver_1      |[0m INFO:__main__:--- Starting Round 28. Timeout: 300s ---
[33mserver_1      |[0m INFO:werkzeug:172.18.0.17 - - [26/Jan/2026 00:06:52] "POST /submit_update HTTP/1.1" 200 -
[35;1mclient_008_1  |[0m 2026-01-26 00:06:52,058 - __main__ - INFO - 🚀 Model update submitted successfully.
[35;1mclient_008_1  |[0m 2026-01-26 00:06:52,058 - __main__ - INFO - Update submitted for Round 27. Waiting...
[33mserver_1      |[0m INFO:__main__:Received update from client_002
[33mserver_1      |[0m INFO:werkzeug:172.18.0.22 - - [26/Jan/2026 00:06:52] "POST /submit_update HTTP/1.1" 200 -
[32mclient_002_1  |[0m 2026-01-26 00:06:52,134 - __main__ - INFO - 🚀 Model update submitted successfully.
[32mclient_002_1  |[0m 2026-01-26 00:06:52,135 - __main__ - INFO - Update submitted for Round 27. Waiting...
[33;1mclient_006_1  |[0m 2026-01-26 00:06:54,241 - __main__ - INFO - --- New Round Detected: 28 ---
[33mserver_1      |[0m INFO:werkzeug:172.18.0.9 - - [26/Jan/2026 00:06:54] "GET /download_model?round=28 HTTP/1.1" 200 -
[33;1mclient_006_1  |[0m 2026-01-26 00:06:54,388 - __main__ - INFO - Round 28 finished. Loss: 0.5855, Acc: 92.86%
[33mserver_1      |[0m INFO:__main__:Received update from client_006
[33mserver_1      |[0m INFO:werkzeug:172.18.0.9 - - [26/Jan/2026 00:06:54] "POST /submit_update HTTP/1.1" 200 -
[33;1mclient_006_1  |[0m 2026-01-26 00:06:54,552 - __main__ - INFO - 🚀 Model update submitted successfully.
[33;1mclient_006_1  |[0m 2026-01-26 00:06:54,552 - __main__ - INFO - Update submitted for Round 28. Waiting...
[34mclient_004_1  |[0m 2026-01-26 00:06:56,146 - __main__ - INFO - --- New Round Detected: 28 ---
[33mserver_1      |[0m INFO:werkzeug:172.18.0.6 - - [26/Jan/2026 00:06:56] "GET /download_model?round=28 HTTP/1.1" 200 -
[33mclient_001_1  |[0m 2026-01-26 00:06:57,656 - __main__ - INFO - --- New Round Detected: 28 ---
[33mserver_1      |[0m INFO:werkzeug:172.18.0.18 - - [26/Jan/2026 00:06:57] "GET /download_model?round=28 HTTP/1.1" 200 -
[33mclient_001_1  |[0m 2026-01-26 00:06:58,041 - __main__ - INFO - Round 28 finished. Loss: 0.5972, Acc: 98.71%
[33mserver_1      |[0m INFO:__main__:Received update from client_001
[33mserver_1      |[0m INFO:werkzeug:172.18.0.18 - - [26/Jan/2026 00:06:58] "POST /submit_update HTTP/1.1" 200 -
[33mclient_001_1  |[0m 2026-01-26 00:06:58,177 - __main__ - INFO - 🚀 Model update submitted successfully.
[33mclient_001_1  |[0m 2026-01-26 00:06:58,178 - __main__ - INFO - Update submitted for Round 28. Waiting...
[32;1mclient_007_1  |[0m 2026-01-26 00:06:58,398 - __main__ - INFO - --- New Round Detected: 28 ---
[33mserver_1      |[0m INFO:werkzeug:172.18.0.20 - - [26/Jan/2026 00:06:58] "GET /download_model?round=28 HTTP/1.1" 200 -
[35mclient_003_1  |[0m 2026-01-26 00:06:58,731 - __main__ - INFO - --- New Round Detected: 28 ---
[32;1mclient_007_1  |[0m 2026-01-26 00:06:58,752 - __main__ - INFO - Round 28 finished. Loss: 1.2948, Acc: 71.61%
[33mserver_1      |[0m INFO:werkzeug:172.18.0.8 - - [26/Jan/2026 00:06:58] "GET /download_model?round=28 HTTP/1.1" 200 -
[33mserver_1      |[0m INFO:__main__:Received update from client_007
[33mserver_1      |[0m INFO:werkzeug:172.18.0.20 - - [26/Jan/2026 00:06:58] "POST /submit_update HTTP/1.1" 200 -
[32;1mclient_007_1  |[0m 2026-01-26 00:06:58,891 - __main__ - INFO - 🚀 Model update submitted successfully.
[32;1mclient_007_1  |[0m 2026-01-26 00:06:58,892 - __main__ - INFO - Update submitted for Round 28. Waiting...
[34mclient_004_1  |[0m 2026-01-26 00:06:59,125 - __main__ - INFO - Round 28 finished. Loss: 0.4445, Acc: 97.84%
[33mserver_1      |[0m INFO:__main__:Received update from client_004
[33mserver_1      |[0m INFO:__main__:--- Aggregating 5 updates ---
[33mserver_1      |[0m INFO:__main__:⚡ Using Custom Aggregator with Drift Metric...
[33mserver_1      |[0m INFO:server.aggregator:Starting FedAvg aggregation for 5 clients.
[36mclient_010_1  |[0m 2026-01-26 00:07:00,762 - __main__ - INFO - --- New Round Detected: 28 ---
[33mserver_1      |[0m INFO:server.aggregator:--- [METRIC] Weight Divergence: 2.5513
[33mserver_1      |[0m INFO:server.aggregator:FedAvg aggregation complete.
[33mserver_1      |[0m INFO:__main__:Aggregation complete.
[33mserver_1      |[0m DEBUG: ⚠️ MY CUSTOM AGGREGATOR IS RUNNING ⚠️
[33mserver_1      |[0m INFO:werkzeug:172.18.0.16 - - [26/Jan/2026 00:07:00] "GET /download_model?round=28 HTTP/1.1" 200 -
[36mclient_010_1  |[0m 2026-01-26 00:07:01,355 - __main__ - INFO - Round 28 finished. Loss: 0.7558, Acc: 96.80%
[33mserver_1      |[0m INFO:werkzeug:172.18.0.16 - - [26/Jan/2026 00:07:01] "[31m[1mPOST /submit_update HTTP/1.1[0m" 400 -
[36mclient_010_1  |[0m 2026-01-26 00:07:01,425 - __main__ - ERROR - Update submission failed: {"error":"Not accepting updates"}
[36mclient_010_1  |[0m 
[36mclient_010_1  |[0m 2026-01-26 00:07:01,425 - __main__ - INFO - Update submitted for Round 28. Waiting...
[33mserver_1      |[0m INFO:__main__:--- Round 28 Acc: 40.07%, Loss: 1.8302 ---
[33mserver_1      |[0m INFO:__main__:--- Starting Round 29. Timeout: 300s ---
[33mserver_1      |[0m INFO:werkzeug:172.18.0.6 - - [26/Jan/2026 00:07:01] "POST /submit_update HTTP/1.1" 200 -
[34mclient_004_1  |[0m 2026-01-26 00:07:01,612 - __main__ - INFO - 🚀 Model update submitted successfully.
[34mclient_004_1  |[0m 2026-01-26 00:07:01,613 - __main__ - INFO - Update submitted for Round 28. Waiting...
[34;1mclient_009_1  |[0m 2026-01-26 00:07:02,038 - __main__ - INFO - --- New Round Detected: 29 ---
[33mserver_1      |[0m INFO:werkzeug:172.18.0.19 - - [26/Jan/2026 00:07:02] "GET /download_model?round=29 HTTP/1.1" 200 -
[36;1mclient_005_1  |[0m 2026-01-26 00:07:02,065 - __main__ - INFO - --- New Round Detected: 29 ---
[33mserver_1      |[0m INFO:werkzeug:172.18.0.21 - - [26/Jan/2026 00:07:02] "GET /download_model?round=29 HTTP/1.1" 200 -
[35;1mclient_008_1  |[0m 2026-01-26 00:07:02,119 - __main__ - INFO - --- New Round Detected: 29 ---
[33mserver_1      |[0m INFO:werkzeug:172.18.0.17 - - [26/Jan/2026 00:07:02] "GET /download_model?round=29 HTTP/1.1" 200 -
[32mclient_002_1  |[0m 2026-01-26 00:07:02,205 - __main__ - INFO - --- New Round Detected: 29 ---
[33mserver_1      |[0m INFO:werkzeug:172.18.0.22 - - [26/Jan/2026 00:07:02] "GET /download_model?round=29 HTTP/1.1" 200 -
[32mclient_002_1  |[0m 2026-01-26 00:07:03,004 - __main__ - INFO - Round 29 finished. Loss: 0.5681, Acc: 96.34%
[33mserver_1      |[0m INFO:__main__:Received update from client_002
[33mserver_1      |[0m INFO:werkzeug:172.18.0.22 - - [26/Jan/2026 00:07:03] "POST /submit_update HTTP/1.1" 200 -
[36;1mclient_005_1  |[0m 2026-01-26 00:07:03,108 - __main__ - INFO - Round 29 finished. Loss: 0.3857, Acc: 98.07%
[32mclient_002_1  |[0m 2026-01-26 00:07:03,138 - __main__ - INFO - 🚀 Model update submitted successfully.
[32mclient_002_1  |[0m 2026-01-26 00:07:03,138 - __main__ - INFO - Update submitted for Round 29. Waiting...
[33mserver_1      |[0m INFO:__main__:Received update from client_005
[33mserver_1      |[0m INFO:werkzeug:172.18.0.21 - - [26/Jan/2026 00:07:03] "POST /submit_update HTTP/1.1" 200 -
[35;1mclient_008_1  |[0m 2026-01-26 00:07:03,234 - __main__ - INFO - Round 29 finished. Loss: 0.5727, Acc: 96.16%
[36;1mclient_005_1  |[0m 2026-01-26 00:07:03,242 - __main__ - INFO - 🚀 Model update submitted successfully.
[36;1mclient_005_1  |[0m 2026-01-26 00:07:03,242 - __main__ - INFO - Update submitted for Round 29. Waiting...
[33mserver_1      |[0m INFO:__main__:Received update from client_008
[33mserver_1      |[0m INFO:werkzeug:172.18.0.17 - - [26/Jan/2026 00:07:03] "POST /submit_update HTTP/1.1" 200 -
[35;1mclient_008_1  |[0m 2026-01-26 00:07:03,371 - __main__ - INFO - 🚀 Model update submitted successfully.
[35;1mclient_008_1  |[0m 2026-01-26 00:07:03,372 - __main__ - INFO - Update submitted for Round 29. Waiting...
[34;1mclient_009_1  |[0m 2026-01-26 00:07:03,786 - __main__ - INFO - Round 29 finished. Loss: 1.0107, Acc: 81.01%
[33mserver_1      |[0m INFO:__main__:Received update from client_009
[33mserver_1      |[0m INFO:werkzeug:172.18.0.19 - - [26/Jan/2026 00:07:03] "POST /submit_update HTTP/1.1" 200 -
[34;1mclient_009_1  |[0m 2026-01-26 00:07:03,927 - __main__ - INFO - 🚀 Model update submitted successfully.
[34;1mclient_009_1  |[0m 2026-01-26 00:07:03,928 - __main__ - INFO - Update submitted for Round 29. Waiting...
[35mclient_003_1  |[0m 2026-01-26 00:07:04,565 - __main__ - INFO - Round 28 finished. Loss: 0.1961, Acc: 99.91%
[33;1mclient_006_1  |[0m 2026-01-26 00:07:04,615 - __main__ - INFO - --- New Round Detected: 29 ---
[33mserver_1      |[0m INFO:werkzeug:172.18.0.9 - - [26/Jan/2026 00:07:04] "GET /download_model?round=29 HTTP/1.1" 200 -
[33mserver_1      |[0m INFO:__main__:Received update from client_003
[33mserver_1      |[0m INFO:__main__:--- Aggregating 5 updates ---
[33mserver_1      |[0m INFO:__main__:⚡ Using Custom Aggregator with Drift Metric...
[33mserver_1      |[0m INFO:server.aggregator:Starting FedAvg aggregation for 5 clients.
[33;1mclient_006_1  |[0m 2026-01-26 00:07:04,775 - __main__ - INFO - Round 29 finished. Loss: 0.7348, Acc: 85.71%
[33mserver_1      |[0m INFO:werkzeug:172.18.0.9 - - [26/Jan/2026 00:07:04] "[31m[1mPOST /submit_update HTTP/1.1[0m" 400 -
[33;1mclient_006_1  |[0m 2026-01-26 00:07:04,837 - __main__ - ERROR - Update submission failed: {"error":"Not accepting updates"}
[33;1mclient_006_1  |[0m 
[33;1mclient_006_1  |[0m 2026-01-26 00:07:04,837 - __main__ - INFO - Update submitted for Round 29. Waiting...
[33mserver_1      |[0m INFO:server.aggregator:--- [METRIC] Weight Divergence: 2.4436
[33mserver_1      |[0m INFO:server.aggregator:FedAvg aggregation complete.
[33mserver_1      |[0m INFO:__main__:Aggregation complete.
[33mserver_1      |[0m DEBUG: ⚠️ MY CUSTOM AGGREGATOR IS RUNNING ⚠️
[33mserver_1      |[0m INFO:__main__:--- Round 29 Acc: 42.19%, Loss: 1.7774 ---
[33mserver_1      |[0m INFO:__main__:---Final model saved ---
[33mserver_1      |[0m INFO:__main__:--- Training complete. ---
[33mserver_1      |[0m INFO:werkzeug:172.18.0.8 - - [26/Jan/2026 00:07:06] "POST /submit_update HTTP/1.1" 200 -
[35mclient_003_1  |[0m 2026-01-26 00:07:06,922 - __main__ - INFO - 🚀 Model update submitted successfully.
[35mclient_003_1  |[0m 2026-01-26 00:07:06,922 - __main__ - INFO - Update submitted for Round 28. Waiting...
[33mclient_001_1  |[0m 2026-01-26 00:07:08,241 - __main__ - INFO - Server finished training. Exiting.
[33mclient_001_1  |[0m [client_001] ⚡ HIGH (Refining) | Epochs=5 | KD=logits | Cached=True
[33mclient_001_1  |[0m [client_001] ⚡ HIGH (Refining) | Epochs=5 | KD=logits | Cached=True
[33mclient_001_1  |[0m [client_001] ⚡ HIGH (Refining) | Epochs=5 | KD=logits | Cached=True
[33mclient_001_1  |[0m [client_001] ⚡ HIGH (Refining) | Epochs=5 | KD=logits | Cached=True
[33mclient_001_1  |[0m [client_001] ⚡ HIGH (Refining) | Epochs=5 | KD=logits | Cached=True
[33mclient_001_1  |[0m [client_001] ⚡ HIGH (Refining) | Epochs=5 | KD=logits | Cached=True
[33mclient_001_1  |[0m [client_001] ⚡ HIGH (Refining) | Epochs=5 | KD=logits | Cached=True
[33mclient_001_1  |[0m [client_001] ⚡ HIGH (Refining) | Epochs=5 | KD=logits | Cached=True
[33mclient_001_1  |[0m [client_001] ⚡ HIGH (Refining) | Epochs=5 | KD=logits | Cached=True
[33mclient_001_1  |[0m [client_001] ⚡ HIGH (Refining) | Epochs=5 | KD=logits | Cached=True
[33mclient_001_1  |[0m [client_001] ⚡ HIGH (Refining) | Epochs=5 | KD=logits | Cached=True
[33mclient_001_1  |[0m [client_001] ⚡ HIGH (Refining) | Epochs=5 | KD=logits | Cached=True
[33mclient_001_1  |[0m [client_001] ⚡ HIGH (Refining) | Epochs=5 | KD=logits | Cached=True
[33mclient_001_1  |[0m [client_001] ⚡ HIGH (Refining) | Epochs=5 | KD=logits | Cached=True
[33mclient_001_1  |[0m [client_001] ⚡ HIGH (Refining) | Epochs=5 | KD=logits | Cached=True
[33mclient_001_1  |[0m [client_001] ⚡ HIGH (Refining) | Epochs=5 | KD=logits | Cached=True
[33mclient_001_1  |[0m [client_001] ⚡ HIGH (Refining) | Epochs=5 | KD=logits | Cached=True
[33mclient_001_1  |[0m [client_001] ⚡ HIGH (Refining) | Epochs=5 | KD=logits | Cached=True
[33mclient_001_1  |[0m [client_001] ⚡ HIGH (Refining) | Epochs=5 | KD=logits | Cached=True
[33mclient_001_1  |[0m [client_001] ⚡ HIGH (Refining) | Epochs=5 | KD=logits | Cached=True
[33mclient_001_1  |[0m [client_001] ⚡ HIGH (Refining) | Epochs=5 | KD=logits | Cached=True
[33mclient_001_1  |[0m [client_001] ⚡ HIGH (Refining) | Epochs=5 | KD=logits | Cached=True
[33mclient_001_1  |[0m [client_001] ⚡ HIGH (Refining) | Epochs=5 | KD=logits | Cached=True
[33mclient_001_1  |[0m [client_001] ⚡ HIGH (Refining) | Epochs=5 | KD=logits | Cached=True
[33mclient_001_1  |[0m [client_001] ⚡ HIGH (Refining) | Epochs=5 | KD=logits | Cached=True
[33mfl-rest_client_001_1 exited with code 0
[0mStopping fl-rest_client_017_1 ... 
Stopping fl-rest_client_007_1 ... 
Stopping fl-rest_client_002_1 ... 
Stopping fl-rest_client_010_1 ... 
Stopping fl-rest_client_012_1 ... 
Stopping fl-rest_client_013_1 ... 
Stopping fl-rest_client_019_1 ... 
Stopping fl-rest_client_005_1 ... 
Stopping fl-rest_client_015_1 ... 
Stopping fl-rest_client_016_1 ... 
Stopping fl-rest_client_018_1 ... 
Stopping fl-rest_client_008_1 ... 
Stopping fl-rest_client_009_1 ... 
Stopping fl-rest_client_003_1 ... 
Stopping fl-rest_client_004_1 ... 
Stopping fl-rest_client_014_1 ... 
Stopping fl-rest_client_006_1 ... 
Stopping fl-rest_client_020_1 ... 
Stopping fl-rest_client_011_1 ... 
Stopping docker-tc            ... 
Stopping fl-rest_server_1     ... 
Stopping docker-tc            ... done
Stopping fl-rest_client_012_1 ... done
Stopping fl-rest_client_019_1 ... done
Stopping fl-rest_client_011_1 ... done
Stopping fl-rest_client_017_1 ... done
Stopping fl-rest_client_016_1 ... done
Stopping fl-rest_client_020_1 ... done
Stopping fl-rest_client_013_1 ... done
Stopping fl-rest_client_010_1 ... done
Stopping fl-rest_client_018_1 ... done
Stopping fl-rest_client_015_1 ... done
Stopping fl-rest_client_014_1 ... done
Stopping fl-rest_client_009_1 ... done
Stopping fl-rest_client_002_1 ... done
Stopping fl-rest_client_008_1 ... done
Stopping fl-rest_client_007_1 ... done
Stopping fl-rest_client_006_1 ... done
Stopping fl-rest_client_003_1 ... done
Stopping fl-rest_client_004_1 ... done
Stopping fl-rest_client_005_1 ... done
Stopping fl-rest_server_1     ... done
Aborting on container exit...
