using --exit-code-from implies --abort-on-container-exit
Creating fl-rest_server_1 ... 
Creating docker-tc        ... 
Creating docker-tc        ... done
Creating fl-rest_server_1 ... done
Creating fl-rest_client_014_1 ... 
Creating fl-rest_client_005_1 ... 
Creating fl-rest_client_006_1 ... 
Creating fl-rest_client_018_1 ... 
Creating fl-rest_client_012_1 ... 
Creating fl-rest_client_008_1 ... 
Creating fl-rest_client_020_1 ... 
Creating fl-rest_client_009_1 ... 
Creating fl-rest_client_003_1 ... 
Creating fl-rest_client_016_1 ... 
Creating fl-rest_client_010_1 ... 
Creating fl-rest_client_019_1 ... 
Creating fl-rest_client_013_1 ... 
Creating fl-rest_client_001_1 ... 
Creating fl-rest_client_015_1 ... 
Creating fl-rest_client_011_1 ... 
Creating fl-rest_client_017_1 ... 
Creating fl-rest_client_002_1 ... 
Creating fl-rest_client_004_1 ... 
Creating fl-rest_client_007_1 ... 
Creating fl-rest_client_014_1 ... done
Creating fl-rest_client_012_1 ... done
Creating fl-rest_client_018_1 ... done
Creating fl-rest_client_020_1 ... done
Creating fl-rest_client_016_1 ... done
Creating fl-rest_client_013_1 ... done
Creating fl-rest_client_006_1 ... done
Creating fl-rest_client_005_1 ... done
Creating fl-rest_client_009_1 ... done
Creating fl-rest_client_017_1 ... done
Creating fl-rest_client_015_1 ... done
Creating fl-rest_client_011_1 ... done
Creating fl-rest_client_019_1 ... done
Creating fl-rest_client_008_1 ... done
Creating fl-rest_client_004_1 ... done
Creating fl-rest_client_002_1 ... done
Creating fl-rest_client_007_1 ... done
Creating fl-rest_client_010_1 ... done
Creating fl-rest_client_001_1 ... done
Creating fl-rest_client_003_1 ... done
Attaching to docker-tc, fl-rest_server_1, fl-rest_client_014_1, fl-rest_client_012_1, fl-rest_client_018_1, fl-rest_client_020_1, fl-rest_client_016_1, fl-rest_client_013_1, fl-rest_client_006_1, fl-rest_client_005_1, fl-rest_client_009_1, fl-rest_client_017_1, fl-rest_client_015_1, fl-rest_client_011_1, fl-rest_client_019_1, fl-rest_client_008_1, fl-rest_client_004_1, fl-rest_client_002_1, fl-rest_client_007_1, fl-rest_client_010_1, fl-rest_client_001_1, fl-rest_client_003_1
[36mdocker-tc     |[0m [s6-init] making user provided files available at /var/run/s6/etc...exited 0.
[36mdocker-tc     |[0m [s6-init] ensuring user provided files have correct perms...exited 0.
[36mdocker-tc     |[0m [fix-attrs.d] applying ownership & permissions fixes...
[36mdocker-tc     |[0m [fix-attrs.d] done.
[36mdocker-tc     |[0m [cont-init.d] executing container initialization scripts...
[36mdocker-tc     |[0m [cont-init.d] 00-init: executing... 
[36mdocker-tc     |[0m [cont-init.d] 00-init: exited 0.
[36mdocker-tc     |[0m [cont-init.d] done.
[36mdocker-tc     |[0m [services.d] starting services
[36mdocker-tc     |[0m Starting garbage collector
[36mdocker-tc     |[0m Starting HTTP server on 127.0.0.1:4080
[36mdocker-tc     |[0m + exec hapttic -file /docker-tc/bin/httpd.sh -logErrors -host 127.0.0.1 -port 4080
[36mdocker-tc     |[0m [services.d] done.
[36mdocker-tc     |[0m 2026/01/27 14:50:47 Thanks for using hapttic v1.0.0
[36mdocker-tc     |[0m 2026/01/27 14:50:47 Listening on 127.0.0.1:4080
[36mdocker-tc     |[0m 2026/01/27 14:50:47 Forwarding requests to /docker-tc/bin/httpd.sh
[36mdocker-tc     |[0m 2026/01/27 14:50:47 Logging errors to stderr
[36mdocker-tc     |[0m 
[36mdocker-tc     |[0m  ____          _              _____         ___ ___ _        _____         _           _
[36mdocker-tc     |[0m |    \ ___ ___| |_ ___ ___   |_   _|___ ___|  _|  _|_|___   |     |___ ___| |_ ___ ___| |
[36mdocker-tc     |[0m |  |  | . |  _| '_| -_|  _|    | | |  _| .'|  _|  _| |  _|  |   --| . |   |  _|  _| . | |
[36mdocker-tc     |[0m |____/|___|___|_,_|___|_|      |_| |_| |__,|_| |_| |_|___|  |_____|___|_|_|_| |_| |___|_|
[36mdocker-tc     |[0m 
[36mdocker-tc     |[0m Starting Docker Traffic Control 18.12
[36mdocker-tc     |[0m https://github.com/lukaszlach/docker-tc
[36mdocker-tc     |[0m 
[36mdocker-tc     |[0m [2026-01-27T14:50:47+00:00] [2cc3d5ef52b2] Notice: Skipping container, service was disabled by label
[36mdocker-tc     |[0m [2026-01-27T14:50:47+00:00] [bd19146b9070] Notice: Skipping container, no valid labels found
[36mdocker-tc     |[0m [2026-01-27T14:50:47+00:00] [438bf01636a0] Notice: Skipping container, no valid labels found
[36mdocker-tc     |[0m [2026-01-27T14:50:47+00:00] [c314c85387cb] Notice: Skipping container, no valid labels found
[36mdocker-tc     |[0m Error response from daemon: Container 3e4b2842dc618e2afe83311ecd360e727849572adbdf41474062df0f06f43f7f is restarting, wait until the container is running
[36mdocker-tc     |[0m [2026-01-27T14:50:47+00:00] [3e4b2842dc61] Warning: Network has no corresponding virtual network interface
[36mdocker-tc     |[0m [2026-01-27T14:50:47+00:00] [4189f14d5135] Notice: Skipping container, no valid labels found
[36mdocker-tc     |[0m [2026-01-27T14:50:48+00:00] [6fd7fdaf7c41] Set delay=200ms, loss=1% on vethed09859
[36mdocker-tc     |[0m [2026-01-27T14:50:48+00:00] [6fd7fdaf7c41] Set bandwidth-limit=5mbps on vethed09859
[36mdocker-tc     |[0m [2026-01-27T14:50:48+00:00] [6fd7fdaf7c41] Controlling traffic of the container /fl-rest_client_014_1 on vethed09859
[36mdocker-tc     |[0m [2026-01-27T14:50:48+00:00] [ca1145e42f7e] Set delay=200ms, loss=1% on veth9801d3f
[36mdocker-tc     |[0m [2026-01-27T14:50:48+00:00] [ca1145e42f7e] Set bandwidth-limit=5mbps on veth9801d3f
[36mdocker-tc     |[0m [2026-01-27T14:50:48+00:00] [ca1145e42f7e] Controlling traffic of the container /fl-rest_client_012_1 on veth9801d3f
[33mserver_1      |[0m TensorFlow installation not found - running with reduced feature set.
[33mserver_1      |[0m 
[33mserver_1      |[0m NOTE: Using experimental fast data loading logic. To disable, pass
[33mserver_1      |[0m     "--load_fast=false" and report issues on GitHub. More details:
[33mserver_1      |[0m     https://github.com/tensorflow/tensorboard/issues/4784
[33mserver_1      |[0m 
[33mserver_1      |[0m TensorBoard 2.20.0 at http://0.0.0.0:6006/ (Press CTRL+C to quit)
[34mclient_014_1  |[0m 2026-01-27 14:50:48,954 - __main__ - INFO - --- Starting FL Client: client_014 ---
[33mserver_1      |[0m INFO:__main__:Writing TensorBoard logs to: fl_logs/tensorboard/Cenario_C_Hibrido_Mu0.01_Alpha0.3_1450
[33mserver_1      |[0m INFO:__main__:Loading CIFAR-10 test dataset...
[36mdocker-tc     |[0m [2026-01-27T14:50:49+00:00] [7e5730f1f755] Set delay=200ms, loss=1% on vethed83de1
[36mdocker-tc     |[0m [2026-01-27T14:50:49+00:00] [7e5730f1f755] Set bandwidth-limit=5mbps on vethed83de1
[32mclient_012_1  |[0m 2026-01-27 14:50:49,144 - __main__ - INFO - --- Starting FL Client: client_012 ---
[36mdocker-tc     |[0m [2026-01-27T14:50:49+00:00] [7e5730f1f755] Controlling traffic of the container /fl-rest_client_018_1 on vethed83de1
[35;1mclient_018_1  |[0m 2026-01-27 14:50:49,283 - __main__ - INFO - --- Starting FL Client: client_018 ---
[36mclient_020_1  |[0m 2026-01-27 14:50:49,288 - __main__ - INFO - --- Starting FL Client: client_020 ---
[36mclient_020_1  |[0m 2026-01-27 14:50:49,291 - __main__ - WARNING - Registration attempt 1 failed: HTTPConnectionPool(host='server', port=5000): Max retries exceeded with url: /register (Caused by NewConnectionError('<urllib3.connection.HTTPConnection object at 0x7df14b704e80>: Failed to establish a new connection: [Errno 111] Connection refused'))
[34;1mclient_009_1  |[0m 2026-01-27 14:50:49,347 - __main__ - INFO - --- Starting FL Client: client_009 ---
[34;1mclient_009_1  |[0m 2026-01-27 14:50:49,349 - __main__ - WARNING - Registration attempt 1 failed: HTTPConnectionPool(host='server', port=5000): Max retries exceeded with url: /register (Caused by NewConnectionError('<urllib3.connection.HTTPConnection object at 0x72e8a6ad8e80>: Failed to establish a new connection: [Errno 111] Connection refused'))
[35mclient_013_1  |[0m 2026-01-27 14:50:49,358 - __main__ - INFO - --- Starting FL Client: client_013 ---
[33;1mclient_016_1  |[0m 2026-01-27 14:50:49,359 - __main__ - INFO - --- Starting FL Client: client_016 ---
[34mclient_014_1  |[0m 2026-01-27 14:50:49,356 - __main__ - WARNING - Registration attempt 1 failed: HTTPConnectionPool(host='server', port=5000): Max retries exceeded with url: /register (Caused by NewConnectionError('<urllib3.connection.HTTPConnection object at 0x7f7b226b0e50>: Failed to establish a new connection: [Errno 111] Connection refused'))
[33;1mclient_016_1  |[0m 2026-01-27 14:50:49,362 - __main__ - WARNING - Registration attempt 1 failed: HTTPConnectionPool(host='server', port=5000): Max retries exceeded with url: /register (Caused by NewConnectionError('<urllib3.connection.HTTPConnection object at 0x707972900eb0>: Failed to establish a new connection: [Errno 111] Connection refused'))
[35mclient_013_1  |[0m 2026-01-27 14:50:49,362 - __main__ - WARNING - Registration attempt 1 failed: HTTPConnectionPool(host='server', port=5000): Max retries exceeded with url: /register (Caused by NewConnectionError('<urllib3.connection.HTTPConnection object at 0x75124a230e80>: Failed to establish a new connection: [Errno 111] Connection refused'))
[35;1mclient_008_1  |[0m 2026-01-27 14:50:49,385 - __main__ - INFO - --- Starting FL Client: client_008 ---
[35;1mclient_008_1  |[0m 2026-01-27 14:50:49,388 - __main__ - WARNING - Registration attempt 1 failed: HTTPConnectionPool(host='server', port=5000): Max retries exceeded with url: /register (Caused by NewConnectionError('<urllib3.connection.HTTPConnection object at 0x7facdc38ce80>: Failed to establish a new connection: [Errno 111] Connection refused'))
[33;1mclient_006_1  |[0m 2026-01-27 14:50:49,412 - __main__ - INFO - --- Starting FL Client: client_006 ---
[36;1mclient_005_1  |[0m 2026-01-27 14:50:49,415 - __main__ - INFO - --- Starting FL Client: client_005 ---
[33;1mclient_006_1  |[0m 2026-01-27 14:50:49,416 - __main__ - WARNING - Registration attempt 1 failed: HTTPConnectionPool(host='server', port=5000): Max retries exceeded with url: /register (Caused by NewConnectionError('<urllib3.connection.HTTPConnection object at 0x7e83986ece50>: Failed to establish a new connection: [Errno 111] Connection refused'))
[36;1mclient_005_1  |[0m 2026-01-27 14:50:49,417 - __main__ - WARNING - Registration attempt 1 failed: HTTPConnectionPool(host='server', port=5000): Max retries exceeded with url: /register (Caused by NewConnectionError('<urllib3.connection.HTTPConnection object at 0x7b647bfe0e50>: Failed to establish a new connection: [Errno 111] Connection refused'))
[32;1mclient_017_1  |[0m 2026-01-27 14:50:49,476 - __main__ - INFO - --- Starting FL Client: client_017 ---
[32;1mclient_017_1  |[0m 2026-01-27 14:50:49,478 - __main__ - WARNING - Registration attempt 1 failed: HTTPConnectionPool(host='server', port=5000): Max retries exceeded with url: /register (Caused by NewConnectionError('<urllib3.connection.HTTPConnection object at 0x74ae8b45ce80>: Failed to establish a new connection: [Errno 111] Connection refused'))
[36mdocker-tc     |[0m [2026-01-27T14:50:49+00:00] [8b1ec1fd28b2] Set delay=200ms, loss=1% on veth7e16374
[36mdocker-tc     |[0m [2026-01-27T14:50:49+00:00] [8b1ec1fd28b2] Set bandwidth-limit=5mbps on veth7e16374
[36;1mclient_015_1  |[0m 2026-01-27 14:50:49,489 - __main__ - INFO - --- Starting FL Client: client_015 ---
[36;1mclient_015_1  |[0m 2026-01-27 14:50:49,491 - __main__ - WARNING - Registration attempt 1 failed: HTTPConnectionPool(host='server', port=5000): Max retries exceeded with url: /register (Caused by NewConnectionError('<urllib3.connection.HTTPConnection object at 0x70ebfaf0ceb0>: Failed to establish a new connection: [Errno 111] Connection refused'))
[33mserver_1      |[0m INFO:__main__:Test dataset loaded.
[33mserver_1      |[0m INFO:__main__:Initial model for round 0 created.
[33mserver_1      |[0m Files already downloaded and verified
[33mserver_1      |[0m  * Serving Flask app 'app'
[33mserver_1      |[0m  * Debug mode: off
[33mserver_1      |[0m INFO:werkzeug:[31m[1mWARNING: This is a development server. Do not use it in a production deployment. Use a production WSGI server instead.[0m
[33mserver_1      |[0m  * Running on all addresses (0.0.0.0)
[33mserver_1      |[0m  * Running on http://127.0.0.1:5000
[33mserver_1      |[0m  * Running on http://172.18.0.2:5000
[33mserver_1      |[0m INFO:werkzeug:[33mPress CTRL+C to quit[0m
[36mdocker-tc     |[0m [2026-01-27T14:50:49+00:00] [8b1ec1fd28b2] Controlling traffic of the container /fl-rest_client_020_1 on veth7e16374
[35;1mclient_018_1  |[0m 2026-01-27 14:50:49,542 - __main__ - WARNING - Registration attempt 1 failed: HTTPConnectionPool(host='server', port=5000): Max retries exceeded with url: /register (Caused by NewConnectionError('<urllib3.connection.HTTPConnection object at 0x73ba7b154eb0>: Failed to establish a new connection: [Errno 111] Connection refused'))
[32mclient_012_1  |[0m 2026-01-27 14:50:49,542 - __main__ - WARNING - Registration attempt 1 failed: HTTPConnectionPool(host='server', port=5000): Max retries exceeded with url: /register (Caused by NewConnectionError('<urllib3.connection.HTTPConnection object at 0x7c74f0b9ceb0>: Failed to establish a new connection: [Errno 111] Connection refused'))
[34;1mclient_019_1  |[0m 2026-01-27 14:50:49,605 - __main__ - INFO - --- Starting FL Client: client_019 ---
[33mserver_1      |[0m INFO:__main__:Client client_019 registered.
[33mserver_1      |[0m INFO:__main__:--- Starting Round 0. Timeout: 300s ---
[34;1mclient_019_1  |[0m 2026-01-27 14:50:49,611 - __main__ - INFO - ✅ Registered with server successfully.
[33mserver_1      |[0m INFO:__main__:Client client_011 registered.
[33mclient_011_1  |[0m 2026-01-27 14:50:49,674 - __main__ - INFO - --- Starting FL Client: client_011 ---
[33mclient_011_1  |[0m 2026-01-27 14:50:49,678 - __main__ - INFO - ✅ Registered with server successfully.
[36mdocker-tc     |[0m [2026-01-27T14:50:49+00:00] [6abba9ad045a] Set delay=200ms, loss=1% on veth51cc3ad
[36mdocker-tc     |[0m [2026-01-27T14:50:49+00:00] [6abba9ad045a] Set bandwidth-limit=5mbps on veth51cc3ad
[36mdocker-tc     |[0m [2026-01-27T14:50:49+00:00] [6abba9ad045a] Controlling traffic of the container /fl-rest_client_016_1 on veth51cc3ad
[33mclient_001_1  |[0m 2026-01-27 14:50:49,777 - __main__ - INFO - --- Starting FL Client: client_001 ---
[33mserver_1      |[0m INFO:__main__:Client client_001 registered.
[33mclient_001_1  |[0m 2026-01-27 14:50:49,781 - __main__ - INFO - ✅ Registered with server successfully.
[34mclient_004_1  |[0m 2026-01-27 14:50:49,832 - __main__ - INFO - --- Starting FL Client: client_004 ---
[33mserver_1      |[0m INFO:__main__:Client client_004 registered.
[34mclient_004_1  |[0m 2026-01-27 14:50:49,836 - __main__ - INFO - ✅ Registered with server successfully.
[32;1mclient_007_1  |[0m 2026-01-27 14:50:49,869 - __main__ - INFO - --- Starting FL Client: client_007 ---
[33mserver_1      |[0m INFO:__main__:Client client_007 registered.
[32;1mclient_007_1  |[0m 2026-01-27 14:50:49,877 - __main__ - INFO - ✅ Registered with server successfully.
[32mclient_002_1  |[0m 2026-01-27 14:50:49,943 - __main__ - INFO - --- Starting FL Client: client_002 ---
[33mserver_1      |[0m INFO:__main__:Client client_002 registered.
[36mdocker-tc     |[0m [2026-01-27T14:50:49+00:00] [3006cff7c29d] Set delay=200ms, loss=1% on vetha2c7a17
[32mclient_002_1  |[0m 2026-01-27 14:50:49,948 - __main__ - INFO - ✅ Registered with server successfully.
[36mdocker-tc     |[0m [2026-01-27T14:50:49+00:00] [3006cff7c29d] Set bandwidth-limit=5mbps on vetha2c7a17
[36mdocker-tc     |[0m [2026-01-27T14:50:49+00:00] [3006cff7c29d] Controlling traffic of the container /fl-rest_client_013_1 on vetha2c7a17
[34;1mclient_019_1  |[0m 2026-01-27 14:50:50,005 - __main__ - INFO - --- New Round Detected: 0 ---
[33mserver_1      |[0m INFO:werkzeug:172.18.0.15 - - [27/Jan/2026 14:50:50] "GET /download_model?round=0 HTTP/1.1" 200 -
[33mclient_011_1  |[0m 2026-01-27 14:50:50,029 - __main__ - INFO - --- New Round Detected: 0 ---
[33mserver_1      |[0m INFO:werkzeug:172.18.0.14 - - [27/Jan/2026 14:50:50] "GET /download_model?round=0 HTTP/1.1" 200 -
[33mserver_1      |[0m INFO:__main__:Client client_010 registered.
[36mclient_010_1  |[0m 2026-01-27 14:50:50,036 - __main__ - INFO - --- Starting FL Client: client_010 ---
[36mclient_010_1  |[0m 2026-01-27 14:50:50,042 - __main__ - INFO - ✅ Registered with server successfully.
[35mclient_003_1  |[0m 2026-01-27 14:50:50,054 - __main__ - INFO - --- Starting FL Client: client_003 ---
[33mserver_1      |[0m INFO:__main__:Client client_003 registered.
[35mclient_003_1  |[0m 2026-01-27 14:50:50,062 - __main__ - INFO - ✅ Registered with server successfully.
[33mclient_011_1  |[0m /opt/conda/lib/python3.10/site-packages/torch/cuda/amp/grad_scaler.py:125: UserWarning: torch.cuda.amp.GradScaler is enabled, but CUDA is not available.  Disabling.
[33mclient_011_1  |[0m   warnings.warn(
[34;1mclient_019_1  |[0m /opt/conda/lib/python3.10/site-packages/torch/cuda/amp/grad_scaler.py:125: UserWarning: torch.cuda.amp.GradScaler is enabled, but CUDA is not available.  Disabling.
[34;1mclient_019_1  |[0m   warnings.warn(
[33mclient_011_1  |[0m /opt/conda/lib/python3.10/site-packages/torch/amp/autocast_mode.py:250: UserWarning: User provided device_type of 'cuda', but CUDA is not available. Disabling
[33mclient_011_1  |[0m   warnings.warn(
[34;1mclient_019_1  |[0m /opt/conda/lib/python3.10/site-packages/torch/amp/autocast_mode.py:250: UserWarning: User provided device_type of 'cuda', but CUDA is not available. Disabling
[34;1mclient_019_1  |[0m   warnings.warn(
[34mclient_004_1  |[0m 2026-01-27 14:50:50,210 - __main__ - INFO - --- New Round Detected: 0 ---
[33mclient_001_1  |[0m 2026-01-27 14:50:50,212 - __main__ - INFO - --- New Round Detected: 0 ---
[33mserver_1      |[0m INFO:werkzeug:172.18.0.17 - - [27/Jan/2026 14:50:50] "GET /download_model?round=0 HTTP/1.1" 200 -
[33mserver_1      |[0m INFO:werkzeug:172.18.0.21 - - [27/Jan/2026 14:50:50] "GET /download_model?round=0 HTTP/1.1" 200 -
[36mdocker-tc     |[0m [2026-01-27T14:50:50+00:00] [2a56cd37009f] Set delay=20ms on veth773f5ff
[36mdocker-tc     |[0m [2026-01-27T14:50:50+00:00] [2a56cd37009f] Set bandwidth-limit=1gbit on veth773f5ff
[32;1mclient_007_1  |[0m 2026-01-27 14:50:50,322 - __main__ - INFO - --- New Round Detected: 0 ---
[33mserver_1      |[0m INFO:werkzeug:172.18.0.18 - - [27/Jan/2026 14:50:50] "GET /download_model?round=0 HTTP/1.1" 200 -
[36mdocker-tc     |[0m [2026-01-27T14:50:50+00:00] [2a56cd37009f] Controlling traffic of the container /fl-rest_client_006_1 on veth773f5ff
[32mclient_002_1  |[0m 2026-01-27 14:50:50,362 - __main__ - INFO - --- New Round Detected: 0 ---
[33mserver_1      |[0m INFO:werkzeug:172.18.0.19 - - [27/Jan/2026 14:50:50] "GET /download_model?round=0 HTTP/1.1" 200 -
[33mserver_1      |[0m INFO:werkzeug:172.18.0.22 - - [27/Jan/2026 14:50:50] "GET /download_model?round=0 HTTP/1.1" 200 -
[35mclient_003_1  |[0m 2026-01-27 14:50:50,397 - __main__ - INFO - --- New Round Detected: 0 ---
[36mclient_010_1  |[0m 2026-01-27 14:50:50,475 - __main__ - INFO - --- New Round Detected: 0 ---
[33mserver_1      |[0m INFO:werkzeug:172.18.0.20 - - [27/Jan/2026 14:50:50] "GET /download_model?round=0 HTTP/1.1" 200 -
[36mdocker-tc     |[0m [2026-01-27T14:50:50+00:00] [9871ac1dda8f] Set delay=20ms on veth2c1ed20
[36mdocker-tc     |[0m [2026-01-27T14:50:50+00:00] [9871ac1dda8f] Set bandwidth-limit=1gbit on veth2c1ed20
[36mdocker-tc     |[0m [2026-01-27T14:50:50+00:00] [9871ac1dda8f] Controlling traffic of the container /fl-rest_client_005_1 on veth2c1ed20
[36mdocker-tc     |[0m [2026-01-27T14:50:51+00:00] [3cc3167828c7] Set delay=20ms on veth299f2e4
[36mdocker-tc     |[0m [2026-01-27T14:50:51+00:00] [3cc3167828c7] Set bandwidth-limit=1gbit on veth299f2e4
[36mdocker-tc     |[0m [2026-01-27T14:50:51+00:00] [3cc3167828c7] Controlling traffic of the container /fl-rest_client_009_1 on veth299f2e4
[36mdocker-tc     |[0m [2026-01-27T14:50:51+00:00] [c313a65c02c1] Set delay=200ms, loss=1% on veth6e76c59
[36mdocker-tc     |[0m [2026-01-27T14:50:51+00:00] [c313a65c02c1] Set bandwidth-limit=5mbps on veth6e76c59
[36mdocker-tc     |[0m [2026-01-27T14:50:51+00:00] [c313a65c02c1] Controlling traffic of the container /fl-rest_client_017_1 on veth6e76c59
[33mclient_001_1  |[0m 2026-01-27 14:50:51,779 - __main__ - INFO - Round 0 finished. Loss: 0.1762, Acc: 96.12%
[33mserver_1      |[0m INFO:__main__:Received update from client_001
[33mserver_1      |[0m INFO:werkzeug:172.18.0.21 - - [27/Jan/2026 14:50:51] "POST /submit_update HTTP/1.1" 200 -
[33mclient_001_1  |[0m 2026-01-27 14:50:51,787 - __main__ - INFO - 🚀 Model update submitted successfully.
[33mclient_001_1  |[0m 2026-01-27 14:50:51,787 - __main__ - INFO - Update submitted for Round 0. Waiting...
[36mdocker-tc     |[0m [2026-01-27T14:50:51+00:00] [cf285f3acd8e] Set delay=200ms, loss=1% on vethd31deec
[36mdocker-tc     |[0m [2026-01-27T14:50:51+00:00] [cf285f3acd8e] Set bandwidth-limit=5mbps on vethd31deec
[36mdocker-tc     |[0m [2026-01-27T14:50:51+00:00] [cf285f3acd8e] Controlling traffic of the container /fl-rest_client_015_1 on vethd31deec
[32;1mclient_007_1  |[0m 2026-01-27 14:50:51,987 - __main__ - INFO - Round 0 finished. Loss: 0.8452, Acc: 55.68%
[33mserver_1      |[0m INFO:__main__:Received update from client_007
[33mserver_1      |[0m INFO:werkzeug:172.18.0.18 - - [27/Jan/2026 14:50:51] "POST /submit_update HTTP/1.1" 200 -
[32;1mclient_007_1  |[0m 2026-01-27 14:50:51,994 - __main__ - INFO - 🚀 Model update submitted successfully.
[32;1mclient_007_1  |[0m 2026-01-27 14:50:51,994 - __main__ - INFO - Update submitted for Round 0. Waiting...
[33mserver_1      |[0m INFO:__main__:Client client_009 registered.
[35;1mclient_008_1  |[0m 2026-01-27 14:50:52,403 - __main__ - INFO - ✅ Registered with server successfully.
[33mserver_1      |[0m INFO:__main__:Client client_008 registered.
[34;1mclient_009_1  |[0m 2026-01-27 14:50:52,406 - __main__ - INFO - ✅ Registered with server successfully.
[36mdocker-tc     |[0m [2026-01-27T14:50:52+00:00] [94540de563a8] Set delay=200ms, loss=1% on vethfa93e17
[36mdocker-tc     |[0m [2026-01-27T14:50:52+00:00] [94540de563a8] Set bandwidth-limit=5mbps on vethfa93e17
[33mserver_1      |[0m INFO:__main__:Client client_006 registered.
[33mserver_1      |[0m INFO:__main__:Client client_005 registered.
[36mdocker-tc     |[0m [2026-01-27T14:50:52+00:00] [94540de563a8] Controlling traffic of the container /fl-rest_client_011_1 on vethfa93e17
[33;1mclient_006_1  |[0m 2026-01-27 14:50:52,476 - __main__ - INFO - ✅ Registered with server successfully.
[36;1mclient_005_1  |[0m 2026-01-27 14:50:52,475 - __main__ - INFO - ✅ Registered with server successfully.
[33mserver_1      |[0m INFO:__main__:Client client_020 registered.
[33mserver_1      |[0m INFO:__main__:Client client_014 registered.
[33mserver_1      |[0m INFO:__main__:Client client_013 registered.
[33mserver_1      |[0m INFO:__main__:Client client_016 registered.
[36mclient_010_1  |[0m 2026-01-27 14:50:52,653 - __main__ - INFO - Round 0 finished. Loss: 0.1088, Acc: 97.91%
[33mserver_1      |[0m INFO:__main__:Received update from client_010
[33mserver_1      |[0m INFO:werkzeug:172.18.0.20 - - [27/Jan/2026 14:50:52] "POST /submit_update HTTP/1.1" 200 -
[36mclient_010_1  |[0m 2026-01-27 14:50:52,660 - __main__ - INFO - 🚀 Model update submitted successfully.
[36mclient_010_1  |[0m 2026-01-27 14:50:52,660 - __main__ - INFO - Update submitted for Round 0. Waiting...
[33mserver_1      |[0m INFO:__main__:Client client_017 registered.
[33mserver_1      |[0m INFO:__main__:Client client_015 registered.
[36mclient_020_1  |[0m 2026-01-27 14:50:52,709 - __main__ - INFO - ✅ Registered with server successfully.
[35;1mclient_008_1  |[0m 2026-01-27 14:50:52,742 - __main__ - INFO - --- New Round Detected: 0 ---
[33mserver_1      |[0m INFO:werkzeug:172.18.0.16 - - [27/Jan/2026 14:50:52] "GET /download_model?round=0 HTTP/1.1" 200 -
[33mserver_1      |[0m INFO:__main__:Client client_018 registered.
[33mserver_1      |[0m INFO:__main__:Client client_012 registered.
[34;1mclient_009_1  |[0m 2026-01-27 14:50:52,777 - __main__ - INFO - --- New Round Detected: 0 ---
[35mclient_013_1  |[0m 2026-01-27 14:50:52,780 - __main__ - INFO - ✅ Registered with server successfully.
[33;1mclient_016_1  |[0m 2026-01-27 14:50:52,788 - __main__ - INFO - ✅ Registered with server successfully.
[34mclient_014_1  |[0m 2026-01-27 14:50:52,773 - __main__ - INFO - ✅ Registered with server successfully.
[33mserver_1      |[0m INFO:werkzeug:172.18.0.11 - - [27/Jan/2026 14:50:52] "GET /download_model?round=0 HTTP/1.1" 200 -
[32;1mclient_017_1  |[0m 2026-01-27 14:50:52,906 - __main__ - INFO - ✅ Registered with server successfully.
[36;1mclient_015_1  |[0m 2026-01-27 14:50:52,908 - __main__ - INFO - ✅ Registered with server successfully.
[33;1mclient_006_1  |[0m 2026-01-27 14:50:52,919 - __main__ - INFO - --- New Round Detected: 0 ---
[33mserver_1      |[0m INFO:werkzeug:172.18.0.9 - - [27/Jan/2026 14:50:52] "GET /download_model?round=0 HTTP/1.1" 200 -
[35;1mclient_018_1  |[0m 2026-01-27 14:50:52,960 - __main__ - INFO - ✅ Registered with server successfully.
[32mclient_012_1  |[0m 2026-01-27 14:50:52,964 - __main__ - INFO - ✅ Registered with server successfully.
[36;1mclient_005_1  |[0m 2026-01-27 14:50:52,969 - __main__ - INFO - --- New Round Detected: 0 ---
[36mdocker-tc     |[0m [2026-01-27T14:50:52+00:00] [4a1f0573f7b2] Set delay=200ms, loss=1% on veth3ee0f6b
[36mdocker-tc     |[0m [2026-01-27T14:50:52+00:00] [4a1f0573f7b2] Set bandwidth-limit=5mbps on veth3ee0f6b
[33mserver_1      |[0m INFO:werkzeug:172.18.0.10 - - [27/Jan/2026 14:50:53] "GET /download_model?round=0 HTTP/1.1" 200 -
[36mdocker-tc     |[0m [2026-01-27T14:50:53+00:00] [4a1f0573f7b2] Controlling traffic of the container /fl-rest_client_019_1 on veth3ee0f6b
[34mclient_014_1  |[0m 2026-01-27 14:50:53,573 - __main__ - INFO - --- New Round Detected: 0 ---
[36mclient_020_1  |[0m 2026-01-27 14:50:53,617 - __main__ - INFO - --- New Round Detected: 0 ---
[35mclient_013_1  |[0m 2026-01-27 14:50:53,663 - __main__ - INFO - --- New Round Detected: 0 ---
[36mdocker-tc     |[0m [2026-01-27T14:50:53+00:00] [0876e33414b9] Set delay=20ms on vethe132ad9
[33;1mclient_016_1  |[0m 2026-01-27 14:50:53,691 - __main__ - INFO - --- New Round Detected: 0 ---
[36mdocker-tc     |[0m [2026-01-27T14:50:53+00:00] [0876e33414b9] Set bandwidth-limit=1gbit on vethe132ad9
[36mdocker-tc     |[0m [2026-01-27T14:50:53+00:00] [0876e33414b9] Controlling traffic of the container /fl-rest_client_008_1 on vethe132ad9
[35;1mclient_018_1  |[0m 2026-01-27 14:50:53,753 - __main__ - INFO - --- New Round Detected: 0 ---
[33mserver_1      |[0m INFO:werkzeug:172.18.0.3 - - [27/Jan/2026 14:50:53] "GET /download_model?round=0 HTTP/1.1" 200 -
[33mserver_1      |[0m INFO:werkzeug:172.18.0.6 - - [27/Jan/2026 14:50:53] "GET /download_model?round=0 HTTP/1.1" 200 -
[36;1mclient_015_1  |[0m 2026-01-27 14:50:53,822 - __main__ - INFO - --- New Round Detected: 0 ---
[32mclient_012_1  |[0m 2026-01-27 14:50:53,838 - __main__ - INFO - --- New Round Detected: 0 ---
[32;1mclient_017_1  |[0m 2026-01-27 14:50:53,861 - __main__ - INFO - --- New Round Detected: 0 ---
[33mserver_1      |[0m INFO:werkzeug:172.18.0.8 - - [27/Jan/2026 14:50:53] "GET /download_model?round=0 HTTP/1.1" 200 -
[33mserver_1      |[0m INFO:werkzeug:172.18.0.7 - - [27/Jan/2026 14:50:53] "GET /download_model?round=0 HTTP/1.1" 200 -
[33mserver_1      |[0m INFO:werkzeug:172.18.0.5 - - [27/Jan/2026 14:50:53] "GET /download_model?round=0 HTTP/1.1" 200 -
[33mserver_1      |[0m INFO:werkzeug:172.18.0.13 - - [27/Jan/2026 14:50:54] "GET /download_model?round=0 HTTP/1.1" 200 -
[33mserver_1      |[0m INFO:werkzeug:172.18.0.4 - - [27/Jan/2026 14:50:54] "GET /download_model?round=0 HTTP/1.1" 200 -
[33mserver_1      |[0m INFO:werkzeug:172.18.0.12 - - [27/Jan/2026 14:50:54] "GET /download_model?round=0 HTTP/1.1" 200 -
[33;1mclient_006_1  |[0m 2026-01-27 14:50:54,083 - __main__ - INFO - Round 0 finished. Loss: 2.1973, Acc: 42.86%
[33mserver_1      |[0m INFO:__main__:Received update from client_006
[33mserver_1      |[0m INFO:werkzeug:172.18.0.9 - - [27/Jan/2026 14:50:54] "POST /submit_update HTTP/1.1" 200 -
[36mdocker-tc     |[0m [2026-01-27T14:50:54+00:00] [07ae1a9e9d26] Set delay=20ms on veth45fab26
[36mdocker-tc     |[0m [2026-01-27T14:50:54+00:00] [07ae1a9e9d26] Set bandwidth-limit=1gbit on veth45fab26
[33;1mclient_006_1  |[0m 2026-01-27 14:50:54,219 - __main__ - INFO - 🚀 Model update submitted successfully.
[33;1mclient_006_1  |[0m 2026-01-27 14:50:54,220 - __main__ - INFO - Update submitted for Round 0. Waiting...
[36mdocker-tc     |[0m [2026-01-27T14:50:54+00:00] [07ae1a9e9d26] Controlling traffic of the container /fl-rest_client_004_1 on veth45fab26
[32mclient_002_1  |[0m 2026-01-27 14:50:54,234 - __main__ - INFO - Round 0 finished. Loss: 0.3689, Acc: 89.43%
[33mserver_1      |[0m INFO:__main__:Received update from client_002
[33mserver_1      |[0m INFO:__main__:--- Aggregating 5 updates ---
[33mserver_1      |[0m INFO:__main__:⚡ Using Custom Aggregator with Drift Metric...
[33mserver_1      |[0m INFO:server.aggregator:Starting FedAvg aggregation for 5 clients.
[36mdocker-tc     |[0m [2026-01-27T14:50:54+00:00] [84a69021f771] Set delay=20ms on vethf27c3d8
[36mdocker-tc     |[0m [2026-01-27T14:50:54+00:00] [84a69021f771] Set bandwidth-limit=1gbit on vethf27c3d8
[36mdocker-tc     |[0m [2026-01-27T14:50:54+00:00] [84a69021f771] Controlling traffic of the container /fl-rest_client_002_1 on vethf27c3d8
[36mdocker-tc     |[0m [2026-01-27T14:50:54+00:00] [75eb65926c82] Set delay=20ms on veth820fd87
[36mdocker-tc     |[0m [2026-01-27T14:50:54+00:00] [75eb65926c82] Set bandwidth-limit=1gbit on veth820fd87
[36mdocker-tc     |[0m [2026-01-27T14:50:54+00:00] [75eb65926c82] Controlling traffic of the container /fl-rest_client_007_1 on veth820fd87
[36mclient_020_1  |[0m /opt/conda/lib/python3.10/site-packages/torch/cuda/amp/grad_scaler.py:125: UserWarning: torch.cuda.amp.GradScaler is enabled, but CUDA is not available.  Disabling.
[36mclient_020_1  |[0m   warnings.warn(
[34mclient_014_1  |[0m /opt/conda/lib/python3.10/site-packages/torch/cuda/amp/grad_scaler.py:125: UserWarning: torch.cuda.amp.GradScaler is enabled, but CUDA is not available.  Disabling.
[34mclient_014_1  |[0m   warnings.warn(
[36mclient_020_1  |[0m /opt/conda/lib/python3.10/site-packages/torch/amp/autocast_mode.py:250: UserWarning: User provided device_type of 'cuda', but CUDA is not available. Disabling
[36mclient_020_1  |[0m   warnings.warn(
[34mclient_014_1  |[0m /opt/conda/lib/python3.10/site-packages/torch/amp/autocast_mode.py:250: UserWarning: User provided device_type of 'cuda', but CUDA is not available. Disabling
[34mclient_014_1  |[0m   warnings.warn(
[33;1mclient_016_1  |[0m /opt/conda/lib/python3.10/site-packages/torch/cuda/amp/grad_scaler.py:125: UserWarning: torch.cuda.amp.GradScaler is enabled, but CUDA is not available.  Disabling.
[33;1mclient_016_1  |[0m   warnings.warn(
[33;1mclient_016_1  |[0m /opt/conda/lib/python3.10/site-packages/torch/amp/autocast_mode.py:250: UserWarning: User provided device_type of 'cuda', but CUDA is not available. Disabling
[33;1mclient_016_1  |[0m   warnings.warn(
[35;1mclient_018_1  |[0m /opt/conda/lib/python3.10/site-packages/torch/cuda/amp/grad_scaler.py:125: UserWarning: torch.cuda.amp.GradScaler is enabled, but CUDA is not available.  Disabling.
[35;1mclient_018_1  |[0m   warnings.warn(
[35;1mclient_018_1  |[0m /opt/conda/lib/python3.10/site-packages/torch/amp/autocast_mode.py:250: UserWarning: User provided device_type of 'cuda', but CUDA is not available. Disabling
[35;1mclient_018_1  |[0m   warnings.warn(
[32;1mclient_017_1  |[0m /opt/conda/lib/python3.10/site-packages/torch/cuda/amp/grad_scaler.py:125: UserWarning: torch.cuda.amp.GradScaler is enabled, but CUDA is not available.  Disabling.
[32;1mclient_017_1  |[0m   warnings.warn(
[32;1mclient_017_1  |[0m /opt/conda/lib/python3.10/site-packages/torch/amp/autocast_mode.py:250: UserWarning: User provided device_type of 'cuda', but CUDA is not available. Disabling
[32;1mclient_017_1  |[0m   warnings.warn(
[32mclient_012_1  |[0m /opt/conda/lib/python3.10/site-packages/torch/cuda/amp/grad_scaler.py:125: UserWarning: torch.cuda.amp.GradScaler is enabled, but CUDA is not available.  Disabling.
[32mclient_012_1  |[0m   warnings.warn(
[36;1mclient_015_1  |[0m /opt/conda/lib/python3.10/site-packages/torch/cuda/amp/grad_scaler.py:125: UserWarning: torch.cuda.amp.GradScaler is enabled, but CUDA is not available.  Disabling.
[36;1mclient_015_1  |[0m   warnings.warn(
[36;1mclient_015_1  |[0m /opt/conda/lib/python3.10/site-packages/torch/amp/autocast_mode.py:250: UserWarning: User provided device_type of 'cuda', but CUDA is not available. Disabling
[36;1mclient_015_1  |[0m   warnings.warn(
[33mserver_1      |[0m INFO:server.aggregator:--- [METRIC] Weight Divergence: 1.0053
[33mserver_1      |[0m INFO:server.aggregator:FedAvg aggregation complete.
[33mserver_1      |[0m INFO:__main__:Aggregation complete.
[32mclient_012_1  |[0m /opt/conda/lib/python3.10/site-packages/torch/amp/autocast_mode.py:250: UserWarning: User provided device_type of 'cuda', but CUDA is not available. Disabling
[32mclient_012_1  |[0m   warnings.warn(
[35mclient_013_1  |[0m /opt/conda/lib/python3.10/site-packages/torch/cuda/amp/grad_scaler.py:125: UserWarning: torch.cuda.amp.GradScaler is enabled, but CUDA is not available.  Disabling.
[35mclient_013_1  |[0m   warnings.warn(
[35mclient_013_1  |[0m /opt/conda/lib/python3.10/site-packages/torch/amp/autocast_mode.py:250: UserWarning: User provided device_type of 'cuda', but CUDA is not available. Disabling
[35mclient_013_1  |[0m   warnings.warn(
[36mdocker-tc     |[0m [2026-01-27T14:50:55+00:00] [cb88d1704119] Set delay=20ms on vethc301de2
[36mdocker-tc     |[0m [2026-01-27T14:50:55+00:00] [cb88d1704119] Set bandwidth-limit=1gbit on vethc301de2
[36mdocker-tc     |[0m [2026-01-27T14:50:55+00:00] [cb88d1704119] Controlling traffic of the container /fl-rest_client_010_1 on vethc301de2
[36mdocker-tc     |[0m [2026-01-27T14:50:56+00:00] [5336b6939b3c] Set delay=20ms on veth7d632aa
[36mdocker-tc     |[0m [2026-01-27T14:50:56+00:00] [5336b6939b3c] Set bandwidth-limit=1gbit on veth7d632aa
[36mdocker-tc     |[0m [2026-01-27T14:50:56+00:00] [5336b6939b3c] Controlling traffic of the container /fl-rest_client_001_1 on veth7d632aa
[36mdocker-tc     |[0m [2026-01-27T14:50:56+00:00] [44a3580a1a5f] Set delay=20ms on veth70a6392
[36mdocker-tc     |[0m [2026-01-27T14:50:56+00:00] [44a3580a1a5f] Set bandwidth-limit=1gbit on veth70a6392
[33mserver_1      |[0m ⏱️ [TIME] Client client_001 finished training in 1.19s
[33mserver_1      |[0m ⏱️ [TIME] Client client_007 finished training in 0.89s
[33mserver_1      |[0m ⏱️ [TIME] Client client_010 finished training in 1.54s
[33mserver_1      |[0m ⏱️ [TIME] Client client_006 finished training in 0.31s
[33mserver_1      |[0m ⏱️ [TIME] Client client_002 finished training in 3.10s
[33mserver_1      |[0m DEBUG: ⚠️ MY CUSTOM AGGREGATOR IS RUNNING ⚠️
[36mdocker-tc     |[0m [2026-01-27T14:50:56+00:00] [44a3580a1a5f] Controlling traffic of the container /fl-rest_client_003_1 on veth70a6392
[35;1mclient_008_1  |[0m 2026-01-27 14:50:57,077 - __main__ - INFO - Round 0 finished. Loss: 0.0920, Acc: 97.93%
[33mserver_1      |[0m INFO:werkzeug:172.18.0.16 - - [27/Jan/2026 14:50:57] "[31m[1mPOST /submit_update HTTP/1.1[0m" 400 -
[35;1mclient_008_1  |[0m 2026-01-27 14:50:57,143 - __main__ - ERROR - Update submission failed: {"error":"Not accepting updates"}
[35;1mclient_008_1  |[0m 
[35;1mclient_008_1  |[0m 2026-01-27 14:50:57,143 - __main__ - INFO - Update submitted for Round 0. Waiting...
[33mserver_1      |[0m INFO:__main__:--- Round 0 Acc: 10.00%, Loss: 4.5677 ---
[33mserver_1      |[0m INFO:__main__:--- Starting Round 1. Timeout: 300s ---
[33mserver_1      |[0m INFO:werkzeug:172.18.0.19 - - [27/Jan/2026 14:50:57] "POST /submit_update HTTP/1.1" 200 -
[32mclient_002_1  |[0m 2026-01-27 14:50:58,001 - __main__ - INFO - 🚀 Model update submitted successfully.
[32mclient_002_1  |[0m 2026-01-27 14:50:58,001 - __main__ - INFO - Update submitted for Round 0. Waiting...
[36;1mclient_005_1  |[0m 2026-01-27 14:50:58,877 - __main__ - INFO - Round 0 finished. Loss: 0.3031, Acc: 90.65%
[33mserver_1      |[0m INFO:__main__:Received update from client_005
[33mserver_1      |[0m INFO:werkzeug:172.18.0.10 - - [27/Jan/2026 14:50:59] "POST /submit_update HTTP/1.1" 200 -
[36;1mclient_005_1  |[0m 2026-01-27 14:50:59,070 - __main__ - INFO - 🚀 Model update submitted successfully.
[36;1mclient_005_1  |[0m 2026-01-27 14:50:59,071 - __main__ - INFO - Update submitted for Round 0. Waiting...
[34;1mclient_009_1  |[0m 2026-01-27 14:50:59,670 - __main__ - INFO - Round 0 finished. Loss: 0.8982, Acc: 64.96%
[33mserver_1      |[0m INFO:__main__:Received update from client_009
[33mserver_1      |[0m INFO:werkzeug:172.18.0.11 - - [27/Jan/2026 14:50:59] "POST /submit_update HTTP/1.1" 200 -
[34;1mclient_009_1  |[0m 2026-01-27 14:50:59,826 - __main__ - INFO - 🚀 Model update submitted successfully.
[34;1mclient_009_1  |[0m 2026-01-27 14:50:59,827 - __main__ - INFO - Update submitted for Round 0. Waiting...
[34mclient_004_1  |[0m 2026-01-27 14:51:01,421 - __main__ - INFO - Round 0 finished. Loss: 0.8348, Acc: 66.26%
[33mserver_1      |[0m INFO:__main__:Received update from client_004
[33mserver_1      |[0m INFO:werkzeug:172.18.0.17 - - [27/Jan/2026 14:51:01] "POST /submit_update HTTP/1.1" 200 -
[34mclient_004_1  |[0m 2026-01-27 14:51:01,556 - __main__ - INFO - 🚀 Model update submitted successfully.
[34mclient_004_1  |[0m 2026-01-27 14:51:01,557 - __main__ - INFO - Update submitted for Round 0. Waiting...
[33mclient_001_1  |[0m 2026-01-27 14:51:01,889 - __main__ - INFO - --- New Round Detected: 1 ---
[33mserver_1      |[0m INFO:werkzeug:172.18.0.21 - - [27/Jan/2026 14:51:01] "GET /download_model?round=1 HTTP/1.1" 200 -
[32;1mclient_007_1  |[0m 2026-01-27 14:51:02,080 - __main__ - INFO - --- New Round Detected: 1 ---
[33mserver_1      |[0m INFO:werkzeug:172.18.0.18 - - [27/Jan/2026 14:51:02] "GET /download_model?round=1 HTTP/1.1" 200 -
[32;1mclient_007_1  |[0m 2026-01-27 14:51:02,694 - __main__ - INFO - Round 1 finished. Loss: 1.2078, Acc: 56.78%
[36mclient_010_1  |[0m 2026-01-27 14:51:02,771 - __main__ - INFO - --- New Round Detected: 1 ---
[33mserver_1      |[0m INFO:werkzeug:172.18.0.20 - - [27/Jan/2026 14:51:02] "GET /download_model?round=1 HTTP/1.1" 200 -
[33mserver_1      |[0m INFO:__main__:Received update from client_007
[33mserver_1      |[0m INFO:werkzeug:172.18.0.18 - - [27/Jan/2026 14:51:02] "POST /submit_update HTTP/1.1" 200 -
[33mclient_001_1  |[0m 2026-01-27 14:51:02,834 - __main__ - INFO - Round 1 finished. Loss: 0.1851, Acc: 96.12%
[32;1mclient_007_1  |[0m 2026-01-27 14:51:02,849 - __main__ - INFO - 🚀 Model update submitted successfully.
[32;1mclient_007_1  |[0m 2026-01-27 14:51:02,849 - __main__ - INFO - Update submitted for Round 1. Waiting...
[33mserver_1      |[0m INFO:__main__:Received update from client_001
[33mserver_1      |[0m INFO:__main__:--- Aggregating 5 updates ---
[33mserver_1      |[0m INFO:__main__:⚡ Using Custom Aggregator with Drift Metric...
[33mserver_1      |[0m INFO:server.aggregator:Starting FedAvg aggregation for 5 clients.
[36mclient_010_1  |[0m 2026-01-27 14:51:04,164 - __main__ - INFO - Round 1 finished. Loss: 0.1308, Acc: 97.91%
[33mserver_1      |[0m INFO:werkzeug:172.18.0.20 - - [27/Jan/2026 14:51:04] "[31m[1mPOST /submit_update HTTP/1.1[0m" 400 -
[36mclient_010_1  |[0m 2026-01-27 14:51:04,231 - __main__ - ERROR - Update submission failed: {"error":"Not accepting updates"}
[36mclient_010_1  |[0m 
[36mclient_010_1  |[0m 2026-01-27 14:51:04,231 - __main__ - INFO - Update submitted for Round 1. Waiting...
[33;1mclient_006_1  |[0m 2026-01-27 14:51:04,287 - __main__ - INFO - --- New Round Detected: 1 ---
[33mserver_1      |[0m INFO:werkzeug:172.18.0.9 - - [27/Jan/2026 14:51:04] "GET /download_model?round=1 HTTP/1.1" 200 -
[33;1mclient_006_1  |[0m 2026-01-27 14:51:04,472 - __main__ - INFO - Round 1 finished. Loss: 4.7712, Acc: 0.00%
[33mserver_1      |[0m INFO:werkzeug:172.18.0.9 - - [27/Jan/2026 14:51:04] "[31m[1mPOST /submit_update HTTP/1.1[0m" 400 -
[33;1mclient_006_1  |[0m 2026-01-27 14:51:04,536 - __main__ - ERROR - Update submission failed: {"error":"Not accepting updates"}
[33;1mclient_006_1  |[0m 
[33;1mclient_006_1  |[0m 2026-01-27 14:51:04,536 - __main__ - INFO - Update submitted for Round 1. Waiting...
[33mserver_1      |[0m INFO:server.aggregator:--- [METRIC] Weight Divergence: 2.1129
[33mserver_1      |[0m INFO:server.aggregator:FedAvg aggregation complete.
[33mserver_1      |[0m INFO:__main__:Aggregation complete.
[33mserver_1      |[0m ⏱️ [TIME] Client client_005 finished training in 5.00s
[33mserver_1      |[0m ⏱️ [TIME] Client client_009 finished training in 5.95s
[33mserver_1      |[0m ⏱️ [TIME] Client client_004 finished training in 10.59s
[33mserver_1      |[0m ⏱️ [TIME] Client client_007 finished training in 0.46s
[33mserver_1      |[0m ⏱️ [TIME] Client client_001 finished training in 0.80s
[33mserver_1      |[0m DEBUG: ⚠️ MY CUSTOM AGGREGATOR IS RUNNING ⚠️
[33mserver_1      |[0m INFO:__main__:--- Round 1 Acc: 17.33%, Loss: 2.4306 ---
[33mserver_1      |[0m INFO:__main__:--- Starting Round 2. Timeout: 300s ---
[33mserver_1      |[0m INFO:werkzeug:172.18.0.21 - - [27/Jan/2026 14:51:06] "POST /submit_update HTTP/1.1" 200 -
[33mclient_001_1  |[0m 2026-01-27 14:51:06,308 - __main__ - INFO - 🚀 Model update submitted successfully.
[33mclient_001_1  |[0m 2026-01-27 14:51:06,308 - __main__ - INFO - Update submitted for Round 1. Waiting...
[35;1mclient_008_1  |[0m 2026-01-27 14:51:07,211 - __main__ - INFO - --- New Round Detected: 2 ---
[33mserver_1      |[0m INFO:werkzeug:172.18.0.16 - - [27/Jan/2026 14:51:07] "GET /download_model?round=2 HTTP/1.1" 200 -
[32mclient_002_1  |[0m 2026-01-27 14:51:08,081 - __main__ - INFO - --- New Round Detected: 2 ---
[33mserver_1      |[0m INFO:werkzeug:172.18.0.19 - - [27/Jan/2026 14:51:08] "GET /download_model?round=2 HTTP/1.1" 200 -
[36;1mclient_005_1  |[0m 2026-01-27 14:51:09,133 - __main__ - INFO - --- New Round Detected: 2 ---
[33mserver_1      |[0m INFO:werkzeug:172.18.0.10 - - [27/Jan/2026 14:51:09] "GET /download_model?round=2 HTTP/1.1" 200 -
[35;1mclient_008_1  |[0m 2026-01-27 14:51:09,163 - __main__ - INFO - Round 2 finished. Loss: 0.2304, Acc: 97.93%
[33mserver_1      |[0m INFO:__main__:Received update from client_008
[33mserver_1      |[0m INFO:werkzeug:172.18.0.16 - - [27/Jan/2026 14:51:09] "POST /submit_update HTTP/1.1" 200 -
[35;1mclient_008_1  |[0m 2026-01-27 14:51:09,299 - __main__ - INFO - 🚀 Model update submitted successfully.
[35;1mclient_008_1  |[0m 2026-01-27 14:51:09,299 - __main__ - INFO - Update submitted for Round 2. Waiting...
[34;1mclient_009_1  |[0m 2026-01-27 14:51:09,889 - __main__ - INFO - --- New Round Detected: 2 ---
[33mserver_1      |[0m INFO:werkzeug:172.18.0.11 - - [27/Jan/2026 14:51:09] "GET /download_model?round=2 HTTP/1.1" 200 -
[32mclient_002_1  |[0m 2026-01-27 14:51:10,811 - __main__ - INFO - Round 2 finished. Loss: 0.4803, Acc: 90.71%
[33mserver_1      |[0m INFO:__main__:Received update from client_002
[33mserver_1      |[0m INFO:werkzeug:172.18.0.19 - - [27/Jan/2026 14:51:10] "POST /submit_update HTTP/1.1" 200 -
[32mclient_002_1  |[0m 2026-01-27 14:51:10,967 - __main__ - INFO - 🚀 Model update submitted successfully.
[32mclient_002_1  |[0m 2026-01-27 14:51:10,967 - __main__ - INFO - Update submitted for Round 2. Waiting...
[34mclient_004_1  |[0m 2026-01-27 14:51:11,620 - __main__ - INFO - --- New Round Detected: 2 ---
[33mserver_1      |[0m INFO:werkzeug:172.18.0.17 - - [27/Jan/2026 14:51:11] "GET /download_model?round=2 HTTP/1.1" 200 -
[35mclient_003_1  |[0m 2026-01-27 14:51:11,956 - __main__ - INFO - Round 0 finished. Loss: 0.8910, Acc: 68.07%
[35mclient_003_1  |[0m 2026-01-27 14:51:12,093 - __main__ - INFO - 🚀 Model update submitted successfully.
[35mclient_003_1  |[0m 2026-01-27 14:51:12,093 - __main__ - INFO - Update submitted for Round 0. Waiting...
[33mserver_1      |[0m INFO:__main__:Received update from client_003
[33mserver_1      |[0m INFO:werkzeug:172.18.0.22 - - [27/Jan/2026 14:51:12] "POST /submit_update HTTP/1.1" 200 -
[36;1mclient_005_1  |[0m 2026-01-27 14:51:12,162 - __main__ - INFO - Round 2 finished. Loss: 0.3573, Acc: 90.96%
[33mserver_1      |[0m INFO:__main__:Received update from client_005
[33mserver_1      |[0m INFO:werkzeug:172.18.0.10 - - [27/Jan/2026 14:51:12] "POST /submit_update HTTP/1.1" 200 -
[36;1mclient_005_1  |[0m 2026-01-27 14:51:12,295 - __main__ - INFO - 🚀 Model update submitted successfully.
[36;1mclient_005_1  |[0m 2026-01-27 14:51:12,295 - __main__ - INFO - Update submitted for Round 2. Waiting...
[32;1mclient_007_1  |[0m 2026-01-27 14:51:12,912 - __main__ - INFO - --- New Round Detected: 2 ---
[33mserver_1      |[0m INFO:werkzeug:172.18.0.18 - - [27/Jan/2026 14:51:12] "GET /download_model?round=2 HTTP/1.1" 200 -
[32;1mclient_007_1  |[0m 2026-01-27 14:51:13,803 - __main__ - INFO - Round 2 finished. Loss: 1.0240, Acc: 59.71%
[33mserver_1      |[0m INFO:__main__:Received update from client_007
[33mserver_1      |[0m INFO:__main__:--- Aggregating 5 updates ---
[33mserver_1      |[0m INFO:__main__:⚡ Using Custom Aggregator with Drift Metric...
[33mserver_1      |[0m INFO:server.aggregator:Starting FedAvg aggregation for 5 clients.
[36mclient_010_1  |[0m 2026-01-27 14:51:14,295 - __main__ - INFO - --- New Round Detected: 2 ---
[33mserver_1      |[0m INFO:werkzeug:172.18.0.20 - - [27/Jan/2026 14:51:14] "GET /download_model?round=2 HTTP/1.1" 200 -
[33;1mclient_006_1  |[0m 2026-01-27 14:51:14,610 - __main__ - INFO - --- New Round Detected: 2 ---
[33mserver_1      |[0m INFO:werkzeug:172.18.0.9 - - [27/Jan/2026 14:51:14] "GET /download_model?round=2 HTTP/1.1" 200 -
[33;1mclient_006_1  |[0m 2026-01-27 14:51:14,920 - __main__ - INFO - Round 2 finished. Loss: 1.5859, Acc: 50.00%
[33mserver_1      |[0m INFO:werkzeug:172.18.0.9 - - [27/Jan/2026 14:51:14] "[31m[1mPOST /submit_update HTTP/1.1[0m" 400 -
[33;1mclient_006_1  |[0m 2026-01-27 14:51:14,982 - __main__ - ERROR - Update submission failed: {"error":"Not accepting updates"}
[33;1mclient_006_1  |[0m 
[33;1mclient_006_1  |[0m 2026-01-27 14:51:14,983 - __main__ - INFO - Update submitted for Round 2. Waiting...
[34;1mclient_009_1  |[0m 2026-01-27 14:51:15,561 - __main__ - INFO - Round 2 finished. Loss: 0.9592, Acc: 66.68%
[33mserver_1      |[0m INFO:werkzeug:172.18.0.11 - - [27/Jan/2026 14:51:15] "[31m[1mPOST /submit_update HTTP/1.1[0m" 400 -
[34;1mclient_009_1  |[0m 2026-01-27 14:51:15,635 - __main__ - ERROR - Update submission failed: {"error":"Not accepting updates"}
[34;1mclient_009_1  |[0m 
[34;1mclient_009_1  |[0m 2026-01-27 14:51:15,635 - __main__ - INFO - Update submitted for Round 2. Waiting...
[36mclient_010_1  |[0m 2026-01-27 14:51:15,642 - __main__ - INFO - Round 2 finished. Loss: 0.3329, Acc: 97.91%
[33mserver_1      |[0m INFO:werkzeug:172.18.0.20 - - [27/Jan/2026 14:51:15] "[31m[1mPOST /submit_update HTTP/1.1[0m" 400 -
[36mclient_010_1  |[0m 2026-01-27 14:51:15,709 - __main__ - ERROR - Update submission failed: {"error":"Not accepting updates"}
[36mclient_010_1  |[0m 
[36mclient_010_1  |[0m 2026-01-27 14:51:15,709 - __main__ - INFO - Update submitted for Round 2. Waiting...
[33mclient_001_1  |[0m 2026-01-27 14:51:16,378 - __main__ - INFO - --- New Round Detected: 2 ---
[33mserver_1      |[0m INFO:werkzeug:172.18.0.21 - - [27/Jan/2026 14:51:16] "GET /download_model?round=2 HTTP/1.1" 200 -
[33mserver_1      |[0m INFO:server.aggregator:--- [METRIC] Weight Divergence: 3.0233
[33mserver_1      |[0m INFO:server.aggregator:FedAvg aggregation complete.
[33mserver_1      |[0m INFO:__main__:Aggregation complete.
[33mserver_1      |[0m ⏱️ [TIME] Client client_008 finished training in 1.81s
[33mserver_1      |[0m ⏱️ [TIME] Client client_002 finished training in 2.58s
[33mserver_1      |[0m ⏱️ [TIME] Client client_003 finished training in 20.83s
[33mserver_1      |[0m ⏱️ [TIME] Client client_005 finished training in 2.87s
[33mserver_1      |[0m ⏱️ [TIME] Client client_007 finished training in 0.71s
[33mserver_1      |[0m DEBUG: ⚠️ MY CUSTOM AGGREGATOR IS RUNNING ⚠️
[33mclient_001_1  |[0m 2026-01-27 14:51:17,305 - __main__ - INFO - Round 2 finished. Loss: 0.3717, Acc: 96.12%
[33mserver_1      |[0m INFO:werkzeug:172.18.0.21 - - [27/Jan/2026 14:51:17] "[31m[1mPOST /submit_update HTTP/1.1[0m" 400 -
[33mclient_001_1  |[0m 2026-01-27 14:51:17,376 - __main__ - ERROR - Update submission failed: {"error":"Not accepting updates"}
[33mclient_001_1  |[0m 
[33mclient_001_1  |[0m 2026-01-27 14:51:17,378 - __main__ - INFO - Update submitted for Round 2. Waiting...
[33mserver_1      |[0m INFO:__main__:--- Round 2 Acc: 19.44%, Loss: 2.6647 ---
[33mserver_1      |[0m INFO:__main__:--- Starting Round 3. Timeout: 300s ---
[33mserver_1      |[0m INFO:werkzeug:172.18.0.18 - - [27/Jan/2026 14:51:17] "POST /submit_update HTTP/1.1" 200 -
[32;1mclient_007_1  |[0m 2026-01-27 14:51:17,676 - __main__ - INFO - 🚀 Model update submitted successfully.
[32;1mclient_007_1  |[0m 2026-01-27 14:51:17,676 - __main__ - INFO - Update submitted for Round 2. Waiting...
[35;1mclient_008_1  |[0m 2026-01-27 14:51:19,361 - __main__ - INFO - --- New Round Detected: 3 ---
[33mserver_1      |[0m INFO:werkzeug:172.18.0.16 - - [27/Jan/2026 14:51:19] "GET /download_model?round=3 HTTP/1.1" 200 -
[34mclient_004_1  |[0m 2026-01-27 14:51:20,797 - __main__ - INFO - Round 2 finished. Loss: 0.8323, Acc: 69.55%
[34mclient_004_1  |[0m 2026-01-27 14:51:20,932 - __main__ - INFO - 🚀 Model update submitted successfully.
[34mclient_004_1  |[0m 2026-01-27 14:51:20,933 - __main__ - INFO - Update submitted for Round 2. Waiting...
[33mserver_1      |[0m INFO:__main__:Received update from client_004
[33mserver_1      |[0m INFO:werkzeug:172.18.0.17 - - [27/Jan/2026 14:51:20] "POST /submit_update HTTP/1.1" 200 -
[32mclient_002_1  |[0m 2026-01-27 14:51:21,035 - __main__ - INFO - --- New Round Detected: 3 ---
[33mserver_1      |[0m INFO:werkzeug:172.18.0.19 - - [27/Jan/2026 14:51:21] "GET /download_model?round=3 HTTP/1.1" 200 -
[35;1mclient_008_1  |[0m 2026-01-27 14:51:21,116 - __main__ - INFO - Round 3 finished. Loss: 0.2611, Acc: 98.32%
[33mserver_1      |[0m INFO:__main__:Received update from client_008
[33mserver_1      |[0m INFO:werkzeug:172.18.0.16 - - [27/Jan/2026 14:51:21] "POST /submit_update HTTP/1.1" 200 -
[35;1mclient_008_1  |[0m 2026-01-27 14:51:21,251 - __main__ - INFO - 🚀 Model update submitted successfully.
[35;1mclient_008_1  |[0m 2026-01-27 14:51:21,251 - __main__ - INFO - Update submitted for Round 3. Waiting...
[35mclient_003_1  |[0m 2026-01-27 14:51:22,196 - __main__ - INFO - --- New Round Detected: 3 ---
[33mserver_1      |[0m INFO:werkzeug:172.18.0.22 - - [27/Jan/2026 14:51:22] "GET /download_model?round=3 HTTP/1.1" 200 -
[36;1mclient_005_1  |[0m 2026-01-27 14:51:22,360 - __main__ - INFO - --- New Round Detected: 3 ---
[33mserver_1      |[0m INFO:werkzeug:172.18.0.10 - - [27/Jan/2026 14:51:22] "GET /download_model?round=3 HTTP/1.1" 200 -
[32mclient_002_1  |[0m 2026-01-27 14:51:22,489 - __main__ - INFO - Round 3 finished. Loss: 0.7622, Acc: 87.06%
[33mserver_1      |[0m INFO:__main__:Received update from client_002
[33mserver_1      |[0m INFO:werkzeug:172.18.0.19 - - [27/Jan/2026 14:51:22] "POST /submit_update HTTP/1.1" 200 -
[32mclient_002_1  |[0m 2026-01-27 14:51:22,626 - __main__ - INFO - 🚀 Model update submitted successfully.
[32mclient_002_1  |[0m 2026-01-27 14:51:22,626 - __main__ - INFO - Update submitted for Round 3. Waiting...
[33;1mclient_006_1  |[0m 2026-01-27 14:51:25,047 - __main__ - INFO - --- New Round Detected: 3 ---
[33mserver_1      |[0m INFO:werkzeug:172.18.0.9 - - [27/Jan/2026 14:51:25] "GET /download_model?round=3 HTTP/1.1" 200 -
[33;1mclient_006_1  |[0m 2026-01-27 14:51:25,210 - __main__ - INFO - Round 3 finished. Loss: 1.1692, Acc: 78.57%
[33mserver_1      |[0m INFO:__main__:Received update from client_006
[33mserver_1      |[0m INFO:werkzeug:172.18.0.9 - - [27/Jan/2026 14:51:25] "POST /submit_update HTTP/1.1" 200 -
[33;1mclient_006_1  |[0m 2026-01-27 14:51:25,348 - __main__ - INFO - 🚀 Model update submitted successfully.
[33;1mclient_006_1  |[0m 2026-01-27 14:51:25,348 - __main__ - INFO - Update submitted for Round 3. Waiting...
[34;1mclient_009_1  |[0m 2026-01-27 14:51:25,700 - __main__ - INFO - --- New Round Detected: 3 ---
[33mserver_1      |[0m INFO:werkzeug:172.18.0.11 - - [27/Jan/2026 14:51:25] "GET /download_model?round=3 HTTP/1.1" 200 -
[36mclient_010_1  |[0m 2026-01-27 14:51:25,785 - __main__ - INFO - --- New Round Detected: 3 ---
[33mserver_1      |[0m INFO:werkzeug:172.18.0.20 - - [27/Jan/2026 14:51:25] "GET /download_model?round=3 HTTP/1.1" 200 -
[36mclient_010_1  |[0m 2026-01-27 14:51:27,183 - __main__ - INFO - Round 3 finished. Loss: 0.4765, Acc: 97.91%
[36;1mclient_005_1  |[0m 2026-01-27 14:51:27,272 - __main__ - INFO - Round 3 finished. Loss: 0.4362, Acc: 90.96%
[33mserver_1      |[0m INFO:__main__:Received update from client_010
[33mserver_1      |[0m INFO:__main__:--- Aggregating 5 updates ---
[33mserver_1      |[0m INFO:__main__:⚡ Using Custom Aggregator with Drift Metric...
[33mserver_1      |[0m INFO:server.aggregator:Starting FedAvg aggregation for 5 clients.
[33mserver_1      |[0m INFO:werkzeug:172.18.0.10 - - [27/Jan/2026 14:51:27] "[31m[1mPOST /submit_update HTTP/1.1[0m" 400 -
[36;1mclient_005_1  |[0m 2026-01-27 14:51:27,337 - __main__ - ERROR - Update submission failed: {"error":"Not accepting updates"}
[36;1mclient_005_1  |[0m 
[36;1mclient_005_1  |[0m 2026-01-27 14:51:27,337 - __main__ - INFO - Update submitted for Round 3. Waiting...
[33mclient_001_1  |[0m 2026-01-27 14:51:27,458 - __main__ - INFO - --- New Round Detected: 3 ---
[33mserver_1      |[0m INFO:werkzeug:172.18.0.21 - - [27/Jan/2026 14:51:27] "GET /download_model?round=3 HTTP/1.1" 200 -
[32;1mclient_007_1  |[0m 2026-01-27 14:51:27,797 - __main__ - INFO - --- New Round Detected: 3 ---
[33mserver_1      |[0m INFO:werkzeug:172.18.0.18 - - [27/Jan/2026 14:51:27] "GET /download_model?round=3 HTTP/1.1" 200 -
[33mclient_001_1  |[0m 2026-01-27 14:51:28,482 - __main__ - INFO - Round 3 finished. Loss: 0.4385, Acc: 95.47%
[33mserver_1      |[0m INFO:werkzeug:172.18.0.21 - - [27/Jan/2026 14:51:28] "[31m[1mPOST /submit_update HTTP/1.1[0m" 400 -
[33mclient_001_1  |[0m 2026-01-27 14:51:28,571 - __main__ - ERROR - Update submission failed: {"error":"Not accepting updates"}
[33mclient_001_1  |[0m 
[33mclient_001_1  |[0m 2026-01-27 14:51:28,572 - __main__ - INFO - Update submitted for Round 3. Waiting...
[32;1mclient_007_1  |[0m 2026-01-27 14:51:28,679 - __main__ - INFO - Round 3 finished. Loss: 1.0943, Acc: 61.17%
[33mserver_1      |[0m INFO:werkzeug:172.18.0.18 - - [27/Jan/2026 14:51:28] "[31m[1mPOST /submit_update HTTP/1.1[0m" 400 -
[32;1mclient_007_1  |[0m 2026-01-27 14:51:28,741 - __main__ - ERROR - Update submission failed: {"error":"Not accepting updates"}
[32;1mclient_007_1  |[0m 
[32;1mclient_007_1  |[0m 2026-01-27 14:51:28,741 - __main__ - INFO - Update submitted for Round 3. Waiting...
[33mserver_1      |[0m INFO:server.aggregator:--- [METRIC] Weight Divergence: 2.4432
[33mserver_1      |[0m INFO:server.aggregator:FedAvg aggregation complete.
[33mserver_1      |[0m INFO:__main__:Aggregation complete.
[33mserver_1      |[0m ⏱️ [TIME] Client client_004 finished training in 9.02s
[33mserver_1      |[0m ⏱️ [TIME] Client client_008 finished training in 1.63s
[33mserver_1      |[0m ⏱️ [TIME] Client client_002 finished training in 1.33s
[33mserver_1      |[0m ⏱️ [TIME] Client client_006 finished training in 0.03s
[33mserver_1      |[0m ⏱️ [TIME] Client client_010 finished training in 1.26s
[33mserver_1      |[0m DEBUG: ⚠️ MY CUSTOM AGGREGATOR IS RUNNING ⚠️
[34mclient_004_1  |[0m 2026-01-27 14:51:31,007 - __main__ - INFO - --- New Round Detected: 3 ---
[33mserver_1      |[0m INFO:werkzeug:172.18.0.17 - - [27/Jan/2026 14:51:31] "GET /download_model?round=3 HTTP/1.1" 200 -
[33mserver_1      |[0m INFO:__main__:--- Round 3 Acc: 27.97%, Loss: 2.0557 ---
[33mserver_1      |[0m INFO:__main__:--- Starting Round 4. Timeout: 300s ---
[33mserver_1      |[0m INFO:werkzeug:172.18.0.20 - - [27/Jan/2026 14:51:31] "POST /submit_update HTTP/1.1" 200 -
[36mclient_010_1  |[0m 2026-01-27 14:51:31,124 - __main__ - INFO - 🚀 Model update submitted successfully.
[36mclient_010_1  |[0m 2026-01-27 14:51:31,124 - __main__ - INFO - Update submitted for Round 3. Waiting...
[34;1mclient_009_1  |[0m 2026-01-27 14:51:31,210 - __main__ - INFO - Round 3 finished. Loss: 1.1662, Acc: 64.99%
[35;1mclient_008_1  |[0m 2026-01-27 14:51:31,313 - __main__ - INFO - --- New Round Detected: 4 ---
[33mserver_1      |[0m INFO:__main__:Received update from client_009
[33mserver_1      |[0m INFO:werkzeug:172.18.0.11 - - [27/Jan/2026 14:51:31] "POST /submit_update HTTP/1.1" 200 -
[33mserver_1      |[0m INFO:werkzeug:172.18.0.16 - - [27/Jan/2026 14:51:31] "GET /download_model?round=4 HTTP/1.1" 200 -
[34;1mclient_009_1  |[0m 2026-01-27 14:51:31,349 - __main__ - INFO - 🚀 Model update submitted successfully.
[34;1mclient_009_1  |[0m 2026-01-27 14:51:31,350 - __main__ - INFO - Update submitted for Round 3. Waiting...
[32mclient_002_1  |[0m 2026-01-27 14:51:32,696 - __main__ - INFO - --- New Round Detected: 4 ---
[33mserver_1      |[0m INFO:werkzeug:172.18.0.19 - - [27/Jan/2026 14:51:32] "GET /download_model?round=4 HTTP/1.1" 200 -
[32mclient_002_1  |[0m 2026-01-27 14:51:34,300 - __main__ - INFO - Round 4 finished. Loss: 0.4854, Acc: 89.92%
[33mserver_1      |[0m INFO:__main__:Received update from client_002
[33mserver_1      |[0m INFO:werkzeug:172.18.0.19 - - [27/Jan/2026 14:51:34] "POST /submit_update HTTP/1.1" 200 -
[32mclient_002_1  |[0m 2026-01-27 14:51:34,433 - __main__ - INFO - 🚀 Model update submitted successfully.
[32mclient_002_1  |[0m 2026-01-27 14:51:34,434 - __main__ - INFO - Update submitted for Round 4. Waiting...
[35;1mclient_008_1  |[0m 2026-01-27 14:51:34,511 - __main__ - INFO - Round 4 finished. Loss: 0.2167, Acc: 97.29%
[33mserver_1      |[0m INFO:__main__:Received update from client_008
[33mserver_1      |[0m INFO:werkzeug:172.18.0.16 - - [27/Jan/2026 14:51:34] "POST /submit_update HTTP/1.1" 200 -
[35;1mclient_008_1  |[0m 2026-01-27 14:51:34,651 - __main__ - INFO - 🚀 Model update submitted successfully.
[35;1mclient_008_1  |[0m 2026-01-27 14:51:34,651 - __main__ - INFO - Update submitted for Round 4. Waiting...
[33;1mclient_006_1  |[0m 2026-01-27 14:51:35,465 - __main__ - INFO - --- New Round Detected: 4 ---
[33mserver_1      |[0m INFO:werkzeug:172.18.0.9 - - [27/Jan/2026 14:51:35] "GET /download_model?round=4 HTTP/1.1" 200 -
[33;1mclient_006_1  |[0m 2026-01-27 14:51:35,610 - __main__ - INFO - Round 4 finished. Loss: 0.9798, Acc: 85.71%
[33mserver_1      |[0m INFO:__main__:Received update from client_006
[33mserver_1      |[0m INFO:werkzeug:172.18.0.9 - - [27/Jan/2026 14:51:35] "POST /submit_update HTTP/1.1" 200 -
[33;1mclient_006_1  |[0m 2026-01-27 14:51:35,766 - __main__ - INFO - 🚀 Model update submitted successfully.
[33;1mclient_006_1  |[0m 2026-01-27 14:51:35,767 - __main__ - INFO - Update submitted for Round 4. Waiting...
[36;1mclient_005_1  |[0m 2026-01-27 14:51:37,399 - __main__ - INFO - --- New Round Detected: 4 ---
[33mserver_1      |[0m INFO:werkzeug:172.18.0.10 - - [27/Jan/2026 14:51:37] "GET /download_model?round=4 HTTP/1.1" 200 -
[33mclient_001_1  |[0m 2026-01-27 14:51:38,637 - __main__ - INFO - --- New Round Detected: 4 ---
[33mserver_1      |[0m INFO:werkzeug:172.18.0.21 - - [27/Jan/2026 14:51:38] "GET /download_model?round=4 HTTP/1.1" 200 -
[32;1mclient_007_1  |[0m 2026-01-27 14:51:38,871 - __main__ - INFO - --- New Round Detected: 4 ---
[33mserver_1      |[0m INFO:werkzeug:172.18.0.18 - - [27/Jan/2026 14:51:38] "GET /download_model?round=4 HTTP/1.1" 200 -
[33mclient_001_1  |[0m 2026-01-27 14:51:39,637 - __main__ - INFO - Round 4 finished. Loss: 0.2273, Acc: 97.73%
[32;1mclient_007_1  |[0m 2026-01-27 14:51:39,758 - __main__ - INFO - Round 4 finished. Loss: 0.9684, Acc: 61.36%
[33mserver_1      |[0m INFO:__main__:Received update from client_001
[33mserver_1      |[0m INFO:__main__:--- Aggregating 5 updates ---
[33mserver_1      |[0m INFO:__main__:⚡ Using Custom Aggregator with Drift Metric...
[33mserver_1      |[0m INFO:server.aggregator:Starting FedAvg aggregation for 5 clients.
[33mserver_1      |[0m INFO:werkzeug:172.18.0.18 - - [27/Jan/2026 14:51:39] "[31m[1mPOST /submit_update HTTP/1.1[0m" 400 -
[32;1mclient_007_1  |[0m 2026-01-27 14:51:39,824 - __main__ - ERROR - Update submission failed: {"error":"Not accepting updates"}
[32;1mclient_007_1  |[0m 
[32;1mclient_007_1  |[0m 2026-01-27 14:51:39,825 - __main__ - INFO - Update submitted for Round 4. Waiting...
[36;1mclient_005_1  |[0m 2026-01-27 14:51:40,320 - __main__ - INFO - Round 4 finished. Loss: 0.2964, Acc: 92.14%
[33mserver_1      |[0m INFO:werkzeug:172.18.0.10 - - [27/Jan/2026 14:51:40] "[31m[1mPOST /submit_update HTTP/1.1[0m" 400 -
[36;1mclient_005_1  |[0m 2026-01-27 14:51:40,383 - __main__ - ERROR - Update submission failed: {"error":"Not accepting updates"}
[36;1mclient_005_1  |[0m 
[36;1mclient_005_1  |[0m 2026-01-27 14:51:40,383 - __main__ - INFO - Update submitted for Round 4. Waiting...
[36mclient_010_1  |[0m 2026-01-27 14:51:41,198 - __main__ - INFO - --- New Round Detected: 4 ---
[34mclient_004_1  |[0m 2026-01-27 14:51:41,214 - __main__ - INFO - Round 3 finished. Loss: 0.9693, Acc: 69.44%
[33mserver_1      |[0m INFO:werkzeug:172.18.0.20 - - [27/Jan/2026 14:51:41] "GET /download_model?round=4 HTTP/1.1" 200 -
[33mserver_1      |[0m INFO:werkzeug:172.18.0.17 - - [27/Jan/2026 14:51:41] "[31m[1mPOST /submit_update HTTP/1.1[0m" 400 -
[34mclient_004_1  |[0m 2026-01-27 14:51:41,291 - __main__ - ERROR - Update submission failed: {"error":"Not accepting updates"}
[34mclient_004_1  |[0m 
[34mclient_004_1  |[0m 2026-01-27 14:51:41,291 - __main__ - INFO - Update submitted for Round 3. Waiting...
[34;1mclient_009_1  |[0m 2026-01-27 14:51:41,415 - __main__ - INFO - --- New Round Detected: 4 ---
[33mserver_1      |[0m INFO:werkzeug:172.18.0.11 - - [27/Jan/2026 14:51:41] "GET /download_model?round=4 HTTP/1.1" 200 -
[33mserver_1      |[0m INFO:server.aggregator:--- [METRIC] Weight Divergence: 1.7934
[33mserver_1      |[0m INFO:server.aggregator:FedAvg aggregation complete.
[33mserver_1      |[0m INFO:__main__:Aggregation complete.
[33mserver_1      |[0m ⏱️ [TIME] Client client_009 finished training in 5.37s
[33mserver_1      |[0m ⏱️ [TIME] Client client_002 finished training in 1.47s
[33mserver_1      |[0m ⏱️ [TIME] Client client_008 finished training in 3.07s
[33mserver_1      |[0m ⏱️ [TIME] Client client_006 finished training in 0.02s
[33mserver_1      |[0m ⏱️ [TIME] Client client_001 finished training in 0.87s
[33mserver_1      |[0m DEBUG: ⚠️ MY CUSTOM AGGREGATOR IS RUNNING ⚠️
[36mclient_010_1  |[0m 2026-01-27 14:51:42,497 - __main__ - INFO - Round 4 finished. Loss: 0.2182, Acc: 97.91%
[33mserver_1      |[0m INFO:werkzeug:172.18.0.20 - - [27/Jan/2026 14:51:42] "[31m[1mPOST /submit_update HTTP/1.1[0m" 400 -
[36mclient_010_1  |[0m 2026-01-27 14:51:42,563 - __main__ - ERROR - Update submission failed: {"error":"Not accepting updates"}
[36mclient_010_1  |[0m 
[36mclient_010_1  |[0m 2026-01-27 14:51:42,563 - __main__ - INFO - Update submitted for Round 4. Waiting...
[35mclient_003_1  |[0m 2026-01-27 14:51:42,598 - __main__ - INFO - Round 3 finished. Loss: 0.8296, Acc: 71.89%
[33mserver_1      |[0m INFO:werkzeug:172.18.0.22 - - [27/Jan/2026 14:51:42] "[31m[1mPOST /submit_update HTTP/1.1[0m" 400 -
[35mclient_003_1  |[0m 2026-01-27 14:51:42,674 - __main__ - ERROR - Update submission failed: {"error":"Not accepting updates"}
[35mclient_003_1  |[0m 
[35mclient_003_1  |[0m 2026-01-27 14:51:42,675 - __main__ - INFO - Update submitted for Round 3. Waiting...
[33mserver_1      |[0m INFO:__main__:--- Round 4 Acc: 22.83%, Loss: 2.5549 ---
[33mserver_1      |[0m INFO:__main__:--- Starting Round 5. Timeout: 300s ---
[33mserver_1      |[0m INFO:werkzeug:172.18.0.21 - - [27/Jan/2026 14:51:43] "POST /submit_update HTTP/1.1" 200 -
[33mclient_001_1  |[0m 2026-01-27 14:51:43,909 - __main__ - INFO - 🚀 Model update submitted successfully.
[33mclient_001_1  |[0m 2026-01-27 14:51:43,909 - __main__ - INFO - Update submitted for Round 4. Waiting...
[32mclient_002_1  |[0m 2026-01-27 14:51:44,495 - __main__ - INFO - --- New Round Detected: 5 ---
[33mserver_1      |[0m INFO:werkzeug:172.18.0.19 - - [27/Jan/2026 14:51:44] "GET /download_model?round=5 HTTP/1.1" 200 -
[35;1mclient_008_1  |[0m 2026-01-27 14:51:44,725 - __main__ - INFO - --- New Round Detected: 5 ---
[33mserver_1      |[0m INFO:werkzeug:172.18.0.16 - - [27/Jan/2026 14:51:44] "GET /download_model?round=5 HTTP/1.1" 200 -
[33;1mclient_006_1  |[0m 2026-01-27 14:51:45,830 - __main__ - INFO - --- New Round Detected: 5 ---
[33mserver_1      |[0m INFO:werkzeug:172.18.0.9 - - [27/Jan/2026 14:51:45] "GET /download_model?round=5 HTTP/1.1" 200 -
[33;1mclient_006_1  |[0m 2026-01-27 14:51:45,977 - __main__ - INFO - Round 5 finished. Loss: 0.9616, Acc: 64.29%
[33mserver_1      |[0m INFO:__main__:Received update from client_006
[33mserver_1      |[0m INFO:werkzeug:172.18.0.9 - - [27/Jan/2026 14:51:46] "POST /submit_update HTTP/1.1" 200 -
[33;1mclient_006_1  |[0m 2026-01-27 14:51:46,111 - __main__ - INFO - 🚀 Model update submitted successfully.
[33;1mclient_006_1  |[0m 2026-01-27 14:51:46,112 - __main__ - INFO - Update submitted for Round 5. Waiting...
[34;1mclient_009_1  |[0m 2026-01-27 14:51:46,865 - __main__ - INFO - Round 4 finished. Loss: 0.8974, Acc: 67.60%
[33mserver_1      |[0m INFO:__main__:Received update from client_009
[33mserver_1      |[0m INFO:werkzeug:172.18.0.11 - - [27/Jan/2026 14:51:46] "POST /submit_update HTTP/1.1" 200 -
[34;1mclient_009_1  |[0m 2026-01-27 14:51:47,022 - __main__ - INFO - 🚀 Model update submitted successfully.
[34;1mclient_009_1  |[0m 2026-01-27 14:51:47,022 - __main__ - INFO - Update submitted for Round 4. Waiting...
[32mclient_002_1  |[0m 2026-01-27 14:51:47,268 - __main__ - INFO - Round 5 finished. Loss: 0.4246, Acc: 92.00%
[33mserver_1      |[0m INFO:__main__:Received update from client_002
[33mserver_1      |[0m INFO:werkzeug:172.18.0.19 - - [27/Jan/2026 14:51:47] "POST /submit_update HTTP/1.1" 200 -
[32mclient_002_1  |[0m 2026-01-27 14:51:47,407 - __main__ - INFO - 🚀 Model update submitted successfully.
[32mclient_002_1  |[0m 2026-01-27 14:51:47,407 - __main__ - INFO - Update submitted for Round 5. Waiting...
[35;1mclient_008_1  |[0m 2026-01-27 14:51:47,962 - __main__ - INFO - Round 5 finished. Loss: 0.2078, Acc: 97.93%
[33mserver_1      |[0m INFO:__main__:Received update from client_008
[33mserver_1      |[0m INFO:werkzeug:172.18.0.16 - - [27/Jan/2026 14:51:48] "POST /submit_update HTTP/1.1" 200 -
[35;1mclient_008_1  |[0m 2026-01-27 14:51:48,098 - __main__ - INFO - 🚀 Model update submitted successfully.
[35;1mclient_008_1  |[0m 2026-01-27 14:51:48,099 - __main__ - INFO - Update submitted for Round 5. Waiting...
[33mserver_1      |[0m INFO:werkzeug:172.18.0.18 - - [27/Jan/2026 14:51:49] "GET /download_model?round=5 HTTP/1.1" 200 -
[32;1mclient_007_1  |[0m 2026-01-27 14:51:49,887 - __main__ - INFO - --- New Round Detected: 5 ---
[36;1mclient_005_1  |[0m 2026-01-27 14:51:50,453 - __main__ - INFO - --- New Round Detected: 5 ---
[33mserver_1      |[0m INFO:werkzeug:172.18.0.10 - - [27/Jan/2026 14:51:50] "GET /download_model?round=5 HTTP/1.1" 200 -
[32;1mclient_007_1  |[0m 2026-01-27 14:51:50,834 - __main__ - INFO - Round 5 finished. Loss: 1.2449, Acc: 57.88%
[33mserver_1      |[0m INFO:__main__:Received update from client_007
[33mserver_1      |[0m INFO:__main__:--- Aggregating 5 updates ---
[33mserver_1      |[0m INFO:__main__:⚡ Using Custom Aggregator with Drift Metric...
[33mserver_1      |[0m INFO:server.aggregator:Starting FedAvg aggregation for 5 clients.
[34mclient_004_1  |[0m 2026-01-27 14:51:51,359 - __main__ - INFO - --- New Round Detected: 5 ---
[33mserver_1      |[0m INFO:werkzeug:172.18.0.17 - - [27/Jan/2026 14:51:51] "GET /download_model?round=5 HTTP/1.1" 200 -
[36mclient_010_1  |[0m 2026-01-27 14:51:52,626 - __main__ - INFO - --- New Round Detected: 5 ---
[33mserver_1      |[0m INFO:werkzeug:172.18.0.20 - - [27/Jan/2026 14:51:52] "GET /download_model?round=5 HTTP/1.1" 200 -
[35mclient_003_1  |[0m 2026-01-27 14:51:52,740 - __main__ - INFO - --- New Round Detected: 5 ---
[33mserver_1      |[0m INFO:werkzeug:172.18.0.22 - - [27/Jan/2026 14:51:52] "GET /download_model?round=5 HTTP/1.1" 200 -
[36;1mclient_005_1  |[0m 2026-01-27 14:51:53,275 - __main__ - INFO - Round 5 finished. Loss: 0.6325, Acc: 92.48%
[33mserver_1      |[0m INFO:werkzeug:172.18.0.10 - - [27/Jan/2026 14:51:53] "[31m[1mPOST /submit_update HTTP/1.1[0m" 400 -
[36;1mclient_005_1  |[0m 2026-01-27 14:51:53,340 - __main__ - ERROR - Update submission failed: {"error":"Not accepting updates"}
[36;1mclient_005_1  |[0m 
[36;1mclient_005_1  |[0m 2026-01-27 14:51:53,340 - __main__ - INFO - Update submitted for Round 5. Waiting...
[33mclient_001_1  |[0m 2026-01-27 14:51:53,979 - __main__ - INFO - --- New Round Detected: 5 ---
[33mserver_1      |[0m INFO:werkzeug:172.18.0.21 - - [27/Jan/2026 14:51:54] "GET /download_model?round=5 HTTP/1.1" 200 -
[36mclient_010_1  |[0m 2026-01-27 14:51:54,071 - __main__ - INFO - Round 5 finished. Loss: 0.2014, Acc: 97.91%
[33mserver_1      |[0m INFO:werkzeug:172.18.0.20 - - [27/Jan/2026 14:51:54] "[31m[1mPOST /submit_update HTTP/1.1[0m" 400 -
[36mclient_010_1  |[0m 2026-01-27 14:51:54,157 - __main__ - ERROR - Update submission failed: {"error":"Not accepting updates"}
[36mclient_010_1  |[0m 
[36mclient_010_1  |[0m 2026-01-27 14:51:54,157 - __main__ - INFO - Update submitted for Round 5. Waiting...
[33mserver_1      |[0m INFO:server.aggregator:--- [METRIC] Weight Divergence: 1.5306
[33mserver_1      |[0m INFO:server.aggregator:FedAvg aggregation complete.
[33mserver_1      |[0m INFO:__main__:Aggregation complete.
[33mserver_1      |[0m ⏱️ [TIME] Client client_006 finished training in 0.02s
[33mserver_1      |[0m ⏱️ [TIME] Client client_009 finished training in 5.27s
[33mserver_1      |[0m ⏱️ [TIME] Client client_002 finished training in 2.64s
[33mserver_1      |[0m ⏱️ [TIME] Client client_008 finished training in 3.09s
[33mserver_1      |[0m ⏱️ [TIME] Client client_007 finished training in 0.82s
[33mserver_1      |[0m DEBUG: ⚠️ MY CUSTOM AGGREGATOR IS RUNNING ⚠️
[33mclient_001_1  |[0m 2026-01-27 14:51:54,892 - __main__ - INFO - Round 5 finished. Loss: 0.1918, Acc: 97.41%
[33mserver_1      |[0m INFO:werkzeug:172.18.0.21 - - [27/Jan/2026 14:51:54] "[31m[1mPOST /submit_update HTTP/1.1[0m" 400 -
[33mclient_001_1  |[0m 2026-01-27 14:51:54,960 - __main__ - ERROR - Update submission failed: {"error":"Not accepting updates"}
[33mclient_001_1  |[0m 
[33mclient_001_1  |[0m 2026-01-27 14:51:54,961 - __main__ - INFO - Update submitted for Round 5. Waiting...
[33mserver_1      |[0m INFO:__main__:--- Round 5 Acc: 22.33%, Loss: 2.5037 ---
[33mserver_1      |[0m INFO:__main__:--- Starting Round 6. Timeout: 300s ---
[33mserver_1      |[0m INFO:werkzeug:172.18.0.18 - - [27/Jan/2026 14:51:55] "POST /submit_update HTTP/1.1" 200 -
[32;1mclient_007_1  |[0m 2026-01-27 14:51:55,327 - __main__ - INFO - 🚀 Model update submitted successfully.
[32;1mclient_007_1  |[0m 2026-01-27 14:51:55,327 - __main__ - INFO - Update submitted for Round 5. Waiting...
[33;1mclient_006_1  |[0m 2026-01-27 14:51:56,231 - __main__ - INFO - --- New Round Detected: 6 ---
[33mserver_1      |[0m INFO:werkzeug:172.18.0.9 - - [27/Jan/2026 14:51:56] "GET /download_model?round=6 HTTP/1.1" 200 -
[33;1mclient_006_1  |[0m 2026-01-27 14:51:56,399 - __main__ - INFO - Round 6 finished. Loss: 1.0045, Acc: 78.57%
[33mserver_1      |[0m INFO:__main__:Received update from client_006
[33mserver_1      |[0m INFO:werkzeug:172.18.0.9 - - [27/Jan/2026 14:51:56] "POST /submit_update HTTP/1.1" 200 -
[33;1mclient_006_1  |[0m 2026-01-27 14:51:56,533 - __main__ - INFO - 🚀 Model update submitted successfully.
[33;1mclient_006_1  |[0m 2026-01-27 14:51:56,533 - __main__ - INFO - Update submitted for Round 6. Waiting...
[34;1mclient_009_1  |[0m 2026-01-27 14:51:57,085 - __main__ - INFO - --- New Round Detected: 6 ---
[33mserver_1      |[0m INFO:werkzeug:172.18.0.11 - - [27/Jan/2026 14:51:57] "GET /download_model?round=6 HTTP/1.1" 200 -
[32mclient_002_1  |[0m 2026-01-27 14:51:57,471 - __main__ - INFO - --- New Round Detected: 6 ---
[33mserver_1      |[0m INFO:werkzeug:172.18.0.19 - - [27/Jan/2026 14:51:57] "GET /download_model?round=6 HTTP/1.1" 200 -
[35;1mclient_008_1  |[0m 2026-01-27 14:51:58,184 - __main__ - INFO - --- New Round Detected: 6 ---
[33mserver_1      |[0m INFO:werkzeug:172.18.0.16 - - [27/Jan/2026 14:51:58] "GET /download_model?round=6 HTTP/1.1" 200 -
[32mclient_002_1  |[0m 2026-01-27 14:52:00,652 - __main__ - INFO - Round 6 finished. Loss: 0.4546, Acc: 91.40%
[33mserver_1      |[0m INFO:__main__:Received update from client_002
[33mserver_1      |[0m INFO:werkzeug:172.18.0.19 - - [27/Jan/2026 14:52:00] "POST /submit_update HTTP/1.1" 200 -
[32mclient_002_1  |[0m 2026-01-27 14:52:00,791 - __main__ - INFO - 🚀 Model update submitted successfully.
[32mclient_002_1  |[0m 2026-01-27 14:52:00,791 - __main__ - INFO - Update submitted for Round 6. Waiting...
[34mclient_004_1  |[0m 2026-01-27 14:52:01,403 - __main__ - INFO - Round 5 finished. Loss: 1.0324, Acc: 72.04%
[33mserver_1      |[0m INFO:__main__:Received update from client_004
[33mserver_1      |[0m INFO:werkzeug:172.18.0.17 - - [27/Jan/2026 14:52:01] "POST /submit_update HTTP/1.1" 200 -
[35;1mclient_008_1  |[0m 2026-01-27 14:52:01,563 - __main__ - INFO - Round 6 finished. Loss: 0.2067, Acc: 98.03%
[34mclient_004_1  |[0m 2026-01-27 14:52:01,569 - __main__ - INFO - 🚀 Model update submitted successfully.
[34mclient_004_1  |[0m 2026-01-27 14:52:01,569 - __main__ - INFO - Update submitted for Round 5. Waiting...
[33mserver_1      |[0m INFO:__main__:Received update from client_008
[33mserver_1      |[0m INFO:werkzeug:172.18.0.16 - - [27/Jan/2026 14:52:01] "POST /submit_update HTTP/1.1" 200 -
[35;1mclient_008_1  |[0m 2026-01-27 14:52:01,699 - __main__ - INFO - 🚀 Model update submitted successfully.
[35;1mclient_008_1  |[0m 2026-01-27 14:52:01,699 - __main__ - INFO - Update submitted for Round 6. Waiting...
[34;1mclient_009_1  |[0m 2026-01-27 14:52:02,876 - __main__ - INFO - Round 6 finished. Loss: 0.8466, Acc: 69.86%
[33mserver_1      |[0m INFO:__main__:Received update from client_009
[33mserver_1      |[0m INFO:__main__:--- Aggregating 5 updates ---
[33mserver_1      |[0m INFO:__main__:⚡ Using Custom Aggregator with Drift Metric...
[33mserver_1      |[0m INFO:server.aggregator:Starting FedAvg aggregation for 5 clients.
[36;1mclient_005_1  |[0m 2026-01-27 14:52:03,405 - __main__ - INFO - --- New Round Detected: 6 ---
[33mserver_1      |[0m INFO:werkzeug:172.18.0.10 - - [27/Jan/2026 14:52:03] "GET /download_model?round=6 HTTP/1.1" 200 -
[36mclient_010_1  |[0m 2026-01-27 14:52:04,224 - __main__ - INFO - --- New Round Detected: 6 ---
[33mserver_1      |[0m INFO:werkzeug:172.18.0.20 - - [27/Jan/2026 14:52:04] "GET /download_model?round=6 HTTP/1.1" 200 -
[33mclient_001_1  |[0m 2026-01-27 14:52:05,062 - __main__ - INFO - --- New Round Detected: 6 ---
[33mserver_1      |[0m INFO:werkzeug:172.18.0.21 - - [27/Jan/2026 14:52:05] "GET /download_model?round=6 HTTP/1.1" 200 -
[36mclient_010_1  |[0m 2026-01-27 14:52:05,203 - __main__ - INFO - Round 6 finished. Loss: 0.2190, Acc: 98.28%
[33mserver_1      |[0m INFO:werkzeug:172.18.0.20 - - [27/Jan/2026 14:52:05] "[31m[1mPOST /submit_update HTTP/1.1[0m" 400 -
[36mclient_010_1  |[0m 2026-01-27 14:52:05,270 - __main__ - ERROR - Update submission failed: {"error":"Not accepting updates"}
[36mclient_010_1  |[0m 
[36mclient_010_1  |[0m 2026-01-27 14:52:05,270 - __main__ - INFO - Update submitted for Round 6. Waiting...
[32;1mclient_007_1  |[0m 2026-01-27 14:52:05,395 - __main__ - INFO - --- New Round Detected: 6 ---
[33mserver_1      |[0m INFO:werkzeug:172.18.0.18 - - [27/Jan/2026 14:52:05] "GET /download_model?round=6 HTTP/1.1" 200 -
[33mserver_1      |[0m INFO:server.aggregator:--- [METRIC] Weight Divergence: 1.5779
[33mserver_1      |[0m INFO:server.aggregator:FedAvg aggregation complete.
[33mserver_1      |[0m INFO:__main__:Aggregation complete.
[33mserver_1      |[0m ⏱️ [TIME] Client client_006 finished training in 0.03s
[33mserver_1      |[0m ⏱️ [TIME] Client client_002 finished training in 3.05s
[33mserver_1      |[0m ⏱️ [TIME] Client client_004 finished training in 9.92s
[33mserver_1      |[0m ⏱️ [TIME] Client client_008 finished training in 3.23s
[33mserver_1      |[0m ⏱️ [TIME] Client client_009 finished training in 5.65s
[33mserver_1      |[0m DEBUG: ⚠️ MY CUSTOM AGGREGATOR IS RUNNING ⚠️
[36;1mclient_005_1  |[0m 2026-01-27 14:52:06,191 - __main__ - INFO - Round 6 finished. Loss: 0.6128, Acc: 92.14%
[33mclient_001_1  |[0m 2026-01-27 14:52:06,201 - __main__ - INFO - Round 6 finished. Loss: 0.2263, Acc: 97.73%
[33mserver_1      |[0m INFO:werkzeug:172.18.0.10 - - [27/Jan/2026 14:52:06] "[31m[1mPOST /submit_update HTTP/1.1[0m" 400 -
[33mserver_1      |[0m INFO:werkzeug:172.18.0.21 - - [27/Jan/2026 14:52:06] "[31m[1mPOST /submit_update HTTP/1.1[0m" 400 -
[36;1mclient_005_1  |[0m 2026-01-27 14:52:06,336 - __main__ - ERROR - Update submission failed: {"error":"Not accepting updates"}
[36;1mclient_005_1  |[0m 
[36;1mclient_005_1  |[0m 2026-01-27 14:52:06,336 - __main__ - INFO - Update submitted for Round 6. Waiting...
[33mclient_001_1  |[0m 2026-01-27 14:52:06,370 - __main__ - ERROR - Update submission failed: {"error":"Not accepting updates"}
[33mclient_001_1  |[0m 
[33mclient_001_1  |[0m 2026-01-27 14:52:06,370 - __main__ - INFO - Update submitted for Round 6. Waiting...
[32;1mclient_007_1  |[0m 2026-01-27 14:52:06,413 - __main__ - INFO - Round 6 finished. Loss: 1.2055, Acc: 59.71%
[33mserver_1      |[0m INFO:werkzeug:172.18.0.18 - - [27/Jan/2026 14:52:06] "[31m[1mPOST /submit_update HTTP/1.1[0m" 400 -
[32;1mclient_007_1  |[0m 2026-01-27 14:52:06,544 - __main__ - ERROR - Update submission failed: {"error":"Not accepting updates"}
[32;1mclient_007_1  |[0m 
[32;1mclient_007_1  |[0m 2026-01-27 14:52:06,545 - __main__ - INFO - Update submitted for Round 6. Waiting...
[33mserver_1      |[0m INFO:__main__:--- Round 6 Acc: 32.91%, Loss: 1.9648 ---
[33mserver_1      |[0m INFO:__main__:--- Starting Round 7. Timeout: 300s ---
[33mserver_1      |[0m INFO:werkzeug:172.18.0.11 - - [27/Jan/2026 14:52:07] "POST /submit_update HTTP/1.1" 200 -
[34;1mclient_009_1  |[0m 2026-01-27 14:52:07,788 - __main__ - INFO - 🚀 Model update submitted successfully.
[34;1mclient_009_1  |[0m 2026-01-27 14:52:07,789 - __main__ - INFO - Update submitted for Round 6. Waiting...
[32mclient_002_1  |[0m 2026-01-27 14:52:10,862 - __main__ - INFO - --- New Round Detected: 7 ---
[33mserver_1      |[0m INFO:werkzeug:172.18.0.19 - - [27/Jan/2026 14:52:10] "GET /download_model?round=7 HTTP/1.1" 200 -
[34mclient_004_1  |[0m 2026-01-27 14:52:11,646 - __main__ - INFO - --- New Round Detected: 7 ---
[33mserver_1      |[0m INFO:werkzeug:172.18.0.17 - - [27/Jan/2026 14:52:11] "GET /download_model?round=7 HTTP/1.1" 200 -
[35;1mclient_008_1  |[0m 2026-01-27 14:52:11,762 - __main__ - INFO - --- New Round Detected: 7 ---
[33mserver_1      |[0m INFO:werkzeug:172.18.0.16 - - [27/Jan/2026 14:52:11] "GET /download_model?round=7 HTTP/1.1" 200 -
[32mclient_002_1  |[0m 2026-01-27 14:52:13,486 - __main__ - INFO - Round 7 finished. Loss: 0.4293, Acc: 90.91%
[33mserver_1      |[0m INFO:__main__:Received update from client_002
[33mserver_1      |[0m INFO:werkzeug:172.18.0.19 - - [27/Jan/2026 14:52:13] "POST /submit_update HTTP/1.1" 200 -
[32mclient_002_1  |[0m 2026-01-27 14:52:13,643 - __main__ - INFO - 🚀 Model update submitted successfully.
[32mclient_002_1  |[0m 2026-01-27 14:52:13,643 - __main__ - INFO - Update submitted for Round 7. Waiting...
[35mclient_003_1  |[0m 2026-01-27 14:52:14,016 - __main__ - INFO - Round 5 finished. Loss: 0.9845, Acc: 71.56%
[33mserver_1      |[0m INFO:__main__:Received update from client_003
[33mserver_1      |[0m INFO:werkzeug:172.18.0.22 - - [27/Jan/2026 14:52:14] "POST /submit_update HTTP/1.1" 200 -
[35mclient_003_1  |[0m 2026-01-27 14:52:14,151 - __main__ - INFO - 🚀 Model update submitted successfully.
[35mclient_003_1  |[0m 2026-01-27 14:52:14,151 - __main__ - INFO - Update submitted for Round 5. Waiting...
[35;1mclient_008_1  |[0m 2026-01-27 14:52:14,563 - __main__ - INFO - Round 7 finished. Loss: 0.2349, Acc: 97.93%
[33mserver_1      |[0m INFO:__main__:Received update from client_008
[33mserver_1      |[0m INFO:werkzeug:172.18.0.16 - - [27/Jan/2026 14:52:14] "POST /submit_update HTTP/1.1" 200 -
[35;1mclient_008_1  |[0m 2026-01-27 14:52:14,709 - __main__ - INFO - 🚀 Model update submitted successfully.
[35;1mclient_008_1  |[0m 2026-01-27 14:52:14,709 - __main__ - INFO - Update submitted for Round 7. Waiting...
[36mclient_010_1  |[0m 2026-01-27 14:52:15,414 - __main__ - INFO - --- New Round Detected: 7 ---
[33mserver_1      |[0m INFO:werkzeug:172.18.0.20 - - [27/Jan/2026 14:52:15] "GET /download_model?round=7 HTTP/1.1" 200 -
[36;1mclient_005_1  |[0m 2026-01-27 14:52:16,399 - __main__ - INFO - --- New Round Detected: 7 ---
[33mserver_1      |[0m INFO:werkzeug:172.18.0.10 - - [27/Jan/2026 14:52:16] "GET /download_model?round=7 HTTP/1.1" 200 -
[33mclient_001_1  |[0m 2026-01-27 14:52:16,432 - __main__ - INFO - --- New Round Detected: 7 ---
[33mserver_1      |[0m INFO:werkzeug:172.18.0.21 - - [27/Jan/2026 14:52:16] "GET /download_model?round=7 HTTP/1.1" 200 -
[36mclient_010_1  |[0m 2026-01-27 14:52:16,481 - __main__ - INFO - Round 7 finished. Loss: 0.2440, Acc: 97.91%
[33mserver_1      |[0m INFO:__main__:Received update from client_010
[33mserver_1      |[0m INFO:werkzeug:172.18.0.20 - - [27/Jan/2026 14:52:16] "POST /submit_update HTTP/1.1" 200 -
[32;1mclient_007_1  |[0m 2026-01-27 14:52:16,606 - __main__ - INFO - --- New Round Detected: 7 ---
[33mserver_1      |[0m INFO:werkzeug:172.18.0.18 - - [27/Jan/2026 14:52:16] "GET /download_model?round=7 HTTP/1.1" 200 -
[36mclient_010_1  |[0m 2026-01-27 14:52:16,637 - __main__ - INFO - 🚀 Model update submitted successfully.
[36mclient_010_1  |[0m 2026-01-27 14:52:16,638 - __main__ - INFO - Update submitted for Round 7. Waiting...
[33;1mclient_006_1  |[0m 2026-01-27 14:52:16,726 - __main__ - INFO - --- New Round Detected: 7 ---
[33mserver_1      |[0m INFO:werkzeug:172.18.0.9 - - [27/Jan/2026 14:52:16] "GET /download_model?round=7 HTTP/1.1" 200 -
[33;1mclient_006_1  |[0m 2026-01-27 14:52:16,969 - __main__ - INFO - Round 7 finished. Loss: 0.7543, Acc: 85.71%
[33mserver_1      |[0m INFO:__main__:Received update from client_006
[33mserver_1      |[0m INFO:__main__:--- Aggregating 5 updates ---
[33mserver_1      |[0m INFO:__main__:⚡ Using Custom Aggregator with Drift Metric...
[33mserver_1      |[0m INFO:server.aggregator:Starting FedAvg aggregation for 5 clients.
[33mclient_001_1  |[0m 2026-01-27 14:52:17,421 - __main__ - INFO - Round 7 finished. Loss: 0.2356, Acc: 98.06%
[33mserver_1      |[0m INFO:werkzeug:172.18.0.21 - - [27/Jan/2026 14:52:17] "[31m[1mPOST /submit_update HTTP/1.1[0m" 400 -
[33mclient_001_1  |[0m 2026-01-27 14:52:17,510 - __main__ - ERROR - Update submission failed: {"error":"Not accepting updates"}
[33mclient_001_1  |[0m 
[33mclient_001_1  |[0m 2026-01-27 14:52:17,510 - __main__ - INFO - Update submitted for Round 7. Waiting...
[32;1mclient_007_1  |[0m 2026-01-27 14:52:17,606 - __main__ - INFO - Round 7 finished. Loss: 1.0372, Acc: 62.27%
[33mserver_1      |[0m INFO:werkzeug:172.18.0.18 - - [27/Jan/2026 14:52:17] "[31m[1mPOST /submit_update HTTP/1.1[0m" 400 -
[32;1mclient_007_1  |[0m 2026-01-27 14:52:17,675 - __main__ - ERROR - Update submission failed: {"error":"Not accepting updates"}
[32;1mclient_007_1  |[0m 
[32;1mclient_007_1  |[0m 2026-01-27 14:52:17,675 - __main__ - INFO - Update submitted for Round 7. Waiting...
[34;1mclient_009_1  |[0m 2026-01-27 14:52:17,881 - __main__ - INFO - --- New Round Detected: 7 ---
[33mserver_1      |[0m INFO:werkzeug:172.18.0.11 - - [27/Jan/2026 14:52:18] "GET /download_model?round=7 HTTP/1.1" 200 -
[33mserver_1      |[0m INFO:server.aggregator:--- [METRIC] Weight Divergence: 2.9293
[33mserver_1      |[0m INFO:server.aggregator:FedAvg aggregation complete.
[33mserver_1      |[0m INFO:__main__:Aggregation complete.
[33mserver_1      |[0m ⏱️ [TIME] Client client_002 finished training in 2.49s
[33mserver_1      |[0m ⏱️ [TIME] Client client_003 finished training in 21.14s
[33mserver_1      |[0m ⏱️ [TIME] Client client_008 finished training in 2.67s
[33mserver_1      |[0m ⏱️ [TIME] Client client_010 finished training in 0.92s
[33mserver_1      |[0m ⏱️ [TIME] Client client_006 finished training in 0.02s
[33mserver_1      |[0m DEBUG: ⚠️ MY CUSTOM AGGREGATOR IS RUNNING ⚠️
[36;1mclient_005_1  |[0m 2026-01-27 14:52:21,244 - __main__ - INFO - Round 7 finished. Loss: 0.4592, Acc: 92.85%
[33mserver_1      |[0m INFO:werkzeug:172.18.0.10 - - [27/Jan/2026 14:52:21] "[31m[1mPOST /submit_update HTTP/1.1[0m" 400 -
[36;1mclient_005_1  |[0m 2026-01-27 14:52:21,311 - __main__ - ERROR - Update submission failed: {"error":"Not accepting updates"}
[36;1mclient_005_1  |[0m 
[36;1mclient_005_1  |[0m 2026-01-27 14:52:21,311 - __main__ - INFO - Update submitted for Round 7. Waiting...
[34mclient_004_1  |[0m 2026-01-27 14:52:21,421 - __main__ - INFO - Round 7 finished. Loss: 0.7808, Acc: 75.35%
[33mserver_1      |[0m INFO:werkzeug:172.18.0.17 - - [27/Jan/2026 14:52:21] "[31m[1mPOST /submit_update HTTP/1.1[0m" 400 -
[34mclient_004_1  |[0m 2026-01-27 14:52:21,491 - __main__ - ERROR - Update submission failed: {"error":"Not accepting updates"}
[34mclient_004_1  |[0m 
[34mclient_004_1  |[0m 2026-01-27 14:52:21,491 - __main__ - INFO - Update submitted for Round 7. Waiting...
[33mserver_1      |[0m INFO:__main__:--- Round 7 Acc: 34.50%, Loss: 2.1056 ---
[33mserver_1      |[0m INFO:__main__:--- Starting Round 8. Timeout: 300s ---
[33mserver_1      |[0m INFO:werkzeug:172.18.0.9 - - [27/Jan/2026 14:52:21] "POST /submit_update HTTP/1.1" 200 -
[33;1mclient_006_1  |[0m 2026-01-27 14:52:21,583 - __main__ - INFO - 🚀 Model update submitted successfully.
[33;1mclient_006_1  |[0m 2026-01-27 14:52:21,583 - __main__ - INFO - Update submitted for Round 7. Waiting...
[34;1mclient_009_1  |[0m 2026-01-27 14:52:23,411 - __main__ - INFO - Round 7 finished. Loss: 0.8294, Acc: 69.92%
[33mserver_1      |[0m INFO:__main__:Received update from client_009
[33mserver_1      |[0m INFO:werkzeug:172.18.0.11 - - [27/Jan/2026 14:52:23] "POST /submit_update HTTP/1.1" 200 -
[34;1mclient_009_1  |[0m 2026-01-27 14:52:23,545 - __main__ - INFO - 🚀 Model update submitted successfully.
[34;1mclient_009_1  |[0m 2026-01-27 14:52:23,546 - __main__ - INFO - Update submitted for Round 7. Waiting...
[32mclient_002_1  |[0m 2026-01-27 14:52:23,706 - __main__ - INFO - --- New Round Detected: 8 ---
[33mserver_1      |[0m INFO:werkzeug:172.18.0.19 - - [27/Jan/2026 14:52:23] "GET /download_model?round=8 HTTP/1.1" 200 -
[35mclient_003_1  |[0m 2026-01-27 14:52:24,213 - __main__ - INFO - --- New Round Detected: 8 ---
[33mserver_1      |[0m INFO:werkzeug:172.18.0.22 - - [27/Jan/2026 14:52:24] "GET /download_model?round=8 HTTP/1.1" 200 -
[35;1mclient_008_1  |[0m 2026-01-27 14:52:24,771 - __main__ - INFO - --- New Round Detected: 8 ---
[33mserver_1      |[0m INFO:werkzeug:172.18.0.16 - - [27/Jan/2026 14:52:24] "GET /download_model?round=8 HTTP/1.1" 200 -
[32mclient_002_1  |[0m 2026-01-27 14:52:26,451 - __main__ - INFO - Round 8 finished. Loss: 0.5376, Acc: 89.92%
[33mserver_1      |[0m INFO:__main__:Received update from client_002
[33mserver_1      |[0m INFO:werkzeug:172.18.0.19 - - [27/Jan/2026 14:52:26] "POST /submit_update HTTP/1.1" 200 -
[32mclient_002_1  |[0m 2026-01-27 14:52:26,605 - __main__ - INFO - 🚀 Model update submitted successfully.
[32mclient_002_1  |[0m 2026-01-27 14:52:26,605 - __main__ - INFO - Update submitted for Round 8. Waiting...
[36mclient_010_1  |[0m 2026-01-27 14:52:26,784 - __main__ - INFO - --- New Round Detected: 8 ---
[33mserver_1      |[0m INFO:werkzeug:172.18.0.20 - - [27/Jan/2026 14:52:26] "GET /download_model?round=8 HTTP/1.1" 200 -
[33mclient_001_1  |[0m 2026-01-27 14:52:27,585 - __main__ - INFO - --- New Round Detected: 8 ---
[33mserver_1      |[0m INFO:werkzeug:172.18.0.21 - - [27/Jan/2026 14:52:27] "GET /download_model?round=8 HTTP/1.1" 200 -
[32;1mclient_007_1  |[0m 2026-01-27 14:52:27,740 - __main__ - INFO - --- New Round Detected: 8 ---
[33mserver_1      |[0m INFO:werkzeug:172.18.0.18 - - [27/Jan/2026 14:52:27] "GET /download_model?round=8 HTTP/1.1" 200 -
[35;1mclient_008_1  |[0m 2026-01-27 14:52:27,890 - __main__ - INFO - Round 8 finished. Loss: 0.1756, Acc: 98.18%
[33mserver_1      |[0m INFO:__main__:Received update from client_008
[33mserver_1      |[0m INFO:werkzeug:172.18.0.16 - - [27/Jan/2026 14:52:27] "POST /submit_update HTTP/1.1" 200 -
[36mclient_010_1  |[0m 2026-01-27 14:52:28,020 - __main__ - INFO - Round 8 finished. Loss: 0.3056, Acc: 97.66%
[35;1mclient_008_1  |[0m 2026-01-27 14:52:28,025 - __main__ - INFO - 🚀 Model update submitted successfully.
[35;1mclient_008_1  |[0m 2026-01-27 14:52:28,026 - __main__ - INFO - Update submitted for Round 8. Waiting...
[33mserver_1      |[0m INFO:__main__:Received update from client_010
[33mserver_1      |[0m INFO:werkzeug:172.18.0.20 - - [27/Jan/2026 14:52:28] "POST /submit_update HTTP/1.1" 200 -
[36mclient_010_1  |[0m 2026-01-27 14:52:28,175 - __main__ - INFO - 🚀 Model update submitted successfully.
[36mclient_010_1  |[0m 2026-01-27 14:52:28,176 - __main__ - INFO - Update submitted for Round 8. Waiting...
[33mclient_001_1  |[0m 2026-01-27 14:52:28,564 - __main__ - INFO - Round 8 finished. Loss: 0.2643, Acc: 98.71%
[33mserver_1      |[0m INFO:__main__:Received update from client_001
[33mserver_1      |[0m INFO:__main__:--- Aggregating 5 updates ---
[33mserver_1      |[0m INFO:__main__:⚡ Using Custom Aggregator with Drift Metric...
[33mserver_1      |[0m INFO:server.aggregator:Starting FedAvg aggregation for 5 clients.
[32;1mclient_007_1  |[0m 2026-01-27 14:52:28,743 - __main__ - INFO - Round 8 finished. Loss: 1.0689, Acc: 65.38%
[33mserver_1      |[0m INFO:werkzeug:172.18.0.18 - - [27/Jan/2026 14:52:28] "[31m[1mPOST /submit_update HTTP/1.1[0m" 400 -
[32;1mclient_007_1  |[0m 2026-01-27 14:52:28,970 - __main__ - ERROR - Update submission failed: {"error":"Not accepting updates"}
[32;1mclient_007_1  |[0m 
[32;1mclient_007_1  |[0m 2026-01-27 14:52:28,970 - __main__ - INFO - Update submitted for Round 8. Waiting...
[33mserver_1      |[0m INFO:server.aggregator:--- [METRIC] Weight Divergence: 1.9085
[33mserver_1      |[0m INFO:server.aggregator:FedAvg aggregation complete.
[33mserver_1      |[0m INFO:__main__:Aggregation complete.
[33mserver_1      |[0m ⏱️ [TIME] Client client_009 finished training in 5.28s
[33mserver_1      |[0m ⏱️ [TIME] Client client_002 finished training in 2.62s
[33mserver_1      |[0m ⏱️ [TIME] Client client_008 finished training in 2.99s
[33mserver_1      |[0m ⏱️ [TIME] Client client_010 finished training in 1.10s
[33mserver_1      |[0m ⏱️ [TIME] Client client_001 finished training in 0.83s
[33mserver_1      |[0m DEBUG: ⚠️ MY CUSTOM AGGREGATOR IS RUNNING ⚠️
[36;1mclient_005_1  |[0m 2026-01-27 14:52:31,373 - __main__ - INFO - --- New Round Detected: 8 ---
[33mserver_1      |[0m INFO:werkzeug:172.18.0.10 - - [27/Jan/2026 14:52:31] "GET /download_model?round=8 HTTP/1.1" 200 -
[34mclient_004_1  |[0m 2026-01-27 14:52:31,583 - __main__ - INFO - --- New Round Detected: 8 ---
[33mserver_1      |[0m INFO:werkzeug:172.18.0.17 - - [27/Jan/2026 14:52:31] "GET /download_model?round=8 HTTP/1.1" 200 -
[33;1mclient_006_1  |[0m 2026-01-27 14:52:31,649 - __main__ - INFO - --- New Round Detected: 8 ---
[33mserver_1      |[0m INFO:werkzeug:172.18.0.9 - - [27/Jan/2026 14:52:31] "GET /download_model?round=8 HTTP/1.1" 200 -
[33;1mclient_006_1  |[0m 2026-01-27 14:52:31,858 - __main__ - INFO - Round 8 finished. Loss: 0.6380, Acc: 92.86%
[33mserver_1      |[0m INFO:werkzeug:172.18.0.9 - - [27/Jan/2026 14:52:31] "[31m[1mPOST /submit_update HTTP/1.1[0m" 400 -
[33;1mclient_006_1  |[0m 2026-01-27 14:52:31,921 - __main__ - ERROR - Update submission failed: {"error":"Not accepting updates"}
[33;1mclient_006_1  |[0m 
[33;1mclient_006_1  |[0m 2026-01-27 14:52:31,921 - __main__ - INFO - Update submitted for Round 8. Waiting...
[33mserver_1      |[0m INFO:__main__:--- Round 8 Acc: 24.72%, Loss: 2.3546 ---
[33mserver_1      |[0m INFO:__main__:--- Starting Round 9. Timeout: 300s ---
[33mserver_1      |[0m INFO:werkzeug:172.18.0.21 - - [27/Jan/2026 14:52:32] "POST /submit_update HTTP/1.1" 200 -
[33mclient_001_1  |[0m 2026-01-27 14:52:32,390 - __main__ - INFO - 🚀 Model update submitted successfully.
[33mclient_001_1  |[0m 2026-01-27 14:52:32,391 - __main__ - INFO - Update submitted for Round 8. Waiting...
[34;1mclient_009_1  |[0m 2026-01-27 14:52:33,609 - __main__ - INFO - --- New Round Detected: 9 ---
[33mserver_1      |[0m INFO:werkzeug:172.18.0.11 - - [27/Jan/2026 14:52:33] "GET /download_model?round=9 HTTP/1.1" 200 -
[36;1mclient_005_1  |[0m 2026-01-27 14:52:36,034 - __main__ - INFO - Round 8 finished. Loss: 0.5387, Acc: 93.29%
[33mserver_1      |[0m INFO:__main__:Received update from client_005
[33mserver_1      |[0m INFO:werkzeug:172.18.0.10 - - [27/Jan/2026 14:52:36] "POST /submit_update HTTP/1.1" 200 -
[36;1mclient_005_1  |[0m 2026-01-27 14:52:36,170 - __main__ - INFO - 🚀 Model update submitted successfully.
[36;1mclient_005_1  |[0m 2026-01-27 14:52:36,170 - __main__ - INFO - Update submitted for Round 8. Waiting...
[32mclient_002_1  |[0m 2026-01-27 14:52:36,668 - __main__ - INFO - --- New Round Detected: 9 ---
[33mserver_1      |[0m INFO:werkzeug:172.18.0.19 - - [27/Jan/2026 14:52:36] "GET /download_model?round=9 HTTP/1.1" 200 -
[35;1mclient_008_1  |[0m 2026-01-27 14:52:38,101 - __main__ - INFO - --- New Round Detected: 9 ---
[33mserver_1      |[0m INFO:werkzeug:172.18.0.16 - - [27/Jan/2026 14:52:38] "GET /download_model?round=9 HTTP/1.1" 200 -
[36mclient_010_1  |[0m 2026-01-27 14:52:38,237 - __main__ - INFO - --- New Round Detected: 9 ---
[33mserver_1      |[0m INFO:werkzeug:172.18.0.20 - - [27/Jan/2026 14:52:38] "GET /download_model?round=9 HTTP/1.1" 200 -
[32;1mclient_007_1  |[0m 2026-01-27 14:52:39,032 - __main__ - INFO - --- New Round Detected: 9 ---
[33mserver_1      |[0m INFO:werkzeug:172.18.0.18 - - [27/Jan/2026 14:52:39] "GET /download_model?round=9 HTTP/1.1" 200 -
[36mclient_010_1  |[0m 2026-01-27 14:52:39,325 - __main__ - INFO - Round 9 finished. Loss: 0.1972, Acc: 98.28%
[33mserver_1      |[0m INFO:__main__:Received update from client_010
[33mserver_1      |[0m INFO:werkzeug:172.18.0.20 - - [27/Jan/2026 14:52:39] "POST /submit_update HTTP/1.1" 200 -
[36mclient_010_1  |[0m 2026-01-27 14:52:39,481 - __main__ - INFO - 🚀 Model update submitted successfully.
[36mclient_010_1  |[0m 2026-01-27 14:52:39,481 - __main__ - INFO - Update submitted for Round 9. Waiting...
[32mclient_002_1  |[0m 2026-01-27 14:52:39,617 - __main__ - INFO - Round 9 finished. Loss: 0.4021, Acc: 91.90%
[34;1mclient_009_1  |[0m 2026-01-27 14:52:39,626 - __main__ - INFO - Round 9 finished. Loss: 0.8024, Acc: 71.48%
[33mserver_1      |[0m INFO:__main__:Received update from client_002
[33mserver_1      |[0m INFO:werkzeug:172.18.0.19 - - [27/Jan/2026 14:52:39] "POST /submit_update HTTP/1.1" 200 -
[33mserver_1      |[0m INFO:__main__:Received update from client_009
[33mserver_1      |[0m INFO:werkzeug:172.18.0.11 - - [27/Jan/2026 14:52:39] "POST /submit_update HTTP/1.1" 200 -
[32mclient_002_1  |[0m 2026-01-27 14:52:39,752 - __main__ - INFO - 🚀 Model update submitted successfully.
[32mclient_002_1  |[0m 2026-01-27 14:52:39,752 - __main__ - INFO - Update submitted for Round 9. Waiting...
[34;1mclient_009_1  |[0m 2026-01-27 14:52:39,760 - __main__ - INFO - 🚀 Model update submitted successfully.
[34;1mclient_009_1  |[0m 2026-01-27 14:52:39,760 - __main__ - INFO - Update submitted for Round 9. Waiting...
[32;1mclient_007_1  |[0m 2026-01-27 14:52:40,020 - __main__ - INFO - Round 9 finished. Loss: 1.1885, Acc: 60.99%
[35;1mclient_008_1  |[0m 2026-01-27 14:52:40,020 - __main__ - INFO - Round 9 finished. Loss: 0.1845, Acc: 98.13%
[33mserver_1      |[0m INFO:__main__:Received update from client_008
[33mserver_1      |[0m INFO:__main__:--- Aggregating 5 updates ---
[33mserver_1      |[0m INFO:__main__:⚡ Using Custom Aggregator with Drift Metric...
[33mserver_1      |[0m INFO:server.aggregator:Starting FedAvg aggregation for 5 clients.
[34mclient_004_1  |[0m 2026-01-27 14:52:41,893 - __main__ - INFO - Round 8 finished. Loss: 0.9297, Acc: 73.27%
[33mserver_1      |[0m INFO:werkzeug:172.18.0.17 - - [27/Jan/2026 14:52:41] "[31m[1mPOST /submit_update HTTP/1.1[0m" 400 -
[34mclient_004_1  |[0m 2026-01-27 14:52:41,961 - __main__ - ERROR - Update submission failed: {"error":"Not accepting updates"}
[34mclient_004_1  |[0m 
[34mclient_004_1  |[0m 2026-01-27 14:52:41,963 - __main__ - INFO - Update submitted for Round 8. Waiting...
[33;1mclient_006_1  |[0m 2026-01-27 14:52:41,987 - __main__ - INFO - --- New Round Detected: 9 ---
[33mserver_1      |[0m INFO:werkzeug:172.18.0.9 - - [27/Jan/2026 14:52:42] "GET /download_model?round=9 HTTP/1.1" 200 -
[33;1mclient_006_1  |[0m 2026-01-27 14:52:42,154 - __main__ - INFO - Round 9 finished. Loss: 0.6063, Acc: 92.86%
[33mserver_1      |[0m INFO:werkzeug:172.18.0.9 - - [27/Jan/2026 14:52:42] "[31m[1mPOST /submit_update HTTP/1.1[0m" 400 -
[33;1mclient_006_1  |[0m 2026-01-27 14:52:42,218 - __main__ - ERROR - Update submission failed: {"error":"Not accepting updates"}
[33;1mclient_006_1  |[0m 
[33;1mclient_006_1  |[0m 2026-01-27 14:52:42,218 - __main__ - INFO - Update submitted for Round 9. Waiting...
[33mclient_001_1  |[0m 2026-01-27 14:52:42,452 - __main__ - INFO - --- New Round Detected: 9 ---
[33mserver_1      |[0m INFO:server.aggregator:--- [METRIC] Weight Divergence: 1.3545
[33mserver_1      |[0m INFO:server.aggregator:FedAvg aggregation complete.
[33mserver_1      |[0m INFO:__main__:Aggregation complete.
[33mserver_1      |[0m INFO:werkzeug:172.18.0.21 - - [27/Jan/2026 14:52:42] "GET /download_model?round=9 HTTP/1.1" 200 -
[33mserver_1      |[0m ⏱️ [TIME] Client client_005 finished training in 4.52s
[33mserver_1      |[0m ⏱️ [TIME] Client client_010 finished training in 0.95s
[33mserver_1      |[0m ⏱️ [TIME] Client client_002 finished training in 2.82s
[33mserver_1      |[0m ⏱️ [TIME] Client client_009 finished training in 5.88s
[33mserver_1      |[0m ⏱️ [TIME] Client client_008 finished training in 1.76s
[33mserver_1      |[0m DEBUG: ⚠️ MY CUSTOM AGGREGATOR IS RUNNING ⚠️
[33mserver_1      |[0m ⏱️ [TIME] Client client_007 finished training in 0.85s
[33mclient_001_1  |[0m 2026-01-27 14:52:43,647 - __main__ - INFO - Round 9 finished. Loss: 0.1984, Acc: 98.71%
[33mserver_1      |[0m INFO:__main__:--- Round 9 Acc: 35.36%, Loss: 1.8379 ---
[33mserver_1      |[0m INFO:__main__:--- Starting Round 10. Timeout: 300s ---
[33mserver_1      |[0m INFO:werkzeug:172.18.0.16 - - [27/Jan/2026 14:52:43] "POST /submit_update HTTP/1.1" 200 -
[33mserver_1      |[0m INFO:__main__:Received update from client_007
[33mserver_1      |[0m INFO:werkzeug:172.18.0.18 - - [27/Jan/2026 14:52:43] "POST /submit_update HTTP/1.1" 200 -
[32;1mclient_007_1  |[0m 2026-01-27 14:52:43,682 - __main__ - INFO - 🚀 Model update submitted successfully.
[35;1mclient_008_1  |[0m 2026-01-27 14:52:43,683 - __main__ - INFO - 🚀 Model update submitted successfully.
[35;1mclient_008_1  |[0m 2026-01-27 14:52:43,683 - __main__ - INFO - Update submitted for Round 9. Waiting...
[32;1mclient_007_1  |[0m 2026-01-27 14:52:43,683 - __main__ - INFO - Update submitted for Round 9. Waiting...
[33mserver_1      |[0m INFO:__main__:Received update from client_001
[33mserver_1      |[0m INFO:werkzeug:172.18.0.21 - - [27/Jan/2026 14:52:43] "POST /submit_update HTTP/1.1" 200 -
[33mclient_001_1  |[0m 2026-01-27 14:52:43,794 - __main__ - INFO - 🚀 Model update submitted successfully.
[33mclient_001_1  |[0m 2026-01-27 14:52:43,794 - __main__ - INFO - Update submitted for Round 9. Waiting...
[35mclient_003_1  |[0m 2026-01-27 14:52:45,029 - __main__ - INFO - Round 8 finished. Loss: 0.7937, Acc: 74.42%
[33mserver_1      |[0m INFO:__main__:Received update from client_003
[33mserver_1      |[0m INFO:werkzeug:172.18.0.22 - - [27/Jan/2026 14:52:45] "POST /submit_update HTTP/1.1" 200 -
[35mclient_003_1  |[0m 2026-01-27 14:52:45,183 - __main__ - INFO - 🚀 Model update submitted successfully.
[35mclient_003_1  |[0m 2026-01-27 14:52:45,184 - __main__ - INFO - Update submitted for Round 8. Waiting...
[36;1mclient_005_1  |[0m 2026-01-27 14:52:46,295 - __main__ - INFO - --- New Round Detected: 10 ---
[33mserver_1      |[0m INFO:werkzeug:172.18.0.10 - - [27/Jan/2026 14:52:46] "GET /download_model?round=10 HTTP/1.1" 200 -
[36mclient_010_1  |[0m 2026-01-27 14:52:49,551 - __main__ - INFO - --- New Round Detected: 10 ---
[33mserver_1      |[0m INFO:werkzeug:172.18.0.20 - - [27/Jan/2026 14:52:49] "GET /download_model?round=10 HTTP/1.1" 200 -
[32mclient_002_1  |[0m 2026-01-27 14:52:49,822 - __main__ - INFO - --- New Round Detected: 10 ---
[34;1mclient_009_1  |[0m 2026-01-27 14:52:49,822 - __main__ - INFO - --- New Round Detected: 10 ---
[33mserver_1      |[0m INFO:werkzeug:172.18.0.19 - - [27/Jan/2026 14:52:49] "GET /download_model?round=10 HTTP/1.1" 200 -
[33mserver_1      |[0m INFO:werkzeug:172.18.0.11 - - [27/Jan/2026 14:52:49] "GET /download_model?round=10 HTTP/1.1" 200 -
[36mclient_010_1  |[0m 2026-01-27 14:52:50,874 - __main__ - INFO - Round 10 finished. Loss: 0.2207, Acc: 98.28%
[33mserver_1      |[0m INFO:__main__:Received update from client_010
[33mserver_1      |[0m INFO:werkzeug:172.18.0.20 - - [27/Jan/2026 14:52:50] "POST /submit_update HTTP/1.1" 200 -
[36mclient_010_1  |[0m 2026-01-27 14:52:51,012 - __main__ - INFO - 🚀 Model update submitted successfully.
[36mclient_010_1  |[0m 2026-01-27 14:52:51,012 - __main__ - INFO - Update submitted for Round 10. Waiting...
[36;1mclient_005_1  |[0m 2026-01-27 14:52:51,194 - __main__ - INFO - Round 10 finished. Loss: 0.3835, Acc: 93.41%
[33mserver_1      |[0m INFO:__main__:Received update from client_005
[33mserver_1      |[0m INFO:__main__:--- Aggregating 5 updates ---
[33mserver_1      |[0m INFO:__main__:⚡ Using Custom Aggregator with Drift Metric...
[33mserver_1      |[0m INFO:server.aggregator:Starting FedAvg aggregation for 5 clients.
[34mclient_004_1  |[0m 2026-01-27 14:52:52,055 - __main__ - INFO - --- New Round Detected: 10 ---
[33mserver_1      |[0m INFO:werkzeug:172.18.0.17 - - [27/Jan/2026 14:52:52] "GET /download_model?round=10 HTTP/1.1" 200 -
[32mclient_002_1  |[0m 2026-01-27 14:52:52,259 - __main__ - INFO - Round 10 finished. Loss: 0.4104, Acc: 91.50%
[33;1mclient_006_1  |[0m 2026-01-27 14:52:52,300 - __main__ - INFO - --- New Round Detected: 10 ---
[33mserver_1      |[0m INFO:werkzeug:172.18.0.19 - - [27/Jan/2026 14:52:52] "[31m[1mPOST /submit_update HTTP/1.1[0m" 400 -
[32mclient_002_1  |[0m 2026-01-27 14:52:52,354 - __main__ - ERROR - Update submission failed: {"error":"Not accepting updates"}
[32mclient_002_1  |[0m 
[32mclient_002_1  |[0m 2026-01-27 14:52:52,354 - __main__ - INFO - Update submitted for Round 10. Waiting...
[33mserver_1      |[0m INFO:werkzeug:172.18.0.9 - - [27/Jan/2026 14:52:52] "GET /download_model?round=10 HTTP/1.1" 200 -
[33;1mclient_006_1  |[0m 2026-01-27 14:52:52,534 - __main__ - INFO - Round 10 finished. Loss: 0.7239, Acc: 85.71%
[33mserver_1      |[0m INFO:werkzeug:172.18.0.9 - - [27/Jan/2026 14:52:52] "[31m[1mPOST /submit_update HTTP/1.1[0m" 400 -
[33;1mclient_006_1  |[0m 2026-01-27 14:52:52,597 - __main__ - ERROR - Update submission failed: {"error":"Not accepting updates"}
[33;1mclient_006_1  |[0m 
[33;1mclient_006_1  |[0m 2026-01-27 14:52:52,597 - __main__ - INFO - Update submitted for Round 10. Waiting...
[33mserver_1      |[0m INFO:server.aggregator:--- [METRIC] Weight Divergence: 2.8244
[33mserver_1      |[0m INFO:server.aggregator:FedAvg aggregation complete.
[33mserver_1      |[0m INFO:__main__:Aggregation complete.
[33mserver_1      |[0m ⏱️ [TIME] Client client_001 finished training in 0.91s
[33mserver_1      |[0m ⏱️ [TIME] Client client_003 finished training in 20.69s
[33mserver_1      |[0m ⏱️ [TIME] Client client_010 finished training in 1.20s
[33mserver_1      |[0m ⏱️ [TIME] Client client_005 finished training in 4.75s
[33mserver_1      |[0m DEBUG: ⚠️ MY CUSTOM AGGREGATOR IS RUNNING ⚠️
[35;1mclient_008_1  |[0m 2026-01-27 14:52:53,757 - __main__ - INFO - --- New Round Detected: 10 ---
[32;1mclient_007_1  |[0m 2026-01-27 14:52:53,772 - __main__ - INFO - --- New Round Detected: 10 ---
[33mserver_1      |[0m INFO:werkzeug:172.18.0.16 - - [27/Jan/2026 14:52:53] "GET /download_model?round=10 HTTP/1.1" 200 -
[33mserver_1      |[0m INFO:werkzeug:172.18.0.18 - - [27/Jan/2026 14:52:53] "GET /download_model?round=10 HTTP/1.1" 200 -
[33mclient_001_1  |[0m 2026-01-27 14:52:53,856 - __main__ - INFO - --- New Round Detected: 10 ---
[33mserver_1      |[0m INFO:werkzeug:172.18.0.21 - - [27/Jan/2026 14:52:53] "GET /download_model?round=10 HTTP/1.1" 200 -
[33mserver_1      |[0m INFO:__main__:--- Round 10 Acc: 38.83%, Loss: 1.9081 ---
[33mserver_1      |[0m INFO:__main__:--- Starting Round 11. Timeout: 300s ---
[33mserver_1      |[0m INFO:werkzeug:172.18.0.10 - - [27/Jan/2026 14:52:54] "POST /submit_update HTTP/1.1" 200 -
[36;1mclient_005_1  |[0m 2026-01-27 14:52:54,848 - __main__ - INFO - 🚀 Model update submitted successfully.
[36;1mclient_005_1  |[0m 2026-01-27 14:52:54,849 - __main__ - INFO - Update submitted for Round 10. Waiting...
[32;1mclient_007_1  |[0m 2026-01-27 14:52:55,036 - __main__ - INFO - Round 10 finished. Loss: 1.0212, Acc: 62.09%
[33mclient_001_1  |[0m 2026-01-27 14:52:55,129 - __main__ - INFO - Round 10 finished. Loss: 0.2151, Acc: 98.38%
[33mserver_1      |[0m INFO:__main__:Received update from client_007
[33mserver_1      |[0m INFO:werkzeug:172.18.0.18 - - [27/Jan/2026 14:52:55] "POST /submit_update HTTP/1.1" 200 -
[32;1mclient_007_1  |[0m 2026-01-27 14:52:55,193 - __main__ - INFO - 🚀 Model update submitted successfully.
[32;1mclient_007_1  |[0m 2026-01-27 14:52:55,193 - __main__ - INFO - Update submitted for Round 10. Waiting...
[33mserver_1      |[0m INFO:__main__:Received update from client_001
[33mserver_1      |[0m INFO:werkzeug:172.18.0.21 - - [27/Jan/2026 14:52:55] "POST /submit_update HTTP/1.1" 200 -
[35mclient_003_1  |[0m 2026-01-27 14:52:55,272 - __main__ - INFO - --- New Round Detected: 11 ---
[33mclient_001_1  |[0m 2026-01-27 14:52:55,285 - __main__ - INFO - 🚀 Model update submitted successfully.
[33mclient_001_1  |[0m 2026-01-27 14:52:55,285 - __main__ - INFO - Update submitted for Round 10. Waiting...
[33mserver_1      |[0m INFO:werkzeug:172.18.0.22 - - [27/Jan/2026 14:52:55] "GET /download_model?round=11 HTTP/1.1" 200 -
[34;1mclient_009_1  |[0m 2026-01-27 14:52:55,404 - __main__ - INFO - Round 10 finished. Loss: 0.8197, Acc: 70.78%
[33mserver_1      |[0m INFO:__main__:Received update from client_009
[33mserver_1      |[0m INFO:werkzeug:172.18.0.11 - - [27/Jan/2026 14:52:55] "POST /submit_update HTTP/1.1" 200 -
[34;1mclient_009_1  |[0m 2026-01-27 14:52:55,559 - __main__ - INFO - 🚀 Model update submitted successfully.
[34;1mclient_009_1  |[0m 2026-01-27 14:52:55,560 - __main__ - INFO - Update submitted for Round 10. Waiting...
[35;1mclient_008_1  |[0m 2026-01-27 14:52:56,144 - __main__ - INFO - Round 10 finished. Loss: 0.2060, Acc: 98.18%
[33mserver_1      |[0m INFO:__main__:Received update from client_008
[33mserver_1      |[0m INFO:werkzeug:172.18.0.16 - - [27/Jan/2026 14:52:56] "POST /submit_update HTTP/1.1" 200 -
[35;1mclient_008_1  |[0m 2026-01-27 14:52:56,300 - __main__ - INFO - 🚀 Model update submitted successfully.
[35;1mclient_008_1  |[0m 2026-01-27 14:52:56,300 - __main__ - INFO - Update submitted for Round 10. Waiting...
[36mclient_010_1  |[0m 2026-01-27 14:53:01,085 - __main__ - INFO - --- New Round Detected: 11 ---
[33mserver_1      |[0m INFO:werkzeug:172.18.0.20 - - [27/Jan/2026 14:53:01] "GET /download_model?round=11 HTTP/1.1" 200 -
[36mclient_010_1  |[0m 2026-01-27 14:53:02,412 - __main__ - INFO - Round 11 finished. Loss: 0.3710, Acc: 98.15%
[32mclient_002_1  |[0m 2026-01-27 14:53:02,470 - __main__ - INFO - --- New Round Detected: 11 ---
[33mserver_1      |[0m INFO:werkzeug:172.18.0.19 - - [27/Jan/2026 14:53:02] "GET /download_model?round=11 HTTP/1.1" 200 -
[33mserver_1      |[0m INFO:__main__:Received update from client_010
[33mserver_1      |[0m INFO:__main__:--- Aggregating 5 updates ---
[33mserver_1      |[0m INFO:__main__:⚡ Using Custom Aggregator with Drift Metric...
[33mserver_1      |[0m INFO:server.aggregator:Starting FedAvg aggregation for 5 clients.
[34mclient_004_1  |[0m 2026-01-27 14:53:02,602 - __main__ - INFO - Round 10 finished. Loss: 0.8173, Acc: 73.32%
[33mserver_1      |[0m INFO:werkzeug:172.18.0.17 - - [27/Jan/2026 14:53:02] "[31m[1mPOST /submit_update HTTP/1.1[0m" 400 -
[33;1mclient_006_1  |[0m 2026-01-27 14:53:02,661 - __main__ - INFO - --- New Round Detected: 11 ---
[34mclient_004_1  |[0m 2026-01-27 14:53:02,666 - __main__ - ERROR - Update submission failed: {"error":"Not accepting updates"}
[34mclient_004_1  |[0m 
[34mclient_004_1  |[0m 2026-01-27 14:53:02,667 - __main__ - INFO - Update submitted for Round 10. Waiting...
[33mserver_1      |[0m INFO:werkzeug:172.18.0.9 - - [27/Jan/2026 14:53:02] "GET /download_model?round=11 HTTP/1.1" 200 -
[33;1mclient_006_1  |[0m 2026-01-27 14:53:02,819 - __main__ - INFO - Round 11 finished. Loss: 0.8398, Acc: 78.57%
[33mserver_1      |[0m INFO:werkzeug:172.18.0.9 - - [27/Jan/2026 14:53:03] "[31m[1mPOST /submit_update HTTP/1.1[0m" 400 -
[33;1mclient_006_1  |[0m 2026-01-27 14:53:03,122 - __main__ - ERROR - Update submission failed: {"error":"Not accepting updates"}
[33;1mclient_006_1  |[0m 
[33;1mclient_006_1  |[0m 2026-01-27 14:53:03,122 - __main__ - INFO - Update submitted for Round 11. Waiting...
[32mclient_002_1  |[0m 2026-01-27 14:53:04,126 - __main__ - INFO - Round 11 finished. Loss: 0.5648, Acc: 91.11%
[33mserver_1      |[0m INFO:werkzeug:172.18.0.19 - - [27/Jan/2026 14:53:04] "[31m[1mPOST /submit_update HTTP/1.1[0m" 400 -
[32mclient_002_1  |[0m 2026-01-27 14:53:04,193 - __main__ - ERROR - Update submission failed: {"error":"Not accepting updates"}
[32mclient_002_1  |[0m 
[32mclient_002_1  |[0m 2026-01-27 14:53:04,193 - __main__ - INFO - Update submitted for Round 11. Waiting...
[36;1mclient_005_1  |[0m 2026-01-27 14:53:04,918 - __main__ - INFO - --- New Round Detected: 11 ---
[33mserver_1      |[0m INFO:werkzeug:172.18.0.10 - - [27/Jan/2026 14:53:04] "GET /download_model?round=11 HTTP/1.1" 200 -
[33mserver_1      |[0m INFO:server.aggregator:--- [METRIC] Weight Divergence: 1.4687
[33mserver_1      |[0m INFO:server.aggregator:FedAvg aggregation complete.
[33mserver_1      |[0m INFO:__main__:Aggregation complete.
[33mserver_1      |[0m ⏱️ [TIME] Client client_007 finished training in 1.13s
[33mserver_1      |[0m ⏱️ [TIME] Client client_001 finished training in 1.14s
[33mserver_1      |[0m ⏱️ [TIME] Client client_009 finished training in 5.42s
[33mserver_1      |[0m ⏱️ [TIME] Client client_008 finished training in 2.25s
[33mserver_1      |[0m ⏱️ [TIME] Client client_010 finished training in 1.18s
[33mserver_1      |[0m DEBUG: ⚠️ MY CUSTOM AGGREGATOR IS RUNNING ⚠️
[32;1mclient_007_1  |[0m 2026-01-27 14:53:05,335 - __main__ - INFO - --- New Round Detected: 11 ---
[33mclient_001_1  |[0m 2026-01-27 14:53:05,363 - __main__ - INFO - --- New Round Detected: 11 ---
[33mserver_1      |[0m INFO:werkzeug:172.18.0.18 - - [27/Jan/2026 14:53:05] "GET /download_model?round=11 HTTP/1.1" 200 -
[33mserver_1      |[0m INFO:werkzeug:172.18.0.21 - - [27/Jan/2026 14:53:05] "GET /download_model?round=11 HTTP/1.1" 200 -
[34;1mclient_009_1  |[0m 2026-01-27 14:53:05,630 - __main__ - INFO - --- New Round Detected: 11 ---
[33mserver_1      |[0m INFO:werkzeug:172.18.0.11 - - [27/Jan/2026 14:53:05] "GET /download_model?round=11 HTTP/1.1" 200 -
[35;1mclient_008_1  |[0m 2026-01-27 14:53:06,363 - __main__ - INFO - --- New Round Detected: 11 ---
[33mserver_1      |[0m INFO:werkzeug:172.18.0.16 - - [27/Jan/2026 14:53:06] "GET /download_model?round=11 HTTP/1.1" 200 -
[33mclient_001_1  |[0m 2026-01-27 14:53:06,463 - __main__ - INFO - Round 11 finished. Loss: 0.3592, Acc: 98.38%
[33mserver_1      |[0m INFO:werkzeug:172.18.0.21 - - [27/Jan/2026 14:53:06] "[31m[1mPOST /submit_update HTTP/1.1[0m" 400 -
[32;1mclient_007_1  |[0m 2026-01-27 14:53:06,509 - __main__ - INFO - Round 11 finished. Loss: 0.9272, Acc: 73.81%
[33mclient_001_1  |[0m 2026-01-27 14:53:06,527 - __main__ - ERROR - Update submission failed: {"error":"Not accepting updates"}
[33mclient_001_1  |[0m 
[33mclient_001_1  |[0m 2026-01-27 14:53:06,527 - __main__ - INFO - Update submitted for Round 11. Waiting...
[33mserver_1      |[0m INFO:__main__:--- Round 11 Acc: 27.84%, Loss: 2.1358 ---
[33mserver_1      |[0m INFO:__main__:--- Starting Round 12. Timeout: 300s ---
[33mserver_1      |[0m INFO:werkzeug:172.18.0.18 - - [27/Jan/2026 14:53:06] "[31m[1mPOST /submit_update HTTP/1.1[0m" 400 -
[33mserver_1      |[0m INFO:werkzeug:172.18.0.20 - - [27/Jan/2026 14:53:06] "POST /submit_update HTTP/1.1" 200 -
[36mclient_010_1  |[0m 2026-01-27 14:53:06,578 - __main__ - INFO - 🚀 Model update submitted successfully.
[36mclient_010_1  |[0m 2026-01-27 14:53:06,579 - __main__ - INFO - Update submitted for Round 11. Waiting...
[32;1mclient_007_1  |[0m 2026-01-27 14:53:06,586 - __main__ - ERROR - Update submission failed: {"error":"Not accepting updates"}
[32;1mclient_007_1  |[0m 
[32;1mclient_007_1  |[0m 2026-01-27 14:53:06,587 - __main__ - INFO - Update submitted for Round 11. Waiting...
[35;1mclient_008_1  |[0m 2026-01-27 14:53:09,575 - __main__ - INFO - Round 11 finished. Loss: 0.2461, Acc: 98.67%
[35mclient_003_1  |[0m 2026-01-27 14:53:09,667 - __main__ - INFO - Round 11 finished. Loss: 0.7352, Acc: 76.72%
[33mserver_1      |[0m INFO:__main__:Received update from client_008
[33mserver_1      |[0m INFO:werkzeug:172.18.0.16 - - [27/Jan/2026 14:53:09] "POST /submit_update HTTP/1.1" 200 -
[35;1mclient_008_1  |[0m 2026-01-27 14:53:09,711 - __main__ - INFO - 🚀 Model update submitted successfully.
[35;1mclient_008_1  |[0m 2026-01-27 14:53:09,711 - __main__ - INFO - Update submitted for Round 11. Waiting...
[36;1mclient_005_1  |[0m 2026-01-27 14:53:09,773 - __main__ - INFO - Round 11 finished. Loss: 0.5008, Acc: 93.38%
[33mserver_1      |[0m INFO:__main__:Received update from client_003
[33mserver_1      |[0m INFO:werkzeug:172.18.0.22 - - [27/Jan/2026 14:53:09] "POST /submit_update HTTP/1.1" 200 -
[35mclient_003_1  |[0m 2026-01-27 14:53:09,824 - __main__ - INFO - 🚀 Model update submitted successfully.
[35mclient_003_1  |[0m 2026-01-27 14:53:09,824 - __main__ - INFO - Update submitted for Round 11. Waiting...
[33mserver_1      |[0m INFO:__main__:Received update from client_005
[33mserver_1      |[0m INFO:werkzeug:172.18.0.10 - - [27/Jan/2026 14:53:09] "POST /submit_update HTTP/1.1" 200 -
[36;1mclient_005_1  |[0m 2026-01-27 14:53:09,970 - __main__ - INFO - 🚀 Model update submitted successfully.
[36;1mclient_005_1  |[0m 2026-01-27 14:53:09,970 - __main__ - INFO - Update submitted for Round 11. Waiting...
[34;1mclient_009_1  |[0m 2026-01-27 14:53:11,413 - __main__ - INFO - Round 11 finished. Loss: 0.9183, Acc: 72.21%
[34;1mclient_009_1  |[0m 2026-01-27 14:53:11,550 - __main__ - INFO - 🚀 Model update submitted successfully.
[34;1mclient_009_1  |[0m 2026-01-27 14:53:11,551 - __main__ - INFO - Update submitted for Round 11. Waiting...
[33mserver_1      |[0m INFO:__main__:Received update from client_009
[33mserver_1      |[0m INFO:werkzeug:172.18.0.11 - - [27/Jan/2026 14:53:11] "POST /submit_update HTTP/1.1" 200 -
[34mclient_004_1  |[0m 2026-01-27 14:53:12,769 - __main__ - INFO - --- New Round Detected: 12 ---
[33mserver_1      |[0m INFO:werkzeug:172.18.0.17 - - [27/Jan/2026 14:53:12] "GET /download_model?round=12 HTTP/1.1" 200 -
[33;1mclient_006_1  |[0m 2026-01-27 14:53:13,185 - __main__ - INFO - --- New Round Detected: 12 ---
[33mserver_1      |[0m INFO:werkzeug:172.18.0.9 - - [27/Jan/2026 14:53:13] "GET /download_model?round=12 HTTP/1.1" 200 -
[33;1mclient_006_1  |[0m 2026-01-27 14:53:13,349 - __main__ - INFO - Round 12 finished. Loss: 0.6593, Acc: 85.71%
[33mserver_1      |[0m INFO:__main__:Received update from client_006
[33mserver_1      |[0m INFO:__main__:--- Aggregating 5 updates ---
[33mserver_1      |[0m INFO:__main__:⚡ Using Custom Aggregator with Drift Metric...
[33mserver_1      |[0m INFO:server.aggregator:Starting FedAvg aggregation for 5 clients.
[32mclient_002_1  |[0m 2026-01-27 14:53:14,269 - __main__ - INFO - --- New Round Detected: 12 ---
[33mserver_1      |[0m INFO:werkzeug:172.18.0.19 - - [27/Jan/2026 14:53:14] "GET /download_model?round=12 HTTP/1.1" 200 -
[33mserver_1      |[0m INFO:server.aggregator:--- [METRIC] Weight Divergence: 2.3069
[33mserver_1      |[0m INFO:server.aggregator:FedAvg aggregation complete.
[33mserver_1      |[0m INFO:__main__:Aggregation complete.
[33mserver_1      |[0m ⏱️ [TIME] Client client_008 finished training in 3.08s
[33mserver_1      |[0m ⏱️ [TIME] Client client_003 finished training in 14.19s
[33mserver_1      |[0m ⏱️ [TIME] Client client_005 finished training in 4.72s
[33mserver_1      |[0m ⏱️ [TIME] Client client_009 finished training in 5.63s
[33mserver_1      |[0m ⏱️ [TIME] Client client_006 finished training in 0.03s
[33mserver_1      |[0m DEBUG: ⚠️ MY CUSTOM AGGREGATOR IS RUNNING ⚠️
[32mclient_002_1  |[0m 2026-01-27 14:53:16,587 - __main__ - INFO - Round 12 finished. Loss: 0.3855, Acc: 91.90%
[33mclient_001_1  |[0m 2026-01-27 14:53:16,598 - __main__ - INFO - --- New Round Detected: 12 ---
[33mserver_1      |[0m INFO:werkzeug:172.18.0.19 - - [27/Jan/2026 14:53:16] "[31m[1mPOST /submit_update HTTP/1.1[0m" 400 -
[33mserver_1      |[0m INFO:werkzeug:172.18.0.21 - - [27/Jan/2026 14:53:16] "GET /download_model?round=12 HTTP/1.1" 200 -
[36mclient_010_1  |[0m 2026-01-27 14:53:16,645 - __main__ - INFO - --- New Round Detected: 12 ---
[32mclient_002_1  |[0m 2026-01-27 14:53:16,654 - __main__ - ERROR - Update submission failed: {"error":"Not accepting updates"}
[32mclient_002_1  |[0m 
[32mclient_002_1  |[0m 2026-01-27 14:53:16,655 - __main__ - INFO - Update submitted for Round 12. Waiting...
[32;1mclient_007_1  |[0m 2026-01-27 14:53:16,656 - __main__ - INFO - --- New Round Detected: 12 ---
[33mserver_1      |[0m INFO:werkzeug:172.18.0.20 - - [27/Jan/2026 14:53:16] "GET /download_model?round=12 HTTP/1.1" 200 -
[33mserver_1      |[0m INFO:werkzeug:172.18.0.18 - - [27/Jan/2026 14:53:16] "GET /download_model?round=12 HTTP/1.1" 200 -
[33mserver_1      |[0m INFO:__main__:--- Round 12 Acc: 37.07%, Loss: 1.8528 ---
[33mserver_1      |[0m INFO:__main__:--- Starting Round 13. Timeout: 300s ---
[33mserver_1      |[0m INFO:werkzeug:172.18.0.9 - - [27/Jan/2026 14:53:16] "POST /submit_update HTTP/1.1" 200 -
[33;1mclient_006_1  |[0m 2026-01-27 14:53:16,768 - __main__ - INFO - 🚀 Model update submitted successfully.
[33;1mclient_006_1  |[0m 2026-01-27 14:53:16,768 - __main__ - INFO - Update submitted for Round 12. Waiting...
[33mclient_001_1  |[0m 2026-01-27 14:53:17,653 - __main__ - INFO - Round 12 finished. Loss: 0.1703, Acc: 98.71%
[32;1mclient_007_1  |[0m 2026-01-27 14:53:17,657 - __main__ - INFO - Round 12 finished. Loss: 1.1289, Acc: 61.90%
[33mserver_1      |[0m INFO:__main__:Received update from client_007
[33mserver_1      |[0m INFO:werkzeug:172.18.0.18 - - [27/Jan/2026 14:53:17] "POST /submit_update HTTP/1.1" 200 -
[33mserver_1      |[0m INFO:__main__:Received update from client_001
[33mserver_1      |[0m INFO:werkzeug:172.18.0.21 - - [27/Jan/2026 14:53:17] "POST /submit_update HTTP/1.1" 200 -
[32;1mclient_007_1  |[0m 2026-01-27 14:53:17,800 - __main__ - INFO - 🚀 Model update submitted successfully.
[32;1mclient_007_1  |[0m 2026-01-27 14:53:17,800 - __main__ - INFO - Update submitted for Round 12. Waiting...
[33mclient_001_1  |[0m 2026-01-27 14:53:17,800 - __main__ - INFO - 🚀 Model update submitted successfully.
[33mclient_001_1  |[0m 2026-01-27 14:53:17,800 - __main__ - INFO - Update submitted for Round 12. Waiting...
[36mclient_010_1  |[0m 2026-01-27 14:53:18,003 - __main__ - INFO - Round 12 finished. Loss: 0.1849, Acc: 98.28%
[33mserver_1      |[0m INFO:__main__:Received update from client_010
[33mserver_1      |[0m INFO:werkzeug:172.18.0.20 - - [27/Jan/2026 14:53:18] "POST /submit_update HTTP/1.1" 200 -
[36mclient_010_1  |[0m 2026-01-27 14:53:18,160 - __main__ - INFO - 🚀 Model update submitted successfully.
[36mclient_010_1  |[0m 2026-01-27 14:53:18,161 - __main__ - INFO - Update submitted for Round 12. Waiting...
[35;1mclient_008_1  |[0m 2026-01-27 14:53:19,798 - __main__ - INFO - --- New Round Detected: 13 ---
[33mserver_1      |[0m INFO:werkzeug:172.18.0.16 - - [27/Jan/2026 14:53:19] "GET /download_model?round=13 HTTP/1.1" 200 -
[35mclient_003_1  |[0m 2026-01-27 14:53:19,886 - __main__ - INFO - --- New Round Detected: 13 ---
[33mserver_1      |[0m INFO:werkzeug:172.18.0.22 - - [27/Jan/2026 14:53:19] "GET /download_model?round=13 HTTP/1.1" 200 -
[36;1mclient_005_1  |[0m 2026-01-27 14:53:20,032 - __main__ - INFO - --- New Round Detected: 13 ---
[33mserver_1      |[0m INFO:werkzeug:172.18.0.10 - - [27/Jan/2026 14:53:20] "GET /download_model?round=13 HTTP/1.1" 200 -
[34;1mclient_009_1  |[0m 2026-01-27 14:53:21,665 - __main__ - INFO - --- New Round Detected: 13 ---
[33mserver_1      |[0m INFO:werkzeug:172.18.0.11 - - [27/Jan/2026 14:53:21] "GET /download_model?round=13 HTTP/1.1" 200 -
[34mclient_004_1  |[0m 2026-01-27 14:53:22,883 - __main__ - INFO - Round 12 finished. Loss: 0.9166, Acc: 74.33%
[33mserver_1      |[0m INFO:__main__:Received update from client_004
[33mserver_1      |[0m INFO:werkzeug:172.18.0.17 - - [27/Jan/2026 14:53:22] "POST /submit_update HTTP/1.1" 200 -
[34mclient_004_1  |[0m 2026-01-27 14:53:23,022 - __main__ - INFO - 🚀 Model update submitted successfully.
[34mclient_004_1  |[0m 2026-01-27 14:53:23,022 - __main__ - INFO - Update submitted for Round 12. Waiting...
[35;1mclient_008_1  |[0m 2026-01-27 14:53:23,058 - __main__ - INFO - Round 13 finished. Loss: 0.1755, Acc: 98.62%
[33mserver_1      |[0m INFO:__main__:Received update from client_008
[33mserver_1      |[0m INFO:__main__:--- Aggregating 5 updates ---
[33mserver_1      |[0m INFO:__main__:⚡ Using Custom Aggregator with Drift Metric...
[33mserver_1      |[0m INFO:server.aggregator:Starting FedAvg aggregation for 5 clients.
[36;1mclient_005_1  |[0m 2026-01-27 14:53:23,274 - __main__ - INFO - Round 13 finished. Loss: 0.4681, Acc: 94.19%
[33mserver_1      |[0m INFO:werkzeug:172.18.0.10 - - [27/Jan/2026 14:53:23] "[31m[1mPOST /submit_update HTTP/1.1[0m" 400 -
[36;1mclient_005_1  |[0m 2026-01-27 14:53:23,384 - __main__ - ERROR - Update submission failed: {"error":"Not accepting updates"}
[36;1mclient_005_1  |[0m 
[36;1mclient_005_1  |[0m 2026-01-27 14:53:23,384 - __main__ - INFO - Update submitted for Round 13. Waiting...
[33mserver_1      |[0m INFO:server.aggregator:--- [METRIC] Weight Divergence: 2.1865
[33mserver_1      |[0m INFO:server.aggregator:FedAvg aggregation complete.
[33mserver_1      |[0m INFO:__main__:Aggregation complete.
[33mserver_1      |[0m ⏱️ [TIME] Client client_007 finished training in 0.87s
[33mserver_1      |[0m ⏱️ [TIME] Client client_001 finished training in 0.93s
[33mserver_1      |[0m ⏱️ [TIME] Client client_010 finished training in 1.23s
[33mserver_1      |[0m ⏱️ [TIME] Client client_004 finished training in 9.98s
[33mserver_1      |[0m ⏱️ [TIME] Client client_008 finished training in 3.13s
[33mserver_1      |[0m DEBUG: ⚠️ MY CUSTOM AGGREGATOR IS RUNNING ⚠️
[34;1mclient_009_1  |[0m 2026-01-27 14:53:25,728 - __main__ - INFO - Round 13 finished. Loss: 0.8844, Acc: 72.74%
[33mserver_1      |[0m INFO:werkzeug:172.18.0.11 - - [27/Jan/2026 14:53:25] "[31m[1mPOST /submit_update HTTP/1.1[0m" 400 -
[34;1mclient_009_1  |[0m 2026-01-27 14:53:25,819 - __main__ - ERROR - Update submission failed: {"error":"Not accepting updates"}
[34;1mclient_009_1  |[0m 
[34;1mclient_009_1  |[0m 2026-01-27 14:53:25,819 - __main__ - INFO - Update submitted for Round 13. Waiting...
[33mserver_1      |[0m INFO:__main__:--- Round 13 Acc: 38.55%, Loss: 1.7577 ---
[33mserver_1      |[0m INFO:__main__:--- Starting Round 14. Timeout: 300s ---
[33mserver_1      |[0m INFO:werkzeug:172.18.0.16 - - [27/Jan/2026 14:53:26] "POST /submit_update HTTP/1.1" 200 -
[35;1mclient_008_1  |[0m 2026-01-27 14:53:26,663 - __main__ - INFO - 🚀 Model update submitted successfully.
[35;1mclient_008_1  |[0m 2026-01-27 14:53:26,663 - __main__ - INFO - Update submitted for Round 13. Waiting...
[32mclient_002_1  |[0m 2026-01-27 14:53:26,717 - __main__ - INFO - --- New Round Detected: 14 ---
[33mserver_1      |[0m INFO:werkzeug:172.18.0.19 - - [27/Jan/2026 14:53:26] "GET /download_model?round=14 HTTP/1.1" 200 -
[33mserver_1      |[0m INFO:werkzeug:172.18.0.9 - - [27/Jan/2026 14:53:26] "GET /download_model?round=14 HTTP/1.1" 200 -
[33;1mclient_006_1  |[0m 2026-01-27 14:53:26,853 - __main__ - INFO - --- New Round Detected: 14 ---
[33;1mclient_006_1  |[0m 2026-01-27 14:53:27,016 - __main__ - INFO - Round 14 finished. Loss: 0.8295, Acc: 85.71%
[33mserver_1      |[0m INFO:__main__:Received update from client_006
[33mserver_1      |[0m INFO:werkzeug:172.18.0.9 - - [27/Jan/2026 14:53:27] "POST /submit_update HTTP/1.1" 200 -
[33;1mclient_006_1  |[0m 2026-01-27 14:53:27,154 - __main__ - INFO - 🚀 Model update submitted successfully.
[33;1mclient_006_1  |[0m 2026-01-27 14:53:27,154 - __main__ - INFO - Update submitted for Round 14. Waiting...
[32;1mclient_007_1  |[0m 2026-01-27 14:53:27,867 - __main__ - INFO - --- New Round Detected: 14 ---
[33mserver_1      |[0m INFO:werkzeug:172.18.0.18 - - [27/Jan/2026 14:53:27] "GET /download_model?round=14 HTTP/1.1" 200 -
[33mclient_001_1  |[0m 2026-01-27 14:53:27,886 - __main__ - INFO - --- New Round Detected: 14 ---
[33mserver_1      |[0m INFO:werkzeug:172.18.0.21 - - [27/Jan/2026 14:53:27] "GET /download_model?round=14 HTTP/1.1" 200 -
[36mclient_010_1  |[0m 2026-01-27 14:53:28,224 - __main__ - INFO - --- New Round Detected: 14 ---
[33mserver_1      |[0m INFO:werkzeug:172.18.0.20 - - [27/Jan/2026 14:53:28] "GET /download_model?round=14 HTTP/1.1" 200 -
[32;1mclient_007_1  |[0m 2026-01-27 14:53:28,846 - __main__ - INFO - Round 14 finished. Loss: 1.0489, Acc: 59.71%
[33mclient_001_1  |[0m 2026-01-27 14:53:28,922 - __main__ - INFO - Round 14 finished. Loss: 0.3058, Acc: 98.06%
[33mserver_1      |[0m INFO:__main__:Received update from client_007
[33mserver_1      |[0m INFO:werkzeug:172.18.0.18 - - [27/Jan/2026 14:53:28] "POST /submit_update HTTP/1.1" 200 -
[32;1mclient_007_1  |[0m 2026-01-27 14:53:29,003 - __main__ - INFO - 🚀 Model update submitted successfully.
[32;1mclient_007_1  |[0m 2026-01-27 14:53:29,004 - __main__ - INFO - Update submitted for Round 14. Waiting...
[33mserver_1      |[0m INFO:__main__:Received update from client_001
[33mserver_1      |[0m INFO:werkzeug:172.18.0.21 - - [27/Jan/2026 14:53:29] "POST /submit_update HTTP/1.1" 200 -
[33mclient_001_1  |[0m 2026-01-27 14:53:29,056 - __main__ - INFO - 🚀 Model update submitted successfully.
[33mclient_001_1  |[0m 2026-01-27 14:53:29,057 - __main__ - INFO - Update submitted for Round 14. Waiting...
[36mclient_010_1  |[0m 2026-01-27 14:53:29,092 - __main__ - INFO - Round 14 finished. Loss: 0.3161, Acc: 98.03%
[33mserver_1      |[0m INFO:__main__:Received update from client_010
[33mserver_1      |[0m INFO:werkzeug:172.18.0.20 - - [27/Jan/2026 14:53:29] "POST /submit_update HTTP/1.1" 200 -
[36mclient_010_1  |[0m 2026-01-27 14:53:29,226 - __main__ - INFO - 🚀 Model update submitted successfully.
[36mclient_010_1  |[0m 2026-01-27 14:53:29,226 - __main__ - INFO - Update submitted for Round 14. Waiting...
[32mclient_002_1  |[0m 2026-01-27 14:53:29,707 - __main__ - INFO - Round 14 finished. Loss: 0.4714, Acc: 92.39%
[33mserver_1      |[0m INFO:__main__:Received update from client_002
[33mserver_1      |[0m INFO:__main__:--- Aggregating 5 updates ---
[33mserver_1      |[0m INFO:__main__:⚡ Using Custom Aggregator with Drift Metric...
[33mserver_1      |[0m INFO:server.aggregator:Starting FedAvg aggregation for 5 clients.
[33mserver_1      |[0m INFO:server.aggregator:--- [METRIC] Weight Divergence: 0.7528
[33mserver_1      |[0m INFO:server.aggregator:FedAvg aggregation complete.
[33mserver_1      |[0m INFO:__main__:Aggregation complete.
[33mserver_1      |[0m ⏱️ [TIME] Client client_006 finished training in 0.03s
[33mserver_1      |[0m ⏱️ [TIME] Client client_007 finished training in 0.85s
[33mserver_1      |[0m ⏱️ [TIME] Client client_001 finished training in 0.91s
[33mserver_1      |[0m ⏱️ [TIME] Client client_010 finished training in 0.73s
[33mserver_1      |[0m ⏱️ [TIME] Client client_002 finished training in 2.86s
[33mserver_1      |[0m DEBUG: ⚠️ MY CUSTOM AGGREGATOR IS RUNNING ⚠️
[33mserver_1      |[0m INFO:__main__:--- Round 14 Acc: 24.62%, Loss: 2.2239 ---
[33mserver_1      |[0m INFO:__main__:--- Starting Round 15. Timeout: 300s ---
[33mserver_1      |[0m INFO:werkzeug:172.18.0.19 - - [27/Jan/2026 14:53:32] "POST /submit_update HTTP/1.1" 200 -
[32mclient_002_1  |[0m 2026-01-27 14:53:32,994 - __main__ - INFO - 🚀 Model update submitted successfully.
[32mclient_002_1  |[0m 2026-01-27 14:53:32,994 - __main__ - INFO - Update submitted for Round 14. Waiting...
[34mclient_004_1  |[0m 2026-01-27 14:53:33,084 - __main__ - INFO - --- New Round Detected: 15 ---
[33mserver_1      |[0m INFO:werkzeug:172.18.0.17 - - [27/Jan/2026 14:53:33] "GET /download_model?round=15 HTTP/1.1" 200 -
[36;1mclient_005_1  |[0m 2026-01-27 14:53:33,493 - __main__ - INFO - --- New Round Detected: 15 ---
[33mserver_1      |[0m INFO:werkzeug:172.18.0.10 - - [27/Jan/2026 14:53:33] "GET /download_model?round=15 HTTP/1.1" 200 -
[34;1mclient_009_1  |[0m 2026-01-27 14:53:35,886 - __main__ - INFO - --- New Round Detected: 15 ---
[33mserver_1      |[0m INFO:werkzeug:172.18.0.11 - - [27/Jan/2026 14:53:35] "GET /download_model?round=15 HTTP/1.1" 200 -
[35;1mclient_008_1  |[0m 2026-01-27 14:53:36,729 - __main__ - INFO - --- New Round Detected: 15 ---
[33mserver_1      |[0m INFO:werkzeug:172.18.0.16 - - [27/Jan/2026 14:53:36] "GET /download_model?round=15 HTTP/1.1" 200 -
[33;1mclient_006_1  |[0m 2026-01-27 14:53:37,215 - __main__ - INFO - --- New Round Detected: 15 ---
[33mserver_1      |[0m INFO:werkzeug:172.18.0.9 - - [27/Jan/2026 14:53:37] "GET /download_model?round=15 HTTP/1.1" 200 -
[33;1mclient_006_1  |[0m 2026-01-27 14:53:37,395 - __main__ - INFO - Round 15 finished. Loss: 1.3083, Acc: 64.29%
[36;1mclient_005_1  |[0m 2026-01-27 14:53:37,497 - __main__ - INFO - Round 15 finished. Loss: 0.4826, Acc: 94.31%
[33mserver_1      |[0m INFO:__main__:Received update from client_006
[33mserver_1      |[0m INFO:werkzeug:172.18.0.9 - - [27/Jan/2026 14:53:37] "POST /submit_update HTTP/1.1" 200 -
[33;1mclient_006_1  |[0m 2026-01-27 14:53:37,555 - __main__ - INFO - 🚀 Model update submitted successfully.
[33;1mclient_006_1  |[0m 2026-01-27 14:53:37,555 - __main__ - INFO - Update submitted for Round 15. Waiting...
[33mserver_1      |[0m INFO:__main__:Received update from client_005
[33mserver_1      |[0m INFO:werkzeug:172.18.0.10 - - [27/Jan/2026 14:53:37] "POST /submit_update HTTP/1.1" 200 -
[36;1mclient_005_1  |[0m 2026-01-27 14:53:37,631 - __main__ - INFO - 🚀 Model update submitted successfully.
[36;1mclient_005_1  |[0m 2026-01-27 14:53:37,632 - __main__ - INFO - Update submitted for Round 15. Waiting...
[32;1mclient_007_1  |[0m 2026-01-27 14:53:39,067 - __main__ - INFO - --- New Round Detected: 15 ---
[33mserver_1      |[0m INFO:werkzeug:172.18.0.18 - - [27/Jan/2026 14:53:39] "GET /download_model?round=15 HTTP/1.1" 200 -
[33mclient_001_1  |[0m 2026-01-27 14:53:39,132 - __main__ - INFO - --- New Round Detected: 15 ---
[33mserver_1      |[0m INFO:werkzeug:172.18.0.21 - - [27/Jan/2026 14:53:39] "GET /download_model?round=15 HTTP/1.1" 200 -
[36mclient_010_1  |[0m 2026-01-27 14:53:39,291 - __main__ - INFO - --- New Round Detected: 15 ---
[33mserver_1      |[0m INFO:werkzeug:172.18.0.20 - - [27/Jan/2026 14:53:39] "GET /download_model?round=15 HTTP/1.1" 200 -
[35mclient_003_1  |[0m 2026-01-27 14:53:39,623 - __main__ - INFO - Round 13 finished. Loss: 0.7332, Acc: 76.85%
[33mserver_1      |[0m INFO:__main__:Received update from client_003
[33mserver_1      |[0m INFO:werkzeug:172.18.0.22 - - [27/Jan/2026 14:53:39] "POST /submit_update HTTP/1.1" 200 -
[35mclient_003_1  |[0m 2026-01-27 14:53:39,759 - __main__ - INFO - 🚀 Model update submitted successfully.
[35mclient_003_1  |[0m 2026-01-27 14:53:39,759 - __main__ - INFO - Update submitted for Round 13. Waiting...
[33mclient_001_1  |[0m 2026-01-27 14:53:40,183 - __main__ - INFO - Round 15 finished. Loss: 0.1489, Acc: 99.03%
[32;1mclient_007_1  |[0m 2026-01-27 14:53:40,185 - __main__ - INFO - Round 15 finished. Loss: 0.9196, Acc: 66.85%
[36mclient_010_1  |[0m 2026-01-27 14:53:40,206 - __main__ - INFO - Round 15 finished. Loss: 0.1512, Acc: 98.52%
[35;1mclient_008_1  |[0m 2026-01-27 14:53:40,207 - __main__ - INFO - Round 15 finished. Loss: 0.4018, Acc: 98.37%
[33mserver_1      |[0m INFO:__main__:Received update from client_001
[33mserver_1      |[0m INFO:werkzeug:172.18.0.21 - - [27/Jan/2026 14:53:40] "POST /submit_update HTTP/1.1" 200 -
[33mserver_1      |[0m INFO:__main__:Received update from client_007
[33mserver_1      |[0m INFO:__main__:--- Aggregating 5 updates ---
[33mserver_1      |[0m INFO:__main__:⚡ Using Custom Aggregator with Drift Metric...
[33mserver_1      |[0m INFO:server.aggregator:Starting FedAvg aggregation for 5 clients.
[33mclient_001_1  |[0m 2026-01-27 14:53:40,318 - __main__ - INFO - 🚀 Model update submitted successfully.
[33mclient_001_1  |[0m 2026-01-27 14:53:40,319 - __main__ - INFO - Update submitted for Round 15. Waiting...
[34;1mclient_009_1  |[0m 2026-01-27 14:53:41,700 - __main__ - INFO - Round 15 finished. Loss: 0.7908, Acc: 73.61%
[33mserver_1      |[0m INFO:werkzeug:172.18.0.11 - - [27/Jan/2026 14:53:41] "[31m[1mPOST /submit_update HTTP/1.1[0m" 400 -
[34;1mclient_009_1  |[0m 2026-01-27 14:53:41,764 - __main__ - ERROR - Update submission failed: {"error":"Not accepting updates"}
[34;1mclient_009_1  |[0m 
[34;1mclient_009_1  |[0m 2026-01-27 14:53:41,764 - __main__ - INFO - Update submitted for Round 15. Waiting...
[34mclient_004_1  |[0m 2026-01-27 14:53:42,543 - __main__ - INFO - Round 15 finished. Loss: 0.9070, Acc: 76.30%
[33mserver_1      |[0m INFO:server.aggregator:--- [METRIC] Weight Divergence: 3.3839
[33mserver_1      |[0m INFO:server.aggregator:FedAvg aggregation complete.
[33mserver_1      |[0m INFO:__main__:Aggregation complete.
[33mserver_1      |[0m INFO:werkzeug:172.18.0.17 - - [27/Jan/2026 14:53:42] "[31m[1mPOST /submit_update HTTP/1.1[0m" 400 -
[34mclient_004_1  |[0m 2026-01-27 14:53:42,636 - __main__ - ERROR - Update submission failed: {"error":"Not accepting updates"}
[34mclient_004_1  |[0m 
[34mclient_004_1  |[0m 2026-01-27 14:53:42,636 - __main__ - INFO - Update submitted for Round 15. Waiting...
[33mserver_1      |[0m ⏱️ [TIME] Client client_006 finished training in 0.05s
[33mserver_1      |[0m ⏱️ [TIME] Client client_005 finished training in 3.88s
[33mserver_1      |[0m ⏱️ [TIME] Client client_003 finished training in 19.58s
[33mserver_1      |[0m ⏱️ [TIME] Client client_001 finished training in 0.90s
[33mserver_1      |[0m ⏱️ [TIME] Client client_007 finished training in 0.97s
[33mserver_1      |[0m DEBUG: ⚠️ MY CUSTOM AGGREGATOR IS RUNNING ⚠️
[33mserver_1      |[0m ⏱️ [TIME] Client client_008 finished training in 3.28s
[33mserver_1      |[0m ⏱️ [TIME] Client client_010 finished training in 0.78s
[32mclient_002_1  |[0m 2026-01-27 14:53:43,065 - __main__ - INFO - --- New Round Detected: 15 ---
[33mserver_1      |[0m INFO:werkzeug:172.18.0.19 - - [27/Jan/2026 14:53:43] "GET /download_model?round=15 HTTP/1.1" 200 -
[33mserver_1      |[0m INFO:__main__:--- Round 15 Acc: 36.55%, Loss: 1.9823 ---
[33mserver_1      |[0m INFO:__main__:--- Starting Round 16. Timeout: 300s ---
[33mserver_1      |[0m INFO:werkzeug:172.18.0.18 - - [27/Jan/2026 14:53:43] "POST /submit_update HTTP/1.1" 200 -
[33mserver_1      |[0m INFO:__main__:Received update from client_008
[33mserver_1      |[0m INFO:werkzeug:172.18.0.16 - - [27/Jan/2026 14:53:43] "POST /submit_update HTTP/1.1" 200 -
[33mserver_1      |[0m INFO:__main__:Received update from client_010
[33mserver_1      |[0m INFO:werkzeug:172.18.0.20 - - [27/Jan/2026 14:53:43] "POST /submit_update HTTP/1.1" 200 -
[35;1mclient_008_1  |[0m 2026-01-27 14:53:43,461 - __main__ - INFO - 🚀 Model update submitted successfully.
[35;1mclient_008_1  |[0m 2026-01-27 14:53:43,462 - __main__ - INFO - Update submitted for Round 15. Waiting...
[36mclient_010_1  |[0m 2026-01-27 14:53:43,462 - __main__ - INFO - 🚀 Model update submitted successfully.
[36mclient_010_1  |[0m 2026-01-27 14:53:43,463 - __main__ - INFO - Update submitted for Round 15. Waiting...
[32;1mclient_007_1  |[0m 2026-01-27 14:53:43,466 - __main__ - INFO - 🚀 Model update submitted successfully.
[32;1mclient_007_1  |[0m 2026-01-27 14:53:43,466 - __main__ - INFO - Update submitted for Round 15. Waiting...
[32mclient_002_1  |[0m 2026-01-27 14:53:45,739 - __main__ - INFO - Round 15 finished. Loss: 0.3281, Acc: 92.39%
[33mserver_1      |[0m INFO:__main__:Received update from client_002
[33mserver_1      |[0m INFO:werkzeug:172.18.0.19 - - [27/Jan/2026 14:53:45] "POST /submit_update HTTP/1.1" 200 -
[32mclient_002_1  |[0m 2026-01-27 14:53:45,911 - __main__ - INFO - 🚀 Model update submitted successfully.
[32mclient_002_1  |[0m 2026-01-27 14:53:45,911 - __main__ - INFO - Update submitted for Round 15. Waiting...
[33;1mclient_006_1  |[0m 2026-01-27 14:53:47,629 - __main__ - INFO - --- New Round Detected: 16 ---
[33mserver_1      |[0m INFO:werkzeug:172.18.0.9 - - [27/Jan/2026 14:53:47] "GET /download_model?round=16 HTTP/1.1" 200 -
[36;1mclient_005_1  |[0m 2026-01-27 14:53:47,696 - __main__ - INFO - --- New Round Detected: 16 ---
[33mserver_1      |[0m INFO:werkzeug:172.18.0.10 - - [27/Jan/2026 14:53:47] "GET /download_model?round=16 HTTP/1.1" 200 -
[33;1mclient_006_1  |[0m 2026-01-27 14:53:47,794 - __main__ - INFO - Round 16 finished. Loss: 0.6503, Acc: 85.71%
[33mserver_1      |[0m INFO:__main__:Received update from client_006
[33mserver_1      |[0m INFO:werkzeug:172.18.0.9 - - [27/Jan/2026 14:53:47] "POST /submit_update HTTP/1.1" 200 -
[33;1mclient_006_1  |[0m 2026-01-27 14:53:47,934 - __main__ - INFO - 🚀 Model update submitted successfully.
[33;1mclient_006_1  |[0m 2026-01-27 14:53:47,935 - __main__ - INFO - Update submitted for Round 16. Waiting...
[35mclient_003_1  |[0m 2026-01-27 14:53:49,930 - __main__ - INFO - --- New Round Detected: 16 ---
[33mserver_1      |[0m INFO:werkzeug:172.18.0.22 - - [27/Jan/2026 14:53:49] "GET /download_model?round=16 HTTP/1.1" 200 -
[33mclient_001_1  |[0m 2026-01-27 14:53:50,386 - __main__ - INFO - --- New Round Detected: 16 ---
[33mserver_1      |[0m INFO:werkzeug:172.18.0.21 - - [27/Jan/2026 14:53:50] "GET /download_model?round=16 HTTP/1.1" 200 -
[33mclient_001_1  |[0m 2026-01-27 14:53:51,352 - __main__ - INFO - Round 16 finished. Loss: 0.3946, Acc: 98.06%
[33mserver_1      |[0m INFO:__main__:Received update from client_001
[33mserver_1      |[0m INFO:__main__:--- Aggregating 5 updates ---
[33mserver_1      |[0m INFO:__main__:⚡ Using Custom Aggregator with Drift Metric...
[33mserver_1      |[0m INFO:server.aggregator:Starting FedAvg aggregation for 5 clients.
[36;1mclient_005_1  |[0m 2026-01-27 14:53:51,509 - __main__ - INFO - Round 16 finished. Loss: 0.4223, Acc: 94.44%
[33mserver_1      |[0m INFO:werkzeug:172.18.0.10 - - [27/Jan/2026 14:53:51] "[31m[1mPOST /submit_update HTTP/1.1[0m" 400 -
[36;1mclient_005_1  |[0m 2026-01-27 14:53:51,575 - __main__ - ERROR - Update submission failed: {"error":"Not accepting updates"}
[36;1mclient_005_1  |[0m 
[36;1mclient_005_1  |[0m 2026-01-27 14:53:51,575 - __main__ - INFO - Update submitted for Round 16. Waiting...
[34;1mclient_009_1  |[0m 2026-01-27 14:53:51,939 - __main__ - INFO - --- New Round Detected: 16 ---
[33mserver_1      |[0m INFO:werkzeug:172.18.0.11 - - [27/Jan/2026 14:53:51] "GET /download_model?round=16 HTTP/1.1" 200 -
[34mclient_004_1  |[0m 2026-01-27 14:53:52,715 - __main__ - INFO - --- New Round Detected: 16 ---
[33mserver_1      |[0m INFO:werkzeug:172.18.0.17 - - [27/Jan/2026 14:53:52] "GET /download_model?round=16 HTTP/1.1" 200 -
[33mserver_1      |[0m INFO:server.aggregator:--- [METRIC] Weight Divergence: 1.9446
[33mserver_1      |[0m INFO:server.aggregator:FedAvg aggregation complete.
[33mserver_1      |[0m INFO:__main__:Aggregation complete.
[33mserver_1      |[0m ⏱️ [TIME] Client client_002 finished training in 2.54s
[33mserver_1      |[0m ⏱️ [TIME] Client client_006 finished training in 0.04s
[33mserver_1      |[0m ⏱️ [TIME] Client client_001 finished training in 0.83s
[33mserver_1      |[0m DEBUG: ⚠️ MY CUSTOM AGGREGATOR IS RUNNING ⚠️
[35;1mclient_008_1  |[0m 2026-01-27 14:53:53,661 - __main__ - INFO - --- New Round Detected: 16 ---
[36mclient_010_1  |[0m 2026-01-27 14:53:53,663 - __main__ - INFO - --- New Round Detected: 16 ---
[32;1mclient_007_1  |[0m 2026-01-27 14:53:53,682 - __main__ - INFO - --- New Round Detected: 16 ---
[33mserver_1      |[0m INFO:werkzeug:172.18.0.16 - - [27/Jan/2026 14:53:53] "GET /download_model?round=16 HTTP/1.1" 200 -
[33mserver_1      |[0m INFO:werkzeug:172.18.0.20 - - [27/Jan/2026 14:53:53] "GET /download_model?round=16 HTTP/1.1" 200 -
[33mserver_1      |[0m INFO:werkzeug:172.18.0.18 - - [27/Jan/2026 14:53:53] "GET /download_model?round=16 HTTP/1.1" 200 -
[33mserver_1      |[0m INFO:__main__:--- Round 16 Acc: 24.50%, Loss: 2.2199 ---
[33mserver_1      |[0m INFO:__main__:--- Starting Round 17. Timeout: 300s ---
[33mserver_1      |[0m INFO:werkzeug:172.18.0.21 - - [27/Jan/2026 14:53:54] "POST /submit_update HTTP/1.1" 200 -
[32;1mclient_007_1  |[0m 2026-01-27 14:53:55,002 - __main__ - INFO - Round 16 finished. Loss: 0.9460, Acc: 68.32%
[33mclient_001_1  |[0m 2026-01-27 14:53:55,022 - __main__ - INFO - 🚀 Model update submitted successfully.
[33mclient_001_1  |[0m 2026-01-27 14:53:55,022 - __main__ - INFO - Update submitted for Round 16. Waiting...
[33mserver_1      |[0m INFO:__main__:Received update from client_007
[33mserver_1      |[0m INFO:werkzeug:172.18.0.18 - - [27/Jan/2026 14:53:55] "POST /submit_update HTTP/1.1" 200 -
[32;1mclient_007_1  |[0m 2026-01-27 14:53:55,160 - __main__ - INFO - 🚀 Model update submitted successfully.
[32;1mclient_007_1  |[0m 2026-01-27 14:53:55,161 - __main__ - INFO - Update submitted for Round 16. Waiting...
[36mclient_010_1  |[0m 2026-01-27 14:53:55,262 - __main__ - INFO - Round 16 finished. Loss: 0.4020, Acc: 98.28%
[33mserver_1      |[0m INFO:__main__:Received update from client_010
[33mserver_1      |[0m INFO:werkzeug:172.18.0.20 - - [27/Jan/2026 14:53:55] "POST /submit_update HTTP/1.1" 200 -
[36mclient_010_1  |[0m 2026-01-27 14:53:55,399 - __main__ - INFO - 🚀 Model update submitted successfully.
[36mclient_010_1  |[0m 2026-01-27 14:53:55,399 - __main__ - INFO - Update submitted for Round 16. Waiting...
[32mclient_002_1  |[0m 2026-01-27 14:53:55,985 - __main__ - INFO - --- New Round Detected: 17 ---
[33mserver_1      |[0m INFO:werkzeug:172.18.0.19 - - [27/Jan/2026 14:53:56] "GET /download_model?round=17 HTTP/1.1" 200 -
[35;1mclient_008_1  |[0m 2026-01-27 14:53:57,465 - __main__ - INFO - Round 16 finished. Loss: 0.2864, Acc: 98.62%
[33mserver_1      |[0m INFO:__main__:Received update from client_008
[33mserver_1      |[0m INFO:werkzeug:172.18.0.16 - - [27/Jan/2026 14:53:57] "POST /submit_update HTTP/1.1" 200 -
[35;1mclient_008_1  |[0m 2026-01-27 14:53:57,600 - __main__ - INFO - 🚀 Model update submitted successfully.
[35;1mclient_008_1  |[0m 2026-01-27 14:53:57,600 - __main__ - INFO - Update submitted for Round 16. Waiting...
[34;1mclient_009_1  |[0m 2026-01-27 14:53:58,083 - __main__ - INFO - Round 16 finished. Loss: 0.9301, Acc: 73.23%
[33;1mclient_006_1  |[0m 2026-01-27 14:53:58,089 - __main__ - INFO - --- New Round Detected: 17 ---
[33mserver_1      |[0m INFO:werkzeug:172.18.0.9 - - [27/Jan/2026 14:53:58] "GET /download_model?round=17 HTTP/1.1" 200 -
[33mserver_1      |[0m INFO:__main__:Received update from client_009
[33mserver_1      |[0m INFO:werkzeug:172.18.0.11 - - [27/Jan/2026 14:53:58] "POST /submit_update HTTP/1.1" 200 -
[34;1mclient_009_1  |[0m 2026-01-27 14:53:58,222 - __main__ - INFO - 🚀 Model update submitted successfully.
[34;1mclient_009_1  |[0m 2026-01-27 14:53:58,223 - __main__ - INFO - Update submitted for Round 16. Waiting...
[33;1mclient_006_1  |[0m 2026-01-27 14:53:58,253 - __main__ - INFO - Round 17 finished. Loss: 1.2816, Acc: 57.14%
[33mserver_1      |[0m INFO:__main__:Received update from client_006
[33mserver_1      |[0m INFO:__main__:--- Aggregating 5 updates ---
[33mserver_1      |[0m INFO:__main__:⚡ Using Custom Aggregator with Drift Metric...
[33mserver_1      |[0m INFO:server.aggregator:Starting FedAvg aggregation for 5 clients.
[32mclient_002_1  |[0m 2026-01-27 14:53:59,140 - __main__ - INFO - Round 17 finished. Loss: 0.3798, Acc: 93.87%
[33mserver_1      |[0m INFO:werkzeug:172.18.0.19 - - [27/Jan/2026 14:53:59] "[31m[1mPOST /submit_update HTTP/1.1[0m" 400 -
[32mclient_002_1  |[0m 2026-01-27 14:53:59,204 - __main__ - ERROR - Update submission failed: {"error":"Not accepting updates"}
[32mclient_002_1  |[0m 
[32mclient_002_1  |[0m 2026-01-27 14:53:59,204 - __main__ - INFO - Update submitted for Round 17. Waiting...
[33mserver_1      |[0m INFO:server.aggregator:--- [METRIC] Weight Divergence: 1.7157
[33mserver_1      |[0m INFO:server.aggregator:FedAvg aggregation complete.
[33mserver_1      |[0m INFO:__main__:Aggregation complete.
[33mserver_1      |[0m ⏱️ [TIME] Client client_007 finished training in 1.17s
[33mserver_1      |[0m ⏱️ [TIME] Client client_010 finished training in 1.47s
[33mserver_1      |[0m ⏱️ [TIME] Client client_008 finished training in 3.66s
[33mserver_1      |[0m ⏱️ [TIME] Client client_009 finished training in 6.01s
[33mserver_1      |[0m ⏱️ [TIME] Client client_006 finished training in 0.04s
[33mserver_1      |[0m DEBUG: ⚠️ MY CUSTOM AGGREGATOR IS RUNNING ⚠️
[34mclient_004_1  |[0m 2026-01-27 14:54:01,613 - __main__ - INFO - Round 16 finished. Loss: 0.8158, Acc: 75.38%
[33mserver_1      |[0m INFO:werkzeug:172.18.0.17 - - [27/Jan/2026 14:54:01] "[31m[1mPOST /submit_update HTTP/1.1[0m" 400 -
[36;1mclient_005_1  |[0m 2026-01-27 14:54:01,638 - __main__ - INFO - --- New Round Detected: 17 ---
[34mclient_004_1  |[0m 2026-01-27 14:54:01,677 - __main__ - ERROR - Update submission failed: {"error":"Not accepting updates"}
[34mclient_004_1  |[0m 
[34mclient_004_1  |[0m 2026-01-27 14:54:01,677 - __main__ - INFO - Update submitted for Round 16. Waiting...
[33mserver_1      |[0m INFO:werkzeug:172.18.0.10 - - [27/Jan/2026 14:54:01] "GET /download_model?round=17 HTTP/1.1" 200 -
[33mserver_1      |[0m INFO:__main__:--- Round 17 Acc: 33.85%, Loss: 1.9537 ---
[33mserver_1      |[0m INFO:__main__:--- Starting Round 18. Timeout: 300s ---
[33mserver_1      |[0m INFO:werkzeug:172.18.0.9 - - [27/Jan/2026 14:54:01] "POST /submit_update HTTP/1.1" 200 -
[33;1mclient_006_1  |[0m 2026-01-27 14:54:01,967 - __main__ - INFO - 🚀 Model update submitted successfully.
[33;1mclient_006_1  |[0m 2026-01-27 14:54:01,967 - __main__ - INFO - Update submitted for Round 17. Waiting...
[33mclient_001_1  |[0m 2026-01-27 14:54:05,104 - __main__ - INFO - --- New Round Detected: 18 ---
[33mserver_1      |[0m INFO:werkzeug:172.18.0.21 - - [27/Jan/2026 14:54:05] "GET /download_model?round=18 HTTP/1.1" 200 -
[32;1mclient_007_1  |[0m 2026-01-27 14:54:05,254 - __main__ - INFO - --- New Round Detected: 18 ---
[33mserver_1      |[0m INFO:werkzeug:172.18.0.18 - - [27/Jan/2026 14:54:05] "GET /download_model?round=18 HTTP/1.1" 200 -
[36mclient_010_1  |[0m 2026-01-27 14:54:05,517 - __main__ - INFO - --- New Round Detected: 18 ---
[33mserver_1      |[0m INFO:werkzeug:172.18.0.20 - - [27/Jan/2026 14:54:05] "GET /download_model?round=18 HTTP/1.1" 200 -
[33mclient_001_1  |[0m 2026-01-27 14:54:06,063 - __main__ - INFO - Round 18 finished. Loss: 0.2099, Acc: 98.71%
[33mserver_1      |[0m INFO:__main__:Received update from client_001
[33mserver_1      |[0m INFO:werkzeug:172.18.0.21 - - [27/Jan/2026 14:54:06] "POST /submit_update HTTP/1.1" 200 -
[33mclient_001_1  |[0m 2026-01-27 14:54:06,200 - __main__ - INFO - 🚀 Model update submitted successfully.
[33mclient_001_1  |[0m 2026-01-27 14:54:06,200 - __main__ - INFO - Update submitted for Round 18. Waiting...
[32;1mclient_007_1  |[0m 2026-01-27 14:54:06,261 - __main__ - INFO - Round 18 finished. Loss: 0.9657, Acc: 71.98%
[33mserver_1      |[0m INFO:__main__:Received update from client_007
[33mserver_1      |[0m INFO:werkzeug:172.18.0.18 - - [27/Jan/2026 14:54:06] "POST /submit_update HTTP/1.1" 200 -
[32;1mclient_007_1  |[0m 2026-01-27 14:54:06,396 - __main__ - INFO - 🚀 Model update submitted successfully.
[32;1mclient_007_1  |[0m 2026-01-27 14:54:06,396 - __main__ - INFO - Update submitted for Round 18. Waiting...
[36;1mclient_005_1  |[0m 2026-01-27 14:54:06,584 - __main__ - INFO - Round 17 finished. Loss: 0.4939, Acc: 94.06%
[33mserver_1      |[0m INFO:__main__:Received update from client_005
[33mserver_1      |[0m INFO:werkzeug:172.18.0.10 - - [27/Jan/2026 14:54:06] "POST /submit_update HTTP/1.1" 200 -
[36;1mclient_005_1  |[0m 2026-01-27 14:54:06,724 - __main__ - INFO - 🚀 Model update submitted successfully.
[36;1mclient_005_1  |[0m 2026-01-27 14:54:06,724 - __main__ - INFO - Update submitted for Round 17. Waiting...
[36mclient_010_1  |[0m 2026-01-27 14:54:06,991 - __main__ - INFO - Round 18 finished. Loss: 0.2120, Acc: 98.28%
[33mserver_1      |[0m INFO:__main__:Received update from client_010
[33mserver_1      |[0m INFO:werkzeug:172.18.0.20 - - [27/Jan/2026 14:54:07] "POST /submit_update HTTP/1.1" 200 -
[36mclient_010_1  |[0m 2026-01-27 14:54:07,149 - __main__ - INFO - 🚀 Model update submitted successfully.
[36mclient_010_1  |[0m 2026-01-27 14:54:07,149 - __main__ - INFO - Update submitted for Round 18. Waiting...
[35;1mclient_008_1  |[0m 2026-01-27 14:54:07,663 - __main__ - INFO - --- New Round Detected: 18 ---
[33mserver_1      |[0m INFO:werkzeug:172.18.0.16 - - [27/Jan/2026 14:54:07] "GET /download_model?round=18 HTTP/1.1" 200 -
[34;1mclient_009_1  |[0m 2026-01-27 14:54:08,285 - __main__ - INFO - --- New Round Detected: 18 ---
[33mserver_1      |[0m INFO:werkzeug:172.18.0.11 - - [27/Jan/2026 14:54:08] "GET /download_model?round=18 HTTP/1.1" 200 -
[32mclient_002_1  |[0m 2026-01-27 14:54:09,269 - __main__ - INFO - --- New Round Detected: 18 ---
[33mserver_1      |[0m INFO:werkzeug:172.18.0.19 - - [27/Jan/2026 14:54:09] "GET /download_model?round=18 HTTP/1.1" 200 -
[35;1mclient_008_1  |[0m 2026-01-27 14:54:10,837 - __main__ - INFO - Round 18 finished. Loss: 0.1671, Acc: 98.52%
[33mserver_1      |[0m INFO:__main__:Received update from client_008
[33mserver_1      |[0m INFO:__main__:--- Aggregating 5 updates ---
[33mserver_1      |[0m INFO:__main__:⚡ Using Custom Aggregator with Drift Metric...
[33mserver_1      |[0m INFO:server.aggregator:Starting FedAvg aggregation for 5 clients.
[35mclient_003_1  |[0m 2026-01-27 14:54:11,357 - __main__ - INFO - Round 16 finished. Loss: 0.6902, Acc: 77.93%
[33mserver_1      |[0m INFO:werkzeug:172.18.0.22 - - [27/Jan/2026 14:54:11] "[31m[1mPOST /submit_update HTTP/1.1[0m" 400 -
[35mclient_003_1  |[0m 2026-01-27 14:54:11,421 - __main__ - ERROR - Update submission failed: {"error":"Not accepting updates"}
[35mclient_003_1  |[0m 
[35mclient_003_1  |[0m 2026-01-27 14:54:11,421 - __main__ - INFO - Update submitted for Round 16. Waiting...
[32mclient_002_1  |[0m 2026-01-27 14:54:11,778 - __main__ - INFO - Round 18 finished. Loss: 0.4250, Acc: 91.70%
[34mclient_004_1  |[0m 2026-01-27 14:54:11,772 - __main__ - INFO - --- New Round Detected: 18 ---
[33mserver_1      |[0m INFO:werkzeug:172.18.0.17 - - [27/Jan/2026 14:54:11] "GET /download_model?round=18 HTTP/1.1" 200 -
[33mserver_1      |[0m INFO:werkzeug:172.18.0.19 - - [27/Jan/2026 14:54:11] "[31m[1mPOST /submit_update HTTP/1.1[0m" 400 -
[32mclient_002_1  |[0m 2026-01-27 14:54:11,844 - __main__ - ERROR - Update submission failed: {"error":"Not accepting updates"}
[32mclient_002_1  |[0m 
[32mclient_002_1  |[0m 2026-01-27 14:54:11,844 - __main__ - INFO - Update submitted for Round 18. Waiting...
[34;1mclient_009_1  |[0m 2026-01-27 14:54:12,033 - __main__ - INFO - Round 18 finished. Loss: 0.7761, Acc: 73.93%
[33;1mclient_006_1  |[0m 2026-01-27 14:54:12,056 - __main__ - INFO - --- New Round Detected: 18 ---
[33mserver_1      |[0m INFO:werkzeug:172.18.0.11 - - [27/Jan/2026 14:54:12] "[31m[1mPOST /submit_update HTTP/1.1[0m" 400 -
[34;1mclient_009_1  |[0m 2026-01-27 14:54:12,100 - __main__ - ERROR - Update submission failed: {"error":"Not accepting updates"}
[34;1mclient_009_1  |[0m 
[34;1mclient_009_1  |[0m 2026-01-27 14:54:12,101 - __main__ - INFO - Update submitted for Round 18. Waiting...
[33mserver_1      |[0m INFO:werkzeug:172.18.0.9 - - [27/Jan/2026 14:54:12] "GET /download_model?round=18 HTTP/1.1" 200 -
[33;1mclient_006_1  |[0m 2026-01-27 14:54:12,250 - __main__ - INFO - Round 18 finished. Loss: 0.6433, Acc: 85.71%
[33mserver_1      |[0m INFO:werkzeug:172.18.0.9 - - [27/Jan/2026 14:54:12] "[31m[1mPOST /submit_update HTTP/1.1[0m" 400 -
[33;1mclient_006_1  |[0m 2026-01-27 14:54:12,318 - __main__ - ERROR - Update submission failed: {"error":"Not accepting updates"}
[33;1mclient_006_1  |[0m 
[33;1mclient_006_1  |[0m 2026-01-27 14:54:12,318 - __main__ - INFO - Update submitted for Round 18. Waiting...
[33mserver_1      |[0m INFO:server.aggregator:--- [METRIC] Weight Divergence: 1.9220
[33mserver_1      |[0m INFO:server.aggregator:FedAvg aggregation complete.
[33mserver_1      |[0m INFO:__main__:Aggregation complete.
[33mserver_1      |[0m ⏱️ [TIME] Client client_001 finished training in 0.83s
[33mserver_1      |[0m ⏱️ [TIME] Client client_007 finished training in 0.87s
[33mserver_1      |[0m ⏱️ [TIME] Client client_005 finished training in 4.76s
[33mserver_1      |[0m ⏱️ [TIME] Client client_010 finished training in 1.33s
[33mserver_1      |[0m ⏱️ [TIME] Client client_008 finished training in 3.05s
[33mserver_1      |[0m DEBUG: ⚠️ MY CUSTOM AGGREGATOR IS RUNNING ⚠️
[33mserver_1      |[0m INFO:__main__:--- Round 18 Acc: 33.64%, Loss: 1.9375 ---
[33mserver_1      |[0m INFO:__main__:--- Starting Round 19. Timeout: 300s ---
[33mserver_1      |[0m INFO:werkzeug:172.18.0.16 - - [27/Jan/2026 14:54:13] "POST /submit_update HTTP/1.1" 200 -
[35;1mclient_008_1  |[0m 2026-01-27 14:54:13,982 - __main__ - INFO - 🚀 Model update submitted successfully.
[35;1mclient_008_1  |[0m 2026-01-27 14:54:13,982 - __main__ - INFO - Update submitted for Round 18. Waiting...
[33mclient_001_1  |[0m 2026-01-27 14:54:16,270 - __main__ - INFO - --- New Round Detected: 19 ---
[33mserver_1      |[0m INFO:werkzeug:172.18.0.21 - - [27/Jan/2026 14:54:16] "GET /download_model?round=19 HTTP/1.1" 200 -
[32;1mclient_007_1  |[0m 2026-01-27 14:54:16,512 - __main__ - INFO - --- New Round Detected: 19 ---
[33mserver_1      |[0m INFO:werkzeug:172.18.0.18 - - [27/Jan/2026 14:54:16] "GET /download_model?round=19 HTTP/1.1" 200 -
[36;1mclient_005_1  |[0m 2026-01-27 14:54:16,788 - __main__ - INFO - --- New Round Detected: 19 ---
[33mserver_1      |[0m INFO:werkzeug:172.18.0.10 - - [27/Jan/2026 14:54:16] "GET /download_model?round=19 HTTP/1.1" 200 -
[33mclient_001_1  |[0m 2026-01-27 14:54:17,226 - __main__ - INFO - Round 19 finished. Loss: 0.2335, Acc: 98.06%
[36mclient_010_1  |[0m 2026-01-27 14:54:17,238 - __main__ - INFO - --- New Round Detected: 19 ---
[33mserver_1      |[0m INFO:werkzeug:172.18.0.20 - - [27/Jan/2026 14:54:17] "GET /download_model?round=19 HTTP/1.1" 200 -
[33mserver_1      |[0m INFO:__main__:Received update from client_001
[33mserver_1      |[0m INFO:werkzeug:172.18.0.21 - - [27/Jan/2026 14:54:17] "POST /submit_update HTTP/1.1" 200 -
[33mclient_001_1  |[0m 2026-01-27 14:54:17,363 - __main__ - INFO - 🚀 Model update submitted successfully.
[33mclient_001_1  |[0m 2026-01-27 14:54:17,364 - __main__ - INFO - Update submitted for Round 19. Waiting...
[32;1mclient_007_1  |[0m 2026-01-27 14:54:17,460 - __main__ - INFO - Round 19 finished. Loss: 0.9178, Acc: 67.58%
[33mserver_1      |[0m INFO:__main__:Received update from client_007
[33mserver_1      |[0m INFO:werkzeug:172.18.0.18 - - [27/Jan/2026 14:54:17] "POST /submit_update HTTP/1.1" 200 -
[32;1mclient_007_1  |[0m 2026-01-27 14:54:17,619 - __main__ - INFO - 🚀 Model update submitted successfully.
[32;1mclient_007_1  |[0m 2026-01-27 14:54:17,620 - __main__ - INFO - Update submitted for Round 19. Waiting...
[36mclient_010_1  |[0m 2026-01-27 14:54:18,556 - __main__ - INFO - Round 19 finished. Loss: 0.2366, Acc: 97.91%
[33mserver_1      |[0m INFO:__main__:Received update from client_010
[33mserver_1      |[0m INFO:werkzeug:172.18.0.20 - - [27/Jan/2026 14:54:18] "POST /submit_update HTTP/1.1" 200 -
[36mclient_010_1  |[0m 2026-01-27 14:54:18,719 - __main__ - INFO - 🚀 Model update submitted successfully.
[36mclient_010_1  |[0m 2026-01-27 14:54:18,719 - __main__ - INFO - Update submitted for Round 19. Waiting...
[36;1mclient_005_1  |[0m 2026-01-27 14:54:19,493 - __main__ - INFO - Round 19 finished. Loss: 0.2917, Acc: 94.13%
[33mserver_1      |[0m INFO:__main__:Received update from client_005
[33mserver_1      |[0m INFO:werkzeug:172.18.0.10 - - [27/Jan/2026 14:54:19] "POST /submit_update HTTP/1.1" 200 -
[36;1mclient_005_1  |[0m 2026-01-27 14:54:19,647 - __main__ - INFO - 🚀 Model update submitted successfully.
[36;1mclient_005_1  |[0m 2026-01-27 14:54:19,647 - __main__ - INFO - Update submitted for Round 19. Waiting...
[35mclient_003_1  |[0m 2026-01-27 14:54:21,484 - __main__ - INFO - --- New Round Detected: 19 ---
[33mserver_1      |[0m INFO:werkzeug:172.18.0.22 - - [27/Jan/2026 14:54:21] "GET /download_model?round=19 HTTP/1.1" 200 -
[34mclient_004_1  |[0m 2026-01-27 14:54:21,553 - __main__ - INFO - Round 18 finished. Loss: 0.8544, Acc: 76.64%
[33mserver_1      |[0m INFO:__main__:Received update from client_004
[33mserver_1      |[0m INFO:__main__:--- Aggregating 5 updates ---
[33mserver_1      |[0m INFO:__main__:⚡ Using Custom Aggregator with Drift Metric...
[33mserver_1      |[0m INFO:server.aggregator:Starting FedAvg aggregation for 5 clients.
[32mclient_002_1  |[0m 2026-01-27 14:54:21,944 - __main__ - INFO - --- New Round Detected: 19 ---
[33mserver_1      |[0m INFO:werkzeug:172.18.0.19 - - [27/Jan/2026 14:54:21] "GET /download_model?round=19 HTTP/1.1" 200 -
[34;1mclient_009_1  |[0m 2026-01-27 14:54:22,247 - __main__ - INFO - --- New Round Detected: 19 ---
[33mserver_1      |[0m INFO:werkzeug:172.18.0.11 - - [27/Jan/2026 14:54:22] "GET /download_model?round=19 HTTP/1.1" 200 -
[33;1mclient_006_1  |[0m 2026-01-27 14:54:22,384 - __main__ - INFO - --- New Round Detected: 19 ---
[33mserver_1      |[0m INFO:werkzeug:172.18.0.9 - - [27/Jan/2026 14:54:22] "GET /download_model?round=19 HTTP/1.1" 200 -
[33;1mclient_006_1  |[0m 2026-01-27 14:54:22,554 - __main__ - INFO - Round 19 finished. Loss: 1.0981, Acc: 71.43%
[33mserver_1      |[0m INFO:werkzeug:172.18.0.9 - - [27/Jan/2026 14:54:22] "[31m[1mPOST /submit_update HTTP/1.1[0m" 400 -
[33;1mclient_006_1  |[0m 2026-01-27 14:54:22,630 - __main__ - ERROR - Update submission failed: {"error":"Not accepting updates"}
[33;1mclient_006_1  |[0m 
[33;1mclient_006_1  |[0m 2026-01-27 14:54:22,630 - __main__ - INFO - Update submitted for Round 19. Waiting...
[35;1mclient_008_1  |[0m 2026-01-27 14:54:24,108 - __main__ - INFO - --- New Round Detected: 19 ---
[33mserver_1      |[0m INFO:werkzeug:172.18.0.16 - - [27/Jan/2026 14:54:24] "GET /download_model?round=19 HTTP/1.1" 200 -
[33mserver_1      |[0m INFO:server.aggregator:--- [METRIC] Weight Divergence: 1.7973
[33mserver_1      |[0m INFO:server.aggregator:FedAvg aggregation complete.
[33mserver_1      |[0m INFO:__main__:Aggregation complete.
[33mserver_1      |[0m ⏱️ [TIME] Client client_001 finished training in 0.78s
[33mserver_1      |[0m ⏱️ [TIME] Client client_007 finished training in 0.77s
[33mserver_1      |[0m ⏱️ [TIME] Client client_010 finished training in 1.19s
[33mserver_1      |[0m ⏱️ [TIME] Client client_005 finished training in 2.57s
[33mserver_1      |[0m ⏱️ [TIME] Client client_004 finished training in 9.65s
[33mserver_1      |[0m DEBUG: ⚠️ MY CUSTOM AGGREGATOR IS RUNNING ⚠️
[32mclient_002_1  |[0m 2026-01-27 14:54:24,714 - __main__ - INFO - Round 19 finished. Loss: 0.4379, Acc: 90.22%
[33mserver_1      |[0m INFO:werkzeug:172.18.0.19 - - [27/Jan/2026 14:54:24] "[31m[1mPOST /submit_update HTTP/1.1[0m" 400 -
[32mclient_002_1  |[0m 2026-01-27 14:54:24,793 - __main__ - ERROR - Update submission failed: {"error":"Not accepting updates"}
[32mclient_002_1  |[0m 
[32mclient_002_1  |[0m 2026-01-27 14:54:24,793 - __main__ - INFO - Update submitted for Round 19. Waiting...
[33mserver_1      |[0m INFO:__main__:--- Round 19 Acc: 29.81%, Loss: 1.9888 ---
[33mserver_1      |[0m INFO:__main__:--- Starting Round 20. Timeout: 300s ---
[33mserver_1      |[0m INFO:werkzeug:172.18.0.17 - - [27/Jan/2026 14:54:26] "POST /submit_update HTTP/1.1" 200 -
[34mclient_004_1  |[0m 2026-01-27 14:54:26,059 - __main__ - INFO - 🚀 Model update submitted successfully.
[34mclient_004_1  |[0m 2026-01-27 14:54:26,060 - __main__ - INFO - Update submitted for Round 18. Waiting...
[35;1mclient_008_1  |[0m 2026-01-27 14:54:27,239 - __main__ - INFO - Round 19 finished. Loss: 0.2192, Acc: 97.24%
[33mserver_1      |[0m INFO:__main__:Received update from client_008
[33mserver_1      |[0m INFO:werkzeug:172.18.0.16 - - [27/Jan/2026 14:54:27] "POST /submit_update HTTP/1.1" 200 -
[35;1mclient_008_1  |[0m 2026-01-27 14:54:27,395 - __main__ - INFO - 🚀 Model update submitted successfully.
[35;1mclient_008_1  |[0m 2026-01-27 14:54:27,395 - __main__ - INFO - Update submitted for Round 19. Waiting...
[33mclient_001_1  |[0m 2026-01-27 14:54:27,432 - __main__ - INFO - --- New Round Detected: 20 ---
[33mserver_1      |[0m INFO:werkzeug:172.18.0.21 - - [27/Jan/2026 14:54:27] "GET /download_model?round=20 HTTP/1.1" 200 -
[32;1mclient_007_1  |[0m 2026-01-27 14:54:27,681 - __main__ - INFO - --- New Round Detected: 20 ---
[33mserver_1      |[0m INFO:werkzeug:172.18.0.18 - - [27/Jan/2026 14:54:27] "GET /download_model?round=20 HTTP/1.1" 200 -
[34;1mclient_009_1  |[0m 2026-01-27 14:54:27,921 - __main__ - INFO - Round 19 finished. Loss: 0.8323, Acc: 71.37%
[33mserver_1      |[0m INFO:__main__:Received update from client_009
[33mserver_1      |[0m INFO:werkzeug:172.18.0.11 - - [27/Jan/2026 14:54:28] "POST /submit_update HTTP/1.1" 200 -
[34;1mclient_009_1  |[0m 2026-01-27 14:54:28,059 - __main__ - INFO - 🚀 Model update submitted successfully.
[34;1mclient_009_1  |[0m 2026-01-27 14:54:28,059 - __main__ - INFO - Update submitted for Round 19. Waiting...
[33mclient_001_1  |[0m 2026-01-27 14:54:28,372 - __main__ - INFO - Round 20 finished. Loss: 0.3596, Acc: 98.38%
[33mserver_1      |[0m INFO:__main__:Received update from client_001
[33mserver_1      |[0m INFO:werkzeug:172.18.0.21 - - [27/Jan/2026 14:54:28] "POST /submit_update HTTP/1.1" 200 -
[33mclient_001_1  |[0m 2026-01-27 14:54:28,507 - __main__ - INFO - 🚀 Model update submitted successfully.
[33mclient_001_1  |[0m 2026-01-27 14:54:28,507 - __main__ - INFO - Update submitted for Round 20. Waiting...
[32;1mclient_007_1  |[0m 2026-01-27 14:54:28,742 - __main__ - INFO - Round 20 finished. Loss: 0.9283, Acc: 72.71%
[36mclient_010_1  |[0m 2026-01-27 14:54:28,793 - __main__ - INFO - --- New Round Detected: 20 ---
[33mserver_1      |[0m INFO:werkzeug:172.18.0.20 - - [27/Jan/2026 14:54:28] "GET /download_model?round=20 HTTP/1.1" 200 -
[33mserver_1      |[0m INFO:__main__:Received update from client_007
[33mserver_1      |[0m INFO:werkzeug:172.18.0.18 - - [27/Jan/2026 14:54:28] "POST /submit_update HTTP/1.1" 200 -
[32;1mclient_007_1  |[0m 2026-01-27 14:54:28,878 - __main__ - INFO - 🚀 Model update submitted successfully.
[32;1mclient_007_1  |[0m 2026-01-27 14:54:28,878 - __main__ - INFO - Update submitted for Round 20. Waiting...
[36mclient_010_1  |[0m 2026-01-27 14:54:29,573 - __main__ - INFO - Round 20 finished. Loss: 0.3602, Acc: 98.15%
[33mserver_1      |[0m INFO:__main__:Received update from client_010
[33mserver_1      |[0m INFO:__main__:--- Aggregating 5 updates ---
[33mserver_1      |[0m INFO:__main__:⚡ Using Custom Aggregator with Drift Metric...
[33mserver_1      |[0m INFO:server.aggregator:Starting FedAvg aggregation for 5 clients.
[36;1mclient_005_1  |[0m 2026-01-27 14:54:29,712 - __main__ - INFO - --- New Round Detected: 20 ---
[33mserver_1      |[0m INFO:werkzeug:172.18.0.10 - - [27/Jan/2026 14:54:29] "GET /download_model?round=20 HTTP/1.1" 200 -
[33mserver_1      |[0m INFO:server.aggregator:--- [METRIC] Weight Divergence: 1.5172
[33mserver_1      |[0m INFO:server.aggregator:FedAvg aggregation complete.
[33mserver_1      |[0m INFO:__main__:Aggregation complete.
[33mserver_1      |[0m ⏱️ [TIME] Client client_008 finished training in 2.98s
[33mserver_1      |[0m ⏱️ [TIME] Client client_009 finished training in 5.54s
[33mserver_1      |[0m ⏱️ [TIME] Client client_001 finished training in 0.81s
[33mserver_1      |[0m ⏱️ [TIME] Client client_007 finished training in 0.91s
[33mserver_1      |[0m ⏱️ [TIME] Client client_010 finished training in 0.63s
[33mserver_1      |[0m DEBUG: ⚠️ MY CUSTOM AGGREGATOR IS RUNNING ⚠️
[33;1mclient_006_1  |[0m 2026-01-27 14:54:32,711 - __main__ - INFO - --- New Round Detected: 20 ---
[33mserver_1      |[0m INFO:werkzeug:172.18.0.9 - - [27/Jan/2026 14:54:32] "GET /download_model?round=20 HTTP/1.1" 200 -
[33;1mclient_006_1  |[0m 2026-01-27 14:54:32,904 - __main__ - INFO - Round 20 finished. Loss: 0.8276, Acc: 78.57%
[33mserver_1      |[0m INFO:werkzeug:172.18.0.9 - - [27/Jan/2026 14:54:32] "[31m[1mPOST /submit_update HTTP/1.1[0m" 400 -
[33;1mclient_006_1  |[0m 2026-01-27 14:54:32,968 - __main__ - ERROR - Update submission failed: {"error":"Not accepting updates"}
[33;1mclient_006_1  |[0m 
[33;1mclient_006_1  |[0m 2026-01-27 14:54:32,968 - __main__ - INFO - Update submitted for Round 20. Waiting...
[36;1mclient_005_1  |[0m 2026-01-27 14:54:32,994 - __main__ - INFO - Round 20 finished. Loss: 0.2511, Acc: 94.84%
[33mserver_1      |[0m INFO:werkzeug:172.18.0.10 - - [27/Jan/2026 14:54:33] "[31m[1mPOST /submit_update HTTP/1.1[0m" 400 -
[36;1mclient_005_1  |[0m 2026-01-27 14:54:33,057 - __main__ - ERROR - Update submission failed: {"error":"Not accepting updates"}
[36;1mclient_005_1  |[0m 
[36;1mclient_005_1  |[0m 2026-01-27 14:54:33,057 - __main__ - INFO - Update submitted for Round 20. Waiting...
[33mserver_1      |[0m INFO:__main__:--- Round 20 Acc: 31.89%, Loss: 2.0321 ---
[33mserver_1      |[0m INFO:__main__:--- Starting Round 21. Timeout: 300s ---
[33mserver_1      |[0m INFO:werkzeug:172.18.0.20 - - [27/Jan/2026 14:54:33] "POST /submit_update HTTP/1.1" 200 -
[36mclient_010_1  |[0m 2026-01-27 14:54:33,575 - __main__ - INFO - 🚀 Model update submitted successfully.
[36mclient_010_1  |[0m 2026-01-27 14:54:33,575 - __main__ - INFO - Update submitted for Round 20. Waiting...
[32mclient_002_1  |[0m 2026-01-27 14:54:34,888 - __main__ - INFO - --- New Round Detected: 21 ---
[33mserver_1      |[0m INFO:werkzeug:172.18.0.19 - - [27/Jan/2026 14:54:34] "GET /download_model?round=21 HTTP/1.1" 200 -
[34mclient_004_1  |[0m 2026-01-27 14:54:36,125 - __main__ - INFO - --- New Round Detected: 21 ---
[33mserver_1      |[0m INFO:werkzeug:172.18.0.17 - - [27/Jan/2026 14:54:36] "GET /download_model?round=21 HTTP/1.1" 200 -
[32mclient_002_1  |[0m 2026-01-27 14:54:36,420 - __main__ - INFO - Round 21 finished. Loss: 0.3909, Acc: 91.70%
[33mserver_1      |[0m INFO:__main__:Received update from client_002
[33mserver_1      |[0m INFO:werkzeug:172.18.0.19 - - [27/Jan/2026 14:54:36] "POST /submit_update HTTP/1.1" 200 -
[32mclient_002_1  |[0m 2026-01-27 14:54:36,582 - __main__ - INFO - 🚀 Model update submitted successfully.
[32mclient_002_1  |[0m 2026-01-27 14:54:36,583 - __main__ - INFO - Update submitted for Round 21. Waiting...
[35;1mclient_008_1  |[0m 2026-01-27 14:54:37,470 - __main__ - INFO - --- New Round Detected: 21 ---
[33mserver_1      |[0m INFO:werkzeug:172.18.0.16 - - [27/Jan/2026 14:54:37] "GET /download_model?round=21 HTTP/1.1" 200 -
[34;1mclient_009_1  |[0m 2026-01-27 14:54:38,146 - __main__ - INFO - --- New Round Detected: 21 ---
[33mserver_1      |[0m INFO:werkzeug:172.18.0.11 - - [27/Jan/2026 14:54:38] "GET /download_model?round=21 HTTP/1.1" 200 -
[33mserver_1      |[0m INFO:werkzeug:172.18.0.21 - - [27/Jan/2026 14:54:38] "GET /download_model?round=21 HTTP/1.1" 200 -
[33mclient_001_1  |[0m 2026-01-27 14:54:38,572 - __main__ - INFO - --- New Round Detected: 21 ---
[32;1mclient_007_1  |[0m 2026-01-27 14:54:38,939 - __main__ - INFO - --- New Round Detected: 21 ---
[33mserver_1      |[0m INFO:werkzeug:172.18.0.18 - - [27/Jan/2026 14:54:38] "GET /download_model?round=21 HTTP/1.1" 200 -
[33mclient_001_1  |[0m 2026-01-27 14:54:39,275 - __main__ - INFO - Round 21 finished. Loss: 0.1767, Acc: 99.03%
[33mserver_1      |[0m INFO:__main__:Received update from client_001
[33mserver_1      |[0m INFO:werkzeug:172.18.0.21 - - [27/Jan/2026 14:54:39] "POST /submit_update HTTP/1.1" 200 -
[33mclient_001_1  |[0m 2026-01-27 14:54:39,452 - __main__ - INFO - 🚀 Model update submitted successfully.
[33mclient_001_1  |[0m 2026-01-27 14:54:39,452 - __main__ - INFO - Update submitted for Round 21. Waiting...
[32;1mclient_007_1  |[0m 2026-01-27 14:54:39,938 - __main__ - INFO - Round 21 finished. Loss: 1.0193, Acc: 67.95%
[33mserver_1      |[0m INFO:__main__:Received update from client_007
[33mserver_1      |[0m INFO:werkzeug:172.18.0.18 - - [27/Jan/2026 14:54:40] "POST /submit_update HTTP/1.1" 200 -
[32;1mclient_007_1  |[0m 2026-01-27 14:54:40,073 - __main__ - INFO - 🚀 Model update submitted successfully.
[32;1mclient_007_1  |[0m 2026-01-27 14:54:40,073 - __main__ - INFO - Update submitted for Round 21. Waiting...
[35;1mclient_008_1  |[0m 2026-01-27 14:54:40,697 - __main__ - INFO - Round 21 finished. Loss: 0.1789, Acc: 98.37%
[33mserver_1      |[0m INFO:__main__:Received update from client_008
[33mserver_1      |[0m INFO:werkzeug:172.18.0.16 - - [27/Jan/2026 14:54:40] "POST /submit_update HTTP/1.1" 200 -
[35;1mclient_008_1  |[0m 2026-01-27 14:54:40,851 - __main__ - INFO - 🚀 Model update submitted successfully.
[35;1mclient_008_1  |[0m 2026-01-27 14:54:40,851 - __main__ - INFO - Update submitted for Round 21. Waiting...
[34;1mclient_009_1  |[0m 2026-01-27 14:54:41,737 - __main__ - INFO - Round 21 finished. Loss: 0.7314, Acc: 73.79%
[33mserver_1      |[0m INFO:__main__:Received update from client_009
[33mserver_1      |[0m INFO:__main__:--- Aggregating 5 updates ---
[33mserver_1      |[0m INFO:__main__:⚡ Using Custom Aggregator with Drift Metric...
[33mserver_1      |[0m INFO:server.aggregator:Starting FedAvg aggregation for 5 clients.
[35mclient_003_1  |[0m 2026-01-27 14:54:42,393 - __main__ - INFO - Round 19 finished. Loss: 0.7275, Acc: 77.02%
[33mserver_1      |[0m INFO:werkzeug:172.18.0.22 - - [27/Jan/2026 14:54:42] "[31m[1mPOST /submit_update HTTP/1.1[0m" 400 -
[35mclient_003_1  |[0m 2026-01-27 14:54:42,457 - __main__ - ERROR - Update submission failed: {"error":"Not accepting updates"}
[35mclient_003_1  |[0m 
[35mclient_003_1  |[0m 2026-01-27 14:54:42,457 - __main__ - INFO - Update submitted for Round 19. Waiting...
[33;1mclient_006_1  |[0m 2026-01-27 14:54:43,096 - __main__ - INFO - --- New Round Detected: 21 ---
[33mserver_1      |[0m INFO:werkzeug:172.18.0.9 - - [27/Jan/2026 14:54:43] "GET /download_model?round=21 HTTP/1.1" 200 -
[36;1mclient_005_1  |[0m 2026-01-27 14:54:43,150 - __main__ - INFO - --- New Round Detected: 21 ---
[33;1mclient_006_1  |[0m 2026-01-27 14:54:43,265 - __main__ - INFO - Round 21 finished. Loss: 0.6578, Acc: 78.57%
[33mserver_1      |[0m INFO:werkzeug:172.18.0.10 - - [27/Jan/2026 14:54:43] "GET /download_model?round=21 HTTP/1.1" 200 -
[33mserver_1      |[0m INFO:werkzeug:172.18.0.9 - - [27/Jan/2026 14:54:43] "[31m[1mPOST /submit_update HTTP/1.1[0m" 400 -
[33;1mclient_006_1  |[0m 2026-01-27 14:54:43,333 - __main__ - ERROR - Update submission failed: {"error":"Not accepting updates"}
[33;1mclient_006_1  |[0m 
[33;1mclient_006_1  |[0m 2026-01-27 14:54:43,333 - __main__ - INFO - Update submitted for Round 21. Waiting...
[36mclient_010_1  |[0m 2026-01-27 14:54:43,641 - __main__ - INFO - --- New Round Detected: 21 ---
[33mserver_1      |[0m INFO:werkzeug:172.18.0.20 - - [27/Jan/2026 14:54:43] "GET /download_model?round=21 HTTP/1.1" 200 -
[33mserver_1      |[0m INFO:server.aggregator:--- [METRIC] Weight Divergence: 1.1053
[33mserver_1      |[0m INFO:server.aggregator:FedAvg aggregation complete.
[33mserver_1      |[0m INFO:__main__:Aggregation complete.
[33mserver_1      |[0m ⏱️ [TIME] Client client_002 finished training in 1.38s
[33mserver_1      |[0m ⏱️ [TIME] Client client_001 finished training in 0.57s
[33mserver_1      |[0m ⏱️ [TIME] Client client_007 finished training in 0.87s
[33mserver_1      |[0m ⏱️ [TIME] Client client_008 finished training in 3.08s
[33mserver_1      |[0m ⏱️ [TIME] Client client_009 finished training in 3.47s
[33mserver_1      |[0m DEBUG: ⚠️ MY CUSTOM AGGREGATOR IS RUNNING ⚠️
[36mclient_010_1  |[0m 2026-01-27 14:54:44,988 - __main__ - INFO - Round 21 finished. Loss: 0.1910, Acc: 98.40%
[33mserver_1      |[0m INFO:werkzeug:172.18.0.20 - - [27/Jan/2026 14:54:45] "[31m[1mPOST /submit_update HTTP/1.1[0m" 400 -
[36mclient_010_1  |[0m 2026-01-27 14:54:45,061 - __main__ - ERROR - Update submission failed: {"error":"Not accepting updates"}
[36mclient_010_1  |[0m 
[36mclient_010_1  |[0m 2026-01-27 14:54:45,062 - __main__ - INFO - Update submitted for Round 21. Waiting...
[34mclient_004_1  |[0m 2026-01-27 14:54:45,479 - __main__ - INFO - Round 21 finished. Loss: 0.8540, Acc: 76.33%
[33mserver_1      |[0m INFO:werkzeug:172.18.0.17 - - [27/Jan/2026 14:54:45] "[31m[1mPOST /submit_update HTTP/1.1[0m" 400 -
[34mclient_004_1  |[0m 2026-01-27 14:54:45,545 - __main__ - ERROR - Update submission failed: {"error":"Not accepting updates"}
[34mclient_004_1  |[0m 
[34mclient_004_1  |[0m 2026-01-27 14:54:45,545 - __main__ - INFO - Update submitted for Round 21. Waiting...
[33mserver_1      |[0m INFO:__main__:--- Round 21 Acc: 28.48%, Loss: 2.1297 ---
[33mserver_1      |[0m INFO:__main__:--- Starting Round 22. Timeout: 300s ---
[33mserver_1      |[0m INFO:werkzeug:172.18.0.11 - - [27/Jan/2026 14:54:45] "POST /submit_update HTTP/1.1" 200 -
[34;1mclient_009_1  |[0m 2026-01-27 14:54:45,933 - __main__ - INFO - 🚀 Model update submitted successfully.
[34;1mclient_009_1  |[0m 2026-01-27 14:54:45,933 - __main__ - INFO - Update submitted for Round 21. Waiting...
[32mclient_002_1  |[0m 2026-01-27 14:54:46,651 - __main__ - INFO - --- New Round Detected: 22 ---
[33mserver_1      |[0m INFO:werkzeug:172.18.0.19 - - [27/Jan/2026 14:54:46] "GET /download_model?round=22 HTTP/1.1" 200 -
[36;1mclient_005_1  |[0m 2026-01-27 14:54:48,023 - __main__ - INFO - Round 21 finished. Loss: 0.4799, Acc: 94.47%
[33mserver_1      |[0m INFO:__main__:Received update from client_005
[33mserver_1      |[0m INFO:werkzeug:172.18.0.10 - - [27/Jan/2026 14:54:48] "POST /submit_update HTTP/1.1" 200 -
[36;1mclient_005_1  |[0m 2026-01-27 14:54:48,157 - __main__ - INFO - 🚀 Model update submitted successfully.
[36;1mclient_005_1  |[0m 2026-01-27 14:54:48,158 - __main__ - INFO - Update submitted for Round 21. Waiting...
[32mclient_002_1  |[0m 2026-01-27 14:54:49,040 - __main__ - INFO - Round 22 finished. Loss: 0.3393, Acc: 92.79%
[33mserver_1      |[0m INFO:__main__:Received update from client_002
[33mserver_1      |[0m INFO:werkzeug:172.18.0.19 - - [27/Jan/2026 14:54:49] "POST /submit_update HTTP/1.1" 200 -
[32mclient_002_1  |[0m 2026-01-27 14:54:49,175 - __main__ - INFO - 🚀 Model update submitted successfully.
[32mclient_002_1  |[0m 2026-01-27 14:54:49,176 - __main__ - INFO - Update submitted for Round 22. Waiting...
[33mclient_001_1  |[0m 2026-01-27 14:54:49,517 - __main__ - INFO - --- New Round Detected: 22 ---
[33mserver_1      |[0m INFO:werkzeug:172.18.0.21 - - [27/Jan/2026 14:54:49] "GET /download_model?round=22 HTTP/1.1" 200 -
[32;1mclient_007_1  |[0m 2026-01-27 14:54:50,142 - __main__ - INFO - --- New Round Detected: 22 ---
[33mserver_1      |[0m INFO:werkzeug:172.18.0.18 - - [27/Jan/2026 14:54:50] "GET /download_model?round=22 HTTP/1.1" 200 -
[33mclient_001_1  |[0m 2026-01-27 14:54:50,237 - __main__ - INFO - Round 22 finished. Loss: 0.1606, Acc: 98.71%
[33mserver_1      |[0m INFO:__main__:Received update from client_001
[33mserver_1      |[0m INFO:werkzeug:172.18.0.21 - - [27/Jan/2026 14:54:50] "POST /submit_update HTTP/1.1" 200 -
[33mclient_001_1  |[0m 2026-01-27 14:54:50,382 - __main__ - INFO - 🚀 Model update submitted successfully.
[33mclient_001_1  |[0m 2026-01-27 14:54:50,382 - __main__ - INFO - Update submitted for Round 22. Waiting...
[35;1mclient_008_1  |[0m 2026-01-27 14:54:51,039 - __main__ - INFO - --- New Round Detected: 22 ---
[33mserver_1      |[0m INFO:werkzeug:172.18.0.16 - - [27/Jan/2026 14:54:51] "GET /download_model?round=22 HTTP/1.1" 200 -
[32;1mclient_007_1  |[0m 2026-01-27 14:54:51,077 - __main__ - INFO - Round 22 finished. Loss: 1.0046, Acc: 70.70%
[33mserver_1      |[0m INFO:__main__:Received update from client_007
[33mserver_1      |[0m INFO:werkzeug:172.18.0.18 - - [27/Jan/2026 14:54:51] "POST /submit_update HTTP/1.1" 200 -
[32;1mclient_007_1  |[0m 2026-01-27 14:54:51,213 - __main__ - INFO - 🚀 Model update submitted successfully.
[32;1mclient_007_1  |[0m 2026-01-27 14:54:51,213 - __main__ - INFO - Update submitted for Round 22. Waiting...
[35mclient_003_1  |[0m 2026-01-27 14:54:52,529 - __main__ - INFO - --- New Round Detected: 22 ---
[33mserver_1      |[0m INFO:werkzeug:172.18.0.22 - - [27/Jan/2026 14:54:52] "GET /download_model?round=22 HTTP/1.1" 200 -
[33;1mclient_006_1  |[0m 2026-01-27 14:54:53,436 - __main__ - INFO - --- New Round Detected: 22 ---
[33mserver_1      |[0m INFO:werkzeug:172.18.0.9 - - [27/Jan/2026 14:54:53] "GET /download_model?round=22 HTTP/1.1" 200 -
[33;1mclient_006_1  |[0m 2026-01-27 14:54:53,627 - __main__ - INFO - Round 22 finished. Loss: 0.7170, Acc: 85.71%
[33mserver_1      |[0m INFO:__main__:Received update from client_006
[33mserver_1      |[0m INFO:__main__:--- Aggregating 5 updates ---
[33mserver_1      |[0m INFO:__main__:⚡ Using Custom Aggregator with Drift Metric...
[33mserver_1      |[0m INFO:server.aggregator:Starting FedAvg aggregation for 5 clients.
[35;1mclient_008_1  |[0m 2026-01-27 14:54:54,143 - __main__ - INFO - Round 22 finished. Loss: 0.1808, Acc: 98.32%
[33mserver_1      |[0m INFO:werkzeug:172.18.0.16 - - [27/Jan/2026 14:54:54] "[31m[1mPOST /submit_update HTTP/1.1[0m" 400 -
[35;1mclient_008_1  |[0m 2026-01-27 14:54:54,210 - __main__ - ERROR - Update submission failed: {"error":"Not accepting updates"}
[35;1mclient_008_1  |[0m 
[35;1mclient_008_1  |[0m 2026-01-27 14:54:54,210 - __main__ - INFO - Update submitted for Round 22. Waiting...
[36mclient_010_1  |[0m 2026-01-27 14:54:55,126 - __main__ - INFO - --- New Round Detected: 22 ---
[33mserver_1      |[0m INFO:werkzeug:172.18.0.20 - - [27/Jan/2026 14:54:55] "GET /download_model?round=22 HTTP/1.1" 200 -
[34mclient_004_1  |[0m 2026-01-27 14:54:55,617 - __main__ - INFO - --- New Round Detected: 22 ---
[33mserver_1      |[0m INFO:werkzeug:172.18.0.17 - - [27/Jan/2026 14:54:55] "GET /download_model?round=22 HTTP/1.1" 200 -
[34;1mclient_009_1  |[0m 2026-01-27 14:54:56,050 - __main__ - INFO - --- New Round Detected: 22 ---
[33mserver_1      |[0m INFO:werkzeug:172.18.0.11 - - [27/Jan/2026 14:54:56] "GET /download_model?round=22 HTTP/1.1" 200 -
[33mserver_1      |[0m INFO:server.aggregator:--- [METRIC] Weight Divergence: 1.1983
[33mserver_1      |[0m INFO:server.aggregator:FedAvg aggregation complete.
[33mserver_1      |[0m INFO:__main__:Aggregation complete.
[33mserver_1      |[0m ⏱️ [TIME] Client client_005 finished training in 4.63s
[33mserver_1      |[0m ⏱️ [TIME] Client client_002 finished training in 2.17s
[33mserver_1      |[0m ⏱️ [TIME] Client client_001 finished training in 0.59s
[33mserver_1      |[0m ⏱️ [TIME] Client client_007 finished training in 0.79s
[33mserver_1      |[0m ⏱️ [TIME] Client client_006 finished training in 0.06s
[33mserver_1      |[0m DEBUG: ⚠️ MY CUSTOM AGGREGATOR IS RUNNING ⚠️
[36mclient_010_1  |[0m 2026-01-27 14:54:56,617 - __main__ - INFO - Round 22 finished. Loss: 0.1461, Acc: 98.52%
[33mserver_1      |[0m INFO:werkzeug:172.18.0.20 - - [27/Jan/2026 14:54:56] "[31m[1mPOST /submit_update HTTP/1.1[0m" 400 -
[36mclient_010_1  |[0m 2026-01-27 14:54:56,683 - __main__ - ERROR - Update submission failed: {"error":"Not accepting updates"}
[36mclient_010_1  |[0m 
[36mclient_010_1  |[0m 2026-01-27 14:54:56,683 - __main__ - INFO - Update submitted for Round 22. Waiting...
[33mserver_1      |[0m INFO:__main__:--- Round 22 Acc: 30.75%, Loss: 1.9598 ---
[33mserver_1      |[0m INFO:__main__:--- Starting Round 23. Timeout: 300s ---
[33mserver_1      |[0m INFO:werkzeug:172.18.0.9 - - [27/Jan/2026 14:54:57] "POST /submit_update HTTP/1.1" 200 -
[33;1mclient_006_1  |[0m 2026-01-27 14:54:57,625 - __main__ - INFO - 🚀 Model update submitted successfully.
[33;1mclient_006_1  |[0m 2026-01-27 14:54:57,625 - __main__ - INFO - Update submitted for Round 22. Waiting...
[36;1mclient_005_1  |[0m 2026-01-27 14:54:58,238 - __main__ - INFO - --- New Round Detected: 23 ---
[33mserver_1      |[0m INFO:werkzeug:172.18.0.10 - - [27/Jan/2026 14:54:58] "GET /download_model?round=23 HTTP/1.1" 200 -
[32mclient_002_1  |[0m 2026-01-27 14:54:59,301 - __main__ - INFO - --- New Round Detected: 23 ---
[33mserver_1      |[0m INFO:werkzeug:172.18.0.19 - - [27/Jan/2026 14:54:59] "GET /download_model?round=23 HTTP/1.1" 200 -
[33mclient_001_1  |[0m 2026-01-27 14:55:00,444 - __main__ - INFO - --- New Round Detected: 23 ---
[33mserver_1      |[0m INFO:werkzeug:172.18.0.21 - - [27/Jan/2026 14:55:00] "GET /download_model?round=23 HTTP/1.1" 200 -
[33mclient_001_1  |[0m 2026-01-27 14:55:01,275 - __main__ - INFO - Round 23 finished. Loss: 0.2795, Acc: 98.38%
[32;1mclient_007_1  |[0m 2026-01-27 14:55:01,275 - __main__ - INFO - --- New Round Detected: 23 ---
[33mserver_1      |[0m INFO:werkzeug:172.18.0.18 - - [27/Jan/2026 14:55:01] "GET /download_model?round=23 HTTP/1.1" 200 -
[33mserver_1      |[0m INFO:__main__:Received update from client_001
[33mserver_1      |[0m INFO:werkzeug:172.18.0.21 - - [27/Jan/2026 14:55:01] "POST /submit_update HTTP/1.1" 200 -
[33mclient_001_1  |[0m 2026-01-27 14:55:01,432 - __main__ - INFO - 🚀 Model update submitted successfully.
[33mclient_001_1  |[0m 2026-01-27 14:55:01,433 - __main__ - INFO - Update submitted for Round 23. Waiting...
[34;1mclient_009_1  |[0m 2026-01-27 14:55:01,836 - __main__ - INFO - Round 22 finished. Loss: 0.7011, Acc: 75.33%
[33mserver_1      |[0m INFO:__main__:Received update from client_009
[33mserver_1      |[0m INFO:werkzeug:172.18.0.11 - - [27/Jan/2026 14:55:01] "POST /submit_update HTTP/1.1" 200 -
[34;1mclient_009_1  |[0m 2026-01-27 14:55:01,972 - __main__ - INFO - 🚀 Model update submitted successfully.
[34;1mclient_009_1  |[0m 2026-01-27 14:55:01,973 - __main__ - INFO - Update submitted for Round 22. Waiting...
[32mclient_002_1  |[0m 2026-01-27 14:55:02,243 - __main__ - INFO - Round 23 finished. Loss: 0.4381, Acc: 92.29%
[33mserver_1      |[0m INFO:__main__:Received update from client_002
[33mserver_1      |[0m INFO:werkzeug:172.18.0.19 - - [27/Jan/2026 14:55:02] "POST /submit_update HTTP/1.1" 200 -
[32;1mclient_007_1  |[0m 2026-01-27 14:55:02,347 - __main__ - INFO - Round 23 finished. Loss: 0.9527, Acc: 71.06%
[32mclient_002_1  |[0m 2026-01-27 14:55:02,384 - __main__ - INFO - 🚀 Model update submitted successfully.
[32mclient_002_1  |[0m 2026-01-27 14:55:02,385 - __main__ - INFO - Update submitted for Round 23. Waiting...
[33mserver_1      |[0m INFO:__main__:Received update from client_007
[33mserver_1      |[0m INFO:werkzeug:172.18.0.18 - - [27/Jan/2026 14:55:02] "POST /submit_update HTTP/1.1" 200 -
[32;1mclient_007_1  |[0m 2026-01-27 14:55:02,482 - __main__ - INFO - 🚀 Model update submitted successfully.
[32;1mclient_007_1  |[0m 2026-01-27 14:55:02,482 - __main__ - INFO - Update submitted for Round 23. Waiting...
[36;1mclient_005_1  |[0m 2026-01-27 14:55:03,479 - __main__ - INFO - Round 23 finished. Loss: 0.2725, Acc: 94.53%
[33mserver_1      |[0m INFO:__main__:Received update from client_005
[33mserver_1      |[0m INFO:__main__:--- Aggregating 5 updates ---
[33mserver_1      |[0m INFO:__main__:⚡ Using Custom Aggregator with Drift Metric...
[33mserver_1      |[0m INFO:server.aggregator:Starting FedAvg aggregation for 5 clients.
[35;1mclient_008_1  |[0m 2026-01-27 14:55:04,305 - __main__ - INFO - --- New Round Detected: 23 ---
[33mserver_1      |[0m INFO:werkzeug:172.18.0.16 - - [27/Jan/2026 14:55:04] "GET /download_model?round=23 HTTP/1.1" 200 -
[33mserver_1      |[0m INFO:server.aggregator:--- [METRIC] Weight Divergence: 1.2627
[33mserver_1      |[0m INFO:server.aggregator:FedAvg aggregation complete.
[33mserver_1      |[0m INFO:__main__:Aggregation complete.
[34mclient_004_1  |[0m 2026-01-27 14:55:06,174 - __main__ - INFO - Round 22 finished. Loss: 0.8689, Acc: 77.64%
[33mserver_1      |[0m INFO:werkzeug:172.18.0.17 - - [27/Jan/2026 14:55:06] "[31m[1mPOST /submit_update HTTP/1.1[0m" 400 -
[34mclient_004_1  |[0m 2026-01-27 14:55:06,387 - __main__ - ERROR - Update submission failed: {"error":"Not accepting updates"}
[34mclient_004_1  |[0m 
[34mclient_004_1  |[0m 2026-01-27 14:55:06,388 - __main__ - INFO - Update submitted for Round 22. Waiting...
[33mserver_1      |[0m ⏱️ [TIME] Client client_001 finished training in 0.69s
[33mserver_1      |[0m ⏱️ [TIME] Client client_009 finished training in 5.64s
[33mserver_1      |[0m ⏱️ [TIME] Client client_002 finished training in 2.81s
[33mserver_1      |[0m ⏱️ [TIME] Client client_007 finished training in 0.94s
[33mserver_1      |[0m ⏱️ [TIME] Client client_005 finished training in 5.10s
[33mserver_1      |[0m DEBUG: ⚠️ MY CUSTOM AGGREGATOR IS RUNNING ⚠️
[36mclient_010_1  |[0m 2026-01-27 14:55:06,748 - __main__ - INFO - --- New Round Detected: 23 ---
[33mserver_1      |[0m INFO:werkzeug:172.18.0.20 - - [27/Jan/2026 14:55:06] "GET /download_model?round=23 HTTP/1.1" 200 -
[35;1mclient_008_1  |[0m 2026-01-27 14:55:07,449 - __main__ - INFO - Round 23 finished. Loss: 0.3195, Acc: 98.23%
[33mserver_1      |[0m INFO:werkzeug:172.18.0.16 - - [27/Jan/2026 14:55:07] "[31m[1mPOST /submit_update HTTP/1.1[0m" 400 -
[35;1mclient_008_1  |[0m 2026-01-27 14:55:07,525 - __main__ - ERROR - Update submission failed: {"error":"Not accepting updates"}
[35;1mclient_008_1  |[0m 
[35;1mclient_008_1  |[0m 2026-01-27 14:55:07,525 - __main__ - INFO - Update submitted for Round 23. Waiting...
[33;1mclient_006_1  |[0m 2026-01-27 14:55:07,690 - __main__ - INFO - --- New Round Detected: 23 ---
[33mserver_1      |[0m INFO:werkzeug:172.18.0.9 - - [27/Jan/2026 14:55:07] "GET /download_model?round=23 HTTP/1.1" 200 -
[33mserver_1      |[0m INFO:__main__:--- Round 23 Acc: 40.01%, Loss: 1.7692 ---
[33mserver_1      |[0m INFO:__main__:--- Starting Round 24. Timeout: 300s ---
[33mserver_1      |[0m INFO:werkzeug:172.18.0.10 - - [27/Jan/2026 14:55:07] "POST /submit_update HTTP/1.1" 200 -
[36;1mclient_005_1  |[0m 2026-01-27 14:55:07,876 - __main__ - INFO - 🚀 Model update submitted successfully.
[36;1mclient_005_1  |[0m 2026-01-27 14:55:07,876 - __main__ - INFO - Update submitted for Round 23. Waiting...
[33;1mclient_006_1  |[0m 2026-01-27 14:55:07,975 - __main__ - INFO - Round 23 finished. Loss: 1.2465, Acc: 50.00%
[33mserver_1      |[0m INFO:__main__:Received update from client_006
[33mserver_1      |[0m INFO:werkzeug:172.18.0.9 - - [27/Jan/2026 14:55:08] "POST /submit_update HTTP/1.1" 200 -
[36mclient_010_1  |[0m 2026-01-27 14:55:08,150 - __main__ - INFO - Round 23 finished. Loss: 0.2771, Acc: 98.52%
[33;1mclient_006_1  |[0m 2026-01-27 14:55:08,139 - __main__ - INFO - 🚀 Model update submitted successfully.
[33;1mclient_006_1  |[0m 2026-01-27 14:55:08,140 - __main__ - INFO - Update submitted for Round 23. Waiting...
[33mserver_1      |[0m INFO:__main__:Received update from client_010
[33mserver_1      |[0m INFO:werkzeug:172.18.0.20 - - [27/Jan/2026 14:55:08] "POST /submit_update HTTP/1.1" 200 -
[36mclient_010_1  |[0m 2026-01-27 14:55:08,288 - __main__ - INFO - 🚀 Model update submitted successfully.
[36mclient_010_1  |[0m 2026-01-27 14:55:08,288 - __main__ - INFO - Update submitted for Round 23. Waiting...
[33mclient_001_1  |[0m 2026-01-27 14:55:11,497 - __main__ - INFO - --- New Round Detected: 24 ---
[33mserver_1      |[0m INFO:werkzeug:172.18.0.21 - - [27/Jan/2026 14:55:11] "GET /download_model?round=24 HTTP/1.1" 200 -
[34;1mclient_009_1  |[0m 2026-01-27 14:55:12,038 - __main__ - INFO - --- New Round Detected: 24 ---
[33mserver_1      |[0m INFO:werkzeug:172.18.0.11 - - [27/Jan/2026 14:55:12] "GET /download_model?round=24 HTTP/1.1" 200 -
[33mclient_001_1  |[0m 2026-01-27 14:55:12,186 - __main__ - INFO - Round 24 finished. Loss: 0.2157, Acc: 98.71%
[33mserver_1      |[0m INFO:__main__:Received update from client_001
[33mserver_1      |[0m INFO:werkzeug:172.18.0.21 - - [27/Jan/2026 14:55:12] "POST /submit_update HTTP/1.1" 200 -
[33mclient_001_1  |[0m 2026-01-27 14:55:12,320 - __main__ - INFO - 🚀 Model update submitted successfully.
[33mclient_001_1  |[0m 2026-01-27 14:55:12,320 - __main__ - INFO - Update submitted for Round 24. Waiting...
[32mclient_002_1  |[0m 2026-01-27 14:55:12,453 - __main__ - INFO - --- New Round Detected: 24 ---
[33mserver_1      |[0m INFO:werkzeug:172.18.0.19 - - [27/Jan/2026 14:55:12] "GET /download_model?round=24 HTTP/1.1" 200 -
[32;1mclient_007_1  |[0m 2026-01-27 14:55:12,562 - __main__ - INFO - --- New Round Detected: 24 ---
[33mserver_1      |[0m INFO:werkzeug:172.18.0.18 - - [27/Jan/2026 14:55:12] "GET /download_model?round=24 HTTP/1.1" 200 -
[35mclient_003_1  |[0m 2026-01-27 14:55:13,434 - __main__ - INFO - Round 22 finished. Loss: 0.8436, Acc: 76.94%
[33mserver_1      |[0m INFO:__main__:Received update from client_003
[33mserver_1      |[0m INFO:werkzeug:172.18.0.22 - - [27/Jan/2026 14:55:13] "POST /submit_update HTTP/1.1" 200 -
[35mclient_003_1  |[0m 2026-01-27 14:55:13,569 - __main__ - INFO - 🚀 Model update submitted successfully.
[35mclient_003_1  |[0m 2026-01-27 14:55:13,570 - __main__ - INFO - Update submitted for Round 22. Waiting...
[32;1mclient_007_1  |[0m 2026-01-27 14:55:13,661 - __main__ - INFO - Round 24 finished. Loss: 0.9958, Acc: 67.40%
[33mserver_1      |[0m INFO:__main__:Received update from client_007
[33mserver_1      |[0m INFO:__main__:--- Aggregating 5 updates ---
[33mserver_1      |[0m INFO:__main__:⚡ Using Custom Aggregator with Drift Metric...
[33mserver_1      |[0m INFO:server.aggregator:Starting FedAvg aggregation for 5 clients.
[32mclient_002_1  |[0m 2026-01-27 14:55:14,772 - __main__ - INFO - Round 24 finished. Loss: 0.3740, Acc: 93.38%
[33mserver_1      |[0m INFO:werkzeug:172.18.0.19 - - [27/Jan/2026 14:55:14] "[31m[1mPOST /submit_update HTTP/1.1[0m" 400 -
[32mclient_002_1  |[0m 2026-01-27 14:55:14,836 - __main__ - ERROR - Update submission failed: {"error":"Not accepting updates"}
[32mclient_002_1  |[0m 
[32mclient_002_1  |[0m 2026-01-27 14:55:14,837 - __main__ - INFO - Update submitted for Round 24. Waiting...
[33mserver_1      |[0m INFO:server.aggregator:--- [METRIC] Weight Divergence: 2.7214
[33mserver_1      |[0m INFO:server.aggregator:FedAvg aggregation complete.
[33mserver_1      |[0m INFO:__main__:Aggregation complete.
[33mserver_1      |[0m ⏱️ [TIME] Client client_006 finished training in 0.03s
[33mserver_1      |[0m ⏱️ [TIME] Client client_010 finished training in 1.21s
[33mserver_1      |[0m ⏱️ [TIME] Client client_001 finished training in 0.54s
[33mserver_1      |[0m ⏱️ [TIME] Client client_003 finished training in 20.78s
[33mserver_1      |[0m ⏱️ [TIME] Client client_007 finished training in 0.95s
[33mserver_1      |[0m DEBUG: ⚠️ MY CUSTOM AGGREGATOR IS RUNNING ⚠️
[34mclient_004_1  |[0m 2026-01-27 14:55:16,544 - __main__ - INFO - --- New Round Detected: 24 ---
[33mserver_1      |[0m INFO:werkzeug:172.18.0.17 - - [27/Jan/2026 14:55:16] "GET /download_model?round=24 HTTP/1.1" 200 -
[34;1mclient_009_1  |[0m 2026-01-27 14:55:17,563 - __main__ - INFO - Round 24 finished. Loss: 0.7151, Acc: 76.43%
[33mserver_1      |[0m INFO:__main__:--- Round 24 Acc: 42.25%, Loss: 1.8139 ---
[33mserver_1      |[0m INFO:__main__:--- Starting Round 25. Timeout: 300s ---
[33mserver_1      |[0m INFO:werkzeug:172.18.0.18 - - [27/Jan/2026 14:55:17] "POST /submit_update HTTP/1.1" 200 -
[35;1mclient_008_1  |[0m 2026-01-27 14:55:17,597 - __main__ - INFO - --- New Round Detected: 24 ---
[32;1mclient_007_1  |[0m 2026-01-27 14:55:17,623 - __main__ - INFO - 🚀 Model update submitted successfully.
[32;1mclient_007_1  |[0m 2026-01-27 14:55:17,624 - __main__ - INFO - Update submitted for Round 24. Waiting...
[33mserver_1      |[0m INFO:werkzeug:172.18.0.16 - - [27/Jan/2026 14:55:17] "GET /download_model?round=24 HTTP/1.1" 200 -
[33mserver_1      |[0m INFO:__main__:Received update from client_009
[33mserver_1      |[0m INFO:werkzeug:172.18.0.11 - - [27/Jan/2026 14:55:17] "POST /submit_update HTTP/1.1" 200 -
[34;1mclient_009_1  |[0m 2026-01-27 14:55:17,698 - __main__ - INFO - 🚀 Model update submitted successfully.
[34;1mclient_009_1  |[0m 2026-01-27 14:55:17,699 - __main__ - INFO - Update submitted for Round 24. Waiting...
[36;1mclient_005_1  |[0m 2026-01-27 14:55:17,955 - __main__ - INFO - --- New Round Detected: 25 ---
[33mserver_1      |[0m INFO:werkzeug:172.18.0.10 - - [27/Jan/2026 14:55:17] "GET /download_model?round=25 HTTP/1.1" 200 -
[33;1mclient_006_1  |[0m 2026-01-27 14:55:18,223 - __main__ - INFO - --- New Round Detected: 25 ---
[33mserver_1      |[0m INFO:werkzeug:172.18.0.9 - - [27/Jan/2026 14:55:18] "GET /download_model?round=25 HTTP/1.1" 200 -
[36mclient_010_1  |[0m 2026-01-27 14:55:18,352 - __main__ - INFO - --- New Round Detected: 25 ---
[33mserver_1      |[0m INFO:werkzeug:172.18.0.20 - - [27/Jan/2026 14:55:18] "GET /download_model?round=25 HTTP/1.1" 200 -
[33;1mclient_006_1  |[0m 2026-01-27 14:55:18,409 - __main__ - INFO - Round 25 finished. Loss: 0.6136, Acc: 78.57%
[33mserver_1      |[0m INFO:__main__:Received update from client_006
[33mserver_1      |[0m INFO:werkzeug:172.18.0.9 - - [27/Jan/2026 14:55:18] "POST /submit_update HTTP/1.1" 200 -
[33;1mclient_006_1  |[0m 2026-01-27 14:55:18,549 - __main__ - INFO - 🚀 Model update submitted successfully.
[33;1mclient_006_1  |[0m 2026-01-27 14:55:18,550 - __main__ - INFO - Update submitted for Round 25. Waiting...
[36mclient_010_1  |[0m 2026-01-27 14:55:19,746 - __main__ - INFO - Round 25 finished. Loss: 0.3230, Acc: 98.52%
[36mclient_010_1  |[0m 2026-01-27 14:55:19,881 - __main__ - INFO - 🚀 Model update submitted successfully.
[36mclient_010_1  |[0m 2026-01-27 14:55:19,881 - __main__ - INFO - Update submitted for Round 25. Waiting...
[33mserver_1      |[0m INFO:__main__:Received update from client_010
[33mserver_1      |[0m INFO:werkzeug:172.18.0.20 - - [27/Jan/2026 14:55:19] "POST /submit_update HTTP/1.1" 200 -
[35;1mclient_008_1  |[0m 2026-01-27 14:55:20,004 - __main__ - INFO - Round 24 finished. Loss: 0.2762, Acc: 97.93%
[33mserver_1      |[0m INFO:__main__:Received update from client_008
[33mserver_1      |[0m INFO:werkzeug:172.18.0.16 - - [27/Jan/2026 14:55:20] "POST /submit_update HTTP/1.1" 200 -
[35;1mclient_008_1  |[0m 2026-01-27 14:55:20,137 - __main__ - INFO - 🚀 Model update submitted successfully.
[35;1mclient_008_1  |[0m 2026-01-27 14:55:20,138 - __main__ - INFO - Update submitted for Round 24. Waiting...
[36;1mclient_005_1  |[0m 2026-01-27 14:55:20,921 - __main__ - INFO - Round 25 finished. Loss: 0.5087, Acc: 94.50%
[33mserver_1      |[0m INFO:__main__:Received update from client_005
[33mserver_1      |[0m INFO:__main__:--- Aggregating 5 updates ---
[33mserver_1      |[0m INFO:__main__:⚡ Using Custom Aggregator with Drift Metric...
[33mserver_1      |[0m INFO:server.aggregator:Starting FedAvg aggregation for 5 clients.
[33mclient_001_1  |[0m 2026-01-27 14:55:22,394 - __main__ - INFO - --- New Round Detected: 25 ---
[33mserver_1      |[0m INFO:werkzeug:172.18.0.21 - - [27/Jan/2026 14:55:22] "GET /download_model?round=25 HTTP/1.1" 200 -
[33mclient_001_1  |[0m 2026-01-27 14:55:22,971 - __main__ - INFO - Round 25 finished. Loss: 0.3116, Acc: 98.06%
[33mserver_1      |[0m INFO:werkzeug:172.18.0.21 - - [27/Jan/2026 14:55:22] "[31m[1mPOST /submit_update HTTP/1.1[0m" 400 -
[33mclient_001_1  |[0m 2026-01-27 14:55:23,038 - __main__ - ERROR - Update submission failed: {"error":"Not accepting updates"}
[33mclient_001_1  |[0m 
[33mclient_001_1  |[0m 2026-01-27 14:55:23,039 - __main__ - INFO - Update submitted for Round 25. Waiting...
[33mserver_1      |[0m INFO:server.aggregator:--- [METRIC] Weight Divergence: 1.9862
[33mserver_1      |[0m INFO:server.aggregator:FedAvg aggregation complete.
[33mserver_1      |[0m INFO:__main__:Aggregation complete.
[33mserver_1      |[0m ⏱️ [TIME] Client client_009 finished training in 5.40s
[33mserver_1      |[0m ⏱️ [TIME] Client client_006 finished training in 0.03s
[33mserver_1      |[0m ⏱️ [TIME] Client client_010 finished training in 1.24s
[33mserver_1      |[0m ⏱️ [TIME] Client client_008 finished training in 2.27s
[33mserver_1      |[0m ⏱️ [TIME] Client client_005 finished training in 2.83s
[33mserver_1      |[0m DEBUG: ⚠️ MY CUSTOM AGGREGATOR IS RUNNING ⚠️
[35mclient_003_1  |[0m 2026-01-27 14:55:23,789 - __main__ - INFO - --- New Round Detected: 25 ---
[33mserver_1      |[0m INFO:werkzeug:172.18.0.22 - - [27/Jan/2026 14:55:23] "GET /download_model?round=25 HTTP/1.1" 200 -
[32mclient_002_1  |[0m 2026-01-27 14:55:24,932 - __main__ - INFO - --- New Round Detected: 25 ---
[33mserver_1      |[0m INFO:__main__:--- Round 25 Acc: 38.67%, Loss: 1.8175 ---
[33mserver_1      |[0m INFO:__main__:--- Starting Round 26. Timeout: 300s ---
[33mserver_1      |[0m INFO:werkzeug:172.18.0.10 - - [27/Jan/2026 14:55:24] "POST /submit_update HTTP/1.1" 200 -
[33mserver_1      |[0m INFO:werkzeug:172.18.0.19 - - [27/Jan/2026 14:55:24] "GET /download_model?round=25 HTTP/1.1" 200 -
[36;1mclient_005_1  |[0m 2026-01-27 14:55:24,977 - __main__ - INFO - 🚀 Model update submitted successfully.
[36;1mclient_005_1  |[0m 2026-01-27 14:55:24,977 - __main__ - INFO - Update submitted for Round 25. Waiting...
[34mclient_004_1  |[0m 2026-01-27 14:55:26,428 - __main__ - INFO - Round 24 finished. Loss: 0.7233, Acc: 77.59%
[33mserver_1      |[0m INFO:__main__:Received update from client_004
[33mserver_1      |[0m INFO:werkzeug:172.18.0.17 - - [27/Jan/2026 14:55:26] "POST /submit_update HTTP/1.1" 200 -
[34mclient_004_1  |[0m 2026-01-27 14:55:26,562 - __main__ - INFO - 🚀 Model update submitted successfully.
[34mclient_004_1  |[0m 2026-01-27 14:55:26,563 - __main__ - INFO - Update submitted for Round 24. Waiting...
[32mclient_002_1  |[0m 2026-01-27 14:55:27,660 - __main__ - INFO - Round 25 finished. Loss: 0.5133, Acc: 92.79%
[32;1mclient_007_1  |[0m 2026-01-27 14:55:27,700 - __main__ - INFO - --- New Round Detected: 26 ---
[33mserver_1      |[0m INFO:werkzeug:172.18.0.18 - - [27/Jan/2026 14:55:27] "GET /download_model?round=26 HTTP/1.1" 200 -
[34;1mclient_009_1  |[0m 2026-01-27 14:55:27,761 - __main__ - INFO - --- New Round Detected: 26 ---
[33mserver_1      |[0m INFO:__main__:Received update from client_002
[33mserver_1      |[0m INFO:werkzeug:172.18.0.19 - - [27/Jan/2026 14:55:27] "POST /submit_update HTTP/1.1" 200 -
[33mserver_1      |[0m INFO:werkzeug:172.18.0.11 - - [27/Jan/2026 14:55:27] "GET /download_model?round=26 HTTP/1.1" 200 -
[32mclient_002_1  |[0m 2026-01-27 14:55:27,794 - __main__ - INFO - 🚀 Model update submitted successfully.
[32mclient_002_1  |[0m 2026-01-27 14:55:27,795 - __main__ - INFO - Update submitted for Round 25. Waiting...
[33;1mclient_006_1  |[0m 2026-01-27 14:55:28,641 - __main__ - INFO - --- New Round Detected: 26 ---
[33mserver_1      |[0m INFO:werkzeug:172.18.0.9 - - [27/Jan/2026 14:55:28] "GET /download_model?round=26 HTTP/1.1" 200 -
[32;1mclient_007_1  |[0m 2026-01-27 14:55:28,751 - __main__ - INFO - Round 26 finished. Loss: 1.0044, Acc: 71.43%
[33;1mclient_006_1  |[0m 2026-01-27 14:55:28,812 - __main__ - INFO - Round 26 finished. Loss: 0.6136, Acc: 92.86%
[33mserver_1      |[0m INFO:__main__:Received update from client_007
[33mserver_1      |[0m INFO:werkzeug:172.18.0.18 - - [27/Jan/2026 14:55:28] "POST /submit_update HTTP/1.1" 200 -
[32;1mclient_007_1  |[0m 2026-01-27 14:55:28,908 - __main__ - INFO - 🚀 Model update submitted successfully.
[32;1mclient_007_1  |[0m 2026-01-27 14:55:28,909 - __main__ - INFO - Update submitted for Round 26. Waiting...
[33mserver_1      |[0m INFO:__main__:Received update from client_006
[33mserver_1      |[0m INFO:werkzeug:172.18.0.9 - - [27/Jan/2026 14:55:28] "POST /submit_update HTTP/1.1" 200 -
[33;1mclient_006_1  |[0m 2026-01-27 14:55:28,979 - __main__ - INFO - 🚀 Model update submitted successfully.
[33;1mclient_006_1  |[0m 2026-01-27 14:55:28,979 - __main__ - INFO - Update submitted for Round 26. Waiting...
[36mclient_010_1  |[0m 2026-01-27 14:55:29,945 - __main__ - INFO - --- New Round Detected: 26 ---
[33mserver_1      |[0m INFO:werkzeug:172.18.0.20 - - [27/Jan/2026 14:55:29] "GET /download_model?round=26 HTTP/1.1" 200 -
[35;1mclient_008_1  |[0m 2026-01-27 14:55:30,221 - __main__ - INFO - --- New Round Detected: 26 ---
[33mserver_1      |[0m INFO:werkzeug:172.18.0.16 - - [27/Jan/2026 14:55:30] "GET /download_model?round=26 HTTP/1.1" 200 -
[36mclient_010_1  |[0m 2026-01-27 14:55:31,355 - __main__ - INFO - Round 26 finished. Loss: 0.2294, Acc: 98.28%
[33mserver_1      |[0m INFO:__main__:Received update from client_010
[33mserver_1      |[0m INFO:__main__:--- Aggregating 5 updates ---
[33mserver_1      |[0m INFO:__main__:⚡ Using Custom Aggregator with Drift Metric...
[33mserver_1      |[0m INFO:server.aggregator:Starting FedAvg aggregation for 5 clients.
[35;1mclient_008_1  |[0m 2026-01-27 14:55:32,086 - __main__ - INFO - Round 26 finished. Loss: 0.1794, Acc: 98.57%
[33mserver_1      |[0m INFO:werkzeug:172.18.0.16 - - [27/Jan/2026 14:55:32] "[31m[1mPOST /submit_update HTTP/1.1[0m" 400 -
[35;1mclient_008_1  |[0m 2026-01-27 14:55:32,197 - __main__ - ERROR - Update submission failed: {"error":"Not accepting updates"}
[35;1mclient_008_1  |[0m 
[35;1mclient_008_1  |[0m 2026-01-27 14:55:32,198 - __main__ - INFO - Update submitted for Round 26. Waiting...
[33mclient_001_1  |[0m 2026-01-27 14:55:33,130 - __main__ - INFO - --- New Round Detected: 26 ---
[33mserver_1      |[0m INFO:werkzeug:172.18.0.21 - - [27/Jan/2026 14:55:33] "GET /download_model?round=26 HTTP/1.1" 200 -
[34;1mclient_009_1  |[0m 2026-01-27 14:55:33,537 - __main__ - INFO - Round 26 finished. Loss: 0.7542, Acc: 75.52%
[33mserver_1      |[0m INFO:werkzeug:172.18.0.11 - - [27/Jan/2026 14:55:33] "[31m[1mPOST /submit_update HTTP/1.1[0m" 400 -
[34;1mclient_009_1  |[0m 2026-01-27 14:55:33,612 - __main__ - ERROR - Update submission failed: {"error":"Not accepting updates"}
[34;1mclient_009_1  |[0m 
[34;1mclient_009_1  |[0m 2026-01-27 14:55:33,613 - __main__ - INFO - Update submitted for Round 26. Waiting...
[33mserver_1      |[0m INFO:server.aggregator:--- [METRIC] Weight Divergence: 2.1264
[33mserver_1      |[0m INFO:server.aggregator:FedAvg aggregation complete.
[33mserver_1      |[0m INFO:__main__:Aggregation complete.
[33mserver_1      |[0m ⏱️ [TIME] Client client_004 finished training in 9.75s
[33mserver_1      |[0m ⏱️ [TIME] Client client_002 finished training in 2.58s
[33mserver_1      |[0m ⏱️ [TIME] Client client_007 finished training in 0.92s
[33mserver_1      |[0m ⏱️ [TIME] Client client_006 finished training in 0.04s
[33mserver_1      |[0m ⏱️ [TIME] Client client_010 finished training in 1.27s
[33mserver_1      |[0m DEBUG: ⚠️ MY CUSTOM AGGREGATOR IS RUNNING ⚠️
[33mclient_001_1  |[0m 2026-01-27 14:55:33,913 - __main__ - INFO - Round 26 finished. Loss: 0.2263, Acc: 99.03%
[33mserver_1      |[0m INFO:werkzeug:172.18.0.21 - - [27/Jan/2026 14:55:33] "[31m[1mPOST /submit_update HTTP/1.1[0m" 400 -
[33mclient_001_1  |[0m 2026-01-27 14:55:34,033 - __main__ - ERROR - Update submission failed: {"error":"Not accepting updates"}
[33mclient_001_1  |[0m 
[33mclient_001_1  |[0m 2026-01-27 14:55:34,033 - __main__ - INFO - Update submitted for Round 26. Waiting...
[36;1mclient_005_1  |[0m 2026-01-27 14:55:35,097 - __main__ - INFO - --- New Round Detected: 26 ---
[33mserver_1      |[0m INFO:__main__:--- Round 26 Acc: 40.57%, Loss: 1.7575 ---
[33mserver_1      |[0m INFO:__main__:--- Starting Round 27. Timeout: 300s ---
[33mserver_1      |[0m INFO:werkzeug:172.18.0.20 - - [27/Jan/2026 14:55:35] "POST /submit_update HTTP/1.1" 200 -
[33mserver_1      |[0m INFO:werkzeug:172.18.0.10 - - [27/Jan/2026 14:55:35] "GET /download_model?round=26 HTTP/1.1" 200 -
[36mclient_010_1  |[0m 2026-01-27 14:55:35,162 - __main__ - INFO - 🚀 Model update submitted successfully.
[36mclient_010_1  |[0m 2026-01-27 14:55:35,162 - __main__ - INFO - Update submitted for Round 26. Waiting...
[34mclient_004_1  |[0m 2026-01-27 14:55:36,626 - __main__ - INFO - --- New Round Detected: 27 ---
[33mserver_1      |[0m INFO:werkzeug:172.18.0.17 - - [27/Jan/2026 14:55:36] "GET /download_model?round=27 HTTP/1.1" 200 -
[36;1mclient_005_1  |[0m 2026-01-27 14:55:37,762 - __main__ - INFO - Round 26 finished. Loss: 0.3232, Acc: 94.78%
[32mclient_002_1  |[0m 2026-01-27 14:55:37,857 - __main__ - INFO - --- New Round Detected: 27 ---
[33mserver_1      |[0m INFO:__main__:Received update from client_005
[33mserver_1      |[0m INFO:werkzeug:172.18.0.10 - - [27/Jan/2026 14:55:37] "POST /submit_update HTTP/1.1" 200 -
[33mserver_1      |[0m INFO:werkzeug:172.18.0.19 - - [27/Jan/2026 14:55:37] "GET /download_model?round=27 HTTP/1.1" 200 -
[36;1mclient_005_1  |[0m 2026-01-27 14:55:37,899 - __main__ - INFO - 🚀 Model update submitted successfully.
[36;1mclient_005_1  |[0m 2026-01-27 14:55:37,899 - __main__ - INFO - Update submitted for Round 26. Waiting...
[32;1mclient_007_1  |[0m 2026-01-27 14:55:38,972 - __main__ - INFO - --- New Round Detected: 27 ---
[33mserver_1      |[0m INFO:werkzeug:172.18.0.18 - - [27/Jan/2026 14:55:38] "GET /download_model?round=27 HTTP/1.1" 200 -
[33;1mclient_006_1  |[0m 2026-01-27 14:55:39,042 - __main__ - INFO - --- New Round Detected: 27 ---
[33mserver_1      |[0m INFO:werkzeug:172.18.0.9 - - [27/Jan/2026 14:55:39] "GET /download_model?round=27 HTTP/1.1" 200 -
[33;1mclient_006_1  |[0m 2026-01-27 14:55:39,208 - __main__ - INFO - Round 27 finished. Loss: 0.8105, Acc: 71.43%
[33mserver_1      |[0m INFO:__main__:Received update from client_006
[33mserver_1      |[0m INFO:werkzeug:172.18.0.9 - - [27/Jan/2026 14:55:39] "POST /submit_update HTTP/1.1" 200 -
[33;1mclient_006_1  |[0m 2026-01-27 14:55:39,347 - __main__ - INFO - 🚀 Model update submitted successfully.
[33;1mclient_006_1  |[0m 2026-01-27 14:55:39,347 - __main__ - INFO - Update submitted for Round 27. Waiting...
[32;1mclient_007_1  |[0m 2026-01-27 14:55:40,121 - __main__ - INFO - Round 27 finished. Loss: 0.8547, Acc: 73.08%
[33mserver_1      |[0m INFO:__main__:Received update from client_007
[33mserver_1      |[0m INFO:werkzeug:172.18.0.18 - - [27/Jan/2026 14:55:40] "POST /submit_update HTTP/1.1" 200 -
[32;1mclient_007_1  |[0m 2026-01-27 14:55:40,255 - __main__ - INFO - 🚀 Model update submitted successfully.
[32;1mclient_007_1  |[0m 2026-01-27 14:55:40,255 - __main__ - INFO - Update submitted for Round 27. Waiting...
[32mclient_002_1  |[0m 2026-01-27 14:55:40,736 - __main__ - INFO - Round 27 finished. Loss: 0.4000, Acc: 94.07%
[33mserver_1      |[0m INFO:__main__:Received update from client_002
[33mserver_1      |[0m INFO:werkzeug:172.18.0.19 - - [27/Jan/2026 14:55:40] "POST /submit_update HTTP/1.1" 200 -
[32mclient_002_1  |[0m 2026-01-27 14:55:40,978 - __main__ - INFO - 🚀 Model update submitted successfully.
[32mclient_002_1  |[0m 2026-01-27 14:55:40,978 - __main__ - INFO - Update submitted for Round 27. Waiting...
[35;1mclient_008_1  |[0m 2026-01-27 14:55:42,381 - __main__ - INFO - --- New Round Detected: 27 ---
[33mserver_1      |[0m INFO:werkzeug:172.18.0.16 - - [27/Jan/2026 14:55:42] "GET /download_model?round=27 HTTP/1.1" 200 -
[34;1mclient_009_1  |[0m 2026-01-27 14:55:43,675 - __main__ - INFO - --- New Round Detected: 27 ---
[33mserver_1      |[0m INFO:werkzeug:172.18.0.11 - - [27/Jan/2026 14:55:43] "GET /download_model?round=27 HTTP/1.1" 200 -
[33mclient_001_1  |[0m 2026-01-27 14:55:44,105 - __main__ - INFO - --- New Round Detected: 27 ---
[33mserver_1      |[0m INFO:werkzeug:172.18.0.21 - - [27/Jan/2026 14:55:44] "GET /download_model?round=27 HTTP/1.1" 200 -
[33mclient_001_1  |[0m 2026-01-27 14:55:44,859 - __main__ - INFO - Round 27 finished. Loss: 0.2766, Acc: 99.03%
[33mserver_1      |[0m INFO:__main__:Received update from client_001
[33mserver_1      |[0m INFO:__main__:--- Aggregating 5 updates ---
[33mserver_1      |[0m INFO:__main__:⚡ Using Custom Aggregator with Drift Metric...
[33mserver_1      |[0m INFO:server.aggregator:Starting FedAvg aggregation for 5 clients.
[35mclient_003_1  |[0m 2026-01-27 14:55:45,244 - __main__ - INFO - Round 25 finished. Loss: 0.6675, Acc: 78.91%
[33mserver_1      |[0m INFO:werkzeug:172.18.0.22 - - [27/Jan/2026 14:55:45] "[31m[1mPOST /submit_update HTTP/1.1[0m" 400 -
[36mclient_010_1  |[0m 2026-01-27 14:55:45,270 - __main__ - INFO - --- New Round Detected: 27 ---
[33mserver_1      |[0m INFO:werkzeug:172.18.0.20 - - [27/Jan/2026 14:55:45] "GET /download_model?round=27 HTTP/1.1" 200 -
[35mclient_003_1  |[0m 2026-01-27 14:55:45,308 - __main__ - ERROR - Update submission failed: {"error":"Not accepting updates"}
[35mclient_003_1  |[0m 
[35mclient_003_1  |[0m 2026-01-27 14:55:45,309 - __main__ - INFO - Update submitted for Round 25. Waiting...
[35;1mclient_008_1  |[0m 2026-01-27 14:55:45,564 - __main__ - INFO - Round 27 finished. Loss: 0.3549, Acc: 98.42%
[33mserver_1      |[0m INFO:werkzeug:172.18.0.16 - - [27/Jan/2026 14:55:45] "[31m[1mPOST /submit_update HTTP/1.1[0m" 400 -
[35;1mclient_008_1  |[0m 2026-01-27 14:55:45,628 - __main__ - ERROR - Update submission failed: {"error":"Not accepting updates"}
[35;1mclient_008_1  |[0m 
[35;1mclient_008_1  |[0m 2026-01-27 14:55:45,630 - __main__ - INFO - Update submitted for Round 27. Waiting...
[36mclient_010_1  |[0m 2026-01-27 14:55:46,141 - __main__ - INFO - Round 27 finished. Loss: 0.2882, Acc: 98.52%
[33mserver_1      |[0m INFO:werkzeug:172.18.0.20 - - [27/Jan/2026 14:55:46] "[31m[1mPOST /submit_update HTTP/1.1[0m" 400 -
[34mclient_004_1  |[0m 2026-01-27 14:55:46,382 - __main__ - INFO - Round 27 finished. Loss: 0.6297, Acc: 79.85%
[36mclient_010_1  |[0m 2026-01-27 14:55:46,401 - __main__ - ERROR - Update submission failed: {"error":"Not accepting updates"}
[36mclient_010_1  |[0m 
[36mclient_010_1  |[0m 2026-01-27 14:55:46,401 - __main__ - INFO - Update submitted for Round 27. Waiting...
[33mserver_1      |[0m INFO:werkzeug:172.18.0.17 - - [27/Jan/2026 14:55:46] "[31m[1mPOST /submit_update HTTP/1.1[0m" 400 -
[34mclient_004_1  |[0m 2026-01-27 14:55:46,453 - __main__ - ERROR - Update submission failed: {"error":"Not accepting updates"}
[34mclient_004_1  |[0m 
[34mclient_004_1  |[0m 2026-01-27 14:55:46,453 - __main__ - INFO - Update submitted for Round 27. Waiting...
[33mserver_1      |[0m INFO:server.aggregator:--- [METRIC] Weight Divergence: 1.3809
[33mserver_1      |[0m INFO:server.aggregator:FedAvg aggregation complete.
[33mserver_1      |[0m INFO:__main__:Aggregation complete.
[33mserver_1      |[0m ⏱️ [TIME] Client client_005 finished training in 2.52s
[33mserver_1      |[0m ⏱️ [TIME] Client client_006 finished training in 0.04s
[33mserver_1      |[0m ⏱️ [TIME] Client client_007 finished training in 0.87s
[33mserver_1      |[0m ⏱️ [TIME] Client client_002 finished training in 2.74s
[33mserver_1      |[0m ⏱️ [TIME] Client client_001 finished training in 0.61s
[33mserver_1      |[0m DEBUG: ⚠️ MY CUSTOM AGGREGATOR IS RUNNING ⚠️
[36;1mclient_005_1  |[0m 2026-01-27 14:55:47,998 - __main__ - INFO - --- New Round Detected: 27 ---
[33mserver_1      |[0m INFO:werkzeug:172.18.0.10 - - [27/Jan/2026 14:55:48] "GET /download_model?round=27 HTTP/1.1" 200 -
[33mserver_1      |[0m INFO:__main__:--- Round 27 Acc: 32.81%, Loss: 1.9496 ---
[33mserver_1      |[0m INFO:__main__:--- Starting Round 28. Timeout: 300s ---
[33mserver_1      |[0m INFO:werkzeug:172.18.0.21 - - [27/Jan/2026 14:55:48] "POST /submit_update HTTP/1.1" 200 -
[33mclient_001_1  |[0m 2026-01-27 14:55:48,770 - __main__ - INFO - 🚀 Model update submitted successfully.
[33mclient_001_1  |[0m 2026-01-27 14:55:48,770 - __main__ - INFO - Update submitted for Round 27. Waiting...
[34;1mclient_009_1  |[0m 2026-01-27 14:55:49,394 - __main__ - INFO - Round 27 finished. Loss: 0.7805, Acc: 76.16%
[33;1mclient_006_1  |[0m 2026-01-27 14:55:49,420 - __main__ - INFO - --- New Round Detected: 28 ---
[33mserver_1      |[0m INFO:werkzeug:172.18.0.9 - - [27/Jan/2026 14:55:49] "GET /download_model?round=28 HTTP/1.1" 200 -
[33mserver_1      |[0m INFO:__main__:Received update from client_009
[33mserver_1      |[0m INFO:werkzeug:172.18.0.11 - - [27/Jan/2026 14:55:49] "POST /submit_update HTTP/1.1" 200 -
[34;1mclient_009_1  |[0m 2026-01-27 14:55:49,528 - __main__ - INFO - 🚀 Model update submitted successfully.
[34;1mclient_009_1  |[0m 2026-01-27 14:55:49,529 - __main__ - INFO - Update submitted for Round 27. Waiting...
[33;1mclient_006_1  |[0m 2026-01-27 14:55:49,587 - __main__ - INFO - Round 28 finished. Loss: 1.2519, Acc: 50.00%
[33mserver_1      |[0m INFO:__main__:Received update from client_006
[33mserver_1      |[0m INFO:werkzeug:172.18.0.9 - - [27/Jan/2026 14:55:49] "POST /submit_update HTTP/1.1" 200 -
[33;1mclient_006_1  |[0m 2026-01-27 14:55:49,722 - __main__ - INFO - 🚀 Model update submitted successfully.
[33;1mclient_006_1  |[0m 2026-01-27 14:55:49,722 - __main__ - INFO - Update submitted for Round 28. Waiting...
[32;1mclient_007_1  |[0m 2026-01-27 14:55:50,349 - __main__ - INFO - --- New Round Detected: 28 ---
[33mserver_1      |[0m INFO:werkzeug:172.18.0.18 - - [27/Jan/2026 14:55:50] "GET /download_model?round=28 HTTP/1.1" 200 -
[32mclient_002_1  |[0m 2026-01-27 14:55:51,065 - __main__ - INFO - --- New Round Detected: 28 ---
[33mserver_1      |[0m INFO:werkzeug:172.18.0.19 - - [27/Jan/2026 14:55:51] "GET /download_model?round=28 HTTP/1.1" 200 -
[32;1mclient_007_1  |[0m 2026-01-27 14:55:51,266 - __main__ - INFO - Round 28 finished. Loss: 0.9275, Acc: 73.44%
[33mserver_1      |[0m INFO:__main__:Received update from client_007
[33mserver_1      |[0m INFO:werkzeug:172.18.0.18 - - [27/Jan/2026 14:55:51] "POST /submit_update HTTP/1.1" 200 -
[32;1mclient_007_1  |[0m 2026-01-27 14:55:51,404 - __main__ - INFO - 🚀 Model update submitted successfully.
[32;1mclient_007_1  |[0m 2026-01-27 14:55:51,404 - __main__ - INFO - Update submitted for Round 28. Waiting...
[36;1mclient_005_1  |[0m 2026-01-27 14:55:52,008 - __main__ - INFO - Round 27 finished. Loss: 0.2829, Acc: 94.84%
[33mserver_1      |[0m INFO:__main__:Received update from client_005
[33mserver_1      |[0m INFO:werkzeug:172.18.0.10 - - [27/Jan/2026 14:55:52] "POST /submit_update HTTP/1.1" 200 -
[36;1mclient_005_1  |[0m 2026-01-27 14:55:52,157 - __main__ - INFO - 🚀 Model update submitted successfully.
[36;1mclient_005_1  |[0m 2026-01-27 14:55:52,158 - __main__ - INFO - Update submitted for Round 27. Waiting...
[32mclient_002_1  |[0m 2026-01-27 14:55:53,824 - __main__ - INFO - Round 28 finished. Loss: 0.4204, Acc: 93.38%
[33mserver_1      |[0m INFO:__main__:Received update from client_002
[33mserver_1      |[0m INFO:__main__:--- Aggregating 5 updates ---
[33mserver_1      |[0m INFO:__main__:⚡ Using Custom Aggregator with Drift Metric...
[33mserver_1      |[0m INFO:server.aggregator:Starting FedAvg aggregation for 5 clients.
[35mclient_003_1  |[0m 2026-01-27 14:55:55,374 - __main__ - INFO - --- New Round Detected: 28 ---
[33mserver_1      |[0m INFO:werkzeug:172.18.0.22 - - [27/Jan/2026 14:55:55] "GET /download_model?round=28 HTTP/1.1" 200 -
[35;1mclient_008_1  |[0m 2026-01-27 14:55:55,710 - __main__ - INFO - --- New Round Detected: 28 ---
[33mserver_1      |[0m INFO:werkzeug:172.18.0.16 - - [27/Jan/2026 14:55:55] "GET /download_model?round=28 HTTP/1.1" 200 -
[33mserver_1      |[0m INFO:server.aggregator:--- [METRIC] Weight Divergence: 1.3331
[33mserver_1      |[0m INFO:server.aggregator:FedAvg aggregation complete.
[33mserver_1      |[0m INFO:__main__:Aggregation complete.
[33mserver_1      |[0m ⏱️ [TIME] Client client_009 finished training in 5.58s
[33mserver_1      |[0m ⏱️ [TIME] Client client_006 finished training in 0.03s
[33mserver_1      |[0m ⏱️ [TIME] Client client_007 finished training in 0.79s
[33mserver_1      |[0m ⏱️ [TIME] Client client_005 finished training in 3.88s
[33mserver_1      |[0m ⏱️ [TIME] Client client_002 finished training in 2.63s
[33mserver_1      |[0m DEBUG: ⚠️ MY CUSTOM AGGREGATOR IS RUNNING ⚠️
[36mclient_010_1  |[0m 2026-01-27 14:55:56,468 - __main__ - INFO - --- New Round Detected: 28 ---
[33mserver_1      |[0m INFO:werkzeug:172.18.0.20 - - [27/Jan/2026 14:55:56] "GET /download_model?round=28 HTTP/1.1" 200 -
[34mclient_004_1  |[0m 2026-01-27 14:55:56,516 - __main__ - INFO - --- New Round Detected: 28 ---
[33mserver_1      |[0m INFO:werkzeug:172.18.0.17 - - [27/Jan/2026 14:55:56] "GET /download_model?round=28 HTTP/1.1" 200 -
[33mserver_1      |[0m INFO:__main__:--- Round 28 Acc: 43.83%, Loss: 1.6497 ---
[33mserver_1      |[0m INFO:__main__:--- Starting Round 29. Timeout: 300s ---
[33mserver_1      |[0m INFO:werkzeug:172.18.0.19 - - [27/Jan/2026 14:55:57] "POST /submit_update HTTP/1.1" 200 -
[32mclient_002_1  |[0m 2026-01-27 14:55:57,236 - __main__ - INFO - 🚀 Model update submitted successfully.
[32mclient_002_1  |[0m 2026-01-27 14:55:57,236 - __main__ - INFO - Update submitted for Round 28. Waiting...
[36mclient_010_1  |[0m 2026-01-27 14:55:57,669 - __main__ - INFO - Round 28 finished. Loss: 0.2936, Acc: 97.79%
[33mserver_1      |[0m INFO:__main__:Received update from client_010
[33mserver_1      |[0m INFO:werkzeug:172.18.0.20 - - [27/Jan/2026 14:55:57] "POST /submit_update HTTP/1.1" 200 -
[36mclient_010_1  |[0m 2026-01-27 14:55:57,805 - __main__ - INFO - 🚀 Model update submitted successfully.
[36mclient_010_1  |[0m 2026-01-27 14:55:57,805 - __main__ - INFO - Update submitted for Round 28. Waiting...
[35;1mclient_008_1  |[0m 2026-01-27 14:55:58,598 - __main__ - INFO - Round 28 finished. Loss: 0.3413, Acc: 98.18%
[33mserver_1      |[0m INFO:__main__:Received update from client_008
[33mserver_1      |[0m INFO:werkzeug:172.18.0.16 - - [27/Jan/2026 14:55:58] "POST /submit_update HTTP/1.1" 200 -
[35;1mclient_008_1  |[0m 2026-01-27 14:55:58,733 - __main__ - INFO - 🚀 Model update submitted successfully.
[35;1mclient_008_1  |[0m 2026-01-27 14:55:58,733 - __main__ - INFO - Update submitted for Round 28. Waiting...
[33mclient_001_1  |[0m 2026-01-27 14:55:58,837 - __main__ - INFO - --- New Round Detected: 29 ---
[33mserver_1      |[0m INFO:werkzeug:172.18.0.21 - - [27/Jan/2026 14:55:58] "GET /download_model?round=29 HTTP/1.1" 200 -
[33mclient_001_1  |[0m 2026-01-27 14:55:59,485 - __main__ - INFO - Round 29 finished. Loss: 0.2309, Acc: 98.71%
[34;1mclient_009_1  |[0m 2026-01-27 14:55:59,592 - __main__ - INFO - --- New Round Detected: 29 ---
[33mserver_1      |[0m INFO:__main__:Received update from client_001
[33mserver_1      |[0m INFO:werkzeug:172.18.0.21 - - [27/Jan/2026 14:55:59] "POST /submit_update HTTP/1.1" 200 -
[33mserver_1      |[0m INFO:werkzeug:172.18.0.11 - - [27/Jan/2026 14:55:59] "GET /download_model?round=29 HTTP/1.1" 200 -
[33mclient_001_1  |[0m 2026-01-27 14:55:59,641 - __main__ - INFO - 🚀 Model update submitted successfully.
[33mclient_001_1  |[0m 2026-01-27 14:55:59,641 - __main__ - INFO - Update submitted for Round 29. Waiting...
[33;1mclient_006_1  |[0m 2026-01-27 14:55:59,784 - __main__ - INFO - --- New Round Detected: 29 ---
[33mserver_1      |[0m INFO:werkzeug:172.18.0.9 - - [27/Jan/2026 14:55:59] "GET /download_model?round=29 HTTP/1.1" 200 -
[33;1mclient_006_1  |[0m 2026-01-27 14:55:59,957 - __main__ - INFO - Round 29 finished. Loss: 0.6790, Acc: 78.57%
[33mserver_1      |[0m INFO:__main__:Received update from client_006
[33mserver_1      |[0m INFO:werkzeug:172.18.0.9 - - [27/Jan/2026 14:56:00] "POST /submit_update HTTP/1.1" 200 -
[33;1mclient_006_1  |[0m 2026-01-27 14:56:00,095 - __main__ - INFO - 🚀 Model update submitted successfully.
[33;1mclient_006_1  |[0m 2026-01-27 14:56:00,095 - __main__ - INFO - Update submitted for Round 29. Waiting...
[32;1mclient_007_1  |[0m 2026-01-27 14:56:01,468 - __main__ - INFO - --- New Round Detected: 29 ---
[33mserver_1      |[0m INFO:werkzeug:172.18.0.18 - - [27/Jan/2026 14:56:01] "GET /download_model?round=29 HTTP/1.1" 200 -
[36;1mclient_005_1  |[0m 2026-01-27 14:56:02,220 - __main__ - INFO - --- New Round Detected: 29 ---
[33mserver_1      |[0m INFO:werkzeug:172.18.0.10 - - [27/Jan/2026 14:56:02] "GET /download_model?round=29 HTTP/1.1" 200 -
[32;1mclient_007_1  |[0m 2026-01-27 14:56:02,505 - __main__ - INFO - Round 29 finished. Loss: 0.9350, Acc: 70.51%
[33mserver_1      |[0m INFO:__main__:Received update from client_007
[33mserver_1      |[0m INFO:__main__:--- Aggregating 5 updates ---
[33mserver_1      |[0m INFO:__main__:⚡ Using Custom Aggregator with Drift Metric...
[33mserver_1      |[0m INFO:server.aggregator:Starting FedAvg aggregation for 5 clients.
[33mserver_1      |[0m INFO:server.aggregator:--- [METRIC] Weight Divergence: 1.0123
[33mserver_1      |[0m INFO:server.aggregator:FedAvg aggregation complete.
[33mserver_1      |[0m INFO:__main__:Aggregation complete.
[33mserver_1      |[0m ⏱️ [TIME] Client client_010 finished training in 1.07s
[33mserver_1      |[0m ⏱️ [TIME] Client client_008 finished training in 2.75s
[33mserver_1      |[0m ⏱️ [TIME] Client client_001 finished training in 0.52s
[33mserver_1      |[0m ⏱️ [TIME] Client client_006 finished training in 0.04s
[33mserver_1      |[0m ⏱️ [TIME] Client client_007 finished training in 0.90s
[33mserver_1      |[0m DEBUG: ⚠️ MY CUSTOM AGGREGATOR IS RUNNING ⚠️
[34;1mclient_009_1  |[0m 2026-01-27 14:56:05,276 - __main__ - INFO - Round 29 finished. Loss: 0.7185, Acc: 76.14%
[33mserver_1      |[0m INFO:werkzeug:172.18.0.11 - - [27/Jan/2026 14:56:05] "[31m[1mPOST /submit_update HTTP/1.1[0m" 400 -
[34;1mclient_009_1  |[0m 2026-01-27 14:56:05,451 - __main__ - ERROR - Update submission failed: {"error":"Not accepting updates"}
[34;1mclient_009_1  |[0m 
[34;1mclient_009_1  |[0m 2026-01-27 14:56:05,452 - __main__ - INFO - Update submitted for Round 29. Waiting...
[33mserver_1      |[0m INFO:__main__:--- Round 29 Acc: 30.72%, Loss: 2.0017 ---
[33mserver_1      |[0m INFO:__main__:--- Starting Round 30. Timeout: 300s ---
[33mserver_1      |[0m INFO:werkzeug:172.18.0.18 - - [27/Jan/2026 14:56:06] "POST /submit_update HTTP/1.1" 200 -
[32;1mclient_007_1  |[0m 2026-01-27 14:56:06,548 - __main__ - INFO - 🚀 Model update submitted successfully.
[32;1mclient_007_1  |[0m 2026-01-27 14:56:06,548 - __main__ - INFO - Update submitted for Round 29. Waiting...
[34mclient_004_1  |[0m 2026-01-27 14:56:06,790 - __main__ - INFO - Round 28 finished. Loss: 0.7445, Acc: 78.21%
[33mserver_1      |[0m INFO:__main__:Received update from client_004
[33mserver_1      |[0m INFO:werkzeug:172.18.0.17 - - [27/Jan/2026 14:56:06] "POST /submit_update HTTP/1.1" 200 -
[34mclient_004_1  |[0m 2026-01-27 14:56:06,927 - __main__ - INFO - 🚀 Model update submitted successfully.
[34mclient_004_1  |[0m 2026-01-27 14:56:06,927 - __main__ - INFO - Update submitted for Round 28. Waiting...
[36;1mclient_005_1  |[0m 2026-01-27 14:56:07,232 - __main__ - INFO - Round 29 finished. Loss: 0.2804, Acc: 94.87%
[32mclient_002_1  |[0m 2026-01-27 14:56:07,307 - __main__ - INFO - --- New Round Detected: 30 ---
[33mserver_1      |[0m INFO:werkzeug:172.18.0.19 - - [27/Jan/2026 14:56:07] "GET /download_model?round=30 HTTP/1.1" 200 -
[33mserver_1      |[0m INFO:__main__:Received update from client_005
[33mserver_1      |[0m INFO:werkzeug:172.18.0.10 - - [27/Jan/2026 14:56:07] "POST /submit_update HTTP/1.1" 200 -
[36;1mclient_005_1  |[0m 2026-01-27 14:56:07,368 - __main__ - INFO - 🚀 Model update submitted successfully.
[36;1mclient_005_1  |[0m 2026-01-27 14:56:07,368 - __main__ - INFO - Update submitted for Round 29. Waiting...
[33mserver_1      |[0m INFO:werkzeug:172.18.0.20 - - [27/Jan/2026 14:56:07] "GET /download_model?round=30 HTTP/1.1" 200 -
[36mclient_010_1  |[0m 2026-01-27 14:56:07,867 - __main__ - INFO - --- New Round Detected: 30 ---
[35;1mclient_008_1  |[0m 2026-01-27 14:56:08,814 - __main__ - INFO - --- New Round Detected: 30 ---
[33mserver_1      |[0m INFO:werkzeug:172.18.0.16 - - [27/Jan/2026 14:56:08] "GET /download_model?round=30 HTTP/1.1" 200 -
[36mclient_010_1  |[0m 2026-01-27 14:56:09,167 - __main__ - INFO - Round 30 finished. Loss: 0.2500, Acc: 98.28%
[33mserver_1      |[0m INFO:__main__:Received update from client_010
[33mserver_1      |[0m INFO:werkzeug:172.18.0.20 - - [27/Jan/2026 14:56:09] "POST /submit_update HTTP/1.1" 200 -
[36mclient_010_1  |[0m 2026-01-27 14:56:09,310 - __main__ - INFO - 🚀 Model update submitted successfully.
[36mclient_010_1  |[0m 2026-01-27 14:56:09,311 - __main__ - INFO - Update submitted for Round 30. Waiting...
[33mclient_001_1  |[0m 2026-01-27 14:56:09,710 - __main__ - INFO - --- New Round Detected: 30 ---
[33mserver_1      |[0m INFO:werkzeug:172.18.0.21 - - [27/Jan/2026 14:56:09] "GET /download_model?round=30 HTTP/1.1" 200 -
[33;1mclient_006_1  |[0m 2026-01-27 14:56:10,213 - __main__ - INFO - --- New Round Detected: 30 ---
[33mserver_1      |[0m INFO:werkzeug:172.18.0.9 - - [27/Jan/2026 14:56:10] "GET /download_model?round=30 HTTP/1.1" 200 -
[32mclient_002_1  |[0m 2026-01-27 14:56:10,266 - __main__ - INFO - Round 30 finished. Loss: 0.4114, Acc: 93.08%
[33;1mclient_006_1  |[0m 2026-01-27 14:56:10,375 - __main__ - INFO - Round 30 finished. Loss: 1.0722, Acc: 64.29%
[33mserver_1      |[0m INFO:__main__:Received update from client_002
[33mserver_1      |[0m INFO:werkzeug:172.18.0.19 - - [27/Jan/2026 14:56:10] "POST /submit_update HTTP/1.1" 200 -
[32mclient_002_1  |[0m 2026-01-27 14:56:10,425 - __main__ - INFO - 🚀 Model update submitted successfully.
[32mclient_002_1  |[0m 2026-01-27 14:56:10,426 - __main__ - INFO - Update submitted for Round 30. Waiting...
[33mserver_1      |[0m INFO:__main__:Received update from client_006
[33mserver_1      |[0m INFO:__main__:--- Aggregating 5 updates ---
[33mserver_1      |[0m INFO:__main__:⚡ Using Custom Aggregator with Drift Metric...
[33mserver_1      |[0m INFO:server.aggregator:Starting FedAvg aggregation for 5 clients.
[33mclient_001_1  |[0m 2026-01-27 14:56:10,575 - __main__ - INFO - Round 30 finished. Loss: 0.2572, Acc: 98.38%
[33mserver_1      |[0m INFO:werkzeug:172.18.0.21 - - [27/Jan/2026 14:56:10] "[31m[1mPOST /submit_update HTTP/1.1[0m" 400 -
[33mclient_001_1  |[0m 2026-01-27 14:56:10,644 - __main__ - ERROR - Update submission failed: {"error":"Not accepting updates"}
[33mclient_001_1  |[0m 
[33mclient_001_1  |[0m 2026-01-27 14:56:10,644 - __main__ - INFO - Update submitted for Round 30. Waiting...
[35;1mclient_008_1  |[0m 2026-01-27 14:56:11,965 - __main__ - INFO - Round 30 finished. Loss: 0.1607, Acc: 98.67%
[33mserver_1      |[0m INFO:werkzeug:172.18.0.16 - - [27/Jan/2026 14:56:12] "[31m[1mPOST /submit_update HTTP/1.1[0m" 400 -
[35;1mclient_008_1  |[0m 2026-01-27 14:56:12,090 - __main__ - ERROR - Update submission failed: {"error":"Not accepting updates"}
[35;1mclient_008_1  |[0m 
[35;1mclient_008_1  |[0m 2026-01-27 14:56:12,090 - __main__ - INFO - Update submitted for Round 30. Waiting...
[33mserver_1      |[0m INFO:server.aggregator:--- [METRIC] Weight Divergence: 1.4997
[33mserver_1      |[0m INFO:server.aggregator:FedAvg aggregation complete.
[33mserver_1      |[0m INFO:__main__:Aggregation complete.
[33mserver_1      |[0m ⏱️ [TIME] Client client_004 finished training in 10.09s
[33mserver_1      |[0m ⏱️ [TIME] Client client_005 finished training in 4.88s
[33mserver_1      |[0m ⏱️ [TIME] Client client_010 finished training in 1.17s
[33mserver_1      |[0m ⏱️ [TIME] Client client_002 finished training in 2.82s
[33mserver_1      |[0m ⏱️ [TIME] Client client_006 finished training in 0.03s
[33mserver_1      |[0m DEBUG: ⚠️ MY CUSTOM AGGREGATOR IS RUNNING ⚠️
[33mserver_1      |[0m INFO:__main__:--- Round 30 Acc: 32.14%, Loss: 1.9859 ---
[33mserver_1      |[0m INFO:__main__:--- Starting Round 31. Timeout: 300s ---
[33mserver_1      |[0m INFO:werkzeug:172.18.0.9 - - [27/Jan/2026 14:56:14] "POST /submit_update HTTP/1.1" 200 -
[33;1mclient_006_1  |[0m 2026-01-27 14:56:14,225 - __main__ - INFO - 🚀 Model update submitted successfully.
[33;1mclient_006_1  |[0m 2026-01-27 14:56:14,225 - __main__ - INFO - Update submitted for Round 30. Waiting...
[34;1mclient_009_1  |[0m 2026-01-27 14:56:15,525 - __main__ - INFO - --- New Round Detected: 31 ---
[33mserver_1      |[0m INFO:werkzeug:172.18.0.11 - - [27/Jan/2026 14:56:15] "GET /download_model?round=31 HTTP/1.1" 200 -
[35mclient_003_1  |[0m 2026-01-27 14:56:15,970 - __main__ - INFO - Round 28 finished. Loss: 0.7899, Acc: 77.67%
[33mserver_1      |[0m INFO:__main__:Received update from client_003
[33mserver_1      |[0m INFO:werkzeug:172.18.0.22 - - [27/Jan/2026 14:56:16] "POST /submit_update HTTP/1.1" 200 -
[35mclient_003_1  |[0m 2026-01-27 14:56:16,108 - __main__ - INFO - 🚀 Model update submitted successfully.
[35mclient_003_1  |[0m 2026-01-27 14:56:16,109 - __main__ - INFO - Update submitted for Round 28. Waiting...
[32;1mclient_007_1  |[0m 2026-01-27 14:56:16,641 - __main__ - INFO - --- New Round Detected: 31 ---
[33mserver_1      |[0m INFO:werkzeug:172.18.0.18 - - [27/Jan/2026 14:56:16] "GET /download_model?round=31 HTTP/1.1" 200 -
[34mclient_004_1  |[0m 2026-01-27 14:56:16,989 - __main__ - INFO - --- New Round Detected: 31 ---
[33mserver_1      |[0m INFO:werkzeug:172.18.0.17 - - [27/Jan/2026 14:56:17] "GET /download_model?round=31 HTTP/1.1" 200 -
[36;1mclient_005_1  |[0m 2026-01-27 14:56:17,431 - __main__ - INFO - --- New Round Detected: 31 ---
[33mserver_1      |[0m INFO:werkzeug:172.18.0.10 - - [27/Jan/2026 14:56:17] "GET /download_model?round=31 HTTP/1.1" 200 -
[32;1mclient_007_1  |[0m 2026-01-27 14:56:17,642 - __main__ - INFO - Round 31 finished. Loss: 0.8767, Acc: 74.54%
[33mserver_1      |[0m INFO:__main__:Received update from client_007
[33mserver_1      |[0m INFO:werkzeug:172.18.0.18 - - [27/Jan/2026 14:56:17] "POST /submit_update HTTP/1.1" 200 -
[32;1mclient_007_1  |[0m 2026-01-27 14:56:17,798 - __main__ - INFO - 🚀 Model update submitted successfully.
[32;1mclient_007_1  |[0m 2026-01-27 14:56:17,798 - __main__ - INFO - Update submitted for Round 31. Waiting...
[34;1mclient_009_1  |[0m 2026-01-27 14:56:18,851 - __main__ - INFO - Round 31 finished. Loss: 0.8475, Acc: 76.30%
[33mserver_1      |[0m INFO:__main__:Received update from client_009
[33mserver_1      |[0m INFO:werkzeug:172.18.0.11 - - [27/Jan/2026 14:56:19] "POST /submit_update HTTP/1.1" 200 -
[34;1mclient_009_1  |[0m 2026-01-27 14:56:19,068 - __main__ - INFO - 🚀 Model update submitted successfully.
[34;1mclient_009_1  |[0m 2026-01-27 14:56:19,068 - __main__ - INFO - Update submitted for Round 31. Waiting...
[36mclient_010_1  |[0m 2026-01-27 14:56:19,412 - __main__ - INFO - --- New Round Detected: 31 ---
[33mserver_1      |[0m INFO:werkzeug:172.18.0.20 - - [27/Jan/2026 14:56:19] "GET /download_model?round=31 HTTP/1.1" 200 -
[32mclient_002_1  |[0m 2026-01-27 14:56:20,572 - __main__ - INFO - --- New Round Detected: 31 ---
[33mserver_1      |[0m INFO:werkzeug:172.18.0.19 - - [27/Jan/2026 14:56:20] "GET /download_model?round=31 HTTP/1.1" 200 -
[33mclient_001_1  |[0m 2026-01-27 14:56:20,709 - __main__ - INFO - --- New Round Detected: 31 ---
[33mserver_1      |[0m INFO:werkzeug:172.18.0.21 - - [27/Jan/2026 14:56:20] "GET /download_model?round=31 HTTP/1.1" 200 -
[36mclient_010_1  |[0m 2026-01-27 14:56:20,847 - __main__ - INFO - Round 31 finished. Loss: 0.3531, Acc: 98.28%
[33mserver_1      |[0m INFO:__main__:Received update from client_010
[33mserver_1      |[0m INFO:werkzeug:172.18.0.20 - - [27/Jan/2026 14:56:20] "POST /submit_update HTTP/1.1" 200 -
[36mclient_010_1  |[0m 2026-01-27 14:56:21,006 - __main__ - INFO - 🚀 Model update submitted successfully.
[36mclient_010_1  |[0m 2026-01-27 14:56:21,007 - __main__ - INFO - Update submitted for Round 31. Waiting...
[33mclient_001_1  |[0m 2026-01-27 14:56:21,719 - __main__ - INFO - Round 31 finished. Loss: 0.3428, Acc: 98.71%
[33mserver_1      |[0m INFO:__main__:Received update from client_001
[33mserver_1      |[0m INFO:__main__:--- Aggregating 5 updates ---
[33mserver_1      |[0m INFO:__main__:⚡ Using Custom Aggregator with Drift Metric...
[33mserver_1      |[0m INFO:server.aggregator:Starting FedAvg aggregation for 5 clients.
[36;1mclient_005_1  |[0m 2026-01-27 14:56:22,143 - __main__ - INFO - Round 31 finished. Loss: 0.2169, Acc: 95.46%
[33mserver_1      |[0m INFO:werkzeug:172.18.0.10 - - [27/Jan/2026 14:56:22] "[31m[1mPOST /submit_update HTTP/1.1[0m" 400 -
[35;1mclient_008_1  |[0m 2026-01-27 14:56:22,182 - __main__ - INFO - --- New Round Detected: 31 ---
[36;1mclient_005_1  |[0m 2026-01-27 14:56:22,208 - __main__ - ERROR - Update submission failed: {"error":"Not accepting updates"}
[36;1mclient_005_1  |[0m 
[36;1mclient_005_1  |[0m 2026-01-27 14:56:22,209 - __main__ - INFO - Update submitted for Round 31. Waiting...
[33mserver_1      |[0m INFO:werkzeug:172.18.0.16 - - [27/Jan/2026 14:56:22] "GET /download_model?round=31 HTTP/1.1" 200 -
[32mclient_002_1  |[0m 2026-01-27 14:56:23,257 - __main__ - INFO - Round 31 finished. Loss: 0.4786, Acc: 92.39%
[33mserver_1      |[0m INFO:werkzeug:172.18.0.19 - - [27/Jan/2026 14:56:23] "[31m[1mPOST /submit_update HTTP/1.1[0m" 400 -
[32mclient_002_1  |[0m 2026-01-27 14:56:23,423 - __main__ - ERROR - Update submission failed: {"error":"Not accepting updates"}
[32mclient_002_1  |[0m 
[32mclient_002_1  |[0m 2026-01-27 14:56:23,423 - __main__ - INFO - Update submitted for Round 31. Waiting...
[33;1mclient_006_1  |[0m 2026-01-27 14:56:24,299 - __main__ - INFO - --- New Round Detected: 31 ---
[33mserver_1      |[0m ⏱️ [TIME] Client client_003 finished training in 20.46s
[33mserver_1      |[0m ⏱️ [TIME] Client client_007 finished training in 0.87s
[33mserver_1      |[0m ⏱️ [TIME] Client client_009 finished training in 3.20s
[33mserver_1      |[0m ⏱️ [TIME] Client client_010 finished training in 1.29s
[33mserver_1      |[0m ⏱️ [TIME] Client client_001 finished training in 0.88s
[33mserver_1      |[0m DEBUG: ⚠️ MY CUSTOM AGGREGATOR IS RUNNING ⚠️
[33mserver_1      |[0m INFO:server.aggregator:--- [METRIC] Weight Divergence: 2.4156
[33mserver_1      |[0m INFO:server.aggregator:FedAvg aggregation complete.
[33mserver_1      |[0m INFO:__main__:Aggregation complete.
[33mserver_1      |[0m INFO:werkzeug:172.18.0.9 - - [27/Jan/2026 14:56:24] "GET /download_model?round=31 HTTP/1.1" 200 -
[33;1mclient_006_1  |[0m 2026-01-27 14:56:24,564 - __main__ - INFO - Round 31 finished. Loss: 0.9153, Acc: 71.43%
[33mserver_1      |[0m INFO:werkzeug:172.18.0.9 - - [27/Jan/2026 14:56:24] "[31m[1mPOST /submit_update HTTP/1.1[0m" 400 -
[33;1mclient_006_1  |[0m 2026-01-27 14:56:24,635 - __main__ - ERROR - Update submission failed: {"error":"Not accepting updates"}
[33;1mclient_006_1  |[0m 
[33;1mclient_006_1  |[0m 2026-01-27 14:56:24,635 - __main__ - INFO - Update submitted for Round 31. Waiting...
[35;1mclient_008_1  |[0m 2026-01-27 14:56:25,385 - __main__ - INFO - Round 31 finished. Loss: 0.3806, Acc: 98.52%
[33mserver_1      |[0m INFO:werkzeug:172.18.0.16 - - [27/Jan/2026 14:56:25] "[31m[1mPOST /submit_update HTTP/1.1[0m" 400 -
[35;1mclient_008_1  |[0m 2026-01-27 14:56:25,452 - __main__ - ERROR - Update submission failed: {"error":"Not accepting updates"}
[35;1mclient_008_1  |[0m 
[35;1mclient_008_1  |[0m 2026-01-27 14:56:25,452 - __main__ - INFO - Update submitted for Round 31. Waiting...
[33mserver_1      |[0m INFO:__main__:--- Round 31 Acc: 46.60%, Loss: 1.5109 ---
[33mserver_1      |[0m INFO:__main__:--- Starting Round 32. Timeout: 300s ---
[33mserver_1      |[0m INFO:werkzeug:172.18.0.21 - - [27/Jan/2026 14:56:25] "POST /submit_update HTTP/1.1" 200 -
[33mclient_001_1  |[0m 2026-01-27 14:56:25,716 - __main__ - INFO - 🚀 Model update submitted successfully.
[33mclient_001_1  |[0m 2026-01-27 14:56:25,716 - __main__ - INFO - Update submitted for Round 31. Waiting...
[35mclient_003_1  |[0m 2026-01-27 14:56:26,187 - __main__ - INFO - --- New Round Detected: 32 ---
[33mserver_1      |[0m INFO:werkzeug:172.18.0.22 - - [27/Jan/2026 14:56:26] "GET /download_model?round=32 HTTP/1.1" 200 -
[34mclient_004_1  |[0m 2026-01-27 14:56:26,847 - __main__ - INFO - Round 31 finished. Loss: 0.5989, Acc: 81.34%
[33mserver_1      |[0m INFO:__main__:Received update from client_004
[33mserver_1      |[0m INFO:werkzeug:172.18.0.17 - - [27/Jan/2026 14:56:26] "POST /submit_update HTTP/1.1" 200 -
[34mclient_004_1  |[0m 2026-01-27 14:56:27,003 - __main__ - INFO - 🚀 Model update submitted successfully.
[34mclient_004_1  |[0m 2026-01-27 14:56:27,003 - __main__ - INFO - Update submitted for Round 31. Waiting...
[32;1mclient_007_1  |[0m 2026-01-27 14:56:27,897 - __main__ - INFO - --- New Round Detected: 32 ---
[33mserver_1      |[0m INFO:werkzeug:172.18.0.18 - - [27/Jan/2026 14:56:27] "GET /download_model?round=32 HTTP/1.1" 200 -
[32;1mclient_007_1  |[0m 2026-01-27 14:56:28,864 - __main__ - INFO - Round 32 finished. Loss: 0.8987, Acc: 76.74%
[33mserver_1      |[0m INFO:__main__:Received update from client_007
[33mserver_1      |[0m INFO:werkzeug:172.18.0.18 - - [27/Jan/2026 14:56:28] "POST /submit_update HTTP/1.1" 200 -
[32;1mclient_007_1  |[0m 2026-01-27 14:56:29,000 - __main__ - INFO - 🚀 Model update submitted successfully.
[32;1mclient_007_1  |[0m 2026-01-27 14:56:29,000 - __main__ - INFO - Update submitted for Round 32. Waiting...
[34;1mclient_009_1  |[0m 2026-01-27 14:56:29,131 - __main__ - INFO - --- New Round Detected: 32 ---
[33mserver_1      |[0m INFO:werkzeug:172.18.0.11 - - [27/Jan/2026 14:56:29] "GET /download_model?round=32 HTTP/1.1" 200 -
[36mclient_010_1  |[0m 2026-01-27 14:56:31,080 - __main__ - INFO - --- New Round Detected: 32 ---
[33mserver_1      |[0m INFO:werkzeug:172.18.0.20 - - [27/Jan/2026 14:56:31] "GET /download_model?round=32 HTTP/1.1" 200 -
[36mclient_010_1  |[0m 2026-01-27 14:56:31,886 - __main__ - INFO - Round 32 finished. Loss: 0.2887, Acc: 98.77%
[33mserver_1      |[0m INFO:__main__:Received update from client_010
[33mserver_1      |[0m INFO:werkzeug:172.18.0.20 - - [27/Jan/2026 14:56:32] "POST /submit_update HTTP/1.1" 200 -
[36mclient_010_1  |[0m 2026-01-27 14:56:32,045 - __main__ - INFO - 🚀 Model update submitted successfully.
[36mclient_010_1  |[0m 2026-01-27 14:56:32,046 - __main__ - INFO - Update submitted for Round 32. Waiting...
[36;1mclient_005_1  |[0m 2026-01-27 14:56:32,288 - __main__ - INFO - --- New Round Detected: 32 ---
[33mserver_1      |[0m INFO:werkzeug:172.18.0.10 - - [27/Jan/2026 14:56:32] "GET /download_model?round=32 HTTP/1.1" 200 -
[33mserver_1      |[0m INFO:werkzeug:172.18.0.19 - - [27/Jan/2026 14:56:33] "GET /download_model?round=32 HTTP/1.1" 200 -
[32mclient_002_1  |[0m 2026-01-27 14:56:33,486 - __main__ - INFO - --- New Round Detected: 32 ---
[33;1mclient_006_1  |[0m 2026-01-27 14:56:34,696 - __main__ - INFO - --- New Round Detected: 32 ---
[33mserver_1      |[0m INFO:werkzeug:172.18.0.9 - - [27/Jan/2026 14:56:34] "GET /download_model?round=32 HTTP/1.1" 200 -
[33;1mclient_006_1  |[0m 2026-01-27 14:56:34,866 - __main__ - INFO - Round 32 finished. Loss: 0.8295, Acc: 71.43%
[34;1mclient_009_1  |[0m 2026-01-27 14:56:34,909 - __main__ - INFO - Round 32 finished. Loss: 0.7444, Acc: 77.08%
[33mserver_1      |[0m INFO:__main__:Received update from client_006
[33mserver_1      |[0m INFO:werkzeug:172.18.0.9 - - [27/Jan/2026 14:56:34] "POST /submit_update HTTP/1.1" 200 -
[33mserver_1      |[0m INFO:__main__:Received update from client_009
[33mserver_1      |[0m INFO:__main__:--- Aggregating 5 updates ---
[33mserver_1      |[0m INFO:__main__:⚡ Using Custom Aggregator with Drift Metric...
[33mserver_1      |[0m INFO:server.aggregator:Starting FedAvg aggregation for 5 clients.
[33;1mclient_006_1  |[0m 2026-01-27 14:56:35,022 - __main__ - INFO - 🚀 Model update submitted successfully.
[33;1mclient_006_1  |[0m 2026-01-27 14:56:35,024 - __main__ - INFO - Update submitted for Round 32. Waiting...
[35;1mclient_008_1  |[0m 2026-01-27 14:56:35,628 - __main__ - INFO - --- New Round Detected: 32 ---
[33mserver_1      |[0m INFO:werkzeug:172.18.0.16 - - [27/Jan/2026 14:56:35] "GET /download_model?round=32 HTTP/1.1" 200 -
[33mclient_001_1  |[0m 2026-01-27 14:56:35,805 - __main__ - INFO - --- New Round Detected: 32 ---
[33mserver_1      |[0m INFO:werkzeug:172.18.0.21 - - [27/Jan/2026 14:56:35] "GET /download_model?round=32 HTTP/1.1" 200 -
[32mclient_002_1  |[0m 2026-01-27 14:56:36,249 - __main__ - INFO - Round 32 finished. Loss: 0.4581, Acc: 92.49%
[33mserver_1      |[0m INFO:werkzeug:172.18.0.19 - - [27/Jan/2026 14:56:36] "[31m[1mPOST /submit_update HTTP/1.1[0m" 400 -
[32mclient_002_1  |[0m 2026-01-27 14:56:36,343 - __main__ - ERROR - Update submission failed: {"error":"Not accepting updates"}
[32mclient_002_1  |[0m 
[32mclient_002_1  |[0m 2026-01-27 14:56:36,343 - __main__ - INFO - Update submitted for Round 32. Waiting...
[33mserver_1      |[0m INFO:werkzeug:172.18.0.21 - - [27/Jan/2026 14:56:36] "[31m[1mPOST /submit_update HTTP/1.1[0m" 400 -
[33mclient_001_1  |[0m 2026-01-27 14:56:36,424 - __main__ - INFO - Round 32 finished. Loss: 0.2838, Acc: 99.03%
[33mclient_001_1  |[0m 2026-01-27 14:56:36,502 - __main__ - ERROR - Update submission failed: {"error":"Not accepting updates"}
[33mclient_001_1  |[0m 
[33mclient_001_1  |[0m 2026-01-27 14:56:36,502 - __main__ - INFO - Update submitted for Round 32. Waiting...
[34mclient_004_1  |[0m 2026-01-27 14:56:37,081 - __main__ - INFO - --- New Round Detected: 32 ---
[36;1mclient_005_1  |[0m 2026-01-27 14:56:37,145 - __main__ - INFO - Round 32 finished. Loss: 0.3517, Acc: 95.99%
[33mserver_1      |[0m INFO:werkzeug:172.18.0.17 - - [27/Jan/2026 14:56:37] "GET /download_model?round=32 HTTP/1.1" 200 -
[33mserver_1      |[0m INFO:werkzeug:172.18.0.10 - - [27/Jan/2026 14:56:37] "[31m[1mPOST /submit_update HTTP/1.1[0m" 400 -
[36;1mclient_005_1  |[0m 2026-01-27 14:56:37,211 - __main__ - ERROR - Update submission failed: {"error":"Not accepting updates"}
[36;1mclient_005_1  |[0m 
[36;1mclient_005_1  |[0m 2026-01-27 14:56:37,212 - __main__ - INFO - Update submitted for Round 32. Waiting...
[33mserver_1      |[0m INFO:server.aggregator:--- [METRIC] Weight Divergence: 2.0055
[33mserver_1      |[0m INFO:server.aggregator:FedAvg aggregation complete.
[33mserver_1      |[0m INFO:__main__:Aggregation complete.
[33mserver_1      |[0m ⏱️ [TIME] Client client_004 finished training in 9.73s
[33mserver_1      |[0m ⏱️ [TIME] Client client_007 finished training in 0.84s
[33mserver_1      |[0m ⏱️ [TIME] Client client_010 finished training in 0.67s
[33mserver_1      |[0m ⏱️ [TIME] Client client_006 finished training in 0.04s
[33mserver_1      |[0m ⏱️ [TIME] Client client_009 finished training in 5.65s
[33mserver_1      |[0m DEBUG: ⚠️ MY CUSTOM AGGREGATOR IS RUNNING ⚠️
[33mserver_1      |[0m INFO:__main__:--- Round 32 Acc: 47.32%, Loss: 1.5216 ---
[33mserver_1      |[0m INFO:__main__:--- Starting Round 33. Timeout: 300s ---
[33mserver_1      |[0m INFO:werkzeug:172.18.0.11 - - [27/Jan/2026 14:56:38] "POST /submit_update HTTP/1.1" 200 -
[34;1mclient_009_1  |[0m 2026-01-27 14:56:38,616 - __main__ - INFO - 🚀 Model update submitted successfully.
[34;1mclient_009_1  |[0m 2026-01-27 14:56:38,616 - __main__ - INFO - Update submitted for Round 32. Waiting...
[35;1mclient_008_1  |[0m 2026-01-27 14:56:38,843 - __main__ - INFO - Round 32 finished. Loss: 0.1961, Acc: 98.57%
[33mserver_1      |[0m INFO:__main__:Received update from client_008
[33mserver_1      |[0m INFO:werkzeug:172.18.0.16 - - [27/Jan/2026 14:56:38] "POST /submit_update HTTP/1.1" 200 -
[35;1mclient_008_1  |[0m 2026-01-27 14:56:38,981 - __main__ - INFO - 🚀 Model update submitted successfully.
[35;1mclient_008_1  |[0m 2026-01-27 14:56:38,981 - __main__ - INFO - Update submitted for Round 32. Waiting...
[32;1mclient_007_1  |[0m 2026-01-27 14:56:39,062 - __main__ - INFO - --- New Round Detected: 33 ---
[33mserver_1      |[0m INFO:werkzeug:172.18.0.18 - - [27/Jan/2026 14:56:39] "GET /download_model?round=33 HTTP/1.1" 200 -
[32;1mclient_007_1  |[0m 2026-01-27 14:56:40,016 - __main__ - INFO - Round 33 finished. Loss: 0.9389, Acc: 71.06%
[33mserver_1      |[0m INFO:__main__:Received update from client_007
[33mserver_1      |[0m INFO:werkzeug:172.18.0.18 - - [27/Jan/2026 14:56:40] "POST /submit_update HTTP/1.1" 200 -
[32;1mclient_007_1  |[0m 2026-01-27 14:56:40,151 - __main__ - INFO - 🚀 Model update submitted successfully.
[32;1mclient_007_1  |[0m 2026-01-27 14:56:40,151 - __main__ - INFO - Update submitted for Round 33. Waiting...
[36mclient_010_1  |[0m 2026-01-27 14:56:42,110 - __main__ - INFO - --- New Round Detected: 33 ---
[33mserver_1      |[0m INFO:werkzeug:172.18.0.20 - - [27/Jan/2026 14:56:42] "GET /download_model?round=33 HTTP/1.1" 200 -
[36mclient_010_1  |[0m 2026-01-27 14:56:43,548 - __main__ - INFO - Round 33 finished. Loss: 0.2499, Acc: 98.52%
[33mserver_1      |[0m INFO:__main__:Received update from client_010
[33mserver_1      |[0m INFO:werkzeug:172.18.0.20 - - [27/Jan/2026 14:56:43] "POST /submit_update HTTP/1.1" 200 -
[36mclient_010_1  |[0m 2026-01-27 14:56:43,685 - __main__ - INFO - 🚀 Model update submitted successfully.
[36mclient_010_1  |[0m 2026-01-27 14:56:43,685 - __main__ - INFO - Update submitted for Round 33. Waiting...
[33;1mclient_006_1  |[0m 2026-01-27 14:56:45,116 - __main__ - INFO - --- New Round Detected: 33 ---
[33mserver_1      |[0m INFO:werkzeug:172.18.0.9 - - [27/Jan/2026 14:56:45] "GET /download_model?round=33 HTTP/1.1" 200 -
[33;1mclient_006_1  |[0m 2026-01-27 14:56:45,264 - __main__ - INFO - Round 33 finished. Loss: 0.6372, Acc: 92.86%
[33mserver_1      |[0m INFO:__main__:Received update from client_006
[33mserver_1      |[0m INFO:werkzeug:172.18.0.9 - - [27/Jan/2026 14:56:45] "POST /submit_update HTTP/1.1" 200 -
[33;1mclient_006_1  |[0m 2026-01-27 14:56:45,399 - __main__ - INFO - 🚀 Model update submitted successfully.
[33;1mclient_006_1  |[0m 2026-01-27 14:56:45,399 - __main__ - INFO - Update submitted for Round 33. Waiting...
[35mclient_003_1  |[0m 2026-01-27 14:56:45,882 - __main__ - INFO - Round 32 finished. Loss: 0.6823, Acc: 79.02%
[33mserver_1      |[0m INFO:__main__:Received update from client_003
[33mserver_1      |[0m INFO:__main__:--- Aggregating 5 updates ---
[33mserver_1      |[0m INFO:__main__:⚡ Using Custom Aggregator with Drift Metric...
[33mserver_1      |[0m INFO:server.aggregator:Starting FedAvg aggregation for 5 clients.
[32mclient_002_1  |[0m 2026-01-27 14:56:46,406 - __main__ - INFO - --- New Round Detected: 33 ---
[33mserver_1      |[0m INFO:werkzeug:172.18.0.19 - - [27/Jan/2026 14:56:46] "GET /download_model?round=33 HTTP/1.1" 200 -
[33mclient_001_1  |[0m 2026-01-27 14:56:46,749 - __main__ - INFO - --- New Round Detected: 33 ---
[33mserver_1      |[0m INFO:werkzeug:172.18.0.21 - - [27/Jan/2026 14:56:46] "GET /download_model?round=33 HTTP/1.1" 200 -
[34mclient_004_1  |[0m 2026-01-27 14:56:47,134 - __main__ - INFO - Round 32 finished. Loss: 0.6593, Acc: 79.85%
[33mserver_1      |[0m INFO:werkzeug:172.18.0.17 - - [27/Jan/2026 14:56:47] "[31m[1mPOST /submit_update HTTP/1.1[0m" 400 -
[34mclient_004_1  |[0m 2026-01-27 14:56:47,198 - __main__ - ERROR - Update submission failed: {"error":"Not accepting updates"}
[34mclient_004_1  |[0m 
[34mclient_004_1  |[0m 2026-01-27 14:56:47,198 - __main__ - INFO - Update submitted for Round 32. Waiting...
[36;1mclient_005_1  |[0m 2026-01-27 14:56:47,417 - __main__ - INFO - --- New Round Detected: 33 ---
[33mserver_1      |[0m INFO:werkzeug:172.18.0.10 - - [27/Jan/2026 14:56:47] "GET /download_model?round=33 HTTP/1.1" 200 -
[33mclient_001_1  |[0m 2026-01-27 14:56:47,730 - __main__ - INFO - Round 33 finished. Loss: 0.2548, Acc: 98.71%
[33mserver_1      |[0m INFO:werkzeug:172.18.0.21 - - [27/Jan/2026 14:56:47] "[31m[1mPOST /submit_update HTTP/1.1[0m" 400 -
[33mclient_001_1  |[0m 2026-01-27 14:56:47,910 - __main__ - ERROR - Update submission failed: {"error":"Not accepting updates"}
[33mclient_001_1  |[0m 
[33mclient_001_1  |[0m 2026-01-27 14:56:47,911 - __main__ - INFO - Update submitted for Round 33. Waiting...
[33mserver_1      |[0m INFO:server.aggregator:--- [METRIC] Weight Divergence: 2.5735
[33mserver_1      |[0m INFO:server.aggregator:FedAvg aggregation complete.
[33mserver_1      |[0m INFO:__main__:Aggregation complete.
[33mserver_1      |[0m ⏱️ [TIME] Client client_008 finished training in 3.06s
[33mserver_1      |[0m ⏱️ [TIME] Client client_007 finished training in 0.82s
[33mserver_1      |[0m ⏱️ [TIME] Client client_010 finished training in 1.30s
[33mserver_1      |[0m ⏱️ [TIME] Client client_006 finished training in 0.02s
[33mserver_1      |[0m ⏱️ [TIME] Client client_003 finished training in 19.55s
[33mserver_1      |[0m DEBUG: ⚠️ MY CUSTOM AGGREGATOR IS RUNNING ⚠️
[34;1mclient_009_1  |[0m 2026-01-27 14:56:48,704 - __main__ - INFO - --- New Round Detected: 33 ---
[33mserver_1      |[0m INFO:werkzeug:172.18.0.11 - - [27/Jan/2026 14:56:48] "GET /download_model?round=33 HTTP/1.1" 200 -
[35;1mclient_008_1  |[0m 2026-01-27 14:56:49,113 - __main__ - INFO - --- New Round Detected: 33 ---
[33mserver_1      |[0m INFO:werkzeug:172.18.0.16 - - [27/Jan/2026 14:56:49] "GET /download_model?round=33 HTTP/1.1" 200 -
[32mclient_002_1  |[0m 2026-01-27 14:56:49,256 - __main__ - INFO - Round 33 finished. Loss: 0.4381, Acc: 92.09%
[33mserver_1      |[0m INFO:werkzeug:172.18.0.19 - - [27/Jan/2026 14:56:49] "[31m[1mPOST /submit_update HTTP/1.1[0m" 400 -
[32mclient_002_1  |[0m 2026-01-27 14:56:49,325 - __main__ - ERROR - Update submission failed: {"error":"Not accepting updates"}
[32mclient_002_1  |[0m 
[32mclient_002_1  |[0m 2026-01-27 14:56:49,325 - __main__ - INFO - Update submitted for Round 33. Waiting...
[33mserver_1      |[0m INFO:__main__:--- Round 33 Acc: 38.72%, Loss: 1.9367 ---
[33mserver_1      |[0m INFO:__main__:--- Starting Round 34. Timeout: 300s ---
[33mserver_1      |[0m INFO:werkzeug:172.18.0.22 - - [27/Jan/2026 14:56:49] "POST /submit_update HTTP/1.1" 200 -
[35mclient_003_1  |[0m 2026-01-27 14:56:49,433 - __main__ - INFO - 🚀 Model update submitted successfully.
[35mclient_003_1  |[0m 2026-01-27 14:56:49,433 - __main__ - INFO - Update submitted for Round 32. Waiting...
[32;1mclient_007_1  |[0m 2026-01-27 14:56:50,213 - __main__ - INFO - --- New Round Detected: 34 ---
[33mserver_1      |[0m INFO:werkzeug:172.18.0.18 - - [27/Jan/2026 14:56:50] "GET /download_model?round=34 HTTP/1.1" 200 -
[32;1mclient_007_1  |[0m 2026-01-27 14:56:51,211 - __main__ - INFO - Round 34 finished. Loss: 0.8486, Acc: 75.82%
[33mserver_1      |[0m INFO:__main__:Received update from client_007
[33mserver_1      |[0m INFO:werkzeug:172.18.0.18 - - [27/Jan/2026 14:56:51] "POST /submit_update HTTP/1.1" 200 -
[32;1mclient_007_1  |[0m 2026-01-27 14:56:51,348 - __main__ - INFO - 🚀 Model update submitted successfully.
[32;1mclient_007_1  |[0m 2026-01-27 14:56:51,348 - __main__ - INFO - Update submitted for Round 34. Waiting...
[35;1mclient_008_1  |[0m 2026-01-27 14:56:52,289 - __main__ - INFO - Round 33 finished. Loss: 0.2410, Acc: 98.28%
[36;1mclient_005_1  |[0m 2026-01-27 14:56:52,309 - __main__ - INFO - Round 33 finished. Loss: 0.3414, Acc: 95.43%
[33mserver_1      |[0m INFO:__main__:Received update from client_008
[33mserver_1      |[0m INFO:werkzeug:172.18.0.16 - - [27/Jan/2026 14:56:52] "POST /submit_update HTTP/1.1" 200 -
[35;1mclient_008_1  |[0m 2026-01-27 14:56:52,425 - __main__ - INFO - 🚀 Model update submitted successfully.
[35;1mclient_008_1  |[0m 2026-01-27 14:56:52,426 - __main__ - INFO - Update submitted for Round 33. Waiting...
[33mserver_1      |[0m INFO:__main__:Received update from client_005
[33mserver_1      |[0m INFO:werkzeug:172.18.0.10 - - [27/Jan/2026 14:56:52] "POST /submit_update HTTP/1.1" 200 -
[36;1mclient_005_1  |[0m 2026-01-27 14:56:52,464 - __main__ - INFO - 🚀 Model update submitted successfully.
[36;1mclient_005_1  |[0m 2026-01-27 14:56:52,464 - __main__ - INFO - Update submitted for Round 33. Waiting...
[36mclient_010_1  |[0m 2026-01-27 14:56:53,769 - __main__ - INFO - --- New Round Detected: 34 ---
[33mserver_1      |[0m INFO:werkzeug:172.18.0.20 - - [27/Jan/2026 14:56:53] "GET /download_model?round=34 HTTP/1.1" 200 -
[34;1mclient_009_1  |[0m 2026-01-27 14:56:54,478 - __main__ - INFO - Round 33 finished. Loss: 0.6877, Acc: 77.48%
[33mserver_1      |[0m INFO:__main__:Received update from client_009
[33mserver_1      |[0m INFO:werkzeug:172.18.0.11 - - [27/Jan/2026 14:56:54] "POST /submit_update HTTP/1.1" 200 -
[34;1mclient_009_1  |[0m 2026-01-27 14:56:54,618 - __main__ - INFO - 🚀 Model update submitted successfully.
[34;1mclient_009_1  |[0m 2026-01-27 14:56:54,619 - __main__ - INFO - Update submitted for Round 33. Waiting...
[36mclient_010_1  |[0m 2026-01-27 14:56:55,087 - __main__ - INFO - Round 34 finished. Loss: 0.4219, Acc: 98.28%
[33mserver_1      |[0m INFO:__main__:Received update from client_010
[33mserver_1      |[0m INFO:__main__:--- Aggregating 5 updates ---
[33mserver_1      |[0m INFO:__main__:⚡ Using Custom Aggregator with Drift Metric...
[33mserver_1      |[0m INFO:server.aggregator:Starting FedAvg aggregation for 5 clients.
[33;1mclient_006_1  |[0m 2026-01-27 14:56:55,478 - __main__ - INFO - --- New Round Detected: 34 ---
[33mserver_1      |[0m INFO:werkzeug:172.18.0.9 - - [27/Jan/2026 14:56:55] "GET /download_model?round=34 HTTP/1.1" 200 -
[33;1mclient_006_1  |[0m 2026-01-27 14:56:55,630 - __main__ - INFO - Round 34 finished. Loss: 0.8409, Acc: 78.57%
[33mserver_1      |[0m INFO:werkzeug:172.18.0.9 - - [27/Jan/2026 14:56:55] "[31m[1mPOST /submit_update HTTP/1.1[0m" 400 -
[33;1mclient_006_1  |[0m 2026-01-27 14:56:55,702 - __main__ - ERROR - Update submission failed: {"error":"Not accepting updates"}
[33;1mclient_006_1  |[0m 
[33;1mclient_006_1  |[0m 2026-01-27 14:56:55,702 - __main__ - INFO - Update submitted for Round 34. Waiting...
[34mclient_004_1  |[0m 2026-01-27 14:56:57,260 - __main__ - INFO - --- New Round Detected: 34 ---
[33mserver_1      |[0m INFO:werkzeug:172.18.0.17 - - [27/Jan/2026 14:56:57] "GET /download_model?round=34 HTTP/1.1" 200 -
[33mclient_001_1  |[0m 2026-01-27 14:56:57,990 - __main__ - INFO - --- New Round Detected: 34 ---
[33mserver_1      |[0m INFO:werkzeug:172.18.0.21 - - [27/Jan/2026 14:56:58] "GET /download_model?round=34 HTTP/1.1" 200 -
[33mserver_1      |[0m INFO:server.aggregator:--- [METRIC] Weight Divergence: 1.9030
[33mserver_1      |[0m INFO:server.aggregator:FedAvg aggregation complete.
[33mserver_1      |[0m INFO:__main__:Aggregation complete.
[33mserver_1      |[0m ⏱️ [TIME] Client client_007 finished training in 0.87s
[33mserver_1      |[0m ⏱️ [TIME] Client client_008 finished training in 3.04s
[33mserver_1      |[0m ⏱️ [TIME] Client client_005 finished training in 4.75s
[33mserver_1      |[0m ⏱️ [TIME] Client client_009 finished training in 5.64s
[33mserver_1      |[0m ⏱️ [TIME] Client client_010 finished training in 1.19s
[33mserver_1      |[0m DEBUG: ⚠️ MY CUSTOM AGGREGATOR IS RUNNING ⚠️
[33mclient_001_1  |[0m 2026-01-27 14:56:58,919 - __main__ - INFO - Round 34 finished. Loss: 0.4232, Acc: 98.06%
[33mserver_1      |[0m INFO:werkzeug:172.18.0.21 - - [27/Jan/2026 14:56:58] "[31m[1mPOST /submit_update HTTP/1.1[0m" 400 -
[33mclient_001_1  |[0m 2026-01-27 14:56:58,988 - __main__ - ERROR - Update submission failed: {"error":"Not accepting updates"}
[33mclient_001_1  |[0m 
[33mclient_001_1  |[0m 2026-01-27 14:56:58,988 - __main__ - INFO - Update submitted for Round 34. Waiting...
[32mclient_002_1  |[0m 2026-01-27 14:56:59,413 - __main__ - INFO - --- New Round Detected: 34 ---
[33mserver_1      |[0m INFO:werkzeug:172.18.0.19 - - [27/Jan/2026 14:56:59] "GET /download_model?round=34 HTTP/1.1" 200 -
[35mclient_003_1  |[0m 2026-01-27 14:56:59,499 - __main__ - INFO - --- New Round Detected: 34 ---
[33mserver_1      |[0m INFO:werkzeug:172.18.0.22 - - [27/Jan/2026 14:56:59] "GET /download_model?round=34 HTTP/1.1" 200 -
[33mserver_1      |[0m INFO:__main__:--- Round 34 Acc: 44.54%, Loss: 1.6219 ---
[33mserver_1      |[0m INFO:__main__:--- Starting Round 35. Timeout: 300s ---
[33mserver_1      |[0m INFO:werkzeug:172.18.0.20 - - [27/Jan/2026 14:56:59] "POST /submit_update HTTP/1.1" 200 -
[36mclient_010_1  |[0m 2026-01-27 14:56:59,888 - __main__ - INFO - 🚀 Model update submitted successfully.
[36mclient_010_1  |[0m 2026-01-27 14:56:59,888 - __main__ - INFO - Update submitted for Round 34. Waiting...
[32;1mclient_007_1  |[0m 2026-01-27 14:57:01,410 - __main__ - INFO - --- New Round Detected: 35 ---
[33mserver_1      |[0m INFO:werkzeug:172.18.0.18 - - [27/Jan/2026 14:57:01] "GET /download_model?round=35 HTTP/1.1" 200 -
[32mclient_002_1  |[0m 2026-01-27 14:57:02,276 - __main__ - INFO - Round 34 finished. Loss: 0.5844, Acc: 92.89%
[32;1mclient_007_1  |[0m 2026-01-27 14:57:02,359 - __main__ - INFO - Round 35 finished. Loss: 0.8798, Acc: 74.36%
[33mserver_1      |[0m INFO:__main__:Received update from client_002
[33mserver_1      |[0m INFO:werkzeug:172.18.0.19 - - [27/Jan/2026 14:57:02] "POST /submit_update HTTP/1.1" 200 -
[32mclient_002_1  |[0m 2026-01-27 14:57:02,432 - __main__ - INFO - 🚀 Model update submitted successfully.
[32mclient_002_1  |[0m 2026-01-27 14:57:02,432 - __main__ - INFO - Update submitted for Round 34. Waiting...
[33mserver_1      |[0m INFO:__main__:Received update from client_007
[33mserver_1      |[0m INFO:werkzeug:172.18.0.18 - - [27/Jan/2026 14:57:02] "POST /submit_update HTTP/1.1" 200 -
[32;1mclient_007_1  |[0m 2026-01-27 14:57:02,498 - __main__ - INFO - 🚀 Model update submitted successfully.
[32;1mclient_007_1  |[0m 2026-01-27 14:57:02,498 - __main__ - INFO - Update submitted for Round 35. Waiting...
[35;1mclient_008_1  |[0m 2026-01-27 14:57:02,623 - __main__ - INFO - --- New Round Detected: 35 ---
[36;1mclient_005_1  |[0m 2026-01-27 14:57:02,637 - __main__ - INFO - --- New Round Detected: 35 ---
[33mserver_1      |[0m INFO:werkzeug:172.18.0.16 - - [27/Jan/2026 14:57:02] "GET /download_model?round=35 HTTP/1.1" 200 -
[33mserver_1      |[0m INFO:werkzeug:172.18.0.10 - - [27/Jan/2026 14:57:02] "GET /download_model?round=35 HTTP/1.1" 200 -
[35;1mclient_008_1  |[0m 2026-01-27 14:57:04,469 - __main__ - INFO - Round 35 finished. Loss: 0.2076, Acc: 98.62%
[33mserver_1      |[0m INFO:__main__:Received update from client_008
[33mserver_1      |[0m INFO:werkzeug:172.18.0.16 - - [27/Jan/2026 14:57:04] "POST /submit_update HTTP/1.1" 200 -
[35;1mclient_008_1  |[0m 2026-01-27 14:57:04,623 - __main__ - INFO - 🚀 Model update submitted successfully.
[35;1mclient_008_1  |[0m 2026-01-27 14:57:04,623 - __main__ - INFO - Update submitted for Round 35. Waiting...
[34;1mclient_009_1  |[0m 2026-01-27 14:57:04,681 - __main__ - INFO - --- New Round Detected: 35 ---
[33mserver_1      |[0m INFO:werkzeug:172.18.0.11 - - [27/Jan/2026 14:57:04] "GET /download_model?round=35 HTTP/1.1" 200 -
[36;1mclient_005_1  |[0m 2026-01-27 14:57:05,662 - __main__ - INFO - Round 35 finished. Loss: 0.3111, Acc: 95.31%
[33mserver_1      |[0m INFO:__main__:Received update from client_005
[33mserver_1      |[0m INFO:werkzeug:172.18.0.10 - - [27/Jan/2026 14:57:05] "POST /submit_update HTTP/1.1" 200 -
[33;1mclient_006_1  |[0m 2026-01-27 14:57:05,816 - __main__ - INFO - --- New Round Detected: 35 ---
[34mclient_004_1  |[0m 2026-01-27 14:57:05,819 - __main__ - INFO - Round 34 finished. Loss: 0.7640, Acc: 80.16%
[36;1mclient_005_1  |[0m 2026-01-27 14:57:05,834 - __main__ - INFO - 🚀 Model update submitted successfully.
[36;1mclient_005_1  |[0m 2026-01-27 14:57:05,834 - __main__ - INFO - Update submitted for Round 35. Waiting...
[33mserver_1      |[0m INFO:werkzeug:172.18.0.9 - - [27/Jan/2026 14:57:05] "GET /download_model?round=35 HTTP/1.1" 200 -
[33mserver_1      |[0m INFO:__main__:Received update from client_004
[33mserver_1      |[0m INFO:__main__:--- Aggregating 5 updates ---
[33mserver_1      |[0m INFO:__main__:⚡ Using Custom Aggregator with Drift Metric...
[33mserver_1      |[0m INFO:server.aggregator:Starting FedAvg aggregation for 5 clients.
[33;1mclient_006_1  |[0m 2026-01-27 14:57:05,999 - __main__ - INFO - Round 35 finished. Loss: 0.5557, Acc: 92.86%
[33mserver_1      |[0m INFO:werkzeug:172.18.0.9 - - [27/Jan/2026 14:57:06] "[31m[1mPOST /submit_update HTTP/1.1[0m" 400 -
[33;1mclient_006_1  |[0m 2026-01-27 14:57:06,094 - __main__ - ERROR - Update submission failed: {"error":"Not accepting updates"}
[33;1mclient_006_1  |[0m 
[33;1mclient_006_1  |[0m 2026-01-27 14:57:06,094 - __main__ - INFO - Update submitted for Round 35. Waiting...
[34;1mclient_009_1  |[0m 2026-01-27 14:57:07,957 - __main__ - INFO - Round 35 finished. Loss: 0.6646, Acc: 77.75%
[33mserver_1      |[0m INFO:werkzeug:172.18.0.11 - - [27/Jan/2026 14:57:07] "[31m[1mPOST /submit_update HTTP/1.1[0m" 400 -
[34;1mclient_009_1  |[0m 2026-01-27 14:57:08,029 - __main__ - ERROR - Update submission failed: {"error":"Not accepting updates"}
[34;1mclient_009_1  |[0m 
[34;1mclient_009_1  |[0m 2026-01-27 14:57:08,029 - __main__ - INFO - Update submitted for Round 35. Waiting...
[33mserver_1      |[0m INFO:server.aggregator:--- [METRIC] Weight Divergence: 1.8925
[33mserver_1      |[0m INFO:server.aggregator:FedAvg aggregation complete.
[33mserver_1      |[0m INFO:__main__:Aggregation complete.
[33mserver_1      |[0m ⏱️ [TIME] Client client_002 finished training in 2.73s
[33mserver_1      |[0m ⏱️ [TIME] Client client_007 finished training in 0.82s
[33mserver_1      |[0m ⏱️ [TIME] Client client_008 finished training in 1.71s
[33mserver_1      |[0m ⏱️ [TIME] Client client_005 finished training in 2.90s
[33mserver_1      |[0m ⏱️ [TIME] Client client_004 finished training in 8.43s
[33mserver_1      |[0m DEBUG: ⚠️ MY CUSTOM AGGREGATOR IS RUNNING ⚠️
[33mclient_001_1  |[0m 2026-01-27 14:57:09,051 - __main__ - INFO - --- New Round Detected: 35 ---
[33mserver_1      |[0m INFO:werkzeug:172.18.0.21 - - [27/Jan/2026 14:57:09] "GET /download_model?round=35 HTTP/1.1" 200 -
[33mserver_1      |[0m INFO:__main__:--- Round 35 Acc: 41.37%, Loss: 1.6294 ---
[33mserver_1      |[0m INFO:__main__:--- Starting Round 36. Timeout: 300s ---
[33mserver_1      |[0m INFO:werkzeug:172.18.0.17 - - [27/Jan/2026 14:57:09] "POST /submit_update HTTP/1.1" 200 -
[34mclient_004_1  |[0m 2026-01-27 14:57:09,785 - __main__ - INFO - 🚀 Model update submitted successfully.
[34mclient_004_1  |[0m 2026-01-27 14:57:09,785 - __main__ - INFO - Update submitted for Round 34. Waiting...
[36mclient_010_1  |[0m 2026-01-27 14:57:09,955 - __main__ - INFO - --- New Round Detected: 36 ---
[33mserver_1      |[0m INFO:werkzeug:172.18.0.20 - - [27/Jan/2026 14:57:09] "GET /download_model?round=36 HTTP/1.1" 200 -
[33mclient_001_1  |[0m 2026-01-27 14:57:10,024 - __main__ - INFO - Round 35 finished. Loss: 0.2190, Acc: 99.03%
[33mserver_1      |[0m INFO:__main__:Received update from client_001
[33mserver_1      |[0m INFO:werkzeug:172.18.0.21 - - [27/Jan/2026 14:57:10] "POST /submit_update HTTP/1.1" 200 -
[33mclient_001_1  |[0m 2026-01-27 14:57:10,159 - __main__ - INFO - 🚀 Model update submitted successfully.
[33mclient_001_1  |[0m 2026-01-27 14:57:10,159 - __main__ - INFO - Update submitted for Round 35. Waiting...
[36mclient_010_1  |[0m 2026-01-27 14:57:11,364 - __main__ - INFO - Round 36 finished. Loss: 0.3503, Acc: 97.91%
[33mserver_1      |[0m INFO:__main__:Received update from client_010
[33mserver_1      |[0m INFO:werkzeug:172.18.0.20 - - [27/Jan/2026 14:57:11] "POST /submit_update HTTP/1.1" 200 -
[36mclient_010_1  |[0m 2026-01-27 14:57:11,532 - __main__ - INFO - 🚀 Model update submitted successfully.
[36mclient_010_1  |[0m 2026-01-27 14:57:11,532 - __main__ - INFO - Update submitted for Round 36. Waiting...
[32mclient_002_1  |[0m 2026-01-27 14:57:12,511 - __main__ - INFO - --- New Round Detected: 36 ---
[33mserver_1      |[0m INFO:werkzeug:172.18.0.19 - - [27/Jan/2026 14:57:12] "GET /download_model?round=36 HTTP/1.1" 200 -
[32;1mclient_007_1  |[0m 2026-01-27 14:57:12,588 - __main__ - INFO - --- New Round Detected: 36 ---
[33mserver_1      |[0m INFO:werkzeug:172.18.0.18 - - [27/Jan/2026 14:57:12] "GET /download_model?round=36 HTTP/1.1" 200 -
[32;1mclient_007_1  |[0m 2026-01-27 14:57:13,592 - __main__ - INFO - Round 36 finished. Loss: 0.8704, Acc: 74.18%
[33mserver_1      |[0m INFO:__main__:Received update from client_007
[33mserver_1      |[0m INFO:werkzeug:172.18.0.18 - - [27/Jan/2026 14:57:13] "POST /submit_update HTTP/1.1" 200 -
[32;1mclient_007_1  |[0m 2026-01-27 14:57:13,729 - __main__ - INFO - 🚀 Model update submitted successfully.
[32;1mclient_007_1  |[0m 2026-01-27 14:57:13,730 - __main__ - INFO - Update submitted for Round 36. Waiting...
[35;1mclient_008_1  |[0m 2026-01-27 14:57:14,698 - __main__ - INFO - --- New Round Detected: 36 ---
[33mserver_1      |[0m INFO:werkzeug:172.18.0.16 - - [27/Jan/2026 14:57:14] "GET /download_model?round=36 HTTP/1.1" 200 -
[32mclient_002_1  |[0m 2026-01-27 14:57:15,261 - __main__ - INFO - Round 36 finished. Loss: 0.4706, Acc: 93.38%
[33mserver_1      |[0m INFO:__main__:Received update from client_002
[33mserver_1      |[0m INFO:werkzeug:172.18.0.19 - - [27/Jan/2026 14:57:15] "POST /submit_update HTTP/1.1" 200 -
[32mclient_002_1  |[0m 2026-01-27 14:57:15,404 - __main__ - INFO - 🚀 Model update submitted successfully.
[32mclient_002_1  |[0m 2026-01-27 14:57:15,405 - __main__ - INFO - Update submitted for Round 36. Waiting...
[36;1mclient_005_1  |[0m 2026-01-27 14:57:15,925 - __main__ - INFO - --- New Round Detected: 36 ---
[33mserver_1      |[0m INFO:werkzeug:172.18.0.10 - - [27/Jan/2026 14:57:15] "GET /download_model?round=36 HTTP/1.1" 200 -
[33;1mclient_006_1  |[0m 2026-01-27 14:57:16,201 - __main__ - INFO - --- New Round Detected: 36 ---
[33mserver_1      |[0m INFO:werkzeug:172.18.0.9 - - [27/Jan/2026 14:57:16] "GET /download_model?round=36 HTTP/1.1" 200 -
[33;1mclient_006_1  |[0m 2026-01-27 14:57:16,427 - __main__ - INFO - Round 36 finished. Loss: 0.7427, Acc: 71.43%
[33mserver_1      |[0m INFO:__main__:Received update from client_006
[33mserver_1      |[0m INFO:__main__:--- Aggregating 5 updates ---
[33mserver_1      |[0m INFO:__main__:⚡ Using Custom Aggregator with Drift Metric...
[33mserver_1      |[0m INFO:server.aggregator:Starting FedAvg aggregation for 5 clients.
[35;1mclient_008_1  |[0m 2026-01-27 14:57:17,720 - __main__ - INFO - Round 36 finished. Loss: 0.2537, Acc: 98.28%
[33mserver_1      |[0m INFO:werkzeug:172.18.0.16 - - [27/Jan/2026 14:57:17] "[31m[1mPOST /submit_update HTTP/1.1[0m" 400 -
[35;1mclient_008_1  |[0m 2026-01-27 14:57:17,784 - __main__ - ERROR - Update submission failed: {"error":"Not accepting updates"}
[35;1mclient_008_1  |[0m 
[35;1mclient_008_1  |[0m 2026-01-27 14:57:17,784 - __main__ - INFO - Update submitted for Round 36. Waiting...
[34;1mclient_009_1  |[0m 2026-01-27 14:57:18,378 - __main__ - INFO - --- New Round Detected: 36 ---
[33mserver_1      |[0m INFO:werkzeug:172.18.0.11 - - [27/Jan/2026 14:57:18] "GET /download_model?round=36 HTTP/1.1" 200 -
[33mserver_1      |[0m INFO:server.aggregator:--- [METRIC] Weight Divergence: 0.9044
[33mserver_1      |[0m INFO:server.aggregator:FedAvg aggregation complete.
[33mserver_1      |[0m INFO:__main__:Aggregation complete.
[33mserver_1      |[0m ⏱️ [TIME] Client client_001 finished training in 0.84s
[33mserver_1      |[0m ⏱️ [TIME] Client client_010 finished training in 1.28s
[33mserver_1      |[0m ⏱️ [TIME] Client client_007 finished training in 0.88s
[33mserver_1      |[0m ⏱️ [TIME] Client client_002 finished training in 2.62s
[33mserver_1      |[0m ⏱️ [TIME] Client client_006 finished training in 0.02s
[33mserver_1      |[0m DEBUG: ⚠️ MY CUSTOM AGGREGATOR IS RUNNING ⚠️
[34mclient_004_1  |[0m 2026-01-27 14:57:19,880 - __main__ - INFO - --- New Round Detected: 36 ---
[33mserver_1      |[0m INFO:werkzeug:172.18.0.17 - - [27/Jan/2026 14:57:19] "GET /download_model?round=36 HTTP/1.1" 200 -
[33mclient_001_1  |[0m 2026-01-27 14:57:20,300 - __main__ - INFO - --- New Round Detected: 36 ---
[35mclient_003_1  |[0m 2026-01-27 14:57:20,318 - __main__ - INFO - Round 34 finished. Loss: 0.6384, Acc: 79.92%
[33mserver_1      |[0m INFO:werkzeug:172.18.0.21 - - [27/Jan/2026 14:57:20] "GET /download_model?round=36 HTTP/1.1" 200 -
[33mserver_1      |[0m INFO:werkzeug:172.18.0.22 - - [27/Jan/2026 14:57:20] "[31m[1mPOST /submit_update HTTP/1.1[0m" 400 -
[35mclient_003_1  |[0m 2026-01-27 14:57:20,385 - __main__ - ERROR - Update submission failed: {"error":"Not accepting updates"}
[35mclient_003_1  |[0m 
[35mclient_003_1  |[0m 2026-01-27 14:57:20,385 - __main__ - INFO - Update submitted for Round 34. Waiting...
[33mserver_1      |[0m INFO:__main__:--- Round 36 Acc: 32.91%, Loss: 1.8404 ---
[33mserver_1      |[0m INFO:__main__:--- Starting Round 37. Timeout: 300s ---
[33mserver_1      |[0m INFO:werkzeug:172.18.0.9 - - [27/Jan/2026 14:57:20] "POST /submit_update HTTP/1.1" 200 -
[33;1mclient_006_1  |[0m 2026-01-27 14:57:20,691 - __main__ - INFO - 🚀 Model update submitted successfully.
[33;1mclient_006_1  |[0m 2026-01-27 14:57:20,692 - __main__ - INFO - Update submitted for Round 36. Waiting...
[36;1mclient_005_1  |[0m 2026-01-27 14:57:21,133 - __main__ - INFO - Round 36 finished. Loss: 0.2326, Acc: 96.36%
[33mserver_1      |[0m INFO:__main__:Received update from client_005
[33mserver_1      |[0m INFO:werkzeug:172.18.0.10 - - [27/Jan/2026 14:57:21] "POST /submit_update HTTP/1.1" 200 -
[36;1mclient_005_1  |[0m 2026-01-27 14:57:21,268 - __main__ - INFO - 🚀 Model update submitted successfully.
[36;1mclient_005_1  |[0m 2026-01-27 14:57:21,268 - __main__ - INFO - Update submitted for Round 36. Waiting...
[33mclient_001_1  |[0m 2026-01-27 14:57:21,310 - __main__ - INFO - Round 36 finished. Loss: 0.3361, Acc: 98.71%
[33mserver_1      |[0m INFO:__main__:Received update from client_001
[33mserver_1      |[0m INFO:werkzeug:172.18.0.21 - - [27/Jan/2026 14:57:21] "POST /submit_update HTTP/1.1" 200 -
[33mclient_001_1  |[0m 2026-01-27 14:57:21,446 - __main__ - INFO - 🚀 Model update submitted successfully.
[33mclient_001_1  |[0m 2026-01-27 14:57:21,446 - __main__ - INFO - Update submitted for Round 36. Waiting...
[36mclient_010_1  |[0m 2026-01-27 14:57:21,593 - __main__ - INFO - --- New Round Detected: 37 ---
[33mserver_1      |[0m INFO:werkzeug:172.18.0.20 - - [27/Jan/2026 14:57:21] "GET /download_model?round=37 HTTP/1.1" 200 -
[36mclient_010_1  |[0m 2026-01-27 14:57:22,979 - __main__ - INFO - Round 37 finished. Loss: 0.1529, Acc: 98.65%
[33mserver_1      |[0m INFO:__main__:Received update from client_010
[33mserver_1      |[0m INFO:werkzeug:172.18.0.20 - - [27/Jan/2026 14:57:23] "POST /submit_update HTTP/1.1" 200 -
[36mclient_010_1  |[0m 2026-01-27 14:57:23,138 - __main__ - INFO - 🚀 Model update submitted successfully.
[36mclient_010_1  |[0m 2026-01-27 14:57:23,138 - __main__ - INFO - Update submitted for Round 37. Waiting...
[32;1mclient_007_1  |[0m 2026-01-27 14:57:23,800 - __main__ - INFO - --- New Round Detected: 37 ---
[33mserver_1      |[0m INFO:werkzeug:172.18.0.18 - - [27/Jan/2026 14:57:23] "GET /download_model?round=37 HTTP/1.1" 200 -
[34;1mclient_009_1  |[0m 2026-01-27 14:57:24,170 - __main__ - INFO - Round 36 finished. Loss: 0.7662, Acc: 76.92%
[33mserver_1      |[0m INFO:__main__:Received update from client_009
[33mserver_1      |[0m INFO:werkzeug:172.18.0.11 - - [27/Jan/2026 14:57:24] "POST /submit_update HTTP/1.1" 200 -
[34;1mclient_009_1  |[0m 2026-01-27 14:57:24,305 - __main__ - INFO - 🚀 Model update submitted successfully.
[34;1mclient_009_1  |[0m 2026-01-27 14:57:24,306 - __main__ - INFO - Update submitted for Round 36. Waiting...
[32;1mclient_007_1  |[0m 2026-01-27 14:57:24,766 - __main__ - INFO - Round 37 finished. Loss: 0.7204, Acc: 74.73%
[33mserver_1      |[0m INFO:__main__:Received update from client_007
[33mserver_1      |[0m INFO:__main__:--- Aggregating 5 updates ---
[33mserver_1      |[0m INFO:__main__:⚡ Using Custom Aggregator with Drift Metric...
[33mserver_1      |[0m INFO:server.aggregator:Starting FedAvg aggregation for 5 clients.
[32mclient_002_1  |[0m 2026-01-27 14:57:25,516 - __main__ - INFO - --- New Round Detected: 37 ---
[33mserver_1      |[0m INFO:werkzeug:172.18.0.19 - - [27/Jan/2026 14:57:25] "GET /download_model?round=37 HTTP/1.1" 200 -
[33mserver_1      |[0m INFO:server.aggregator:--- [METRIC] Weight Divergence: 1.1203
[33mserver_1      |[0m INFO:server.aggregator:FedAvg aggregation complete.
[33mserver_1      |[0m INFO:__main__:Aggregation complete.
[33mserver_1      |[0m ⏱️ [TIME] Client client_005 finished training in 5.08s
[33mserver_1      |[0m ⏱️ [TIME] Client client_001 finished training in 0.88s
[33mserver_1      |[0m ⏱️ [TIME] Client client_010 finished training in 1.26s
[33mserver_1      |[0m ⏱️ [TIME] Client client_009 finished training in 5.65s
[33mserver_1      |[0m ⏱️ [TIME] Client client_007 finished training in 0.83s
[33mserver_1      |[0m DEBUG: ⚠️ MY CUSTOM AGGREGATOR IS RUNNING ⚠️
[35;1mclient_008_1  |[0m 2026-01-27 14:57:27,848 - __main__ - INFO - --- New Round Detected: 37 ---
[33mserver_1      |[0m INFO:werkzeug:172.18.0.16 - - [27/Jan/2026 14:57:27] "GET /download_model?round=37 HTTP/1.1" 200 -
[32mclient_002_1  |[0m 2026-01-27 14:57:28,142 - __main__ - INFO - Round 37 finished. Loss: 0.3133, Acc: 93.87%
[33mserver_1      |[0m INFO:werkzeug:172.18.0.19 - - [27/Jan/2026 14:57:28] "[31m[1mPOST /submit_update HTTP/1.1[0m" 400 -
[32mclient_002_1  |[0m 2026-01-27 14:57:28,253 - __main__ - ERROR - Update submission failed: {"error":"Not accepting updates"}
[32mclient_002_1  |[0m 
[32mclient_002_1  |[0m 2026-01-27 14:57:28,253 - __main__ - INFO - Update submitted for Round 37. Waiting...
[33mserver_1      |[0m INFO:__main__:--- Round 37 Acc: 46.37%, Loss: 1.5691 ---
[33mserver_1      |[0m INFO:__main__:--- Starting Round 38. Timeout: 300s ---
[33mserver_1      |[0m INFO:werkzeug:172.18.0.18 - - [27/Jan/2026 14:57:28] "POST /submit_update HTTP/1.1" 200 -
[32;1mclient_007_1  |[0m 2026-01-27 14:57:28,661 - __main__ - INFO - 🚀 Model update submitted successfully.
[32;1mclient_007_1  |[0m 2026-01-27 14:57:28,663 - __main__ - INFO - Update submitted for Round 37. Waiting...
[34mclient_004_1  |[0m 2026-01-27 14:57:29,801 - __main__ - INFO - Round 36 finished. Loss: 0.5919, Acc: 81.11%
[33mserver_1      |[0m INFO:__main__:Received update from client_004
[33mserver_1      |[0m INFO:werkzeug:172.18.0.17 - - [27/Jan/2026 14:57:29] "POST /submit_update HTTP/1.1" 200 -
[34mclient_004_1  |[0m 2026-01-27 14:57:29,939 - __main__ - INFO - 🚀 Model update submitted successfully.
[34mclient_004_1  |[0m 2026-01-27 14:57:29,939 - __main__ - INFO - Update submitted for Round 36. Waiting...
[35mclient_003_1  |[0m 2026-01-27 14:57:30,447 - __main__ - INFO - --- New Round Detected: 38 ---
[33mserver_1      |[0m INFO:werkzeug:172.18.0.22 - - [27/Jan/2026 14:57:30] "GET /download_model?round=38 HTTP/1.1" 200 -
[33;1mclient_006_1  |[0m 2026-01-27 14:57:30,757 - __main__ - INFO - --- New Round Detected: 38 ---
[33mserver_1      |[0m INFO:werkzeug:172.18.0.9 - - [27/Jan/2026 14:57:30] "GET /download_model?round=38 HTTP/1.1" 200 -
[35;1mclient_008_1  |[0m 2026-01-27 14:57:30,895 - __main__ - INFO - Round 37 finished. Loss: 0.3618, Acc: 98.37%
[33;1mclient_006_1  |[0m 2026-01-27 14:57:30,965 - __main__ - INFO - Round 38 finished. Loss: 0.6392, Acc: 78.57%
[33mserver_1      |[0m INFO:__main__:Received update from client_008
[33mserver_1      |[0m INFO:werkzeug:172.18.0.16 - - [27/Jan/2026 14:57:31] "POST /submit_update HTTP/1.1" 200 -
[35;1mclient_008_1  |[0m 2026-01-27 14:57:31,034 - __main__ - INFO - 🚀 Model update submitted successfully.
[35;1mclient_008_1  |[0m 2026-01-27 14:57:31,035 - __main__ - INFO - Update submitted for Round 37. Waiting...
[33mserver_1      |[0m INFO:__main__:Received update from client_006
[33mserver_1      |[0m INFO:werkzeug:172.18.0.9 - - [27/Jan/2026 14:57:31] "POST /submit_update HTTP/1.1" 200 -
[33;1mclient_006_1  |[0m 2026-01-27 14:57:31,131 - __main__ - INFO - 🚀 Model update submitted successfully.
[33;1mclient_006_1  |[0m 2026-01-27 14:57:31,131 - __main__ - INFO - Update submitted for Round 38. Waiting...
[36;1mclient_005_1  |[0m 2026-01-27 14:57:31,346 - __main__ - INFO - --- New Round Detected: 38 ---
[33mserver_1      |[0m INFO:werkzeug:172.18.0.10 - - [27/Jan/2026 14:57:31] "GET /download_model?round=38 HTTP/1.1" 200 -
[33mclient_001_1  |[0m 2026-01-27 14:57:31,572 - __main__ - INFO - --- New Round Detected: 38 ---
[33mserver_1      |[0m INFO:werkzeug:172.18.0.21 - - [27/Jan/2026 14:57:31] "GET /download_model?round=38 HTTP/1.1" 200 -
[33mclient_001_1  |[0m 2026-01-27 14:57:32,544 - __main__ - INFO - Round 38 finished. Loss: 0.1892, Acc: 99.35%
[33mserver_1      |[0m INFO:__main__:Received update from client_001
[33mserver_1      |[0m INFO:werkzeug:172.18.0.21 - - [27/Jan/2026 14:57:32] "POST /submit_update HTTP/1.1" 200 -
[33mclient_001_1  |[0m 2026-01-27 14:57:32,703 - __main__ - INFO - 🚀 Model update submitted successfully.
[33mclient_001_1  |[0m 2026-01-27 14:57:32,704 - __main__ - INFO - Update submitted for Round 38. Waiting...
[36mclient_010_1  |[0m 2026-01-27 14:57:33,204 - __main__ - INFO - --- New Round Detected: 38 ---
[33mserver_1      |[0m INFO:werkzeug:172.18.0.20 - - [27/Jan/2026 14:57:33] "GET /download_model?round=38 HTTP/1.1" 200 -
[34;1mclient_009_1  |[0m 2026-01-27 14:57:34,369 - __main__ - INFO - --- New Round Detected: 38 ---
[33mserver_1      |[0m INFO:werkzeug:172.18.0.11 - - [27/Jan/2026 14:57:34] "GET /download_model?round=38 HTTP/1.1" 200 -
[36mclient_010_1  |[0m 2026-01-27 14:57:34,668 - __main__ - INFO - Round 38 finished. Loss: 0.2045, Acc: 98.52%
[33mserver_1      |[0m INFO:__main__:Received update from client_010
[33mserver_1      |[0m INFO:__main__:--- Aggregating 5 updates ---
[33mserver_1      |[0m INFO:__main__:⚡ Using Custom Aggregator with Drift Metric...
[33mserver_1      |[0m INFO:server.aggregator:Starting FedAvg aggregation for 5 clients.
[36;1mclient_005_1  |[0m 2026-01-27 14:57:36,426 - __main__ - INFO - Round 38 finished. Loss: 0.2693, Acc: 96.18%
[33mserver_1      |[0m INFO:werkzeug:172.18.0.10 - - [27/Jan/2026 14:57:36] "[31m[1mPOST /submit_update HTTP/1.1[0m" 400 -
[36;1mclient_005_1  |[0m 2026-01-27 14:57:36,493 - __main__ - ERROR - Update submission failed: {"error":"Not accepting updates"}
[36;1mclient_005_1  |[0m 
[36;1mclient_005_1  |[0m 2026-01-27 14:57:36,494 - __main__ - INFO - Update submitted for Round 38. Waiting...
[33mserver_1      |[0m INFO:server.aggregator:--- [METRIC] Weight Divergence: 1.5601
[33mserver_1      |[0m INFO:server.aggregator:FedAvg aggregation complete.
[33mserver_1      |[0m INFO:__main__:Aggregation complete.
[33mserver_1      |[0m ⏱️ [TIME] Client client_004 finished training in 9.78s
[33mserver_1      |[0m ⏱️ [TIME] Client client_008 finished training in 2.91s
[33mserver_1      |[0m ⏱️ [TIME] Client client_006 finished training in 0.02s
[33mserver_1      |[0m ⏱️ [TIME] Client client_001 finished training in 0.84s
[33mserver_1      |[0m ⏱️ [TIME] Client client_010 finished training in 1.34s
[33mserver_1      |[0m DEBUG: ⚠️ MY CUSTOM AGGREGATOR IS RUNNING ⚠️
[32mclient_002_1  |[0m 2026-01-27 14:57:38,318 - __main__ - INFO - --- New Round Detected: 38 ---
[33mserver_1      |[0m INFO:werkzeug:172.18.0.19 - - [27/Jan/2026 14:57:38] "GET /download_model?round=38 HTTP/1.1" 200 -
[33mserver_1      |[0m INFO:__main__:--- Round 38 Acc: 46.04%, Loss: 1.6138 ---
[33mserver_1      |[0m INFO:__main__:--- Starting Round 39. Timeout: 300s ---
[33mserver_1      |[0m INFO:werkzeug:172.18.0.20 - - [27/Jan/2026 14:57:38] "POST /submit_update HTTP/1.1" 200 -
[36mclient_010_1  |[0m 2026-01-27 14:57:38,690 - __main__ - INFO - 🚀 Model update submitted successfully.
[36mclient_010_1  |[0m 2026-01-27 14:57:38,690 - __main__ - INFO - Update submitted for Round 38. Waiting...
[32;1mclient_007_1  |[0m 2026-01-27 14:57:38,779 - __main__ - INFO - --- New Round Detected: 39 ---
[33mserver_1      |[0m INFO:werkzeug:172.18.0.18 - - [27/Jan/2026 14:57:38] "GET /download_model?round=39 HTTP/1.1" 200 -
[32;1mclient_007_1  |[0m 2026-01-27 14:57:39,783 - __main__ - INFO - Round 39 finished. Loss: 0.8306, Acc: 76.74%
[33mserver_1      |[0m INFO:__main__:Received update from client_007
[33mserver_1      |[0m INFO:werkzeug:172.18.0.18 - - [27/Jan/2026 14:57:39] "POST /submit_update HTTP/1.1" 200 -
[32;1mclient_007_1  |[0m 2026-01-27 14:57:39,918 - __main__ - INFO - 🚀 Model update submitted successfully.
[32;1mclient_007_1  |[0m 2026-01-27 14:57:39,919 - __main__ - INFO - Update submitted for Round 39. Waiting...
[34mclient_004_1  |[0m 2026-01-27 14:57:40,001 - __main__ - INFO - --- New Round Detected: 39 ---
[33mserver_1      |[0m INFO:werkzeug:172.18.0.17 - - [27/Jan/2026 14:57:40] "GET /download_model?round=39 HTTP/1.1" 200 -
[34;1mclient_009_1  |[0m 2026-01-27 14:57:40,184 - __main__ - INFO - Round 38 finished. Loss: 0.6761, Acc: 78.02%
[33mserver_1      |[0m INFO:__main__:Received update from client_009
[33mserver_1      |[0m INFO:werkzeug:172.18.0.11 - - [27/Jan/2026 14:57:40] "POST /submit_update HTTP/1.1" 200 -
[34;1mclient_009_1  |[0m 2026-01-27 14:57:40,320 - __main__ - INFO - 🚀 Model update submitted successfully.
[34;1mclient_009_1  |[0m 2026-01-27 14:57:40,320 - __main__ - INFO - Update submitted for Round 38. Waiting...
[35;1mclient_008_1  |[0m 2026-01-27 14:57:41,115 - __main__ - INFO - --- New Round Detected: 39 ---
[32mclient_002_1  |[0m 2026-01-27 14:57:41,135 - __main__ - INFO - Round 38 finished. Loss: 0.3763, Acc: 92.29%
[33mserver_1      |[0m INFO:werkzeug:172.18.0.16 - - [27/Jan/2026 14:57:41] "GET /download_model?round=39 HTTP/1.1" 200 -
[33;1mclient_006_1  |[0m 2026-01-27 14:57:41,192 - __main__ - INFO - --- New Round Detected: 39 ---
[33mserver_1      |[0m INFO:werkzeug:172.18.0.9 - - [27/Jan/2026 14:57:41] "GET /download_model?round=39 HTTP/1.1" 200 -
[33mserver_1      |[0m INFO:__main__:Received update from client_002
[33mserver_1      |[0m INFO:werkzeug:172.18.0.19 - - [27/Jan/2026 14:57:41] "POST /submit_update HTTP/1.1" 200 -
[32mclient_002_1  |[0m 2026-01-27 14:57:41,271 - __main__ - INFO - 🚀 Model update submitted successfully.
[32mclient_002_1  |[0m 2026-01-27 14:57:41,272 - __main__ - INFO - Update submitted for Round 38. Waiting...
[33;1mclient_006_1  |[0m 2026-01-27 14:57:41,390 - __main__ - INFO - Round 39 finished. Loss: 0.6730, Acc: 92.86%
[33mserver_1      |[0m INFO:__main__:Received update from client_006
[33mserver_1      |[0m INFO:werkzeug:172.18.0.9 - - [27/Jan/2026 14:57:41] "POST /submit_update HTTP/1.1" 200 -
[33;1mclient_006_1  |[0m 2026-01-27 14:57:41,525 - __main__ - INFO - 🚀 Model update submitted successfully.
[33;1mclient_006_1  |[0m 2026-01-27 14:57:41,525 - __main__ - INFO - Update submitted for Round 39. Waiting...
[33mclient_001_1  |[0m 2026-01-27 14:57:42,769 - __main__ - INFO - --- New Round Detected: 39 ---
[33mserver_1      |[0m INFO:werkzeug:172.18.0.21 - - [27/Jan/2026 14:57:42] "GET /download_model?round=39 HTTP/1.1" 200 -
[33mclient_001_1  |[0m 2026-01-27 14:57:43,761 - __main__ - INFO - Round 39 finished. Loss: 0.2688, Acc: 98.38%
[33mserver_1      |[0m INFO:__main__:Received update from client_001
[33mserver_1      |[0m INFO:__main__:--- Aggregating 5 updates ---
[33mserver_1      |[0m INFO:__main__:⚡ Using Custom Aggregator with Drift Metric...
[33mserver_1      |[0m INFO:server.aggregator:Starting FedAvg aggregation for 5 clients.
[35;1mclient_008_1  |[0m 2026-01-27 14:57:44,345 - __main__ - INFO - Round 39 finished. Loss: 0.1926, Acc: 98.92%
[33mserver_1      |[0m INFO:werkzeug:172.18.0.16 - - [27/Jan/2026 14:57:44] "[31m[1mPOST /submit_update HTTP/1.1[0m" 400 -
[35;1mclient_008_1  |[0m 2026-01-27 14:57:44,413 - __main__ - ERROR - Update submission failed: {"error":"Not accepting updates"}
[35;1mclient_008_1  |[0m 
[35;1mclient_008_1  |[0m 2026-01-27 14:57:44,413 - __main__ - INFO - Update submitted for Round 39. Waiting...
[33mserver_1      |[0m INFO:server.aggregator:--- [METRIC] Weight Divergence: 1.5529
[33mserver_1      |[0m INFO:server.aggregator:FedAvg aggregation complete.
[33mserver_1      |[0m INFO:__main__:Aggregation complete.
[33mserver_1      |[0m ⏱️ [TIME] Client client_007 finished training in 0.86s
[33mserver_1      |[0m ⏱️ [TIME] Client client_009 finished training in 5.67s
[33mserver_1      |[0m ⏱️ [TIME] Client client_002 finished training in 2.69s
[33mserver_1      |[0m ⏱️ [TIME] Client client_006 finished training in 0.06s
[33mserver_1      |[0m ⏱️ [TIME] Client client_001 finished training in 0.84s
[33mserver_1      |[0m DEBUG: ⚠️ MY CUSTOM AGGREGATOR IS RUNNING ⚠️
[36;1mclient_005_1  |[0m 2026-01-27 14:57:46,567 - __main__ - INFO - --- New Round Detected: 39 ---
[33mserver_1      |[0m INFO:werkzeug:172.18.0.10 - - [27/Jan/2026 14:57:46] "GET /download_model?round=39 HTTP/1.1" 200 -
[33mserver_1      |[0m INFO:__main__:--- Round 39 Acc: 33.27%, Loss: 1.8547 ---
[33mserver_1      |[0m INFO:__main__:--- Starting Round 40. Timeout: 300s ---
[33mserver_1      |[0m INFO:werkzeug:172.18.0.21 - - [27/Jan/2026 14:57:47] "POST /submit_update HTTP/1.1" 200 -
[33mclient_001_1  |[0m 2026-01-27 14:57:47,206 - __main__ - INFO - 🚀 Model update submitted successfully.
[33mclient_001_1  |[0m 2026-01-27 14:57:47,206 - __main__ - INFO - Update submitted for Round 39. Waiting...
[35mclient_003_1  |[0m 2026-01-27 14:57:48,739 - __main__ - INFO - Round 38 finished. Loss: 0.7361, Acc: 78.78%
[36mclient_010_1  |[0m 2026-01-27 14:57:48,777 - __main__ - INFO - --- New Round Detected: 40 ---
[33mserver_1      |[0m INFO:werkzeug:172.18.0.20 - - [27/Jan/2026 14:57:48] "GET /download_model?round=40 HTTP/1.1" 200 -
[33mserver_1      |[0m INFO:__main__:Received update from client_003
[33mserver_1      |[0m INFO:werkzeug:172.18.0.22 - - [27/Jan/2026 14:57:48] "POST /submit_update HTTP/1.1" 200 -
[35mclient_003_1  |[0m 2026-01-27 14:57:48,877 - __main__ - INFO - 🚀 Model update submitted successfully.
[35mclient_003_1  |[0m 2026-01-27 14:57:48,877 - __main__ - INFO - Update submitted for Round 38. Waiting...
[32;1mclient_007_1  |[0m 2026-01-27 14:57:49,989 - __main__ - INFO - --- New Round Detected: 40 ---
[33mserver_1      |[0m INFO:werkzeug:172.18.0.18 - - [27/Jan/2026 14:57:50] "GET /download_model?round=40 HTTP/1.1" 200 -
[36mclient_010_1  |[0m 2026-01-27 14:57:50,129 - __main__ - INFO - Round 40 finished. Loss: 0.1212, Acc: 98.65%
[33mserver_1      |[0m INFO:__main__:Received update from client_010
[33mserver_1      |[0m INFO:werkzeug:172.18.0.20 - - [27/Jan/2026 14:57:50] "POST /submit_update HTTP/1.1" 200 -
[36mclient_010_1  |[0m 2026-01-27 14:57:50,266 - __main__ - INFO - 🚀 Model update submitted successfully.
[36mclient_010_1  |[0m 2026-01-27 14:57:50,266 - __main__ - INFO - Update submitted for Round 40. Waiting...
[34;1mclient_009_1  |[0m 2026-01-27 14:57:50,407 - __main__ - INFO - --- New Round Detected: 40 ---
[33mserver_1      |[0m INFO:werkzeug:172.18.0.11 - - [27/Jan/2026 14:57:50] "GET /download_model?round=40 HTTP/1.1" 200 -
[34mclient_004_1  |[0m 2026-01-27 14:57:50,675 - __main__ - INFO - Round 39 finished. Loss: 0.5885, Acc: 82.58%
[33mserver_1      |[0m INFO:__main__:Received update from client_004
[33mserver_1      |[0m INFO:werkzeug:172.18.0.17 - - [27/Jan/2026 14:57:50] "POST /submit_update HTTP/1.1" 200 -
[34mclient_004_1  |[0m 2026-01-27 14:57:50,815 - __main__ - INFO - 🚀 Model update submitted successfully.
[34mclient_004_1  |[0m 2026-01-27 14:57:50,815 - __main__ - INFO - Update submitted for Round 39. Waiting...
[32;1mclient_007_1  |[0m 2026-01-27 14:57:50,973 - __main__ - INFO - Round 40 finished. Loss: 0.9354, Acc: 74.54%
[33mserver_1      |[0m INFO:__main__:Received update from client_007
[33mserver_1      |[0m INFO:werkzeug:172.18.0.18 - - [27/Jan/2026 14:57:51] "POST /submit_update HTTP/1.1" 200 -
[32;1mclient_007_1  |[0m 2026-01-27 14:57:51,110 - __main__ - INFO - 🚀 Model update submitted successfully.
[32;1mclient_007_1  |[0m 2026-01-27 14:57:51,110 - __main__ - INFO - Update submitted for Round 40. Waiting...
[32mclient_002_1  |[0m 2026-01-27 14:57:51,341 - __main__ - INFO - --- New Round Detected: 40 ---
[33mserver_1      |[0m INFO:werkzeug:172.18.0.19 - - [27/Jan/2026 14:57:51] "GET /download_model?round=40 HTTP/1.1" 200 -
[33;1mclient_006_1  |[0m 2026-01-27 14:57:51,589 - __main__ - INFO - --- New Round Detected: 40 ---
[33mserver_1      |[0m INFO:werkzeug:172.18.0.9 - - [27/Jan/2026 14:57:51] "GET /download_model?round=40 HTTP/1.1" 200 -
[33;1mclient_006_1  |[0m 2026-01-27 14:57:51,761 - __main__ - INFO - Round 40 finished. Loss: 0.7049, Acc: 92.86%
[36;1mclient_005_1  |[0m 2026-01-27 14:57:51,819 - __main__ - INFO - Round 39 finished. Loss: 0.2725, Acc: 95.93%
[33mserver_1      |[0m INFO:__main__:Received update from client_006
[33mserver_1      |[0m INFO:__main__:--- Aggregating 5 updates ---
[33mserver_1      |[0m INFO:__main__:⚡ Using Custom Aggregator with Drift Metric...
[33mserver_1      |[0m INFO:server.aggregator:Starting FedAvg aggregation for 5 clients.
[32mclient_002_1  |[0m 2026-01-27 14:57:54,020 - __main__ - INFO - Round 40 finished. Loss: 0.2644, Acc: 93.97%
[33mserver_1      |[0m INFO:werkzeug:172.18.0.19 - - [27/Jan/2026 14:57:54] "[31m[1mPOST /submit_update HTTP/1.1[0m" 400 -
[32mclient_002_1  |[0m 2026-01-27 14:57:54,087 - __main__ - ERROR - Update submission failed: {"error":"Not accepting updates"}
[32mclient_002_1  |[0m 
[32mclient_002_1  |[0m 2026-01-27 14:57:54,087 - __main__ - INFO - Update submitted for Round 40. Waiting...
[35;1mclient_008_1  |[0m 2026-01-27 14:57:54,520 - __main__ - INFO - --- New Round Detected: 40 ---
[33mserver_1      |[0m INFO:werkzeug:172.18.0.16 - - [27/Jan/2026 14:57:54] "GET /download_model?round=40 HTTP/1.1" 200 -
[33mserver_1      |[0m INFO:server.aggregator:--- [METRIC] Weight Divergence: 2.4982
[33mserver_1      |[0m INFO:server.aggregator:FedAvg aggregation complete.
[33mserver_1      |[0m INFO:__main__:Aggregation complete.
[33mserver_1      |[0m ⏱️ [TIME] Client client_003 finished training in 18.15s
[33mserver_1      |[0m ⏱️ [TIME] Client client_010 finished training in 1.22s
[33mserver_1      |[0m ⏱️ [TIME] Client client_004 finished training in 10.55s
[33mserver_1      |[0m ⏱️ [TIME] Client client_007 finished training in 0.85s
[33mserver_1      |[0m ⏱️ [TIME] Client client_006 finished training in 0.04s
[33mserver_1      |[0m DEBUG: ⚠️ MY CUSTOM AGGREGATOR IS RUNNING ⚠️
[33mserver_1      |[0m ⏱️ [TIME] Client client_005 finished training in 5.12s
[34;1mclient_009_1  |[0m 2026-01-27 14:57:56,005 - __main__ - INFO - Round 40 finished. Loss: 0.6494, Acc: 77.51%
[33mserver_1      |[0m INFO:werkzeug:172.18.0.11 - - [27/Jan/2026 14:57:56] "[31m[1mPOST /submit_update HTTP/1.1[0m" 400 -
[34;1mclient_009_1  |[0m 2026-01-27 14:57:56,071 - __main__ - ERROR - Update submission failed: {"error":"Not accepting updates"}
[34;1mclient_009_1  |[0m 
[34;1mclient_009_1  |[0m 2026-01-27 14:57:56,072 - __main__ - INFO - Update submitted for Round 40. Waiting...
[33mserver_1      |[0m INFO:__main__:--- Round 40 Acc: 46.82%, Loss: 1.4816 ---
[33mserver_1      |[0m INFO:__main__:--- Starting Round 41. Timeout: 300s ---
[33mserver_1      |[0m INFO:__main__:Received update from client_005
[33mserver_1      |[0m INFO:werkzeug:172.18.0.10 - - [27/Jan/2026 14:57:56] "POST /submit_update HTTP/1.1" 200 -
[33mserver_1      |[0m INFO:werkzeug:172.18.0.9 - - [27/Jan/2026 14:57:56] "POST /submit_update HTTP/1.1" 200 -
[36;1mclient_005_1  |[0m 2026-01-27 14:57:56,392 - __main__ - INFO - 🚀 Model update submitted successfully.
[36;1mclient_005_1  |[0m 2026-01-27 14:57:56,392 - __main__ - INFO - Update submitted for Round 39. Waiting...
[33;1mclient_006_1  |[0m 2026-01-27 14:57:56,393 - __main__ - INFO - 🚀 Model update submitted successfully.
[33;1mclient_006_1  |[0m 2026-01-27 14:57:56,394 - __main__ - INFO - Update submitted for Round 40. Waiting...
[33mclient_001_1  |[0m 2026-01-27 14:57:57,272 - __main__ - INFO - --- New Round Detected: 41 ---
[33mserver_1      |[0m INFO:werkzeug:172.18.0.21 - - [27/Jan/2026 14:57:57] "GET /download_model?round=41 HTTP/1.1" 200 -
[35;1mclient_008_1  |[0m 2026-01-27 14:57:57,572 - __main__ - INFO - Round 40 finished. Loss: 0.2421, Acc: 98.47%
[33mserver_1      |[0m INFO:__main__:Received update from client_008
[33mserver_1      |[0m INFO:werkzeug:172.18.0.16 - - [27/Jan/2026 14:57:57] "POST /submit_update HTTP/1.1" 200 -
[35;1mclient_008_1  |[0m 2026-01-27 14:57:57,709 - __main__ - INFO - 🚀 Model update submitted successfully.
[35;1mclient_008_1  |[0m 2026-01-27 14:57:57,709 - __main__ - INFO - Update submitted for Round 40. Waiting...
[33mclient_001_1  |[0m 2026-01-27 14:57:58,225 - __main__ - INFO - Round 41 finished. Loss: 0.3543, Acc: 98.71%
[33mserver_1      |[0m INFO:__main__:Received update from client_001
[33mserver_1      |[0m INFO:werkzeug:172.18.0.21 - - [27/Jan/2026 14:57:58] "POST /submit_update HTTP/1.1" 200 -
[33mclient_001_1  |[0m 2026-01-27 14:57:58,362 - __main__ - INFO - 🚀 Model update submitted successfully.
[33mclient_001_1  |[0m 2026-01-27 14:57:58,362 - __main__ - INFO - Update submitted for Round 41. Waiting...
[35mclient_003_1  |[0m 2026-01-27 14:57:58,939 - __main__ - INFO - --- New Round Detected: 41 ---
[33mserver_1      |[0m INFO:werkzeug:172.18.0.22 - - [27/Jan/2026 14:57:58] "GET /download_model?round=41 HTTP/1.1" 200 -
[36mclient_010_1  |[0m 2026-01-27 14:58:00,336 - __main__ - INFO - --- New Round Detected: 41 ---
[33mserver_1      |[0m INFO:werkzeug:172.18.0.20 - - [27/Jan/2026 14:58:00] "GET /download_model?round=41 HTTP/1.1" 200 -
[34mclient_004_1  |[0m 2026-01-27 14:58:00,877 - __main__ - INFO - --- New Round Detected: 41 ---
[33mserver_1      |[0m INFO:werkzeug:172.18.0.17 - - [27/Jan/2026 14:58:00] "GET /download_model?round=41 HTTP/1.1" 200 -
[32;1mclient_007_1  |[0m 2026-01-27 14:58:01,174 - __main__ - INFO - --- New Round Detected: 41 ---
[33mserver_1      |[0m INFO:werkzeug:172.18.0.18 - - [27/Jan/2026 14:58:01] "GET /download_model?round=41 HTTP/1.1" 200 -
[36mclient_010_1  |[0m 2026-01-27 14:58:01,736 - __main__ - INFO - Round 41 finished. Loss: 0.3467, Acc: 98.52%
[33mserver_1      |[0m INFO:__main__:Received update from client_010
[33mserver_1      |[0m INFO:werkzeug:172.18.0.20 - - [27/Jan/2026 14:58:01] "POST /submit_update HTTP/1.1" 200 -
[36mclient_010_1  |[0m 2026-01-27 14:58:01,877 - __main__ - INFO - 🚀 Model update submitted successfully.
[36mclient_010_1  |[0m 2026-01-27 14:58:01,877 - __main__ - INFO - Update submitted for Round 41. Waiting...
[32;1mclient_007_1  |[0m 2026-01-27 14:58:02,329 - __main__ - INFO - Round 41 finished. Loss: 0.7782, Acc: 77.29%
[33mserver_1      |[0m INFO:__main__:Received update from client_007
[33mserver_1      |[0m INFO:__main__:--- Aggregating 5 updates ---
[33mserver_1      |[0m INFO:__main__:⚡ Using Custom Aggregator with Drift Metric...
[33mserver_1      |[0m INFO:server.aggregator:Starting FedAvg aggregation for 5 clients.
[32mclient_002_1  |[0m 2026-01-27 14:58:04,225 - __main__ - INFO - --- New Round Detected: 41 ---
[33mserver_1      |[0m INFO:werkzeug:172.18.0.19 - - [27/Jan/2026 14:58:04] "GET /download_model?round=41 HTTP/1.1" 200 -
[33mserver_1      |[0m INFO:server.aggregator:--- [METRIC] Weight Divergence: 1.6707
[33mserver_1      |[0m INFO:server.aggregator:FedAvg aggregation complete.
[33mserver_1      |[0m INFO:__main__:Aggregation complete.
[33mserver_1      |[0m ⏱️ [TIME] Client client_008 finished training in 2.91s
[33mserver_1      |[0m ⏱️ [TIME] Client client_001 finished training in 0.82s
[33mserver_1      |[0m ⏱️ [TIME] Client client_010 finished training in 1.27s
[33mserver_1      |[0m ⏱️ [TIME] Client client_007 finished training in 1.01s
[33mserver_1      |[0m DEBUG: ⚠️ MY CUSTOM AGGREGATOR IS RUNNING ⚠️
[34;1mclient_009_1  |[0m 2026-01-27 14:58:06,170 - __main__ - INFO - --- New Round Detected: 41 ---
[33mserver_1      |[0m INFO:werkzeug:172.18.0.11 - - [27/Jan/2026 14:58:06] "GET /download_model?round=41 HTTP/1.1" 200 -
[36;1mclient_005_1  |[0m 2026-01-27 14:58:06,467 - __main__ - INFO - --- New Round Detected: 41 ---
[33;1mclient_006_1  |[0m 2026-01-27 14:58:06,466 - __main__ - INFO - --- New Round Detected: 41 ---
[33mserver_1      |[0m INFO:werkzeug:172.18.0.10 - - [27/Jan/2026 14:58:06] "GET /download_model?round=41 HTTP/1.1" 200 -
[33mserver_1      |[0m INFO:werkzeug:172.18.0.9 - - [27/Jan/2026 14:58:06] "GET /download_model?round=41 HTTP/1.1" 200 -
[33;1mclient_006_1  |[0m 2026-01-27 14:58:06,643 - __main__ - INFO - Round 41 finished. Loss: 0.6652, Acc: 85.71%
[33mserver_1      |[0m INFO:werkzeug:172.18.0.9 - - [27/Jan/2026 14:58:06] "[31m[1mPOST /submit_update HTTP/1.1[0m" 400 -
[33;1mclient_006_1  |[0m 2026-01-27 14:58:06,710 - __main__ - ERROR - Update submission failed: {"error":"Not accepting updates"}
[33;1mclient_006_1  |[0m 
[33;1mclient_006_1  |[0m 2026-01-27 14:58:06,710 - __main__ - INFO - Update submitted for Round 41. Waiting...
[32mclient_002_1  |[0m 2026-01-27 14:58:07,124 - __main__ - INFO - Round 41 finished. Loss: 0.5061, Acc: 93.77%
[33mclient_011_1  |[0m 2026-01-27 14:58:07,125 - __main__ - INFO - Round 0 finished. Loss: 1.2972, Acc: 46.40%
[33mserver_1      |[0m INFO:werkzeug:172.18.0.19 - - [27/Jan/2026 14:58:07] "[31m[1mPOST /submit_update HTTP/1.1[0m" 400 -
[32mclient_002_1  |[0m 2026-01-27 14:58:07,190 - __main__ - ERROR - Update submission failed: {"error":"Not accepting updates"}
[32mclient_002_1  |[0m 
[32mclient_002_1  |[0m 2026-01-27 14:58:07,190 - __main__ - INFO - Update submitted for Round 41. Waiting...
[33mserver_1      |[0m INFO:__main__:--- Round 41 Acc: 42.45%, Loss: 1.6656 ---
[33mserver_1      |[0m INFO:__main__:--- Starting Round 42. Timeout: 300s ---
[33mserver_1      |[0m INFO:werkzeug:172.18.0.18 - - [27/Jan/2026 14:58:07] "POST /submit_update HTTP/1.1" 200 -
[32;1mclient_007_1  |[0m 2026-01-27 14:58:07,480 - __main__ - INFO - 🚀 Model update submitted successfully.
[32;1mclient_007_1  |[0m 2026-01-27 14:58:07,481 - __main__ - INFO - Update submitted for Round 41. Waiting...
[35;1mclient_008_1  |[0m 2026-01-27 14:58:07,775 - __main__ - INFO - --- New Round Detected: 42 ---
[33mserver_1      |[0m INFO:werkzeug:172.18.0.16 - - [27/Jan/2026 14:58:07] "GET /download_model?round=42 HTTP/1.1" 200 -
[33mserver_1      |[0m INFO:__main__:Received update from client_011
[33mserver_1      |[0m INFO:werkzeug:172.18.0.14 - - [27/Jan/2026 14:58:08] "POST /submit_update HTTP/1.1" 200 -
[33mclient_011_1  |[0m 2026-01-27 14:58:08,365 - __main__ - INFO - 🚀 Model update submitted successfully.
[33mclient_011_1  |[0m 2026-01-27 14:58:08,365 - __main__ - INFO - Update submitted for Round 0. Waiting...
[33mclient_001_1  |[0m 2026-01-27 14:58:08,426 - __main__ - INFO - --- New Round Detected: 42 ---
[33mserver_1      |[0m INFO:werkzeug:172.18.0.21 - - [27/Jan/2026 14:58:08] "GET /download_model?round=42 HTTP/1.1" 200 -
[33mclient_001_1  |[0m 2026-01-27 14:58:09,473 - __main__ - INFO - Round 42 finished. Loss: 0.2473, Acc: 99.68%
[33mserver_1      |[0m INFO:__main__:Received update from client_001
[33mserver_1      |[0m INFO:werkzeug:172.18.0.21 - - [27/Jan/2026 14:58:09] "POST /submit_update HTTP/1.1" 200 -
[33mclient_001_1  |[0m 2026-01-27 14:58:09,608 - __main__ - INFO - 🚀 Model update submitted successfully.
[33mclient_001_1  |[0m 2026-01-27 14:58:09,608 - __main__ - INFO - Update submitted for Round 42. Waiting...
[34;1mclient_009_1  |[0m 2026-01-27 14:58:09,894 - __main__ - INFO - Round 41 finished. Loss: 0.7655, Acc: 76.89%
[33mserver_1      |[0m INFO:__main__:Received update from client_009
[33mserver_1      |[0m INFO:werkzeug:172.18.0.11 - - [27/Jan/2026 14:58:09] "POST /submit_update HTTP/1.1" 200 -
[34;1mclient_009_1  |[0m 2026-01-27 14:58:10,030 - __main__ - INFO - 🚀 Model update submitted successfully.
[34;1mclient_009_1  |[0m 2026-01-27 14:58:10,030 - __main__ - INFO - Update submitted for Round 41. Waiting...
[35;1mclient_008_1  |[0m 2026-01-27 14:58:11,069 - __main__ - INFO - Round 42 finished. Loss: 0.2048, Acc: 98.72%
[33mserver_1      |[0m INFO:__main__:Received update from client_008
[33mserver_1      |[0m INFO:werkzeug:172.18.0.16 - - [27/Jan/2026 14:58:11] "POST /submit_update HTTP/1.1" 200 -
[35;1mclient_008_1  |[0m 2026-01-27 14:58:11,206 - __main__ - INFO - 🚀 Model update submitted successfully.
[35;1mclient_008_1  |[0m 2026-01-27 14:58:11,206 - __main__ - INFO - Update submitted for Round 42. Waiting...
[34mclient_004_1  |[0m 2026-01-27 14:58:11,345 - __main__ - INFO - Round 41 finished. Loss: 0.5825, Acc: 82.34%
[33mserver_1      |[0m INFO:__main__:Received update from client_004
[33mserver_1      |[0m INFO:__main__:--- Aggregating 5 updates ---
[33mserver_1      |[0m INFO:__main__:⚡ Using Custom Aggregator with Drift Metric...
[33mserver_1      |[0m INFO:server.aggregator:Starting FedAvg aggregation for 5 clients.
[36;1mclient_005_1  |[0m 2026-01-27 14:58:11,520 - __main__ - INFO - Round 41 finished. Loss: 0.3479, Acc: 95.40%
[33mserver_1      |[0m INFO:werkzeug:172.18.0.10 - - [27/Jan/2026 14:58:11] "[31m[1mPOST /submit_update HTTP/1.1[0m" 400 -
[36;1mclient_005_1  |[0m 2026-01-27 14:58:11,584 - __main__ - ERROR - Update submission failed: {"error":"Not accepting updates"}
[36;1mclient_005_1  |[0m 
[36;1mclient_005_1  |[0m 2026-01-27 14:58:11,584 - __main__ - INFO - Update submitted for Round 41. Waiting...
[36mclient_010_1  |[0m 2026-01-27 14:58:11,945 - __main__ - INFO - --- New Round Detected: 42 ---
[33mserver_1      |[0m INFO:werkzeug:172.18.0.20 - - [27/Jan/2026 14:58:11] "GET /download_model?round=42 HTTP/1.1" 200 -
[36mclient_010_1  |[0m 2026-01-27 14:58:12,767 - __main__ - INFO - Round 42 finished. Loss: 0.2617, Acc: 98.40%
[33mserver_1      |[0m INFO:werkzeug:172.18.0.20 - - [27/Jan/2026 14:58:12] "[31m[1mPOST /submit_update HTTP/1.1[0m" 400 -
[36mclient_010_1  |[0m 2026-01-27 14:58:12,841 - __main__ - ERROR - Update submission failed: {"error":"Not accepting updates"}
[36mclient_010_1  |[0m 
[36mclient_010_1  |[0m 2026-01-27 14:58:12,841 - __main__ - INFO - Update submitted for Round 42. Waiting...
[33mserver_1      |[0m INFO:server.aggregator:--- [METRIC] Weight Divergence: 3.7050
[33mserver_1      |[0m INFO:server.aggregator:FedAvg aggregation complete.
[33mserver_1      |[0m INFO:__main__:Aggregation complete.
[33mserver_1      |[0m ⏱️ [TIME] Client client_011 finished training in 437.01s
[33mserver_1      |[0m ⏱️ [TIME] Client client_001 finished training in 0.91s
[33mserver_1      |[0m ⏱️ [TIME] Client client_009 finished training in 3.39s
[33mserver_1      |[0m ⏱️ [TIME] Client client_008 finished training in 3.16s
[33mserver_1      |[0m ⏱️ [TIME] Client client_004 finished training in 10.32s
[33mserver_1      |[0m DEBUG: ⚠️ MY CUSTOM AGGREGATOR IS RUNNING ⚠️
[33mserver_1      |[0m INFO:__main__:--- Round 42 Acc: 45.49%, Loss: 1.5573 ---
[33mserver_1      |[0m INFO:__main__:--- Starting Round 43. Timeout: 300s ---
[33mserver_1      |[0m INFO:werkzeug:172.18.0.17 - - [27/Jan/2026 14:58:14] "POST /submit_update HTTP/1.1" 200 -
[34mclient_004_1  |[0m 2026-01-27 14:58:14,929 - __main__ - INFO - 🚀 Model update submitted successfully.
[34mclient_004_1  |[0m 2026-01-27 14:58:14,929 - __main__ - INFO - Update submitted for Round 41. Waiting...
[35mclient_003_1  |[0m 2026-01-27 14:58:15,812 - __main__ - INFO - Round 41 finished. Loss: 0.6509, Acc: 79.93%
[33mserver_1      |[0m INFO:__main__:Received update from client_003
[33mserver_1      |[0m INFO:werkzeug:172.18.0.22 - - [27/Jan/2026 14:58:15] "POST /submit_update HTTP/1.1" 200 -
[35mclient_003_1  |[0m 2026-01-27 14:58:15,975 - __main__ - INFO - 🚀 Model update submitted successfully.
[35mclient_003_1  |[0m 2026-01-27 14:58:15,975 - __main__ - INFO - Update submitted for Round 41. Waiting...
[33;1mclient_006_1  |[0m 2026-01-27 14:58:16,807 - __main__ - INFO - --- New Round Detected: 43 ---
[33mserver_1      |[0m INFO:werkzeug:172.18.0.9 - - [27/Jan/2026 14:58:16] "GET /download_model?round=43 HTTP/1.1" 200 -
[33;1mclient_006_1  |[0m 2026-01-27 14:58:16,953 - __main__ - INFO - Round 43 finished. Loss: 0.5010, Acc: 100.00%
[33mserver_1      |[0m INFO:__main__:Received update from client_006
[33mserver_1      |[0m INFO:werkzeug:172.18.0.9 - - [27/Jan/2026 14:58:17] "POST /submit_update HTTP/1.1" 200 -
[33;1mclient_006_1  |[0m 2026-01-27 14:58:17,087 - __main__ - INFO - 🚀 Model update submitted successfully.
[33;1mclient_006_1  |[0m 2026-01-27 14:58:17,087 - __main__ - INFO - Update submitted for Round 43. Waiting...
[32mclient_002_1  |[0m 2026-01-27 14:58:17,252 - __main__ - INFO - --- New Round Detected: 43 ---
[33mserver_1      |[0m INFO:werkzeug:172.18.0.19 - - [27/Jan/2026 14:58:17] "GET /download_model?round=43 HTTP/1.1" 200 -
[32;1mclient_007_1  |[0m 2026-01-27 14:58:17,547 - __main__ - INFO - --- New Round Detected: 43 ---
[33mserver_1      |[0m INFO:werkzeug:172.18.0.18 - - [27/Jan/2026 14:58:17] "GET /download_model?round=43 HTTP/1.1" 200 -
[32;1mclient_007_1  |[0m 2026-01-27 14:58:18,145 - __main__ - INFO - Round 43 finished. Loss: 0.9993, Acc: 71.25%
[33mserver_1      |[0m INFO:__main__:Received update from client_007
[33mserver_1      |[0m INFO:werkzeug:172.18.0.18 - - [27/Jan/2026 14:58:18] "POST /submit_update HTTP/1.1" 200 -
[32;1mclient_007_1  |[0m 2026-01-27 14:58:18,300 - __main__ - INFO - 🚀 Model update submitted successfully.
[32;1mclient_007_1  |[0m 2026-01-27 14:58:18,300 - __main__ - INFO - Update submitted for Round 43. Waiting...
[33mclient_011_1  |[0m 2026-01-27 14:58:18,790 - __main__ - INFO - --- New Round Detected: 43 ---
[33mserver_1      |[0m INFO:werkzeug:172.18.0.14 - - [27/Jan/2026 14:58:18] "GET /download_model?round=43 HTTP/1.1" 200 -
[33mclient_001_1  |[0m 2026-01-27 14:58:19,670 - __main__ - INFO - --- New Round Detected: 43 ---
[33mserver_1      |[0m INFO:werkzeug:172.18.0.21 - - [27/Jan/2026 14:58:19] "GET /download_model?round=43 HTTP/1.1" 200 -
[32mclient_002_1  |[0m 2026-01-27 14:58:20,000 - __main__ - INFO - Round 43 finished. Loss: 0.4004, Acc: 93.58%
[34;1mclient_009_1  |[0m 2026-01-27 14:58:20,092 - __main__ - INFO - --- New Round Detected: 43 ---
[33mserver_1      |[0m INFO:werkzeug:172.18.0.11 - - [27/Jan/2026 14:58:20] "GET /download_model?round=43 HTTP/1.1" 200 -
[33mserver_1      |[0m INFO:__main__:Received update from client_002
[33mserver_1      |[0m INFO:werkzeug:172.18.0.19 - - [27/Jan/2026 14:58:20] "POST /submit_update HTTP/1.1" 200 -
[32mclient_002_1  |[0m 2026-01-27 14:58:20,155 - __main__ - INFO - 🚀 Model update submitted successfully.
[32mclient_002_1  |[0m 2026-01-27 14:58:20,156 - __main__ - INFO - Update submitted for Round 43. Waiting...
[33mclient_001_1  |[0m 2026-01-27 14:58:20,372 - __main__ - INFO - Round 43 finished. Loss: 0.2504, Acc: 99.35%
[33mserver_1      |[0m INFO:__main__:Received update from client_001
[33mserver_1      |[0m INFO:__main__:--- Aggregating 5 updates ---
[33mserver_1      |[0m INFO:__main__:⚡ Using Custom Aggregator with Drift Metric...
[33mserver_1      |[0m INFO:server.aggregator:Starting FedAvg aggregation for 5 clients.
[35;1mclient_008_1  |[0m 2026-01-27 14:58:21,283 - __main__ - INFO - --- New Round Detected: 43 ---
[33mserver_1      |[0m INFO:werkzeug:172.18.0.16 - - [27/Jan/2026 14:58:21] "GET /download_model?round=43 HTTP/1.1" 200 -
[36;1mclient_005_1  |[0m 2026-01-27 14:58:21,645 - __main__ - INFO - --- New Round Detected: 43 ---
[33mserver_1      |[0m INFO:werkzeug:172.18.0.10 - - [27/Jan/2026 14:58:21] "GET /download_model?round=43 HTTP/1.1" 200 -
[33mserver_1      |[0m INFO:server.aggregator:--- [METRIC] Weight Divergence: 2.7334
[33mserver_1      |[0m INFO:server.aggregator:FedAvg aggregation complete.
[33mserver_1      |[0m INFO:__main__:Aggregation complete.
[33mserver_1      |[0m ⏱️ [TIME] Client client_003 finished training in 16.74s
[33mserver_1      |[0m ⏱️ [TIME] Client client_006 finished training in 0.02s
[33mserver_1      |[0m ⏱️ [TIME] Client client_007 finished training in 0.47s
[33mserver_1      |[0m ⏱️ [TIME] Client client_002 finished training in 2.62s
[33mserver_1      |[0m ⏱️ [TIME] Client client_001 finished training in 0.58s
[33mserver_1      |[0m DEBUG: ⚠️ MY CUSTOM AGGREGATOR IS RUNNING ⚠️
[36mclient_010_1  |[0m 2026-01-27 14:58:22,907 - __main__ - INFO - --- New Round Detected: 43 ---
[33mserver_1      |[0m INFO:werkzeug:172.18.0.20 - - [27/Jan/2026 14:58:22] "GET /download_model?round=43 HTTP/1.1" 200 -
[34;1mclient_009_1  |[0m 2026-01-27 14:58:23,106 - __main__ - INFO - Round 43 finished. Loss: 0.7131, Acc: 77.38%
[33mserver_1      |[0m INFO:werkzeug:172.18.0.11 - - [27/Jan/2026 14:58:23] "[31m[1mPOST /submit_update HTTP/1.1[0m" 400 -
[34;1mclient_009_1  |[0m 2026-01-27 14:58:23,177 - __main__ - ERROR - Update submission failed: {"error":"Not accepting updates"}
[34;1mclient_009_1  |[0m 
[34;1mclient_009_1  |[0m 2026-01-27 14:58:23,178 - __main__ - INFO - Update submitted for Round 43. Waiting...
[35;1mclient_008_1  |[0m 2026-01-27 14:58:23,392 - __main__ - INFO - Round 43 finished. Loss: 0.1855, Acc: 98.57%
[33mserver_1      |[0m INFO:werkzeug:172.18.0.16 - - [27/Jan/2026 14:58:23] "[31m[1mPOST /submit_update HTTP/1.1[0m" 400 -
[35;1mclient_008_1  |[0m 2026-01-27 14:58:23,465 - __main__ - ERROR - Update submission failed: {"error":"Not accepting updates"}
[35;1mclient_008_1  |[0m 
[35;1mclient_008_1  |[0m 2026-01-27 14:58:23,465 - __main__ - INFO - Update submitted for Round 43. Waiting...
[36mclient_010_1  |[0m 2026-01-27 14:58:23,725 - __main__ - INFO - Round 43 finished. Loss: 0.2711, Acc: 98.28%
[33mserver_1      |[0m INFO:werkzeug:172.18.0.20 - - [27/Jan/2026 14:58:23] "[31m[1mPOST /submit_update HTTP/1.1[0m" 400 -
[33mserver_1      |[0m INFO:__main__:--- Round 43 Acc: 40.84%, Loss: 1.8208 ---
[33mserver_1      |[0m INFO:__main__:--- Starting Round 44. Timeout: 300s ---
[33mserver_1      |[0m INFO:werkzeug:172.18.0.21 - - [27/Jan/2026 14:58:23] "POST /submit_update HTTP/1.1" 200 -
[36mclient_010_1  |[0m 2026-01-27 14:58:23,789 - __main__ - ERROR - Update submission failed: {"error":"Not accepting updates"}
[36mclient_010_1  |[0m 
[36mclient_010_1  |[0m 2026-01-27 14:58:23,789 - __main__ - INFO - Update submitted for Round 43. Waiting...
[33mclient_001_1  |[0m 2026-01-27 14:58:23,804 - __main__ - INFO - 🚀 Model update submitted successfully.
[33mclient_001_1  |[0m 2026-01-27 14:58:23,804 - __main__ - INFO - Update submitted for Round 43. Waiting...
[34mclient_004_1  |[0m 2026-01-27 14:58:25,002 - __main__ - INFO - --- New Round Detected: 44 ---
[33mserver_1      |[0m INFO:werkzeug:172.18.0.17 - - [27/Jan/2026 14:58:25] "GET /download_model?round=44 HTTP/1.1" 200 -
[36;1mclient_005_1  |[0m 2026-01-27 14:58:25,806 - __main__ - INFO - Round 43 finished. Loss: 0.3220, Acc: 96.08%
[33mserver_1      |[0m INFO:__main__:Received update from client_005
[33mserver_1      |[0m INFO:werkzeug:172.18.0.10 - - [27/Jan/2026 14:58:25] "POST /submit_update HTTP/1.1" 200 -
[36;1mclient_005_1  |[0m 2026-01-27 14:58:25,942 - __main__ - INFO - 🚀 Model update submitted successfully.
[36;1mclient_005_1  |[0m 2026-01-27 14:58:25,942 - __main__ - INFO - Update submitted for Round 43. Waiting...
[35mclient_003_1  |[0m 2026-01-27 14:58:26,038 - __main__ - INFO - --- New Round Detected: 44 ---
[33mserver_1      |[0m INFO:werkzeug:172.18.0.22 - - [27/Jan/2026 14:58:26] "GET /download_model?round=44 HTTP/1.1" 200 -
[33;1mclient_006_1  |[0m 2026-01-27 14:58:27,150 - __main__ - INFO - --- New Round Detected: 44 ---
[33mserver_1      |[0m INFO:werkzeug:172.18.0.9 - - [27/Jan/2026 14:58:27] "GET /download_model?round=44 HTTP/1.1" 200 -
[33;1mclient_006_1  |[0m 2026-01-27 14:58:27,310 - __main__ - INFO - Round 44 finished. Loss: 0.6678, Acc: 85.71%
[33mserver_1      |[0m INFO:__main__:Received update from client_006
[33mserver_1      |[0m INFO:werkzeug:172.18.0.9 - - [27/Jan/2026 14:58:27] "POST /submit_update HTTP/1.1" 200 -
[33;1mclient_006_1  |[0m 2026-01-27 14:58:27,466 - __main__ - INFO - 🚀 Model update submitted successfully.
[33;1mclient_006_1  |[0m 2026-01-27 14:58:27,466 - __main__ - INFO - Update submitted for Round 44. Waiting...
[33mserver_1      |[0m INFO:werkzeug:172.18.0.18 - - [27/Jan/2026 14:58:28] "GET /download_model?round=44 HTTP/1.1" 200 -
[32;1mclient_007_1  |[0m 2026-01-27 14:58:28,361 - __main__ - INFO - --- New Round Detected: 44 ---
[32;1mclient_007_1  |[0m 2026-01-27 14:58:29,401 - __main__ - INFO - Round 44 finished. Loss: 0.7639, Acc: 76.37%
[33mserver_1      |[0m INFO:__main__:Received update from client_007
[33mserver_1      |[0m INFO:werkzeug:172.18.0.18 - - [27/Jan/2026 14:58:29] "POST /submit_update HTTP/1.1" 200 -
[32;1mclient_007_1  |[0m 2026-01-27 14:58:29,537 - __main__ - INFO - 🚀 Model update submitted successfully.
[32;1mclient_007_1  |[0m 2026-01-27 14:58:29,537 - __main__ - INFO - Update submitted for Round 44. Waiting...
[32mclient_002_1  |[0m 2026-01-27 14:58:30,222 - __main__ - INFO - --- New Round Detected: 44 ---
[33mserver_1      |[0m INFO:werkzeug:172.18.0.19 - - [27/Jan/2026 14:58:30] "GET /download_model?round=44 HTTP/1.1" 200 -
[32mclient_002_1  |[0m 2026-01-27 14:58:33,170 - __main__ - INFO - Round 44 finished. Loss: 0.5698, Acc: 93.08%
[34;1mclient_009_1  |[0m 2026-01-27 14:58:33,260 - __main__ - INFO - --- New Round Detected: 44 ---
[33mserver_1      |[0m INFO:__main__:Received update from client_002
[33mserver_1      |[0m INFO:werkzeug:172.18.0.19 - - [27/Jan/2026 14:58:33] "POST /submit_update HTTP/1.1" 200 -
[33mserver_1      |[0m INFO:werkzeug:172.18.0.11 - - [27/Jan/2026 14:58:33] "GET /download_model?round=44 HTTP/1.1" 200 -
[32mclient_002_1  |[0m 2026-01-27 14:58:33,325 - __main__ - INFO - 🚀 Model update submitted successfully.
[32mclient_002_1  |[0m 2026-01-27 14:58:33,325 - __main__ - INFO - Update submitted for Round 44. Waiting...
[35;1mclient_008_1  |[0m 2026-01-27 14:58:33,602 - __main__ - INFO - --- New Round Detected: 44 ---
[33mserver_1      |[0m INFO:werkzeug:172.18.0.16 - - [27/Jan/2026 14:58:33] "GET /download_model?round=44 HTTP/1.1" 200 -
[33mclient_001_1  |[0m 2026-01-27 14:58:33,898 - __main__ - INFO - --- New Round Detected: 44 ---
[36mclient_010_1  |[0m 2026-01-27 14:58:33,901 - __main__ - INFO - --- New Round Detected: 44 ---
[33mserver_1      |[0m INFO:werkzeug:172.18.0.21 - - [27/Jan/2026 14:58:33] "GET /download_model?round=44 HTTP/1.1" 200 -
[33mserver_1      |[0m INFO:werkzeug:172.18.0.20 - - [27/Jan/2026 14:58:33] "GET /download_model?round=44 HTTP/1.1" 200 -
[33mclient_001_1  |[0m 2026-01-27 14:58:34,949 - __main__ - INFO - Round 44 finished. Loss: 0.4305, Acc: 99.03%
[33mserver_1      |[0m INFO:__main__:Received update from client_001
[33mserver_1      |[0m INFO:__main__:--- Aggregating 5 updates ---
[33mserver_1      |[0m INFO:__main__:⚡ Using Custom Aggregator with Drift Metric...
[33mserver_1      |[0m INFO:server.aggregator:Starting FedAvg aggregation for 5 clients.
[34mclient_004_1  |[0m 2026-01-27 14:58:35,269 - __main__ - INFO - Round 44 finished. Loss: 0.6991, Acc: 83.29%
[36mclient_010_1  |[0m 2026-01-27 14:58:35,471 - __main__ - INFO - Round 44 finished. Loss: 0.4444, Acc: 98.15%
[33mserver_1      |[0m INFO:werkzeug:172.18.0.17 - - [27/Jan/2026 14:58:35] "[31m[1mPOST /submit_update HTTP/1.1[0m" 400 -
[33mserver_1      |[0m INFO:werkzeug:172.18.0.20 - - [27/Jan/2026 14:58:35] "[31m[1mPOST /submit_update HTTP/1.1[0m" 400 -
[34mclient_004_1  |[0m 2026-01-27 14:58:35,529 - __main__ - ERROR - Update submission failed: {"error":"Not accepting updates"}
[34mclient_004_1  |[0m 
[34mclient_004_1  |[0m 2026-01-27 14:58:35,530 - __main__ - INFO - Update submitted for Round 44. Waiting...
[36mclient_010_1  |[0m 2026-01-27 14:58:35,535 - __main__ - ERROR - Update submission failed: {"error":"Not accepting updates"}
[36mclient_010_1  |[0m 
[36mclient_010_1  |[0m 2026-01-27 14:58:35,538 - __main__ - INFO - Update submitted for Round 44. Waiting...
[36;1mclient_005_1  |[0m 2026-01-27 14:58:36,008 - __main__ - INFO - --- New Round Detected: 44 ---
[35;1mclient_008_1  |[0m 2026-01-27 14:58:36,021 - __main__ - INFO - Round 44 finished. Loss: 0.1879, Acc: 98.72%
[33mserver_1      |[0m INFO:werkzeug:172.18.0.10 - - [27/Jan/2026 14:58:36] "GET /download_model?round=44 HTTP/1.1" 200 -
[33mserver_1      |[0m INFO:werkzeug:172.18.0.16 - - [27/Jan/2026 14:58:36] "[31m[1mPOST /submit_update HTTP/1.1[0m" 400 -
[35;1mclient_008_1  |[0m 2026-01-27 14:58:36,093 - __main__ - ERROR - Update submission failed: {"error":"Not accepting updates"}
[35;1mclient_008_1  |[0m 
[35;1mclient_008_1  |[0m 2026-01-27 14:58:36,094 - __main__ - INFO - Update submitted for Round 44. Waiting...
[34;1mclient_009_1  |[0m 2026-01-27 14:58:37,056 - __main__ - INFO - Round 44 finished. Loss: 0.8302, Acc: 77.16%
[33mserver_1      |[0m INFO:werkzeug:172.18.0.11 - - [27/Jan/2026 14:58:37] "[31m[1mPOST /submit_update HTTP/1.1[0m" 400 -
[34;1mclient_009_1  |[0m 2026-01-27 14:58:37,133 - __main__ - ERROR - Update submission failed: {"error":"Not accepting updates"}
[34;1mclient_009_1  |[0m 
[34;1mclient_009_1  |[0m 2026-01-27 14:58:37,133 - __main__ - INFO - Update submitted for Round 44. Waiting...
[33mserver_1      |[0m INFO:server.aggregator:--- [METRIC] Weight Divergence: 2.0903
[33mserver_1      |[0m INFO:server.aggregator:FedAvg aggregation complete.
[33mserver_1      |[0m INFO:__main__:Aggregation complete.
[33mserver_1      |[0m ⏱️ [TIME] Client client_005 finished training in 4.03s
[33mserver_1      |[0m ⏱️ [TIME] Client client_006 finished training in 0.03s
[33mserver_1      |[0m ⏱️ [TIME] Client client_007 finished training in 0.89s
[33mserver_1      |[0m ⏱️ [TIME] Client client_002 finished training in 2.79s
[33mserver_1      |[0m ⏱️ [TIME] Client client_001 finished training in 0.91s
[33mserver_1      |[0m DEBUG: ⚠️ MY CUSTOM AGGREGATOR IS RUNNING ⚠️
[33mserver_1      |[0m INFO:__main__:--- Round 44 Acc: 39.49%, Loss: 1.6304 ---
[33mserver_1      |[0m INFO:__main__:--- Starting Round 45. Timeout: 300s ---
[33mserver_1      |[0m INFO:werkzeug:172.18.0.21 - - [27/Jan/2026 14:58:39] "POST /submit_update HTTP/1.1" 200 -
[33mclient_001_1  |[0m 2026-01-27 14:58:39,763 - __main__ - INFO - 🚀 Model update submitted successfully.
[33mclient_001_1  |[0m 2026-01-27 14:58:39,764 - __main__ - INFO - Update submitted for Round 44. Waiting...
[36;1mclient_005_1  |[0m 2026-01-27 14:58:40,036 - __main__ - INFO - Round 44 finished. Loss: 0.4765, Acc: 95.71%
[33mserver_1      |[0m INFO:__main__:Received update from client_005
[33mserver_1      |[0m INFO:werkzeug:172.18.0.10 - - [27/Jan/2026 14:58:40] "POST /submit_update HTTP/1.1" 200 -
[36;1mclient_005_1  |[0m 2026-01-27 14:58:40,171 - __main__ - INFO - 🚀 Model update submitted successfully.
[36;1mclient_005_1  |[0m 2026-01-27 14:58:40,172 - __main__ - INFO - Update submitted for Round 44. Waiting...
[32mclient_002_1  |[0m 2026-01-27 14:58:43,431 - __main__ - INFO - --- New Round Detected: 45 ---
[33mserver_1      |[0m INFO:werkzeug:172.18.0.19 - - [27/Jan/2026 14:58:43] "GET /download_model?round=45 HTTP/1.1" 200 -
[32mclient_002_1  |[0m 2026-01-27 14:58:45,200 - __main__ - INFO - Round 45 finished. Loss: 0.4172, Acc: 93.77%
[33mserver_1      |[0m INFO:__main__:Received update from client_002
[33mserver_1      |[0m INFO:werkzeug:172.18.0.19 - - [27/Jan/2026 14:58:45] "POST /submit_update HTTP/1.1" 200 -
[32mclient_002_1  |[0m 2026-01-27 14:58:45,338 - __main__ - INFO - 🚀 Model update submitted successfully.
[32mclient_002_1  |[0m 2026-01-27 14:58:45,338 - __main__ - INFO - Update submitted for Round 45. Waiting...
[34mclient_004_1  |[0m 2026-01-27 14:58:45,693 - __main__ - INFO - --- New Round Detected: 45 ---
[36mclient_010_1  |[0m 2026-01-27 14:58:45,702 - __main__ - INFO - --- New Round Detected: 45 ---
[33mserver_1      |[0m INFO:werkzeug:172.18.0.17 - - [27/Jan/2026 14:58:45] "GET /download_model?round=45 HTTP/1.1" 200 -
[33mserver_1      |[0m INFO:werkzeug:172.18.0.20 - - [27/Jan/2026 14:58:45] "GET /download_model?round=45 HTTP/1.1" 200 -
[35;1mclient_008_1  |[0m 2026-01-27 14:58:46,156 - __main__ - INFO - --- New Round Detected: 45 ---
[33mserver_1      |[0m INFO:werkzeug:172.18.0.16 - - [27/Jan/2026 14:58:46] "GET /download_model?round=45 HTTP/1.1" 200 -
[36mclient_010_1  |[0m 2026-01-27 14:58:46,535 - __main__ - INFO - Round 45 finished. Loss: 0.2961, Acc: 98.52%
[33mserver_1      |[0m INFO:__main__:Received update from client_010
[33mserver_1      |[0m INFO:werkzeug:172.18.0.20 - - [27/Jan/2026 14:58:46] "POST /submit_update HTTP/1.1" 200 -
[36mclient_010_1  |[0m 2026-01-27 14:58:46,669 - __main__ - INFO - 🚀 Model update submitted successfully.
[36mclient_010_1  |[0m 2026-01-27 14:58:46,669 - __main__ - INFO - Update submitted for Round 45. Waiting...
[35mclient_003_1  |[0m 2026-01-27 14:58:46,991 - __main__ - INFO - Round 44 finished. Loss: 0.5967, Acc: 80.98%
[33mserver_1      |[0m INFO:__main__:Received update from client_003
[33mserver_1      |[0m INFO:werkzeug:172.18.0.22 - - [27/Jan/2026 14:58:47] "POST /submit_update HTTP/1.1" 200 -
[35mclient_003_1  |[0m 2026-01-27 14:58:47,147 - __main__ - INFO - 🚀 Model update submitted successfully.
[35mclient_003_1  |[0m 2026-01-27 14:58:47,147 - __main__ - INFO - Update submitted for Round 44. Waiting...
[34;1mclient_009_1  |[0m 2026-01-27 14:58:47,239 - __main__ - INFO - --- New Round Detected: 45 ---
[33mserver_1      |[0m INFO:werkzeug:172.18.0.11 - - [27/Jan/2026 14:58:47] "GET /download_model?round=45 HTTP/1.1" 200 -
[33;1mclient_006_1  |[0m 2026-01-27 14:58:47,636 - __main__ - INFO - --- New Round Detected: 45 ---
[33mserver_1      |[0m INFO:werkzeug:172.18.0.9 - - [27/Jan/2026 14:58:47] "GET /download_model?round=45 HTTP/1.1" 200 -
[33;1mclient_006_1  |[0m 2026-01-27 14:58:47,792 - __main__ - INFO - Round 45 finished. Loss: 1.0284, Acc: 64.29%
[33mserver_1      |[0m INFO:__main__:Received update from client_006
[33mserver_1      |[0m INFO:__main__:--- Aggregating 5 updates ---
[33mserver_1      |[0m INFO:__main__:⚡ Using Custom Aggregator with Drift Metric...
[33mserver_1      |[0m INFO:server.aggregator:Starting FedAvg aggregation for 5 clients.
[35;1mclient_008_1  |[0m 2026-01-27 14:58:49,345 - __main__ - INFO - Round 45 finished. Loss: 0.3092, Acc: 98.23%
[33mserver_1      |[0m INFO:werkzeug:172.18.0.16 - - [27/Jan/2026 14:58:49] "[31m[1mPOST /submit_update HTTP/1.1[0m" 400 -
[35;1mclient_008_1  |[0m 2026-01-27 14:58:49,470 - __main__ - ERROR - Update submission failed: {"error":"Not accepting updates"}
[35;1mclient_008_1  |[0m 
[35;1mclient_008_1  |[0m 2026-01-27 14:58:49,470 - __main__ - INFO - Update submitted for Round 45. Waiting...
[32;1mclient_007_1  |[0m 2026-01-27 14:58:49,676 - __main__ - INFO - --- New Round Detected: 45 ---
[33mserver_1      |[0m INFO:werkzeug:172.18.0.18 - - [27/Jan/2026 14:58:49] "GET /download_model?round=45 HTTP/1.1" 200 -
[33mclient_001_1  |[0m 2026-01-27 14:58:49,843 - __main__ - INFO - --- New Round Detected: 45 ---
[33mserver_1      |[0m INFO:werkzeug:172.18.0.21 - - [27/Jan/2026 14:58:49] "GET /download_model?round=45 HTTP/1.1" 200 -
[36;1mclient_005_1  |[0m 2026-01-27 14:58:50,237 - __main__ - INFO - --- New Round Detected: 45 ---
[33mserver_1      |[0m INFO:werkzeug:172.18.0.10 - - [27/Jan/2026 14:58:50] "GET /download_model?round=45 HTTP/1.1" 200 -
[33mserver_1      |[0m INFO:server.aggregator:--- [METRIC] Weight Divergence: 2.5073
[33mserver_1      |[0m INFO:server.aggregator:FedAvg aggregation complete.
[33mserver_1      |[0m INFO:__main__:Aggregation complete.
[32;1mclient_007_1  |[0m 2026-01-27 14:58:50,523 - __main__ - INFO - Round 45 finished. Loss: 0.8406, Acc: 74.36%
[33mserver_1      |[0m ⏱️ [TIME] Client client_005 finished training in 3.90s
[33mserver_1      |[0m ⏱️ [TIME] Client client_002 finished training in 1.62s
[33mserver_1      |[0m ⏱️ [TIME] Client client_010 finished training in 0.70s
[33mserver_1      |[0m ⏱️ [TIME] Client client_003 finished training in 20.82s
[33mserver_1      |[0m ⏱️ [TIME] Client client_006 finished training in 0.02s
[33mserver_1      |[0m DEBUG: ⚠️ MY CUSTOM AGGREGATOR IS RUNNING ⚠️
[33mserver_1      |[0m INFO:werkzeug:172.18.0.18 - - [27/Jan/2026 14:58:50] "[31m[1mPOST /submit_update HTTP/1.1[0m" 400 -
[32;1mclient_007_1  |[0m 2026-01-27 14:58:50,671 - __main__ - ERROR - Update submission failed: {"error":"Not accepting updates"}
[32;1mclient_007_1  |[0m 
[32;1mclient_007_1  |[0m 2026-01-27 14:58:50,672 - __main__ - INFO - Update submitted for Round 45. Waiting...
[33mclient_001_1  |[0m 2026-01-27 14:58:50,947 - __main__ - INFO - Round 45 finished. Loss: 0.2691, Acc: 99.03%
[33mserver_1      |[0m INFO:werkzeug:172.18.0.21 - - [27/Jan/2026 14:58:50] "[31m[1mPOST /submit_update HTTP/1.1[0m" 400 -
[33mclient_001_1  |[0m 2026-01-27 14:58:51,017 - __main__ - ERROR - Update submission failed: {"error":"Not accepting updates"}
[33mclient_001_1  |[0m 
[33mclient_001_1  |[0m 2026-01-27 14:58:51,018 - __main__ - INFO - Update submitted for Round 45. Waiting...
[33mserver_1      |[0m INFO:__main__:--- Round 45 Acc: 45.90%, Loss: 1.5488 ---
[33mserver_1      |[0m INFO:__main__:--- Starting Round 46. Timeout: 300s ---
[33mserver_1      |[0m INFO:werkzeug:172.18.0.9 - - [27/Jan/2026 14:58:51] "POST /submit_update HTTP/1.1" 200 -
[33;1mclient_006_1  |[0m 2026-01-27 14:58:51,735 - __main__ - INFO - 🚀 Model update submitted successfully.
[33;1mclient_006_1  |[0m 2026-01-27 14:58:51,736 - __main__ - INFO - Update submitted for Round 45. Waiting...
[34;1mclient_009_1  |[0m 2026-01-27 14:58:52,313 - __main__ - INFO - Round 45 finished. Loss: 0.7497, Acc: 77.89%
[33mserver_1      |[0m INFO:__main__:Received update from client_009
[33mserver_1      |[0m INFO:werkzeug:172.18.0.11 - - [27/Jan/2026 14:58:52] "POST /submit_update HTTP/1.1" 200 -
[34;1mclient_009_1  |[0m 2026-01-27 14:58:52,512 - __main__ - INFO - 🚀 Model update submitted successfully.
[34;1mclient_009_1  |[0m 2026-01-27 14:58:52,513 - __main__ - INFO - Update submitted for Round 45. Waiting...
[36;1mclient_005_1  |[0m 2026-01-27 14:58:54,881 - __main__ - INFO - Round 45 finished. Loss: 0.2274, Acc: 95.87%
[33mserver_1      |[0m INFO:__main__:Received update from client_005
[33mserver_1      |[0m INFO:werkzeug:172.18.0.10 - - [27/Jan/2026 14:58:55] "POST /submit_update HTTP/1.1" 200 -
[36;1mclient_005_1  |[0m 2026-01-27 14:58:55,037 - __main__ - INFO - 🚀 Model update submitted successfully.
[36;1mclient_005_1  |[0m 2026-01-27 14:58:55,037 - __main__ - INFO - Update submitted for Round 45. Waiting...
[32mclient_002_1  |[0m 2026-01-27 14:58:55,409 - __main__ - INFO - --- New Round Detected: 46 ---
[33mserver_1      |[0m INFO:werkzeug:172.18.0.19 - - [27/Jan/2026 14:58:55] "GET /download_model?round=46 HTTP/1.1" 200 -
[34mclient_004_1  |[0m 2026-01-27 14:58:55,676 - __main__ - INFO - Round 45 finished. Loss: 0.5870, Acc: 82.68%
[33mserver_1      |[0m INFO:__main__:Received update from client_004
[33mserver_1      |[0m INFO:werkzeug:172.18.0.17 - - [27/Jan/2026 14:58:55] "POST /submit_update HTTP/1.1" 200 -
[34mclient_004_1  |[0m 2026-01-27 14:58:55,810 - __main__ - INFO - 🚀 Model update submitted successfully.
[34mclient_004_1  |[0m 2026-01-27 14:58:55,810 - __main__ - INFO - Update submitted for Round 45. Waiting...
[36mclient_010_1  |[0m 2026-01-27 14:58:56,734 - __main__ - INFO - --- New Round Detected: 46 ---
[33mserver_1      |[0m INFO:werkzeug:172.18.0.20 - - [27/Jan/2026 14:58:56] "GET /download_model?round=46 HTTP/1.1" 200 -
[35mclient_003_1  |[0m 2026-01-27 14:58:57,218 - __main__ - INFO - --- New Round Detected: 46 ---
[33mserver_1      |[0m INFO:werkzeug:172.18.0.22 - - [27/Jan/2026 14:58:57] "GET /download_model?round=46 HTTP/1.1" 200 -
[32mclient_002_1  |[0m 2026-01-27 14:58:58,052 - __main__ - INFO - Round 46 finished. Loss: 0.5073, Acc: 93.77%
[36mclient_010_1  |[0m 2026-01-27 14:58:58,107 - __main__ - INFO - Round 46 finished. Loss: 0.4005, Acc: 98.15%
[33mserver_1      |[0m INFO:__main__:Received update from client_002
[33mserver_1      |[0m INFO:werkzeug:172.18.0.19 - - [27/Jan/2026 14:58:58] "POST /submit_update HTTP/1.1" 200 -
[32mclient_002_1  |[0m 2026-01-27 14:58:58,187 - __main__ - INFO - 🚀 Model update submitted successfully.
[32mclient_002_1  |[0m 2026-01-27 14:58:58,189 - __main__ - INFO - Update submitted for Round 46. Waiting...
[33mserver_1      |[0m INFO:__main__:Received update from client_010
[33mserver_1      |[0m INFO:__main__:--- Aggregating 5 updates ---
[33mserver_1      |[0m INFO:__main__:⚡ Using Custom Aggregator with Drift Metric...
[33mserver_1      |[0m INFO:server.aggregator:Starting FedAvg aggregation for 5 clients.
[35;1mclient_008_1  |[0m 2026-01-27 14:58:59,569 - __main__ - INFO - --- New Round Detected: 46 ---
[33mserver_1      |[0m INFO:werkzeug:172.18.0.16 - - [27/Jan/2026 14:58:59] "GET /download_model?round=46 HTTP/1.1" 200 -
[33mserver_1      |[0m INFO:server.aggregator:--- [METRIC] Weight Divergence: 2.1183
[33mserver_1      |[0m INFO:server.aggregator:FedAvg aggregation complete.
[33mserver_1      |[0m INFO:__main__:Aggregation complete.
[33mserver_1      |[0m ⏱️ [TIME] Client client_009 finished training in 4.95s
[33mserver_1      |[0m ⏱️ [TIME] Client client_005 finished training in 4.48s
[33mserver_1      |[0m ⏱️ [TIME] Client client_004 finished training in 9.85s
[33mserver_1      |[0m ⏱️ [TIME] Client client_002 finished training in 2.51s
[33mserver_1      |[0m ⏱️ [TIME] Client client_010 finished training in 1.21s
[33mserver_1      |[0m DEBUG: ⚠️ MY CUSTOM AGGREGATOR IS RUNNING ⚠️
[32;1mclient_007_1  |[0m 2026-01-27 14:59:00,750 - __main__ - INFO - --- New Round Detected: 46 ---
[33mserver_1      |[0m INFO:werkzeug:172.18.0.18 - - [27/Jan/2026 14:59:00] "GET /download_model?round=46 HTTP/1.1" 200 -
[33mclient_001_1  |[0m 2026-01-27 14:59:01,129 - __main__ - INFO - --- New Round Detected: 46 ---
[33mserver_1      |[0m INFO:__main__:--- Round 46 Acc: 44.06%, Loss: 1.5508 ---
[33mserver_1      |[0m INFO:__main__:--- Starting Round 47. Timeout: 300s ---
[33mserver_1      |[0m INFO:werkzeug:172.18.0.21 - - [27/Jan/2026 14:59:01] "GET /download_model?round=46 HTTP/1.1" 200 -
[33mserver_1      |[0m INFO:werkzeug:172.18.0.20 - - [27/Jan/2026 14:59:01] "POST /submit_update HTTP/1.1" 200 -
[36mclient_010_1  |[0m 2026-01-27 14:59:01,295 - __main__ - INFO - 🚀 Model update submitted successfully.
[36mclient_010_1  |[0m 2026-01-27 14:59:01,295 - __main__ - INFO - Update submitted for Round 46. Waiting...
[35;1mclient_008_1  |[0m 2026-01-27 14:59:01,349 - __main__ - INFO - Round 46 finished. Loss: 0.2013, Acc: 98.82%
[32;1mclient_007_1  |[0m 2026-01-27 14:59:01,373 - __main__ - INFO - Round 46 finished. Loss: 0.7592, Acc: 76.92%
[33mserver_1      |[0m INFO:__main__:Received update from client_008
[33mserver_1      |[0m INFO:werkzeug:172.18.0.16 - - [27/Jan/2026 14:59:01] "POST /submit_update HTTP/1.1" 200 -
[33mserver_1      |[0m INFO:__main__:Received update from client_007
[33mserver_1      |[0m INFO:werkzeug:172.18.0.18 - - [27/Jan/2026 14:59:01] "POST /submit_update HTTP/1.1" 200 -
[32;1mclient_007_1  |[0m 2026-01-27 14:59:01,538 - __main__ - INFO - 🚀 Model update submitted successfully.
[32;1mclient_007_1  |[0m 2026-01-27 14:59:01,539 - __main__ - INFO - Update submitted for Round 46. Waiting...
[35;1mclient_008_1  |[0m 2026-01-27 14:59:01,540 - __main__ - INFO - 🚀 Model update submitted successfully.
[35;1mclient_008_1  |[0m 2026-01-27 14:59:01,540 - __main__ - INFO - Update submitted for Round 46. Waiting...
[33;1mclient_006_1  |[0m 2026-01-27 14:59:01,802 - __main__ - INFO - --- New Round Detected: 47 ---
[33mserver_1      |[0m INFO:werkzeug:172.18.0.9 - - [27/Jan/2026 14:59:01] "GET /download_model?round=47 HTTP/1.1" 200 -
[33;1mclient_006_1  |[0m 2026-01-27 14:59:01,964 - __main__ - INFO - Round 47 finished. Loss: 0.6849, Acc: 71.43%
[33mserver_1      |[0m INFO:__main__:Received update from client_006
[33mserver_1      |[0m INFO:werkzeug:172.18.0.9 - - [27/Jan/2026 14:59:02] "POST /submit_update HTTP/1.1" 200 -
[33;1mclient_006_1  |[0m 2026-01-27 14:59:02,105 - __main__ - INFO - 🚀 Model update submitted successfully.
[33;1mclient_006_1  |[0m 2026-01-27 14:59:02,105 - __main__ - INFO - Update submitted for Round 47. Waiting...
[33mclient_001_1  |[0m 2026-01-27 14:59:02,116 - __main__ - INFO - Round 46 finished. Loss: 0.3788, Acc: 98.38%
[33mserver_1      |[0m INFO:__main__:Received update from client_001
[33mserver_1      |[0m INFO:werkzeug:172.18.0.21 - - [27/Jan/2026 14:59:02] "POST /submit_update HTTP/1.1" 200 -
[33mclient_001_1  |[0m 2026-01-27 14:59:02,252 - __main__ - INFO - 🚀 Model update submitted successfully.
[33mclient_001_1  |[0m 2026-01-27 14:59:02,252 - __main__ - INFO - Update submitted for Round 46. Waiting...
[34;1mclient_009_1  |[0m 2026-01-27 14:59:02,580 - __main__ - INFO - --- New Round Detected: 47 ---
[33mserver_1      |[0m INFO:werkzeug:172.18.0.11 - - [27/Jan/2026 14:59:02] "GET /download_model?round=47 HTTP/1.1" 200 -
[36;1mclient_005_1  |[0m 2026-01-27 14:59:05,099 - __main__ - INFO - --- New Round Detected: 47 ---
[33mserver_1      |[0m INFO:werkzeug:172.18.0.10 - - [27/Jan/2026 14:59:05] "GET /download_model?round=47 HTTP/1.1" 200 -
[34mclient_004_1  |[0m 2026-01-27 14:59:05,877 - __main__ - INFO - --- New Round Detected: 47 ---
[33mserver_1      |[0m INFO:werkzeug:172.18.0.17 - - [27/Jan/2026 14:59:05] "GET /download_model?round=47 HTTP/1.1" 200 -
[34;1mclient_009_1  |[0m 2026-01-27 14:59:07,476 - __main__ - INFO - Round 47 finished. Loss: 0.7100, Acc: 78.43%
[33mserver_1      |[0m INFO:__main__:Received update from client_009
[33mserver_1      |[0m INFO:__main__:--- Aggregating 5 updates ---
[33mserver_1      |[0m INFO:__main__:⚡ Using Custom Aggregator with Drift Metric...
[33mserver_1      |[0m INFO:server.aggregator:Starting FedAvg aggregation for 5 clients.
[32mclient_002_1  |[0m 2026-01-27 14:59:08,263 - __main__ - INFO - --- New Round Detected: 47 ---
[33mserver_1      |[0m INFO:werkzeug:172.18.0.19 - - [27/Jan/2026 14:59:08] "GET /download_model?round=47 HTTP/1.1" 200 -
[36;1mclient_005_1  |[0m 2026-01-27 14:59:09,955 - __main__ - INFO - Round 47 finished. Loss: 0.2388, Acc: 95.99%
[33mserver_1      |[0m INFO:werkzeug:172.18.0.10 - - [27/Jan/2026 14:59:09] "[31m[1mPOST /submit_update HTTP/1.1[0m" 400 -
[36;1mclient_005_1  |[0m 2026-01-27 14:59:10,020 - __main__ - ERROR - Update submission failed: {"error":"Not accepting updates"}
[36;1mclient_005_1  |[0m 
[36;1mclient_005_1  |[0m 2026-01-27 14:59:10,020 - __main__ - INFO - Update submitted for Round 47. Waiting...
[33mserver_1      |[0m INFO:server.aggregator:--- [METRIC] Weight Divergence: 1.8905
[33mserver_1      |[0m INFO:server.aggregator:FedAvg aggregation complete.
[33mserver_1      |[0m INFO:__main__:Aggregation complete.
[33mserver_1      |[0m ⏱️ [TIME] Client client_008 finished training in 1.57s
[33mserver_1      |[0m ⏱️ [TIME] Client client_007 finished training in 0.43s
[33mserver_1      |[0m ⏱️ [TIME] Client client_006 finished training in 0.03s
[33mserver_1      |[0m ⏱️ [TIME] Client client_001 finished training in 0.75s
[33mserver_1      |[0m ⏱️ [TIME] Client client_009 finished training in 4.77s
[33mserver_1      |[0m DEBUG: ⚠️ MY CUSTOM AGGREGATOR IS RUNNING ⚠️
[32mclient_002_1  |[0m 2026-01-27 14:59:11,228 - __main__ - INFO - Round 47 finished. Loss: 0.4024, Acc: 93.97%
[33mserver_1      |[0m INFO:werkzeug:172.18.0.19 - - [27/Jan/2026 14:59:11] "[31m[1mPOST /submit_update HTTP/1.1[0m" 400 -
[32mclient_002_1  |[0m 2026-01-27 14:59:11,295 - __main__ - ERROR - Update submission failed: {"error":"Not accepting updates"}
[32mclient_002_1  |[0m 
[32mclient_002_1  |[0m 2026-01-27 14:59:11,296 - __main__ - INFO - Update submitted for Round 47. Waiting...
[36mclient_010_1  |[0m 2026-01-27 14:59:11,356 - __main__ - INFO - --- New Round Detected: 47 ---
[33mserver_1      |[0m INFO:werkzeug:172.18.0.20 - - [27/Jan/2026 14:59:11] "GET /download_model?round=47 HTTP/1.1" 200 -
[35;1mclient_008_1  |[0m 2026-01-27 14:59:11,612 - __main__ - INFO - --- New Round Detected: 47 ---
[33mserver_1      |[0m INFO:werkzeug:172.18.0.16 - - [27/Jan/2026 14:59:11] "GET /download_model?round=47 HTTP/1.1" 200 -
[32;1mclient_007_1  |[0m 2026-01-27 14:59:11,650 - __main__ - INFO - --- New Round Detected: 47 ---
[33mserver_1      |[0m INFO:werkzeug:172.18.0.18 - - [27/Jan/2026 14:59:11] "GET /download_model?round=47 HTTP/1.1" 200 -
[33mserver_1      |[0m INFO:__main__:--- Round 47 Acc: 37.58%, Loss: 1.8018 ---
[33mserver_1      |[0m INFO:__main__:--- Starting Round 48. Timeout: 300s ---
[33mserver_1      |[0m INFO:werkzeug:172.18.0.11 - - [27/Jan/2026 14:59:12] "POST /submit_update HTTP/1.1" 200 -
[34;1mclient_009_1  |[0m 2026-01-27 14:59:12,295 - __main__ - INFO - 🚀 Model update submitted successfully.
[34;1mclient_009_1  |[0m 2026-01-27 14:59:12,296 - __main__ - INFO - Update submitted for Round 47. Waiting...
[33mclient_001_1  |[0m 2026-01-27 14:59:12,313 - __main__ - INFO - --- New Round Detected: 48 ---
[33mserver_1      |[0m INFO:werkzeug:172.18.0.21 - - [27/Jan/2026 14:59:12] "GET /download_model?round=48 HTTP/1.1" 200 -
[32;1mclient_007_1  |[0m 2026-01-27 14:59:12,399 - __main__ - INFO - Round 47 finished. Loss: 0.8320, Acc: 73.81%
[33mserver_1      |[0m INFO:__main__:Received update from client_007
[33mserver_1      |[0m INFO:werkzeug:172.18.0.18 - - [27/Jan/2026 14:59:12] "POST /submit_update HTTP/1.1" 200 -
[32;1mclient_007_1  |[0m 2026-01-27 14:59:12,536 - __main__ - INFO - 🚀 Model update submitted successfully.
[32;1mclient_007_1  |[0m 2026-01-27 14:59:12,537 - __main__ - INFO - Update submitted for Round 47. Waiting...
[36mclient_010_1  |[0m 2026-01-27 14:59:12,828 - __main__ - INFO - Round 47 finished. Loss: 0.2906, Acc: 98.28%
[33mserver_1      |[0m INFO:__main__:Received update from client_010
[33mserver_1      |[0m INFO:werkzeug:172.18.0.20 - - [27/Jan/2026 14:59:12] "POST /submit_update HTTP/1.1" 200 -
[36mclient_010_1  |[0m 2026-01-27 14:59:12,965 - __main__ - INFO - 🚀 Model update submitted successfully.
[36mclient_010_1  |[0m 2026-01-27 14:59:12,965 - __main__ - INFO - Update submitted for Round 47. Waiting...
[33mclient_001_1  |[0m 2026-01-27 14:59:13,371 - __main__ - INFO - Round 48 finished. Loss: 0.2476, Acc: 99.35%
[33mserver_1      |[0m INFO:__main__:Received update from client_001
[33mserver_1      |[0m INFO:werkzeug:172.18.0.21 - - [27/Jan/2026 14:59:13] "POST /submit_update HTTP/1.1" 200 -
[33mclient_001_1  |[0m 2026-01-27 14:59:13,506 - __main__ - INFO - 🚀 Model update submitted successfully.
[33mclient_001_1  |[0m 2026-01-27 14:59:13,507 - __main__ - INFO - Update submitted for Round 48. Waiting...
[35;1mclient_008_1  |[0m 2026-01-27 14:59:13,552 - __main__ - INFO - Round 47 finished. Loss: 0.3001, Acc: 98.28%
[33mserver_1      |[0m INFO:__main__:Received update from client_008
[33mserver_1      |[0m INFO:werkzeug:172.18.0.16 - - [27/Jan/2026 14:59:13] "POST /submit_update HTTP/1.1" 200 -
[35;1mclient_008_1  |[0m 2026-01-27 14:59:13,685 - __main__ - INFO - 🚀 Model update submitted successfully.
[35;1mclient_008_1  |[0m 2026-01-27 14:59:13,686 - __main__ - INFO - Update submitted for Round 47. Waiting...
[34mclient_004_1  |[0m 2026-01-27 14:59:16,006 - __main__ - INFO - Round 47 finished. Loss: 0.5446, Acc: 82.88%
[33mserver_1      |[0m INFO:__main__:Received update from client_004
[33mserver_1      |[0m INFO:__main__:--- Aggregating 5 updates ---
[33mserver_1      |[0m INFO:__main__:⚡ Using Custom Aggregator with Drift Metric...
[33mserver_1      |[0m INFO:server.aggregator:Starting FedAvg aggregation for 5 clients.
[35mclient_003_1  |[0m 2026-01-27 14:59:17,808 - __main__ - INFO - Round 46 finished. Loss: 0.6151, Acc: 80.72%
[33mserver_1      |[0m INFO:werkzeug:172.18.0.22 - - [27/Jan/2026 14:59:17] "[31m[1mPOST /submit_update HTTP/1.1[0m" 400 -
[35mclient_003_1  |[0m 2026-01-27 14:59:17,875 - __main__ - ERROR - Update submission failed: {"error":"Not accepting updates"}
[35mclient_003_1  |[0m 
[35mclient_003_1  |[0m 2026-01-27 14:59:17,875 - __main__ - INFO - Update submitted for Round 46. Waiting...
[33mserver_1      |[0m INFO:server.aggregator:--- [METRIC] Weight Divergence: 1.6078
[33mserver_1      |[0m INFO:server.aggregator:FedAvg aggregation complete.
[33mserver_1      |[0m INFO:__main__:Aggregation complete.
[33mserver_1      |[0m ⏱️ [TIME] Client client_007 finished training in 0.61s
[33mserver_1      |[0m ⏱️ [TIME] Client client_010 finished training in 1.33s
[33mserver_1      |[0m ⏱️ [TIME] Client client_001 finished training in 0.92s
[33mserver_1      |[0m ⏱️ [TIME] Client client_008 finished training in 1.80s
[33mserver_1      |[0m ⏱️ [TIME] Client client_004 finished training in 10.00s
[33mserver_1      |[0m DEBUG: ⚠️ MY CUSTOM AGGREGATOR IS RUNNING ⚠️
[36;1mclient_005_1  |[0m 2026-01-27 14:59:20,084 - __main__ - INFO - --- New Round Detected: 48 ---
[33mserver_1      |[0m INFO:werkzeug:172.18.0.10 - - [27/Jan/2026 14:59:20] "GET /download_model?round=48 HTTP/1.1" 200 -
[33mserver_1      |[0m INFO:__main__:--- Round 48 Acc: 46.08%, Loss: 1.5383 ---
[33mserver_1      |[0m INFO:__main__:--- Starting Round 49. Timeout: 300s ---
[33mserver_1      |[0m INFO:werkzeug:172.18.0.17 - - [27/Jan/2026 14:59:20] "POST /submit_update HTTP/1.1" 200 -
[34mclient_004_1  |[0m 2026-01-27 14:59:20,365 - __main__ - INFO - 🚀 Model update submitted successfully.
[34mclient_004_1  |[0m 2026-01-27 14:59:20,366 - __main__ - INFO - Update submitted for Round 47. Waiting...
[32mclient_002_1  |[0m 2026-01-27 14:59:21,401 - __main__ - INFO - --- New Round Detected: 49 ---
[33mserver_1      |[0m INFO:werkzeug:172.18.0.19 - - [27/Jan/2026 14:59:21] "GET /download_model?round=49 HTTP/1.1" 200 -
[33;1mclient_006_1  |[0m 2026-01-27 14:59:22,281 - __main__ - INFO - --- New Round Detected: 49 ---
[33mserver_1      |[0m INFO:werkzeug:172.18.0.9 - - [27/Jan/2026 14:59:22] "GET /download_model?round=49 HTTP/1.1" 200 -
[34;1mclient_009_1  |[0m 2026-01-27 14:59:22,361 - __main__ - INFO - --- New Round Detected: 49 ---
[33mserver_1      |[0m INFO:werkzeug:172.18.0.11 - - [27/Jan/2026 14:59:22] "GET /download_model?round=49 HTTP/1.1" 200 -
[33;1mclient_006_1  |[0m 2026-01-27 14:59:22,449 - __main__ - INFO - Round 49 finished. Loss: 0.5338, Acc: 85.71%
[33mserver_1      |[0m INFO:__main__:Received update from client_006
[33mserver_1      |[0m INFO:werkzeug:172.18.0.9 - - [27/Jan/2026 14:59:22] "POST /submit_update HTTP/1.1" 200 -
[32;1mclient_007_1  |[0m 2026-01-27 14:59:22,598 - __main__ - INFO - --- New Round Detected: 49 ---
[33;1mclient_006_1  |[0m 2026-01-27 14:59:22,604 - __main__ - INFO - 🚀 Model update submitted successfully.
[33;1mclient_006_1  |[0m 2026-01-27 14:59:22,604 - __main__ - INFO - Update submitted for Round 49. Waiting...
[33mserver_1      |[0m INFO:werkzeug:172.18.0.18 - - [27/Jan/2026 14:59:22] "GET /download_model?round=49 HTTP/1.1" 200 -
[36mclient_010_1  |[0m 2026-01-27 14:59:23,032 - __main__ - INFO - --- New Round Detected: 49 ---
[33mserver_1      |[0m INFO:werkzeug:172.18.0.20 - - [27/Jan/2026 14:59:23] "GET /download_model?round=49 HTTP/1.1" 200 -
[33mclient_001_1  |[0m 2026-01-27 14:59:23,598 - __main__ - INFO - --- New Round Detected: 49 ---
[33mserver_1      |[0m INFO:werkzeug:172.18.0.21 - - [27/Jan/2026 14:59:23] "GET /download_model?round=49 HTTP/1.1" 200 -
[32;1mclient_007_1  |[0m 2026-01-27 14:59:23,630 - __main__ - INFO - Round 49 finished. Loss: 0.8503, Acc: 75.46%
[33mserver_1      |[0m INFO:__main__:Received update from client_007
[33mserver_1      |[0m INFO:werkzeug:172.18.0.18 - - [27/Jan/2026 14:59:23] "POST /submit_update HTTP/1.1" 200 -
[32;1mclient_007_1  |[0m 2026-01-27 14:59:23,789 - __main__ - INFO - 🚀 Model update submitted successfully.
[32;1mclient_007_1  |[0m 2026-01-27 14:59:23,789 - __main__ - INFO - Update submitted for Round 49. Waiting...
[35;1mclient_008_1  |[0m 2026-01-27 14:59:23,938 - __main__ - INFO - --- New Round Detected: 49 ---
[33mserver_1      |[0m INFO:werkzeug:172.18.0.16 - - [27/Jan/2026 14:59:23] "GET /download_model?round=49 HTTP/1.1" 200 -
[33mclient_001_1  |[0m 2026-01-27 14:59:24,227 - __main__ - INFO - Round 49 finished. Loss: 0.2916, Acc: 99.35%
[32mclient_002_1  |[0m 2026-01-27 14:59:24,313 - __main__ - INFO - Round 49 finished. Loss: 0.4379, Acc: 93.28%
[33mserver_1      |[0m INFO:__main__:Received update from client_001
[33mserver_1      |[0m INFO:werkzeug:172.18.0.21 - - [27/Jan/2026 14:59:24] "POST /submit_update HTTP/1.1" 200 -
[33mclient_001_1  |[0m 2026-01-27 14:59:24,366 - __main__ - INFO - 🚀 Model update submitted successfully.
[33mclient_001_1  |[0m 2026-01-27 14:59:24,366 - __main__ - INFO - Update submitted for Round 49. Waiting...
[33mserver_1      |[0m INFO:__main__:Received update from client_002
[33mserver_1      |[0m INFO:werkzeug:172.18.0.19 - - [27/Jan/2026 14:59:24] "POST /submit_update HTTP/1.1" 200 -
[32mclient_002_1  |[0m 2026-01-27 14:59:24,473 - __main__ - INFO - 🚀 Model update submitted successfully.
[32mclient_002_1  |[0m 2026-01-27 14:59:24,473 - __main__ - INFO - Update submitted for Round 49. Waiting...
[36mclient_010_1  |[0m 2026-01-27 14:59:24,503 - __main__ - INFO - Round 49 finished. Loss: 0.3173, Acc: 98.52%
[33mserver_1      |[0m INFO:__main__:Received update from client_010
[33mserver_1      |[0m INFO:__main__:--- Aggregating 5 updates ---
[33mserver_1      |[0m INFO:__main__:⚡ Using Custom Aggregator with Drift Metric...
[33mserver_1      |[0m INFO:server.aggregator:Starting FedAvg aggregation for 5 clients.
[36;1mclient_005_1  |[0m 2026-01-27 14:59:24,905 - __main__ - INFO - Round 48 finished. Loss: 0.3950, Acc: 96.40%
[33mserver_1      |[0m INFO:werkzeug:172.18.0.10 - - [27/Jan/2026 14:59:24] "[31m[1mPOST /submit_update HTTP/1.1[0m" 400 -
[36;1mclient_005_1  |[0m 2026-01-27 14:59:25,007 - __main__ - ERROR - Update submission failed: {"error":"Not accepting updates"}
[36;1mclient_005_1  |[0m 
[36;1mclient_005_1  |[0m 2026-01-27 14:59:25,007 - __main__ - INFO - Update submitted for Round 48. Waiting...
[35;1mclient_008_1  |[0m 2026-01-27 14:59:25,965 - __main__ - INFO - Round 49 finished. Loss: 0.2268, Acc: 98.23%
[33mserver_1      |[0m INFO:werkzeug:172.18.0.16 - - [27/Jan/2026 14:59:25] "[31m[1mPOST /submit_update HTTP/1.1[0m" 400 -
[35;1mclient_008_1  |[0m 2026-01-27 14:59:26,029 - __main__ - ERROR - Update submission failed: {"error":"Not accepting updates"}
[35;1mclient_008_1  |[0m 
[35;1mclient_008_1  |[0m 2026-01-27 14:59:26,029 - __main__ - INFO - Update submitted for Round 49. Waiting...
[35mclient_003_1  |[0m 2026-01-27 14:59:27,938 - __main__ - INFO - --- New Round Detected: 49 ---
[34;1mclient_009_1  |[0m 2026-01-27 14:59:27,938 - __main__ - INFO - Round 49 finished. Loss: 0.7039, Acc: 78.56%
[33mserver_1      |[0m INFO:werkzeug:172.18.0.22 - - [27/Jan/2026 14:59:27] "GET /download_model?round=49 HTTP/1.1" 200 -
[33mserver_1      |[0m INFO:werkzeug:172.18.0.11 - - [27/Jan/2026 14:59:27] "[31m[1mPOST /submit_update HTTP/1.1[0m" 400 -
[33mserver_1      |[0m INFO:server.aggregator:--- [METRIC] Weight Divergence: 0.7196
[33mserver_1      |[0m INFO:server.aggregator:FedAvg aggregation complete.
[33mserver_1      |[0m INFO:__main__:Aggregation complete.
[34;1mclient_009_1  |[0m 2026-01-27 14:59:28,004 - __main__ - ERROR - Update submission failed: {"error":"Not accepting updates"}
[34;1mclient_009_1  |[0m 
[34;1mclient_009_1  |[0m 2026-01-27 14:59:28,004 - __main__ - INFO - Update submitted for Round 49. Waiting...
[33mserver_1      |[0m ⏱️ [TIME] Client client_006 finished training in 0.03s
[33mserver_1      |[0m ⏱️ [TIME] Client client_007 finished training in 0.88s
[33mserver_1      |[0m ⏱️ [TIME] Client client_001 finished training in 0.50s
[33mserver_1      |[0m ⏱️ [TIME] Client client_002 finished training in 2.77s
[33mserver_1      |[0m ⏱️ [TIME] Client client_010 finished training in 1.33s
[33mserver_1      |[0m DEBUG: ⚠️ MY CUSTOM AGGREGATOR IS RUNNING ⚠️
[33mserver_1      |[0m INFO:__main__:--- Round 49 Acc: 36.12%, Loss: 1.7404 ---
[33mserver_1      |[0m INFO:__main__:---Final model saved ---
[33mserver_1      |[0m INFO:__main__:--- Training complete. ---
[33mserver_1      |[0m INFO:werkzeug:172.18.0.20 - - [27/Jan/2026 14:59:29] "POST /submit_update HTTP/1.1" 200 -
[36mclient_010_1  |[0m 2026-01-27 14:59:29,319 - __main__ - INFO - 🚀 Model update submitted successfully.
[36mclient_010_1  |[0m 2026-01-27 14:59:29,321 - __main__ - INFO - Update submitted for Round 49. Waiting...
[34mclient_004_1  |[0m 2026-01-27 14:59:30,430 - __main__ - INFO - Server finished training. Exiting.
[34mfl-rest_client_004_1 exited with code 0
[0mStopping fl-rest_client_007_1 ... 
Stopping fl-rest_client_002_1 ... 
Stopping fl-rest_client_017_1 ... 
Stopping fl-rest_client_011_1 ... 
Stopping fl-rest_client_003_1 ... 
Stopping fl-rest_client_015_1 ... 
Stopping fl-rest_client_010_1 ... 
Stopping fl-rest_client_001_1 ... 
Stopping fl-rest_client_013_1 ... 
Stopping fl-rest_client_019_1 ... 
Stopping fl-rest_client_016_1 ... 
Stopping fl-rest_client_009_1 ... 
Stopping fl-rest_client_020_1 ... 
Stopping fl-rest_client_008_1 ... 
Stopping fl-rest_client_012_1 ... 
Stopping fl-rest_client_018_1 ... 
Stopping fl-rest_client_006_1 ... 
Stopping fl-rest_client_014_1 ... 
Stopping fl-rest_client_005_1 ... 
Stopping docker-tc            ... 
Stopping fl-rest_server_1     ... 
Stopping docker-tc            ... done
Stopping fl-rest_client_016_1 ... done
Stopping fl-rest_client_010_1 ... done
Stopping fl-rest_client_012_1 ... done
Stopping fl-rest_client_018_1 ... done
Stopping fl-rest_client_017_1 ... done
Stopping fl-rest_client_014_1 ... done
Stopping fl-rest_client_019_1 ... done
Stopping fl-rest_client_011_1 ... done
Stopping fl-rest_client_009_1 ... done
Stopping fl-rest_client_020_1 ... done
Stopping fl-rest_client_015_1 ... done
Stopping fl-rest_client_013_1 ... done
Stopping fl-rest_client_002_1 ... done
Stopping fl-rest_client_006_1 ... done
Stopping fl-rest_client_008_1 ... done
Stopping fl-rest_client_007_1 ... done
Stopping fl-rest_client_001_1 ... done
Stopping fl-rest_client_003_1 ... done
Stopping fl-rest_client_005_1 ... done
Stopping fl-rest_server_1     ... done
Aborting on container exit...
