using --exit-code-from implies --abort-on-container-exit
Creating fl-rest_server_1 ... 
Creating docker-tc        ... 
Creating docker-tc        ... done
Creating fl-rest_server_1 ... done
Creating fl-rest_client_009_1 ... 
Creating fl-rest_client_006_1 ... 
Creating fl-rest_client_010_1 ... 
Creating fl-rest_client_003_1 ... 
Creating fl-rest_client_020_1 ... 
Creating fl-rest_client_018_1 ... 
Creating fl-rest_client_005_1 ... 
Creating fl-rest_client_007_1 ... 
Creating fl-rest_client_013_1 ... 
Creating fl-rest_client_019_1 ... 
Creating fl-rest_client_017_1 ... 
Creating fl-rest_client_015_1 ... 
Creating fl-rest_client_016_1 ... 
Creating fl-rest_client_002_1 ... 
Creating fl-rest_client_012_1 ... 
Creating fl-rest_client_014_1 ... 
Creating fl-rest_client_001_1 ... 
Creating fl-rest_client_004_1 ... 
Creating fl-rest_client_008_1 ... 
Creating fl-rest_client_011_1 ... 
Creating fl-rest_client_020_1 ... done
Creating fl-rest_client_013_1 ... done
Creating fl-rest_client_014_1 ... done
Creating fl-rest_client_016_1 ... done
Creating fl-rest_client_010_1 ... done
Creating fl-rest_client_012_1 ... done
Creating fl-rest_client_005_1 ... done
Creating fl-rest_client_015_1 ... done
Creating fl-rest_client_009_1 ... done
Creating fl-rest_client_018_1 ... done
Creating fl-rest_client_003_1 ... done
Creating fl-rest_client_011_1 ... done
Creating fl-rest_client_007_1 ... done
Creating fl-rest_client_017_1 ... done
Creating fl-rest_client_006_1 ... done
Creating fl-rest_client_004_1 ... done
Creating fl-rest_client_019_1 ... done
Creating fl-rest_client_001_1 ... done
Creating fl-rest_client_008_1 ... done
Creating fl-rest_client_002_1 ... done
Attaching to docker-tc, fl-rest_server_1, fl-rest_client_020_1, fl-rest_client_013_1, fl-rest_client_014_1, fl-rest_client_016_1, fl-rest_client_010_1, fl-rest_client_012_1, fl-rest_client_005_1, fl-rest_client_015_1, fl-rest_client_009_1, fl-rest_client_018_1, fl-rest_client_003_1, fl-rest_client_011_1, fl-rest_client_007_1, fl-rest_client_017_1, fl-rest_client_006_1, fl-rest_client_004_1, fl-rest_client_019_1, fl-rest_client_001_1, fl-rest_client_008_1, fl-rest_client_002_1
[36mdocker-tc     |[0m [s6-init] making user provided files available at /var/run/s6/etc...exited 0.
[36mdocker-tc     |[0m [s6-init] ensuring user provided files have correct perms...exited 0.
[36mdocker-tc     |[0m [fix-attrs.d] applying ownership & permissions fixes...
[36mdocker-tc     |[0m [fix-attrs.d] done.
[36mdocker-tc     |[0m [cont-init.d] executing container initialization scripts...
[36mdocker-tc     |[0m [cont-init.d] 00-init: executing... 
[36mdocker-tc     |[0m [cont-init.d] 00-init: exited 0.
[36mdocker-tc     |[0m [cont-init.d] done.
[36mdocker-tc     |[0m [services.d] starting services
[36mdocker-tc     |[0m Starting HTTP server on 127.0.0.1:4080
[36mdocker-tc     |[0m Starting garbage collector
[36mdocker-tc     |[0m + exec hapttic -file /docker-tc/bin/httpd.sh -logErrors -host 127.0.0.1 -port 4080
[36mdocker-tc     |[0m [services.d] done.
[36mdocker-tc     |[0m 2026/01/27 12:28:26 Thanks for using hapttic v1.0.0
[36mdocker-tc     |[0m 2026/01/27 12:28:26 Listening on 127.0.0.1:4080
[36mdocker-tc     |[0m 2026/01/27 12:28:26 Forwarding requests to /docker-tc/bin/httpd.sh
[36mdocker-tc     |[0m 2026/01/27 12:28:26 Logging errors to stderr
[36mdocker-tc     |[0m 
[36mdocker-tc     |[0m  ____          _              _____         ___ ___ _        _____         _           _
[36mdocker-tc     |[0m |    \ ___ ___| |_ ___ ___   |_   _|___ ___|  _|  _|_|___   |     |___ ___| |_ ___ ___| |
[36mdocker-tc     |[0m |  |  | . |  _| '_| -_|  _|    | | |  _| .'|  _|  _| |  _|  |   --| . |   |  _|  _| . | |
[36mdocker-tc     |[0m |____/|___|___|_,_|___|_|      |_| |_| |__,|_| |_| |_|___|  |_____|___|_|_|_| |_| |___|_|
[36mdocker-tc     |[0m 
[36mdocker-tc     |[0m Starting Docker Traffic Control 18.12
[36mdocker-tc     |[0m https://github.com/lukaszlach/docker-tc
[36mdocker-tc     |[0m 
[36mdocker-tc     |[0m [2026-01-27T12:28:26+00:00] [e51a8f1eb016] Notice: Skipping container, service was disabled by label
[36mdocker-tc     |[0m [2026-01-27T12:28:26+00:00] [bd19146b9070] Notice: Skipping container, no valid labels found
[36mdocker-tc     |[0m [2026-01-27T12:28:26+00:00] [438bf01636a0] Notice: Skipping container, no valid labels found
[36mdocker-tc     |[0m [2026-01-27T12:28:26+00:00] [c314c85387cb] Notice: Skipping container, no valid labels found
[33mserver_1      |[0m TensorFlow installation not found - running with reduced feature set.
[36mdocker-tc     |[0m Error response from daemon: Container 3e4b2842dc618e2afe83311ecd360e727849572adbdf41474062df0f06f43f7f is restarting, wait until the container is running
[36mdocker-tc     |[0m [2026-01-27T12:28:27+00:00] [3e4b2842dc61] Warning: Network has no corresponding virtual network interface
[33mserver_1      |[0m 
[33mserver_1      |[0m NOTE: Using experimental fast data loading logic. To disable, pass
[33mserver_1      |[0m     "--load_fast=false" and report issues on GitHub. More details:
[33mserver_1      |[0m     https://github.com/tensorflow/tensorboard/issues/4784
[33mserver_1      |[0m 
[33mserver_1      |[0m TensorBoard 2.20.0 at http://0.0.0.0:6006/ (Press CTRL+C to quit)
[36mdocker-tc     |[0m [2026-01-27T12:28:27+00:00] [1444efeffe4f] Notice: Skipping container, no valid labels found
[36mdocker-tc     |[0m [2026-01-27T12:28:27+00:00] [bfef1505f354] Set delay=200ms, loss=1% on vethef4c266
[33mserver_1      |[0m INFO:__main__:Writing TensorBoard logs to: fl_logs/tensorboard/Cenario_C_Hibrido_Mu0.01_Alpha0.1_1228
[36mdocker-tc     |[0m [2026-01-27T12:28:27+00:00] [bfef1505f354] Set bandwidth-limit=5mbps on vethef4c266
[36mdocker-tc     |[0m [2026-01-27T12:28:27+00:00] [bfef1505f354] Controlling traffic of the container /fl-rest_client_020_1 on vethef4c266
[36mdocker-tc     |[0m [2026-01-27T12:28:27+00:00] [90b02d872278] Set delay=200ms, loss=1% on vetheffba54
[33mserver_1      |[0m INFO:__main__:Loading CIFAR-10 test dataset...
[36mdocker-tc     |[0m [2026-01-27T12:28:27+00:00] [90b02d872278] Set bandwidth-limit=5mbps on vetheffba54
[36mdocker-tc     |[0m [2026-01-27T12:28:27+00:00] [90b02d872278] Controlling traffic of the container /fl-rest_client_013_1 on vetheffba54
[36mdocker-tc     |[0m [2026-01-27T12:28:28+00:00] [17d42b573d38] Set delay=200ms, loss=1% on vethbdb7292
[36mdocker-tc     |[0m [2026-01-27T12:28:28+00:00] [17d42b573d38] Set bandwidth-limit=5mbps on vethbdb7292
[36mdocker-tc     |[0m [2026-01-27T12:28:28+00:00] [17d42b573d38] Controlling traffic of the container /fl-rest_client_014_1 on vethbdb7292
[36mdocker-tc     |[0m [2026-01-27T12:28:28+00:00] [1cf0df2924cb] Set delay=200ms, loss=1% on veth72b8666
[36mdocker-tc     |[0m [2026-01-27T12:28:28+00:00] [1cf0df2924cb] Set bandwidth-limit=5mbps on veth72b8666
[36mclient_020_1  |[0m 2026-01-27 12:28:28,308 - __main__ - INFO - --- Starting FL Client: client_020 ---
[33mserver_1      |[0m INFO:__main__:Test dataset loaded.
[33mserver_1      |[0m INFO:__main__:Initial model for round 0 created.
[33mserver_1      |[0m Files already downloaded and verified
[33mserver_1      |[0m  * Serving Flask app 'app'
[33mserver_1      |[0m  * Debug mode: off
[33mserver_1      |[0m INFO:werkzeug:[31m[1mWARNING: This is a development server. Do not use it in a production deployment. Use a production WSGI server instead.[0m
[33mserver_1      |[0m  * Running on all addresses (0.0.0.0)
[33mserver_1      |[0m  * Running on http://127.0.0.1:5000
[33mserver_1      |[0m  * Running on http://172.18.0.2:5000
[33mserver_1      |[0m INFO:werkzeug:[33mPress CTRL+C to quit[0m
[36mdocker-tc     |[0m [2026-01-27T12:28:28+00:00] [1cf0df2924cb] Controlling traffic of the container /fl-rest_client_016_1 on veth72b8666
[33;1mclient_016_1  |[0m 2026-01-27 12:28:28,526 - __main__ - INFO - --- Starting FL Client: client_016 ---
[36mdocker-tc     |[0m [2026-01-27T12:28:28+00:00] [8e580eb8432d] Set delay=20ms on veth574dcce
[36mdocker-tc     |[0m [2026-01-27T12:28:28+00:00] [8e580eb8432d] Set bandwidth-limit=1gbit on veth574dcce
[36mdocker-tc     |[0m [2026-01-27T12:28:28+00:00] [8e580eb8432d] Controlling traffic of the container /fl-rest_client_010_1 on veth574dcce
[36mclient_010_1  |[0m 2026-01-27 12:28:28,606 - __main__ - INFO - --- Starting FL Client: client_010 ---
[33mserver_1      |[0m INFO:__main__:Client client_010 registered.
[33mserver_1      |[0m INFO:__main__:--- Starting Round 0. Timeout: 300s ---
[34mclient_014_1  |[0m 2026-01-27 12:28:28,666 - __main__ - INFO - --- Starting FL Client: client_014 ---
[36mclient_010_1  |[0m 2026-01-27 12:28:28,680 - __main__ - INFO - ✅ Registered with server successfully.
[35mclient_013_1  |[0m 2026-01-27 12:28:28,695 - __main__ - INFO - --- Starting FL Client: client_013 ---
[33mserver_1      |[0m INFO:__main__:Client client_020 registered.
[36mdocker-tc     |[0m [2026-01-27T12:28:28+00:00] [30bad6a126d4] Set delay=200ms, loss=1% on veth9841688
[36mdocker-tc     |[0m [2026-01-27T12:28:28+00:00] [30bad6a126d4] Set bandwidth-limit=5mbps on veth9841688
[35;1mclient_018_1  |[0m 2026-01-27 12:28:28,830 - __main__ - INFO - --- Starting FL Client: client_018 ---
[33mserver_1      |[0m INFO:__main__:Client client_018 registered.
[36mdocker-tc     |[0m [2026-01-27T12:28:28+00:00] [30bad6a126d4] Controlling traffic of the container /fl-rest_client_012_1 on veth9841688
[35;1mclient_018_1  |[0m 2026-01-27 12:28:28,835 - __main__ - INFO - ✅ Registered with server successfully.
[33;1mclient_006_1  |[0m 2026-01-27 12:28:28,884 - __main__ - INFO - --- Starting FL Client: client_006 ---
[33mserver_1      |[0m INFO:__main__:Client client_006 registered.
[33;1mclient_006_1  |[0m 2026-01-27 12:28:28,888 - __main__ - INFO - ✅ Registered with server successfully.
[32mclient_012_1  |[0m 2026-01-27 12:28:28,896 - __main__ - INFO - --- Starting FL Client: client_012 ---
[36;1mclient_005_1  |[0m 2026-01-27 12:28:28,909 - __main__ - INFO - --- Starting FL Client: client_005 ---
[33mserver_1      |[0m INFO:__main__:Client client_005 registered.
[34;1mclient_009_1  |[0m 2026-01-27 12:28:28,913 - __main__ - INFO - --- Starting FL Client: client_009 ---
[36;1mclient_005_1  |[0m 2026-01-27 12:28:28,915 - __main__ - INFO - ✅ Registered with server successfully.
[33mserver_1      |[0m INFO:__main__:Client client_009 registered.
[34;1mclient_009_1  |[0m 2026-01-27 12:28:28,918 - __main__ - INFO - ✅ Registered with server successfully.
[36mclient_020_1  |[0m 2026-01-27 12:28:28,921 - __main__ - INFO - ✅ Registered with server successfully.
[36;1mclient_015_1  |[0m 2026-01-27 12:28:28,924 - __main__ - INFO - --- Starting FL Client: client_015 ---
[33mserver_1      |[0m INFO:__main__:Client client_015 registered.
[33mserver_1      |[0m INFO:__main__:Client client_016 registered.
[36;1mclient_015_1  |[0m 2026-01-27 12:28:28,929 - __main__ - INFO - ✅ Registered with server successfully.
[32;1mclient_017_1  |[0m 2026-01-27 12:28:28,963 - __main__ - INFO - --- Starting FL Client: client_017 ---
[33mserver_1      |[0m INFO:__main__:Client client_017 registered.
[32;1mclient_017_1  |[0m 2026-01-27 12:28:28,968 - __main__ - INFO - ✅ Registered with server successfully.
[33mclient_001_1  |[0m 2026-01-27 12:28:29,010 - __main__ - INFO - --- Starting FL Client: client_001 ---
[33mserver_1      |[0m INFO:__main__:Client client_001 registered.
[33mclient_001_1  |[0m 2026-01-27 12:28:29,014 - __main__ - INFO - ✅ Registered with server successfully.
[36mclient_010_1  |[0m 2026-01-27 12:28:29,039 - __main__ - INFO - --- New Round Detected: 0 ---
[33mserver_1      |[0m INFO:__main__:Client client_014 registered.
[33mserver_1      |[0m INFO:__main__:Client client_013 registered.
[36mdocker-tc     |[0m [2026-01-27T12:28:29+00:00] [a8db6524f99a] Set delay=20ms on vethb2d27b6
[36mdocker-tc     |[0m [2026-01-27T12:28:29+00:00] [a8db6524f99a] Set bandwidth-limit=1gbit on vethb2d27b6
[33mserver_1      |[0m INFO:werkzeug:172.18.0.7 - - [27/Jan/2026 12:28:29] "GET /download_model?round=0 HTTP/1.1" 200 -
[36mdocker-tc     |[0m [2026-01-27T12:28:29+00:00] [a8db6524f99a] Controlling traffic of the container /fl-rest_client_005_1 on vethb2d27b6
[35;1mclient_008_1  |[0m 2026-01-27 12:28:29,136 - __main__ - INFO - --- Starting FL Client: client_008 ---
[33;1mclient_016_1  |[0m 2026-01-27 12:28:29,139 - __main__ - INFO - ✅ Registered with server successfully.
[33mserver_1      |[0m INFO:__main__:Client client_008 registered.
[35;1mclient_008_1  |[0m 2026-01-27 12:28:29,143 - __main__ - INFO - ✅ Registered with server successfully.
[32mclient_002_1  |[0m 2026-01-27 12:28:29,172 - __main__ - INFO - --- Starting FL Client: client_002 ---
[33mserver_1      |[0m INFO:__main__:Client client_002 registered.
[32mclient_002_1  |[0m 2026-01-27 12:28:29,179 - __main__ - INFO - ✅ Registered with server successfully.
[35;1mclient_018_1  |[0m 2026-01-27 12:28:29,241 - __main__ - INFO - --- New Round Detected: 0 ---
[33mserver_1      |[0m INFO:werkzeug:172.18.0.12 - - [27/Jan/2026 12:28:29] "GET /download_model?round=0 HTTP/1.1" 200 -
[34mclient_014_1  |[0m 2026-01-27 12:28:29,259 - __main__ - INFO - ✅ Registered with server successfully.
[35mclient_013_1  |[0m 2026-01-27 12:28:29,259 - __main__ - INFO - ✅ Registered with server successfully.
[35mclient_003_1  |[0m 2026-01-27 12:28:29,259 - __main__ - INFO - --- Starting FL Client: client_003 ---
[33mclient_011_1  |[0m 2026-01-27 12:28:29,263 - __main__ - INFO - --- Starting FL Client: client_011 ---
[33mserver_1      |[0m INFO:__main__:Client client_003 registered.
[33mserver_1      |[0m INFO:__main__:Client client_011 registered.
[35mclient_003_1  |[0m 2026-01-27 12:28:29,269 - __main__ - INFO - ✅ Registered with server successfully.
[33mclient_011_1  |[0m 2026-01-27 12:28:29,270 - __main__ - INFO - ✅ Registered with server successfully.
[34;1mclient_009_1  |[0m 2026-01-27 12:28:29,286 - __main__ - INFO - --- New Round Detected: 0 ---
[33mserver_1      |[0m INFO:werkzeug:172.18.0.11 - - [27/Jan/2026 12:28:29] "GET /download_model?round=0 HTTP/1.1" 200 -
[33;1mclient_006_1  |[0m 2026-01-27 12:28:29,291 - __main__ - INFO - --- New Round Detected: 0 ---
[33mserver_1      |[0m INFO:werkzeug:172.18.0.17 - - [27/Jan/2026 12:28:29] "GET /download_model?round=0 HTTP/1.1" 200 -
[33mserver_1      |[0m INFO:__main__:Client client_012 registered.
[36;1mclient_015_1  |[0m 2026-01-27 12:28:29,320 - __main__ - INFO - --- New Round Detected: 0 ---
[33mserver_1      |[0m INFO:werkzeug:172.18.0.10 - - [27/Jan/2026 12:28:29] "GET /download_model?round=0 HTTP/1.1" 200 -
[34;1mclient_019_1  |[0m 2026-01-27 12:28:29,372 - __main__ - INFO - --- Starting FL Client: client_019 ---
[33mclient_001_1  |[0m 2026-01-27 12:28:29,378 - __main__ - INFO - --- New Round Detected: 0 ---
[33mserver_1      |[0m INFO:werkzeug:172.18.0.20 - - [27/Jan/2026 12:28:29] "GET /download_model?round=0 HTTP/1.1" 200 -
[34;1mclient_019_1  |[0m 2026-01-27 12:28:29,394 - __main__ - INFO - ✅ Registered with server successfully.
[32;1mclient_017_1  |[0m 2026-01-27 12:28:29,402 - __main__ - INFO - --- New Round Detected: 0 ---
[33mserver_1      |[0m INFO:__main__:Client client_019 registered.
[33mserver_1      |[0m INFO:werkzeug:172.18.0.16 - - [27/Jan/2026 12:28:29] "GET /download_model?round=0 HTTP/1.1" 200 -
[36mdocker-tc     |[0m [2026-01-27T12:28:29+00:00] [b312b4c2b865] Set delay=200ms, loss=1% on vethb618fec
[32;1mclient_007_1  |[0m 2026-01-27 12:28:29,432 - __main__ - INFO - --- Starting FL Client: client_007 ---
[33mserver_1      |[0m INFO:__main__:Client client_007 registered.
[32;1mclient_007_1  |[0m 2026-01-27 12:28:29,436 - __main__ - INFO - ✅ Registered with server successfully.
[36mdocker-tc     |[0m [2026-01-27T12:28:29+00:00] [b312b4c2b865] Set bandwidth-limit=5mbps on vethb618fec
[36mdocker-tc     |[0m [2026-01-27T12:28:29+00:00] [b312b4c2b865] Controlling traffic of the container /fl-rest_client_015_1 on vethb618fec
[36;1mclient_005_1  |[0m 2026-01-27 12:28:29,501 - __main__ - INFO - --- New Round Detected: 0 ---
[32mclient_012_1  |[0m 2026-01-27 12:28:29,513 - __main__ - INFO - ✅ Registered with server successfully.
[33mserver_1      |[0m INFO:werkzeug:172.18.0.9 - - [27/Jan/2026 12:28:29] "GET /download_model?round=0 HTTP/1.1" 200 -
[34mclient_004_1  |[0m 2026-01-27 12:28:29,577 - __main__ - INFO - --- Starting FL Client: client_004 ---
[33mserver_1      |[0m INFO:__main__:Client client_004 registered.
[34mclient_004_1  |[0m 2026-01-27 12:28:29,597 - __main__ - INFO - ✅ Registered with server successfully.
[35;1mclient_008_1  |[0m 2026-01-27 12:28:29,742 - __main__ - INFO - --- New Round Detected: 0 ---
[33mserver_1      |[0m INFO:werkzeug:172.18.0.21 - - [27/Jan/2026 12:28:29] "GET /download_model?round=0 HTTP/1.1" 200 -
[36mclient_020_1  |[0m 2026-01-27 12:28:29,750 - __main__ - INFO - --- New Round Detected: 0 ---
[36mdocker-tc     |[0m [2026-01-27T12:28:29+00:00] [2e42fe5b18ee] Set delay=20ms on veth67fa19b
[36mdocker-tc     |[0m [2026-01-27T12:28:29+00:00] [2e42fe5b18ee] Set bandwidth-limit=1gbit on veth67fa19b
[33mclient_011_1  |[0m 2026-01-27 12:28:29,785 - __main__ - INFO - --- New Round Detected: 0 ---
[33mserver_1      |[0m INFO:werkzeug:172.18.0.14 - - [27/Jan/2026 12:28:29] "GET /download_model?round=0 HTTP/1.1" 200 -
[36mdocker-tc     |[0m [2026-01-27T12:28:29+00:00] [2e42fe5b18ee] Controlling traffic of the container /fl-rest_client_009_1 on veth67fa19b
[35mclient_003_1  |[0m 2026-01-27 12:28:29,846 - __main__ - INFO - --- New Round Detected: 0 ---
[33mserver_1      |[0m INFO:werkzeug:172.18.0.13 - - [27/Jan/2026 12:28:29] "GET /download_model?round=0 HTTP/1.1" 200 -
[32mclient_002_1  |[0m 2026-01-27 12:28:29,851 - __main__ - INFO - --- New Round Detected: 0 ---
[33mserver_1      |[0m INFO:werkzeug:172.18.0.22 - - [27/Jan/2026 12:28:29] "GET /download_model?round=0 HTTP/1.1" 200 -
[32;1mclient_007_1  |[0m 2026-01-27 12:28:29,946 - __main__ - INFO - --- New Round Detected: 0 ---
[33mserver_1      |[0m INFO:werkzeug:172.18.0.15 - - [27/Jan/2026 12:28:29] "GET /download_model?round=0 HTTP/1.1" 200 -
[33mserver_1      |[0m INFO:werkzeug:172.18.0.3 - - [27/Jan/2026 12:28:29] "GET /download_model?round=0 HTTP/1.1" 200 -
[34;1mclient_019_1  |[0m 2026-01-27 12:28:29,965 - __main__ - INFO - --- New Round Detected: 0 ---
[33mserver_1      |[0m INFO:werkzeug:172.18.0.19 - - [27/Jan/2026 12:28:29] "GET /download_model?round=0 HTTP/1.1" 200 -
[33;1mclient_016_1  |[0m 2026-01-27 12:28:30,117 - __main__ - INFO - --- New Round Detected: 0 ---
[36mdocker-tc     |[0m [2026-01-27T12:28:30+00:00] [4279d2b53532] Set delay=200ms, loss=1% on veth5903205
[36mdocker-tc     |[0m [2026-01-27T12:28:30+00:00] [4279d2b53532] Set bandwidth-limit=5mbps on veth5903205
[36mdocker-tc     |[0m [2026-01-27T12:28:30+00:00] [4279d2b53532] Controlling traffic of the container /fl-rest_client_018_1 on veth5903205
[34mclient_014_1  |[0m 2026-01-27 12:28:30,255 - __main__ - INFO - --- New Round Detected: 0 ---
[34mclient_004_1  |[0m 2026-01-27 12:28:30,314 - __main__ - INFO - --- New Round Detected: 0 ---
[33mserver_1      |[0m INFO:werkzeug:172.18.0.18 - - [27/Jan/2026 12:28:30] "GET /download_model?round=0 HTTP/1.1" 200 -
[33mserver_1      |[0m INFO:werkzeug:172.18.0.6 - - [27/Jan/2026 12:28:30] "GET /download_model?round=0 HTTP/1.1" 200 -
[33;1mclient_006_1  |[0m 2026-01-27 12:28:30,349 - __main__ - INFO - Round 0 finished. Loss: 2.2598, Acc: 35.71%
[33mserver_1      |[0m INFO:__main__:Received update from client_006
[33mserver_1      |[0m INFO:werkzeug:172.18.0.17 - - [27/Jan/2026 12:28:30] "POST /submit_update HTTP/1.1" 200 -
[33;1mclient_006_1  |[0m 2026-01-27 12:28:30,356 - __main__ - INFO - 🚀 Model update submitted successfully.
[33;1mclient_006_1  |[0m 2026-01-27 12:28:30,357 - __main__ - INFO - Update submitted for Round 0. Waiting...
[32mclient_012_1  |[0m 2026-01-27 12:28:30,361 - __main__ - INFO - --- New Round Detected: 0 ---
[35mclient_013_1  |[0m 2026-01-27 12:28:30,367 - __main__ - INFO - --- New Round Detected: 0 ---
[33mserver_1      |[0m INFO:werkzeug:172.18.0.5 - - [27/Jan/2026 12:28:30] "GET /download_model?round=0 HTTP/1.1" 200 -
[36mclient_010_1  |[0m 2026-01-27 12:28:30,478 - __main__ - INFO - Round 0 finished. Loss: 0.1607, Acc: 97.91%
[36mdocker-tc     |[0m [2026-01-27T12:28:30+00:00] [0a28806f7db9] Set delay=20ms on vethea996a8
[36mdocker-tc     |[0m [2026-01-27T12:28:30+00:00] [0a28806f7db9] Set bandwidth-limit=1gbit on vethea996a8
[33mserver_1      |[0m INFO:werkzeug:172.18.0.4 - - [27/Jan/2026 12:28:30] "GET /download_model?round=0 HTTP/1.1" 200 -
[33mserver_1      |[0m INFO:werkzeug:172.18.0.8 - - [27/Jan/2026 12:28:30] "GET /download_model?round=0 HTTP/1.1" 200 -
[33mserver_1      |[0m INFO:__main__:Received update from client_010
[33mserver_1      |[0m INFO:werkzeug:172.18.0.7 - - [27/Jan/2026 12:28:30] "POST /submit_update HTTP/1.1" 200 -
[36mclient_010_1  |[0m 2026-01-27 12:28:30,613 - __main__ - INFO - 🚀 Model update submitted successfully.
[36mclient_010_1  |[0m 2026-01-27 12:28:30,613 - __main__ - INFO - Update submitted for Round 0. Waiting...
[36mdocker-tc     |[0m [2026-01-27T12:28:30+00:00] [0a28806f7db9] Controlling traffic of the container /fl-rest_client_003_1 on vethea996a8
[32;1mclient_007_1  |[0m 2026-01-27 12:28:31,095 - __main__ - INFO - Round 0 finished. Loss: 0.9226, Acc: 54.03%
[33mserver_1      |[0m INFO:__main__:Received update from client_007
[33mserver_1      |[0m INFO:werkzeug:172.18.0.15 - - [27/Jan/2026 12:28:31] "POST /submit_update HTTP/1.1" 200 -
[32;1mclient_007_1  |[0m 2026-01-27 12:28:31,100 - __main__ - INFO - 🚀 Model update submitted successfully.
[32;1mclient_007_1  |[0m 2026-01-27 12:28:31,101 - __main__ - INFO - Update submitted for Round 0. Waiting...
[36mdocker-tc     |[0m [2026-01-27T12:28:31+00:00] [185d59c02c60] Set delay=200ms, loss=1% on veth5c14d75
[36mdocker-tc     |[0m [2026-01-27T12:28:31+00:00] [185d59c02c60] Set bandwidth-limit=5mbps on veth5c14d75
[33mclient_001_1  |[0m 2026-01-27 12:28:31,209 - __main__ - INFO - Round 0 finished. Loss: 0.1992, Acc: 96.12%
[33mserver_1      |[0m INFO:__main__:Received update from client_001
[33mserver_1      |[0m INFO:werkzeug:172.18.0.20 - - [27/Jan/2026 12:28:31] "POST /submit_update HTTP/1.1" 200 -
[33mclient_001_1  |[0m 2026-01-27 12:28:31,218 - __main__ - INFO - 🚀 Model update submitted successfully.
[33mclient_001_1  |[0m 2026-01-27 12:28:31,218 - __main__ - INFO - Update submitted for Round 0. Waiting...
[36mdocker-tc     |[0m [2026-01-27T12:28:31+00:00] [185d59c02c60] Controlling traffic of the container /fl-rest_client_011_1 on veth5c14d75
[36mdocker-tc     |[0m [2026-01-27T12:28:31+00:00] [810979f4e9d8] Set delay=20ms on vethfd209fb
[36mdocker-tc     |[0m [2026-01-27T12:28:31+00:00] [810979f4e9d8] Set bandwidth-limit=1gbit on vethfd209fb
[36mdocker-tc     |[0m [2026-01-27T12:28:31+00:00] [810979f4e9d8] Controlling traffic of the container /fl-rest_client_007_1 on vethfd209fb
[36mdocker-tc     |[0m [2026-01-27T12:28:32+00:00] [1c947c121eb3] Set delay=200ms, loss=1% on veth3bf9cc5
[36mdocker-tc     |[0m [2026-01-27T12:28:32+00:00] [1c947c121eb3] Set bandwidth-limit=5mbps on veth3bf9cc5
[32mclient_002_1  |[0m 2026-01-27 12:28:32,200 - __main__ - INFO - Round 0 finished. Loss: 0.4407, Acc: 87.06%
[33mserver_1      |[0m INFO:__main__:Received update from client_002
[33mserver_1      |[0m INFO:__main__:--- Aggregating 5 updates ---
[33mserver_1      |[0m INFO:__main__:⚡ Using Custom Aggregator with Drift Metric...
[33mserver_1      |[0m INFO:server.aggregator:Starting FedAvg aggregation for 5 clients.
[36mdocker-tc     |[0m [2026-01-27T12:28:32+00:00] [1c947c121eb3] Controlling traffic of the container /fl-rest_client_017_1 on veth3bf9cc5
[35;1mclient_008_1  |[0m 2026-01-27 12:28:32,695 - __main__ - INFO - Round 0 finished. Loss: 0.1054, Acc: 97.93%
[35;1mclient_008_1  |[0m 2026-01-27 12:28:32,699 - __main__ - ERROR - Update submission failed: {"error":"Not accepting updates"}
[35;1mclient_008_1  |[0m 
[35;1mclient_008_1  |[0m 2026-01-27 12:28:32,699 - __main__ - INFO - Update submitted for Round 0. Waiting...
[33mserver_1      |[0m INFO:werkzeug:172.18.0.21 - - [27/Jan/2026 12:28:32] "[31m[1mPOST /submit_update HTTP/1.1[0m" 400 -
[36mdocker-tc     |[0m [2026-01-27T12:28:32+00:00] [58c333bfe44a] Set delay=20ms on veth64e459e
[36mdocker-tc     |[0m [2026-01-27T12:28:32+00:00] [58c333bfe44a] Set bandwidth-limit=1gbit on veth64e459e
[36mdocker-tc     |[0m [2026-01-27T12:28:32+00:00] [58c333bfe44a] Controlling traffic of the container /fl-rest_client_006_1 on veth64e459e
[34;1mclient_009_1  |[0m 2026-01-27 12:28:33,159 - __main__ - INFO - Round 0 finished. Loss: 1.1244, Acc: 59.60%
[33mserver_1      |[0m INFO:werkzeug:172.18.0.11 - - [27/Jan/2026 12:28:33] "[31m[1mPOST /submit_update HTTP/1.1[0m" 400 -
[34;1mclient_009_1  |[0m 2026-01-27 12:28:33,259 - __main__ - ERROR - Update submission failed: {"error":"Not accepting updates"}
[34;1mclient_009_1  |[0m 
[34;1mclient_009_1  |[0m 2026-01-27 12:28:33,260 - __main__ - INFO - Update submitted for Round 0. Waiting...
[36mdocker-tc     |[0m [2026-01-27T12:28:33+00:00] [c0cc8e69976f] Set delay=20ms on veth032cc34
[36mdocker-tc     |[0m [2026-01-27T12:28:33+00:00] [c0cc8e69976f] Set bandwidth-limit=1gbit on veth032cc34
[36mdocker-tc     |[0m [2026-01-27T12:28:33+00:00] [c0cc8e69976f] Controlling traffic of the container /fl-rest_client_004_1 on veth032cc34
[36;1mclient_005_1  |[0m 2026-01-27 12:28:33,401 - __main__ - INFO - Round 0 finished. Loss: 0.3705, Acc: 89.06%
[33mserver_1      |[0m INFO:werkzeug:172.18.0.9 - - [27/Jan/2026 12:28:33] "[31m[1mPOST /submit_update HTTP/1.1[0m" 400 -
[36;1mclient_005_1  |[0m 2026-01-27 12:28:33,472 - __main__ - ERROR - Update submission failed: {"error":"Not accepting updates"}
[36;1mclient_005_1  |[0m 
[36;1mclient_005_1  |[0m 2026-01-27 12:28:33,472 - __main__ - INFO - Update submitted for Round 0. Waiting...
[36mdocker-tc     |[0m [2026-01-27T12:28:33+00:00] [a7a20610fe9e] Set delay=200ms, loss=1% on vethe48c81c
[36mdocker-tc     |[0m [2026-01-27T12:28:33+00:00] [a7a20610fe9e] Set bandwidth-limit=5mbps on vethe48c81c
[36mdocker-tc     |[0m [2026-01-27T12:28:33+00:00] [a7a20610fe9e] Controlling traffic of the container /fl-rest_client_019_1 on vethe48c81c
[33mserver_1      |[0m INFO:server.aggregator:--- [METRIC] Weight Divergence: 0.8955
[33mserver_1      |[0m INFO:server.aggregator:FedAvg aggregation complete.
[33mserver_1      |[0m INFO:__main__:Aggregation complete.
[36mdocker-tc     |[0m [2026-01-27T12:28:34+00:00] [5ad974057770] Set delay=20ms on veth5e3afd5
[36mdocker-tc     |[0m [2026-01-27T12:28:34+00:00] [5ad974057770] Set bandwidth-limit=1gbit on veth5e3afd5
[36mdocker-tc     |[0m [2026-01-27T12:28:34+00:00] [5ad974057770] Controlling traffic of the container /fl-rest_client_001_1 on veth5e3afd5
[33mserver_1      |[0m ⏱️ [TIME] Client client_006 finished training in 0.60s
[33mserver_1      |[0m ⏱️ [TIME] Client client_010 finished training in 1.10s
[33mserver_1      |[0m ⏱️ [TIME] Client client_007 finished training in 0.57s
[33mserver_1      |[0m ⏱️ [TIME] Client client_001 finished training in 1.25s
[33mserver_1      |[0m ⏱️ [TIME] Client client_002 finished training in 1.67s
[33mserver_1      |[0m DEBUG: ⚠️ MY CUSTOM AGGREGATOR IS RUNNING ⚠️
[36mdocker-tc     |[0m [2026-01-27T12:28:34+00:00] [5aede9951b34] Set delay=20ms on vethdd4bf3f
[36mdocker-tc     |[0m [2026-01-27T12:28:34+00:00] [5aede9951b34] Set bandwidth-limit=1gbit on vethdd4bf3f
[36mdocker-tc     |[0m [2026-01-27T12:28:34+00:00] [5aede9951b34] Controlling traffic of the container /fl-rest_client_008_1 on vethdd4bf3f
[36mdocker-tc     |[0m [2026-01-27T12:28:35+00:00] [453d59c66873] Set delay=20ms on veth86f0da4
[36mdocker-tc     |[0m [2026-01-27T12:28:35+00:00] [453d59c66873] Set bandwidth-limit=1gbit on veth86f0da4
[36mdocker-tc     |[0m [2026-01-27T12:28:35+00:00] [453d59c66873] Controlling traffic of the container /fl-rest_client_002_1 on veth86f0da4
[33mserver_1      |[0m INFO:__main__:--- Round 0 Acc: 10.00%, Loss: 4.8008 ---
[33mserver_1      |[0m INFO:__main__:--- Starting Round 1. Timeout: 300s ---
[33mserver_1      |[0m INFO:werkzeug:172.18.0.22 - - [27/Jan/2026 12:28:35] "POST /submit_update HTTP/1.1" 200 -
[32mclient_002_1  |[0m 2026-01-27 12:28:35,654 - __main__ - INFO - 🚀 Model update submitted successfully.
[32mclient_002_1  |[0m 2026-01-27 12:28:35,654 - __main__ - INFO - Update submitted for Round 0. Waiting...
[34mclient_004_1  |[0m 2026-01-27 12:28:38,666 - __main__ - INFO - Round 0 finished. Loss: 0.9988, Acc: 60.40%
[33mserver_1      |[0m INFO:__main__:Received update from client_004
[33mserver_1      |[0m INFO:werkzeug:172.18.0.18 - - [27/Jan/2026 12:28:38] "POST /submit_update HTTP/1.1" 200 -
[34mclient_004_1  |[0m 2026-01-27 12:28:38,802 - __main__ - INFO - 🚀 Model update submitted successfully.
[34mclient_004_1  |[0m 2026-01-27 12:28:38,803 - __main__ - INFO - Update submitted for Round 0. Waiting...
[33;1mclient_006_1  |[0m 2026-01-27 12:28:40,436 - __main__ - INFO - --- New Round Detected: 1 ---
[33mserver_1      |[0m INFO:werkzeug:172.18.0.17 - - [27/Jan/2026 12:28:40] "GET /download_model?round=1 HTTP/1.1" 200 -
[33;1mclient_006_1  |[0m 2026-01-27 12:28:40,593 - __main__ - INFO - Round 1 finished. Loss: 4.5058, Acc: 0.00%
[36mclient_010_1  |[0m 2026-01-27 12:28:40,676 - __main__ - INFO - --- New Round Detected: 1 ---
[33mserver_1      |[0m INFO:__main__:Received update from client_006
[33mserver_1      |[0m INFO:werkzeug:172.18.0.17 - - [27/Jan/2026 12:28:40] "POST /submit_update HTTP/1.1" 200 -
[33mserver_1      |[0m INFO:werkzeug:172.18.0.7 - - [27/Jan/2026 12:28:40] "GET /download_model?round=1 HTTP/1.1" 200 -
[33;1mclient_006_1  |[0m 2026-01-27 12:28:40,727 - __main__ - INFO - 🚀 Model update submitted successfully.
[33;1mclient_006_1  |[0m 2026-01-27 12:28:40,727 - __main__ - INFO - Update submitted for Round 1. Waiting...
[32;1mclient_007_1  |[0m 2026-01-27 12:28:41,173 - __main__ - INFO - --- New Round Detected: 1 ---
[33mserver_1      |[0m INFO:werkzeug:172.18.0.15 - - [27/Jan/2026 12:28:41] "GET /download_model?round=1 HTTP/1.1" 200 -
[33mclient_001_1  |[0m 2026-01-27 12:28:41,280 - __main__ - INFO - --- New Round Detected: 1 ---
[33mserver_1      |[0m INFO:werkzeug:172.18.0.20 - - [27/Jan/2026 12:28:41] "GET /download_model?round=1 HTTP/1.1" 200 -
[36mclient_010_1  |[0m 2026-01-27 12:28:41,395 - __main__ - INFO - Round 1 finished. Loss: 0.1171, Acc: 97.91%
[33mserver_1      |[0m INFO:__main__:Received update from client_010
[33mserver_1      |[0m INFO:werkzeug:172.18.0.7 - - [27/Jan/2026 12:28:41] "POST /submit_update HTTP/1.1" 200 -
[36mclient_010_1  |[0m 2026-01-27 12:28:41,549 - __main__ - INFO - 🚀 Model update submitted successfully.
[36mclient_010_1  |[0m 2026-01-27 12:28:41,549 - __main__ - INFO - Update submitted for Round 1. Waiting...
[32;1mclient_007_1  |[0m 2026-01-27 12:28:41,776 - __main__ - INFO - Round 1 finished. Loss: 1.1362, Acc: 55.13%
[33mserver_1      |[0m INFO:__main__:Received update from client_007
[33mserver_1      |[0m INFO:werkzeug:172.18.0.15 - - [27/Jan/2026 12:28:41] "POST /submit_update HTTP/1.1" 200 -
[32;1mclient_007_1  |[0m 2026-01-27 12:28:41,913 - __main__ - INFO - 🚀 Model update submitted successfully.
[32;1mclient_007_1  |[0m 2026-01-27 12:28:41,914 - __main__ - INFO - Update submitted for Round 1. Waiting...
[33mclient_001_1  |[0m 2026-01-27 12:28:42,056 - __main__ - INFO - Round 1 finished. Loss: 0.1969, Acc: 96.12%
[33mserver_1      |[0m INFO:__main__:Received update from client_001
[33mserver_1      |[0m INFO:__main__:--- Aggregating 5 updates ---
[33mserver_1      |[0m INFO:__main__:⚡ Using Custom Aggregator with Drift Metric...
[33mserver_1      |[0m INFO:server.aggregator:Starting FedAvg aggregation for 5 clients.
[35;1mclient_008_1  |[0m 2026-01-27 12:28:42,764 - __main__ - INFO - --- New Round Detected: 1 ---
[33mserver_1      |[0m INFO:werkzeug:172.18.0.21 - - [27/Jan/2026 12:28:42] "GET /download_model?round=1 HTTP/1.1" 200 -
[34;1mclient_009_1  |[0m 2026-01-27 12:28:43,326 - __main__ - INFO - --- New Round Detected: 1 ---
[33mserver_1      |[0m INFO:werkzeug:172.18.0.11 - - [27/Jan/2026 12:28:43] "GET /download_model?round=1 HTTP/1.1" 200 -
[33mserver_1      |[0m INFO:server.aggregator:--- [METRIC] Weight Divergence: 1.9275
[33mserver_1      |[0m INFO:server.aggregator:FedAvg aggregation complete.
[33mserver_1      |[0m INFO:__main__:Aggregation complete.
[33mserver_1      |[0m ⏱️ [TIME] Client client_004 finished training in 7.91s
[33mserver_1      |[0m ⏱️ [TIME] Client client_006 finished training in 0.03s
[33mserver_1      |[0m ⏱️ [TIME] Client client_010 finished training in 0.59s
[33mserver_1      |[0m ⏱️ [TIME] Client client_007 finished training in 0.47s
[33mserver_1      |[0m ⏱️ [TIME] Client client_001 finished training in 0.65s
[33mserver_1      |[0m DEBUG: ⚠️ MY CUSTOM AGGREGATOR IS RUNNING ⚠️
[36;1mclient_005_1  |[0m 2026-01-27 12:28:43,562 - __main__ - INFO - --- New Round Detected: 1 ---
[33mserver_1      |[0m INFO:werkzeug:172.18.0.9 - - [27/Jan/2026 12:28:43] "GET /download_model?round=1 HTTP/1.1" 200 -
[33mserver_1      |[0m INFO:__main__:--- Round 1 Acc: 24.29%, Loss: 2.5271 ---
[33mserver_1      |[0m INFO:__main__:--- Starting Round 2. Timeout: 300s ---
[33mserver_1      |[0m INFO:werkzeug:172.18.0.20 - - [27/Jan/2026 12:28:44] "POST /submit_update HTTP/1.1" 200 -
[33mclient_001_1  |[0m 2026-01-27 12:28:44,367 - __main__ - INFO - 🚀 Model update submitted successfully.
[33mclient_001_1  |[0m 2026-01-27 12:28:44,367 - __main__ - INFO - Update submitted for Round 1. Waiting...
[35;1mclient_008_1  |[0m 2026-01-27 12:28:44,570 - __main__ - INFO - Round 1 finished. Loss: 0.5000, Acc: 97.93%
[33mserver_1      |[0m INFO:__main__:Received update from client_008
[33mserver_1      |[0m INFO:werkzeug:172.18.0.21 - - [27/Jan/2026 12:28:44] "POST /submit_update HTTP/1.1" 200 -
[35;1mclient_008_1  |[0m 2026-01-27 12:28:44,705 - __main__ - INFO - 🚀 Model update submitted successfully.
[35;1mclient_008_1  |[0m 2026-01-27 12:28:44,705 - __main__ - INFO - Update submitted for Round 1. Waiting...
[36;1mclient_005_1  |[0m 2026-01-27 12:28:45,392 - __main__ - INFO - Round 1 finished. Loss: 0.7408, Acc: 89.06%
[33mserver_1      |[0m INFO:__main__:Received update from client_005
[33mserver_1      |[0m INFO:werkzeug:172.18.0.9 - - [27/Jan/2026 12:28:45] "POST /submit_update HTTP/1.1" 200 -
[36;1mclient_005_1  |[0m 2026-01-27 12:28:45,528 - __main__ - INFO - 🚀 Model update submitted successfully.
[36;1mclient_005_1  |[0m 2026-01-27 12:28:45,528 - __main__ - INFO - Update submitted for Round 1. Waiting...
[32mclient_002_1  |[0m 2026-01-27 12:28:45,717 - __main__ - INFO - --- New Round Detected: 2 ---
[33mserver_1      |[0m INFO:werkzeug:172.18.0.22 - - [27/Jan/2026 12:28:45] "GET /download_model?round=2 HTTP/1.1" 200 -
[34;1mclient_009_1  |[0m 2026-01-27 12:28:45,753 - __main__ - INFO - Round 1 finished. Loss: 1.2831, Acc: 61.30%
[35mclient_003_1  |[0m 2026-01-27 12:28:45,808 - __main__ - INFO - Round 0 finished. Loss: 1.0158, Acc: 65.55%
[33mserver_1      |[0m INFO:__main__:Received update from client_009
[33mserver_1      |[0m INFO:werkzeug:172.18.0.11 - - [27/Jan/2026 12:28:45] "POST /submit_update HTTP/1.1" 200 -
[34;1mclient_009_1  |[0m 2026-01-27 12:28:45,909 - __main__ - INFO - 🚀 Model update submitted successfully.
[34;1mclient_009_1  |[0m 2026-01-27 12:28:45,910 - __main__ - INFO - Update submitted for Round 1. Waiting...
[33mserver_1      |[0m INFO:__main__:Received update from client_003
[33mserver_1      |[0m INFO:werkzeug:172.18.0.13 - - [27/Jan/2026 12:28:45] "POST /submit_update HTTP/1.1" 200 -
[35mclient_003_1  |[0m 2026-01-27 12:28:45,943 - __main__ - INFO - 🚀 Model update submitted successfully.
[35mclient_003_1  |[0m 2026-01-27 12:28:45,943 - __main__ - INFO - Update submitted for Round 0. Waiting...
[32mclient_002_1  |[0m 2026-01-27 12:28:47,764 - __main__ - INFO - Round 2 finished. Loss: 0.5480, Acc: 89.43%
[33mserver_1      |[0m INFO:__main__:Received update from client_002
[33mserver_1      |[0m INFO:__main__:--- Aggregating 5 updates ---
[33mserver_1      |[0m INFO:__main__:⚡ Using Custom Aggregator with Drift Metric...
[33mserver_1      |[0m INFO:server.aggregator:Starting FedAvg aggregation for 5 clients.
[34mclient_004_1  |[0m 2026-01-27 12:28:48,881 - __main__ - INFO - --- New Round Detected: 2 ---
[33mserver_1      |[0m INFO:werkzeug:172.18.0.18 - - [27/Jan/2026 12:28:48] "GET /download_model?round=2 HTTP/1.1" 200 -
[33mserver_1      |[0m INFO:server.aggregator:--- [METRIC] Weight Divergence: 2.3269
[33mserver_1      |[0m INFO:server.aggregator:FedAvg aggregation complete.
[33mserver_1      |[0m INFO:__main__:Aggregation complete.
[33mserver_1      |[0m ⏱️ [TIME] Client client_008 finished training in 1.68s
[33mserver_1      |[0m ⏱️ [TIME] Client client_005 finished training in 1.60s
[33mserver_1      |[0m ⏱️ [TIME] Client client_009 finished training in 2.28s
[33mserver_1      |[0m ⏱️ [TIME] Client client_003 finished training in 15.25s
[33mserver_1      |[0m ⏱️ [TIME] Client client_002 finished training in 1.92s
[33mserver_1      |[0m DEBUG: ⚠️ MY CUSTOM AGGREGATOR IS RUNNING ⚠️
[33mserver_1      |[0m INFO:__main__:--- Round 2 Acc: 11.48%, Loss: 2.3979 ---
[33mserver_1      |[0m INFO:__main__:--- Starting Round 3. Timeout: 300s ---
[33mserver_1      |[0m INFO:werkzeug:172.18.0.22 - - [27/Jan/2026 12:28:50] "POST /submit_update HTTP/1.1" 200 -
[32mclient_002_1  |[0m 2026-01-27 12:28:50,675 - __main__ - INFO - 🚀 Model update submitted successfully.
[32mclient_002_1  |[0m 2026-01-27 12:28:50,676 - __main__ - INFO - Update submitted for Round 2. Waiting...
[33;1mclient_006_1  |[0m 2026-01-27 12:28:50,788 - __main__ - INFO - --- New Round Detected: 3 ---
[33mserver_1      |[0m INFO:werkzeug:172.18.0.17 - - [27/Jan/2026 12:28:50] "GET /download_model?round=3 HTTP/1.1" 200 -
[33;1mclient_006_1  |[0m 2026-01-27 12:28:50,931 - __main__ - INFO - Round 3 finished. Loss: 2.0794, Acc: 28.57%
[33mserver_1      |[0m INFO:__main__:Received update from client_006
[33mserver_1      |[0m INFO:werkzeug:172.18.0.17 - - [27/Jan/2026 12:28:51] "POST /submit_update HTTP/1.1" 200 -
[33;1mclient_006_1  |[0m 2026-01-27 12:28:51,067 - __main__ - INFO - 🚀 Model update submitted successfully.
[33;1mclient_006_1  |[0m 2026-01-27 12:28:51,067 - __main__ - INFO - Update submitted for Round 3. Waiting...
[36mclient_010_1  |[0m 2026-01-27 12:28:51,626 - __main__ - INFO - --- New Round Detected: 3 ---
[33mserver_1      |[0m INFO:werkzeug:172.18.0.7 - - [27/Jan/2026 12:28:51] "GET /download_model?round=3 HTTP/1.1" 200 -
[32;1mclient_007_1  |[0m 2026-01-27 12:28:51,975 - __main__ - INFO - --- New Round Detected: 3 ---
[33mserver_1      |[0m INFO:werkzeug:172.18.0.15 - - [27/Jan/2026 12:28:52] "GET /download_model?round=3 HTTP/1.1" 200 -
[36mclient_010_1  |[0m 2026-01-27 12:28:52,075 - __main__ - INFO - Round 3 finished. Loss: 0.1870, Acc: 97.91%
[33mserver_1      |[0m INFO:__main__:Received update from client_010
[33mserver_1      |[0m INFO:werkzeug:172.18.0.7 - - [27/Jan/2026 12:28:52] "POST /submit_update HTTP/1.1" 200 -
[36mclient_010_1  |[0m 2026-01-27 12:28:52,230 - __main__ - INFO - 🚀 Model update submitted successfully.
[36mclient_010_1  |[0m 2026-01-27 12:28:52,230 - __main__ - INFO - Update submitted for Round 3. Waiting...
[32;1mclient_007_1  |[0m 2026-01-27 12:28:52,558 - __main__ - INFO - Round 3 finished. Loss: 0.9281, Acc: 52.56%
[33mserver_1      |[0m INFO:__main__:Received update from client_007
[33mserver_1      |[0m INFO:werkzeug:172.18.0.15 - - [27/Jan/2026 12:28:52] "POST /submit_update HTTP/1.1" 200 -
[32;1mclient_007_1  |[0m 2026-01-27 12:28:52,703 - __main__ - INFO - 🚀 Model update submitted successfully.
[32;1mclient_007_1  |[0m 2026-01-27 12:28:52,703 - __main__ - INFO - Update submitted for Round 3. Waiting...
[33mclient_001_1  |[0m 2026-01-27 12:28:54,428 - __main__ - INFO - --- New Round Detected: 3 ---
[33mserver_1      |[0m INFO:werkzeug:172.18.0.20 - - [27/Jan/2026 12:28:54] "GET /download_model?round=3 HTTP/1.1" 200 -
[35;1mclient_008_1  |[0m 2026-01-27 12:28:54,771 - __main__ - INFO - --- New Round Detected: 3 ---
[33mserver_1      |[0m INFO:werkzeug:172.18.0.21 - - [27/Jan/2026 12:28:54] "GET /download_model?round=3 HTTP/1.1" 200 -
[33mclient_001_1  |[0m 2026-01-27 12:28:54,859 - __main__ - INFO - Round 3 finished. Loss: 0.2003, Acc: 96.12%
[33mserver_1      |[0m INFO:__main__:Received update from client_001
[33mserver_1      |[0m INFO:werkzeug:172.18.0.20 - - [27/Jan/2026 12:28:54] "POST /submit_update HTTP/1.1" 200 -
[33mclient_001_1  |[0m 2026-01-27 12:28:54,994 - __main__ - INFO - 🚀 Model update submitted successfully.
[33mclient_001_1  |[0m 2026-01-27 12:28:54,994 - __main__ - INFO - Update submitted for Round 3. Waiting...
[36;1mclient_005_1  |[0m 2026-01-27 12:28:55,589 - __main__ - INFO - --- New Round Detected: 3 ---
[33mserver_1      |[0m INFO:werkzeug:172.18.0.9 - - [27/Jan/2026 12:28:55] "GET /download_model?round=3 HTTP/1.1" 200 -
[34;1mclient_009_1  |[0m 2026-01-27 12:28:55,973 - __main__ - INFO - --- New Round Detected: 3 ---
[33mserver_1      |[0m INFO:werkzeug:172.18.0.11 - - [27/Jan/2026 12:28:55] "GET /download_model?round=3 HTTP/1.1" 200 -
[35mclient_003_1  |[0m 2026-01-27 12:28:56,004 - __main__ - INFO - --- New Round Detected: 3 ---
[33mserver_1      |[0m INFO:werkzeug:172.18.0.13 - - [27/Jan/2026 12:28:56] "GET /download_model?round=3 HTTP/1.1" 200 -
[35;1mclient_008_1  |[0m 2026-01-27 12:28:56,603 - __main__ - INFO - Round 3 finished. Loss: 0.1062, Acc: 97.93%
[33mserver_1      |[0m INFO:__main__:Received update from client_008
[33mserver_1      |[0m INFO:__main__:--- Aggregating 5 updates ---
[33mserver_1      |[0m INFO:__main__:⚡ Using Custom Aggregator with Drift Metric...
[33mserver_1      |[0m INFO:server.aggregator:Starting FedAvg aggregation for 5 clients.
[34mclient_004_1  |[0m 2026-01-27 12:28:56,799 - __main__ - INFO - Round 2 finished. Loss: 0.8810, Acc: 67.77%
[33mserver_1      |[0m INFO:werkzeug:172.18.0.18 - - [27/Jan/2026 12:28:56] "[31m[1mPOST /submit_update HTTP/1.1[0m" 400 -
[34mclient_004_1  |[0m 2026-01-27 12:28:56,862 - __main__ - ERROR - Update submission failed: {"error":"Not accepting updates"}
[34mclient_004_1  |[0m 
[34mclient_004_1  |[0m 2026-01-27 12:28:56,864 - __main__ - INFO - Update submitted for Round 2. Waiting...
[36;1mclient_005_1  |[0m 2026-01-27 12:28:58,212 - __main__ - INFO - Round 3 finished. Loss: 0.3634, Acc: 89.28%
[33mserver_1      |[0m INFO:werkzeug:172.18.0.9 - - [27/Jan/2026 12:28:58] "[31m[1mPOST /submit_update HTTP/1.1[0m" 400 -
[36;1mclient_005_1  |[0m 2026-01-27 12:28:58,277 - __main__ - ERROR - Update submission failed: {"error":"Not accepting updates"}
[36;1mclient_005_1  |[0m 
[36;1mclient_005_1  |[0m 2026-01-27 12:28:58,277 - __main__ - INFO - Update submitted for Round 3. Waiting...
[33mserver_1      |[0m INFO:server.aggregator:--- [METRIC] Weight Divergence: 0.9676
[33mserver_1      |[0m INFO:server.aggregator:FedAvg aggregation complete.
[33mserver_1      |[0m INFO:__main__:Aggregation complete.
[33mserver_1      |[0m ⏱️ [TIME] Client client_006 finished training in 0.02s
[33mserver_1      |[0m ⏱️ [TIME] Client client_010 finished training in 0.32s
[33mserver_1      |[0m ⏱️ [TIME] Client client_007 finished training in 0.44s
[33mserver_1      |[0m ⏱️ [TIME] Client client_001 finished training in 0.30s
[33mserver_1      |[0m ⏱️ [TIME] Client client_008 finished training in 1.70s
[33mserver_1      |[0m DEBUG: ⚠️ MY CUSTOM AGGREGATOR IS RUNNING ⚠️
[34;1mclient_009_1  |[0m 2026-01-27 12:28:58,957 - __main__ - INFO - Round 3 finished. Loss: 1.2499, Acc: 55.86%
[33mserver_1      |[0m INFO:werkzeug:172.18.0.11 - - [27/Jan/2026 12:28:59] "[31m[1mPOST /submit_update HTTP/1.1[0m" 400 -
[34;1mclient_009_1  |[0m 2026-01-27 12:28:59,054 - __main__ - ERROR - Update submission failed: {"error":"Not accepting updates"}
[34;1mclient_009_1  |[0m 
[34;1mclient_009_1  |[0m 2026-01-27 12:28:59,054 - __main__ - INFO - Update submitted for Round 3. Waiting...
[33mserver_1      |[0m INFO:__main__:--- Round 3 Acc: 10.00%, Loss: 3.2854 ---
[33mserver_1      |[0m INFO:__main__:--- Starting Round 4. Timeout: 300s ---
[33mserver_1      |[0m INFO:werkzeug:172.18.0.21 - - [27/Jan/2026 12:28:59] "POST /submit_update HTTP/1.1" 200 -
[35;1mclient_008_1  |[0m 2026-01-27 12:28:59,643 - __main__ - INFO - 🚀 Model update submitted successfully.
[35;1mclient_008_1  |[0m 2026-01-27 12:28:59,643 - __main__ - INFO - Update submitted for Round 3. Waiting...
[32mclient_002_1  |[0m 2026-01-27 12:29:00,737 - __main__ - INFO - --- New Round Detected: 4 ---
[33mserver_1      |[0m INFO:werkzeug:172.18.0.22 - - [27/Jan/2026 12:29:00] "GET /download_model?round=4 HTTP/1.1" 200 -
[33;1mclient_006_1  |[0m 2026-01-27 12:29:01,128 - __main__ - INFO - --- New Round Detected: 4 ---
[33mserver_1      |[0m INFO:werkzeug:172.18.0.17 - - [27/Jan/2026 12:29:01] "GET /download_model?round=4 HTTP/1.1" 200 -
[33;1mclient_006_1  |[0m 2026-01-27 12:29:01,280 - __main__ - INFO - Round 4 finished. Loss: 2.5901, Acc: 21.43%
[33mserver_1      |[0m INFO:__main__:Received update from client_006
[33mserver_1      |[0m INFO:werkzeug:172.18.0.17 - - [27/Jan/2026 12:29:01] "POST /submit_update HTTP/1.1" 200 -
[33;1mclient_006_1  |[0m 2026-01-27 12:29:01,471 - __main__ - INFO - 🚀 Model update submitted successfully.
[33;1mclient_006_1  |[0m 2026-01-27 12:29:01,471 - __main__ - INFO - Update submitted for Round 4. Waiting...
[36mclient_010_1  |[0m 2026-01-27 12:29:02,297 - __main__ - INFO - --- New Round Detected: 4 ---
[33mserver_1      |[0m INFO:werkzeug:172.18.0.7 - - [27/Jan/2026 12:29:02] "GET /download_model?round=4 HTTP/1.1" 200 -
[32;1mclient_007_1  |[0m 2026-01-27 12:29:02,766 - __main__ - INFO - --- New Round Detected: 4 ---
[33mserver_1      |[0m INFO:werkzeug:172.18.0.15 - - [27/Jan/2026 12:29:02] "GET /download_model?round=4 HTTP/1.1" 200 -
[36mclient_010_1  |[0m 2026-01-27 12:29:02,819 - __main__ - INFO - Round 4 finished. Loss: 0.2939, Acc: 97.91%
[32mclient_002_1  |[0m 2026-01-27 12:29:02,895 - __main__ - INFO - Round 4 finished. Loss: 0.6114, Acc: 87.65%
[33mserver_1      |[0m INFO:__main__:Received update from client_010
[33mserver_1      |[0m INFO:werkzeug:172.18.0.7 - - [27/Jan/2026 12:29:02] "POST /submit_update HTTP/1.1" 200 -
[36mclient_010_1  |[0m 2026-01-27 12:29:02,959 - __main__ - INFO - 🚀 Model update submitted successfully.
[36mclient_010_1  |[0m 2026-01-27 12:29:02,959 - __main__ - INFO - Update submitted for Round 4. Waiting...
[33mserver_1      |[0m INFO:__main__:Received update from client_002
[33mserver_1      |[0m INFO:werkzeug:172.18.0.22 - - [27/Jan/2026 12:29:02] "POST /submit_update HTTP/1.1" 200 -
[32mclient_002_1  |[0m 2026-01-27 12:29:03,030 - __main__ - INFO - 🚀 Model update submitted successfully.
[32mclient_002_1  |[0m 2026-01-27 12:29:03,030 - __main__ - INFO - Update submitted for Round 4. Waiting...
[32;1mclient_007_1  |[0m 2026-01-27 12:29:03,353 - __main__ - INFO - Round 4 finished. Loss: 1.1218, Acc: 57.69%
[33mserver_1      |[0m INFO:__main__:Received update from client_007
[33mserver_1      |[0m INFO:werkzeug:172.18.0.15 - - [27/Jan/2026 12:29:03] "POST /submit_update HTTP/1.1" 200 -
[32;1mclient_007_1  |[0m 2026-01-27 12:29:03,488 - __main__ - INFO - 🚀 Model update submitted successfully.
[32;1mclient_007_1  |[0m 2026-01-27 12:29:03,488 - __main__ - INFO - Update submitted for Round 4. Waiting...
[33mclient_001_1  |[0m 2026-01-27 12:29:05,057 - __main__ - INFO - --- New Round Detected: 4 ---
[33mserver_1      |[0m INFO:werkzeug:172.18.0.20 - - [27/Jan/2026 12:29:05] "GET /download_model?round=4 HTTP/1.1" 200 -
[33mclient_001_1  |[0m 2026-01-27 12:29:05,605 - __main__ - INFO - Round 4 finished. Loss: 0.3525, Acc: 96.12%
[33mserver_1      |[0m INFO:__main__:Received update from client_001
[33mserver_1      |[0m INFO:__main__:--- Aggregating 5 updates ---
[33mserver_1      |[0m INFO:__main__:⚡ Using Custom Aggregator with Drift Metric...
[33mserver_1      |[0m INFO:server.aggregator:Starting FedAvg aggregation for 5 clients.
[34mclient_004_1  |[0m 2026-01-27 12:29:06,926 - __main__ - INFO - --- New Round Detected: 4 ---
[33mserver_1      |[0m INFO:werkzeug:172.18.0.18 - - [27/Jan/2026 12:29:06] "GET /download_model?round=4 HTTP/1.1" 200 -
[33mserver_1      |[0m INFO:server.aggregator:--- [METRIC] Weight Divergence: 0.8596
[33mserver_1      |[0m INFO:server.aggregator:FedAvg aggregation complete.
[33mserver_1      |[0m INFO:__main__:Aggregation complete.
[33mserver_1      |[0m ⏱️ [TIME] Client client_006 finished training in 0.03s
[33mserver_1      |[0m ⏱️ [TIME] Client client_010 finished training in 0.39s
[33mserver_1      |[0m ⏱️ [TIME] Client client_002 finished training in 2.03s
[33mserver_1      |[0m ⏱️ [TIME] Client client_007 finished training in 0.46s
[33mserver_1      |[0m ⏱️ [TIME] Client client_001 finished training in 0.41s
[33mserver_1      |[0m DEBUG: ⚠️ MY CUSTOM AGGREGATOR IS RUNNING ⚠️
[35mclient_003_1  |[0m 2026-01-27 12:29:07,256 - __main__ - INFO - Round 3 finished. Loss: 0.9055, Acc: 68.62%
[33mserver_1      |[0m INFO:werkzeug:172.18.0.13 - - [27/Jan/2026 12:29:07] "[31m[1mPOST /submit_update HTTP/1.1[0m" 400 -
[35mclient_003_1  |[0m 2026-01-27 12:29:07,321 - __main__ - ERROR - Update submission failed: {"error":"Not accepting updates"}
[35mclient_003_1  |[0m 
[35mclient_003_1  |[0m 2026-01-27 12:29:07,321 - __main__ - INFO - Update submitted for Round 3. Waiting...
[33mserver_1      |[0m INFO:__main__:--- Round 4 Acc: 10.00%, Loss: 3.4046 ---
[33mserver_1      |[0m INFO:__main__:--- Starting Round 5. Timeout: 300s ---
[33mserver_1      |[0m INFO:werkzeug:172.18.0.20 - - [27/Jan/2026 12:29:08] "POST /submit_update HTTP/1.1" 200 -
[33mclient_001_1  |[0m 2026-01-27 12:29:08,269 - __main__ - INFO - 🚀 Model update submitted successfully.
[33mclient_001_1  |[0m 2026-01-27 12:29:08,269 - __main__ - INFO - Update submitted for Round 4. Waiting...
[36;1mclient_005_1  |[0m 2026-01-27 12:29:08,338 - __main__ - INFO - --- New Round Detected: 5 ---
[33mserver_1      |[0m INFO:werkzeug:172.18.0.9 - - [27/Jan/2026 12:29:08] "GET /download_model?round=5 HTTP/1.1" 200 -
[34;1mclient_009_1  |[0m 2026-01-27 12:29:09,118 - __main__ - INFO - --- New Round Detected: 5 ---
[33mserver_1      |[0m INFO:werkzeug:172.18.0.11 - - [27/Jan/2026 12:29:09] "GET /download_model?round=5 HTTP/1.1" 200 -
[35;1mclient_008_1  |[0m 2026-01-27 12:29:09,705 - __main__ - INFO - --- New Round Detected: 5 ---
[33mserver_1      |[0m INFO:werkzeug:172.18.0.21 - - [27/Jan/2026 12:29:09] "GET /download_model?round=5 HTTP/1.1" 200 -
[35;1mclient_008_1  |[0m 2026-01-27 12:29:10,692 - __main__ - INFO - Round 5 finished. Loss: 0.3229, Acc: 97.93%
[33mserver_1      |[0m INFO:__main__:Received update from client_008
[33mserver_1      |[0m INFO:werkzeug:172.18.0.21 - - [27/Jan/2026 12:29:10] "POST /submit_update HTTP/1.1" 200 -
[35;1mclient_008_1  |[0m 2026-01-27 12:29:10,829 - __main__ - INFO - 🚀 Model update submitted successfully.
[35;1mclient_008_1  |[0m 2026-01-27 12:29:10,829 - __main__ - INFO - Update submitted for Round 5. Waiting...
[36;1mclient_005_1  |[0m 2026-01-27 12:29:11,115 - __main__ - INFO - Round 5 finished. Loss: 0.6244, Acc: 89.96%
[33mserver_1      |[0m INFO:__main__:Received update from client_005
[33mserver_1      |[0m INFO:werkzeug:172.18.0.9 - - [27/Jan/2026 12:29:11] "POST /submit_update HTTP/1.1" 200 -
[36;1mclient_005_1  |[0m 2026-01-27 12:29:11,266 - __main__ - INFO - 🚀 Model update submitted successfully.
[36;1mclient_005_1  |[0m 2026-01-27 12:29:11,267 - __main__ - INFO - Update submitted for Round 5. Waiting...
[33;1mclient_006_1  |[0m 2026-01-27 12:29:11,532 - __main__ - INFO - --- New Round Detected: 5 ---
[33mserver_1      |[0m INFO:werkzeug:172.18.0.17 - - [27/Jan/2026 12:29:11] "GET /download_model?round=5 HTTP/1.1" 200 -
[33;1mclient_006_1  |[0m 2026-01-27 12:29:11,778 - __main__ - INFO - Round 5 finished. Loss: 3.4569, Acc: 0.00%
[33mserver_1      |[0m INFO:__main__:Received update from client_006
[33mserver_1      |[0m INFO:werkzeug:172.18.0.17 - - [27/Jan/2026 12:29:11] "POST /submit_update HTTP/1.1" 200 -
[33;1mclient_006_1  |[0m 2026-01-27 12:29:11,924 - __main__ - INFO - 🚀 Model update submitted successfully.
[33;1mclient_006_1  |[0m 2026-01-27 12:29:11,925 - __main__ - INFO - Update submitted for Round 5. Waiting...
[34;1mclient_009_1  |[0m 2026-01-27 12:29:12,308 - __main__ - INFO - Round 5 finished. Loss: 1.1534, Acc: 61.89%
[33mserver_1      |[0m INFO:__main__:Received update from client_009
[33mserver_1      |[0m INFO:werkzeug:172.18.0.11 - - [27/Jan/2026 12:29:12] "POST /submit_update HTTP/1.1" 200 -
[34;1mclient_009_1  |[0m 2026-01-27 12:29:12,443 - __main__ - INFO - 🚀 Model update submitted successfully.
[34;1mclient_009_1  |[0m 2026-01-27 12:29:12,444 - __main__ - INFO - Update submitted for Round 5. Waiting...
[36mclient_010_1  |[0m 2026-01-27 12:29:13,020 - __main__ - INFO - --- New Round Detected: 5 ---
[33mserver_1      |[0m INFO:werkzeug:172.18.0.7 - - [27/Jan/2026 12:29:13] "GET /download_model?round=5 HTTP/1.1" 200 -
[32mclient_002_1  |[0m 2026-01-27 12:29:13,093 - __main__ - INFO - --- New Round Detected: 5 ---
[33mserver_1      |[0m INFO:werkzeug:172.18.0.22 - - [27/Jan/2026 12:29:13] "GET /download_model?round=5 HTTP/1.1" 200 -
[32;1mclient_007_1  |[0m 2026-01-27 12:29:13,551 - __main__ - INFO - --- New Round Detected: 5 ---
[33mserver_1      |[0m INFO:werkzeug:172.18.0.15 - - [27/Jan/2026 12:29:13] "GET /download_model?round=5 HTTP/1.1" 200 -
[36mclient_010_1  |[0m 2026-01-27 12:29:13,728 - __main__ - INFO - Round 5 finished. Loss: 0.1651, Acc: 97.91%
[33mserver_1      |[0m INFO:__main__:Received update from client_010
[33mserver_1      |[0m INFO:__main__:--- Aggregating 5 updates ---
[33mserver_1      |[0m INFO:__main__:⚡ Using Custom Aggregator with Drift Metric...
[33mserver_1      |[0m INFO:server.aggregator:Starting FedAvg aggregation for 5 clients.
[32;1mclient_007_1  |[0m 2026-01-27 12:29:14,155 - __main__ - INFO - Round 5 finished. Loss: 1.0611, Acc: 55.13%
[33mserver_1      |[0m INFO:werkzeug:172.18.0.15 - - [27/Jan/2026 12:29:14] "[31m[1mPOST /submit_update HTTP/1.1[0m" 400 -
[32;1mclient_007_1  |[0m 2026-01-27 12:29:14,223 - __main__ - ERROR - Update submission failed: {"error":"Not accepting updates"}
[32;1mclient_007_1  |[0m 
[32;1mclient_007_1  |[0m 2026-01-27 12:29:14,223 - __main__ - INFO - Update submitted for Round 5. Waiting...
[34mclient_004_1  |[0m 2026-01-27 12:29:14,871 - __main__ - INFO - Round 4 finished. Loss: 1.2748, Acc: 62.81%
[33mserver_1      |[0m INFO:werkzeug:172.18.0.18 - - [27/Jan/2026 12:29:14] "[31m[1mPOST /submit_update HTTP/1.1[0m" 400 -
[34mclient_004_1  |[0m 2026-01-27 12:29:14,935 - __main__ - ERROR - Update submission failed: {"error":"Not accepting updates"}
[34mclient_004_1  |[0m 
[34mclient_004_1  |[0m 2026-01-27 12:29:14,935 - __main__ - INFO - Update submitted for Round 4. Waiting...
[33mserver_1      |[0m INFO:server.aggregator:--- [METRIC] Weight Divergence: 1.1320
[33mserver_1      |[0m INFO:server.aggregator:FedAvg aggregation complete.
[33mserver_1      |[0m INFO:__main__:Aggregation complete.
[33mserver_1      |[0m ⏱️ [TIME] Client client_008 finished training in 0.83s
[33mserver_1      |[0m ⏱️ [TIME] Client client_005 finished training in 2.65s
[33mserver_1      |[0m ⏱️ [TIME] Client client_006 finished training in 0.08s
[33mserver_1      |[0m ⏱️ [TIME] Client client_009 finished training in 3.06s
[33mserver_1      |[0m ⏱️ [TIME] Client client_010 finished training in 0.56s
[33mserver_1      |[0m DEBUG: ⚠️ MY CUSTOM AGGREGATOR IS RUNNING ⚠️
[32mclient_002_1  |[0m 2026-01-27 12:29:15,126 - __main__ - INFO - Round 5 finished. Loss: 0.4236, Acc: 89.82%
[33mserver_1      |[0m INFO:werkzeug:172.18.0.22 - - [27/Jan/2026 12:29:15] "[31m[1mPOST /submit_update HTTP/1.1[0m" 400 -
[32mclient_002_1  |[0m 2026-01-27 12:29:15,281 - __main__ - ERROR - Update submission failed: {"error":"Not accepting updates"}
[32mclient_002_1  |[0m 
[32mclient_002_1  |[0m 2026-01-27 12:29:15,281 - __main__ - INFO - Update submitted for Round 5. Waiting...
[33mserver_1      |[0m INFO:__main__:--- Round 5 Acc: 14.29%, Loss: 2.3744 ---
[33mserver_1      |[0m INFO:__main__:--- Starting Round 6. Timeout: 300s ---
[33mserver_1      |[0m INFO:werkzeug:172.18.0.7 - - [27/Jan/2026 12:29:15] "POST /submit_update HTTP/1.1" 200 -
[36mclient_010_1  |[0m 2026-01-27 12:29:15,849 - __main__ - INFO - 🚀 Model update submitted successfully.
[36mclient_010_1  |[0m 2026-01-27 12:29:15,850 - __main__ - INFO - Update submitted for Round 5. Waiting...
[35mclient_003_1  |[0m 2026-01-27 12:29:17,399 - __main__ - INFO - --- New Round Detected: 6 ---
[33mserver_1      |[0m INFO:werkzeug:172.18.0.13 - - [27/Jan/2026 12:29:17] "GET /download_model?round=6 HTTP/1.1" 200 -
[33mclient_001_1  |[0m 2026-01-27 12:29:18,331 - __main__ - INFO - --- New Round Detected: 6 ---
[33mserver_1      |[0m INFO:werkzeug:172.18.0.20 - - [27/Jan/2026 12:29:18] "GET /download_model?round=6 HTTP/1.1" 200 -
[33mclient_001_1  |[0m 2026-01-27 12:29:19,100 - __main__ - INFO - Round 6 finished. Loss: 0.1522, Acc: 96.12%
[33mserver_1      |[0m INFO:__main__:Received update from client_001
[33mserver_1      |[0m INFO:werkzeug:172.18.0.20 - - [27/Jan/2026 12:29:19] "POST /submit_update HTTP/1.1" 200 -
[33mclient_001_1  |[0m 2026-01-27 12:29:19,235 - __main__ - INFO - 🚀 Model update submitted successfully.
[33mclient_001_1  |[0m 2026-01-27 12:29:19,235 - __main__ - INFO - Update submitted for Round 6. Waiting...
[35;1mclient_008_1  |[0m 2026-01-27 12:29:20,890 - __main__ - INFO - --- New Round Detected: 6 ---
[33mserver_1      |[0m INFO:werkzeug:172.18.0.21 - - [27/Jan/2026 12:29:20] "GET /download_model?round=6 HTTP/1.1" 200 -
[36;1mclient_005_1  |[0m 2026-01-27 12:29:21,329 - __main__ - INFO - --- New Round Detected: 6 ---
[33mserver_1      |[0m INFO:werkzeug:172.18.0.9 - - [27/Jan/2026 12:29:21] "GET /download_model?round=6 HTTP/1.1" 200 -
[33;1mclient_006_1  |[0m 2026-01-27 12:29:21,987 - __main__ - INFO - --- New Round Detected: 6 ---
[33mserver_1      |[0m INFO:werkzeug:172.18.0.17 - - [27/Jan/2026 12:29:22] "GET /download_model?round=6 HTTP/1.1" 200 -
[33;1mclient_006_1  |[0m 2026-01-27 12:29:22,132 - __main__ - INFO - Round 6 finished. Loss: 2.2486, Acc: 7.14%
[33mserver_1      |[0m INFO:__main__:Received update from client_006
[33mserver_1      |[0m INFO:werkzeug:172.18.0.17 - - [27/Jan/2026 12:29:22] "POST /submit_update HTTP/1.1" 200 -
[33;1mclient_006_1  |[0m 2026-01-27 12:29:22,269 - __main__ - INFO - 🚀 Model update submitted successfully.
[33;1mclient_006_1  |[0m 2026-01-27 12:29:22,270 - __main__ - INFO - Update submitted for Round 6. Waiting...
[34;1mclient_009_1  |[0m 2026-01-27 12:29:22,506 - __main__ - INFO - --- New Round Detected: 6 ---
[33mserver_1      |[0m INFO:werkzeug:172.18.0.11 - - [27/Jan/2026 12:29:22] "GET /download_model?round=6 HTTP/1.1" 200 -
[35;1mclient_008_1  |[0m 2026-01-27 12:29:22,534 - __main__ - INFO - Round 6 finished. Loss: 0.1065, Acc: 97.93%
[33mserver_1      |[0m INFO:__main__:Received update from client_008
[33mserver_1      |[0m INFO:werkzeug:172.18.0.21 - - [27/Jan/2026 12:29:22] "POST /submit_update HTTP/1.1" 200 -
[35;1mclient_008_1  |[0m 2026-01-27 12:29:22,670 - __main__ - INFO - 🚀 Model update submitted successfully.
[35;1mclient_008_1  |[0m 2026-01-27 12:29:22,670 - __main__ - INFO - Update submitted for Round 6. Waiting...
[36;1mclient_005_1  |[0m 2026-01-27 12:29:23,871 - __main__ - INFO - Round 6 finished. Loss: 0.3257, Acc: 89.93%
[33mserver_1      |[0m INFO:__main__:Received update from client_005
[33mserver_1      |[0m INFO:werkzeug:172.18.0.9 - - [27/Jan/2026 12:29:23] "POST /submit_update HTTP/1.1" 200 -
[36;1mclient_005_1  |[0m 2026-01-27 12:29:24,029 - __main__ - INFO - 🚀 Model update submitted successfully.
[36;1mclient_005_1  |[0m 2026-01-27 12:29:24,030 - __main__ - INFO - Update submitted for Round 6. Waiting...
[32;1mclient_007_1  |[0m 2026-01-27 12:29:24,288 - __main__ - INFO - --- New Round Detected: 6 ---
[33mserver_1      |[0m INFO:werkzeug:172.18.0.15 - - [27/Jan/2026 12:29:24] "GET /download_model?round=6 HTTP/1.1" 200 -
[32;1mclient_007_1  |[0m 2026-01-27 12:29:24,858 - __main__ - INFO - Round 6 finished. Loss: 0.9378, Acc: 54.76%
[33mserver_1      |[0m INFO:__main__:Received update from client_007
[33mserver_1      |[0m INFO:__main__:--- Aggregating 5 updates ---
[33mserver_1      |[0m INFO:__main__:⚡ Using Custom Aggregator with Drift Metric...
[33mserver_1      |[0m INFO:server.aggregator:Starting FedAvg aggregation for 5 clients.
[34mclient_004_1  |[0m 2026-01-27 12:29:25,007 - __main__ - INFO - --- New Round Detected: 6 ---
[33mserver_1      |[0m INFO:werkzeug:172.18.0.18 - - [27/Jan/2026 12:29:25] "GET /download_model?round=6 HTTP/1.1" 200 -
[32mclient_002_1  |[0m 2026-01-27 12:29:25,343 - __main__ - INFO - --- New Round Detected: 6 ---
[33mserver_1      |[0m INFO:werkzeug:172.18.0.22 - - [27/Jan/2026 12:29:25] "GET /download_model?round=6 HTTP/1.1" 200 -
[34;1mclient_009_1  |[0m 2026-01-27 12:29:25,556 - __main__ - INFO - Round 6 finished. Loss: 0.9530, Acc: 63.35%
[33mserver_1      |[0m INFO:werkzeug:172.18.0.11 - - [27/Jan/2026 12:29:25] "[31m[1mPOST /submit_update HTTP/1.1[0m" 400 -
[34;1mclient_009_1  |[0m 2026-01-27 12:29:25,645 - __main__ - ERROR - Update submission failed: {"error":"Not accepting updates"}
[34;1mclient_009_1  |[0m 
[34;1mclient_009_1  |[0m 2026-01-27 12:29:25,645 - __main__ - INFO - Update submitted for Round 6. Waiting...
[36mclient_010_1  |[0m 2026-01-27 12:29:25,928 - __main__ - INFO - --- New Round Detected: 6 ---
[33mserver_1      |[0m INFO:werkzeug:172.18.0.7 - - [27/Jan/2026 12:29:25] "GET /download_model?round=6 HTTP/1.1" 200 -
[36mclient_010_1  |[0m 2026-01-27 12:29:26,498 - __main__ - INFO - Round 6 finished. Loss: 0.1407, Acc: 97.91%
[32mclient_002_1  |[0m 2026-01-27 12:29:26,512 - __main__ - INFO - Round 6 finished. Loss: 0.3729, Acc: 89.03%
[33mserver_1      |[0m INFO:werkzeug:172.18.0.7 - - [27/Jan/2026 12:29:26] "[31m[1mPOST /submit_update HTTP/1.1[0m" 400 -
[33mserver_1      |[0m INFO:werkzeug:172.18.0.22 - - [27/Jan/2026 12:29:26] "[31m[1mPOST /submit_update HTTP/1.1[0m" 400 -
[36mclient_010_1  |[0m 2026-01-27 12:29:26,575 - __main__ - ERROR - Update submission failed: {"error":"Not accepting updates"}
[36mclient_010_1  |[0m 
[36mclient_010_1  |[0m 2026-01-27 12:29:26,576 - __main__ - INFO - Update submitted for Round 6. Waiting...
[32mclient_002_1  |[0m 2026-01-27 12:29:26,579 - __main__ - ERROR - Update submission failed: {"error":"Not accepting updates"}
[32mclient_002_1  |[0m 
[32mclient_002_1  |[0m 2026-01-27 12:29:26,579 - __main__ - INFO - Update submitted for Round 6. Waiting...
[33mserver_1      |[0m INFO:server.aggregator:--- [METRIC] Weight Divergence: 1.0146
[33mserver_1      |[0m INFO:server.aggregator:FedAvg aggregation complete.
[33mserver_1      |[0m INFO:__main__:Aggregation complete.
[33mserver_1      |[0m ⏱️ [TIME] Client client_001 finished training in 0.63s
[33mserver_1      |[0m ⏱️ [TIME] Client client_006 finished training in 0.02s
[33mserver_1      |[0m ⏱️ [TIME] Client client_008 finished training in 1.50s
[33mserver_1      |[0m ⏱️ [TIME] Client client_005 finished training in 2.41s
[33mserver_1      |[0m ⏱️ [TIME] Client client_007 finished training in 0.44s
[33mserver_1      |[0m DEBUG: ⚠️ MY CUSTOM AGGREGATOR IS RUNNING ⚠️
[33mserver_1      |[0m INFO:__main__:--- Round 6 Acc: 19.52%, Loss: 3.1727 ---
[33mserver_1      |[0m INFO:__main__:--- Starting Round 7. Timeout: 300s ---
[33mserver_1      |[0m INFO:werkzeug:172.18.0.15 - - [27/Jan/2026 12:29:28] "POST /submit_update HTTP/1.1" 200 -
[32;1mclient_007_1  |[0m 2026-01-27 12:29:28,034 - __main__ - INFO - 🚀 Model update submitted successfully.
[32;1mclient_007_1  |[0m 2026-01-27 12:29:28,034 - __main__ - INFO - Update submitted for Round 6. Waiting...
[33mclient_001_1  |[0m 2026-01-27 12:29:29,297 - __main__ - INFO - --- New Round Detected: 7 ---
[33mserver_1      |[0m INFO:werkzeug:172.18.0.20 - - [27/Jan/2026 12:29:29] "GET /download_model?round=7 HTTP/1.1" 200 -
[33mclient_001_1  |[0m 2026-01-27 12:29:30,044 - __main__ - INFO - Round 7 finished. Loss: 0.4359, Acc: 96.12%
[33mserver_1      |[0m INFO:__main__:Received update from client_001
[33mserver_1      |[0m INFO:werkzeug:172.18.0.20 - - [27/Jan/2026 12:29:30] "POST /submit_update HTTP/1.1" 200 -
[33mclient_001_1  |[0m 2026-01-27 12:29:30,180 - __main__ - INFO - 🚀 Model update submitted successfully.
[33mclient_001_1  |[0m 2026-01-27 12:29:30,180 - __main__ - INFO - Update submitted for Round 7. Waiting...
[33;1mclient_006_1  |[0m 2026-01-27 12:29:32,340 - __main__ - INFO - --- New Round Detected: 7 ---
[33mserver_1      |[0m INFO:werkzeug:172.18.0.17 - - [27/Jan/2026 12:29:32] "GET /download_model?round=7 HTTP/1.1" 200 -
[33;1mclient_006_1  |[0m 2026-01-27 12:29:32,494 - __main__ - INFO - Round 7 finished. Loss: 2.7314, Acc: 35.71%
[33mserver_1      |[0m INFO:__main__:Received update from client_006
[33mserver_1      |[0m INFO:werkzeug:172.18.0.17 - - [27/Jan/2026 12:29:32] "POST /submit_update HTTP/1.1" 200 -
[34mclient_004_1  |[0m 2026-01-27 12:29:32,615 - __main__ - INFO - Round 6 finished. Loss: 0.9390, Acc: 62.40%
[33;1mclient_006_1  |[0m 2026-01-27 12:29:32,633 - __main__ - INFO - 🚀 Model update submitted successfully.
[33;1mclient_006_1  |[0m 2026-01-27 12:29:32,633 - __main__ - INFO - Update submitted for Round 7. Waiting...
[33mserver_1      |[0m INFO:__main__:Received update from client_004
[33mserver_1      |[0m INFO:werkzeug:172.18.0.18 - - [27/Jan/2026 12:29:32] "POST /submit_update HTTP/1.1" 200 -
[35;1mclient_008_1  |[0m 2026-01-27 12:29:32,742 - __main__ - INFO - --- New Round Detected: 7 ---
[33mserver_1      |[0m INFO:werkzeug:172.18.0.21 - - [27/Jan/2026 12:29:32] "GET /download_model?round=7 HTTP/1.1" 200 -
[34mclient_004_1  |[0m 2026-01-27 12:29:32,770 - __main__ - INFO - 🚀 Model update submitted successfully.
[34mclient_004_1  |[0m 2026-01-27 12:29:32,771 - __main__ - INFO - Update submitted for Round 6. Waiting...
[35mclient_003_1  |[0m 2026-01-27 12:29:33,348 - __main__ - INFO - Round 6 finished. Loss: 0.9342, Acc: 68.16%
[33mserver_1      |[0m INFO:__main__:Received update from client_003
[33mserver_1      |[0m INFO:werkzeug:172.18.0.13 - - [27/Jan/2026 12:29:33] "POST /submit_update HTTP/1.1" 200 -
[35mclient_003_1  |[0m 2026-01-27 12:29:33,483 - __main__ - INFO - 🚀 Model update submitted successfully.
[35mclient_003_1  |[0m 2026-01-27 12:29:33,483 - __main__ - INFO - Update submitted for Round 6. Waiting...
[35;1mclient_008_1  |[0m 2026-01-27 12:29:33,741 - __main__ - INFO - Round 7 finished. Loss: 0.2161, Acc: 97.93%
[33mserver_1      |[0m INFO:__main__:Received update from client_008
[33mserver_1      |[0m INFO:__main__:--- Aggregating 5 updates ---
[33mserver_1      |[0m INFO:__main__:⚡ Using Custom Aggregator with Drift Metric...
[33mserver_1      |[0m INFO:server.aggregator:Starting FedAvg aggregation for 5 clients.
[36;1mclient_005_1  |[0m 2026-01-27 12:29:34,097 - __main__ - INFO - --- New Round Detected: 7 ---
[33mserver_1      |[0m INFO:werkzeug:172.18.0.9 - - [27/Jan/2026 12:29:34] "GET /download_model?round=7 HTTP/1.1" 200 -
[33mserver_1      |[0m INFO:server.aggregator:--- [METRIC] Weight Divergence: 2.2140
[33mserver_1      |[0m INFO:server.aggregator:FedAvg aggregation complete.
[33mserver_1      |[0m INFO:__main__:Aggregation complete.
[33mserver_1      |[0m ⏱️ [TIME] Client client_001 finished training in 0.62s
[33mserver_1      |[0m ⏱️ [TIME] Client client_006 finished training in 0.02s
[33mserver_1      |[0m ⏱️ [TIME] Client client_004 finished training in 7.47s
[33mserver_1      |[0m ⏱️ [TIME] Client client_003 finished training in 15.82s
[33mserver_1      |[0m ⏱️ [TIME] Client client_008 finished training in 0.87s
[33mserver_1      |[0m DEBUG: ⚠️ MY CUSTOM AGGREGATOR IS RUNNING ⚠️
[34;1mclient_009_1  |[0m 2026-01-27 12:29:35,710 - __main__ - INFO - --- New Round Detected: 7 ---
[33mserver_1      |[0m INFO:werkzeug:172.18.0.11 - - [27/Jan/2026 12:29:35] "GET /download_model?round=7 HTTP/1.1" 200 -
[33mserver_1      |[0m INFO:__main__:--- Round 7 Acc: 21.89%, Loss: 2.6016 ---
[33mserver_1      |[0m INFO:__main__:--- Starting Round 8. Timeout: 300s ---
[33mserver_1      |[0m INFO:werkzeug:172.18.0.21 - - [27/Jan/2026 12:29:36] "POST /submit_update HTTP/1.1" 200 -
[35;1mclient_008_1  |[0m 2026-01-27 12:29:36,188 - __main__ - INFO - 🚀 Model update submitted successfully.
[35;1mclient_008_1  |[0m 2026-01-27 12:29:36,188 - __main__ - INFO - Update submitted for Round 7. Waiting...
[36mclient_010_1  |[0m 2026-01-27 12:29:36,643 - __main__ - INFO - --- New Round Detected: 8 ---
[33mserver_1      |[0m INFO:werkzeug:172.18.0.22 - - [27/Jan/2026 12:29:36] "GET /download_model?round=8 HTTP/1.1" 200 -
[33mserver_1      |[0m INFO:werkzeug:172.18.0.7 - - [27/Jan/2026 12:29:36] "GET /download_model?round=8 HTTP/1.1" 200 -
[32mclient_002_1  |[0m 2026-01-27 12:29:36,652 - __main__ - INFO - --- New Round Detected: 8 ---
[36;1mclient_005_1  |[0m 2026-01-27 12:29:36,748 - __main__ - INFO - Round 7 finished. Loss: 0.3614, Acc: 91.08%
[33mserver_1      |[0m INFO:__main__:Received update from client_005
[33mserver_1      |[0m INFO:werkzeug:172.18.0.9 - - [27/Jan/2026 12:29:36] "POST /submit_update HTTP/1.1" 200 -
[36;1mclient_005_1  |[0m 2026-01-27 12:29:36,884 - __main__ - INFO - 🚀 Model update submitted successfully.
[36;1mclient_005_1  |[0m 2026-01-27 12:29:36,885 - __main__ - INFO - Update submitted for Round 7. Waiting...
[36mclient_010_1  |[0m 2026-01-27 12:29:37,130 - __main__ - INFO - Round 8 finished. Loss: 0.4583, Acc: 97.91%
[33mserver_1      |[0m INFO:__main__:Received update from client_010
[33mserver_1      |[0m INFO:werkzeug:172.18.0.7 - - [27/Jan/2026 12:29:37] "POST /submit_update HTTP/1.1" 200 -
[36mclient_010_1  |[0m 2026-01-27 12:29:37,266 - __main__ - INFO - 🚀 Model update submitted successfully.
[36mclient_010_1  |[0m 2026-01-27 12:29:37,267 - __main__ - INFO - Update submitted for Round 8. Waiting...
[32mclient_002_1  |[0m 2026-01-27 12:29:38,001 - __main__ - INFO - Round 8 finished. Loss: 0.7506, Acc: 88.34%
[32;1mclient_007_1  |[0m 2026-01-27 12:29:38,100 - __main__ - INFO - --- New Round Detected: 8 ---
[33mserver_1      |[0m INFO:__main__:Received update from client_002
[33mserver_1      |[0m INFO:werkzeug:172.18.0.22 - - [27/Jan/2026 12:29:38] "POST /submit_update HTTP/1.1" 200 -
[33mserver_1      |[0m INFO:werkzeug:172.18.0.15 - - [27/Jan/2026 12:29:38] "GET /download_model?round=8 HTTP/1.1" 200 -
[32mclient_002_1  |[0m 2026-01-27 12:29:38,136 - __main__ - INFO - 🚀 Model update submitted successfully.
[32mclient_002_1  |[0m 2026-01-27 12:29:38,136 - __main__ - INFO - Update submitted for Round 8. Waiting...
[32;1mclient_007_1  |[0m 2026-01-27 12:29:38,667 - __main__ - INFO - Round 8 finished. Loss: 1.1249, Acc: 61.17%
[33mserver_1      |[0m INFO:__main__:Received update from client_007
[33mserver_1      |[0m INFO:werkzeug:172.18.0.15 - - [27/Jan/2026 12:29:38] "POST /submit_update HTTP/1.1" 200 -
[32;1mclient_007_1  |[0m 2026-01-27 12:29:38,802 - __main__ - INFO - 🚀 Model update submitted successfully.
[32;1mclient_007_1  |[0m 2026-01-27 12:29:38,802 - __main__ - INFO - Update submitted for Round 8. Waiting...
[34;1mclient_009_1  |[0m 2026-01-27 12:29:38,823 - __main__ - INFO - Round 7 finished. Loss: 1.2596, Acc: 63.59%
[33mserver_1      |[0m INFO:__main__:Received update from client_009
[33mserver_1      |[0m INFO:__main__:--- Aggregating 5 updates ---
[33mserver_1      |[0m INFO:__main__:⚡ Using Custom Aggregator with Drift Metric...
[33mserver_1      |[0m INFO:server.aggregator:Starting FedAvg aggregation for 5 clients.
[33mserver_1      |[0m INFO:server.aggregator:--- [METRIC] Weight Divergence: 1.6346
[33mserver_1      |[0m INFO:server.aggregator:FedAvg aggregation complete.
[33mserver_1      |[0m INFO:__main__:Aggregation complete.
[33mclient_001_1  |[0m 2026-01-27 12:29:40,275 - __main__ - INFO - --- New Round Detected: 8 ---
[33mserver_1      |[0m ⏱️ [TIME] Client client_005 finished training in 2.52s
[33mserver_1      |[0m ⏱️ [TIME] Client client_010 finished training in 0.35s
[33mserver_1      |[0m ⏱️ [TIME] Client client_002 finished training in 1.20s
[33mserver_1      |[0m ⏱️ [TIME] Client client_007 finished training in 0.44s
[33mserver_1      |[0m ⏱️ [TIME] Client client_009 finished training in 2.98s
[33mserver_1      |[0m DEBUG: ⚠️ MY CUSTOM AGGREGATOR IS RUNNING ⚠️
[33mserver_1      |[0m INFO:werkzeug:172.18.0.20 - - [27/Jan/2026 12:29:40] "GET /download_model?round=8 HTTP/1.1" 200 -
[33mserver_1      |[0m INFO:__main__:--- Round 8 Acc: 13.27%, Loss: 2.3325 ---
[33mserver_1      |[0m INFO:__main__:--- Starting Round 9. Timeout: 300s ---
[33mserver_1      |[0m INFO:werkzeug:172.18.0.11 - - [27/Jan/2026 12:29:40] "POST /submit_update HTTP/1.1" 200 -
[34;1mclient_009_1  |[0m 2026-01-27 12:29:41,018 - __main__ - INFO - 🚀 Model update submitted successfully.
[34;1mclient_009_1  |[0m 2026-01-27 12:29:41,018 - __main__ - INFO - Update submitted for Round 7. Waiting...
[33mclient_001_1  |[0m 2026-01-27 12:29:41,087 - __main__ - INFO - Round 8 finished. Loss: 0.4450, Acc: 96.12%
[33mserver_1      |[0m INFO:__main__:Received update from client_001
[33mserver_1      |[0m INFO:werkzeug:172.18.0.20 - - [27/Jan/2026 12:29:41] "POST /submit_update HTTP/1.1" 200 -
[33mclient_001_1  |[0m 2026-01-27 12:29:41,223 - __main__ - INFO - 🚀 Model update submitted successfully.
[33mclient_001_1  |[0m 2026-01-27 12:29:41,223 - __main__ - INFO - Update submitted for Round 8. Waiting...
[33;1mclient_006_1  |[0m 2026-01-27 12:29:42,694 - __main__ - INFO - --- New Round Detected: 9 ---
[33mserver_1      |[0m INFO:werkzeug:172.18.0.17 - - [27/Jan/2026 12:29:42] "GET /download_model?round=9 HTTP/1.1" 200 -
[33;1mclient_006_1  |[0m 2026-01-27 12:29:42,836 - __main__ - INFO - Round 9 finished. Loss: 2.2157, Acc: 7.14%
[34mclient_004_1  |[0m 2026-01-27 12:29:42,838 - __main__ - INFO - --- New Round Detected: 9 ---
[33mserver_1      |[0m INFO:werkzeug:172.18.0.18 - - [27/Jan/2026 12:29:42] "GET /download_model?round=9 HTTP/1.1" 200 -
[33mserver_1      |[0m INFO:__main__:Received update from client_006
[33mserver_1      |[0m INFO:werkzeug:172.18.0.17 - - [27/Jan/2026 12:29:42] "POST /submit_update HTTP/1.1" 200 -
[33;1mclient_006_1  |[0m 2026-01-27 12:29:42,971 - __main__ - INFO - 🚀 Model update submitted successfully.
[33;1mclient_006_1  |[0m 2026-01-27 12:29:42,971 - __main__ - INFO - Update submitted for Round 9. Waiting...
[35mclient_003_1  |[0m 2026-01-27 12:29:43,572 - __main__ - INFO - --- New Round Detected: 9 ---
[33mserver_1      |[0m INFO:werkzeug:172.18.0.13 - - [27/Jan/2026 12:29:43] "GET /download_model?round=9 HTTP/1.1" 200 -
[35;1mclient_008_1  |[0m 2026-01-27 12:29:46,252 - __main__ - INFO - --- New Round Detected: 9 ---
[33mserver_1      |[0m INFO:werkzeug:172.18.0.21 - - [27/Jan/2026 12:29:46] "GET /download_model?round=9 HTTP/1.1" 200 -
[36;1mclient_005_1  |[0m 2026-01-27 12:29:46,950 - __main__ - INFO - --- New Round Detected: 9 ---
[33mserver_1      |[0m INFO:werkzeug:172.18.0.9 - - [27/Jan/2026 12:29:46] "GET /download_model?round=9 HTTP/1.1" 200 -
[36mclient_010_1  |[0m 2026-01-27 12:29:47,329 - __main__ - INFO - --- New Round Detected: 9 ---
[33mserver_1      |[0m INFO:werkzeug:172.18.0.7 - - [27/Jan/2026 12:29:47] "GET /download_model?round=9 HTTP/1.1" 200 -
[36mclient_010_1  |[0m 2026-01-27 12:29:47,832 - __main__ - INFO - Round 9 finished. Loss: 0.2013, Acc: 97.91%
[33mserver_1      |[0m INFO:__main__:Received update from client_010
[33mserver_1      |[0m INFO:werkzeug:172.18.0.7 - - [27/Jan/2026 12:29:47] "POST /submit_update HTTP/1.1" 200 -
[35;1mclient_008_1  |[0m 2026-01-27 12:29:47,940 - __main__ - INFO - Round 9 finished. Loss: 0.2308, Acc: 97.93%
[36mclient_010_1  |[0m 2026-01-27 12:29:47,965 - __main__ - INFO - 🚀 Model update submitted successfully.
[36mclient_010_1  |[0m 2026-01-27 12:29:47,965 - __main__ - INFO - Update submitted for Round 9. Waiting...
[33mserver_1      |[0m INFO:__main__:Received update from client_008
[33mserver_1      |[0m INFO:werkzeug:172.18.0.21 - - [27/Jan/2026 12:29:48] "POST /submit_update HTTP/1.1" 200 -
[35;1mclient_008_1  |[0m 2026-01-27 12:29:48,077 - __main__ - INFO - 🚀 Model update submitted successfully.
[35;1mclient_008_1  |[0m 2026-01-27 12:29:48,077 - __main__ - INFO - Update submitted for Round 9. Waiting...
[32mclient_002_1  |[0m 2026-01-27 12:29:48,200 - __main__ - INFO - --- New Round Detected: 9 ---
[33mserver_1      |[0m INFO:werkzeug:172.18.0.22 - - [27/Jan/2026 12:29:48] "GET /download_model?round=9 HTTP/1.1" 200 -
[32;1mclient_007_1  |[0m 2026-01-27 12:29:48,869 - __main__ - INFO - --- New Round Detected: 9 ---
[33mserver_1      |[0m INFO:werkzeug:172.18.0.15 - - [27/Jan/2026 12:29:48] "GET /download_model?round=9 HTTP/1.1" 200 -
[32;1mclient_007_1  |[0m 2026-01-27 12:29:49,472 - __main__ - INFO - Round 9 finished. Loss: 1.0510, Acc: 62.64%
[32mclient_002_1  |[0m 2026-01-27 12:29:49,479 - __main__ - INFO - Round 9 finished. Loss: 0.4409, Acc: 89.62%
[33mserver_1      |[0m INFO:__main__:Received update from client_007
[33mserver_1      |[0m INFO:__main__:--- Aggregating 5 updates ---
[33mserver_1      |[0m INFO:__main__:⚡ Using Custom Aggregator with Drift Metric...
[33mserver_1      |[0m INFO:server.aggregator:Starting FedAvg aggregation for 5 clients.
[36;1mclient_005_1  |[0m 2026-01-27 12:29:49,685 - __main__ - INFO - Round 9 finished. Loss: 0.4089, Acc: 90.96%
[33mserver_1      |[0m INFO:werkzeug:172.18.0.9 - - [27/Jan/2026 12:29:49] "[31m[1mPOST /submit_update HTTP/1.1[0m" 400 -
[36;1mclient_005_1  |[0m 2026-01-27 12:29:49,748 - __main__ - ERROR - Update submission failed: {"error":"Not accepting updates"}
[36;1mclient_005_1  |[0m 
[36;1mclient_005_1  |[0m 2026-01-27 12:29:49,748 - __main__ - INFO - Update submitted for Round 9. Waiting...
[34mclient_004_1  |[0m 2026-01-27 12:29:50,904 - __main__ - INFO - Round 9 finished. Loss: 1.0348, Acc: 64.69%
[33mserver_1      |[0m INFO:werkzeug:172.18.0.18 - - [27/Jan/2026 12:29:50] "[31m[1mPOST /submit_update HTTP/1.1[0m" 400 -
[34mclient_004_1  |[0m 2026-01-27 12:29:50,975 - __main__ - ERROR - Update submission failed: {"error":"Not accepting updates"}
[34mclient_004_1  |[0m 
[34mclient_004_1  |[0m 2026-01-27 12:29:50,976 - __main__ - INFO - Update submitted for Round 9. Waiting...
[33mserver_1      |[0m INFO:server.aggregator:--- [METRIC] Weight Divergence: 1.0734
[33mserver_1      |[0m INFO:server.aggregator:FedAvg aggregation complete.
[33mserver_1      |[0m INFO:__main__:Aggregation complete.
[34;1mclient_009_1  |[0m 2026-01-27 12:29:51,079 - __main__ - INFO - --- New Round Detected: 9 ---
[33mserver_1      |[0m INFO:werkzeug:172.18.0.11 - - [27/Jan/2026 12:29:51] "GET /download_model?round=9 HTTP/1.1" 200 -
[33mserver_1      |[0m ⏱️ [TIME] Client client_001 finished training in 0.61s
[33mserver_1      |[0m ⏱️ [TIME] Client client_006 finished training in 0.02s
[33mserver_1      |[0m ⏱️ [TIME] Client client_010 finished training in 0.38s
[33mserver_1      |[0m ⏱️ [TIME] Client client_008 finished training in 1.56s
[33mserver_1      |[0m ⏱️ [TIME] Client client_007 finished training in 0.47s
[33mserver_1      |[0m DEBUG: ⚠️ MY CUSTOM AGGREGATOR IS RUNNING ⚠️
[33mserver_1      |[0m ⏱️ [TIME] Client client_002 finished training in 1.15s
[33mclient_001_1  |[0m 2026-01-27 12:29:51,401 - __main__ - INFO - --- New Round Detected: 9 ---
[33mserver_1      |[0m INFO:werkzeug:172.18.0.20 - - [27/Jan/2026 12:29:51] "GET /download_model?round=9 HTTP/1.1" 200 -
[33mclient_001_1  |[0m 2026-01-27 12:29:51,897 - __main__ - INFO - Round 9 finished. Loss: 0.1989, Acc: 97.41%
[33mserver_1      |[0m INFO:werkzeug:172.18.0.20 - - [27/Jan/2026 12:29:51] "[31m[1mPOST /submit_update HTTP/1.1[0m" 400 -
[33mclient_001_1  |[0m 2026-01-27 12:29:51,960 - __main__ - ERROR - Update submission failed: {"error":"Not accepting updates"}
[33mclient_001_1  |[0m 
[33mclient_001_1  |[0m 2026-01-27 12:29:51,960 - __main__ - INFO - Update submitted for Round 9. Waiting...
[33mserver_1      |[0m INFO:__main__:--- Round 9 Acc: 10.11%, Loss: 2.9180 ---
[33mserver_1      |[0m INFO:__main__:--- Starting Round 10. Timeout: 300s ---
[33mserver_1      |[0m INFO:werkzeug:172.18.0.15 - - [27/Jan/2026 12:29:52] "POST /submit_update HTTP/1.1" 200 -
[33mserver_1      |[0m INFO:__main__:Received update from client_002
[33mserver_1      |[0m INFO:werkzeug:172.18.0.22 - - [27/Jan/2026 12:29:52] "POST /submit_update HTTP/1.1" 200 -
[32;1mclient_007_1  |[0m 2026-01-27 12:29:52,324 - __main__ - INFO - 🚀 Model update submitted successfully.
[32;1mclient_007_1  |[0m 2026-01-27 12:29:52,325 - __main__ - INFO - Update submitted for Round 9. Waiting...
[32mclient_002_1  |[0m 2026-01-27 12:29:52,327 - __main__ - INFO - 🚀 Model update submitted successfully.
[32mclient_002_1  |[0m 2026-01-27 12:29:52,327 - __main__ - INFO - Update submitted for Round 9. Waiting...
[33;1mclient_006_1  |[0m 2026-01-27 12:29:53,032 - __main__ - INFO - --- New Round Detected: 10 ---
[33mserver_1      |[0m INFO:werkzeug:172.18.0.17 - - [27/Jan/2026 12:29:53] "GET /download_model?round=10 HTTP/1.1" 200 -
[33;1mclient_006_1  |[0m 2026-01-27 12:29:53,173 - __main__ - INFO - Round 10 finished. Loss: 2.3147, Acc: 21.43%
[33mserver_1      |[0m INFO:__main__:Received update from client_006
[33mserver_1      |[0m INFO:werkzeug:172.18.0.17 - - [27/Jan/2026 12:29:53] "POST /submit_update HTTP/1.1" 200 -
[33;1mclient_006_1  |[0m 2026-01-27 12:29:53,306 - __main__ - INFO - 🚀 Model update submitted successfully.
[33;1mclient_006_1  |[0m 2026-01-27 12:29:53,306 - __main__ - INFO - Update submitted for Round 10. Waiting...
[34;1mclient_009_1  |[0m 2026-01-27 12:29:53,840 - __main__ - INFO - Round 9 finished. Loss: 0.9714, Acc: 64.96%
[33mserver_1      |[0m INFO:__main__:Received update from client_009
[33mserver_1      |[0m INFO:werkzeug:172.18.0.11 - - [27/Jan/2026 12:29:53] "POST /submit_update HTTP/1.1" 200 -
[34;1mclient_009_1  |[0m 2026-01-27 12:29:53,976 - __main__ - INFO - 🚀 Model update submitted successfully.
[34;1mclient_009_1  |[0m 2026-01-27 12:29:53,976 - __main__ - INFO - Update submitted for Round 9. Waiting...
[36mclient_010_1  |[0m 2026-01-27 12:29:58,055 - __main__ - INFO - --- New Round Detected: 10 ---
[33mserver_1      |[0m INFO:werkzeug:172.18.0.7 - - [27/Jan/2026 12:29:58] "GET /download_model?round=10 HTTP/1.1" 200 -
[35;1mclient_008_1  |[0m 2026-01-27 12:29:58,161 - __main__ - INFO - --- New Round Detected: 10 ---
[33mserver_1      |[0m INFO:werkzeug:172.18.0.21 - - [27/Jan/2026 12:29:58] "GET /download_model?round=10 HTTP/1.1" 200 -
[36mclient_010_1  |[0m 2026-01-27 12:29:58,581 - __main__ - INFO - Round 10 finished. Loss: 0.2946, Acc: 97.91%
[33mserver_1      |[0m INFO:__main__:Received update from client_010
[33mserver_1      |[0m INFO:werkzeug:172.18.0.7 - - [27/Jan/2026 12:29:58] "POST /submit_update HTTP/1.1" 200 -
[36mclient_010_1  |[0m 2026-01-27 12:29:58,715 - __main__ - INFO - 🚀 Model update submitted successfully.
[36mclient_010_1  |[0m 2026-01-27 12:29:58,715 - __main__ - INFO - Update submitted for Round 10. Waiting...
[35mclient_003_1  |[0m 2026-01-27 12:29:59,414 - __main__ - INFO - Round 9 finished. Loss: 1.0210, Acc: 68.91%
[33mserver_1      |[0m INFO:__main__:Received update from client_003
[33mserver_1      |[0m INFO:__main__:--- Aggregating 5 updates ---
[33mserver_1      |[0m INFO:__main__:⚡ Using Custom Aggregator with Drift Metric...
[33mserver_1      |[0m INFO:server.aggregator:Starting FedAvg aggregation for 5 clients.
[35;1mclient_008_1  |[0m 2026-01-27 12:29:59,564 - __main__ - INFO - Round 10 finished. Loss: 0.1497, Acc: 97.93%
[33mserver_1      |[0m INFO:werkzeug:172.18.0.21 - - [27/Jan/2026 12:29:59] "[31m[1mPOST /submit_update HTTP/1.1[0m" 400 -
[35;1mclient_008_1  |[0m 2026-01-27 12:29:59,627 - __main__ - ERROR - Update submission failed: {"error":"Not accepting updates"}
[35;1mclient_008_1  |[0m 
[35;1mclient_008_1  |[0m 2026-01-27 12:29:59,627 - __main__ - INFO - Update submitted for Round 10. Waiting...
[36;1mclient_005_1  |[0m 2026-01-27 12:29:59,818 - __main__ - INFO - --- New Round Detected: 10 ---
[33mserver_1      |[0m INFO:werkzeug:172.18.0.9 - - [27/Jan/2026 12:29:59] "GET /download_model?round=10 HTTP/1.1" 200 -
[34mclient_004_1  |[0m 2026-01-27 12:30:01,043 - __main__ - INFO - --- New Round Detected: 10 ---
[33mserver_1      |[0m INFO:werkzeug:172.18.0.18 - - [27/Jan/2026 12:30:01] "GET /download_model?round=10 HTTP/1.1" 200 -
[33mserver_1      |[0m INFO:server.aggregator:--- [METRIC] Weight Divergence: 1.9837
[33mserver_1      |[0m INFO:server.aggregator:FedAvg aggregation complete.
[33mserver_1      |[0m INFO:__main__:Aggregation complete.
[33mserver_1      |[0m ⏱️ [TIME] Client client_006 finished training in 0.02s
[33mserver_1      |[0m ⏱️ [TIME] Client client_009 finished training in 2.63s
[33mserver_1      |[0m ⏱️ [TIME] Client client_010 finished training in 0.39s
[33mserver_1      |[0m ⏱️ [TIME] Client client_003 finished training in 15.71s
[33mserver_1      |[0m DEBUG: ⚠️ MY CUSTOM AGGREGATOR IS RUNNING ⚠️
[33mclient_001_1  |[0m 2026-01-27 12:30:02,032 - __main__ - INFO - --- New Round Detected: 10 ---
[33mserver_1      |[0m INFO:werkzeug:172.18.0.20 - - [27/Jan/2026 12:30:02] "GET /download_model?round=10 HTTP/1.1" 200 -
[32;1mclient_007_1  |[0m 2026-01-27 12:30:02,395 - __main__ - INFO - --- New Round Detected: 10 ---
[32mclient_002_1  |[0m 2026-01-27 12:30:02,396 - __main__ - INFO - --- New Round Detected: 10 ---
[33mserver_1      |[0m INFO:werkzeug:172.18.0.22 - - [27/Jan/2026 12:30:02] "GET /download_model?round=10 HTTP/1.1" 200 -
[33mserver_1      |[0m INFO:werkzeug:172.18.0.15 - - [27/Jan/2026 12:30:02] "GET /download_model?round=10 HTTP/1.1" 200 -
[33mclient_001_1  |[0m 2026-01-27 12:30:02,487 - __main__ - INFO - Round 10 finished. Loss: 0.3104, Acc: 96.12%
[33mserver_1      |[0m INFO:werkzeug:172.18.0.20 - - [27/Jan/2026 12:30:02] "[31m[1mPOST /submit_update HTTP/1.1[0m" 400 -
[33mserver_1      |[0m INFO:__main__:--- Round 10 Acc: 28.20%, Loss: 2.1387 ---
[33mserver_1      |[0m INFO:__main__:--- Starting Round 11. Timeout: 300s ---
[33mserver_1      |[0m INFO:werkzeug:172.18.0.13 - - [27/Jan/2026 12:30:02] "POST /submit_update HTTP/1.1" 200 -
[33mclient_001_1  |[0m 2026-01-27 12:30:02,554 - __main__ - ERROR - Update submission failed: {"error":"Not accepting updates"}
[33mclient_001_1  |[0m 
[33mclient_001_1  |[0m 2026-01-27 12:30:02,554 - __main__ - INFO - Update submitted for Round 10. Waiting...
[35mclient_003_1  |[0m 2026-01-27 12:30:02,567 - __main__ - INFO - 🚀 Model update submitted successfully.
[35mclient_003_1  |[0m 2026-01-27 12:30:02,567 - __main__ - INFO - Update submitted for Round 9. Waiting...
[36;1mclient_005_1  |[0m 2026-01-27 12:30:02,589 - __main__ - INFO - Round 10 finished. Loss: 0.5258, Acc: 91.24%
[33mserver_1      |[0m INFO:__main__:Received update from client_005
[33mserver_1      |[0m INFO:werkzeug:172.18.0.9 - - [27/Jan/2026 12:30:02] "POST /submit_update HTTP/1.1" 200 -
[36;1mclient_005_1  |[0m 2026-01-27 12:30:02,724 - __main__ - INFO - 🚀 Model update submitted successfully.
[36;1mclient_005_1  |[0m 2026-01-27 12:30:02,725 - __main__ - INFO - Update submitted for Round 10. Waiting...
[32;1mclient_007_1  |[0m 2026-01-27 12:30:02,830 - __main__ - INFO - Round 10 finished. Loss: 1.1804, Acc: 51.47%
[33mserver_1      |[0m INFO:__main__:Received update from client_007
[33mserver_1      |[0m INFO:werkzeug:172.18.0.15 - - [27/Jan/2026 12:30:02] "POST /submit_update HTTP/1.1" 200 -
[32;1mclient_007_1  |[0m 2026-01-27 12:30:02,984 - __main__ - INFO - 🚀 Model update submitted successfully.
[32;1mclient_007_1  |[0m 2026-01-27 12:30:02,985 - __main__ - INFO - Update submitted for Round 10. Waiting...
[33;1mclient_006_1  |[0m 2026-01-27 12:30:03,369 - __main__ - INFO - --- New Round Detected: 11 ---
[33mserver_1      |[0m INFO:werkzeug:172.18.0.17 - - [27/Jan/2026 12:30:03] "GET /download_model?round=11 HTTP/1.1" 200 -
[33;1mclient_006_1  |[0m 2026-01-27 12:30:03,507 - __main__ - INFO - Round 11 finished. Loss: 1.4862, Acc: 57.14%
[33mserver_1      |[0m INFO:__main__:Received update from client_006
[33mserver_1      |[0m INFO:werkzeug:172.18.0.17 - - [27/Jan/2026 12:30:03] "POST /submit_update HTTP/1.1" 200 -
[33;1mclient_006_1  |[0m 2026-01-27 12:30:03,640 - __main__ - INFO - 🚀 Model update submitted successfully.
[33;1mclient_006_1  |[0m 2026-01-27 12:30:03,640 - __main__ - INFO - Update submitted for Round 11. Waiting...
[34;1mclient_009_1  |[0m 2026-01-27 12:30:04,045 - __main__ - INFO - --- New Round Detected: 11 ---
[33mserver_1      |[0m INFO:werkzeug:172.18.0.11 - - [27/Jan/2026 12:30:04] "GET /download_model?round=11 HTTP/1.1" 200 -
[32mclient_002_1  |[0m 2026-01-27 12:30:04,537 - __main__ - INFO - Round 10 finished. Loss: 0.5202, Acc: 89.72%
[33mserver_1      |[0m INFO:__main__:Received update from client_002
[33mserver_1      |[0m INFO:werkzeug:172.18.0.22 - - [27/Jan/2026 12:30:04] "POST /submit_update HTTP/1.1" 200 -
[32mclient_002_1  |[0m 2026-01-27 12:30:04,697 - __main__ - INFO - 🚀 Model update submitted successfully.
[32mclient_002_1  |[0m 2026-01-27 12:30:04,698 - __main__ - INFO - Update submitted for Round 10. Waiting...
[34;1mclient_009_1  |[0m 2026-01-27 12:30:07,151 - __main__ - INFO - Round 11 finished. Loss: 1.0063, Acc: 65.04%
[33mserver_1      |[0m INFO:__main__:Received update from client_009
[33mserver_1      |[0m INFO:__main__:--- Aggregating 5 updates ---
[33mserver_1      |[0m INFO:__main__:⚡ Using Custom Aggregator with Drift Metric...
[33mserver_1      |[0m INFO:server.aggregator:Starting FedAvg aggregation for 5 clients.
[34mclient_004_1  |[0m 2026-01-27 12:30:08,475 - __main__ - INFO - Round 10 finished. Loss: 1.1362, Acc: 65.43%
[33mserver_1      |[0m INFO:werkzeug:172.18.0.18 - - [27/Jan/2026 12:30:08] "[31m[1mPOST /submit_update HTTP/1.1[0m" 400 -
[34mclient_004_1  |[0m 2026-01-27 12:30:08,539 - __main__ - ERROR - Update submission failed: {"error":"Not accepting updates"}
[34mclient_004_1  |[0m 
[34mclient_004_1  |[0m 2026-01-27 12:30:08,539 - __main__ - INFO - Update submitted for Round 10. Waiting...
[36mclient_010_1  |[0m 2026-01-27 12:30:08,784 - __main__ - INFO - --- New Round Detected: 11 ---
[33mserver_1      |[0m INFO:werkzeug:172.18.0.7 - - [27/Jan/2026 12:30:08] "GET /download_model?round=11 HTTP/1.1" 200 -
[33mserver_1      |[0m INFO:server.aggregator:--- [METRIC] Weight Divergence: 1.4680
[33mserver_1      |[0m INFO:server.aggregator:FedAvg aggregation complete.
[33mserver_1      |[0m INFO:__main__:Aggregation complete.
[36mclient_010_1  |[0m 2026-01-27 12:30:09,494 - __main__ - INFO - Round 11 finished. Loss: 0.2262, Acc: 97.91%
[33mserver_1      |[0m ⏱️ [TIME] Client client_005 finished training in 2.58s
[33mserver_1      |[0m ⏱️ [TIME] Client client_007 finished training in 0.30s
[33mserver_1      |[0m ⏱️ [TIME] Client client_006 finished training in 0.01s
[33mserver_1      |[0m ⏱️ [TIME] Client client_002 finished training in 2.01s
[33mserver_1      |[0m ⏱️ [TIME] Client client_009 finished training in 2.98s
[33mserver_1      |[0m DEBUG: ⚠️ MY CUSTOM AGGREGATOR IS RUNNING ⚠️
[33mserver_1      |[0m INFO:werkzeug:172.18.0.7 - - [27/Jan/2026 12:30:09] "[31m[1mPOST /submit_update HTTP/1.1[0m" 400 -
[36mclient_010_1  |[0m 2026-01-27 12:30:09,671 - __main__ - ERROR - Update submission failed: {"error":"Not accepting updates"}
[36mclient_010_1  |[0m 
[36mclient_010_1  |[0m 2026-01-27 12:30:09,671 - __main__ - INFO - Update submitted for Round 11. Waiting...
[35;1mclient_008_1  |[0m 2026-01-27 12:30:09,709 - __main__ - INFO - --- New Round Detected: 11 ---
[33mserver_1      |[0m INFO:werkzeug:172.18.0.21 - - [27/Jan/2026 12:30:09] "GET /download_model?round=11 HTTP/1.1" 200 -
[33mserver_1      |[0m INFO:__main__:--- Round 11 Acc: 28.35%, Loss: 2.0940 ---
[33mserver_1      |[0m INFO:__main__:--- Starting Round 12. Timeout: 300s ---
[33mserver_1      |[0m INFO:werkzeug:172.18.0.11 - - [27/Jan/2026 12:30:10] "POST /submit_update HTTP/1.1" 200 -
[34;1mclient_009_1  |[0m 2026-01-27 12:30:10,321 - __main__ - INFO - 🚀 Model update submitted successfully.
[34;1mclient_009_1  |[0m 2026-01-27 12:30:10,323 - __main__ - INFO - Update submitted for Round 11. Waiting...
[35;1mclient_008_1  |[0m 2026-01-27 12:30:11,366 - __main__ - INFO - Round 11 finished. Loss: 0.1878, Acc: 97.93%
[33mserver_1      |[0m INFO:__main__:Received update from client_008
[33mserver_1      |[0m INFO:werkzeug:172.18.0.21 - - [27/Jan/2026 12:30:11] "POST /submit_update HTTP/1.1" 200 -
[35;1mclient_008_1  |[0m 2026-01-27 12:30:11,501 - __main__ - INFO - 🚀 Model update submitted successfully.
[35;1mclient_008_1  |[0m 2026-01-27 12:30:11,501 - __main__ - INFO - Update submitted for Round 11. Waiting...
[33mclient_001_1  |[0m 2026-01-27 12:30:12,615 - __main__ - INFO - --- New Round Detected: 12 ---
[35mclient_003_1  |[0m 2026-01-27 12:30:12,630 - __main__ - INFO - --- New Round Detected: 12 ---
[33mserver_1      |[0m INFO:werkzeug:172.18.0.20 - - [27/Jan/2026 12:30:12] "GET /download_model?round=12 HTTP/1.1" 200 -
[33mserver_1      |[0m INFO:werkzeug:172.18.0.13 - - [27/Jan/2026 12:30:12] "GET /download_model?round=12 HTTP/1.1" 200 -
[36;1mclient_005_1  |[0m 2026-01-27 12:30:12,786 - __main__ - INFO - --- New Round Detected: 12 ---
[33mserver_1      |[0m INFO:werkzeug:172.18.0.9 - - [27/Jan/2026 12:30:12] "GET /download_model?round=12 HTTP/1.1" 200 -
[32;1mclient_007_1  |[0m 2026-01-27 12:30:13,046 - __main__ - INFO - --- New Round Detected: 12 ---
[33mserver_1      |[0m INFO:werkzeug:172.18.0.15 - - [27/Jan/2026 12:30:13] "GET /download_model?round=12 HTTP/1.1" 200 -
[33mclient_001_1  |[0m 2026-01-27 12:30:13,209 - __main__ - INFO - Round 12 finished. Loss: 0.1263, Acc: 97.41%
[33mserver_1      |[0m INFO:__main__:Received update from client_001
[33mserver_1      |[0m INFO:werkzeug:172.18.0.20 - - [27/Jan/2026 12:30:13] "POST /submit_update HTTP/1.1" 200 -
[33mclient_001_1  |[0m 2026-01-27 12:30:13,344 - __main__ - INFO - 🚀 Model update submitted successfully.
[33mclient_001_1  |[0m 2026-01-27 12:30:13,344 - __main__ - INFO - Update submitted for Round 12. Waiting...
[32;1mclient_007_1  |[0m 2026-01-27 12:30:13,409 - __main__ - INFO - Round 12 finished. Loss: 0.9061, Acc: 57.51%
[33mserver_1      |[0m INFO:__main__:Received update from client_007
[33mserver_1      |[0m INFO:werkzeug:172.18.0.15 - - [27/Jan/2026 12:30:13] "POST /submit_update HTTP/1.1" 200 -
[32;1mclient_007_1  |[0m 2026-01-27 12:30:13,543 - __main__ - INFO - 🚀 Model update submitted successfully.
[32;1mclient_007_1  |[0m 2026-01-27 12:30:13,544 - __main__ - INFO - Update submitted for Round 12. Waiting...
[33;1mclient_006_1  |[0m 2026-01-27 12:30:13,707 - __main__ - INFO - --- New Round Detected: 12 ---
[33mserver_1      |[0m INFO:werkzeug:172.18.0.17 - - [27/Jan/2026 12:30:13] "GET /download_model?round=12 HTTP/1.1" 200 -
[33;1mclient_006_1  |[0m 2026-01-27 12:30:13,848 - __main__ - INFO - Round 12 finished. Loss: 1.7302, Acc: 28.57%
[33mserver_1      |[0m INFO:__main__:Received update from client_006
[33mserver_1      |[0m INFO:werkzeug:172.18.0.17 - - [27/Jan/2026 12:30:13] "POST /submit_update HTTP/1.1" 200 -
[33;1mclient_006_1  |[0m 2026-01-27 12:30:13,984 - __main__ - INFO - 🚀 Model update submitted successfully.
[33;1mclient_006_1  |[0m 2026-01-27 12:30:13,984 - __main__ - INFO - Update submitted for Round 12. Waiting...
[32mclient_002_1  |[0m 2026-01-27 12:30:14,776 - __main__ - INFO - --- New Round Detected: 12 ---
[33mserver_1      |[0m INFO:werkzeug:172.18.0.22 - - [27/Jan/2026 12:30:14] "GET /download_model?round=12 HTTP/1.1" 200 -
[36;1mclient_005_1  |[0m 2026-01-27 12:30:15,413 - __main__ - INFO - Round 12 finished. Loss: 0.2747, Acc: 91.55%
[33mserver_1      |[0m INFO:__main__:Received update from client_005
[33mserver_1      |[0m INFO:__main__:--- Aggregating 5 updates ---
[33mserver_1      |[0m INFO:__main__:⚡ Using Custom Aggregator with Drift Metric...
[33mserver_1      |[0m INFO:server.aggregator:Starting FedAvg aggregation for 5 clients.
[33mserver_1      |[0m INFO:server.aggregator:--- [METRIC] Weight Divergence: 1.0289
[33mserver_1      |[0m INFO:server.aggregator:FedAvg aggregation complete.
[33mserver_1      |[0m INFO:__main__:Aggregation complete.
[32mclient_002_1  |[0m 2026-01-27 12:30:16,882 - __main__ - INFO - Round 12 finished. Loss: 0.3458, Acc: 89.33%
[33mserver_1      |[0m INFO:werkzeug:172.18.0.22 - - [27/Jan/2026 12:30:16] "[31m[1mPOST /submit_update HTTP/1.1[0m" 400 -
[32mclient_002_1  |[0m 2026-01-27 12:30:16,947 - __main__ - ERROR - Update submission failed: {"error":"Not accepting updates"}
[32mclient_002_1  |[0m 
[32mclient_002_1  |[0m 2026-01-27 12:30:16,948 - __main__ - INFO - Update submitted for Round 12. Waiting...
[33mserver_1      |[0m ⏱️ [TIME] Client client_008 finished training in 1.53s
[33mserver_1      |[0m ⏱️ [TIME] Client client_001 finished training in 0.46s
[33mserver_1      |[0m ⏱️ [TIME] Client client_007 finished training in 0.23s
[33mserver_1      |[0m ⏱️ [TIME] Client client_006 finished training in 0.01s
[33mserver_1      |[0m ⏱️ [TIME] Client client_005 finished training in 2.50s
[33mserver_1      |[0m DEBUG: ⚠️ MY CUSTOM AGGREGATOR IS RUNNING ⚠️
[33mserver_1      |[0m INFO:__main__:--- Round 12 Acc: 21.91%, Loss: 2.4209 ---
[33mserver_1      |[0m INFO:__main__:--- Starting Round 13. Timeout: 300s ---
[33mserver_1      |[0m INFO:werkzeug:172.18.0.9 - - [27/Jan/2026 12:30:18] "POST /submit_update HTTP/1.1" 200 -
[36;1mclient_005_1  |[0m 2026-01-27 12:30:18,164 - __main__ - INFO - 🚀 Model update submitted successfully.
[36;1mclient_005_1  |[0m 2026-01-27 12:30:18,164 - __main__ - INFO - Update submitted for Round 12. Waiting...
[34mclient_004_1  |[0m 2026-01-27 12:30:18,605 - __main__ - INFO - --- New Round Detected: 13 ---
[33mserver_1      |[0m INFO:werkzeug:172.18.0.18 - - [27/Jan/2026 12:30:18] "GET /download_model?round=13 HTTP/1.1" 200 -
[36mclient_010_1  |[0m 2026-01-27 12:30:19,752 - __main__ - INFO - --- New Round Detected: 13 ---
[33mserver_1      |[0m INFO:werkzeug:172.18.0.7 - - [27/Jan/2026 12:30:19] "GET /download_model?round=13 HTTP/1.1" 200 -
[34;1mclient_009_1  |[0m 2026-01-27 12:30:20,385 - __main__ - INFO - --- New Round Detected: 13 ---
[33mserver_1      |[0m INFO:werkzeug:172.18.0.11 - - [27/Jan/2026 12:30:20] "GET /download_model?round=13 HTTP/1.1" 200 -
[36mclient_010_1  |[0m 2026-01-27 12:30:20,513 - __main__ - INFO - Round 13 finished. Loss: 0.3375, Acc: 97.91%
[33mserver_1      |[0m INFO:__main__:Received update from client_010
[33mserver_1      |[0m INFO:werkzeug:172.18.0.7 - - [27/Jan/2026 12:30:20] "POST /submit_update HTTP/1.1" 200 -
[36mclient_010_1  |[0m 2026-01-27 12:30:20,649 - __main__ - INFO - 🚀 Model update submitted successfully.
[36mclient_010_1  |[0m 2026-01-27 12:30:20,649 - __main__ - INFO - Update submitted for Round 13. Waiting...
[35;1mclient_008_1  |[0m 2026-01-27 12:30:21,568 - __main__ - INFO - --- New Round Detected: 13 ---
[33mserver_1      |[0m INFO:werkzeug:172.18.0.21 - - [27/Jan/2026 12:30:21] "GET /download_model?round=13 HTTP/1.1" 200 -
[35;1mclient_008_1  |[0m 2026-01-27 12:30:23,323 - __main__ - INFO - Round 13 finished. Loss: 0.1925, Acc: 97.88%
[33mclient_001_1  |[0m 2026-01-27 12:30:23,412 - __main__ - INFO - --- New Round Detected: 13 ---
[33mserver_1      |[0m INFO:__main__:Received update from client_008
[33mserver_1      |[0m INFO:werkzeug:172.18.0.21 - - [27/Jan/2026 12:30:23] "POST /submit_update HTTP/1.1" 200 -
[33mserver_1      |[0m INFO:werkzeug:172.18.0.20 - - [27/Jan/2026 12:30:23] "GET /download_model?round=13 HTTP/1.1" 200 -
[35;1mclient_008_1  |[0m 2026-01-27 12:30:23,458 - __main__ - INFO - 🚀 Model update submitted successfully.
[35;1mclient_008_1  |[0m 2026-01-27 12:30:23,458 - __main__ - INFO - Update submitted for Round 13. Waiting...
[34;1mclient_009_1  |[0m 2026-01-27 12:30:23,603 - __main__ - INFO - Round 13 finished. Loss: 1.0787, Acc: 65.53%
[32;1mclient_007_1  |[0m 2026-01-27 12:30:23,642 - __main__ - INFO - --- New Round Detected: 13 ---
[33mserver_1      |[0m INFO:werkzeug:172.18.0.15 - - [27/Jan/2026 12:30:23] "GET /download_model?round=13 HTTP/1.1" 200 -
[33mserver_1      |[0m INFO:__main__:Received update from client_009
[33mserver_1      |[0m INFO:werkzeug:172.18.0.11 - - [27/Jan/2026 12:30:23] "POST /submit_update HTTP/1.1" 200 -
[34;1mclient_009_1  |[0m 2026-01-27 12:30:23,737 - __main__ - INFO - 🚀 Model update submitted successfully.
[34;1mclient_009_1  |[0m 2026-01-27 12:30:23,737 - __main__ - INFO - Update submitted for Round 13. Waiting...
[33;1mclient_006_1  |[0m 2026-01-27 12:30:24,065 - __main__ - INFO - --- New Round Detected: 13 ---
[33mserver_1      |[0m INFO:werkzeug:172.18.0.17 - - [27/Jan/2026 12:30:24] "GET /download_model?round=13 HTTP/1.1" 200 -
[33mclient_001_1  |[0m 2026-01-27 12:30:24,148 - __main__ - INFO - Round 13 finished. Loss: 0.3198, Acc: 95.79%
[33;1mclient_006_1  |[0m 2026-01-27 12:30:24,213 - __main__ - INFO - Round 13 finished. Loss: 2.1744, Acc: 35.71%
[33mserver_1      |[0m INFO:__main__:Received update from client_001
[33mserver_1      |[0m INFO:werkzeug:172.18.0.20 - - [27/Jan/2026 12:30:24] "POST /submit_update HTTP/1.1" 200 -
[33mclient_001_1  |[0m 2026-01-27 12:30:24,284 - __main__ - INFO - 🚀 Model update submitted successfully.
[33mclient_001_1  |[0m 2026-01-27 12:30:24,284 - __main__ - INFO - Update submitted for Round 13. Waiting...
[32;1mclient_007_1  |[0m 2026-01-27 12:30:24,306 - __main__ - INFO - Round 13 finished. Loss: 0.9894, Acc: 59.52%
[33mserver_1      |[0m INFO:__main__:Received update from client_006
[33mserver_1      |[0m INFO:__main__:--- Aggregating 5 updates ---
[33mserver_1      |[0m INFO:__main__:⚡ Using Custom Aggregator with Drift Metric...
[33mserver_1      |[0m INFO:server.aggregator:Starting FedAvg aggregation for 5 clients.
[33mserver_1      |[0m INFO:werkzeug:172.18.0.15 - - [27/Jan/2026 12:30:24] "[31m[1mPOST /submit_update HTTP/1.1[0m" 400 -
[32;1mclient_007_1  |[0m 2026-01-27 12:30:24,379 - __main__ - ERROR - Update submission failed: {"error":"Not accepting updates"}
[32;1mclient_007_1  |[0m 
[32;1mclient_007_1  |[0m 2026-01-27 12:30:24,379 - __main__ - INFO - Update submitted for Round 13. Waiting...
[33mserver_1      |[0m INFO:server.aggregator:--- [METRIC] Weight Divergence: 0.9609
[33mserver_1      |[0m INFO:server.aggregator:FedAvg aggregation complete.
[33mserver_1      |[0m INFO:__main__:Aggregation complete.
[33mserver_1      |[0m ⏱️ [TIME] Client client_010 finished training in 0.63s
[33mserver_1      |[0m ⏱️ [TIME] Client client_008 finished training in 1.63s
[33mserver_1      |[0m ⏱️ [TIME] Client client_009 finished training in 3.09s
[33mserver_1      |[0m ⏱️ [TIME] Client client_001 finished training in 0.60s
[33mserver_1      |[0m ⏱️ [TIME] Client client_006 finished training in 0.02s
[33mserver_1      |[0m DEBUG: ⚠️ MY CUSTOM AGGREGATOR IS RUNNING ⚠️
[35mclient_003_1  |[0m 2026-01-27 12:30:25,673 - __main__ - INFO - Round 12 finished. Loss: 0.9236, Acc: 70.67%
[33mserver_1      |[0m INFO:werkzeug:172.18.0.13 - - [27/Jan/2026 12:30:25] "[31m[1mPOST /submit_update HTTP/1.1[0m" 400 -
[35mclient_003_1  |[0m 2026-01-27 12:30:25,748 - __main__ - ERROR - Update submission failed: {"error":"Not accepting updates"}
[35mclient_003_1  |[0m 
[35mclient_003_1  |[0m 2026-01-27 12:30:25,748 - __main__ - INFO - Update submitted for Round 12. Waiting...
[34mclient_004_1  |[0m 2026-01-27 12:30:26,788 - __main__ - INFO - Round 13 finished. Loss: 1.0041, Acc: 65.33%
[33mserver_1      |[0m INFO:werkzeug:172.18.0.18 - - [27/Jan/2026 12:30:26] "[31m[1mPOST /submit_update HTTP/1.1[0m" 400 -
[33mserver_1      |[0m INFO:__main__:--- Round 13 Acc: 19.67%, Loss: 2.4713 ---
[33mserver_1      |[0m INFO:__main__:--- Starting Round 14. Timeout: 300s ---
[33mserver_1      |[0m INFO:werkzeug:172.18.0.17 - - [27/Jan/2026 12:30:26] "POST /submit_update HTTP/1.1" 200 -
[34mclient_004_1  |[0m 2026-01-27 12:30:26,851 - __main__ - ERROR - Update submission failed: {"error":"Not accepting updates"}
[34mclient_004_1  |[0m 
[34mclient_004_1  |[0m 2026-01-27 12:30:26,852 - __main__ - INFO - Update submitted for Round 13. Waiting...
[33;1mclient_006_1  |[0m 2026-01-27 12:30:26,847 - __main__ - INFO - 🚀 Model update submitted successfully.
[33;1mclient_006_1  |[0m 2026-01-27 12:30:26,847 - __main__ - INFO - Update submitted for Round 13. Waiting...
[32mclient_002_1  |[0m 2026-01-27 12:30:27,012 - __main__ - INFO - --- New Round Detected: 14 ---
[33mserver_1      |[0m INFO:werkzeug:172.18.0.22 - - [27/Jan/2026 12:30:27] "GET /download_model?round=14 HTTP/1.1" 200 -
[36;1mclient_005_1  |[0m 2026-01-27 12:30:28,225 - __main__ - INFO - --- New Round Detected: 14 ---
[33mserver_1      |[0m INFO:werkzeug:172.18.0.9 - - [27/Jan/2026 12:30:28] "GET /download_model?round=14 HTTP/1.1" 200 -
[32mclient_002_1  |[0m 2026-01-27 12:30:29,094 - __main__ - INFO - Round 14 finished. Loss: 0.4509, Acc: 89.92%
[33mserver_1      |[0m INFO:__main__:Received update from client_002
[33mserver_1      |[0m INFO:werkzeug:172.18.0.22 - - [27/Jan/2026 12:30:29] "POST /submit_update HTTP/1.1" 200 -
[32mclient_002_1  |[0m 2026-01-27 12:30:29,249 - __main__ - INFO - 🚀 Model update submitted successfully.
[32mclient_002_1  |[0m 2026-01-27 12:30:29,249 - __main__ - INFO - Update submitted for Round 14. Waiting...
[36mclient_010_1  |[0m 2026-01-27 12:30:30,714 - __main__ - INFO - --- New Round Detected: 14 ---
[33mserver_1      |[0m INFO:werkzeug:172.18.0.7 - - [27/Jan/2026 12:30:30] "GET /download_model?round=14 HTTP/1.1" 200 -
[36;1mclient_005_1  |[0m 2026-01-27 12:30:30,987 - __main__ - INFO - Round 14 finished. Loss: 0.4380, Acc: 91.55%
[33mserver_1      |[0m INFO:__main__:Received update from client_005
[33mserver_1      |[0m INFO:werkzeug:172.18.0.9 - - [27/Jan/2026 12:30:31] "POST /submit_update HTTP/1.1" 200 -
[36;1mclient_005_1  |[0m 2026-01-27 12:30:31,142 - __main__ - INFO - 🚀 Model update submitted successfully.
[36;1mclient_005_1  |[0m 2026-01-27 12:30:31,142 - __main__ - INFO - Update submitted for Round 14. Waiting...
[36mclient_010_1  |[0m 2026-01-27 12:30:31,511 - __main__ - INFO - Round 14 finished. Loss: 0.1790, Acc: 97.91%
[33mserver_1      |[0m INFO:__main__:Received update from client_010
[33mserver_1      |[0m INFO:werkzeug:172.18.0.7 - - [27/Jan/2026 12:30:31] "POST /submit_update HTTP/1.1" 200 -
[36mclient_010_1  |[0m 2026-01-27 12:30:31,665 - __main__ - INFO - 🚀 Model update submitted successfully.
[36mclient_010_1  |[0m 2026-01-27 12:30:31,666 - __main__ - INFO - Update submitted for Round 14. Waiting...
[35;1mclient_008_1  |[0m 2026-01-27 12:30:33,521 - __main__ - INFO - --- New Round Detected: 14 ---
[33mserver_1      |[0m INFO:werkzeug:172.18.0.21 - - [27/Jan/2026 12:30:33] "GET /download_model?round=14 HTTP/1.1" 200 -
[34;1mclient_009_1  |[0m 2026-01-27 12:30:33,798 - __main__ - INFO - --- New Round Detected: 14 ---
[33mserver_1      |[0m INFO:werkzeug:172.18.0.11 - - [27/Jan/2026 12:30:33] "GET /download_model?round=14 HTTP/1.1" 200 -
[33mclient_001_1  |[0m 2026-01-27 12:30:34,346 - __main__ - INFO - --- New Round Detected: 14 ---
[33mserver_1      |[0m INFO:werkzeug:172.18.0.20 - - [27/Jan/2026 12:30:34] "GET /download_model?round=14 HTTP/1.1" 200 -
[32;1mclient_007_1  |[0m 2026-01-27 12:30:34,442 - __main__ - INFO - --- New Round Detected: 14 ---
[33mserver_1      |[0m INFO:werkzeug:172.18.0.15 - - [27/Jan/2026 12:30:34] "GET /download_model?round=14 HTTP/1.1" 200 -
[32;1mclient_007_1  |[0m 2026-01-27 12:30:34,807 - __main__ - INFO - Round 14 finished. Loss: 1.1629, Acc: 57.69%
[33mserver_1      |[0m INFO:__main__:Received update from client_007
[33mserver_1      |[0m INFO:werkzeug:172.18.0.15 - - [27/Jan/2026 12:30:34] "POST /submit_update HTTP/1.1" 200 -
[32;1mclient_007_1  |[0m 2026-01-27 12:30:34,940 - __main__ - INFO - 🚀 Model update submitted successfully.
[32;1mclient_007_1  |[0m 2026-01-27 12:30:34,940 - __main__ - INFO - Update submitted for Round 14. Waiting...
[33mclient_001_1  |[0m 2026-01-27 12:30:35,105 - __main__ - INFO - Round 14 finished. Loss: 0.1612, Acc: 97.73%
[33mserver_1      |[0m INFO:__main__:Received update from client_001
[33mserver_1      |[0m INFO:__main__:--- Aggregating 5 updates ---
[33mserver_1      |[0m INFO:__main__:⚡ Using Custom Aggregator with Drift Metric...
[33mserver_1      |[0m INFO:server.aggregator:Starting FedAvg aggregation for 5 clients.
[35;1mclient_008_1  |[0m 2026-01-27 12:30:35,347 - __main__ - INFO - Round 14 finished. Loss: 0.1800, Acc: 97.93%
[33mserver_1      |[0m INFO:werkzeug:172.18.0.21 - - [27/Jan/2026 12:30:35] "[31m[1mPOST /submit_update HTTP/1.1[0m" 400 -
[35;1mclient_008_1  |[0m 2026-01-27 12:30:35,411 - __main__ - ERROR - Update submission failed: {"error":"Not accepting updates"}
[35;1mclient_008_1  |[0m 
[35;1mclient_008_1  |[0m 2026-01-27 12:30:35,411 - __main__ - INFO - Update submitted for Round 14. Waiting...
[35mclient_003_1  |[0m 2026-01-27 12:30:35,831 - __main__ - INFO - --- New Round Detected: 14 ---
[33mserver_1      |[0m INFO:werkzeug:172.18.0.13 - - [27/Jan/2026 12:30:35] "GET /download_model?round=14 HTTP/1.1" 200 -
[34;1mclient_009_1  |[0m 2026-01-27 12:30:35,904 - __main__ - INFO - Round 14 finished. Loss: 1.0344, Acc: 62.89%
[33mserver_1      |[0m INFO:werkzeug:172.18.0.11 - - [27/Jan/2026 12:30:35] "[31m[1mPOST /submit_update HTTP/1.1[0m" 400 -
[34;1mclient_009_1  |[0m 2026-01-27 12:30:35,967 - __main__ - ERROR - Update submission failed: {"error":"Not accepting updates"}
[34;1mclient_009_1  |[0m 
[34;1mclient_009_1  |[0m 2026-01-27 12:30:35,967 - __main__ - INFO - Update submitted for Round 14. Waiting...
[33mserver_1      |[0m INFO:server.aggregator:--- [METRIC] Weight Divergence: 0.9642
[33mserver_1      |[0m INFO:server.aggregator:FedAvg aggregation complete.
[33mserver_1      |[0m INFO:__main__:Aggregation complete.
[33mserver_1      |[0m ⏱️ [TIME] Client client_002 finished training in 1.95s
[33mserver_1      |[0m ⏱️ [TIME] Client client_005 finished training in 2.64s
[33mserver_1      |[0m ⏱️ [TIME] Client client_010 finished training in 0.67s
[33mserver_1      |[0m ⏱️ [TIME] Client client_007 finished training in 0.24s
[33mserver_1      |[0m ⏱️ [TIME] Client client_001 finished training in 0.63s
[33mserver_1      |[0m DEBUG: ⚠️ MY CUSTOM AGGREGATOR IS RUNNING ⚠️
[33;1mclient_006_1  |[0m 2026-01-27 12:30:36,912 - __main__ - INFO - --- New Round Detected: 14 ---
[34mclient_004_1  |[0m 2026-01-27 12:30:36,921 - __main__ - INFO - --- New Round Detected: 14 ---
[33mserver_1      |[0m INFO:werkzeug:172.18.0.17 - - [27/Jan/2026 12:30:36] "GET /download_model?round=14 HTTP/1.1" 200 -
[33mserver_1      |[0m INFO:werkzeug:172.18.0.18 - - [27/Jan/2026 12:30:36] "GET /download_model?round=14 HTTP/1.1" 200 -
[33;1mclient_006_1  |[0m 2026-01-27 12:30:37,102 - __main__ - INFO - Round 14 finished. Loss: 1.9718, Acc: 28.57%
[33mserver_1      |[0m INFO:werkzeug:172.18.0.17 - - [27/Jan/2026 12:30:37] "[31m[1mPOST /submit_update HTTP/1.1[0m" 400 -
[33;1mclient_006_1  |[0m 2026-01-27 12:30:37,167 - __main__ - ERROR - Update submission failed: {"error":"Not accepting updates"}
[33;1mclient_006_1  |[0m 
[33;1mclient_006_1  |[0m 2026-01-27 12:30:37,167 - __main__ - INFO - Update submitted for Round 14. Waiting...
[33mserver_1      |[0m INFO:__main__:--- Round 14 Acc: 26.49%, Loss: 2.2150 ---
[33mserver_1      |[0m INFO:__main__:--- Starting Round 15. Timeout: 300s ---
[33mserver_1      |[0m INFO:werkzeug:172.18.0.20 - - [27/Jan/2026 12:30:37] "POST /submit_update HTTP/1.1" 200 -
[33mclient_001_1  |[0m 2026-01-27 12:30:37,885 - __main__ - INFO - 🚀 Model update submitted successfully.
[33mclient_001_1  |[0m 2026-01-27 12:30:37,885 - __main__ - INFO - Update submitted for Round 14. Waiting...
[32mclient_002_1  |[0m 2026-01-27 12:30:39,317 - __main__ - INFO - --- New Round Detected: 15 ---
[33mserver_1      |[0m INFO:werkzeug:172.18.0.22 - - [27/Jan/2026 12:30:39] "GET /download_model?round=15 HTTP/1.1" 200 -
[36;1mclient_005_1  |[0m 2026-01-27 12:30:41,205 - __main__ - INFO - --- New Round Detected: 15 ---
[33mserver_1      |[0m INFO:werkzeug:172.18.0.9 - - [27/Jan/2026 12:30:41] "GET /download_model?round=15 HTTP/1.1" 200 -
[32mclient_002_1  |[0m 2026-01-27 12:30:41,523 - __main__ - INFO - Round 15 finished. Loss: 0.4148, Acc: 91.21%
[33mserver_1      |[0m INFO:__main__:Received update from client_002
[33mserver_1      |[0m INFO:werkzeug:172.18.0.22 - - [27/Jan/2026 12:30:41] "POST /submit_update HTTP/1.1" 200 -
[32mclient_002_1  |[0m 2026-01-27 12:30:41,659 - __main__ - INFO - 🚀 Model update submitted successfully.
[32mclient_002_1  |[0m 2026-01-27 12:30:41,659 - __main__ - INFO - Update submitted for Round 15. Waiting...
[36mclient_010_1  |[0m 2026-01-27 12:30:41,729 - __main__ - INFO - --- New Round Detected: 15 ---
[33mserver_1      |[0m INFO:werkzeug:172.18.0.7 - - [27/Jan/2026 12:30:41] "GET /download_model?round=15 HTTP/1.1" 200 -
[36mclient_010_1  |[0m 2026-01-27 12:30:42,517 - __main__ - INFO - Round 15 finished. Loss: 0.2302, Acc: 97.91%
[33mserver_1      |[0m INFO:__main__:Received update from client_010
[33mserver_1      |[0m INFO:werkzeug:172.18.0.7 - - [27/Jan/2026 12:30:42] "POST /submit_update HTTP/1.1" 200 -
[36mclient_010_1  |[0m 2026-01-27 12:30:42,652 - __main__ - INFO - 🚀 Model update submitted successfully.
[36mclient_010_1  |[0m 2026-01-27 12:30:42,653 - __main__ - INFO - Update submitted for Round 15. Waiting...
[36;1mclient_005_1  |[0m 2026-01-27 12:30:43,944 - __main__ - INFO - Round 15 finished. Loss: 0.3117, Acc: 91.98%
[33mserver_1      |[0m INFO:__main__:Received update from client_005
[33mserver_1      |[0m INFO:werkzeug:172.18.0.9 - - [27/Jan/2026 12:30:44] "POST /submit_update HTTP/1.1" 200 -
[36;1mclient_005_1  |[0m 2026-01-27 12:30:44,082 - __main__ - INFO - 🚀 Model update submitted successfully.
[36;1mclient_005_1  |[0m 2026-01-27 12:30:44,082 - __main__ - INFO - Update submitted for Round 15. Waiting...
[34mclient_004_1  |[0m 2026-01-27 12:30:44,819 - __main__ - INFO - Round 14 finished. Loss: 1.0305, Acc: 66.98%
[33mserver_1      |[0m INFO:__main__:Received update from client_004
[33mserver_1      |[0m INFO:werkzeug:172.18.0.18 - - [27/Jan/2026 12:30:44] "POST /submit_update HTTP/1.1" 200 -
[34mclient_004_1  |[0m 2026-01-27 12:30:44,955 - __main__ - INFO - 🚀 Model update submitted successfully.
[34mclient_004_1  |[0m 2026-01-27 12:30:44,955 - __main__ - INFO - Update submitted for Round 14. Waiting...
[32;1mclient_007_1  |[0m 2026-01-27 12:30:45,010 - __main__ - INFO - --- New Round Detected: 15 ---
[33mserver_1      |[0m INFO:werkzeug:172.18.0.15 - - [27/Jan/2026 12:30:45] "GET /download_model?round=15 HTTP/1.1" 200 -
[32;1mclient_007_1  |[0m 2026-01-27 12:30:45,391 - __main__ - INFO - Round 15 finished. Loss: 1.0749, Acc: 61.54%
[35;1mclient_008_1  |[0m 2026-01-27 12:30:45,472 - __main__ - INFO - --- New Round Detected: 15 ---
[33mserver_1      |[0m INFO:werkzeug:172.18.0.21 - - [27/Jan/2026 12:30:45] "GET /download_model?round=15 HTTP/1.1" 200 -
[33mserver_1      |[0m INFO:__main__:Received update from client_007
[33mserver_1      |[0m INFO:__main__:--- Aggregating 5 updates ---
[33mserver_1      |[0m INFO:__main__:⚡ Using Custom Aggregator with Drift Metric...
[33mserver_1      |[0m INFO:server.aggregator:Starting FedAvg aggregation for 5 clients.
[34;1mclient_009_1  |[0m 2026-01-27 12:30:46,037 - __main__ - INFO - --- New Round Detected: 15 ---
[33mserver_1      |[0m INFO:werkzeug:172.18.0.11 - - [27/Jan/2026 12:30:46] "GET /download_model?round=15 HTTP/1.1" 200 -
[33;1mclient_006_1  |[0m 2026-01-27 12:30:47,237 - __main__ - INFO - --- New Round Detected: 15 ---
[33mserver_1      |[0m INFO:werkzeug:172.18.0.17 - - [27/Jan/2026 12:30:47] "GET /download_model?round=15 HTTP/1.1" 200 -
[35;1mclient_008_1  |[0m 2026-01-27 12:30:47,329 - __main__ - INFO - Round 15 finished. Loss: 0.2485, Acc: 97.93%
[33mserver_1      |[0m INFO:werkzeug:172.18.0.21 - - [27/Jan/2026 12:30:47] "[31m[1mPOST /submit_update HTTP/1.1[0m" 400 -
[35;1mclient_008_1  |[0m 2026-01-27 12:30:47,392 - __main__ - ERROR - Update submission failed: {"error":"Not accepting updates"}
[35;1mclient_008_1  |[0m 
[35;1mclient_008_1  |[0m 2026-01-27 12:30:47,392 - __main__ - INFO - Update submitted for Round 15. Waiting...
[33;1mclient_006_1  |[0m 2026-01-27 12:30:47,409 - __main__ - INFO - Round 15 finished. Loss: 2.1281, Acc: 35.71%
[33mserver_1      |[0m INFO:werkzeug:172.18.0.17 - - [27/Jan/2026 12:30:47] "[31m[1mPOST /submit_update HTTP/1.1[0m" 400 -
[33;1mclient_006_1  |[0m 2026-01-27 12:30:47,476 - __main__ - ERROR - Update submission failed: {"error":"Not accepting updates"}
[33;1mclient_006_1  |[0m 
[33;1mclient_006_1  |[0m 2026-01-27 12:30:47,476 - __main__ - INFO - Update submitted for Round 15. Waiting...
[33mserver_1      |[0m INFO:server.aggregator:--- [METRIC] Weight Divergence: 1.3201
[33mserver_1      |[0m INFO:server.aggregator:FedAvg aggregation complete.
[33mserver_1      |[0m INFO:__main__:Aggregation complete.
[33mserver_1      |[0m ⏱️ [TIME] Client client_002 finished training in 2.07s
[33mserver_1      |[0m ⏱️ [TIME] Client client_010 finished training in 0.66s
[33mserver_1      |[0m ⏱️ [TIME] Client client_005 finished training in 2.61s
[33mserver_1      |[0m ⏱️ [TIME] Client client_004 finished training in 7.77s
[33mserver_1      |[0m ⏱️ [TIME] Client client_007 finished training in 0.25s
[33mserver_1      |[0m DEBUG: ⚠️ MY CUSTOM AGGREGATOR IS RUNNING ⚠️
[33mclient_001_1  |[0m 2026-01-27 12:30:47,983 - __main__ - INFO - --- New Round Detected: 15 ---
[33mserver_1      |[0m INFO:werkzeug:172.18.0.20 - - [27/Jan/2026 12:30:48] "GET /download_model?round=15 HTTP/1.1" 200 -
[34;1mclient_009_1  |[0m 2026-01-27 12:30:48,174 - __main__ - INFO - Round 15 finished. Loss: 1.0146, Acc: 66.17%
[33mserver_1      |[0m INFO:werkzeug:172.18.0.11 - - [27/Jan/2026 12:30:48] "[31m[1mPOST /submit_update HTTP/1.1[0m" 400 -
[34;1mclient_009_1  |[0m 2026-01-27 12:30:48,239 - __main__ - ERROR - Update submission failed: {"error":"Not accepting updates"}
[34;1mclient_009_1  |[0m 
[34;1mclient_009_1  |[0m 2026-01-27 12:30:48,239 - __main__ - INFO - Update submitted for Round 15. Waiting...
[33mclient_001_1  |[0m 2026-01-27 12:30:48,419 - __main__ - INFO - Round 15 finished. Loss: 0.2064, Acc: 98.06%
[33mserver_1      |[0m INFO:werkzeug:172.18.0.20 - - [27/Jan/2026 12:30:48] "[31m[1mPOST /submit_update HTTP/1.1[0m" 400 -
[33mclient_001_1  |[0m 2026-01-27 12:30:48,482 - __main__ - ERROR - Update submission failed: {"error":"Not accepting updates"}
[33mclient_001_1  |[0m 
[33mclient_001_1  |[0m 2026-01-27 12:30:48,482 - __main__ - INFO - Update submitted for Round 15. Waiting...
[33mserver_1      |[0m INFO:__main__:--- Round 15 Acc: 26.70%, Loss: 2.1511 ---
[33mserver_1      |[0m INFO:__main__:--- Starting Round 16. Timeout: 300s ---
[33mserver_1      |[0m INFO:werkzeug:172.18.0.15 - - [27/Jan/2026 12:30:48] "POST /submit_update HTTP/1.1" 200 -
[32;1mclient_007_1  |[0m 2026-01-27 12:30:48,833 - __main__ - INFO - 🚀 Model update submitted successfully.
[32;1mclient_007_1  |[0m 2026-01-27 12:30:48,834 - __main__ - INFO - Update submitted for Round 15. Waiting...
[35mclient_003_1  |[0m 2026-01-27 12:30:50,779 - __main__ - INFO - Round 14 finished. Loss: 1.0061, Acc: 72.04%
[33mserver_1      |[0m INFO:__main__:Received update from client_003
[33mserver_1      |[0m INFO:werkzeug:172.18.0.13 - - [27/Jan/2026 12:30:50] "POST /submit_update HTTP/1.1" 200 -
[35mclient_003_1  |[0m 2026-01-27 12:30:50,914 - __main__ - INFO - 🚀 Model update submitted successfully.
[35mclient_003_1  |[0m 2026-01-27 12:30:50,914 - __main__ - INFO - Update submitted for Round 14. Waiting...
[32mclient_002_1  |[0m 2026-01-27 12:30:51,729 - __main__ - INFO - --- New Round Detected: 16 ---
[33mserver_1      |[0m INFO:werkzeug:172.18.0.22 - - [27/Jan/2026 12:30:51] "GET /download_model?round=16 HTTP/1.1" 200 -
[36mclient_010_1  |[0m 2026-01-27 12:30:52,717 - __main__ - INFO - --- New Round Detected: 16 ---
[33mserver_1      |[0m INFO:werkzeug:172.18.0.7 - - [27/Jan/2026 12:30:52] "GET /download_model?round=16 HTTP/1.1" 200 -
[36mclient_010_1  |[0m 2026-01-27 12:30:53,550 - __main__ - INFO - Round 16 finished. Loss: 0.3126, Acc: 97.91%
[33mserver_1      |[0m INFO:__main__:Received update from client_010
[33mserver_1      |[0m INFO:werkzeug:172.18.0.7 - - [27/Jan/2026 12:30:53] "POST /submit_update HTTP/1.1" 200 -
[36mclient_010_1  |[0m 2026-01-27 12:30:53,685 - __main__ - INFO - 🚀 Model update submitted successfully.
[36mclient_010_1  |[0m 2026-01-27 12:30:53,685 - __main__ - INFO - Update submitted for Round 16. Waiting...
[32mclient_002_1  |[0m 2026-01-27 12:30:53,831 - __main__ - INFO - Round 16 finished. Loss: 0.4648, Acc: 90.61%
[33mserver_1      |[0m INFO:__main__:Received update from client_002
[33mserver_1      |[0m INFO:werkzeug:172.18.0.22 - - [27/Jan/2026 12:30:53] "POST /submit_update HTTP/1.1" 200 -
[32mclient_002_1  |[0m 2026-01-27 12:30:53,968 - __main__ - INFO - 🚀 Model update submitted successfully.
[32mclient_002_1  |[0m 2026-01-27 12:30:53,968 - __main__ - INFO - Update submitted for Round 16. Waiting...
[36;1mclient_005_1  |[0m 2026-01-27 12:30:54,145 - __main__ - INFO - --- New Round Detected: 16 ---
[33mserver_1      |[0m INFO:werkzeug:172.18.0.9 - - [27/Jan/2026 12:30:54] "GET /download_model?round=16 HTTP/1.1" 200 -
[34mclient_004_1  |[0m 2026-01-27 12:30:55,017 - __main__ - INFO - --- New Round Detected: 16 ---
[33mserver_1      |[0m INFO:werkzeug:172.18.0.18 - - [27/Jan/2026 12:30:55] "GET /download_model?round=16 HTTP/1.1" 200 -
[33mclient_011_1  |[0m 2026-01-27 12:30:56,432 - __main__ - INFO - Round 0 finished. Loss: 1.5792, Acc: 37.95%
[36;1mclient_005_1  |[0m 2026-01-27 12:30:56,922 - __main__ - INFO - Round 16 finished. Loss: 0.2938, Acc: 92.79%
[33mserver_1      |[0m INFO:__main__:Received update from client_005
[33mserver_1      |[0m INFO:werkzeug:172.18.0.9 - - [27/Jan/2026 12:30:57] "POST /submit_update HTTP/1.1" 200 -
[36;1mclient_005_1  |[0m 2026-01-27 12:30:57,064 - __main__ - INFO - 🚀 Model update submitted successfully.
[36;1mclient_005_1  |[0m 2026-01-27 12:30:57,064 - __main__ - INFO - Update submitted for Round 16. Waiting...
[35;1mclient_008_1  |[0m 2026-01-27 12:30:57,460 - __main__ - INFO - --- New Round Detected: 16 ---
[33mserver_1      |[0m INFO:werkzeug:172.18.0.21 - - [27/Jan/2026 12:30:57] "GET /download_model?round=16 HTTP/1.1" 200 -
[33;1mclient_006_1  |[0m 2026-01-27 12:30:57,558 - __main__ - INFO - --- New Round Detected: 16 ---
[33mserver_1      |[0m INFO:werkzeug:172.18.0.17 - - [27/Jan/2026 12:30:57] "GET /download_model?round=16 HTTP/1.1" 200 -
[33mserver_1      |[0m INFO:__main__:Received update from client_011
[33mserver_1      |[0m INFO:__main__:--- Aggregating 5 updates ---
[33mserver_1      |[0m INFO:__main__:⚡ Using Custom Aggregator with Drift Metric...
[33mserver_1      |[0m INFO:server.aggregator:Starting FedAvg aggregation for 5 clients.
[33;1mclient_006_1  |[0m 2026-01-27 12:30:57,702 - __main__ - INFO - Round 16 finished. Loss: 1.7209, Acc: 28.57%
[33mserver_1      |[0m INFO:werkzeug:172.18.0.17 - - [27/Jan/2026 12:30:57] "[31m[1mPOST /submit_update HTTP/1.1[0m" 400 -
[33;1mclient_006_1  |[0m 2026-01-27 12:30:57,768 - __main__ - ERROR - Update submission failed: {"error":"Not accepting updates"}
[33;1mclient_006_1  |[0m 
[33;1mclient_006_1  |[0m 2026-01-27 12:30:57,768 - __main__ - INFO - Update submitted for Round 16. Waiting...
[34;1mclient_009_1  |[0m 2026-01-27 12:30:58,303 - __main__ - INFO - --- New Round Detected: 16 ---
[33mserver_1      |[0m INFO:werkzeug:172.18.0.11 - - [27/Jan/2026 12:30:58] "GET /download_model?round=16 HTTP/1.1" 200 -
[33mclient_001_1  |[0m 2026-01-27 12:30:58,549 - __main__ - INFO - --- New Round Detected: 16 ---
[33mserver_1      |[0m INFO:werkzeug:172.18.0.20 - - [27/Jan/2026 12:30:58] "GET /download_model?round=16 HTTP/1.1" 200 -
[32;1mclient_007_1  |[0m 2026-01-27 12:30:58,897 - __main__ - INFO - --- New Round Detected: 16 ---
[33mserver_1      |[0m INFO:werkzeug:172.18.0.15 - - [27/Jan/2026 12:30:59] "GET /download_model?round=16 HTTP/1.1" 200 -
[33mclient_001_1  |[0m 2026-01-27 12:30:59,200 - __main__ - INFO - Round 16 finished. Loss: 0.2592, Acc: 98.38%
[33mserver_1      |[0m INFO:werkzeug:172.18.0.20 - - [27/Jan/2026 12:30:59] "[31m[1mPOST /submit_update HTTP/1.1[0m" 400 -
[33mclient_001_1  |[0m 2026-01-27 12:30:59,265 - __main__ - ERROR - Update submission failed: {"error":"Not accepting updates"}
[33mclient_001_1  |[0m 
[33mclient_001_1  |[0m 2026-01-27 12:30:59,266 - __main__ - INFO - Update submitted for Round 16. Waiting...
[35;1mclient_008_1  |[0m 2026-01-27 12:30:59,296 - __main__ - INFO - Round 16 finished. Loss: 0.2992, Acc: 97.93%
[33mserver_1      |[0m INFO:werkzeug:172.18.0.21 - - [27/Jan/2026 12:30:59] "[31m[1mPOST /submit_update HTTP/1.1[0m" 400 -
[35;1mclient_008_1  |[0m 2026-01-27 12:30:59,359 - __main__ - ERROR - Update submission failed: {"error":"Not accepting updates"}
[35;1mclient_008_1  |[0m 
[35;1mclient_008_1  |[0m 2026-01-27 12:30:59,359 - __main__ - INFO - Update submitted for Round 16. Waiting...
[33mserver_1      |[0m INFO:server.aggregator:--- [METRIC] Weight Divergence: 2.3975
[33mserver_1      |[0m INFO:server.aggregator:FedAvg aggregation complete.
[33mserver_1      |[0m INFO:__main__:Aggregation complete.
[32;1mclient_007_1  |[0m 2026-01-27 12:30:59,572 - __main__ - INFO - Round 16 finished. Loss: 1.0762, Acc: 56.78%
[33mserver_1      |[0m ⏱️ [TIME] Client client_003 finished training in 14.77s
[33mserver_1      |[0m ⏱️ [TIME] Client client_010 finished training in 0.69s
[33mserver_1      |[0m ⏱️ [TIME] Client client_002 finished training in 1.97s
[33mserver_1      |[0m ⏱️ [TIME] Client client_005 finished training in 2.65s
[33mserver_1      |[0m ⏱️ [TIME] Client client_011 finished training in 146.53s
[33mserver_1      |[0m DEBUG: ⚠️ MY CUSTOM AGGREGATOR IS RUNNING ⚠️
[33mserver_1      |[0m INFO:werkzeug:172.18.0.15 - - [27/Jan/2026 12:30:59] "[31m[1mPOST /submit_update HTTP/1.1[0m" 400 -
[32;1mclient_007_1  |[0m 2026-01-27 12:30:59,750 - __main__ - ERROR - Update submission failed: {"error":"Not accepting updates"}
[32;1mclient_007_1  |[0m 
[32;1mclient_007_1  |[0m 2026-01-27 12:30:59,751 - __main__ - INFO - Update submitted for Round 16. Waiting...
[33mserver_1      |[0m INFO:__main__:--- Round 16 Acc: 32.06%, Loss: 2.0216 ---
[33mserver_1      |[0m INFO:__main__:--- Starting Round 17. Timeout: 300s ---
[33mserver_1      |[0m INFO:werkzeug:172.18.0.14 - - [27/Jan/2026 12:31:00] "POST /submit_update HTTP/1.1" 200 -
[33mclient_011_1  |[0m 2026-01-27 12:31:00,687 - __main__ - INFO - 🚀 Model update submitted successfully.
[33mclient_011_1  |[0m 2026-01-27 12:31:00,687 - __main__ - INFO - Update submitted for Round 0. Waiting...
[35mclient_003_1  |[0m 2026-01-27 12:31:00,982 - __main__ - INFO - --- New Round Detected: 17 ---
[33mserver_1      |[0m INFO:werkzeug:172.18.0.13 - - [27/Jan/2026 12:31:01] "GET /download_model?round=17 HTTP/1.1" 200 -
[34;1mclient_009_1  |[0m 2026-01-27 12:31:01,465 - __main__ - INFO - Round 16 finished. Loss: 0.9750, Acc: 66.74%
[33mserver_1      |[0m INFO:__main__:Received update from client_009
[33mserver_1      |[0m INFO:werkzeug:172.18.0.11 - - [27/Jan/2026 12:31:01] "POST /submit_update HTTP/1.1" 200 -
[34;1mclient_009_1  |[0m 2026-01-27 12:31:01,623 - __main__ - INFO - 🚀 Model update submitted successfully.
[34;1mclient_009_1  |[0m 2026-01-27 12:31:01,623 - __main__ - INFO - Update submitted for Round 16. Waiting...
[34mclient_004_1  |[0m 2026-01-27 12:31:03,061 - __main__ - INFO - Round 16 finished. Loss: 0.8528, Acc: 70.06%
[33mserver_1      |[0m INFO:__main__:Received update from client_004
[33mserver_1      |[0m INFO:werkzeug:172.18.0.18 - - [27/Jan/2026 12:31:03] "POST /submit_update HTTP/1.1" 200 -
[34mclient_004_1  |[0m 2026-01-27 12:31:03,215 - __main__ - INFO - 🚀 Model update submitted successfully.
[34mclient_004_1  |[0m 2026-01-27 12:31:03,215 - __main__ - INFO - Update submitted for Round 16. Waiting...
[36mclient_010_1  |[0m 2026-01-27 12:31:03,756 - __main__ - INFO - --- New Round Detected: 17 ---
[33mserver_1      |[0m INFO:werkzeug:172.18.0.7 - - [27/Jan/2026 12:31:03] "GET /download_model?round=17 HTTP/1.1" 200 -
[32mclient_002_1  |[0m 2026-01-27 12:31:04,030 - __main__ - INFO - --- New Round Detected: 17 ---
[33mserver_1      |[0m INFO:werkzeug:172.18.0.22 - - [27/Jan/2026 12:31:04] "GET /download_model?round=17 HTTP/1.1" 200 -
[36mclient_010_1  |[0m 2026-01-27 12:31:04,543 - __main__ - INFO - Round 17 finished. Loss: 0.2701, Acc: 97.91%
[33mserver_1      |[0m INFO:__main__:Received update from client_010
[33mserver_1      |[0m INFO:werkzeug:172.18.0.7 - - [27/Jan/2026 12:31:04] "POST /submit_update HTTP/1.1" 200 -
[36mclient_010_1  |[0m 2026-01-27 12:31:04,678 - __main__ - INFO - 🚀 Model update submitted successfully.
[36mclient_010_1  |[0m 2026-01-27 12:31:04,678 - __main__ - INFO - Update submitted for Round 17. Waiting...
[32mclient_002_1  |[0m 2026-01-27 12:31:06,128 - __main__ - INFO - Round 17 finished. Loss: 0.4759, Acc: 91.30%
[33mserver_1      |[0m INFO:__main__:Received update from client_002
[33mserver_1      |[0m INFO:werkzeug:172.18.0.22 - - [27/Jan/2026 12:31:06] "POST /submit_update HTTP/1.1" 200 -
[32mclient_002_1  |[0m 2026-01-27 12:31:06,263 - __main__ - INFO - 🚀 Model update submitted successfully.
[32mclient_002_1  |[0m 2026-01-27 12:31:06,264 - __main__ - INFO - Update submitted for Round 17. Waiting...
[36;1mclient_005_1  |[0m 2026-01-27 12:31:07,125 - __main__ - INFO - --- New Round Detected: 17 ---
[33mserver_1      |[0m INFO:werkzeug:172.18.0.9 - - [27/Jan/2026 12:31:07] "GET /download_model?round=17 HTTP/1.1" 200 -
[33;1mclient_006_1  |[0m 2026-01-27 12:31:07,837 - __main__ - INFO - --- New Round Detected: 17 ---
[33mserver_1      |[0m INFO:werkzeug:172.18.0.17 - - [27/Jan/2026 12:31:07] "GET /download_model?round=17 HTTP/1.1" 200 -
[33;1mclient_006_1  |[0m 2026-01-27 12:31:07,974 - __main__ - INFO - Round 17 finished. Loss: 1.2377, Acc: 64.29%
[33mserver_1      |[0m INFO:__main__:Received update from client_006
[33mserver_1      |[0m INFO:__main__:--- Aggregating 5 updates ---
[33mserver_1      |[0m INFO:__main__:⚡ Using Custom Aggregator with Drift Metric...
[33mserver_1      |[0m INFO:server.aggregator:Starting FedAvg aggregation for 5 clients.
[33mserver_1      |[0m INFO:server.aggregator:--- [METRIC] Weight Divergence: 1.6493
[33mserver_1      |[0m INFO:server.aggregator:FedAvg aggregation complete.
[33mserver_1      |[0m INFO:__main__:Aggregation complete.
[33mclient_001_1  |[0m 2026-01-27 12:31:09,344 - __main__ - INFO - --- New Round Detected: 17 ---
[33mserver_1      |[0m INFO:werkzeug:172.18.0.20 - - [27/Jan/2026 12:31:09] "GET /download_model?round=17 HTTP/1.1" 200 -
[35;1mclient_008_1  |[0m 2026-01-27 12:31:09,425 - __main__ - INFO - --- New Round Detected: 17 ---
[33mserver_1      |[0m ⏱️ [TIME] Client client_009 finished training in 3.03s
[33mserver_1      |[0m ⏱️ [TIME] Client client_004 finished training in 7.92s
[33mserver_1      |[0m ⏱️ [TIME] Client client_010 finished training in 0.66s
[33mserver_1      |[0m ⏱️ [TIME] Client client_002 finished training in 1.97s
[33mserver_1      |[0m ⏱️ [TIME] Client client_006 finished training in 0.01s
[33mserver_1      |[0m DEBUG: ⚠️ MY CUSTOM AGGREGATOR IS RUNNING ⚠️
[33mserver_1      |[0m INFO:werkzeug:172.18.0.21 - - [27/Jan/2026 12:31:09] "GET /download_model?round=17 HTTP/1.1" 200 -
[32;1mclient_007_1  |[0m 2026-01-27 12:31:09,828 - __main__ - INFO - --- New Round Detected: 17 ---
[33mserver_1      |[0m INFO:werkzeug:172.18.0.15 - - [27/Jan/2026 12:31:09] "GET /download_model?round=17 HTTP/1.1" 200 -
[36;1mclient_005_1  |[0m 2026-01-27 12:31:09,923 - __main__ - INFO - Round 17 finished. Loss: 0.3521, Acc: 92.54%
[33mserver_1      |[0m INFO:werkzeug:172.18.0.9 - - [27/Jan/2026 12:31:09] "[31m[1mPOST /submit_update HTTP/1.1[0m" 400 -
[36;1mclient_005_1  |[0m 2026-01-27 12:31:09,987 - __main__ - ERROR - Update submission failed: {"error":"Not accepting updates"}
[36;1mclient_005_1  |[0m 
[36;1mclient_005_1  |[0m 2026-01-27 12:31:09,987 - __main__ - INFO - Update submitted for Round 17. Waiting...
[33mclient_001_1  |[0m 2026-01-27 12:31:10,090 - __main__ - INFO - Round 17 finished. Loss: 0.2469, Acc: 97.73%
[33mserver_1      |[0m INFO:werkzeug:172.18.0.20 - - [27/Jan/2026 12:31:10] "[31m[1mPOST /submit_update HTTP/1.1[0m" 400 -
[33mclient_001_1  |[0m 2026-01-27 12:31:10,156 - __main__ - ERROR - Update submission failed: {"error":"Not accepting updates"}
[33mclient_001_1  |[0m 
[33mclient_001_1  |[0m 2026-01-27 12:31:10,157 - __main__ - INFO - Update submitted for Round 17. Waiting...
[32;1mclient_007_1  |[0m 2026-01-27 12:31:10,383 - __main__ - INFO - Round 17 finished. Loss: 1.0695, Acc: 60.07%
[33mserver_1      |[0m INFO:werkzeug:172.18.0.15 - - [27/Jan/2026 12:31:10] "[31m[1mPOST /submit_update HTTP/1.1[0m" 400 -
[32;1mclient_007_1  |[0m 2026-01-27 12:31:10,450 - __main__ - ERROR - Update submission failed: {"error":"Not accepting updates"}
[32;1mclient_007_1  |[0m 
[32;1mclient_007_1  |[0m 2026-01-27 12:31:10,450 - __main__ - INFO - Update submitted for Round 17. Waiting...
[33mserver_1      |[0m INFO:__main__:--- Round 17 Acc: 37.76%, Loss: 1.8841 ---
[33mserver_1      |[0m INFO:__main__:--- Starting Round 18. Timeout: 300s ---
[33mserver_1      |[0m INFO:werkzeug:172.18.0.17 - - [27/Jan/2026 12:31:10] "POST /submit_update HTTP/1.1" 200 -
[33;1mclient_006_1  |[0m 2026-01-27 12:31:10,685 - __main__ - INFO - 🚀 Model update submitted successfully.
[33;1mclient_006_1  |[0m 2026-01-27 12:31:10,685 - __main__ - INFO - Update submitted for Round 17. Waiting...
[35;1mclient_008_1  |[0m 2026-01-27 12:31:10,980 - __main__ - INFO - Round 17 finished. Loss: 0.2312, Acc: 97.93%
[33mserver_1      |[0m INFO:__main__:Received update from client_008
[33mserver_1      |[0m INFO:werkzeug:172.18.0.21 - - [27/Jan/2026 12:31:11] "POST /submit_update HTTP/1.1" 200 -
[33mclient_011_1  |[0m 2026-01-27 12:31:11,110 - __main__ - INFO - --- New Round Detected: 18 ---
[35;1mclient_008_1  |[0m 2026-01-27 12:31:11,116 - __main__ - INFO - 🚀 Model update submitted successfully.
[35;1mclient_008_1  |[0m 2026-01-27 12:31:11,117 - __main__ - INFO - Update submitted for Round 17. Waiting...
[33mserver_1      |[0m INFO:werkzeug:172.18.0.14 - - [27/Jan/2026 12:31:11] "GET /download_model?round=18 HTTP/1.1" 200 -
[34;1mclient_009_1  |[0m 2026-01-27 12:31:11,691 - __main__ - INFO - --- New Round Detected: 18 ---
[33mserver_1      |[0m INFO:werkzeug:172.18.0.11 - - [27/Jan/2026 12:31:11] "GET /download_model?round=18 HTTP/1.1" 200 -
[34mclient_004_1  |[0m 2026-01-27 12:31:13,276 - __main__ - INFO - --- New Round Detected: 18 ---
[33mserver_1      |[0m INFO:werkzeug:172.18.0.18 - - [27/Jan/2026 12:31:13] "GET /download_model?round=18 HTTP/1.1" 200 -
[34;1mclient_009_1  |[0m 2026-01-27 12:31:14,673 - __main__ - INFO - Round 18 finished. Loss: 0.8913, Acc: 67.52%
[36mclient_010_1  |[0m 2026-01-27 12:31:14,743 - __main__ - INFO - --- New Round Detected: 18 ---
[33mserver_1      |[0m INFO:werkzeug:172.18.0.7 - - [27/Jan/2026 12:31:14] "GET /download_model?round=18 HTTP/1.1" 200 -
[33mserver_1      |[0m INFO:__main__:Received update from client_009
[33mserver_1      |[0m INFO:werkzeug:172.18.0.11 - - [27/Jan/2026 12:31:14] "POST /submit_update HTTP/1.1" 200 -
[34;1mclient_009_1  |[0m 2026-01-27 12:31:14,809 - __main__ - INFO - 🚀 Model update submitted successfully.
[34;1mclient_009_1  |[0m 2026-01-27 12:31:14,809 - __main__ - INFO - Update submitted for Round 18. Waiting...
[36mclient_010_1  |[0m 2026-01-27 12:31:15,563 - __main__ - INFO - Round 18 finished. Loss: 0.2296, Acc: 97.91%
[33mserver_1      |[0m INFO:__main__:Received update from client_010
[33mserver_1      |[0m INFO:werkzeug:172.18.0.7 - - [27/Jan/2026 12:31:15] "POST /submit_update HTTP/1.1" 200 -
[36mclient_010_1  |[0m 2026-01-27 12:31:15,698 - __main__ - INFO - 🚀 Model update submitted successfully.
[36mclient_010_1  |[0m 2026-01-27 12:31:15,698 - __main__ - INFO - Update submitted for Round 18. Waiting...
[32mclient_002_1  |[0m 2026-01-27 12:31:16,327 - __main__ - INFO - --- New Round Detected: 18 ---
[33mserver_1      |[0m INFO:werkzeug:172.18.0.22 - - [27/Jan/2026 12:31:16] "GET /download_model?round=18 HTTP/1.1" 200 -
[35mclient_003_1  |[0m 2026-01-27 12:31:16,591 - __main__ - INFO - Round 17 finished. Loss: 0.8371, Acc: 73.40%
[33mserver_1      |[0m INFO:__main__:Received update from client_003
[33mserver_1      |[0m INFO:werkzeug:172.18.0.13 - - [27/Jan/2026 12:31:16] "POST /submit_update HTTP/1.1" 200 -
[35mclient_003_1  |[0m 2026-01-27 12:31:16,726 - __main__ - INFO - 🚀 Model update submitted successfully.
[35mclient_003_1  |[0m 2026-01-27 12:31:16,727 - __main__ - INFO - Update submitted for Round 17. Waiting...
[32mclient_002_1  |[0m 2026-01-27 12:31:18,381 - __main__ - INFO - Round 18 finished. Loss: 0.4063, Acc: 91.50%
[33mserver_1      |[0m INFO:__main__:Received update from client_002
[33mserver_1      |[0m INFO:__main__:--- Aggregating 5 updates ---
[33mserver_1      |[0m INFO:__main__:⚡ Using Custom Aggregator with Drift Metric...
[33mserver_1      |[0m INFO:server.aggregator:Starting FedAvg aggregation for 5 clients.
[33mserver_1      |[0m INFO:server.aggregator:--- [METRIC] Weight Divergence: 1.9233
[33mserver_1      |[0m INFO:server.aggregator:FedAvg aggregation complete.
[33mserver_1      |[0m INFO:__main__:Aggregation complete.
[33mserver_1      |[0m ⏱️ [TIME] Client client_008 finished training in 1.43s
[33mserver_1      |[0m ⏱️ [TIME] Client client_009 finished training in 2.85s
[33mserver_1      |[0m ⏱️ [TIME] Client client_010 finished training in 0.69s
[33mserver_1      |[0m ⏱️ [TIME] Client client_003 finished training in 15.48s
[33mserver_1      |[0m ⏱️ [TIME] Client client_002 finished training in 1.92s
[33mserver_1      |[0m DEBUG: ⚠️ MY CUSTOM AGGREGATOR IS RUNNING ⚠️
[36;1mclient_005_1  |[0m 2026-01-27 12:31:20,062 - __main__ - INFO - --- New Round Detected: 18 ---
[33mserver_1      |[0m INFO:werkzeug:172.18.0.9 - - [27/Jan/2026 12:31:20] "GET /download_model?round=18 HTTP/1.1" 200 -
[33mclient_001_1  |[0m 2026-01-27 12:31:20,247 - __main__ - INFO - --- New Round Detected: 18 ---
[33mserver_1      |[0m INFO:werkzeug:172.18.0.20 - - [27/Jan/2026 12:31:20] "GET /download_model?round=18 HTTP/1.1" 200 -
[32;1mclient_007_1  |[0m 2026-01-27 12:31:20,511 - __main__ - INFO - --- New Round Detected: 18 ---
[33mserver_1      |[0m INFO:werkzeug:172.18.0.15 - - [27/Jan/2026 12:31:20] "GET /download_model?round=18 HTTP/1.1" 200 -
[33mserver_1      |[0m INFO:__main__:--- Round 18 Acc: 32.15%, Loss: 2.0052 ---
[33mserver_1      |[0m INFO:__main__:--- Starting Round 19. Timeout: 300s ---
[33mserver_1      |[0m INFO:werkzeug:172.18.0.22 - - [27/Jan/2026 12:31:20] "POST /submit_update HTTP/1.1" 200 -
[32mclient_002_1  |[0m 2026-01-27 12:31:20,688 - __main__ - INFO - 🚀 Model update submitted successfully.
[32mclient_002_1  |[0m 2026-01-27 12:31:20,688 - __main__ - INFO - Update submitted for Round 18. Waiting...
[33;1mclient_006_1  |[0m 2026-01-27 12:31:20,746 - __main__ - INFO - --- New Round Detected: 19 ---
[33mserver_1      |[0m INFO:werkzeug:172.18.0.17 - - [27/Jan/2026 12:31:20] "GET /download_model?round=19 HTTP/1.1" 200 -
[33mclient_001_1  |[0m 2026-01-27 12:31:20,885 - __main__ - INFO - Round 18 finished. Loss: 0.1874, Acc: 97.41%
[33;1mclient_006_1  |[0m 2026-01-27 12:31:20,894 - __main__ - INFO - Round 19 finished. Loss: 1.0574, Acc: 78.57%
[33mserver_1      |[0m INFO:__main__:Received update from client_006
[33mserver_1      |[0m INFO:werkzeug:172.18.0.17 - - [27/Jan/2026 12:31:21] "POST /submit_update HTTP/1.1" 200 -
[33mserver_1      |[0m INFO:__main__:Received update from client_001
[33mserver_1      |[0m INFO:werkzeug:172.18.0.20 - - [27/Jan/2026 12:31:21] "POST /submit_update HTTP/1.1" 200 -
[33;1mclient_006_1  |[0m 2026-01-27 12:31:21,031 - __main__ - INFO - 🚀 Model update submitted successfully.
[33;1mclient_006_1  |[0m 2026-01-27 12:31:21,031 - __main__ - INFO - Update submitted for Round 19. Waiting...
[33mclient_001_1  |[0m 2026-01-27 12:31:21,038 - __main__ - INFO - 🚀 Model update submitted successfully.
[33mclient_001_1  |[0m 2026-01-27 12:31:21,038 - __main__ - INFO - Update submitted for Round 18. Waiting...
[32;1mclient_007_1  |[0m 2026-01-27 12:31:21,039 - __main__ - INFO - Round 18 finished. Loss: 1.0784, Acc: 54.58%
[33mserver_1      |[0m INFO:__main__:Received update from client_007
[33mserver_1      |[0m INFO:werkzeug:172.18.0.15 - - [27/Jan/2026 12:31:21] "POST /submit_update HTTP/1.1" 200 -
[32;1mclient_007_1  |[0m 2026-01-27 12:31:21,174 - __main__ - INFO - 🚀 Model update submitted successfully.
[32;1mclient_007_1  |[0m 2026-01-27 12:31:21,174 - __main__ - INFO - Update submitted for Round 18. Waiting...
[35;1mclient_008_1  |[0m 2026-01-27 12:31:21,179 - __main__ - INFO - --- New Round Detected: 19 ---
[33mserver_1      |[0m INFO:werkzeug:172.18.0.21 - - [27/Jan/2026 12:31:21] "GET /download_model?round=19 HTTP/1.1" 200 -
[34mclient_004_1  |[0m 2026-01-27 12:31:21,207 - __main__ - INFO - Round 18 finished. Loss: 0.8315, Acc: 72.47%
[33mserver_1      |[0m INFO:__main__:Received update from client_004
[33mserver_1      |[0m INFO:werkzeug:172.18.0.18 - - [27/Jan/2026 12:31:21] "POST /submit_update HTTP/1.1" 200 -
[34mclient_004_1  |[0m 2026-01-27 12:31:21,365 - __main__ - INFO - 🚀 Model update submitted successfully.
[34mclient_004_1  |[0m 2026-01-27 12:31:21,365 - __main__ - INFO - Update submitted for Round 18. Waiting...
[36;1mclient_005_1  |[0m 2026-01-27 12:31:22,748 - __main__ - INFO - Round 18 finished. Loss: 0.3318, Acc: 92.76%
[33mserver_1      |[0m INFO:__main__:Received update from client_005
[33mserver_1      |[0m INFO:__main__:--- Aggregating 5 updates ---
[33mserver_1      |[0m INFO:__main__:⚡ Using Custom Aggregator with Drift Metric...
[33mserver_1      |[0m INFO:server.aggregator:Starting FedAvg aggregation for 5 clients.
[35;1mclient_008_1  |[0m 2026-01-27 12:31:22,982 - __main__ - INFO - Round 19 finished. Loss: 0.1388, Acc: 98.32%
[33mserver_1      |[0m INFO:werkzeug:172.18.0.21 - - [27/Jan/2026 12:31:23] "[31m[1mPOST /submit_update HTTP/1.1[0m" 400 -
[35;1mclient_008_1  |[0m 2026-01-27 12:31:23,047 - __main__ - ERROR - Update submission failed: {"error":"Not accepting updates"}
[35;1mclient_008_1  |[0m 
[35;1mclient_008_1  |[0m 2026-01-27 12:31:23,048 - __main__ - INFO - Update submitted for Round 19. Waiting...
[33mserver_1      |[0m INFO:server.aggregator:--- [METRIC] Weight Divergence: 1.5017
[33mserver_1      |[0m INFO:server.aggregator:FedAvg aggregation complete.
[33mserver_1      |[0m INFO:__main__:Aggregation complete.
[33mserver_1      |[0m ⏱️ [TIME] Client client_006 finished training in 0.02s
[33mserver_1      |[0m ⏱️ [TIME] Client client_001 finished training in 0.51s
[33mserver_1      |[0m ⏱️ [TIME] Client client_007 finished training in 0.40s
[33mserver_1      |[0m ⏱️ [TIME] Client client_004 finished training in 7.80s
[33mserver_1      |[0m ⏱️ [TIME] Client client_005 finished training in 2.54s
[33mserver_1      |[0m DEBUG: ⚠️ MY CUSTOM AGGREGATOR IS RUNNING ⚠️
[34;1mclient_009_1  |[0m 2026-01-27 12:31:24,898 - __main__ - INFO - --- New Round Detected: 19 ---
[33mserver_1      |[0m INFO:werkzeug:172.18.0.11 - - [27/Jan/2026 12:31:24] "GET /download_model?round=19 HTTP/1.1" 200 -
[33mserver_1      |[0m INFO:__main__:--- Round 19 Acc: 27.46%, Loss: 2.4767 ---
[33mserver_1      |[0m INFO:__main__:--- Starting Round 20. Timeout: 300s ---
[33mserver_1      |[0m INFO:werkzeug:172.18.0.9 - - [27/Jan/2026 12:31:25] "POST /submit_update HTTP/1.1" 200 -
[36;1mclient_005_1  |[0m 2026-01-27 12:31:25,343 - __main__ - INFO - 🚀 Model update submitted successfully.
[36;1mclient_005_1  |[0m 2026-01-27 12:31:25,343 - __main__ - INFO - Update submitted for Round 18. Waiting...
[36mclient_010_1  |[0m 2026-01-27 12:31:25,768 - __main__ - INFO - --- New Round Detected: 20 ---
[33mserver_1      |[0m INFO:werkzeug:172.18.0.7 - - [27/Jan/2026 12:31:25] "GET /download_model?round=20 HTTP/1.1" 200 -
[36mclient_010_1  |[0m 2026-01-27 12:31:26,551 - __main__ - INFO - Round 20 finished. Loss: 0.3649, Acc: 97.91%
[33mserver_1      |[0m INFO:__main__:Received update from client_010
[33mserver_1      |[0m INFO:werkzeug:172.18.0.7 - - [27/Jan/2026 12:31:26] "POST /submit_update HTTP/1.1" 200 -
[36mclient_010_1  |[0m 2026-01-27 12:31:26,687 - __main__ - INFO - 🚀 Model update submitted successfully.
[36mclient_010_1  |[0m 2026-01-27 12:31:26,687 - __main__ - INFO - Update submitted for Round 20. Waiting...
[35mclient_003_1  |[0m 2026-01-27 12:31:26,852 - __main__ - INFO - --- New Round Detected: 20 ---
[33mserver_1      |[0m INFO:werkzeug:172.18.0.13 - - [27/Jan/2026 12:31:26] "GET /download_model?round=20 HTTP/1.1" 200 -
[34;1mclient_009_1  |[0m 2026-01-27 12:31:28,005 - __main__ - INFO - Round 19 finished. Loss: 1.0308, Acc: 64.66%
[33mserver_1      |[0m INFO:__main__:Received update from client_009
[33mserver_1      |[0m INFO:werkzeug:172.18.0.11 - - [27/Jan/2026 12:31:28] "POST /submit_update HTTP/1.1" 200 -
[34;1mclient_009_1  |[0m 2026-01-27 12:31:28,162 - __main__ - INFO - 🚀 Model update submitted successfully.
[34;1mclient_009_1  |[0m 2026-01-27 12:31:28,162 - __main__ - INFO - Update submitted for Round 19. Waiting...
[32mclient_002_1  |[0m 2026-01-27 12:31:30,757 - __main__ - INFO - --- New Round Detected: 20 ---
[33mserver_1      |[0m INFO:werkzeug:172.18.0.22 - - [27/Jan/2026 12:31:30] "GET /download_model?round=20 HTTP/1.1" 200 -
[33;1mclient_006_1  |[0m 2026-01-27 12:31:31,092 - __main__ - INFO - --- New Round Detected: 20 ---
[33mclient_001_1  |[0m 2026-01-27 12:31:31,100 - __main__ - INFO - --- New Round Detected: 20 ---
[33mserver_1      |[0m INFO:werkzeug:172.18.0.17 - - [27/Jan/2026 12:31:31] "GET /download_model?round=20 HTTP/1.1" 200 -
[33mserver_1      |[0m INFO:werkzeug:172.18.0.20 - - [27/Jan/2026 12:31:31] "GET /download_model?round=20 HTTP/1.1" 200 -
[33;1mclient_006_1  |[0m 2026-01-27 12:31:31,227 - __main__ - INFO - Round 20 finished. Loss: 1.5642, Acc: 35.71%
[32;1mclient_007_1  |[0m 2026-01-27 12:31:31,237 - __main__ - INFO - --- New Round Detected: 20 ---
[33mserver_1      |[0m INFO:werkzeug:172.18.0.15 - - [27/Jan/2026 12:31:31] "GET /download_model?round=20 HTTP/1.1" 200 -
[33mserver_1      |[0m INFO:__main__:Received update from client_006
[33mserver_1      |[0m INFO:werkzeug:172.18.0.17 - - [27/Jan/2026 12:31:31] "POST /submit_update HTTP/1.1" 200 -
[33;1mclient_006_1  |[0m 2026-01-27 12:31:31,360 - __main__ - INFO - 🚀 Model update submitted successfully.
[33;1mclient_006_1  |[0m 2026-01-27 12:31:31,360 - __main__ - INFO - Update submitted for Round 20. Waiting...
[34mclient_004_1  |[0m 2026-01-27 12:31:31,426 - __main__ - INFO - --- New Round Detected: 20 ---
[33mserver_1      |[0m INFO:werkzeug:172.18.0.18 - - [27/Jan/2026 12:31:31] "GET /download_model?round=20 HTTP/1.1" 200 -
[33mclient_001_1  |[0m 2026-01-27 12:31:31,728 - __main__ - INFO - Round 20 finished. Loss: 0.3314, Acc: 97.73%
[33mserver_1      |[0m INFO:__main__:Received update from client_001
[33mserver_1      |[0m INFO:werkzeug:172.18.0.20 - - [27/Jan/2026 12:31:31] "POST /submit_update HTTP/1.1" 200 -
[32;1mclient_007_1  |[0m 2026-01-27 12:31:31,840 - __main__ - INFO - Round 20 finished. Loss: 1.0535, Acc: 62.64%
[33mclient_001_1  |[0m 2026-01-27 12:31:31,863 - __main__ - INFO - 🚀 Model update submitted successfully.
[33mclient_001_1  |[0m 2026-01-27 12:31:31,864 - __main__ - INFO - Update submitted for Round 20. Waiting...
[33mserver_1      |[0m INFO:__main__:Received update from client_007
[33mserver_1      |[0m INFO:__main__:--- Aggregating 5 updates ---
[33mserver_1      |[0m INFO:__main__:⚡ Using Custom Aggregator with Drift Metric...
[33mserver_1      |[0m INFO:server.aggregator:Starting FedAvg aggregation for 5 clients.
[32mclient_002_1  |[0m 2026-01-27 12:31:32,948 - __main__ - INFO - Round 20 finished. Loss: 0.5005, Acc: 91.40%
[33mserver_1      |[0m INFO:werkzeug:172.18.0.22 - - [27/Jan/2026 12:31:32] "[31m[1mPOST /submit_update HTTP/1.1[0m" 400 -
[32mclient_002_1  |[0m 2026-01-27 12:31:33,025 - __main__ - ERROR - Update submission failed: {"error":"Not accepting updates"}
[32mclient_002_1  |[0m 
[32mclient_002_1  |[0m 2026-01-27 12:31:33,025 - __main__ - INFO - Update submitted for Round 20. Waiting...
[35;1mclient_008_1  |[0m 2026-01-27 12:31:33,114 - __main__ - INFO - --- New Round Detected: 20 ---
[33mserver_1      |[0m INFO:werkzeug:172.18.0.21 - - [27/Jan/2026 12:31:33] "GET /download_model?round=20 HTTP/1.1" 200 -
[33mserver_1      |[0m INFO:server.aggregator:--- [METRIC] Weight Divergence: 1.8143
[33mserver_1      |[0m INFO:server.aggregator:FedAvg aggregation complete.
[33mserver_1      |[0m INFO:__main__:Aggregation complete.
[33mserver_1      |[0m ⏱️ [TIME] Client client_010 finished training in 0.66s
[33mserver_1      |[0m ⏱️ [TIME] Client client_009 finished training in 2.96s
[33mserver_1      |[0m ⏱️ [TIME] Client client_006 finished training in 0.01s
[33mserver_1      |[0m ⏱️ [TIME] Client client_001 finished training in 0.50s
[33mserver_1      |[0m ⏱️ [TIME] Client client_007 finished training in 0.48s
[33mserver_1      |[0m DEBUG: ⚠️ MY CUSTOM AGGREGATOR IS RUNNING ⚠️
[33mserver_1      |[0m INFO:__main__:--- Round 20 Acc: 22.46%, Loss: 2.1996 ---
[33mserver_1      |[0m INFO:__main__:--- Starting Round 21. Timeout: 300s ---
[33mserver_1      |[0m INFO:werkzeug:172.18.0.15 - - [27/Jan/2026 12:31:34] "POST /submit_update HTTP/1.1" 200 -
[32;1mclient_007_1  |[0m 2026-01-27 12:31:34,446 - __main__ - INFO - 🚀 Model update submitted successfully.
[32;1mclient_007_1  |[0m 2026-01-27 12:31:34,446 - __main__ - INFO - Update submitted for Round 20. Waiting...
[35;1mclient_008_1  |[0m 2026-01-27 12:31:34,887 - __main__ - INFO - Round 20 finished. Loss: 0.3591, Acc: 97.93%
[33mserver_1      |[0m INFO:__main__:Received update from client_008
[33mserver_1      |[0m INFO:werkzeug:172.18.0.21 - - [27/Jan/2026 12:31:35] "POST /submit_update HTTP/1.1" 200 -
[35;1mclient_008_1  |[0m 2026-01-27 12:31:35,043 - __main__ - INFO - 🚀 Model update submitted successfully.
[35;1mclient_008_1  |[0m 2026-01-27 12:31:35,043 - __main__ - INFO - Update submitted for Round 20. Waiting...
[36;1mclient_005_1  |[0m 2026-01-27 12:31:35,424 - __main__ - INFO - --- New Round Detected: 21 ---
[33mserver_1      |[0m INFO:werkzeug:172.18.0.9 - - [27/Jan/2026 12:31:35] "GET /download_model?round=21 HTTP/1.1" 200 -
[36mclient_010_1  |[0m 2026-01-27 12:31:36,762 - __main__ - INFO - --- New Round Detected: 21 ---
[33mserver_1      |[0m INFO:werkzeug:172.18.0.7 - - [27/Jan/2026 12:31:36] "GET /download_model?round=21 HTTP/1.1" 200 -
[36;1mclient_015_1  |[0m 2026-01-27 12:31:36,792 - __main__ - INFO - Round 0 finished. Loss: 0.8110, Acc: 70.18%
[36mclient_010_1  |[0m 2026-01-27 12:31:37,315 - __main__ - INFO - Round 21 finished. Loss: 0.1456, Acc: 97.91%
[33mserver_1      |[0m INFO:__main__:Received update from client_010
[33mserver_1      |[0m INFO:werkzeug:172.18.0.7 - - [27/Jan/2026 12:31:37] "POST /submit_update HTTP/1.1" 200 -
[36mclient_010_1  |[0m 2026-01-27 12:31:37,468 - __main__ - INFO - 🚀 Model update submitted successfully.
[36mclient_010_1  |[0m 2026-01-27 12:31:37,468 - __main__ - INFO - Update submitted for Round 21. Waiting...
[33mserver_1      |[0m INFO:__main__:Received update from client_015
[33mserver_1      |[0m INFO:werkzeug:172.18.0.10 - - [27/Jan/2026 12:31:37] "POST /submit_update HTTP/1.1" 200 -
[36;1mclient_015_1  |[0m 2026-01-27 12:31:38,014 - __main__ - INFO - 🚀 Model update submitted successfully.
[36;1mclient_015_1  |[0m 2026-01-27 12:31:38,015 - __main__ - INFO - Update submitted for Round 0. Waiting...
[34;1mclient_009_1  |[0m 2026-01-27 12:31:38,238 - __main__ - INFO - --- New Round Detected: 21 ---
[33mserver_1      |[0m INFO:werkzeug:172.18.0.11 - - [27/Jan/2026 12:31:38] "GET /download_model?round=21 HTTP/1.1" 200 -
[36;1mclient_005_1  |[0m 2026-01-27 12:31:38,288 - __main__ - INFO - Round 21 finished. Loss: 0.4572, Acc: 92.45%
[33mserver_1      |[0m INFO:__main__:Received update from client_005
[33mserver_1      |[0m INFO:werkzeug:172.18.0.9 - - [27/Jan/2026 12:31:38] "POST /submit_update HTTP/1.1" 200 -
[36;1mclient_005_1  |[0m 2026-01-27 12:31:38,424 - __main__ - INFO - 🚀 Model update submitted successfully.
[36;1mclient_005_1  |[0m 2026-01-27 12:31:38,425 - __main__ - INFO - Update submitted for Round 21. Waiting...
[34mclient_004_1  |[0m 2026-01-27 12:31:39,238 - __main__ - INFO - Round 20 finished. Loss: 0.7511, Acc: 73.89%
[33mserver_1      |[0m INFO:__main__:Received update from client_004
[33mserver_1      |[0m INFO:__main__:--- Aggregating 5 updates ---
[33mserver_1      |[0m INFO:__main__:⚡ Using Custom Aggregator with Drift Metric...
[33mserver_1      |[0m INFO:server.aggregator:Starting FedAvg aggregation for 5 clients.
[35mclient_003_1  |[0m 2026-01-27 12:31:39,723 - __main__ - INFO - Round 20 finished. Loss: 0.9994, Acc: 72.50%
[33mserver_1      |[0m INFO:werkzeug:172.18.0.13 - - [27/Jan/2026 12:31:39] "[31m[1mPOST /submit_update HTTP/1.1[0m" 400 -
[35mclient_003_1  |[0m 2026-01-27 12:31:39,789 - __main__ - ERROR - Update submission failed: {"error":"Not accepting updates"}
[35mclient_003_1  |[0m 
[35mclient_003_1  |[0m 2026-01-27 12:31:39,789 - __main__ - INFO - Update submitted for Round 20. Waiting...
[33mserver_1      |[0m INFO:server.aggregator:--- [METRIC] Weight Divergence: 2.3872
[33mserver_1      |[0m INFO:server.aggregator:FedAvg aggregation complete.
[33mserver_1      |[0m INFO:__main__:Aggregation complete.
[33mserver_1      |[0m ⏱️ [TIME] Client client_008 finished training in 1.64s
[33mserver_1      |[0m ⏱️ [TIME] Client client_010 finished training in 0.43s
[33mserver_1      |[0m ⏱️ [TIME] Client client_015 finished training in 187.34s
[33mserver_1      |[0m ⏱️ [TIME] Client client_005 finished training in 2.72s
[33mserver_1      |[0m ⏱️ [TIME] Client client_004 finished training in 7.68s
[33mserver_1      |[0m DEBUG: ⚠️ MY CUSTOM AGGREGATOR IS RUNNING ⚠️
[34;1mclient_009_1  |[0m 2026-01-27 12:31:41,401 - __main__ - INFO - Round 21 finished. Loss: 0.8296, Acc: 68.22%
[33;1mclient_006_1  |[0m 2026-01-27 12:31:41,422 - __main__ - INFO - --- New Round Detected: 21 ---
[33mserver_1      |[0m INFO:werkzeug:172.18.0.11 - - [27/Jan/2026 12:31:41] "[31m[1mPOST /submit_update HTTP/1.1[0m" 400 -
[33mserver_1      |[0m INFO:werkzeug:172.18.0.17 - - [27/Jan/2026 12:31:41] "GET /download_model?round=21 HTTP/1.1" 200 -
[34;1mclient_009_1  |[0m 2026-01-27 12:31:41,466 - __main__ - ERROR - Update submission failed: {"error":"Not accepting updates"}
[34;1mclient_009_1  |[0m 
[34;1mclient_009_1  |[0m 2026-01-27 12:31:41,466 - __main__ - INFO - Update submitted for Round 21. Waiting...
[33;1mclient_006_1  |[0m 2026-01-27 12:31:41,580 - __main__ - INFO - Round 21 finished. Loss: 1.5391, Acc: 21.43%
[33mserver_1      |[0m INFO:werkzeug:172.18.0.17 - - [27/Jan/2026 12:31:41] "[31m[1mPOST /submit_update HTTP/1.1[0m" 400 -
[33;1mclient_006_1  |[0m 2026-01-27 12:31:41,646 - __main__ - ERROR - Update submission failed: {"error":"Not accepting updates"}
[33;1mclient_006_1  |[0m 
[33;1mclient_006_1  |[0m 2026-01-27 12:31:41,646 - __main__ - INFO - Update submitted for Round 21. Waiting...
[33mserver_1      |[0m INFO:__main__:--- Round 21 Acc: 26.58%, Loss: 2.0386 ---
[33mserver_1      |[0m INFO:__main__:--- Starting Round 22. Timeout: 300s ---
[33mserver_1      |[0m INFO:werkzeug:172.18.0.18 - - [27/Jan/2026 12:31:41] "POST /submit_update HTTP/1.1" 200 -
[34mclient_004_1  |[0m 2026-01-27 12:31:41,766 - __main__ - INFO - 🚀 Model update submitted successfully.
[34mclient_004_1  |[0m 2026-01-27 12:31:41,767 - __main__ - INFO - Update submitted for Round 20. Waiting...
[33mclient_001_1  |[0m 2026-01-27 12:31:41,937 - __main__ - INFO - --- New Round Detected: 22 ---
[33mserver_1      |[0m INFO:werkzeug:172.18.0.20 - - [27/Jan/2026 12:31:41] "GET /download_model?round=22 HTTP/1.1" 200 -
[33mclient_001_1  |[0m 2026-01-27 12:31:42,450 - __main__ - INFO - Round 22 finished. Loss: 0.2709, Acc: 97.41%
[33mserver_1      |[0m INFO:__main__:Received update from client_001
[33mserver_1      |[0m INFO:werkzeug:172.18.0.20 - - [27/Jan/2026 12:31:42] "POST /submit_update HTTP/1.1" 200 -
[33mclient_001_1  |[0m 2026-01-27 12:31:42,584 - __main__ - INFO - 🚀 Model update submitted successfully.
[33mclient_001_1  |[0m 2026-01-27 12:31:42,584 - __main__ - INFO - Update submitted for Round 22. Waiting...
[32mclient_002_1  |[0m 2026-01-27 12:31:43,097 - __main__ - INFO - --- New Round Detected: 22 ---
[33mserver_1      |[0m INFO:werkzeug:172.18.0.22 - - [27/Jan/2026 12:31:43] "GET /download_model?round=22 HTTP/1.1" 200 -
[32;1mclient_007_1  |[0m 2026-01-27 12:31:44,524 - __main__ - INFO - --- New Round Detected: 22 ---
[33mserver_1      |[0m INFO:werkzeug:172.18.0.15 - - [27/Jan/2026 12:31:44] "GET /download_model?round=22 HTTP/1.1" 200 -
[32;1mclient_007_1  |[0m 2026-01-27 12:31:44,906 - __main__ - INFO - Round 22 finished. Loss: 1.1026, Acc: 58.06%
[33mserver_1      |[0m INFO:__main__:Received update from client_007
[33mserver_1      |[0m INFO:werkzeug:172.18.0.15 - - [27/Jan/2026 12:31:45] "POST /submit_update HTTP/1.1" 200 -
[32;1mclient_007_1  |[0m 2026-01-27 12:31:45,039 - __main__ - INFO - 🚀 Model update submitted successfully.
[32;1mclient_007_1  |[0m 2026-01-27 12:31:45,039 - __main__ - INFO - Update submitted for Round 22. Waiting...
[35;1mclient_008_1  |[0m 2026-01-27 12:31:45,105 - __main__ - INFO - --- New Round Detected: 22 ---
[33mserver_1      |[0m INFO:werkzeug:172.18.0.21 - - [27/Jan/2026 12:31:45] "GET /download_model?round=22 HTTP/1.1" 200 -
[32mclient_002_1  |[0m 2026-01-27 12:31:45,181 - __main__ - INFO - Round 22 finished. Loss: 0.4398, Acc: 91.80%
[33mserver_1      |[0m INFO:__main__:Received update from client_002
[33mserver_1      |[0m INFO:werkzeug:172.18.0.22 - - [27/Jan/2026 12:31:45] "POST /submit_update HTTP/1.1" 200 -
[32mclient_002_1  |[0m 2026-01-27 12:31:45,315 - __main__ - INFO - 🚀 Model update submitted successfully.
[32mclient_002_1  |[0m 2026-01-27 12:31:45,316 - __main__ - INFO - Update submitted for Round 22. Waiting...
[35;1mclient_008_1  |[0m 2026-01-27 12:31:46,870 - __main__ - INFO - Round 22 finished. Loss: 0.2361, Acc: 97.93%
[33mserver_1      |[0m INFO:__main__:Received update from client_008
[33mserver_1      |[0m INFO:werkzeug:172.18.0.21 - - [27/Jan/2026 12:31:47] "POST /submit_update HTTP/1.1" 200 -
[35;1mclient_008_1  |[0m 2026-01-27 12:31:47,041 - __main__ - INFO - 🚀 Model update submitted successfully.
[35;1mclient_008_1  |[0m 2026-01-27 12:31:47,041 - __main__ - INFO - Update submitted for Round 22. Waiting...
[36mclient_010_1  |[0m 2026-01-27 12:31:47,533 - __main__ - INFO - --- New Round Detected: 22 ---
[33mserver_1      |[0m INFO:werkzeug:172.18.0.7 - - [27/Jan/2026 12:31:47] "GET /download_model?round=22 HTTP/1.1" 200 -
[36mclient_010_1  |[0m 2026-01-27 12:31:48,266 - __main__ - INFO - Round 22 finished. Loss: 0.3034, Acc: 97.91%
[33mserver_1      |[0m INFO:__main__:Received update from client_010
[33mserver_1      |[0m INFO:__main__:--- Aggregating 5 updates ---
[33mserver_1      |[0m INFO:__main__:⚡ Using Custom Aggregator with Drift Metric...
[33mserver_1      |[0m INFO:server.aggregator:Starting FedAvg aggregation for 5 clients.
[36;1mclient_015_1  |[0m 2026-01-27 12:31:48,436 - __main__ - INFO - --- New Round Detected: 22 ---
[36;1mclient_005_1  |[0m 2026-01-27 12:31:48,504 - __main__ - INFO - --- New Round Detected: 22 ---
[33mserver_1      |[0m INFO:werkzeug:172.18.0.9 - - [27/Jan/2026 12:31:48] "GET /download_model?round=22 HTTP/1.1" 200 -
[33mserver_1      |[0m INFO:werkzeug:172.18.0.10 - - [27/Jan/2026 12:31:48] "GET /download_model?round=22 HTTP/1.1" 200 -
[33mserver_1      |[0m INFO:server.aggregator:--- [METRIC] Weight Divergence: 0.8794
[33mserver_1      |[0m INFO:server.aggregator:FedAvg aggregation complete.
[33mserver_1      |[0m INFO:__main__:Aggregation complete.
[33mserver_1      |[0m ⏱️ [TIME] Client client_001 finished training in 0.38s
[33mserver_1      |[0m ⏱️ [TIME] Client client_007 finished training in 0.25s
[33mserver_1      |[0m ⏱️ [TIME] Client client_002 finished training in 1.96s
[33mserver_1      |[0m ⏱️ [TIME] Client client_008 finished training in 1.64s
[33mserver_1      |[0m ⏱️ [TIME] Client client_010 finished training in 0.61s
[33mserver_1      |[0m DEBUG: ⚠️ MY CUSTOM AGGREGATOR IS RUNNING ⚠️
[35mclient_003_1  |[0m 2026-01-27 12:31:49,972 - __main__ - INFO - --- New Round Detected: 22 ---
[33mserver_1      |[0m INFO:werkzeug:172.18.0.13 - - [27/Jan/2026 12:31:50] "GET /download_model?round=22 HTTP/1.1" 200 -
[36;1mclient_005_1  |[0m 2026-01-27 12:31:50,764 - __main__ - INFO - Round 22 finished. Loss: 0.2847, Acc: 92.73%
[33mserver_1      |[0m INFO:werkzeug:172.18.0.9 - - [27/Jan/2026 12:31:50] "[31m[1mPOST /submit_update HTTP/1.1[0m" 400 -
[36;1mclient_005_1  |[0m 2026-01-27 12:31:50,828 - __main__ - ERROR - Update submission failed: {"error":"Not accepting updates"}
[36;1mclient_005_1  |[0m 
[36;1mclient_005_1  |[0m 2026-01-27 12:31:50,828 - __main__ - INFO - Update submitted for Round 22. Waiting...
[33mserver_1      |[0m INFO:__main__:--- Round 22 Acc: 29.09%, Loss: 2.0363 ---
[33mserver_1      |[0m INFO:__main__:--- Starting Round 23. Timeout: 300s ---
[33mserver_1      |[0m INFO:werkzeug:172.18.0.7 - - [27/Jan/2026 12:31:50] "POST /submit_update HTTP/1.1" 200 -
[36mclient_010_1  |[0m 2026-01-27 12:31:51,015 - __main__ - INFO - 🚀 Model update submitted successfully.
[36mclient_010_1  |[0m 2026-01-27 12:31:51,016 - __main__ - INFO - Update submitted for Round 22. Waiting...
[34;1mclient_009_1  |[0m 2026-01-27 12:31:51,532 - __main__ - INFO - --- New Round Detected: 23 ---
[33mserver_1      |[0m INFO:werkzeug:172.18.0.11 - - [27/Jan/2026 12:31:51] "GET /download_model?round=23 HTTP/1.1" 200 -
[33;1mclient_006_1  |[0m 2026-01-27 12:31:51,708 - __main__ - INFO - --- New Round Detected: 23 ---
[33mserver_1      |[0m INFO:werkzeug:172.18.0.17 - - [27/Jan/2026 12:31:51] "GET /download_model?round=23 HTTP/1.1" 200 -
[34mclient_004_1  |[0m 2026-01-27 12:31:51,829 - __main__ - INFO - --- New Round Detected: 23 ---
[33;1mclient_006_1  |[0m 2026-01-27 12:31:51,858 - __main__ - INFO - Round 23 finished. Loss: 1.7922, Acc: 35.71%
[33mserver_1      |[0m INFO:werkzeug:172.18.0.18 - - [27/Jan/2026 12:31:51] "GET /download_model?round=23 HTTP/1.1" 200 -
[33mserver_1      |[0m INFO:__main__:Received update from client_006
[33mserver_1      |[0m INFO:werkzeug:172.18.0.17 - - [27/Jan/2026 12:31:51] "POST /submit_update HTTP/1.1" 200 -
[33;1mclient_006_1  |[0m 2026-01-27 12:31:51,995 - __main__ - INFO - 🚀 Model update submitted successfully.
[33;1mclient_006_1  |[0m 2026-01-27 12:31:51,996 - __main__ - INFO - Update submitted for Round 23. Waiting...
[33mclient_001_1  |[0m 2026-01-27 12:31:52,653 - __main__ - INFO - --- New Round Detected: 23 ---
[33mserver_1      |[0m INFO:werkzeug:172.18.0.20 - - [27/Jan/2026 12:31:52] "GET /download_model?round=23 HTTP/1.1" 200 -
[33mclient_001_1  |[0m 2026-01-27 12:31:53,463 - __main__ - INFO - Round 23 finished. Loss: 0.1888, Acc: 97.73%
[33mserver_1      |[0m INFO:__main__:Received update from client_001
[33mserver_1      |[0m INFO:werkzeug:172.18.0.20 - - [27/Jan/2026 12:31:53] "POST /submit_update HTTP/1.1" 200 -
[33mclient_001_1  |[0m 2026-01-27 12:31:53,600 - __main__ - INFO - 🚀 Model update submitted successfully.
[33mclient_001_1  |[0m 2026-01-27 12:31:53,601 - __main__ - INFO - Update submitted for Round 23. Waiting...
[34;1mclient_009_1  |[0m 2026-01-27 12:31:54,658 - __main__ - INFO - Round 23 finished. Loss: 0.9049, Acc: 68.92%
[33mserver_1      |[0m INFO:__main__:Received update from client_009
[33mserver_1      |[0m INFO:werkzeug:172.18.0.11 - - [27/Jan/2026 12:31:54] "POST /submit_update HTTP/1.1" 200 -
[34;1mclient_009_1  |[0m 2026-01-27 12:31:54,793 - __main__ - INFO - 🚀 Model update submitted successfully.
[34;1mclient_009_1  |[0m 2026-01-27 12:31:54,793 - __main__ - INFO - Update submitted for Round 23. Waiting...
[32;1mclient_007_1  |[0m 2026-01-27 12:31:55,154 - __main__ - INFO - --- New Round Detected: 23 ---
[33mserver_1      |[0m INFO:werkzeug:172.18.0.15 - - [27/Jan/2026 12:31:55] "GET /download_model?round=23 HTTP/1.1" 200 -
[32mclient_002_1  |[0m 2026-01-27 12:31:55,380 - __main__ - INFO - --- New Round Detected: 23 ---
[33mserver_1      |[0m INFO:werkzeug:172.18.0.22 - - [27/Jan/2026 12:31:55] "GET /download_model?round=23 HTTP/1.1" 200 -
[32;1mclient_007_1  |[0m 2026-01-27 12:31:55,572 - __main__ - INFO - Round 23 finished. Loss: 0.9534, Acc: 58.79%
[33mserver_1      |[0m INFO:__main__:Received update from client_007
[33mserver_1      |[0m INFO:werkzeug:172.18.0.15 - - [27/Jan/2026 12:31:55] "POST /submit_update HTTP/1.1" 200 -
[32;1mclient_007_1  |[0m 2026-01-27 12:31:55,705 - __main__ - INFO - 🚀 Model update submitted successfully.
[32;1mclient_007_1  |[0m 2026-01-27 12:31:55,705 - __main__ - INFO - Update submitted for Round 23. Waiting...
[35;1mclient_008_1  |[0m 2026-01-27 12:31:57,108 - __main__ - INFO - --- New Round Detected: 23 ---
[33mserver_1      |[0m INFO:werkzeug:172.18.0.21 - - [27/Jan/2026 12:31:57] "GET /download_model?round=23 HTTP/1.1" 200 -
[32mclient_002_1  |[0m 2026-01-27 12:31:57,569 - __main__ - INFO - Round 23 finished. Loss: 0.3756, Acc: 91.80%
[33mserver_1      |[0m INFO:__main__:Received update from client_002
[33mserver_1      |[0m INFO:__main__:--- Aggregating 5 updates ---
[33mserver_1      |[0m INFO:__main__:⚡ Using Custom Aggregator with Drift Metric...
[33mserver_1      |[0m INFO:server.aggregator:Starting FedAvg aggregation for 5 clients.
[35;1mclient_008_1  |[0m 2026-01-27 12:31:58,906 - __main__ - INFO - Round 23 finished. Loss: 0.1659, Acc: 97.93%
[33mserver_1      |[0m INFO:werkzeug:172.18.0.21 - - [27/Jan/2026 12:31:58] "[31m[1mPOST /submit_update HTTP/1.1[0m" 400 -
[35;1mclient_008_1  |[0m 2026-01-27 12:31:58,976 - __main__ - ERROR - Update submission failed: {"error":"Not accepting updates"}
[35;1mclient_008_1  |[0m 
[35;1mclient_008_1  |[0m 2026-01-27 12:31:58,977 - __main__ - INFO - Update submitted for Round 23. Waiting...
[34mclient_004_1  |[0m 2026-01-27 12:31:59,693 - __main__ - INFO - Round 23 finished. Loss: 0.8357, Acc: 73.58%
[33mserver_1      |[0m INFO:werkzeug:172.18.0.18 - - [27/Jan/2026 12:31:59] "[31m[1mPOST /submit_update HTTP/1.1[0m" 400 -
[33mserver_1      |[0m INFO:server.aggregator:--- [METRIC] Weight Divergence: 0.9634
[33mserver_1      |[0m INFO:server.aggregator:FedAvg aggregation complete.
[33mserver_1      |[0m INFO:__main__:Aggregation complete.
[34mclient_004_1  |[0m 2026-01-27 12:31:59,766 - __main__ - ERROR - Update submission failed: {"error":"Not accepting updates"}
[34mclient_004_1  |[0m 
[34mclient_004_1  |[0m 2026-01-27 12:31:59,766 - __main__ - INFO - Update submitted for Round 23. Waiting...
[33mserver_1      |[0m ⏱️ [TIME] Client client_006 finished training in 0.02s
[33mserver_1      |[0m ⏱️ [TIME] Client client_001 finished training in 0.68s
[33mserver_1      |[0m ⏱️ [TIME] Client client_009 finished training in 2.99s
[33mserver_1      |[0m ⏱️ [TIME] Client client_007 finished training in 0.25s
[33mserver_1      |[0m ⏱️ [TIME] Client client_002 finished training in 2.06s
[33mserver_1      |[0m DEBUG: ⚠️ MY CUSTOM AGGREGATOR IS RUNNING ⚠️
[33mserver_1      |[0m INFO:__main__:--- Round 23 Acc: 23.16%, Loss: 2.2347 ---
[33mserver_1      |[0m INFO:__main__:--- Starting Round 24. Timeout: 300s ---
[33mserver_1      |[0m INFO:werkzeug:172.18.0.22 - - [27/Jan/2026 12:32:00] "POST /submit_update HTTP/1.1" 200 -
[36;1mclient_005_1  |[0m 2026-01-27 12:32:00,896 - __main__ - INFO - --- New Round Detected: 23 ---
[32mclient_002_1  |[0m 2026-01-27 12:32:00,903 - __main__ - INFO - 🚀 Model update submitted successfully.
[32mclient_002_1  |[0m 2026-01-27 12:32:00,903 - __main__ - INFO - Update submitted for Round 23. Waiting...
[33mserver_1      |[0m INFO:werkzeug:172.18.0.9 - - [27/Jan/2026 12:32:00] "GET /download_model?round=23 HTTP/1.1" 200 -
[36mclient_010_1  |[0m 2026-01-27 12:32:01,080 - __main__ - INFO - --- New Round Detected: 24 ---
[33mserver_1      |[0m INFO:werkzeug:172.18.0.7 - - [27/Jan/2026 12:32:01] "GET /download_model?round=24 HTTP/1.1" 200 -
[36mclient_010_1  |[0m 2026-01-27 12:32:01,557 - __main__ - INFO - Round 24 finished. Loss: 0.1460, Acc: 98.03%
[33mserver_1      |[0m INFO:__main__:Received update from client_010
[33mserver_1      |[0m INFO:werkzeug:172.18.0.7 - - [27/Jan/2026 12:32:01] "POST /submit_update HTTP/1.1" 200 -
[36mclient_010_1  |[0m 2026-01-27 12:32:01,690 - __main__ - INFO - 🚀 Model update submitted successfully.
[36mclient_010_1  |[0m 2026-01-27 12:32:01,690 - __main__ - INFO - Update submitted for Round 24. Waiting...
[33;1mclient_006_1  |[0m 2026-01-27 12:32:02,060 - __main__ - INFO - --- New Round Detected: 24 ---
[33mserver_1      |[0m INFO:werkzeug:172.18.0.17 - - [27/Jan/2026 12:32:02] "GET /download_model?round=24 HTTP/1.1" 200 -
[33;1mclient_006_1  |[0m 2026-01-27 12:32:02,202 - __main__ - INFO - Round 24 finished. Loss: 1.7121, Acc: 28.57%
[33mserver_1      |[0m INFO:__main__:Received update from client_006
[33mserver_1      |[0m INFO:werkzeug:172.18.0.17 - - [27/Jan/2026 12:32:02] "POST /submit_update HTTP/1.1" 200 -
[33;1mclient_006_1  |[0m 2026-01-27 12:32:02,335 - __main__ - INFO - 🚀 Model update submitted successfully.
[33;1mclient_006_1  |[0m 2026-01-27 12:32:02,335 - __main__ - INFO - Update submitted for Round 24. Waiting...
[33mclient_001_1  |[0m 2026-01-27 12:32:03,662 - __main__ - INFO - --- New Round Detected: 24 ---
[36;1mclient_005_1  |[0m 2026-01-27 12:32:03,667 - __main__ - INFO - Round 23 finished. Loss: 0.3193, Acc: 92.76%
[33mserver_1      |[0m INFO:werkzeug:172.18.0.20 - - [27/Jan/2026 12:32:03] "GET /download_model?round=24 HTTP/1.1" 200 -
[33mserver_1      |[0m INFO:__main__:Received update from client_005
[33mserver_1      |[0m INFO:werkzeug:172.18.0.9 - - [27/Jan/2026 12:32:03] "POST /submit_update HTTP/1.1" 200 -
[36;1mclient_005_1  |[0m 2026-01-27 12:32:03,821 - __main__ - INFO - 🚀 Model update submitted successfully.
[36;1mclient_005_1  |[0m 2026-01-27 12:32:03,821 - __main__ - INFO - Update submitted for Round 23. Waiting...
[33mclient_001_1  |[0m 2026-01-27 12:32:04,449 - __main__ - INFO - Round 24 finished. Loss: 0.1289, Acc: 98.71%
[33mserver_1      |[0m INFO:__main__:Received update from client_001
[33mserver_1      |[0m INFO:werkzeug:172.18.0.20 - - [27/Jan/2026 12:32:04] "POST /submit_update HTTP/1.1" 200 -
[33mclient_001_1  |[0m 2026-01-27 12:32:04,584 - __main__ - INFO - 🚀 Model update submitted successfully.
[33mclient_001_1  |[0m 2026-01-27 12:32:04,584 - __main__ - INFO - Update submitted for Round 24. Waiting...
[34;1mclient_009_1  |[0m 2026-01-27 12:32:04,854 - __main__ - INFO - --- New Round Detected: 24 ---
[33mserver_1      |[0m INFO:werkzeug:172.18.0.11 - - [27/Jan/2026 12:32:04] "GET /download_model?round=24 HTTP/1.1" 200 -
[32;1mclient_007_1  |[0m 2026-01-27 12:32:05,766 - __main__ - INFO - --- New Round Detected: 24 ---
[33mserver_1      |[0m INFO:werkzeug:172.18.0.15 - - [27/Jan/2026 12:32:05] "GET /download_model?round=24 HTTP/1.1" 200 -
[35mclient_003_1  |[0m 2026-01-27 12:32:06,096 - __main__ - INFO - Round 22 finished. Loss: 0.9293, Acc: 72.71%
[32;1mclient_007_1  |[0m 2026-01-27 12:32:06,120 - __main__ - INFO - Round 24 finished. Loss: 0.9829, Acc: 65.57%
[33mserver_1      |[0m INFO:__main__:Received update from client_003
[33mserver_1      |[0m INFO:__main__:--- Aggregating 5 updates ---
[33mserver_1      |[0m INFO:__main__:⚡ Using Custom Aggregator with Drift Metric...
[33mserver_1      |[0m INFO:server.aggregator:Starting FedAvg aggregation for 5 clients.
[33mserver_1      |[0m INFO:server.aggregator:--- [METRIC] Weight Divergence: 1.8585
[33mserver_1      |[0m INFO:server.aggregator:FedAvg aggregation complete.
[33mserver_1      |[0m INFO:__main__:Aggregation complete.
[33mserver_1      |[0m ⏱️ [TIME] Client client_010 finished training in 0.35s
[33mserver_1      |[0m ⏱️ [TIME] Client client_006 finished training in 0.02s
[33mserver_1      |[0m ⏱️ [TIME] Client client_005 finished training in 2.65s
[33mserver_1      |[0m ⏱️ [TIME] Client client_001 finished training in 0.66s
[33mserver_1      |[0m ⏱️ [TIME] Client client_003 finished training in 15.98s
[33mserver_1      |[0m DEBUG: ⚠️ MY CUSTOM AGGREGATOR IS RUNNING ⚠️
[33mserver_1      |[0m ⏱️ [TIME] Client client_007 finished training in 0.22s
[34;1mclient_009_1  |[0m 2026-01-27 12:32:07,906 - __main__ - INFO - Round 24 finished. Loss: 0.8241, Acc: 69.57%
[33mserver_1      |[0m INFO:werkzeug:172.18.0.11 - - [27/Jan/2026 12:32:07] "[31m[1mPOST /submit_update HTTP/1.1[0m" 400 -
[34;1mclient_009_1  |[0m 2026-01-27 12:32:07,971 - __main__ - ERROR - Update submission failed: {"error":"Not accepting updates"}
[34;1mclient_009_1  |[0m 
[34;1mclient_009_1  |[0m 2026-01-27 12:32:07,972 - __main__ - INFO - Update submitted for Round 24. Waiting...
[33mserver_1      |[0m INFO:__main__:--- Round 24 Acc: 39.11%, Loss: 1.7854 ---
[33mserver_1      |[0m INFO:__main__:--- Starting Round 25. Timeout: 300s ---
[33mserver_1      |[0m INFO:werkzeug:172.18.0.13 - - [27/Jan/2026 12:32:08] "POST /submit_update HTTP/1.1" 200 -
[33mserver_1      |[0m INFO:__main__:Received update from client_007
[33mserver_1      |[0m INFO:werkzeug:172.18.0.15 - - [27/Jan/2026 12:32:08] "POST /submit_update HTTP/1.1" 200 -
[32;1mclient_007_1  |[0m 2026-01-27 12:32:08,563 - __main__ - INFO - 🚀 Model update submitted successfully.
[32;1mclient_007_1  |[0m 2026-01-27 12:32:08,564 - __main__ - INFO - Update submitted for Round 24. Waiting...
[35mclient_003_1  |[0m 2026-01-27 12:32:08,564 - __main__ - INFO - 🚀 Model update submitted successfully.
[35mclient_003_1  |[0m 2026-01-27 12:32:08,564 - __main__ - INFO - Update submitted for Round 22. Waiting...
[35;1mclient_008_1  |[0m 2026-01-27 12:32:09,040 - __main__ - INFO - --- New Round Detected: 25 ---
[33mserver_1      |[0m INFO:werkzeug:172.18.0.21 - - [27/Jan/2026 12:32:09] "GET /download_model?round=25 HTTP/1.1" 200 -
[34mclient_004_1  |[0m 2026-01-27 12:32:09,831 - __main__ - INFO - --- New Round Detected: 25 ---
[33mserver_1      |[0m INFO:werkzeug:172.18.0.18 - - [27/Jan/2026 12:32:09] "GET /download_model?round=25 HTTP/1.1" 200 -
[35;1mclient_008_1  |[0m 2026-01-27 12:32:10,783 - __main__ - INFO - Round 25 finished. Loss: 0.1741, Acc: 98.23%
[33mserver_1      |[0m INFO:__main__:Received update from client_008
[33mserver_1      |[0m INFO:werkzeug:172.18.0.21 - - [27/Jan/2026 12:32:10] "POST /submit_update HTTP/1.1" 200 -
[35;1mclient_008_1  |[0m 2026-01-27 12:32:10,917 - __main__ - INFO - 🚀 Model update submitted successfully.
[35;1mclient_008_1  |[0m 2026-01-27 12:32:10,917 - __main__ - INFO - Update submitted for Round 25. Waiting...
[32mclient_002_1  |[0m 2026-01-27 12:32:10,975 - __main__ - INFO - --- New Round Detected: 25 ---
[33mserver_1      |[0m INFO:werkzeug:172.18.0.22 - - [27/Jan/2026 12:32:11] "GET /download_model?round=25 HTTP/1.1" 200 -
[36mclient_010_1  |[0m 2026-01-27 12:32:11,753 - __main__ - INFO - --- New Round Detected: 25 ---
[33mserver_1      |[0m INFO:werkzeug:172.18.0.7 - - [27/Jan/2026 12:32:11] "GET /download_model?round=25 HTTP/1.1" 200 -
[33;1mclient_006_1  |[0m 2026-01-27 12:32:12,399 - __main__ - INFO - --- New Round Detected: 25 ---
[33mserver_1      |[0m INFO:werkzeug:172.18.0.17 - - [27/Jan/2026 12:32:12] "GET /download_model?round=25 HTTP/1.1" 200 -
[36mclient_010_1  |[0m 2026-01-27 12:32:12,421 - __main__ - INFO - Round 25 finished. Loss: 0.3320, Acc: 97.91%
[33mserver_1      |[0m INFO:__main__:Received update from client_010
[33mserver_1      |[0m INFO:werkzeug:172.18.0.7 - - [27/Jan/2026 12:32:12] "POST /submit_update HTTP/1.1" 200 -
[33;1mclient_006_1  |[0m 2026-01-27 12:32:12,534 - __main__ - INFO - Round 25 finished. Loss: 1.4129, Acc: 64.29%
[36mclient_010_1  |[0m 2026-01-27 12:32:12,555 - __main__ - INFO - 🚀 Model update submitted successfully.
[36mclient_010_1  |[0m 2026-01-27 12:32:12,556 - __main__ - INFO - Update submitted for Round 25. Waiting...
[33mserver_1      |[0m INFO:__main__:Received update from client_006
[33mserver_1      |[0m INFO:werkzeug:172.18.0.17 - - [27/Jan/2026 12:32:12] "POST /submit_update HTTP/1.1" 200 -
[33;1mclient_006_1  |[0m 2026-01-27 12:32:12,670 - __main__ - INFO - 🚀 Model update submitted successfully.
[33;1mclient_006_1  |[0m 2026-01-27 12:32:12,670 - __main__ - INFO - Update submitted for Round 25. Waiting...
[32mclient_002_1  |[0m 2026-01-27 12:32:13,104 - __main__ - INFO - Round 25 finished. Loss: 0.4812, Acc: 92.29%
[33mserver_1      |[0m INFO:__main__:Received update from client_002
[33mserver_1      |[0m INFO:__main__:--- Aggregating 5 updates ---
[33mserver_1      |[0m INFO:__main__:⚡ Using Custom Aggregator with Drift Metric...
[33mserver_1      |[0m INFO:server.aggregator:Starting FedAvg aggregation for 5 clients.
[36;1mclient_005_1  |[0m 2026-01-27 12:32:13,889 - __main__ - INFO - --- New Round Detected: 25 ---
[33mserver_1      |[0m INFO:werkzeug:172.18.0.9 - - [27/Jan/2026 12:32:13] "GET /download_model?round=25 HTTP/1.1" 200 -
[33mclient_001_1  |[0m 2026-01-27 12:32:14,645 - __main__ - INFO - --- New Round Detected: 25 ---
[33mserver_1      |[0m INFO:werkzeug:172.18.0.20 - - [27/Jan/2026 12:32:14] "GET /download_model?round=25 HTTP/1.1" 200 -
[33mclient_001_1  |[0m 2026-01-27 12:32:15,426 - __main__ - INFO - Round 25 finished. Loss: 0.2908, Acc: 98.38%
[33mserver_1      |[0m INFO:werkzeug:172.18.0.20 - - [27/Jan/2026 12:32:15] "[31m[1mPOST /submit_update HTTP/1.1[0m" 400 -
[33mclient_001_1  |[0m 2026-01-27 12:32:15,493 - __main__ - ERROR - Update submission failed: {"error":"Not accepting updates"}
[33mclient_001_1  |[0m 
[33mclient_001_1  |[0m 2026-01-27 12:32:15,493 - __main__ - INFO - Update submitted for Round 25. Waiting...
[33mserver_1      |[0m INFO:server.aggregator:--- [METRIC] Weight Divergence: 1.0362
[33mserver_1      |[0m INFO:server.aggregator:FedAvg aggregation complete.
[33mserver_1      |[0m INFO:__main__:Aggregation complete.
[33mserver_1      |[0m ⏱️ [TIME] Client client_008 finished training in 1.62s
[33mserver_1      |[0m ⏱️ [TIME] Client client_010 finished training in 0.54s
[33mserver_1      |[0m ⏱️ [TIME] Client client_006 finished training in 0.01s
[33mserver_1      |[0m ⏱️ [TIME] Client client_002 finished training in 1.99s
[33mserver_1      |[0m DEBUG: ⚠️ MY CUSTOM AGGREGATOR IS RUNNING ⚠️
[36;1mclient_005_1  |[0m 2026-01-27 12:32:16,610 - __main__ - INFO - Round 25 finished. Loss: 0.2987, Acc: 93.63%
[33mserver_1      |[0m INFO:werkzeug:172.18.0.9 - - [27/Jan/2026 12:32:16] "[31m[1mPOST /submit_update HTTP/1.1[0m" 400 -
[36;1mclient_005_1  |[0m 2026-01-27 12:32:16,680 - __main__ - ERROR - Update submission failed: {"error":"Not accepting updates"}
[36;1mclient_005_1  |[0m 
[36;1mclient_005_1  |[0m 2026-01-27 12:32:16,680 - __main__ - INFO - Update submitted for Round 25. Waiting...
[33mserver_1      |[0m INFO:__main__:--- Round 25 Acc: 28.83%, Loss: 1.9486 ---
[33mserver_1      |[0m INFO:__main__:--- Starting Round 26. Timeout: 300s ---
[33mserver_1      |[0m INFO:werkzeug:172.18.0.22 - - [27/Jan/2026 12:32:16] "POST /submit_update HTTP/1.1" 200 -
[32mclient_002_1  |[0m 2026-01-27 12:32:16,819 - __main__ - INFO - 🚀 Model update submitted successfully.
[32mclient_002_1  |[0m 2026-01-27 12:32:16,819 - __main__ - INFO - Update submitted for Round 25. Waiting...
[34mclient_004_1  |[0m 2026-01-27 12:32:17,852 - __main__ - INFO - Round 25 finished. Loss: 0.8229, Acc: 72.53%
[33mserver_1      |[0m INFO:__main__:Received update from client_004
[33mserver_1      |[0m INFO:werkzeug:172.18.0.18 - - [27/Jan/2026 12:32:17] "POST /submit_update HTTP/1.1" 200 -
[34mclient_004_1  |[0m 2026-01-27 12:32:17,986 - __main__ - INFO - 🚀 Model update submitted successfully.
[34mclient_004_1  |[0m 2026-01-27 12:32:17,986 - __main__ - INFO - Update submitted for Round 25. Waiting...
[34;1mclient_009_1  |[0m 2026-01-27 12:32:18,033 - __main__ - INFO - --- New Round Detected: 26 ---
[33mserver_1      |[0m INFO:werkzeug:172.18.0.11 - - [27/Jan/2026 12:32:18] "GET /download_model?round=26 HTTP/1.1" 200 -
[35mclient_003_1  |[0m 2026-01-27 12:32:18,626 - __main__ - INFO - --- New Round Detected: 26 ---
[32;1mclient_007_1  |[0m 2026-01-27 12:32:18,625 - __main__ - INFO - --- New Round Detected: 26 ---
[33mserver_1      |[0m INFO:werkzeug:172.18.0.15 - - [27/Jan/2026 12:32:18] "GET /download_model?round=26 HTTP/1.1" 200 -
[33mserver_1      |[0m INFO:werkzeug:172.18.0.13 - - [27/Jan/2026 12:32:18] "GET /download_model?round=26 HTTP/1.1" 200 -
[32;1mclient_007_1  |[0m 2026-01-27 12:32:19,357 - __main__ - INFO - Round 26 finished. Loss: 0.8756, Acc: 67.22%
[33mserver_1      |[0m INFO:__main__:Received update from client_007
[33mserver_1      |[0m INFO:werkzeug:172.18.0.15 - - [27/Jan/2026 12:32:19] "POST /submit_update HTTP/1.1" 200 -
[32;1mclient_007_1  |[0m 2026-01-27 12:32:19,513 - __main__ - INFO - 🚀 Model update submitted successfully.
[32;1mclient_007_1  |[0m 2026-01-27 12:32:19,513 - __main__ - INFO - Update submitted for Round 26. Waiting...
[35;1mclient_008_1  |[0m 2026-01-27 12:32:20,980 - __main__ - INFO - --- New Round Detected: 26 ---
[33mserver_1      |[0m INFO:werkzeug:172.18.0.21 - - [27/Jan/2026 12:32:21] "GET /download_model?round=26 HTTP/1.1" 200 -
[34;1mclient_009_1  |[0m 2026-01-27 12:32:21,068 - __main__ - INFO - Round 26 finished. Loss: 0.9141, Acc: 68.38%
[33mserver_1      |[0m INFO:__main__:Received update from client_009
[33mserver_1      |[0m INFO:werkzeug:172.18.0.11 - - [27/Jan/2026 12:32:21] "POST /submit_update HTTP/1.1" 200 -
[34;1mclient_009_1  |[0m 2026-01-27 12:32:21,204 - __main__ - INFO - 🚀 Model update submitted successfully.
[34;1mclient_009_1  |[0m 2026-01-27 12:32:21,204 - __main__ - INFO - Update submitted for Round 26. Waiting...
[36mclient_010_1  |[0m 2026-01-27 12:32:22,621 - __main__ - INFO - --- New Round Detected: 26 ---
[33mserver_1      |[0m INFO:werkzeug:172.18.0.7 - - [27/Jan/2026 12:32:22] "GET /download_model?round=26 HTTP/1.1" 200 -
[33;1mclient_006_1  |[0m 2026-01-27 12:32:22,734 - __main__ - INFO - --- New Round Detected: 26 ---
[33mserver_1      |[0m INFO:werkzeug:172.18.0.17 - - [27/Jan/2026 12:32:22] "GET /download_model?round=26 HTTP/1.1" 200 -
[35;1mclient_008_1  |[0m 2026-01-27 12:32:22,758 - __main__ - INFO - Round 26 finished. Loss: 0.1532, Acc: 98.23%
[33mserver_1      |[0m INFO:__main__:Received update from client_008
[33mserver_1      |[0m INFO:werkzeug:172.18.0.21 - - [27/Jan/2026 12:32:22] "POST /submit_update HTTP/1.1" 200 -
[35;1mclient_008_1  |[0m 2026-01-27 12:32:22,893 - __main__ - INFO - 🚀 Model update submitted successfully.
[35;1mclient_008_1  |[0m 2026-01-27 12:32:22,893 - __main__ - INFO - Update submitted for Round 26. Waiting...
[33;1mclient_006_1  |[0m 2026-01-27 12:32:22,880 - __main__ - INFO - Round 26 finished. Loss: 1.7982, Acc: 42.86%
[33mserver_1      |[0m INFO:__main__:Received update from client_006
[33mserver_1      |[0m INFO:__main__:--- Aggregating 5 updates ---
[33mserver_1      |[0m INFO:__main__:⚡ Using Custom Aggregator with Drift Metric...
[33mserver_1      |[0m INFO:server.aggregator:Starting FedAvg aggregation for 5 clients.
[36mclient_010_1  |[0m 2026-01-27 12:32:23,423 - __main__ - INFO - Round 26 finished. Loss: 0.2177, Acc: 97.91%
[33mserver_1      |[0m INFO:werkzeug:172.18.0.7 - - [27/Jan/2026 12:32:23] "[31m[1mPOST /submit_update HTTP/1.1[0m" 400 -
[36mclient_010_1  |[0m 2026-01-27 12:32:23,491 - __main__ - ERROR - Update submission failed: {"error":"Not accepting updates"}
[36mclient_010_1  |[0m 
[36mclient_010_1  |[0m 2026-01-27 12:32:23,491 - __main__ - INFO - Update submitted for Round 26. Waiting...
[33mserver_1      |[0m INFO:server.aggregator:--- [METRIC] Weight Divergence: 1.2046
[33mserver_1      |[0m INFO:server.aggregator:FedAvg aggregation complete.
[33mserver_1      |[0m INFO:__main__:Aggregation complete.
[33mserver_1      |[0m ⏱️ [TIME] Client client_004 finished training in 7.89s
[33mserver_1      |[0m ⏱️ [TIME] Client client_007 finished training in 0.60s
[33mserver_1      |[0m ⏱️ [TIME] Client client_009 finished training in 2.89s
[33mserver_1      |[0m ⏱️ [TIME] Client client_008 finished training in 1.65s
[33mserver_1      |[0m ⏱️ [TIME] Client client_006 finished training in 0.02s
[33mserver_1      |[0m DEBUG: ⚠️ MY CUSTOM AGGREGATOR IS RUNNING ⚠️
[33mserver_1      |[0m INFO:__main__:--- Round 26 Acc: 41.90%, Loss: 1.6159 ---
[33mserver_1      |[0m INFO:__main__:--- Starting Round 27. Timeout: 300s ---
[33mserver_1      |[0m INFO:werkzeug:172.18.0.17 - - [27/Jan/2026 12:32:25] "POST /submit_update HTTP/1.1" 200 -
[33;1mclient_006_1  |[0m 2026-01-27 12:32:25,562 - __main__ - INFO - 🚀 Model update submitted successfully.
[33;1mclient_006_1  |[0m 2026-01-27 12:32:25,563 - __main__ - INFO - Update submitted for Round 26. Waiting...
[33mclient_001_1  |[0m 2026-01-27 12:32:25,564 - __main__ - INFO - --- New Round Detected: 27 ---
[33mserver_1      |[0m INFO:werkzeug:172.18.0.20 - - [27/Jan/2026 12:32:25] "GET /download_model?round=27 HTTP/1.1" 200 -
[33mclient_001_1  |[0m 2026-01-27 12:32:26,324 - __main__ - INFO - Round 27 finished. Loss: 0.2232, Acc: 98.71%
[33mserver_1      |[0m INFO:__main__:Received update from client_001
[33mserver_1      |[0m INFO:werkzeug:172.18.0.20 - - [27/Jan/2026 12:32:26] "POST /submit_update HTTP/1.1" 200 -
[33mclient_001_1  |[0m 2026-01-27 12:32:26,460 - __main__ - INFO - 🚀 Model update submitted successfully.
[33mclient_001_1  |[0m 2026-01-27 12:32:26,460 - __main__ - INFO - Update submitted for Round 27. Waiting...
[36;1mclient_005_1  |[0m 2026-01-27 12:32:26,743 - __main__ - INFO - --- New Round Detected: 27 ---
[33mserver_1      |[0m INFO:werkzeug:172.18.0.9 - - [27/Jan/2026 12:32:26] "GET /download_model?round=27 HTTP/1.1" 200 -
[32mclient_002_1  |[0m 2026-01-27 12:32:26,890 - __main__ - INFO - --- New Round Detected: 27 ---
[33mserver_1      |[0m INFO:werkzeug:172.18.0.22 - - [27/Jan/2026 12:32:26] "GET /download_model?round=27 HTTP/1.1" 200 -
[34mclient_004_1  |[0m 2026-01-27 12:32:28,055 - __main__ - INFO - --- New Round Detected: 27 ---
[33mserver_1      |[0m INFO:werkzeug:172.18.0.18 - - [27/Jan/2026 12:32:28] "GET /download_model?round=27 HTTP/1.1" 200 -
[32mclient_002_1  |[0m 2026-01-27 12:32:29,085 - __main__ - INFO - Round 27 finished. Loss: 0.4267, Acc: 91.70%
[33mserver_1      |[0m INFO:__main__:Received update from client_002
[33mserver_1      |[0m INFO:werkzeug:172.18.0.22 - - [27/Jan/2026 12:32:29] "POST /submit_update HTTP/1.1" 200 -
[32mclient_002_1  |[0m 2026-01-27 12:32:29,221 - __main__ - INFO - 🚀 Model update submitted successfully.
[32mclient_002_1  |[0m 2026-01-27 12:32:29,221 - __main__ - INFO - Update submitted for Round 27. Waiting...
[36;1mclient_005_1  |[0m 2026-01-27 12:32:29,352 - __main__ - INFO - Round 27 finished. Loss: 0.3278, Acc: 93.85%
[33mserver_1      |[0m INFO:__main__:Received update from client_005
[33mserver_1      |[0m INFO:werkzeug:172.18.0.9 - - [27/Jan/2026 12:32:29] "POST /submit_update HTTP/1.1" 200 -
[36;1mclient_005_1  |[0m 2026-01-27 12:32:29,487 - __main__ - INFO - 🚀 Model update submitted successfully.
[36;1mclient_005_1  |[0m 2026-01-27 12:32:29,487 - __main__ - INFO - Update submitted for Round 27. Waiting...
[32;1mclient_007_1  |[0m 2026-01-27 12:32:29,574 - __main__ - INFO - --- New Round Detected: 27 ---
[33mserver_1      |[0m INFO:werkzeug:172.18.0.15 - - [27/Jan/2026 12:32:29] "GET /download_model?round=27 HTTP/1.1" 200 -
[32;1mclient_007_1  |[0m 2026-01-27 12:32:30,041 - __main__ - INFO - Round 27 finished. Loss: 1.0235, Acc: 62.45%
[33mserver_1      |[0m INFO:__main__:Received update from client_007
[33mserver_1      |[0m INFO:werkzeug:172.18.0.15 - - [27/Jan/2026 12:32:30] "POST /submit_update HTTP/1.1" 200 -
[32;1mclient_007_1  |[0m 2026-01-27 12:32:30,176 - __main__ - INFO - 🚀 Model update submitted successfully.
[32;1mclient_007_1  |[0m 2026-01-27 12:32:30,176 - __main__ - INFO - Update submitted for Round 27. Waiting...
[34;1mclient_009_1  |[0m 2026-01-27 12:32:31,266 - __main__ - INFO - --- New Round Detected: 27 ---
[33mserver_1      |[0m INFO:werkzeug:172.18.0.11 - - [27/Jan/2026 12:32:31] "GET /download_model?round=27 HTTP/1.1" 200 -
[35;1mclient_008_1  |[0m 2026-01-27 12:32:32,956 - __main__ - INFO - --- New Round Detected: 27 ---
[33mserver_1      |[0m INFO:werkzeug:172.18.0.21 - - [27/Jan/2026 12:32:32] "GET /download_model?round=27 HTTP/1.1" 200 -
[36mclient_010_1  |[0m 2026-01-27 12:32:33,559 - __main__ - INFO - --- New Round Detected: 27 ---
[33mserver_1      |[0m INFO:werkzeug:172.18.0.7 - - [27/Jan/2026 12:32:33] "GET /download_model?round=27 HTTP/1.1" 200 -
[35mclient_003_1  |[0m 2026-01-27 12:32:34,269 - __main__ - INFO - Round 26 finished. Loss: 0.8446, Acc: 74.16%
[33mserver_1      |[0m INFO:__main__:Received update from client_003
[33mserver_1      |[0m INFO:__main__:--- Aggregating 5 updates ---
[33mserver_1      |[0m INFO:__main__:⚡ Using Custom Aggregator with Drift Metric...
[33mserver_1      |[0m INFO:server.aggregator:Starting FedAvg aggregation for 5 clients.
[36mclient_010_1  |[0m 2026-01-27 12:32:34,404 - __main__ - INFO - Round 27 finished. Loss: 0.2587, Acc: 97.91%
[33mserver_1      |[0m INFO:werkzeug:172.18.0.7 - - [27/Jan/2026 12:32:34] "[31m[1mPOST /submit_update HTTP/1.1[0m" 400 -
[36mclient_010_1  |[0m 2026-01-27 12:32:34,472 - __main__ - ERROR - Update submission failed: {"error":"Not accepting updates"}
[36mclient_010_1  |[0m 
[36mclient_010_1  |[0m 2026-01-27 12:32:34,473 - __main__ - INFO - Update submitted for Round 27. Waiting...
[34;1mclient_009_1  |[0m 2026-01-27 12:32:34,505 - __main__ - INFO - Round 27 finished. Loss: 0.8594, Acc: 69.97%
[33mserver_1      |[0m INFO:werkzeug:172.18.0.11 - - [27/Jan/2026 12:32:34] "[31m[1mPOST /submit_update HTTP/1.1[0m" 400 -
[34;1mclient_009_1  |[0m 2026-01-27 12:32:34,571 - __main__ - ERROR - Update submission failed: {"error":"Not accepting updates"}
[34;1mclient_009_1  |[0m 
[34;1mclient_009_1  |[0m 2026-01-27 12:32:34,571 - __main__ - INFO - Update submitted for Round 27. Waiting...
[35;1mclient_008_1  |[0m 2026-01-27 12:32:34,838 - __main__ - INFO - Round 27 finished. Loss: 0.1611, Acc: 98.28%
[33mserver_1      |[0m INFO:werkzeug:172.18.0.21 - - [27/Jan/2026 12:32:34] "[31m[1mPOST /submit_update HTTP/1.1[0m" 400 -
[35;1mclient_008_1  |[0m 2026-01-27 12:32:34,903 - __main__ - ERROR - Update submission failed: {"error":"Not accepting updates"}
[35;1mclient_008_1  |[0m 
[35;1mclient_008_1  |[0m 2026-01-27 12:32:34,903 - __main__ - INFO - Update submitted for Round 27. Waiting...
[33;1mclient_006_1  |[0m 2026-01-27 12:32:35,632 - __main__ - INFO - --- New Round Detected: 27 ---
[33mserver_1      |[0m INFO:werkzeug:172.18.0.17 - - [27/Jan/2026 12:32:35] "GET /download_model?round=27 HTTP/1.1" 200 -
[33;1mclient_006_1  |[0m 2026-01-27 12:32:35,788 - __main__ - INFO - Round 27 finished. Loss: 1.0328, Acc: 71.43%
[33mserver_1      |[0m INFO:werkzeug:172.18.0.17 - - [27/Jan/2026 12:32:35] "[31m[1mPOST /submit_update HTTP/1.1[0m" 400 -
[33;1mclient_006_1  |[0m 2026-01-27 12:32:35,852 - __main__ - ERROR - Update submission failed: {"error":"Not accepting updates"}
[33;1mclient_006_1  |[0m 
[33;1mclient_006_1  |[0m 2026-01-27 12:32:35,852 - __main__ - INFO - Update submitted for Round 27. Waiting...
[34mclient_004_1  |[0m 2026-01-27 12:32:35,943 - __main__ - INFO - Round 27 finished. Loss: 0.7471, Acc: 75.84%
[33mserver_1      |[0m INFO:server.aggregator:--- [METRIC] Weight Divergence: 1.6683
[33mserver_1      |[0m INFO:server.aggregator:FedAvg aggregation complete.
[33mserver_1      |[0m INFO:__main__:Aggregation complete.
[33mserver_1      |[0m INFO:werkzeug:172.18.0.18 - - [27/Jan/2026 12:32:35] "[31m[1mPOST /submit_update HTTP/1.1[0m" 400 -
[34mclient_004_1  |[0m 2026-01-27 12:32:36,010 - __main__ - ERROR - Update submission failed: {"error":"Not accepting updates"}
[34mclient_004_1  |[0m 
[34mclient_004_1  |[0m 2026-01-27 12:32:36,010 - __main__ - INFO - Update submitted for Round 27. Waiting...
[33mserver_1      |[0m ⏱️ [TIME] Client client_001 finished training in 0.63s
[33mserver_1      |[0m ⏱️ [TIME] Client client_002 finished training in 2.06s
[33mserver_1      |[0m ⏱️ [TIME] Client client_005 finished training in 2.48s
[33mserver_1      |[0m ⏱️ [TIME] Client client_007 finished training in 0.34s
[33mserver_1      |[0m ⏱️ [TIME] Client client_003 finished training in 15.51s
[33mserver_1      |[0m DEBUG: ⚠️ MY CUSTOM AGGREGATOR IS RUNNING ⚠️
[33mserver_1      |[0m INFO:__main__:--- Round 27 Acc: 39.32%, Loss: 1.7210 ---
[33mserver_1      |[0m INFO:__main__:--- Starting Round 28. Timeout: 300s ---
[33mserver_1      |[0m INFO:werkzeug:172.18.0.13 - - [27/Jan/2026 12:32:37] "POST /submit_update HTTP/1.1" 200 -
[35mclient_003_1  |[0m 2026-01-27 12:32:37,344 - __main__ - INFO - 🚀 Model update submitted successfully.
[35mclient_003_1  |[0m 2026-01-27 12:32:37,344 - __main__ - INFO - Update submitted for Round 26. Waiting...
[32mclient_002_1  |[0m 2026-01-27 12:32:39,284 - __main__ - INFO - --- New Round Detected: 28 ---
[33mserver_1      |[0m INFO:werkzeug:172.18.0.22 - - [27/Jan/2026 12:32:39] "GET /download_model?round=28 HTTP/1.1" 200 -
[36;1mclient_005_1  |[0m 2026-01-27 12:32:39,549 - __main__ - INFO - --- New Round Detected: 28 ---
[33mserver_1      |[0m INFO:werkzeug:172.18.0.9 - - [27/Jan/2026 12:32:39] "GET /download_model?round=28 HTTP/1.1" 200 -
[32;1mclient_007_1  |[0m 2026-01-27 12:32:40,240 - __main__ - INFO - --- New Round Detected: 28 ---
[33mserver_1      |[0m INFO:werkzeug:172.18.0.15 - - [27/Jan/2026 12:32:40] "GET /download_model?round=28 HTTP/1.1" 200 -
[32;1mclient_007_1  |[0m 2026-01-27 12:32:40,792 - __main__ - INFO - Round 28 finished. Loss: 0.8852, Acc: 63.92%
[33mserver_1      |[0m INFO:__main__:Received update from client_007
[33mserver_1      |[0m INFO:werkzeug:172.18.0.15 - - [27/Jan/2026 12:32:40] "POST /submit_update HTTP/1.1" 200 -
[32;1mclient_007_1  |[0m 2026-01-27 12:32:40,927 - __main__ - INFO - 🚀 Model update submitted successfully.
[32;1mclient_007_1  |[0m 2026-01-27 12:32:40,928 - __main__ - INFO - Update submitted for Round 28. Waiting...
[32mclient_002_1  |[0m 2026-01-27 12:32:41,400 - __main__ - INFO - Round 28 finished. Loss: 0.4709, Acc: 91.70%
[33mserver_1      |[0m INFO:__main__:Received update from client_002
[33mserver_1      |[0m INFO:werkzeug:172.18.0.22 - - [27/Jan/2026 12:32:41] "POST /submit_update HTTP/1.1" 200 -
[32mclient_002_1  |[0m 2026-01-27 12:32:41,554 - __main__ - INFO - 🚀 Model update submitted successfully.
[32mclient_002_1  |[0m 2026-01-27 12:32:41,554 - __main__ - INFO - Update submitted for Round 28. Waiting...
[36;1mclient_005_1  |[0m 2026-01-27 12:32:42,247 - __main__ - INFO - Round 28 finished. Loss: 0.3510, Acc: 93.78%
[33mserver_1      |[0m INFO:__main__:Received update from client_005
[33mserver_1      |[0m INFO:werkzeug:172.18.0.9 - - [27/Jan/2026 12:32:42] "POST /submit_update HTTP/1.1" 200 -
[36;1mclient_005_1  |[0m 2026-01-27 12:32:42,381 - __main__ - INFO - 🚀 Model update submitted successfully.
[36;1mclient_005_1  |[0m 2026-01-27 12:32:42,381 - __main__ - INFO - Update submitted for Round 28. Waiting...
[36mclient_010_1  |[0m 2026-01-27 12:32:44,535 - __main__ - INFO - --- New Round Detected: 28 ---
[33mserver_1      |[0m INFO:werkzeug:172.18.0.7 - - [27/Jan/2026 12:32:44] "GET /download_model?round=28 HTTP/1.1" 200 -
[34;1mclient_009_1  |[0m 2026-01-27 12:32:44,632 - __main__ - INFO - --- New Round Detected: 28 ---
[33mserver_1      |[0m INFO:werkzeug:172.18.0.11 - - [27/Jan/2026 12:32:44] "GET /download_model?round=28 HTTP/1.1" 200 -
[35;1mclient_008_1  |[0m 2026-01-27 12:32:44,986 - __main__ - INFO - --- New Round Detected: 28 ---
[33mserver_1      |[0m INFO:werkzeug:172.18.0.21 - - [27/Jan/2026 12:32:45] "GET /download_model?round=28 HTTP/1.1" 200 -
[36mclient_010_1  |[0m 2026-01-27 12:32:45,363 - __main__ - INFO - Round 28 finished. Loss: 0.3018, Acc: 97.91%
[33mserver_1      |[0m INFO:__main__:Received update from client_010
[33mserver_1      |[0m INFO:werkzeug:172.18.0.7 - - [27/Jan/2026 12:32:45] "POST /submit_update HTTP/1.1" 200 -
[36mclient_010_1  |[0m 2026-01-27 12:32:45,498 - __main__ - INFO - 🚀 Model update submitted successfully.
[36mclient_010_1  |[0m 2026-01-27 12:32:45,498 - __main__ - INFO - Update submitted for Round 28. Waiting...
[33;1mclient_006_1  |[0m 2026-01-27 12:32:45,922 - __main__ - INFO - --- New Round Detected: 28 ---
[33mserver_1      |[0m INFO:werkzeug:172.18.0.17 - - [27/Jan/2026 12:32:45] "GET /download_model?round=28 HTTP/1.1" 200 -
[33;1mclient_006_1  |[0m 2026-01-27 12:32:46,069 - __main__ - INFO - Round 28 finished. Loss: 1.1808, Acc: 57.14%
[34mclient_004_1  |[0m 2026-01-27 12:32:46,071 - __main__ - INFO - --- New Round Detected: 28 ---
[33mserver_1      |[0m INFO:werkzeug:172.18.0.18 - - [27/Jan/2026 12:32:46] "GET /download_model?round=28 HTTP/1.1" 200 -
[33mserver_1      |[0m INFO:__main__:Received update from client_006
[33mserver_1      |[0m INFO:__main__:--- Aggregating 5 updates ---
[33mserver_1      |[0m INFO:__main__:⚡ Using Custom Aggregator with Drift Metric...
[33mserver_1      |[0m INFO:server.aggregator:Starting FedAvg aggregation for 5 clients.
[33mclient_001_1  |[0m 2026-01-27 12:32:46,588 - __main__ - INFO - --- New Round Detected: 28 ---
[33mserver_1      |[0m INFO:werkzeug:172.18.0.20 - - [27/Jan/2026 12:32:46] "GET /download_model?round=28 HTTP/1.1" 200 -
[35;1mclient_008_1  |[0m 2026-01-27 12:32:46,750 - __main__ - INFO - Round 28 finished. Loss: 0.1920, Acc: 98.18%
[33mserver_1      |[0m INFO:werkzeug:172.18.0.21 - - [27/Jan/2026 12:32:46] "[31m[1mPOST /submit_update HTTP/1.1[0m" 400 -
[35;1mclient_008_1  |[0m 2026-01-27 12:32:46,819 - __main__ - ERROR - Update submission failed: {"error":"Not accepting updates"}
[35;1mclient_008_1  |[0m 
[35;1mclient_008_1  |[0m 2026-01-27 12:32:46,820 - __main__ - INFO - Update submitted for Round 28. Waiting...
[33mclient_001_1  |[0m 2026-01-27 12:32:47,377 - __main__ - INFO - Round 28 finished. Loss: 0.2655, Acc: 98.71%
[33mserver_1      |[0m INFO:werkzeug:172.18.0.20 - - [27/Jan/2026 12:32:47] "[31m[1mPOST /submit_update HTTP/1.1[0m" 400 -
[35mclient_003_1  |[0m 2026-01-27 12:32:47,407 - __main__ - INFO - --- New Round Detected: 28 ---
[33mserver_1      |[0m INFO:werkzeug:172.18.0.13 - - [27/Jan/2026 12:32:47] "GET /download_model?round=28 HTTP/1.1" 200 -
[33mclient_001_1  |[0m 2026-01-27 12:32:47,448 - __main__ - ERROR - Update submission failed: {"error":"Not accepting updates"}
[33mclient_001_1  |[0m 
[33mclient_001_1  |[0m 2026-01-27 12:32:47,449 - __main__ - INFO - Update submitted for Round 28. Waiting...
[34;1mclient_009_1  |[0m 2026-01-27 12:32:47,770 - __main__ - INFO - Round 28 finished. Loss: 0.9826, Acc: 67.95%
[33mserver_1      |[0m INFO:werkzeug:172.18.0.11 - - [27/Jan/2026 12:32:47] "[31m[1mPOST /submit_update HTTP/1.1[0m" 400 -
[34;1mclient_009_1  |[0m 2026-01-27 12:32:47,835 - __main__ - ERROR - Update submission failed: {"error":"Not accepting updates"}
[34;1mclient_009_1  |[0m 
[34;1mclient_009_1  |[0m 2026-01-27 12:32:47,835 - __main__ - INFO - Update submitted for Round 28. Waiting...
[33mserver_1      |[0m INFO:server.aggregator:--- [METRIC] Weight Divergence: 0.8728
[33mserver_1      |[0m INFO:server.aggregator:FedAvg aggregation complete.
[33mserver_1      |[0m INFO:__main__:Aggregation complete.
[33mserver_1      |[0m ⏱️ [TIME] Client client_007 finished training in 0.43s
[33mserver_1      |[0m ⏱️ [TIME] Client client_002 finished training in 1.99s
[33mserver_1      |[0m ⏱️ [TIME] Client client_005 finished training in 2.57s
[33mserver_1      |[0m ⏱️ [TIME] Client client_010 finished training in 0.70s
[33mserver_1      |[0m ⏱️ [TIME] Client client_006 finished training in 0.02s
[33mserver_1      |[0m DEBUG: ⚠️ MY CUSTOM AGGREGATOR IS RUNNING ⚠️
[33mserver_1      |[0m INFO:__main__:--- Round 28 Acc: 29.35%, Loss: 1.9138 ---
[33mserver_1      |[0m INFO:__main__:--- Starting Round 29. Timeout: 300s ---
[33mserver_1      |[0m INFO:werkzeug:172.18.0.17 - - [27/Jan/2026 12:32:49] "POST /submit_update HTTP/1.1" 200 -
[33;1mclient_006_1  |[0m 2026-01-27 12:32:49,381 - __main__ - INFO - 🚀 Model update submitted successfully.
[33;1mclient_006_1  |[0m 2026-01-27 12:32:49,382 - __main__ - INFO - Update submitted for Round 28. Waiting...
[34mclient_004_1  |[0m 2026-01-27 12:32:50,234 - __main__ - INFO - Round 28 finished. Loss: 0.8080, Acc: 74.81%
[33mserver_1      |[0m INFO:__main__:Received update from client_004
[33mserver_1      |[0m INFO:werkzeug:172.18.0.18 - - [27/Jan/2026 12:32:50] "POST /submit_update HTTP/1.1" 200 -
[34mclient_004_1  |[0m 2026-01-27 12:32:50,388 - __main__ - INFO - 🚀 Model update submitted successfully.
[34mclient_004_1  |[0m 2026-01-27 12:32:50,388 - __main__ - INFO - Update submitted for Round 28. Waiting...
[32;1mclient_007_1  |[0m 2026-01-27 12:32:50,990 - __main__ - INFO - --- New Round Detected: 29 ---
[33mserver_1      |[0m INFO:werkzeug:172.18.0.15 - - [27/Jan/2026 12:32:51] "GET /download_model?round=29 HTTP/1.1" 200 -
[32;1mclient_007_1  |[0m 2026-01-27 12:32:51,561 - __main__ - INFO - Round 29 finished. Loss: 0.8849, Acc: 68.13%
[32mclient_002_1  |[0m 2026-01-27 12:32:51,618 - __main__ - INFO - --- New Round Detected: 29 ---
[33mserver_1      |[0m INFO:werkzeug:172.18.0.22 - - [27/Jan/2026 12:32:51] "GET /download_model?round=29 HTTP/1.1" 200 -
[33mserver_1      |[0m INFO:__main__:Received update from client_007
[33mserver_1      |[0m INFO:werkzeug:172.18.0.15 - - [27/Jan/2026 12:32:51] "POST /submit_update HTTP/1.1" 200 -
[32;1mclient_007_1  |[0m 2026-01-27 12:32:51,696 - __main__ - INFO - 🚀 Model update submitted successfully.
[32;1mclient_007_1  |[0m 2026-01-27 12:32:51,697 - __main__ - INFO - Update submitted for Round 29. Waiting...
[36;1mclient_005_1  |[0m 2026-01-27 12:32:52,444 - __main__ - INFO - --- New Round Detected: 29 ---
[33mserver_1      |[0m INFO:werkzeug:172.18.0.9 - - [27/Jan/2026 12:32:52] "GET /download_model?round=29 HTTP/1.1" 200 -
[32mclient_002_1  |[0m 2026-01-27 12:32:53,820 - __main__ - INFO - Round 29 finished. Loss: 0.4019, Acc: 92.49%
[33mserver_1      |[0m INFO:__main__:Received update from client_002
[33mserver_1      |[0m INFO:werkzeug:172.18.0.22 - - [27/Jan/2026 12:32:53] "POST /submit_update HTTP/1.1" 200 -
[32mclient_002_1  |[0m 2026-01-27 12:32:53,976 - __main__ - INFO - 🚀 Model update submitted successfully.
[32mclient_002_1  |[0m 2026-01-27 12:32:53,976 - __main__ - INFO - Update submitted for Round 29. Waiting...
[36;1mclient_005_1  |[0m 2026-01-27 12:32:55,127 - __main__ - INFO - Round 29 finished. Loss: 0.2593, Acc: 93.85%
[33mserver_1      |[0m INFO:__main__:Received update from client_005
[33mserver_1      |[0m INFO:werkzeug:172.18.0.9 - - [27/Jan/2026 12:32:55] "POST /submit_update HTTP/1.1" 200 -
[36;1mclient_005_1  |[0m 2026-01-27 12:32:55,261 - __main__ - INFO - 🚀 Model update submitted successfully.
[36;1mclient_005_1  |[0m 2026-01-27 12:32:55,262 - __main__ - INFO - Update submitted for Round 29. Waiting...
[36mclient_010_1  |[0m 2026-01-27 12:32:55,560 - __main__ - INFO - --- New Round Detected: 29 ---
[33mserver_1      |[0m INFO:werkzeug:172.18.0.7 - - [27/Jan/2026 12:32:55] "GET /download_model?round=29 HTTP/1.1" 200 -
[36mclient_010_1  |[0m 2026-01-27 12:32:56,383 - __main__ - INFO - Round 29 finished. Loss: 0.2525, Acc: 98.03%
[33mserver_1      |[0m INFO:__main__:Received update from client_010
[33mserver_1      |[0m INFO:__main__:--- Aggregating 5 updates ---
[33mserver_1      |[0m INFO:__main__:⚡ Using Custom Aggregator with Drift Metric...
[33mserver_1      |[0m INFO:server.aggregator:Starting FedAvg aggregation for 5 clients.
[35;1mclient_008_1  |[0m 2026-01-27 12:32:56,883 - __main__ - INFO - --- New Round Detected: 29 ---
[33mserver_1      |[0m INFO:werkzeug:172.18.0.21 - - [27/Jan/2026 12:32:56] "GET /download_model?round=29 HTTP/1.1" 200 -
[33mclient_001_1  |[0m 2026-01-27 12:32:57,538 - __main__ - INFO - --- New Round Detected: 29 ---
[33mserver_1      |[0m INFO:werkzeug:172.18.0.20 - - [27/Jan/2026 12:32:57] "GET /download_model?round=29 HTTP/1.1" 200 -
[34;1mclient_009_1  |[0m 2026-01-27 12:32:57,898 - __main__ - INFO - --- New Round Detected: 29 ---
[33mserver_1      |[0m INFO:werkzeug:172.18.0.11 - - [27/Jan/2026 12:32:57] "GET /download_model?round=29 HTTP/1.1" 200 -
[33mserver_1      |[0m INFO:server.aggregator:--- [METRIC] Weight Divergence: 1.2280
[33mserver_1      |[0m INFO:server.aggregator:FedAvg aggregation complete.
[33mserver_1      |[0m INFO:__main__:Aggregation complete.
[33mclient_001_1  |[0m 2026-01-27 12:32:58,209 - __main__ - INFO - Round 29 finished. Loss: 0.2035, Acc: 98.71%
[33mserver_1      |[0m INFO:werkzeug:172.18.0.20 - - [27/Jan/2026 12:32:58] "[31m[1mPOST /submit_update HTTP/1.1[0m" 400 -
[33mclient_001_1  |[0m 2026-01-27 12:32:58,277 - __main__ - ERROR - Update submission failed: {"error":"Not accepting updates"}
[33mclient_001_1  |[0m 
[33mclient_001_1  |[0m 2026-01-27 12:32:58,277 - __main__ - INFO - Update submitted for Round 29. Waiting...
[33mserver_1      |[0m ⏱️ [TIME] Client client_004 finished training in 3.99s
[33mserver_1      |[0m ⏱️ [TIME] Client client_007 finished training in 0.44s
[33mserver_1      |[0m ⏱️ [TIME] Client client_002 finished training in 2.07s
[33mserver_1      |[0m ⏱️ [TIME] Client client_005 finished training in 2.56s
[33mserver_1      |[0m ⏱️ [TIME] Client client_010 finished training in 0.70s
[33mserver_1      |[0m DEBUG: ⚠️ MY CUSTOM AGGREGATOR IS RUNNING ⚠️
[35;1mclient_008_1  |[0m 2026-01-27 12:32:58,678 - __main__ - INFO - Round 29 finished. Loss: 0.2872, Acc: 97.88%
[33mserver_1      |[0m INFO:werkzeug:172.18.0.21 - - [27/Jan/2026 12:32:58] "[31m[1mPOST /submit_update HTTP/1.1[0m" 400 -
[35;1mclient_008_1  |[0m 2026-01-27 12:32:58,757 - __main__ - ERROR - Update submission failed: {"error":"Not accepting updates"}
[35;1mclient_008_1  |[0m 
[35;1mclient_008_1  |[0m 2026-01-27 12:32:58,757 - __main__ - INFO - Update submitted for Round 29. Waiting...
[33mserver_1      |[0m INFO:__main__:--- Round 29 Acc: 28.69%, Loss: 2.0441 ---
[33mserver_1      |[0m INFO:__main__:---Final model saved ---
[33mserver_1      |[0m INFO:__main__:--- Training complete. ---
[33mserver_1      |[0m INFO:werkzeug:172.18.0.7 - - [27/Jan/2026 12:32:59] "POST /submit_update HTTP/1.1" 200 -
[36mclient_010_1  |[0m 2026-01-27 12:32:59,371 - __main__ - INFO - 🚀 Model update submitted successfully.
[36mclient_010_1  |[0m 2026-01-27 12:32:59,371 - __main__ - INFO - Update submitted for Round 29. Waiting...
[33;1mclient_006_1  |[0m 2026-01-27 12:32:59,443 - __main__ - INFO - Server finished training. Exiting.
[33;1mclient_006_1  |[0m [client_006] 🔋 LOW (Conserving) | Epochs=2 | Live Teacher=True
[33;1mclient_006_1  |[0m [client_006] 🔋 LOW (Conserving) | Epochs=2 | Live Teacher=True
[33;1mclient_006_1  |[0m [client_006] 🔋 LOW (Conserving) | Epochs=2 | Live Teacher=True
[33;1mclient_006_1  |[0m [client_006] 🔋 LOW (Conserving) | Epochs=2 | Live Teacher=True
[33;1mclient_006_1  |[0m [client_006] 🔋 LOW (Conserving) | Epochs=2 | Live Teacher=True
[33;1mclient_006_1  |[0m [client_006] 🔋 LOW (Conserving) | Epochs=2 | Live Teacher=True
[33;1mclient_006_1  |[0m [client_006] 🔋 LOW (Conserving) | Epochs=2 | Live Teacher=True
[33;1mclient_006_1  |[0m [client_006] 🔋 LOW (Conserving) | Epochs=2 | Live Teacher=True
[33;1mclient_006_1  |[0m [client_006] 🔋 LOW (Conserving) | Epochs=2 | Live Teacher=True
[33;1mclient_006_1  |[0m [client_006] 🔋 LOW (Conserving) | Epochs=2 | Live Teacher=True
[33;1mclient_006_1  |[0m [client_006] 🔋 LOW (Conserving) | Epochs=2 | Live Teacher=True
[33;1mclient_006_1  |[0m [client_006] 🔋 LOW (Conserving) | Epochs=2 | Live Teacher=True
[33;1mclient_006_1  |[0m [client_006] 🔋 LOW (Conserving) | Epochs=2 | Live Teacher=True
[33;1mclient_006_1  |[0m [client_006] 🔋 LOW (Conserving) | Epochs=2 | Live Teacher=True
[33;1mclient_006_1  |[0m [client_006] 🔋 LOW (Conserving) | Epochs=2 | Live Teacher=True
[33;1mclient_006_1  |[0m [client_006] 🔋 LOW (Conserving) | Epochs=2 | Live Teacher=True
[33;1mclient_006_1  |[0m [client_006] 🔋 LOW (Conserving) | Epochs=2 | Live Teacher=True
[33;1mclient_006_1  |[0m [client_006] 🔋 LOW (Conserving) | Epochs=2 | Live Teacher=True
[33;1mclient_006_1  |[0m [client_006] 🔋 LOW (Conserving) | Epochs=2 | Live Teacher=True
[33;1mclient_006_1  |[0m [client_006] 🔋 LOW (Conserving) | Epochs=2 | Live Teacher=True
[33;1mclient_006_1  |[0m [client_006] 🔋 LOW (Conserving) | Epochs=2 | Live Teacher=True
[33;1mclient_006_1  |[0m [client_006] 🔋 LOW (Conserving) | Epochs=2 | Live Teacher=True
[33;1mclient_006_1  |[0m [client_006] 🔋 LOW (Conserving) | Epochs=2 | Live Teacher=True
[33;1mclient_006_1  |[0m [client_006] 🔋 LOW (Conserving) | Epochs=2 | Live Teacher=True
[33;1mclient_006_1  |[0m [client_006] 🔋 LOW (Conserving) | Epochs=2 | Live Teacher=True
[34;1mclient_009_1  |[0m 2026-01-27 12:32:59,711 - __main__ - INFO - Round 29 finished. Loss: 0.9091, Acc: 70.35%
[33mserver_1      |[0m INFO:werkzeug:172.18.0.11 - - [27/Jan/2026 12:32:59] "[31m[1mPOST /submit_update HTTP/1.1[0m" 400 -
[34;1mclient_009_1  |[0m 2026-01-27 12:32:59,774 - __main__ - ERROR - Update submission failed: {"error":"Not accepting updates"}
[34;1mclient_009_1  |[0m 
[34;1mclient_009_1  |[0m 2026-01-27 12:32:59,774 - __main__ - INFO - Update submitted for Round 29. Waiting...
[33;1mfl-rest_client_006_1 exited with code 0
[0mStopping fl-rest_client_008_1 ... 
Stopping fl-rest_client_011_1 ... 
Stopping fl-rest_client_004_1 ... 
Stopping fl-rest_client_001_1 ... 
Stopping fl-rest_client_012_1 ... 
Stopping fl-rest_client_015_1 ... 
Stopping fl-rest_client_016_1 ... 
Stopping fl-rest_client_014_1 ... 
Stopping fl-rest_client_019_1 ... 
Stopping fl-rest_client_002_1 ... 
Stopping fl-rest_client_017_1 ... 
Stopping fl-rest_client_013_1 ... 
Stopping fl-rest_client_007_1 ... 
Stopping fl-rest_client_005_1 ... 
Stopping fl-rest_client_018_1 ... 
Stopping fl-rest_client_020_1 ... 
Stopping fl-rest_client_003_1 ... 
Stopping fl-rest_client_010_1 ... 
Stopping fl-rest_client_009_1 ... 
Stopping docker-tc            ... 
Stopping fl-rest_server_1     ... 
Stopping docker-tc            ... done
Stopping fl-rest_client_004_1 ... done
Stopping fl-rest_client_014_1 ... done
Stopping fl-rest_client_019_1 ... done
Stopping fl-rest_client_016_1 ... done
Stopping fl-rest_client_020_1 ... done
Stopping fl-rest_client_012_1 ... done
Stopping fl-rest_client_013_1 ... done
Stopping fl-rest_client_015_1 ... done
Stopping fl-rest_client_018_1 ... done
Stopping fl-rest_client_007_1 ... done
Stopping fl-rest_client_011_1 ... done
Stopping fl-rest_client_008_1 ... done
Stopping fl-rest_client_017_1 ... done
Stopping fl-rest_client_009_1 ... done
Stopping fl-rest_client_010_1 ... done
Stopping fl-rest_client_005_1 ... done
Stopping fl-rest_client_003_1 ... done
Stopping fl-rest_client_001_1 ... done
Stopping fl-rest_client_002_1 ... done
Stopping fl-rest_server_1     ... done
Aborting on container exit...
