using --exit-code-from implies --abort-on-container-exit
Creating docker-tc ... 
Creating fl-rest_server_1 ... 
Creating docker-tc        ... done
Creating fl-rest_server_1 ... done
Creating fl-rest_client_013_1 ... 
Creating fl-rest_client_017_1 ... 
Creating fl-rest_client_020_1 ... 
Creating fl-rest_client_002_1 ... 
Creating fl-rest_client_011_1 ... 
Creating fl-rest_client_016_1 ... 
Creating fl-rest_client_003_1 ... 
Creating fl-rest_client_006_1 ... 
Creating fl-rest_client_001_1 ... 
Creating fl-rest_client_004_1 ... 
Creating fl-rest_client_007_1 ... 
Creating fl-rest_client_018_1 ... 
Creating fl-rest_client_012_1 ... 
Creating fl-rest_client_019_1 ... 
Creating fl-rest_client_014_1 ... 
Creating fl-rest_client_008_1 ... 
Creating fl-rest_client_010_1 ... 
Creating fl-rest_client_015_1 ... 
Creating fl-rest_client_009_1 ... 
Creating fl-rest_client_005_1 ... 
Creating fl-rest_client_017_1 ... done
Creating fl-rest_client_013_1 ... done
Creating fl-rest_client_020_1 ... done
Creating fl-rest_client_011_1 ... done
Creating fl-rest_client_015_1 ... done
Creating fl-rest_client_018_1 ... done
Creating fl-rest_client_012_1 ... done
Creating fl-rest_client_014_1 ... done
Creating fl-rest_client_016_1 ... done
Creating fl-rest_client_019_1 ... done
Creating fl-rest_client_010_1 ... done
Creating fl-rest_client_006_1 ... done
Creating fl-rest_client_001_1 ... done
Creating fl-rest_client_003_1 ... done
Creating fl-rest_client_002_1 ... done
Creating fl-rest_client_008_1 ... done
Creating fl-rest_client_009_1 ... done
Creating fl-rest_client_004_1 ... done
Creating fl-rest_client_007_1 ... done
Creating fl-rest_client_005_1 ... done
Attaching to docker-tc, fl-rest_server_1, fl-rest_client_017_1, fl-rest_client_013_1, fl-rest_client_020_1, fl-rest_client_011_1, fl-rest_client_015_1, fl-rest_client_018_1, fl-rest_client_012_1, fl-rest_client_014_1, fl-rest_client_016_1, fl-rest_client_019_1, fl-rest_client_010_1, fl-rest_client_006_1, fl-rest_client_001_1, fl-rest_client_003_1, fl-rest_client_002_1, fl-rest_client_008_1, fl-rest_client_009_1, fl-rest_client_004_1, fl-rest_client_007_1, fl-rest_client_005_1
[36mdocker-tc     |[0m [s6-init] making user provided files available at /var/run/s6/etc...exited 0.
[36mdocker-tc     |[0m [s6-init] ensuring user provided files have correct perms...exited 0.
[36mdocker-tc     |[0m [fix-attrs.d] applying ownership & permissions fixes...
[36mdocker-tc     |[0m [fix-attrs.d] done.
[36mdocker-tc     |[0m [cont-init.d] executing container initialization scripts...
[36mdocker-tc     |[0m [cont-init.d] 00-init: executing... 
[36mdocker-tc     |[0m [cont-init.d] 00-init: exited 0.
[36mdocker-tc     |[0m [cont-init.d] done.
[36mdocker-tc     |[0m [services.d] starting services
[36mdocker-tc     |[0m Starting HTTP server on 127.0.0.1:4080
[36mdocker-tc     |[0m + exec hapttic -file /docker-tc/bin/httpd.sh -logErrors -host 127.0.0.1 -port 4080
[36mdocker-tc     |[0m Starting garbage collector
[36mdocker-tc     |[0m [services.d] done.
[36mdocker-tc     |[0m 2026/01/26 02:46:49 Thanks for using hapttic v1.0.0
[36mdocker-tc     |[0m 2026/01/26 02:46:49 Listening on 127.0.0.1:4080
[36mdocker-tc     |[0m 2026/01/26 02:46:49 Forwarding requests to /docker-tc/bin/httpd.sh
[36mdocker-tc     |[0m 2026/01/26 02:46:49 Logging errors to stderr
[36mdocker-tc     |[0m 
[36mdocker-tc     |[0m  ____          _              _____         ___ ___ _        _____         _           _
[36mdocker-tc     |[0m |    \ ___ ___| |_ ___ ___   |_   _|___ ___|  _|  _|_|___   |     |___ ___| |_ ___ ___| |
[36mdocker-tc     |[0m |  |  | . |  _| '_| -_|  _|    | | |  _| .'|  _|  _| |  _|  |   --| . |   |  _|  _| . | |
[36mdocker-tc     |[0m |____/|___|___|_,_|___|_|      |_| |_| |__,|_| |_| |_|___|  |_____|___|_|_|_| |_| |___|_|
[36mdocker-tc     |[0m 
[36mdocker-tc     |[0m Starting Docker Traffic Control 18.12
[36mdocker-tc     |[0m https://github.com/lukaszlach/docker-tc
[36mdocker-tc     |[0m 
[33mserver_1      |[0m TensorFlow installation not found - running with reduced feature set.
[33mserver_1      |[0m 
[33mserver_1      |[0m NOTE: Using experimental fast data loading logic. To disable, pass
[33mserver_1      |[0m     "--load_fast=false" and report issues on GitHub. More details:
[33mserver_1      |[0m     https://github.com/tensorflow/tensorboard/issues/4784
[33mserver_1      |[0m 
[36mdocker-tc     |[0m [2026-01-26T02:46:49+00:00] [57005afa9232] Notice: Skipping container, service was disabled by label
[33mserver_1      |[0m TensorBoard 2.20.0 at http://0.0.0.0:6006/ (Press CTRL+C to quit)
[36mdocker-tc     |[0m [2026-01-26T02:46:49+00:00] [bd19146b9070] Notice: Skipping container, no valid labels found
[36mdocker-tc     |[0m [2026-01-26T02:46:49+00:00] [438bf01636a0] Notice: Skipping container, no valid labels found
[36mdocker-tc     |[0m [2026-01-26T02:46:49+00:00] [c314c85387cb] Notice: Skipping container, no valid labels found
[36mdocker-tc     |[0m Error response from daemon: Container 3e4b2842dc618e2afe83311ecd360e727849572adbdf41474062df0f06f43f7f is restarting, wait until the container is running
[36mdocker-tc     |[0m [2026-01-26T02:46:49+00:00] [3e4b2842dc61] Warning: Network has no corresponding virtual network interface
[36mdocker-tc     |[0m [2026-01-26T02:46:49+00:00] [2b1b19731ded] Notice: Skipping container, no valid labels found
[36mdocker-tc     |[0m [2026-01-26T02:46:50+00:00] [c2e76a633594] Set delay=200ms, loss=1% on vethbe357e2
[36mdocker-tc     |[0m [2026-01-26T02:46:50+00:00] [c2e76a633594] Set bandwidth-limit=5mbps on vethbe357e2
[36mdocker-tc     |[0m [2026-01-26T02:46:50+00:00] [c2e76a633594] Controlling traffic of the container /fl-rest_client_017_1 on vethbe357e2
[36mdocker-tc     |[0m [2026-01-26T02:46:50+00:00] [16a3886b0881] Set delay=200ms, loss=1% on vethe5dbcb0
[36mdocker-tc     |[0m [2026-01-26T02:46:50+00:00] [16a3886b0881] Set bandwidth-limit=5mbps on vethe5dbcb0
[36mdocker-tc     |[0m [2026-01-26T02:46:50+00:00] [16a3886b0881] Controlling traffic of the container /fl-rest_client_013_1 on vethe5dbcb0
[36mdocker-tc     |[0m [2026-01-26T02:46:50+00:00] [49468253c5e9] Set delay=200ms, loss=1% on veth264a24d
[36mdocker-tc     |[0m [2026-01-26T02:46:50+00:00] [49468253c5e9] Set bandwidth-limit=5mbps on veth264a24d
[36mdocker-tc     |[0m [2026-01-26T02:46:50+00:00] [49468253c5e9] Controlling traffic of the container /fl-rest_client_020_1 on veth264a24d
[33mserver_1      |[0m INFO:__main__:Writing TensorBoard logs to: fl_logs/tensorboard/Cenario_C_Hibrido_Mu0.01_Alpha0.7_0246
[33mserver_1      |[0m INFO:__main__:Loading CIFAR-10 test dataset...
[33mclient_011_1  |[0m 2026-01-26 02:46:50,933 - __main__ - INFO - --- Starting FL Client: client_011 ---
[35mclient_013_1  |[0m 2026-01-26 02:46:50,935 - __main__ - INFO - --- Starting FL Client: client_013 ---
[33mclient_011_1  |[0m 2026-01-26 02:46:50,935 - __main__ - WARNING - Registration attempt 1 failed: HTTPConnectionPool(host='server', port=5000): Max retries exceeded with url: /register (Caused by NewConnectionError('<urllib3.connection.HTTPConnection object at 0x77cc10968df0>: Failed to establish a new connection: [Errno 111] Connection refused'))
[36mdocker-tc     |[0m [2026-01-26T02:46:50+00:00] [d44a573c5d8d] Set delay=200ms, loss=1% on vetha46d8d1
[36mdocker-tc     |[0m [2026-01-26T02:46:50+00:00] [d44a573c5d8d] Set bandwidth-limit=5mbps on vetha46d8d1
[36mdocker-tc     |[0m [2026-01-26T02:46:51+00:00] [d44a573c5d8d] Controlling traffic of the container /fl-rest_client_011_1 on vetha46d8d1
[36mclient_020_1  |[0m 2026-01-26 02:46:51,132 - __main__ - INFO - --- Starting FL Client: client_020 ---
[36;1mclient_015_1  |[0m 2026-01-26 02:46:51,135 - __main__ - INFO - --- Starting FL Client: client_015 ---
[36;1mclient_015_1  |[0m 2026-01-26 02:46:51,137 - __main__ - WARNING - Registration attempt 1 failed: HTTPConnectionPool(host='server', port=5000): Max retries exceeded with url: /register (Caused by NewConnectionError('<urllib3.connection.HTTPConnection object at 0x7344c5528e50>: Failed to establish a new connection: [Errno 111] Connection refused'))
[32;1mclient_017_1  |[0m 2026-01-26 02:46:51,146 - __main__ - INFO - --- Starting FL Client: client_017 ---
[34mclient_014_1  |[0m 2026-01-26 02:46:51,245 - __main__ - INFO - --- Starting FL Client: client_014 ---
[34mclient_014_1  |[0m 2026-01-26 02:46:51,247 - __main__ - WARNING - Registration attempt 1 failed: HTTPConnectionPool(host='server', port=5000): Max retries exceeded with url: /register (Caused by NewConnectionError('<urllib3.connection.HTTPConnection object at 0x7ef823eb4df0>: Failed to establish a new connection: [Errno 111] Connection refused'))
[36mdocker-tc     |[0m [2026-01-26T02:46:51+00:00] [f64e100825f3] Set delay=200ms, loss=1% on vethf98716f
[36mdocker-tc     |[0m [2026-01-26T02:46:51+00:00] [f64e100825f3] Set bandwidth-limit=5mbps on vethf98716f
[33mserver_1      |[0m INFO:__main__:Test dataset loaded.
[33mserver_1      |[0m INFO:__main__:Initial model for round 0 created.
[33mserver_1      |[0m Files already downloaded and verified
[33mserver_1      |[0m  * Serving Flask app 'app'
[33mserver_1      |[0m  * Debug mode: off
[33mserver_1      |[0m INFO:werkzeug:[31m[1mWARNING: This is a development server. Do not use it in a production deployment. Use a production WSGI server instead.[0m
[33mserver_1      |[0m  * Running on all addresses (0.0.0.0)
[33mserver_1      |[0m  * Running on http://127.0.0.1:5000
[33mserver_1      |[0m  * Running on http://172.18.0.2:5000
[33mserver_1      |[0m INFO:werkzeug:[33mPress CTRL+C to quit[0m
[36mdocker-tc     |[0m [2026-01-26T02:46:51+00:00] [f64e100825f3] Controlling traffic of the container /fl-rest_client_015_1 on vethf98716f
[35;1mclient_018_1  |[0m 2026-01-26 02:46:51,313 - __main__ - INFO - --- Starting FL Client: client_018 ---
[33mserver_1      |[0m INFO:__main__:Client client_018 registered.
[33mserver_1      |[0m INFO:__main__:--- Starting Round 0. Timeout: 300s ---
[35;1mclient_018_1  |[0m 2026-01-26 02:46:51,318 - __main__ - INFO - ✅ Registered with server successfully.
[33;1mclient_016_1  |[0m 2026-01-26 02:46:51,322 - __main__ - INFO - --- Starting FL Client: client_016 ---
[33mserver_1      |[0m INFO:__main__:Client client_016 registered.
[33;1mclient_016_1  |[0m 2026-01-26 02:46:51,326 - __main__ - INFO - ✅ Registered with server successfully.
[35mclient_013_1  |[0m 2026-01-26 02:46:51,337 - __main__ - WARNING - Registration attempt 1 failed: HTTPConnectionPool(host='server', port=5000): Max retries exceeded with url: /register (Caused by NewConnectionError('<urllib3.connection.HTTPConnection object at 0x765944b9ce50>: Failed to establish a new connection: [Errno 111] Connection refused'))
[34;1mclient_019_1  |[0m 2026-01-26 02:46:51,361 - __main__ - INFO - --- Starting FL Client: client_019 ---
[33mserver_1      |[0m INFO:__main__:Client client_019 registered.
[34;1mclient_019_1  |[0m 2026-01-26 02:46:51,366 - __main__ - INFO - ✅ Registered with server successfully.
[36;1mclient_005_1  |[0m 2026-01-26 02:46:51,452 - __main__ - INFO - --- Starting FL Client: client_005 ---
[33mserver_1      |[0m INFO:__main__:Client client_005 registered.
[36;1mclient_005_1  |[0m 2026-01-26 02:46:51,456 - __main__ - INFO - ✅ Registered with server successfully.
[34;1mclient_009_1  |[0m 2026-01-26 02:46:51,499 - __main__ - INFO - --- Starting FL Client: client_009 ---
[33mserver_1      |[0m INFO:__main__:Client client_009 registered.
[34;1mclient_009_1  |[0m 2026-01-26 02:46:51,503 - __main__ - INFO - ✅ Registered with server successfully.
[34mclient_004_1  |[0m 2026-01-26 02:46:51,503 - __main__ - INFO - --- Starting FL Client: client_004 ---
[33mserver_1      |[0m INFO:__main__:Client client_004 registered.
[34mclient_004_1  |[0m 2026-01-26 02:46:51,507 - __main__ - INFO - ✅ Registered with server successfully.
[36mdocker-tc     |[0m [2026-01-26T02:46:51+00:00] [cf5131b9c23e] Set delay=200ms, loss=1% on vethc757fb9
[36mdocker-tc     |[0m [2026-01-26T02:46:51+00:00] [cf5131b9c23e] Set bandwidth-limit=5mbps on vethc757fb9
[33mserver_1      |[0m INFO:__main__:Client client_020 registered.
[36mdocker-tc     |[0m [2026-01-26T02:46:51+00:00] [cf5131b9c23e] Controlling traffic of the container /fl-rest_client_018_1 on vethc757fb9
[33mserver_1      |[0m INFO:__main__:Client client_017 registered.
[32mclient_002_1  |[0m 2026-01-26 02:46:51,563 - __main__ - INFO - --- Starting FL Client: client_002 ---
[33mserver_1      |[0m INFO:__main__:Client client_002 registered.
[32mclient_002_1  |[0m 2026-01-26 02:46:51,567 - __main__ - INFO - ✅ Registered with server successfully.
[32mclient_012_1  |[0m 2026-01-26 02:46:51,602 - __main__ - INFO - --- Starting FL Client: client_012 ---
[33mserver_1      |[0m INFO:__main__:Client client_012 registered.
[32mclient_012_1  |[0m 2026-01-26 02:46:51,606 - __main__ - INFO - ✅ Registered with server successfully.
[36mclient_010_1  |[0m 2026-01-26 02:46:51,615 - __main__ - INFO - --- Starting FL Client: client_010 ---
[33mserver_1      |[0m INFO:__main__:Client client_010 registered.
[32;1mclient_007_1  |[0m 2026-01-26 02:46:51,619 - __main__ - INFO - --- Starting FL Client: client_007 ---
[36mclient_010_1  |[0m 2026-01-26 02:46:51,619 - __main__ - INFO - ✅ Registered with server successfully.
[33mserver_1      |[0m INFO:__main__:Client client_007 registered.
[32;1mclient_007_1  |[0m 2026-01-26 02:46:51,624 - __main__ - INFO - ✅ Registered with server successfully.
[35;1mclient_008_1  |[0m 2026-01-26 02:46:51,642 - __main__ - INFO - --- Starting FL Client: client_008 ---
[33mserver_1      |[0m INFO:__main__:Client client_008 registered.
[35;1mclient_008_1  |[0m 2026-01-26 02:46:51,646 - __main__ - INFO - ✅ Registered with server successfully.
[33;1mclient_006_1  |[0m 2026-01-26 02:46:51,685 - __main__ - INFO - --- Starting FL Client: client_006 ---
[33mserver_1      |[0m INFO:__main__:Client client_006 registered.
[33;1mclient_006_1  |[0m 2026-01-26 02:46:51,690 - __main__ - INFO - ✅ Registered with server successfully.
[33;1mclient_016_1  |[0m 2026-01-26 02:46:51,693 - __main__ - INFO - --- New Round Detected: 0 ---
[33mserver_1      |[0m INFO:werkzeug:172.18.0.11 - - [26/Jan/2026 02:46:51] "GET /download_model?round=0 HTTP/1.1" 200 -
[35mclient_003_1  |[0m 2026-01-26 02:46:51,696 - __main__ - INFO - --- Starting FL Client: client_003 ---
[33mserver_1      |[0m INFO:__main__:Client client_003 registered.
[35mclient_003_1  |[0m 2026-01-26 02:46:51,703 - __main__ - INFO - ✅ Registered with server successfully.
[34;1mclient_019_1  |[0m 2026-01-26 02:46:51,721 - __main__ - INFO - --- New Round Detected: 0 ---
[33mserver_1      |[0m INFO:werkzeug:172.18.0.12 - - [26/Jan/2026 02:46:51] "GET /download_model?round=0 HTTP/1.1" 200 -
[33mclient_001_1  |[0m 2026-01-26 02:46:51,734 - __main__ - INFO - --- Starting FL Client: client_001 ---
[33mserver_1      |[0m INFO:__main__:Client client_001 registered.
[33mclient_001_1  |[0m 2026-01-26 02:46:51,742 - __main__ - INFO - ✅ Registered with server successfully.
[36mclient_020_1  |[0m 2026-01-26 02:46:51,750 - __main__ - INFO - ✅ Registered with server successfully.
[32;1mclient_017_1  |[0m 2026-01-26 02:46:51,759 - __main__ - INFO - ✅ Registered with server successfully.
[36;1mclient_005_1  |[0m 2026-01-26 02:46:51,796 - __main__ - INFO - --- New Round Detected: 0 ---
[33mserver_1      |[0m INFO:werkzeug:172.18.0.22 - - [26/Jan/2026 02:46:51] "GET /download_model?round=0 HTTP/1.1" 200 -
[36mdocker-tc     |[0m [2026-01-26T02:46:51+00:00] [782f9b4be2e1] Set delay=200ms, loss=1% on veth7b87b82
[36mdocker-tc     |[0m [2026-01-26T02:46:51+00:00] [782f9b4be2e1] Set bandwidth-limit=5mbps on veth7b87b82
[34;1mclient_009_1  |[0m 2026-01-26 02:46:51,865 - __main__ - INFO - --- New Round Detected: 0 ---
[33mserver_1      |[0m INFO:werkzeug:172.18.0.19 - - [26/Jan/2026 02:46:51] "GET /download_model?round=0 HTTP/1.1" 200 -
[36mdocker-tc     |[0m [2026-01-26T02:46:51+00:00] [782f9b4be2e1] Controlling traffic of the container /fl-rest_client_012_1 on veth7b87b82
[32mclient_002_1  |[0m 2026-01-26 02:46:51,928 - __main__ - INFO - --- New Round Detected: 0 ---
[33mserver_1      |[0m INFO:werkzeug:172.18.0.17 - - [26/Jan/2026 02:46:51] "GET /download_model?round=0 HTTP/1.1" 200 -
[34mclient_004_1  |[0m 2026-01-26 02:46:51,959 - __main__ - INFO - --- New Round Detected: 0 ---
[33mserver_1      |[0m INFO:werkzeug:172.18.0.20 - - [26/Jan/2026 02:46:51] "GET /download_model?round=0 HTTP/1.1" 200 -
[36mclient_010_1  |[0m 2026-01-26 02:46:52,007 - __main__ - INFO - --- New Round Detected: 0 ---
[33mserver_1      |[0m INFO:werkzeug:172.18.0.13 - - [26/Jan/2026 02:46:52] "GET /download_model?round=0 HTTP/1.1" 200 -
[35;1mclient_018_1  |[0m 2026-01-26 02:46:52,032 - __main__ - INFO - --- New Round Detected: 0 ---
[33;1mclient_006_1  |[0m 2026-01-26 02:46:52,096 - __main__ - INFO - --- New Round Detected: 0 ---
[33mserver_1      |[0m INFO:werkzeug:172.18.0.14 - - [26/Jan/2026 02:46:52] "GET /download_model?round=0 HTTP/1.1" 200 -
[35;1mclient_008_1  |[0m 2026-01-26 02:46:52,134 - __main__ - INFO - --- New Round Detected: 0 ---
[33mserver_1      |[0m INFO:werkzeug:172.18.0.18 - - [26/Jan/2026 02:46:52] "GET /download_model?round=0 HTTP/1.1" 200 -
[32;1mclient_007_1  |[0m 2026-01-26 02:46:52,154 - __main__ - INFO - --- New Round Detected: 0 ---
[33mserver_1      |[0m INFO:werkzeug:172.18.0.21 - - [26/Jan/2026 02:46:52] "GET /download_model?round=0 HTTP/1.1" 200 -
[35mclient_003_1  |[0m 2026-01-26 02:46:52,216 - __main__ - INFO - --- New Round Detected: 0 ---
[33mserver_1      |[0m INFO:werkzeug:172.18.0.16 - - [26/Jan/2026 02:46:52] "GET /download_model?round=0 HTTP/1.1" 200 -
[33mclient_001_1  |[0m 2026-01-26 02:46:52,234 - __main__ - INFO - --- New Round Detected: 0 ---
[33mserver_1      |[0m INFO:werkzeug:172.18.0.8 - - [26/Jan/2026 02:46:52] "GET /download_model?round=0 HTTP/1.1" 200 -
[33mserver_1      |[0m INFO:werkzeug:172.18.0.15 - - [26/Jan/2026 02:46:52] "GET /download_model?round=0 HTTP/1.1" 200 -
[36mdocker-tc     |[0m [2026-01-26T02:46:52+00:00] [2f019edce6f8] Set delay=200ms, loss=1% on veth8f496bd
[36mdocker-tc     |[0m [2026-01-26T02:46:52+00:00] [2f019edce6f8] Set bandwidth-limit=5mbps on veth8f496bd
[36mdocker-tc     |[0m [2026-01-26T02:46:52+00:00] [2f019edce6f8] Controlling traffic of the container /fl-rest_client_014_1 on veth8f496bd
[32mclient_012_1  |[0m 2026-01-26 02:46:52,533 - __main__ - INFO - --- New Round Detected: 0 ---
[32;1mclient_017_1  |[0m 2026-01-26 02:46:52,576 - __main__ - INFO - --- New Round Detected: 0 ---
[36mdocker-tc     |[0m [2026-01-26T02:46:52+00:00] [9f084fc5eb86] Set delay=200ms, loss=1% on veth959b570
[36mdocker-tc     |[0m [2026-01-26T02:46:52+00:00] [9f084fc5eb86] Set bandwidth-limit=5mbps on veth959b570
[36mdocker-tc     |[0m [2026-01-26T02:46:52+00:00] [9f084fc5eb86] Controlling traffic of the container /fl-rest_client_016_1 on veth959b570
[36mclient_020_1  |[0m 2026-01-26 02:46:52,634 - __main__ - INFO - --- New Round Detected: 0 ---
[33mserver_1      |[0m INFO:werkzeug:172.18.0.9 - - [26/Jan/2026 02:46:52] "GET /download_model?round=0 HTTP/1.1" 200 -
[33mserver_1      |[0m INFO:werkzeug:172.18.0.3 - - [26/Jan/2026 02:46:52] "GET /download_model?round=0 HTTP/1.1" 200 -
[33mserver_1      |[0m INFO:werkzeug:172.18.0.5 - - [26/Jan/2026 02:46:52] "GET /download_model?round=0 HTTP/1.1" 200 -
[36mdocker-tc     |[0m [2026-01-26T02:46:52+00:00] [54272b683431] Set delay=200ms, loss=1% on vethecbfc51
[36mdocker-tc     |[0m [2026-01-26T02:46:52+00:00] [54272b683431] Set bandwidth-limit=5mbps on vethecbfc51
[36mdocker-tc     |[0m [2026-01-26T02:46:52+00:00] [54272b683431] Controlling traffic of the container /fl-rest_client_019_1 on vethecbfc51
[36mdocker-tc     |[0m [2026-01-26T02:46:53+00:00] [addb29b87d27] Set delay=20ms on veth0efc035
[36mdocker-tc     |[0m [2026-01-26T02:46:53+00:00] [addb29b87d27] Set bandwidth-limit=1gbit on veth0efc035
[36mdocker-tc     |[0m [2026-01-26T02:46:53+00:00] [addb29b87d27] Controlling traffic of the container /fl-rest_client_010_1 on veth0efc035
[33;1mclient_006_1  |[0m 2026-01-26 02:46:53,313 - __main__ - INFO - Round 0 finished. Loss: 2.3138, Acc: 7.14%
[33mserver_1      |[0m INFO:__main__:Received update from client_006
[33mserver_1      |[0m INFO:werkzeug:172.18.0.14 - - [26/Jan/2026 02:46:53] "POST /submit_update HTTP/1.1" 200 -
[33;1mclient_006_1  |[0m 2026-01-26 02:46:53,320 - __main__ - INFO - 🚀 Model update submitted successfully.
[33;1mclient_006_1  |[0m 2026-01-26 02:46:53,320 - __main__ - INFO - Update submitted for Round 0. Waiting...
[36mdocker-tc     |[0m [2026-01-26T02:46:53+00:00] [921dba4747d2] Set delay=20ms on veth24d3116
[36mdocker-tc     |[0m [2026-01-26T02:46:53+00:00] [921dba4747d2] Set bandwidth-limit=1gbit on veth24d3116
[36mdocker-tc     |[0m [2026-01-26T02:46:53+00:00] [921dba4747d2] Controlling traffic of the container /fl-rest_client_006_1 on veth24d3116
[32;1mclient_007_1  |[0m 2026-01-26 02:46:53,629 - __main__ - INFO - Round 0 finished. Loss: 0.9681, Acc: 49.27%
[33mserver_1      |[0m INFO:__main__:Received update from client_007
[33mserver_1      |[0m INFO:werkzeug:172.18.0.21 - - [26/Jan/2026 02:46:53] "POST /submit_update HTTP/1.1" 200 -
[32;1mclient_007_1  |[0m 2026-01-26 02:46:53,641 - __main__ - INFO - 🚀 Model update submitted successfully.
[33mclient_001_1  |[0m 2026-01-26 02:46:53,640 - __main__ - INFO - Round 0 finished. Loss: 0.2051, Acc: 96.12%
[32;1mclient_007_1  |[0m 2026-01-26 02:46:53,641 - __main__ - INFO - Update submitted for Round 0. Waiting...
[33mclient_001_1  |[0m 2026-01-26 02:46:53,644 - __main__ - INFO - 🚀 Model update submitted successfully.
[33mserver_1      |[0m INFO:__main__:Received update from client_001
[33mserver_1      |[0m INFO:werkzeug:172.18.0.15 - - [26/Jan/2026 02:46:53] "POST /submit_update HTTP/1.1" 200 -
[33mclient_001_1  |[0m 2026-01-26 02:46:53,644 - __main__ - INFO - Update submitted for Round 0. Waiting...
[36mclient_010_1  |[0m 2026-01-26 02:46:53,730 - __main__ - INFO - Round 0 finished. Loss: 0.1787, Acc: 97.91%
[33mserver_1      |[0m INFO:__main__:Received update from client_010
[33mserver_1      |[0m INFO:werkzeug:172.18.0.13 - - [26/Jan/2026 02:46:53] "POST /submit_update HTTP/1.1" 200 -
[36mclient_010_1  |[0m 2026-01-26 02:46:53,864 - __main__ - INFO - 🚀 Model update submitted successfully.
[36mclient_010_1  |[0m 2026-01-26 02:46:53,864 - __main__ - INFO - Update submitted for Round 0. Waiting...
[36mdocker-tc     |[0m [2026-01-26T02:46:53+00:00] [9d6d4246d5b0] Set delay=20ms on vethcf5327f
[36mdocker-tc     |[0m [2026-01-26T02:46:53+00:00] [9d6d4246d5b0] Set bandwidth-limit=1gbit on vethcf5327f
[36mdocker-tc     |[0m [2026-01-26T02:46:53+00:00] [9d6d4246d5b0] Controlling traffic of the container /fl-rest_client_001_1 on vethcf5327f
[35;1mclient_008_1  |[0m 2026-01-26 02:46:54,034 - __main__ - INFO - Round 0 finished. Loss: 0.1091, Acc: 97.93%
[33mserver_1      |[0m INFO:__main__:Received update from client_008
[33mserver_1      |[0m INFO:__main__:--- Aggregating 5 updates ---
[33mserver_1      |[0m INFO:__main__:⚡ Using Custom Aggregator with Drift Metric...
[33mserver_1      |[0m INFO:server.aggregator:Starting FedAvg aggregation for 5 clients.
[32mclient_002_1  |[0m 2026-01-26 02:46:54,170 - __main__ - INFO - Round 0 finished. Loss: 0.3612, Acc: 89.43%
[33mserver_1      |[0m INFO:werkzeug:172.18.0.17 - - [26/Jan/2026 02:46:54] "[31m[1mPOST /submit_update HTTP/1.1[0m" 400 -
[32mclient_002_1  |[0m 2026-01-26 02:46:54,177 - __main__ - ERROR - Update submission failed: {"error":"Not accepting updates"}
[32mclient_002_1  |[0m 
[32mclient_002_1  |[0m 2026-01-26 02:46:54,178 - __main__ - INFO - Update submitted for Round 0. Waiting...
[36mdocker-tc     |[0m [2026-01-26T02:46:54+00:00] [f9cfc803ab1e] Set delay=20ms on veth4890c91
[36mdocker-tc     |[0m [2026-01-26T02:46:54+00:00] [f9cfc803ab1e] Set bandwidth-limit=1gbit on veth4890c91
[36mdocker-tc     |[0m [2026-01-26T02:46:54+00:00] [f9cfc803ab1e] Controlling traffic of the container /fl-rest_client_003_1 on veth4890c91
[36;1mclient_005_1  |[0m 2026-01-26 02:46:54,432 - __main__ - INFO - Round 0 finished. Loss: 0.3461, Acc: 89.47%
[33mserver_1      |[0m INFO:werkzeug:172.18.0.22 - - [26/Jan/2026 02:46:54] "[31m[1mPOST /submit_update HTTP/1.1[0m" 400 -
[36;1mclient_005_1  |[0m 2026-01-26 02:46:54,438 - __main__ - ERROR - Update submission failed: {"error":"Not accepting updates"}
[36;1mclient_005_1  |[0m 
[36;1mclient_005_1  |[0m 2026-01-26 02:46:54,438 - __main__ - INFO - Update submitted for Round 0. Waiting...
[36mdocker-tc     |[0m [2026-01-26T02:46:54+00:00] [f00f5a4efd09] Set delay=20ms on vethf6e8376
[36mdocker-tc     |[0m [2026-01-26T02:46:54+00:00] [f00f5a4efd09] Set bandwidth-limit=1gbit on vethf6e8376
[36mdocker-tc     |[0m [2026-01-26T02:46:54+00:00] [f00f5a4efd09] Controlling traffic of the container /fl-rest_client_002_1 on vethf6e8376
[33mserver_1      |[0m INFO:server.aggregator:--- [METRIC] Weight Divergence: 1.0135
[33mserver_1      |[0m INFO:server.aggregator:FedAvg aggregation complete.
[33mserver_1      |[0m INFO:__main__:Aggregation complete.
[34;1mclient_009_1  |[0m 2026-01-26 02:46:54,954 - __main__ - INFO - Round 0 finished. Loss: 0.9920, Acc: 63.32%
[33mserver_1      |[0m INFO:werkzeug:172.18.0.19 - - [26/Jan/2026 02:46:54] "[31m[1mPOST /submit_update HTTP/1.1[0m" 400 -
[34;1mclient_009_1  |[0m 2026-01-26 02:46:54,957 - __main__ - ERROR - Update submission failed: {"error":"Not accepting updates"}
[34;1mclient_009_1  |[0m 
[34;1mclient_009_1  |[0m 2026-01-26 02:46:54,958 - __main__ - INFO - Update submitted for Round 0. Waiting...
[33mserver_1      |[0m ⏱️ [TIME] Client client_006 finished training in 0.18s
[33mserver_1      |[0m ⏱️ [TIME] Client client_007 finished training in 0.38s
[33mserver_1      |[0m ⏱️ [TIME] Client client_001 finished training in 0.46s
[33mserver_1      |[0m ⏱️ [TIME] Client client_010 finished training in 0.42s
[33mserver_1      |[0m ⏱️ [TIME] Client client_008 finished training in 0.71s
[33mserver_1      |[0m DEBUG: ⚠️ MY CUSTOM AGGREGATOR IS RUNNING ⚠️
[36mdocker-tc     |[0m [2026-01-26T02:46:55+00:00] [bbdc3262fbe7] Set delay=20ms on vethed68ac3
[36mdocker-tc     |[0m [2026-01-26T02:46:55+00:00] [bbdc3262fbe7] Set bandwidth-limit=1gbit on vethed68ac3
[36mdocker-tc     |[0m [2026-01-26T02:46:55+00:00] [bbdc3262fbe7] Controlling traffic of the container /fl-rest_client_008_1 on vethed68ac3
[36mdocker-tc     |[0m [2026-01-26T02:46:55+00:00] [ddffd909b334] Set delay=20ms on vethd56a733
[36mdocker-tc     |[0m [2026-01-26T02:46:55+00:00] [ddffd909b334] Set bandwidth-limit=1gbit on vethd56a733
[36mdocker-tc     |[0m [2026-01-26T02:46:55+00:00] [ddffd909b334] Controlling traffic of the container /fl-rest_client_009_1 on vethd56a733
[33mserver_1      |[0m INFO:__main__:--- Round 0 Acc: 10.00%, Loss: 3.7399 ---
[33mserver_1      |[0m INFO:__main__:--- Starting Round 1. Timeout: 300s ---
[33mserver_1      |[0m INFO:__main__:Client client_011 registered.
[33mserver_1      |[0m INFO:__main__:Client client_015 registered.
[33mserver_1      |[0m INFO:__main__:Client client_014 registered.
[33mserver_1      |[0m INFO:werkzeug:172.18.0.18 - - [26/Jan/2026 02:46:56] "POST /submit_update HTTP/1.1" 200 -
[33mserver_1      |[0m INFO:__main__:Client client_013 registered.
[35;1mclient_008_1  |[0m 2026-01-26 02:46:56,181 - __main__ - INFO - 🚀 Model update submitted successfully.
[35;1mclient_008_1  |[0m 2026-01-26 02:46:56,181 - __main__ - INFO - Update submitted for Round 0. Waiting...
[36;1mclient_015_1  |[0m 2026-01-26 02:46:56,360 - __main__ - INFO - ✅ Registered with server successfully.
[35mclient_013_1  |[0m 2026-01-26 02:46:56,361 - __main__ - INFO - ✅ Registered with server successfully.
[33mclient_011_1  |[0m 2026-01-26 02:46:56,360 - __main__ - INFO - ✅ Registered with server successfully.
[34mclient_014_1  |[0m 2026-01-26 02:46:56,361 - __main__ - INFO - ✅ Registered with server successfully.
[36mdocker-tc     |[0m [2026-01-26T02:46:56+00:00] [d672e8a17b28] Set delay=20ms on veth5e2b947
[36mdocker-tc     |[0m [2026-01-26T02:46:56+00:00] [d672e8a17b28] Set bandwidth-limit=1gbit on veth5e2b947
[36mdocker-tc     |[0m [2026-01-26T02:46:56+00:00] [d672e8a17b28] Controlling traffic of the container /fl-rest_client_004_1 on veth5e2b947
[34mclient_004_1  |[0m 2026-01-26 02:46:56,848 - __main__ - INFO - Round 0 finished. Loss: 0.7713, Acc: 72.01%
[33mserver_1      |[0m INFO:__main__:Received update from client_004
[33mserver_1      |[0m INFO:werkzeug:172.18.0.20 - - [26/Jan/2026 02:46:56] "POST /submit_update HTTP/1.1" 200 -
[34mclient_004_1  |[0m 2026-01-26 02:46:57,004 - __main__ - INFO - 🚀 Model update submitted successfully.
[34mclient_004_1  |[0m 2026-01-26 02:46:57,004 - __main__ - INFO - Update submitted for Round 0. Waiting...
[36mdocker-tc     |[0m [2026-01-26T02:46:57+00:00] [df47c738cac9] Set delay=20ms on veth7aaa57e
[36mdocker-tc     |[0m [2026-01-26T02:46:57+00:00] [df47c738cac9] Set bandwidth-limit=1gbit on veth7aaa57e
[36;1mclient_015_1  |[0m 2026-01-26 02:46:57,112 - __main__ - INFO - --- New Round Detected: 1 ---
[36mdocker-tc     |[0m [2026-01-26T02:46:57+00:00] [df47c738cac9] Controlling traffic of the container /fl-rest_client_007_1 on veth7aaa57e
[33mserver_1      |[0m INFO:werkzeug:172.18.0.7 - - [26/Jan/2026 02:46:57] "GET /download_model?round=1 HTTP/1.1" 200 -
[34mclient_014_1  |[0m 2026-01-26 02:46:57,507 - __main__ - INFO - --- New Round Detected: 1 ---
[36mdocker-tc     |[0m [2026-01-26T02:46:57+00:00] [750921cf0f2d] Set delay=20ms on veth534e8b1
[36mdocker-tc     |[0m [2026-01-26T02:46:57+00:00] [750921cf0f2d] Set bandwidth-limit=1gbit on veth534e8b1
[33mclient_011_1  |[0m 2026-01-26 02:46:57,577 - __main__ - INFO - --- New Round Detected: 1 ---
[35mclient_013_1  |[0m 2026-01-26 02:46:57,583 - __main__ - INFO - --- New Round Detected: 1 ---
[36mdocker-tc     |[0m [2026-01-26T02:46:57+00:00] [750921cf0f2d] Controlling traffic of the container /fl-rest_client_005_1 on veth534e8b1
[33mserver_1      |[0m INFO:werkzeug:172.18.0.10 - - [26/Jan/2026 02:46:57] "GET /download_model?round=1 HTTP/1.1" 200 -
[33mserver_1      |[0m INFO:werkzeug:172.18.0.6 - - [26/Jan/2026 02:46:57] "GET /download_model?round=1 HTTP/1.1" 200 -
[33mserver_1      |[0m INFO:werkzeug:172.18.0.4 - - [26/Jan/2026 02:46:57] "GET /download_model?round=1 HTTP/1.1" 200 -
[35mclient_003_1  |[0m 2026-01-26 02:47:00,537 - __main__ - INFO - Round 0 finished. Loss: 0.8795, Acc: 71.95%
[33mserver_1      |[0m INFO:__main__:Received update from client_003
[33mserver_1      |[0m INFO:werkzeug:172.18.0.16 - - [26/Jan/2026 02:47:00] "POST /submit_update HTTP/1.1" 200 -
[35mclient_003_1  |[0m 2026-01-26 02:47:00,675 - __main__ - INFO - 🚀 Model update submitted successfully.
[35mclient_003_1  |[0m 2026-01-26 02:47:00,676 - __main__ - INFO - Update submitted for Round 0. Waiting...
[33;1mclient_006_1  |[0m 2026-01-26 02:47:03,386 - __main__ - INFO - --- New Round Detected: 1 ---
[33mserver_1      |[0m INFO:werkzeug:172.18.0.14 - - [26/Jan/2026 02:47:03] "GET /download_model?round=1 HTTP/1.1" 200 -
[33;1mclient_006_1  |[0m 2026-01-26 02:47:03,540 - __main__ - INFO - Round 1 finished. Loss: 2.9823, Acc: 21.43%
[33mserver_1      |[0m INFO:__main__:Received update from client_006
[33mserver_1      |[0m INFO:werkzeug:172.18.0.14 - - [26/Jan/2026 02:47:03] "POST /submit_update HTTP/1.1" 200 -
[33;1mclient_006_1  |[0m 2026-01-26 02:47:03,675 - __main__ - INFO - 🚀 Model update submitted successfully.
[33;1mclient_006_1  |[0m 2026-01-26 02:47:03,675 - __main__ - INFO - Update submitted for Round 1. Waiting...
[32;1mclient_007_1  |[0m 2026-01-26 02:47:03,703 - __main__ - INFO - --- New Round Detected: 1 ---
[33mclient_001_1  |[0m 2026-01-26 02:47:03,715 - __main__ - INFO - --- New Round Detected: 1 ---
[33mserver_1      |[0m INFO:werkzeug:172.18.0.21 - - [26/Jan/2026 02:47:03] "GET /download_model?round=1 HTTP/1.1" 200 -
[33mserver_1      |[0m INFO:werkzeug:172.18.0.15 - - [26/Jan/2026 02:47:03] "GET /download_model?round=1 HTTP/1.1" 200 -
[36mclient_010_1  |[0m 2026-01-26 02:47:03,927 - __main__ - INFO - --- New Round Detected: 1 ---
[33mserver_1      |[0m INFO:werkzeug:172.18.0.13 - - [26/Jan/2026 02:47:03] "GET /download_model?round=1 HTTP/1.1" 200 -
[33mclient_001_1  |[0m 2026-01-26 02:47:04,059 - __main__ - INFO - Round 1 finished. Loss: 0.8703, Acc: 96.12%
[32;1mclient_007_1  |[0m 2026-01-26 02:47:04,109 - __main__ - INFO - Round 1 finished. Loss: 2.0102, Acc: 28.94%
[33mserver_1      |[0m INFO:__main__:Received update from client_001
[33mserver_1      |[0m INFO:werkzeug:172.18.0.15 - - [26/Jan/2026 02:47:04] "POST /submit_update HTTP/1.1" 200 -
[33mclient_001_1  |[0m 2026-01-26 02:47:04,192 - __main__ - INFO - 🚀 Model update submitted successfully.
[33mclient_001_1  |[0m 2026-01-26 02:47:04,192 - __main__ - INFO - Update submitted for Round 1. Waiting...
[33mserver_1      |[0m INFO:__main__:Received update from client_007
[33mserver_1      |[0m INFO:__main__:--- Aggregating 5 updates ---
[33mserver_1      |[0m INFO:__main__:⚡ Using Custom Aggregator with Drift Metric...
[33mserver_1      |[0m INFO:server.aggregator:Starting FedAvg aggregation for 5 clients.
[36mclient_010_1  |[0m 2026-01-26 02:47:04,269 - __main__ - INFO - Round 1 finished. Loss: 0.8685, Acc: 97.91%
[33mserver_1      |[0m INFO:werkzeug:172.18.0.13 - - [26/Jan/2026 02:47:04] "[31m[1mPOST /submit_update HTTP/1.1[0m" 400 -
[32mclient_002_1  |[0m 2026-01-26 02:47:04,319 - __main__ - INFO - --- New Round Detected: 1 ---
[36mclient_010_1  |[0m 2026-01-26 02:47:04,338 - __main__ - ERROR - Update submission failed: {"error":"Not accepting updates"}
[36mclient_010_1  |[0m 
[36mclient_010_1  |[0m 2026-01-26 02:47:04,338 - __main__ - INFO - Update submitted for Round 1. Waiting...
[33mserver_1      |[0m INFO:werkzeug:172.18.0.17 - - [26/Jan/2026 02:47:04] "GET /download_model?round=1 HTTP/1.1" 200 -
[36;1mclient_005_1  |[0m 2026-01-26 02:47:04,585 - __main__ - INFO - --- New Round Detected: 1 ---
[33mserver_1      |[0m INFO:werkzeug:172.18.0.22 - - [26/Jan/2026 02:47:04] "GET /download_model?round=1 HTTP/1.1" 200 -
[34;1mclient_009_1  |[0m 2026-01-26 02:47:05,041 - __main__ - INFO - --- New Round Detected: 1 ---
[33mserver_1      |[0m INFO:werkzeug:172.18.0.19 - - [26/Jan/2026 02:47:05] "GET /download_model?round=1 HTTP/1.1" 200 -
[32mclient_002_1  |[0m 2026-01-26 02:47:05,259 - __main__ - INFO - Round 1 finished. Loss: 1.1773, Acc: 87.75%
[33mserver_1      |[0m INFO:werkzeug:172.18.0.17 - - [26/Jan/2026 02:47:05] "[31m[1mPOST /submit_update HTTP/1.1[0m" 400 -
[32mclient_002_1  |[0m 2026-01-26 02:47:05,334 - __main__ - ERROR - Update submission failed: {"error":"Not accepting updates"}
[32mclient_002_1  |[0m 
[32mclient_002_1  |[0m 2026-01-26 02:47:05,334 - __main__ - INFO - Update submitted for Round 1. Waiting...
[33mserver_1      |[0m INFO:server.aggregator:--- [METRIC] Weight Divergence: 2.7503
[33mserver_1      |[0m INFO:server.aggregator:FedAvg aggregation complete.
[33mserver_1      |[0m INFO:__main__:Aggregation complete.
[33mserver_1      |[0m ⏱️ [TIME] Client client_004 finished training in 3.19s
[33mserver_1      |[0m ⏱️ [TIME] Client client_003 finished training in 5.91s
[33mserver_1      |[0m ⏱️ [TIME] Client client_006 finished training in 0.03s
[33mserver_1      |[0m ⏱️ [TIME] Client client_001 finished training in 0.17s
[33mserver_1      |[0m ⏱️ [TIME] Client client_007 finished training in 0.18s
[33mserver_1      |[0m DEBUG: ⚠️ MY CUSTOM AGGREGATOR IS RUNNING ⚠️
[36;1mclient_005_1  |[0m 2026-01-26 02:47:05,957 - __main__ - INFO - Round 1 finished. Loss: 1.5380, Acc: 89.06%
[33mserver_1      |[0m INFO:werkzeug:172.18.0.22 - - [26/Jan/2026 02:47:05] "[31m[1mPOST /submit_update HTTP/1.1[0m" 400 -
[36;1mclient_005_1  |[0m 2026-01-26 02:47:06,031 - __main__ - ERROR - Update submission failed: {"error":"Not accepting updates"}
[36;1mclient_005_1  |[0m 
[36;1mclient_005_1  |[0m 2026-01-26 02:47:06,031 - __main__ - INFO - Update submitted for Round 1. Waiting...
[35;1mclient_008_1  |[0m 2026-01-26 02:47:06,242 - __main__ - INFO - --- New Round Detected: 1 ---
[33mserver_1      |[0m INFO:werkzeug:172.18.0.18 - - [26/Jan/2026 02:47:06] "GET /download_model?round=1 HTTP/1.1" 200 -
[33mserver_1      |[0m INFO:__main__:--- Round 1 Acc: 27.78%, Loss: 2.4014 ---
[33mserver_1      |[0m INFO:__main__:--- Starting Round 2. Timeout: 300s ---
[33mserver_1      |[0m INFO:werkzeug:172.18.0.21 - - [26/Jan/2026 02:47:06] "POST /submit_update HTTP/1.1" 200 -
[32;1mclient_007_1  |[0m 2026-01-26 02:47:06,851 - __main__ - INFO - 🚀 Model update submitted successfully.
[32;1mclient_007_1  |[0m 2026-01-26 02:47:06,852 - __main__ - INFO - Update submitted for Round 1. Waiting...
[34;1mclient_009_1  |[0m 2026-01-26 02:47:06,877 - __main__ - INFO - Round 1 finished. Loss: 1.7540, Acc: 57.45%
[33mserver_1      |[0m INFO:__main__:Received update from client_009
[33mserver_1      |[0m INFO:werkzeug:172.18.0.19 - - [26/Jan/2026 02:47:06] "POST /submit_update HTTP/1.1" 200 -
[34;1mclient_009_1  |[0m 2026-01-26 02:47:07,017 - __main__ - INFO - 🚀 Model update submitted successfully.
[34;1mclient_009_1  |[0m 2026-01-26 02:47:07,017 - __main__ - INFO - Update submitted for Round 1. Waiting...
[35;1mclient_008_1  |[0m 2026-01-26 02:47:07,020 - __main__ - INFO - Round 1 finished. Loss: 0.2352, Acc: 97.93%
[34mclient_004_1  |[0m 2026-01-26 02:47:07,066 - __main__ - INFO - --- New Round Detected: 2 ---
[33mserver_1      |[0m INFO:werkzeug:172.18.0.20 - - [26/Jan/2026 02:47:07] "GET /download_model?round=2 HTTP/1.1" 200 -
[33mserver_1      |[0m INFO:__main__:Received update from client_008
[33mserver_1      |[0m INFO:werkzeug:172.18.0.18 - - [26/Jan/2026 02:47:07] "POST /submit_update HTTP/1.1" 200 -
[35;1mclient_008_1  |[0m 2026-01-26 02:47:07,155 - __main__ - INFO - 🚀 Model update submitted successfully.
[35;1mclient_008_1  |[0m 2026-01-26 02:47:07,156 - __main__ - INFO - Update submitted for Round 1. Waiting...
[34mclient_004_1  |[0m 2026-01-26 02:47:10,473 - __main__ - INFO - Round 2 finished. Loss: 1.0390, Acc: 72.94%
[33mserver_1      |[0m INFO:__main__:Received update from client_004
[33mserver_1      |[0m INFO:werkzeug:172.18.0.20 - - [26/Jan/2026 02:47:10] "POST /submit_update HTTP/1.1" 200 -
[34mclient_004_1  |[0m 2026-01-26 02:47:10,607 - __main__ - INFO - 🚀 Model update submitted successfully.
[34mclient_004_1  |[0m 2026-01-26 02:47:10,608 - __main__ - INFO - Update submitted for Round 2. Waiting...
[35mclient_003_1  |[0m 2026-01-26 02:47:10,764 - __main__ - INFO - --- New Round Detected: 2 ---
[33mserver_1      |[0m INFO:werkzeug:172.18.0.16 - - [26/Jan/2026 02:47:10] "GET /download_model?round=2 HTTP/1.1" 200 -
[33;1mclient_006_1  |[0m 2026-01-26 02:47:13,744 - __main__ - INFO - --- New Round Detected: 2 ---
[33mserver_1      |[0m INFO:werkzeug:172.18.0.14 - - [26/Jan/2026 02:47:13] "GET /download_model?round=2 HTTP/1.1" 200 -
[33;1mclient_006_1  |[0m 2026-01-26 02:47:13,886 - __main__ - INFO - Round 2 finished. Loss: 1.1954, Acc: 64.29%
[33mserver_1      |[0m INFO:__main__:Received update from client_006
[33mserver_1      |[0m INFO:werkzeug:172.18.0.14 - - [26/Jan/2026 02:47:13] "POST /submit_update HTTP/1.1" 200 -
[33;1mclient_006_1  |[0m 2026-01-26 02:47:14,024 - __main__ - INFO - 🚀 Model update submitted successfully.
[33;1mclient_006_1  |[0m 2026-01-26 02:47:14,024 - __main__ - INFO - Update submitted for Round 2. Waiting...
[33mclient_001_1  |[0m 2026-01-26 02:47:14,253 - __main__ - INFO - --- New Round Detected: 2 ---
[33mserver_1      |[0m INFO:werkzeug:172.18.0.15 - - [26/Jan/2026 02:47:14] "GET /download_model?round=2 HTTP/1.1" 200 -
[36mclient_010_1  |[0m 2026-01-26 02:47:14,400 - __main__ - INFO - --- New Round Detected: 2 ---
[33mserver_1      |[0m INFO:werkzeug:172.18.0.13 - - [26/Jan/2026 02:47:14] "GET /download_model?round=2 HTTP/1.1" 200 -
[33mclient_001_1  |[0m 2026-01-26 02:47:14,626 - __main__ - INFO - Round 2 finished. Loss: 0.8964, Acc: 89.00%
[33mserver_1      |[0m INFO:__main__:Received update from client_001
[33mserver_1      |[0m INFO:__main__:--- Aggregating 5 updates ---
[33mserver_1      |[0m INFO:__main__:⚡ Using Custom Aggregator with Drift Metric...
[33mserver_1      |[0m INFO:server.aggregator:Starting FedAvg aggregation for 5 clients.
[36mclient_010_1  |[0m 2026-01-26 02:47:14,967 - __main__ - INFO - Round 2 finished. Loss: 0.9715, Acc: 90.53%
[33mserver_1      |[0m INFO:werkzeug:172.18.0.13 - - [26/Jan/2026 02:47:14] "[31m[1mPOST /submit_update HTTP/1.1[0m" 400 -
[36mclient_010_1  |[0m 2026-01-26 02:47:15,034 - __main__ - ERROR - Update submission failed: {"error":"Not accepting updates"}
[36mclient_010_1  |[0m 
[36mclient_010_1  |[0m 2026-01-26 02:47:15,034 - __main__ - INFO - Update submitted for Round 2. Waiting...
[35mclient_003_1  |[0m 2026-01-26 02:47:15,038 - __main__ - INFO - Round 2 finished. Loss: 0.8510, Acc: 77.10%
[33mserver_1      |[0m INFO:werkzeug:172.18.0.16 - - [26/Jan/2026 02:47:15] "[31m[1mPOST /submit_update HTTP/1.1[0m" 400 -
[35mclient_003_1  |[0m 2026-01-26 02:47:15,100 - __main__ - ERROR - Update submission failed: {"error":"Not accepting updates"}
[35mclient_003_1  |[0m 
[35mclient_003_1  |[0m 2026-01-26 02:47:15,100 - __main__ - INFO - Update submitted for Round 2. Waiting...
[32mclient_002_1  |[0m 2026-01-26 02:47:15,409 - __main__ - INFO - --- New Round Detected: 2 ---
[33mserver_1      |[0m INFO:werkzeug:172.18.0.17 - - [26/Jan/2026 02:47:15] "GET /download_model?round=2 HTTP/1.1" 200 -
[36;1mclient_005_1  |[0m 2026-01-26 02:47:16,097 - __main__ - INFO - --- New Round Detected: 2 ---
[33mserver_1      |[0m INFO:werkzeug:172.18.0.22 - - [26/Jan/2026 02:47:16] "GET /download_model?round=2 HTTP/1.1" 200 -
[32mclient_002_1  |[0m 2026-01-26 02:47:16,436 - __main__ - INFO - Round 2 finished. Loss: 0.9618, Acc: 83.00%
[33mserver_1      |[0m INFO:werkzeug:172.18.0.17 - - [26/Jan/2026 02:47:16] "[31m[1mPOST /submit_update HTTP/1.1[0m" 400 -
[32mclient_002_1  |[0m 2026-01-26 02:47:16,507 - __main__ - ERROR - Update submission failed: {"error":"Not accepting updates"}
[32mclient_002_1  |[0m 
[32mclient_002_1  |[0m 2026-01-26 02:47:16,508 - __main__ - INFO - Update submitted for Round 2. Waiting...
[33mserver_1      |[0m INFO:server.aggregator:--- [METRIC] Weight Divergence: 2.3605
[33mserver_1      |[0m INFO:server.aggregator:FedAvg aggregation complete.
[33mserver_1      |[0m INFO:__main__:Aggregation complete.
[32;1mclient_007_1  |[0m 2026-01-26 02:47:16,914 - __main__ - INFO - --- New Round Detected: 2 ---
[33mserver_1      |[0m ⏱️ [TIME] Client client_009 finished training in 1.11s
[33mserver_1      |[0m ⏱️ [TIME] Client client_008 finished training in 0.47s
[33mserver_1      |[0m ⏱️ [TIME] Client client_004 finished training in 2.66s
[33mserver_1      |[0m ⏱️ [TIME] Client client_006 finished training in 0.01s
[33mserver_1      |[0m ⏱️ [TIME] Client client_001 finished training in 0.22s
[33mserver_1      |[0m DEBUG: ⚠️ MY CUSTOM AGGREGATOR IS RUNNING ⚠️
[33mserver_1      |[0m INFO:werkzeug:172.18.0.21 - - [26/Jan/2026 02:47:17] "GET /download_model?round=2 HTTP/1.1" 200 -
[34;1mclient_009_1  |[0m 2026-01-26 02:47:17,197 - __main__ - INFO - --- New Round Detected: 2 ---
[36;1mclient_005_1  |[0m 2026-01-26 02:47:17,256 - __main__ - INFO - Round 2 finished. Loss: 0.9271, Acc: 86.51%
[33mserver_1      |[0m INFO:werkzeug:172.18.0.19 - - [26/Jan/2026 02:47:17] "GET /download_model?round=2 HTTP/1.1" 200 -
[33mserver_1      |[0m INFO:werkzeug:172.18.0.22 - - [26/Jan/2026 02:47:17] "[31m[1mPOST /submit_update HTTP/1.1[0m" 400 -
[35;1mclient_008_1  |[0m 2026-01-26 02:47:17,317 - __main__ - INFO - --- New Round Detected: 2 ---
[36;1mclient_005_1  |[0m 2026-01-26 02:47:17,330 - __main__ - ERROR - Update submission failed: {"error":"Not accepting updates"}
[36;1mclient_005_1  |[0m 
[36;1mclient_005_1  |[0m 2026-01-26 02:47:17,332 - __main__ - INFO - Update submitted for Round 2. Waiting...
[33mserver_1      |[0m INFO:werkzeug:172.18.0.18 - - [26/Jan/2026 02:47:17] "GET /download_model?round=2 HTTP/1.1" 200 -
[32;1mclient_007_1  |[0m 2026-01-26 02:47:17,458 - __main__ - INFO - Round 2 finished. Loss: 1.4068, Acc: 55.49%
[33mserver_1      |[0m INFO:werkzeug:172.18.0.21 - - [26/Jan/2026 02:47:17] "[31m[1mPOST /submit_update HTTP/1.1[0m" 400 -
[32;1mclient_007_1  |[0m 2026-01-26 02:47:17,521 - __main__ - ERROR - Update submission failed: {"error":"Not accepting updates"}
[32;1mclient_007_1  |[0m 
[32;1mclient_007_1  |[0m 2026-01-26 02:47:17,521 - __main__ - INFO - Update submitted for Round 2. Waiting...
[33mserver_1      |[0m INFO:__main__:--- Round 2 Acc: 11.38%, Loss: 2.3823 ---
[33mserver_1      |[0m INFO:__main__:--- Starting Round 3. Timeout: 300s ---
[33mserver_1      |[0m INFO:werkzeug:172.18.0.15 - - [26/Jan/2026 02:47:18] "POST /submit_update HTTP/1.1" 200 -
[33mclient_001_1  |[0m 2026-01-26 02:47:18,393 - __main__ - INFO - 🚀 Model update submitted successfully.
[33mclient_001_1  |[0m 2026-01-26 02:47:18,393 - __main__ - INFO - Update submitted for Round 2. Waiting...
[35;1mclient_008_1  |[0m 2026-01-26 02:47:18,503 - __main__ - INFO - Round 2 finished. Loss: 0.4651, Acc: 96.30%
[33mserver_1      |[0m INFO:__main__:Received update from client_008
[33mserver_1      |[0m INFO:werkzeug:172.18.0.18 - - [26/Jan/2026 02:47:18] "POST /submit_update HTTP/1.1" 200 -
[35;1mclient_008_1  |[0m 2026-01-26 02:47:18,637 - __main__ - INFO - 🚀 Model update submitted successfully.
[35;1mclient_008_1  |[0m 2026-01-26 02:47:18,638 - __main__ - INFO - Update submitted for Round 2. Waiting...
[34;1mclient_009_1  |[0m 2026-01-26 02:47:19,023 - __main__ - INFO - Round 2 finished. Loss: 1.5487, Acc: 57.18%
[33mserver_1      |[0m INFO:__main__:Received update from client_009
[33mserver_1      |[0m INFO:werkzeug:172.18.0.19 - - [26/Jan/2026 02:47:19] "POST /submit_update HTTP/1.1" 200 -
[34;1mclient_009_1  |[0m 2026-01-26 02:47:19,179 - __main__ - INFO - 🚀 Model update submitted successfully.
[34;1mclient_009_1  |[0m 2026-01-26 02:47:19,180 - __main__ - INFO - Update submitted for Round 2. Waiting...
[34mclient_004_1  |[0m 2026-01-26 02:47:20,669 - __main__ - INFO - --- New Round Detected: 3 ---
[33mserver_1      |[0m INFO:werkzeug:172.18.0.20 - - [26/Jan/2026 02:47:20] "GET /download_model?round=3 HTTP/1.1" 200 -
[34mclient_004_1  |[0m 2026-01-26 02:47:23,920 - __main__ - INFO - Round 3 finished. Loss: 0.6307, Acc: 79.03%
[33mserver_1      |[0m INFO:__main__:Received update from client_004
[33mserver_1      |[0m INFO:werkzeug:172.18.0.20 - - [26/Jan/2026 02:47:24] "POST /submit_update HTTP/1.1" 200 -
[34mclient_004_1  |[0m 2026-01-26 02:47:24,059 - __main__ - INFO - 🚀 Model update submitted successfully.
[34mclient_004_1  |[0m 2026-01-26 02:47:24,059 - __main__ - INFO - Update submitted for Round 3. Waiting...
[33;1mclient_006_1  |[0m 2026-01-26 02:47:24,085 - __main__ - INFO - --- New Round Detected: 3 ---
[33mserver_1      |[0m INFO:werkzeug:172.18.0.14 - - [26/Jan/2026 02:47:24] "GET /download_model?round=3 HTTP/1.1" 200 -
[33;1mclient_006_1  |[0m 2026-01-26 02:47:24,227 - __main__ - INFO - Round 3 finished. Loss: 1.8084, Acc: 35.71%
[33mserver_1      |[0m INFO:__main__:Received update from client_006
[33mserver_1      |[0m INFO:werkzeug:172.18.0.14 - - [26/Jan/2026 02:47:24] "POST /submit_update HTTP/1.1" 200 -
[33;1mclient_006_1  |[0m 2026-01-26 02:47:24,383 - __main__ - INFO - 🚀 Model update submitted successfully.
[33;1mclient_006_1  |[0m 2026-01-26 02:47:24,383 - __main__ - INFO - Update submitted for Round 3. Waiting...
[36mclient_010_1  |[0m 2026-01-26 02:47:25,116 - __main__ - INFO - --- New Round Detected: 3 ---
[33mserver_1      |[0m INFO:werkzeug:172.18.0.13 - - [26/Jan/2026 02:47:25] "GET /download_model?round=3 HTTP/1.1" 200 -
[35mclient_003_1  |[0m 2026-01-26 02:47:25,184 - __main__ - INFO - --- New Round Detected: 3 ---
[33mserver_1      |[0m INFO:werkzeug:172.18.0.16 - - [26/Jan/2026 02:47:25] "GET /download_model?round=3 HTTP/1.1" 200 -
[36mclient_010_1  |[0m 2026-01-26 02:47:25,656 - __main__ - INFO - Round 3 finished. Loss: 0.5425, Acc: 97.91%
[33mserver_1      |[0m INFO:__main__:Received update from client_010
[33mserver_1      |[0m INFO:__main__:--- Aggregating 5 updates ---
[33mserver_1      |[0m INFO:__main__:⚡ Using Custom Aggregator with Drift Metric...
[33mserver_1      |[0m INFO:server.aggregator:Starting FedAvg aggregation for 5 clients.
[32mclient_002_1  |[0m 2026-01-26 02:47:26,572 - __main__ - INFO - --- New Round Detected: 3 ---
[33mserver_1      |[0m INFO:werkzeug:172.18.0.17 - - [26/Jan/2026 02:47:26] "GET /download_model?round=3 HTTP/1.1" 200 -
[36;1mclient_005_1  |[0m 2026-01-26 02:47:27,394 - __main__ - INFO - --- New Round Detected: 3 ---
[33mserver_1      |[0m INFO:werkzeug:172.18.0.22 - - [26/Jan/2026 02:47:27] "GET /download_model?round=3 HTTP/1.1" 200 -
[32;1mclient_007_1  |[0m 2026-01-26 02:47:27,585 - __main__ - INFO - --- New Round Detected: 3 ---
[33mserver_1      |[0m INFO:werkzeug:172.18.0.21 - - [26/Jan/2026 02:47:27] "GET /download_model?round=3 HTTP/1.1" 200 -
[32mclient_002_1  |[0m 2026-01-26 02:47:27,625 - __main__ - INFO - Round 3 finished. Loss: 0.4516, Acc: 90.61%
[33mserver_1      |[0m INFO:werkzeug:172.18.0.17 - - [26/Jan/2026 02:47:27] "[31m[1mPOST /submit_update HTTP/1.1[0m" 400 -
[33mserver_1      |[0m INFO:server.aggregator:--- [METRIC] Weight Divergence: 2.1512
[33mserver_1      |[0m INFO:server.aggregator:FedAvg aggregation complete.
[33mserver_1      |[0m INFO:__main__:Aggregation complete.
[32mclient_002_1  |[0m 2026-01-26 02:47:27,697 - __main__ - ERROR - Update submission failed: {"error":"Not accepting updates"}
[32mclient_002_1  |[0m 
[32mclient_002_1  |[0m 2026-01-26 02:47:27,697 - __main__ - INFO - Update submitted for Round 3. Waiting...
[33mserver_1      |[0m ⏱️ [TIME] Client client_008 finished training in 0.71s
[33mserver_1      |[0m ⏱️ [TIME] Client client_009 finished training in 1.01s
[33mserver_1      |[0m ⏱️ [TIME] Client client_004 finished training in 2.48s
[33mserver_1      |[0m ⏱️ [TIME] Client client_006 finished training in 0.01s
[33mserver_1      |[0m ⏱️ [TIME] Client client_010 finished training in 0.26s
[33mserver_1      |[0m DEBUG: ⚠️ MY CUSTOM AGGREGATOR IS RUNNING ⚠️
[32;1mclient_007_1  |[0m 2026-01-26 02:47:27,875 - __main__ - INFO - Round 3 finished. Loss: 1.0441, Acc: 54.40%
[33mserver_1      |[0m INFO:werkzeug:172.18.0.21 - - [26/Jan/2026 02:47:27] "[31m[1mPOST /submit_update HTTP/1.1[0m" 400 -
[32;1mclient_007_1  |[0m 2026-01-26 02:47:27,944 - __main__ - ERROR - Update submission failed: {"error":"Not accepting updates"}
[32;1mclient_007_1  |[0m 
[32;1mclient_007_1  |[0m 2026-01-26 02:47:27,944 - __main__ - INFO - Update submitted for Round 3. Waiting...
[33mclient_001_1  |[0m 2026-01-26 02:47:28,464 - __main__ - INFO - --- New Round Detected: 3 ---
[33mserver_1      |[0m INFO:werkzeug:172.18.0.15 - - [26/Jan/2026 02:47:28] "GET /download_model?round=3 HTTP/1.1" 200 -
[33mserver_1      |[0m INFO:__main__:--- Round 3 Acc: 30.42%, Loss: 2.0097 ---
[33mserver_1      |[0m INFO:__main__:--- Starting Round 4. Timeout: 300s ---
[33mserver_1      |[0m INFO:werkzeug:172.18.0.13 - - [26/Jan/2026 02:47:28] "POST /submit_update HTTP/1.1" 200 -
[36mclient_010_1  |[0m 2026-01-26 02:47:28,717 - __main__ - INFO - 🚀 Model update submitted successfully.
[36mclient_010_1  |[0m 2026-01-26 02:47:28,717 - __main__ - INFO - Update submitted for Round 3. Waiting...
[35;1mclient_008_1  |[0m 2026-01-26 02:47:28,720 - __main__ - INFO - --- New Round Detected: 4 ---
[33mserver_1      |[0m INFO:werkzeug:172.18.0.18 - - [26/Jan/2026 02:47:28] "GET /download_model?round=4 HTTP/1.1" 200 -
[33mclient_001_1  |[0m 2026-01-26 02:47:28,909 - __main__ - INFO - Round 3 finished. Loss: 0.1530, Acc: 96.12%
[33mserver_1      |[0m INFO:__main__:Received update from client_001
[33mserver_1      |[0m INFO:werkzeug:172.18.0.15 - - [26/Jan/2026 02:47:29] "POST /submit_update HTTP/1.1" 200 -
[36;1mclient_005_1  |[0m 2026-01-26 02:47:29,037 - __main__ - INFO - Round 3 finished. Loss: 0.4138, Acc: 89.96%
[33mclient_001_1  |[0m 2026-01-26 02:47:29,046 - __main__ - INFO - 🚀 Model update submitted successfully.
[33mclient_001_1  |[0m 2026-01-26 02:47:29,046 - __main__ - INFO - Update submitted for Round 3. Waiting...
[33mserver_1      |[0m INFO:__main__:Received update from client_005
[33mserver_1      |[0m INFO:werkzeug:172.18.0.22 - - [26/Jan/2026 02:47:29] "POST /submit_update HTTP/1.1" 200 -
[36;1mclient_005_1  |[0m 2026-01-26 02:47:29,172 - __main__ - INFO - 🚀 Model update submitted successfully.
[36;1mclient_005_1  |[0m 2026-01-26 02:47:29,173 - __main__ - INFO - Update submitted for Round 3. Waiting...
[34;1mclient_009_1  |[0m 2026-01-26 02:47:29,244 - __main__ - INFO - --- New Round Detected: 4 ---
[33mserver_1      |[0m INFO:werkzeug:172.18.0.19 - - [26/Jan/2026 02:47:29] "GET /download_model?round=4 HTTP/1.1" 200 -
[35;1mclient_008_1  |[0m 2026-01-26 02:47:29,868 - __main__ - INFO - Round 4 finished. Loss: 0.4162, Acc: 92.90%
[33mserver_1      |[0m INFO:__main__:Received update from client_008
[33mserver_1      |[0m INFO:werkzeug:172.18.0.18 - - [26/Jan/2026 02:47:29] "POST /submit_update HTTP/1.1" 200 -
[35;1mclient_008_1  |[0m 2026-01-26 02:47:30,004 - __main__ - INFO - 🚀 Model update submitted successfully.
[35;1mclient_008_1  |[0m 2026-01-26 02:47:30,004 - __main__ - INFO - Update submitted for Round 4. Waiting...
[34;1mclient_009_1  |[0m 2026-01-26 02:47:30,350 - __main__ - INFO - Round 4 finished. Loss: 1.1190, Acc: 63.88%
[33mserver_1      |[0m INFO:__main__:Received update from client_009
[33mserver_1      |[0m INFO:werkzeug:172.18.0.19 - - [26/Jan/2026 02:47:30] "POST /submit_update HTTP/1.1" 200 -
[34;1mclient_009_1  |[0m 2026-01-26 02:47:30,484 - __main__ - INFO - 🚀 Model update submitted successfully.
[34;1mclient_009_1  |[0m 2026-01-26 02:47:30,484 - __main__ - INFO - Update submitted for Round 4. Waiting...
[35mclient_003_1  |[0m 2026-01-26 02:47:32,540 - __main__ - INFO - Round 3 finished. Loss: 0.8804, Acc: 73.68%
[33mserver_1      |[0m INFO:__main__:Received update from client_003
[33mserver_1      |[0m INFO:__main__:--- Aggregating 5 updates ---
[33mserver_1      |[0m INFO:__main__:⚡ Using Custom Aggregator with Drift Metric...
[33mserver_1      |[0m INFO:server.aggregator:Starting FedAvg aggregation for 5 clients.
[34mclient_004_1  |[0m 2026-01-26 02:47:34,127 - __main__ - INFO - --- New Round Detected: 4 ---
[33mserver_1      |[0m INFO:werkzeug:172.18.0.20 - - [26/Jan/2026 02:47:34] "GET /download_model?round=4 HTTP/1.1" 200 -
[33mserver_1      |[0m INFO:server.aggregator:--- [METRIC] Weight Divergence: 2.4018
[33mserver_1      |[0m INFO:server.aggregator:FedAvg aggregation complete.
[33mserver_1      |[0m INFO:__main__:Aggregation complete.
[33mserver_1      |[0m ⏱️ [TIME] Client client_001 finished training in 0.25s
[33mserver_1      |[0m ⏱️ [TIME] Client client_005 finished training in 0.97s
[33mserver_1      |[0m ⏱️ [TIME] Client client_008 finished training in 0.68s
[33mserver_1      |[0m ⏱️ [TIME] Client client_009 finished training in 0.66s
[33mserver_1      |[0m ⏱️ [TIME] Client client_003 finished training in 5.72s
[33mserver_1      |[0m DEBUG: ⚠️ MY CUSTOM AGGREGATOR IS RUNNING ⚠️
[33;1mclient_006_1  |[0m 2026-01-26 02:47:34,466 - __main__ - INFO - --- New Round Detected: 4 ---
[33mserver_1      |[0m INFO:werkzeug:172.18.0.14 - - [26/Jan/2026 02:47:34] "GET /download_model?round=4 HTTP/1.1" 200 -
[33;1mclient_006_1  |[0m 2026-01-26 02:47:34,687 - __main__ - INFO - Round 4 finished. Loss: 1.1556, Acc: 71.43%
[33mserver_1      |[0m INFO:werkzeug:172.18.0.14 - - [26/Jan/2026 02:47:34] "[31m[1mPOST /submit_update HTTP/1.1[0m" 400 -
[33;1mclient_006_1  |[0m 2026-01-26 02:47:34,756 - __main__ - ERROR - Update submission failed: {"error":"Not accepting updates"}
[33;1mclient_006_1  |[0m 
[33;1mclient_006_1  |[0m 2026-01-26 02:47:34,756 - __main__ - INFO - Update submitted for Round 4. Waiting...
[33mserver_1      |[0m INFO:__main__:--- Round 4 Acc: 29.00%, Loss: 2.1428 ---
[33mserver_1      |[0m INFO:__main__:--- Starting Round 5. Timeout: 300s ---
[33mserver_1      |[0m INFO:werkzeug:172.18.0.16 - - [26/Jan/2026 02:47:35] "POST /submit_update HTTP/1.1" 200 -
[35mclient_003_1  |[0m 2026-01-26 02:47:35,721 - __main__ - INFO - 🚀 Model update submitted successfully.
[35mclient_003_1  |[0m 2026-01-26 02:47:35,721 - __main__ - INFO - Update submitted for Round 3. Waiting...
[32mclient_002_1  |[0m 2026-01-26 02:47:37,761 - __main__ - INFO - --- New Round Detected: 5 ---
[33mserver_1      |[0m INFO:werkzeug:172.18.0.17 - - [26/Jan/2026 02:47:37] "GET /download_model?round=5 HTTP/1.1" 200 -
[34mclient_004_1  |[0m 2026-01-26 02:47:37,872 - __main__ - INFO - Round 4 finished. Loss: 0.7541, Acc: 81.50%
[33mserver_1      |[0m INFO:__main__:Received update from client_004
[33mserver_1      |[0m INFO:werkzeug:172.18.0.20 - - [26/Jan/2026 02:47:37] "POST /submit_update HTTP/1.1" 200 -
[32;1mclient_007_1  |[0m 2026-01-26 02:47:38,009 - __main__ - INFO - --- New Round Detected: 5 ---
[34mclient_004_1  |[0m 2026-01-26 02:47:38,016 - __main__ - INFO - 🚀 Model update submitted successfully.
[34mclient_004_1  |[0m 2026-01-26 02:47:38,016 - __main__ - INFO - Update submitted for Round 4. Waiting...
[33mserver_1      |[0m INFO:werkzeug:172.18.0.21 - - [26/Jan/2026 02:47:38] "GET /download_model?round=5 HTTP/1.1" 200 -
[32;1mclient_007_1  |[0m 2026-01-26 02:47:38,323 - __main__ - INFO - Round 5 finished. Loss: 1.6550, Acc: 55.13%
[33mserver_1      |[0m INFO:__main__:Received update from client_007
[33mserver_1      |[0m INFO:werkzeug:172.18.0.21 - - [26/Jan/2026 02:47:38] "POST /submit_update HTTP/1.1" 200 -
[32;1mclient_007_1  |[0m 2026-01-26 02:47:38,458 - __main__ - INFO - 🚀 Model update submitted successfully.
[32;1mclient_007_1  |[0m 2026-01-26 02:47:38,459 - __main__ - INFO - Update submitted for Round 5. Waiting...
[36mclient_010_1  |[0m 2026-01-26 02:47:38,779 - __main__ - INFO - --- New Round Detected: 5 ---
[32mclient_002_1  |[0m 2026-01-26 02:47:38,785 - __main__ - INFO - Round 5 finished. Loss: 0.9665, Acc: 84.98%
[33mserver_1      |[0m INFO:werkzeug:172.18.0.13 - - [26/Jan/2026 02:47:38] "GET /download_model?round=5 HTTP/1.1" 200 -
[33mserver_1      |[0m INFO:__main__:Received update from client_002
[33mserver_1      |[0m INFO:werkzeug:172.18.0.17 - - [26/Jan/2026 02:47:38] "POST /submit_update HTTP/1.1" 200 -
[32mclient_002_1  |[0m 2026-01-26 02:47:38,920 - __main__ - INFO - 🚀 Model update submitted successfully.
[32mclient_002_1  |[0m 2026-01-26 02:47:38,920 - __main__ - INFO - Update submitted for Round 5. Waiting...
[33mclient_001_1  |[0m 2026-01-26 02:47:39,107 - __main__ - INFO - --- New Round Detected: 5 ---
[33mserver_1      |[0m INFO:werkzeug:172.18.0.15 - - [26/Jan/2026 02:47:39] "GET /download_model?round=5 HTTP/1.1" 200 -
[36mclient_010_1  |[0m 2026-01-26 02:47:39,225 - __main__ - INFO - Round 5 finished. Loss: 0.9274, Acc: 92.13%
[36;1mclient_005_1  |[0m 2026-01-26 02:47:39,235 - __main__ - INFO - --- New Round Detected: 5 ---
[33mserver_1      |[0m INFO:werkzeug:172.18.0.22 - - [26/Jan/2026 02:47:39] "GET /download_model?round=5 HTTP/1.1" 200 -
[33mserver_1      |[0m INFO:__main__:Received update from client_010
[33mserver_1      |[0m INFO:werkzeug:172.18.0.13 - - [26/Jan/2026 02:47:39] "POST /submit_update HTTP/1.1" 200 -
[36mclient_010_1  |[0m 2026-01-26 02:47:39,362 - __main__ - INFO - 🚀 Model update submitted successfully.
[36mclient_010_1  |[0m 2026-01-26 02:47:39,362 - __main__ - INFO - Update submitted for Round 5. Waiting...
[33mclient_001_1  |[0m 2026-01-26 02:47:39,545 - __main__ - INFO - Round 5 finished. Loss: 0.7941, Acc: 90.29%
[33mserver_1      |[0m INFO:__main__:Received update from client_001
[33mserver_1      |[0m INFO:__main__:--- Aggregating 5 updates ---
[33mserver_1      |[0m INFO:__main__:⚡ Using Custom Aggregator with Drift Metric...
[33mserver_1      |[0m INFO:server.aggregator:Starting FedAvg aggregation for 5 clients.
[35;1mclient_008_1  |[0m 2026-01-26 02:47:40,080 - __main__ - INFO - --- New Round Detected: 5 ---
[33mserver_1      |[0m INFO:werkzeug:172.18.0.18 - - [26/Jan/2026 02:47:40] "GET /download_model?round=5 HTTP/1.1" 200 -
[36;1mclient_005_1  |[0m 2026-01-26 02:47:40,303 - __main__ - INFO - Round 5 finished. Loss: 0.7746, Acc: 87.20%
[33mserver_1      |[0m INFO:werkzeug:172.18.0.22 - - [26/Jan/2026 02:47:40] "[31m[1mPOST /submit_update HTTP/1.1[0m" 400 -
[36;1mclient_005_1  |[0m 2026-01-26 02:47:40,369 - __main__ - ERROR - Update submission failed: {"error":"Not accepting updates"}
[36;1mclient_005_1  |[0m 
[36;1mclient_005_1  |[0m 2026-01-26 02:47:40,369 - __main__ - INFO - Update submitted for Round 5. Waiting...
[34;1mclient_009_1  |[0m 2026-01-26 02:47:40,557 - __main__ - INFO - --- New Round Detected: 5 ---
[33mserver_1      |[0m INFO:werkzeug:172.18.0.19 - - [26/Jan/2026 02:47:40] "GET /download_model?round=5 HTTP/1.1" 200 -
[35;1mclient_008_1  |[0m 2026-01-26 02:47:41,158 - __main__ - INFO - Round 5 finished. Loss: 0.4048, Acc: 97.19%
[33mserver_1      |[0m INFO:server.aggregator:--- [METRIC] Weight Divergence: 2.1727
[33mserver_1      |[0m INFO:server.aggregator:FedAvg aggregation complete.
[33mserver_1      |[0m INFO:__main__:Aggregation complete.
[33mserver_1      |[0m INFO:werkzeug:172.18.0.18 - - [26/Jan/2026 02:47:41] "[31m[1mPOST /submit_update HTTP/1.1[0m" 400 -
[33mserver_1      |[0m ⏱️ [TIME] Client client_004 finished training in 2.94s
[33mserver_1      |[0m ⏱️ [TIME] Client client_007 finished training in 0.14s
[33mserver_1      |[0m ⏱️ [TIME] Client client_002 finished training in 0.73s
[33mserver_1      |[0m ⏱️ [TIME] Client client_010 finished training in 0.24s
[33mserver_1      |[0m ⏱️ [TIME] Client client_001 finished training in 0.25s
[33mserver_1      |[0m DEBUG: ⚠️ MY CUSTOM AGGREGATOR IS RUNNING ⚠️
[35;1mclient_008_1  |[0m 2026-01-26 02:47:41,252 - __main__ - ERROR - Update submission failed: {"error":"Not accepting updates"}
[35;1mclient_008_1  |[0m 
[35;1mclient_008_1  |[0m 2026-01-26 02:47:41,253 - __main__ - INFO - Update submitted for Round 5. Waiting...
[34;1mclient_009_1  |[0m 2026-01-26 02:47:42,122 - __main__ - INFO - Round 5 finished. Loss: 1.2863, Acc: 63.43%
[33mserver_1      |[0m INFO:werkzeug:172.18.0.19 - - [26/Jan/2026 02:47:42] "[31m[1mPOST /submit_update HTTP/1.1[0m" 400 -
[34;1mclient_009_1  |[0m 2026-01-26 02:47:42,187 - __main__ - ERROR - Update submission failed: {"error":"Not accepting updates"}
[34;1mclient_009_1  |[0m 
[34;1mclient_009_1  |[0m 2026-01-26 02:47:42,187 - __main__ - INFO - Update submitted for Round 5. Waiting...
[33mserver_1      |[0m INFO:__main__:--- Round 5 Acc: 33.42%, Loss: 1.9632 ---
[33mserver_1      |[0m INFO:__main__:--- Starting Round 6. Timeout: 300s ---
[33mserver_1      |[0m INFO:werkzeug:172.18.0.15 - - [26/Jan/2026 02:47:42] "POST /submit_update HTTP/1.1" 200 -
[33mclient_001_1  |[0m 2026-01-26 02:47:42,697 - __main__ - INFO - 🚀 Model update submitted successfully.
[33mclient_001_1  |[0m 2026-01-26 02:47:42,698 - __main__ - INFO - Update submitted for Round 5. Waiting...
[33;1mclient_006_1  |[0m 2026-01-26 02:47:44,818 - __main__ - INFO - --- New Round Detected: 6 ---
[33mserver_1      |[0m INFO:werkzeug:172.18.0.14 - - [26/Jan/2026 02:47:44] "GET /download_model?round=6 HTTP/1.1" 200 -
[33;1mclient_006_1  |[0m 2026-01-26 02:47:44,956 - __main__ - INFO - Round 6 finished. Loss: 1.3835, Acc: 64.29%
[33mserver_1      |[0m INFO:__main__:Received update from client_006
[33mserver_1      |[0m INFO:werkzeug:172.18.0.14 - - [26/Jan/2026 02:47:45] "POST /submit_update HTTP/1.1" 200 -
[33;1mclient_006_1  |[0m 2026-01-26 02:47:45,124 - __main__ - INFO - 🚀 Model update submitted successfully.
[33;1mclient_006_1  |[0m 2026-01-26 02:47:45,124 - __main__ - INFO - Update submitted for Round 6. Waiting...
[35mclient_003_1  |[0m 2026-01-26 02:47:45,783 - __main__ - INFO - --- New Round Detected: 6 ---
[33mserver_1      |[0m INFO:werkzeug:172.18.0.16 - - [26/Jan/2026 02:47:45] "GET /download_model?round=6 HTTP/1.1" 200 -
[34mclient_004_1  |[0m 2026-01-26 02:47:48,099 - __main__ - INFO - --- New Round Detected: 6 ---
[33mserver_1      |[0m INFO:werkzeug:172.18.0.20 - - [26/Jan/2026 02:47:48] "GET /download_model?round=6 HTTP/1.1" 200 -
[32;1mclient_007_1  |[0m 2026-01-26 02:47:48,527 - __main__ - INFO - --- New Round Detected: 6 ---
[33mserver_1      |[0m INFO:werkzeug:172.18.0.21 - - [26/Jan/2026 02:47:48] "GET /download_model?round=6 HTTP/1.1" 200 -
[32;1mclient_007_1  |[0m 2026-01-26 02:47:48,806 - __main__ - INFO - Round 6 finished. Loss: 1.4773, Acc: 57.88%
[33mserver_1      |[0m INFO:__main__:Received update from client_007
[33mserver_1      |[0m INFO:werkzeug:172.18.0.21 - - [26/Jan/2026 02:47:48] "POST /submit_update HTTP/1.1" 200 -
[32;1mclient_007_1  |[0m 2026-01-26 02:47:48,944 - __main__ - INFO - 🚀 Model update submitted successfully.
[32;1mclient_007_1  |[0m 2026-01-26 02:47:48,945 - __main__ - INFO - Update submitted for Round 6. Waiting...
[32mclient_002_1  |[0m 2026-01-26 02:47:48,984 - __main__ - INFO - --- New Round Detected: 6 ---
[33mserver_1      |[0m INFO:werkzeug:172.18.0.17 - - [26/Jan/2026 02:47:49] "GET /download_model?round=6 HTTP/1.1" 200 -
[36mclient_010_1  |[0m 2026-01-26 02:47:49,425 - __main__ - INFO - --- New Round Detected: 6 ---
[33mserver_1      |[0m INFO:werkzeug:172.18.0.13 - - [26/Jan/2026 02:47:49] "GET /download_model?round=6 HTTP/1.1" 200 -
[36mclient_010_1  |[0m 2026-01-26 02:47:49,986 - __main__ - INFO - Round 6 finished. Loss: 0.7604, Acc: 95.45%
[33mserver_1      |[0m INFO:__main__:Received update from client_010
[33mserver_1      |[0m INFO:werkzeug:172.18.0.13 - - [26/Jan/2026 02:47:50] "POST /submit_update HTTP/1.1" 200 -
[36mclient_010_1  |[0m 2026-01-26 02:47:50,124 - __main__ - INFO - 🚀 Model update submitted successfully.
[36mclient_010_1  |[0m 2026-01-26 02:47:50,124 - __main__ - INFO - Update submitted for Round 6. Waiting...
[32mclient_002_1  |[0m 2026-01-26 02:47:50,203 - __main__ - INFO - Round 6 finished. Loss: 0.6806, Acc: 91.01%
[33mserver_1      |[0m INFO:__main__:Received update from client_002
[33mserver_1      |[0m INFO:werkzeug:172.18.0.17 - - [26/Jan/2026 02:47:50] "POST /submit_update HTTP/1.1" 200 -
[32mclient_002_1  |[0m 2026-01-26 02:47:50,349 - __main__ - INFO - 🚀 Model update submitted successfully.
[32mclient_002_1  |[0m 2026-01-26 02:47:50,349 - __main__ - INFO - Update submitted for Round 6. Waiting...
[36;1mclient_005_1  |[0m 2026-01-26 02:47:50,430 - __main__ - INFO - --- New Round Detected: 6 ---
[33mserver_1      |[0m INFO:werkzeug:172.18.0.22 - - [26/Jan/2026 02:47:50] "GET /download_model?round=6 HTTP/1.1" 200 -
[35;1mclient_008_1  |[0m 2026-01-26 02:47:51,315 - __main__ - INFO - --- New Round Detected: 6 ---
[33mserver_1      |[0m INFO:werkzeug:172.18.0.18 - - [26/Jan/2026 02:47:51] "GET /download_model?round=6 HTTP/1.1" 200 -
[34mclient_004_1  |[0m 2026-01-26 02:47:52,021 - __main__ - INFO - Round 6 finished. Loss: 0.6146, Acc: 90.70%
[33mserver_1      |[0m INFO:__main__:Received update from client_004
[33mserver_1      |[0m INFO:__main__:--- Aggregating 5 updates ---
[33mserver_1      |[0m INFO:__main__:⚡ Using Custom Aggregator with Drift Metric...
[33mserver_1      |[0m INFO:server.aggregator:Starting FedAvg aggregation for 5 clients.
[36;1mclient_005_1  |[0m 2026-01-26 02:47:52,212 - __main__ - INFO - Round 6 finished. Loss: 0.4907, Acc: 93.78%
[33mserver_1      |[0m INFO:werkzeug:172.18.0.22 - - [26/Jan/2026 02:47:52] "[31m[1mPOST /submit_update HTTP/1.1[0m" 400 -
[34;1mclient_009_1  |[0m 2026-01-26 02:47:52,280 - __main__ - INFO - --- New Round Detected: 6 ---
[36;1mclient_005_1  |[0m 2026-01-26 02:47:52,282 - __main__ - ERROR - Update submission failed: {"error":"Not accepting updates"}
[36;1mclient_005_1  |[0m 
[36;1mclient_005_1  |[0m 2026-01-26 02:47:52,282 - __main__ - INFO - Update submitted for Round 6. Waiting...
[33mserver_1      |[0m INFO:werkzeug:172.18.0.19 - - [26/Jan/2026 02:47:52] "GET /download_model?round=6 HTTP/1.1" 200 -
[35;1mclient_008_1  |[0m 2026-01-26 02:47:52,488 - __main__ - INFO - Round 6 finished. Loss: 0.7459, Acc: 93.59%
[33mserver_1      |[0m INFO:werkzeug:172.18.0.18 - - [26/Jan/2026 02:47:52] "[31m[1mPOST /submit_update HTTP/1.1[0m" 400 -
[35;1mclient_008_1  |[0m 2026-01-26 02:47:52,579 - __main__ - ERROR - Update submission failed: {"error":"Not accepting updates"}
[35;1mclient_008_1  |[0m 
[35;1mclient_008_1  |[0m 2026-01-26 02:47:52,579 - __main__ - INFO - Update submitted for Round 6. Waiting...
[33mclient_001_1  |[0m 2026-01-26 02:47:52,760 - __main__ - INFO - --- New Round Detected: 6 ---
[33mserver_1      |[0m INFO:werkzeug:172.18.0.15 - - [26/Jan/2026 02:47:52] "GET /download_model?round=6 HTTP/1.1" 200 -
[33mclient_001_1  |[0m 2026-01-26 02:47:53,301 - __main__ - INFO - Round 6 finished. Loss: 0.6398, Acc: 95.79%
[33mserver_1      |[0m INFO:werkzeug:172.18.0.15 - - [26/Jan/2026 02:47:53] "[31m[1mPOST /submit_update HTTP/1.1[0m" 400 -
[33mclient_001_1  |[0m 2026-01-26 02:47:53,366 - __main__ - ERROR - Update submission failed: {"error":"Not accepting updates"}
[33mclient_001_1  |[0m 
[33mclient_001_1  |[0m 2026-01-26 02:47:53,366 - __main__ - INFO - Update submitted for Round 6. Waiting...
[34;1mclient_009_1  |[0m 2026-01-26 02:47:53,508 - __main__ - INFO - Round 6 finished. Loss: 1.1881, Acc: 67.82%
[33mserver_1      |[0m INFO:werkzeug:172.18.0.19 - - [26/Jan/2026 02:47:53] "[31m[1mPOST /submit_update HTTP/1.1[0m" 400 -
[34;1mclient_009_1  |[0m 2026-01-26 02:47:53,573 - __main__ - ERROR - Update submission failed: {"error":"Not accepting updates"}
[34;1mclient_009_1  |[0m 
[34;1mclient_009_1  |[0m 2026-01-26 02:47:53,573 - __main__ - INFO - Update submitted for Round 6. Waiting...
[35mclient_003_1  |[0m 2026-01-26 02:47:53,587 - __main__ - INFO - Round 6 finished. Loss: 0.9725, Acc: 76.92%
[33mserver_1      |[0m INFO:werkzeug:172.18.0.16 - - [26/Jan/2026 02:47:53] "[31m[1mPOST /submit_update HTTP/1.1[0m" 400 -
[35mclient_003_1  |[0m 2026-01-26 02:47:53,659 - __main__ - ERROR - Update submission failed: {"error":"Not accepting updates"}
[35mclient_003_1  |[0m 
[35mclient_003_1  |[0m 2026-01-26 02:47:53,659 - __main__ - INFO - Update submitted for Round 6. Waiting...
[33mserver_1      |[0m INFO:server.aggregator:--- [METRIC] Weight Divergence: 1.5930
[33mserver_1      |[0m INFO:server.aggregator:FedAvg aggregation complete.
[33mserver_1      |[0m INFO:__main__:Aggregation complete.
[33mserver_1      |[0m ⏱️ [TIME] Client client_006 finished training in 0.01s
[33mserver_1      |[0m ⏱️ [TIME] Client client_007 finished training in 0.11s
[33mserver_1      |[0m ⏱️ [TIME] Client client_010 finished training in 0.29s
[33mserver_1      |[0m ⏱️ [TIME] Client client_002 finished training in 0.92s
[33mserver_1      |[0m ⏱️ [TIME] Client client_004 finished training in 3.17s
[33mserver_1      |[0m DEBUG: ⚠️ MY CUSTOM AGGREGATOR IS RUNNING ⚠️
[33mserver_1      |[0m INFO:__main__:--- Round 6 Acc: 35.65%, Loss: 1.9251 ---
[33mserver_1      |[0m INFO:__main__:--- Starting Round 7. Timeout: 300s ---
[33mserver_1      |[0m INFO:werkzeug:172.18.0.20 - - [26/Jan/2026 02:47:55] "POST /submit_update HTTP/1.1" 200 -
[34mclient_004_1  |[0m 2026-01-26 02:47:55,304 - __main__ - INFO - 🚀 Model update submitted successfully.
[34mclient_004_1  |[0m 2026-01-26 02:47:55,304 - __main__ - INFO - Update submitted for Round 6. Waiting...
[32;1mclient_007_1  |[0m 2026-01-26 02:47:59,012 - __main__ - INFO - --- New Round Detected: 7 ---
[33mserver_1      |[0m INFO:werkzeug:172.18.0.21 - - [26/Jan/2026 02:47:59] "GET /download_model?round=7 HTTP/1.1" 200 -
[32;1mclient_007_1  |[0m 2026-01-26 02:47:59,342 - __main__ - INFO - Round 7 finished. Loss: 1.3656, Acc: 59.16%
[33mserver_1      |[0m INFO:__main__:Received update from client_007
[33mserver_1      |[0m INFO:werkzeug:172.18.0.21 - - [26/Jan/2026 02:47:59] "POST /submit_update HTTP/1.1" 200 -
[32;1mclient_007_1  |[0m 2026-01-26 02:47:59,478 - __main__ - INFO - 🚀 Model update submitted successfully.
[32;1mclient_007_1  |[0m 2026-01-26 02:47:59,478 - __main__ - INFO - Update submitted for Round 7. Waiting...
[36mclient_010_1  |[0m 2026-01-26 02:48:00,188 - __main__ - INFO - --- New Round Detected: 7 ---
[33mserver_1      |[0m INFO:werkzeug:172.18.0.13 - - [26/Jan/2026 02:48:00] "GET /download_model?round=7 HTTP/1.1" 200 -
[32mclient_002_1  |[0m 2026-01-26 02:48:00,422 - __main__ - INFO - --- New Round Detected: 7 ---
[33mserver_1      |[0m INFO:werkzeug:172.18.0.17 - - [26/Jan/2026 02:48:00] "GET /download_model?round=7 HTTP/1.1" 200 -
[36mclient_010_1  |[0m 2026-01-26 02:48:00,546 - __main__ - INFO - Round 7 finished. Loss: 0.7072, Acc: 96.19%
[33mserver_1      |[0m INFO:__main__:Received update from client_010
[33mserver_1      |[0m INFO:werkzeug:172.18.0.13 - - [26/Jan/2026 02:48:00] "POST /submit_update HTTP/1.1" 200 -
[36mclient_010_1  |[0m 2026-01-26 02:48:00,682 - __main__ - INFO - 🚀 Model update submitted successfully.
[36mclient_010_1  |[0m 2026-01-26 02:48:00,682 - __main__ - INFO - Update submitted for Round 7. Waiting...
[32mclient_002_1  |[0m 2026-01-26 02:48:01,472 - __main__ - INFO - Round 7 finished. Loss: 0.6584, Acc: 93.28%
[33mserver_1      |[0m INFO:__main__:Received update from client_002
[33mserver_1      |[0m INFO:werkzeug:172.18.0.17 - - [26/Jan/2026 02:48:01] "POST /submit_update HTTP/1.1" 200 -
[32mclient_002_1  |[0m 2026-01-26 02:48:01,606 - __main__ - INFO - 🚀 Model update submitted successfully.
[32mclient_002_1  |[0m 2026-01-26 02:48:01,606 - __main__ - INFO - Update submitted for Round 7. Waiting...
[36;1mclient_005_1  |[0m 2026-01-26 02:48:02,343 - __main__ - INFO - --- New Round Detected: 7 ---
[33mserver_1      |[0m INFO:werkzeug:172.18.0.22 - - [26/Jan/2026 02:48:02] "GET /download_model?round=7 HTTP/1.1" 200 -
[35;1mclient_008_1  |[0m 2026-01-26 02:48:02,640 - __main__ - INFO - --- New Round Detected: 7 ---
[33mserver_1      |[0m INFO:werkzeug:172.18.0.18 - - [26/Jan/2026 02:48:02] "GET /download_model?round=7 HTTP/1.1" 200 -
[33mclient_001_1  |[0m 2026-01-26 02:48:03,439 - __main__ - INFO - --- New Round Detected: 7 ---
[33mserver_1      |[0m INFO:werkzeug:172.18.0.15 - - [26/Jan/2026 02:48:03] "GET /download_model?round=7 HTTP/1.1" 200 -
[34;1mclient_009_1  |[0m 2026-01-26 02:48:03,637 - __main__ - INFO - --- New Round Detected: 7 ---
[33mserver_1      |[0m INFO:werkzeug:172.18.0.19 - - [26/Jan/2026 02:48:03] "GET /download_model?round=7 HTTP/1.1" 200 -
[35mclient_003_1  |[0m 2026-01-26 02:48:03,730 - __main__ - INFO - --- New Round Detected: 7 ---
[35;1mclient_008_1  |[0m 2026-01-26 02:48:03,741 - __main__ - INFO - Round 7 finished. Loss: 0.8728, Acc: 93.49%
[33mserver_1      |[0m INFO:werkzeug:172.18.0.16 - - [26/Jan/2026 02:48:03] "GET /download_model?round=7 HTTP/1.1" 200 -
[33mserver_1      |[0m INFO:__main__:Received update from client_008
[33mserver_1      |[0m INFO:werkzeug:172.18.0.18 - - [26/Jan/2026 02:48:03] "POST /submit_update HTTP/1.1" 200 -
[35;1mclient_008_1  |[0m 2026-01-26 02:48:03,898 - __main__ - INFO - 🚀 Model update submitted successfully.
[35;1mclient_008_1  |[0m 2026-01-26 02:48:03,898 - __main__ - INFO - Update submitted for Round 7. Waiting...
[33mclient_001_1  |[0m 2026-01-26 02:48:03,913 - __main__ - INFO - Round 7 finished. Loss: 0.5810, Acc: 96.44%
[36;1mclient_005_1  |[0m 2026-01-26 02:48:04,007 - __main__ - INFO - Round 7 finished. Loss: 0.4690, Acc: 94.53%
[33mserver_1      |[0m INFO:__main__:Received update from client_001
[33mserver_1      |[0m INFO:__main__:--- Aggregating 5 updates ---
[33mserver_1      |[0m INFO:__main__:⚡ Using Custom Aggregator with Drift Metric...
[33mserver_1      |[0m INFO:server.aggregator:Starting FedAvg aggregation for 5 clients.
[33mserver_1      |[0m INFO:werkzeug:172.18.0.22 - - [26/Jan/2026 02:48:04] "[31m[1mPOST /submit_update HTTP/1.1[0m" 400 -
[36;1mclient_005_1  |[0m 2026-01-26 02:48:04,074 - __main__ - ERROR - Update submission failed: {"error":"Not accepting updates"}
[36;1mclient_005_1  |[0m 
[36;1mclient_005_1  |[0m 2026-01-26 02:48:04,074 - __main__ - INFO - Update submitted for Round 7. Waiting...
[33;1mclient_006_1  |[0m 2026-01-26 02:48:05,267 - __main__ - INFO - --- New Round Detected: 7 ---
[33mserver_1      |[0m INFO:server.aggregator:--- [METRIC] Weight Divergence: 0.8715
[33mserver_1      |[0m INFO:server.aggregator:FedAvg aggregation complete.
[33mserver_1      |[0m INFO:__main__:Aggregation complete.
[33mserver_1      |[0m INFO:werkzeug:172.18.0.14 - - [26/Jan/2026 02:48:05] "GET /download_model?round=7 HTTP/1.1" 200 -
[33mserver_1      |[0m ⏱️ [TIME] Client client_007 finished training in 0.11s
[33mserver_1      |[0m ⏱️ [TIME] Client client_010 finished training in 0.12s
[33mserver_1      |[0m ⏱️ [TIME] Client client_002 finished training in 0.76s
[33mserver_1      |[0m ⏱️ [TIME] Client client_008 finished training in 0.64s
[33mserver_1      |[0m ⏱️ [TIME] Client client_001 finished training in 0.26s
[33mserver_1      |[0m DEBUG: ⚠️ MY CUSTOM AGGREGATOR IS RUNNING ⚠️
[34;1mclient_009_1  |[0m 2026-01-26 02:48:05,393 - __main__ - INFO - Round 7 finished. Loss: 1.2002, Acc: 67.38%
[34mclient_004_1  |[0m 2026-01-26 02:48:05,422 - __main__ - INFO - --- New Round Detected: 7 ---
[33mserver_1      |[0m INFO:werkzeug:172.18.0.19 - - [26/Jan/2026 02:48:05] "[31m[1mPOST /submit_update HTTP/1.1[0m" 400 -
[33;1mclient_006_1  |[0m 2026-01-26 02:48:05,439 - __main__ - INFO - Round 7 finished. Loss: 1.3659, Acc: 57.14%
[33mserver_1      |[0m INFO:werkzeug:172.18.0.20 - - [26/Jan/2026 02:48:05] "GET /download_model?round=7 HTTP/1.1" 200 -
[33mserver_1      |[0m INFO:werkzeug:172.18.0.14 - - [26/Jan/2026 02:48:05] "[31m[1mPOST /submit_update HTTP/1.1[0m" 400 -
[34;1mclient_009_1  |[0m 2026-01-26 02:48:05,471 - __main__ - ERROR - Update submission failed: {"error":"Not accepting updates"}
[34;1mclient_009_1  |[0m 
[34;1mclient_009_1  |[0m 2026-01-26 02:48:05,471 - __main__ - INFO - Update submitted for Round 7. Waiting...
[33;1mclient_006_1  |[0m 2026-01-26 02:48:05,505 - __main__ - ERROR - Update submission failed: {"error":"Not accepting updates"}
[33;1mclient_006_1  |[0m 
[33;1mclient_006_1  |[0m 2026-01-26 02:48:05,505 - __main__ - INFO - Update submitted for Round 7. Waiting...
[33mserver_1      |[0m INFO:__main__:--- Round 7 Acc: 34.44%, Loss: 1.9253 ---
[33mserver_1      |[0m INFO:__main__:--- Starting Round 8. Timeout: 300s ---
[33mserver_1      |[0m INFO:werkzeug:172.18.0.15 - - [26/Jan/2026 02:48:06] "POST /submit_update HTTP/1.1" 200 -
[33mclient_001_1  |[0m 2026-01-26 02:48:06,493 - __main__ - INFO - 🚀 Model update submitted successfully.
[33mclient_001_1  |[0m 2026-01-26 02:48:06,493 - __main__ - INFO - Update submitted for Round 7. Waiting...
[34mclient_004_1  |[0m 2026-01-26 02:48:09,043 - __main__ - INFO - Round 7 finished. Loss: 0.5377, Acc: 92.83%
[33mserver_1      |[0m INFO:__main__:Received update from client_004
[33mserver_1      |[0m INFO:werkzeug:172.18.0.20 - - [26/Jan/2026 02:48:09] "POST /submit_update HTTP/1.1" 200 -
[34mclient_004_1  |[0m 2026-01-26 02:48:09,177 - __main__ - INFO - 🚀 Model update submitted successfully.
[34mclient_004_1  |[0m 2026-01-26 02:48:09,177 - __main__ - INFO - Update submitted for Round 7. Waiting...
[32;1mclient_007_1  |[0m 2026-01-26 02:48:09,541 - __main__ - INFO - --- New Round Detected: 8 ---
[33mserver_1      |[0m INFO:werkzeug:172.18.0.21 - - [26/Jan/2026 02:48:09] "GET /download_model?round=8 HTTP/1.1" 200 -
[32;1mclient_007_1  |[0m 2026-01-26 02:48:09,816 - __main__ - INFO - Round 8 finished. Loss: 1.1458, Acc: 60.07%
[33mserver_1      |[0m INFO:__main__:Received update from client_007
[33mserver_1      |[0m INFO:werkzeug:172.18.0.21 - - [26/Jan/2026 02:48:09] "POST /submit_update HTTP/1.1" 200 -
[32;1mclient_007_1  |[0m 2026-01-26 02:48:09,949 - __main__ - INFO - 🚀 Model update submitted successfully.
[32;1mclient_007_1  |[0m 2026-01-26 02:48:09,950 - __main__ - INFO - Update submitted for Round 8. Waiting...
[36mclient_010_1  |[0m 2026-01-26 02:48:10,780 - __main__ - INFO - --- New Round Detected: 8 ---
[33mserver_1      |[0m INFO:werkzeug:172.18.0.13 - - [26/Jan/2026 02:48:10] "GET /download_model?round=8 HTTP/1.1" 200 -
[36mclient_010_1  |[0m 2026-01-26 02:48:11,176 - __main__ - INFO - Round 8 finished. Loss: 0.3818, Acc: 97.54%
[33mserver_1      |[0m INFO:__main__:Received update from client_010
[33mserver_1      |[0m INFO:werkzeug:172.18.0.13 - - [26/Jan/2026 02:48:11] "POST /submit_update HTTP/1.1" 200 -
[36mclient_010_1  |[0m 2026-01-26 02:48:11,342 - __main__ - INFO - 🚀 Model update submitted successfully.
[36mclient_010_1  |[0m 2026-01-26 02:48:11,342 - __main__ - INFO - Update submitted for Round 8. Waiting...
[35mclient_003_1  |[0m 2026-01-26 02:48:11,555 - __main__ - INFO - Round 7 finished. Loss: 1.0666, Acc: 75.95%
[33mserver_1      |[0m INFO:__main__:Received update from client_003
[33mserver_1      |[0m INFO:werkzeug:172.18.0.16 - - [26/Jan/2026 02:48:11] "POST /submit_update HTTP/1.1" 200 -
[32mclient_002_1  |[0m 2026-01-26 02:48:11,667 - __main__ - INFO - --- New Round Detected: 8 ---
[33mserver_1      |[0m INFO:werkzeug:172.18.0.17 - - [26/Jan/2026 02:48:11] "GET /download_model?round=8 HTTP/1.1" 200 -
[35mclient_003_1  |[0m 2026-01-26 02:48:11,690 - __main__ - INFO - 🚀 Model update submitted successfully.
[35mclient_003_1  |[0m 2026-01-26 02:48:11,691 - __main__ - INFO - Update submitted for Round 7. Waiting...
[32mclient_002_1  |[0m 2026-01-26 02:48:12,440 - __main__ - INFO - Round 8 finished. Loss: 0.4041, Acc: 93.18%
[33mserver_1      |[0m INFO:__main__:Received update from client_002
[33mserver_1      |[0m INFO:__main__:--- Aggregating 5 updates ---
[33mserver_1      |[0m INFO:__main__:⚡ Using Custom Aggregator with Drift Metric...
[33mserver_1      |[0m INFO:server.aggregator:Starting FedAvg aggregation for 5 clients.
[33mserver_1      |[0m INFO:server.aggregator:--- [METRIC] Weight Divergence: 2.1886
[33mserver_1      |[0m INFO:server.aggregator:FedAvg aggregation complete.
[33mserver_1      |[0m INFO:__main__:Aggregation complete.
[33mserver_1      |[0m ⏱️ [TIME] Client client_004 finished training in 2.84s
[33mserver_1      |[0m ⏱️ [TIME] Client client_007 finished training in 0.09s
[33mserver_1      |[0m ⏱️ [TIME] Client client_010 finished training in 0.16s
[33mserver_1      |[0m ⏱️ [TIME] Client client_003 finished training in 6.31s
[33mserver_1      |[0m ⏱️ [TIME] Client client_002 finished training in 0.57s
[33mserver_1      |[0m DEBUG: ⚠️ MY CUSTOM AGGREGATOR IS RUNNING ⚠️
[35;1mclient_008_1  |[0m 2026-01-26 02:48:14,040 - __main__ - INFO - --- New Round Detected: 8 ---
[33mserver_1      |[0m INFO:werkzeug:172.18.0.18 - - [26/Jan/2026 02:48:14] "GET /download_model?round=8 HTTP/1.1" 200 -
[36;1mclient_005_1  |[0m 2026-01-26 02:48:14,439 - __main__ - INFO - --- New Round Detected: 8 ---
[33mserver_1      |[0m INFO:werkzeug:172.18.0.22 - - [26/Jan/2026 02:48:14] "GET /download_model?round=8 HTTP/1.1" 200 -
[33mserver_1      |[0m INFO:__main__:--- Round 8 Acc: 40.84%, Loss: 1.6995 ---
[33mserver_1      |[0m INFO:__main__:--- Starting Round 9. Timeout: 300s ---
[33mserver_1      |[0m INFO:werkzeug:172.18.0.17 - - [26/Jan/2026 02:48:15] "POST /submit_update HTTP/1.1" 200 -
[35;1mclient_008_1  |[0m 2026-01-26 02:48:15,195 - __main__ - INFO - Round 8 finished. Loss: 0.4200, Acc: 94.38%
[32mclient_002_1  |[0m 2026-01-26 02:48:15,207 - __main__ - INFO - 🚀 Model update submitted successfully.
[32mclient_002_1  |[0m 2026-01-26 02:48:15,207 - __main__ - INFO - Update submitted for Round 8. Waiting...
[33mserver_1      |[0m INFO:__main__:Received update from client_008
[33mserver_1      |[0m INFO:werkzeug:172.18.0.18 - - [26/Jan/2026 02:48:15] "POST /submit_update HTTP/1.1" 200 -
[35;1mclient_008_1  |[0m 2026-01-26 02:48:15,330 - __main__ - INFO - 🚀 Model update submitted successfully.
[35;1mclient_008_1  |[0m 2026-01-26 02:48:15,330 - __main__ - INFO - Update submitted for Round 8. Waiting...
[34;1mclient_009_1  |[0m 2026-01-26 02:48:15,534 - __main__ - INFO - --- New Round Detected: 9 ---
[33mserver_1      |[0m INFO:werkzeug:172.18.0.19 - - [26/Jan/2026 02:48:15] "GET /download_model?round=9 HTTP/1.1" 200 -
[33;1mclient_006_1  |[0m 2026-01-26 02:48:15,567 - __main__ - INFO - --- New Round Detected: 9 ---
[33mserver_1      |[0m INFO:werkzeug:172.18.0.14 - - [26/Jan/2026 02:48:15] "GET /download_model?round=9 HTTP/1.1" 200 -
[36;1mclient_005_1  |[0m 2026-01-26 02:48:15,641 - __main__ - INFO - Round 8 finished. Loss: 0.4851, Acc: 93.47%
[33;1mclient_006_1  |[0m 2026-01-26 02:48:15,705 - __main__ - INFO - Round 9 finished. Loss: 1.1424, Acc: 57.14%
[33mserver_1      |[0m INFO:__main__:Received update from client_005
[33mserver_1      |[0m INFO:werkzeug:172.18.0.22 - - [26/Jan/2026 02:48:15] "POST /submit_update HTTP/1.1" 200 -
[36;1mclient_005_1  |[0m 2026-01-26 02:48:15,774 - __main__ - INFO - 🚀 Model update submitted successfully.
[36;1mclient_005_1  |[0m 2026-01-26 02:48:15,774 - __main__ - INFO - Update submitted for Round 8. Waiting...
[33mserver_1      |[0m INFO:__main__:Received update from client_006
[33mserver_1      |[0m INFO:werkzeug:172.18.0.14 - - [26/Jan/2026 02:48:15] "POST /submit_update HTTP/1.1" 200 -
[33;1mclient_006_1  |[0m 2026-01-26 02:48:15,842 - __main__ - INFO - 🚀 Model update submitted successfully.
[33;1mclient_006_1  |[0m 2026-01-26 02:48:15,842 - __main__ - INFO - Update submitted for Round 9. Waiting...
[33mclient_001_1  |[0m 2026-01-26 02:48:16,554 - __main__ - INFO - --- New Round Detected: 9 ---
[33mserver_1      |[0m INFO:werkzeug:172.18.0.15 - - [26/Jan/2026 02:48:16] "GET /download_model?round=9 HTTP/1.1" 200 -
[33mclient_001_1  |[0m 2026-01-26 02:48:16,990 - __main__ - INFO - Round 9 finished. Loss: 0.5472, Acc: 94.50%
[33mserver_1      |[0m INFO:__main__:Received update from client_001
[33mserver_1      |[0m INFO:werkzeug:172.18.0.15 - - [26/Jan/2026 02:48:17] "POST /submit_update HTTP/1.1" 200 -
[33mclient_001_1  |[0m 2026-01-26 02:48:17,167 - __main__ - INFO - 🚀 Model update submitted successfully.
[33mclient_001_1  |[0m 2026-01-26 02:48:17,168 - __main__ - INFO - Update submitted for Round 9. Waiting...
[34;1mclient_009_1  |[0m 2026-01-26 02:48:17,311 - __main__ - INFO - Round 9 finished. Loss: 1.1320, Acc: 67.68%
[33mserver_1      |[0m INFO:__main__:Received update from client_009
[33mserver_1      |[0m INFO:__main__:--- Aggregating 5 updates ---
[33mserver_1      |[0m INFO:__main__:⚡ Using Custom Aggregator with Drift Metric...
[33mserver_1      |[0m INFO:server.aggregator:Starting FedAvg aggregation for 5 clients.
[33mserver_1      |[0m INFO:server.aggregator:--- [METRIC] Weight Divergence: 1.5396
[33mserver_1      |[0m INFO:server.aggregator:FedAvg aggregation complete.
[33mserver_1      |[0m INFO:__main__:Aggregation complete.
[33mserver_1      |[0m ⏱️ [TIME] Client client_008 finished training in 0.68s
[33mserver_1      |[0m ⏱️ [TIME] Client client_005 finished training in 0.78s
[33mserver_1      |[0m ⏱️ [TIME] Client client_006 finished training in 0.01s
[33mserver_1      |[0m ⏱️ [TIME] Client client_001 finished training in 0.26s
[33mserver_1      |[0m ⏱️ [TIME] Client client_009 finished training in 1.06s
[33mserver_1      |[0m DEBUG: ⚠️ MY CUSTOM AGGREGATOR IS RUNNING ⚠️
[34mclient_004_1  |[0m 2026-01-26 02:48:19,258 - __main__ - INFO - --- New Round Detected: 9 ---
[33mserver_1      |[0m INFO:werkzeug:172.18.0.20 - - [26/Jan/2026 02:48:19] "GET /download_model?round=9 HTTP/1.1" 200 -
[33mserver_1      |[0m INFO:__main__:--- Round 9 Acc: 37.68%, Loss: 1.8449 ---
[33mserver_1      |[0m INFO:__main__:--- Starting Round 10. Timeout: 300s ---
[33mserver_1      |[0m INFO:werkzeug:172.18.0.19 - - [26/Jan/2026 02:48:19] "POST /submit_update HTTP/1.1" 200 -
[34;1mclient_009_1  |[0m 2026-01-26 02:48:19,861 - __main__ - INFO - 🚀 Model update submitted successfully.
[34;1mclient_009_1  |[0m 2026-01-26 02:48:19,862 - __main__ - INFO - Update submitted for Round 9. Waiting...
[32;1mclient_007_1  |[0m 2026-01-26 02:48:20,013 - __main__ - INFO - --- New Round Detected: 10 ---
[33mserver_1      |[0m INFO:werkzeug:172.18.0.21 - - [26/Jan/2026 02:48:20] "GET /download_model?round=10 HTTP/1.1" 200 -
[32;1mclient_007_1  |[0m 2026-01-26 02:48:20,384 - __main__ - INFO - Round 10 finished. Loss: 1.3521, Acc: 60.07%
[33mserver_1      |[0m INFO:__main__:Received update from client_007
[33mserver_1      |[0m INFO:werkzeug:172.18.0.21 - - [26/Jan/2026 02:48:20] "POST /submit_update HTTP/1.1" 200 -
[32;1mclient_007_1  |[0m 2026-01-26 02:48:20,539 - __main__ - INFO - 🚀 Model update submitted successfully.
[32;1mclient_007_1  |[0m 2026-01-26 02:48:20,540 - __main__ - INFO - Update submitted for Round 10. Waiting...
[36mclient_010_1  |[0m 2026-01-26 02:48:21,403 - __main__ - INFO - --- New Round Detected: 10 ---
[33mserver_1      |[0m INFO:werkzeug:172.18.0.13 - - [26/Jan/2026 02:48:21] "GET /download_model?round=10 HTTP/1.1" 200 -
[34mclient_004_1  |[0m 2026-01-26 02:48:21,619 - __main__ - INFO - Round 9 finished. Loss: 0.5649, Acc: 92.62%
[36mclient_010_1  |[0m 2026-01-26 02:48:21,716 - __main__ - INFO - Round 10 finished. Loss: 0.5803, Acc: 96.06%
[33mserver_1      |[0m INFO:__main__:Received update from client_004
[33mserver_1      |[0m INFO:werkzeug:172.18.0.20 - - [26/Jan/2026 02:48:21] "POST /submit_update HTTP/1.1" 200 -
[35mclient_003_1  |[0m 2026-01-26 02:48:21,755 - __main__ - INFO - --- New Round Detected: 10 ---
[34mclient_004_1  |[0m 2026-01-26 02:48:21,776 - __main__ - INFO - 🚀 Model update submitted successfully.
[34mclient_004_1  |[0m 2026-01-26 02:48:21,776 - __main__ - INFO - Update submitted for Round 9. Waiting...
[33mserver_1      |[0m INFO:werkzeug:172.18.0.16 - - [26/Jan/2026 02:48:21] "GET /download_model?round=10 HTTP/1.1" 200 -
[33mserver_1      |[0m INFO:__main__:Received update from client_010
[33mserver_1      |[0m INFO:werkzeug:172.18.0.13 - - [26/Jan/2026 02:48:21] "POST /submit_update HTTP/1.1" 200 -
[36mclient_010_1  |[0m 2026-01-26 02:48:21,850 - __main__ - INFO - 🚀 Model update submitted successfully.
[36mclient_010_1  |[0m 2026-01-26 02:48:21,850 - __main__ - INFO - Update submitted for Round 10. Waiting...
[32mclient_002_1  |[0m 2026-01-26 02:48:25,285 - __main__ - INFO - --- New Round Detected: 10 ---
[33mserver_1      |[0m INFO:werkzeug:172.18.0.17 - - [26/Jan/2026 02:48:25] "GET /download_model?round=10 HTTP/1.1" 200 -
[35;1mclient_008_1  |[0m 2026-01-26 02:48:25,410 - __main__ - INFO - --- New Round Detected: 10 ---
[33mserver_1      |[0m INFO:werkzeug:172.18.0.18 - - [26/Jan/2026 02:48:25] "GET /download_model?round=10 HTTP/1.1" 200 -
[36;1mclient_005_1  |[0m 2026-01-26 02:48:25,842 - __main__ - INFO - --- New Round Detected: 10 ---
[33mserver_1      |[0m INFO:werkzeug:172.18.0.22 - - [26/Jan/2026 02:48:25] "GET /download_model?round=10 HTTP/1.1" 200 -
[33;1mclient_006_1  |[0m 2026-01-26 02:48:25,904 - __main__ - INFO - --- New Round Detected: 10 ---
[33mserver_1      |[0m INFO:werkzeug:172.18.0.14 - - [26/Jan/2026 02:48:25] "GET /download_model?round=10 HTTP/1.1" 200 -
[33;1mclient_006_1  |[0m 2026-01-26 02:48:26,043 - __main__ - INFO - Round 10 finished. Loss: 1.2673, Acc: 57.14%
[33mserver_1      |[0m INFO:__main__:Received update from client_006
[33mserver_1      |[0m INFO:werkzeug:172.18.0.14 - - [26/Jan/2026 02:48:26] "POST /submit_update HTTP/1.1" 200 -
[32mclient_002_1  |[0m 2026-01-26 02:48:26,171 - __main__ - INFO - Round 10 finished. Loss: 0.5073, Acc: 90.91%
[33;1mclient_006_1  |[0m 2026-01-26 02:48:26,177 - __main__ - INFO - 🚀 Model update submitted successfully.
[33;1mclient_006_1  |[0m 2026-01-26 02:48:26,177 - __main__ - INFO - Update submitted for Round 10. Waiting...
[33mserver_1      |[0m INFO:__main__:Received update from client_002
[33mserver_1      |[0m INFO:__main__:--- Aggregating 5 updates ---
[33mserver_1      |[0m INFO:__main__:⚡ Using Custom Aggregator with Drift Metric...
[33mserver_1      |[0m INFO:server.aggregator:Starting FedAvg aggregation for 5 clients.
[35;1mclient_008_1  |[0m 2026-01-26 02:48:26,645 - __main__ - INFO - Round 10 finished. Loss: 0.5250, Acc: 96.01%
[33mserver_1      |[0m INFO:werkzeug:172.18.0.18 - - [26/Jan/2026 02:48:26] "[31m[1mPOST /submit_update HTTP/1.1[0m" 400 -
[35;1mclient_008_1  |[0m 2026-01-26 02:48:26,711 - __main__ - ERROR - Update submission failed: {"error":"Not accepting updates"}
[35;1mclient_008_1  |[0m 
[35;1mclient_008_1  |[0m 2026-01-26 02:48:26,712 - __main__ - INFO - Update submitted for Round 10. Waiting...
[33mclient_001_1  |[0m 2026-01-26 02:48:27,241 - __main__ - INFO - --- New Round Detected: 10 ---
[33mserver_1      |[0m INFO:werkzeug:172.18.0.15 - - [26/Jan/2026 02:48:27] "GET /download_model?round=10 HTTP/1.1" 200 -
[36;1mclient_005_1  |[0m 2026-01-26 02:48:27,541 - __main__ - INFO - Round 10 finished. Loss: 0.4497, Acc: 95.09%
[33mserver_1      |[0m INFO:werkzeug:172.18.0.22 - - [26/Jan/2026 02:48:27] "[31m[1mPOST /submit_update HTTP/1.1[0m" 400 -
[36;1mclient_005_1  |[0m 2026-01-26 02:48:27,607 - __main__ - ERROR - Update submission failed: {"error":"Not accepting updates"}
[36;1mclient_005_1  |[0m 
[36;1mclient_005_1  |[0m 2026-01-26 02:48:27,607 - __main__ - INFO - Update submitted for Round 10. Waiting...
[33mclient_001_1  |[0m 2026-01-26 02:48:27,709 - __main__ - INFO - Round 10 finished. Loss: 0.3986, Acc: 96.44%
[33mserver_1      |[0m INFO:server.aggregator:--- [METRIC] Weight Divergence: 1.8856
[33mserver_1      |[0m INFO:server.aggregator:FedAvg aggregation complete.
[33mserver_1      |[0m INFO:__main__:Aggregation complete.
[33mserver_1      |[0m INFO:werkzeug:172.18.0.15 - - [26/Jan/2026 02:48:27] "[31m[1mPOST /submit_update HTTP/1.1[0m" 400 -
[33mserver_1      |[0m ⏱️ [TIME] Client client_007 finished training in 0.16s
[33mserver_1      |[0m ⏱️ [TIME] Client client_004 finished training in 1.80s
[33mserver_1      |[0m ⏱️ [TIME] Client client_010 finished training in 0.12s
[33mserver_1      |[0m ⏱️ [TIME] Client client_006 finished training in 0.01s
[33mserver_1      |[0m ⏱️ [TIME] Client client_002 finished training in 0.64s
[33mserver_1      |[0m DEBUG: ⚠️ MY CUSTOM AGGREGATOR IS RUNNING ⚠️
[33mclient_001_1  |[0m 2026-01-26 02:48:27,775 - __main__ - ERROR - Update submission failed: {"error":"Not accepting updates"}
[33mclient_001_1  |[0m 
[33mclient_001_1  |[0m 2026-01-26 02:48:27,775 - __main__ - INFO - Update submitted for Round 10. Waiting...
[33mserver_1      |[0m INFO:__main__:--- Round 10 Acc: 36.28%, Loss: 1.8285 ---
[33mserver_1      |[0m INFO:__main__:--- Starting Round 11. Timeout: 300s ---
[33mserver_1      |[0m INFO:werkzeug:172.18.0.17 - - [26/Jan/2026 02:48:28] "POST /submit_update HTTP/1.1" 200 -
[32mclient_002_1  |[0m 2026-01-26 02:48:28,830 - __main__ - INFO - 🚀 Model update submitted successfully.
[32mclient_002_1  |[0m 2026-01-26 02:48:28,830 - __main__ - INFO - Update submitted for Round 10. Waiting...
[35mclient_003_1  |[0m 2026-01-26 02:48:29,301 - __main__ - INFO - Round 10 finished. Loss: 0.8668, Acc: 79.48%
[33mserver_1      |[0m INFO:__main__:Received update from client_003
[33mserver_1      |[0m INFO:werkzeug:172.18.0.16 - - [26/Jan/2026 02:48:29] "POST /submit_update HTTP/1.1" 200 -
[35mclient_003_1  |[0m 2026-01-26 02:48:29,438 - __main__ - INFO - 🚀 Model update submitted successfully.
[35mclient_003_1  |[0m 2026-01-26 02:48:29,438 - __main__ - INFO - Update submitted for Round 10. Waiting...
[34;1mclient_009_1  |[0m 2026-01-26 02:48:29,923 - __main__ - INFO - --- New Round Detected: 11 ---
[33mserver_1      |[0m INFO:werkzeug:172.18.0.19 - - [26/Jan/2026 02:48:29] "GET /download_model?round=11 HTTP/1.1" 200 -
[32;1mclient_007_1  |[0m 2026-01-26 02:48:30,607 - __main__ - INFO - --- New Round Detected: 11 ---
[33mserver_1      |[0m INFO:werkzeug:172.18.0.21 - - [26/Jan/2026 02:48:30] "GET /download_model?round=11 HTTP/1.1" 200 -
[32;1mclient_007_1  |[0m 2026-01-26 02:48:31,008 - __main__ - INFO - Round 11 finished. Loss: 1.2240, Acc: 67.58%
[33mserver_1      |[0m INFO:__main__:Received update from client_007
[33mserver_1      |[0m INFO:werkzeug:172.18.0.21 - - [26/Jan/2026 02:48:31] "POST /submit_update HTTP/1.1" 200 -
[32;1mclient_007_1  |[0m 2026-01-26 02:48:31,155 - __main__ - INFO - 🚀 Model update submitted successfully.
[32;1mclient_007_1  |[0m 2026-01-26 02:48:31,155 - __main__ - INFO - Update submitted for Round 11. Waiting...
[34;1mclient_009_1  |[0m 2026-01-26 02:48:31,788 - __main__ - INFO - Round 11 finished. Loss: 1.1767, Acc: 69.81%
[34mclient_004_1  |[0m 2026-01-26 02:48:31,843 - __main__ - INFO - --- New Round Detected: 11 ---
[33mserver_1      |[0m INFO:werkzeug:172.18.0.20 - - [26/Jan/2026 02:48:31] "GET /download_model?round=11 HTTP/1.1" 200 -
[33mserver_1      |[0m INFO:__main__:Received update from client_009
[33mserver_1      |[0m INFO:werkzeug:172.18.0.19 - - [26/Jan/2026 02:48:31] "POST /submit_update HTTP/1.1" 200 -
[34;1mclient_009_1  |[0m 2026-01-26 02:48:31,923 - __main__ - INFO - 🚀 Model update submitted successfully.
[34;1mclient_009_1  |[0m 2026-01-26 02:48:31,924 - __main__ - INFO - Update submitted for Round 11. Waiting...
[36mclient_010_1  |[0m 2026-01-26 02:48:31,943 - __main__ - INFO - --- New Round Detected: 11 ---
[33mserver_1      |[0m INFO:werkzeug:172.18.0.13 - - [26/Jan/2026 02:48:31] "GET /download_model?round=11 HTTP/1.1" 200 -
[36mclient_010_1  |[0m 2026-01-26 02:48:32,260 - __main__ - INFO - Round 11 finished. Loss: 0.7415, Acc: 96.06%
[33mserver_1      |[0m INFO:__main__:Received update from client_010
[33mserver_1      |[0m INFO:werkzeug:172.18.0.13 - - [26/Jan/2026 02:48:32] "POST /submit_update HTTP/1.1" 200 -
[36mclient_010_1  |[0m 2026-01-26 02:48:32,416 - __main__ - INFO - 🚀 Model update submitted successfully.
[36mclient_010_1  |[0m 2026-01-26 02:48:32,417 - __main__ - INFO - Update submitted for Round 11. Waiting...
[34mclient_004_1  |[0m 2026-01-26 02:48:33,736 - __main__ - INFO - Round 11 finished. Loss: 0.4000, Acc: 97.25%
[33mserver_1      |[0m INFO:__main__:Received update from client_004
[33mserver_1      |[0m INFO:__main__:--- Aggregating 5 updates ---
[33mserver_1      |[0m INFO:__main__:⚡ Using Custom Aggregator with Drift Metric...
[33mserver_1      |[0m INFO:server.aggregator:Starting FedAvg aggregation for 5 clients.
[33mserver_1      |[0m INFO:server.aggregator:--- [METRIC] Weight Divergence: 2.0883
[33mserver_1      |[0m INFO:server.aggregator:FedAvg aggregation complete.
[33mserver_1      |[0m INFO:__main__:Aggregation complete.
[33mserver_1      |[0m ⏱️ [TIME] Client client_003 finished training in 6.02s
[33mserver_1      |[0m ⏱️ [TIME] Client client_007 finished training in 0.18s
[33mserver_1      |[0m ⏱️ [TIME] Client client_009 finished training in 1.12s
[33mserver_1      |[0m ⏱️ [TIME] Client client_010 finished training in 0.12s
[33mserver_1      |[0m ⏱️ [TIME] Client client_004 finished training in 1.42s
[33mserver_1      |[0m DEBUG: ⚠️ MY CUSTOM AGGREGATOR IS RUNNING ⚠️
[33;1mclient_006_1  |[0m 2026-01-26 02:48:36,253 - __main__ - INFO - --- New Round Detected: 11 ---
[33mserver_1      |[0m INFO:werkzeug:172.18.0.14 - - [26/Jan/2026 02:48:36] "GET /download_model?round=11 HTTP/1.1" 200 -
[33;1mclient_006_1  |[0m 2026-01-26 02:48:36,406 - __main__ - INFO - Round 11 finished. Loss: 1.2355, Acc: 64.29%
[33mserver_1      |[0m INFO:werkzeug:172.18.0.14 - - [26/Jan/2026 02:48:36] "[31m[1mPOST /submit_update HTTP/1.1[0m" 400 -
[33mserver_1      |[0m INFO:__main__:--- Round 11 Acc: 44.38%, Loss: 1.5757 ---
[33mserver_1      |[0m INFO:__main__:--- Starting Round 12. Timeout: 300s ---
[33mserver_1      |[0m INFO:werkzeug:172.18.0.20 - - [26/Jan/2026 02:48:36] "POST /submit_update HTTP/1.1" 200 -
[33;1mclient_006_1  |[0m 2026-01-26 02:48:36,470 - __main__ - ERROR - Update submission failed: {"error":"Not accepting updates"}
[33;1mclient_006_1  |[0m 
[33;1mclient_006_1  |[0m 2026-01-26 02:48:36,470 - __main__ - INFO - Update submitted for Round 11. Waiting...
[34mclient_004_1  |[0m 2026-01-26 02:48:36,480 - __main__ - INFO - 🚀 Model update submitted successfully.
[34mclient_004_1  |[0m 2026-01-26 02:48:36,480 - __main__ - INFO - Update submitted for Round 11. Waiting...
[35;1mclient_008_1  |[0m 2026-01-26 02:48:36,774 - __main__ - INFO - --- New Round Detected: 12 ---
[33mserver_1      |[0m INFO:werkzeug:172.18.0.18 - - [26/Jan/2026 02:48:36] "GET /download_model?round=12 HTTP/1.1" 200 -
[36;1mclient_005_1  |[0m 2026-01-26 02:48:37,677 - __main__ - INFO - --- New Round Detected: 12 ---
[33mserver_1      |[0m INFO:werkzeug:172.18.0.22 - - [26/Jan/2026 02:48:37] "GET /download_model?round=12 HTTP/1.1" 200 -
[35;1mclient_008_1  |[0m 2026-01-26 02:48:37,817 - __main__ - INFO - Round 12 finished. Loss: 0.4630, Acc: 96.94%
[33mclient_001_1  |[0m 2026-01-26 02:48:37,839 - __main__ - INFO - --- New Round Detected: 12 ---
[33mserver_1      |[0m INFO:werkzeug:172.18.0.15 - - [26/Jan/2026 02:48:37] "GET /download_model?round=12 HTTP/1.1" 200 -
[33mserver_1      |[0m INFO:__main__:Received update from client_008
[33mserver_1      |[0m INFO:werkzeug:172.18.0.18 - - [26/Jan/2026 02:48:37] "POST /submit_update HTTP/1.1" 200 -
[35;1mclient_008_1  |[0m 2026-01-26 02:48:37,951 - __main__ - INFO - 🚀 Model update submitted successfully.
[35;1mclient_008_1  |[0m 2026-01-26 02:48:37,951 - __main__ - INFO - Update submitted for Round 12. Waiting...
[33mclient_001_1  |[0m 2026-01-26 02:48:38,240 - __main__ - INFO - Round 12 finished. Loss: 0.6146, Acc: 95.79%
[33mserver_1      |[0m INFO:__main__:Received update from client_001
[33mserver_1      |[0m INFO:werkzeug:172.18.0.15 - - [26/Jan/2026 02:48:38] "POST /submit_update HTTP/1.1" 200 -
[33mclient_001_1  |[0m 2026-01-26 02:48:38,374 - __main__ - INFO - 🚀 Model update submitted successfully.
[33mclient_001_1  |[0m 2026-01-26 02:48:38,374 - __main__ - INFO - Update submitted for Round 12. Waiting...
[32mclient_002_1  |[0m 2026-01-26 02:48:38,891 - __main__ - INFO - --- New Round Detected: 12 ---
[33mserver_1      |[0m INFO:werkzeug:172.18.0.17 - - [26/Jan/2026 02:48:38] "GET /download_model?round=12 HTTP/1.1" 200 -
[36;1mclient_005_1  |[0m 2026-01-26 02:48:39,287 - __main__ - INFO - Round 12 finished. Loss: 0.5316, Acc: 94.06%
[33mserver_1      |[0m INFO:__main__:Received update from client_005
[33mserver_1      |[0m INFO:werkzeug:172.18.0.22 - - [26/Jan/2026 02:48:39] "POST /submit_update HTTP/1.1" 200 -
[36;1mclient_005_1  |[0m 2026-01-26 02:48:39,442 - __main__ - INFO - 🚀 Model update submitted successfully.
[36;1mclient_005_1  |[0m 2026-01-26 02:48:39,442 - __main__ - INFO - Update submitted for Round 12. Waiting...
[35mclient_003_1  |[0m 2026-01-26 02:48:39,513 - __main__ - INFO - --- New Round Detected: 12 ---
[33mserver_1      |[0m INFO:werkzeug:172.18.0.16 - - [26/Jan/2026 02:48:39] "GET /download_model?round=12 HTTP/1.1" 200 -
[32mclient_002_1  |[0m 2026-01-26 02:48:39,536 - __main__ - INFO - Round 12 finished. Loss: 0.6952, Acc: 92.00%
[33mserver_1      |[0m INFO:__main__:Received update from client_002
[33mserver_1      |[0m INFO:werkzeug:172.18.0.17 - - [26/Jan/2026 02:48:39] "POST /submit_update HTTP/1.1" 200 -
[32mclient_002_1  |[0m 2026-01-26 02:48:39,673 - __main__ - INFO - 🚀 Model update submitted successfully.
[32mclient_002_1  |[0m 2026-01-26 02:48:39,673 - __main__ - INFO - Update submitted for Round 12. Waiting...
[32;1mclient_007_1  |[0m 2026-01-26 02:48:41,236 - __main__ - INFO - --- New Round Detected: 12 ---
[33mserver_1      |[0m INFO:werkzeug:172.18.0.21 - - [26/Jan/2026 02:48:41] "GET /download_model?round=12 HTTP/1.1" 200 -
[32;1mclient_007_1  |[0m 2026-01-26 02:48:41,687 - __main__ - INFO - Round 12 finished. Loss: 1.0762, Acc: 68.86%
[33mserver_1      |[0m INFO:__main__:Received update from client_007
[33mserver_1      |[0m INFO:__main__:--- Aggregating 5 updates ---
[33mserver_1      |[0m INFO:__main__:⚡ Using Custom Aggregator with Drift Metric...
[33mserver_1      |[0m INFO:server.aggregator:Starting FedAvg aggregation for 5 clients.
[34;1mclient_009_1  |[0m 2026-01-26 02:48:41,987 - __main__ - INFO - --- New Round Detected: 12 ---
[33mserver_1      |[0m INFO:werkzeug:172.18.0.19 - - [26/Jan/2026 02:48:42] "GET /download_model?round=12 HTTP/1.1" 200 -
[36mclient_010_1  |[0m 2026-01-26 02:48:42,485 - __main__ - INFO - --- New Round Detected: 12 ---
[33mserver_1      |[0m INFO:werkzeug:172.18.0.13 - - [26/Jan/2026 02:48:42] "GET /download_model?round=12 HTTP/1.1" 200 -
[33mserver_1      |[0m INFO:server.aggregator:--- [METRIC] Weight Divergence: 0.9978
[33mserver_1      |[0m INFO:server.aggregator:FedAvg aggregation complete.
[33mserver_1      |[0m INFO:__main__:Aggregation complete.
[36mclient_010_1  |[0m 2026-01-26 02:48:42,872 - __main__ - INFO - Round 12 finished. Loss: 0.7237, Acc: 93.97%
[33mserver_1      |[0m ⏱️ [TIME] Client client_008 finished training in 0.57s
[33mserver_1      |[0m ⏱️ [TIME] Client client_001 finished training in 0.22s
[33mserver_1      |[0m ⏱️ [TIME] Client client_005 finished training in 0.96s
[33mserver_1      |[0m ⏱️ [TIME] Client client_002 finished training in 0.42s
[33mserver_1      |[0m ⏱️ [TIME] Client client_007 finished training in 0.18s
[33mserver_1      |[0m DEBUG: ⚠️ MY CUSTOM AGGREGATOR IS RUNNING ⚠️
[33mserver_1      |[0m INFO:werkzeug:172.18.0.13 - - [26/Jan/2026 02:48:43] "[31m[1mPOST /submit_update HTTP/1.1[0m" 400 -
[36mclient_010_1  |[0m 2026-01-26 02:48:43,109 - __main__ - ERROR - Update submission failed: {"error":"Not accepting updates"}
[36mclient_010_1  |[0m 
[36mclient_010_1  |[0m 2026-01-26 02:48:43,109 - __main__ - INFO - Update submitted for Round 12. Waiting...
[34;1mclient_009_1  |[0m 2026-01-26 02:48:43,946 - __main__ - INFO - Round 12 finished. Loss: 1.0244, Acc: 71.91%
[33mserver_1      |[0m INFO:werkzeug:172.18.0.19 - - [26/Jan/2026 02:48:44] "[31m[1mPOST /submit_update HTTP/1.1[0m" 400 -
[34;1mclient_009_1  |[0m 2026-01-26 02:48:44,046 - __main__ - ERROR - Update submission failed: {"error":"Not accepting updates"}
[34;1mclient_009_1  |[0m 
[34;1mclient_009_1  |[0m 2026-01-26 02:48:44,047 - __main__ - INFO - Update submitted for Round 12. Waiting...
[33mserver_1      |[0m INFO:__main__:--- Round 12 Acc: 37.32%, Loss: 1.7534 ---
[33mserver_1      |[0m INFO:__main__:--- Starting Round 13. Timeout: 300s ---
[33mserver_1      |[0m INFO:werkzeug:172.18.0.21 - - [26/Jan/2026 02:48:44] "POST /submit_update HTTP/1.1" 200 -
[32;1mclient_007_1  |[0m 2026-01-26 02:48:44,262 - __main__ - INFO - 🚀 Model update submitted successfully.
[32;1mclient_007_1  |[0m 2026-01-26 02:48:44,262 - __main__ - INFO - Update submitted for Round 12. Waiting...
[35mclient_003_1  |[0m 2026-01-26 02:48:46,043 - __main__ - INFO - Round 12 finished. Loss: 0.7253, Acc: 84.66%
[33mserver_1      |[0m INFO:__main__:Received update from client_003
[33mserver_1      |[0m INFO:werkzeug:172.18.0.16 - - [26/Jan/2026 02:48:46] "POST /submit_update HTTP/1.1" 200 -
[35mclient_003_1  |[0m 2026-01-26 02:48:46,178 - __main__ - INFO - 🚀 Model update submitted successfully.
[35mclient_003_1  |[0m 2026-01-26 02:48:46,178 - __main__ - INFO - Update submitted for Round 12. Waiting...
[33;1mclient_006_1  |[0m 2026-01-26 02:48:46,545 - __main__ - INFO - --- New Round Detected: 13 ---
[34mclient_004_1  |[0m 2026-01-26 02:48:46,548 - __main__ - INFO - --- New Round Detected: 13 ---
[33mserver_1      |[0m INFO:werkzeug:172.18.0.14 - - [26/Jan/2026 02:48:46] "GET /download_model?round=13 HTTP/1.1" 200 -
[33mserver_1      |[0m INFO:werkzeug:172.18.0.20 - - [26/Jan/2026 02:48:46] "GET /download_model?round=13 HTTP/1.1" 200 -
[33;1mclient_006_1  |[0m 2026-01-26 02:48:46,684 - __main__ - INFO - Round 13 finished. Loss: 1.0770, Acc: 71.43%
[33mserver_1      |[0m INFO:__main__:Received update from client_006
[33mserver_1      |[0m INFO:werkzeug:172.18.0.14 - - [26/Jan/2026 02:48:46] "POST /submit_update HTTP/1.1" 200 -
[33;1mclient_006_1  |[0m 2026-01-26 02:48:46,819 - __main__ - INFO - 🚀 Model update submitted successfully.
[33;1mclient_006_1  |[0m 2026-01-26 02:48:46,819 - __main__ - INFO - Update submitted for Round 13. Waiting...
[35;1mclient_008_1  |[0m 2026-01-26 02:48:48,029 - __main__ - INFO - --- New Round Detected: 13 ---
[33mserver_1      |[0m INFO:werkzeug:172.18.0.18 - - [26/Jan/2026 02:48:48] "GET /download_model?round=13 HTTP/1.1" 200 -
[33mclient_001_1  |[0m 2026-01-26 02:48:48,435 - __main__ - INFO - --- New Round Detected: 13 ---
[33mserver_1      |[0m INFO:werkzeug:172.18.0.15 - - [26/Jan/2026 02:48:48] "GET /download_model?round=13 HTTP/1.1" 200 -
[33mclient_001_1  |[0m 2026-01-26 02:48:48,906 - __main__ - INFO - Round 13 finished. Loss: 0.6204, Acc: 96.76%
[33mserver_1      |[0m INFO:__main__:Received update from client_001
[33mserver_1      |[0m INFO:werkzeug:172.18.0.15 - - [26/Jan/2026 02:48:49] "POST /submit_update HTTP/1.1" 200 -
[33mclient_001_1  |[0m 2026-01-26 02:48:49,066 - __main__ - INFO - 🚀 Model update submitted successfully.
[33mclient_001_1  |[0m 2026-01-26 02:48:49,066 - __main__ - INFO - Update submitted for Round 13. Waiting...
[35;1mclient_008_1  |[0m 2026-01-26 02:48:49,182 - __main__ - INFO - Round 13 finished. Loss: 0.5488, Acc: 94.87%
[33mserver_1      |[0m INFO:__main__:Received update from client_008
[33mserver_1      |[0m INFO:werkzeug:172.18.0.18 - - [26/Jan/2026 02:48:49] "POST /submit_update HTTP/1.1" 200 -
[35;1mclient_008_1  |[0m 2026-01-26 02:48:49,337 - __main__ - INFO - 🚀 Model update submitted successfully.
[35;1mclient_008_1  |[0m 2026-01-26 02:48:49,337 - __main__ - INFO - Update submitted for Round 13. Waiting...
[36;1mclient_005_1  |[0m 2026-01-26 02:48:49,512 - __main__ - INFO - --- New Round Detected: 13 ---
[33mserver_1      |[0m INFO:werkzeug:172.18.0.22 - - [26/Jan/2026 02:48:49] "GET /download_model?round=13 HTTP/1.1" 200 -
[32mclient_002_1  |[0m 2026-01-26 02:48:49,770 - __main__ - INFO - --- New Round Detected: 13 ---
[33mserver_1      |[0m INFO:werkzeug:172.18.0.17 - - [26/Jan/2026 02:48:49] "GET /download_model?round=13 HTTP/1.1" 200 -
[34mclient_004_1  |[0m 2026-01-26 02:48:50,186 - __main__ - INFO - Round 13 finished. Loss: 0.5671, Acc: 92.06%
[33mserver_1      |[0m INFO:__main__:Received update from client_004
[33mserver_1      |[0m INFO:__main__:--- Aggregating 5 updates ---
[33mserver_1      |[0m INFO:__main__:⚡ Using Custom Aggregator with Drift Metric...
[33mserver_1      |[0m INFO:server.aggregator:Starting FedAvg aggregation for 5 clients.
[32mclient_002_1  |[0m 2026-01-26 02:48:50,505 - __main__ - INFO - Round 13 finished. Loss: 0.6735, Acc: 93.18%
[33mserver_1      |[0m INFO:werkzeug:172.18.0.17 - - [26/Jan/2026 02:48:50] "[31m[1mPOST /submit_update HTTP/1.1[0m" 400 -
[32mclient_002_1  |[0m 2026-01-26 02:48:50,569 - __main__ - ERROR - Update submission failed: {"error":"Not accepting updates"}
[32mclient_002_1  |[0m 
[32mclient_002_1  |[0m 2026-01-26 02:48:50,569 - __main__ - INFO - Update submitted for Round 13. Waiting...
[36;1mclient_005_1  |[0m 2026-01-26 02:48:51,185 - __main__ - INFO - Round 13 finished. Loss: 0.3896, Acc: 95.99%
[33mserver_1      |[0m INFO:werkzeug:172.18.0.22 - - [26/Jan/2026 02:48:51] "[31m[1mPOST /submit_update HTTP/1.1[0m" 400 -
[36;1mclient_005_1  |[0m 2026-01-26 02:48:51,300 - __main__ - ERROR - Update submission failed: {"error":"Not accepting updates"}
[36;1mclient_005_1  |[0m 
[36;1mclient_005_1  |[0m 2026-01-26 02:48:51,300 - __main__ - INFO - Update submitted for Round 13. Waiting...
[33mserver_1      |[0m INFO:server.aggregator:--- [METRIC] Weight Divergence: 2.0846
[33mserver_1      |[0m INFO:server.aggregator:FedAvg aggregation complete.
[33mserver_1      |[0m INFO:__main__:Aggregation complete.
[33mserver_1      |[0m ⏱️ [TIME] Client client_003 finished training in 5.75s
[33mserver_1      |[0m ⏱️ [TIME] Client client_006 finished training in 0.01s
[33mserver_1      |[0m ⏱️ [TIME] Client client_001 finished training in 0.28s
[33mserver_1      |[0m ⏱️ [TIME] Client client_008 finished training in 0.68s
[33mserver_1      |[0m ⏱️ [TIME] Client client_004 finished training in 2.88s
[33mserver_1      |[0m DEBUG: ⚠️ MY CUSTOM AGGREGATOR IS RUNNING ⚠️
[36mclient_010_1  |[0m 2026-01-26 02:48:53,197 - __main__ - INFO - --- New Round Detected: 13 ---
[33mserver_1      |[0m INFO:werkzeug:172.18.0.13 - - [26/Jan/2026 02:48:53] "GET /download_model?round=13 HTTP/1.1" 200 -
[33mserver_1      |[0m INFO:__main__:--- Round 13 Acc: 43.35%, Loss: 1.6609 ---
[33mserver_1      |[0m INFO:__main__:--- Starting Round 14. Timeout: 300s ---
[33mserver_1      |[0m INFO:werkzeug:172.18.0.20 - - [26/Jan/2026 02:48:53] "POST /submit_update HTTP/1.1" 200 -
[34mclient_004_1  |[0m 2026-01-26 02:48:53,406 - __main__ - INFO - 🚀 Model update submitted successfully.
[34mclient_004_1  |[0m 2026-01-26 02:48:53,407 - __main__ - INFO - Update submitted for Round 13. Waiting...
[36mclient_010_1  |[0m 2026-01-26 02:48:53,640 - __main__ - INFO - Round 13 finished. Loss: 0.7435, Acc: 96.56%
[33mserver_1      |[0m INFO:__main__:Received update from client_010
[33mserver_1      |[0m INFO:werkzeug:172.18.0.13 - - [26/Jan/2026 02:48:53] "POST /submit_update HTTP/1.1" 200 -
[36mclient_010_1  |[0m 2026-01-26 02:48:53,793 - __main__ - INFO - 🚀 Model update submitted successfully.
[36mclient_010_1  |[0m 2026-01-26 02:48:53,793 - __main__ - INFO - Update submitted for Round 13. Waiting...
[34;1mclient_009_1  |[0m 2026-01-26 02:48:54,108 - __main__ - INFO - --- New Round Detected: 14 ---
[33mserver_1      |[0m INFO:werkzeug:172.18.0.19 - - [26/Jan/2026 02:48:54] "GET /download_model?round=14 HTTP/1.1" 200 -
[32;1mclient_007_1  |[0m 2026-01-26 02:48:54,323 - __main__ - INFO - --- New Round Detected: 14 ---
[33mserver_1      |[0m INFO:werkzeug:172.18.0.21 - - [26/Jan/2026 02:48:54] "GET /download_model?round=14 HTTP/1.1" 200 -
[32;1mclient_007_1  |[0m 2026-01-26 02:48:54,717 - __main__ - INFO - Round 14 finished. Loss: 1.2402, Acc: 70.88%
[33mserver_1      |[0m INFO:__main__:Received update from client_007
[33mserver_1      |[0m INFO:werkzeug:172.18.0.21 - - [26/Jan/2026 02:48:54] "POST /submit_update HTTP/1.1" 200 -
[32;1mclient_007_1  |[0m 2026-01-26 02:48:54,852 - __main__ - INFO - 🚀 Model update submitted successfully.
[32;1mclient_007_1  |[0m 2026-01-26 02:48:54,852 - __main__ - INFO - Update submitted for Round 14. Waiting...
[34;1mclient_009_1  |[0m 2026-01-26 02:48:55,880 - __main__ - INFO - Round 14 finished. Loss: 1.1171, Acc: 72.69%
[33mserver_1      |[0m INFO:__main__:Received update from client_009
[33mserver_1      |[0m INFO:werkzeug:172.18.0.19 - - [26/Jan/2026 02:48:55] "POST /submit_update HTTP/1.1" 200 -
[34;1mclient_009_1  |[0m 2026-01-26 02:48:56,015 - __main__ - INFO - 🚀 Model update submitted successfully.
[34;1mclient_009_1  |[0m 2026-01-26 02:48:56,015 - __main__ - INFO - Update submitted for Round 14. Waiting...
[35mclient_003_1  |[0m 2026-01-26 02:48:56,253 - __main__ - INFO - --- New Round Detected: 14 ---
[33mserver_1      |[0m INFO:werkzeug:172.18.0.16 - - [26/Jan/2026 02:48:56] "GET /download_model?round=14 HTTP/1.1" 200 -
[33;1mclient_006_1  |[0m 2026-01-26 02:48:56,881 - __main__ - INFO - --- New Round Detected: 14 ---
[33mserver_1      |[0m INFO:werkzeug:172.18.0.14 - - [26/Jan/2026 02:48:56] "GET /download_model?round=14 HTTP/1.1" 200 -
[33;1mclient_006_1  |[0m 2026-01-26 02:48:57,017 - __main__ - INFO - Round 14 finished. Loss: 0.7572, Acc: 92.86%
[33mserver_1      |[0m INFO:__main__:Received update from client_006
[33mserver_1      |[0m INFO:werkzeug:172.18.0.14 - - [26/Jan/2026 02:48:57] "POST /submit_update HTTP/1.1" 200 -
[33;1mclient_006_1  |[0m 2026-01-26 02:48:57,150 - __main__ - INFO - 🚀 Model update submitted successfully.
[33;1mclient_006_1  |[0m 2026-01-26 02:48:57,150 - __main__ - INFO - Update submitted for Round 14. Waiting...
[33mclient_001_1  |[0m 2026-01-26 02:48:59,131 - __main__ - INFO - --- New Round Detected: 14 ---
[33mserver_1      |[0m INFO:werkzeug:172.18.0.15 - - [26/Jan/2026 02:48:59] "GET /download_model?round=14 HTTP/1.1" 200 -
[35;1mclient_008_1  |[0m 2026-01-26 02:48:59,398 - __main__ - INFO - --- New Round Detected: 14 ---
[33mserver_1      |[0m INFO:werkzeug:172.18.0.18 - - [26/Jan/2026 02:48:59] "GET /download_model?round=14 HTTP/1.1" 200 -
[33mclient_001_1  |[0m 2026-01-26 02:48:59,566 - __main__ - INFO - Round 14 finished. Loss: 0.7249, Acc: 94.82%
[33mserver_1      |[0m INFO:__main__:Received update from client_001
[33mserver_1      |[0m INFO:__main__:--- Aggregating 5 updates ---
[33mserver_1      |[0m INFO:__main__:⚡ Using Custom Aggregator with Drift Metric...
[33mserver_1      |[0m INFO:server.aggregator:Starting FedAvg aggregation for 5 clients.
[35;1mclient_008_1  |[0m 2026-01-26 02:49:00,536 - __main__ - INFO - Round 14 finished. Loss: 0.3799, Acc: 98.18%
[33mserver_1      |[0m INFO:werkzeug:172.18.0.18 - - [26/Jan/2026 02:49:00] "[31m[1mPOST /submit_update HTTP/1.1[0m" 400 -
[35;1mclient_008_1  |[0m 2026-01-26 02:49:00,601 - __main__ - ERROR - Update submission failed: {"error":"Not accepting updates"}
[35;1mclient_008_1  |[0m 
[35;1mclient_008_1  |[0m 2026-01-26 02:49:00,601 - __main__ - INFO - Update submitted for Round 14. Waiting...
[32mclient_002_1  |[0m 2026-01-26 02:49:00,632 - __main__ - INFO - --- New Round Detected: 14 ---
[33mserver_1      |[0m INFO:werkzeug:172.18.0.17 - - [26/Jan/2026 02:49:00] "GET /download_model?round=14 HTTP/1.1" 200 -
[33mserver_1      |[0m INFO:server.aggregator:--- [METRIC] Weight Divergence: 1.3402
[33mserver_1      |[0m INFO:server.aggregator:FedAvg aggregation complete.
[33mserver_1      |[0m INFO:__main__:Aggregation complete.
[33mserver_1      |[0m ⏱️ [TIME] Client client_010 finished training in 0.16s
[33mserver_1      |[0m ⏱️ [TIME] Client client_007 finished training in 0.18s
[33mserver_1      |[0m ⏱️ [TIME] Client client_009 finished training in 1.05s
[33mserver_1      |[0m ⏱️ [TIME] Client client_006 finished training in 0.01s
[33mserver_1      |[0m ⏱️ [TIME] Client client_001 finished training in 0.25s
[33mserver_1      |[0m DEBUG: ⚠️ MY CUSTOM AGGREGATOR IS RUNNING ⚠️
[32mclient_002_1  |[0m 2026-01-26 02:49:01,320 - __main__ - INFO - Round 14 finished. Loss: 0.8446, Acc: 91.60%
[33mserver_1      |[0m INFO:werkzeug:172.18.0.17 - - [26/Jan/2026 02:49:01] "[31m[1mPOST /submit_update HTTP/1.1[0m" 400 -
[36;1mclient_005_1  |[0m 2026-01-26 02:49:01,375 - __main__ - INFO - --- New Round Detected: 14 ---
[32mclient_002_1  |[0m 2026-01-26 02:49:01,387 - __main__ - ERROR - Update submission failed: {"error":"Not accepting updates"}
[32mclient_002_1  |[0m 
[32mclient_002_1  |[0m 2026-01-26 02:49:01,387 - __main__ - INFO - Update submitted for Round 14. Waiting...
[33mserver_1      |[0m INFO:werkzeug:172.18.0.22 - - [26/Jan/2026 02:49:01] "GET /download_model?round=14 HTTP/1.1" 200 -
[33mserver_1      |[0m INFO:__main__:--- Round 14 Acc: 37.69%, Loss: 1.7307 ---
[33mserver_1      |[0m INFO:__main__:--- Starting Round 15. Timeout: 300s ---
[33mserver_1      |[0m INFO:werkzeug:172.18.0.15 - - [26/Jan/2026 02:49:01] "POST /submit_update HTTP/1.1" 200 -
[33mclient_001_1  |[0m 2026-01-26 02:49:01,993 - __main__ - INFO - 🚀 Model update submitted successfully.
[33mclient_001_1  |[0m 2026-01-26 02:49:01,993 - __main__ - INFO - Update submitted for Round 14. Waiting...
[36;1mclient_005_1  |[0m 2026-01-26 02:49:03,077 - __main__ - INFO - Round 14 finished. Loss: 0.5296, Acc: 94.28%
[33mserver_1      |[0m INFO:__main__:Received update from client_005
[33mserver_1      |[0m INFO:werkzeug:172.18.0.22 - - [26/Jan/2026 02:49:03] "POST /submit_update HTTP/1.1" 200 -
[36;1mclient_005_1  |[0m 2026-01-26 02:49:03,214 - __main__ - INFO - 🚀 Model update submitted successfully.
[36;1mclient_005_1  |[0m 2026-01-26 02:49:03,215 - __main__ - INFO - Update submitted for Round 14. Waiting...
[34mclient_004_1  |[0m 2026-01-26 02:49:03,471 - __main__ - INFO - --- New Round Detected: 15 ---
[33mserver_1      |[0m INFO:werkzeug:172.18.0.20 - - [26/Jan/2026 02:49:03] "GET /download_model?round=15 HTTP/1.1" 200 -
[35mclient_003_1  |[0m 2026-01-26 02:49:03,785 - __main__ - INFO - Round 14 finished. Loss: 0.6193, Acc: 88.24%
[36mclient_010_1  |[0m 2026-01-26 02:49:03,856 - __main__ - INFO - --- New Round Detected: 15 ---
[33mserver_1      |[0m INFO:werkzeug:172.18.0.13 - - [26/Jan/2026 02:49:03] "GET /download_model?round=15 HTTP/1.1" 200 -
[33mserver_1      |[0m INFO:__main__:Received update from client_003
[33mserver_1      |[0m INFO:werkzeug:172.18.0.16 - - [26/Jan/2026 02:49:03] "POST /submit_update HTTP/1.1" 200 -
[35mclient_003_1  |[0m 2026-01-26 02:49:03,919 - __main__ - INFO - 🚀 Model update submitted successfully.
[35mclient_003_1  |[0m 2026-01-26 02:49:03,919 - __main__ - INFO - Update submitted for Round 14. Waiting...
[36mclient_010_1  |[0m 2026-01-26 02:49:04,193 - __main__ - INFO - Round 15 finished. Loss: 0.2987, Acc: 98.03%
[33mserver_1      |[0m INFO:__main__:Received update from client_010
[33mserver_1      |[0m INFO:werkzeug:172.18.0.13 - - [26/Jan/2026 02:49:04] "POST /submit_update HTTP/1.1" 200 -
[36mclient_010_1  |[0m 2026-01-26 02:49:04,327 - __main__ - INFO - 🚀 Model update submitted successfully.
[36mclient_010_1  |[0m 2026-01-26 02:49:04,327 - __main__ - INFO - Update submitted for Round 15. Waiting...
[32;1mclient_007_1  |[0m 2026-01-26 02:49:04,918 - __main__ - INFO - --- New Round Detected: 15 ---
[33mserver_1      |[0m INFO:werkzeug:172.18.0.21 - - [26/Jan/2026 02:49:04] "GET /download_model?round=15 HTTP/1.1" 200 -
[32;1mclient_007_1  |[0m 2026-01-26 02:49:05,331 - __main__ - INFO - Round 15 finished. Loss: 1.4077, Acc: 68.68%
[33mserver_1      |[0m INFO:__main__:Received update from client_007
[33mserver_1      |[0m INFO:werkzeug:172.18.0.21 - - [26/Jan/2026 02:49:05] "POST /submit_update HTTP/1.1" 200 -
[32;1mclient_007_1  |[0m 2026-01-26 02:49:05,465 - __main__ - INFO - 🚀 Model update submitted successfully.
[32;1mclient_007_1  |[0m 2026-01-26 02:49:05,465 - __main__ - INFO - Update submitted for Round 15. Waiting...
[34;1mclient_009_1  |[0m 2026-01-26 02:49:06,079 - __main__ - INFO - --- New Round Detected: 15 ---
[33mserver_1      |[0m INFO:werkzeug:172.18.0.19 - - [26/Jan/2026 02:49:06] "GET /download_model?round=15 HTTP/1.1" 200 -
[34mclient_004_1  |[0m 2026-01-26 02:49:07,036 - __main__ - INFO - Round 15 finished. Loss: 0.6512, Acc: 93.22%
[33mserver_1      |[0m INFO:__main__:Received update from client_004
[33mserver_1      |[0m INFO:__main__:--- Aggregating 5 updates ---
[33mserver_1      |[0m INFO:__main__:⚡ Using Custom Aggregator with Drift Metric...
[33mserver_1      |[0m INFO:server.aggregator:Starting FedAvg aggregation for 5 clients.
[33;1mclient_006_1  |[0m 2026-01-26 02:49:07,212 - __main__ - INFO - --- New Round Detected: 15 ---
[33mserver_1      |[0m INFO:werkzeug:172.18.0.14 - - [26/Jan/2026 02:49:07] "GET /download_model?round=15 HTTP/1.1" 200 -
[33;1mclient_006_1  |[0m 2026-01-26 02:49:07,345 - __main__ - INFO - Round 15 finished. Loss: 1.0109, Acc: 78.57%
[33mserver_1      |[0m INFO:werkzeug:172.18.0.14 - - [26/Jan/2026 02:49:07] "[31m[1mPOST /submit_update HTTP/1.1[0m" 400 -
[33;1mclient_006_1  |[0m 2026-01-26 02:49:07,408 - __main__ - ERROR - Update submission failed: {"error":"Not accepting updates"}
[33;1mclient_006_1  |[0m 
[33;1mclient_006_1  |[0m 2026-01-26 02:49:07,408 - __main__ - INFO - Update submitted for Round 15. Waiting...
[34;1mclient_009_1  |[0m 2026-01-26 02:49:07,909 - __main__ - INFO - Round 15 finished. Loss: 0.6997, Acc: 80.47%
[33mserver_1      |[0m INFO:werkzeug:172.18.0.19 - - [26/Jan/2026 02:49:08] "[31m[1mPOST /submit_update HTTP/1.1[0m" 400 -
[34;1mclient_009_1  |[0m 2026-01-26 02:49:08,064 - __main__ - ERROR - Update submission failed: {"error":"Not accepting updates"}
[34;1mclient_009_1  |[0m 
[34;1mclient_009_1  |[0m 2026-01-26 02:49:08,064 - __main__ - INFO - Update submitted for Round 15. Waiting...
[33mserver_1      |[0m INFO:server.aggregator:--- [METRIC] Weight Divergence: 2.1323
[33mserver_1      |[0m INFO:server.aggregator:FedAvg aggregation complete.
[33mserver_1      |[0m INFO:__main__:Aggregation complete.
[33mserver_1      |[0m ⏱️ [TIME] Client client_005 finished training in 1.03s
[33mserver_1      |[0m ⏱️ [TIME] Client client_003 finished training in 6.10s
[33mserver_1      |[0m ⏱️ [TIME] Client client_010 finished training in 0.12s
[33mserver_1      |[0m ⏱️ [TIME] Client client_007 finished training in 0.19s
[33mserver_1      |[0m ⏱️ [TIME] Client client_004 finished training in 2.81s
[33mserver_1      |[0m DEBUG: ⚠️ MY CUSTOM AGGREGATOR IS RUNNING ⚠️
[33mclient_011_1  |[0m 2026-01-26 02:49:08,653 - __main__ - INFO - Round 1 finished. Loss: 1.9277, Acc: 34.89%
[33mserver_1      |[0m INFO:werkzeug:172.18.0.6 - - [26/Jan/2026 02:49:08] "[31m[1mPOST /submit_update HTTP/1.1[0m" 400 -
[33mclient_011_1  |[0m 2026-01-26 02:49:09,285 - __main__ - ERROR - Update submission failed: {"error":"Not accepting updates"}
[33mclient_011_1  |[0m 
[33mclient_011_1  |[0m 2026-01-26 02:49:09,286 - __main__ - INFO - Update submitted for Round 1. Waiting...
[33mserver_1      |[0m INFO:__main__:--- Round 15 Acc: 43.78%, Loss: 1.6119 ---
[33mserver_1      |[0m INFO:__main__:--- Starting Round 16. Timeout: 300s ---
[33mserver_1      |[0m INFO:werkzeug:172.18.0.20 - - [26/Jan/2026 02:49:09] "POST /submit_update HTTP/1.1" 200 -
[34mclient_004_1  |[0m 2026-01-26 02:49:10,022 - __main__ - INFO - 🚀 Model update submitted successfully.
[34mclient_004_1  |[0m 2026-01-26 02:49:10,022 - __main__ - INFO - Update submitted for Round 15. Waiting...
[35;1mclient_008_1  |[0m 2026-01-26 02:49:10,662 - __main__ - INFO - --- New Round Detected: 16 ---
[33mserver_1      |[0m INFO:werkzeug:172.18.0.18 - - [26/Jan/2026 02:49:10] "GET /download_model?round=16 HTTP/1.1" 200 -
[32mclient_002_1  |[0m 2026-01-26 02:49:11,449 - __main__ - INFO - --- New Round Detected: 16 ---
[33mserver_1      |[0m INFO:werkzeug:172.18.0.17 - - [26/Jan/2026 02:49:11] "GET /download_model?round=16 HTTP/1.1" 200 -
[35;1mclient_008_1  |[0m 2026-01-26 02:49:11,714 - __main__ - INFO - Round 16 finished. Loss: 0.4879, Acc: 96.16%
[33mserver_1      |[0m INFO:__main__:Received update from client_008
[33mserver_1      |[0m INFO:werkzeug:172.18.0.18 - - [26/Jan/2026 02:49:11] "POST /submit_update HTTP/1.1" 200 -
[35;1mclient_008_1  |[0m 2026-01-26 02:49:11,849 - __main__ - INFO - 🚀 Model update submitted successfully.
[35;1mclient_008_1  |[0m 2026-01-26 02:49:11,850 - __main__ - INFO - Update submitted for Round 16. Waiting...
[33mclient_001_1  |[0m 2026-01-26 02:49:12,054 - __main__ - INFO - --- New Round Detected: 16 ---
[33mserver_1      |[0m INFO:werkzeug:172.18.0.15 - - [26/Jan/2026 02:49:12] "GET /download_model?round=16 HTTP/1.1" 200 -
[32mclient_002_1  |[0m 2026-01-26 02:49:12,320 - __main__ - INFO - Round 16 finished. Loss: 0.7144, Acc: 91.80%
[33mserver_1      |[0m INFO:__main__:Received update from client_002
[33mserver_1      |[0m INFO:werkzeug:172.18.0.17 - - [26/Jan/2026 02:49:12] "POST /submit_update HTTP/1.1" 200 -
[32mclient_002_1  |[0m 2026-01-26 02:49:12,454 - __main__ - INFO - 🚀 Model update submitted successfully.
[32mclient_002_1  |[0m 2026-01-26 02:49:12,454 - __main__ - INFO - Update submitted for Round 16. Waiting...
[33mclient_001_1  |[0m 2026-01-26 02:49:12,484 - __main__ - INFO - Round 16 finished. Loss: 0.6273, Acc: 93.85%
[33mserver_1      |[0m INFO:__main__:Received update from client_001
[33mserver_1      |[0m INFO:werkzeug:172.18.0.15 - - [26/Jan/2026 02:49:12] "POST /submit_update HTTP/1.1" 200 -
[33mclient_001_1  |[0m 2026-01-26 02:49:12,618 - __main__ - INFO - 🚀 Model update submitted successfully.
[33mclient_001_1  |[0m 2026-01-26 02:49:12,619 - __main__ - INFO - Update submitted for Round 16. Waiting...
[36;1mclient_005_1  |[0m 2026-01-26 02:49:13,286 - __main__ - INFO - --- New Round Detected: 16 ---
[33mserver_1      |[0m INFO:werkzeug:172.18.0.22 - - [26/Jan/2026 02:49:13] "GET /download_model?round=16 HTTP/1.1" 200 -
[35mclient_003_1  |[0m 2026-01-26 02:49:13,982 - __main__ - INFO - --- New Round Detected: 16 ---
[33mserver_1      |[0m INFO:werkzeug:172.18.0.16 - - [26/Jan/2026 02:49:14] "GET /download_model?round=16 HTTP/1.1" 200 -
[36mclient_010_1  |[0m 2026-01-26 02:49:14,402 - __main__ - INFO - --- New Round Detected: 16 ---
[33mserver_1      |[0m INFO:werkzeug:172.18.0.13 - - [26/Jan/2026 02:49:14] "GET /download_model?round=16 HTTP/1.1" 200 -
[36;1mclient_005_1  |[0m 2026-01-26 02:49:14,942 - __main__ - INFO - Round 16 finished. Loss: 0.4859, Acc: 95.71%
[36mclient_010_1  |[0m 2026-01-26 02:49:14,942 - __main__ - INFO - Round 16 finished. Loss: 0.7856, Acc: 94.59%
[33mserver_1      |[0m INFO:__main__:Received update from client_005
[33mserver_1      |[0m INFO:werkzeug:172.18.0.22 - - [26/Jan/2026 02:49:15] "POST /submit_update HTTP/1.1" 200 -
[33mserver_1      |[0m INFO:__main__:Received update from client_010
[33mserver_1      |[0m INFO:__main__:--- Aggregating 5 updates ---
[33mserver_1      |[0m INFO:__main__:⚡ Using Custom Aggregator with Drift Metric...
[33mserver_1      |[0m INFO:server.aggregator:Starting FedAvg aggregation for 5 clients.
[36;1mclient_005_1  |[0m 2026-01-26 02:49:15,079 - __main__ - INFO - 🚀 Model update submitted successfully.
[36;1mclient_005_1  |[0m 2026-01-26 02:49:15,079 - __main__ - INFO - Update submitted for Round 16. Waiting...
[32;1mclient_007_1  |[0m 2026-01-26 02:49:15,529 - __main__ - INFO - --- New Round Detected: 16 ---
[33mserver_1      |[0m INFO:werkzeug:172.18.0.21 - - [26/Jan/2026 02:49:15] "GET /download_model?round=16 HTTP/1.1" 200 -
[32;1mclient_007_1  |[0m 2026-01-26 02:49:15,879 - __main__ - INFO - Round 16 finished. Loss: 1.2099, Acc: 68.68%
[33mserver_1      |[0m INFO:werkzeug:172.18.0.21 - - [26/Jan/2026 02:49:15] "[31m[1mPOST /submit_update HTTP/1.1[0m" 400 -
[32;1mclient_007_1  |[0m 2026-01-26 02:49:15,958 - __main__ - ERROR - Update submission failed: {"error":"Not accepting updates"}
[32;1mclient_007_1  |[0m 
[32;1mclient_007_1  |[0m 2026-01-26 02:49:15,958 - __main__ - INFO - Update submitted for Round 16. Waiting...
[33mserver_1      |[0m INFO:server.aggregator:--- [METRIC] Weight Divergence: 0.9527
[33mserver_1      |[0m INFO:server.aggregator:FedAvg aggregation complete.
[33mserver_1      |[0m INFO:__main__:Aggregation complete.
[33mserver_1      |[0m ⏱️ [TIME] Client client_008 finished training in 0.60s
[33mserver_1      |[0m ⏱️ [TIME] Client client_002 finished training in 0.66s
[33mserver_1      |[0m ⏱️ [TIME] Client client_001 finished training in 0.24s
[33mserver_1      |[0m ⏱️ [TIME] Client client_005 finished training in 1.01s
[33mserver_1      |[0m ⏱️ [TIME] Client client_010 finished training in 0.26s
[33mserver_1      |[0m DEBUG: ⚠️ MY CUSTOM AGGREGATOR IS RUNNING ⚠️
[33;1mclient_006_1  |[0m 2026-01-26 02:49:17,489 - __main__ - INFO - --- New Round Detected: 16 ---
[33mserver_1      |[0m INFO:werkzeug:172.18.0.14 - - [26/Jan/2026 02:49:17] "GET /download_model?round=16 HTTP/1.1" 200 -
[33;1mclient_006_1  |[0m 2026-01-26 02:49:17,645 - __main__ - INFO - Round 16 finished. Loss: 0.7992, Acc: 92.86%
[33mserver_1      |[0m INFO:werkzeug:172.18.0.14 - - [26/Jan/2026 02:49:17] "[31m[1mPOST /submit_update HTTP/1.1[0m" 400 -
[33;1mclient_006_1  |[0m 2026-01-26 02:49:17,709 - __main__ - ERROR - Update submission failed: {"error":"Not accepting updates"}
[33;1mclient_006_1  |[0m 
[33;1mclient_006_1  |[0m 2026-01-26 02:49:17,709 - __main__ - INFO - Update submitted for Round 16. Waiting...
[33mserver_1      |[0m INFO:__main__:--- Round 16 Acc: 39.58%, Loss: 1.7375 ---
[33mserver_1      |[0m INFO:__main__:--- Starting Round 17. Timeout: 300s ---
[33mserver_1      |[0m INFO:werkzeug:172.18.0.13 - - [26/Jan/2026 02:49:17] "POST /submit_update HTTP/1.1" 200 -
[36mclient_010_1  |[0m 2026-01-26 02:49:18,009 - __main__ - INFO - 🚀 Model update submitted successfully.
[36mclient_010_1  |[0m 2026-01-26 02:49:18,009 - __main__ - INFO - Update submitted for Round 16. Waiting...
[34;1mclient_009_1  |[0m 2026-01-26 02:49:18,128 - __main__ - INFO - --- New Round Detected: 17 ---
[33mserver_1      |[0m INFO:werkzeug:172.18.0.19 - - [26/Jan/2026 02:49:18] "GET /download_model?round=17 HTTP/1.1" 200 -
[33mclient_011_1  |[0m 2026-01-26 02:49:19,727 - __main__ - INFO - --- New Round Detected: 17 ---
[33mserver_1      |[0m INFO:werkzeug:172.18.0.6 - - [26/Jan/2026 02:49:19] "GET /download_model?round=17 HTTP/1.1" 200 -
[34;1mclient_009_1  |[0m 2026-01-26 02:49:20,051 - __main__ - INFO - Round 17 finished. Loss: 1.1743, Acc: 69.86%
[34mclient_004_1  |[0m 2026-01-26 02:49:20,084 - __main__ - INFO - --- New Round Detected: 17 ---
[33mserver_1      |[0m INFO:werkzeug:172.18.0.20 - - [26/Jan/2026 02:49:20] "GET /download_model?round=17 HTTP/1.1" 200 -
[33mserver_1      |[0m INFO:__main__:Received update from client_009
[33mserver_1      |[0m INFO:werkzeug:172.18.0.19 - - [26/Jan/2026 02:49:20] "POST /submit_update HTTP/1.1" 200 -
[34;1mclient_009_1  |[0m 2026-01-26 02:49:20,205 - __main__ - INFO - 🚀 Model update submitted successfully.
[34;1mclient_009_1  |[0m 2026-01-26 02:49:20,205 - __main__ - INFO - Update submitted for Round 17. Waiting...
[35mclient_003_1  |[0m 2026-01-26 02:49:21,644 - __main__ - INFO - Round 16 finished. Loss: 0.5730, Acc: 90.95%
[33mserver_1      |[0m INFO:__main__:Received update from client_003
[33mserver_1      |[0m INFO:werkzeug:172.18.0.16 - - [26/Jan/2026 02:49:21] "POST /submit_update HTTP/1.1" 200 -
[35mclient_003_1  |[0m 2026-01-26 02:49:21,779 - __main__ - INFO - 🚀 Model update submitted successfully.
[35mclient_003_1  |[0m 2026-01-26 02:49:21,779 - __main__ - INFO - Update submitted for Round 16. Waiting...
[35;1mclient_008_1  |[0m 2026-01-26 02:49:21,912 - __main__ - INFO - --- New Round Detected: 17 ---
[33mserver_1      |[0m INFO:werkzeug:172.18.0.18 - - [26/Jan/2026 02:49:21] "GET /download_model?round=17 HTTP/1.1" 200 -
[32mclient_002_1  |[0m 2026-01-26 02:49:22,517 - __main__ - INFO - --- New Round Detected: 17 ---
[33mserver_1      |[0m INFO:werkzeug:172.18.0.17 - - [26/Jan/2026 02:49:22] "GET /download_model?round=17 HTTP/1.1" 200 -
[33mclient_001_1  |[0m 2026-01-26 02:49:22,680 - __main__ - INFO - --- New Round Detected: 17 ---
[33mserver_1      |[0m INFO:werkzeug:172.18.0.15 - - [26/Jan/2026 02:49:22] "GET /download_model?round=17 HTTP/1.1" 200 -
[35;1mclient_008_1  |[0m 2026-01-26 02:49:23,018 - __main__ - INFO - Round 17 finished. Loss: 0.5114, Acc: 95.61%
[33mserver_1      |[0m INFO:__main__:Received update from client_008
[33mserver_1      |[0m INFO:werkzeug:172.18.0.18 - - [26/Jan/2026 02:49:23] "POST /submit_update HTTP/1.1" 200 -
[35;1mclient_008_1  |[0m 2026-01-26 02:49:23,153 - __main__ - INFO - 🚀 Model update submitted successfully.
[35;1mclient_008_1  |[0m 2026-01-26 02:49:23,153 - __main__ - INFO - Update submitted for Round 17. Waiting...
[33mclient_001_1  |[0m 2026-01-26 02:49:23,196 - __main__ - INFO - Round 17 finished. Loss: 0.5095, Acc: 95.47%
[33mserver_1      |[0m INFO:__main__:Received update from client_001
[33mserver_1      |[0m INFO:werkzeug:172.18.0.15 - - [26/Jan/2026 02:49:23] "POST /submit_update HTTP/1.1" 200 -
[33mclient_001_1  |[0m 2026-01-26 02:49:23,332 - __main__ - INFO - 🚀 Model update submitted successfully.
[33mclient_001_1  |[0m 2026-01-26 02:49:23,332 - __main__ - INFO - Update submitted for Round 17. Waiting...
[32mclient_002_1  |[0m 2026-01-26 02:49:23,647 - __main__ - INFO - Round 17 finished. Loss: 0.5964, Acc: 92.69%
[34mclient_004_1  |[0m 2026-01-26 02:49:23,731 - __main__ - INFO - Round 17 finished. Loss: 0.4631, Acc: 96.22%
[33mserver_1      |[0m INFO:__main__:Received update from client_002
[33mserver_1      |[0m INFO:__main__:--- Aggregating 5 updates ---
[33mserver_1      |[0m INFO:__main__:⚡ Using Custom Aggregator with Drift Metric...
[33mserver_1      |[0m INFO:server.aggregator:Starting FedAvg aggregation for 5 clients.
[33mserver_1      |[0m INFO:werkzeug:172.18.0.20 - - [26/Jan/2026 02:49:23] "[31m[1mPOST /submit_update HTTP/1.1[0m" 400 -
[34mclient_004_1  |[0m 2026-01-26 02:49:23,797 - __main__ - ERROR - Update submission failed: {"error":"Not accepting updates"}
[34mclient_004_1  |[0m 
[34mclient_004_1  |[0m 2026-01-26 02:49:23,797 - __main__ - INFO - Update submitted for Round 17. Waiting...
[36;1mclient_005_1  |[0m 2026-01-26 02:49:25,151 - __main__ - INFO - --- New Round Detected: 17 ---
[33mserver_1      |[0m INFO:werkzeug:172.18.0.22 - - [26/Jan/2026 02:49:25] "GET /download_model?round=17 HTTP/1.1" 200 -
[33mserver_1      |[0m INFO:server.aggregator:--- [METRIC] Weight Divergence: 2.0324
[33mserver_1      |[0m INFO:server.aggregator:FedAvg aggregation complete.
[33mserver_1      |[0m INFO:__main__:Aggregation complete.
[33mserver_1      |[0m ⏱️ [TIME] Client client_009 finished training in 1.21s
[33mserver_1      |[0m ⏱️ [TIME] Client client_003 finished training in 6.19s
[33mserver_1      |[0m ⏱️ [TIME] Client client_008 finished training in 0.65s
[33mserver_1      |[0m ⏱️ [TIME] Client client_001 finished training in 0.33s
[33mserver_1      |[0m ⏱️ [TIME] Client client_002 finished training in 0.81s
[33mserver_1      |[0m DEBUG: ⚠️ MY CUSTOM AGGREGATOR IS RUNNING ⚠️
[32;1mclient_007_1  |[0m 2026-01-26 02:49:26,027 - __main__ - INFO - --- New Round Detected: 17 ---
[33mserver_1      |[0m INFO:werkzeug:172.18.0.21 - - [26/Jan/2026 02:49:26] "GET /download_model?round=17 HTTP/1.1" 200 -
[32;1mclient_007_1  |[0m 2026-01-26 02:49:26,445 - __main__ - INFO - Round 17 finished. Loss: 1.2561, Acc: 70.33%
[33mserver_1      |[0m INFO:werkzeug:172.18.0.21 - - [26/Jan/2026 02:49:26] "[31m[1mPOST /submit_update HTTP/1.1[0m" 400 -
[32;1mclient_007_1  |[0m 2026-01-26 02:49:26,520 - __main__ - ERROR - Update submission failed: {"error":"Not accepting updates"}
[32;1mclient_007_1  |[0m 
[32;1mclient_007_1  |[0m 2026-01-26 02:49:26,521 - __main__ - INFO - Update submitted for Round 17. Waiting...
[33mserver_1      |[0m INFO:__main__:--- Round 17 Acc: 40.24%, Loss: 1.7317 ---
[33mserver_1      |[0m INFO:__main__:--- Starting Round 18. Timeout: 300s ---
[33mserver_1      |[0m INFO:werkzeug:172.18.0.17 - - [26/Jan/2026 02:49:26] "POST /submit_update HTTP/1.1" 200 -
[32mclient_002_1  |[0m 2026-01-26 02:49:26,578 - __main__ - INFO - 🚀 Model update submitted successfully.
[32mclient_002_1  |[0m 2026-01-26 02:49:26,578 - __main__ - INFO - Update submitted for Round 17. Waiting...
[36;1mclient_005_1  |[0m 2026-01-26 02:49:26,789 - __main__ - INFO - Round 17 finished. Loss: 0.3700, Acc: 96.99%
[33mserver_1      |[0m INFO:__main__:Received update from client_005
[33mserver_1      |[0m INFO:werkzeug:172.18.0.22 - - [26/Jan/2026 02:49:26] "POST /submit_update HTTP/1.1" 200 -
[36;1mclient_005_1  |[0m 2026-01-26 02:49:26,926 - __main__ - INFO - 🚀 Model update submitted successfully.
[36;1mclient_005_1  |[0m 2026-01-26 02:49:26,926 - __main__ - INFO - Update submitted for Round 17. Waiting...
[33;1mclient_006_1  |[0m 2026-01-26 02:49:27,778 - __main__ - INFO - --- New Round Detected: 18 ---
[33mserver_1      |[0m INFO:werkzeug:172.18.0.14 - - [26/Jan/2026 02:49:27] "GET /download_model?round=18 HTTP/1.1" 200 -
[33;1mclient_006_1  |[0m 2026-01-26 02:49:27,914 - __main__ - INFO - Round 18 finished. Loss: 0.7207, Acc: 71.43%
[33mserver_1      |[0m INFO:__main__:Received update from client_006
[33mserver_1      |[0m INFO:werkzeug:172.18.0.14 - - [26/Jan/2026 02:49:28] "POST /submit_update HTTP/1.1" 200 -
[33;1mclient_006_1  |[0m 2026-01-26 02:49:28,048 - __main__ - INFO - 🚀 Model update submitted successfully.
[33;1mclient_006_1  |[0m 2026-01-26 02:49:28,049 - __main__ - INFO - Update submitted for Round 18. Waiting...
[36mclient_010_1  |[0m 2026-01-26 02:49:28,070 - __main__ - INFO - --- New Round Detected: 18 ---
[33mserver_1      |[0m INFO:werkzeug:172.18.0.13 - - [26/Jan/2026 02:49:28] "GET /download_model?round=18 HTTP/1.1" 200 -
[36mclient_010_1  |[0m 2026-01-26 02:49:28,586 - __main__ - INFO - Round 18 finished. Loss: 0.7327, Acc: 95.45%
[33mserver_1      |[0m INFO:__main__:Received update from client_010
[33mserver_1      |[0m INFO:werkzeug:172.18.0.13 - - [26/Jan/2026 02:49:28] "POST /submit_update HTTP/1.1" 200 -
[36mclient_010_1  |[0m 2026-01-26 02:49:28,723 - __main__ - INFO - 🚀 Model update submitted successfully.
[36mclient_010_1  |[0m 2026-01-26 02:49:28,724 - __main__ - INFO - Update submitted for Round 18. Waiting...
[34;1mclient_009_1  |[0m 2026-01-26 02:49:30,269 - __main__ - INFO - --- New Round Detected: 18 ---
[33mserver_1      |[0m INFO:werkzeug:172.18.0.19 - - [26/Jan/2026 02:49:30] "GET /download_model?round=18 HTTP/1.1" 200 -
[35mclient_003_1  |[0m 2026-01-26 02:49:31,857 - __main__ - INFO - --- New Round Detected: 18 ---
[33mserver_1      |[0m INFO:werkzeug:172.18.0.16 - - [26/Jan/2026 02:49:31] "GET /download_model?round=18 HTTP/1.1" 200 -
[34;1mclient_009_1  |[0m 2026-01-26 02:49:32,094 - __main__ - INFO - Round 18 finished. Loss: 0.9615, Acc: 75.52%
[33mserver_1      |[0m INFO:__main__:Received update from client_009
[33mserver_1      |[0m INFO:werkzeug:172.18.0.19 - - [26/Jan/2026 02:49:32] "POST /submit_update HTTP/1.1" 200 -
[34;1mclient_009_1  |[0m 2026-01-26 02:49:32,251 - __main__ - INFO - 🚀 Model update submitted successfully.
[34;1mclient_009_1  |[0m 2026-01-26 02:49:32,251 - __main__ - INFO - Update submitted for Round 18. Waiting...
[35;1mclient_008_1  |[0m 2026-01-26 02:49:33,218 - __main__ - INFO - --- New Round Detected: 18 ---
[33mserver_1      |[0m INFO:werkzeug:172.18.0.18 - - [26/Jan/2026 02:49:33] "GET /download_model?round=18 HTTP/1.1" 200 -
[33mclient_001_1  |[0m 2026-01-26 02:49:33,394 - __main__ - INFO - --- New Round Detected: 18 ---
[33mserver_1      |[0m INFO:werkzeug:172.18.0.15 - - [26/Jan/2026 02:49:33] "GET /download_model?round=18 HTTP/1.1" 200 -
[33mclient_001_1  |[0m 2026-01-26 02:49:33,840 - __main__ - INFO - Round 18 finished. Loss: 0.5966, Acc: 96.12%
[34mclient_004_1  |[0m 2026-01-26 02:49:33,867 - __main__ - INFO - --- New Round Detected: 18 ---
[33mserver_1      |[0m INFO:werkzeug:172.18.0.20 - - [26/Jan/2026 02:49:33] "GET /download_model?round=18 HTTP/1.1" 200 -
[33mserver_1      |[0m INFO:__main__:Received update from client_001
[33mserver_1      |[0m INFO:__main__:--- Aggregating 5 updates ---
[33mserver_1      |[0m INFO:__main__:⚡ Using Custom Aggregator with Drift Metric...
[33mserver_1      |[0m INFO:server.aggregator:Starting FedAvg aggregation for 5 clients.
[35;1mclient_008_1  |[0m 2026-01-26 02:49:34,315 - __main__ - INFO - Round 18 finished. Loss: 0.2854, Acc: 98.92%
[33mserver_1      |[0m INFO:werkzeug:172.18.0.18 - - [26/Jan/2026 02:49:34] "[31m[1mPOST /submit_update HTTP/1.1[0m" 400 -
[35;1mclient_008_1  |[0m 2026-01-26 02:49:34,389 - __main__ - ERROR - Update submission failed: {"error":"Not accepting updates"}
[35;1mclient_008_1  |[0m 
[35;1mclient_008_1  |[0m 2026-01-26 02:49:34,389 - __main__ - INFO - Update submitted for Round 18. Waiting...
[33mserver_1      |[0m INFO:server.aggregator:--- [METRIC] Weight Divergence: 1.2889
[33mserver_1      |[0m INFO:server.aggregator:FedAvg aggregation complete.
[33mserver_1      |[0m INFO:__main__:Aggregation complete.
[33mserver_1      |[0m ⏱️ [TIME] Client client_005 finished training in 0.99s
[33mserver_1      |[0m ⏱️ [TIME] Client client_006 finished training in 0.01s
[33mserver_1      |[0m ⏱️ [TIME] Client client_010 finished training in 0.24s
[33mserver_1      |[0m ⏱️ [TIME] Client client_009 finished training in 1.10s
[33mserver_1      |[0m ⏱️ [TIME] Client client_001 finished training in 0.27s
[33mserver_1      |[0m DEBUG: ⚠️ MY CUSTOM AGGREGATOR IS RUNNING ⚠️
[33mserver_1      |[0m INFO:__main__:--- Round 18 Acc: 43.30%, Loss: 1.6886 ---
[33mserver_1      |[0m INFO:__main__:--- Starting Round 19. Timeout: 300s ---
[33mserver_1      |[0m INFO:werkzeug:172.18.0.15 - - [26/Jan/2026 02:49:36] "POST /submit_update HTTP/1.1" 200 -
[33mclient_001_1  |[0m 2026-01-26 02:49:36,556 - __main__ - INFO - 🚀 Model update submitted successfully.
[33mclient_001_1  |[0m 2026-01-26 02:49:36,556 - __main__ - INFO - Update submitted for Round 18. Waiting...
[32;1mclient_007_1  |[0m 2026-01-26 02:49:36,583 - __main__ - INFO - --- New Round Detected: 19 ---
[33mserver_1      |[0m INFO:werkzeug:172.18.0.21 - - [26/Jan/2026 02:49:36] "GET /download_model?round=19 HTTP/1.1" 200 -
[32mclient_002_1  |[0m 2026-01-26 02:49:36,641 - __main__ - INFO - --- New Round Detected: 19 ---
[33mserver_1      |[0m INFO:werkzeug:172.18.0.17 - - [26/Jan/2026 02:49:36] "GET /download_model?round=19 HTTP/1.1" 200 -
[36;1mclient_005_1  |[0m 2026-01-26 02:49:36,988 - __main__ - INFO - --- New Round Detected: 19 ---
[32;1mclient_007_1  |[0m 2026-01-26 02:49:37,003 - __main__ - INFO - Round 19 finished. Loss: 1.2771, Acc: 70.88%
[33mserver_1      |[0m INFO:werkzeug:172.18.0.22 - - [26/Jan/2026 02:49:37] "GET /download_model?round=19 HTTP/1.1" 200 -
[33mserver_1      |[0m INFO:__main__:Received update from client_007
[33mserver_1      |[0m INFO:werkzeug:172.18.0.21 - - [26/Jan/2026 02:49:37] "POST /submit_update HTTP/1.1" 200 -
[32;1mclient_007_1  |[0m 2026-01-26 02:49:37,159 - __main__ - INFO - 🚀 Model update submitted successfully.
[32;1mclient_007_1  |[0m 2026-01-26 02:49:37,159 - __main__ - INFO - Update submitted for Round 19. Waiting...
[34mclient_004_1  |[0m 2026-01-26 02:49:37,818 - __main__ - INFO - Round 18 finished. Loss: 0.5404, Acc: 95.37%
[32mclient_002_1  |[0m 2026-01-26 02:49:37,869 - __main__ - INFO - Round 19 finished. Loss: 0.4918, Acc: 95.75%
[33mserver_1      |[0m INFO:__main__:Received update from client_004
[33mserver_1      |[0m INFO:werkzeug:172.18.0.20 - - [26/Jan/2026 02:49:37] "POST /submit_update HTTP/1.1" 200 -
[34mclient_004_1  |[0m 2026-01-26 02:49:37,955 - __main__ - INFO - 🚀 Model update submitted successfully.
[34mclient_004_1  |[0m 2026-01-26 02:49:37,955 - __main__ - INFO - Update submitted for Round 18. Waiting...
[33mserver_1      |[0m INFO:__main__:Received update from client_002
[33mserver_1      |[0m INFO:werkzeug:172.18.0.17 - - [26/Jan/2026 02:49:37] "POST /submit_update HTTP/1.1" 200 -
[32mclient_002_1  |[0m 2026-01-26 02:49:38,006 - __main__ - INFO - 🚀 Model update submitted successfully.
[32mclient_002_1  |[0m 2026-01-26 02:49:38,006 - __main__ - INFO - Update submitted for Round 19. Waiting...
[33;1mclient_006_1  |[0m 2026-01-26 02:49:38,112 - __main__ - INFO - --- New Round Detected: 19 ---
[33mserver_1      |[0m INFO:werkzeug:172.18.0.14 - - [26/Jan/2026 02:49:38] "GET /download_model?round=19 HTTP/1.1" 200 -
[33;1mclient_006_1  |[0m 2026-01-26 02:49:38,256 - __main__ - INFO - Round 19 finished. Loss: 0.7942, Acc: 92.86%
[33mserver_1      |[0m INFO:__main__:Received update from client_006
[33mserver_1      |[0m INFO:werkzeug:172.18.0.14 - - [26/Jan/2026 02:49:38] "POST /submit_update HTTP/1.1" 200 -
[33;1mclient_006_1  |[0m 2026-01-26 02:49:38,426 - __main__ - INFO - 🚀 Model update submitted successfully.
[33;1mclient_006_1  |[0m 2026-01-26 02:49:38,426 - __main__ - INFO - Update submitted for Round 19. Waiting...
[36;1mclient_005_1  |[0m 2026-01-26 02:49:38,683 - __main__ - INFO - Round 19 finished. Loss: 0.4450, Acc: 97.36%
[36mclient_010_1  |[0m 2026-01-26 02:49:38,790 - __main__ - INFO - --- New Round Detected: 19 ---
[33mserver_1      |[0m INFO:__main__:Received update from client_005
[33mserver_1      |[0m INFO:__main__:--- Aggregating 5 updates ---
[33mserver_1      |[0m INFO:__main__:⚡ Using Custom Aggregator with Drift Metric...
[33mserver_1      |[0m INFO:server.aggregator:Starting FedAvg aggregation for 5 clients.
[33mserver_1      |[0m INFO:werkzeug:172.18.0.13 - - [26/Jan/2026 02:49:38] "GET /download_model?round=19 HTTP/1.1" 200 -
[36mclient_010_1  |[0m 2026-01-26 02:49:39,393 - __main__ - INFO - Round 19 finished. Loss: 0.4356, Acc: 98.15%
[33mserver_1      |[0m INFO:werkzeug:172.18.0.13 - - [26/Jan/2026 02:49:39] "[31m[1mPOST /submit_update HTTP/1.1[0m" 400 -
[36mclient_010_1  |[0m 2026-01-26 02:49:39,457 - __main__ - ERROR - Update submission failed: {"error":"Not accepting updates"}
[36mclient_010_1  |[0m 
[36mclient_010_1  |[0m 2026-01-26 02:49:39,457 - __main__ - INFO - Update submitted for Round 19. Waiting...
[35mclient_003_1  |[0m 2026-01-26 02:49:39,808 - __main__ - INFO - Round 18 finished. Loss: 0.5575, Acc: 91.71%
[33mserver_1      |[0m INFO:werkzeug:172.18.0.16 - - [26/Jan/2026 02:49:39] "[31m[1mPOST /submit_update HTTP/1.1[0m" 400 -
[35mclient_003_1  |[0m 2026-01-26 02:49:39,872 - __main__ - ERROR - Update submission failed: {"error":"Not accepting updates"}
[35mclient_003_1  |[0m 
[35mclient_003_1  |[0m 2026-01-26 02:49:39,872 - __main__ - INFO - Update submitted for Round 18. Waiting...
[33mserver_1      |[0m INFO:server.aggregator:--- [METRIC] Weight Divergence: 1.5762
[33mserver_1      |[0m INFO:server.aggregator:FedAvg aggregation complete.
[33mserver_1      |[0m INFO:__main__:Aggregation complete.
[33mserver_1      |[0m ⏱️ [TIME] Client client_007 finished training in 0.20s
[33mserver_1      |[0m ⏱️ [TIME] Client client_004 finished training in 3.18s
[33mserver_1      |[0m ⏱️ [TIME] Client client_002 finished training in 0.92s
[33mserver_1      |[0m ⏱️ [TIME] Client client_006 finished training in 0.01s
[33mserver_1      |[0m ⏱️ [TIME] Client client_005 finished training in 1.02s
[33mserver_1      |[0m DEBUG: ⚠️ MY CUSTOM AGGREGATOR IS RUNNING ⚠️
[33mserver_1      |[0m INFO:__main__:--- Round 19 Acc: 35.83%, Loss: 1.8313 ---
[33mserver_1      |[0m INFO:__main__:--- Starting Round 20. Timeout: 300s ---
[33mserver_1      |[0m INFO:werkzeug:172.18.0.22 - - [26/Jan/2026 02:49:41] "POST /submit_update HTTP/1.1" 200 -
[36;1mclient_005_1  |[0m 2026-01-26 02:49:41,671 - __main__ - INFO - 🚀 Model update submitted successfully.
[36;1mclient_005_1  |[0m 2026-01-26 02:49:41,672 - __main__ - INFO - Update submitted for Round 19. Waiting...
[34;1mclient_009_1  |[0m 2026-01-26 02:49:42,316 - __main__ - INFO - --- New Round Detected: 20 ---
[33mserver_1      |[0m INFO:werkzeug:172.18.0.19 - - [26/Jan/2026 02:49:42] "GET /download_model?round=20 HTTP/1.1" 200 -
[34;1mclient_009_1  |[0m 2026-01-26 02:49:44,088 - __main__ - INFO - Round 20 finished. Loss: 1.0964, Acc: 73.82%
[33mserver_1      |[0m INFO:__main__:Received update from client_009
[33mserver_1      |[0m INFO:werkzeug:172.18.0.19 - - [26/Jan/2026 02:49:44] "POST /submit_update HTTP/1.1" 200 -
[34;1mclient_009_1  |[0m 2026-01-26 02:49:44,226 - __main__ - INFO - 🚀 Model update submitted successfully.
[34;1mclient_009_1  |[0m 2026-01-26 02:49:44,226 - __main__ - INFO - Update submitted for Round 20. Waiting...
[35;1mclient_008_1  |[0m 2026-01-26 02:49:44,453 - __main__ - INFO - --- New Round Detected: 20 ---
[33mserver_1      |[0m INFO:werkzeug:172.18.0.18 - - [26/Jan/2026 02:49:44] "GET /download_model?round=20 HTTP/1.1" 200 -
[35;1mclient_008_1  |[0m 2026-01-26 02:49:45,511 - __main__ - INFO - Round 20 finished. Loss: 0.7157, Acc: 94.23%
[33mserver_1      |[0m INFO:__main__:Received update from client_008
[33mserver_1      |[0m INFO:werkzeug:172.18.0.18 - - [26/Jan/2026 02:49:45] "POST /submit_update HTTP/1.1" 200 -
[35;1mclient_008_1  |[0m 2026-01-26 02:49:45,645 - __main__ - INFO - 🚀 Model update submitted successfully.
[35;1mclient_008_1  |[0m 2026-01-26 02:49:45,646 - __main__ - INFO - Update submitted for Round 20. Waiting...
[33mclient_001_1  |[0m 2026-01-26 02:49:46,617 - __main__ - INFO - --- New Round Detected: 20 ---
[33mserver_1      |[0m INFO:werkzeug:172.18.0.15 - - [26/Jan/2026 02:49:46] "GET /download_model?round=20 HTTP/1.1" 200 -
[33mclient_001_1  |[0m 2026-01-26 02:49:47,022 - __main__ - INFO - Round 20 finished. Loss: 0.6776, Acc: 97.41%
[33mserver_1      |[0m INFO:__main__:Received update from client_001
[33mserver_1      |[0m INFO:werkzeug:172.18.0.15 - - [26/Jan/2026 02:49:47] "POST /submit_update HTTP/1.1" 200 -
[33mclient_001_1  |[0m 2026-01-26 02:49:47,156 - __main__ - INFO - 🚀 Model update submitted successfully.
[33mclient_001_1  |[0m 2026-01-26 02:49:47,156 - __main__ - INFO - Update submitted for Round 20. Waiting...
[32;1mclient_007_1  |[0m 2026-01-26 02:49:47,220 - __main__ - INFO - --- New Round Detected: 20 ---
[33mserver_1      |[0m INFO:werkzeug:172.18.0.21 - - [26/Jan/2026 02:49:47] "GET /download_model?round=20 HTTP/1.1" 200 -
[32;1mclient_007_1  |[0m 2026-01-26 02:49:47,600 - __main__ - INFO - Round 20 finished. Loss: 1.3232, Acc: 71.98%
[33mserver_1      |[0m INFO:__main__:Received update from client_007
[33mserver_1      |[0m INFO:werkzeug:172.18.0.21 - - [26/Jan/2026 02:49:47] "POST /submit_update HTTP/1.1" 200 -
[32;1mclient_007_1  |[0m 2026-01-26 02:49:47,736 - __main__ - INFO - 🚀 Model update submitted successfully.
[32;1mclient_007_1  |[0m 2026-01-26 02:49:47,737 - __main__ - INFO - Update submitted for Round 20. Waiting...
[34mclient_004_1  |[0m 2026-01-26 02:49:48,019 - __main__ - INFO - --- New Round Detected: 20 ---
[33mserver_1      |[0m INFO:werkzeug:172.18.0.20 - - [26/Jan/2026 02:49:48] "GET /download_model?round=20 HTTP/1.1" 200 -
[32mclient_002_1  |[0m 2026-01-26 02:49:48,073 - __main__ - INFO - --- New Round Detected: 20 ---
[33mserver_1      |[0m INFO:werkzeug:172.18.0.17 - - [26/Jan/2026 02:49:48] "GET /download_model?round=20 HTTP/1.1" 200 -
[33;1mclient_006_1  |[0m 2026-01-26 02:49:48,513 - __main__ - INFO - --- New Round Detected: 20 ---
[33mserver_1      |[0m INFO:werkzeug:172.18.0.14 - - [26/Jan/2026 02:49:48] "GET /download_model?round=20 HTTP/1.1" 200 -
[33;1mclient_006_1  |[0m 2026-01-26 02:49:48,664 - __main__ - INFO - Round 20 finished. Loss: 0.9893, Acc: 71.43%
[33mserver_1      |[0m INFO:__main__:Received update from client_006
[33mserver_1      |[0m INFO:__main__:--- Aggregating 5 updates ---
[33mserver_1      |[0m INFO:__main__:⚡ Using Custom Aggregator with Drift Metric...
[33mserver_1      |[0m INFO:server.aggregator:Starting FedAvg aggregation for 5 clients.
[32mclient_002_1  |[0m 2026-01-26 02:49:49,095 - __main__ - INFO - Round 20 finished. Loss: 0.7386, Acc: 94.66%
[33mserver_1      |[0m INFO:werkzeug:172.18.0.17 - - [26/Jan/2026 02:49:49] "[31m[1mPOST /submit_update HTTP/1.1[0m" 400 -
[32mclient_002_1  |[0m 2026-01-26 02:49:49,159 - __main__ - ERROR - Update submission failed: {"error":"Not accepting updates"}
[32mclient_002_1  |[0m 
[32mclient_002_1  |[0m 2026-01-26 02:49:49,159 - __main__ - INFO - Update submitted for Round 20. Waiting...
[36mclient_010_1  |[0m 2026-01-26 02:49:49,526 - __main__ - INFO - --- New Round Detected: 20 ---
[33mserver_1      |[0m INFO:werkzeug:172.18.0.13 - - [26/Jan/2026 02:49:49] "GET /download_model?round=20 HTTP/1.1" 200 -
[35mclient_003_1  |[0m 2026-01-26 02:49:49,933 - __main__ - INFO - --- New Round Detected: 20 ---
[33mserver_1      |[0m INFO:werkzeug:172.18.0.16 - - [26/Jan/2026 02:49:49] "GET /download_model?round=20 HTTP/1.1" 200 -
[36mclient_010_1  |[0m 2026-01-26 02:49:50,048 - __main__ - INFO - Round 20 finished. Loss: 0.7867, Acc: 97.42%
[33mserver_1      |[0m INFO:werkzeug:172.18.0.13 - - [26/Jan/2026 02:49:50] "[31m[1mPOST /submit_update HTTP/1.1[0m" 400 -
[36mclient_010_1  |[0m 2026-01-26 02:49:50,117 - __main__ - ERROR - Update submission failed: {"error":"Not accepting updates"}
[36mclient_010_1  |[0m 
[36mclient_010_1  |[0m 2026-01-26 02:49:50,118 - __main__ - INFO - Update submitted for Round 20. Waiting...
[36;1mclient_015_1  |[0m 2026-01-26 02:49:50,305 - __main__ - INFO - Round 1 finished. Loss: 1.8971, Acc: 59.14%
[33mserver_1      |[0m INFO:werkzeug:172.18.0.7 - - [26/Jan/2026 02:49:50] "[31m[1mPOST /submit_update HTTP/1.1[0m" 400 -
[33mserver_1      |[0m INFO:server.aggregator:--- [METRIC] Weight Divergence: 1.0876
[33mserver_1      |[0m INFO:server.aggregator:FedAvg aggregation complete.
[33mserver_1      |[0m INFO:__main__:Aggregation complete.
[33mserver_1      |[0m ⏱️ [TIME] Client client_009 finished training in 1.05s
[33mserver_1      |[0m ⏱️ [TIME] Client client_008 finished training in 0.60s
[33mserver_1      |[0m ⏱️ [TIME] Client client_001 finished training in 0.22s
[33mserver_1      |[0m ⏱️ [TIME] Client client_007 finished training in 0.16s
[33mserver_1      |[0m ⏱️ [TIME] Client client_006 finished training in 0.02s
[33mserver_1      |[0m DEBUG: ⚠️ MY CUSTOM AGGREGATOR IS RUNNING ⚠️
[36;1mclient_015_1  |[0m 2026-01-26 02:49:50,911 - __main__ - ERROR - Update submission failed: {"error":"Not accepting updates"}
[36;1mclient_015_1  |[0m 
[36;1mclient_015_1  |[0m 2026-01-26 02:49:50,911 - __main__ - INFO - Update submitted for Round 1. Waiting...
[34mclient_004_1  |[0m 2026-01-26 02:49:51,719 - __main__ - INFO - Round 20 finished. Loss: 0.3803, Acc: 97.04%
[33mserver_1      |[0m INFO:werkzeug:172.18.0.20 - - [26/Jan/2026 02:49:51] "[31m[1mPOST /submit_update HTTP/1.1[0m" 400 -
[36;1mclient_005_1  |[0m 2026-01-26 02:49:51,753 - __main__ - INFO - --- New Round Detected: 20 ---
[34mclient_004_1  |[0m 2026-01-26 02:49:51,786 - __main__ - ERROR - Update submission failed: {"error":"Not accepting updates"}
[34mclient_004_1  |[0m 
[34mclient_004_1  |[0m 2026-01-26 02:49:51,787 - __main__ - INFO - Update submitted for Round 20. Waiting...
[33mserver_1      |[0m INFO:werkzeug:172.18.0.22 - - [26/Jan/2026 02:49:51] "GET /download_model?round=20 HTTP/1.1" 200 -
[33mserver_1      |[0m INFO:__main__:--- Round 20 Acc: 42.22%, Loss: 1.7197 ---
[33mserver_1      |[0m INFO:__main__:--- Starting Round 21. Timeout: 300s ---
[33mserver_1      |[0m INFO:werkzeug:172.18.0.14 - - [26/Jan/2026 02:49:51] "POST /submit_update HTTP/1.1" 200 -
[33;1mclient_006_1  |[0m 2026-01-26 02:49:51,930 - __main__ - INFO - 🚀 Model update submitted successfully.
[33;1mclient_006_1  |[0m 2026-01-26 02:49:51,930 - __main__ - INFO - Update submitted for Round 20. Waiting...
[36;1mclient_005_1  |[0m 2026-01-26 02:49:53,005 - __main__ - INFO - Round 20 finished. Loss: 0.2960, Acc: 97.82%
[33mserver_1      |[0m INFO:__main__:Received update from client_005
[33mserver_1      |[0m INFO:werkzeug:172.18.0.22 - - [26/Jan/2026 02:49:53] "POST /submit_update HTTP/1.1" 200 -
[36;1mclient_005_1  |[0m 2026-01-26 02:49:53,141 - __main__ - INFO - 🚀 Model update submitted successfully.
[36;1mclient_005_1  |[0m 2026-01-26 02:49:53,141 - __main__ - INFO - Update submitted for Round 20. Waiting...
[34;1mclient_009_1  |[0m 2026-01-26 02:49:54,288 - __main__ - INFO - --- New Round Detected: 21 ---
[33mserver_1      |[0m INFO:werkzeug:172.18.0.19 - - [26/Jan/2026 02:49:54] "GET /download_model?round=21 HTTP/1.1" 200 -
[35;1mclient_008_1  |[0m 2026-01-26 02:49:55,707 - __main__ - INFO - --- New Round Detected: 21 ---
[33mserver_1      |[0m INFO:werkzeug:172.18.0.18 - - [26/Jan/2026 02:49:55] "GET /download_model?round=21 HTTP/1.1" 200 -
[34;1mclient_009_1  |[0m 2026-01-26 02:49:56,191 - __main__ - INFO - Round 21 finished. Loss: 0.7753, Acc: 82.14%
[33mserver_1      |[0m INFO:__main__:Received update from client_009
[33mserver_1      |[0m INFO:werkzeug:172.18.0.19 - - [26/Jan/2026 02:49:56] "POST /submit_update HTTP/1.1" 200 -
[34;1mclient_009_1  |[0m 2026-01-26 02:49:56,326 - __main__ - INFO - 🚀 Model update submitted successfully.
[34;1mclient_009_1  |[0m 2026-01-26 02:49:56,326 - __main__ - INFO - Update submitted for Round 21. Waiting...
[35;1mclient_008_1  |[0m 2026-01-26 02:49:56,850 - __main__ - INFO - Round 21 finished. Loss: 0.3368, Acc: 98.97%
[35mclient_003_1  |[0m 2026-01-26 02:49:56,975 - __main__ - INFO - Round 20 finished. Loss: 0.8276, Acc: 87.02%
[33mserver_1      |[0m INFO:__main__:Received update from client_008
[33mserver_1      |[0m INFO:werkzeug:172.18.0.18 - - [26/Jan/2026 02:49:56] "POST /submit_update HTTP/1.1" 200 -
[35;1mclient_008_1  |[0m 2026-01-26 02:49:57,005 - __main__ - INFO - 🚀 Model update submitted successfully.
[35;1mclient_008_1  |[0m 2026-01-26 02:49:57,005 - __main__ - INFO - Update submitted for Round 21. Waiting...
[33mserver_1      |[0m INFO:__main__:Received update from client_003
[33mserver_1      |[0m INFO:werkzeug:172.18.0.16 - - [26/Jan/2026 02:49:57] "POST /submit_update HTTP/1.1" 200 -
[35mclient_003_1  |[0m 2026-01-26 02:49:57,129 - __main__ - INFO - 🚀 Model update submitted successfully.
[35mclient_003_1  |[0m 2026-01-26 02:49:57,129 - __main__ - INFO - Update submitted for Round 20. Waiting...
[33mclient_001_1  |[0m 2026-01-26 02:49:57,218 - __main__ - INFO - --- New Round Detected: 21 ---
[33mserver_1      |[0m INFO:werkzeug:172.18.0.15 - - [26/Jan/2026 02:49:57] "GET /download_model?round=21 HTTP/1.1" 200 -
[33mclient_001_1  |[0m 2026-01-26 02:49:57,634 - __main__ - INFO - Round 21 finished. Loss: 0.4191, Acc: 98.71%
[33mserver_1      |[0m INFO:__main__:Received update from client_001
[33mserver_1      |[0m INFO:__main__:--- Aggregating 5 updates ---
[33mserver_1      |[0m INFO:__main__:⚡ Using Custom Aggregator with Drift Metric...
[33mserver_1      |[0m INFO:server.aggregator:Starting FedAvg aggregation for 5 clients.
[32;1mclient_007_1  |[0m 2026-01-26 02:49:57,807 - __main__ - INFO - --- New Round Detected: 21 ---
[33mserver_1      |[0m INFO:werkzeug:172.18.0.21 - - [26/Jan/2026 02:49:57] "GET /download_model?round=21 HTTP/1.1" 200 -
[32;1mclient_007_1  |[0m 2026-01-26 02:49:58,189 - __main__ - INFO - Round 21 finished. Loss: 1.2980, Acc: 71.06%
[33mserver_1      |[0m INFO:werkzeug:172.18.0.21 - - [26/Jan/2026 02:49:58] "[31m[1mPOST /submit_update HTTP/1.1[0m" 400 -
[32;1mclient_007_1  |[0m 2026-01-26 02:49:58,269 - __main__ - ERROR - Update submission failed: {"error":"Not accepting updates"}
[32;1mclient_007_1  |[0m 
[32;1mclient_007_1  |[0m 2026-01-26 02:49:58,269 - __main__ - INFO - Update submitted for Round 21. Waiting...
[32mclient_002_1  |[0m 2026-01-26 02:49:59,277 - __main__ - INFO - --- New Round Detected: 21 ---
[33mserver_1      |[0m INFO:werkzeug:172.18.0.17 - - [26/Jan/2026 02:49:59] "GET /download_model?round=21 HTTP/1.1" 200 -
[33mserver_1      |[0m INFO:server.aggregator:--- [METRIC] Weight Divergence: 2.0214
[33mserver_1      |[0m INFO:server.aggregator:FedAvg aggregation complete.
[33mserver_1      |[0m INFO:__main__:Aggregation complete.
[33mserver_1      |[0m ⏱️ [TIME] Client client_005 finished training in 0.79s
[33mserver_1      |[0m ⏱️ [TIME] Client client_009 finished training in 1.15s
[33mserver_1      |[0m ⏱️ [TIME] Client client_008 finished training in 0.68s
[33mserver_1      |[0m ⏱️ [TIME] Client client_003 finished training in 5.59s
[33mserver_1      |[0m ⏱️ [TIME] Client client_001 finished training in 0.24s
[33mserver_1      |[0m DEBUG: ⚠️ MY CUSTOM AGGREGATOR IS RUNNING ⚠️
[36mclient_010_1  |[0m 2026-01-26 02:50:00,184 - __main__ - INFO - --- New Round Detected: 21 ---
[33mserver_1      |[0m INFO:werkzeug:172.18.0.13 - - [26/Jan/2026 02:50:00] "GET /download_model?round=21 HTTP/1.1" 200 -
[32mclient_002_1  |[0m 2026-01-26 02:50:00,307 - __main__ - INFO - Round 21 finished. Loss: 0.5058, Acc: 96.25%
[33mserver_1      |[0m INFO:werkzeug:172.18.0.17 - - [26/Jan/2026 02:50:00] "[31m[1mPOST /submit_update HTTP/1.1[0m" 400 -
[32mclient_002_1  |[0m 2026-01-26 02:50:00,382 - __main__ - ERROR - Update submission failed: {"error":"Not accepting updates"}
[32mclient_002_1  |[0m 
[32mclient_002_1  |[0m 2026-01-26 02:50:00,383 - __main__ - INFO - Update submitted for Round 21. Waiting...
[33mserver_1      |[0m INFO:__main__:--- Round 21 Acc: 43.97%, Loss: 1.6303 ---
[33mserver_1      |[0m INFO:__main__:--- Starting Round 22. Timeout: 300s ---
[33mserver_1      |[0m INFO:werkzeug:172.18.0.15 - - [26/Jan/2026 02:50:00] "POST /submit_update HTTP/1.1" 200 -
[33mclient_001_1  |[0m 2026-01-26 02:50:00,646 - __main__ - INFO - 🚀 Model update submitted successfully.
[33mclient_001_1  |[0m 2026-01-26 02:50:00,646 - __main__ - INFO - Update submitted for Round 21. Waiting...
[36mclient_010_1  |[0m 2026-01-26 02:50:00,686 - __main__ - INFO - Round 21 finished. Loss: 0.5318, Acc: 96.80%
[33mserver_1      |[0m INFO:__main__:Received update from client_010
[33mserver_1      |[0m INFO:werkzeug:172.18.0.13 - - [26/Jan/2026 02:50:00] "POST /submit_update HTTP/1.1" 200 -
[36mclient_010_1  |[0m 2026-01-26 02:50:00,820 - __main__ - INFO - 🚀 Model update submitted successfully.
[36mclient_010_1  |[0m 2026-01-26 02:50:00,821 - __main__ - INFO - Update submitted for Round 21. Waiting...
[34mclient_004_1  |[0m 2026-01-26 02:50:01,848 - __main__ - INFO - --- New Round Detected: 22 ---
[33mserver_1      |[0m INFO:werkzeug:172.18.0.20 - - [26/Jan/2026 02:50:01] "GET /download_model?round=22 HTTP/1.1" 200 -
[33;1mclient_006_1  |[0m 2026-01-26 02:50:01,991 - __main__ - INFO - --- New Round Detected: 22 ---
[33mserver_1      |[0m INFO:werkzeug:172.18.0.14 - - [26/Jan/2026 02:50:02] "GET /download_model?round=22 HTTP/1.1" 200 -
[33;1mclient_006_1  |[0m 2026-01-26 02:50:02,122 - __main__ - INFO - Round 22 finished. Loss: 0.6352, Acc: 100.00%
[36;1mclient_015_1  |[0m 2026-01-26 02:50:02,164 - __main__ - INFO - --- New Round Detected: 22 ---
[33mserver_1      |[0m INFO:__main__:Received update from client_006
[33mserver_1      |[0m INFO:werkzeug:172.18.0.14 - - [26/Jan/2026 02:50:02] "POST /submit_update HTTP/1.1" 200 -
[33;1mclient_006_1  |[0m 2026-01-26 02:50:02,256 - __main__ - INFO - 🚀 Model update submitted successfully.
[33;1mclient_006_1  |[0m 2026-01-26 02:50:02,256 - __main__ - INFO - Update submitted for Round 22. Waiting...
[33mserver_1      |[0m INFO:werkzeug:172.18.0.7 - - [26/Jan/2026 02:50:02] "GET /download_model?round=22 HTTP/1.1" 200 -
[36;1mclient_005_1  |[0m 2026-01-26 02:50:03,203 - __main__ - INFO - --- New Round Detected: 22 ---
[33mserver_1      |[0m INFO:werkzeug:172.18.0.22 - - [26/Jan/2026 02:50:03] "GET /download_model?round=22 HTTP/1.1" 200 -
[36;1mclient_005_1  |[0m 2026-01-26 02:50:04,881 - __main__ - INFO - Round 22 finished. Loss: 0.4680, Acc: 97.11%
[33mserver_1      |[0m INFO:__main__:Received update from client_005
[33mserver_1      |[0m INFO:werkzeug:172.18.0.22 - - [26/Jan/2026 02:50:04] "POST /submit_update HTTP/1.1" 200 -
[36;1mclient_005_1  |[0m 2026-01-26 02:50:05,015 - __main__ - INFO - 🚀 Model update submitted successfully.
[36;1mclient_005_1  |[0m 2026-01-26 02:50:05,015 - __main__ - INFO - Update submitted for Round 22. Waiting...
[34mclient_004_1  |[0m 2026-01-26 02:50:05,505 - __main__ - INFO - Round 22 finished. Loss: 0.4698, Acc: 96.38%
[33mserver_1      |[0m INFO:__main__:Received update from client_004
[33mserver_1      |[0m INFO:werkzeug:172.18.0.20 - - [26/Jan/2026 02:50:05] "POST /submit_update HTTP/1.1" 200 -
[34mclient_004_1  |[0m 2026-01-26 02:50:05,660 - __main__ - INFO - 🚀 Model update submitted successfully.
[34mclient_004_1  |[0m 2026-01-26 02:50:05,660 - __main__ - INFO - Update submitted for Round 22. Waiting...
[34;1mclient_009_1  |[0m 2026-01-26 02:50:06,387 - __main__ - INFO - --- New Round Detected: 22 ---
[33mserver_1      |[0m INFO:werkzeug:172.18.0.19 - - [26/Jan/2026 02:50:06] "GET /download_model?round=22 HTTP/1.1" 200 -
[35;1mclient_008_1  |[0m 2026-01-26 02:50:07,072 - __main__ - INFO - --- New Round Detected: 22 ---
[33mserver_1      |[0m INFO:werkzeug:172.18.0.18 - - [26/Jan/2026 02:50:07] "GET /download_model?round=22 HTTP/1.1" 200 -
[35mclient_003_1  |[0m 2026-01-26 02:50:07,193 - __main__ - INFO - --- New Round Detected: 22 ---
[33mserver_1      |[0m INFO:werkzeug:172.18.0.16 - - [26/Jan/2026 02:50:07] "GET /download_model?round=22 HTTP/1.1" 200 -
[34;1mclient_009_1  |[0m 2026-01-26 02:50:07,928 - __main__ - INFO - Round 22 finished. Loss: 0.9023, Acc: 79.10%
[33mserver_1      |[0m INFO:__main__:Received update from client_009
[33mserver_1      |[0m INFO:__main__:--- Aggregating 5 updates ---
[33mserver_1      |[0m INFO:__main__:⚡ Using Custom Aggregator with Drift Metric...
[33mserver_1      |[0m INFO:server.aggregator:Starting FedAvg aggregation for 5 clients.
[35;1mclient_008_1  |[0m 2026-01-26 02:50:08,157 - __main__ - INFO - Round 22 finished. Loss: 0.3287, Acc: 98.87%
[33mserver_1      |[0m INFO:werkzeug:172.18.0.18 - - [26/Jan/2026 02:50:08] "[31m[1mPOST /submit_update HTTP/1.1[0m" 400 -
[35;1mclient_008_1  |[0m 2026-01-26 02:50:08,223 - __main__ - ERROR - Update submission failed: {"error":"Not accepting updates"}
[35;1mclient_008_1  |[0m 
[35;1mclient_008_1  |[0m 2026-01-26 02:50:08,224 - __main__ - INFO - Update submitted for Round 22. Waiting...
[32;1mclient_007_1  |[0m 2026-01-26 02:50:08,335 - __main__ - INFO - --- New Round Detected: 22 ---
[33mserver_1      |[0m INFO:werkzeug:172.18.0.21 - - [26/Jan/2026 02:50:08] "GET /download_model?round=22 HTTP/1.1" 200 -
[32;1mclient_007_1  |[0m 2026-01-26 02:50:08,752 - __main__ - INFO - Round 22 finished. Loss: 1.3234, Acc: 73.44%
[33mserver_1      |[0m INFO:werkzeug:172.18.0.21 - - [26/Jan/2026 02:50:08] "[31m[1mPOST /submit_update HTTP/1.1[0m" 400 -
[32;1mclient_007_1  |[0m 2026-01-26 02:50:08,818 - __main__ - ERROR - Update submission failed: {"error":"Not accepting updates"}
[32;1mclient_007_1  |[0m 
[32;1mclient_007_1  |[0m 2026-01-26 02:50:08,818 - __main__ - INFO - Update submitted for Round 22. Waiting...
[33mserver_1      |[0m INFO:server.aggregator:--- [METRIC] Weight Divergence: 1.4869
[33mserver_1      |[0m INFO:server.aggregator:FedAvg aggregation complete.
[33mserver_1      |[0m INFO:__main__:Aggregation complete.
[33mserver_1      |[0m ⏱️ [TIME] Client client_010 finished training in 0.24s
[33mserver_1      |[0m ⏱️ [TIME] Client client_006 finished training in 0.01s
[33mserver_1      |[0m ⏱️ [TIME] Client client_005 finished training in 1.00s
[33mserver_1      |[0m ⏱️ [TIME] Client client_004 finished training in 2.91s
[33mserver_1      |[0m ⏱️ [TIME] Client client_009 finished training in 1.12s
[33mserver_1      |[0m DEBUG: ⚠️ MY CUSTOM AGGREGATOR IS RUNNING ⚠️
[32mclient_002_1  |[0m 2026-01-26 02:50:10,459 - __main__ - INFO - --- New Round Detected: 22 ---
[33mserver_1      |[0m INFO:werkzeug:172.18.0.17 - - [26/Jan/2026 02:50:10] "GET /download_model?round=22 HTTP/1.1" 200 -
[33mclient_001_1  |[0m 2026-01-26 02:50:10,721 - __main__ - INFO - --- New Round Detected: 22 ---
[33mserver_1      |[0m INFO:werkzeug:172.18.0.15 - - [26/Jan/2026 02:50:10] "GET /download_model?round=22 HTTP/1.1" 200 -
[36mclient_010_1  |[0m 2026-01-26 02:50:10,911 - __main__ - INFO - --- New Round Detected: 22 ---
[33mserver_1      |[0m INFO:werkzeug:172.18.0.13 - - [26/Jan/2026 02:50:11] "GET /download_model?round=22 HTTP/1.1" 200 -
[33mclient_001_1  |[0m 2026-01-26 02:50:11,110 - __main__ - INFO - Round 22 finished. Loss: 0.5768, Acc: 95.15%
[33mserver_1      |[0m INFO:werkzeug:172.18.0.15 - - [26/Jan/2026 02:50:11] "[31m[1mPOST /submit_update HTTP/1.1[0m" 400 -
[33mclient_001_1  |[0m 2026-01-26 02:50:11,174 - __main__ - ERROR - Update submission failed: {"error":"Not accepting updates"}
[33mclient_001_1  |[0m 
[33mclient_001_1  |[0m 2026-01-26 02:50:11,174 - __main__ - INFO - Update submitted for Round 22. Waiting...
[33mserver_1      |[0m INFO:__main__:--- Round 22 Acc: 41.38%, Loss: 1.7028 ---
[33mserver_1      |[0m INFO:__main__:--- Starting Round 23. Timeout: 300s ---
[33mserver_1      |[0m INFO:werkzeug:172.18.0.19 - - [26/Jan/2026 02:50:11] "POST /submit_update HTTP/1.1" 200 -
[34;1mclient_009_1  |[0m 2026-01-26 02:50:11,304 - __main__ - INFO - 🚀 Model update submitted successfully.
[34;1mclient_009_1  |[0m 2026-01-26 02:50:11,305 - __main__ - INFO - Update submitted for Round 22. Waiting...
[32mclient_002_1  |[0m 2026-01-26 02:50:11,431 - __main__ - INFO - Round 22 finished. Loss: 0.6927, Acc: 92.19%
[36mclient_010_1  |[0m 2026-01-26 02:50:11,505 - __main__ - INFO - Round 22 finished. Loss: 0.7177, Acc: 94.10%
[33mserver_1      |[0m INFO:__main__:Received update from client_002
[33mserver_1      |[0m INFO:werkzeug:172.18.0.17 - - [26/Jan/2026 02:50:11] "POST /submit_update HTTP/1.1" 200 -
[32mclient_002_1  |[0m 2026-01-26 02:50:11,565 - __main__ - INFO - 🚀 Model update submitted successfully.
[32mclient_002_1  |[0m 2026-01-26 02:50:11,565 - __main__ - INFO - Update submitted for Round 22. Waiting...
[33mserver_1      |[0m INFO:__main__:Received update from client_010
[33mserver_1      |[0m INFO:werkzeug:172.18.0.13 - - [26/Jan/2026 02:50:11] "POST /submit_update HTTP/1.1" 200 -
[36mclient_010_1  |[0m 2026-01-26 02:50:11,639 - __main__ - INFO - 🚀 Model update submitted successfully.
[36mclient_010_1  |[0m 2026-01-26 02:50:11,639 - __main__ - INFO - Update submitted for Round 22. Waiting...
[33;1mclient_006_1  |[0m 2026-01-26 02:50:12,321 - __main__ - INFO - --- New Round Detected: 23 ---
[33mserver_1      |[0m INFO:werkzeug:172.18.0.14 - - [26/Jan/2026 02:50:12] "GET /download_model?round=23 HTTP/1.1" 200 -
[33;1mclient_006_1  |[0m 2026-01-26 02:50:12,458 - __main__ - INFO - Round 23 finished. Loss: 0.7322, Acc: 85.71%
[33mserver_1      |[0m INFO:__main__:Received update from client_006
[33mserver_1      |[0m INFO:werkzeug:172.18.0.14 - - [26/Jan/2026 02:50:12] "POST /submit_update HTTP/1.1" 200 -
[33;1mclient_006_1  |[0m 2026-01-26 02:50:12,611 - __main__ - INFO - 🚀 Model update submitted successfully.
[33;1mclient_006_1  |[0m 2026-01-26 02:50:12,611 - __main__ - INFO - Update submitted for Round 23. Waiting...
[35mclient_003_1  |[0m 2026-01-26 02:50:13,917 - __main__ - INFO - Round 22 finished. Loss: 0.5480, Acc: 93.11%
[33mserver_1      |[0m INFO:__main__:Received update from client_003
[33mserver_1      |[0m INFO:werkzeug:172.18.0.16 - - [26/Jan/2026 02:50:14] "POST /submit_update HTTP/1.1" 200 -
[35mclient_003_1  |[0m 2026-01-26 02:50:14,054 - __main__ - INFO - 🚀 Model update submitted successfully.
[35mclient_003_1  |[0m 2026-01-26 02:50:14,054 - __main__ - INFO - Update submitted for Round 22. Waiting...
[36;1mclient_005_1  |[0m 2026-01-26 02:50:15,080 - __main__ - INFO - --- New Round Detected: 23 ---
[33mserver_1      |[0m INFO:werkzeug:172.18.0.22 - - [26/Jan/2026 02:50:15] "GET /download_model?round=23 HTTP/1.1" 200 -
[34mclient_004_1  |[0m 2026-01-26 02:50:15,734 - __main__ - INFO - --- New Round Detected: 23 ---
[33mserver_1      |[0m INFO:werkzeug:172.18.0.20 - - [26/Jan/2026 02:50:15] "GET /download_model?round=23 HTTP/1.1" 200 -
[36;1mclient_005_1  |[0m 2026-01-26 02:50:16,648 - __main__ - INFO - Round 23 finished. Loss: 0.3514, Acc: 98.42%
[33mserver_1      |[0m INFO:__main__:Received update from client_005
[33mserver_1      |[0m INFO:__main__:--- Aggregating 5 updates ---
[33mserver_1      |[0m INFO:__main__:⚡ Using Custom Aggregator with Drift Metric...
[33mserver_1      |[0m INFO:server.aggregator:Starting FedAvg aggregation for 5 clients.
[33mserver_1      |[0m INFO:server.aggregator:--- [METRIC] Weight Divergence: 2.1173
[33mserver_1      |[0m INFO:server.aggregator:FedAvg aggregation complete.
[33mserver_1      |[0m INFO:__main__:Aggregation complete.
[33mserver_1      |[0m ⏱️ [TIME] Client client_002 finished training in 0.70s
[33mserver_1      |[0m ⏱️ [TIME] Client client_010 finished training in 0.23s
[33mserver_1      |[0m ⏱️ [TIME] Client client_006 finished training in 0.01s
[33mserver_1      |[0m ⏱️ [TIME] Client client_003 finished training in 5.26s
[33mserver_1      |[0m ⏱️ [TIME] Client client_005 finished training in 0.93s
[33mserver_1      |[0m DEBUG: ⚠️ MY CUSTOM AGGREGATOR IS RUNNING ⚠️
[35;1mclient_008_1  |[0m 2026-01-26 02:50:18,291 - __main__ - INFO - --- New Round Detected: 23 ---
[33mserver_1      |[0m INFO:werkzeug:172.18.0.18 - - [26/Jan/2026 02:50:18] "GET /download_model?round=23 HTTP/1.1" 200 -
[32;1mclient_007_1  |[0m 2026-01-26 02:50:18,887 - __main__ - INFO - --- New Round Detected: 23 ---
[33mserver_1      |[0m INFO:werkzeug:172.18.0.21 - - [26/Jan/2026 02:50:18] "GET /download_model?round=23 HTTP/1.1" 200 -
[32;1mclient_007_1  |[0m 2026-01-26 02:50:19,292 - __main__ - INFO - Round 23 finished. Loss: 1.3668, Acc: 72.16%
[33mserver_1      |[0m INFO:werkzeug:172.18.0.21 - - [26/Jan/2026 02:50:19] "[31m[1mPOST /submit_update HTTP/1.1[0m" 400 -
[32;1mclient_007_1  |[0m 2026-01-26 02:50:19,356 - __main__ - ERROR - Update submission failed: {"error":"Not accepting updates"}
[32;1mclient_007_1  |[0m 
[32;1mclient_007_1  |[0m 2026-01-26 02:50:19,356 - __main__ - INFO - Update submitted for Round 23. Waiting...
[35;1mclient_008_1  |[0m 2026-01-26 02:50:19,483 - __main__ - INFO - Round 23 finished. Loss: 0.5332, Acc: 97.73%
[33mserver_1      |[0m INFO:werkzeug:172.18.0.18 - - [26/Jan/2026 02:50:19] "[31m[1mPOST /submit_update HTTP/1.1[0m" 400 -
[34mclient_004_1  |[0m 2026-01-26 02:50:19,540 - __main__ - INFO - Round 23 finished. Loss: 0.3283, Acc: 99.00%
[35;1mclient_008_1  |[0m 2026-01-26 02:50:19,547 - __main__ - ERROR - Update submission failed: {"error":"Not accepting updates"}
[35;1mclient_008_1  |[0m 
[35;1mclient_008_1  |[0m 2026-01-26 02:50:19,547 - __main__ - INFO - Update submitted for Round 23. Waiting...
[33mserver_1      |[0m INFO:werkzeug:172.18.0.20 - - [26/Jan/2026 02:50:19] "[31m[1mPOST /submit_update HTTP/1.1[0m" 400 -
[34mclient_004_1  |[0m 2026-01-26 02:50:19,604 - __main__ - ERROR - Update submission failed: {"error":"Not accepting updates"}
[34mclient_004_1  |[0m 
[34mclient_004_1  |[0m 2026-01-26 02:50:19,604 - __main__ - INFO - Update submitted for Round 23. Waiting...
[33mserver_1      |[0m INFO:__main__:--- Round 23 Acc: 44.76%, Loss: 1.6436 ---
[33mserver_1      |[0m INFO:__main__:--- Starting Round 24. Timeout: 300s ---
[33mserver_1      |[0m INFO:werkzeug:172.18.0.22 - - [26/Jan/2026 02:50:19] "POST /submit_update HTTP/1.1" 200 -
[36;1mclient_005_1  |[0m 2026-01-26 02:50:19,640 - __main__ - INFO - 🚀 Model update submitted successfully.
[36;1mclient_005_1  |[0m 2026-01-26 02:50:19,640 - __main__ - INFO - Update submitted for Round 23. Waiting...
[33mclient_001_1  |[0m 2026-01-26 02:50:21,242 - __main__ - INFO - --- New Round Detected: 24 ---
[33mserver_1      |[0m INFO:werkzeug:172.18.0.15 - - [26/Jan/2026 02:50:21] "GET /download_model?round=24 HTTP/1.1" 200 -
[34;1mclient_009_1  |[0m 2026-01-26 02:50:21,366 - __main__ - INFO - --- New Round Detected: 24 ---
[33mserver_1      |[0m INFO:werkzeug:172.18.0.19 - - [26/Jan/2026 02:50:21] "GET /download_model?round=24 HTTP/1.1" 200 -
[33mclient_001_1  |[0m 2026-01-26 02:50:21,556 - __main__ - INFO - Round 24 finished. Loss: 0.6468, Acc: 94.82%
[32mclient_002_1  |[0m 2026-01-26 02:50:21,635 - __main__ - INFO - --- New Round Detected: 24 ---
[33mserver_1      |[0m INFO:__main__:Received update from client_001
[33mserver_1      |[0m INFO:werkzeug:172.18.0.15 - - [26/Jan/2026 02:50:21] "POST /submit_update HTTP/1.1" 200 -
[33mserver_1      |[0m INFO:werkzeug:172.18.0.17 - - [26/Jan/2026 02:50:21] "GET /download_model?round=24 HTTP/1.1" 200 -
[33mclient_001_1  |[0m 2026-01-26 02:50:21,691 - __main__ - INFO - 🚀 Model update submitted successfully.
[33mclient_001_1  |[0m 2026-01-26 02:50:21,692 - __main__ - INFO - Update submitted for Round 24. Waiting...
[36mclient_010_1  |[0m 2026-01-26 02:50:21,701 - __main__ - INFO - --- New Round Detected: 24 ---
[33mserver_1      |[0m INFO:werkzeug:172.18.0.13 - - [26/Jan/2026 02:50:21] "GET /download_model?round=24 HTTP/1.1" 200 -
[36mclient_010_1  |[0m 2026-01-26 02:50:22,215 - __main__ - INFO - Round 24 finished. Loss: 0.7819, Acc: 92.62%
[33mserver_1      |[0m INFO:__main__:Received update from client_010
[33mserver_1      |[0m INFO:werkzeug:172.18.0.13 - - [26/Jan/2026 02:50:22] "POST /submit_update HTTP/1.1" 200 -
[36mclient_010_1  |[0m 2026-01-26 02:50:22,352 - __main__ - INFO - 🚀 Model update submitted successfully.
[36mclient_010_1  |[0m 2026-01-26 02:50:22,352 - __main__ - INFO - Update submitted for Round 24. Waiting...
[32mclient_002_1  |[0m 2026-01-26 02:50:22,601 - __main__ - INFO - Round 24 finished. Loss: 0.7967, Acc: 91.90%
[33;1mclient_006_1  |[0m 2026-01-26 02:50:22,673 - __main__ - INFO - --- New Round Detected: 24 ---
[33mserver_1      |[0m INFO:werkzeug:172.18.0.14 - - [26/Jan/2026 02:50:22] "GET /download_model?round=24 HTTP/1.1" 200 -
[33mserver_1      |[0m INFO:__main__:Received update from client_002
[33mserver_1      |[0m INFO:werkzeug:172.18.0.17 - - [26/Jan/2026 02:50:22] "POST /submit_update HTTP/1.1" 200 -
[32mclient_002_1  |[0m 2026-01-26 02:50:22,738 - __main__ - INFO - 🚀 Model update submitted successfully.
[32mclient_002_1  |[0m 2026-01-26 02:50:22,738 - __main__ - INFO - Update submitted for Round 24. Waiting...
[33;1mclient_006_1  |[0m 2026-01-26 02:50:22,808 - __main__ - INFO - Round 24 finished. Loss: 0.7383, Acc: 78.57%
[33mserver_1      |[0m INFO:__main__:Received update from client_006
[33mserver_1      |[0m INFO:werkzeug:172.18.0.14 - - [26/Jan/2026 02:50:22] "POST /submit_update HTTP/1.1" 200 -
[33;1mclient_006_1  |[0m 2026-01-26 02:50:22,942 - __main__ - INFO - 🚀 Model update submitted successfully.
[33;1mclient_006_1  |[0m 2026-01-26 02:50:22,942 - __main__ - INFO - Update submitted for Round 24. Waiting...
[34;1mclient_009_1  |[0m 2026-01-26 02:50:23,249 - __main__ - INFO - Round 24 finished. Loss: 0.9991, Acc: 77.40%
[33mserver_1      |[0m INFO:__main__:Received update from client_009
[33mserver_1      |[0m INFO:__main__:--- Aggregating 5 updates ---
[33mserver_1      |[0m INFO:__main__:⚡ Using Custom Aggregator with Drift Metric...
[33mserver_1      |[0m INFO:server.aggregator:Starting FedAvg aggregation for 5 clients.
[35mclient_003_1  |[0m 2026-01-26 02:50:24,116 - __main__ - INFO - --- New Round Detected: 24 ---
[33mserver_1      |[0m INFO:werkzeug:172.18.0.16 - - [26/Jan/2026 02:50:24] "GET /download_model?round=24 HTTP/1.1" 200 -
[33mserver_1      |[0m INFO:server.aggregator:--- [METRIC] Weight Divergence: 1.2409
[33mserver_1      |[0m INFO:server.aggregator:FedAvg aggregation complete.
[33mserver_1      |[0m INFO:__main__:Aggregation complete.
[33mserver_1      |[0m ⏱️ [TIME] Client client_001 finished training in 0.13s
[33mserver_1      |[0m ⏱️ [TIME] Client client_010 finished training in 0.27s
[33mserver_1      |[0m ⏱️ [TIME] Client client_002 finished training in 0.75s
[33mserver_1      |[0m ⏱️ [TIME] Client client_006 finished training in 0.01s
[33mserver_1      |[0m ⏱️ [TIME] Client client_009 finished training in 1.14s
[33mserver_1      |[0m DEBUG: ⚠️ MY CUSTOM AGGREGATOR IS RUNNING ⚠️
[33mserver_1      |[0m INFO:__main__:--- Round 24 Acc: 39.14%, Loss: 1.7553 ---
[33mserver_1      |[0m INFO:__main__:--- Starting Round 25. Timeout: 300s ---
[33mserver_1      |[0m INFO:werkzeug:172.18.0.19 - - [26/Jan/2026 02:50:25] "POST /submit_update HTTP/1.1" 200 -
[34;1mclient_009_1  |[0m 2026-01-26 02:50:26,003 - __main__ - INFO - 🚀 Model update submitted successfully.
[34;1mclient_009_1  |[0m 2026-01-26 02:50:26,003 - __main__ - INFO - Update submitted for Round 24. Waiting...
[32;1mclient_007_1  |[0m 2026-01-26 02:50:29,431 - __main__ - INFO - --- New Round Detected: 25 ---
[33mserver_1      |[0m INFO:werkzeug:172.18.0.21 - - [26/Jan/2026 02:50:29] "GET /download_model?round=25 HTTP/1.1" 200 -
[35;1mclient_008_1  |[0m 2026-01-26 02:50:29,624 - __main__ - INFO - --- New Round Detected: 25 ---
[33mserver_1      |[0m INFO:werkzeug:172.18.0.18 - - [26/Jan/2026 02:50:29] "GET /download_model?round=25 HTTP/1.1" 200 -
[34mclient_004_1  |[0m 2026-01-26 02:50:29,671 - __main__ - INFO - --- New Round Detected: 25 ---
[33mserver_1      |[0m INFO:werkzeug:172.18.0.20 - - [26/Jan/2026 02:50:29] "GET /download_model?round=25 HTTP/1.1" 200 -
[36;1mclient_005_1  |[0m 2026-01-26 02:50:29,704 - __main__ - INFO - --- New Round Detected: 25 ---
[33mserver_1      |[0m INFO:werkzeug:172.18.0.22 - - [26/Jan/2026 02:50:29] "GET /download_model?round=25 HTTP/1.1" 200 -
[32;1mclient_007_1  |[0m 2026-01-26 02:50:29,862 - __main__ - INFO - Round 25 finished. Loss: 1.3711, Acc: 69.41%
[33mserver_1      |[0m INFO:__main__:Received update from client_007
[33mserver_1      |[0m INFO:werkzeug:172.18.0.21 - - [26/Jan/2026 02:50:29] "POST /submit_update HTTP/1.1" 200 -
[32;1mclient_007_1  |[0m 2026-01-26 02:50:30,004 - __main__ - INFO - 🚀 Model update submitted successfully.
[32;1mclient_007_1  |[0m 2026-01-26 02:50:30,004 - __main__ - INFO - Update submitted for Round 25. Waiting...
[35;1mclient_008_1  |[0m 2026-01-26 02:50:30,853 - __main__ - INFO - Round 25 finished. Loss: 0.5022, Acc: 98.23%
[36;1mclient_005_1  |[0m 2026-01-26 02:50:30,893 - __main__ - INFO - Round 25 finished. Loss: 0.8133, Acc: 95.06%
[33mserver_1      |[0m INFO:__main__:Received update from client_008
[33mserver_1      |[0m INFO:werkzeug:172.18.0.18 - - [26/Jan/2026 02:50:30] "POST /submit_update HTTP/1.1" 200 -
[35;1mclient_008_1  |[0m 2026-01-26 02:50:30,988 - __main__ - INFO - 🚀 Model update submitted successfully.
[35;1mclient_008_1  |[0m 2026-01-26 02:50:30,988 - __main__ - INFO - Update submitted for Round 25. Waiting...
[33mserver_1      |[0m INFO:__main__:Received update from client_005
[33mserver_1      |[0m INFO:werkzeug:172.18.0.22 - - [26/Jan/2026 02:50:31] "POST /submit_update HTTP/1.1" 200 -
[36;1mclient_005_1  |[0m 2026-01-26 02:50:31,050 - __main__ - INFO - 🚀 Model update submitted successfully.
[36;1mclient_005_1  |[0m 2026-01-26 02:50:31,050 - __main__ - INFO - Update submitted for Round 25. Waiting...
[35mclient_003_1  |[0m 2026-01-26 02:50:31,190 - __main__ - INFO - Round 24 finished. Loss: 0.3762, Acc: 97.05%
[33mserver_1      |[0m INFO:__main__:Received update from client_003
[33mserver_1      |[0m INFO:werkzeug:172.18.0.16 - - [26/Jan/2026 02:50:31] "POST /submit_update HTTP/1.1" 200 -
[35mclient_003_1  |[0m 2026-01-26 02:50:31,325 - __main__ - INFO - 🚀 Model update submitted successfully.
[35mclient_003_1  |[0m 2026-01-26 02:50:31,326 - __main__ - INFO - Update submitted for Round 24. Waiting...
[33mclient_001_1  |[0m 2026-01-26 02:50:31,753 - __main__ - INFO - --- New Round Detected: 25 ---
[33mserver_1      |[0m INFO:werkzeug:172.18.0.15 - - [26/Jan/2026 02:50:31] "GET /download_model?round=25 HTTP/1.1" 200 -
[33mclient_001_1  |[0m 2026-01-26 02:50:32,058 - __main__ - INFO - Round 25 finished. Loss: 0.2607, Acc: 99.68%
[33mserver_1      |[0m INFO:__main__:Received update from client_001
[33mserver_1      |[0m INFO:__main__:--- Aggregating 5 updates ---
[33mserver_1      |[0m INFO:__main__:⚡ Using Custom Aggregator with Drift Metric...
[33mserver_1      |[0m INFO:server.aggregator:Starting FedAvg aggregation for 5 clients.
[36mclient_010_1  |[0m 2026-01-26 02:50:32,443 - __main__ - INFO - --- New Round Detected: 25 ---
[33mserver_1      |[0m INFO:werkzeug:172.18.0.13 - - [26/Jan/2026 02:50:32] "GET /download_model?round=25 HTTP/1.1" 200 -
[32mclient_002_1  |[0m 2026-01-26 02:50:32,800 - __main__ - INFO - --- New Round Detected: 25 ---
[33mserver_1      |[0m INFO:werkzeug:172.18.0.17 - - [26/Jan/2026 02:50:32] "GET /download_model?round=25 HTTP/1.1" 200 -
[36mclient_010_1  |[0m 2026-01-26 02:50:32,961 - __main__ - INFO - Round 25 finished. Loss: 0.2766, Acc: 98.65%
[33mserver_1      |[0m INFO:werkzeug:172.18.0.13 - - [26/Jan/2026 02:50:32] "[31m[1mPOST /submit_update HTTP/1.1[0m" 400 -
[33;1mclient_006_1  |[0m 2026-01-26 02:50:33,011 - __main__ - INFO - --- New Round Detected: 25 ---
[36mclient_010_1  |[0m 2026-01-26 02:50:33,027 - __main__ - ERROR - Update submission failed: {"error":"Not accepting updates"}
[36mclient_010_1  |[0m 
[36mclient_010_1  |[0m 2026-01-26 02:50:33,028 - __main__ - INFO - Update submitted for Round 25. Waiting...
[33mserver_1      |[0m INFO:werkzeug:172.18.0.14 - - [26/Jan/2026 02:50:33] "GET /download_model?round=25 HTTP/1.1" 200 -
[33;1mclient_006_1  |[0m 2026-01-26 02:50:33,147 - __main__ - INFO - Round 25 finished. Loss: 0.9063, Acc: 78.57%
[33mserver_1      |[0m INFO:werkzeug:172.18.0.14 - - [26/Jan/2026 02:50:33] "[31m[1mPOST /submit_update HTTP/1.1[0m" 400 -
[33;1mclient_006_1  |[0m 2026-01-26 02:50:33,212 - __main__ - ERROR - Update submission failed: {"error":"Not accepting updates"}
[33;1mclient_006_1  |[0m 
[33;1mclient_006_1  |[0m 2026-01-26 02:50:33,212 - __main__ - INFO - Update submitted for Round 25. Waiting...
[34mclient_004_1  |[0m 2026-01-26 02:50:33,362 - __main__ - INFO - Round 25 finished. Loss: 0.7201, Acc: 93.42%
[33mserver_1      |[0m INFO:werkzeug:172.18.0.20 - - [26/Jan/2026 02:50:33] "[31m[1mPOST /submit_update HTTP/1.1[0m" 400 -
[34mclient_004_1  |[0m 2026-01-26 02:50:33,427 - __main__ - ERROR - Update submission failed: {"error":"Not accepting updates"}
[34mclient_004_1  |[0m 
[34mclient_004_1  |[0m 2026-01-26 02:50:33,428 - __main__ - INFO - Update submitted for Round 25. Waiting...
[32mclient_002_1  |[0m 2026-01-26 02:50:33,856 - __main__ - INFO - Round 25 finished. Loss: 0.3314, Acc: 98.52%
[33mserver_1      |[0m INFO:werkzeug:172.18.0.17 - - [26/Jan/2026 02:50:33] "[31m[1mPOST /submit_update HTTP/1.1[0m" 400 -
[32mclient_002_1  |[0m 2026-01-26 02:50:33,919 - __main__ - ERROR - Update submission failed: {"error":"Not accepting updates"}
[32mclient_002_1  |[0m 
[32mclient_002_1  |[0m 2026-01-26 02:50:33,919 - __main__ - INFO - Update submitted for Round 25. Waiting...
[33mserver_1      |[0m ⏱️ [TIME] Client client_007 finished training in 0.19s
[33mserver_1      |[0m ⏱️ [TIME] Client client_008 finished training in 0.75s
[33mserver_1      |[0m ⏱️ [TIME] Client client_005 finished training in 0.78s
[33mserver_1      |[0m ⏱️ [TIME] Client client_003 finished training in 6.06s
[33mserver_1      |[0m ⏱️ [TIME] Client client_001 finished training in 0.15s
[33mserver_1      |[0m DEBUG: ⚠️ MY CUSTOM AGGREGATOR IS RUNNING ⚠️
[33mserver_1      |[0m INFO:server.aggregator:--- [METRIC] Weight Divergence: 1.7551
[33mserver_1      |[0m INFO:server.aggregator:FedAvg aggregation complete.
[33mserver_1      |[0m INFO:__main__:Aggregation complete.
[33mserver_1      |[0m INFO:__main__:--- Round 25 Acc: 44.09%, Loss: 1.6777 ---
[33mserver_1      |[0m INFO:__main__:--- Starting Round 26. Timeout: 300s ---
[33mserver_1      |[0m INFO:werkzeug:172.18.0.15 - - [26/Jan/2026 02:50:34] "POST /submit_update HTTP/1.1" 200 -
[33mclient_001_1  |[0m 2026-01-26 02:50:35,024 - __main__ - INFO - 🚀 Model update submitted successfully.
[33mclient_001_1  |[0m 2026-01-26 02:50:35,024 - __main__ - INFO - Update submitted for Round 25. Waiting...
[34;1mclient_009_1  |[0m 2026-01-26 02:50:36,066 - __main__ - INFO - --- New Round Detected: 26 ---
[33mserver_1      |[0m INFO:werkzeug:172.18.0.19 - - [26/Jan/2026 02:50:36] "GET /download_model?round=26 HTTP/1.1" 200 -
[34;1mclient_009_1  |[0m 2026-01-26 02:50:37,870 - __main__ - INFO - Round 26 finished. Loss: 0.8884, Acc: 80.02%
[33mserver_1      |[0m INFO:__main__:Received update from client_009
[33mserver_1      |[0m INFO:werkzeug:172.18.0.19 - - [26/Jan/2026 02:50:37] "POST /submit_update HTTP/1.1" 200 -
[34;1mclient_009_1  |[0m 2026-01-26 02:50:38,009 - __main__ - INFO - 🚀 Model update submitted successfully.
[34;1mclient_009_1  |[0m 2026-01-26 02:50:38,009 - __main__ - INFO - Update submitted for Round 26. Waiting...
[32;1mclient_007_1  |[0m 2026-01-26 02:50:40,065 - __main__ - INFO - --- New Round Detected: 26 ---
[33mserver_1      |[0m INFO:werkzeug:172.18.0.21 - - [26/Jan/2026 02:50:40] "GET /download_model?round=26 HTTP/1.1" 200 -
[32;1mclient_007_1  |[0m 2026-01-26 02:50:40,458 - __main__ - INFO - Round 26 finished. Loss: 1.3612, Acc: 69.41%
[33mserver_1      |[0m INFO:__main__:Received update from client_007
[33mserver_1      |[0m INFO:werkzeug:172.18.0.21 - - [26/Jan/2026 02:50:40] "POST /submit_update HTTP/1.1" 200 -
[32;1mclient_007_1  |[0m 2026-01-26 02:50:40,598 - __main__ - INFO - 🚀 Model update submitted successfully.
[32;1mclient_007_1  |[0m 2026-01-26 02:50:40,598 - __main__ - INFO - Update submitted for Round 26. Waiting...
[35;1mclient_008_1  |[0m 2026-01-26 02:50:41,069 - __main__ - INFO - --- New Round Detected: 26 ---
[33mserver_1      |[0m INFO:werkzeug:172.18.0.18 - - [26/Jan/2026 02:50:41] "GET /download_model?round=26 HTTP/1.1" 200 -
[36;1mclient_005_1  |[0m 2026-01-26 02:50:41,128 - __main__ - INFO - --- New Round Detected: 26 ---
[33mserver_1      |[0m INFO:werkzeug:172.18.0.22 - - [26/Jan/2026 02:50:41] "GET /download_model?round=26 HTTP/1.1" 200 -
[35mclient_003_1  |[0m 2026-01-26 02:50:41,394 - __main__ - INFO - --- New Round Detected: 26 ---
[33mserver_1      |[0m INFO:werkzeug:172.18.0.16 - - [26/Jan/2026 02:50:41] "GET /download_model?round=26 HTTP/1.1" 200 -
[35;1mclient_008_1  |[0m 2026-01-26 02:50:42,188 - __main__ - INFO - Round 26 finished. Loss: 0.3577, Acc: 98.37%
[33mserver_1      |[0m INFO:__main__:Received update from client_008
[33mserver_1      |[0m INFO:werkzeug:172.18.0.18 - - [26/Jan/2026 02:50:42] "POST /submit_update HTTP/1.1" 200 -
[35;1mclient_008_1  |[0m 2026-01-26 02:50:42,322 - __main__ - INFO - 🚀 Model update submitted successfully.
[35;1mclient_008_1  |[0m 2026-01-26 02:50:42,322 - __main__ - INFO - Update submitted for Round 26. Waiting...
[36;1mclient_005_1  |[0m 2026-01-26 02:50:42,412 - __main__ - INFO - Round 26 finished. Loss: 0.5591, Acc: 95.12%
[33mserver_1      |[0m INFO:__main__:Received update from client_005
[33mserver_1      |[0m INFO:werkzeug:172.18.0.22 - - [26/Jan/2026 02:50:42] "POST /submit_update HTTP/1.1" 200 -
[36;1mclient_005_1  |[0m 2026-01-26 02:50:42,547 - __main__ - INFO - 🚀 Model update submitted successfully.
[36;1mclient_005_1  |[0m 2026-01-26 02:50:42,547 - __main__ - INFO - Update submitted for Round 26. Waiting...
[36mclient_010_1  |[0m 2026-01-26 02:50:43,102 - __main__ - INFO - --- New Round Detected: 26 ---
[33mserver_1      |[0m INFO:werkzeug:172.18.0.13 - - [26/Jan/2026 02:50:43] "GET /download_model?round=26 HTTP/1.1" 200 -
[33;1mclient_006_1  |[0m 2026-01-26 02:50:43,273 - __main__ - INFO - --- New Round Detected: 26 ---
[33mserver_1      |[0m INFO:werkzeug:172.18.0.14 - - [26/Jan/2026 02:50:43] "GET /download_model?round=26 HTTP/1.1" 200 -
[33;1mclient_006_1  |[0m 2026-01-26 02:50:43,452 - __main__ - INFO - Round 26 finished. Loss: 0.7346, Acc: 78.57%
[34mclient_004_1  |[0m 2026-01-26 02:50:43,493 - __main__ - INFO - --- New Round Detected: 26 ---
[33mserver_1      |[0m INFO:werkzeug:172.18.0.20 - - [26/Jan/2026 02:50:43] "GET /download_model?round=26 HTTP/1.1" 200 -
[33mserver_1      |[0m INFO:__main__:Received update from client_006
[33mserver_1      |[0m INFO:__main__:--- Aggregating 5 updates ---
[33mserver_1      |[0m INFO:__main__:⚡ Using Custom Aggregator with Drift Metric...
[33mserver_1      |[0m INFO:server.aggregator:Starting FedAvg aggregation for 5 clients.
[36mclient_010_1  |[0m 2026-01-26 02:50:43,605 - __main__ - INFO - Round 26 finished. Loss: 0.7688, Acc: 92.50%
[33mserver_1      |[0m INFO:werkzeug:172.18.0.13 - - [26/Jan/2026 02:50:43] "[31m[1mPOST /submit_update HTTP/1.1[0m" 400 -
[36mclient_010_1  |[0m 2026-01-26 02:50:43,671 - __main__ - ERROR - Update submission failed: {"error":"Not accepting updates"}
[36mclient_010_1  |[0m 
[36mclient_010_1  |[0m 2026-01-26 02:50:43,671 - __main__ - INFO - Update submitted for Round 26. Waiting...
[32mclient_002_1  |[0m 2026-01-26 02:50:43,991 - __main__ - INFO - --- New Round Detected: 26 ---
[33mserver_1      |[0m INFO:werkzeug:172.18.0.17 - - [26/Jan/2026 02:50:44] "GET /download_model?round=26 HTTP/1.1" 200 -
[33mclient_001_1  |[0m 2026-01-26 02:50:45,101 - __main__ - INFO - --- New Round Detected: 26 ---
[33mserver_1      |[0m INFO:werkzeug:172.18.0.15 - - [26/Jan/2026 02:50:45] "GET /download_model?round=26 HTTP/1.1" 200 -
[32mclient_002_1  |[0m 2026-01-26 02:50:45,144 - __main__ - INFO - Round 26 finished. Loss: 0.7685, Acc: 90.42%
[33mserver_1      |[0m INFO:werkzeug:172.18.0.17 - - [26/Jan/2026 02:50:45] "[31m[1mPOST /submit_update HTTP/1.1[0m" 400 -
[32mclient_002_1  |[0m 2026-01-26 02:50:45,209 - __main__ - ERROR - Update submission failed: {"error":"Not accepting updates"}
[32mclient_002_1  |[0m 
[32mclient_002_1  |[0m 2026-01-26 02:50:45,209 - __main__ - INFO - Update submitted for Round 26. Waiting...
[33mserver_1      |[0m INFO:server.aggregator:--- [METRIC] Weight Divergence: 1.1377
[33mserver_1      |[0m INFO:server.aggregator:FedAvg aggregation complete.
[33mserver_1      |[0m INFO:__main__:Aggregation complete.
[33mserver_1      |[0m ⏱️ [TIME] Client client_009 finished training in 1.09s
[33mserver_1      |[0m ⏱️ [TIME] Client client_007 finished training in 0.16s
[33mserver_1      |[0m ⏱️ [TIME] Client client_008 finished training in 0.65s
[33mserver_1      |[0m ⏱️ [TIME] Client client_005 finished training in 0.85s
[33mserver_1      |[0m ⏱️ [TIME] Client client_006 finished training in 0.02s
[33mserver_1      |[0m DEBUG: ⚠️ MY CUSTOM AGGREGATOR IS RUNNING ⚠️
[33mclient_001_1  |[0m 2026-01-26 02:50:45,517 - __main__ - INFO - Round 26 finished. Loss: 0.5877, Acc: 94.50%
[33mserver_1      |[0m INFO:werkzeug:172.18.0.15 - - [26/Jan/2026 02:50:45] "[31m[1mPOST /submit_update HTTP/1.1[0m" 400 -
[33mclient_001_1  |[0m 2026-01-26 02:50:45,632 - __main__ - ERROR - Update submission failed: {"error":"Not accepting updates"}
[33mclient_001_1  |[0m 
[33mclient_001_1  |[0m 2026-01-26 02:50:45,632 - __main__ - INFO - Update submitted for Round 26. Waiting...
[34mclient_004_1  |[0m 2026-01-26 02:50:46,003 - __main__ - INFO - Round 26 finished. Loss: 0.5220, Acc: 95.50%
[33mserver_1      |[0m INFO:werkzeug:172.18.0.20 - - [26/Jan/2026 02:50:46] "[31m[1mPOST /submit_update HTTP/1.1[0m" 400 -
[34mclient_004_1  |[0m 2026-01-26 02:50:46,181 - __main__ - ERROR - Update submission failed: {"error":"Not accepting updates"}
[34mclient_004_1  |[0m 
[34mclient_004_1  |[0m 2026-01-26 02:50:46,181 - __main__ - INFO - Update submitted for Round 26. Waiting...
[33mserver_1      |[0m INFO:__main__:--- Round 26 Acc: 43.45%, Loss: 1.6960 ---
[33mserver_1      |[0m INFO:__main__:--- Starting Round 27. Timeout: 300s ---
[33mserver_1      |[0m INFO:werkzeug:172.18.0.14 - - [26/Jan/2026 02:50:46] "POST /submit_update HTTP/1.1" 200 -
[33;1mclient_006_1  |[0m 2026-01-26 02:50:46,414 - __main__ - INFO - 🚀 Model update submitted successfully.
[33;1mclient_006_1  |[0m 2026-01-26 02:50:46,414 - __main__ - INFO - Update submitted for Round 26. Waiting...
[34;1mclient_009_1  |[0m 2026-01-26 02:50:48,073 - __main__ - INFO - --- New Round Detected: 27 ---
[33mserver_1      |[0m INFO:werkzeug:172.18.0.19 - - [26/Jan/2026 02:50:48] "GET /download_model?round=27 HTTP/1.1" 200 -
[35mclient_003_1  |[0m 2026-01-26 02:50:48,686 - __main__ - INFO - Round 26 finished. Loss: 0.3467, Acc: 98.00%
[33mserver_1      |[0m INFO:__main__:Received update from client_003
[33mserver_1      |[0m INFO:werkzeug:172.18.0.16 - - [26/Jan/2026 02:50:48] "POST /submit_update HTTP/1.1" 200 -
[35mclient_003_1  |[0m 2026-01-26 02:50:48,820 - __main__ - INFO - 🚀 Model update submitted successfully.
[35mclient_003_1  |[0m 2026-01-26 02:50:48,821 - __main__ - INFO - Update submitted for Round 26. Waiting...
[34;1mclient_009_1  |[0m 2026-01-26 02:50:49,876 - __main__ - INFO - Round 27 finished. Loss: 0.7965, Acc: 83.44%
[33mserver_1      |[0m INFO:__main__:Received update from client_009
[33mserver_1      |[0m INFO:werkzeug:172.18.0.19 - - [26/Jan/2026 02:50:49] "POST /submit_update HTTP/1.1" 200 -
[34;1mclient_009_1  |[0m 2026-01-26 02:50:50,025 - __main__ - INFO - 🚀 Model update submitted successfully.
[34;1mclient_009_1  |[0m 2026-01-26 02:50:50,025 - __main__ - INFO - Update submitted for Round 27. Waiting...
[32;1mclient_007_1  |[0m 2026-01-26 02:50:50,666 - __main__ - INFO - --- New Round Detected: 27 ---
[33mserver_1      |[0m INFO:werkzeug:172.18.0.21 - - [26/Jan/2026 02:50:50] "GET /download_model?round=27 HTTP/1.1" 200 -
[32;1mclient_007_1  |[0m 2026-01-26 02:50:51,055 - __main__ - INFO - Round 27 finished. Loss: 1.4233, Acc: 65.75%
[33mserver_1      |[0m INFO:__main__:Received update from client_007
[33mserver_1      |[0m INFO:werkzeug:172.18.0.21 - - [26/Jan/2026 02:50:51] "POST /submit_update HTTP/1.1" 200 -
[32;1mclient_007_1  |[0m 2026-01-26 02:50:51,212 - __main__ - INFO - 🚀 Model update submitted successfully.
[32;1mclient_007_1  |[0m 2026-01-26 02:50:51,212 - __main__ - INFO - Update submitted for Round 27. Waiting...
[35;1mclient_008_1  |[0m 2026-01-26 02:50:52,405 - __main__ - INFO - --- New Round Detected: 27 ---
[33mserver_1      |[0m INFO:werkzeug:172.18.0.18 - - [26/Jan/2026 02:50:52] "GET /download_model?round=27 HTTP/1.1" 200 -
[36;1mclient_005_1  |[0m 2026-01-26 02:50:52,609 - __main__ - INFO - --- New Round Detected: 27 ---
[33mserver_1      |[0m INFO:werkzeug:172.18.0.22 - - [26/Jan/2026 02:50:52] "GET /download_model?round=27 HTTP/1.1" 200 -
[35;1mclient_008_1  |[0m 2026-01-26 02:50:53,511 - __main__ - INFO - Round 27 finished. Loss: 0.3303, Acc: 99.31%
[33mserver_1      |[0m INFO:__main__:Received update from client_008
[33mserver_1      |[0m INFO:werkzeug:172.18.0.18 - - [26/Jan/2026 02:50:53] "POST /submit_update HTTP/1.1" 200 -
[35;1mclient_008_1  |[0m 2026-01-26 02:50:53,646 - __main__ - INFO - 🚀 Model update submitted successfully.
[35;1mclient_008_1  |[0m 2026-01-26 02:50:53,646 - __main__ - INFO - Update submitted for Round 27. Waiting...
[36mclient_010_1  |[0m 2026-01-26 02:50:53,740 - __main__ - INFO - --- New Round Detected: 27 ---
[33mserver_1      |[0m INFO:werkzeug:172.18.0.13 - - [26/Jan/2026 02:50:53] "GET /download_model?round=27 HTTP/1.1" 200 -
[36mclient_010_1  |[0m 2026-01-26 02:50:54,131 - __main__ - INFO - Round 27 finished. Loss: 0.6288, Acc: 93.73%
[36;1mclient_005_1  |[0m 2026-01-26 02:50:54,223 - __main__ - INFO - Round 27 finished. Loss: 0.5143, Acc: 95.74%
[33mserver_1      |[0m INFO:__main__:Received update from client_010
[33mserver_1      |[0m INFO:__main__:--- Aggregating 5 updates ---
[33mserver_1      |[0m INFO:__main__:⚡ Using Custom Aggregator with Drift Metric...
[33mserver_1      |[0m INFO:server.aggregator:Starting FedAvg aggregation for 5 clients.
[33mserver_1      |[0m INFO:werkzeug:172.18.0.22 - - [26/Jan/2026 02:50:54] "[31m[1mPOST /submit_update HTTP/1.1[0m" 400 -
[36;1mclient_005_1  |[0m 2026-01-26 02:50:54,288 - __main__ - ERROR - Update submission failed: {"error":"Not accepting updates"}
[36;1mclient_005_1  |[0m 
[36;1mclient_005_1  |[0m 2026-01-26 02:50:54,288 - __main__ - INFO - Update submitted for Round 27. Waiting...
[32mclient_002_1  |[0m 2026-01-26 02:50:55,338 - __main__ - INFO - --- New Round Detected: 27 ---
[33mserver_1      |[0m INFO:werkzeug:172.18.0.17 - - [26/Jan/2026 02:50:55] "GET /download_model?round=27 HTTP/1.1" 200 -
[33mserver_1      |[0m INFO:server.aggregator:--- [METRIC] Weight Divergence: 1.6525
[33mserver_1      |[0m INFO:server.aggregator:FedAvg aggregation complete.
[33mserver_1      |[0m INFO:__main__:Aggregation complete.
[33mclient_001_1  |[0m 2026-01-26 02:50:55,704 - __main__ - INFO - --- New Round Detected: 27 ---
[33mserver_1      |[0m INFO:werkzeug:172.18.0.15 - - [26/Jan/2026 02:50:55] "GET /download_model?round=27 HTTP/1.1" 200 -
[33mserver_1      |[0m ⏱️ [TIME] Client client_003 finished training in 5.85s
[33mserver_1      |[0m ⏱️ [TIME] Client client_009 finished training in 1.09s
[33mserver_1      |[0m ⏱️ [TIME] Client client_007 finished training in 0.17s
[33mserver_1      |[0m ⏱️ [TIME] Client client_008 finished training in 0.65s
[33mserver_1      |[0m ⏱️ [TIME] Client client_010 finished training in 0.17s
[33mserver_1      |[0m DEBUG: ⚠️ MY CUSTOM AGGREGATOR IS RUNNING ⚠️
[33mclient_001_1  |[0m 2026-01-26 02:50:56,092 - __main__ - INFO - Round 27 finished. Loss: 0.4896, Acc: 93.53%
[33mserver_1      |[0m INFO:werkzeug:172.18.0.15 - - [26/Jan/2026 02:50:56] "[31m[1mPOST /submit_update HTTP/1.1[0m" 400 -
[33mclient_001_1  |[0m 2026-01-26 02:50:56,159 - __main__ - ERROR - Update submission failed: {"error":"Not accepting updates"}
[33mclient_001_1  |[0m 
[33mclient_001_1  |[0m 2026-01-26 02:50:56,159 - __main__ - INFO - Update submitted for Round 27. Waiting...
[34mclient_004_1  |[0m 2026-01-26 02:50:56,250 - __main__ - INFO - --- New Round Detected: 27 ---
[32mclient_002_1  |[0m 2026-01-26 02:50:56,270 - __main__ - INFO - Round 27 finished. Loss: 0.6800, Acc: 91.11%
[33mserver_1      |[0m INFO:werkzeug:172.18.0.20 - - [26/Jan/2026 02:50:56] "GET /download_model?round=27 HTTP/1.1" 200 -
[33mserver_1      |[0m INFO:werkzeug:172.18.0.17 - - [26/Jan/2026 02:50:56] "[31m[1mPOST /submit_update HTTP/1.1[0m" 400 -
[32mclient_002_1  |[0m 2026-01-26 02:50:56,340 - __main__ - ERROR - Update submission failed: {"error":"Not accepting updates"}
[32mclient_002_1  |[0m 
[32mclient_002_1  |[0m 2026-01-26 02:50:56,340 - __main__ - INFO - Update submitted for Round 27. Waiting...
[33;1mclient_006_1  |[0m 2026-01-26 02:50:56,481 - __main__ - INFO - --- New Round Detected: 27 ---
[33mserver_1      |[0m INFO:werkzeug:172.18.0.14 - - [26/Jan/2026 02:50:56] "GET /download_model?round=27 HTTP/1.1" 200 -
[33;1mclient_006_1  |[0m 2026-01-26 02:50:56,620 - __main__ - INFO - Round 27 finished. Loss: 0.7935, Acc: 85.71%
[33mserver_1      |[0m INFO:werkzeug:172.18.0.14 - - [26/Jan/2026 02:50:56] "[31m[1mPOST /submit_update HTTP/1.1[0m" 400 -
[33;1mclient_006_1  |[0m 2026-01-26 02:50:56,690 - __main__ - ERROR - Update submission failed: {"error":"Not accepting updates"}
[33;1mclient_006_1  |[0m 
[33;1mclient_006_1  |[0m 2026-01-26 02:50:56,690 - __main__ - INFO - Update submitted for Round 27. Waiting...
[33mserver_1      |[0m INFO:__main__:--- Round 27 Acc: 38.48%, Loss: 1.8379 ---
[33mserver_1      |[0m INFO:__main__:--- Starting Round 28. Timeout: 300s ---
[33mserver_1      |[0m INFO:werkzeug:172.18.0.13 - - [26/Jan/2026 02:50:56] "POST /submit_update HTTP/1.1" 200 -
[36mclient_010_1  |[0m 2026-01-26 02:50:57,001 - __main__ - INFO - 🚀 Model update submitted successfully.
[36mclient_010_1  |[0m 2026-01-26 02:50:57,001 - __main__ - INFO - Update submitted for Round 27. Waiting...
[34mclient_004_1  |[0m 2026-01-26 02:50:58,253 - __main__ - INFO - Round 27 finished. Loss: 0.5286, Acc: 94.19%
[33mserver_1      |[0m INFO:__main__:Received update from client_004
[33mserver_1      |[0m INFO:werkzeug:172.18.0.20 - - [26/Jan/2026 02:50:58] "POST /submit_update HTTP/1.1" 200 -
[34mclient_004_1  |[0m 2026-01-26 02:50:58,412 - __main__ - INFO - 🚀 Model update submitted successfully.
[34mclient_004_1  |[0m 2026-01-26 02:50:58,412 - __main__ - INFO - Update submitted for Round 27. Waiting...
[35mclient_003_1  |[0m 2026-01-26 02:50:58,882 - __main__ - INFO - --- New Round Detected: 28 ---
[33mserver_1      |[0m INFO:werkzeug:172.18.0.16 - - [26/Jan/2026 02:50:58] "GET /download_model?round=28 HTTP/1.1" 200 -
[34;1mclient_009_1  |[0m 2026-01-26 02:51:00,086 - __main__ - INFO - --- New Round Detected: 28 ---
[33mserver_1      |[0m INFO:werkzeug:172.18.0.19 - - [26/Jan/2026 02:51:00] "GET /download_model?round=28 HTTP/1.1" 200 -
[32;1mclient_007_1  |[0m 2026-01-26 02:51:01,274 - __main__ - INFO - --- New Round Detected: 28 ---
[33mserver_1      |[0m INFO:werkzeug:172.18.0.21 - - [26/Jan/2026 02:51:01] "GET /download_model?round=28 HTTP/1.1" 200 -
[32;1mclient_007_1  |[0m 2026-01-26 02:51:01,710 - __main__ - INFO - Round 28 finished. Loss: 1.3995, Acc: 67.95%
[33mserver_1      |[0m INFO:__main__:Received update from client_007
[33mserver_1      |[0m INFO:werkzeug:172.18.0.21 - - [26/Jan/2026 02:51:01] "POST /submit_update HTTP/1.1" 200 -
[32;1mclient_007_1  |[0m 2026-01-26 02:51:01,852 - __main__ - INFO - 🚀 Model update submitted successfully.
[32;1mclient_007_1  |[0m 2026-01-26 02:51:01,852 - __main__ - INFO - Update submitted for Round 28. Waiting...
[34;1mclient_009_1  |[0m 2026-01-26 02:51:02,011 - __main__ - INFO - Round 28 finished. Loss: 0.8410, Acc: 82.52%
[33mserver_1      |[0m INFO:__main__:Received update from client_009
[33mserver_1      |[0m INFO:werkzeug:172.18.0.19 - - [26/Jan/2026 02:51:02] "POST /submit_update HTTP/1.1" 200 -
[34;1mclient_009_1  |[0m 2026-01-26 02:51:02,147 - __main__ - INFO - 🚀 Model update submitted successfully.
[34;1mclient_009_1  |[0m 2026-01-26 02:51:02,147 - __main__ - INFO - Update submitted for Round 28. Waiting...
[35;1mclient_008_1  |[0m 2026-01-26 02:51:03,715 - __main__ - INFO - --- New Round Detected: 28 ---
[33mserver_1      |[0m INFO:werkzeug:172.18.0.18 - - [26/Jan/2026 02:51:03] "GET /download_model?round=28 HTTP/1.1" 200 -
[36;1mclient_005_1  |[0m 2026-01-26 02:51:04,344 - __main__ - INFO - --- New Round Detected: 28 ---
[33mserver_1      |[0m INFO:werkzeug:172.18.0.22 - - [26/Jan/2026 02:51:04] "GET /download_model?round=28 HTTP/1.1" 200 -
[35;1mclient_008_1  |[0m 2026-01-26 02:51:04,819 - __main__ - INFO - Round 28 finished. Loss: 0.2494, Acc: 99.26%
[33mserver_1      |[0m INFO:__main__:Received update from client_008
[33mserver_1      |[0m INFO:werkzeug:172.18.0.18 - - [26/Jan/2026 02:51:04] "POST /submit_update HTTP/1.1" 200 -
[35;1mclient_008_1  |[0m 2026-01-26 02:51:04,956 - __main__ - INFO - 🚀 Model update submitted successfully.
[35;1mclient_008_1  |[0m 2026-01-26 02:51:04,957 - __main__ - INFO - Update submitted for Round 28. Waiting...
[36;1mclient_005_1  |[0m 2026-01-26 02:51:06,138 - __main__ - INFO - Round 28 finished. Loss: 0.7343, Acc: 93.94%
[33mclient_001_1  |[0m 2026-01-26 02:51:06,220 - __main__ - INFO - --- New Round Detected: 28 ---
[33mserver_1      |[0m INFO:__main__:Received update from client_005
[33mserver_1      |[0m INFO:__main__:--- Aggregating 5 updates ---
[33mserver_1      |[0m INFO:__main__:⚡ Using Custom Aggregator with Drift Metric...
[33mserver_1      |[0m INFO:server.aggregator:Starting FedAvg aggregation for 5 clients.
[33mserver_1      |[0m INFO:werkzeug:172.18.0.15 - - [26/Jan/2026 02:51:06] "GET /download_model?round=28 HTTP/1.1" 200 -
[32mclient_002_1  |[0m 2026-01-26 02:51:06,412 - __main__ - INFO - --- New Round Detected: 28 ---
[35mclient_003_1  |[0m 2026-01-26 02:51:06,425 - __main__ - INFO - Round 28 finished. Loss: 0.3402, Acc: 98.12%
[33mserver_1      |[0m INFO:werkzeug:172.18.0.17 - - [26/Jan/2026 02:51:06] "GET /download_model?round=28 HTTP/1.1" 200 -
[33mserver_1      |[0m INFO:werkzeug:172.18.0.16 - - [26/Jan/2026 02:51:06] "[31m[1mPOST /submit_update HTTP/1.1[0m" 400 -
[35mclient_003_1  |[0m 2026-01-26 02:51:06,490 - __main__ - ERROR - Update submission failed: {"error":"Not accepting updates"}
[35mclient_003_1  |[0m 
[35mclient_003_1  |[0m 2026-01-26 02:51:06,490 - __main__ - INFO - Update submitted for Round 28. Waiting...
[33mclient_001_1  |[0m 2026-01-26 02:51:06,697 - __main__ - INFO - Round 28 finished. Loss: 0.6130, Acc: 96.76%
[33mserver_1      |[0m INFO:werkzeug:172.18.0.15 - - [26/Jan/2026 02:51:06] "[31m[1mPOST /submit_update HTTP/1.1[0m" 400 -
[33;1mclient_006_1  |[0m 2026-01-26 02:51:06,758 - __main__ - INFO - --- New Round Detected: 28 ---
[33mclient_001_1  |[0m 2026-01-26 02:51:06,763 - __main__ - ERROR - Update submission failed: {"error":"Not accepting updates"}
[33mclient_001_1  |[0m 
[33mclient_001_1  |[0m 2026-01-26 02:51:06,764 - __main__ - INFO - Update submitted for Round 28. Waiting...
[33mserver_1      |[0m INFO:werkzeug:172.18.0.14 - - [26/Jan/2026 02:51:06] "GET /download_model?round=28 HTTP/1.1" 200 -
[33;1mclient_006_1  |[0m 2026-01-26 02:51:06,987 - __main__ - INFO - Round 28 finished. Loss: 0.6335, Acc: 85.71%
[32mclient_002_1  |[0m 2026-01-26 02:51:07,044 - __main__ - INFO - Round 28 finished. Loss: 0.7611, Acc: 92.69%
[33mserver_1      |[0m INFO:werkzeug:172.18.0.14 - - [26/Jan/2026 02:51:07] "[31m[1mPOST /submit_update HTTP/1.1[0m" 400 -
[36mclient_010_1  |[0m 2026-01-26 02:51:07,226 - __main__ - INFO - --- New Round Detected: 28 ---
[33;1mclient_006_1  |[0m 2026-01-26 02:51:07,227 - __main__ - ERROR - Update submission failed: {"error":"Not accepting updates"}
[33;1mclient_006_1  |[0m 
[33;1mclient_006_1  |[0m 2026-01-26 02:51:07,227 - __main__ - INFO - Update submitted for Round 28. Waiting...
[33mserver_1      |[0m INFO:werkzeug:172.18.0.17 - - [26/Jan/2026 02:51:07] "[31m[1mPOST /submit_update HTTP/1.1[0m" 400 -
[33mserver_1      |[0m INFO:werkzeug:172.18.0.13 - - [26/Jan/2026 02:51:07] "GET /download_model?round=28 HTTP/1.1" 200 -
[32mclient_002_1  |[0m 2026-01-26 02:51:07,281 - __main__ - ERROR - Update submission failed: {"error":"Not accepting updates"}
[32mclient_002_1  |[0m 
[32mclient_002_1  |[0m 2026-01-26 02:51:07,281 - __main__ - INFO - Update submitted for Round 28. Waiting...
[36mclient_010_1  |[0m 2026-01-26 02:51:07,556 - __main__ - INFO - Round 28 finished. Loss: 0.7283, Acc: 93.73%
[33mserver_1      |[0m INFO:werkzeug:172.18.0.13 - - [26/Jan/2026 02:51:07] "[31m[1mPOST /submit_update HTTP/1.1[0m" 400 -
[36mclient_010_1  |[0m 2026-01-26 02:51:07,634 - __main__ - ERROR - Update submission failed: {"error":"Not accepting updates"}
[36mclient_010_1  |[0m 
[36mclient_010_1  |[0m 2026-01-26 02:51:07,635 - __main__ - INFO - Update submitted for Round 28. Waiting...
[33mserver_1      |[0m INFO:server.aggregator:--- [METRIC] Weight Divergence: 1.6279
[33mserver_1      |[0m INFO:server.aggregator:FedAvg aggregation complete.
[33mserver_1      |[0m INFO:__main__:Aggregation complete.
[33mserver_1      |[0m ⏱️ [TIME] Client client_004 finished training in 1.53s
[33mserver_1      |[0m ⏱️ [TIME] Client client_007 finished training in 0.20s
[33mserver_1      |[0m ⏱️ [TIME] Client client_009 finished training in 1.19s
[33mserver_1      |[0m ⏱️ [TIME] Client client_008 finished training in 0.64s
[33mserver_1      |[0m ⏱️ [TIME] Client client_005 finished training in 1.08s
[33mserver_1      |[0m DEBUG: ⚠️ MY CUSTOM AGGREGATOR IS RUNNING ⚠️
[34mclient_004_1  |[0m 2026-01-26 02:51:08,576 - __main__ - INFO - --- New Round Detected: 28 ---
[33mserver_1      |[0m INFO:werkzeug:172.18.0.20 - - [26/Jan/2026 02:51:08] "GET /download_model?round=28 HTTP/1.1" 200 -
[33mserver_1      |[0m INFO:__main__:--- Round 28 Acc: 43.09%, Loss: 1.6876 ---
[33mserver_1      |[0m INFO:__main__:--- Starting Round 29. Timeout: 300s ---
[33mserver_1      |[0m INFO:werkzeug:172.18.0.22 - - [26/Jan/2026 02:51:09] "POST /submit_update HTTP/1.1" 200 -
[36;1mclient_005_1  |[0m 2026-01-26 02:51:09,517 - __main__ - INFO - 🚀 Model update submitted successfully.
[36;1mclient_005_1  |[0m 2026-01-26 02:51:09,517 - __main__ - INFO - Update submitted for Round 28. Waiting...
[34mclient_004_1  |[0m 2026-01-26 02:51:10,432 - __main__ - INFO - Round 28 finished. Loss: 0.6136, Acc: 94.47%
[33mserver_1      |[0m INFO:__main__:Received update from client_004
[33mserver_1      |[0m INFO:werkzeug:172.18.0.20 - - [26/Jan/2026 02:51:10] "POST /submit_update HTTP/1.1" 200 -
[34mclient_004_1  |[0m 2026-01-26 02:51:10,586 - __main__ - INFO - 🚀 Model update submitted successfully.
[34mclient_004_1  |[0m 2026-01-26 02:51:10,586 - __main__ - INFO - Update submitted for Round 28. Waiting...
[32;1mclient_007_1  |[0m 2026-01-26 02:51:11,928 - __main__ - INFO - --- New Round Detected: 29 ---
[33mserver_1      |[0m INFO:werkzeug:172.18.0.21 - - [26/Jan/2026 02:51:11] "GET /download_model?round=29 HTTP/1.1" 200 -
[34;1mclient_009_1  |[0m 2026-01-26 02:51:12,208 - __main__ - INFO - --- New Round Detected: 29 ---
[33mserver_1      |[0m INFO:werkzeug:172.18.0.19 - - [26/Jan/2026 02:51:12] "GET /download_model?round=29 HTTP/1.1" 200 -
[32;1mclient_007_1  |[0m 2026-01-26 02:51:12,324 - __main__ - INFO - Round 29 finished. Loss: 1.3207, Acc: 72.53%
[33mserver_1      |[0m INFO:__main__:Received update from client_007
[33mserver_1      |[0m INFO:werkzeug:172.18.0.21 - - [26/Jan/2026 02:51:12] "POST /submit_update HTTP/1.1" 200 -
[32;1mclient_007_1  |[0m 2026-01-26 02:51:12,462 - __main__ - INFO - 🚀 Model update submitted successfully.
[32;1mclient_007_1  |[0m 2026-01-26 02:51:12,462 - __main__ - INFO - Update submitted for Round 29. Waiting...
[34;1mclient_009_1  |[0m 2026-01-26 02:51:14,043 - __main__ - INFO - Round 29 finished. Loss: 1.1909, Acc: 74.95%
[33mserver_1      |[0m INFO:__main__:Received update from client_009
[33mserver_1      |[0m INFO:werkzeug:172.18.0.19 - - [26/Jan/2026 02:51:14] "POST /submit_update HTTP/1.1" 200 -
[34;1mclient_009_1  |[0m 2026-01-26 02:51:14,198 - __main__ - INFO - 🚀 Model update submitted successfully.
[34;1mclient_009_1  |[0m 2026-01-26 02:51:14,199 - __main__ - INFO - Update submitted for Round 29. Waiting...
[35;1mclient_008_1  |[0m 2026-01-26 02:51:15,018 - __main__ - INFO - --- New Round Detected: 29 ---
[33mserver_1      |[0m INFO:werkzeug:172.18.0.18 - - [26/Jan/2026 02:51:15] "GET /download_model?round=29 HTTP/1.1" 200 -
[35;1mclient_008_1  |[0m 2026-01-26 02:51:16,109 - __main__ - INFO - Round 29 finished. Loss: 0.3260, Acc: 99.36%
[33mserver_1      |[0m INFO:__main__:Received update from client_008
[33mserver_1      |[0m INFO:werkzeug:172.18.0.18 - - [26/Jan/2026 02:51:16] "POST /submit_update HTTP/1.1" 200 -
[35;1mclient_008_1  |[0m 2026-01-26 02:51:16,243 - __main__ - INFO - 🚀 Model update submitted successfully.
[35;1mclient_008_1  |[0m 2026-01-26 02:51:16,243 - __main__ - INFO - Update submitted for Round 29. Waiting...
[35mclient_003_1  |[0m 2026-01-26 02:51:16,551 - __main__ - INFO - --- New Round Detected: 29 ---
[33mserver_1      |[0m INFO:werkzeug:172.18.0.16 - - [26/Jan/2026 02:51:16] "GET /download_model?round=29 HTTP/1.1" 200 -
[33mclient_001_1  |[0m 2026-01-26 02:51:16,827 - __main__ - INFO - --- New Round Detected: 29 ---
[33mserver_1      |[0m INFO:werkzeug:172.18.0.15 - - [26/Jan/2026 02:51:16] "GET /download_model?round=29 HTTP/1.1" 200 -
[33mclient_001_1  |[0m 2026-01-26 02:51:17,106 - __main__ - INFO - Round 29 finished. Loss: 0.5212, Acc: 95.15%
[33mserver_1      |[0m INFO:__main__:Received update from client_001
[33mserver_1      |[0m INFO:__main__:--- Aggregating 5 updates ---
[33mserver_1      |[0m INFO:__main__:⚡ Using Custom Aggregator with Drift Metric...
[33mserver_1      |[0m INFO:server.aggregator:Starting FedAvg aggregation for 5 clients.
[33;1mclient_006_1  |[0m 2026-01-26 02:51:17,302 - __main__ - INFO - --- New Round Detected: 29 ---
[33mserver_1      |[0m INFO:werkzeug:172.18.0.14 - - [26/Jan/2026 02:51:17] "GET /download_model?round=29 HTTP/1.1" 200 -
[32mclient_002_1  |[0m 2026-01-26 02:51:17,343 - __main__ - INFO - --- New Round Detected: 29 ---
[33mserver_1      |[0m INFO:werkzeug:172.18.0.17 - - [26/Jan/2026 02:51:17] "GET /download_model?round=29 HTTP/1.1" 200 -
[33;1mclient_006_1  |[0m 2026-01-26 02:51:17,469 - __main__ - INFO - Round 29 finished. Loss: 0.6444, Acc: 85.71%
[33mserver_1      |[0m INFO:werkzeug:172.18.0.14 - - [26/Jan/2026 02:51:17] "[31m[1mPOST /submit_update HTTP/1.1[0m" 400 -
[33;1mclient_006_1  |[0m 2026-01-26 02:51:17,544 - __main__ - ERROR - Update submission failed: {"error":"Not accepting updates"}
[33;1mclient_006_1  |[0m 
[33;1mclient_006_1  |[0m 2026-01-26 02:51:17,544 - __main__ - INFO - Update submitted for Round 29. Waiting...
[36mclient_010_1  |[0m 2026-01-26 02:51:17,707 - __main__ - INFO - --- New Round Detected: 29 ---
[33mserver_1      |[0m INFO:werkzeug:172.18.0.13 - - [26/Jan/2026 02:51:17] "GET /download_model?round=29 HTTP/1.1" 200 -
[32mclient_002_1  |[0m 2026-01-26 02:51:18,000 - __main__ - INFO - Round 29 finished. Loss: 0.6375, Acc: 92.09%
[33mserver_1      |[0m INFO:werkzeug:172.18.0.17 - - [26/Jan/2026 02:51:18] "[31m[1mPOST /submit_update HTTP/1.1[0m" 400 -
[36mclient_010_1  |[0m 2026-01-26 02:51:18,055 - __main__ - INFO - Round 29 finished. Loss: 0.7106, Acc: 92.62%
[32mclient_002_1  |[0m 2026-01-26 02:51:18,066 - __main__ - ERROR - Update submission failed: {"error":"Not accepting updates"}
[32mclient_002_1  |[0m 
[32mclient_002_1  |[0m 2026-01-26 02:51:18,066 - __main__ - INFO - Update submitted for Round 29. Waiting...
[33mserver_1      |[0m INFO:werkzeug:172.18.0.13 - - [26/Jan/2026 02:51:18] "[31m[1mPOST /submit_update HTTP/1.1[0m" 400 -
[36mclient_010_1  |[0m 2026-01-26 02:51:18,120 - __main__ - ERROR - Update submission failed: {"error":"Not accepting updates"}
[36mclient_010_1  |[0m 
[36mclient_010_1  |[0m 2026-01-26 02:51:18,120 - __main__ - INFO - Update submitted for Round 29. Waiting...
[33mserver_1      |[0m INFO:server.aggregator:--- [METRIC] Weight Divergence: 1.6348
[33mserver_1      |[0m INFO:server.aggregator:FedAvg aggregation complete.
[33mserver_1      |[0m INFO:__main__:Aggregation complete.
[33mserver_1      |[0m ⏱️ [TIME] Client client_004 finished training in 1.41s
[33mserver_1      |[0m ⏱️ [TIME] Client client_007 finished training in 0.16s
[33mserver_1      |[0m ⏱️ [TIME] Client client_009 finished training in 1.10s
[33mserver_1      |[0m ⏱️ [TIME] Client client_008 finished training in 0.63s
[33mserver_1      |[0m ⏱️ [TIME] Client client_001 finished training in 0.13s
[33mserver_1      |[0m DEBUG: ⚠️ MY CUSTOM AGGREGATOR IS RUNNING ⚠️
[33mserver_1      |[0m INFO:__main__:--- Round 29 Acc: 41.54%, Loss: 1.6851 ---
[33mserver_1      |[0m INFO:__main__:---Final model saved ---
[33mserver_1      |[0m INFO:__main__:--- Training complete. ---
[33mserver_1      |[0m INFO:werkzeug:172.18.0.15 - - [26/Jan/2026 02:51:19] "POST /submit_update HTTP/1.1" 200 -
[33mclient_001_1  |[0m 2026-01-26 02:51:19,507 - __main__ - INFO - 🚀 Model update submitted successfully.
[33mclient_001_1  |[0m 2026-01-26 02:51:19,507 - __main__ - INFO - Update submitted for Round 29. Waiting...
[36;1mclient_005_1  |[0m [client_005] 🔋 LOW (Conserving) | Epochs=2 | KD=logits | Cached=True
[36;1mclient_005_1  |[0m [client_005] 🔋 LOW (Conserving) | Epochs=2 | KD=logits | Cached=True
[36;1mclient_005_1  |[0m [client_005] 🔋 LOW (Conserving) | Epochs=2 | KD=logits | Cached=True
[36;1mclient_005_1  |[0m [client_005] 🔋 LOW (Conserving) | Epochs=2 | KD=logits | Cached=True
[36;1mclient_005_1  |[0m [client_005] 🔋 LOW (Conserving) | Epochs=2 | KD=logits | Cached=True
[36;1mclient_005_1  |[0m [client_005] 🔋 LOW (Conserving) | Epochs=2 | KD=logits | Cached=True
[36;1mclient_005_1  |[0m [client_005] 🔋 LOW (Conserving) | Epochs=2 | KD=logits | Cached=True
[36;1mclient_005_1  |[0m [client_005] 🔋 LOW (Conserving) | Epochs=2 | KD=logits | Cached=True
[36;1mclient_005_1  |[0m [client_005] 🔋 LOW (Conserving) | Epochs=2 | KD=logits | Cached=True
[36;1mclient_005_1  |[0m [client_005] 🔋 LOW (Conserving) | Epochs=2 | KD=logits | Cached=True
[36;1mclient_005_1  |[0m [client_005] 🔋 LOW (Conserving) | Epochs=2 | KD=logits | Cached=True
[36;1mclient_005_1  |[0m [client_005] 🔋 LOW (Conserving) | Epochs=2 | KD=logits | Cached=True
[36;1mclient_005_1  |[0m [client_005] 🔋 LOW (Conserving) | Epochs=2 | KD=logits | Cached=True
[36;1mclient_005_1  |[0m [client_005] 🔋 LOW (Conserving) | Epochs=2 | KD=logits | Cached=True
[36;1mclient_005_1  |[0m [client_005] 🔋 LOW (Conserving) | Epochs=2 | KD=logits | Cached=True
[36;1mclient_005_1  |[0m [client_005] 🔋 LOW (Conserving) | Epochs=2 | KD=logits | Cached=True
[36;1mclient_005_1  |[0m [client_005] 🔋 LOW (Conserving) | Epochs=2 | KD=logits | Cached=True
[36;1mclient_005_1  |[0m [client_005] 🔋 LOW (Conserving) | Epochs=2 | KD=logits | Cached=True
[36;1mclient_005_1  |[0m [client_005] 🔋 LOW (Conserving) | Epochs=2 | KD=logits | Cached=True
[36;1mclient_005_1  |[0m [client_005] 🔋 LOW (Conserving) | Epochs=2 | KD=logits | Cached=True
[36;1mclient_005_1  |[0m [client_005] 🔋 LOW (Conserving) | Epochs=2 | KD=logits | Cached=True
[36;1mclient_005_1  |[0m [client_005] 🔋 LOW (Conserving) | Epochs=2 | KD=logits | Cached=True
[36;1mclient_005_1  |[0m 2026-01-26 02:51:19,581 - __main__ - INFO - Server finished training. Exiting.
[33mclient_011_1  |[0m 2026-01-26 02:51:20,030 - __main__ - INFO - Round 17 finished. Loss: 1.1793, Acc: 66.19%
[36;1mfl-rest_client_005_1 exited with code 0
[0mStopping fl-rest_client_009_1 ... 
Stopping fl-rest_client_010_1 ... 
Stopping fl-rest_client_015_1 ... 
Stopping fl-rest_client_008_1 ... 
Stopping fl-rest_client_014_1 ... 
Stopping fl-rest_client_019_1 ... 
Stopping fl-rest_client_012_1 ... 
Stopping fl-rest_client_007_1 ... 
Stopping fl-rest_client_018_1 ... 
Stopping fl-rest_client_004_1 ... 
Stopping fl-rest_client_001_1 ... 
Stopping fl-rest_client_016_1 ... 
Stopping fl-rest_client_006_1 ... 
Stopping fl-rest_client_003_1 ... 
Stopping fl-rest_client_002_1 ... 
Stopping fl-rest_client_011_1 ... 
Stopping fl-rest_client_020_1 ... 
Stopping fl-rest_client_017_1 ... 
Stopping fl-rest_client_013_1 ... 
Stopping docker-tc            ... 
Stopping fl-rest_server_1     ... 
Stopping docker-tc            ... done
Stopping fl-rest_client_004_1 ... done
Stopping fl-rest_client_011_1 ... done
Stopping fl-rest_client_020_1 ... done
Stopping fl-rest_client_018_1 ... done
Stopping fl-rest_client_014_1 ... done
Stopping fl-rest_client_012_1 ... done
Stopping fl-rest_client_017_1 ... done
Stopping fl-rest_client_019_1 ... done
Stopping fl-rest_client_016_1 ... done
Stopping fl-rest_client_015_1 ... done
Stopping fl-rest_client_002_1 ... done
Stopping fl-rest_client_013_1 ... done
Stopping fl-rest_client_009_1 ... done
Stopping fl-rest_client_006_1 ... done
Stopping fl-rest_client_008_1 ... done
Stopping fl-rest_client_010_1 ... done
Stopping fl-rest_client_003_1 ... done
Stopping fl-rest_client_001_1 ... done
Stopping fl-rest_client_007_1 ... done
Stopping fl-rest_server_1     ... done
Aborting on container exit...
