using --exit-code-from implies --abort-on-container-exit
Creating fl-rest_server_1 ... 
Creating docker-tc        ... 
Creating docker-tc        ... done
Creating fl-rest_server_1 ... done
Creating fl-rest_client_011_1 ... 
Creating fl-rest_client_017_1 ... 
Creating fl-rest_client_009_1 ... 
Creating fl-rest_client_012_1 ... 
Creating fl-rest_client_019_1 ... 
Creating fl-rest_client_013_1 ... 
Creating fl-rest_client_014_1 ... 
Creating fl-rest_client_001_1 ... 
Creating fl-rest_client_015_1 ... 
Creating fl-rest_client_020_1 ... 
Creating fl-rest_client_010_1 ... 
Creating fl-rest_client_018_1 ... 
Creating fl-rest_client_007_1 ... 
Creating fl-rest_client_003_1 ... 
Creating fl-rest_client_004_1 ... 
Creating fl-rest_client_005_1 ... 
Creating fl-rest_client_006_1 ... 
Creating fl-rest_client_016_1 ... 
Creating fl-rest_client_008_1 ... 
Creating fl-rest_client_002_1 ... 
Creating fl-rest_client_011_1 ... done
Creating fl-rest_client_019_1 ... done
Creating fl-rest_client_017_1 ... done
Creating fl-rest_client_012_1 ... done
Creating fl-rest_client_009_1 ... done
Creating fl-rest_client_015_1 ... done
Creating fl-rest_client_020_1 ... done
Creating fl-rest_client_013_1 ... done
Creating fl-rest_client_010_1 ... done
Creating fl-rest_client_005_1 ... done
Creating fl-rest_client_014_1 ... done
Creating fl-rest_client_016_1 ... done
Creating fl-rest_client_018_1 ... done
Creating fl-rest_client_003_1 ... done
Creating fl-rest_client_004_1 ... done
Creating fl-rest_client_001_1 ... done
Creating fl-rest_client_008_1 ... done
Creating fl-rest_client_006_1 ... done
Creating fl-rest_client_002_1 ... done
Creating fl-rest_client_007_1 ... done
Attaching to docker-tc, fl-rest_server_1, fl-rest_client_011_1, fl-rest_client_019_1, fl-rest_client_017_1, fl-rest_client_012_1, fl-rest_client_009_1, fl-rest_client_015_1, fl-rest_client_020_1, fl-rest_client_013_1, fl-rest_client_010_1, fl-rest_client_005_1, fl-rest_client_014_1, fl-rest_client_016_1, fl-rest_client_018_1, fl-rest_client_003_1, fl-rest_client_004_1, fl-rest_client_001_1, fl-rest_client_008_1, fl-rest_client_006_1, fl-rest_client_002_1, fl-rest_client_007_1
[36mdocker-tc     |[0m [s6-init] making user provided files available at /var/run/s6/etc...exited 0.
[36mdocker-tc     |[0m [s6-init] ensuring user provided files have correct perms...exited 0.
[36mdocker-tc     |[0m [fix-attrs.d] applying ownership & permissions fixes...
[36mdocker-tc     |[0m [fix-attrs.d] done.
[36mdocker-tc     |[0m [cont-init.d] executing container initialization scripts...
[36mdocker-tc     |[0m [cont-init.d] 00-init: executing... 
[36mdocker-tc     |[0m [cont-init.d] 00-init: exited 0.
[36mdocker-tc     |[0m [cont-init.d] done.
[36mdocker-tc     |[0m [services.d] starting services
[36mdocker-tc     |[0m Starting garbage collector
[36mdocker-tc     |[0m Starting HTTP server on 127.0.0.1:4080
[36mdocker-tc     |[0m + exec hapttic -file /docker-tc/bin/httpd.sh -logErrors -host 127.0.0.1 -port 4080
[36mdocker-tc     |[0m [services.d] done.
[36mdocker-tc     |[0m 
[36mdocker-tc     |[0m  ____          _              _____         ___ ___ _        _____         _           _
[36mdocker-tc     |[0m |    \ ___ ___| |_ ___ ___   |_   _|___ ___|  _|  _|_|___   |     |___ ___| |_ ___ ___| |
[36mdocker-tc     |[0m |  |  | . |  _| '_| -_|  _|    | | |  _| .'|  _|  _| |  _|  |   --| . |   |  _|  _| . | |
[36mdocker-tc     |[0m |____/|___|___|_,_|___|_|      |_| |_| |__,|_| |_| |_|___|  |_____|___|_|_|_| |_| |___|_|
[36mdocker-tc     |[0m 
[36mdocker-tc     |[0m Starting Docker Traffic Control 18.12
[36mdocker-tc     |[0m https://github.com/lukaszlach/docker-tc
[36mdocker-tc     |[0m 
[36mdocker-tc     |[0m 2026/01/27 19:48:44 Thanks for using hapttic v1.0.0
[36mdocker-tc     |[0m 2026/01/27 19:48:44 Listening on 127.0.0.1:4080
[36mdocker-tc     |[0m 2026/01/27 19:48:44 Forwarding requests to /docker-tc/bin/httpd.sh
[36mdocker-tc     |[0m 2026/01/27 19:48:44 Logging errors to stderr
[36mdocker-tc     |[0m [2026-01-27T19:48:44+00:00] [67b7cfd9c1f1] Notice: Skipping container, service was disabled by label
[36mdocker-tc     |[0m [2026-01-27T19:48:44+00:00] [bd19146b9070] Notice: Skipping container, no valid labels found
[36mdocker-tc     |[0m [2026-01-27T19:48:44+00:00] [438bf01636a0] Notice: Skipping container, no valid labels found
[36mdocker-tc     |[0m [2026-01-27T19:48:44+00:00] [c314c85387cb] Notice: Skipping container, no valid labels found
[36mdocker-tc     |[0m Error response from daemon: Container 3e4b2842dc618e2afe83311ecd360e727849572adbdf41474062df0f06f43f7f is restarting, wait until the container is running
[36mdocker-tc     |[0m [2026-01-27T19:48:44+00:00] [3e4b2842dc61] Warning: Network has no corresponding virtual network interface
[36mdocker-tc     |[0m [2026-01-27T19:48:44+00:00] [84f745eb0df9] Notice: Skipping container, no valid labels found
[36mdocker-tc     |[0m [2026-01-27T19:48:44+00:00] [53ad0ed7ce5b] Set delay=200ms, loss=1% on veth2f7b45a
[36mdocker-tc     |[0m [2026-01-27T19:48:44+00:00] [53ad0ed7ce5b] Set bandwidth-limit=5mbps on veth2f7b45a
[36mdocker-tc     |[0m [2026-01-27T19:48:44+00:00] [53ad0ed7ce5b] Controlling traffic of the container /fl-rest_client_011_1 on veth2f7b45a
[36mdocker-tc     |[0m [2026-01-27T19:48:45+00:00] [28ac4d5a195a] Set delay=200ms, loss=1% on veth1a8632d
[36mdocker-tc     |[0m [2026-01-27T19:48:45+00:00] [28ac4d5a195a] Set bandwidth-limit=5mbps on veth1a8632d
[33mserver_1      |[0m TensorFlow installation not found - running with reduced feature set.
[33mserver_1      |[0m 
[33mserver_1      |[0m NOTE: Using experimental fast data loading logic. To disable, pass
[33mserver_1      |[0m     "--load_fast=false" and report issues on GitHub. More details:
[33mserver_1      |[0m     https://github.com/tensorflow/tensorboard/issues/4784
[33mserver_1      |[0m 
[33mserver_1      |[0m TensorBoard 2.20.0 at http://0.0.0.0:6006/ (Press CTRL+C to quit)
[36mdocker-tc     |[0m [2026-01-27T19:48:45+00:00] [28ac4d5a195a] Controlling traffic of the container /fl-rest_client_019_1 on veth1a8632d
[36mdocker-tc     |[0m [2026-01-27T19:48:45+00:00] [ab4bfe088c79] Set delay=200ms, loss=1% on vethd40499c
[36mdocker-tc     |[0m [2026-01-27T19:48:45+00:00] [ab4bfe088c79] Set bandwidth-limit=5mbps on vethd40499c
[36mdocker-tc     |[0m [2026-01-27T19:48:45+00:00] [ab4bfe088c79] Controlling traffic of the container /fl-rest_client_017_1 on vethd40499c
[33mserver_1      |[0m INFO:__main__:Writing TensorBoard logs to: fl_logs/tensorboard/Cenario_C_Hibrido_Mu0.01_Alpha0.3_1948
[33mserver_1      |[0m INFO:__main__:Loading CIFAR-10 test dataset...
[36mdocker-tc     |[0m [2026-01-27T19:48:45+00:00] [eacfa7165e46] Set delay=200ms, loss=1% on vethb12b811
[36mdocker-tc     |[0m [2026-01-27T19:48:45+00:00] [eacfa7165e46] Set bandwidth-limit=5mbps on vethb12b811
[33mclient_011_1  |[0m 2026-01-27 19:48:45,781 - __main__ - INFO - --- Starting FL Client: client_011 ---
[36mdocker-tc     |[0m [2026-01-27T19:48:45+00:00] [eacfa7165e46] Controlling traffic of the container /fl-rest_client_012_1 on vethb12b811
[34;1mclient_019_1  |[0m 2026-01-27 19:48:45,827 - __main__ - INFO - --- Starting FL Client: client_019 ---
[32;1mclient_017_1  |[0m 2026-01-27 19:48:45,969 - __main__ - INFO - --- Starting FL Client: client_017 ---
[36mdocker-tc     |[0m [2026-01-27T19:48:46+00:00] [627bb5310c4c] Set delay=20ms on veth6a062ec
[36mdocker-tc     |[0m [2026-01-27T19:48:46+00:00] [627bb5310c4c] Set bandwidth-limit=1gbit on veth6a062ec
[36mdocker-tc     |[0m [2026-01-27T19:48:46+00:00] [627bb5310c4c] Controlling traffic of the container /fl-rest_client_009_1 on veth6a062ec
[33mserver_1      |[0m INFO:__main__:Test dataset loaded.
[33mserver_1      |[0m INFO:__main__:Initial model for round 0 created.
[33mserver_1      |[0m Files already downloaded and verified
[33mserver_1      |[0m  * Serving Flask app 'app'
[33mserver_1      |[0m  * Debug mode: off
[33mserver_1      |[0m INFO:werkzeug:[31m[1mWARNING: This is a development server. Do not use it in a production deployment. Use a production WSGI server instead.[0m
[33mserver_1      |[0m  * Running on all addresses (0.0.0.0)
[33mserver_1      |[0m  * Running on http://127.0.0.1:5000
[33mserver_1      |[0m  * Running on http://172.18.0.2:5000
[33mserver_1      |[0m INFO:werkzeug:[33mPress CTRL+C to quit[0m
[32mclient_012_1  |[0m 2026-01-27 19:48:46,110 - __main__ - INFO - --- Starting FL Client: client_012 ---
[33;1mclient_016_1  |[0m 2026-01-27 19:48:46,117 - __main__ - INFO - --- Starting FL Client: client_016 ---
[33mserver_1      |[0m INFO:__main__:Client client_016 registered.
[33mserver_1      |[0m INFO:__main__:--- Starting Round 0. Timeout: 300s ---
[33;1mclient_016_1  |[0m 2026-01-27 19:48:46,122 - __main__ - INFO - ✅ Registered with server successfully.
[34;1mclient_009_1  |[0m 2026-01-27 19:48:46,148 - __main__ - INFO - --- Starting FL Client: client_009 ---
[35mclient_003_1  |[0m 2026-01-27 19:48:46,157 - __main__ - INFO - --- Starting FL Client: client_003 ---
[33mserver_1      |[0m INFO:__main__:Client client_003 registered.
[35mclient_003_1  |[0m 2026-01-27 19:48:46,161 - __main__ - INFO - ✅ Registered with server successfully.
[33mclient_011_1  |[0m 2026-01-27 19:48:46,184 - __main__ - WARNING - Registration attempt 1 failed: HTTPConnectionPool(host='server', port=5000): Max retries exceeded with url: /register (Caused by NewConnectionError('<urllib3.connection.HTTPConnection object at 0x722822699330>: Failed to establish a new connection: [Errno 111] Connection refused'))
[33mserver_1      |[0m INFO:__main__:Client client_009 registered.
[36mclient_010_1  |[0m 2026-01-27 19:48:46,217 - __main__ - INFO - --- Starting FL Client: client_010 ---
[33mserver_1      |[0m INFO:__main__:Client client_010 registered.
[34;1mclient_009_1  |[0m 2026-01-27 19:48:46,222 - __main__ - INFO - ✅ Registered with server successfully.
[36mclient_010_1  |[0m 2026-01-27 19:48:46,222 - __main__ - INFO - ✅ Registered with server successfully.
[35mclient_013_1  |[0m 2026-01-27 19:48:46,226 - __main__ - INFO - --- Starting FL Client: client_013 ---
[33mserver_1      |[0m INFO:__main__:Client client_013 registered.
[34;1mclient_019_1  |[0m 2026-01-27 19:48:46,229 - __main__ - WARNING - Registration attempt 1 failed: HTTPConnectionPool(host='server', port=5000): Max retries exceeded with url: /register (Caused by NewConnectionError('<urllib3.connection.HTTPConnection object at 0x7f903a134eb0>: Failed to establish a new connection: [Errno 111] Connection refused'))
[35mclient_013_1  |[0m 2026-01-27 19:48:46,231 - __main__ - INFO - ✅ Registered with server successfully.
[34mclient_004_1  |[0m 2026-01-27 19:48:46,287 - __main__ - INFO - --- Starting FL Client: client_004 ---
[33mserver_1      |[0m INFO:__main__:Client client_004 registered.
[34mclient_004_1  |[0m 2026-01-27 19:48:46,290 - __main__ - INFO - ✅ Registered with server successfully.
[36mdocker-tc     |[0m [2026-01-27T19:48:46+00:00] [b1a26a7e3f64] Set delay=200ms, loss=1% on veth65bfee6
[36mdocker-tc     |[0m [2026-01-27T19:48:46+00:00] [b1a26a7e3f64] Set bandwidth-limit=5mbps on veth65bfee6
[36;1mclient_005_1  |[0m 2026-01-27 19:48:46,325 - __main__ - INFO - --- Starting FL Client: client_005 ---
[33mserver_1      |[0m INFO:__main__:Client client_005 registered.
[36;1mclient_005_1  |[0m 2026-01-27 19:48:46,329 - __main__ - INFO - ✅ Registered with server successfully.
[36mdocker-tc     |[0m [2026-01-27T19:48:46+00:00] [b1a26a7e3f64] Controlling traffic of the container /fl-rest_client_015_1 on veth65bfee6
[34mclient_014_1  |[0m 2026-01-27 19:48:46,347 - __main__ - INFO - --- Starting FL Client: client_014 ---
[36;1mclient_015_1  |[0m 2026-01-27 19:48:46,350 - __main__ - INFO - --- Starting FL Client: client_015 ---
[33mserver_1      |[0m INFO:__main__:Client client_014 registered.
[34mclient_014_1  |[0m 2026-01-27 19:48:46,352 - __main__ - INFO - ✅ Registered with server successfully.
[36mclient_020_1  |[0m 2026-01-27 19:48:46,358 - __main__ - INFO - --- Starting FL Client: client_020 ---
[33mserver_1      |[0m INFO:__main__:Client client_020 registered.
[36mclient_020_1  |[0m 2026-01-27 19:48:46,363 - __main__ - INFO - ✅ Registered with server successfully.
[33mserver_1      |[0m INFO:__main__:Client client_017 registered.
[32mclient_002_1  |[0m 2026-01-27 19:48:46,392 - __main__ - INFO - --- Starting FL Client: client_002 ---
[33mserver_1      |[0m INFO:__main__:Client client_002 registered.
[32mclient_002_1  |[0m 2026-01-27 19:48:46,396 - __main__ - INFO - ✅ Registered with server successfully.
[35;1mclient_008_1  |[0m 2026-01-27 19:48:46,401 - __main__ - INFO - --- Starting FL Client: client_008 ---
[33mserver_1      |[0m INFO:__main__:Client client_008 registered.
[35;1mclient_008_1  |[0m 2026-01-27 19:48:46,407 - __main__ - INFO - ✅ Registered with server successfully.
[35mclient_003_1  |[0m 2026-01-27 19:48:46,484 - __main__ - INFO - --- New Round Detected: 0 ---
[33mserver_1      |[0m INFO:werkzeug:172.18.0.16 - - [27/Jan/2026 19:48:46] "GET /download_model?round=0 HTTP/1.1" 200 -
[33mserver_1      |[0m INFO:__main__:Client client_012 registered.
[35;1mclient_018_1  |[0m 2026-01-27 19:48:46,519 - __main__ - INFO - --- Starting FL Client: client_018 ---
[33mserver_1      |[0m INFO:__main__:Client client_018 registered.
[35;1mclient_018_1  |[0m 2026-01-27 19:48:46,525 - __main__ - INFO - ✅ Registered with server successfully.
[33;1mclient_006_1  |[0m 2026-01-27 19:48:46,561 - __main__ - INFO - --- Starting FL Client: client_006 ---
[33mserver_1      |[0m INFO:__main__:Client client_006 registered.
[36mclient_010_1  |[0m 2026-01-27 19:48:46,565 - __main__ - INFO - --- New Round Detected: 0 ---
[33mserver_1      |[0m INFO:werkzeug:172.18.0.11 - - [27/Jan/2026 19:48:46] "GET /download_model?round=0 HTTP/1.1" 200 -
[33;1mclient_006_1  |[0m 2026-01-27 19:48:46,567 - __main__ - INFO - ✅ Registered with server successfully.
[32;1mclient_017_1  |[0m 2026-01-27 19:48:46,583 - __main__ - INFO - ✅ Registered with server successfully.
[36mdocker-tc     |[0m [2026-01-27T19:48:46+00:00] [a585e5945d93] Set delay=200ms, loss=1% on veth8df4848
[36mdocker-tc     |[0m [2026-01-27T19:48:46+00:00] [a585e5945d93] Set bandwidth-limit=5mbps on veth8df4848
[33;1mclient_016_1  |[0m 2026-01-27 19:48:46,648 - __main__ - INFO - --- New Round Detected: 0 ---
[33mserver_1      |[0m INFO:werkzeug:172.18.0.14 - - [27/Jan/2026 19:48:46] "GET /download_model?round=0 HTTP/1.1" 200 -
[36mdocker-tc     |[0m [2026-01-27T19:48:46+00:00] [a585e5945d93] Controlling traffic of the container /fl-rest_client_020_1 on veth8df4848
[33;1mclient_016_1  |[0m /opt/conda/lib/python3.10/site-packages/torch/cuda/amp/grad_scaler.py:125: UserWarning: torch.cuda.amp.GradScaler is enabled, but CUDA is not available.  Disabling.
[33;1mclient_016_1  |[0m   warnings.warn(
[32;1mclient_007_1  |[0m 2026-01-27 19:48:46,699 - __main__ - INFO - --- Starting FL Client: client_007 ---
[33;1mclient_016_1  |[0m /opt/conda/lib/python3.10/site-packages/torch/amp/autocast_mode.py:250: UserWarning: User provided device_type of 'cuda', but CUDA is not available. Disabling
[33;1mclient_016_1  |[0m   warnings.warn(
[36;1mclient_005_1  |[0m 2026-01-27 19:48:46,704 - __main__ - INFO - --- New Round Detected: 0 ---
[33mserver_1      |[0m INFO:__main__:Client client_007 registered.
[32;1mclient_007_1  |[0m 2026-01-27 19:48:46,707 - __main__ - INFO - ✅ Registered with server successfully.
[33mserver_1      |[0m INFO:werkzeug:172.18.0.12 - - [27/Jan/2026 19:48:46] "GET /download_model?round=0 HTTP/1.1" 200 -
[33mclient_001_1  |[0m 2026-01-27 19:48:46,719 - __main__ - INFO - --- Starting FL Client: client_001 ---
[32mclient_012_1  |[0m 2026-01-27 19:48:46,724 - __main__ - INFO - ✅ Registered with server successfully.
[33mserver_1      |[0m INFO:__main__:Client client_001 registered.
[33mclient_001_1  |[0m 2026-01-27 19:48:46,732 - __main__ - INFO - ✅ Registered with server successfully.
[35mclient_013_1  |[0m 2026-01-27 19:48:46,733 - __main__ - INFO - --- New Round Detected: 0 ---
[33mserver_1      |[0m INFO:werkzeug:172.18.0.10 - - [27/Jan/2026 19:48:46] "GET /download_model?round=0 HTTP/1.1" 200 -
[33mserver_1      |[0m INFO:__main__:Client client_015 registered.
[34mclient_014_1  |[0m 2026-01-27 19:48:46,793 - __main__ - INFO - --- New Round Detected: 0 ---
[33mserver_1      |[0m INFO:werkzeug:172.18.0.13 - - [27/Jan/2026 19:48:46] "GET /download_model?round=0 HTTP/1.1" 200 -
[35;1mclient_008_1  |[0m 2026-01-27 19:48:46,801 - __main__ - INFO - --- New Round Detected: 0 ---
[33mserver_1      |[0m INFO:werkzeug:172.18.0.19 - - [27/Jan/2026 19:48:46] "GET /download_model?round=0 HTTP/1.1" 200 -
[35mclient_013_1  |[0m /opt/conda/lib/python3.10/site-packages/torch/cuda/amp/grad_scaler.py:125: UserWarning: torch.cuda.amp.GradScaler is enabled, but CUDA is not available.  Disabling.
[35mclient_013_1  |[0m   warnings.warn(
[34mclient_004_1  |[0m 2026-01-27 19:48:46,814 - __main__ - INFO - --- New Round Detected: 0 ---
[33mserver_1      |[0m INFO:werkzeug:172.18.0.17 - - [27/Jan/2026 19:48:46] "GET /download_model?round=0 HTTP/1.1" 200 -
[35mclient_013_1  |[0m /opt/conda/lib/python3.10/site-packages/torch/amp/autocast_mode.py:250: UserWarning: User provided device_type of 'cuda', but CUDA is not available. Disabling
[35mclient_013_1  |[0m   warnings.warn(
[34;1mclient_009_1  |[0m 2026-01-27 19:48:46,874 - __main__ - INFO - --- New Round Detected: 0 ---
[33mserver_1      |[0m INFO:werkzeug:172.18.0.7 - - [27/Jan/2026 19:48:46] "GET /download_model?round=0 HTTP/1.1" 200 -
[32mclient_002_1  |[0m 2026-01-27 19:48:46,914 - __main__ - INFO - --- New Round Detected: 0 ---
[33mserver_1      |[0m INFO:werkzeug:172.18.0.21 - - [27/Jan/2026 19:48:46] "GET /download_model?round=0 HTTP/1.1" 200 -
[34mclient_014_1  |[0m /opt/conda/lib/python3.10/site-packages/torch/cuda/amp/grad_scaler.py:125: UserWarning: torch.cuda.amp.GradScaler is enabled, but CUDA is not available.  Disabling.
[34mclient_014_1  |[0m   warnings.warn(
[33;1mclient_006_1  |[0m 2026-01-27 19:48:46,946 - __main__ - INFO - --- New Round Detected: 0 ---
[34mclient_014_1  |[0m /opt/conda/lib/python3.10/site-packages/torch/amp/autocast_mode.py:250: UserWarning: User provided device_type of 'cuda', but CUDA is not available. Disabling
[34mclient_014_1  |[0m   warnings.warn(
[33mserver_1      |[0m INFO:werkzeug:172.18.0.20 - - [27/Jan/2026 19:48:46] "GET /download_model?round=0 HTTP/1.1" 200 -
[36;1mclient_015_1  |[0m 2026-01-27 19:48:46,971 - __main__ - INFO - ✅ Registered with server successfully.
[35;1mclient_018_1  |[0m 2026-01-27 19:48:47,022 - __main__ - INFO - --- New Round Detected: 0 ---
[33mserver_1      |[0m INFO:werkzeug:172.18.0.15 - - [27/Jan/2026 19:48:47] "GET /download_model?round=0 HTTP/1.1" 200 -
[36mdocker-tc     |[0m [2026-01-27T19:48:47+00:00] [1593b8bf6f1c] Set delay=200ms, loss=1% on veth3d1d585
[36mdocker-tc     |[0m [2026-01-27T19:48:47+00:00] [1593b8bf6f1c] Set bandwidth-limit=5mbps on veth3d1d585
[36mdocker-tc     |[0m [2026-01-27T19:48:47+00:00] [1593b8bf6f1c] Controlling traffic of the container /fl-rest_client_013_1 on veth3d1d585
[35;1mclient_018_1  |[0m /opt/conda/lib/python3.10/site-packages/torch/cuda/amp/grad_scaler.py:125: UserWarning: torch.cuda.amp.GradScaler is enabled, but CUDA is not available.  Disabling.
[35;1mclient_018_1  |[0m   warnings.warn(
[35;1mclient_018_1  |[0m /opt/conda/lib/python3.10/site-packages/torch/amp/autocast_mode.py:250: UserWarning: User provided device_type of 'cuda', but CUDA is not available. Disabling
[35;1mclient_018_1  |[0m   warnings.warn(
[32;1mclient_007_1  |[0m 2026-01-27 19:48:47,290 - __main__ - INFO - --- New Round Detected: 0 ---
[33mserver_1      |[0m INFO:werkzeug:172.18.0.22 - - [27/Jan/2026 19:48:47] "GET /download_model?round=0 HTTP/1.1" 200 -
[33mserver_1      |[0m INFO:werkzeug:172.18.0.18 - - [27/Jan/2026 19:48:47] "GET /download_model?round=0 HTTP/1.1" 200 -
[33mclient_001_1  |[0m 2026-01-27 19:48:47,317 - __main__ - INFO - --- New Round Detected: 0 ---
[36mclient_020_1  |[0m 2026-01-27 19:48:47,337 - __main__ - INFO - --- New Round Detected: 0 ---
[36mdocker-tc     |[0m [2026-01-27T19:48:47+00:00] [6ced6618d5ce] Set delay=20ms on veth9ab8223
[36mdocker-tc     |[0m [2026-01-27T19:48:47+00:00] [6ced6618d5ce] Set bandwidth-limit=1gbit on veth9ab8223
[32;1mclient_017_1  |[0m 2026-01-27 19:48:47,479 - __main__ - INFO - --- New Round Detected: 0 ---
[36mdocker-tc     |[0m [2026-01-27T19:48:47+00:00] [6ced6618d5ce] Controlling traffic of the container /fl-rest_client_010_1 on veth9ab8223
[33mserver_1      |[0m INFO:werkzeug:172.18.0.9 - - [27/Jan/2026 19:48:47] "GET /download_model?round=0 HTTP/1.1" 200 -
[32mclient_012_1  |[0m 2026-01-27 19:48:47,604 - __main__ - INFO - --- New Round Detected: 0 ---
[33mserver_1      |[0m INFO:werkzeug:172.18.0.5 - - [27/Jan/2026 19:48:47] "GET /download_model?round=0 HTTP/1.1" 200 -
[36;1mclient_015_1  |[0m 2026-01-27 19:48:47,725 - __main__ - INFO - --- New Round Detected: 0 ---
[33mserver_1      |[0m INFO:werkzeug:172.18.0.6 - - [27/Jan/2026 19:48:47] "GET /download_model?round=0 HTTP/1.1" 200 -
[33mserver_1      |[0m INFO:werkzeug:172.18.0.8 - - [27/Jan/2026 19:48:47] "GET /download_model?round=0 HTTP/1.1" 200 -
[36mdocker-tc     |[0m [2026-01-27T19:48:48+00:00] [79ea7c301828] Set delay=20ms on veth3660ec1
[36mdocker-tc     |[0m [2026-01-27T19:48:48+00:00] [79ea7c301828] Set bandwidth-limit=1gbit on veth3660ec1
[36mdocker-tc     |[0m [2026-01-27T19:48:48+00:00] [79ea7c301828] Controlling traffic of the container /fl-rest_client_005_1 on veth3660ec1
[33;1mclient_006_1  |[0m 2026-01-27 19:48:48,551 - __main__ - INFO - Round 0 finished. Loss: 2.1596, Acc: 42.86%
[33;1mclient_006_1  |[0m 2026-01-27 19:48:48,571 - __main__ - INFO - 🚀 Model update submitted successfully.
[36mdocker-tc     |[0m [2026-01-27T19:48:48+00:00] [0852c44b8aaa] Set delay=200ms, loss=1% on vethf787b99
[33;1mclient_006_1  |[0m 2026-01-27 19:48:48,572 - __main__ - INFO - Update submitted for Round 0. Waiting...
[36mdocker-tc     |[0m [2026-01-27T19:48:48+00:00] [0852c44b8aaa] Set bandwidth-limit=5mbps on vethf787b99
[33mserver_1      |[0m INFO:__main__:Received update from client_006
[33mserver_1      |[0m INFO:werkzeug:172.18.0.20 - - [27/Jan/2026 19:48:48] "POST /submit_update HTTP/1.1" 200 -
[36mdocker-tc     |[0m [2026-01-27T19:48:48+00:00] [0852c44b8aaa] Controlling traffic of the container /fl-rest_client_014_1 on vethf787b99
[36mclient_020_1  |[0m /opt/conda/lib/python3.10/site-packages/torch/cuda/amp/grad_scaler.py:125: UserWarning: torch.cuda.amp.GradScaler is enabled, but CUDA is not available.  Disabling.
[36mclient_020_1  |[0m   warnings.warn(
[36mclient_010_1  |[0m 2026-01-27 19:48:49,400 - __main__ - INFO - Round 0 finished. Loss: 0.1152, Acc: 97.91%
[36mclient_020_1  |[0m /opt/conda/lib/python3.10/site-packages/torch/amp/autocast_mode.py:250: UserWarning: User provided device_type of 'cuda', but CUDA is not available. Disabling
[36mclient_020_1  |[0m   warnings.warn(
[33mserver_1      |[0m INFO:__main__:Client client_011 registered.
[32;1mclient_017_1  |[0m /opt/conda/lib/python3.10/site-packages/torch/cuda/amp/grad_scaler.py:125: UserWarning: torch.cuda.amp.GradScaler is enabled, but CUDA is not available.  Disabling.
[32;1mclient_017_1  |[0m   warnings.warn(
[32;1mclient_017_1  |[0m /opt/conda/lib/python3.10/site-packages/torch/amp/autocast_mode.py:250: UserWarning: User provided device_type of 'cuda', but CUDA is not available. Disabling
[32;1mclient_017_1  |[0m   warnings.warn(
[33mserver_1      |[0m INFO:__main__:Client client_019 registered.
[33mserver_1      |[0m INFO:__main__:Received update from client_010
[33mserver_1      |[0m INFO:werkzeug:172.18.0.11 - - [27/Jan/2026 19:48:49] "POST /submit_update HTTP/1.1" 200 -
[36mclient_010_1  |[0m 2026-01-27 19:48:49,554 - __main__ - INFO - 🚀 Model update submitted successfully.
[36mclient_010_1  |[0m 2026-01-27 19:48:49,554 - __main__ - INFO - Update submitted for Round 0. Waiting...
[32mclient_012_1  |[0m /opt/conda/lib/python3.10/site-packages/torch/cuda/amp/grad_scaler.py:125: UserWarning: torch.cuda.amp.GradScaler is enabled, but CUDA is not available.  Disabling.
[32mclient_012_1  |[0m   warnings.warn(
[33mclient_011_1  |[0m 2026-01-27 19:48:49,618 - __main__ - INFO - ✅ Registered with server successfully.
[32mclient_012_1  |[0m /opt/conda/lib/python3.10/site-packages/torch/amp/autocast_mode.py:250: UserWarning: User provided device_type of 'cuda', but CUDA is not available. Disabling
[32mclient_012_1  |[0m   warnings.warn(
[34;1mclient_019_1  |[0m 2026-01-27 19:48:49,763 - __main__ - INFO - ✅ Registered with server successfully.
[36mdocker-tc     |[0m [2026-01-27T19:48:49+00:00] [344e7b7864eb] Set delay=200ms, loss=1% on vethd9bb840
[36mdocker-tc     |[0m [2026-01-27T19:48:49+00:00] [344e7b7864eb] Set bandwidth-limit=5mbps on vethd9bb840
[36;1mclient_015_1  |[0m /opt/conda/lib/python3.10/site-packages/torch/cuda/amp/grad_scaler.py:125: UserWarning: torch.cuda.amp.GradScaler is enabled, but CUDA is not available.  Disabling.
[36;1mclient_015_1  |[0m   warnings.warn(
[36;1mclient_015_1  |[0m /opt/conda/lib/python3.10/site-packages/torch/amp/autocast_mode.py:250: UserWarning: User provided device_type of 'cuda', but CUDA is not available. Disabling
[36;1mclient_015_1  |[0m   warnings.warn(
[36mdocker-tc     |[0m [2026-01-27T19:48:49+00:00] [344e7b7864eb] Controlling traffic of the container /fl-rest_client_016_1 on vethd9bb840
[33mclient_001_1  |[0m 2026-01-27 19:48:50,082 - __main__ - INFO - Round 0 finished. Loss: 0.1832, Acc: 96.12%
[33mserver_1      |[0m INFO:__main__:Received update from client_001
[33mserver_1      |[0m INFO:werkzeug:172.18.0.18 - - [27/Jan/2026 19:48:50] "POST /submit_update HTTP/1.1" 200 -
[33mclient_001_1  |[0m 2026-01-27 19:48:50,090 - __main__ - INFO - 🚀 Model update submitted successfully.
[33mclient_001_1  |[0m 2026-01-27 19:48:50,090 - __main__ - INFO - Update submitted for Round 0. Waiting...
[36mdocker-tc     |[0m [2026-01-27T19:48:50+00:00] [8a010b538339] Set delay=200ms, loss=1% on veth2f629df
[36mdocker-tc     |[0m [2026-01-27T19:48:50+00:00] [8a010b538339] Set bandwidth-limit=5mbps on veth2f629df
[32;1mclient_007_1  |[0m 2026-01-27 19:48:50,673 - __main__ - INFO - Round 0 finished. Loss: 1.0168, Acc: 58.06%
[33mserver_1      |[0m INFO:__main__:Received update from client_007
[33mserver_1      |[0m INFO:werkzeug:172.18.0.22 - - [27/Jan/2026 19:48:50] "POST /submit_update HTTP/1.1" 200 -
[32;1mclient_007_1  |[0m 2026-01-27 19:48:50,744 - __main__ - INFO - 🚀 Model update submitted successfully.
[32;1mclient_007_1  |[0m 2026-01-27 19:48:50,744 - __main__ - INFO - Update submitted for Round 0. Waiting...
[36mdocker-tc     |[0m [2026-01-27T19:48:50+00:00] [8a010b538339] Controlling traffic of the container /fl-rest_client_018_1 on veth2f629df
[33mclient_011_1  |[0m 2026-01-27 19:48:50,902 - __main__ - INFO - --- New Round Detected: 0 ---
[34;1mclient_019_1  |[0m 2026-01-27 19:48:51,164 - __main__ - INFO - --- New Round Detected: 0 ---
[33mserver_1      |[0m INFO:werkzeug:172.18.0.3 - - [27/Jan/2026 19:48:51] "GET /download_model?round=0 HTTP/1.1" 200 -
[36mdocker-tc     |[0m [2026-01-27T19:48:51+00:00] [c793fe9e7e67] Set delay=20ms on veth3e802c1
[36mdocker-tc     |[0m [2026-01-27T19:48:51+00:00] [c793fe9e7e67] Set bandwidth-limit=1gbit on veth3e802c1
[36mdocker-tc     |[0m [2026-01-27T19:48:51+00:00] [c793fe9e7e67] Controlling traffic of the container /fl-rest_client_003_1 on veth3e802c1
[33mserver_1      |[0m INFO:werkzeug:172.18.0.4 - - [27/Jan/2026 19:48:51] "GET /download_model?round=0 HTTP/1.1" 200 -
[32mclient_002_1  |[0m 2026-01-27 19:48:51,701 - __main__ - INFO - Round 0 finished. Loss: 0.3866, Acc: 88.04%
[33mserver_1      |[0m INFO:__main__:Received update from client_002
[33mserver_1      |[0m INFO:__main__:--- Aggregating 5 updates ---
[33mserver_1      |[0m INFO:__main__:⚡ Using Custom Aggregator with Drift Metric...
[33mserver_1      |[0m INFO:server.aggregator:Starting FedAvg aggregation for 5 clients.
[36mdocker-tc     |[0m [2026-01-27T19:48:51+00:00] [2374a7757a97] Set delay=20ms on vethf0e95fa
[36mdocker-tc     |[0m [2026-01-27T19:48:51+00:00] [2374a7757a97] Set bandwidth-limit=1gbit on vethf0e95fa
[36mdocker-tc     |[0m [2026-01-27T19:48:51+00:00] [2374a7757a97] Controlling traffic of the container /fl-rest_client_004_1 on vethf0e95fa
[35;1mclient_008_1  |[0m 2026-01-27 19:48:52,614 - __main__ - INFO - Round 0 finished. Loss: 0.1005, Acc: 97.93%
[35;1mclient_008_1  |[0m 2026-01-27 19:48:52,620 - __main__ - ERROR - Update submission failed: {"error":"Not accepting updates"}
[35;1mclient_008_1  |[0m 
[33mserver_1      |[0m INFO:werkzeug:172.18.0.19 - - [27/Jan/2026 19:48:52] "[31m[1mPOST /submit_update HTTP/1.1[0m" 400 -
[35;1mclient_008_1  |[0m 2026-01-27 19:48:52,620 - __main__ - INFO - Update submitted for Round 0. Waiting...
[36mdocker-tc     |[0m [2026-01-27T19:48:52+00:00] [8bf48024b492] Set delay=20ms on veth97f0623
[36mdocker-tc     |[0m [2026-01-27T19:48:52+00:00] [8bf48024b492] Set bandwidth-limit=1gbit on veth97f0623
[36mdocker-tc     |[0m [2026-01-27T19:48:52+00:00] [8bf48024b492] Controlling traffic of the container /fl-rest_client_001_1 on veth97f0623
[34;1mclient_019_1  |[0m /opt/conda/lib/python3.10/site-packages/torch/cuda/amp/grad_scaler.py:125: UserWarning: torch.cuda.amp.GradScaler is enabled, but CUDA is not available.  Disabling.
[34;1mclient_019_1  |[0m   warnings.warn(
[34;1mclient_019_1  |[0m /opt/conda/lib/python3.10/site-packages/torch/amp/autocast_mode.py:250: UserWarning: User provided device_type of 'cuda', but CUDA is not available. Disabling
[34;1mclient_019_1  |[0m   warnings.warn(
[36mdocker-tc     |[0m [2026-01-27T19:48:53+00:00] [e55726d226cc] Set delay=20ms on vethbdb6961
[36mdocker-tc     |[0m [2026-01-27T19:48:53+00:00] [e55726d226cc] Set bandwidth-limit=1gbit on vethbdb6961
[36mdocker-tc     |[0m [2026-01-27T19:48:53+00:00] [e55726d226cc] Controlling traffic of the container /fl-rest_client_008_1 on vethbdb6961
[36mdocker-tc     |[0m [2026-01-27T19:48:53+00:00] [bfcef3c99e2a] Set delay=20ms on veth674dc81
[36mdocker-tc     |[0m [2026-01-27T19:48:53+00:00] [bfcef3c99e2a] Set bandwidth-limit=1gbit on veth674dc81
[36mdocker-tc     |[0m [2026-01-27T19:48:53+00:00] [bfcef3c99e2a] Controlling traffic of the container /fl-rest_client_006_1 on veth674dc81
[36mdocker-tc     |[0m [2026-01-27T19:48:54+00:00] [a4dba54ad302] Set delay=20ms on vethb479bea
[36mdocker-tc     |[0m [2026-01-27T19:48:54+00:00] [a4dba54ad302] Set bandwidth-limit=1gbit on vethb479bea
[36mdocker-tc     |[0m [2026-01-27T19:48:54+00:00] [a4dba54ad302] Controlling traffic of the container /fl-rest_client_002_1 on vethb479bea
[36mdocker-tc     |[0m [2026-01-27T19:48:54+00:00] [a0ac9e72500e] Set delay=20ms on vethdbd5068
[36mdocker-tc     |[0m [2026-01-27T19:48:54+00:00] [a0ac9e72500e] Set bandwidth-limit=1gbit on vethdbd5068
[36mdocker-tc     |[0m [2026-01-27T19:48:54+00:00] [a0ac9e72500e] Controlling traffic of the container /fl-rest_client_007_1 on vethdbd5068
[36;1mclient_005_1  |[0m 2026-01-27 19:48:54,535 - __main__ - INFO - Round 0 finished. Loss: 0.3311, Acc: 89.78%
[33mserver_1      |[0m INFO:werkzeug:172.18.0.12 - - [27/Jan/2026 19:48:54] "[31m[1mPOST /submit_update HTTP/1.1[0m" 400 -
[36;1mclient_005_1  |[0m 2026-01-27 19:48:54,603 - __main__ - ERROR - Update submission failed: {"error":"Not accepting updates"}
[36;1mclient_005_1  |[0m 
[36;1mclient_005_1  |[0m 2026-01-27 19:48:54,603 - __main__ - INFO - Update submitted for Round 0. Waiting...
[34;1mclient_009_1  |[0m 2026-01-27 19:48:55,152 - __main__ - INFO - Round 0 finished. Loss: 0.9269, Acc: 65.20%
[33mclient_011_1  |[0m /opt/conda/lib/python3.10/site-packages/torch/cuda/amp/grad_scaler.py:125: UserWarning: torch.cuda.amp.GradScaler is enabled, but CUDA is not available.  Disabling.
[33mclient_011_1  |[0m   warnings.warn(
[33mserver_1      |[0m INFO:server.aggregator:--- [METRIC] Weight Divergence: 0.9783
[33mserver_1      |[0m INFO:werkzeug:172.18.0.7 - - [27/Jan/2026 19:48:55] "[31m[1mPOST /submit_update HTTP/1.1[0m" 400 -
[33mserver_1      |[0m INFO:server.aggregator:FedAvg aggregation complete.
[33mserver_1      |[0m INFO:__main__:Aggregation complete.
[33mclient_011_1  |[0m /opt/conda/lib/python3.10/site-packages/torch/amp/autocast_mode.py:250: UserWarning: User provided device_type of 'cuda', but CUDA is not available. Disabling
[33mclient_011_1  |[0m   warnings.warn(
[34;1mclient_009_1  |[0m 2026-01-27 19:48:55,598 - __main__ - ERROR - Update submission failed: {"error":"Not accepting updates"}
[34;1mclient_009_1  |[0m 
[34;1mclient_009_1  |[0m 2026-01-27 19:48:55,598 - __main__ - INFO - Update submitted for Round 0. Waiting...
[33mserver_1      |[0m ⏱️ [TIME] Client client_006 finished training in 0.59s
[33mserver_1      |[0m ⏱️ [TIME] Client client_010 finished training in 2.54s
[33mserver_1      |[0m ⏱️ [TIME] Client client_001 finished training in 1.72s
[33mserver_1      |[0m ⏱️ [TIME] Client client_007 finished training in 2.38s
[33mserver_1      |[0m ⏱️ [TIME] Client client_002 finished training in 3.65s
[33mserver_1      |[0m DEBUG: ⚠️ MY CUSTOM AGGREGATOR IS RUNNING ⚠️
[33mserver_1      |[0m INFO:__main__:--- Round 0 Acc: 10.00%, Loss: 4.5929 ---
[33mserver_1      |[0m INFO:__main__:--- Starting Round 1. Timeout: 300s ---
[33mserver_1      |[0m INFO:werkzeug:172.18.0.21 - - [27/Jan/2026 19:48:57] "POST /submit_update HTTP/1.1" 200 -
[32mclient_002_1  |[0m 2026-01-27 19:48:57,640 - __main__ - INFO - 🚀 Model update submitted successfully.
[32mclient_002_1  |[0m 2026-01-27 19:48:57,640 - __main__ - INFO - Update submitted for Round 0. Waiting...
[33;1mclient_006_1  |[0m 2026-01-27 19:48:58,639 - __main__ - INFO - --- New Round Detected: 1 ---
[33mserver_1      |[0m INFO:werkzeug:172.18.0.20 - - [27/Jan/2026 19:48:58] "GET /download_model?round=1 HTTP/1.1" 200 -
[33;1mclient_006_1  |[0m 2026-01-27 19:48:58,837 - __main__ - INFO - Round 1 finished. Loss: 4.4159, Acc: 0.00%
[33mserver_1      |[0m INFO:__main__:Received update from client_006
[33mserver_1      |[0m INFO:werkzeug:172.18.0.20 - - [27/Jan/2026 19:48:58] "POST /submit_update HTTP/1.1" 200 -
[33;1mclient_006_1  |[0m 2026-01-27 19:48:58,973 - __main__ - INFO - 🚀 Model update submitted successfully.
[33;1mclient_006_1  |[0m 2026-01-27 19:48:58,973 - __main__ - INFO - Update submitted for Round 1. Waiting...
[36mclient_010_1  |[0m 2026-01-27 19:48:59,690 - __main__ - INFO - --- New Round Detected: 1 ---
[33mserver_1      |[0m INFO:werkzeug:172.18.0.11 - - [27/Jan/2026 19:48:59] "GET /download_model?round=1 HTTP/1.1" 200 -
[34mclient_004_1  |[0m 2026-01-27 19:48:59,811 - __main__ - INFO - Round 0 finished. Loss: 0.9385, Acc: 64.28%
[33mserver_1      |[0m INFO:__main__:Received update from client_004
[33mserver_1      |[0m INFO:werkzeug:172.18.0.17 - - [27/Jan/2026 19:48:59] "POST /submit_update HTTP/1.1" 200 -
[34mclient_004_1  |[0m 2026-01-27 19:48:59,966 - __main__ - INFO - 🚀 Model update submitted successfully.
[34mclient_004_1  |[0m 2026-01-27 19:48:59,966 - __main__ - INFO - Update submitted for Round 0. Waiting...
[33mclient_001_1  |[0m 2026-01-27 19:49:00,155 - __main__ - INFO - --- New Round Detected: 1 ---
[33mserver_1      |[0m INFO:werkzeug:172.18.0.18 - - [27/Jan/2026 19:49:00] "GET /download_model?round=1 HTTP/1.1" 200 -
[32;1mclient_007_1  |[0m 2026-01-27 19:49:00,830 - __main__ - INFO - --- New Round Detected: 1 ---
[33mserver_1      |[0m INFO:werkzeug:172.18.0.22 - - [27/Jan/2026 19:49:00] "GET /download_model?round=1 HTTP/1.1" 200 -
[33mclient_001_1  |[0m 2026-01-27 19:49:01,384 - __main__ - INFO - Round 1 finished. Loss: 0.1876, Acc: 96.12%
[36mclient_010_1  |[0m 2026-01-27 19:49:01,398 - __main__ - INFO - Round 1 finished. Loss: 0.1226, Acc: 97.91%
[33mserver_1      |[0m INFO:__main__:Received update from client_001
[33mserver_1      |[0m INFO:werkzeug:172.18.0.18 - - [27/Jan/2026 19:49:01] "POST /submit_update HTTP/1.1" 200 -
[33mclient_001_1  |[0m 2026-01-27 19:49:01,519 - __main__ - INFO - 🚀 Model update submitted successfully.
[33mclient_001_1  |[0m 2026-01-27 19:49:01,519 - __main__ - INFO - Update submitted for Round 1. Waiting...
[33mserver_1      |[0m INFO:__main__:Received update from client_010
[33mserver_1      |[0m INFO:werkzeug:172.18.0.11 - - [27/Jan/2026 19:49:01] "POST /submit_update HTTP/1.1" 200 -
[36mclient_010_1  |[0m 2026-01-27 19:49:01,564 - __main__ - INFO - 🚀 Model update submitted successfully.
[36mclient_010_1  |[0m 2026-01-27 19:49:01,564 - __main__ - INFO - Update submitted for Round 1. Waiting...
[32;1mclient_007_1  |[0m 2026-01-27 19:49:01,622 - __main__ - INFO - Round 1 finished. Loss: 1.4059, Acc: 58.06%
[33mserver_1      |[0m INFO:__main__:Received update from client_007
[33mserver_1      |[0m INFO:__main__:--- Aggregating 5 updates ---
[33mserver_1      |[0m INFO:__main__:⚡ Using Custom Aggregator with Drift Metric...
[33mserver_1      |[0m INFO:server.aggregator:Starting FedAvg aggregation for 5 clients.
[35;1mclient_008_1  |[0m 2026-01-27 19:49:02,686 - __main__ - INFO - --- New Round Detected: 1 ---
[33mserver_1      |[0m INFO:werkzeug:172.18.0.19 - - [27/Jan/2026 19:49:02] "GET /download_model?round=1 HTTP/1.1" 200 -
[33mserver_1      |[0m INFO:server.aggregator:--- [METRIC] Weight Divergence: 2.1527
[33mserver_1      |[0m INFO:server.aggregator:FedAvg aggregation complete.
[33mserver_1      |[0m INFO:__main__:Aggregation complete.
[33mserver_1      |[0m ⏱️ [TIME] Client client_006 finished training in 0.06s
[33mserver_1      |[0m ⏱️ [TIME] Client client_004 finished training in 11.78s
[33mserver_1      |[0m ⏱️ [TIME] Client client_001 finished training in 1.07s
[33mserver_1      |[0m ⏱️ [TIME] Client client_010 finished training in 1.58s
[33mserver_1      |[0m ⏱️ [TIME] Client client_007 finished training in 0.65s
[33mserver_1      |[0m DEBUG: ⚠️ MY CUSTOM AGGREGATOR IS RUNNING ⚠️
[36;1mclient_005_1  |[0m 2026-01-27 19:49:04,671 - __main__ - INFO - --- New Round Detected: 1 ---
[33mserver_1      |[0m INFO:werkzeug:172.18.0.12 - - [27/Jan/2026 19:49:04] "GET /download_model?round=1 HTTP/1.1" 200 -
[35mclient_003_1  |[0m 2026-01-27 19:49:04,921 - __main__ - INFO - Round 0 finished. Loss: 0.9952, Acc: 66.77%
[33mserver_1      |[0m INFO:werkzeug:172.18.0.16 - - [27/Jan/2026 19:49:04] "[31m[1mPOST /submit_update HTTP/1.1[0m" 400 -
[35mclient_003_1  |[0m 2026-01-27 19:49:04,985 - __main__ - ERROR - Update submission failed: {"error":"Not accepting updates"}
[35mclient_003_1  |[0m 
[35mclient_003_1  |[0m 2026-01-27 19:49:04,985 - __main__ - INFO - Update submitted for Round 0. Waiting...
[34;1mclient_009_1  |[0m 2026-01-27 19:49:05,665 - __main__ - INFO - --- New Round Detected: 1 ---
[33mserver_1      |[0m INFO:werkzeug:172.18.0.7 - - [27/Jan/2026 19:49:05] "GET /download_model?round=1 HTTP/1.1" 200 -
[33mserver_1      |[0m INFO:__main__:--- Round 1 Acc: 26.28%, Loss: 2.5585 ---
[33mserver_1      |[0m INFO:__main__:--- Starting Round 2. Timeout: 300s ---
[33mserver_1      |[0m INFO:werkzeug:172.18.0.22 - - [27/Jan/2026 19:49:05] "POST /submit_update HTTP/1.1" 200 -
[32;1mclient_007_1  |[0m 2026-01-27 19:49:05,807 - __main__ - INFO - 🚀 Model update submitted successfully.
[32;1mclient_007_1  |[0m 2026-01-27 19:49:05,807 - __main__ - INFO - Update submitted for Round 1. Waiting...
[35;1mclient_008_1  |[0m 2026-01-27 19:49:06,319 - __main__ - INFO - Round 1 finished. Loss: 0.9692, Acc: 97.93%
[33mserver_1      |[0m INFO:__main__:Received update from client_008
[33mserver_1      |[0m INFO:werkzeug:172.18.0.19 - - [27/Jan/2026 19:49:06] "POST /submit_update HTTP/1.1" 200 -
[35;1mclient_008_1  |[0m 2026-01-27 19:49:06,473 - __main__ - INFO - 🚀 Model update submitted successfully.
[35;1mclient_008_1  |[0m 2026-01-27 19:49:06,473 - __main__ - INFO - Update submitted for Round 1. Waiting...
[32mclient_002_1  |[0m 2026-01-27 19:49:07,701 - __main__ - INFO - --- New Round Detected: 2 ---
[33mserver_1      |[0m INFO:werkzeug:172.18.0.21 - - [27/Jan/2026 19:49:07] "GET /download_model?round=2 HTTP/1.1" 200 -
[33;1mclient_006_1  |[0m 2026-01-27 19:49:09,035 - __main__ - INFO - --- New Round Detected: 2 ---
[33mserver_1      |[0m INFO:werkzeug:172.18.0.20 - - [27/Jan/2026 19:49:09] "GET /download_model?round=2 HTTP/1.1" 200 -
[33;1mclient_006_1  |[0m 2026-01-27 19:49:09,224 - __main__ - INFO - Round 2 finished. Loss: 1.5055, Acc: 71.43%
[33mserver_1      |[0m INFO:__main__:Received update from client_006
[33mserver_1      |[0m INFO:werkzeug:172.18.0.20 - - [27/Jan/2026 19:49:09] "POST /submit_update HTTP/1.1" 200 -
[33;1mclient_006_1  |[0m 2026-01-27 19:49:09,362 - __main__ - INFO - 🚀 Model update submitted successfully.
[33;1mclient_006_1  |[0m 2026-01-27 19:49:09,362 - __main__ - INFO - Update submitted for Round 2. Waiting...
[34mclient_004_1  |[0m 2026-01-27 19:49:10,046 - __main__ - INFO - --- New Round Detected: 2 ---
[33mserver_1      |[0m INFO:werkzeug:172.18.0.17 - - [27/Jan/2026 19:49:10] "GET /download_model?round=2 HTTP/1.1" 200 -
[32mclient_002_1  |[0m 2026-01-27 19:49:11,276 - __main__ - INFO - Round 2 finished. Loss: 0.8595, Acc: 90.51%
[33mserver_1      |[0m INFO:__main__:Received update from client_002
[33mserver_1      |[0m INFO:werkzeug:172.18.0.21 - - [27/Jan/2026 19:49:11] "POST /submit_update HTTP/1.1" 200 -
[32mclient_002_1  |[0m 2026-01-27 19:49:11,433 - __main__ - INFO - 🚀 Model update submitted successfully.
[32mclient_002_1  |[0m 2026-01-27 19:49:11,433 - __main__ - INFO - Update submitted for Round 2. Waiting...
[36;1mclient_005_1  |[0m 2026-01-27 19:49:11,437 - __main__ - INFO - Round 1 finished. Loss: 1.2223, Acc: 89.84%
[33mserver_1      |[0m INFO:__main__:Received update from client_005
[33mserver_1      |[0m INFO:werkzeug:172.18.0.12 - - [27/Jan/2026 19:49:11] "POST /submit_update HTTP/1.1" 200 -
[36;1mclient_005_1  |[0m 2026-01-27 19:49:11,572 - __main__ - INFO - 🚀 Model update submitted successfully.
[36;1mclient_005_1  |[0m 2026-01-27 19:49:11,572 - __main__ - INFO - Update submitted for Round 1. Waiting...
[33mclient_001_1  |[0m 2026-01-27 19:49:11,585 - __main__ - INFO - --- New Round Detected: 2 ---
[33mserver_1      |[0m INFO:werkzeug:172.18.0.18 - - [27/Jan/2026 19:49:11] "GET /download_model?round=2 HTTP/1.1" 200 -
[36mclient_010_1  |[0m 2026-01-27 19:49:11,636 - __main__ - INFO - --- New Round Detected: 2 ---
[33mserver_1      |[0m INFO:werkzeug:172.18.0.11 - - [27/Jan/2026 19:49:11] "GET /download_model?round=2 HTTP/1.1" 200 -
[33mclient_001_1  |[0m 2026-01-27 19:49:12,961 - __main__ - INFO - Round 2 finished. Loss: 0.7667, Acc: 96.12%
[33mserver_1      |[0m INFO:__main__:Received update from client_001
[33mserver_1      |[0m INFO:__main__:--- Aggregating 5 updates ---
[33mserver_1      |[0m INFO:__main__:⚡ Using Custom Aggregator with Drift Metric...
[33mserver_1      |[0m INFO:server.aggregator:Starting FedAvg aggregation for 5 clients.
[34;1mclient_009_1  |[0m 2026-01-27 19:49:13,157 - __main__ - INFO - Round 1 finished. Loss: 1.3854, Acc: 63.37%
[33mserver_1      |[0m INFO:werkzeug:172.18.0.7 - - [27/Jan/2026 19:49:13] "[31m[1mPOST /submit_update HTTP/1.1[0m" 400 -
[34;1mclient_009_1  |[0m 2026-01-27 19:49:13,221 - __main__ - ERROR - Update submission failed: {"error":"Not accepting updates"}
[34;1mclient_009_1  |[0m 
[34;1mclient_009_1  |[0m 2026-01-27 19:49:13,221 - __main__ - INFO - Update submitted for Round 1. Waiting...
[36mclient_010_1  |[0m 2026-01-27 19:49:13,696 - __main__ - INFO - Round 2 finished. Loss: 0.7693, Acc: 97.91%
[33mserver_1      |[0m INFO:werkzeug:172.18.0.11 - - [27/Jan/2026 19:49:13] "[31m[1mPOST /submit_update HTTP/1.1[0m" 400 -
[36mclient_010_1  |[0m 2026-01-27 19:49:13,863 - __main__ - ERROR - Update submission failed: {"error":"Not accepting updates"}
[36mclient_010_1  |[0m 
[36mclient_010_1  |[0m 2026-01-27 19:49:13,864 - __main__ - INFO - Update submitted for Round 2. Waiting...
[35mclient_003_1  |[0m 2026-01-27 19:49:15,061 - __main__ - INFO - --- New Round Detected: 2 ---
[33mserver_1      |[0m INFO:werkzeug:172.18.0.16 - - [27/Jan/2026 19:49:15] "GET /download_model?round=2 HTTP/1.1" 200 -
[33mserver_1      |[0m INFO:server.aggregator:--- [METRIC] Weight Divergence: 1.8784
[33mserver_1      |[0m INFO:server.aggregator:FedAvg aggregation complete.
[33mserver_1      |[0m INFO:__main__:Aggregation complete.
[33mserver_1      |[0m ⏱️ [TIME] Client client_008 finished training in 3.50s
[33mserver_1      |[0m ⏱️ [TIME] Client client_006 finished training in 0.06s
[33mserver_1      |[0m ⏱️ [TIME] Client client_002 finished training in 3.44s
[33mserver_1      |[0m ⏱️ [TIME] Client client_005 finished training in 6.64s
[33mserver_1      |[0m ⏱️ [TIME] Client client_001 finished training in 1.24s
[33mserver_1      |[0m DEBUG: ⚠️ MY CUSTOM AGGREGATOR IS RUNNING ⚠️
[32;1mclient_007_1  |[0m 2026-01-27 19:49:15,880 - __main__ - INFO - --- New Round Detected: 2 ---
[33mserver_1      |[0m INFO:werkzeug:172.18.0.22 - - [27/Jan/2026 19:49:15] "GET /download_model?round=2 HTTP/1.1" 200 -
[35;1mclient_008_1  |[0m 2026-01-27 19:49:16,535 - __main__ - INFO - --- New Round Detected: 2 ---
[33mserver_1      |[0m INFO:werkzeug:172.18.0.19 - - [27/Jan/2026 19:49:16] "GET /download_model?round=2 HTTP/1.1" 200 -
[33mserver_1      |[0m INFO:__main__:--- Round 2 Acc: 9.67%, Loss: 2.5529 ---
[33mserver_1      |[0m INFO:__main__:--- Starting Round 3. Timeout: 300s ---
[33mserver_1      |[0m INFO:werkzeug:172.18.0.18 - - [27/Jan/2026 19:49:16] "POST /submit_update HTTP/1.1" 200 -
[33mclient_001_1  |[0m 2026-01-27 19:49:16,673 - __main__ - INFO - 🚀 Model update submitted successfully.
[33mclient_001_1  |[0m 2026-01-27 19:49:16,673 - __main__ - INFO - Update submitted for Round 2. Waiting...
[32;1mclient_007_1  |[0m 2026-01-27 19:49:16,876 - __main__ - INFO - Round 2 finished. Loss: 1.2818, Acc: 53.48%
[33mserver_1      |[0m INFO:__main__:Received update from client_007
[33mserver_1      |[0m INFO:werkzeug:172.18.0.22 - - [27/Jan/2026 19:49:16] "POST /submit_update HTTP/1.1" 200 -
[32;1mclient_007_1  |[0m 2026-01-27 19:49:17,016 - __main__ - INFO - 🚀 Model update submitted successfully.
[32;1mclient_007_1  |[0m 2026-01-27 19:49:17,016 - __main__ - INFO - Update submitted for Round 2. Waiting...
[33;1mclient_006_1  |[0m 2026-01-27 19:49:19,434 - __main__ - INFO - --- New Round Detected: 3 ---
[33mserver_1      |[0m INFO:werkzeug:172.18.0.20 - - [27/Jan/2026 19:49:19] "GET /download_model?round=3 HTTP/1.1" 200 -
[33;1mclient_006_1  |[0m 2026-01-27 19:49:19,609 - __main__ - INFO - Round 3 finished. Loss: 2.5893, Acc: 0.00%
[33mserver_1      |[0m INFO:__main__:Received update from client_006
[33mserver_1      |[0m INFO:werkzeug:172.18.0.20 - - [27/Jan/2026 19:49:19] "POST /submit_update HTTP/1.1" 200 -
[33;1mclient_006_1  |[0m 2026-01-27 19:49:19,766 - __main__ - INFO - 🚀 Model update submitted successfully.
[33;1mclient_006_1  |[0m 2026-01-27 19:49:19,766 - __main__ - INFO - Update submitted for Round 3. Waiting...
[35;1mclient_008_1  |[0m 2026-01-27 19:49:20,181 - __main__ - INFO - Round 2 finished. Loss: 0.5084, Acc: 95.96%
[33mserver_1      |[0m INFO:__main__:Received update from client_008
[33mserver_1      |[0m INFO:werkzeug:172.18.0.19 - - [27/Jan/2026 19:49:20] "POST /submit_update HTTP/1.1" 200 -
[35;1mclient_008_1  |[0m 2026-01-27 19:49:20,336 - __main__ - INFO - 🚀 Model update submitted successfully.
[35;1mclient_008_1  |[0m 2026-01-27 19:49:20,336 - __main__ - INFO - Update submitted for Round 2. Waiting...
[32mclient_002_1  |[0m 2026-01-27 19:49:21,495 - __main__ - INFO - --- New Round Detected: 3 ---
[33mserver_1      |[0m INFO:werkzeug:172.18.0.21 - - [27/Jan/2026 19:49:21] "GET /download_model?round=3 HTTP/1.1" 200 -
[36;1mclient_005_1  |[0m 2026-01-27 19:49:21,637 - __main__ - INFO - --- New Round Detected: 3 ---
[33mserver_1      |[0m INFO:werkzeug:172.18.0.12 - - [27/Jan/2026 19:49:21] "GET /download_model?round=3 HTTP/1.1" 200 -
[34mclient_004_1  |[0m 2026-01-27 19:49:22,273 - __main__ - INFO - Round 2 finished. Loss: 0.8802, Acc: 70.39%
[33mserver_1      |[0m INFO:__main__:Received update from client_004
[33mserver_1      |[0m INFO:werkzeug:172.18.0.17 - - [27/Jan/2026 19:49:22] "POST /submit_update HTTP/1.1" 200 -
[34mclient_004_1  |[0m 2026-01-27 19:49:22,431 - __main__ - INFO - 🚀 Model update submitted successfully.
[34mclient_004_1  |[0m 2026-01-27 19:49:22,431 - __main__ - INFO - Update submitted for Round 2. Waiting...
[34;1mclient_009_1  |[0m 2026-01-27 19:49:23,292 - __main__ - INFO - --- New Round Detected: 3 ---
[33mserver_1      |[0m INFO:werkzeug:172.18.0.7 - - [27/Jan/2026 19:49:23] "GET /download_model?round=3 HTTP/1.1" 200 -
[36mclient_010_1  |[0m 2026-01-27 19:49:23,926 - __main__ - INFO - --- New Round Detected: 3 ---
[33mserver_1      |[0m INFO:werkzeug:172.18.0.11 - - [27/Jan/2026 19:49:23] "GET /download_model?round=3 HTTP/1.1" 200 -
[32mclient_002_1  |[0m 2026-01-27 19:49:24,813 - __main__ - INFO - Round 3 finished. Loss: 0.4035, Acc: 87.35%
[33mserver_1      |[0m INFO:__main__:Received update from client_002
[33mserver_1      |[0m INFO:__main__:--- Aggregating 5 updates ---
[33mserver_1      |[0m INFO:__main__:⚡ Using Custom Aggregator with Drift Metric...
[33mserver_1      |[0m INFO:server.aggregator:Starting FedAvg aggregation for 5 clients.
[36mclient_010_1  |[0m 2026-01-27 19:49:25,537 - __main__ - INFO - Round 3 finished. Loss: 0.1091, Acc: 97.91%
[33mserver_1      |[0m INFO:werkzeug:172.18.0.11 - - [27/Jan/2026 19:49:25] "[31m[1mPOST /submit_update HTTP/1.1[0m" 400 -
[36mclient_010_1  |[0m 2026-01-27 19:49:25,600 - __main__ - ERROR - Update submission failed: {"error":"Not accepting updates"}
[36mclient_010_1  |[0m 
[36mclient_010_1  |[0m 2026-01-27 19:49:25,600 - __main__ - INFO - Update submitted for Round 3. Waiting...
[36;1mclient_005_1  |[0m 2026-01-27 19:49:26,255 - __main__ - INFO - Round 3 finished. Loss: 0.3065, Acc: 90.24%
[33mserver_1      |[0m INFO:werkzeug:172.18.0.12 - - [27/Jan/2026 19:49:26] "[31m[1mPOST /submit_update HTTP/1.1[0m" 400 -
[36;1mclient_005_1  |[0m 2026-01-27 19:49:26,320 - __main__ - ERROR - Update submission failed: {"error":"Not accepting updates"}
[36;1mclient_005_1  |[0m 
[36;1mclient_005_1  |[0m 2026-01-27 19:49:26,320 - __main__ - INFO - Update submitted for Round 3. Waiting...
[33mclient_001_1  |[0m 2026-01-27 19:49:26,743 - __main__ - INFO - --- New Round Detected: 3 ---
[33mserver_1      |[0m INFO:werkzeug:172.18.0.18 - - [27/Jan/2026 19:49:26] "GET /download_model?round=3 HTTP/1.1" 200 -
[32;1mclient_007_1  |[0m 2026-01-27 19:49:27,078 - __main__ - INFO - --- New Round Detected: 3 ---
[33mserver_1      |[0m INFO:werkzeug:172.18.0.22 - - [27/Jan/2026 19:49:27] "GET /download_model?round=3 HTTP/1.1" 200 -
[33mserver_1      |[0m INFO:server.aggregator:--- [METRIC] Weight Divergence: 2.0797
[33mserver_1      |[0m INFO:server.aggregator:FedAvg aggregation complete.
[33mserver_1      |[0m INFO:__main__:Aggregation complete.
[33mserver_1      |[0m ⏱️ [TIME] Client client_007 finished training in 0.86s
[33mserver_1      |[0m ⏱️ [TIME] Client client_006 finished training in 0.04s
[33mserver_1      |[0m ⏱️ [TIME] Client client_008 finished training in 3.52s
[33mserver_1      |[0m ⏱️ [TIME] Client client_004 finished training in 12.10s
[33mserver_1      |[0m ⏱️ [TIME] Client client_002 finished training in 3.19s
[33mserver_1      |[0m DEBUG: ⚠️ MY CUSTOM AGGREGATOR IS RUNNING ⚠️
[33mclient_001_1  |[0m 2026-01-27 19:49:27,930 - __main__ - INFO - Round 3 finished. Loss: 0.1375, Acc: 96.12%
[33mserver_1      |[0m INFO:werkzeug:172.18.0.18 - - [27/Jan/2026 19:49:27] "[31m[1mPOST /submit_update HTTP/1.1[0m" 400 -
[33mclient_001_1  |[0m 2026-01-27 19:49:27,994 - __main__ - ERROR - Update submission failed: {"error":"Not accepting updates"}
[33mclient_001_1  |[0m 
[33mclient_001_1  |[0m 2026-01-27 19:49:27,994 - __main__ - INFO - Update submitted for Round 3. Waiting...
[32;1mclient_007_1  |[0m 2026-01-27 19:49:28,400 - __main__ - INFO - Round 3 finished. Loss: 0.8776, Acc: 55.68%
[33mserver_1      |[0m INFO:__main__:--- Round 3 Acc: 27.44%, Loss: 2.1817 ---
[33mserver_1      |[0m INFO:__main__:--- Starting Round 4. Timeout: 300s ---
[33mserver_1      |[0m INFO:werkzeug:172.18.0.21 - - [27/Jan/2026 19:49:28] "POST /submit_update HTTP/1.1" 200 -
[32mclient_002_1  |[0m 2026-01-27 19:49:28,444 - __main__ - INFO - 🚀 Model update submitted successfully.
[32mclient_002_1  |[0m 2026-01-27 19:49:28,445 - __main__ - INFO - Update submitted for Round 3. Waiting...
[33mserver_1      |[0m INFO:__main__:Received update from client_007
[33mserver_1      |[0m INFO:werkzeug:172.18.0.22 - - [27/Jan/2026 19:49:28] "POST /submit_update HTTP/1.1" 200 -
[32;1mclient_007_1  |[0m 2026-01-27 19:49:28,536 - __main__ - INFO - 🚀 Model update submitted successfully.
[32;1mclient_007_1  |[0m 2026-01-27 19:49:28,537 - __main__ - INFO - Update submitted for Round 3. Waiting...
[33;1mclient_006_1  |[0m 2026-01-27 19:49:29,837 - __main__ - INFO - --- New Round Detected: 4 ---
[33mserver_1      |[0m INFO:werkzeug:172.18.0.20 - - [27/Jan/2026 19:49:29] "GET /download_model?round=4 HTTP/1.1" 200 -
[33;1mclient_006_1  |[0m 2026-01-27 19:49:30,030 - __main__ - INFO - Round 4 finished. Loss: 1.3710, Acc: 64.29%
[33mserver_1      |[0m INFO:__main__:Received update from client_006
[33mserver_1      |[0m INFO:werkzeug:172.18.0.20 - - [27/Jan/2026 19:49:30] "POST /submit_update HTTP/1.1" 200 -
[33;1mclient_006_1  |[0m 2026-01-27 19:49:30,171 - __main__ - INFO - 🚀 Model update submitted successfully.
[33;1mclient_006_1  |[0m 2026-01-27 19:49:30,171 - __main__ - INFO - Update submitted for Round 4. Waiting...
[35;1mclient_008_1  |[0m 2026-01-27 19:49:30,422 - __main__ - INFO - --- New Round Detected: 4 ---
[33mserver_1      |[0m INFO:werkzeug:172.18.0.19 - - [27/Jan/2026 19:49:30] "GET /download_model?round=4 HTTP/1.1" 200 -
[34;1mclient_009_1  |[0m 2026-01-27 19:49:30,659 - __main__ - INFO - Round 3 finished. Loss: 0.9311, Acc: 64.10%
[33mserver_1      |[0m INFO:__main__:Received update from client_009
[33mserver_1      |[0m INFO:werkzeug:172.18.0.7 - - [27/Jan/2026 19:49:30] "POST /submit_update HTTP/1.1" 200 -
[34;1mclient_009_1  |[0m 2026-01-27 19:49:30,796 - __main__ - INFO - 🚀 Model update submitted successfully.
[34;1mclient_009_1  |[0m 2026-01-27 19:49:30,796 - __main__ - INFO - Update submitted for Round 3. Waiting...
[34mclient_004_1  |[0m 2026-01-27 19:49:32,494 - __main__ - INFO - --- New Round Detected: 4 ---
[33mserver_1      |[0m INFO:werkzeug:172.18.0.17 - - [27/Jan/2026 19:49:32] "GET /download_model?round=4 HTTP/1.1" 200 -
[35;1mclient_008_1  |[0m 2026-01-27 19:49:34,585 - __main__ - INFO - Round 4 finished. Loss: 0.1825, Acc: 97.44%
[33mserver_1      |[0m INFO:__main__:Received update from client_008
[33mserver_1      |[0m INFO:werkzeug:172.18.0.19 - - [27/Jan/2026 19:49:34] "POST /submit_update HTTP/1.1" 200 -
[35;1mclient_008_1  |[0m 2026-01-27 19:49:34,720 - __main__ - INFO - 🚀 Model update submitted successfully.
[35;1mclient_008_1  |[0m 2026-01-27 19:49:34,720 - __main__ - INFO - Update submitted for Round 4. Waiting...
[36mclient_010_1  |[0m 2026-01-27 19:49:35,679 - __main__ - INFO - --- New Round Detected: 4 ---
[33mserver_1      |[0m INFO:werkzeug:172.18.0.11 - - [27/Jan/2026 19:49:35] "GET /download_model?round=4 HTTP/1.1" 200 -
[36;1mclient_005_1  |[0m 2026-01-27 19:49:36,405 - __main__ - INFO - --- New Round Detected: 4 ---
[33mserver_1      |[0m INFO:werkzeug:172.18.0.12 - - [27/Jan/2026 19:49:36] "GET /download_model?round=4 HTTP/1.1" 200 -
[36mclient_010_1  |[0m 2026-01-27 19:49:37,308 - __main__ - INFO - Round 4 finished. Loss: 0.4312, Acc: 97.91%
[33mserver_1      |[0m INFO:__main__:Received update from client_010
[33mserver_1      |[0m INFO:__main__:--- Aggregating 5 updates ---
[33mserver_1      |[0m INFO:__main__:⚡ Using Custom Aggregator with Drift Metric...
[33mserver_1      |[0m INFO:server.aggregator:Starting FedAvg aggregation for 5 clients.
[33mclient_001_1  |[0m 2026-01-27 19:49:38,081 - __main__ - INFO - --- New Round Detected: 4 ---
[33mserver_1      |[0m INFO:werkzeug:172.18.0.18 - - [27/Jan/2026 19:49:38] "GET /download_model?round=4 HTTP/1.1" 200 -
[32mclient_002_1  |[0m 2026-01-27 19:49:38,515 - __main__ - INFO - --- New Round Detected: 4 ---
[33mserver_1      |[0m INFO:werkzeug:172.18.0.21 - - [27/Jan/2026 19:49:38] "GET /download_model?round=4 HTTP/1.1" 200 -
[32;1mclient_007_1  |[0m 2026-01-27 19:49:38,647 - __main__ - INFO - --- New Round Detected: 4 ---
[33mserver_1      |[0m INFO:werkzeug:172.18.0.22 - - [27/Jan/2026 19:49:38] "GET /download_model?round=4 HTTP/1.1" 200 -
[33mclient_001_1  |[0m 2026-01-27 19:49:38,943 - __main__ - INFO - Round 4 finished. Loss: 0.2482, Acc: 96.12%
[33mserver_1      |[0m INFO:werkzeug:172.18.0.18 - - [27/Jan/2026 19:49:38] "[31m[1mPOST /submit_update HTTP/1.1[0m" 400 -
[33mclient_001_1  |[0m 2026-01-27 19:49:39,011 - __main__ - ERROR - Update submission failed: {"error":"Not accepting updates"}
[33mclient_001_1  |[0m 
[33mclient_001_1  |[0m 2026-01-27 19:49:39,011 - __main__ - INFO - Update submitted for Round 4. Waiting...
[33mserver_1      |[0m INFO:server.aggregator:--- [METRIC] Weight Divergence: 2.0602
[33mserver_1      |[0m INFO:server.aggregator:FedAvg aggregation complete.
[33mserver_1      |[0m INFO:__main__:Aggregation complete.
[33mserver_1      |[0m ⏱️ [TIME] Client client_007 finished training in 1.16s
[33mserver_1      |[0m ⏱️ [TIME] Client client_006 finished training in 0.06s
[33mserver_1      |[0m ⏱️ [TIME] Client client_009 finished training in 7.22s
[33mserver_1      |[0m ⏱️ [TIME] Client client_008 finished training in 3.95s
[33mserver_1      |[0m ⏱️ [TIME] Client client_010 finished training in 1.50s
[33mserver_1      |[0m DEBUG: ⚠️ MY CUSTOM AGGREGATOR IS RUNNING ⚠️
[32;1mclient_007_1  |[0m 2026-01-27 19:49:39,908 - __main__ - INFO - Round 4 finished. Loss: 0.9784, Acc: 53.85%
[33mserver_1      |[0m INFO:werkzeug:172.18.0.22 - - [27/Jan/2026 19:49:40] "[31m[1mPOST /submit_update HTTP/1.1[0m" 400 -
[32;1mclient_007_1  |[0m 2026-01-27 19:49:40,090 - __main__ - ERROR - Update submission failed: {"error":"Not accepting updates"}
[32;1mclient_007_1  |[0m 
[32;1mclient_007_1  |[0m 2026-01-27 19:49:40,091 - __main__ - INFO - Update submitted for Round 4. Waiting...
[32mclient_002_1  |[0m 2026-01-27 19:49:40,732 - __main__ - INFO - Round 4 finished. Loss: 0.5032, Acc: 90.02%
[33mserver_1      |[0m INFO:werkzeug:172.18.0.21 - - [27/Jan/2026 19:49:40] "[31m[1mPOST /submit_update HTTP/1.1[0m" 400 -
[32mclient_002_1  |[0m 2026-01-27 19:49:40,796 - __main__ - ERROR - Update submission failed: {"error":"Not accepting updates"}
[32mclient_002_1  |[0m 
[32mclient_002_1  |[0m 2026-01-27 19:49:40,796 - __main__ - INFO - Update submitted for Round 4. Waiting...
[33mserver_1      |[0m INFO:__main__:--- Round 4 Acc: 15.81%, Loss: 2.8330 ---
[33mserver_1      |[0m INFO:__main__:--- Starting Round 5. Timeout: 300s ---
[33mserver_1      |[0m INFO:werkzeug:172.18.0.11 - - [27/Jan/2026 19:49:40] "POST /submit_update HTTP/1.1" 200 -
[34;1mclient_009_1  |[0m 2026-01-27 19:49:40,872 - __main__ - INFO - --- New Round Detected: 4 ---
[36mclient_010_1  |[0m 2026-01-27 19:49:40,886 - __main__ - INFO - 🚀 Model update submitted successfully.
[36mclient_010_1  |[0m 2026-01-27 19:49:40,887 - __main__ - INFO - Update submitted for Round 4. Waiting...
[33mserver_1      |[0m INFO:werkzeug:172.18.0.7 - - [27/Jan/2026 19:49:40] "GET /download_model?round=4 HTTP/1.1" 200 -
[35mclient_003_1  |[0m 2026-01-27 19:49:41,234 - __main__ - INFO - Round 2 finished. Loss: 1.2810, Acc: 63.75%
[33mserver_1      |[0m INFO:__main__:Received update from client_003
[33mserver_1      |[0m INFO:werkzeug:172.18.0.16 - - [27/Jan/2026 19:49:41] "POST /submit_update HTTP/1.1" 200 -
[35mclient_003_1  |[0m 2026-01-27 19:49:41,368 - __main__ - INFO - 🚀 Model update submitted successfully.
[35mclient_003_1  |[0m 2026-01-27 19:49:41,368 - __main__ - INFO - Update submitted for Round 2. Waiting...
[36;1mclient_005_1  |[0m 2026-01-27 19:49:42,649 - __main__ - INFO - Round 4 finished. Loss: 0.3818, Acc: 92.17%
[36;1mclient_005_1  |[0m 2026-01-27 19:49:42,791 - __main__ - INFO - 🚀 Model update submitted successfully.
[36;1mclient_005_1  |[0m 2026-01-27 19:49:42,791 - __main__ - INFO - Update submitted for Round 4. Waiting...
[33mserver_1      |[0m INFO:__main__:Received update from client_005
[33mserver_1      |[0m INFO:werkzeug:172.18.0.12 - - [27/Jan/2026 19:49:42] "POST /submit_update HTTP/1.1" 200 -
[35;1mclient_008_1  |[0m 2026-01-27 19:49:44,784 - __main__ - INFO - --- New Round Detected: 5 ---
[33mserver_1      |[0m INFO:werkzeug:172.18.0.19 - - [27/Jan/2026 19:49:44] "GET /download_model?round=5 HTTP/1.1" 200 -
[34mclient_004_1  |[0m 2026-01-27 19:49:45,749 - __main__ - INFO - Round 4 finished. Loss: 0.8550, Acc: 71.96%
[33mserver_1      |[0m INFO:__main__:Received update from client_004
[33mserver_1      |[0m INFO:werkzeug:172.18.0.17 - - [27/Jan/2026 19:49:45] "POST /submit_update HTTP/1.1" 200 -
[34mclient_004_1  |[0m 2026-01-27 19:49:45,884 - __main__ - INFO - 🚀 Model update submitted successfully.
[34mclient_004_1  |[0m 2026-01-27 19:49:45,884 - __main__ - INFO - Update submitted for Round 4. Waiting...
[34;1mclient_009_1  |[0m 2026-01-27 19:49:47,906 - __main__ - INFO - Round 4 finished. Loss: 1.0151, Acc: 66.82%
[33mserver_1      |[0m INFO:__main__:Received update from client_009
[33mserver_1      |[0m INFO:werkzeug:172.18.0.7 - - [27/Jan/2026 19:49:48] "POST /submit_update HTTP/1.1" 200 -
[34;1mclient_009_1  |[0m 2026-01-27 19:49:48,041 - __main__ - INFO - 🚀 Model update submitted successfully.
[34;1mclient_009_1  |[0m 2026-01-27 19:49:48,041 - __main__ - INFO - Update submitted for Round 4. Waiting...
[35;1mclient_008_1  |[0m 2026-01-27 19:49:48,857 - __main__ - INFO - Round 5 finished. Loss: 0.3070, Acc: 97.93%
[33mserver_1      |[0m INFO:__main__:Received update from client_008
[33mserver_1      |[0m INFO:__main__:--- Aggregating 5 updates ---
[33mserver_1      |[0m INFO:__main__:⚡ Using Custom Aggregator with Drift Metric...
[33mserver_1      |[0m INFO:server.aggregator:Starting FedAvg aggregation for 5 clients.
[33mclient_001_1  |[0m 2026-01-27 19:49:49,089 - __main__ - INFO - --- New Round Detected: 5 ---
[33mserver_1      |[0m INFO:werkzeug:172.18.0.18 - - [27/Jan/2026 19:49:49] "GET /download_model?round=5 HTTP/1.1" 200 -
[33mclient_001_1  |[0m 2026-01-27 19:49:49,875 - __main__ - INFO - Round 5 finished. Loss: 0.3515, Acc: 96.12%
[33mserver_1      |[0m INFO:werkzeug:172.18.0.18 - - [27/Jan/2026 19:49:49] "[31m[1mPOST /submit_update HTTP/1.1[0m" 400 -
[33mclient_001_1  |[0m 2026-01-27 19:49:49,940 - __main__ - ERROR - Update submission failed: {"error":"Not accepting updates"}
[33mclient_001_1  |[0m 
[33mclient_001_1  |[0m 2026-01-27 19:49:49,940 - __main__ - INFO - Update submitted for Round 5. Waiting...
[32;1mclient_007_1  |[0m 2026-01-27 19:49:50,155 - __main__ - INFO - --- New Round Detected: 5 ---
[33mserver_1      |[0m INFO:werkzeug:172.18.0.22 - - [27/Jan/2026 19:49:50] "GET /download_model?round=5 HTTP/1.1" 200 -
[33;1mclient_006_1  |[0m 2026-01-27 19:49:50,302 - __main__ - INFO - --- New Round Detected: 5 ---
[33mserver_1      |[0m INFO:werkzeug:172.18.0.20 - - [27/Jan/2026 19:49:50] "GET /download_model?round=5 HTTP/1.1" 200 -
[33;1mclient_006_1  |[0m 2026-01-27 19:49:50,626 - __main__ - INFO - Round 5 finished. Loss: 1.9411, Acc: 21.43%
[33mserver_1      |[0m INFO:werkzeug:172.18.0.20 - - [27/Jan/2026 19:49:50] "[31m[1mPOST /submit_update HTTP/1.1[0m" 400 -
[33;1mclient_006_1  |[0m 2026-01-27 19:49:50,717 - __main__ - ERROR - Update submission failed: {"error":"Not accepting updates"}
[33;1mclient_006_1  |[0m 
[33;1mclient_006_1  |[0m 2026-01-27 19:49:50,717 - __main__ - INFO - Update submitted for Round 5. Waiting...
[32mclient_002_1  |[0m 2026-01-27 19:49:50,907 - __main__ - INFO - --- New Round Detected: 5 ---
[33mserver_1      |[0m INFO:werkzeug:172.18.0.21 - - [27/Jan/2026 19:49:50] "GET /download_model?round=5 HTTP/1.1" 200 -
[36mclient_010_1  |[0m 2026-01-27 19:49:51,028 - __main__ - INFO - --- New Round Detected: 5 ---
[33mserver_1      |[0m INFO:werkzeug:172.18.0.11 - - [27/Jan/2026 19:49:51] "GET /download_model?round=5 HTTP/1.1" 200 -
[33mserver_1      |[0m INFO:server.aggregator:--- [METRIC] Weight Divergence: 2.4706
[33mserver_1      |[0m INFO:server.aggregator:FedAvg aggregation complete.
[33mserver_1      |[0m INFO:__main__:Aggregation complete.
[33mserver_1      |[0m ⏱️ [TIME] Client client_003 finished training in 26.01s
[33mserver_1      |[0m ⏱️ [TIME] Client client_005 finished training in 6.01s
[33mserver_1      |[0m ⏱️ [TIME] Client client_004 finished training in 13.12s
[33mserver_1      |[0m ⏱️ [TIME] Client client_009 finished training in 6.90s
[33mserver_1      |[0m ⏱️ [TIME] Client client_008 finished training in 3.95s
[33mserver_1      |[0m DEBUG: ⚠️ MY CUSTOM AGGREGATOR IS RUNNING ⚠️
[32;1mclient_007_1  |[0m 2026-01-27 19:49:51,333 - __main__ - INFO - Round 5 finished. Loss: 1.4132, Acc: 61.36%
[33mserver_1      |[0m INFO:werkzeug:172.18.0.22 - - [27/Jan/2026 19:49:51] "[31m[1mPOST /submit_update HTTP/1.1[0m" 400 -
[35mclient_003_1  |[0m 2026-01-27 19:49:51,482 - __main__ - INFO - --- New Round Detected: 5 ---
[32;1mclient_007_1  |[0m 2026-01-27 19:49:51,486 - __main__ - ERROR - Update submission failed: {"error":"Not accepting updates"}
[32;1mclient_007_1  |[0m 
[32;1mclient_007_1  |[0m 2026-01-27 19:49:51,487 - __main__ - INFO - Update submitted for Round 5. Waiting...
[33mserver_1      |[0m INFO:werkzeug:172.18.0.16 - - [27/Jan/2026 19:49:51] "GET /download_model?round=5 HTTP/1.1" 200 -
[33mserver_1      |[0m INFO:__main__:--- Round 5 Acc: 31.38%, Loss: 2.0955 ---
[33mserver_1      |[0m INFO:__main__:--- Starting Round 6. Timeout: 300s ---
[33mserver_1      |[0m INFO:werkzeug:172.18.0.19 - - [27/Jan/2026 19:49:52] "POST /submit_update HTTP/1.1" 200 -
[35;1mclient_008_1  |[0m 2026-01-27 19:49:52,199 - __main__ - INFO - 🚀 Model update submitted successfully.
[35;1mclient_008_1  |[0m 2026-01-27 19:49:52,199 - __main__ - INFO - Update submitted for Round 5. Waiting...
[36mclient_010_1  |[0m 2026-01-27 19:49:52,494 - __main__ - INFO - Round 5 finished. Loss: 0.3334, Acc: 97.91%
[33mserver_1      |[0m INFO:__main__:Received update from client_010
[33mserver_1      |[0m INFO:werkzeug:172.18.0.11 - - [27/Jan/2026 19:49:52] "POST /submit_update HTTP/1.1" 200 -
[36mclient_010_1  |[0m 2026-01-27 19:49:52,628 - __main__ - INFO - 🚀 Model update submitted successfully.
[36mclient_010_1  |[0m 2026-01-27 19:49:52,628 - __main__ - INFO - Update submitted for Round 5. Waiting...
[36;1mclient_005_1  |[0m 2026-01-27 19:49:52,866 - __main__ - INFO - --- New Round Detected: 6 ---
[33mserver_1      |[0m INFO:werkzeug:172.18.0.12 - - [27/Jan/2026 19:49:52] "GET /download_model?round=6 HTTP/1.1" 200 -
[32mclient_002_1  |[0m 2026-01-27 19:49:53,134 - __main__ - INFO - Round 5 finished. Loss: 0.5842, Acc: 91.11%
[33mserver_1      |[0m INFO:__main__:Received update from client_002
[33mserver_1      |[0m INFO:werkzeug:172.18.0.21 - - [27/Jan/2026 19:49:53] "POST /submit_update HTTP/1.1" 200 -
[32mclient_002_1  |[0m 2026-01-27 19:49:53,268 - __main__ - INFO - 🚀 Model update submitted successfully.
[32mclient_002_1  |[0m 2026-01-27 19:49:53,268 - __main__ - INFO - Update submitted for Round 5. Waiting...
[34mclient_004_1  |[0m 2026-01-27 19:49:55,958 - __main__ - INFO - --- New Round Detected: 6 ---
[33mserver_1      |[0m INFO:werkzeug:172.18.0.17 - - [27/Jan/2026 19:49:55] "GET /download_model?round=6 HTTP/1.1" 200 -
[36;1mclient_005_1  |[0m 2026-01-27 19:49:57,765 - __main__ - INFO - Round 6 finished. Loss: 0.4413, Acc: 91.52%
[33mserver_1      |[0m INFO:__main__:Received update from client_005
[33mserver_1      |[0m INFO:werkzeug:172.18.0.12 - - [27/Jan/2026 19:49:57] "POST /submit_update HTTP/1.1" 200 -
[36;1mclient_005_1  |[0m 2026-01-27 19:49:57,902 - __main__ - INFO - 🚀 Model update submitted successfully.
[36;1mclient_005_1  |[0m 2026-01-27 19:49:57,903 - __main__ - INFO - Update submitted for Round 6. Waiting...
[34;1mclient_009_1  |[0m 2026-01-27 19:49:58,112 - __main__ - INFO - --- New Round Detected: 6 ---
[33mserver_1      |[0m INFO:werkzeug:172.18.0.7 - - [27/Jan/2026 19:49:58] "GET /download_model?round=6 HTTP/1.1" 200 -
[33mclient_001_1  |[0m 2026-01-27 19:50:00,004 - __main__ - INFO - --- New Round Detected: 6 ---
[33mserver_1      |[0m INFO:werkzeug:172.18.0.18 - - [27/Jan/2026 19:50:00] "GET /download_model?round=6 HTTP/1.1" 200 -
[33;1mclient_006_1  |[0m 2026-01-27 19:50:00,784 - __main__ - INFO - --- New Round Detected: 6 ---
[33mserver_1      |[0m INFO:werkzeug:172.18.0.20 - - [27/Jan/2026 19:50:00] "GET /download_model?round=6 HTTP/1.1" 200 -
[33;1mclient_006_1  |[0m 2026-01-27 19:50:00,958 - __main__ - INFO - Round 6 finished. Loss: 1.0066, Acc: 71.43%
[33mserver_1      |[0m INFO:__main__:Received update from client_006
[33mserver_1      |[0m INFO:werkzeug:172.18.0.20 - - [27/Jan/2026 19:50:01] "POST /submit_update HTTP/1.1" 200 -
[33;1mclient_006_1  |[0m 2026-01-27 19:50:01,102 - __main__ - INFO - 🚀 Model update submitted successfully.
[33;1mclient_006_1  |[0m 2026-01-27 19:50:01,103 - __main__ - INFO - Update submitted for Round 6. Waiting...
[33mclient_001_1  |[0m 2026-01-27 19:50:01,203 - __main__ - INFO - Round 6 finished. Loss: 0.5573, Acc: 96.76%
[33mserver_1      |[0m INFO:__main__:Received update from client_001
[33mserver_1      |[0m INFO:__main__:--- Aggregating 5 updates ---
[33mserver_1      |[0m INFO:__main__:⚡ Using Custom Aggregator with Drift Metric...
[33mserver_1      |[0m INFO:server.aggregator:Starting FedAvg aggregation for 5 clients.
[32;1mclient_007_1  |[0m 2026-01-27 19:50:01,634 - __main__ - INFO - --- New Round Detected: 6 ---
[33mserver_1      |[0m INFO:werkzeug:172.18.0.22 - - [27/Jan/2026 19:50:01] "GET /download_model?round=6 HTTP/1.1" 200 -
[35;1mclient_008_1  |[0m 2026-01-27 19:50:02,274 - __main__ - INFO - --- New Round Detected: 6 ---
[33mserver_1      |[0m INFO:werkzeug:172.18.0.19 - - [27/Jan/2026 19:50:02] "GET /download_model?round=6 HTTP/1.1" 200 -
[36mclient_010_1  |[0m 2026-01-27 19:50:02,698 - __main__ - INFO - --- New Round Detected: 6 ---
[33mserver_1      |[0m INFO:werkzeug:172.18.0.11 - - [27/Jan/2026 19:50:02] "GET /download_model?round=6 HTTP/1.1" 200 -
[32;1mclient_007_1  |[0m 2026-01-27 19:50:03,099 - __main__ - INFO - Round 6 finished. Loss: 1.2779, Acc: 60.81%
[33mserver_1      |[0m INFO:werkzeug:172.18.0.22 - - [27/Jan/2026 19:50:03] "[31m[1mPOST /submit_update HTTP/1.1[0m" 400 -
[32;1mclient_007_1  |[0m 2026-01-27 19:50:03,166 - __main__ - ERROR - Update submission failed: {"error":"Not accepting updates"}
[32;1mclient_007_1  |[0m 
[32;1mclient_007_1  |[0m 2026-01-27 19:50:03,166 - __main__ - INFO - Update submitted for Round 6. Waiting...
[32mclient_002_1  |[0m 2026-01-27 19:50:03,334 - __main__ - INFO - --- New Round Detected: 6 ---
[33mserver_1      |[0m INFO:werkzeug:172.18.0.21 - - [27/Jan/2026 19:50:03] "GET /download_model?round=6 HTTP/1.1" 200 -
[33mserver_1      |[0m INFO:server.aggregator:--- [METRIC] Weight Divergence: 1.6363
[33mserver_1      |[0m INFO:server.aggregator:FedAvg aggregation complete.
[33mserver_1      |[0m INFO:__main__:Aggregation complete.
[36mclient_010_1  |[0m 2026-01-27 19:50:03,884 - __main__ - INFO - Round 6 finished. Loss: 0.5924, Acc: 97.17%
[33mserver_1      |[0m ⏱️ [TIME] Client client_010 finished training in 1.34s
[33mserver_1      |[0m ⏱️ [TIME] Client client_002 finished training in 2.09s
[33mserver_1      |[0m ⏱️ [TIME] Client client_005 finished training in 4.77s
[33mserver_1      |[0m ⏱️ [TIME] Client client_006 finished training in 0.04s
[33mserver_1      |[0m ⏱️ [TIME] Client client_001 finished training in 1.07s
[33mserver_1      |[0m DEBUG: ⚠️ MY CUSTOM AGGREGATOR IS RUNNING ⚠️
[33mserver_1      |[0m INFO:werkzeug:172.18.0.11 - - [27/Jan/2026 19:50:03] "[31m[1mPOST /submit_update HTTP/1.1[0m" 400 -
[36mclient_010_1  |[0m 2026-01-27 19:50:04,037 - __main__ - ERROR - Update submission failed: {"error":"Not accepting updates"}
[36mclient_010_1  |[0m 
[36mclient_010_1  |[0m 2026-01-27 19:50:04,037 - __main__ - INFO - Update submitted for Round 6. Waiting...
[34mclient_004_1  |[0m 2026-01-27 19:50:04,767 - __main__ - INFO - Round 6 finished. Loss: 0.8781, Acc: 72.86%
[33mserver_1      |[0m INFO:werkzeug:172.18.0.17 - - [27/Jan/2026 19:50:04] "[31m[1mPOST /submit_update HTTP/1.1[0m" 400 -
[34mclient_004_1  |[0m 2026-01-27 19:50:04,834 - __main__ - ERROR - Update submission failed: {"error":"Not accepting updates"}
[34mclient_004_1  |[0m 
[34mclient_004_1  |[0m 2026-01-27 19:50:04,835 - __main__ - INFO - Update submitted for Round 6. Waiting...
[33mserver_1      |[0m INFO:__main__:--- Round 6 Acc: 25.10%, Loss: 2.1249 ---
[33mserver_1      |[0m INFO:__main__:--- Starting Round 7. Timeout: 300s ---
[33mserver_1      |[0m INFO:werkzeug:172.18.0.18 - - [27/Jan/2026 19:50:05] "POST /submit_update HTTP/1.1" 200 -
[33mclient_001_1  |[0m 2026-01-27 19:50:05,200 - __main__ - INFO - 🚀 Model update submitted successfully.
[33mclient_001_1  |[0m 2026-01-27 19:50:05,200 - __main__ - INFO - Update submitted for Round 6. Waiting...
[34;1mclient_009_1  |[0m 2026-01-27 19:50:05,531 - __main__ - INFO - Round 6 finished. Loss: 1.1437, Acc: 65.74%
[33mserver_1      |[0m INFO:__main__:Received update from client_009
[33mserver_1      |[0m INFO:werkzeug:172.18.0.7 - - [27/Jan/2026 19:50:05] "POST /submit_update HTTP/1.1" 200 -
[34;1mclient_009_1  |[0m 2026-01-27 19:50:05,666 - __main__ - INFO - 🚀 Model update submitted successfully.
[34;1mclient_009_1  |[0m 2026-01-27 19:50:05,666 - __main__ - INFO - Update submitted for Round 6. Waiting...
[32mclient_002_1  |[0m 2026-01-27 19:50:05,835 - __main__ - INFO - Round 6 finished. Loss: 0.7864, Acc: 89.53%
[33mserver_1      |[0m INFO:__main__:Received update from client_002
[33mserver_1      |[0m INFO:werkzeug:172.18.0.21 - - [27/Jan/2026 19:50:05] "POST /submit_update HTTP/1.1" 200 -
[32mclient_002_1  |[0m 2026-01-27 19:50:05,994 - __main__ - INFO - 🚀 Model update submitted successfully.
[32mclient_002_1  |[0m 2026-01-27 19:50:05,994 - __main__ - INFO - Update submitted for Round 6. Waiting...
[35;1mclient_008_1  |[0m 2026-01-27 19:50:06,708 - __main__ - INFO - Round 6 finished. Loss: 0.3504, Acc: 97.29%
[33mserver_1      |[0m INFO:__main__:Received update from client_008
[33mserver_1      |[0m INFO:werkzeug:172.18.0.19 - - [27/Jan/2026 19:50:06] "POST /submit_update HTTP/1.1" 200 -
[35;1mclient_008_1  |[0m 2026-01-27 19:50:06,844 - __main__ - INFO - 🚀 Model update submitted successfully.
[35;1mclient_008_1  |[0m 2026-01-27 19:50:06,844 - __main__ - INFO - Update submitted for Round 6. Waiting...
[36;1mclient_005_1  |[0m 2026-01-27 19:50:07,966 - __main__ - INFO - --- New Round Detected: 7 ---
[33mserver_1      |[0m INFO:werkzeug:172.18.0.12 - - [27/Jan/2026 19:50:07] "GET /download_model?round=7 HTTP/1.1" 200 -
[35mclient_003_1  |[0m 2026-01-27 19:50:09,098 - __main__ - INFO - Round 5 finished. Loss: 1.4542, Acc: 67.06%
[33mserver_1      |[0m INFO:__main__:Received update from client_003
[33mserver_1      |[0m INFO:werkzeug:172.18.0.16 - - [27/Jan/2026 19:50:09] "POST /submit_update HTTP/1.1" 200 -
[35mclient_003_1  |[0m 2026-01-27 19:50:09,251 - __main__ - INFO - 🚀 Model update submitted successfully.
[35mclient_003_1  |[0m 2026-01-27 19:50:09,252 - __main__ - INFO - Update submitted for Round 5. Waiting...
[33;1mclient_006_1  |[0m 2026-01-27 19:50:11,165 - __main__ - INFO - --- New Round Detected: 7 ---
[33mserver_1      |[0m INFO:werkzeug:172.18.0.20 - - [27/Jan/2026 19:50:11] "GET /download_model?round=7 HTTP/1.1" 200 -
[33;1mclient_006_1  |[0m 2026-01-27 19:50:11,367 - __main__ - INFO - Round 7 finished. Loss: 1.4604, Acc: 42.86%
[33mserver_1      |[0m INFO:__main__:Received update from client_006
[33mserver_1      |[0m INFO:__main__:--- Aggregating 5 updates ---
[33mserver_1      |[0m INFO:__main__:⚡ Using Custom Aggregator with Drift Metric...
[33mserver_1      |[0m INFO:server.aggregator:Starting FedAvg aggregation for 5 clients.
[36;1mclient_005_1  |[0m 2026-01-27 19:50:11,572 - __main__ - INFO - Round 7 finished. Loss: 0.3939, Acc: 92.54%
[33mserver_1      |[0m INFO:werkzeug:172.18.0.12 - - [27/Jan/2026 19:50:11] "[31m[1mPOST /submit_update HTTP/1.1[0m" 400 -
[36;1mclient_005_1  |[0m 2026-01-27 19:50:11,637 - __main__ - ERROR - Update submission failed: {"error":"Not accepting updates"}
[36;1mclient_005_1  |[0m 
[36;1mclient_005_1  |[0m 2026-01-27 19:50:11,637 - __main__ - INFO - Update submitted for Round 7. Waiting...
[33mserver_1      |[0m INFO:server.aggregator:--- [METRIC] Weight Divergence: 2.3347
[33mserver_1      |[0m INFO:server.aggregator:FedAvg aggregation complete.
[33mserver_1      |[0m INFO:__main__:Aggregation complete.
[33mserver_1      |[0m ⏱️ [TIME] Client client_009 finished training in 7.28s
[33mserver_1      |[0m ⏱️ [TIME] Client client_002 finished training in 2.36s
[33mserver_1      |[0m ⏱️ [TIME] Client client_008 finished training in 4.26s
[33mserver_1      |[0m ⏱️ [TIME] Client client_003 finished training in 17.45s
[33mserver_1      |[0m ⏱️ [TIME] Client client_006 finished training in 0.05s
[33mserver_1      |[0m DEBUG: ⚠️ MY CUSTOM AGGREGATOR IS RUNNING ⚠️
[32;1mclient_007_1  |[0m 2026-01-27 19:50:13,242 - __main__ - INFO - --- New Round Detected: 7 ---
[33mserver_1      |[0m INFO:werkzeug:172.18.0.22 - - [27/Jan/2026 19:50:13] "GET /download_model?round=7 HTTP/1.1" 200 -
[36mclient_010_1  |[0m 2026-01-27 19:50:14,116 - __main__ - INFO - --- New Round Detected: 7 ---
[33mserver_1      |[0m INFO:werkzeug:172.18.0.11 - - [27/Jan/2026 19:50:14] "GET /download_model?round=7 HTTP/1.1" 200 -
[33mserver_1      |[0m INFO:__main__:--- Round 7 Acc: 28.73%, Loss: 2.0827 ---
[33mserver_1      |[0m INFO:__main__:--- Starting Round 8. Timeout: 300s ---
[33mserver_1      |[0m INFO:werkzeug:172.18.0.20 - - [27/Jan/2026 19:50:14] "POST /submit_update HTTP/1.1" 200 -
[33;1mclient_006_1  |[0m 2026-01-27 19:50:14,226 - __main__ - INFO - 🚀 Model update submitted successfully.
[33;1mclient_006_1  |[0m 2026-01-27 19:50:14,227 - __main__ - INFO - Update submitted for Round 7. Waiting...
[32;1mclient_007_1  |[0m 2026-01-27 19:50:14,443 - __main__ - INFO - Round 7 finished. Loss: 1.1452, Acc: 61.36%
[33mserver_1      |[0m INFO:__main__:Received update from client_007
[33mserver_1      |[0m INFO:werkzeug:172.18.0.22 - - [27/Jan/2026 19:50:14] "POST /submit_update HTTP/1.1" 200 -
[32;1mclient_007_1  |[0m 2026-01-27 19:50:14,577 - __main__ - INFO - 🚀 Model update submitted successfully.
[32;1mclient_007_1  |[0m 2026-01-27 19:50:14,578 - __main__ - INFO - Update submitted for Round 7. Waiting...
[34mclient_004_1  |[0m 2026-01-27 19:50:14,947 - __main__ - INFO - --- New Round Detected: 8 ---
[33mserver_1      |[0m INFO:werkzeug:172.18.0.17 - - [27/Jan/2026 19:50:14] "GET /download_model?round=8 HTTP/1.1" 200 -
[33mclient_001_1  |[0m 2026-01-27 19:50:15,262 - __main__ - INFO - --- New Round Detected: 8 ---
[33mserver_1      |[0m INFO:werkzeug:172.18.0.18 - - [27/Jan/2026 19:50:15] "GET /download_model?round=8 HTTP/1.1" 200 -
[34;1mclient_009_1  |[0m 2026-01-27 19:50:15,731 - __main__ - INFO - --- New Round Detected: 8 ---
[33mserver_1      |[0m INFO:werkzeug:172.18.0.7 - - [27/Jan/2026 19:50:15] "GET /download_model?round=8 HTTP/1.1" 200 -
[36mclient_010_1  |[0m 2026-01-27 19:50:15,954 - __main__ - INFO - Round 7 finished. Loss: 0.3393, Acc: 97.54%
[32mclient_002_1  |[0m 2026-01-27 19:50:16,057 - __main__ - INFO - --- New Round Detected: 8 ---
[33mserver_1      |[0m INFO:__main__:Received update from client_010
[33mserver_1      |[0m INFO:werkzeug:172.18.0.11 - - [27/Jan/2026 19:50:16] "POST /submit_update HTTP/1.1" 200 -
[33mserver_1      |[0m INFO:werkzeug:172.18.0.21 - - [27/Jan/2026 19:50:16] "GET /download_model?round=8 HTTP/1.1" 200 -
[36mclient_010_1  |[0m 2026-01-27 19:50:16,089 - __main__ - INFO - 🚀 Model update submitted successfully.
[36mclient_010_1  |[0m 2026-01-27 19:50:16,089 - __main__ - INFO - Update submitted for Round 7. Waiting...
[33mclient_001_1  |[0m 2026-01-27 19:50:16,505 - __main__ - INFO - Round 8 finished. Loss: 0.3418, Acc: 95.15%
[33mserver_1      |[0m INFO:__main__:Received update from client_001
[33mserver_1      |[0m INFO:werkzeug:172.18.0.18 - - [27/Jan/2026 19:50:16] "POST /submit_update HTTP/1.1" 200 -
[33mclient_001_1  |[0m 2026-01-27 19:50:16,641 - __main__ - INFO - 🚀 Model update submitted successfully.
[33mclient_001_1  |[0m 2026-01-27 19:50:16,641 - __main__ - INFO - Update submitted for Round 8. Waiting...
[35;1mclient_008_1  |[0m 2026-01-27 19:50:16,914 - __main__ - INFO - --- New Round Detected: 8 ---
[33mserver_1      |[0m INFO:werkzeug:172.18.0.19 - - [27/Jan/2026 19:50:16] "GET /download_model?round=8 HTTP/1.1" 200 -
[35mclient_003_1  |[0m 2026-01-27 19:50:19,313 - __main__ - INFO - --- New Round Detected: 8 ---
[33mserver_1      |[0m INFO:werkzeug:172.18.0.16 - - [27/Jan/2026 19:50:19] "GET /download_model?round=8 HTTP/1.1" 200 -
[32mclient_002_1  |[0m 2026-01-27 19:50:19,778 - __main__ - INFO - Round 8 finished. Loss: 0.6804, Acc: 86.86%
[33mserver_1      |[0m INFO:__main__:Received update from client_002
[33mserver_1      |[0m INFO:werkzeug:172.18.0.21 - - [27/Jan/2026 19:50:19] "POST /submit_update HTTP/1.1" 200 -
[32mclient_002_1  |[0m 2026-01-27 19:50:19,924 - __main__ - INFO - 🚀 Model update submitted successfully.
[32mclient_002_1  |[0m 2026-01-27 19:50:19,926 - __main__ - INFO - Update submitted for Round 8. Waiting...
[35;1mclient_008_1  |[0m 2026-01-27 19:50:21,391 - __main__ - INFO - Round 8 finished. Loss: 0.2505, Acc: 97.93%
[33mserver_1      |[0m INFO:__main__:Received update from client_008
[33mserver_1      |[0m INFO:__main__:--- Aggregating 5 updates ---
[33mserver_1      |[0m INFO:__main__:⚡ Using Custom Aggregator with Drift Metric...
[33mserver_1      |[0m INFO:server.aggregator:Starting FedAvg aggregation for 5 clients.
[36;1mclient_005_1  |[0m 2026-01-27 19:50:21,699 - __main__ - INFO - --- New Round Detected: 8 ---
[33mserver_1      |[0m INFO:werkzeug:172.18.0.12 - - [27/Jan/2026 19:50:21] "GET /download_model?round=8 HTTP/1.1" 200 -
[33mserver_1      |[0m INFO:server.aggregator:--- [METRIC] Weight Divergence: 1.3815
[33mserver_1      |[0m INFO:server.aggregator:FedAvg aggregation complete.
[33mserver_1      |[0m INFO:__main__:Aggregation complete.
[34;1mclient_009_1  |[0m 2026-01-27 19:50:23,685 - __main__ - INFO - Round 8 finished. Loss: 0.9748, Acc: 67.03%
[33mserver_1      |[0m INFO:werkzeug:172.18.0.7 - - [27/Jan/2026 19:50:23] "[31m[1mPOST /submit_update HTTP/1.1[0m" 400 -
[33mserver_1      |[0m ⏱️ [TIME] Client client_007 finished training in 1.02s
[33mserver_1      |[0m ⏱️ [TIME] Client client_010 finished training in 1.71s
[33mserver_1      |[0m ⏱️ [TIME] Client client_001 finished training in 1.11s
[33mserver_1      |[0m ⏱️ [TIME] Client client_002 finished training in 3.58s
[33mserver_1      |[0m ⏱️ [TIME] Client client_008 finished training in 4.35s
[33mserver_1      |[0m DEBUG: ⚠️ MY CUSTOM AGGREGATOR IS RUNNING ⚠️
[34;1mclient_009_1  |[0m 2026-01-27 19:50:23,765 - __main__ - ERROR - Update submission failed: {"error":"Not accepting updates"}
[34;1mclient_009_1  |[0m 
[34;1mclient_009_1  |[0m 2026-01-27 19:50:23,765 - __main__ - INFO - Update submitted for Round 8. Waiting...
[33;1mclient_006_1  |[0m 2026-01-27 19:50:24,315 - __main__ - INFO - --- New Round Detected: 8 ---
[33mserver_1      |[0m INFO:werkzeug:172.18.0.20 - - [27/Jan/2026 19:50:24] "GET /download_model?round=8 HTTP/1.1" 200 -
[33;1mclient_006_1  |[0m 2026-01-27 19:50:24,480 - __main__ - INFO - Round 8 finished. Loss: 0.9125, Acc: 78.57%
[33mserver_1      |[0m INFO:werkzeug:172.18.0.20 - - [27/Jan/2026 19:50:24] "[31m[1mPOST /submit_update HTTP/1.1[0m" 400 -
[33;1mclient_006_1  |[0m 2026-01-27 19:50:24,544 - __main__ - ERROR - Update submission failed: {"error":"Not accepting updates"}
[33;1mclient_006_1  |[0m 
[33;1mclient_006_1  |[0m 2026-01-27 19:50:24,544 - __main__ - INFO - Update submitted for Round 8. Waiting...
[32;1mclient_007_1  |[0m 2026-01-27 19:50:24,645 - __main__ - INFO - --- New Round Detected: 8 ---
[33mserver_1      |[0m INFO:werkzeug:172.18.0.22 - - [27/Jan/2026 19:50:24] "GET /download_model?round=8 HTTP/1.1" 200 -
[34mclient_004_1  |[0m 2026-01-27 19:50:24,760 - __main__ - INFO - Round 8 finished. Loss: 1.0146, Acc: 69.93%
[33mserver_1      |[0m INFO:werkzeug:172.18.0.17 - - [27/Jan/2026 19:50:24] "[31m[1mPOST /submit_update HTTP/1.1[0m" 400 -
[34mclient_004_1  |[0m 2026-01-27 19:50:24,824 - __main__ - ERROR - Update submission failed: {"error":"Not accepting updates"}
[34mclient_004_1  |[0m 
[34mclient_004_1  |[0m 2026-01-27 19:50:24,824 - __main__ - INFO - Update submitted for Round 8. Waiting...
[33mserver_1      |[0m INFO:__main__:--- Round 8 Acc: 23.05%, Loss: 2.1837 ---
[33mserver_1      |[0m INFO:__main__:--- Starting Round 9. Timeout: 300s ---
[33mserver_1      |[0m INFO:werkzeug:172.18.0.19 - - [27/Jan/2026 19:50:25] "POST /submit_update HTTP/1.1" 200 -
[35;1mclient_008_1  |[0m 2026-01-27 19:50:25,206 - __main__ - INFO - 🚀 Model update submitted successfully.
[35;1mclient_008_1  |[0m 2026-01-27 19:50:25,206 - __main__ - INFO - Update submitted for Round 8. Waiting...
[32;1mclient_007_1  |[0m 2026-01-27 19:50:25,792 - __main__ - INFO - Round 8 finished. Loss: 1.2050, Acc: 64.29%
[33mserver_1      |[0m INFO:__main__:Received update from client_007
[33mserver_1      |[0m INFO:werkzeug:172.18.0.22 - - [27/Jan/2026 19:50:25] "POST /submit_update HTTP/1.1" 200 -
[32;1mclient_007_1  |[0m 2026-01-27 19:50:25,953 - __main__ - INFO - 🚀 Model update submitted successfully.
[32;1mclient_007_1  |[0m 2026-01-27 19:50:25,954 - __main__ - INFO - Update submitted for Round 8. Waiting...
[36mclient_010_1  |[0m 2026-01-27 19:50:26,163 - __main__ - INFO - --- New Round Detected: 9 ---
[33mserver_1      |[0m INFO:werkzeug:172.18.0.11 - - [27/Jan/2026 19:50:26] "GET /download_model?round=9 HTTP/1.1" 200 -
[33mclient_001_1  |[0m 2026-01-27 19:50:26,750 - __main__ - INFO - --- New Round Detected: 9 ---
[33mserver_1      |[0m INFO:werkzeug:172.18.0.18 - - [27/Jan/2026 19:50:26] "GET /download_model?round=9 HTTP/1.1" 200 -
[33mclient_001_1  |[0m 2026-01-27 19:50:27,517 - __main__ - INFO - Round 9 finished. Loss: 0.2927, Acc: 97.41%
[33mserver_1      |[0m INFO:__main__:Received update from client_001
[33mserver_1      |[0m INFO:werkzeug:172.18.0.18 - - [27/Jan/2026 19:50:27] "POST /submit_update HTTP/1.1" 200 -
[33mclient_001_1  |[0m 2026-01-27 19:50:27,651 - __main__ - INFO - 🚀 Model update submitted successfully.
[33mclient_001_1  |[0m 2026-01-27 19:50:27,651 - __main__ - INFO - Update submitted for Round 9. Waiting...
[36mclient_010_1  |[0m 2026-01-27 19:50:27,886 - __main__ - INFO - Round 9 finished. Loss: 0.2806, Acc: 97.91%
[33mserver_1      |[0m INFO:__main__:Received update from client_010
[33mserver_1      |[0m INFO:werkzeug:172.18.0.11 - - [27/Jan/2026 19:50:27] "POST /submit_update HTTP/1.1" 200 -
[36mclient_010_1  |[0m 2026-01-27 19:50:28,021 - __main__ - INFO - 🚀 Model update submitted successfully.
[36mclient_010_1  |[0m 2026-01-27 19:50:28,021 - __main__ - INFO - Update submitted for Round 9. Waiting...
[36;1mclient_005_1  |[0m 2026-01-27 19:50:28,388 - __main__ - INFO - Round 8 finished. Loss: 0.5687, Acc: 91.33%
[33mserver_1      |[0m INFO:__main__:Received update from client_005
[33mserver_1      |[0m INFO:werkzeug:172.18.0.12 - - [27/Jan/2026 19:50:28] "POST /submit_update HTTP/1.1" 200 -
[36;1mclient_005_1  |[0m 2026-01-27 19:50:28,524 - __main__ - INFO - 🚀 Model update submitted successfully.
[36;1mclient_005_1  |[0m 2026-01-27 19:50:28,525 - __main__ - INFO - Update submitted for Round 8. Waiting...
[32mclient_002_1  |[0m 2026-01-27 19:50:29,990 - __main__ - INFO - --- New Round Detected: 9 ---
[33mserver_1      |[0m INFO:werkzeug:172.18.0.21 - - [27/Jan/2026 19:50:30] "GET /download_model?round=9 HTTP/1.1" 200 -
[32mclient_002_1  |[0m 2026-01-27 19:50:33,586 - __main__ - INFO - Round 9 finished. Loss: 0.4692, Acc: 91.40%
[33mserver_1      |[0m INFO:__main__:Received update from client_002
[33mserver_1      |[0m INFO:__main__:--- Aggregating 5 updates ---
[33mserver_1      |[0m INFO:__main__:⚡ Using Custom Aggregator with Drift Metric...
[33mserver_1      |[0m INFO:server.aggregator:Starting FedAvg aggregation for 5 clients.
[34;1mclient_009_1  |[0m 2026-01-27 19:50:33,831 - __main__ - INFO - --- New Round Detected: 9 ---
[33mserver_1      |[0m INFO:werkzeug:172.18.0.7 - - [27/Jan/2026 19:50:33] "GET /download_model?round=9 HTTP/1.1" 200 -
[33;1mclient_006_1  |[0m 2026-01-27 19:50:34,629 - __main__ - INFO - --- New Round Detected: 9 ---
[33mserver_1      |[0m INFO:werkzeug:172.18.0.20 - - [27/Jan/2026 19:50:34] "GET /download_model?round=9 HTTP/1.1" 200 -
[33;1mclient_006_1  |[0m 2026-01-27 19:50:34,826 - __main__ - INFO - Round 9 finished. Loss: 1.3948, Acc: 71.43%
[33mserver_1      |[0m INFO:werkzeug:172.18.0.20 - - [27/Jan/2026 19:50:34] "[31m[1mPOST /submit_update HTTP/1.1[0m" 400 -
[33;1mclient_006_1  |[0m 2026-01-27 19:50:34,890 - __main__ - ERROR - Update submission failed: {"error":"Not accepting updates"}
[33;1mclient_006_1  |[0m 
[33;1mclient_006_1  |[0m 2026-01-27 19:50:34,890 - __main__ - INFO - Update submitted for Round 9. Waiting...
[34mclient_004_1  |[0m 2026-01-27 19:50:34,902 - __main__ - INFO - --- New Round Detected: 9 ---
[33mserver_1      |[0m INFO:werkzeug:172.18.0.17 - - [27/Jan/2026 19:50:34] "GET /download_model?round=9 HTTP/1.1" 200 -
[35;1mclient_008_1  |[0m 2026-01-27 19:50:35,272 - __main__ - INFO - --- New Round Detected: 9 ---
[33mserver_1      |[0m INFO:werkzeug:172.18.0.19 - - [27/Jan/2026 19:50:35] "GET /download_model?round=9 HTTP/1.1" 200 -
[32;1mclient_007_1  |[0m 2026-01-27 19:50:36,078 - __main__ - INFO - --- New Round Detected: 9 ---
[33mserver_1      |[0m INFO:werkzeug:172.18.0.22 - - [27/Jan/2026 19:50:36] "GET /download_model?round=9 HTTP/1.1" 200 -
[33mserver_1      |[0m INFO:server.aggregator:--- [METRIC] Weight Divergence: 1.3224
[33mserver_1      |[0m INFO:server.aggregator:FedAvg aggregation complete.
[33mserver_1      |[0m INFO:__main__:Aggregation complete.
[33mserver_1      |[0m ⏱️ [TIME] Client client_007 finished training in 0.96s
[33mserver_1      |[0m ⏱️ [TIME] Client client_001 finished training in 0.64s
[33mserver_1      |[0m ⏱️ [TIME] Client client_010 finished training in 1.59s
[33mserver_1      |[0m ⏱️ [TIME] Client client_005 finished training in 6.53s
[33mserver_1      |[0m ⏱️ [TIME] Client client_002 finished training in 3.47s
[33mserver_1      |[0m DEBUG: ⚠️ MY CUSTOM AGGREGATOR IS RUNNING ⚠️
[32;1mclient_007_1  |[0m 2026-01-27 19:50:37,439 - __main__ - INFO - Round 9 finished. Loss: 1.0649, Acc: 63.92%
[33mserver_1      |[0m INFO:werkzeug:172.18.0.22 - - [27/Jan/2026 19:50:37] "[31m[1mPOST /submit_update HTTP/1.1[0m" 400 -
[32;1mclient_007_1  |[0m 2026-01-27 19:50:37,509 - __main__ - ERROR - Update submission failed: {"error":"Not accepting updates"}
[32;1mclient_007_1  |[0m 
[32;1mclient_007_1  |[0m 2026-01-27 19:50:37,509 - __main__ - INFO - Update submitted for Round 9. Waiting...
[33mserver_1      |[0m INFO:__main__:--- Round 9 Acc: 25.18%, Loss: 2.1521 ---
[33mserver_1      |[0m INFO:__main__:--- Starting Round 10. Timeout: 300s ---
[33mserver_1      |[0m INFO:werkzeug:172.18.0.21 - - [27/Jan/2026 19:50:37] "POST /submit_update HTTP/1.1" 200 -
[32mclient_002_1  |[0m 2026-01-27 19:50:37,977 - __main__ - INFO - 🚀 Model update submitted successfully.
[32mclient_002_1  |[0m 2026-01-27 19:50:37,977 - __main__ - INFO - Update submitted for Round 9. Waiting...
[36mclient_010_1  |[0m 2026-01-27 19:50:38,087 - __main__ - INFO - --- New Round Detected: 10 ---
[33mserver_1      |[0m INFO:werkzeug:172.18.0.11 - - [27/Jan/2026 19:50:38] "GET /download_model?round=10 HTTP/1.1" 200 -
[36;1mclient_005_1  |[0m 2026-01-27 19:50:38,593 - __main__ - INFO - --- New Round Detected: 10 ---
[33mserver_1      |[0m INFO:werkzeug:172.18.0.12 - - [27/Jan/2026 19:50:38] "GET /download_model?round=10 HTTP/1.1" 200 -
[34;1mclient_009_1  |[0m 2026-01-27 19:50:39,046 - __main__ - INFO - Round 9 finished. Loss: 1.0124, Acc: 67.41%
[33mserver_1      |[0m INFO:__main__:Received update from client_009
[33mserver_1      |[0m INFO:werkzeug:172.18.0.7 - - [27/Jan/2026 19:50:39] "POST /submit_update HTTP/1.1" 200 -
[34;1mclient_009_1  |[0m 2026-01-27 19:50:39,179 - __main__ - INFO - 🚀 Model update submitted successfully.
[34;1mclient_009_1  |[0m 2026-01-27 19:50:39,179 - __main__ - INFO - Update submitted for Round 9. Waiting...
[35;1mclient_008_1  |[0m 2026-01-27 19:50:39,617 - __main__ - INFO - Round 9 finished. Loss: 0.2477, Acc: 97.93%
[33mserver_1      |[0m INFO:__main__:Received update from client_008
[33mserver_1      |[0m INFO:werkzeug:172.18.0.19 - - [27/Jan/2026 19:50:39] "POST /submit_update HTTP/1.1" 200 -
[35;1mclient_008_1  |[0m 2026-01-27 19:50:39,772 - __main__ - INFO - 🚀 Model update submitted successfully.
[35;1mclient_008_1  |[0m 2026-01-27 19:50:39,774 - __main__ - INFO - Update submitted for Round 9. Waiting...
[36mclient_010_1  |[0m 2026-01-27 19:50:40,047 - __main__ - INFO - Round 10 finished. Loss: 0.4488, Acc: 97.91%
[33mserver_1      |[0m INFO:__main__:Received update from client_010
[33mserver_1      |[0m INFO:werkzeug:172.18.0.11 - - [27/Jan/2026 19:50:40] "POST /submit_update HTTP/1.1" 200 -
[36mclient_010_1  |[0m 2026-01-27 19:50:40,187 - __main__ - INFO - 🚀 Model update submitted successfully.
[36mclient_010_1  |[0m 2026-01-27 19:50:40,187 - __main__ - INFO - Update submitted for Round 10. Waiting...
[34mclient_004_1  |[0m 2026-01-27 19:50:43,227 - __main__ - INFO - Round 9 finished. Loss: 1.0320, Acc: 71.04%
[33mserver_1      |[0m INFO:__main__:Received update from client_004
[33mserver_1      |[0m INFO:werkzeug:172.18.0.17 - - [27/Jan/2026 19:50:43] "POST /submit_update HTTP/1.1" 200 -
[34mclient_004_1  |[0m 2026-01-27 19:50:43,361 - __main__ - INFO - 🚀 Model update submitted successfully.
[34mclient_004_1  |[0m 2026-01-27 19:50:43,361 - __main__ - INFO - Update submitted for Round 9. Waiting...
[35mclient_003_1  |[0m 2026-01-27 19:50:44,710 - __main__ - INFO - Round 8 finished. Loss: 0.9822, Acc: 71.67%
[33mserver_1      |[0m INFO:__main__:Received update from client_003
[33mserver_1      |[0m INFO:__main__:--- Aggregating 5 updates ---
[33mserver_1      |[0m INFO:__main__:⚡ Using Custom Aggregator with Drift Metric...
[33mserver_1      |[0m INFO:server.aggregator:Starting FedAvg aggregation for 5 clients.
[36;1mclient_005_1  |[0m 2026-01-27 19:50:44,903 - __main__ - INFO - Round 10 finished. Loss: 0.3564, Acc: 92.79%
[33mserver_1      |[0m INFO:werkzeug:172.18.0.12 - - [27/Jan/2026 19:50:45] "[31m[1mPOST /submit_update HTTP/1.1[0m" 400 -
[33;1mclient_006_1  |[0m 2026-01-27 19:50:45,121 - __main__ - INFO - --- New Round Detected: 10 ---
[36;1mclient_005_1  |[0m 2026-01-27 19:50:45,127 - __main__ - ERROR - Update submission failed: {"error":"Not accepting updates"}
[36;1mclient_005_1  |[0m 
[36;1mclient_005_1  |[0m 2026-01-27 19:50:45,127 - __main__ - INFO - Update submitted for Round 10. Waiting...
[33mserver_1      |[0m INFO:werkzeug:172.18.0.20 - - [27/Jan/2026 19:50:45] "GET /download_model?round=10 HTTP/1.1" 200 -
[33;1mclient_006_1  |[0m 2026-01-27 19:50:45,426 - __main__ - INFO - Round 10 finished. Loss: 1.6063, Acc: 50.00%
[33mserver_1      |[0m INFO:werkzeug:172.18.0.20 - - [27/Jan/2026 19:50:45] "[31m[1mPOST /submit_update HTTP/1.1[0m" 400 -
[33;1mclient_006_1  |[0m 2026-01-27 19:50:45,494 - __main__ - ERROR - Update submission failed: {"error":"Not accepting updates"}
[33;1mclient_006_1  |[0m 
[33;1mclient_006_1  |[0m 2026-01-27 19:50:45,494 - __main__ - INFO - Update submitted for Round 10. Waiting...
[33mserver_1      |[0m INFO:server.aggregator:--- [METRIC] Weight Divergence: 2.1803
[33mserver_1      |[0m INFO:server.aggregator:FedAvg aggregation complete.
[33mserver_1      |[0m INFO:__main__:Aggregation complete.
[33mserver_1      |[0m ⏱️ [TIME] Client client_009 finished training in 5.08s
[33mserver_1      |[0m ⏱️ [TIME] Client client_008 finished training in 4.22s
[33mserver_1      |[0m ⏱️ [TIME] Client client_010 finished training in 1.82s
[33mserver_1      |[0m ⏱️ [TIME] Client client_004 finished training in 8.18s
[33mserver_1      |[0m ⏱️ [TIME] Client client_003 finished training in 25.27s
[33mserver_1      |[0m DEBUG: ⚠️ MY CUSTOM AGGREGATOR IS RUNNING ⚠️
[32;1mclient_007_1  |[0m 2026-01-27 19:50:47,611 - __main__ - INFO - --- New Round Detected: 10 ---
[33mserver_1      |[0m INFO:werkzeug:172.18.0.22 - - [27/Jan/2026 19:50:47] "GET /download_model?round=10 HTTP/1.1" 200 -
[33mclient_001_1  |[0m 2026-01-27 19:50:47,789 - __main__ - INFO - --- New Round Detected: 10 ---
[33mserver_1      |[0m INFO:werkzeug:172.18.0.18 - - [27/Jan/2026 19:50:47] "GET /download_model?round=10 HTTP/1.1" 200 -
[32mclient_002_1  |[0m 2026-01-27 19:50:48,045 - __main__ - INFO - --- New Round Detected: 10 ---
[33mserver_1      |[0m INFO:werkzeug:172.18.0.21 - - [27/Jan/2026 19:50:48] "GET /download_model?round=10 HTTP/1.1" 200 -
[32;1mclient_007_1  |[0m 2026-01-27 19:50:48,707 - __main__ - INFO - Round 10 finished. Loss: 1.2130, Acc: 59.89%
[33mserver_1      |[0m INFO:werkzeug:172.18.0.22 - - [27/Jan/2026 19:50:48] "[31m[1mPOST /submit_update HTTP/1.1[0m" 400 -
[32;1mclient_007_1  |[0m 2026-01-27 19:50:48,772 - __main__ - ERROR - Update submission failed: {"error":"Not accepting updates"}
[32;1mclient_007_1  |[0m 
[32;1mclient_007_1  |[0m 2026-01-27 19:50:48,773 - __main__ - INFO - Update submitted for Round 10. Waiting...
[33mserver_1      |[0m INFO:__main__:--- Round 10 Acc: 33.81%, Loss: 1.8739 ---
[33mserver_1      |[0m INFO:__main__:--- Starting Round 11. Timeout: 300s ---
[33mserver_1      |[0m INFO:werkzeug:172.18.0.16 - - [27/Jan/2026 19:50:48] "POST /submit_update HTTP/1.1" 200 -
[33mclient_001_1  |[0m 2026-01-27 19:50:48,811 - __main__ - INFO - Round 10 finished. Loss: 0.4442, Acc: 98.38%
[35mclient_003_1  |[0m 2026-01-27 19:50:48,836 - __main__ - INFO - 🚀 Model update submitted successfully.
[35mclient_003_1  |[0m 2026-01-27 19:50:48,837 - __main__ - INFO - Update submitted for Round 8. Waiting...
[33mserver_1      |[0m INFO:__main__:Received update from client_001
[33mserver_1      |[0m INFO:werkzeug:172.18.0.18 - - [27/Jan/2026 19:50:48] "POST /submit_update HTTP/1.1" 200 -
[33mclient_001_1  |[0m 2026-01-27 19:50:48,950 - __main__ - INFO - 🚀 Model update submitted successfully.
[33mclient_001_1  |[0m 2026-01-27 19:50:48,950 - __main__ - INFO - Update submitted for Round 10. Waiting...
[34;1mclient_009_1  |[0m 2026-01-27 19:50:49,257 - __main__ - INFO - --- New Round Detected: 11 ---
[33mserver_1      |[0m INFO:werkzeug:172.18.0.7 - - [27/Jan/2026 19:50:49] "GET /download_model?round=11 HTTP/1.1" 200 -
[35;1mclient_008_1  |[0m 2026-01-27 19:50:49,838 - __main__ - INFO - --- New Round Detected: 11 ---
[33mserver_1      |[0m INFO:werkzeug:172.18.0.19 - - [27/Jan/2026 19:50:49] "GET /download_model?round=11 HTTP/1.1" 200 -
[32mclient_002_1  |[0m 2026-01-27 19:50:50,116 - __main__ - INFO - Round 10 finished. Loss: 0.6260, Acc: 90.81%
[36mclient_010_1  |[0m 2026-01-27 19:50:50,268 - __main__ - INFO - --- New Round Detected: 11 ---
[33mserver_1      |[0m INFO:werkzeug:172.18.0.11 - - [27/Jan/2026 19:50:50] "GET /download_model?round=11 HTTP/1.1" 200 -
[33mserver_1      |[0m INFO:__main__:Received update from client_002
[33mserver_1      |[0m INFO:werkzeug:172.18.0.21 - - [27/Jan/2026 19:50:50] "POST /submit_update HTTP/1.1" 200 -
[32mclient_002_1  |[0m 2026-01-27 19:50:50,359 - __main__ - INFO - 🚀 Model update submitted successfully.
[32mclient_002_1  |[0m 2026-01-27 19:50:50,359 - __main__ - INFO - Update submitted for Round 10. Waiting...
[36mclient_010_1  |[0m 2026-01-27 19:50:51,239 - __main__ - INFO - Round 11 finished. Loss: 0.4300, Acc: 97.66%
[33mserver_1      |[0m INFO:__main__:Received update from client_010
[33mserver_1      |[0m INFO:werkzeug:172.18.0.11 - - [27/Jan/2026 19:50:51] "POST /submit_update HTTP/1.1" 200 -
[36mclient_010_1  |[0m 2026-01-27 19:50:51,397 - __main__ - INFO - 🚀 Model update submitted successfully.
[36mclient_010_1  |[0m 2026-01-27 19:50:51,397 - __main__ - INFO - Update submitted for Round 11. Waiting...
[35;1mclient_008_1  |[0m 2026-01-27 19:50:53,016 - __main__ - INFO - Round 11 finished. Loss: 0.2614, Acc: 98.23%
[33mserver_1      |[0m INFO:__main__:Received update from client_008
[33mserver_1      |[0m INFO:werkzeug:172.18.0.19 - - [27/Jan/2026 19:50:53] "POST /submit_update HTTP/1.1" 200 -
[35;1mclient_008_1  |[0m 2026-01-27 19:50:53,151 - __main__ - INFO - 🚀 Model update submitted successfully.
[35;1mclient_008_1  |[0m 2026-01-27 19:50:53,151 - __main__ - INFO - Update submitted for Round 11. Waiting...
[34mclient_004_1  |[0m 2026-01-27 19:50:53,423 - __main__ - INFO - --- New Round Detected: 11 ---
[33mserver_1      |[0m INFO:werkzeug:172.18.0.17 - - [27/Jan/2026 19:50:53] "GET /download_model?round=11 HTTP/1.1" 200 -
[34;1mclient_009_1  |[0m 2026-01-27 19:50:55,039 - __main__ - INFO - Round 11 finished. Loss: 0.9611, Acc: 69.65%
[33mserver_1      |[0m INFO:__main__:Received update from client_009
[33mserver_1      |[0m INFO:__main__:--- Aggregating 5 updates ---
[33mserver_1      |[0m INFO:__main__:⚡ Using Custom Aggregator with Drift Metric...
[33mserver_1      |[0m INFO:server.aggregator:Starting FedAvg aggregation for 5 clients.
[36;1mclient_005_1  |[0m 2026-01-27 19:50:55,189 - __main__ - INFO - --- New Round Detected: 11 ---
[33mserver_1      |[0m INFO:werkzeug:172.18.0.12 - - [27/Jan/2026 19:50:55] "GET /download_model?round=11 HTTP/1.1" 200 -
[33;1mclient_006_1  |[0m 2026-01-27 19:50:55,580 - __main__ - INFO - --- New Round Detected: 11 ---
[33mserver_1      |[0m INFO:werkzeug:172.18.0.20 - - [27/Jan/2026 19:50:55] "GET /download_model?round=11 HTTP/1.1" 200 -
[33;1mclient_006_1  |[0m 2026-01-27 19:50:55,765 - __main__ - INFO - Round 11 finished. Loss: 0.7793, Acc: 85.71%
[33mserver_1      |[0m INFO:werkzeug:172.18.0.20 - - [27/Jan/2026 19:50:55] "[31m[1mPOST /submit_update HTTP/1.1[0m" 400 -
[33;1mclient_006_1  |[0m 2026-01-27 19:50:55,860 - __main__ - ERROR - Update submission failed: {"error":"Not accepting updates"}
[33;1mclient_006_1  |[0m 
[33;1mclient_006_1  |[0m 2026-01-27 19:50:55,860 - __main__ - INFO - Update submitted for Round 11. Waiting...
[33mserver_1      |[0m INFO:server.aggregator:--- [METRIC] Weight Divergence: 1.3727
[33mserver_1      |[0m INFO:server.aggregator:FedAvg aggregation complete.
[33mserver_1      |[0m INFO:__main__:Aggregation complete.
[33mserver_1      |[0m ⏱️ [TIME] Client client_001 finished training in 0.87s
[33mserver_1      |[0m ⏱️ [TIME] Client client_002 finished training in 1.93s
[33mserver_1      |[0m ⏱️ [TIME] Client client_010 finished training in 0.82s
[33mserver_1      |[0m ⏱️ [TIME] Client client_008 finished training in 3.04s
[33mserver_1      |[0m ⏱️ [TIME] Client client_009 finished training in 5.65s
[33mserver_1      |[0m DEBUG: ⚠️ MY CUSTOM AGGREGATOR IS RUNNING ⚠️
[33mserver_1      |[0m INFO:__main__:--- Round 11 Acc: 27.37%, Loss: 2.0816 ---
[33mserver_1      |[0m INFO:__main__:--- Starting Round 12. Timeout: 300s ---
[33mserver_1      |[0m INFO:werkzeug:172.18.0.7 - - [27/Jan/2026 19:50:58] "POST /submit_update HTTP/1.1" 200 -
[34;1mclient_009_1  |[0m 2026-01-27 19:50:58,063 - __main__ - INFO - 🚀 Model update submitted successfully.
[34;1mclient_009_1  |[0m 2026-01-27 19:50:58,063 - __main__ - INFO - Update submitted for Round 11. Waiting...
[32;1mclient_007_1  |[0m 2026-01-27 19:50:58,843 - __main__ - INFO - --- New Round Detected: 12 ---
[33mserver_1      |[0m INFO:werkzeug:172.18.0.22 - - [27/Jan/2026 19:50:58] "GET /download_model?round=12 HTTP/1.1" 200 -
[35mclient_003_1  |[0m 2026-01-27 19:50:58,903 - __main__ - INFO - --- New Round Detected: 12 ---
[33mserver_1      |[0m INFO:werkzeug:172.18.0.16 - - [27/Jan/2026 19:50:58] "GET /download_model?round=12 HTTP/1.1" 200 -
[33mclient_001_1  |[0m 2026-01-27 19:50:59,072 - __main__ - INFO - --- New Round Detected: 12 ---
[33mserver_1      |[0m INFO:werkzeug:172.18.0.18 - - [27/Jan/2026 19:50:59] "GET /download_model?round=12 HTTP/1.1" 200 -
[32;1mclient_007_1  |[0m 2026-01-27 19:51:00,146 - __main__ - INFO - Round 12 finished. Loss: 1.2410, Acc: 63.74%
[33mclient_001_1  |[0m 2026-01-27 19:51:00,244 - __main__ - INFO - Round 12 finished. Loss: 0.2359, Acc: 98.06%
[33mserver_1      |[0m INFO:__main__:Received update from client_007
[33mserver_1      |[0m INFO:werkzeug:172.18.0.22 - - [27/Jan/2026 19:51:00] "POST /submit_update HTTP/1.1" 200 -
[32;1mclient_007_1  |[0m 2026-01-27 19:51:00,293 - __main__ - INFO - 🚀 Model update submitted successfully.
[32;1mclient_007_1  |[0m 2026-01-27 19:51:00,293 - __main__ - INFO - Update submitted for Round 12. Waiting...
[33mserver_1      |[0m INFO:__main__:Received update from client_001
[33mserver_1      |[0m INFO:werkzeug:172.18.0.18 - - [27/Jan/2026 19:51:00] "POST /submit_update HTTP/1.1" 200 -
[33mclient_001_1  |[0m 2026-01-27 19:51:00,385 - __main__ - INFO - 🚀 Model update submitted successfully.
[33mclient_001_1  |[0m 2026-01-27 19:51:00,385 - __main__ - INFO - Update submitted for Round 12. Waiting...
[32mclient_002_1  |[0m 2026-01-27 19:51:00,427 - __main__ - INFO - --- New Round Detected: 12 ---
[33mserver_1      |[0m INFO:werkzeug:172.18.0.21 - - [27/Jan/2026 19:51:00] "GET /download_model?round=12 HTTP/1.1" 200 -
[36;1mclient_005_1  |[0m 2026-01-27 19:51:01,435 - __main__ - INFO - Round 11 finished. Loss: 0.5714, Acc: 93.19%
[36mclient_010_1  |[0m 2026-01-27 19:51:01,460 - __main__ - INFO - --- New Round Detected: 12 ---
[33mserver_1      |[0m INFO:werkzeug:172.18.0.11 - - [27/Jan/2026 19:51:01] "GET /download_model?round=12 HTTP/1.1" 200 -
[33mserver_1      |[0m INFO:__main__:Received update from client_005
[33mserver_1      |[0m INFO:werkzeug:172.18.0.12 - - [27/Jan/2026 19:51:01] "POST /submit_update HTTP/1.1" 200 -
[36;1mclient_005_1  |[0m 2026-01-27 19:51:01,570 - __main__ - INFO - 🚀 Model update submitted successfully.
[36;1mclient_005_1  |[0m 2026-01-27 19:51:01,570 - __main__ - INFO - Update submitted for Round 11. Waiting...
[32mclient_002_1  |[0m 2026-01-27 19:51:02,555 - __main__ - INFO - Round 12 finished. Loss: 0.4601, Acc: 91.60%
[33mserver_1      |[0m INFO:__main__:Received update from client_002
[33mserver_1      |[0m INFO:werkzeug:172.18.0.21 - - [27/Jan/2026 19:51:02] "POST /submit_update HTTP/1.1" 200 -
[32mclient_002_1  |[0m 2026-01-27 19:51:02,727 - __main__ - INFO - 🚀 Model update submitted successfully.
[32mclient_002_1  |[0m 2026-01-27 19:51:02,728 - __main__ - INFO - Update submitted for Round 12. Waiting...
[36mclient_010_1  |[0m 2026-01-27 19:51:02,978 - __main__ - INFO - Round 12 finished. Loss: 0.2425, Acc: 97.91%
[33mserver_1      |[0m INFO:__main__:Received update from client_010
[33mserver_1      |[0m INFO:__main__:--- Aggregating 5 updates ---
[33mserver_1      |[0m INFO:__main__:⚡ Using Custom Aggregator with Drift Metric...
[33mserver_1      |[0m INFO:server.aggregator:Starting FedAvg aggregation for 5 clients.
[35;1mclient_008_1  |[0m 2026-01-27 19:51:03,213 - __main__ - INFO - --- New Round Detected: 12 ---
[33mserver_1      |[0m INFO:werkzeug:172.18.0.19 - - [27/Jan/2026 19:51:03] "GET /download_model?round=12 HTTP/1.1" 200 -
[34mclient_004_1  |[0m 2026-01-27 19:51:04,648 - __main__ - INFO - Round 11 finished. Loss: 0.9141, Acc: 73.25%
[33mserver_1      |[0m INFO:werkzeug:172.18.0.17 - - [27/Jan/2026 19:51:04] "[31m[1mPOST /submit_update HTTP/1.1[0m" 400 -
[34mclient_004_1  |[0m 2026-01-27 19:51:04,714 - __main__ - ERROR - Update submission failed: {"error":"Not accepting updates"}
[34mclient_004_1  |[0m 
[34mclient_004_1  |[0m 2026-01-27 19:51:04,715 - __main__ - INFO - Update submitted for Round 11. Waiting...
[33mserver_1      |[0m INFO:server.aggregator:--- [METRIC] Weight Divergence: 1.0797
[33mserver_1      |[0m INFO:server.aggregator:FedAvg aggregation complete.
[33mserver_1      |[0m INFO:__main__:Aggregation complete.
[33mserver_1      |[0m ⏱️ [TIME] Client client_007 finished training in 1.17s
[33mserver_1      |[0m ⏱️ [TIME] Client client_001 finished training in 1.05s
[33mserver_1      |[0m ⏱️ [TIME] Client client_005 finished training in 6.11s
[33mserver_1      |[0m ⏱️ [TIME] Client client_002 finished training in 1.99s
[33mserver_1      |[0m ⏱️ [TIME] Client client_010 finished training in 1.37s
[33mserver_1      |[0m DEBUG: ⚠️ MY CUSTOM AGGREGATOR IS RUNNING ⚠️
[33;1mclient_006_1  |[0m 2026-01-27 19:51:06,484 - __main__ - INFO - --- New Round Detected: 12 ---
[33mserver_1      |[0m INFO:werkzeug:172.18.0.20 - - [27/Jan/2026 19:51:06] "GET /download_model?round=12 HTTP/1.1" 200 -
[33;1mclient_006_1  |[0m 2026-01-27 19:51:06,651 - __main__ - INFO - Round 12 finished. Loss: 0.8424, Acc: 85.71%
[33mserver_1      |[0m INFO:werkzeug:172.18.0.20 - - [27/Jan/2026 19:51:06] "[31m[1mPOST /submit_update HTTP/1.1[0m" 400 -
[33;1mclient_006_1  |[0m 2026-01-27 19:51:06,718 - __main__ - ERROR - Update submission failed: {"error":"Not accepting updates"}
[33;1mclient_006_1  |[0m 
[33;1mclient_006_1  |[0m 2026-01-27 19:51:06,718 - __main__ - INFO - Update submitted for Round 12. Waiting...
[35;1mclient_008_1  |[0m 2026-01-27 19:51:06,953 - __main__ - INFO - Round 12 finished. Loss: 0.2600, Acc: 98.13%
[33mserver_1      |[0m INFO:werkzeug:172.18.0.19 - - [27/Jan/2026 19:51:06] "[31m[1mPOST /submit_update HTTP/1.1[0m" 400 -
[35;1mclient_008_1  |[0m 2026-01-27 19:51:07,019 - __main__ - ERROR - Update submission failed: {"error":"Not accepting updates"}
[35;1mclient_008_1  |[0m 
[35;1mclient_008_1  |[0m 2026-01-27 19:51:07,019 - __main__ - INFO - Update submitted for Round 12. Waiting...
[33mserver_1      |[0m INFO:__main__:--- Round 12 Acc: 31.05%, Loss: 1.8943 ---
[33mserver_1      |[0m INFO:__main__:--- Starting Round 13. Timeout: 300s ---
[33mserver_1      |[0m INFO:werkzeug:172.18.0.11 - - [27/Jan/2026 19:51:07] "POST /submit_update HTTP/1.1" 200 -
[36mclient_010_1  |[0m 2026-01-27 19:51:07,598 - __main__ - INFO - 🚀 Model update submitted successfully.
[36mclient_010_1  |[0m 2026-01-27 19:51:07,598 - __main__ - INFO - Update submitted for Round 12. Waiting...
[34;1mclient_009_1  |[0m 2026-01-27 19:51:08,124 - __main__ - INFO - --- New Round Detected: 13 ---
[33mserver_1      |[0m INFO:werkzeug:172.18.0.7 - - [27/Jan/2026 19:51:08] "GET /download_model?round=13 HTTP/1.1" 200 -
[32;1mclient_007_1  |[0m 2026-01-27 19:51:10,382 - __main__ - INFO - --- New Round Detected: 13 ---
[33mserver_1      |[0m INFO:werkzeug:172.18.0.22 - - [27/Jan/2026 19:51:10] "GET /download_model?round=13 HTTP/1.1" 200 -
[33mclient_001_1  |[0m 2026-01-27 19:51:10,440 - __main__ - INFO - --- New Round Detected: 13 ---
[33mserver_1      |[0m INFO:werkzeug:172.18.0.18 - - [27/Jan/2026 19:51:10] "GET /download_model?round=13 HTTP/1.1" 200 -
[32;1mclient_007_1  |[0m 2026-01-27 19:51:11,126 - __main__ - INFO - Round 13 finished. Loss: 1.1092, Acc: 66.67%
[33mserver_1      |[0m INFO:__main__:Received update from client_007
[33mserver_1      |[0m INFO:werkzeug:172.18.0.22 - - [27/Jan/2026 19:51:11] "POST /submit_update HTTP/1.1" 200 -
[32;1mclient_007_1  |[0m 2026-01-27 19:51:11,259 - __main__ - INFO - 🚀 Model update submitted successfully.
[32;1mclient_007_1  |[0m 2026-01-27 19:51:11,259 - __main__ - INFO - Update submitted for Round 13. Waiting...
[36;1mclient_005_1  |[0m 2026-01-27 19:51:11,632 - __main__ - INFO - --- New Round Detected: 13 ---
[33mserver_1      |[0m INFO:werkzeug:172.18.0.12 - - [27/Jan/2026 19:51:11] "GET /download_model?round=13 HTTP/1.1" 200 -
[33mclient_001_1  |[0m 2026-01-27 19:51:11,726 - __main__ - INFO - Round 13 finished. Loss: 0.3903, Acc: 98.38%
[33mserver_1      |[0m INFO:__main__:Received update from client_001
[33mserver_1      |[0m INFO:werkzeug:172.18.0.18 - - [27/Jan/2026 19:51:11] "POST /submit_update HTTP/1.1" 200 -
[33mclient_001_1  |[0m 2026-01-27 19:51:11,864 - __main__ - INFO - 🚀 Model update submitted successfully.
[33mclient_001_1  |[0m 2026-01-27 19:51:11,864 - __main__ - INFO - Update submitted for Round 13. Waiting...
[34;1mclient_009_1  |[0m 2026-01-27 19:51:12,430 - __main__ - INFO - Round 13 finished. Loss: 1.0147, Acc: 69.75%
[33mserver_1      |[0m INFO:__main__:Received update from client_009
[33mserver_1      |[0m INFO:werkzeug:172.18.0.7 - - [27/Jan/2026 19:51:12] "POST /submit_update HTTP/1.1" 200 -
[34;1mclient_009_1  |[0m 2026-01-27 19:51:12,566 - __main__ - INFO - 🚀 Model update submitted successfully.
[34;1mclient_009_1  |[0m 2026-01-27 19:51:12,567 - __main__ - INFO - Update submitted for Round 13. Waiting...
[32mclient_002_1  |[0m 2026-01-27 19:51:12,834 - __main__ - INFO - --- New Round Detected: 13 ---
[33mserver_1      |[0m INFO:werkzeug:172.18.0.21 - - [27/Jan/2026 19:51:12] "GET /download_model?round=13 HTTP/1.1" 200 -
[34mclient_004_1  |[0m 2026-01-27 19:51:14,811 - __main__ - INFO - --- New Round Detected: 13 ---
[33mserver_1      |[0m INFO:werkzeug:172.18.0.17 - - [27/Jan/2026 19:51:14] "GET /download_model?round=13 HTTP/1.1" 200 -
[32mclient_002_1  |[0m 2026-01-27 19:51:16,341 - __main__ - INFO - Round 13 finished. Loss: 0.5868, Acc: 91.90%
[33mserver_1      |[0m INFO:__main__:Received update from client_002
[33mserver_1      |[0m INFO:werkzeug:172.18.0.21 - - [27/Jan/2026 19:51:16] "POST /submit_update HTTP/1.1" 200 -
[32mclient_002_1  |[0m 2026-01-27 19:51:16,478 - __main__ - INFO - 🚀 Model update submitted successfully.
[32mclient_002_1  |[0m 2026-01-27 19:51:16,479 - __main__ - INFO - Update submitted for Round 13. Waiting...
[33;1mclient_006_1  |[0m 2026-01-27 19:51:16,786 - __main__ - INFO - --- New Round Detected: 13 ---
[33mserver_1      |[0m INFO:werkzeug:172.18.0.20 - - [27/Jan/2026 19:51:16] "GET /download_model?round=13 HTTP/1.1" 200 -
[33;1mclient_006_1  |[0m 2026-01-27 19:51:16,966 - __main__ - INFO - Round 13 finished. Loss: 1.1803, Acc: 64.29%
[33mserver_1      |[0m INFO:__main__:Received update from client_006
[33mserver_1      |[0m INFO:__main__:--- Aggregating 5 updates ---
[33mserver_1      |[0m INFO:__main__:⚡ Using Custom Aggregator with Drift Metric...
[33mserver_1      |[0m INFO:server.aggregator:Starting FedAvg aggregation for 5 clients.
[35;1mclient_008_1  |[0m 2026-01-27 19:51:17,082 - __main__ - INFO - --- New Round Detected: 13 ---
[33mserver_1      |[0m INFO:werkzeug:172.18.0.19 - - [27/Jan/2026 19:51:17] "GET /download_model?round=13 HTTP/1.1" 200 -
[36;1mclient_005_1  |[0m 2026-01-27 19:51:17,243 - __main__ - INFO - Round 13 finished. Loss: 0.3581, Acc: 92.98%
[33mserver_1      |[0m INFO:werkzeug:172.18.0.12 - - [27/Jan/2026 19:51:17] "[31m[1mPOST /submit_update HTTP/1.1[0m" 400 -
[36;1mclient_005_1  |[0m 2026-01-27 19:51:17,310 - __main__ - ERROR - Update submission failed: {"error":"Not accepting updates"}
[36;1mclient_005_1  |[0m 
[36;1mclient_005_1  |[0m 2026-01-27 19:51:17,311 - __main__ - INFO - Update submitted for Round 13. Waiting...
[36mclient_010_1  |[0m 2026-01-27 19:51:17,723 - __main__ - INFO - --- New Round Detected: 13 ---
[33mserver_1      |[0m INFO:werkzeug:172.18.0.11 - - [27/Jan/2026 19:51:17] "GET /download_model?round=13 HTTP/1.1" 200 -
[36mclient_010_1  |[0m 2026-01-27 19:51:18,838 - __main__ - INFO - Round 13 finished. Loss: 0.4177, Acc: 98.03%
[33mserver_1      |[0m INFO:werkzeug:172.18.0.11 - - [27/Jan/2026 19:51:19] "[31m[1mPOST /submit_update HTTP/1.1[0m" 400 -
[36mclient_010_1  |[0m 2026-01-27 19:51:19,048 - __main__ - ERROR - Update submission failed: {"error":"Not accepting updates"}
[36mclient_010_1  |[0m 
[36mclient_010_1  |[0m 2026-01-27 19:51:19,048 - __main__ - INFO - Update submitted for Round 13. Waiting...
[33mserver_1      |[0m INFO:server.aggregator:--- [METRIC] Weight Divergence: 1.1545
[33mserver_1      |[0m INFO:server.aggregator:FedAvg aggregation complete.
[33mserver_1      |[0m INFO:__main__:Aggregation complete.
[33mserver_1      |[0m ⏱️ [TIME] Client client_007 finished training in 0.61s
[33mserver_1      |[0m ⏱️ [TIME] Client client_001 finished training in 1.16s
[33mserver_1      |[0m ⏱️ [TIME] Client client_009 finished training in 4.15s
[33mserver_1      |[0m ⏱️ [TIME] Client client_002 finished training in 3.38s
[33mserver_1      |[0m ⏱️ [TIME] Client client_006 finished training in 0.05s
[33mserver_1      |[0m DEBUG: ⚠️ MY CUSTOM AGGREGATOR IS RUNNING ⚠️
[33mserver_1      |[0m INFO:__main__:--- Round 13 Acc: 33.49%, Loss: 1.8547 ---
[33mserver_1      |[0m INFO:__main__:--- Starting Round 14. Timeout: 300s ---
[33mserver_1      |[0m INFO:werkzeug:172.18.0.20 - - [27/Jan/2026 19:51:20] "POST /submit_update HTTP/1.1" 200 -
[33;1mclient_006_1  |[0m 2026-01-27 19:51:20,685 - __main__ - INFO - 🚀 Model update submitted successfully.
[33;1mclient_006_1  |[0m 2026-01-27 19:51:20,685 - __main__ - INFO - Update submitted for Round 13. Waiting...
[35;1mclient_008_1  |[0m 2026-01-27 19:51:21,164 - __main__ - INFO - Round 13 finished. Loss: 0.3753, Acc: 96.45%
[33mserver_1      |[0m INFO:__main__:Received update from client_008
[33mserver_1      |[0m INFO:werkzeug:172.18.0.19 - - [27/Jan/2026 19:51:21] "POST /submit_update HTTP/1.1" 200 -
[35;1mclient_008_1  |[0m 2026-01-27 19:51:21,353 - __main__ - INFO - 🚀 Model update submitted successfully.
[35;1mclient_008_1  |[0m 2026-01-27 19:51:21,354 - __main__ - INFO - Update submitted for Round 13. Waiting...
[32;1mclient_007_1  |[0m 2026-01-27 19:51:21,392 - __main__ - INFO - --- New Round Detected: 14 ---
[33mserver_1      |[0m INFO:werkzeug:172.18.0.22 - - [27/Jan/2026 19:51:21] "GET /download_model?round=14 HTTP/1.1" 200 -
[33mclient_001_1  |[0m 2026-01-27 19:51:21,929 - __main__ - INFO - --- New Round Detected: 14 ---
[33mserver_1      |[0m INFO:werkzeug:172.18.0.18 - - [27/Jan/2026 19:51:21] "GET /download_model?round=14 HTTP/1.1" 200 -
[34;1mclient_009_1  |[0m 2026-01-27 19:51:22,642 - __main__ - INFO - --- New Round Detected: 14 ---
[33mserver_1      |[0m INFO:werkzeug:172.18.0.7 - - [27/Jan/2026 19:51:22] "GET /download_model?round=14 HTTP/1.1" 200 -
[32;1mclient_007_1  |[0m 2026-01-27 19:51:22,725 - __main__ - INFO - Round 14 finished. Loss: 1.1349, Acc: 61.36%
[33mclient_001_1  |[0m 2026-01-27 19:51:22,750 - __main__ - INFO - Round 14 finished. Loss: 0.2069, Acc: 98.71%
[33mserver_1      |[0m INFO:__main__:Received update from client_007
[33mserver_1      |[0m INFO:werkzeug:172.18.0.22 - - [27/Jan/2026 19:51:22] "POST /submit_update HTTP/1.1" 200 -
[33mserver_1      |[0m INFO:__main__:Received update from client_001
[33mserver_1      |[0m INFO:werkzeug:172.18.0.18 - - [27/Jan/2026 19:51:22] "POST /submit_update HTTP/1.1" 200 -
[33mclient_001_1  |[0m 2026-01-27 19:51:22,883 - __main__ - INFO - 🚀 Model update submitted successfully.
[33mclient_001_1  |[0m 2026-01-27 19:51:22,884 - __main__ - INFO - Update submitted for Round 14. Waiting...
[32;1mclient_007_1  |[0m 2026-01-27 19:51:22,884 - __main__ - INFO - 🚀 Model update submitted successfully.
[32;1mclient_007_1  |[0m 2026-01-27 19:51:22,885 - __main__ - INFO - Update submitted for Round 14. Waiting...
[35mclient_003_1  |[0m 2026-01-27 19:51:25,833 - __main__ - INFO - Round 12 finished. Loss: 1.0227, Acc: 72.42%
[33mserver_1      |[0m INFO:__main__:Received update from client_003
[33mserver_1      |[0m INFO:werkzeug:172.18.0.16 - - [27/Jan/2026 19:51:25] "POST /submit_update HTTP/1.1" 200 -
[35mclient_003_1  |[0m 2026-01-27 19:51:25,971 - __main__ - INFO - 🚀 Model update submitted successfully.
[35mclient_003_1  |[0m 2026-01-27 19:51:25,972 - __main__ - INFO - Update submitted for Round 12. Waiting...
[32mclient_002_1  |[0m 2026-01-27 19:51:26,544 - __main__ - INFO - --- New Round Detected: 14 ---
[33mserver_1      |[0m INFO:werkzeug:172.18.0.21 - - [27/Jan/2026 19:51:26] "GET /download_model?round=14 HTTP/1.1" 200 -
[34;1mclient_009_1  |[0m 2026-01-27 19:51:27,002 - __main__ - INFO - Round 14 finished. Loss: 0.8423, Acc: 71.51%
[33mserver_1      |[0m INFO:__main__:Received update from client_009
[33mserver_1      |[0m INFO:__main__:--- Aggregating 5 updates ---
[33mserver_1      |[0m INFO:__main__:⚡ Using Custom Aggregator with Drift Metric...
[33mserver_1      |[0m INFO:server.aggregator:Starting FedAvg aggregation for 5 clients.
[36;1mclient_005_1  |[0m 2026-01-27 19:51:27,377 - __main__ - INFO - --- New Round Detected: 14 ---
[33mserver_1      |[0m INFO:werkzeug:172.18.0.12 - - [27/Jan/2026 19:51:27] "GET /download_model?round=14 HTTP/1.1" 200 -
[34mclient_004_1  |[0m 2026-01-27 19:51:27,457 - __main__ - INFO - Round 13 finished. Loss: 0.8856, Acc: 73.43%
[33mserver_1      |[0m INFO:werkzeug:172.18.0.17 - - [27/Jan/2026 19:51:27] "[31m[1mPOST /submit_update HTTP/1.1[0m" 400 -
[34mclient_004_1  |[0m 2026-01-27 19:51:27,548 - __main__ - ERROR - Update submission failed: {"error":"Not accepting updates"}
[34mclient_004_1  |[0m 
[34mclient_004_1  |[0m 2026-01-27 19:51:27,548 - __main__ - INFO - Update submitted for Round 13. Waiting...
[33mserver_1      |[0m INFO:server.aggregator:--- [METRIC] Weight Divergence: 1.8521
[33mserver_1      |[0m INFO:server.aggregator:FedAvg aggregation complete.
[33mserver_1      |[0m INFO:__main__:Aggregation complete.
[36mclient_010_1  |[0m 2026-01-27 19:51:29,111 - __main__ - INFO - --- New Round Detected: 14 ---
[33mserver_1      |[0m INFO:werkzeug:172.18.0.11 - - [27/Jan/2026 19:51:29] "GET /download_model?round=14 HTTP/1.1" 200 -
[33mserver_1      |[0m ⏱️ [TIME] Client client_008 finished training in 3.93s
[33mserver_1      |[0m ⏱️ [TIME] Client client_007 finished training in 1.20s
[33mserver_1      |[0m ⏱️ [TIME] Client client_001 finished training in 0.69s
[33mserver_1      |[0m ⏱️ [TIME] Client client_003 finished training in 26.80s
[33mserver_1      |[0m ⏱️ [TIME] Client client_009 finished training in 4.21s
[33mserver_1      |[0m DEBUG: ⚠️ MY CUSTOM AGGREGATOR IS RUNNING ⚠️
[32mclient_002_1  |[0m 2026-01-27 19:51:29,822 - __main__ - INFO - Round 14 finished. Loss: 0.3855, Acc: 92.39%
[33mserver_1      |[0m INFO:werkzeug:172.18.0.21 - - [27/Jan/2026 19:51:29] "[31m[1mPOST /submit_update HTTP/1.1[0m" 400 -
[32mclient_002_1  |[0m 2026-01-27 19:51:29,952 - __main__ - ERROR - Update submission failed: {"error":"Not accepting updates"}
[32mclient_002_1  |[0m 
[32mclient_002_1  |[0m 2026-01-27 19:51:29,952 - __main__ - INFO - Update submitted for Round 14. Waiting...
[36mclient_010_1  |[0m 2026-01-27 19:51:30,455 - __main__ - INFO - Round 14 finished. Loss: 0.2115, Acc: 98.40%
[33mserver_1      |[0m INFO:werkzeug:172.18.0.11 - - [27/Jan/2026 19:51:30] "[31m[1mPOST /submit_update HTTP/1.1[0m" 400 -
[33mserver_1      |[0m INFO:__main__:--- Round 14 Acc: 39.53%, Loss: 1.7322 ---
[33mserver_1      |[0m INFO:__main__:--- Starting Round 15. Timeout: 300s ---
[33mserver_1      |[0m INFO:werkzeug:172.18.0.7 - - [27/Jan/2026 19:51:30] "POST /submit_update HTTP/1.1" 200 -
[34;1mclient_009_1  |[0m 2026-01-27 19:51:30,522 - __main__ - INFO - 🚀 Model update submitted successfully.
[34;1mclient_009_1  |[0m 2026-01-27 19:51:30,522 - __main__ - INFO - Update submitted for Round 14. Waiting...
[36mclient_010_1  |[0m 2026-01-27 19:51:30,524 - __main__ - ERROR - Update submission failed: {"error":"Not accepting updates"}
[36mclient_010_1  |[0m 
[36mclient_010_1  |[0m 2026-01-27 19:51:30,524 - __main__ - INFO - Update submitted for Round 14. Waiting...
[33;1mclient_006_1  |[0m 2026-01-27 19:51:30,749 - __main__ - INFO - --- New Round Detected: 15 ---
[33mserver_1      |[0m INFO:werkzeug:172.18.0.20 - - [27/Jan/2026 19:51:30] "GET /download_model?round=15 HTTP/1.1" 200 -
[33;1mclient_006_1  |[0m 2026-01-27 19:51:30,914 - __main__ - INFO - Round 15 finished. Loss: 0.7871, Acc: 78.57%
[33mserver_1      |[0m INFO:__main__:Received update from client_006
[33mserver_1      |[0m INFO:werkzeug:172.18.0.20 - - [27/Jan/2026 19:51:31] "POST /submit_update HTTP/1.1" 200 -
[33;1mclient_006_1  |[0m 2026-01-27 19:51:31,059 - __main__ - INFO - 🚀 Model update submitted successfully.
[33;1mclient_006_1  |[0m 2026-01-27 19:51:31,059 - __main__ - INFO - Update submitted for Round 15. Waiting...
[35;1mclient_008_1  |[0m 2026-01-27 19:51:31,416 - __main__ - INFO - --- New Round Detected: 15 ---
[33mserver_1      |[0m INFO:werkzeug:172.18.0.19 - - [27/Jan/2026 19:51:31] "GET /download_model?round=15 HTTP/1.1" 200 -
[36;1mclient_005_1  |[0m 2026-01-27 19:51:32,091 - __main__ - INFO - Round 14 finished. Loss: 0.5384, Acc: 93.10%
[33mserver_1      |[0m INFO:__main__:Received update from client_005
[33mserver_1      |[0m INFO:werkzeug:172.18.0.12 - - [27/Jan/2026 19:51:32] "POST /submit_update HTTP/1.1" 200 -
[36;1mclient_005_1  |[0m 2026-01-27 19:51:32,228 - __main__ - INFO - 🚀 Model update submitted successfully.
[36;1mclient_005_1  |[0m 2026-01-27 19:51:32,228 - __main__ - INFO - Update submitted for Round 14. Waiting...
[32;1mclient_007_1  |[0m 2026-01-27 19:51:32,949 - __main__ - INFO - --- New Round Detected: 15 ---
[33mserver_1      |[0m INFO:werkzeug:172.18.0.22 - - [27/Jan/2026 19:51:32] "GET /download_model?round=15 HTTP/1.1" 200 -
[33mclient_001_1  |[0m 2026-01-27 19:51:32,964 - __main__ - INFO - --- New Round Detected: 15 ---
[33mserver_1      |[0m INFO:werkzeug:172.18.0.18 - - [27/Jan/2026 19:51:33] "GET /download_model?round=15 HTTP/1.1" 200 -
[33mclient_001_1  |[0m 2026-01-27 19:51:33,982 - __main__ - INFO - Round 15 finished. Loss: 0.3480, Acc: 98.38%
[33mserver_1      |[0m INFO:__main__:Received update from client_001
[33mserver_1      |[0m INFO:werkzeug:172.18.0.18 - - [27/Jan/2026 19:51:34] "POST /submit_update HTTP/1.1" 200 -
[33mclient_001_1  |[0m 2026-01-27 19:51:34,120 - __main__ - INFO - 🚀 Model update submitted successfully.
[33mclient_001_1  |[0m 2026-01-27 19:51:34,120 - __main__ - INFO - Update submitted for Round 15. Waiting...
[32;1mclient_007_1  |[0m 2026-01-27 19:51:34,206 - __main__ - INFO - Round 15 finished. Loss: 1.1427, Acc: 67.40%
[33mserver_1      |[0m INFO:__main__:Received update from client_007
[33mserver_1      |[0m INFO:werkzeug:172.18.0.22 - - [27/Jan/2026 19:51:34] "POST /submit_update HTTP/1.1" 200 -
[32;1mclient_007_1  |[0m 2026-01-27 19:51:34,431 - __main__ - INFO - 🚀 Model update submitted successfully.
[32;1mclient_007_1  |[0m 2026-01-27 19:51:34,432 - __main__ - INFO - Update submitted for Round 15. Waiting...
[35;1mclient_008_1  |[0m 2026-01-27 19:51:35,386 - __main__ - INFO - Round 15 finished. Loss: 0.2242, Acc: 98.62%
[33mserver_1      |[0m INFO:__main__:Received update from client_008
[33mserver_1      |[0m INFO:__main__:--- Aggregating 5 updates ---
[33mserver_1      |[0m INFO:__main__:⚡ Using Custom Aggregator with Drift Metric...
[33mserver_1      |[0m INFO:server.aggregator:Starting FedAvg aggregation for 5 clients.
[35mclient_003_1  |[0m 2026-01-27 19:51:36,040 - __main__ - INFO - --- New Round Detected: 15 ---
[33mserver_1      |[0m INFO:werkzeug:172.18.0.16 - - [27/Jan/2026 19:51:36] "GET /download_model?round=15 HTTP/1.1" 200 -
[33mserver_1      |[0m INFO:server.aggregator:--- [METRIC] Weight Divergence: 1.2319
[33mserver_1      |[0m INFO:server.aggregator:FedAvg aggregation complete.
[33mserver_1      |[0m INFO:__main__:Aggregation complete.
[33mserver_1      |[0m ⏱️ [TIME] Client client_006 finished training in 0.04s
[33mserver_1      |[0m ⏱️ [TIME] Client client_005 finished training in 4.58s
[33mserver_1      |[0m ⏱️ [TIME] Client client_001 finished training in 0.87s
[33mserver_1      |[0m ⏱️ [TIME] Client client_007 finished training in 1.13s
[33mserver_1      |[0m ⏱️ [TIME] Client client_008 finished training in 3.84s
[33mserver_1      |[0m DEBUG: ⚠️ MY CUSTOM AGGREGATOR IS RUNNING ⚠️
[34mclient_004_1  |[0m 2026-01-27 19:51:37,858 - __main__ - INFO - --- New Round Detected: 15 ---
[33mserver_1      |[0m INFO:werkzeug:172.18.0.17 - - [27/Jan/2026 19:51:37] "GET /download_model?round=15 HTTP/1.1" 200 -
[33mserver_1      |[0m INFO:__main__:--- Round 15 Acc: 35.79%, Loss: 1.9223 ---
[33mserver_1      |[0m INFO:__main__:--- Starting Round 16. Timeout: 300s ---
[33mserver_1      |[0m INFO:werkzeug:172.18.0.19 - - [27/Jan/2026 19:51:38] "POST /submit_update HTTP/1.1" 200 -
[35;1mclient_008_1  |[0m 2026-01-27 19:51:38,661 - __main__ - INFO - 🚀 Model update submitted successfully.
[35;1mclient_008_1  |[0m 2026-01-27 19:51:38,661 - __main__ - INFO - Update submitted for Round 15. Waiting...
[32mclient_002_1  |[0m 2026-01-27 19:51:40,014 - __main__ - INFO - --- New Round Detected: 16 ---
[33mserver_1      |[0m INFO:werkzeug:172.18.0.21 - - [27/Jan/2026 19:51:40] "GET /download_model?round=16 HTTP/1.1" 200 -
[34;1mclient_009_1  |[0m 2026-01-27 19:51:40,614 - __main__ - INFO - --- New Round Detected: 16 ---
[33mserver_1      |[0m INFO:werkzeug:172.18.0.7 - - [27/Jan/2026 19:51:40] "GET /download_model?round=16 HTTP/1.1" 200 -
[33mserver_1      |[0m INFO:werkzeug:172.18.0.11 - - [27/Jan/2026 19:51:40] "GET /download_model?round=16 HTTP/1.1" 200 -
[36mclient_010_1  |[0m 2026-01-27 19:51:40,661 - __main__ - INFO - --- New Round Detected: 16 ---
[33;1mclient_006_1  |[0m 2026-01-27 19:51:41,124 - __main__ - INFO - --- New Round Detected: 16 ---
[33mserver_1      |[0m INFO:werkzeug:172.18.0.20 - - [27/Jan/2026 19:51:41] "GET /download_model?round=16 HTTP/1.1" 200 -
[33;1mclient_006_1  |[0m 2026-01-27 19:51:41,288 - __main__ - INFO - Round 16 finished. Loss: 0.8302, Acc: 85.71%
[33mserver_1      |[0m INFO:__main__:Received update from client_006
[33mserver_1      |[0m INFO:werkzeug:172.18.0.20 - - [27/Jan/2026 19:51:41] "POST /submit_update HTTP/1.1" 200 -
[33;1mclient_006_1  |[0m 2026-01-27 19:51:41,427 - __main__ - INFO - 🚀 Model update submitted successfully.
[33;1mclient_006_1  |[0m 2026-01-27 19:51:41,427 - __main__ - INFO - Update submitted for Round 16. Waiting...
[36;1mclient_005_1  |[0m 2026-01-27 19:51:42,290 - __main__ - INFO - --- New Round Detected: 16 ---
[33mserver_1      |[0m INFO:werkzeug:172.18.0.12 - - [27/Jan/2026 19:51:42] "GET /download_model?round=16 HTTP/1.1" 200 -
[36mclient_010_1  |[0m 2026-01-27 19:51:42,415 - __main__ - INFO - Round 16 finished. Loss: 0.3649, Acc: 97.17%
[33mserver_1      |[0m INFO:__main__:Received update from client_010
[33mserver_1      |[0m INFO:werkzeug:172.18.0.11 - - [27/Jan/2026 19:51:42] "POST /submit_update HTTP/1.1" 200 -
[36mclient_010_1  |[0m 2026-01-27 19:51:42,567 - __main__ - INFO - 🚀 Model update submitted successfully.
[36mclient_010_1  |[0m 2026-01-27 19:51:42,567 - __main__ - INFO - Update submitted for Round 16. Waiting...
[32mclient_002_1  |[0m 2026-01-27 19:51:43,809 - __main__ - INFO - Round 16 finished. Loss: 0.5636, Acc: 89.82%
[33mserver_1      |[0m INFO:__main__:Received update from client_002
[33mserver_1      |[0m INFO:werkzeug:172.18.0.21 - - [27/Jan/2026 19:51:43] "POST /submit_update HTTP/1.1" 200 -
[32mclient_002_1  |[0m 2026-01-27 19:51:43,944 - __main__ - INFO - 🚀 Model update submitted successfully.
[32mclient_002_1  |[0m 2026-01-27 19:51:43,944 - __main__ - INFO - Update submitted for Round 16. Waiting...
[33mclient_001_1  |[0m 2026-01-27 19:51:44,183 - __main__ - INFO - --- New Round Detected: 16 ---
[33mserver_1      |[0m INFO:werkzeug:172.18.0.18 - - [27/Jan/2026 19:51:44] "GET /download_model?round=16 HTTP/1.1" 200 -
[32;1mclient_007_1  |[0m 2026-01-27 19:51:44,538 - __main__ - INFO - --- New Round Detected: 16 ---
[33mserver_1      |[0m INFO:werkzeug:172.18.0.22 - - [27/Jan/2026 19:51:44] "GET /download_model?round=16 HTTP/1.1" 200 -
[33mclient_001_1  |[0m 2026-01-27 19:51:45,324 - __main__ - INFO - Round 16 finished. Loss: 0.3241, Acc: 97.41%
[33mserver_1      |[0m INFO:__main__:Received update from client_001
[33mserver_1      |[0m INFO:werkzeug:172.18.0.18 - - [27/Jan/2026 19:51:45] "POST /submit_update HTTP/1.1" 200 -
[33mclient_001_1  |[0m 2026-01-27 19:51:45,458 - __main__ - INFO - 🚀 Model update submitted successfully.
[33mclient_001_1  |[0m 2026-01-27 19:51:45,458 - __main__ - INFO - Update submitted for Round 16. Waiting...
[32;1mclient_007_1  |[0m 2026-01-27 19:51:45,830 - __main__ - INFO - Round 16 finished. Loss: 1.1992, Acc: 64.29%
[33mserver_1      |[0m INFO:__main__:Received update from client_007
[33mserver_1      |[0m INFO:__main__:--- Aggregating 5 updates ---
[33mserver_1      |[0m INFO:__main__:⚡ Using Custom Aggregator with Drift Metric...
[33mserver_1      |[0m INFO:server.aggregator:Starting FedAvg aggregation for 5 clients.
[36;1mclient_005_1  |[0m 2026-01-27 19:51:46,800 - __main__ - INFO - Round 16 finished. Loss: 0.3981, Acc: 93.23%
[33mserver_1      |[0m INFO:werkzeug:172.18.0.12 - - [27/Jan/2026 19:51:46] "[31m[1mPOST /submit_update HTTP/1.1[0m" 400 -
[36;1mclient_005_1  |[0m 2026-01-27 19:51:46,866 - __main__ - ERROR - Update submission failed: {"error":"Not accepting updates"}
[36;1mclient_005_1  |[0m 
[36;1mclient_005_1  |[0m 2026-01-27 19:51:46,867 - __main__ - INFO - Update submitted for Round 16. Waiting...
[33mserver_1      |[0m INFO:server.aggregator:--- [METRIC] Weight Divergence: 0.7110
[33mserver_1      |[0m INFO:server.aggregator:FedAvg aggregation complete.
[33mserver_1      |[0m INFO:__main__:Aggregation complete.
[33mserver_1      |[0m ⏱️ [TIME] Client client_006 finished training in 0.03s
[33mserver_1      |[0m ⏱️ [TIME] Client client_010 finished training in 1.61s
[33mserver_1      |[0m ⏱️ [TIME] Client client_002 finished training in 3.66s
[33mserver_1      |[0m ⏱️ [TIME] Client client_001 finished training in 1.01s
[33mserver_1      |[0m ⏱️ [TIME] Client client_007 finished training in 1.16s
[33mserver_1      |[0m DEBUG: ⚠️ MY CUSTOM AGGREGATOR IS RUNNING ⚠️
[34;1mclient_009_1  |[0m 2026-01-27 19:51:48,012 - __main__ - INFO - Round 16 finished. Loss: 1.0119, Acc: 68.68%
[33mserver_1      |[0m INFO:werkzeug:172.18.0.7 - - [27/Jan/2026 19:51:48] "[31m[1mPOST /submit_update HTTP/1.1[0m" 400 -
[34;1mclient_009_1  |[0m 2026-01-27 19:51:48,124 - __main__ - ERROR - Update submission failed: {"error":"Not accepting updates"}
[34;1mclient_009_1  |[0m 
[34;1mclient_009_1  |[0m 2026-01-27 19:51:48,125 - __main__ - INFO - Update submitted for Round 16. Waiting...
[35;1mclient_008_1  |[0m 2026-01-27 19:51:48,724 - __main__ - INFO - --- New Round Detected: 16 ---
[33mserver_1      |[0m INFO:werkzeug:172.18.0.19 - - [27/Jan/2026 19:51:48] "GET /download_model?round=16 HTTP/1.1" 200 -
[33mserver_1      |[0m INFO:__main__:--- Round 16 Acc: 25.06%, Loss: 2.0743 ---
[33mserver_1      |[0m INFO:__main__:--- Starting Round 17. Timeout: 300s ---
[33mserver_1      |[0m INFO:werkzeug:172.18.0.22 - - [27/Jan/2026 19:51:48] "POST /submit_update HTTP/1.1" 200 -
[32;1mclient_007_1  |[0m 2026-01-27 19:51:48,965 - __main__ - INFO - 🚀 Model update submitted successfully.
[32;1mclient_007_1  |[0m 2026-01-27 19:51:48,966 - __main__ - INFO - Update submitted for Round 16. Waiting...
[34mclient_004_1  |[0m 2026-01-27 19:51:49,085 - __main__ - INFO - Round 15 finished. Loss: 0.9175, Acc: 74.84%
[33mserver_1      |[0m INFO:__main__:Received update from client_004
[33mserver_1      |[0m INFO:werkzeug:172.18.0.17 - - [27/Jan/2026 19:51:49] "POST /submit_update HTTP/1.1" 200 -
[34mclient_004_1  |[0m 2026-01-27 19:51:49,221 - __main__ - INFO - 🚀 Model update submitted successfully.
[34mclient_004_1  |[0m 2026-01-27 19:51:49,221 - __main__ - INFO - Update submitted for Round 15. Waiting...
[33;1mclient_006_1  |[0m 2026-01-27 19:51:51,492 - __main__ - INFO - --- New Round Detected: 17 ---
[33mserver_1      |[0m INFO:werkzeug:172.18.0.20 - - [27/Jan/2026 19:51:51] "GET /download_model?round=17 HTTP/1.1" 200 -
[35;1mclient_008_1  |[0m 2026-01-27 19:51:51,555 - __main__ - INFO - Round 16 finished. Loss: 0.3020, Acc: 98.23%
[33;1mclient_006_1  |[0m 2026-01-27 19:51:51,652 - __main__ - INFO - Round 17 finished. Loss: 1.3870, Acc: 64.29%
[33mserver_1      |[0m INFO:__main__:Received update from client_008
[33mserver_1      |[0m INFO:werkzeug:172.18.0.19 - - [27/Jan/2026 19:51:51] "POST /submit_update HTTP/1.1" 200 -
[35;1mclient_008_1  |[0m 2026-01-27 19:51:51,689 - __main__ - INFO - 🚀 Model update submitted successfully.
[35;1mclient_008_1  |[0m 2026-01-27 19:51:51,689 - __main__ - INFO - Update submitted for Round 16. Waiting...
[33mserver_1      |[0m INFO:__main__:Received update from client_006
[33mserver_1      |[0m INFO:werkzeug:172.18.0.20 - - [27/Jan/2026 19:51:51] "POST /submit_update HTTP/1.1" 200 -
[33;1mclient_006_1  |[0m 2026-01-27 19:51:51,792 - __main__ - INFO - 🚀 Model update submitted successfully.
[33;1mclient_006_1  |[0m 2026-01-27 19:51:51,792 - __main__ - INFO - Update submitted for Round 17. Waiting...
[36mclient_010_1  |[0m 2026-01-27 19:51:52,640 - __main__ - INFO - --- New Round Detected: 17 ---
[33mserver_1      |[0m INFO:werkzeug:172.18.0.11 - - [27/Jan/2026 19:51:52] "GET /download_model?round=17 HTTP/1.1" 200 -
[32mclient_002_1  |[0m 2026-01-27 19:51:54,042 - __main__ - INFO - --- New Round Detected: 17 ---
[33mserver_1      |[0m INFO:werkzeug:172.18.0.21 - - [27/Jan/2026 19:51:54] "GET /download_model?round=17 HTTP/1.1" 200 -
[36mclient_010_1  |[0m 2026-01-27 19:51:54,291 - __main__ - INFO - Round 17 finished. Loss: 0.1924, Acc: 98.40%
[33mserver_1      |[0m INFO:__main__:Received update from client_010
[33mserver_1      |[0m INFO:werkzeug:172.18.0.11 - - [27/Jan/2026 19:51:54] "POST /submit_update HTTP/1.1" 200 -
[36mclient_010_1  |[0m 2026-01-27 19:51:54,449 - __main__ - INFO - 🚀 Model update submitted successfully.
[36mclient_010_1  |[0m 2026-01-27 19:51:54,450 - __main__ - INFO - Update submitted for Round 17. Waiting...
[33mclient_001_1  |[0m 2026-01-27 19:51:55,533 - __main__ - INFO - --- New Round Detected: 17 ---
[33mserver_1      |[0m INFO:werkzeug:172.18.0.18 - - [27/Jan/2026 19:51:55] "GET /download_model?round=17 HTTP/1.1" 200 -
[33mclient_001_1  |[0m 2026-01-27 19:51:56,300 - __main__ - INFO - Round 17 finished. Loss: 0.1857, Acc: 99.03%
[33mserver_1      |[0m INFO:__main__:Received update from client_001
[33mserver_1      |[0m INFO:__main__:--- Aggregating 5 updates ---
[33mserver_1      |[0m INFO:__main__:⚡ Using Custom Aggregator with Drift Metric...
[33mserver_1      |[0m INFO:server.aggregator:Starting FedAvg aggregation for 5 clients.
[32mclient_002_1  |[0m 2026-01-27 19:51:56,493 - __main__ - INFO - Round 17 finished. Loss: 0.3585, Acc: 92.19%
[33mserver_1      |[0m INFO:werkzeug:172.18.0.21 - - [27/Jan/2026 19:51:56] "[31m[1mPOST /submit_update HTTP/1.1[0m" 400 -
[32mclient_002_1  |[0m 2026-01-27 19:51:56,568 - __main__ - ERROR - Update submission failed: {"error":"Not accepting updates"}
[32mclient_002_1  |[0m 
[32mclient_002_1  |[0m 2026-01-27 19:51:56,569 - __main__ - INFO - Update submitted for Round 17. Waiting...
[36;1mclient_005_1  |[0m 2026-01-27 19:51:56,930 - __main__ - INFO - --- New Round Detected: 17 ---
[33mserver_1      |[0m INFO:werkzeug:172.18.0.12 - - [27/Jan/2026 19:51:56] "GET /download_model?round=17 HTTP/1.1" 200 -
[35mclient_003_1  |[0m 2026-01-27 19:51:57,122 - __main__ - INFO - Round 15 finished. Loss: 0.8905, Acc: 74.43%
[33mserver_1      |[0m INFO:werkzeug:172.18.0.16 - - [27/Jan/2026 19:51:57] "[31m[1mPOST /submit_update HTTP/1.1[0m" 400 -
[35mclient_003_1  |[0m 2026-01-27 19:51:57,506 - __main__ - ERROR - Update submission failed: {"error":"Not accepting updates"}
[35mclient_003_1  |[0m 
[35mclient_003_1  |[0m 2026-01-27 19:51:57,506 - __main__ - INFO - Update submitted for Round 15. Waiting...
[33mserver_1      |[0m INFO:server.aggregator:--- [METRIC] Weight Divergence: 1.4958
[33mserver_1      |[0m INFO:server.aggregator:FedAvg aggregation complete.
[33mserver_1      |[0m INFO:__main__:Aggregation complete.
[33mserver_1      |[0m ⏱️ [TIME] Client client_004 finished training in 11.10s
[33mserver_1      |[0m ⏱️ [TIME] Client client_008 finished training in 2.67s
[33mserver_1      |[0m ⏱️ [TIME] Client client_006 finished training in 0.03s
[33mserver_1      |[0m ⏱️ [TIME] Client client_010 finished training in 1.52s
[33mserver_1      |[0m ⏱️ [TIME] Client client_001 finished training in 0.59s
[33mserver_1      |[0m DEBUG: ⚠️ MY CUSTOM AGGREGATOR IS RUNNING ⚠️
[34;1mclient_009_1  |[0m 2026-01-27 19:51:58,219 - __main__ - INFO - --- New Round Detected: 17 ---
[33mserver_1      |[0m INFO:werkzeug:172.18.0.7 - - [27/Jan/2026 19:51:58] "GET /download_model?round=17 HTTP/1.1" 200 -
[32;1mclient_007_1  |[0m 2026-01-27 19:51:59,114 - __main__ - INFO - --- New Round Detected: 17 ---
[33mserver_1      |[0m INFO:werkzeug:172.18.0.22 - - [27/Jan/2026 19:51:59] "GET /download_model?round=17 HTTP/1.1" 200 -
[34mclient_004_1  |[0m 2026-01-27 19:51:59,297 - __main__ - INFO - --- New Round Detected: 17 ---
[33mserver_1      |[0m INFO:__main__:--- Round 17 Acc: 40.25%, Loss: 1.6985 ---
[33mserver_1      |[0m INFO:__main__:--- Starting Round 18. Timeout: 300s ---
[33mserver_1      |[0m INFO:werkzeug:172.18.0.18 - - [27/Jan/2026 19:51:59] "POST /submit_update HTTP/1.1" 200 -
[33mserver_1      |[0m INFO:werkzeug:172.18.0.17 - - [27/Jan/2026 19:51:59] "GET /download_model?round=17 HTTP/1.1" 200 -
[33mclient_001_1  |[0m 2026-01-27 19:51:59,349 - __main__ - INFO - 🚀 Model update submitted successfully.
[33mclient_001_1  |[0m 2026-01-27 19:51:59,349 - __main__ - INFO - Update submitted for Round 17. Waiting...
[32;1mclient_007_1  |[0m 2026-01-27 19:51:59,886 - __main__ - INFO - Round 17 finished. Loss: 1.0131, Acc: 70.51%
[33mserver_1      |[0m INFO:__main__:Received update from client_007
[33mserver_1      |[0m INFO:werkzeug:172.18.0.22 - - [27/Jan/2026 19:51:59] "POST /submit_update HTTP/1.1" 200 -
[32;1mclient_007_1  |[0m 2026-01-27 19:52:00,023 - __main__ - INFO - 🚀 Model update submitted successfully.
[32;1mclient_007_1  |[0m 2026-01-27 19:52:00,024 - __main__ - INFO - Update submitted for Round 17. Waiting...
[36;1mclient_005_1  |[0m 2026-01-27 19:52:00,915 - __main__ - INFO - Round 17 finished. Loss: 0.5548, Acc: 93.51%
[33mserver_1      |[0m INFO:__main__:Received update from client_005
[33mserver_1      |[0m INFO:werkzeug:172.18.0.12 - - [27/Jan/2026 19:52:01] "POST /submit_update HTTP/1.1" 200 -
[36;1mclient_005_1  |[0m 2026-01-27 19:52:01,078 - __main__ - INFO - 🚀 Model update submitted successfully.
[36;1mclient_005_1  |[0m 2026-01-27 19:52:01,078 - __main__ - INFO - Update submitted for Round 17. Waiting...
[35;1mclient_008_1  |[0m 2026-01-27 19:52:01,751 - __main__ - INFO - --- New Round Detected: 18 ---
[33mserver_1      |[0m INFO:werkzeug:172.18.0.19 - - [27/Jan/2026 19:52:01] "GET /download_model?round=18 HTTP/1.1" 200 -
[33;1mclient_006_1  |[0m 2026-01-27 19:52:01,855 - __main__ - INFO - --- New Round Detected: 18 ---
[33mserver_1      |[0m INFO:werkzeug:172.18.0.20 - - [27/Jan/2026 19:52:01] "GET /download_model?round=18 HTTP/1.1" 200 -
[33;1mclient_006_1  |[0m 2026-01-27 19:52:02,029 - __main__ - INFO - Round 18 finished. Loss: 0.8558, Acc: 78.57%
[33mserver_1      |[0m INFO:__main__:Received update from client_006
[33mserver_1      |[0m INFO:werkzeug:172.18.0.20 - - [27/Jan/2026 19:52:02] "POST /submit_update HTTP/1.1" 200 -
[33;1mclient_006_1  |[0m 2026-01-27 19:52:02,168 - __main__ - INFO - 🚀 Model update submitted successfully.
[33;1mclient_006_1  |[0m 2026-01-27 19:52:02,168 - __main__ - INFO - Update submitted for Round 18. Waiting...
[36mclient_010_1  |[0m 2026-01-27 19:52:04,513 - __main__ - INFO - --- New Round Detected: 18 ---
[33mserver_1      |[0m INFO:werkzeug:172.18.0.11 - - [27/Jan/2026 19:52:04] "GET /download_model?round=18 HTTP/1.1" 200 -
[34;1mclient_009_1  |[0m 2026-01-27 19:52:05,744 - __main__ - INFO - Round 17 finished. Loss: 0.9139, Acc: 70.59%
[35;1mclient_008_1  |[0m 2026-01-27 19:52:05,828 - __main__ - INFO - Round 18 finished. Loss: 0.2662, Acc: 98.52%
[33mserver_1      |[0m INFO:__main__:Received update from client_009
[33mserver_1      |[0m INFO:werkzeug:172.18.0.7 - - [27/Jan/2026 19:52:05] "POST /submit_update HTTP/1.1" 200 -
[34;1mclient_009_1  |[0m 2026-01-27 19:52:05,903 - __main__ - INFO - 🚀 Model update submitted successfully.
[34;1mclient_009_1  |[0m 2026-01-27 19:52:05,903 - __main__ - INFO - Update submitted for Round 17. Waiting...
[33mserver_1      |[0m INFO:__main__:Received update from client_008
[33mserver_1      |[0m INFO:__main__:--- Aggregating 5 updates ---
[33mserver_1      |[0m INFO:__main__:⚡ Using Custom Aggregator with Drift Metric...
[33mserver_1      |[0m INFO:server.aggregator:Starting FedAvg aggregation for 5 clients.
[36mclient_010_1  |[0m 2026-01-27 19:52:06,181 - __main__ - INFO - Round 18 finished. Loss: 0.4020, Acc: 97.91%
[33mserver_1      |[0m INFO:werkzeug:172.18.0.11 - - [27/Jan/2026 19:52:06] "[31m[1mPOST /submit_update HTTP/1.1[0m" 400 -
[36mclient_010_1  |[0m 2026-01-27 19:52:06,245 - __main__ - ERROR - Update submission failed: {"error":"Not accepting updates"}
[36mclient_010_1  |[0m 
[36mclient_010_1  |[0m 2026-01-27 19:52:06,245 - __main__ - INFO - Update submitted for Round 18. Waiting...
[32mclient_002_1  |[0m 2026-01-27 19:52:06,640 - __main__ - INFO - --- New Round Detected: 18 ---
[33mserver_1      |[0m INFO:werkzeug:172.18.0.21 - - [27/Jan/2026 19:52:06] "GET /download_model?round=18 HTTP/1.1" 200 -
[35mclient_003_1  |[0m 2026-01-27 19:52:07,580 - __main__ - INFO - --- New Round Detected: 18 ---
[33mserver_1      |[0m INFO:werkzeug:172.18.0.16 - - [27/Jan/2026 19:52:07] "GET /download_model?round=18 HTTP/1.1" 200 -
[33mserver_1      |[0m INFO:server.aggregator:--- [METRIC] Weight Divergence: 1.2068
[33mserver_1      |[0m INFO:server.aggregator:FedAvg aggregation complete.
[33mserver_1      |[0m INFO:__main__:Aggregation complete.
[33mserver_1      |[0m ⏱️ [TIME] Client client_007 finished training in 0.65s
[33mserver_1      |[0m ⏱️ [TIME] Client client_005 finished training in 3.85s
[33mserver_1      |[0m ⏱️ [TIME] Client client_006 finished training in 0.04s
[33mserver_1      |[0m ⏱️ [TIME] Client client_009 finished training in 7.37s
[33mserver_1      |[0m ⏱️ [TIME] Client client_008 finished training in 3.94s
[33mserver_1      |[0m DEBUG: ⚠️ MY CUSTOM AGGREGATOR IS RUNNING ⚠️
[33mclient_001_1  |[0m 2026-01-27 19:52:09,425 - __main__ - INFO - --- New Round Detected: 18 ---
[33mserver_1      |[0m INFO:werkzeug:172.18.0.18 - - [27/Jan/2026 19:52:09] "GET /download_model?round=18 HTTP/1.1" 200 -
[33mserver_1      |[0m INFO:__main__:--- Round 18 Acc: 36.05%, Loss: 1.7966 ---
[33mserver_1      |[0m INFO:__main__:--- Starting Round 19. Timeout: 300s ---
[33mserver_1      |[0m INFO:werkzeug:172.18.0.19 - - [27/Jan/2026 19:52:09] "POST /submit_update HTTP/1.1" 200 -
[35;1mclient_008_1  |[0m 2026-01-27 19:52:09,590 - __main__ - INFO - 🚀 Model update submitted successfully.
[35;1mclient_008_1  |[0m 2026-01-27 19:52:09,592 - __main__ - INFO - Update submitted for Round 18. Waiting...
[32mclient_002_1  |[0m 2026-01-27 19:52:09,595 - __main__ - INFO - Round 18 finished. Loss: 0.5587, Acc: 92.69%
[33mserver_1      |[0m INFO:__main__:Received update from client_002
[33mserver_1      |[0m INFO:werkzeug:172.18.0.21 - - [27/Jan/2026 19:52:09] "POST /submit_update HTTP/1.1" 200 -
[32mclient_002_1  |[0m 2026-01-27 19:52:09,730 - __main__ - INFO - 🚀 Model update submitted successfully.
[32mclient_002_1  |[0m 2026-01-27 19:52:09,730 - __main__ - INFO - Update submitted for Round 18. Waiting...
[32;1mclient_007_1  |[0m 2026-01-27 19:52:10,085 - __main__ - INFO - --- New Round Detected: 19 ---
[33mserver_1      |[0m INFO:werkzeug:172.18.0.22 - - [27/Jan/2026 19:52:10] "GET /download_model?round=19 HTTP/1.1" 200 -
[33mclient_001_1  |[0m 2026-01-27 19:52:10,356 - __main__ - INFO - Round 18 finished. Loss: 0.3898, Acc: 98.06%
[33mserver_1      |[0m INFO:__main__:Received update from client_001
[33mserver_1      |[0m INFO:werkzeug:172.18.0.18 - - [27/Jan/2026 19:52:10] "POST /submit_update HTTP/1.1" 200 -
[33mclient_001_1  |[0m 2026-01-27 19:52:10,495 - __main__ - INFO - 🚀 Model update submitted successfully.
[33mclient_001_1  |[0m 2026-01-27 19:52:10,495 - __main__ - INFO - Update submitted for Round 18. Waiting...
[32;1mclient_007_1  |[0m 2026-01-27 19:52:10,860 - __main__ - INFO - Round 19 finished. Loss: 1.1030, Acc: 66.48%
[33mserver_1      |[0m INFO:__main__:Received update from client_007
[33mserver_1      |[0m INFO:werkzeug:172.18.0.22 - - [27/Jan/2026 19:52:10] "POST /submit_update HTTP/1.1" 200 -
[32;1mclient_007_1  |[0m 2026-01-27 19:52:10,994 - __main__ - INFO - 🚀 Model update submitted successfully.
[32;1mclient_007_1  |[0m 2026-01-27 19:52:10,995 - __main__ - INFO - Update submitted for Round 19. Waiting...
[36;1mclient_005_1  |[0m 2026-01-27 19:52:11,151 - __main__ - INFO - --- New Round Detected: 19 ---
[33mserver_1      |[0m INFO:werkzeug:172.18.0.12 - - [27/Jan/2026 19:52:11] "GET /download_model?round=19 HTTP/1.1" 200 -
[34mclient_004_1  |[0m 2026-01-27 19:52:12,207 - __main__ - INFO - Round 17 finished. Loss: 1.1024, Acc: 76.02%
[33;1mclient_006_1  |[0m 2026-01-27 19:52:12,242 - __main__ - INFO - --- New Round Detected: 19 ---
[33mserver_1      |[0m INFO:werkzeug:172.18.0.20 - - [27/Jan/2026 19:52:12] "GET /download_model?round=19 HTTP/1.1" 200 -
[33mserver_1      |[0m INFO:__main__:Received update from client_004
[33mserver_1      |[0m INFO:werkzeug:172.18.0.17 - - [27/Jan/2026 19:52:12] "POST /submit_update HTTP/1.1" 200 -
[34mclient_004_1  |[0m 2026-01-27 19:52:12,350 - __main__ - INFO - 🚀 Model update submitted successfully.
[34mclient_004_1  |[0m 2026-01-27 19:52:12,350 - __main__ - INFO - Update submitted for Round 17. Waiting...
[33;1mclient_006_1  |[0m 2026-01-27 19:52:12,417 - __main__ - INFO - Round 19 finished. Loss: 0.9595, Acc: 78.57%
[33mserver_1      |[0m INFO:__main__:Received update from client_006
[33mserver_1      |[0m INFO:__main__:--- Aggregating 5 updates ---
[33mserver_1      |[0m INFO:__main__:⚡ Using Custom Aggregator with Drift Metric...
[33mserver_1      |[0m INFO:server.aggregator:Starting FedAvg aggregation for 5 clients.
[33mserver_1      |[0m INFO:server.aggregator:--- [METRIC] Weight Divergence: 1.4354
[33mserver_1      |[0m INFO:server.aggregator:FedAvg aggregation complete.
[33mserver_1      |[0m INFO:__main__:Aggregation complete.
[33mserver_1      |[0m ⏱️ [TIME] Client client_002 finished training in 2.78s
[33mserver_1      |[0m ⏱️ [TIME] Client client_001 finished training in 0.75s
[33mserver_1      |[0m ⏱️ [TIME] Client client_007 finished training in 0.62s
[33mserver_1      |[0m ⏱️ [TIME] Client client_004 finished training in 12.77s
[33mserver_1      |[0m ⏱️ [TIME] Client client_006 finished training in 0.04s
[33mserver_1      |[0m DEBUG: ⚠️ MY CUSTOM AGGREGATOR IS RUNNING ⚠️
[34;1mclient_009_1  |[0m 2026-01-27 19:52:15,969 - __main__ - INFO - --- New Round Detected: 19 ---
[33mserver_1      |[0m INFO:werkzeug:172.18.0.7 - - [27/Jan/2026 19:52:15] "GET /download_model?round=19 HTTP/1.1" 200 -
[36mclient_010_1  |[0m 2026-01-27 19:52:16,320 - __main__ - INFO - --- New Round Detected: 19 ---
[33mserver_1      |[0m INFO:werkzeug:172.18.0.11 - - [27/Jan/2026 19:52:16] "GET /download_model?round=19 HTTP/1.1" 200 -
[33mserver_1      |[0m INFO:__main__:--- Round 19 Acc: 37.53%, Loss: 1.9054 ---
[33mserver_1      |[0m INFO:__main__:--- Starting Round 20. Timeout: 300s ---
[33mserver_1      |[0m INFO:werkzeug:172.18.0.20 - - [27/Jan/2026 19:52:16] "POST /submit_update HTTP/1.1" 200 -
[33;1mclient_006_1  |[0m 2026-01-27 19:52:16,520 - __main__ - INFO - 🚀 Model update submitted successfully.
[33;1mclient_006_1  |[0m 2026-01-27 19:52:16,520 - __main__ - INFO - Update submitted for Round 19. Waiting...
[36;1mclient_005_1  |[0m 2026-01-27 19:52:17,693 - __main__ - INFO - Round 19 finished. Loss: 0.4196, Acc: 93.78%
[33mserver_1      |[0m INFO:__main__:Received update from client_005
[33mserver_1      |[0m INFO:werkzeug:172.18.0.12 - - [27/Jan/2026 19:52:17] "POST /submit_update HTTP/1.1" 200 -
[36;1mclient_005_1  |[0m 2026-01-27 19:52:17,834 - __main__ - INFO - 🚀 Model update submitted successfully.
[36;1mclient_005_1  |[0m 2026-01-27 19:52:17,834 - __main__ - INFO - Update submitted for Round 19. Waiting...
[36mclient_010_1  |[0m 2026-01-27 19:52:18,167 - __main__ - INFO - Round 19 finished. Loss: 0.2792, Acc: 97.91%
[33mserver_1      |[0m INFO:__main__:Received update from client_010
[33mserver_1      |[0m INFO:werkzeug:172.18.0.11 - - [27/Jan/2026 19:52:18] "POST /submit_update HTTP/1.1" 200 -
[36mclient_010_1  |[0m 2026-01-27 19:52:18,301 - __main__ - INFO - 🚀 Model update submitted successfully.
[36mclient_010_1  |[0m 2026-01-27 19:52:18,301 - __main__ - INFO - Update submitted for Round 19. Waiting...
[35;1mclient_008_1  |[0m 2026-01-27 19:52:19,710 - __main__ - INFO - --- New Round Detected: 20 ---
[33mserver_1      |[0m INFO:werkzeug:172.18.0.19 - - [27/Jan/2026 19:52:19] "GET /download_model?round=20 HTTP/1.1" 200 -
[32mclient_002_1  |[0m 2026-01-27 19:52:19,794 - __main__ - INFO - --- New Round Detected: 20 ---
[33mserver_1      |[0m INFO:werkzeug:172.18.0.21 - - [27/Jan/2026 19:52:19] "GET /download_model?round=20 HTTP/1.1" 200 -
[33mclient_001_1  |[0m 2026-01-27 19:52:20,558 - __main__ - INFO - --- New Round Detected: 20 ---
[33mserver_1      |[0m INFO:werkzeug:172.18.0.18 - - [27/Jan/2026 19:52:20] "GET /download_model?round=20 HTTP/1.1" 200 -
[32;1mclient_007_1  |[0m 2026-01-27 19:52:21,057 - __main__ - INFO - --- New Round Detected: 20 ---
[33mserver_1      |[0m INFO:werkzeug:172.18.0.22 - - [27/Jan/2026 19:52:21] "GET /download_model?round=20 HTTP/1.1" 200 -
[33mclient_001_1  |[0m 2026-01-27 19:52:21,272 - __main__ - INFO - Round 20 finished. Loss: 0.3526, Acc: 98.38%
[33mserver_1      |[0m INFO:__main__:Received update from client_001
[33mserver_1      |[0m INFO:werkzeug:172.18.0.18 - - [27/Jan/2026 19:52:21] "POST /submit_update HTTP/1.1" 200 -
[33mclient_001_1  |[0m 2026-01-27 19:52:21,407 - __main__ - INFO - 🚀 Model update submitted successfully.
[33mclient_001_1  |[0m 2026-01-27 19:52:21,407 - __main__ - INFO - Update submitted for Round 20. Waiting...
[32;1mclient_007_1  |[0m 2026-01-27 19:52:22,320 - __main__ - INFO - Round 20 finished. Loss: 1.0157, Acc: 65.57%
[34mclient_004_1  |[0m 2026-01-27 19:52:22,413 - __main__ - INFO - --- New Round Detected: 20 ---
[33mserver_1      |[0m INFO:__main__:Received update from client_007
[33mserver_1      |[0m INFO:werkzeug:172.18.0.22 - - [27/Jan/2026 19:52:22] "POST /submit_update HTTP/1.1" 200 -
[33mserver_1      |[0m INFO:werkzeug:172.18.0.17 - - [27/Jan/2026 19:52:22] "GET /download_model?round=20 HTTP/1.1" 200 -
[32;1mclient_007_1  |[0m 2026-01-27 19:52:22,456 - __main__ - INFO - 🚀 Model update submitted successfully.
[32;1mclient_007_1  |[0m 2026-01-27 19:52:22,456 - __main__ - INFO - Update submitted for Round 20. Waiting...
[34;1mclient_009_1  |[0m 2026-01-27 19:52:23,484 - __main__ - INFO - Round 19 finished. Loss: 0.8781, Acc: 71.18%
[33mserver_1      |[0m INFO:__main__:Received update from client_009
[33mserver_1      |[0m INFO:__main__:--- Aggregating 5 updates ---
[33mserver_1      |[0m INFO:__main__:⚡ Using Custom Aggregator with Drift Metric...
[33mserver_1      |[0m INFO:server.aggregator:Starting FedAvg aggregation for 5 clients.
[32mclient_002_1  |[0m 2026-01-27 19:52:23,610 - __main__ - INFO - Round 20 finished. Loss: 0.5388, Acc: 91.01%
[33mserver_1      |[0m INFO:werkzeug:172.18.0.21 - - [27/Jan/2026 19:52:23] "[31m[1mPOST /submit_update HTTP/1.1[0m" 400 -
[32mclient_002_1  |[0m 2026-01-27 19:52:23,676 - __main__ - ERROR - Update submission failed: {"error":"Not accepting updates"}
[32mclient_002_1  |[0m 
[32mclient_002_1  |[0m 2026-01-27 19:52:23,676 - __main__ - INFO - Update submitted for Round 20. Waiting...
[35;1mclient_008_1  |[0m 2026-01-27 19:52:23,706 - __main__ - INFO - Round 20 finished. Loss: 0.5344, Acc: 97.93%
[33mserver_1      |[0m INFO:werkzeug:172.18.0.19 - - [27/Jan/2026 19:52:23] "[31m[1mPOST /submit_update HTTP/1.1[0m" 400 -
[35;1mclient_008_1  |[0m 2026-01-27 19:52:23,770 - __main__ - ERROR - Update submission failed: {"error":"Not accepting updates"}
[35;1mclient_008_1  |[0m 
[35;1mclient_008_1  |[0m 2026-01-27 19:52:23,770 - __main__ - INFO - Update submitted for Round 20. Waiting...
[33mserver_1      |[0m INFO:server.aggregator:--- [METRIC] Weight Divergence: 1.3332
[33mserver_1      |[0m INFO:server.aggregator:FedAvg aggregation complete.
[33mserver_1      |[0m INFO:__main__:Aggregation complete.
[33mserver_1      |[0m ⏱️ [TIME] Client client_005 finished training in 6.41s
[33mserver_1      |[0m ⏱️ [TIME] Client client_010 finished training in 1.71s
[33mserver_1      |[0m ⏱️ [TIME] Client client_001 finished training in 0.57s
[33mserver_1      |[0m ⏱️ [TIME] Client client_007 finished training in 1.10s
[33mserver_1      |[0m ⏱️ [TIME] Client client_009 finished training in 7.38s
[33mserver_1      |[0m DEBUG: ⚠️ MY CUSTOM AGGREGATOR IS RUNNING ⚠️
[33;1mclient_006_1  |[0m 2026-01-27 19:52:26,589 - __main__ - INFO - --- New Round Detected: 20 ---
[33mserver_1      |[0m INFO:werkzeug:172.18.0.20 - - [27/Jan/2026 19:52:26] "GET /download_model?round=20 HTTP/1.1" 200 -
[33;1mclient_006_1  |[0m 2026-01-27 19:52:26,775 - __main__ - INFO - Round 20 finished. Loss: 1.0249, Acc: 71.43%
[33mserver_1      |[0m INFO:werkzeug:172.18.0.20 - - [27/Jan/2026 19:52:26] "[31m[1mPOST /submit_update HTTP/1.1[0m" 400 -
[33;1mclient_006_1  |[0m 2026-01-27 19:52:26,842 - __main__ - ERROR - Update submission failed: {"error":"Not accepting updates"}
[33;1mclient_006_1  |[0m 
[33;1mclient_006_1  |[0m 2026-01-27 19:52:26,842 - __main__ - INFO - Update submitted for Round 20. Waiting...
[33mserver_1      |[0m INFO:__main__:--- Round 20 Acc: 34.97%, Loss: 1.8581 ---
[33mserver_1      |[0m INFO:__main__:--- Starting Round 21. Timeout: 300s ---
[33mserver_1      |[0m INFO:werkzeug:172.18.0.7 - - [27/Jan/2026 19:52:27] "POST /submit_update HTTP/1.1" 200 -
[34;1mclient_009_1  |[0m 2026-01-27 19:52:27,735 - __main__ - INFO - 🚀 Model update submitted successfully.
[34;1mclient_009_1  |[0m 2026-01-27 19:52:27,736 - __main__ - INFO - Update submitted for Round 19. Waiting...
[36;1mclient_005_1  |[0m 2026-01-27 19:52:27,900 - __main__ - INFO - --- New Round Detected: 21 ---
[33mserver_1      |[0m INFO:werkzeug:172.18.0.12 - - [27/Jan/2026 19:52:27] "GET /download_model?round=21 HTTP/1.1" 200 -
[36mclient_010_1  |[0m 2026-01-27 19:52:28,387 - __main__ - INFO - --- New Round Detected: 21 ---
[33mserver_1      |[0m INFO:werkzeug:172.18.0.11 - - [27/Jan/2026 19:52:28] "GET /download_model?round=21 HTTP/1.1" 200 -
[36mclient_010_1  |[0m 2026-01-27 19:52:30,225 - __main__ - INFO - Round 21 finished. Loss: 0.2606, Acc: 98.03%
[33mserver_1      |[0m INFO:__main__:Received update from client_010
[33mserver_1      |[0m INFO:werkzeug:172.18.0.11 - - [27/Jan/2026 19:52:30] "POST /submit_update HTTP/1.1" 200 -
[36mclient_010_1  |[0m 2026-01-27 19:52:30,381 - __main__ - INFO - 🚀 Model update submitted successfully.
[36mclient_010_1  |[0m 2026-01-27 19:52:30,381 - __main__ - INFO - Update submitted for Round 21. Waiting...
[35mclient_003_1  |[0m 2026-01-27 19:52:30,575 - __main__ - INFO - Round 18 finished. Loss: 0.9201, Acc: 74.41%
[33mserver_1      |[0m INFO:__main__:Received update from client_003
[33mserver_1      |[0m INFO:werkzeug:172.18.0.16 - - [27/Jan/2026 19:52:30] "POST /submit_update HTTP/1.1" 200 -
[35mclient_003_1  |[0m 2026-01-27 19:52:30,709 - __main__ - INFO - 🚀 Model update submitted successfully.
[35mclient_003_1  |[0m 2026-01-27 19:52:30,709 - __main__ - INFO - Update submitted for Round 18. Waiting...
[33mclient_001_1  |[0m 2026-01-27 19:52:31,545 - __main__ - INFO - --- New Round Detected: 21 ---
[33mserver_1      |[0m INFO:werkzeug:172.18.0.18 - - [27/Jan/2026 19:52:31] "GET /download_model?round=21 HTTP/1.1" 200 -
[33mclient_001_1  |[0m 2026-01-27 19:52:32,368 - __main__ - INFO - Round 21 finished. Loss: 0.2474, Acc: 99.35%
[33mserver_1      |[0m INFO:__main__:Received update from client_001
[33mserver_1      |[0m INFO:werkzeug:172.18.0.18 - - [27/Jan/2026 19:52:32] "POST /submit_update HTTP/1.1" 200 -
[33mclient_001_1  |[0m 2026-01-27 19:52:32,503 - __main__ - INFO - 🚀 Model update submitted successfully.
[33mclient_001_1  |[0m 2026-01-27 19:52:32,503 - __main__ - INFO - Update submitted for Round 21. Waiting...
[32;1mclient_007_1  |[0m 2026-01-27 19:52:32,524 - __main__ - INFO - --- New Round Detected: 21 ---
[33mserver_1      |[0m INFO:werkzeug:172.18.0.22 - - [27/Jan/2026 19:52:32] "GET /download_model?round=21 HTTP/1.1" 200 -
[32;1mclient_007_1  |[0m 2026-01-27 19:52:33,574 - __main__ - INFO - Round 21 finished. Loss: 1.0759, Acc: 65.57%
[33mserver_1      |[0m INFO:__main__:Received update from client_007
[33mserver_1      |[0m INFO:werkzeug:172.18.0.22 - - [27/Jan/2026 19:52:33] "POST /submit_update HTTP/1.1" 200 -
[34mclient_004_1  |[0m 2026-01-27 19:52:33,691 - __main__ - INFO - Round 20 finished. Loss: 0.7568, Acc: 77.85%
[32;1mclient_007_1  |[0m 2026-01-27 19:52:33,708 - __main__ - INFO - 🚀 Model update submitted successfully.
[32;1mclient_007_1  |[0m 2026-01-27 19:52:33,708 - __main__ - INFO - Update submitted for Round 21. Waiting...
[32mclient_002_1  |[0m 2026-01-27 19:52:33,750 - __main__ - INFO - --- New Round Detected: 21 ---
[33mserver_1      |[0m INFO:werkzeug:172.18.0.21 - - [27/Jan/2026 19:52:33] "GET /download_model?round=21 HTTP/1.1" 200 -
[33mserver_1      |[0m INFO:__main__:Received update from client_004
[33mserver_1      |[0m INFO:__main__:--- Aggregating 5 updates ---
[33mserver_1      |[0m INFO:__main__:⚡ Using Custom Aggregator with Drift Metric...
[33mserver_1      |[0m INFO:server.aggregator:Starting FedAvg aggregation for 5 clients.
[35;1mclient_008_1  |[0m 2026-01-27 19:52:33,834 - __main__ - INFO - --- New Round Detected: 21 ---
[33mserver_1      |[0m INFO:werkzeug:172.18.0.19 - - [27/Jan/2026 19:52:33] "GET /download_model?round=21 HTTP/1.1" 200 -
[36;1mclient_005_1  |[0m 2026-01-27 19:52:34,587 - __main__ - INFO - Round 21 finished. Loss: 0.4458, Acc: 94.44%
[33mserver_1      |[0m INFO:werkzeug:172.18.0.12 - - [27/Jan/2026 19:52:34] "[31m[1mPOST /submit_update HTTP/1.1[0m" 400 -
[36;1mclient_005_1  |[0m 2026-01-27 19:52:34,654 - __main__ - ERROR - Update submission failed: {"error":"Not accepting updates"}
[36;1mclient_005_1  |[0m 
[36;1mclient_005_1  |[0m 2026-01-27 19:52:34,654 - __main__ - INFO - Update submitted for Round 21. Waiting...
[33mserver_1      |[0m INFO:server.aggregator:--- [METRIC] Weight Divergence: 2.2352
[33mserver_1      |[0m INFO:server.aggregator:FedAvg aggregation complete.
[33mserver_1      |[0m INFO:__main__:Aggregation complete.
[33mserver_1      |[0m ⏱️ [TIME] Client client_010 finished training in 1.69s
[33mserver_1      |[0m ⏱️ [TIME] Client client_003 finished training in 22.62s
[33mserver_1      |[0m ⏱️ [TIME] Client client_001 finished training in 0.69s
[33mserver_1      |[0m ⏱️ [TIME] Client client_007 finished training in 0.91s
[33mserver_1      |[0m ⏱️ [TIME] Client client_004 finished training in 11.14s
[33mserver_1      |[0m DEBUG: ⚠️ MY CUSTOM AGGREGATOR IS RUNNING ⚠️
[32mclient_002_1  |[0m 2026-01-27 19:52:36,201 - __main__ - INFO - Round 21 finished. Loss: 0.4407, Acc: 92.29%
[33mserver_1      |[0m INFO:werkzeug:172.18.0.21 - - [27/Jan/2026 19:52:36] "[31m[1mPOST /submit_update HTTP/1.1[0m" 400 -
[32mclient_002_1  |[0m 2026-01-27 19:52:36,265 - __main__ - ERROR - Update submission failed: {"error":"Not accepting updates"}
[32mclient_002_1  |[0m 
[32mclient_002_1  |[0m 2026-01-27 19:52:36,265 - __main__ - INFO - Update submitted for Round 21. Waiting...
[33;1mclient_006_1  |[0m 2026-01-27 19:52:36,906 - __main__ - INFO - --- New Round Detected: 21 ---
[33mserver_1      |[0m INFO:werkzeug:172.18.0.20 - - [27/Jan/2026 19:52:36] "GET /download_model?round=21 HTTP/1.1" 200 -
[33;1mclient_006_1  |[0m 2026-01-27 19:52:37,099 - __main__ - INFO - Round 21 finished. Loss: 0.8496, Acc: 78.57%
[33mserver_1      |[0m INFO:werkzeug:172.18.0.20 - - [27/Jan/2026 19:52:37] "[31m[1mPOST /submit_update HTTP/1.1[0m" 400 -
[33;1mclient_006_1  |[0m 2026-01-27 19:52:37,167 - __main__ - ERROR - Update submission failed: {"error":"Not accepting updates"}
[33;1mclient_006_1  |[0m 
[33;1mclient_006_1  |[0m 2026-01-27 19:52:37,167 - __main__ - INFO - Update submitted for Round 21. Waiting...
[33mserver_1      |[0m INFO:__main__:--- Round 21 Acc: 42.13%, Loss: 1.6272 ---
[33mserver_1      |[0m INFO:__main__:--- Starting Round 22. Timeout: 300s ---
[33mserver_1      |[0m INFO:werkzeug:172.18.0.17 - - [27/Jan/2026 19:52:37] "POST /submit_update HTTP/1.1" 200 -
[34mclient_004_1  |[0m 2026-01-27 19:52:37,265 - __main__ - INFO - 🚀 Model update submitted successfully.
[34mclient_004_1  |[0m 2026-01-27 19:52:37,265 - __main__ - INFO - Update submitted for Round 20. Waiting...
[35;1mclient_008_1  |[0m 2026-01-27 19:52:37,592 - __main__ - INFO - Round 21 finished. Loss: 0.4046, Acc: 97.39%
[33mserver_1      |[0m INFO:__main__:Received update from client_008
[33mserver_1      |[0m INFO:werkzeug:172.18.0.19 - - [27/Jan/2026 19:52:37] "POST /submit_update HTTP/1.1" 200 -
[35;1mclient_008_1  |[0m 2026-01-27 19:52:37,727 - __main__ - INFO - 🚀 Model update submitted successfully.
[35;1mclient_008_1  |[0m 2026-01-27 19:52:37,728 - __main__ - INFO - Update submitted for Round 21. Waiting...
[34;1mclient_009_1  |[0m 2026-01-27 19:52:37,798 - __main__ - INFO - --- New Round Detected: 22 ---
[33mserver_1      |[0m INFO:werkzeug:172.18.0.7 - - [27/Jan/2026 19:52:37] "GET /download_model?round=22 HTTP/1.1" 200 -
[36mclient_010_1  |[0m 2026-01-27 19:52:40,444 - __main__ - INFO - --- New Round Detected: 22 ---
[33mserver_1      |[0m INFO:werkzeug:172.18.0.11 - - [27/Jan/2026 19:52:40] "GET /download_model?round=22 HTTP/1.1" 200 -
[35mclient_003_1  |[0m 2026-01-27 19:52:40,779 - __main__ - INFO - --- New Round Detected: 22 ---
[33mserver_1      |[0m INFO:werkzeug:172.18.0.16 - - [27/Jan/2026 19:52:40] "GET /download_model?round=22 HTTP/1.1" 200 -
[36mclient_010_1  |[0m 2026-01-27 19:52:42,190 - __main__ - INFO - Round 22 finished. Loss: 0.4973, Acc: 98.03%
[33mserver_1      |[0m INFO:__main__:Received update from client_010
[33mserver_1      |[0m INFO:werkzeug:172.18.0.11 - - [27/Jan/2026 19:52:42] "POST /submit_update HTTP/1.1" 200 -
[36mclient_010_1  |[0m 2026-01-27 19:52:42,332 - __main__ - INFO - 🚀 Model update submitted successfully.
[36mclient_010_1  |[0m 2026-01-27 19:52:42,332 - __main__ - INFO - Update submitted for Round 22. Waiting...
[33mclient_001_1  |[0m 2026-01-27 19:52:42,575 - __main__ - INFO - --- New Round Detected: 22 ---
[33mserver_1      |[0m INFO:werkzeug:172.18.0.18 - - [27/Jan/2026 19:52:42] "GET /download_model?round=22 HTTP/1.1" 200 -
[33mclient_001_1  |[0m 2026-01-27 19:52:43,542 - __main__ - INFO - Round 22 finished. Loss: 0.4793, Acc: 98.71%
[33mserver_1      |[0m INFO:__main__:Received update from client_001
[33mserver_1      |[0m INFO:werkzeug:172.18.0.18 - - [27/Jan/2026 19:52:43] "POST /submit_update HTTP/1.1" 200 -
[33mclient_001_1  |[0m 2026-01-27 19:52:43,676 - __main__ - INFO - 🚀 Model update submitted successfully.
[33mclient_001_1  |[0m 2026-01-27 19:52:43,676 - __main__ - INFO - Update submitted for Round 22. Waiting...
[32;1mclient_007_1  |[0m 2026-01-27 19:52:43,775 - __main__ - INFO - --- New Round Detected: 22 ---
[33mserver_1      |[0m INFO:werkzeug:172.18.0.22 - - [27/Jan/2026 19:52:43] "GET /download_model?round=22 HTTP/1.1" 200 -
[36;1mclient_005_1  |[0m 2026-01-27 19:52:44,718 - __main__ - INFO - --- New Round Detected: 22 ---
[33mserver_1      |[0m INFO:werkzeug:172.18.0.12 - - [27/Jan/2026 19:52:44] "GET /download_model?round=22 HTTP/1.1" 200 -
[32;1mclient_007_1  |[0m 2026-01-27 19:52:44,825 - __main__ - INFO - Round 22 finished. Loss: 0.9953, Acc: 71.06%
[33mserver_1      |[0m INFO:__main__:Received update from client_007
[33mserver_1      |[0m INFO:werkzeug:172.18.0.22 - - [27/Jan/2026 19:52:44] "POST /submit_update HTTP/1.1" 200 -
[32;1mclient_007_1  |[0m 2026-01-27 19:52:44,962 - __main__ - INFO - 🚀 Model update submitted successfully.
[32;1mclient_007_1  |[0m 2026-01-27 19:52:44,962 - __main__ - INFO - Update submitted for Round 22. Waiting...
[34;1mclient_009_1  |[0m 2026-01-27 19:52:45,043 - __main__ - INFO - Round 22 finished. Loss: 1.0011, Acc: 70.51%
[33mserver_1      |[0m INFO:__main__:Received update from client_009
[33mserver_1      |[0m INFO:__main__:--- Aggregating 5 updates ---
[33mserver_1      |[0m INFO:__main__:⚡ Using Custom Aggregator with Drift Metric...
[33mserver_1      |[0m INFO:server.aggregator:Starting FedAvg aggregation for 5 clients.
[32mclient_002_1  |[0m 2026-01-27 19:52:46,328 - __main__ - INFO - --- New Round Detected: 22 ---
[33mserver_1      |[0m INFO:werkzeug:172.18.0.21 - - [27/Jan/2026 19:52:46] "GET /download_model?round=22 HTTP/1.1" 200 -
[33;1mclient_006_1  |[0m 2026-01-27 19:52:47,244 - __main__ - INFO - --- New Round Detected: 22 ---
[33mserver_1      |[0m INFO:werkzeug:172.18.0.20 - - [27/Jan/2026 19:52:47] "GET /download_model?round=22 HTTP/1.1" 200 -
[34mclient_004_1  |[0m 2026-01-27 19:52:47,327 - __main__ - INFO - --- New Round Detected: 22 ---
[33mserver_1      |[0m INFO:werkzeug:172.18.0.17 - - [27/Jan/2026 19:52:47] "GET /download_model?round=22 HTTP/1.1" 200 -
[33;1mclient_006_1  |[0m 2026-01-27 19:52:47,449 - __main__ - INFO - Round 22 finished. Loss: 0.8145, Acc: 78.57%
[33mserver_1      |[0m INFO:werkzeug:172.18.0.20 - - [27/Jan/2026 19:52:47] "[31m[1mPOST /submit_update HTTP/1.1[0m" 400 -
[33;1mclient_006_1  |[0m 2026-01-27 19:52:47,513 - __main__ - ERROR - Update submission failed: {"error":"Not accepting updates"}
[33;1mclient_006_1  |[0m 
[33;1mclient_006_1  |[0m 2026-01-27 19:52:47,514 - __main__ - INFO - Update submitted for Round 22. Waiting...
[35;1mclient_008_1  |[0m 2026-01-27 19:52:47,829 - __main__ - INFO - --- New Round Detected: 22 ---
[33mserver_1      |[0m INFO:werkzeug:172.18.0.19 - - [27/Jan/2026 19:52:47] "GET /download_model?round=22 HTTP/1.1" 200 -
[33mserver_1      |[0m INFO:server.aggregator:--- [METRIC] Weight Divergence: 1.3781
[33mserver_1      |[0m INFO:server.aggregator:FedAvg aggregation complete.
[33mserver_1      |[0m INFO:__main__:Aggregation complete.
[33mserver_1      |[0m ⏱️ [TIME] Client client_008 finished training in 3.63s
[33mserver_1      |[0m ⏱️ [TIME] Client client_010 finished training in 1.61s
[33mserver_1      |[0m ⏱️ [TIME] Client client_001 finished training in 0.83s
[33mserver_1      |[0m ⏱️ [TIME] Client client_007 finished training in 0.92s
[33mserver_1      |[0m ⏱️ [TIME] Client client_009 finished training in 7.11s
[33mserver_1      |[0m DEBUG: ⚠️ MY CUSTOM AGGREGATOR IS RUNNING ⚠️
[32mclient_002_1  |[0m 2026-01-27 19:52:48,693 - __main__ - INFO - Round 22 finished. Loss: 0.6496, Acc: 92.39%
[33mserver_1      |[0m INFO:werkzeug:172.18.0.21 - - [27/Jan/2026 19:52:48] "[31m[1mPOST /submit_update HTTP/1.1[0m" 400 -
[32mclient_002_1  |[0m 2026-01-27 19:52:48,772 - __main__ - ERROR - Update submission failed: {"error":"Not accepting updates"}
[32mclient_002_1  |[0m 
[32mclient_002_1  |[0m 2026-01-27 19:52:48,772 - __main__ - INFO - Update submitted for Round 22. Waiting...
[33mserver_1      |[0m INFO:__main__:--- Round 22 Acc: 32.40%, Loss: 1.8638 ---
[33mserver_1      |[0m INFO:__main__:--- Starting Round 23. Timeout: 300s ---
[33mserver_1      |[0m INFO:werkzeug:172.18.0.7 - - [27/Jan/2026 19:52:49] "POST /submit_update HTTP/1.1" 200 -
[34;1mclient_009_1  |[0m 2026-01-27 19:52:49,781 - __main__ - INFO - 🚀 Model update submitted successfully.
[34;1mclient_009_1  |[0m 2026-01-27 19:52:49,781 - __main__ - INFO - Update submitted for Round 22. Waiting...
[36;1mclient_005_1  |[0m 2026-01-27 19:52:51,077 - __main__ - INFO - Round 22 finished. Loss: 0.4905, Acc: 94.10%
[33mserver_1      |[0m INFO:__main__:Received update from client_005
[33mserver_1      |[0m INFO:werkzeug:172.18.0.12 - - [27/Jan/2026 19:52:51] "POST /submit_update HTTP/1.1" 200 -
[36;1mclient_005_1  |[0m 2026-01-27 19:52:51,213 - __main__ - INFO - 🚀 Model update submitted successfully.
[36;1mclient_005_1  |[0m 2026-01-27 19:52:51,213 - __main__ - INFO - Update submitted for Round 22. Waiting...
[35;1mclient_008_1  |[0m 2026-01-27 19:52:52,032 - __main__ - INFO - Round 22 finished. Loss: 0.3601, Acc: 97.73%
[33mserver_1      |[0m INFO:__main__:Received update from client_008
[33mserver_1      |[0m INFO:werkzeug:172.18.0.19 - - [27/Jan/2026 19:52:52] "POST /submit_update HTTP/1.1" 200 -
[35;1mclient_008_1  |[0m 2026-01-27 19:52:52,166 - __main__ - INFO - 🚀 Model update submitted successfully.
[35;1mclient_008_1  |[0m 2026-01-27 19:52:52,166 - __main__ - INFO - Update submitted for Round 22. Waiting...
[36mclient_010_1  |[0m 2026-01-27 19:52:52,395 - __main__ - INFO - --- New Round Detected: 23 ---
[33mserver_1      |[0m INFO:werkzeug:172.18.0.11 - - [27/Jan/2026 19:52:52] "GET /download_model?round=23 HTTP/1.1" 200 -
[36mclient_010_1  |[0m 2026-01-27 19:52:53,672 - __main__ - INFO - Round 23 finished. Loss: 0.2195, Acc: 98.40%
[33mclient_001_1  |[0m 2026-01-27 19:52:53,768 - __main__ - INFO - --- New Round Detected: 23 ---
[33mserver_1      |[0m INFO:__main__:Received update from client_010
[33mserver_1      |[0m INFO:werkzeug:172.18.0.11 - - [27/Jan/2026 19:52:53] "POST /submit_update HTTP/1.1" 200 -
[33mserver_1      |[0m INFO:werkzeug:172.18.0.18 - - [27/Jan/2026 19:52:53] "GET /download_model?round=23 HTTP/1.1" 200 -
[36mclient_010_1  |[0m 2026-01-27 19:52:53,807 - __main__ - INFO - 🚀 Model update submitted successfully.
[36mclient_010_1  |[0m 2026-01-27 19:52:53,807 - __main__ - INFO - Update submitted for Round 23. Waiting...
[33mclient_001_1  |[0m 2026-01-27 19:52:54,573 - __main__ - INFO - Round 23 finished. Loss: 0.2129, Acc: 98.71%
[33mserver_1      |[0m INFO:__main__:Received update from client_001
[33mserver_1      |[0m INFO:werkzeug:172.18.0.18 - - [27/Jan/2026 19:52:54] "POST /submit_update HTTP/1.1" 200 -
[33mclient_001_1  |[0m 2026-01-27 19:52:54,707 - __main__ - INFO - 🚀 Model update submitted successfully.
[33mclient_001_1  |[0m 2026-01-27 19:52:54,707 - __main__ - INFO - Update submitted for Round 23. Waiting...
[32;1mclient_007_1  |[0m 2026-01-27 19:52:55,026 - __main__ - INFO - --- New Round Detected: 23 ---
[33mserver_1      |[0m INFO:werkzeug:172.18.0.22 - - [27/Jan/2026 19:52:55] "GET /download_model?round=23 HTTP/1.1" 200 -
[32;1mclient_007_1  |[0m 2026-01-27 19:52:56,300 - __main__ - INFO - Round 23 finished. Loss: 1.2184, Acc: 65.93%
[33mserver_1      |[0m INFO:__main__:Received update from client_007
[33mserver_1      |[0m INFO:__main__:--- Aggregating 5 updates ---
[33mserver_1      |[0m INFO:__main__:⚡ Using Custom Aggregator with Drift Metric...
[33mserver_1      |[0m INFO:server.aggregator:Starting FedAvg aggregation for 5 clients.
[33;1mclient_006_1  |[0m 2026-01-27 19:52:57,591 - __main__ - INFO - --- New Round Detected: 23 ---
[33mserver_1      |[0m INFO:werkzeug:172.18.0.20 - - [27/Jan/2026 19:52:57] "GET /download_model?round=23 HTTP/1.1" 200 -
[33;1mclient_006_1  |[0m 2026-01-27 19:52:57,795 - __main__ - INFO - Round 23 finished. Loss: 0.8001, Acc: 78.57%
[33mserver_1      |[0m INFO:werkzeug:172.18.0.20 - - [27/Jan/2026 19:52:57] "[31m[1mPOST /submit_update HTTP/1.1[0m" 400 -
[33;1mclient_006_1  |[0m 2026-01-27 19:52:57,863 - __main__ - ERROR - Update submission failed: {"error":"Not accepting updates"}
[33;1mclient_006_1  |[0m 
[33;1mclient_006_1  |[0m 2026-01-27 19:52:57,863 - __main__ - INFO - Update submitted for Round 23. Waiting...
[33mserver_1      |[0m INFO:server.aggregator:--- [METRIC] Weight Divergence: 1.0941
[33mserver_1      |[0m INFO:server.aggregator:FedAvg aggregation complete.
[33mserver_1      |[0m INFO:__main__:Aggregation complete.
[33mserver_1      |[0m ⏱️ [TIME] Client client_005 finished training in 6.22s
[33mserver_1      |[0m ⏱️ [TIME] Client client_008 finished training in 4.05s
[33mserver_1      |[0m ⏱️ [TIME] Client client_010 finished training in 1.09s
[33mserver_1      |[0m ⏱️ [TIME] Client client_001 finished training in 0.64s
[33mserver_1      |[0m ⏱️ [TIME] Client client_007 finished training in 1.14s
[33mserver_1      |[0m DEBUG: ⚠️ MY CUSTOM AGGREGATOR IS RUNNING ⚠️
[34mclient_004_1  |[0m 2026-01-27 19:52:58,765 - __main__ - INFO - Round 22 finished. Loss: 0.7832, Acc: 77.02%
[33mserver_1      |[0m INFO:werkzeug:172.18.0.17 - - [27/Jan/2026 19:52:58] "[31m[1mPOST /submit_update HTTP/1.1[0m" 400 -
[32mclient_002_1  |[0m 2026-01-27 19:52:58,867 - __main__ - INFO - --- New Round Detected: 23 ---
[34mclient_004_1  |[0m 2026-01-27 19:52:58,871 - __main__ - ERROR - Update submission failed: {"error":"Not accepting updates"}
[34mclient_004_1  |[0m 
[34mclient_004_1  |[0m 2026-01-27 19:52:58,871 - __main__ - INFO - Update submitted for Round 22. Waiting...
[33mserver_1      |[0m INFO:werkzeug:172.18.0.21 - - [27/Jan/2026 19:52:58] "GET /download_model?round=23 HTTP/1.1" 200 -
[33mserver_1      |[0m INFO:__main__:--- Round 23 Acc: 40.14%, Loss: 1.6682 ---
[33mserver_1      |[0m INFO:__main__:--- Starting Round 24. Timeout: 300s ---
[33mserver_1      |[0m INFO:werkzeug:172.18.0.22 - - [27/Jan/2026 19:52:59] "POST /submit_update HTTP/1.1" 200 -
[32;1mclient_007_1  |[0m 2026-01-27 19:52:59,637 - __main__ - INFO - 🚀 Model update submitted successfully.
[32;1mclient_007_1  |[0m 2026-01-27 19:52:59,637 - __main__ - INFO - Update submitted for Round 23. Waiting...
[34;1mclient_009_1  |[0m 2026-01-27 19:52:59,869 - __main__ - INFO - --- New Round Detected: 24 ---
[33mserver_1      |[0m INFO:werkzeug:172.18.0.7 - - [27/Jan/2026 19:52:59] "GET /download_model?round=24 HTTP/1.1" 200 -
[36;1mclient_005_1  |[0m 2026-01-27 19:53:01,297 - __main__ - INFO - --- New Round Detected: 24 ---
[33mserver_1      |[0m INFO:werkzeug:172.18.0.12 - - [27/Jan/2026 19:53:01] "GET /download_model?round=24 HTTP/1.1" 200 -
[32mclient_002_1  |[0m 2026-01-27 19:53:02,074 - __main__ - INFO - Round 23 finished. Loss: 0.4171, Acc: 92.79%
[33mserver_1      |[0m INFO:__main__:Received update from client_002
[33mserver_1      |[0m INFO:werkzeug:172.18.0.21 - - [27/Jan/2026 19:53:02] "POST /submit_update HTTP/1.1" 200 -
[32mclient_002_1  |[0m 2026-01-27 19:53:02,211 - __main__ - INFO - 🚀 Model update submitted successfully.
[32mclient_002_1  |[0m 2026-01-27 19:53:02,212 - __main__ - INFO - Update submitted for Round 23. Waiting...
[35;1mclient_008_1  |[0m 2026-01-27 19:53:02,228 - __main__ - INFO - --- New Round Detected: 24 ---
[33mserver_1      |[0m INFO:werkzeug:172.18.0.19 - - [27/Jan/2026 19:53:02] "GET /download_model?round=24 HTTP/1.1" 200 -
[36mclient_010_1  |[0m 2026-01-27 19:53:03,868 - __main__ - INFO - --- New Round Detected: 24 ---
[33mserver_1      |[0m INFO:werkzeug:172.18.0.11 - - [27/Jan/2026 19:53:03] "GET /download_model?round=24 HTTP/1.1" 200 -
[35;1mclient_008_1  |[0m 2026-01-27 19:53:04,710 - __main__ - INFO - Round 24 finished. Loss: 0.2988, Acc: 98.18%
[33mclient_001_1  |[0m 2026-01-27 19:53:04,770 - __main__ - INFO - --- New Round Detected: 24 ---
[33mserver_1      |[0m INFO:werkzeug:172.18.0.18 - - [27/Jan/2026 19:53:04] "GET /download_model?round=24 HTTP/1.1" 200 -
[33mserver_1      |[0m INFO:__main__:Received update from client_008
[33mserver_1      |[0m INFO:werkzeug:172.18.0.19 - - [27/Jan/2026 19:53:04] "POST /submit_update HTTP/1.1" 200 -
[35;1mclient_008_1  |[0m 2026-01-27 19:53:04,844 - __main__ - INFO - 🚀 Model update submitted successfully.
[35;1mclient_008_1  |[0m 2026-01-27 19:53:04,844 - __main__ - INFO - Update submitted for Round 24. Waiting...
[36mclient_010_1  |[0m 2026-01-27 19:53:04,903 - __main__ - INFO - Round 24 finished. Loss: 0.4394, Acc: 97.91%
[33mserver_1      |[0m INFO:__main__:Received update from client_010
[33mserver_1      |[0m INFO:werkzeug:172.18.0.11 - - [27/Jan/2026 19:53:05] "POST /submit_update HTTP/1.1" 200 -
[36mclient_010_1  |[0m 2026-01-27 19:53:05,037 - __main__ - INFO - 🚀 Model update submitted successfully.
[36mclient_010_1  |[0m 2026-01-27 19:53:05,037 - __main__ - INFO - Update submitted for Round 24. Waiting...
[33mclient_001_1  |[0m 2026-01-27 19:53:05,701 - __main__ - INFO - Round 24 finished. Loss: 0.4308, Acc: 98.71%
[33mserver_1      |[0m INFO:__main__:Received update from client_001
[33mserver_1      |[0m INFO:werkzeug:172.18.0.18 - - [27/Jan/2026 19:53:05] "POST /submit_update HTTP/1.1" 200 -
[33mclient_001_1  |[0m 2026-01-27 19:53:05,835 - __main__ - INFO - 🚀 Model update submitted successfully.
[33mclient_001_1  |[0m 2026-01-27 19:53:05,835 - __main__ - INFO - Update submitted for Round 24. Waiting...
[35mclient_003_1  |[0m 2026-01-27 19:53:06,066 - __main__ - INFO - Round 22 finished. Loss: 0.8448, Acc: 75.33%
[33mserver_1      |[0m INFO:__main__:Received update from client_003
[33mserver_1      |[0m INFO:__main__:--- Aggregating 5 updates ---
[33mserver_1      |[0m INFO:__main__:⚡ Using Custom Aggregator with Drift Metric...
[33mserver_1      |[0m INFO:server.aggregator:Starting FedAvg aggregation for 5 clients.
[36;1mclient_005_1  |[0m 2026-01-27 19:53:07,429 - __main__ - INFO - Round 24 finished. Loss: 0.3642, Acc: 94.56%
[34;1mclient_009_1  |[0m 2026-01-27 19:53:07,446 - __main__ - INFO - Round 24 finished. Loss: 0.9439, Acc: 72.18%
[33mserver_1      |[0m INFO:werkzeug:172.18.0.12 - - [27/Jan/2026 19:53:07] "[31m[1mPOST /submit_update HTTP/1.1[0m" 400 -
[33mserver_1      |[0m INFO:werkzeug:172.18.0.7 - - [27/Jan/2026 19:53:07] "[31m[1mPOST /submit_update HTTP/1.1[0m" 400 -
[36;1mclient_005_1  |[0m 2026-01-27 19:53:07,499 - __main__ - ERROR - Update submission failed: {"error":"Not accepting updates"}
[36;1mclient_005_1  |[0m 
[36;1mclient_005_1  |[0m 2026-01-27 19:53:07,499 - __main__ - INFO - Update submitted for Round 24. Waiting...
[34;1mclient_009_1  |[0m 2026-01-27 19:53:07,520 - __main__ - ERROR - Update submission failed: {"error":"Not accepting updates"}
[34;1mclient_009_1  |[0m 
[34;1mclient_009_1  |[0m 2026-01-27 19:53:07,520 - __main__ - INFO - Update submitted for Round 24. Waiting...
[33mserver_1      |[0m INFO:server.aggregator:--- [METRIC] Weight Divergence: 1.7132
[33mserver_1      |[0m INFO:server.aggregator:FedAvg aggregation complete.
[33mserver_1      |[0m INFO:__main__:Aggregation complete.
[33mserver_1      |[0m ⏱️ [TIME] Client client_002 finished training in 3.07s
[33mserver_1      |[0m ⏱️ [TIME] Client client_008 finished training in 2.35s
[33mserver_1      |[0m ⏱️ [TIME] Client client_010 finished training in 0.90s
[33mserver_1      |[0m ⏱️ [TIME] Client client_001 finished training in 0.80s
[33mserver_1      |[0m ⏱️ [TIME] Client client_003 finished training in 25.15s
[33mserver_1      |[0m DEBUG: ⚠️ MY CUSTOM AGGREGATOR IS RUNNING ⚠️
[33;1mclient_006_1  |[0m 2026-01-27 19:53:07,934 - __main__ - INFO - --- New Round Detected: 24 ---
[33mserver_1      |[0m INFO:werkzeug:172.18.0.20 - - [27/Jan/2026 19:53:07] "GET /download_model?round=24 HTTP/1.1" 200 -
[33;1mclient_006_1  |[0m 2026-01-27 19:53:08,145 - __main__ - INFO - Round 24 finished. Loss: 0.8414, Acc: 78.57%
[33mserver_1      |[0m INFO:werkzeug:172.18.0.20 - - [27/Jan/2026 19:53:08] "[31m[1mPOST /submit_update HTTP/1.1[0m" 400 -
[33;1mclient_006_1  |[0m 2026-01-27 19:53:08,219 - __main__ - ERROR - Update submission failed: {"error":"Not accepting updates"}
[33;1mclient_006_1  |[0m 
[33;1mclient_006_1  |[0m 2026-01-27 19:53:08,219 - __main__ - INFO - Update submitted for Round 24. Waiting...
[34mclient_004_1  |[0m 2026-01-27 19:53:08,934 - __main__ - INFO - --- New Round Detected: 24 ---
[33mserver_1      |[0m INFO:__main__:--- Round 24 Acc: 38.65%, Loss: 1.7468 ---
[33mserver_1      |[0m INFO:__main__:--- Starting Round 25. Timeout: 300s ---
[33mserver_1      |[0m INFO:werkzeug:172.18.0.16 - - [27/Jan/2026 19:53:08] "POST /submit_update HTTP/1.1" 200 -
[33mserver_1      |[0m INFO:werkzeug:172.18.0.17 - - [27/Jan/2026 19:53:08] "GET /download_model?round=24 HTTP/1.1" 200 -
[35mclient_003_1  |[0m 2026-01-27 19:53:08,974 - __main__ - INFO - 🚀 Model update submitted successfully.
[35mclient_003_1  |[0m 2026-01-27 19:53:08,974 - __main__ - INFO - Update submitted for Round 22. Waiting...
[32;1mclient_007_1  |[0m 2026-01-27 19:53:09,698 - __main__ - INFO - --- New Round Detected: 25 ---
[33mserver_1      |[0m INFO:werkzeug:172.18.0.22 - - [27/Jan/2026 19:53:09] "GET /download_model?round=25 HTTP/1.1" 200 -
[32;1mclient_007_1  |[0m 2026-01-27 19:53:10,509 - __main__ - INFO - Round 25 finished. Loss: 1.0209, Acc: 68.32%
[33mserver_1      |[0m INFO:__main__:Received update from client_007
[33mserver_1      |[0m INFO:werkzeug:172.18.0.22 - - [27/Jan/2026 19:53:10] "POST /submit_update HTTP/1.1" 200 -
[32;1mclient_007_1  |[0m 2026-01-27 19:53:10,649 - __main__ - INFO - 🚀 Model update submitted successfully.
[32;1mclient_007_1  |[0m 2026-01-27 19:53:10,649 - __main__ - INFO - Update submitted for Round 25. Waiting...
[32mclient_002_1  |[0m 2026-01-27 19:53:12,275 - __main__ - INFO - --- New Round Detected: 25 ---
[33mserver_1      |[0m INFO:werkzeug:172.18.0.21 - - [27/Jan/2026 19:53:12] "GET /download_model?round=25 HTTP/1.1" 200 -
[35;1mclient_008_1  |[0m 2026-01-27 19:53:14,907 - __main__ - INFO - --- New Round Detected: 25 ---
[33mserver_1      |[0m INFO:werkzeug:172.18.0.19 - - [27/Jan/2026 19:53:14] "GET /download_model?round=25 HTTP/1.1" 200 -
[32mclient_002_1  |[0m 2026-01-27 19:53:15,075 - __main__ - INFO - Round 25 finished. Loss: 0.6914, Acc: 92.19%
[36mclient_010_1  |[0m 2026-01-27 19:53:15,128 - __main__ - INFO - --- New Round Detected: 25 ---
[33mserver_1      |[0m INFO:werkzeug:172.18.0.11 - - [27/Jan/2026 19:53:15] "GET /download_model?round=25 HTTP/1.1" 200 -
[33mserver_1      |[0m INFO:__main__:Received update from client_002
[33mserver_1      |[0m INFO:werkzeug:172.18.0.21 - - [27/Jan/2026 19:53:15] "POST /submit_update HTTP/1.1" 200 -
[32mclient_002_1  |[0m 2026-01-27 19:53:15,213 - __main__ - INFO - 🚀 Model update submitted successfully.
[32mclient_002_1  |[0m 2026-01-27 19:53:15,213 - __main__ - INFO - Update submitted for Round 25. Waiting...
[33mclient_001_1  |[0m 2026-01-27 19:53:15,940 - __main__ - INFO - --- New Round Detected: 25 ---
[33mserver_1      |[0m INFO:werkzeug:172.18.0.18 - - [27/Jan/2026 19:53:15] "GET /download_model?round=25 HTTP/1.1" 200 -
[36mclient_010_1  |[0m 2026-01-27 19:53:17,040 - __main__ - INFO - Round 25 finished. Loss: 0.5123, Acc: 97.91%
[33mserver_1      |[0m INFO:__main__:Received update from client_010
[33mserver_1      |[0m INFO:werkzeug:172.18.0.11 - - [27/Jan/2026 19:53:17] "POST /submit_update HTTP/1.1" 200 -
[36mclient_010_1  |[0m 2026-01-27 19:53:17,197 - __main__ - INFO - 🚀 Model update submitted successfully.
[36mclient_010_1  |[0m 2026-01-27 19:53:17,198 - __main__ - INFO - Update submitted for Round 25. Waiting...
[33mclient_001_1  |[0m 2026-01-27 19:53:17,243 - __main__ - INFO - Round 25 finished. Loss: 0.4968, Acc: 97.73%
[35;1mclient_008_1  |[0m 2026-01-27 19:53:17,320 - __main__ - INFO - Round 25 finished. Loss: 0.2294, Acc: 98.67%
[33mserver_1      |[0m INFO:__main__:Received update from client_001
[33mserver_1      |[0m INFO:werkzeug:172.18.0.18 - - [27/Jan/2026 19:53:17] "POST /submit_update HTTP/1.1" 200 -
[33mclient_001_1  |[0m 2026-01-27 19:53:17,377 - __main__ - INFO - 🚀 Model update submitted successfully.
[33mclient_001_1  |[0m 2026-01-27 19:53:17,378 - __main__ - INFO - Update submitted for Round 25. Waiting...
[33mserver_1      |[0m INFO:__main__:Received update from client_008
[33mserver_1      |[0m INFO:__main__:--- Aggregating 5 updates ---
[33mserver_1      |[0m INFO:__main__:⚡ Using Custom Aggregator with Drift Metric...
[33mserver_1      |[0m INFO:server.aggregator:Starting FedAvg aggregation for 5 clients.
[36;1mclient_005_1  |[0m 2026-01-27 19:53:17,593 - __main__ - INFO - --- New Round Detected: 25 ---
[34;1mclient_009_1  |[0m 2026-01-27 19:53:17,594 - __main__ - INFO - --- New Round Detected: 25 ---
[33mserver_1      |[0m INFO:werkzeug:172.18.0.12 - - [27/Jan/2026 19:53:17] "GET /download_model?round=25 HTTP/1.1" 200 -
[33mserver_1      |[0m INFO:werkzeug:172.18.0.7 - - [27/Jan/2026 19:53:17] "GET /download_model?round=25 HTTP/1.1" 200 -
[33;1mclient_006_1  |[0m 2026-01-27 19:53:18,284 - __main__ - INFO - --- New Round Detected: 25 ---
[33mserver_1      |[0m INFO:werkzeug:172.18.0.20 - - [27/Jan/2026 19:53:18] "GET /download_model?round=25 HTTP/1.1" 200 -
[33;1mclient_006_1  |[0m 2026-01-27 19:53:18,469 - __main__ - INFO - Round 25 finished. Loss: 0.7693, Acc: 78.57%
[33mserver_1      |[0m INFO:werkzeug:172.18.0.20 - - [27/Jan/2026 19:53:18] "[31m[1mPOST /submit_update HTTP/1.1[0m" 400 -
[33;1mclient_006_1  |[0m 2026-01-27 19:53:18,555 - __main__ - ERROR - Update submission failed: {"error":"Not accepting updates"}
[33;1mclient_006_1  |[0m 
[33;1mclient_006_1  |[0m 2026-01-27 19:53:18,556 - __main__ - INFO - Update submitted for Round 25. Waiting...
[33mserver_1      |[0m INFO:server.aggregator:--- [METRIC] Weight Divergence: 0.7918
[33mserver_1      |[0m INFO:server.aggregator:FedAvg aggregation complete.
[33mserver_1      |[0m INFO:__main__:Aggregation complete.
[35mclient_003_1  |[0m 2026-01-27 19:53:19,038 - __main__ - INFO - --- New Round Detected: 25 ---
[34mclient_004_1  |[0m 2026-01-27 19:53:19,042 - __main__ - INFO - Round 24 finished. Loss: 0.8017, Acc: 77.44%
[33mserver_1      |[0m ⏱️ [TIME] Client client_007 finished training in 0.68s
[33mserver_1      |[0m ⏱️ [TIME] Client client_002 finished training in 2.67s
[33mserver_1      |[0m ⏱️ [TIME] Client client_010 finished training in 1.78s
[33mserver_1      |[0m ⏱️ [TIME] Client client_001 finished training in 1.16s
[33mserver_1      |[0m ⏱️ [TIME] Client client_008 finished training in 2.28s
[33mserver_1      |[0m DEBUG: ⚠️ MY CUSTOM AGGREGATOR IS RUNNING ⚠️
[33mserver_1      |[0m INFO:werkzeug:172.18.0.16 - - [27/Jan/2026 19:53:19] "GET /download_model?round=25 HTTP/1.1" 200 -
[33mserver_1      |[0m INFO:werkzeug:172.18.0.17 - - [27/Jan/2026 19:53:19] "[31m[1mPOST /submit_update HTTP/1.1[0m" 400 -
[34mclient_004_1  |[0m 2026-01-27 19:53:19,171 - __main__ - ERROR - Update submission failed: {"error":"Not accepting updates"}
[34mclient_004_1  |[0m 
[34mclient_004_1  |[0m 2026-01-27 19:53:19,171 - __main__ - INFO - Update submitted for Round 24. Waiting...
[33mserver_1      |[0m INFO:__main__:--- Round 25 Acc: 32.21%, Loss: 1.8424 ---
[33mserver_1      |[0m INFO:__main__:--- Starting Round 26. Timeout: 300s ---
[33mserver_1      |[0m INFO:werkzeug:172.18.0.19 - - [27/Jan/2026 19:53:20] "POST /submit_update HTTP/1.1" 200 -
[35;1mclient_008_1  |[0m 2026-01-27 19:53:20,193 - __main__ - INFO - 🚀 Model update submitted successfully.
[35;1mclient_008_1  |[0m 2026-01-27 19:53:20,193 - __main__ - INFO - Update submitted for Round 25. Waiting...
[32;1mclient_007_1  |[0m 2026-01-27 19:53:20,716 - __main__ - INFO - --- New Round Detected: 26 ---
[33mserver_1      |[0m INFO:werkzeug:172.18.0.22 - - [27/Jan/2026 19:53:20] "GET /download_model?round=26 HTTP/1.1" 200 -
[32;1mclient_007_1  |[0m 2026-01-27 19:53:21,550 - __main__ - INFO - Round 26 finished. Loss: 0.9964, Acc: 72.16%
[33mserver_1      |[0m INFO:__main__:Received update from client_007
[33mserver_1      |[0m INFO:werkzeug:172.18.0.22 - - [27/Jan/2026 19:53:21] "POST /submit_update HTTP/1.1" 200 -
[32;1mclient_007_1  |[0m 2026-01-27 19:53:21,689 - __main__ - INFO - 🚀 Model update submitted successfully.
[32;1mclient_007_1  |[0m 2026-01-27 19:53:21,690 - __main__ - INFO - Update submitted for Round 26. Waiting...
[36;1mclient_005_1  |[0m 2026-01-27 19:53:22,005 - __main__ - INFO - Round 25 finished. Loss: 0.6060, Acc: 94.44%
[33mserver_1      |[0m INFO:__main__:Received update from client_005
[33mserver_1      |[0m INFO:werkzeug:172.18.0.12 - - [27/Jan/2026 19:53:22] "POST /submit_update HTTP/1.1" 200 -
[36;1mclient_005_1  |[0m 2026-01-27 19:53:22,159 - __main__ - INFO - 🚀 Model update submitted successfully.
[36;1mclient_005_1  |[0m 2026-01-27 19:53:22,159 - __main__ - INFO - Update submitted for Round 25. Waiting...
[34;1mclient_009_1  |[0m 2026-01-27 19:53:24,992 - __main__ - INFO - Round 25 finished. Loss: 0.9893, Acc: 71.80%
[33mserver_1      |[0m INFO:__main__:Received update from client_009
[34;1mclient_009_1  |[0m 2026-01-27 19:53:25,127 - __main__ - INFO - 🚀 Model update submitted successfully.
[34;1mclient_009_1  |[0m 2026-01-27 19:53:25,128 - __main__ - INFO - Update submitted for Round 25. Waiting...
[33mserver_1      |[0m INFO:werkzeug:172.18.0.7 - - [27/Jan/2026 19:53:25] "POST /submit_update HTTP/1.1" 200 -
[32mclient_002_1  |[0m 2026-01-27 19:53:25,283 - __main__ - INFO - --- New Round Detected: 26 ---
[33mserver_1      |[0m INFO:werkzeug:172.18.0.21 - - [27/Jan/2026 19:53:25] "GET /download_model?round=26 HTTP/1.1" 200 -
[36mclient_010_1  |[0m 2026-01-27 19:53:27,261 - __main__ - INFO - --- New Round Detected: 26 ---
[33mserver_1      |[0m INFO:werkzeug:172.18.0.11 - - [27/Jan/2026 19:53:27] "GET /download_model?round=26 HTTP/1.1" 200 -
[33mclient_001_1  |[0m 2026-01-27 19:53:27,446 - __main__ - INFO - --- New Round Detected: 26 ---
[33mserver_1      |[0m INFO:werkzeug:172.18.0.18 - - [27/Jan/2026 19:53:27] "GET /download_model?round=26 HTTP/1.1" 200 -
[32mclient_002_1  |[0m 2026-01-27 19:53:27,557 - __main__ - INFO - Round 26 finished. Loss: 0.4798, Acc: 93.68%
[33mserver_1      |[0m INFO:__main__:Received update from client_002
[33mserver_1      |[0m INFO:werkzeug:172.18.0.21 - - [27/Jan/2026 19:53:27] "POST /submit_update HTTP/1.1" 200 -
[32mclient_002_1  |[0m 2026-01-27 19:53:27,691 - __main__ - INFO - 🚀 Model update submitted successfully.
[32mclient_002_1  |[0m 2026-01-27 19:53:27,691 - __main__ - INFO - Update submitted for Round 26. Waiting...
[33;1mclient_006_1  |[0m 2026-01-27 19:53:28,624 - __main__ - INFO - --- New Round Detected: 26 ---
[33mclient_001_1  |[0m 2026-01-27 19:53:28,642 - __main__ - INFO - Round 26 finished. Loss: 0.3406, Acc: 98.71%
[33mserver_1      |[0m INFO:werkzeug:172.18.0.20 - - [27/Jan/2026 19:53:28] "GET /download_model?round=26 HTTP/1.1" 200 -
[33mserver_1      |[0m INFO:__main__:Received update from client_001
[33mserver_1      |[0m INFO:__main__:--- Aggregating 5 updates ---
[33mserver_1      |[0m INFO:__main__:⚡ Using Custom Aggregator with Drift Metric...
[33mserver_1      |[0m INFO:server.aggregator:Starting FedAvg aggregation for 5 clients.
[33;1mclient_006_1  |[0m 2026-01-27 19:53:28,811 - __main__ - INFO - Round 26 finished. Loss: 0.8892, Acc: 78.57%
[33mserver_1      |[0m INFO:werkzeug:172.18.0.20 - - [27/Jan/2026 19:53:28] "[31m[1mPOST /submit_update HTTP/1.1[0m" 400 -
[33;1mclient_006_1  |[0m 2026-01-27 19:53:28,877 - __main__ - ERROR - Update submission failed: {"error":"Not accepting updates"}
[33;1mclient_006_1  |[0m 
[33;1mclient_006_1  |[0m 2026-01-27 19:53:28,878 - __main__ - INFO - Update submitted for Round 26. Waiting...
[36mclient_010_1  |[0m 2026-01-27 19:53:29,004 - __main__ - INFO - Round 26 finished. Loss: 0.3295, Acc: 98.77%
[33mserver_1      |[0m INFO:werkzeug:172.18.0.11 - - [27/Jan/2026 19:53:29] "[31m[1mPOST /submit_update HTTP/1.1[0m" 400 -
[36mclient_010_1  |[0m 2026-01-27 19:53:29,114 - __main__ - ERROR - Update submission failed: {"error":"Not accepting updates"}
[36mclient_010_1  |[0m 
[36mclient_010_1  |[0m 2026-01-27 19:53:29,114 - __main__ - INFO - Update submitted for Round 26. Waiting...
[34mclient_004_1  |[0m 2026-01-27 19:53:29,232 - __main__ - INFO - --- New Round Detected: 26 ---
[33mserver_1      |[0m INFO:werkzeug:172.18.0.17 - - [27/Jan/2026 19:53:29] "GET /download_model?round=26 HTTP/1.1" 200 -
[35;1mclient_008_1  |[0m 2026-01-27 19:53:30,291 - __main__ - INFO - --- New Round Detected: 26 ---
[33mserver_1      |[0m INFO:werkzeug:172.18.0.19 - - [27/Jan/2026 19:53:30] "GET /download_model?round=26 HTTP/1.1" 200 -
[33mserver_1      |[0m INFO:server.aggregator:--- [METRIC] Weight Divergence: 1.1876
[33mserver_1      |[0m INFO:server.aggregator:FedAvg aggregation complete.
[33mserver_1      |[0m INFO:__main__:Aggregation complete.
[33mserver_1      |[0m ⏱️ [TIME] Client client_007 finished training in 0.70s
[33mserver_1      |[0m ⏱️ [TIME] Client client_005 finished training in 4.28s
[33mserver_1      |[0m ⏱️ [TIME] Client client_009 finished training in 7.27s
[33mserver_1      |[0m ⏱️ [TIME] Client client_002 finished training in 2.12s
[33mserver_1      |[0m ⏱️ [TIME] Client client_001 finished training in 1.06s
[33mserver_1      |[0m DEBUG: ⚠️ MY CUSTOM AGGREGATOR IS RUNNING ⚠️
[36;1mclient_005_1  |[0m 2026-01-27 19:53:32,228 - __main__ - INFO - --- New Round Detected: 26 ---
[33mserver_1      |[0m INFO:werkzeug:172.18.0.12 - - [27/Jan/2026 19:53:32] "GET /download_model?round=26 HTTP/1.1" 200 -
[33mserver_1      |[0m INFO:__main__:--- Round 26 Acc: 44.76%, Loss: 1.5412 ---
[33mserver_1      |[0m INFO:__main__:--- Starting Round 27. Timeout: 300s ---
[33mserver_1      |[0m INFO:werkzeug:172.18.0.18 - - [27/Jan/2026 19:53:33] "POST /submit_update HTTP/1.1" 200 -
[33mclient_001_1  |[0m 2026-01-27 19:53:33,066 - __main__ - INFO - 🚀 Model update submitted successfully.
[33mclient_001_1  |[0m 2026-01-27 19:53:33,067 - __main__ - INFO - Update submitted for Round 26. Waiting...
[35;1mclient_008_1  |[0m 2026-01-27 19:53:33,453 - __main__ - INFO - Round 26 finished. Loss: 0.2319, Acc: 98.77%
[33mserver_1      |[0m INFO:__main__:Received update from client_008
[33mserver_1      |[0m INFO:werkzeug:172.18.0.19 - - [27/Jan/2026 19:53:33] "POST /submit_update HTTP/1.1" 200 -
[35;1mclient_008_1  |[0m 2026-01-27 19:53:33,590 - __main__ - INFO - 🚀 Model update submitted successfully.
[35;1mclient_008_1  |[0m 2026-01-27 19:53:33,590 - __main__ - INFO - Update submitted for Round 26. Waiting...
[34;1mclient_009_1  |[0m 2026-01-27 19:53:35,199 - __main__ - INFO - --- New Round Detected: 27 ---
[33mserver_1      |[0m INFO:werkzeug:172.18.0.7 - - [27/Jan/2026 19:53:35] "GET /download_model?round=27 HTTP/1.1" 200 -
[36;1mclient_005_1  |[0m 2026-01-27 19:53:36,312 - __main__ - INFO - Round 26 finished. Loss: 0.6326, Acc: 93.75%
[33mserver_1      |[0m INFO:__main__:Received update from client_005
[33mserver_1      |[0m INFO:werkzeug:172.18.0.12 - - [27/Jan/2026 19:53:36] "POST /submit_update HTTP/1.1" 200 -
[36;1mclient_005_1  |[0m 2026-01-27 19:53:36,448 - __main__ - INFO - 🚀 Model update submitted successfully.
[36;1mclient_005_1  |[0m 2026-01-27 19:53:36,448 - __main__ - INFO - Update submitted for Round 26. Waiting...
[32mclient_002_1  |[0m 2026-01-27 19:53:37,792 - __main__ - INFO - --- New Round Detected: 27 ---
[33mserver_1      |[0m INFO:werkzeug:172.18.0.21 - - [27/Jan/2026 19:53:37] "GET /download_model?round=27 HTTP/1.1" 200 -
[33;1mclient_006_1  |[0m 2026-01-27 19:53:38,941 - __main__ - INFO - --- New Round Detected: 27 ---
[33mserver_1      |[0m INFO:werkzeug:172.18.0.20 - - [27/Jan/2026 19:53:38] "GET /download_model?round=27 HTTP/1.1" 200 -
[33;1mclient_006_1  |[0m 2026-01-27 19:53:39,153 - __main__ - INFO - Round 27 finished. Loss: 0.9831, Acc: 78.57%
[36mclient_010_1  |[0m 2026-01-27 19:53:39,179 - __main__ - INFO - --- New Round Detected: 27 ---
[33mserver_1      |[0m INFO:werkzeug:172.18.0.11 - - [27/Jan/2026 19:53:39] "GET /download_model?round=27 HTTP/1.1" 200 -
[33mserver_1      |[0m INFO:__main__:Received update from client_006
[33mserver_1      |[0m INFO:werkzeug:172.18.0.20 - - [27/Jan/2026 19:53:39] "POST /submit_update HTTP/1.1" 200 -
[33;1mclient_006_1  |[0m 2026-01-27 19:53:39,307 - __main__ - INFO - 🚀 Model update submitted successfully.
[33;1mclient_006_1  |[0m 2026-01-27 19:53:39,307 - __main__ - INFO - Update submitted for Round 27. Waiting...
[36mclient_010_1  |[0m 2026-01-27 19:53:41,041 - __main__ - INFO - Round 27 finished. Loss: 0.2719, Acc: 98.15%
[33mserver_1      |[0m INFO:__main__:Received update from client_010
[33mserver_1      |[0m INFO:werkzeug:172.18.0.11 - - [27/Jan/2026 19:53:41] "POST /submit_update HTTP/1.1" 200 -
[36mclient_010_1  |[0m 2026-01-27 19:53:41,195 - __main__ - INFO - 🚀 Model update submitted successfully.
[36mclient_010_1  |[0m 2026-01-27 19:53:41,195 - __main__ - INFO - Update submitted for Round 27. Waiting...
[32mclient_002_1  |[0m 2026-01-27 19:53:41,266 - __main__ - INFO - Round 27 finished. Loss: 0.4192, Acc: 93.77%
[33mserver_1      |[0m INFO:__main__:Received update from client_002
[33mserver_1      |[0m INFO:__main__:--- Aggregating 5 updates ---
[33mserver_1      |[0m INFO:__main__:⚡ Using Custom Aggregator with Drift Metric...
[33mserver_1      |[0m INFO:server.aggregator:Starting FedAvg aggregation for 5 clients.
[32;1mclient_007_1  |[0m 2026-01-27 19:53:41,903 - __main__ - INFO - --- New Round Detected: 27 ---
[34mclient_004_1  |[0m 2026-01-27 19:53:41,916 - __main__ - INFO - Round 26 finished. Loss: 1.0097, Acc: 76.38%
[33mserver_1      |[0m INFO:werkzeug:172.18.0.22 - - [27/Jan/2026 19:53:41] "GET /download_model?round=27 HTTP/1.1" 200 -
[33mserver_1      |[0m INFO:werkzeug:172.18.0.17 - - [27/Jan/2026 19:53:41] "[31m[1mPOST /submit_update HTTP/1.1[0m" 400 -
[34mclient_004_1  |[0m 2026-01-27 19:53:41,978 - __main__ - ERROR - Update submission failed: {"error":"Not accepting updates"}
[34mclient_004_1  |[0m 
[34mclient_004_1  |[0m 2026-01-27 19:53:41,978 - __main__ - INFO - Update submitted for Round 26. Waiting...
[33mserver_1      |[0m INFO:server.aggregator:--- [METRIC] Weight Divergence: 0.9299
[33mserver_1      |[0m INFO:server.aggregator:FedAvg aggregation complete.
[33mserver_1      |[0m INFO:__main__:Aggregation complete.
[33mserver_1      |[0m ⏱️ [TIME] Client client_008 finished training in 2.97s
[33mserver_1      |[0m ⏱️ [TIME] Client client_005 finished training in 3.95s
[33mserver_1      |[0m ⏱️ [TIME] Client client_006 finished training in 0.03s
[33mserver_1      |[0m ⏱️ [TIME] Client client_010 finished training in 1.73s
[33mserver_1      |[0m ⏱️ [TIME] Client client_002 finished training in 3.33s
[33mserver_1      |[0m DEBUG: ⚠️ MY CUSTOM AGGREGATOR IS RUNNING ⚠️
[34;1mclient_009_1  |[0m 2026-01-27 19:53:42,951 - __main__ - INFO - Round 27 finished. Loss: 0.8748, Acc: 72.26%
[33mserver_1      |[0m INFO:werkzeug:172.18.0.7 - - [27/Jan/2026 19:53:42] "[31m[1mPOST /submit_update HTTP/1.1[0m" 400 -
[34;1mclient_009_1  |[0m 2026-01-27 19:53:43,020 - __main__ - ERROR - Update submission failed: {"error":"Not accepting updates"}
[34;1mclient_009_1  |[0m 
[34;1mclient_009_1  |[0m 2026-01-27 19:53:43,020 - __main__ - INFO - Update submitted for Round 27. Waiting...
[32;1mclient_007_1  |[0m 2026-01-27 19:53:43,101 - __main__ - INFO - Round 27 finished. Loss: 0.9735, Acc: 70.88%
[33mserver_1      |[0m INFO:werkzeug:172.18.0.22 - - [27/Jan/2026 19:53:43] "[31m[1mPOST /submit_update HTTP/1.1[0m" 400 -
[33mclient_001_1  |[0m 2026-01-27 19:53:43,188 - __main__ - INFO - --- New Round Detected: 27 ---
[32;1mclient_007_1  |[0m 2026-01-27 19:53:43,190 - __main__ - ERROR - Update submission failed: {"error":"Not accepting updates"}
[32;1mclient_007_1  |[0m 
[32;1mclient_007_1  |[0m 2026-01-27 19:53:43,190 - __main__ - INFO - Update submitted for Round 27. Waiting...
[33mserver_1      |[0m INFO:werkzeug:172.18.0.18 - - [27/Jan/2026 19:53:43] "GET /download_model?round=27 HTTP/1.1" 200 -
[35;1mclient_008_1  |[0m 2026-01-27 19:53:43,652 - __main__ - INFO - --- New Round Detected: 27 ---
[33mserver_1      |[0m INFO:werkzeug:172.18.0.19 - - [27/Jan/2026 19:53:43] "GET /download_model?round=27 HTTP/1.1" 200 -
[33mclient_001_1  |[0m 2026-01-27 19:53:43,941 - __main__ - INFO - Round 27 finished. Loss: 0.2785, Acc: 99.03%
[33mserver_1      |[0m INFO:werkzeug:172.18.0.18 - - [27/Jan/2026 19:53:43] "[31m[1mPOST /submit_update HTTP/1.1[0m" 400 -
[33mclient_001_1  |[0m 2026-01-27 19:53:44,004 - __main__ - ERROR - Update submission failed: {"error":"Not accepting updates"}
[33mclient_001_1  |[0m 
[33mclient_001_1  |[0m 2026-01-27 19:53:44,004 - __main__ - INFO - Update submitted for Round 27. Waiting...
[35mclient_003_1  |[0m 2026-01-27 19:53:44,021 - __main__ - INFO - Round 25 finished. Loss: 0.7749, Acc: 76.94%
[33mserver_1      |[0m INFO:werkzeug:172.18.0.16 - - [27/Jan/2026 19:53:44] "[31m[1mPOST /submit_update HTTP/1.1[0m" 400 -
[33mserver_1      |[0m INFO:__main__:--- Round 27 Acc: 38.20%, Loss: 1.7398 ---
[33mserver_1      |[0m INFO:__main__:--- Starting Round 28. Timeout: 300s ---
[33mserver_1      |[0m INFO:werkzeug:172.18.0.21 - - [27/Jan/2026 19:53:44] "POST /submit_update HTTP/1.1" 200 -
[35mclient_003_1  |[0m 2026-01-27 19:53:44,085 - __main__ - ERROR - Update submission failed: {"error":"Not accepting updates"}
[35mclient_003_1  |[0m 
[35mclient_003_1  |[0m 2026-01-27 19:53:44,086 - __main__ - INFO - Update submitted for Round 25. Waiting...
[32mclient_002_1  |[0m 2026-01-27 19:53:44,096 - __main__ - INFO - 🚀 Model update submitted successfully.
[32mclient_002_1  |[0m 2026-01-27 19:53:44,096 - __main__ - INFO - Update submitted for Round 27. Waiting...
[36;1mclient_005_1  |[0m 2026-01-27 19:53:46,544 - __main__ - INFO - --- New Round Detected: 28 ---
[33mserver_1      |[0m INFO:werkzeug:172.18.0.12 - - [27/Jan/2026 19:53:46] "GET /download_model?round=28 HTTP/1.1" 200 -
[35;1mclient_008_1  |[0m 2026-01-27 19:53:47,850 - __main__ - INFO - Round 27 finished. Loss: 0.2579, Acc: 98.72%
[33mserver_1      |[0m INFO:__main__:Received update from client_008
[33mserver_1      |[0m INFO:werkzeug:172.18.0.19 - - [27/Jan/2026 19:53:47] "POST /submit_update HTTP/1.1" 200 -
[35;1mclient_008_1  |[0m 2026-01-27 19:53:47,984 - __main__ - INFO - 🚀 Model update submitted successfully.
[35;1mclient_008_1  |[0m 2026-01-27 19:53:47,985 - __main__ - INFO - Update submitted for Round 27. Waiting...
[33;1mclient_006_1  |[0m 2026-01-27 19:53:49,371 - __main__ - INFO - --- New Round Detected: 28 ---
[33mserver_1      |[0m INFO:werkzeug:172.18.0.20 - - [27/Jan/2026 19:53:49] "GET /download_model?round=28 HTTP/1.1" 200 -
[33;1mclient_006_1  |[0m 2026-01-27 19:53:49,528 - __main__ - INFO - Round 28 finished. Loss: 1.0302, Acc: 71.43%
[33mserver_1      |[0m INFO:__main__:Received update from client_006
[33mserver_1      |[0m INFO:werkzeug:172.18.0.20 - - [27/Jan/2026 19:53:49] "POST /submit_update HTTP/1.1" 200 -
[33;1mclient_006_1  |[0m 2026-01-27 19:53:49,666 - __main__ - INFO - 🚀 Model update submitted successfully.
[33;1mclient_006_1  |[0m 2026-01-27 19:53:49,667 - __main__ - INFO - Update submitted for Round 28. Waiting...
[36mclient_010_1  |[0m 2026-01-27 19:53:51,257 - __main__ - INFO - --- New Round Detected: 28 ---
[33mserver_1      |[0m INFO:werkzeug:172.18.0.11 - - [27/Jan/2026 19:53:51] "GET /download_model?round=28 HTTP/1.1" 200 -
[34mclient_004_1  |[0m 2026-01-27 19:53:52,050 - __main__ - INFO - --- New Round Detected: 28 ---
[33mserver_1      |[0m INFO:werkzeug:172.18.0.17 - - [27/Jan/2026 19:53:52] "GET /download_model?round=28 HTTP/1.1" 200 -
[36;1mclient_005_1  |[0m 2026-01-27 19:53:52,401 - __main__ - INFO - Round 28 finished. Loss: 0.3441, Acc: 94.59%
[33mserver_1      |[0m INFO:__main__:Received update from client_005
[33mserver_1      |[0m INFO:werkzeug:172.18.0.12 - - [27/Jan/2026 19:53:52] "POST /submit_update HTTP/1.1" 200 -
[36;1mclient_005_1  |[0m 2026-01-27 19:53:52,541 - __main__ - INFO - 🚀 Model update submitted successfully.
[36;1mclient_005_1  |[0m 2026-01-27 19:53:52,541 - __main__ - INFO - Update submitted for Round 28. Waiting...
[34;1mclient_009_1  |[0m 2026-01-27 19:53:53,085 - __main__ - INFO - --- New Round Detected: 28 ---
[33mserver_1      |[0m INFO:werkzeug:172.18.0.7 - - [27/Jan/2026 19:53:53] "GET /download_model?round=28 HTTP/1.1" 200 -
[36mclient_010_1  |[0m 2026-01-27 19:53:53,161 - __main__ - INFO - Round 28 finished. Loss: 0.3287, Acc: 98.15%
[32;1mclient_007_1  |[0m 2026-01-27 19:53:53,260 - __main__ - INFO - --- New Round Detected: 28 ---
[33mserver_1      |[0m INFO:__main__:Received update from client_010
[33mserver_1      |[0m INFO:werkzeug:172.18.0.11 - - [27/Jan/2026 19:53:53] "POST /submit_update HTTP/1.1" 200 -
[33mserver_1      |[0m INFO:werkzeug:172.18.0.22 - - [27/Jan/2026 19:53:53] "GET /download_model?round=28 HTTP/1.1" 200 -
[36mclient_010_1  |[0m 2026-01-27 19:53:53,297 - __main__ - INFO - 🚀 Model update submitted successfully.
[36mclient_010_1  |[0m 2026-01-27 19:53:53,298 - __main__ - INFO - Update submitted for Round 28. Waiting...
[33mclient_001_1  |[0m 2026-01-27 19:53:54,065 - __main__ - INFO - --- New Round Detected: 28 ---
[32;1mclient_007_1  |[0m 2026-01-27 19:53:54,068 - __main__ - INFO - Round 28 finished. Loss: 0.9594, Acc: 69.60%
[33mserver_1      |[0m INFO:werkzeug:172.18.0.18 - - [27/Jan/2026 19:53:54] "GET /download_model?round=28 HTTP/1.1" 200 -
[35mclient_003_1  |[0m 2026-01-27 19:53:54,147 - __main__ - INFO - --- New Round Detected: 28 ---
[32mclient_002_1  |[0m 2026-01-27 19:53:54,162 - __main__ - INFO - --- New Round Detected: 28 ---
[33mserver_1      |[0m INFO:werkzeug:172.18.0.16 - - [27/Jan/2026 19:53:54] "GET /download_model?round=28 HTTP/1.1" 200 -
[33mserver_1      |[0m INFO:__main__:Received update from client_007
[33mserver_1      |[0m INFO:__main__:--- Aggregating 5 updates ---
[33mserver_1      |[0m INFO:__main__:⚡ Using Custom Aggregator with Drift Metric...
[33mserver_1      |[0m INFO:server.aggregator:Starting FedAvg aggregation for 5 clients.
[33mserver_1      |[0m INFO:werkzeug:172.18.0.21 - - [27/Jan/2026 19:53:54] "GET /download_model?round=28 HTTP/1.1" 200 -
[33mclient_001_1  |[0m 2026-01-27 19:53:54,883 - __main__ - INFO - Round 28 finished. Loss: 0.3733, Acc: 97.73%
[33mserver_1      |[0m INFO:werkzeug:172.18.0.18 - - [27/Jan/2026 19:53:54] "[31m[1mPOST /submit_update HTTP/1.1[0m" 400 -
[33mclient_001_1  |[0m 2026-01-27 19:53:54,950 - __main__ - ERROR - Update submission failed: {"error":"Not accepting updates"}
[33mclient_001_1  |[0m 
[33mclient_001_1  |[0m 2026-01-27 19:53:54,950 - __main__ - INFO - Update submitted for Round 28. Waiting...
[33mserver_1      |[0m INFO:server.aggregator:--- [METRIC] Weight Divergence: 0.8847
[33mserver_1      |[0m INFO:server.aggregator:FedAvg aggregation complete.
[33mserver_1      |[0m INFO:__main__:Aggregation complete.
[33mserver_1      |[0m ⏱️ [TIME] Client client_008 finished training in 4.06s
[33mserver_1      |[0m ⏱️ [TIME] Client client_006 finished training in 0.03s
[33mserver_1      |[0m ⏱️ [TIME] Client client_005 finished training in 5.72s
[33mserver_1      |[0m ⏱️ [TIME] Client client_010 finished training in 1.77s
[33mserver_1      |[0m ⏱️ [TIME] Client client_007 finished training in 0.67s
[33mserver_1      |[0m DEBUG: ⚠️ MY CUSTOM AGGREGATOR IS RUNNING ⚠️
[32mclient_002_1  |[0m 2026-01-27 19:53:57,917 - __main__ - INFO - Round 28 finished. Loss: 0.4929, Acc: 91.80%
[33mserver_1      |[0m INFO:werkzeug:172.18.0.21 - - [27/Jan/2026 19:53:57] "[31m[1mPOST /submit_update HTTP/1.1[0m" 400 -
[32mclient_002_1  |[0m 2026-01-27 19:53:57,985 - __main__ - ERROR - Update submission failed: {"error":"Not accepting updates"}
[32mclient_002_1  |[0m 
[32mclient_002_1  |[0m 2026-01-27 19:53:57,985 - __main__ - INFO - Update submitted for Round 28. Waiting...
[35;1mclient_008_1  |[0m 2026-01-27 19:53:58,053 - __main__ - INFO - --- New Round Detected: 28 ---
[33mserver_1      |[0m INFO:werkzeug:172.18.0.19 - - [27/Jan/2026 19:53:58] "GET /download_model?round=28 HTTP/1.1" 200 -
[33mserver_1      |[0m INFO:__main__:--- Round 28 Acc: 32.83%, Loss: 1.9233 ---
[33mserver_1      |[0m INFO:__main__:--- Starting Round 29. Timeout: 300s ---
[33mserver_1      |[0m INFO:werkzeug:172.18.0.22 - - [27/Jan/2026 19:53:58] "POST /submit_update HTTP/1.1" 200 -
[32;1mclient_007_1  |[0m 2026-01-27 19:53:58,738 - __main__ - INFO - 🚀 Model update submitted successfully.
[32;1mclient_007_1  |[0m 2026-01-27 19:53:58,739 - __main__ - INFO - Update submitted for Round 28. Waiting...
[33;1mclient_006_1  |[0m 2026-01-27 19:53:59,731 - __main__ - INFO - --- New Round Detected: 29 ---
[33mserver_1      |[0m INFO:werkzeug:172.18.0.20 - - [27/Jan/2026 19:53:59] "GET /download_model?round=29 HTTP/1.1" 200 -
[33;1mclient_006_1  |[0m 2026-01-27 19:53:59,938 - __main__ - INFO - Round 29 finished. Loss: 1.0082, Acc: 71.43%
[33mserver_1      |[0m INFO:__main__:Received update from client_006
[33mserver_1      |[0m INFO:werkzeug:172.18.0.20 - - [27/Jan/2026 19:54:00] "POST /submit_update HTTP/1.1" 200 -
[33;1mclient_006_1  |[0m 2026-01-27 19:54:00,107 - __main__ - INFO - 🚀 Model update submitted successfully.
[33;1mclient_006_1  |[0m 2026-01-27 19:54:00,107 - __main__ - INFO - Update submitted for Round 29. Waiting...
[34;1mclient_009_1  |[0m 2026-01-27 19:54:00,724 - __main__ - INFO - Round 28 finished. Loss: 0.9238, Acc: 72.99%
[33mserver_1      |[0m INFO:__main__:Received update from client_009
[33mserver_1      |[0m INFO:werkzeug:172.18.0.7 - - [27/Jan/2026 19:54:00] "POST /submit_update HTTP/1.1" 200 -
[34;1mclient_009_1  |[0m 2026-01-27 19:54:00,882 - __main__ - INFO - 🚀 Model update submitted successfully.
[34;1mclient_009_1  |[0m 2026-01-27 19:54:00,882 - __main__ - INFO - Update submitted for Round 28. Waiting...
[35;1mclient_008_1  |[0m 2026-01-27 19:54:02,302 - __main__ - INFO - Round 28 finished. Loss: 0.2601, Acc: 98.42%
[33mserver_1      |[0m INFO:__main__:Received update from client_008
[33mserver_1      |[0m INFO:werkzeug:172.18.0.19 - - [27/Jan/2026 19:54:02] "POST /submit_update HTTP/1.1" 200 -
[35;1mclient_008_1  |[0m 2026-01-27 19:54:02,438 - __main__ - INFO - 🚀 Model update submitted successfully.
[35;1mclient_008_1  |[0m 2026-01-27 19:54:02,438 - __main__ - INFO - Update submitted for Round 28. Waiting...
[36;1mclient_005_1  |[0m 2026-01-27 19:54:02,606 - __main__ - INFO - --- New Round Detected: 29 ---
[33mserver_1      |[0m INFO:werkzeug:172.18.0.12 - - [27/Jan/2026 19:54:02] "GET /download_model?round=29 HTTP/1.1" 200 -
[36mclient_010_1  |[0m 2026-01-27 19:54:03,365 - __main__ - INFO - --- New Round Detected: 29 ---
[33mserver_1      |[0m INFO:werkzeug:172.18.0.11 - - [27/Jan/2026 19:54:03] "GET /download_model?round=29 HTTP/1.1" 200 -
[33mclient_001_1  |[0m 2026-01-27 19:54:05,018 - __main__ - INFO - --- New Round Detected: 29 ---
[33mserver_1      |[0m INFO:werkzeug:172.18.0.18 - - [27/Jan/2026 19:54:05] "GET /download_model?round=29 HTTP/1.1" 200 -
[36mclient_010_1  |[0m 2026-01-27 19:54:05,215 - __main__ - INFO - Round 29 finished. Loss: 0.4308, Acc: 98.77%
[33mserver_1      |[0m INFO:__main__:Received update from client_010
[33mserver_1      |[0m INFO:werkzeug:172.18.0.11 - - [27/Jan/2026 19:54:05] "POST /submit_update HTTP/1.1" 200 -
[36mclient_010_1  |[0m 2026-01-27 19:54:05,350 - __main__ - INFO - 🚀 Model update submitted successfully.
[36mclient_010_1  |[0m 2026-01-27 19:54:05,350 - __main__ - INFO - Update submitted for Round 29. Waiting...
[34mclient_004_1  |[0m 2026-01-27 19:54:05,695 - __main__ - INFO - Round 28 finished. Loss: 0.8483, Acc: 77.15%
[33mserver_1      |[0m INFO:__main__:Received update from client_004
[33mserver_1      |[0m INFO:__main__:--- Aggregating 5 updates ---
[33mserver_1      |[0m INFO:__main__:⚡ Using Custom Aggregator with Drift Metric...
[33mserver_1      |[0m INFO:server.aggregator:Starting FedAvg aggregation for 5 clients.
[33mclient_001_1  |[0m 2026-01-27 19:54:05,874 - __main__ - INFO - Round 29 finished. Loss: 0.4322, Acc: 98.71%
[33mserver_1      |[0m INFO:werkzeug:172.18.0.18 - - [27/Jan/2026 19:54:05] "[31m[1mPOST /submit_update HTTP/1.1[0m" 400 -
[33mclient_001_1  |[0m 2026-01-27 19:54:05,987 - __main__ - ERROR - Update submission failed: {"error":"Not accepting updates"}
[33mclient_001_1  |[0m 
[33mclient_001_1  |[0m 2026-01-27 19:54:05,987 - __main__ - INFO - Update submitted for Round 29. Waiting...
[33mserver_1      |[0m INFO:server.aggregator:--- [METRIC] Weight Divergence: 1.3813
[33mserver_1      |[0m INFO:server.aggregator:FedAvg aggregation complete.
[33mserver_1      |[0m INFO:__main__:Aggregation complete.
[33mserver_1      |[0m ⏱️ [TIME] Client client_006 finished training in 0.06s
[33mserver_1      |[0m ⏱️ [TIME] Client client_009 finished training in 7.51s
[33mserver_1      |[0m ⏱️ [TIME] Client client_008 finished training in 4.11s
[33mserver_1      |[0m ⏱️ [TIME] Client client_010 finished training in 1.71s
[33mserver_1      |[0m ⏱️ [TIME] Client client_004 finished training in 13.51s
[33mserver_1      |[0m DEBUG: ⚠️ MY CUSTOM AGGREGATOR IS RUNNING ⚠️
[32mclient_002_1  |[0m 2026-01-27 19:54:08,066 - __main__ - INFO - --- New Round Detected: 29 ---
[33mserver_1      |[0m INFO:werkzeug:172.18.0.21 - - [27/Jan/2026 19:54:08] "GET /download_model?round=29 HTTP/1.1" 200 -
[36;1mclient_005_1  |[0m 2026-01-27 19:54:08,591 - __main__ - INFO - Round 29 finished. Loss: 0.3216, Acc: 94.81%
[33mserver_1      |[0m INFO:werkzeug:172.18.0.12 - - [27/Jan/2026 19:54:08] "[31m[1mPOST /submit_update HTTP/1.1[0m" 400 -
[36;1mclient_005_1  |[0m 2026-01-27 19:54:08,655 - __main__ - ERROR - Update submission failed: {"error":"Not accepting updates"}
[36;1mclient_005_1  |[0m 
[36;1mclient_005_1  |[0m 2026-01-27 19:54:08,656 - __main__ - INFO - Update submitted for Round 29. Waiting...
[33mserver_1      |[0m INFO:__main__:--- Round 29 Acc: 43.17%, Loss: 1.6233 ---
[33mserver_1      |[0m INFO:__main__:--- Starting Round 30. Timeout: 300s ---
[33mserver_1      |[0m INFO:werkzeug:172.18.0.17 - - [27/Jan/2026 19:54:08] "POST /submit_update HTTP/1.1" 200 -
[32;1mclient_007_1  |[0m 2026-01-27 19:54:08,811 - __main__ - INFO - --- New Round Detected: 29 ---
[34mclient_004_1  |[0m 2026-01-27 19:54:08,828 - __main__ - INFO - 🚀 Model update submitted successfully.
[34mclient_004_1  |[0m 2026-01-27 19:54:08,828 - __main__ - INFO - Update submitted for Round 28. Waiting...
[33mserver_1      |[0m INFO:werkzeug:172.18.0.22 - - [27/Jan/2026 19:54:08] "GET /download_model?round=29 HTTP/1.1" 200 -
[32;1mclient_007_1  |[0m 2026-01-27 19:54:09,996 - __main__ - INFO - Round 29 finished. Loss: 1.0240, Acc: 71.43%
[33mserver_1      |[0m INFO:__main__:Received update from client_007
[33mserver_1      |[0m INFO:werkzeug:172.18.0.22 - - [27/Jan/2026 19:54:10] "POST /submit_update HTTP/1.1" 200 -
[32;1mclient_007_1  |[0m 2026-01-27 19:54:10,136 - __main__ - INFO - 🚀 Model update submitted successfully.
[32;1mclient_007_1  |[0m 2026-01-27 19:54:10,136 - __main__ - INFO - Update submitted for Round 29. Waiting...
[33;1mclient_006_1  |[0m 2026-01-27 19:54:10,171 - __main__ - INFO - --- New Round Detected: 30 ---
[33mserver_1      |[0m INFO:werkzeug:172.18.0.20 - - [27/Jan/2026 19:54:10] "GET /download_model?round=30 HTTP/1.1" 200 -
[33;1mclient_006_1  |[0m 2026-01-27 19:54:10,370 - __main__ - INFO - Round 30 finished. Loss: 0.7459, Acc: 85.71%
[33mserver_1      |[0m INFO:__main__:Received update from client_006
[33mserver_1      |[0m INFO:werkzeug:172.18.0.20 - - [27/Jan/2026 19:54:10] "POST /submit_update HTTP/1.1" 200 -
[33;1mclient_006_1  |[0m 2026-01-27 19:54:10,506 - __main__ - INFO - 🚀 Model update submitted successfully.
[33;1mclient_006_1  |[0m 2026-01-27 19:54:10,506 - __main__ - INFO - Update submitted for Round 30. Waiting...
[32mclient_002_1  |[0m 2026-01-27 19:54:10,855 - __main__ - INFO - Round 29 finished. Loss: 0.5799, Acc: 92.89%
[34;1mclient_009_1  |[0m 2026-01-27 19:54:10,944 - __main__ - INFO - --- New Round Detected: 30 ---
[33mserver_1      |[0m INFO:__main__:Received update from client_002
[33mserver_1      |[0m INFO:werkzeug:172.18.0.21 - - [27/Jan/2026 19:54:10] "POST /submit_update HTTP/1.1" 200 -
[33mserver_1      |[0m INFO:werkzeug:172.18.0.7 - - [27/Jan/2026 19:54:10] "GET /download_model?round=30 HTTP/1.1" 200 -
[32mclient_002_1  |[0m 2026-01-27 19:54:10,991 - __main__ - INFO - 🚀 Model update submitted successfully.
[32mclient_002_1  |[0m 2026-01-27 19:54:10,991 - __main__ - INFO - Update submitted for Round 29. Waiting...
[35;1mclient_008_1  |[0m 2026-01-27 19:54:12,499 - __main__ - INFO - --- New Round Detected: 30 ---
[33mserver_1      |[0m INFO:werkzeug:172.18.0.19 - - [27/Jan/2026 19:54:12] "GET /download_model?round=30 HTTP/1.1" 200 -
[36mclient_010_1  |[0m 2026-01-27 19:54:15,428 - __main__ - INFO - --- New Round Detected: 30 ---
[33mserver_1      |[0m INFO:werkzeug:172.18.0.11 - - [27/Jan/2026 19:54:15] "GET /download_model?round=30 HTTP/1.1" 200 -
[34;1mclient_009_1  |[0m 2026-01-27 19:54:15,837 - __main__ - INFO - Round 30 finished. Loss: 0.8306, Acc: 74.06%
[33mserver_1      |[0m INFO:__main__:Received update from client_009
[33mserver_1      |[0m INFO:werkzeug:172.18.0.7 - - [27/Jan/2026 19:54:15] "POST /submit_update HTTP/1.1" 200 -
[34;1mclient_009_1  |[0m 2026-01-27 19:54:16,001 - __main__ - INFO - 🚀 Model update submitted successfully.
[34;1mclient_009_1  |[0m 2026-01-27 19:54:16,001 - __main__ - INFO - Update submitted for Round 30. Waiting...
[33mclient_001_1  |[0m 2026-01-27 19:54:16,048 - __main__ - INFO - --- New Round Detected: 30 ---
[33mserver_1      |[0m INFO:werkzeug:172.18.0.18 - - [27/Jan/2026 19:54:16] "GET /download_model?round=30 HTTP/1.1" 200 -
[35;1mclient_008_1  |[0m 2026-01-27 19:54:16,390 - __main__ - INFO - Round 30 finished. Loss: 0.2727, Acc: 98.72%
[36mclient_010_1  |[0m 2026-01-27 19:54:16,397 - __main__ - INFO - Round 30 finished. Loss: 0.3426, Acc: 98.40%
[33mserver_1      |[0m INFO:__main__:Received update from client_008
[33mserver_1      |[0m INFO:__main__:--- Aggregating 5 updates ---
[33mserver_1      |[0m INFO:__main__:⚡ Using Custom Aggregator with Drift Metric...
[33mserver_1      |[0m INFO:server.aggregator:Starting FedAvg aggregation for 5 clients.
[33mclient_001_1  |[0m 2026-01-27 19:54:16,789 - __main__ - INFO - Round 30 finished. Loss: 0.3155, Acc: 98.71%
[33mserver_1      |[0m INFO:werkzeug:172.18.0.18 - - [27/Jan/2026 19:54:16] "[31m[1mPOST /submit_update HTTP/1.1[0m" 400 -
[33mclient_001_1  |[0m 2026-01-27 19:54:16,854 - __main__ - ERROR - Update submission failed: {"error":"Not accepting updates"}
[33mclient_001_1  |[0m 
[33mclient_001_1  |[0m 2026-01-27 19:54:16,854 - __main__ - INFO - Update submitted for Round 30. Waiting...
[33mserver_1      |[0m INFO:server.aggregator:--- [METRIC] Weight Divergence: 1.1791
[33mserver_1      |[0m INFO:server.aggregator:FedAvg aggregation complete.
[33mserver_1      |[0m INFO:__main__:Aggregation complete.
[33mserver_1      |[0m ⏱️ [TIME] Client client_007 finished training in 1.05s
[33mserver_1      |[0m ⏱️ [TIME] Client client_006 finished training in 0.05s
[33mserver_1      |[0m ⏱️ [TIME] Client client_002 finished training in 2.66s
[33mserver_1      |[0m ⏱️ [TIME] Client client_009 finished training in 4.76s
[33mserver_1      |[0m ⏱️ [TIME] Client client_008 finished training in 3.76s
[33mserver_1      |[0m DEBUG: ⚠️ MY CUSTOM AGGREGATOR IS RUNNING ⚠️
[33mserver_1      |[0m ⏱️ [TIME] Client client_010 finished training in 0.81s
[36;1mclient_005_1  |[0m 2026-01-27 19:54:18,722 - __main__ - INFO - --- New Round Detected: 30 ---
[33mserver_1      |[0m INFO:werkzeug:172.18.0.12 - - [27/Jan/2026 19:54:18] "GET /download_model?round=30 HTTP/1.1" 200 -
[34mclient_004_1  |[0m 2026-01-27 19:54:18,890 - __main__ - INFO - --- New Round Detected: 30 ---
[33mserver_1      |[0m INFO:werkzeug:172.18.0.17 - - [27/Jan/2026 19:54:18] "GET /download_model?round=30 HTTP/1.1" 200 -
[33mserver_1      |[0m INFO:__main__:--- Round 30 Acc: 36.51%, Loss: 1.7961 ---
[33mserver_1      |[0m INFO:__main__:--- Starting Round 31. Timeout: 300s ---
[33mserver_1      |[0m INFO:__main__:Received update from client_010
[33mserver_1      |[0m INFO:werkzeug:172.18.0.11 - - [27/Jan/2026 19:54:19] "POST /submit_update HTTP/1.1" 200 -
[33mserver_1      |[0m INFO:werkzeug:172.18.0.19 - - [27/Jan/2026 19:54:19] "POST /submit_update HTTP/1.1" 200 -
[35;1mclient_008_1  |[0m 2026-01-27 19:54:19,153 - __main__ - INFO - 🚀 Model update submitted successfully.
[35;1mclient_008_1  |[0m 2026-01-27 19:54:19,153 - __main__ - INFO - Update submitted for Round 30. Waiting...
[36mclient_010_1  |[0m 2026-01-27 19:54:19,155 - __main__ - INFO - 🚀 Model update submitted successfully.
[36mclient_010_1  |[0m 2026-01-27 19:54:19,156 - __main__ - INFO - Update submitted for Round 30. Waiting...
[32;1mclient_007_1  |[0m 2026-01-27 19:54:20,199 - __main__ - INFO - --- New Round Detected: 31 ---
[33mserver_1      |[0m INFO:werkzeug:172.18.0.22 - - [27/Jan/2026 19:54:20] "GET /download_model?round=31 HTTP/1.1" 200 -
[33;1mclient_006_1  |[0m 2026-01-27 19:54:20,568 - __main__ - INFO - --- New Round Detected: 31 ---
[33mserver_1      |[0m INFO:werkzeug:172.18.0.20 - - [27/Jan/2026 19:54:20] "GET /download_model?round=31 HTTP/1.1" 200 -
[33;1mclient_006_1  |[0m 2026-01-27 19:54:20,751 - __main__ - INFO - Round 31 finished. Loss: 0.7692, Acc: 78.57%
[33mserver_1      |[0m INFO:__main__:Received update from client_006
[33mserver_1      |[0m INFO:werkzeug:172.18.0.20 - - [27/Jan/2026 19:54:20] "POST /submit_update HTTP/1.1" 200 -
[33;1mclient_006_1  |[0m 2026-01-27 19:54:20,890 - __main__ - INFO - 🚀 Model update submitted successfully.
[33;1mclient_006_1  |[0m 2026-01-27 19:54:20,891 - __main__ - INFO - Update submitted for Round 31. Waiting...
[32mclient_002_1  |[0m 2026-01-27 19:54:21,053 - __main__ - INFO - --- New Round Detected: 31 ---
[33mserver_1      |[0m INFO:werkzeug:172.18.0.21 - - [27/Jan/2026 19:54:21] "GET /download_model?round=31 HTTP/1.1" 200 -
[35mclient_003_1  |[0m 2026-01-27 19:54:21,232 - __main__ - INFO - Round 28 finished. Loss: 0.8263, Acc: 76.38%
[33mserver_1      |[0m INFO:__main__:Received update from client_003
[33mserver_1      |[0m INFO:werkzeug:172.18.0.16 - - [27/Jan/2026 19:54:21] "POST /submit_update HTTP/1.1" 200 -
[35mclient_003_1  |[0m 2026-01-27 19:54:21,365 - __main__ - INFO - 🚀 Model update submitted successfully.
[35mclient_003_1  |[0m 2026-01-27 19:54:21,365 - __main__ - INFO - Update submitted for Round 28. Waiting...
[32;1mclient_007_1  |[0m 2026-01-27 19:54:21,529 - __main__ - INFO - Round 31 finished. Loss: 1.1515, Acc: 69.05%
[33mserver_1      |[0m INFO:__main__:Received update from client_007
[33mserver_1      |[0m INFO:werkzeug:172.18.0.22 - - [27/Jan/2026 19:54:21] "POST /submit_update HTTP/1.1" 200 -
[32;1mclient_007_1  |[0m 2026-01-27 19:54:21,666 - __main__ - INFO - 🚀 Model update submitted successfully.
[32;1mclient_007_1  |[0m 2026-01-27 19:54:21,666 - __main__ - INFO - Update submitted for Round 31. Waiting...
[32mclient_002_1  |[0m 2026-01-27 19:54:23,200 - __main__ - INFO - Round 31 finished. Loss: 0.4118, Acc: 93.28%
[33mserver_1      |[0m INFO:__main__:Received update from client_002
[33mserver_1      |[0m INFO:__main__:--- Aggregating 5 updates ---
[33mserver_1      |[0m INFO:__main__:⚡ Using Custom Aggregator with Drift Metric...
[33mserver_1      |[0m INFO:server.aggregator:Starting FedAvg aggregation for 5 clients.
[33mserver_1      |[0m INFO:server.aggregator:--- [METRIC] Weight Divergence: 1.9124
[33mserver_1      |[0m INFO:server.aggregator:FedAvg aggregation complete.
[33mserver_1      |[0m INFO:__main__:Aggregation complete.
[33mserver_1      |[0m ⏱️ [TIME] Client client_006 finished training in 0.05s
[33mserver_1      |[0m ⏱️ [TIME] Client client_003 finished training in 26.95s
[33mserver_1      |[0m ⏱️ [TIME] Client client_007 finished training in 1.14s
[33mserver_1      |[0m ⏱️ [TIME] Client client_002 finished training in 2.02s
[33mserver_1      |[0m DEBUG: ⚠️ MY CUSTOM AGGREGATOR IS RUNNING ⚠️
[36;1mclient_005_1  |[0m 2026-01-27 19:54:25,372 - __main__ - INFO - Round 30 finished. Loss: 0.3720, Acc: 94.28%
[33mserver_1      |[0m INFO:werkzeug:172.18.0.12 - - [27/Jan/2026 19:54:25] "[31m[1mPOST /submit_update HTTP/1.1[0m" 400 -
[36;1mclient_005_1  |[0m 2026-01-27 19:54:25,460 - __main__ - ERROR - Update submission failed: {"error":"Not accepting updates"}
[36;1mclient_005_1  |[0m 
[36;1mclient_005_1  |[0m 2026-01-27 19:54:25,461 - __main__ - INFO - Update submitted for Round 30. Waiting...
[33mserver_1      |[0m INFO:__main__:--- Round 31 Acc: 42.82%, Loss: 1.6719 ---
[33mserver_1      |[0m INFO:__main__:--- Starting Round 32. Timeout: 300s ---
[33mserver_1      |[0m INFO:werkzeug:172.18.0.21 - - [27/Jan/2026 19:54:26] "POST /submit_update HTTP/1.1" 200 -
[32mclient_002_1  |[0m 2026-01-27 19:54:26,090 - __main__ - INFO - 🚀 Model update submitted successfully.
[32mclient_002_1  |[0m 2026-01-27 19:54:26,090 - __main__ - INFO - Update submitted for Round 31. Waiting...
[34;1mclient_009_1  |[0m 2026-01-27 19:54:26,173 - __main__ - INFO - --- New Round Detected: 32 ---
[33mserver_1      |[0m INFO:werkzeug:172.18.0.7 - - [27/Jan/2026 19:54:26] "GET /download_model?round=32 HTTP/1.1" 200 -
[33mclient_001_1  |[0m 2026-01-27 19:54:26,917 - __main__ - INFO - --- New Round Detected: 32 ---
[33mserver_1      |[0m INFO:werkzeug:172.18.0.18 - - [27/Jan/2026 19:54:26] "GET /download_model?round=32 HTTP/1.1" 200 -
[33mclient_001_1  |[0m 2026-01-27 19:54:27,579 - __main__ - INFO - Round 32 finished. Loss: 0.4990, Acc: 98.06%
[33mserver_1      |[0m INFO:__main__:Received update from client_001
[33mserver_1      |[0m INFO:werkzeug:172.18.0.18 - - [27/Jan/2026 19:54:27] "POST /submit_update HTTP/1.1" 200 -
[33mclient_001_1  |[0m 2026-01-27 19:54:27,712 - __main__ - INFO - 🚀 Model update submitted successfully.
[33mclient_001_1  |[0m 2026-01-27 19:54:27,712 - __main__ - INFO - Update submitted for Round 32. Waiting...
[35;1mclient_008_1  |[0m 2026-01-27 19:54:29,218 - __main__ - INFO - --- New Round Detected: 32 ---
[36mclient_010_1  |[0m 2026-01-27 19:54:29,225 - __main__ - INFO - --- New Round Detected: 32 ---
[33mserver_1      |[0m INFO:werkzeug:172.18.0.19 - - [27/Jan/2026 19:54:29] "GET /download_model?round=32 HTTP/1.1" 200 -
[33mserver_1      |[0m INFO:werkzeug:172.18.0.11 - - [27/Jan/2026 19:54:29] "GET /download_model?round=32 HTTP/1.1" 200 -
[36mclient_010_1  |[0m 2026-01-27 19:54:30,680 - __main__ - INFO - Round 32 finished. Loss: 0.5057, Acc: 98.65%
[33mserver_1      |[0m INFO:__main__:Received update from client_010
[33mserver_1      |[0m INFO:werkzeug:172.18.0.11 - - [27/Jan/2026 19:54:30] "POST /submit_update HTTP/1.1" 200 -
[36mclient_010_1  |[0m 2026-01-27 19:54:30,836 - __main__ - INFO - 🚀 Model update submitted successfully.
[36mclient_010_1  |[0m 2026-01-27 19:54:30,837 - __main__ - INFO - Update submitted for Round 32. Waiting...
[33;1mclient_006_1  |[0m 2026-01-27 19:54:30,954 - __main__ - INFO - --- New Round Detected: 32 ---
[33mserver_1      |[0m INFO:werkzeug:172.18.0.20 - - [27/Jan/2026 19:54:30] "GET /download_model?round=32 HTTP/1.1" 200 -
[34;1mclient_009_1  |[0m 2026-01-27 19:54:31,082 - __main__ - INFO - Round 32 finished. Loss: 0.9984, Acc: 72.50%
[33;1mclient_006_1  |[0m 2026-01-27 19:54:31,161 - __main__ - INFO - Round 32 finished. Loss: 0.6778, Acc: 85.71%
[33mserver_1      |[0m INFO:__main__:Received update from client_009
[33mserver_1      |[0m INFO:werkzeug:172.18.0.7 - - [27/Jan/2026 19:54:31] "POST /submit_update HTTP/1.1" 200 -
[34;1mclient_009_1  |[0m 2026-01-27 19:54:31,217 - __main__ - INFO - 🚀 Model update submitted successfully.
[34;1mclient_009_1  |[0m 2026-01-27 19:54:31,217 - __main__ - INFO - Update submitted for Round 32. Waiting...
[33mserver_1      |[0m INFO:__main__:Received update from client_006
[33mserver_1      |[0m INFO:werkzeug:172.18.0.20 - - [27/Jan/2026 19:54:31] "POST /submit_update HTTP/1.1" 200 -
[33;1mclient_006_1  |[0m 2026-01-27 19:54:31,296 - __main__ - INFO - 🚀 Model update submitted successfully.
[33;1mclient_006_1  |[0m 2026-01-27 19:54:31,296 - __main__ - INFO - Update submitted for Round 32. Waiting...
[35mclient_003_1  |[0m 2026-01-27 19:54:31,435 - __main__ - INFO - --- New Round Detected: 32 ---
[33mserver_1      |[0m INFO:werkzeug:172.18.0.16 - - [27/Jan/2026 19:54:31] "GET /download_model?round=32 HTTP/1.1" 200 -
[32;1mclient_007_1  |[0m 2026-01-27 19:54:31,756 - __main__ - INFO - --- New Round Detected: 32 ---
[33mserver_1      |[0m INFO:werkzeug:172.18.0.22 - - [27/Jan/2026 19:54:31] "GET /download_model?round=32 HTTP/1.1" 200 -
[34mclient_004_1  |[0m 2026-01-27 19:54:32,033 - __main__ - INFO - Round 30 finished. Loss: 0.7497, Acc: 79.16%
[33mserver_1      |[0m INFO:__main__:Received update from client_004
[33mserver_1      |[0m INFO:__main__:--- Aggregating 5 updates ---
[33mserver_1      |[0m INFO:__main__:⚡ Using Custom Aggregator with Drift Metric...
[33mserver_1      |[0m INFO:server.aggregator:Starting FedAvg aggregation for 5 clients.
[32;1mclient_007_1  |[0m 2026-01-27 19:54:32,686 - __main__ - INFO - Round 32 finished. Loss: 0.9593, Acc: 74.36%
[33mserver_1      |[0m INFO:werkzeug:172.18.0.22 - - [27/Jan/2026 19:54:32] "[31m[1mPOST /submit_update HTTP/1.1[0m" 400 -
[32;1mclient_007_1  |[0m 2026-01-27 19:54:32,755 - __main__ - ERROR - Update submission failed: {"error":"Not accepting updates"}
[32;1mclient_007_1  |[0m 
[32;1mclient_007_1  |[0m 2026-01-27 19:54:32,756 - __main__ - INFO - Update submitted for Round 32. Waiting...
[35;1mclient_008_1  |[0m 2026-01-27 19:54:32,923 - __main__ - INFO - Round 32 finished. Loss: 0.2884, Acc: 98.67%
[33mserver_1      |[0m INFO:werkzeug:172.18.0.19 - - [27/Jan/2026 19:54:32] "[31m[1mPOST /submit_update HTTP/1.1[0m" 400 -
[35;1mclient_008_1  |[0m 2026-01-27 19:54:33,016 - __main__ - ERROR - Update submission failed: {"error":"Not accepting updates"}
[35;1mclient_008_1  |[0m 
[35;1mclient_008_1  |[0m 2026-01-27 19:54:33,016 - __main__ - INFO - Update submitted for Round 32. Waiting...
[33mserver_1      |[0m INFO:server.aggregator:--- [METRIC] Weight Divergence: 1.7862
[33mserver_1      |[0m INFO:server.aggregator:FedAvg aggregation complete.
[33mserver_1      |[0m INFO:__main__:Aggregation complete.
[33mserver_1      |[0m ⏱️ [TIME] Client client_001 finished training in 0.54s
[33mserver_1      |[0m ⏱️ [TIME] Client client_010 finished training in 1.32s
[33mserver_1      |[0m ⏱️ [TIME] Client client_009 finished training in 4.77s
[33mserver_1      |[0m ⏱️ [TIME] Client client_006 finished training in 0.07s
[33mserver_1      |[0m ⏱️ [TIME] Client client_004 finished training in 13.01s
[33mserver_1      |[0m DEBUG: ⚠️ MY CUSTOM AGGREGATOR IS RUNNING ⚠️
[33mserver_1      |[0m INFO:__main__:--- Round 32 Acc: 44.91%, Loss: 1.5530 ---
[33mserver_1      |[0m INFO:__main__:--- Starting Round 33. Timeout: 300s ---
[33mserver_1      |[0m INFO:werkzeug:172.18.0.17 - - [27/Jan/2026 19:54:35] "POST /submit_update HTTP/1.1" 200 -
[34mclient_004_1  |[0m 2026-01-27 19:54:35,323 - __main__ - INFO - 🚀 Model update submitted successfully.
[34mclient_004_1  |[0m 2026-01-27 19:54:35,323 - __main__ - INFO - Update submitted for Round 30. Waiting...
[36;1mclient_005_1  |[0m 2026-01-27 19:54:35,525 - __main__ - INFO - --- New Round Detected: 33 ---
[33mserver_1      |[0m INFO:werkzeug:172.18.0.12 - - [27/Jan/2026 19:54:35] "GET /download_model?round=33 HTTP/1.1" 200 -
[32mclient_002_1  |[0m 2026-01-27 19:54:36,155 - __main__ - INFO - --- New Round Detected: 33 ---
[33mserver_1      |[0m INFO:werkzeug:172.18.0.21 - - [27/Jan/2026 19:54:36] "GET /download_model?round=33 HTTP/1.1" 200 -
[33mclient_001_1  |[0m 2026-01-27 19:54:37,790 - __main__ - INFO - --- New Round Detected: 33 ---
[33mserver_1      |[0m INFO:werkzeug:172.18.0.18 - - [27/Jan/2026 19:54:37] "GET /download_model?round=33 HTTP/1.1" 200 -
[32mclient_002_1  |[0m 2026-01-27 19:54:38,698 - __main__ - INFO - Round 33 finished. Loss: 0.4780, Acc: 93.48%
[33mclient_001_1  |[0m 2026-01-27 19:54:38,724 - __main__ - INFO - Round 33 finished. Loss: 0.3085, Acc: 98.38%
[33mserver_1      |[0m INFO:__main__:Received update from client_002
[33mserver_1      |[0m INFO:werkzeug:172.18.0.21 - - [27/Jan/2026 19:54:38] "POST /submit_update HTTP/1.1" 200 -
[33mserver_1      |[0m INFO:__main__:Received update from client_001
[33mserver_1      |[0m INFO:werkzeug:172.18.0.18 - - [27/Jan/2026 19:54:38] "POST /submit_update HTTP/1.1" 200 -
[32mclient_002_1  |[0m 2026-01-27 19:54:38,833 - __main__ - INFO - 🚀 Model update submitted successfully.
[32mclient_002_1  |[0m 2026-01-27 19:54:38,833 - __main__ - INFO - Update submitted for Round 33. Waiting...
[33mclient_001_1  |[0m 2026-01-27 19:54:38,865 - __main__ - INFO - 🚀 Model update submitted successfully.
[33mclient_001_1  |[0m 2026-01-27 19:54:38,865 - __main__ - INFO - Update submitted for Round 33. Waiting...
[36mclient_010_1  |[0m 2026-01-27 19:54:40,904 - __main__ - INFO - --- New Round Detected: 33 ---
[33mserver_1      |[0m INFO:werkzeug:172.18.0.11 - - [27/Jan/2026 19:54:40] "GET /download_model?round=33 HTTP/1.1" 200 -
[34;1mclient_009_1  |[0m 2026-01-27 19:54:41,281 - __main__ - INFO - --- New Round Detected: 33 ---
[33mserver_1      |[0m INFO:werkzeug:172.18.0.7 - - [27/Jan/2026 19:54:41] "GET /download_model?round=33 HTTP/1.1" 200 -
[33;1mclient_006_1  |[0m 2026-01-27 19:54:41,535 - __main__ - INFO - --- New Round Detected: 33 ---
[33mserver_1      |[0m INFO:werkzeug:172.18.0.20 - - [27/Jan/2026 19:54:41] "GET /download_model?round=33 HTTP/1.1" 200 -
[36;1mclient_005_1  |[0m 2026-01-27 19:54:41,701 - __main__ - INFO - Round 33 finished. Loss: 0.4558, Acc: 93.94%
[33;1mclient_006_1  |[0m 2026-01-27 19:54:41,715 - __main__ - INFO - Round 33 finished. Loss: 0.6212, Acc: 85.71%
[33mserver_1      |[0m INFO:__main__:Received update from client_005
[33mserver_1      |[0m INFO:werkzeug:172.18.0.12 - - [27/Jan/2026 19:54:41] "POST /submit_update HTTP/1.1" 200 -
[33mserver_1      |[0m INFO:__main__:Received update from client_006
[33mserver_1      |[0m INFO:werkzeug:172.18.0.20 - - [27/Jan/2026 19:54:41] "POST /submit_update HTTP/1.1" 200 -
[36;1mclient_005_1  |[0m 2026-01-27 19:54:41,881 - __main__ - INFO - 🚀 Model update submitted successfully.
[36;1mclient_005_1  |[0m 2026-01-27 19:54:41,881 - __main__ - INFO - Update submitted for Round 33. Waiting...
[33;1mclient_006_1  |[0m 2026-01-27 19:54:41,936 - __main__ - INFO - 🚀 Model update submitted successfully.
[33;1mclient_006_1  |[0m 2026-01-27 19:54:41,936 - __main__ - INFO - Update submitted for Round 33. Waiting...
[36mclient_010_1  |[0m 2026-01-27 19:54:42,392 - __main__ - INFO - Round 33 finished. Loss: 0.3124, Acc: 98.65%
[33mserver_1      |[0m INFO:__main__:Received update from client_010
[33mserver_1      |[0m INFO:__main__:--- Aggregating 5 updates ---
[33mserver_1      |[0m INFO:__main__:⚡ Using Custom Aggregator with Drift Metric...
[33mserver_1      |[0m INFO:server.aggregator:Starting FedAvg aggregation for 5 clients.
[32;1mclient_007_1  |[0m 2026-01-27 19:54:42,930 - __main__ - INFO - --- New Round Detected: 33 ---
[33mserver_1      |[0m INFO:werkzeug:172.18.0.22 - - [27/Jan/2026 19:54:42] "GET /download_model?round=33 HTTP/1.1" 200 -
[35;1mclient_008_1  |[0m 2026-01-27 19:54:43,162 - __main__ - INFO - --- New Round Detected: 33 ---
[33mserver_1      |[0m INFO:werkzeug:172.18.0.19 - - [27/Jan/2026 19:54:43] "GET /download_model?round=33 HTTP/1.1" 200 -
[32;1mclient_007_1  |[0m 2026-01-27 19:54:43,923 - __main__ - INFO - Round 33 finished. Loss: 1.0175, Acc: 64.65%
[33mserver_1      |[0m INFO:werkzeug:172.18.0.22 - - [27/Jan/2026 19:54:44] "[31m[1mPOST /submit_update HTTP/1.1[0m" 400 -
[32;1mclient_007_1  |[0m 2026-01-27 19:54:44,060 - __main__ - ERROR - Update submission failed: {"error":"Not accepting updates"}
[32;1mclient_007_1  |[0m 
[32;1mclient_007_1  |[0m 2026-01-27 19:54:44,060 - __main__ - INFO - Update submitted for Round 33. Waiting...
[33mserver_1      |[0m INFO:server.aggregator:--- [METRIC] Weight Divergence: 0.8786
[33mserver_1      |[0m INFO:server.aggregator:FedAvg aggregation complete.
[33mserver_1      |[0m INFO:__main__:Aggregation complete.
[33mserver_1      |[0m ⏱️ [TIME] Client client_002 finished training in 2.40s
[33mserver_1      |[0m ⏱️ [TIME] Client client_001 finished training in 0.79s
[33mserver_1      |[0m ⏱️ [TIME] Client client_005 finished training in 6.04s
[33mserver_1      |[0m ⏱️ [TIME] Client client_006 finished training in 0.04s
[33mserver_1      |[0m ⏱️ [TIME] Client client_010 finished training in 1.36s
[33mserver_1      |[0m DEBUG: ⚠️ MY CUSTOM AGGREGATOR IS RUNNING ⚠️
[34mclient_004_1  |[0m 2026-01-27 19:54:45,387 - __main__ - INFO - --- New Round Detected: 33 ---
[33mserver_1      |[0m INFO:werkzeug:172.18.0.17 - - [27/Jan/2026 19:54:45] "GET /download_model?round=33 HTTP/1.1" 200 -
[33mserver_1      |[0m INFO:__main__:--- Round 33 Acc: 33.88%, Loss: 1.8622 ---
[33mserver_1      |[0m INFO:__main__:--- Starting Round 34. Timeout: 300s ---
[33mserver_1      |[0m INFO:werkzeug:172.18.0.11 - - [27/Jan/2026 19:54:46] "POST /submit_update HTTP/1.1" 200 -
[36mclient_010_1  |[0m 2026-01-27 19:54:46,173 - __main__ - INFO - 🚀 Model update submitted successfully.
[36mclient_010_1  |[0m 2026-01-27 19:54:46,173 - __main__ - INFO - Update submitted for Round 33. Waiting...
[35;1mclient_008_1  |[0m 2026-01-27 19:54:46,579 - __main__ - INFO - Round 33 finished. Loss: 0.3586, Acc: 97.19%
[33mserver_1      |[0m INFO:__main__:Received update from client_008
[33mserver_1      |[0m INFO:werkzeug:172.18.0.19 - - [27/Jan/2026 19:54:46] "POST /submit_update HTTP/1.1" 200 -
[35;1mclient_008_1  |[0m 2026-01-27 19:54:46,734 - __main__ - INFO - 🚀 Model update submitted successfully.
[35;1mclient_008_1  |[0m 2026-01-27 19:54:46,734 - __main__ - INFO - Update submitted for Round 33. Waiting...
[34;1mclient_009_1  |[0m 2026-01-27 19:54:46,766 - __main__ - INFO - Round 33 finished. Loss: 0.8123, Acc: 74.28%
[33mserver_1      |[0m INFO:__main__:Received update from client_009
[33mserver_1      |[0m INFO:werkzeug:172.18.0.7 - - [27/Jan/2026 19:54:46] "POST /submit_update HTTP/1.1" 200 -
[34;1mclient_009_1  |[0m 2026-01-27 19:54:46,902 - __main__ - INFO - 🚀 Model update submitted successfully.
[34;1mclient_009_1  |[0m 2026-01-27 19:54:46,902 - __main__ - INFO - Update submitted for Round 33. Waiting...
[32mclient_002_1  |[0m 2026-01-27 19:54:48,918 - __main__ - INFO - --- New Round Detected: 34 ---
[33mclient_001_1  |[0m 2026-01-27 19:54:48,927 - __main__ - INFO - --- New Round Detected: 34 ---
[33mserver_1      |[0m INFO:werkzeug:172.18.0.21 - - [27/Jan/2026 19:54:48] "GET /download_model?round=34 HTTP/1.1" 200 -
[33mserver_1      |[0m INFO:werkzeug:172.18.0.18 - - [27/Jan/2026 19:54:48] "GET /download_model?round=34 HTTP/1.1" 200 -
[33mclient_001_1  |[0m 2026-01-27 19:54:50,302 - __main__ - INFO - Round 34 finished. Loss: 0.2921, Acc: 98.38%
[33mserver_1      |[0m INFO:__main__:Received update from client_001
[33mserver_1      |[0m INFO:werkzeug:172.18.0.18 - - [27/Jan/2026 19:54:50] "POST /submit_update HTTP/1.1" 200 -
[33mclient_001_1  |[0m 2026-01-27 19:54:50,460 - __main__ - INFO - 🚀 Model update submitted successfully.
[33mclient_001_1  |[0m 2026-01-27 19:54:50,460 - __main__ - INFO - Update submitted for Round 34. Waiting...
[36;1mclient_005_1  |[0m 2026-01-27 19:54:51,943 - __main__ - INFO - --- New Round Detected: 34 ---
[33mserver_1      |[0m INFO:werkzeug:172.18.0.12 - - [27/Jan/2026 19:54:51] "GET /download_model?round=34 HTTP/1.1" 200 -
[33;1mclient_006_1  |[0m 2026-01-27 19:54:52,003 - __main__ - INFO - --- New Round Detected: 34 ---
[33mserver_1      |[0m INFO:werkzeug:172.18.0.20 - - [27/Jan/2026 19:54:52] "GET /download_model?round=34 HTTP/1.1" 200 -
[32mclient_002_1  |[0m 2026-01-27 19:54:52,053 - __main__ - INFO - Round 34 finished. Loss: 0.4676, Acc: 93.48%
[33;1mclient_006_1  |[0m 2026-01-27 19:54:52,178 - __main__ - INFO - Round 34 finished. Loss: 1.1428, Acc: 57.14%
[33mserver_1      |[0m INFO:__main__:Received update from client_002
[33mserver_1      |[0m INFO:werkzeug:172.18.0.21 - - [27/Jan/2026 19:54:52] "POST /submit_update HTTP/1.1" 200 -
[32mclient_002_1  |[0m 2026-01-27 19:54:52,210 - __main__ - INFO - 🚀 Model update submitted successfully.
[32mclient_002_1  |[0m 2026-01-27 19:54:52,210 - __main__ - INFO - Update submitted for Round 34. Waiting...
[33mserver_1      |[0m INFO:__main__:Received update from client_006
[33mserver_1      |[0m INFO:__main__:--- Aggregating 5 updates ---
[33mserver_1      |[0m INFO:__main__:⚡ Using Custom Aggregator with Drift Metric...
[33mserver_1      |[0m INFO:server.aggregator:Starting FedAvg aggregation for 5 clients.
[32;1mclient_007_1  |[0m 2026-01-27 19:54:54,132 - __main__ - INFO - --- New Round Detected: 34 ---
[33mserver_1      |[0m INFO:werkzeug:172.18.0.22 - - [27/Jan/2026 19:54:54] "GET /download_model?round=34 HTTP/1.1" 200 -
[33mserver_1      |[0m INFO:server.aggregator:--- [METRIC] Weight Divergence: 1.1443
[33mserver_1      |[0m INFO:server.aggregator:FedAvg aggregation complete.
[33mserver_1      |[0m INFO:__main__:Aggregation complete.
[33mserver_1      |[0m ⏱️ [TIME] Client client_008 finished training in 3.23s
[33mserver_1      |[0m ⏱️ [TIME] Client client_009 finished training in 5.36s
[33mserver_1      |[0m ⏱️ [TIME] Client client_001 finished training in 1.24s
[33mserver_1      |[0m ⏱️ [TIME] Client client_002 finished training in 3.01s
[33mserver_1      |[0m ⏱️ [TIME] Client client_006 finished training in 0.04s
[33mserver_1      |[0m DEBUG: ⚠️ MY CUSTOM AGGREGATOR IS RUNNING ⚠️
[32;1mclient_007_1  |[0m 2026-01-27 19:54:54,905 - __main__ - INFO - Round 34 finished. Loss: 1.1178, Acc: 71.25%
[33mserver_1      |[0m INFO:werkzeug:172.18.0.22 - - [27/Jan/2026 19:54:54] "[31m[1mPOST /submit_update HTTP/1.1[0m" 400 -
[32;1mclient_007_1  |[0m 2026-01-27 19:54:54,974 - __main__ - ERROR - Update submission failed: {"error":"Not accepting updates"}
[32;1mclient_007_1  |[0m 
[32;1mclient_007_1  |[0m 2026-01-27 19:54:54,974 - __main__ - INFO - Update submitted for Round 34. Waiting...
[34mclient_004_1  |[0m 2026-01-27 19:54:55,300 - __main__ - INFO - Round 33 finished. Loss: 0.7367, Acc: 80.03%
[33mserver_1      |[0m INFO:werkzeug:172.18.0.17 - - [27/Jan/2026 19:54:55] "[31m[1mPOST /submit_update HTTP/1.1[0m" 400 -
[34mclient_004_1  |[0m 2026-01-27 19:54:55,373 - __main__ - ERROR - Update submission failed: {"error":"Not accepting updates"}
[34mclient_004_1  |[0m 
[34mclient_004_1  |[0m 2026-01-27 19:54:55,374 - __main__ - INFO - Update submitted for Round 33. Waiting...
[35mclient_003_1  |[0m 2026-01-27 19:54:55,830 - __main__ - INFO - Round 32 finished. Loss: 0.7566, Acc: 77.61%
[33mserver_1      |[0m INFO:werkzeug:172.18.0.16 - - [27/Jan/2026 19:54:55] "[31m[1mPOST /submit_update HTTP/1.1[0m" 400 -
[35mclient_003_1  |[0m 2026-01-27 19:54:55,898 - __main__ - ERROR - Update submission failed: {"error":"Not accepting updates"}
[35mclient_003_1  |[0m 
[35mclient_003_1  |[0m 2026-01-27 19:54:55,898 - __main__ - INFO - Update submitted for Round 32. Waiting...
[33mserver_1      |[0m INFO:__main__:--- Round 34 Acc: 33.09%, Loss: 1.9781 ---
[33mserver_1      |[0m INFO:__main__:--- Starting Round 35. Timeout: 300s ---
[33mserver_1      |[0m INFO:werkzeug:172.18.0.20 - - [27/Jan/2026 19:54:56] "POST /submit_update HTTP/1.1" 200 -
[33;1mclient_006_1  |[0m 2026-01-27 19:54:56,187 - __main__ - INFO - 🚀 Model update submitted successfully.
[33;1mclient_006_1  |[0m 2026-01-27 19:54:56,188 - __main__ - INFO - Update submitted for Round 34. Waiting...
[36mclient_010_1  |[0m 2026-01-27 19:54:56,238 - __main__ - INFO - --- New Round Detected: 35 ---
[33mserver_1      |[0m INFO:werkzeug:172.18.0.11 - - [27/Jan/2026 19:54:56] "GET /download_model?round=35 HTTP/1.1" 200 -
[35;1mclient_008_1  |[0m 2026-01-27 19:54:56,798 - __main__ - INFO - --- New Round Detected: 35 ---
[33mserver_1      |[0m INFO:werkzeug:172.18.0.19 - - [27/Jan/2026 19:54:56] "GET /download_model?round=35 HTTP/1.1" 200 -
[34;1mclient_009_1  |[0m 2026-01-27 19:54:56,998 - __main__ - INFO - --- New Round Detected: 35 ---
[33mserver_1      |[0m INFO:werkzeug:172.18.0.7 - - [27/Jan/2026 19:54:57] "GET /download_model?round=35 HTTP/1.1" 200 -
[36mclient_010_1  |[0m 2026-01-27 19:54:57,891 - __main__ - INFO - Round 35 finished. Loss: 0.2106, Acc: 98.40%
[36;1mclient_005_1  |[0m 2026-01-27 19:54:57,991 - __main__ - INFO - Round 34 finished. Loss: 0.3103, Acc: 94.78%
[33mserver_1      |[0m INFO:__main__:Received update from client_010
[33mserver_1      |[0m INFO:werkzeug:172.18.0.11 - - [27/Jan/2026 19:54:58] "POST /submit_update HTTP/1.1" 200 -
[36mclient_010_1  |[0m 2026-01-27 19:54:58,047 - __main__ - INFO - 🚀 Model update submitted successfully.
[36mclient_010_1  |[0m 2026-01-27 19:54:58,048 - __main__ - INFO - Update submitted for Round 35. Waiting...
[33mserver_1      |[0m INFO:__main__:Received update from client_005
[33mserver_1      |[0m INFO:werkzeug:172.18.0.12 - - [27/Jan/2026 19:54:58] "POST /submit_update HTTP/1.1" 200 -
[36;1mclient_005_1  |[0m 2026-01-27 19:54:58,124 - __main__ - INFO - 🚀 Model update submitted successfully.
[36;1mclient_005_1  |[0m 2026-01-27 19:54:58,125 - __main__ - INFO - Update submitted for Round 34. Waiting...
[33mclient_001_1  |[0m 2026-01-27 19:55:00,542 - __main__ - INFO - --- New Round Detected: 35 ---
[33mserver_1      |[0m INFO:werkzeug:172.18.0.18 - - [27/Jan/2026 19:55:00] "GET /download_model?round=35 HTTP/1.1" 200 -
[34;1mclient_009_1  |[0m 2026-01-27 19:55:00,945 - __main__ - INFO - Round 35 finished. Loss: 0.7228, Acc: 74.50%
[35;1mclient_008_1  |[0m 2026-01-27 19:55:01,024 - __main__ - INFO - Round 35 finished. Loss: 0.2390, Acc: 98.82%
[33mserver_1      |[0m INFO:__main__:Received update from client_009
[33mserver_1      |[0m INFO:werkzeug:172.18.0.7 - - [27/Jan/2026 19:55:01] "POST /submit_update HTTP/1.1" 200 -
[34;1mclient_009_1  |[0m 2026-01-27 19:55:01,080 - __main__ - INFO - 🚀 Model update submitted successfully.
[34;1mclient_009_1  |[0m 2026-01-27 19:55:01,080 - __main__ - INFO - Update submitted for Round 35. Waiting...
[33mserver_1      |[0m INFO:__main__:Received update from client_008
[33mserver_1      |[0m INFO:werkzeug:172.18.0.19 - - [27/Jan/2026 19:55:01] "POST /submit_update HTTP/1.1" 200 -
[35;1mclient_008_1  |[0m 2026-01-27 19:55:01,189 - __main__ - INFO - 🚀 Model update submitted successfully.
[35;1mclient_008_1  |[0m 2026-01-27 19:55:01,189 - __main__ - INFO - Update submitted for Round 35. Waiting...
[33mclient_001_1  |[0m 2026-01-27 19:55:01,928 - __main__ - INFO - Round 35 finished. Loss: 0.2116, Acc: 99.03%
[33mserver_1      |[0m INFO:__main__:Received update from client_001
[33mserver_1      |[0m INFO:__main__:--- Aggregating 5 updates ---
[33mserver_1      |[0m INFO:__main__:⚡ Using Custom Aggregator with Drift Metric...
[33mserver_1      |[0m INFO:server.aggregator:Starting FedAvg aggregation for 5 clients.
[32mclient_002_1  |[0m 2026-01-27 19:55:02,275 - __main__ - INFO - --- New Round Detected: 35 ---
[33mserver_1      |[0m INFO:werkzeug:172.18.0.21 - - [27/Jan/2026 19:55:02] "GET /download_model?round=35 HTTP/1.1" 200 -
[33mserver_1      |[0m INFO:server.aggregator:--- [METRIC] Weight Divergence: 0.9835
[33mserver_1      |[0m INFO:server.aggregator:FedAvg aggregation complete.
[33mserver_1      |[0m INFO:__main__:Aggregation complete.
[33mserver_1      |[0m ⏱️ [TIME] Client client_010 finished training in 1.52s
[33mserver_1      |[0m ⏱️ [TIME] Client client_005 finished training in 5.90s
[33mserver_1      |[0m ⏱️ [TIME] Client client_009 finished training in 3.81s
[33mserver_1      |[0m ⏱️ [TIME] Client client_008 finished training in 4.09s
[33mserver_1      |[0m ⏱️ [TIME] Client client_001 finished training in 1.25s
[33mserver_1      |[0m DEBUG: ⚠️ MY CUSTOM AGGREGATOR IS RUNNING ⚠️
[32;1mclient_007_1  |[0m 2026-01-27 19:55:05,038 - __main__ - INFO - --- New Round Detected: 35 ---
[33mserver_1      |[0m INFO:__main__:--- Round 35 Acc: 38.36%, Loss: 1.7537 ---
[33mserver_1      |[0m INFO:__main__:--- Starting Round 36. Timeout: 300s ---
[33mserver_1      |[0m INFO:werkzeug:172.18.0.18 - - [27/Jan/2026 19:55:05] "POST /submit_update HTTP/1.1" 200 -
[33mserver_1      |[0m INFO:werkzeug:172.18.0.22 - - [27/Jan/2026 19:55:05] "GET /download_model?round=35 HTTP/1.1" 200 -
[33mclient_001_1  |[0m 2026-01-27 19:55:05,073 - __main__ - INFO - 🚀 Model update submitted successfully.
[33mclient_001_1  |[0m 2026-01-27 19:55:05,073 - __main__ - INFO - Update submitted for Round 35. Waiting...
[34mclient_004_1  |[0m 2026-01-27 19:55:05,477 - __main__ - INFO - --- New Round Detected: 36 ---
[33mserver_1      |[0m INFO:werkzeug:172.18.0.17 - - [27/Jan/2026 19:55:05] "GET /download_model?round=36 HTTP/1.1" 200 -
[32mclient_002_1  |[0m 2026-01-27 19:55:05,502 - __main__ - INFO - Round 35 finished. Loss: 0.4042, Acc: 93.68%
[33mserver_1      |[0m INFO:__main__:Received update from client_002
[33mserver_1      |[0m INFO:werkzeug:172.18.0.21 - - [27/Jan/2026 19:55:05] "POST /submit_update HTTP/1.1" 200 -
[32mclient_002_1  |[0m 2026-01-27 19:55:05,658 - __main__ - INFO - 🚀 Model update submitted successfully.
[32mclient_002_1  |[0m 2026-01-27 19:55:05,659 - __main__ - INFO - Update submitted for Round 35. Waiting...
[32;1mclient_007_1  |[0m 2026-01-27 19:55:05,731 - __main__ - INFO - Round 35 finished. Loss: 1.3309, Acc: 72.16%
[33mserver_1      |[0m INFO:__main__:Received update from client_007
[33mserver_1      |[0m INFO:werkzeug:172.18.0.22 - - [27/Jan/2026 19:55:05] "POST /submit_update HTTP/1.1" 200 -
[32;1mclient_007_1  |[0m 2026-01-27 19:55:05,865 - __main__ - INFO - 🚀 Model update submitted successfully.
[32;1mclient_007_1  |[0m 2026-01-27 19:55:05,865 - __main__ - INFO - Update submitted for Round 35. Waiting...
[35mclient_003_1  |[0m 2026-01-27 19:55:05,962 - __main__ - INFO - --- New Round Detected: 36 ---
[33mserver_1      |[0m INFO:werkzeug:172.18.0.16 - - [27/Jan/2026 19:55:05] "GET /download_model?round=36 HTTP/1.1" 200 -
[33;1mclient_006_1  |[0m 2026-01-27 19:55:06,298 - __main__ - INFO - --- New Round Detected: 36 ---
[33mserver_1      |[0m INFO:werkzeug:172.18.0.20 - - [27/Jan/2026 19:55:06] "GET /download_model?round=36 HTTP/1.1" 200 -
[33;1mclient_006_1  |[0m 2026-01-27 19:55:06,487 - __main__ - INFO - Round 36 finished. Loss: 0.8059, Acc: 85.71%
[33mserver_1      |[0m INFO:__main__:Received update from client_006
[33mserver_1      |[0m INFO:werkzeug:172.18.0.20 - - [27/Jan/2026 19:55:06] "POST /submit_update HTTP/1.1" 200 -
[33;1mclient_006_1  |[0m 2026-01-27 19:55:06,624 - __main__ - INFO - 🚀 Model update submitted successfully.
[33;1mclient_006_1  |[0m 2026-01-27 19:55:06,625 - __main__ - INFO - Update submitted for Round 36. Waiting...
[36mclient_010_1  |[0m 2026-01-27 19:55:08,115 - __main__ - INFO - --- New Round Detected: 36 ---
[33mserver_1      |[0m INFO:werkzeug:172.18.0.11 - - [27/Jan/2026 19:55:08] "GET /download_model?round=36 HTTP/1.1" 200 -
[36;1mclient_005_1  |[0m 2026-01-27 19:55:08,189 - __main__ - INFO - --- New Round Detected: 36 ---
[33mserver_1      |[0m INFO:werkzeug:172.18.0.12 - - [27/Jan/2026 19:55:08] "GET /download_model?round=36 HTTP/1.1" 200 -
[36mclient_010_1  |[0m 2026-01-27 19:55:09,948 - __main__ - INFO - Round 36 finished. Loss: 0.2460, Acc: 98.03%
[33mserver_1      |[0m INFO:__main__:Received update from client_010
[33mserver_1      |[0m INFO:werkzeug:172.18.0.11 - - [27/Jan/2026 19:55:10] "POST /submit_update HTTP/1.1" 200 -
[36mclient_010_1  |[0m 2026-01-27 19:55:10,083 - __main__ - INFO - 🚀 Model update submitted successfully.
[36mclient_010_1  |[0m 2026-01-27 19:55:10,084 - __main__ - INFO - Update submitted for Round 36. Waiting...
[34;1mclient_009_1  |[0m 2026-01-27 19:55:11,185 - __main__ - INFO - --- New Round Detected: 36 ---
[33mserver_1      |[0m INFO:werkzeug:172.18.0.7 - - [27/Jan/2026 19:55:11] "GET /download_model?round=36 HTTP/1.1" 200 -
[35;1mclient_008_1  |[0m 2026-01-27 19:55:11,289 - __main__ - INFO - --- New Round Detected: 36 ---
[33mserver_1      |[0m INFO:werkzeug:172.18.0.19 - - [27/Jan/2026 19:55:11] "GET /download_model?round=36 HTTP/1.1" 200 -
[33mclient_011_1  |[0m 2026-01-27 19:55:13,515 - __main__ - INFO - Round 0 finished. Loss: 1.3812, Acc: 45.32%
[33mserver_1      |[0m INFO:__main__:Received update from client_011
[33mserver_1      |[0m INFO:__main__:--- Aggregating 5 updates ---
[33mserver_1      |[0m INFO:__main__:⚡ Using Custom Aggregator with Drift Metric...
[33mserver_1      |[0m INFO:server.aggregator:Starting FedAvg aggregation for 5 clients.
[36;1mclient_005_1  |[0m 2026-01-27 19:55:14,692 - __main__ - INFO - Round 36 finished. Loss: 0.4636, Acc: 94.62%
[33mserver_1      |[0m INFO:werkzeug:172.18.0.12 - - [27/Jan/2026 19:55:14] "[31m[1mPOST /submit_update HTTP/1.1[0m" 400 -
[36;1mclient_005_1  |[0m 2026-01-27 19:55:14,781 - __main__ - ERROR - Update submission failed: {"error":"Not accepting updates"}
[36;1mclient_005_1  |[0m 
[36;1mclient_005_1  |[0m 2026-01-27 19:55:14,781 - __main__ - INFO - Update submitted for Round 36. Waiting...
[33mclient_001_1  |[0m 2026-01-27 19:55:15,144 - __main__ - INFO - --- New Round Detected: 36 ---
[34;1mclient_009_1  |[0m 2026-01-27 19:55:15,143 - __main__ - INFO - Round 36 finished. Loss: 0.8143, Acc: 73.39%
[33mserver_1      |[0m INFO:werkzeug:172.18.0.18 - - [27/Jan/2026 19:55:15] "GET /download_model?round=36 HTTP/1.1" 200 -
[33mserver_1      |[0m INFO:werkzeug:172.18.0.7 - - [27/Jan/2026 19:55:15] "[31m[1mPOST /submit_update HTTP/1.1[0m" 400 -
[34;1mclient_009_1  |[0m 2026-01-27 19:55:15,215 - __main__ - ERROR - Update submission failed: {"error":"Not accepting updates"}
[34;1mclient_009_1  |[0m 
[34;1mclient_009_1  |[0m 2026-01-27 19:55:15,215 - __main__ - INFO - Update submitted for Round 36. Waiting...
[35;1mclient_008_1  |[0m 2026-01-27 19:55:15,684 - __main__ - INFO - Round 36 finished. Loss: 0.2610, Acc: 98.57%
[33mserver_1      |[0m INFO:werkzeug:172.18.0.19 - - [27/Jan/2026 19:55:15] "[31m[1mPOST /submit_update HTTP/1.1[0m" 400 -
[32mclient_002_1  |[0m 2026-01-27 19:55:15,724 - __main__ - INFO - --- New Round Detected: 36 ---
[35;1mclient_008_1  |[0m 2026-01-27 19:55:15,748 - __main__ - ERROR - Update submission failed: {"error":"Not accepting updates"}
[35;1mclient_008_1  |[0m 
[35;1mclient_008_1  |[0m 2026-01-27 19:55:15,748 - __main__ - INFO - Update submitted for Round 36. Waiting...
[33mserver_1      |[0m INFO:werkzeug:172.18.0.21 - - [27/Jan/2026 19:55:16] "GET /download_model?round=36 HTTP/1.1" 200 -
[32;1mclient_007_1  |[0m 2026-01-27 19:55:16,100 - __main__ - INFO - --- New Round Detected: 36 ---
[33mserver_1      |[0m INFO:werkzeug:172.18.0.22 - - [27/Jan/2026 19:55:16] "GET /download_model?round=36 HTTP/1.1" 200 -
[33mclient_001_1  |[0m 2026-01-27 19:55:16,433 - __main__ - INFO - Round 36 finished. Loss: 0.2466, Acc: 99.35%
[33mserver_1      |[0m INFO:werkzeug:172.18.0.18 - - [27/Jan/2026 19:55:16] "[31m[1mPOST /submit_update HTTP/1.1[0m" 400 -
[33mclient_001_1  |[0m 2026-01-27 19:55:16,499 - __main__ - ERROR - Update submission failed: {"error":"Not accepting updates"}
[33mclient_001_1  |[0m 
[33mclient_001_1  |[0m 2026-01-27 19:55:16,499 - __main__ - INFO - Update submitted for Round 36. Waiting...
[32;1mclient_007_1  |[0m 2026-01-27 19:55:16,856 - __main__ - INFO - Round 36 finished. Loss: 1.1345, Acc: 71.43%
[33mserver_1      |[0m INFO:werkzeug:172.18.0.22 - - [27/Jan/2026 19:55:16] "[31m[1mPOST /submit_update HTTP/1.1[0m" 400 -
[32;1mclient_007_1  |[0m 2026-01-27 19:55:17,009 - __main__ - ERROR - Update submission failed: {"error":"Not accepting updates"}
[32;1mclient_007_1  |[0m 
[32;1mclient_007_1  |[0m 2026-01-27 19:55:17,009 - __main__ - INFO - Update submitted for Round 36. Waiting...
[33mserver_1      |[0m INFO:server.aggregator:--- [METRIC] Weight Divergence: 3.0898
[33mserver_1      |[0m INFO:server.aggregator:FedAvg aggregation complete.
[33mserver_1      |[0m INFO:__main__:Aggregation complete.
[33mserver_1      |[0m ⏱️ [TIME] Client client_002 finished training in 3.10s
[33mserver_1      |[0m ⏱️ [TIME] Client client_007 finished training in 0.56s
[33mserver_1      |[0m ⏱️ [TIME] Client client_006 finished training in 0.06s
[33mserver_1      |[0m ⏱️ [TIME] Client client_010 finished training in 1.70s
[33mserver_1      |[0m ⏱️ [TIME] Client client_011 finished training in 378.35s
[33mserver_1      |[0m DEBUG: ⚠️ MY CUSTOM AGGREGATOR IS RUNNING ⚠️
[32mclient_002_1  |[0m 2026-01-27 19:55:18,011 - __main__ - INFO - Round 36 finished. Loss: 0.4115, Acc: 93.18%
[33mserver_1      |[0m INFO:werkzeug:172.18.0.21 - - [27/Jan/2026 19:55:18] "[31m[1mPOST /submit_update HTTP/1.1[0m" 400 -
[32mclient_002_1  |[0m 2026-01-27 19:55:18,075 - __main__ - ERROR - Update submission failed: {"error":"Not accepting updates"}
[32mclient_002_1  |[0m 
[32mclient_002_1  |[0m 2026-01-27 19:55:18,075 - __main__ - INFO - Update submitted for Round 36. Waiting...
[33mserver_1      |[0m INFO:__main__:--- Round 36 Acc: 25.23%, Loss: 1.9199 ---
[33mserver_1      |[0m INFO:__main__:--- Starting Round 37. Timeout: 300s ---
[33mserver_1      |[0m INFO:werkzeug:172.18.0.3 - - [27/Jan/2026 19:55:18] "POST /submit_update HTTP/1.1" 200 -
[33mclient_011_1  |[0m 2026-01-27 19:55:18,690 - __main__ - INFO - 🚀 Model update submitted successfully.
[33mclient_011_1  |[0m 2026-01-27 19:55:18,690 - __main__ - INFO - Update submitted for Round 0. Waiting...
[34mclient_004_1  |[0m 2026-01-27 19:55:18,756 - __main__ - INFO - Round 36 finished. Loss: 0.8153, Acc: 79.57%
[33mserver_1      |[0m INFO:__main__:Received update from client_004
[33mserver_1      |[0m INFO:werkzeug:172.18.0.17 - - [27/Jan/2026 19:55:18] "POST /submit_update HTTP/1.1" 200 -
[34mclient_004_1  |[0m 2026-01-27 19:55:18,914 - __main__ - INFO - 🚀 Model update submitted successfully.
[34mclient_004_1  |[0m 2026-01-27 19:55:18,914 - __main__ - INFO - Update submitted for Round 36. Waiting...
[36mclient_010_1  |[0m 2026-01-27 19:55:20,149 - __main__ - INFO - --- New Round Detected: 37 ---
[33mserver_1      |[0m INFO:werkzeug:172.18.0.11 - - [27/Jan/2026 19:55:20] "GET /download_model?round=37 HTTP/1.1" 200 -
[36mclient_010_1  |[0m 2026-01-27 19:55:21,783 - __main__ - INFO - Round 37 finished. Loss: 0.2264, Acc: 98.65%
[33mserver_1      |[0m INFO:__main__:Received update from client_010
[33mserver_1      |[0m INFO:werkzeug:172.18.0.11 - - [27/Jan/2026 19:55:21] "POST /submit_update HTTP/1.1" 200 -
[36mclient_010_1  |[0m 2026-01-27 19:55:21,924 - __main__ - INFO - 🚀 Model update submitted successfully.
[36mclient_010_1  |[0m 2026-01-27 19:55:21,925 - __main__ - INFO - Update submitted for Round 37. Waiting...
[36;1mclient_005_1  |[0m 2026-01-27 19:55:24,867 - __main__ - INFO - --- New Round Detected: 37 ---
[33mserver_1      |[0m INFO:werkzeug:172.18.0.12 - - [27/Jan/2026 19:55:24] "GET /download_model?round=37 HTTP/1.1" 200 -
[34;1mclient_009_1  |[0m 2026-01-27 19:55:25,276 - __main__ - INFO - --- New Round Detected: 37 ---
[33mserver_1      |[0m INFO:werkzeug:172.18.0.7 - - [27/Jan/2026 19:55:25] "GET /download_model?round=37 HTTP/1.1" 200 -
[35mclient_003_1  |[0m 2026-01-27 19:55:25,384 - __main__ - INFO - Round 36 finished. Loss: 0.9067, Acc: 76.54%
[33mserver_1      |[0m INFO:__main__:Received update from client_003
[33mserver_1      |[0m INFO:werkzeug:172.18.0.16 - - [27/Jan/2026 19:55:25] "POST /submit_update HTTP/1.1" 200 -
[35mclient_003_1  |[0m 2026-01-27 19:55:25,518 - __main__ - INFO - 🚀 Model update submitted successfully.
[35mclient_003_1  |[0m 2026-01-27 19:55:25,519 - __main__ - INFO - Update submitted for Round 36. Waiting...
[35;1mclient_008_1  |[0m 2026-01-27 19:55:25,854 - __main__ - INFO - --- New Round Detected: 37 ---
[33mserver_1      |[0m INFO:werkzeug:172.18.0.19 - - [27/Jan/2026 19:55:25] "GET /download_model?round=37 HTTP/1.1" 200 -
[33mclient_001_1  |[0m 2026-01-27 19:55:26,565 - __main__ - INFO - --- New Round Detected: 37 ---
[33mserver_1      |[0m INFO:werkzeug:172.18.0.18 - - [27/Jan/2026 19:55:26] "GET /download_model?round=37 HTTP/1.1" 200 -
[33;1mclient_006_1  |[0m 2026-01-27 19:55:26,783 - __main__ - INFO - --- New Round Detected: 37 ---
[33mserver_1      |[0m INFO:werkzeug:172.18.0.20 - - [27/Jan/2026 19:55:26] "GET /download_model?round=37 HTTP/1.1" 200 -
[33;1mclient_006_1  |[0m 2026-01-27 19:55:26,973 - __main__ - INFO - Round 37 finished. Loss: 1.5005, Acc: 64.29%
[32;1mclient_007_1  |[0m 2026-01-27 19:55:27,072 - __main__ - INFO - --- New Round Detected: 37 ---
[33mserver_1      |[0m INFO:__main__:Received update from client_006
[33mserver_1      |[0m INFO:werkzeug:172.18.0.20 - - [27/Jan/2026 19:55:27] "POST /submit_update HTTP/1.1" 200 -
[33mserver_1      |[0m INFO:werkzeug:172.18.0.22 - - [27/Jan/2026 19:55:27] "GET /download_model?round=37 HTTP/1.1" 200 -
[33;1mclient_006_1  |[0m 2026-01-27 19:55:27,121 - __main__ - INFO - 🚀 Model update submitted successfully.
[33;1mclient_006_1  |[0m 2026-01-27 19:55:27,122 - __main__ - INFO - Update submitted for Round 37. Waiting...
[32;1mclient_007_1  |[0m 2026-01-27 19:55:27,821 - __main__ - INFO - Round 37 finished. Loss: 0.8995, Acc: 68.13%
[33mclient_001_1  |[0m 2026-01-27 19:55:27,884 - __main__ - INFO - Round 37 finished. Loss: 0.2432, Acc: 99.03%
[33mserver_1      |[0m INFO:__main__:Received update from client_007
[33mserver_1      |[0m INFO:__main__:--- Aggregating 5 updates ---
[33mserver_1      |[0m INFO:__main__:⚡ Using Custom Aggregator with Drift Metric...
[33mserver_1      |[0m INFO:server.aggregator:Starting FedAvg aggregation for 5 clients.
[32mclient_002_1  |[0m 2026-01-27 19:55:28,150 - __main__ - INFO - --- New Round Detected: 37 ---
[33mserver_1      |[0m INFO:werkzeug:172.18.0.21 - - [27/Jan/2026 19:55:28] "GET /download_model?round=37 HTTP/1.1" 200 -
[34mclient_004_1  |[0m 2026-01-27 19:55:29,098 - __main__ - INFO - --- New Round Detected: 37 ---
[33mserver_1      |[0m INFO:werkzeug:172.18.0.17 - - [27/Jan/2026 19:55:29] "GET /download_model?round=37 HTTP/1.1" 200 -
[33mclient_011_1  |[0m 2026-01-27 19:55:29,121 - __main__ - INFO - --- New Round Detected: 37 ---
[33mserver_1      |[0m INFO:werkzeug:172.18.0.3 - - [27/Jan/2026 19:55:29] "GET /download_model?round=37 HTTP/1.1" 200 -
[35;1mclient_008_1  |[0m 2026-01-27 19:55:30,113 - __main__ - INFO - Round 37 finished. Loss: 0.2851, Acc: 95.71%
[33mserver_1      |[0m INFO:werkzeug:172.18.0.19 - - [27/Jan/2026 19:55:30] "[31m[1mPOST /submit_update HTTP/1.1[0m" 400 -
[35;1mclient_008_1  |[0m 2026-01-27 19:55:30,181 - __main__ - ERROR - Update submission failed: {"error":"Not accepting updates"}
[35;1mclient_008_1  |[0m 
[35;1mclient_008_1  |[0m 2026-01-27 19:55:30,181 - __main__ - INFO - Update submitted for Round 37. Waiting...
[33mserver_1      |[0m INFO:server.aggregator:--- [METRIC] Weight Divergence: 2.3671
[33mserver_1      |[0m INFO:server.aggregator:FedAvg aggregation complete.
[33mserver_1      |[0m INFO:__main__:Aggregation complete.
[33mserver_1      |[0m ⏱️ [TIME] Client client_004 finished training in 13.13s
[33mserver_1      |[0m ⏱️ [TIME] Client client_010 finished training in 1.50s
[33mserver_1      |[0m ⏱️ [TIME] Client client_003 finished training in 19.29s
[33mserver_1      |[0m ⏱️ [TIME] Client client_006 finished training in 0.04s
[33mserver_1      |[0m ⏱️ [TIME] Client client_007 finished training in 0.59s
[33mserver_1      |[0m DEBUG: ⚠️ MY CUSTOM AGGREGATOR IS RUNNING ⚠️
[33mserver_1      |[0m ⏱️ [TIME] Client client_001 finished training in 1.16s
[36;1mclient_005_1  |[0m 2026-01-27 19:55:31,405 - __main__ - INFO - Round 37 finished. Loss: 0.4991, Acc: 94.41%
[33mserver_1      |[0m INFO:werkzeug:172.18.0.12 - - [27/Jan/2026 19:55:31] "[31m[1mPOST /submit_update HTTP/1.1[0m" 400 -
[36;1mclient_005_1  |[0m 2026-01-27 19:55:31,471 - __main__ - ERROR - Update submission failed: {"error":"Not accepting updates"}
[36;1mclient_005_1  |[0m 
[36;1mclient_005_1  |[0m 2026-01-27 19:55:31,471 - __main__ - INFO - Update submitted for Round 37. Waiting...
[33mserver_1      |[0m INFO:__main__:--- Round 37 Acc: 46.68%, Loss: 1.5029 ---
[33mserver_1      |[0m INFO:__main__:--- Starting Round 38. Timeout: 300s ---
[33mserver_1      |[0m INFO:werkzeug:172.18.0.22 - - [27/Jan/2026 19:55:31] "POST /submit_update HTTP/1.1" 200 -
[33mserver_1      |[0m INFO:__main__:Received update from client_001
[33mserver_1      |[0m INFO:werkzeug:172.18.0.18 - - [27/Jan/2026 19:55:31] "POST /submit_update HTTP/1.1" 200 -
[32;1mclient_007_1  |[0m 2026-01-27 19:55:31,714 - __main__ - INFO - 🚀 Model update submitted successfully.
[32;1mclient_007_1  |[0m 2026-01-27 19:55:31,714 - __main__ - INFO - Update submitted for Round 37. Waiting...
[33mclient_001_1  |[0m 2026-01-27 19:55:31,714 - __main__ - INFO - 🚀 Model update submitted successfully.
[33mclient_001_1  |[0m 2026-01-27 19:55:31,714 - __main__ - INFO - Update submitted for Round 37. Waiting...
[36mclient_010_1  |[0m 2026-01-27 19:55:31,987 - __main__ - INFO - --- New Round Detected: 38 ---
[33mserver_1      |[0m INFO:werkzeug:172.18.0.11 - - [27/Jan/2026 19:55:32] "GET /download_model?round=38 HTTP/1.1" 200 -
[32mclient_002_1  |[0m 2026-01-27 19:55:32,073 - __main__ - INFO - Round 37 finished. Loss: 0.3656, Acc: 93.58%
[33mserver_1      |[0m INFO:__main__:Received update from client_002
[33mserver_1      |[0m INFO:werkzeug:172.18.0.21 - - [27/Jan/2026 19:55:32] "POST /submit_update HTTP/1.1" 200 -
[32mclient_002_1  |[0m 2026-01-27 19:55:32,209 - __main__ - INFO - 🚀 Model update submitted successfully.
[32mclient_002_1  |[0m 2026-01-27 19:55:32,210 - __main__ - INFO - Update submitted for Round 37. Waiting...
[34;1mclient_009_1  |[0m 2026-01-27 19:55:32,257 - __main__ - INFO - Round 37 finished. Loss: 0.8591, Acc: 72.61%
[33mserver_1      |[0m INFO:__main__:Received update from client_009
[33mserver_1      |[0m INFO:werkzeug:172.18.0.7 - - [27/Jan/2026 19:55:32] "POST /submit_update HTTP/1.1" 200 -
[34;1mclient_009_1  |[0m 2026-01-27 19:55:32,393 - __main__ - INFO - 🚀 Model update submitted successfully.
[34;1mclient_009_1  |[0m 2026-01-27 19:55:32,393 - __main__ - INFO - Update submitted for Round 37. Waiting...
[36mclient_010_1  |[0m 2026-01-27 19:55:33,676 - __main__ - INFO - Round 38 finished. Loss: 0.3777, Acc: 97.91%
[33mserver_1      |[0m INFO:__main__:Received update from client_010
[33mserver_1      |[0m INFO:werkzeug:172.18.0.11 - - [27/Jan/2026 19:55:33] "POST /submit_update HTTP/1.1" 200 -
[36mclient_010_1  |[0m 2026-01-27 19:55:33,832 - __main__ - INFO - 🚀 Model update submitted successfully.
[36mclient_010_1  |[0m 2026-01-27 19:55:33,832 - __main__ - INFO - Update submitted for Round 38. Waiting...
[35mclient_003_1  |[0m 2026-01-27 19:55:35,598 - __main__ - INFO - --- New Round Detected: 38 ---
[33mserver_1      |[0m INFO:werkzeug:172.18.0.16 - - [27/Jan/2026 19:55:35] "GET /download_model?round=38 HTTP/1.1" 200 -
[33;1mclient_006_1  |[0m 2026-01-27 19:55:37,184 - __main__ - INFO - --- New Round Detected: 38 ---
[33mserver_1      |[0m INFO:werkzeug:172.18.0.20 - - [27/Jan/2026 19:55:37] "GET /download_model?round=38 HTTP/1.1" 200 -
[33;1mclient_006_1  |[0m 2026-01-27 19:55:37,380 - __main__ - INFO - Round 38 finished. Loss: 0.6580, Acc: 85.71%
[33mserver_1      |[0m INFO:__main__:Received update from client_006
[33mserver_1      |[0m INFO:__main__:--- Aggregating 5 updates ---
[33mserver_1      |[0m INFO:__main__:⚡ Using Custom Aggregator with Drift Metric...
[33mserver_1      |[0m INFO:server.aggregator:Starting FedAvg aggregation for 5 clients.
[33mserver_1      |[0m INFO:server.aggregator:--- [METRIC] Weight Divergence: 1.6433
[33mserver_1      |[0m INFO:server.aggregator:FedAvg aggregation complete.
[33mserver_1      |[0m INFO:__main__:Aggregation complete.
[33mserver_1      |[0m ⏱️ [TIME] Client client_002 finished training in 3.79s
[33mserver_1      |[0m ⏱️ [TIME] Client client_009 finished training in 6.83s
[33mserver_1      |[0m ⏱️ [TIME] Client client_010 finished training in 1.56s
[33mserver_1      |[0m ⏱️ [TIME] Client client_006 finished training in 0.03s
[33mserver_1      |[0m DEBUG: ⚠️ MY CUSTOM AGGREGATOR IS RUNNING ⚠️
[35;1mclient_008_1  |[0m 2026-01-27 19:55:40,254 - __main__ - INFO - --- New Round Detected: 38 ---
[33mserver_1      |[0m INFO:werkzeug:172.18.0.19 - - [27/Jan/2026 19:55:40] "GET /download_model?round=38 HTTP/1.1" 200 -
[33mserver_1      |[0m INFO:__main__:--- Round 38 Acc: 25.33%, Loss: 2.2268 ---
[33mserver_1      |[0m INFO:__main__:--- Starting Round 39. Timeout: 300s ---
[33mserver_1      |[0m INFO:werkzeug:172.18.0.20 - - [27/Jan/2026 19:55:40] "POST /submit_update HTTP/1.1" 200 -
[33;1mclient_006_1  |[0m 2026-01-27 19:55:40,319 - __main__ - INFO - 🚀 Model update submitted successfully.
[33;1mclient_006_1  |[0m 2026-01-27 19:55:40,319 - __main__ - INFO - Update submitted for Round 38. Waiting...
[36;1mclient_005_1  |[0m 2026-01-27 19:55:41,562 - __main__ - INFO - --- New Round Detected: 39 ---
[33mserver_1      |[0m INFO:werkzeug:172.18.0.12 - - [27/Jan/2026 19:55:41] "GET /download_model?round=39 HTTP/1.1" 200 -
[34mclient_004_1  |[0m 2026-01-27 19:55:41,608 - __main__ - INFO - Round 37 finished. Loss: 0.9588, Acc: 78.10%
[33mserver_1      |[0m INFO:__main__:Received update from client_004
[33mserver_1      |[0m INFO:werkzeug:172.18.0.17 - - [27/Jan/2026 19:55:41] "POST /submit_update HTTP/1.1" 200 -
[34mclient_004_1  |[0m 2026-01-27 19:55:41,763 - __main__ - INFO - 🚀 Model update submitted successfully.
[34mclient_004_1  |[0m 2026-01-27 19:55:41,763 - __main__ - INFO - Update submitted for Round 37. Waiting...
[33mclient_001_1  |[0m 2026-01-27 19:55:41,777 - __main__ - INFO - --- New Round Detected: 39 ---
[32;1mclient_007_1  |[0m 2026-01-27 19:55:41,798 - __main__ - INFO - --- New Round Detected: 39 ---
[33mserver_1      |[0m INFO:werkzeug:172.18.0.18 - - [27/Jan/2026 19:55:41] "GET /download_model?round=39 HTTP/1.1" 200 -
[33mserver_1      |[0m INFO:werkzeug:172.18.0.22 - - [27/Jan/2026 19:55:41] "GET /download_model?round=39 HTTP/1.1" 200 -
[32mclient_002_1  |[0m 2026-01-27 19:55:42,280 - __main__ - INFO - --- New Round Detected: 39 ---
[33mserver_1      |[0m INFO:werkzeug:172.18.0.21 - - [27/Jan/2026 19:55:42] "GET /download_model?round=39 HTTP/1.1" 200 -
[34;1mclient_009_1  |[0m 2026-01-27 19:55:42,460 - __main__ - INFO - --- New Round Detected: 39 ---
[33mserver_1      |[0m INFO:werkzeug:172.18.0.7 - - [27/Jan/2026 19:55:42] "GET /download_model?round=39 HTTP/1.1" 200 -
[35;1mclient_008_1  |[0m 2026-01-27 19:55:42,515 - __main__ - INFO - Round 38 finished. Loss: 0.3055, Acc: 98.28%
[33mserver_1      |[0m INFO:__main__:Received update from client_008
[33mserver_1      |[0m INFO:werkzeug:172.18.0.19 - - [27/Jan/2026 19:55:42] "POST /submit_update HTTP/1.1" 200 -
[35;1mclient_008_1  |[0m 2026-01-27 19:55:42,648 - __main__ - INFO - 🚀 Model update submitted successfully.
[35;1mclient_008_1  |[0m 2026-01-27 19:55:42,648 - __main__ - INFO - Update submitted for Round 38. Waiting...
[32;1mclient_007_1  |[0m 2026-01-27 19:55:42,890 - __main__ - INFO - Round 39 finished. Loss: 1.2568, Acc: 69.41%
[33mserver_1      |[0m INFO:__main__:Received update from client_007
[33mserver_1      |[0m INFO:werkzeug:172.18.0.22 - - [27/Jan/2026 19:55:42] "POST /submit_update HTTP/1.1" 200 -
[32;1mclient_007_1  |[0m 2026-01-27 19:55:43,025 - __main__ - INFO - 🚀 Model update submitted successfully.
[32;1mclient_007_1  |[0m 2026-01-27 19:55:43,026 - __main__ - INFO - Update submitted for Round 39. Waiting...
[33mclient_001_1  |[0m 2026-01-27 19:55:43,079 - __main__ - INFO - Round 39 finished. Loss: 0.1936, Acc: 99.03%
[33mclient_001_1  |[0m 2026-01-27 19:55:43,215 - __main__ - INFO - 🚀 Model update submitted successfully.
[33mclient_001_1  |[0m 2026-01-27 19:55:43,215 - __main__ - INFO - Update submitted for Round 39. Waiting...
[33mserver_1      |[0m INFO:__main__:Received update from client_001
[33mserver_1      |[0m INFO:werkzeug:172.18.0.18 - - [27/Jan/2026 19:55:43] "POST /submit_update HTTP/1.1" 200 -
[36mclient_010_1  |[0m 2026-01-27 19:55:43,920 - __main__ - INFO - --- New Round Detected: 39 ---
[33mserver_1      |[0m INFO:werkzeug:172.18.0.11 - - [27/Jan/2026 19:55:43] "GET /download_model?round=39 HTTP/1.1" 200 -
[32mclient_002_1  |[0m 2026-01-27 19:55:45,052 - __main__ - INFO - Round 39 finished. Loss: 0.3564, Acc: 93.28%
[33mserver_1      |[0m INFO:__main__:Received update from client_002
[33mserver_1      |[0m INFO:__main__:--- Aggregating 5 updates ---
[33mserver_1      |[0m INFO:__main__:⚡ Using Custom Aggregator with Drift Metric...
[33mserver_1      |[0m INFO:server.aggregator:Starting FedAvg aggregation for 5 clients.
[36mclient_010_1  |[0m 2026-01-27 19:55:45,264 - __main__ - INFO - Round 39 finished. Loss: 0.1832, Acc: 98.52%
[33mserver_1      |[0m INFO:werkzeug:172.18.0.11 - - [27/Jan/2026 19:55:45] "[31m[1mPOST /submit_update HTTP/1.1[0m" 400 -
[36mclient_010_1  |[0m 2026-01-27 19:55:45,329 - __main__ - ERROR - Update submission failed: {"error":"Not accepting updates"}
[36mclient_010_1  |[0m 
[36mclient_010_1  |[0m 2026-01-27 19:55:45,329 - __main__ - INFO - Update submitted for Round 39. Waiting...
[33mserver_1      |[0m INFO:server.aggregator:--- [METRIC] Weight Divergence: 1.6820
[33mserver_1      |[0m INFO:server.aggregator:FedAvg aggregation complete.
[33mserver_1      |[0m INFO:__main__:Aggregation complete.
[33mserver_1      |[0m ⏱️ [TIME] Client client_004 finished training in 12.36s
[33mserver_1      |[0m ⏱️ [TIME] Client client_008 finished training in 2.13s
[33mserver_1      |[0m ⏱️ [TIME] Client client_007 finished training in 0.95s
[33mserver_1      |[0m ⏱️ [TIME] Client client_001 finished training in 1.16s
[33mserver_1      |[0m ⏱️ [TIME] Client client_002 finished training in 2.62s
[33mserver_1      |[0m DEBUG: ⚠️ MY CUSTOM AGGREGATOR IS RUNNING ⚠️
[33mserver_1      |[0m INFO:__main__:--- Round 39 Acc: 46.50%, Loss: 1.5978 ---
[33mserver_1      |[0m INFO:__main__:--- Starting Round 40. Timeout: 300s ---
[33mserver_1      |[0m INFO:werkzeug:172.18.0.21 - - [27/Jan/2026 19:55:47] "POST /submit_update HTTP/1.1" 200 -
[32mclient_002_1  |[0m 2026-01-27 19:55:47,532 - __main__ - INFO - 🚀 Model update submitted successfully.
[32mclient_002_1  |[0m 2026-01-27 19:55:47,532 - __main__ - INFO - Update submitted for Round 39. Waiting...
[36;1mclient_005_1  |[0m 2026-01-27 19:55:48,159 - __main__ - INFO - Round 39 finished. Loss: 0.6861, Acc: 94.66%
[33mserver_1      |[0m INFO:__main__:Received update from client_005
[33mserver_1      |[0m INFO:werkzeug:172.18.0.12 - - [27/Jan/2026 19:55:48] "POST /submit_update HTTP/1.1" 200 -
[36;1mclient_005_1  |[0m 2026-01-27 19:55:48,305 - __main__ - INFO - 🚀 Model update submitted successfully.
[36;1mclient_005_1  |[0m 2026-01-27 19:55:48,305 - __main__ - INFO - Update submitted for Round 39. Waiting...
[34;1mclient_009_1  |[0m 2026-01-27 19:55:49,890 - __main__ - INFO - Round 39 finished. Loss: 0.7627, Acc: 73.79%
[33mserver_1      |[0m INFO:__main__:Received update from client_009
[33mserver_1      |[0m INFO:werkzeug:172.18.0.7 - - [27/Jan/2026 19:55:49] "POST /submit_update HTTP/1.1" 200 -
[34;1mclient_009_1  |[0m 2026-01-27 19:55:50,027 - __main__ - INFO - 🚀 Model update submitted successfully.
[34;1mclient_009_1  |[0m 2026-01-27 19:55:50,027 - __main__ - INFO - Update submitted for Round 39. Waiting...
[33;1mclient_006_1  |[0m 2026-01-27 19:55:50,408 - __main__ - INFO - --- New Round Detected: 40 ---
[33mserver_1      |[0m INFO:werkzeug:172.18.0.20 - - [27/Jan/2026 19:55:50] "GET /download_model?round=40 HTTP/1.1" 200 -
[33;1mclient_006_1  |[0m 2026-01-27 19:55:50,582 - __main__ - INFO - Round 40 finished. Loss: 0.7625, Acc: 85.71%
[33mserver_1      |[0m INFO:__main__:Received update from client_006
[33mserver_1      |[0m INFO:werkzeug:172.18.0.20 - - [27/Jan/2026 19:55:50] "POST /submit_update HTTP/1.1" 200 -
[33;1mclient_006_1  |[0m 2026-01-27 19:55:50,720 - __main__ - INFO - 🚀 Model update submitted successfully.
[33;1mclient_006_1  |[0m 2026-01-27 19:55:50,720 - __main__ - INFO - Update submitted for Round 40. Waiting...
[34mclient_004_1  |[0m 2026-01-27 19:55:51,834 - __main__ - INFO - --- New Round Detected: 40 ---
[33mserver_1      |[0m INFO:werkzeug:172.18.0.17 - - [27/Jan/2026 19:55:51] "GET /download_model?round=40 HTTP/1.1" 200 -
[35;1mclient_008_1  |[0m 2026-01-27 19:55:52,732 - __main__ - INFO - --- New Round Detected: 40 ---
[33mserver_1      |[0m INFO:werkzeug:172.18.0.19 - - [27/Jan/2026 19:55:52] "GET /download_model?round=40 HTTP/1.1" 200 -
[32;1mclient_007_1  |[0m 2026-01-27 19:55:53,087 - __main__ - INFO - --- New Round Detected: 40 ---
[33mserver_1      |[0m INFO:werkzeug:172.18.0.22 - - [27/Jan/2026 19:55:53] "GET /download_model?round=40 HTTP/1.1" 200 -
[33mclient_001_1  |[0m 2026-01-27 19:55:53,297 - __main__ - INFO - --- New Round Detected: 40 ---
[33mserver_1      |[0m INFO:werkzeug:172.18.0.18 - - [27/Jan/2026 19:55:53] "GET /download_model?round=40 HTTP/1.1" 200 -
[33mclient_001_1  |[0m 2026-01-27 19:55:54,407 - __main__ - INFO - Round 40 finished. Loss: 0.2988, Acc: 97.73%
[32;1mclient_007_1  |[0m 2026-01-27 19:55:54,485 - __main__ - INFO - Round 40 finished. Loss: 1.0988, Acc: 64.10%
[33mserver_1      |[0m INFO:__main__:Received update from client_001
[33mserver_1      |[0m INFO:werkzeug:172.18.0.18 - - [27/Jan/2026 19:55:54] "POST /submit_update HTTP/1.1" 200 -
[33mclient_001_1  |[0m 2026-01-27 19:55:54,550 - __main__ - INFO - 🚀 Model update submitted successfully.
[33mclient_001_1  |[0m 2026-01-27 19:55:54,551 - __main__ - INFO - Update submitted for Round 40. Waiting...
[33mserver_1      |[0m INFO:__main__:Received update from client_007
[33mserver_1      |[0m INFO:__main__:--- Aggregating 5 updates ---
[33mserver_1      |[0m INFO:__main__:⚡ Using Custom Aggregator with Drift Metric...
[33mserver_1      |[0m INFO:server.aggregator:Starting FedAvg aggregation for 5 clients.
[36mclient_010_1  |[0m 2026-01-27 19:55:55,401 - __main__ - INFO - --- New Round Detected: 40 ---
[33mserver_1      |[0m INFO:werkzeug:172.18.0.11 - - [27/Jan/2026 19:55:55] "GET /download_model?round=40 HTTP/1.1" 200 -
[35;1mclient_008_1  |[0m 2026-01-27 19:55:55,423 - __main__ - INFO - Round 40 finished. Loss: 0.3543, Acc: 96.40%
[33mserver_1      |[0m INFO:werkzeug:172.18.0.19 - - [27/Jan/2026 19:55:55] "[31m[1mPOST /submit_update HTTP/1.1[0m" 400 -
[35;1mclient_008_1  |[0m 2026-01-27 19:55:55,488 - __main__ - ERROR - Update submission failed: {"error":"Not accepting updates"}
[35;1mclient_008_1  |[0m 
[35;1mclient_008_1  |[0m 2026-01-27 19:55:55,488 - __main__ - INFO - Update submitted for Round 40. Waiting...
[36mclient_010_1  |[0m 2026-01-27 19:55:56,304 - __main__ - INFO - Round 40 finished. Loss: 0.3206, Acc: 97.66%
[33mserver_1      |[0m INFO:werkzeug:172.18.0.11 - - [27/Jan/2026 19:55:56] "[31m[1mPOST /submit_update HTTP/1.1[0m" 400 -
[33mserver_1      |[0m INFO:server.aggregator:--- [METRIC] Weight Divergence: 1.4431
[33mserver_1      |[0m INFO:server.aggregator:FedAvg aggregation complete.
[33mserver_1      |[0m INFO:__main__:Aggregation complete.
[36mclient_010_1  |[0m 2026-01-27 19:55:56,396 - __main__ - ERROR - Update submission failed: {"error":"Not accepting updates"}
[36mclient_010_1  |[0m 
[36mclient_010_1  |[0m 2026-01-27 19:55:56,397 - __main__ - INFO - Update submitted for Round 40. Waiting...
[33mserver_1      |[0m ⏱️ [TIME] Client client_005 finished training in 6.45s
[33mserver_1      |[0m ⏱️ [TIME] Client client_009 finished training in 7.30s
[33mserver_1      |[0m ⏱️ [TIME] Client client_006 finished training in 0.03s
[33mserver_1      |[0m ⏱️ [TIME] Client client_001 finished training in 0.96s
[33mserver_1      |[0m ⏱️ [TIME] Client client_007 finished training in 1.26s
[33mserver_1      |[0m DEBUG: ⚠️ MY CUSTOM AGGREGATOR IS RUNNING ⚠️
[32mclient_002_1  |[0m 2026-01-27 19:55:57,595 - __main__ - INFO - --- New Round Detected: 40 ---
[33mserver_1      |[0m INFO:werkzeug:172.18.0.21 - - [27/Jan/2026 19:55:57] "GET /download_model?round=40 HTTP/1.1" 200 -
[33mserver_1      |[0m INFO:__main__:--- Round 40 Acc: 38.92%, Loss: 1.7634 ---
[33mserver_1      |[0m INFO:__main__:--- Starting Round 41. Timeout: 300s ---
[33mserver_1      |[0m INFO:werkzeug:172.18.0.22 - - [27/Jan/2026 19:55:58] "POST /submit_update HTTP/1.1" 200 -
[32;1mclient_007_1  |[0m 2026-01-27 19:55:58,268 - __main__ - INFO - 🚀 Model update submitted successfully.
[32;1mclient_007_1  |[0m 2026-01-27 19:55:58,268 - __main__ - INFO - Update submitted for Round 40. Waiting...
[36;1mclient_005_1  |[0m 2026-01-27 19:55:58,374 - __main__ - INFO - --- New Round Detected: 41 ---
[33mserver_1      |[0m INFO:werkzeug:172.18.0.12 - - [27/Jan/2026 19:55:58] "GET /download_model?round=41 HTTP/1.1" 200 -
[35mclient_003_1  |[0m 2026-01-27 19:55:59,597 - __main__ - INFO - Round 38 finished. Loss: 0.7625, Acc: 78.35%
[33mserver_1      |[0m INFO:__main__:Received update from client_003
[33mserver_1      |[0m INFO:werkzeug:172.18.0.16 - - [27/Jan/2026 19:55:59] "POST /submit_update HTTP/1.1" 200 -
[35mclient_003_1  |[0m 2026-01-27 19:55:59,754 - __main__ - INFO - 🚀 Model update submitted successfully.
[35mclient_003_1  |[0m 2026-01-27 19:55:59,754 - __main__ - INFO - Update submitted for Round 38. Waiting...
[34;1mclient_009_1  |[0m 2026-01-27 19:56:00,089 - __main__ - INFO - --- New Round Detected: 41 ---
[33mserver_1      |[0m INFO:werkzeug:172.18.0.7 - - [27/Jan/2026 19:56:00] "GET /download_model?round=41 HTTP/1.1" 200 -
[33;1mclient_006_1  |[0m 2026-01-27 19:56:00,795 - __main__ - INFO - --- New Round Detected: 41 ---
[33mserver_1      |[0m INFO:werkzeug:172.18.0.20 - - [27/Jan/2026 19:56:00] "GET /download_model?round=41 HTTP/1.1" 200 -
[33;1mclient_006_1  |[0m 2026-01-27 19:56:00,969 - __main__ - INFO - Round 41 finished. Loss: 0.9055, Acc: 78.57%
[33mserver_1      |[0m INFO:__main__:Received update from client_006
[33mserver_1      |[0m INFO:werkzeug:172.18.0.20 - - [27/Jan/2026 19:56:01] "POST /submit_update HTTP/1.1" 200 -
[33;1mclient_006_1  |[0m 2026-01-27 19:56:01,103 - __main__ - INFO - 🚀 Model update submitted successfully.
[33;1mclient_006_1  |[0m 2026-01-27 19:56:01,104 - __main__ - INFO - Update submitted for Round 41. Waiting...
[32mclient_002_1  |[0m 2026-01-27 19:56:01,461 - __main__ - INFO - Round 40 finished. Loss: 0.4142, Acc: 93.58%
[33mserver_1      |[0m INFO:__main__:Received update from client_002
[33mserver_1      |[0m INFO:werkzeug:172.18.0.21 - - [27/Jan/2026 19:56:01] "POST /submit_update HTTP/1.1" 200 -
[32mclient_002_1  |[0m 2026-01-27 19:56:01,596 - __main__ - INFO - 🚀 Model update submitted successfully.
[32mclient_002_1  |[0m 2026-01-27 19:56:01,596 - __main__ - INFO - Update submitted for Round 40. Waiting...
[34mclient_004_1  |[0m 2026-01-27 19:56:01,837 - __main__ - INFO - Round 40 finished. Loss: 0.6988, Acc: 80.65%
[33mserver_1      |[0m INFO:__main__:Received update from client_004
[33mserver_1      |[0m INFO:werkzeug:172.18.0.17 - - [27/Jan/2026 19:56:01] "POST /submit_update HTTP/1.1" 200 -
[34mclient_004_1  |[0m 2026-01-27 19:56:01,976 - __main__ - INFO - 🚀 Model update submitted successfully.
[34mclient_004_1  |[0m 2026-01-27 19:56:01,976 - __main__ - INFO - Update submitted for Round 40. Waiting...
[36;1mclient_005_1  |[0m 2026-01-27 19:56:03,690 - __main__ - INFO - Round 41 finished. Loss: 0.4271, Acc: 94.50%
[33mserver_1      |[0m INFO:__main__:Received update from client_005
[33mserver_1      |[0m INFO:__main__:--- Aggregating 5 updates ---
[33mserver_1      |[0m INFO:__main__:⚡ Using Custom Aggregator with Drift Metric...
[33mserver_1      |[0m INFO:server.aggregator:Starting FedAvg aggregation for 5 clients.
[33mclient_001_1  |[0m 2026-01-27 19:56:04,629 - __main__ - INFO - --- New Round Detected: 41 ---
[33mserver_1      |[0m INFO:werkzeug:172.18.0.18 - - [27/Jan/2026 19:56:04] "GET /download_model?round=41 HTTP/1.1" 200 -
[33mclient_001_1  |[0m 2026-01-27 19:56:05,514 - __main__ - INFO - Round 41 finished. Loss: 0.2715, Acc: 98.71%
[33mserver_1      |[0m INFO:werkzeug:172.18.0.18 - - [27/Jan/2026 19:56:05] "[31m[1mPOST /submit_update HTTP/1.1[0m" 400 -
[35;1mclient_008_1  |[0m 2026-01-27 19:56:05,557 - __main__ - INFO - --- New Round Detected: 41 ---
[33mclient_001_1  |[0m 2026-01-27 19:56:05,576 - __main__ - ERROR - Update submission failed: {"error":"Not accepting updates"}
[33mclient_001_1  |[0m 
[33mclient_001_1  |[0m 2026-01-27 19:56:05,576 - __main__ - INFO - Update submitted for Round 41. Waiting...
[33mserver_1      |[0m INFO:werkzeug:172.18.0.19 - - [27/Jan/2026 19:56:05] "GET /download_model?round=41 HTTP/1.1" 200 -
[33mserver_1      |[0m INFO:server.aggregator:--- [METRIC] Weight Divergence: 2.2359
[33mserver_1      |[0m INFO:server.aggregator:FedAvg aggregation complete.
[33mserver_1      |[0m INFO:__main__:Aggregation complete.
[33mserver_1      |[0m ⏱️ [TIME] Client client_003 finished training in 23.87s
[33mserver_1      |[0m ⏱️ [TIME] Client client_006 finished training in 0.03s
[33mserver_1      |[0m ⏱️ [TIME] Client client_002 finished training in 3.74s
[33mserver_1      |[0m ⏱️ [TIME] Client client_004 finished training in 9.84s
[33mserver_1      |[0m ⏱️ [TIME] Client client_005 finished training in 5.11s
[33mserver_1      |[0m DEBUG: ⚠️ MY CUSTOM AGGREGATOR IS RUNNING ⚠️
[34;1mclient_009_1  |[0m 2026-01-27 19:56:06,462 - __main__ - INFO - Round 41 finished. Loss: 0.7724, Acc: 75.03%
[36mclient_010_1  |[0m 2026-01-27 19:56:06,464 - __main__ - INFO - --- New Round Detected: 41 ---
[33mserver_1      |[0m INFO:werkzeug:172.18.0.11 - - [27/Jan/2026 19:56:06] "GET /download_model?round=41 HTTP/1.1" 200 -
[33mserver_1      |[0m INFO:werkzeug:172.18.0.7 - - [27/Jan/2026 19:56:06] "[31m[1mPOST /submit_update HTTP/1.1[0m" 400 -
[34;1mclient_009_1  |[0m 2026-01-27 19:56:06,530 - __main__ - ERROR - Update submission failed: {"error":"Not accepting updates"}
[34;1mclient_009_1  |[0m 
[34;1mclient_009_1  |[0m 2026-01-27 19:56:06,530 - __main__ - INFO - Update submitted for Round 41. Waiting...
[33mserver_1      |[0m INFO:__main__:--- Round 41 Acc: 44.86%, Loss: 1.5643 ---
[33mserver_1      |[0m INFO:__main__:--- Starting Round 42. Timeout: 300s ---
[33mserver_1      |[0m INFO:werkzeug:172.18.0.12 - - [27/Jan/2026 19:56:06] "POST /submit_update HTTP/1.1" 200 -
[36;1mclient_005_1  |[0m 2026-01-27 19:56:06,983 - __main__ - INFO - 🚀 Model update submitted successfully.
[36;1mclient_005_1  |[0m 2026-01-27 19:56:06,983 - __main__ - INFO - Update submitted for Round 41. Waiting...
[36mclient_010_1  |[0m 2026-01-27 19:56:07,445 - __main__ - INFO - Round 41 finished. Loss: 0.2715, Acc: 98.65%
[33mserver_1      |[0m INFO:__main__:Received update from client_010
[33mserver_1      |[0m INFO:werkzeug:172.18.0.11 - - [27/Jan/2026 19:56:07] "POST /submit_update HTTP/1.1" 200 -
[36mclient_010_1  |[0m 2026-01-27 19:56:07,600 - __main__ - INFO - 🚀 Model update submitted successfully.
[36mclient_010_1  |[0m 2026-01-27 19:56:07,600 - __main__ - INFO - Update submitted for Round 41. Waiting...
[32;1mclient_007_1  |[0m 2026-01-27 19:56:08,380 - __main__ - INFO - --- New Round Detected: 42 ---
[33mserver_1      |[0m INFO:werkzeug:172.18.0.22 - - [27/Jan/2026 19:56:08] "GET /download_model?round=42 HTTP/1.1" 200 -
[35;1mclient_008_1  |[0m 2026-01-27 19:56:09,531 - __main__ - INFO - Round 41 finished. Loss: 0.3301, Acc: 98.28%
[32;1mclient_007_1  |[0m 2026-01-27 19:56:09,587 - __main__ - INFO - Round 42 finished. Loss: 1.0021, Acc: 67.22%
[33mserver_1      |[0m INFO:__main__:Received update from client_008
[33mserver_1      |[0m INFO:werkzeug:172.18.0.19 - - [27/Jan/2026 19:56:09] "POST /submit_update HTTP/1.1" 200 -
[35;1mclient_008_1  |[0m 2026-01-27 19:56:09,665 - __main__ - INFO - 🚀 Model update submitted successfully.
[35;1mclient_008_1  |[0m 2026-01-27 19:56:09,666 - __main__ - INFO - Update submitted for Round 41. Waiting...
[33mserver_1      |[0m INFO:__main__:Received update from client_007
[33mserver_1      |[0m INFO:werkzeug:172.18.0.22 - - [27/Jan/2026 19:56:09] "POST /submit_update HTTP/1.1" 200 -
[32;1mclient_007_1  |[0m 2026-01-27 19:56:09,725 - __main__ - INFO - 🚀 Model update submitted successfully.
[32;1mclient_007_1  |[0m 2026-01-27 19:56:09,725 - __main__ - INFO - Update submitted for Round 42. Waiting...
[35mclient_003_1  |[0m 2026-01-27 19:56:09,817 - __main__ - INFO - --- New Round Detected: 42 ---
[33mserver_1      |[0m INFO:werkzeug:172.18.0.16 - - [27/Jan/2026 19:56:09] "GET /download_model?round=42 HTTP/1.1" 200 -
[33;1mclient_006_1  |[0m 2026-01-27 19:56:11,166 - __main__ - INFO - --- New Round Detected: 42 ---
[33mserver_1      |[0m INFO:werkzeug:172.18.0.20 - - [27/Jan/2026 19:56:11] "GET /download_model?round=42 HTTP/1.1" 200 -
[33;1mclient_006_1  |[0m 2026-01-27 19:56:11,348 - __main__ - INFO - Round 42 finished. Loss: 0.7182, Acc: 85.71%
[33mserver_1      |[0m INFO:__main__:Received update from client_006
[33mserver_1      |[0m INFO:werkzeug:172.18.0.20 - - [27/Jan/2026 19:56:11] "POST /submit_update HTTP/1.1" 200 -
[33;1mclient_006_1  |[0m 2026-01-27 19:56:11,487 - __main__ - INFO - 🚀 Model update submitted successfully.
[33;1mclient_006_1  |[0m 2026-01-27 19:56:11,488 - __main__ - INFO - Update submitted for Round 42. Waiting...
[32mclient_002_1  |[0m 2026-01-27 19:56:11,695 - __main__ - INFO - --- New Round Detected: 42 ---
[33mserver_1      |[0m INFO:werkzeug:172.18.0.21 - - [27/Jan/2026 19:56:11] "GET /download_model?round=42 HTTP/1.1" 200 -
[34mclient_004_1  |[0m 2026-01-27 19:56:12,043 - __main__ - INFO - --- New Round Detected: 42 ---
[33mserver_1      |[0m INFO:werkzeug:172.18.0.17 - - [27/Jan/2026 19:56:12] "GET /download_model?round=42 HTTP/1.1" 200 -
[32mclient_002_1  |[0m 2026-01-27 19:56:15,215 - __main__ - INFO - Round 42 finished. Loss: 0.5897, Acc: 90.81%
[33mserver_1      |[0m INFO:__main__:Received update from client_002
[33mserver_1      |[0m INFO:__main__:--- Aggregating 5 updates ---
[33mserver_1      |[0m INFO:__main__:⚡ Using Custom Aggregator with Drift Metric...
[33mserver_1      |[0m INFO:server.aggregator:Starting FedAvg aggregation for 5 clients.
[33mclient_001_1  |[0m 2026-01-27 19:56:15,639 - __main__ - INFO - --- New Round Detected: 42 ---
[33mserver_1      |[0m INFO:werkzeug:172.18.0.18 - - [27/Jan/2026 19:56:15] "GET /download_model?round=42 HTTP/1.1" 200 -
[33mclient_001_1  |[0m 2026-01-27 19:56:16,325 - __main__ - INFO - Round 42 finished. Loss: 0.4247, Acc: 98.71%
[33mserver_1      |[0m INFO:werkzeug:172.18.0.18 - - [27/Jan/2026 19:56:16] "[31m[1mPOST /submit_update HTTP/1.1[0m" 400 -
[33mclient_001_1  |[0m 2026-01-27 19:56:16,392 - __main__ - ERROR - Update submission failed: {"error":"Not accepting updates"}
[33mclient_001_1  |[0m 
[33mclient_001_1  |[0m 2026-01-27 19:56:16,393 - __main__ - INFO - Update submitted for Round 42. Waiting...
[34;1mclient_009_1  |[0m 2026-01-27 19:56:16,610 - __main__ - INFO - --- New Round Detected: 42 ---
[33mserver_1      |[0m INFO:werkzeug:172.18.0.7 - - [27/Jan/2026 19:56:16] "GET /download_model?round=42 HTTP/1.1" 200 -
[36;1mclient_005_1  |[0m 2026-01-27 19:56:17,060 - __main__ - INFO - --- New Round Detected: 42 ---
[33mserver_1      |[0m INFO:werkzeug:172.18.0.12 - - [27/Jan/2026 19:56:17] "GET /download_model?round=42 HTTP/1.1" 200 -
[33mserver_1      |[0m INFO:server.aggregator:--- [METRIC] Weight Divergence: 1.4286
[33mserver_1      |[0m INFO:server.aggregator:FedAvg aggregation complete.
[33mserver_1      |[0m INFO:__main__:Aggregation complete.
[33mserver_1      |[0m ⏱️ [TIME] Client client_010 finished training in 0.85s
[33mserver_1      |[0m ⏱️ [TIME] Client client_008 finished training in 3.83s
[33mserver_1      |[0m ⏱️ [TIME] Client client_007 finished training in 1.08s
[33mserver_1      |[0m ⏱️ [TIME] Client client_006 finished training in 0.05s
[33mserver_1      |[0m ⏱️ [TIME] Client client_002 finished training in 3.39s
[33mserver_1      |[0m DEBUG: ⚠️ MY CUSTOM AGGREGATOR IS RUNNING ⚠️
[36mclient_010_1  |[0m 2026-01-27 19:56:17,675 - __main__ - INFO - --- New Round Detected: 42 ---
[33mserver_1      |[0m INFO:werkzeug:172.18.0.11 - - [27/Jan/2026 19:56:17] "GET /download_model?round=42 HTTP/1.1" 200 -
[36mclient_010_1  |[0m 2026-01-27 19:56:18,793 - __main__ - INFO - Round 42 finished. Loss: 0.4272, Acc: 98.15%
[33mserver_1      |[0m INFO:werkzeug:172.18.0.11 - - [27/Jan/2026 19:56:18] "[31m[1mPOST /submit_update HTTP/1.1[0m" 400 -
[36mclient_010_1  |[0m 2026-01-27 19:56:18,856 - __main__ - ERROR - Update submission failed: {"error":"Not accepting updates"}
[36mclient_010_1  |[0m 
[36mclient_010_1  |[0m 2026-01-27 19:56:18,856 - __main__ - INFO - Update submitted for Round 42. Waiting...
[33mserver_1      |[0m INFO:__main__:--- Round 42 Acc: 33.70%, Loss: 1.7790 ---
[33mserver_1      |[0m INFO:__main__:--- Starting Round 43. Timeout: 300s ---
[33mserver_1      |[0m INFO:werkzeug:172.18.0.21 - - [27/Jan/2026 19:56:18] "POST /submit_update HTTP/1.1" 200 -
[32mclient_002_1  |[0m 2026-01-27 19:56:18,913 - __main__ - INFO - 🚀 Model update submitted successfully.
[32mclient_002_1  |[0m 2026-01-27 19:56:18,914 - __main__ - INFO - Update submitted for Round 42. Waiting...
[35;1mclient_008_1  |[0m 2026-01-27 19:56:19,739 - __main__ - INFO - --- New Round Detected: 43 ---
[33mserver_1      |[0m INFO:werkzeug:172.18.0.19 - - [27/Jan/2026 19:56:19] "GET /download_model?round=43 HTTP/1.1" 200 -
[32;1mclient_007_1  |[0m 2026-01-27 19:56:19,804 - __main__ - INFO - --- New Round Detected: 43 ---
[33mserver_1      |[0m INFO:werkzeug:172.18.0.22 - - [27/Jan/2026 19:56:19] "GET /download_model?round=43 HTTP/1.1" 200 -
[32;1mclient_007_1  |[0m 2026-01-27 19:56:21,282 - __main__ - INFO - Round 43 finished. Loss: 0.9769, Acc: 73.26%
[33mserver_1      |[0m INFO:__main__:Received update from client_007
[33mserver_1      |[0m INFO:werkzeug:172.18.0.22 - - [27/Jan/2026 19:56:21] "POST /submit_update HTTP/1.1" 200 -
[32;1mclient_007_1  |[0m 2026-01-27 19:56:21,417 - __main__ - INFO - 🚀 Model update submitted successfully.
[32;1mclient_007_1  |[0m 2026-01-27 19:56:21,417 - __main__ - INFO - Update submitted for Round 43. Waiting...
[33;1mclient_006_1  |[0m 2026-01-27 19:56:21,577 - __main__ - INFO - --- New Round Detected: 43 ---
[33mserver_1      |[0m INFO:werkzeug:172.18.0.20 - - [27/Jan/2026 19:56:21] "GET /download_model?round=43 HTTP/1.1" 200 -
[33;1mclient_006_1  |[0m 2026-01-27 19:56:21,788 - __main__ - INFO - Round 43 finished. Loss: 0.8477, Acc: 78.57%
[33mserver_1      |[0m INFO:__main__:Received update from client_006
[33mserver_1      |[0m INFO:werkzeug:172.18.0.20 - - [27/Jan/2026 19:56:21] "POST /submit_update HTTP/1.1" 200 -
[33;1mclient_006_1  |[0m 2026-01-27 19:56:21,944 - __main__ - INFO - 🚀 Model update submitted successfully.
[33;1mclient_006_1  |[0m 2026-01-27 19:56:21,944 - __main__ - INFO - Update submitted for Round 43. Waiting...
[36;1mclient_005_1  |[0m 2026-01-27 19:56:23,794 - __main__ - INFO - Round 42 finished. Loss: 0.4050, Acc: 94.56%
[33mserver_1      |[0m INFO:__main__:Received update from client_005
[33mserver_1      |[0m INFO:werkzeug:172.18.0.12 - - [27/Jan/2026 19:56:23] "POST /submit_update HTTP/1.1" 200 -
[36;1mclient_005_1  |[0m 2026-01-27 19:56:23,949 - __main__ - INFO - 🚀 Model update submitted successfully.
[36;1mclient_005_1  |[0m 2026-01-27 19:56:23,950 - __main__ - INFO - Update submitted for Round 42. Waiting...
[35;1mclient_008_1  |[0m 2026-01-27 19:56:24,150 - __main__ - INFO - Round 43 finished. Loss: 0.2516, Acc: 98.57%
[33mserver_1      |[0m INFO:__main__:Received update from client_008
[33mserver_1      |[0m INFO:werkzeug:172.18.0.19 - - [27/Jan/2026 19:56:24] "POST /submit_update HTTP/1.1" 200 -
[35;1mclient_008_1  |[0m 2026-01-27 19:56:24,286 - __main__ - INFO - 🚀 Model update submitted successfully.
[35;1mclient_008_1  |[0m 2026-01-27 19:56:24,287 - __main__ - INFO - Update submitted for Round 43. Waiting...
[34;1mclient_009_1  |[0m 2026-01-27 19:56:24,452 - __main__ - INFO - Round 42 finished. Loss: 0.8967, Acc: 74.44%
[33mserver_1      |[0m INFO:__main__:Received update from client_009
[33mserver_1      |[0m INFO:__main__:--- Aggregating 5 updates ---
[33mserver_1      |[0m INFO:__main__:⚡ Using Custom Aggregator with Drift Metric...
[33mserver_1      |[0m INFO:server.aggregator:Starting FedAvg aggregation for 5 clients.
[34mclient_004_1  |[0m 2026-01-27 19:56:25,733 - __main__ - INFO - Round 42 finished. Loss: 0.7014, Acc: 79.88%
[33mserver_1      |[0m INFO:werkzeug:172.18.0.17 - - [27/Jan/2026 19:56:25] "[31m[1mPOST /submit_update HTTP/1.1[0m" 400 -
[34mclient_004_1  |[0m 2026-01-27 19:56:25,856 - __main__ - ERROR - Update submission failed: {"error":"Not accepting updates"}
[34mclient_004_1  |[0m 
[34mclient_004_1  |[0m 2026-01-27 19:56:25,856 - __main__ - INFO - Update submitted for Round 42. Waiting...
[33mclient_001_1  |[0m 2026-01-27 19:56:26,471 - __main__ - INFO - --- New Round Detected: 43 ---
[33mserver_1      |[0m INFO:werkzeug:172.18.0.18 - - [27/Jan/2026 19:56:26] "GET /download_model?round=43 HTTP/1.1" 200 -
[33mserver_1      |[0m INFO:server.aggregator:--- [METRIC] Weight Divergence: 1.2816
[33mserver_1      |[0m INFO:server.aggregator:FedAvg aggregation complete.
[33mserver_1      |[0m INFO:__main__:Aggregation complete.
[33mserver_1      |[0m ⏱️ [TIME] Client client_007 finished training in 1.33s
[33mserver_1      |[0m ⏱️ [TIME] Client client_006 finished training in 0.08s
[33mserver_1      |[0m ⏱️ [TIME] Client client_005 finished training in 6.60s
[33mserver_1      |[0m ⏱️ [TIME] Client client_008 finished training in 4.28s
[33mserver_1      |[0m ⏱️ [TIME] Client client_009 finished training in 7.71s
[33mserver_1      |[0m DEBUG: ⚠️ MY CUSTOM AGGREGATOR IS RUNNING ⚠️
[33mclient_001_1  |[0m 2026-01-27 19:56:27,707 - __main__ - INFO - Round 43 finished. Loss: 0.2321, Acc: 99.03%
[33mserver_1      |[0m INFO:werkzeug:172.18.0.18 - - [27/Jan/2026 19:56:27] "[31m[1mPOST /submit_update HTTP/1.1[0m" 400 -
[33mclient_001_1  |[0m 2026-01-27 19:56:27,772 - __main__ - ERROR - Update submission failed: {"error":"Not accepting updates"}
[33mclient_001_1  |[0m 
[33mclient_001_1  |[0m 2026-01-27 19:56:27,773 - __main__ - INFO - Update submitted for Round 43. Waiting...
[33mserver_1      |[0m INFO:__main__:--- Round 43 Acc: 43.85%, Loss: 1.5950 ---
[33mserver_1      |[0m INFO:__main__:--- Starting Round 44. Timeout: 300s ---
[33mserver_1      |[0m INFO:werkzeug:172.18.0.7 - - [27/Jan/2026 19:56:28] "POST /submit_update HTTP/1.1" 200 -
[34;1mclient_009_1  |[0m 2026-01-27 19:56:28,168 - __main__ - INFO - 🚀 Model update submitted successfully.
[34;1mclient_009_1  |[0m 2026-01-27 19:56:28,169 - __main__ - INFO - Update submitted for Round 42. Waiting...
[36mclient_010_1  |[0m 2026-01-27 19:56:28,932 - __main__ - INFO - --- New Round Detected: 44 ---
[33mserver_1      |[0m INFO:werkzeug:172.18.0.11 - - [27/Jan/2026 19:56:28] "GET /download_model?round=44 HTTP/1.1" 200 -
[32mclient_002_1  |[0m 2026-01-27 19:56:29,010 - __main__ - INFO - --- New Round Detected: 44 ---
[33mserver_1      |[0m INFO:werkzeug:172.18.0.21 - - [27/Jan/2026 19:56:29] "GET /download_model?round=44 HTTP/1.1" 200 -
[36mclient_010_1  |[0m 2026-01-27 19:56:29,900 - __main__ - INFO - Round 44 finished. Loss: 0.3037, Acc: 98.28%
[33mserver_1      |[0m INFO:__main__:Received update from client_010
[33mserver_1      |[0m INFO:werkzeug:172.18.0.11 - - [27/Jan/2026 19:56:30] "POST /submit_update HTTP/1.1" 200 -
[36mclient_010_1  |[0m 2026-01-27 19:56:30,041 - __main__ - INFO - 🚀 Model update submitted successfully.
[36mclient_010_1  |[0m 2026-01-27 19:56:30,041 - __main__ - INFO - Update submitted for Round 44. Waiting...
[35mclient_003_1  |[0m 2026-01-27 19:56:30,930 - __main__ - INFO - Round 42 finished. Loss: 0.7524, Acc: 78.82%
[33mserver_1      |[0m INFO:__main__:Received update from client_003
[33mserver_1      |[0m INFO:werkzeug:172.18.0.16 - - [27/Jan/2026 19:56:31] "POST /submit_update HTTP/1.1" 200 -
[35mclient_003_1  |[0m 2026-01-27 19:56:31,113 - __main__ - INFO - 🚀 Model update submitted successfully.
[35mclient_003_1  |[0m 2026-01-27 19:56:31,113 - __main__ - INFO - Update submitted for Round 42. Waiting...
[32;1mclient_007_1  |[0m 2026-01-27 19:56:31,488 - __main__ - INFO - --- New Round Detected: 44 ---
[33mserver_1      |[0m INFO:werkzeug:172.18.0.22 - - [27/Jan/2026 19:56:31] "GET /download_model?round=44 HTTP/1.1" 200 -
[33;1mclient_006_1  |[0m 2026-01-27 19:56:32,005 - __main__ - INFO - --- New Round Detected: 44 ---
[33mserver_1      |[0m INFO:werkzeug:172.18.0.20 - - [27/Jan/2026 19:56:32] "GET /download_model?round=44 HTTP/1.1" 200 -
[33;1mclient_006_1  |[0m 2026-01-27 19:56:32,181 - __main__ - INFO - Round 44 finished. Loss: 0.7614, Acc: 85.71%
[33mserver_1      |[0m INFO:__main__:Received update from client_006
[33mserver_1      |[0m INFO:werkzeug:172.18.0.20 - - [27/Jan/2026 19:56:32] "POST /submit_update HTTP/1.1" 200 -
[33;1mclient_006_1  |[0m 2026-01-27 19:56:32,319 - __main__ - INFO - 🚀 Model update submitted successfully.
[33;1mclient_006_1  |[0m 2026-01-27 19:56:32,320 - __main__ - INFO - Update submitted for Round 44. Waiting...
[32mclient_002_1  |[0m 2026-01-27 19:56:32,496 - __main__ - INFO - Round 44 finished. Loss: 0.4702, Acc: 93.58%
[32;1mclient_007_1  |[0m 2026-01-27 19:56:32,609 - __main__ - INFO - Round 44 finished. Loss: 1.0113, Acc: 74.36%
[33mserver_1      |[0m INFO:__main__:Received update from client_002
[33mserver_1      |[0m INFO:werkzeug:172.18.0.21 - - [27/Jan/2026 19:56:32] "POST /submit_update HTTP/1.1" 200 -
[32mclient_002_1  |[0m 2026-01-27 19:56:32,642 - __main__ - INFO - 🚀 Model update submitted successfully.
[32mclient_002_1  |[0m 2026-01-27 19:56:32,644 - __main__ - INFO - Update submitted for Round 44. Waiting...
[33mserver_1      |[0m INFO:__main__:Received update from client_007
[33mserver_1      |[0m INFO:__main__:--- Aggregating 5 updates ---
[33mserver_1      |[0m INFO:__main__:⚡ Using Custom Aggregator with Drift Metric...
[33mserver_1      |[0m INFO:server.aggregator:Starting FedAvg aggregation for 5 clients.
[36;1mclient_005_1  |[0m 2026-01-27 19:56:34,036 - __main__ - INFO - --- New Round Detected: 44 ---
[33mserver_1      |[0m INFO:werkzeug:172.18.0.12 - - [27/Jan/2026 19:56:34] "GET /download_model?round=44 HTTP/1.1" 200 -
[35;1mclient_008_1  |[0m 2026-01-27 19:56:34,371 - __main__ - INFO - --- New Round Detected: 44 ---
[33mserver_1      |[0m INFO:werkzeug:172.18.0.19 - - [27/Jan/2026 19:56:34] "GET /download_model?round=44 HTTP/1.1" 200 -
[33mserver_1      |[0m INFO:server.aggregator:--- [METRIC] Weight Divergence: 1.8725
[33mserver_1      |[0m INFO:server.aggregator:FedAvg aggregation complete.
[33mserver_1      |[0m INFO:__main__:Aggregation complete.
[33mserver_1      |[0m ⏱️ [TIME] Client client_010 finished training in 0.84s
[33mserver_1      |[0m ⏱️ [TIME] Client client_003 finished training in 20.98s
[33mserver_1      |[0m ⏱️ [TIME] Client client_006 finished training in 0.05s
[33mserver_1      |[0m ⏱️ [TIME] Client client_002 finished training in 3.35s
[33mserver_1      |[0m ⏱️ [TIME] Client client_007 finished training in 0.99s
[33mserver_1      |[0m DEBUG: ⚠️ MY CUSTOM AGGREGATOR IS RUNNING ⚠️
[34mclient_004_1  |[0m 2026-01-27 19:56:35,921 - __main__ - INFO - --- New Round Detected: 44 ---
[33mserver_1      |[0m INFO:werkzeug:172.18.0.17 - - [27/Jan/2026 19:56:35] "GET /download_model?round=44 HTTP/1.1" 200 -
[33mserver_1      |[0m INFO:__main__:--- Round 44 Acc: 43.33%, Loss: 1.6680 ---
[33mserver_1      |[0m INFO:__main__:--- Starting Round 45. Timeout: 300s ---
[33mserver_1      |[0m INFO:werkzeug:172.18.0.22 - - [27/Jan/2026 19:56:36] "POST /submit_update HTTP/1.1" 200 -
[32;1mclient_007_1  |[0m 2026-01-27 19:56:36,349 - __main__ - INFO - 🚀 Model update submitted successfully.
[32;1mclient_007_1  |[0m 2026-01-27 19:56:36,349 - __main__ - INFO - Update submitted for Round 44. Waiting...
[33mclient_001_1  |[0m 2026-01-27 19:56:37,837 - __main__ - INFO - --- New Round Detected: 45 ---
[33mserver_1      |[0m INFO:werkzeug:172.18.0.18 - - [27/Jan/2026 19:56:37] "GET /download_model?round=45 HTTP/1.1" 200 -
[34;1mclient_009_1  |[0m 2026-01-27 19:56:38,244 - __main__ - INFO - --- New Round Detected: 45 ---
[33mserver_1      |[0m INFO:werkzeug:172.18.0.7 - - [27/Jan/2026 19:56:38] "GET /download_model?round=45 HTTP/1.1" 200 -
[35;1mclient_008_1  |[0m 2026-01-27 19:56:38,395 - __main__ - INFO - Round 44 finished. Loss: 0.2441, Acc: 98.57%
[33mserver_1      |[0m INFO:__main__:Received update from client_008
[33mserver_1      |[0m INFO:werkzeug:172.18.0.19 - - [27/Jan/2026 19:56:38] "POST /submit_update HTTP/1.1" 200 -
[35;1mclient_008_1  |[0m 2026-01-27 19:56:38,530 - __main__ - INFO - 🚀 Model update submitted successfully.
[35;1mclient_008_1  |[0m 2026-01-27 19:56:38,530 - __main__ - INFO - Update submitted for Round 44. Waiting...
[33mclient_001_1  |[0m 2026-01-27 19:56:39,063 - __main__ - INFO - Round 45 finished. Loss: 0.4726, Acc: 98.38%
[33mserver_1      |[0m INFO:__main__:Received update from client_001
[33mserver_1      |[0m INFO:werkzeug:172.18.0.18 - - [27/Jan/2026 19:56:39] "POST /submit_update HTTP/1.1" 200 -
[33mclient_001_1  |[0m 2026-01-27 19:56:39,208 - __main__ - INFO - 🚀 Model update submitted successfully.
[33mclient_001_1  |[0m 2026-01-27 19:56:39,210 - __main__ - INFO - Update submitted for Round 45. Waiting...
[36;1mclient_005_1  |[0m 2026-01-27 19:56:39,915 - __main__ - INFO - Round 44 finished. Loss: 0.4040, Acc: 94.44%
[33mserver_1      |[0m INFO:__main__:Received update from client_005
[33mserver_1      |[0m INFO:werkzeug:172.18.0.12 - - [27/Jan/2026 19:56:40] "POST /submit_update HTTP/1.1" 200 -
[36;1mclient_005_1  |[0m 2026-01-27 19:56:40,052 - __main__ - INFO - 🚀 Model update submitted successfully.
[36;1mclient_005_1  |[0m 2026-01-27 19:56:40,053 - __main__ - INFO - Update submitted for Round 44. Waiting...
[36mclient_010_1  |[0m 2026-01-27 19:56:40,103 - __main__ - INFO - --- New Round Detected: 45 ---
[33mserver_1      |[0m INFO:werkzeug:172.18.0.11 - - [27/Jan/2026 19:56:40] "GET /download_model?round=45 HTTP/1.1" 200 -
[35mclient_003_1  |[0m 2026-01-27 19:56:41,190 - __main__ - INFO - --- New Round Detected: 45 ---
[33mserver_1      |[0m INFO:werkzeug:172.18.0.16 - - [27/Jan/2026 19:56:41] "GET /download_model?round=45 HTTP/1.1" 200 -
[36mclient_010_1  |[0m 2026-01-27 19:56:41,407 - __main__ - INFO - Round 45 finished. Loss: 0.4914, Acc: 98.03%
[33mserver_1      |[0m INFO:__main__:Received update from client_010
[33mserver_1      |[0m INFO:werkzeug:172.18.0.11 - - [27/Jan/2026 19:56:41] "POST /submit_update HTTP/1.1" 200 -
[36mclient_010_1  |[0m 2026-01-27 19:56:41,548 - __main__ - INFO - 🚀 Model update submitted successfully.
[36mclient_010_1  |[0m 2026-01-27 19:56:41,549 - __main__ - INFO - Update submitted for Round 45. Waiting...
[33;1mclient_006_1  |[0m 2026-01-27 19:56:42,390 - __main__ - INFO - --- New Round Detected: 45 ---
[33mserver_1      |[0m INFO:werkzeug:172.18.0.20 - - [27/Jan/2026 19:56:42] "GET /download_model?round=45 HTTP/1.1" 200 -
[33;1mclient_006_1  |[0m 2026-01-27 19:56:42,552 - __main__ - INFO - Round 45 finished. Loss: 0.7531, Acc: 78.57%
[33mserver_1      |[0m INFO:__main__:Received update from client_006
[33mserver_1      |[0m INFO:__main__:--- Aggregating 5 updates ---
[33mserver_1      |[0m INFO:__main__:⚡ Using Custom Aggregator with Drift Metric...
[33mserver_1      |[0m INFO:server.aggregator:Starting FedAvg aggregation for 5 clients.
[32mclient_002_1  |[0m 2026-01-27 19:56:42,718 - __main__ - INFO - --- New Round Detected: 45 ---
[33mserver_1      |[0m INFO:werkzeug:172.18.0.21 - - [27/Jan/2026 19:56:42] "GET /download_model?round=45 HTTP/1.1" 200 -
[34mclient_004_1  |[0m 2026-01-27 19:56:44,695 - __main__ - INFO - Round 44 finished. Loss: 0.7076, Acc: 81.88%
[33mserver_1      |[0m INFO:werkzeug:172.18.0.17 - - [27/Jan/2026 19:56:44] "[31m[1mPOST /submit_update HTTP/1.1[0m" 400 -
[34mclient_004_1  |[0m 2026-01-27 19:56:44,777 - __main__ - ERROR - Update submission failed: {"error":"Not accepting updates"}
[34mclient_004_1  |[0m 
[34mclient_004_1  |[0m 2026-01-27 19:56:44,777 - __main__ - INFO - Update submitted for Round 44. Waiting...
[33mserver_1      |[0m INFO:server.aggregator:--- [METRIC] Weight Divergence: 1.4622
[33mserver_1      |[0m INFO:server.aggregator:FedAvg aggregation complete.
[33mserver_1      |[0m INFO:__main__:Aggregation complete.
[33mserver_1      |[0m ⏱️ [TIME] Client client_008 finished training in 3.89s
[33mserver_1      |[0m ⏱️ [TIME] Client client_001 finished training in 1.09s
[33mserver_1      |[0m ⏱️ [TIME] Client client_005 finished training in 5.75s
[33mserver_1      |[0m ⏱️ [TIME] Client client_010 finished training in 1.17s
[33mserver_1      |[0m ⏱️ [TIME] Client client_006 finished training in 0.03s
[33mserver_1      |[0m DEBUG: ⚠️ MY CUSTOM AGGREGATOR IS RUNNING ⚠️
[34;1mclient_009_1  |[0m 2026-01-27 19:56:45,718 - __main__ - INFO - Round 45 finished. Loss: 0.8985, Acc: 74.66%
[33mserver_1      |[0m INFO:werkzeug:172.18.0.7 - - [27/Jan/2026 19:56:45] "[31m[1mPOST /submit_update HTTP/1.1[0m" 400 -
[34;1mclient_009_1  |[0m 2026-01-27 19:56:45,795 - __main__ - ERROR - Update submission failed: {"error":"Not accepting updates"}
[34;1mclient_009_1  |[0m 
[34;1mclient_009_1  |[0m 2026-01-27 19:56:45,796 - __main__ - INFO - Update submitted for Round 45. Waiting...
[32mclient_002_1  |[0m 2026-01-27 19:56:46,342 - __main__ - INFO - Round 45 finished. Loss: 0.6507, Acc: 92.59%
[33mserver_1      |[0m INFO:werkzeug:172.18.0.21 - - [27/Jan/2026 19:56:46] "[31m[1mPOST /submit_update HTTP/1.1[0m" 400 -
[32mclient_002_1  |[0m 2026-01-27 19:56:46,407 - __main__ - ERROR - Update submission failed: {"error":"Not accepting updates"}
[32mclient_002_1  |[0m 
[32mclient_002_1  |[0m 2026-01-27 19:56:46,407 - __main__ - INFO - Update submitted for Round 45. Waiting...
[32;1mclient_007_1  |[0m 2026-01-27 19:56:46,413 - __main__ - INFO - --- New Round Detected: 45 ---
[33mserver_1      |[0m INFO:werkzeug:172.18.0.22 - - [27/Jan/2026 19:56:46] "GET /download_model?round=45 HTTP/1.1" 200 -
[33mserver_1      |[0m INFO:__main__:--- Round 45 Acc: 40.92%, Loss: 1.7900 ---
[33mserver_1      |[0m INFO:__main__:--- Starting Round 46. Timeout: 300s ---
[33mserver_1      |[0m INFO:werkzeug:172.18.0.20 - - [27/Jan/2026 19:56:46] "POST /submit_update HTTP/1.1" 200 -
[33;1mclient_006_1  |[0m 2026-01-27 19:56:46,492 - __main__ - INFO - 🚀 Model update submitted successfully.
[33;1mclient_006_1  |[0m 2026-01-27 19:56:46,492 - __main__ - INFO - Update submitted for Round 45. Waiting...
[32;1mclient_007_1  |[0m 2026-01-27 19:56:47,542 - __main__ - INFO - Round 45 finished. Loss: 0.9475, Acc: 75.82%
[33mserver_1      |[0m INFO:__main__:Received update from client_007
[33mserver_1      |[0m INFO:werkzeug:172.18.0.22 - - [27/Jan/2026 19:56:47] "POST /submit_update HTTP/1.1" 200 -
[32;1mclient_007_1  |[0m 2026-01-27 19:56:47,677 - __main__ - INFO - 🚀 Model update submitted successfully.
[32;1mclient_007_1  |[0m 2026-01-27 19:56:47,677 - __main__ - INFO - Update submitted for Round 45. Waiting...
[35;1mclient_008_1  |[0m 2026-01-27 19:56:48,592 - __main__ - INFO - --- New Round Detected: 46 ---
[33mserver_1      |[0m INFO:werkzeug:172.18.0.19 - - [27/Jan/2026 19:56:48] "GET /download_model?round=46 HTTP/1.1" 200 -
[33mclient_001_1  |[0m 2026-01-27 19:56:49,289 - __main__ - INFO - --- New Round Detected: 46 ---
[33mserver_1      |[0m INFO:werkzeug:172.18.0.18 - - [27/Jan/2026 19:56:49] "GET /download_model?round=46 HTTP/1.1" 200 -
[36;1mclient_005_1  |[0m 2026-01-27 19:56:50,115 - __main__ - INFO - --- New Round Detected: 46 ---
[33mserver_1      |[0m INFO:werkzeug:172.18.0.12 - - [27/Jan/2026 19:56:50] "GET /download_model?round=46 HTTP/1.1" 200 -
[33mclient_001_1  |[0m 2026-01-27 19:56:50,550 - __main__ - INFO - Round 46 finished. Loss: 0.2947, Acc: 99.03%
[33mserver_1      |[0m INFO:__main__:Received update from client_001
[33mserver_1      |[0m INFO:werkzeug:172.18.0.18 - - [27/Jan/2026 19:56:50] "POST /submit_update HTTP/1.1" 200 -
[33mclient_001_1  |[0m 2026-01-27 19:56:50,686 - __main__ - INFO - 🚀 Model update submitted successfully.
[33mclient_001_1  |[0m 2026-01-27 19:56:50,686 - __main__ - INFO - Update submitted for Round 46. Waiting...
[36mclient_010_1  |[0m 2026-01-27 19:56:51,613 - __main__ - INFO - --- New Round Detected: 46 ---
[33mserver_1      |[0m INFO:werkzeug:172.18.0.11 - - [27/Jan/2026 19:56:51] "GET /download_model?round=46 HTTP/1.1" 200 -
[36mclient_010_1  |[0m 2026-01-27 19:56:52,660 - __main__ - INFO - Round 46 finished. Loss: 0.3218, Acc: 98.40%
[35;1mclient_008_1  |[0m 2026-01-27 19:56:52,779 - __main__ - INFO - Round 46 finished. Loss: 0.2367, Acc: 98.87%
[33mserver_1      |[0m INFO:__main__:Received update from client_010
[33mserver_1      |[0m INFO:werkzeug:172.18.0.11 - - [27/Jan/2026 19:56:52] "POST /submit_update HTTP/1.1" 200 -
[36mclient_010_1  |[0m 2026-01-27 19:56:52,814 - __main__ - INFO - 🚀 Model update submitted successfully.
[36mclient_010_1  |[0m 2026-01-27 19:56:52,814 - __main__ - INFO - Update submitted for Round 46. Waiting...
[33mserver_1      |[0m INFO:__main__:Received update from client_008
[33mserver_1      |[0m INFO:werkzeug:172.18.0.19 - - [27/Jan/2026 19:56:52] "POST /submit_update HTTP/1.1" 200 -
[35;1mclient_008_1  |[0m 2026-01-27 19:56:52,914 - __main__ - INFO - 🚀 Model update submitted successfully.
[35;1mclient_008_1  |[0m 2026-01-27 19:56:52,914 - __main__ - INFO - Update submitted for Round 46. Waiting...
[34mclient_004_1  |[0m 2026-01-27 19:56:54,857 - __main__ - INFO - --- New Round Detected: 46 ---
[33mserver_1      |[0m INFO:werkzeug:172.18.0.17 - - [27/Jan/2026 19:56:54] "GET /download_model?round=46 HTTP/1.1" 200 -
[34;1mclient_009_1  |[0m 2026-01-27 19:56:55,858 - __main__ - INFO - --- New Round Detected: 46 ---
[33mserver_1      |[0m INFO:werkzeug:172.18.0.7 - - [27/Jan/2026 19:56:55] "GET /download_model?round=46 HTTP/1.1" 200 -
[32mclient_002_1  |[0m 2026-01-27 19:56:56,475 - __main__ - INFO - --- New Round Detected: 46 ---
[33mserver_1      |[0m INFO:werkzeug:172.18.0.21 - - [27/Jan/2026 19:56:56] "GET /download_model?round=46 HTTP/1.1" 200 -
[33;1mclient_006_1  |[0m 2026-01-27 19:56:56,580 - __main__ - INFO - --- New Round Detected: 46 ---
[33mserver_1      |[0m INFO:werkzeug:172.18.0.20 - - [27/Jan/2026 19:56:56] "GET /download_model?round=46 HTTP/1.1" 200 -
[33;1mclient_006_1  |[0m 2026-01-27 19:56:56,775 - __main__ - INFO - Round 46 finished. Loss: 1.0299, Acc: 78.57%
[36;1mclient_005_1  |[0m 2026-01-27 19:56:56,792 - __main__ - INFO - Round 46 finished. Loss: 0.3343, Acc: 95.53%
[33mserver_1      |[0m INFO:__main__:Received update from client_006
[33mserver_1      |[0m INFO:__main__:--- Aggregating 5 updates ---
[33mserver_1      |[0m INFO:__main__:⚡ Using Custom Aggregator with Drift Metric...
[33mserver_1      |[0m INFO:server.aggregator:Starting FedAvg aggregation for 5 clients.
[32;1mclient_007_1  |[0m 2026-01-27 19:56:57,740 - __main__ - INFO - --- New Round Detected: 46 ---
[33mserver_1      |[0m INFO:werkzeug:172.18.0.22 - - [27/Jan/2026 19:56:57] "GET /download_model?round=46 HTTP/1.1" 200 -
[32;1mclient_007_1  |[0m 2026-01-27 19:56:58,971 - __main__ - INFO - Round 46 finished. Loss: 1.1380, Acc: 70.51%
[33mserver_1      |[0m INFO:werkzeug:172.18.0.22 - - [27/Jan/2026 19:56:58] "[31m[1mPOST /submit_update HTTP/1.1[0m" 400 -
[32;1mclient_007_1  |[0m 2026-01-27 19:56:59,034 - __main__ - ERROR - Update submission failed: {"error":"Not accepting updates"}
[32;1mclient_007_1  |[0m 
[32;1mclient_007_1  |[0m 2026-01-27 19:56:59,034 - __main__ - INFO - Update submitted for Round 46. Waiting...
[33mserver_1      |[0m INFO:server.aggregator:--- [METRIC] Weight Divergence: 0.8510
[33mserver_1      |[0m INFO:server.aggregator:FedAvg aggregation complete.
[33mserver_1      |[0m INFO:__main__:Aggregation complete.
[33mserver_1      |[0m ⏱️ [TIME] Client client_007 finished training in 1.00s
[33mserver_1      |[0m ⏱️ [TIME] Client client_001 finished training in 1.13s
[33mserver_1      |[0m ⏱️ [TIME] Client client_010 finished training in 0.90s
[33mserver_1      |[0m ⏱️ [TIME] Client client_008 finished training in 4.06s
[33mserver_1      |[0m ⏱️ [TIME] Client client_006 finished training in 0.06s
[33mserver_1      |[0m DEBUG: ⚠️ MY CUSTOM AGGREGATOR IS RUNNING ⚠️
[33mserver_1      |[0m ⏱️ [TIME] Client client_005 finished training in 6.55s
[32mclient_002_1  |[0m 2026-01-27 19:57:00,304 - __main__ - INFO - Round 46 finished. Loss: 0.4916, Acc: 93.68%
[33mserver_1      |[0m INFO:werkzeug:172.18.0.21 - - [27/Jan/2026 19:57:00] "[31m[1mPOST /submit_update HTTP/1.1[0m" 400 -
[33mserver_1      |[0m INFO:__main__:--- Round 46 Acc: 29.33%, Loss: 1.9976 ---
[33mserver_1      |[0m INFO:__main__:--- Starting Round 47. Timeout: 300s ---
[33mserver_1      |[0m INFO:__main__:Received update from client_005
[33mserver_1      |[0m INFO:werkzeug:172.18.0.12 - - [27/Jan/2026 19:57:00] "POST /submit_update HTTP/1.1" 200 -
[33mserver_1      |[0m INFO:werkzeug:172.18.0.20 - - [27/Jan/2026 19:57:00] "POST /submit_update HTTP/1.1" 200 -
[32mclient_002_1  |[0m 2026-01-27 19:57:00,369 - __main__ - ERROR - Update submission failed: {"error":"Not accepting updates"}
[32mclient_002_1  |[0m 
[32mclient_002_1  |[0m 2026-01-27 19:57:00,370 - __main__ - INFO - Update submitted for Round 46. Waiting...
[33;1mclient_006_1  |[0m 2026-01-27 19:57:00,394 - __main__ - INFO - 🚀 Model update submitted successfully.
[33;1mclient_006_1  |[0m 2026-01-27 19:57:00,395 - __main__ - INFO - Update submitted for Round 46. Waiting...
[36;1mclient_005_1  |[0m 2026-01-27 19:57:00,398 - __main__ - INFO - 🚀 Model update submitted successfully.
[36;1mclient_005_1  |[0m 2026-01-27 19:57:00,399 - __main__ - INFO - Update submitted for Round 46. Waiting...
[33mclient_001_1  |[0m 2026-01-27 19:57:00,747 - __main__ - INFO - --- New Round Detected: 47 ---
[33mserver_1      |[0m INFO:werkzeug:172.18.0.18 - - [27/Jan/2026 19:57:00] "GET /download_model?round=47 HTTP/1.1" 200 -
[33mclient_001_1  |[0m 2026-01-27 19:57:01,958 - __main__ - INFO - Round 47 finished. Loss: 0.3456, Acc: 98.71%
[33mserver_1      |[0m INFO:__main__:Received update from client_001
[33mserver_1      |[0m INFO:werkzeug:172.18.0.18 - - [27/Jan/2026 19:57:02] "POST /submit_update HTTP/1.1" 200 -
[33mclient_001_1  |[0m 2026-01-27 19:57:02,099 - __main__ - INFO - 🚀 Model update submitted successfully.
[33mclient_001_1  |[0m 2026-01-27 19:57:02,099 - __main__ - INFO - Update submitted for Round 47. Waiting...
[36mclient_010_1  |[0m 2026-01-27 19:57:02,885 - __main__ - INFO - --- New Round Detected: 47 ---
[33mserver_1      |[0m INFO:werkzeug:172.18.0.11 - - [27/Jan/2026 19:57:02] "GET /download_model?round=47 HTTP/1.1" 200 -
[35;1mclient_008_1  |[0m 2026-01-27 19:57:02,988 - __main__ - INFO - --- New Round Detected: 47 ---
[33mserver_1      |[0m INFO:werkzeug:172.18.0.19 - - [27/Jan/2026 19:57:03] "GET /download_model?round=47 HTTP/1.1" 200 -
[35mclient_003_1  |[0m 2026-01-27 19:57:03,450 - __main__ - INFO - Round 45 finished. Loss: 0.7145, Acc: 78.67%
[33mserver_1      |[0m INFO:__main__:Received update from client_003
[33mserver_1      |[0m INFO:werkzeug:172.18.0.16 - - [27/Jan/2026 19:57:03] "POST /submit_update HTTP/1.1" 200 -
[35mclient_003_1  |[0m 2026-01-27 19:57:03,587 - __main__ - INFO - 🚀 Model update submitted successfully.
[35mclient_003_1  |[0m 2026-01-27 19:57:03,587 - __main__ - INFO - Update submitted for Round 45. Waiting...
[34;1mclient_009_1  |[0m 2026-01-27 19:57:03,634 - __main__ - INFO - Round 46 finished. Loss: 0.8240, Acc: 76.22%
[33mserver_1      |[0m INFO:__main__:Received update from client_009
[33mserver_1      |[0m INFO:werkzeug:172.18.0.7 - - [27/Jan/2026 19:57:03] "POST /submit_update HTTP/1.1" 200 -
[34;1mclient_009_1  |[0m 2026-01-27 19:57:03,776 - __main__ - INFO - 🚀 Model update submitted successfully.
[34;1mclient_009_1  |[0m 2026-01-27 19:57:03,776 - __main__ - INFO - Update submitted for Round 46. Waiting...
[36mclient_010_1  |[0m 2026-01-27 19:57:04,008 - __main__ - INFO - Round 47 finished. Loss: 0.3480, Acc: 98.65%
[33mserver_1      |[0m INFO:__main__:Received update from client_010
[33mserver_1      |[0m INFO:__main__:--- Aggregating 5 updates ---
[33mserver_1      |[0m INFO:__main__:⚡ Using Custom Aggregator with Drift Metric...
[33mserver_1      |[0m INFO:server.aggregator:Starting FedAvg aggregation for 5 clients.
[33mserver_1      |[0m INFO:server.aggregator:--- [METRIC] Weight Divergence: 1.7702
[33mserver_1      |[0m INFO:server.aggregator:FedAvg aggregation complete.
[33mserver_1      |[0m INFO:__main__:Aggregation complete.
[33mserver_1      |[0m ⏱️ [TIME] Client client_001 finished training in 1.07s
[33mserver_1      |[0m ⏱️ [TIME] Client client_003 finished training in 22.13s
[33mserver_1      |[0m ⏱️ [TIME] Client client_009 finished training in 7.64s
[33mserver_1      |[0m ⏱️ [TIME] Client client_010 finished training in 0.99s
[33mserver_1      |[0m DEBUG: ⚠️ MY CUSTOM AGGREGATOR IS RUNNING ⚠️
[35;1mclient_008_1  |[0m 2026-01-27 19:57:07,229 - __main__ - INFO - Round 47 finished. Loss: 0.2027, Acc: 98.72%
[33mserver_1      |[0m INFO:werkzeug:172.18.0.19 - - [27/Jan/2026 19:57:07] "[31m[1mPOST /submit_update HTTP/1.1[0m" 400 -
[35;1mclient_008_1  |[0m 2026-01-27 19:57:07,298 - __main__ - ERROR - Update submission failed: {"error":"Not accepting updates"}
[35;1mclient_008_1  |[0m 
[35;1mclient_008_1  |[0m 2026-01-27 19:57:07,298 - __main__ - INFO - Update submitted for Round 47. Waiting...
[33mserver_1      |[0m INFO:__main__:--- Round 47 Acc: 45.37%, Loss: 1.5569 ---
[33mserver_1      |[0m INFO:__main__:--- Starting Round 48. Timeout: 300s ---
[33mserver_1      |[0m INFO:werkzeug:172.18.0.11 - - [27/Jan/2026 19:57:07] "POST /submit_update HTTP/1.1" 200 -
[36mclient_010_1  |[0m 2026-01-27 19:57:07,847 - __main__ - INFO - 🚀 Model update submitted successfully.
[36mclient_010_1  |[0m 2026-01-27 19:57:07,847 - __main__ - INFO - Update submitted for Round 47. Waiting...
[34mclient_004_1  |[0m 2026-01-27 19:57:08,190 - __main__ - INFO - Round 46 finished. Loss: 0.7660, Acc: 79.90%
[33mserver_1      |[0m INFO:__main__:Received update from client_004
[33mserver_1      |[0m INFO:werkzeug:172.18.0.17 - - [27/Jan/2026 19:57:08] "POST /submit_update HTTP/1.1" 200 -
[34mclient_004_1  |[0m 2026-01-27 19:57:08,345 - __main__ - INFO - 🚀 Model update submitted successfully.
[34mclient_004_1  |[0m 2026-01-27 19:57:08,345 - __main__ - INFO - Update submitted for Round 46. Waiting...
[32;1mclient_007_1  |[0m 2026-01-27 19:57:09,095 - __main__ - INFO - --- New Round Detected: 48 ---
[33mserver_1      |[0m INFO:werkzeug:172.18.0.22 - - [27/Jan/2026 19:57:09] "GET /download_model?round=48 HTTP/1.1" 200 -
[32;1mclient_007_1  |[0m 2026-01-27 19:57:10,239 - __main__ - INFO - Round 48 finished. Loss: 1.0820, Acc: 69.23%
[33mserver_1      |[0m INFO:__main__:Received update from client_007
[33mserver_1      |[0m INFO:werkzeug:172.18.0.22 - - [27/Jan/2026 19:57:10] "POST /submit_update HTTP/1.1" 200 -
[32;1mclient_007_1  |[0m 2026-01-27 19:57:10,375 - __main__ - INFO - 🚀 Model update submitted successfully.
[32;1mclient_007_1  |[0m 2026-01-27 19:57:10,376 - __main__ - INFO - Update submitted for Round 48. Waiting...
[36;1mclient_005_1  |[0m 2026-01-27 19:57:10,463 - __main__ - INFO - --- New Round Detected: 48 ---
[33;1mclient_006_1  |[0m 2026-01-27 19:57:10,461 - __main__ - INFO - --- New Round Detected: 48 ---
[32mclient_002_1  |[0m 2026-01-27 19:57:10,476 - __main__ - INFO - --- New Round Detected: 48 ---
[33mserver_1      |[0m INFO:werkzeug:172.18.0.20 - - [27/Jan/2026 19:57:10] "GET /download_model?round=48 HTTP/1.1" 200 -
[33mserver_1      |[0m INFO:werkzeug:172.18.0.21 - - [27/Jan/2026 19:57:10] "GET /download_model?round=48 HTTP/1.1" 200 -
[33mserver_1      |[0m INFO:werkzeug:172.18.0.12 - - [27/Jan/2026 19:57:10] "GET /download_model?round=48 HTTP/1.1" 200 -
[33;1mclient_006_1  |[0m 2026-01-27 19:57:10,678 - __main__ - INFO - Round 48 finished. Loss: 0.6303, Acc: 85.71%
[33mserver_1      |[0m INFO:__main__:Received update from client_006
[33mserver_1      |[0m INFO:werkzeug:172.18.0.20 - - [27/Jan/2026 19:57:10] "POST /submit_update HTTP/1.1" 200 -
[33;1mclient_006_1  |[0m 2026-01-27 19:57:10,815 - __main__ - INFO - 🚀 Model update submitted successfully.
[33;1mclient_006_1  |[0m 2026-01-27 19:57:10,816 - __main__ - INFO - Update submitted for Round 48. Waiting...
[33mclient_001_1  |[0m 2026-01-27 19:57:12,177 - __main__ - INFO - --- New Round Detected: 48 ---
[33mserver_1      |[0m INFO:werkzeug:172.18.0.18 - - [27/Jan/2026 19:57:12] "GET /download_model?round=48 HTTP/1.1" 200 -
[33mclient_001_1  |[0m 2026-01-27 19:57:13,402 - __main__ - INFO - Round 48 finished. Loss: 0.3703, Acc: 98.71%
[33mserver_1      |[0m INFO:__main__:Received update from client_001
[33mserver_1      |[0m INFO:werkzeug:172.18.0.18 - - [27/Jan/2026 19:57:13] "POST /submit_update HTTP/1.1" 200 -
[33mclient_001_1  |[0m 2026-01-27 19:57:13,545 - __main__ - INFO - 🚀 Model update submitted successfully.
[33mclient_001_1  |[0m 2026-01-27 19:57:13,545 - __main__ - INFO - Update submitted for Round 48. Waiting...
[35mclient_003_1  |[0m 2026-01-27 19:57:13,652 - __main__ - INFO - --- New Round Detected: 48 ---
[33mserver_1      |[0m INFO:werkzeug:172.18.0.16 - - [27/Jan/2026 19:57:13] "GET /download_model?round=48 HTTP/1.1" 200 -
[34;1mclient_009_1  |[0m 2026-01-27 19:57:13,842 - __main__ - INFO - --- New Round Detected: 48 ---
[33mserver_1      |[0m INFO:werkzeug:172.18.0.7 - - [27/Jan/2026 19:57:13] "GET /download_model?round=48 HTTP/1.1" 200 -
[32mclient_002_1  |[0m 2026-01-27 19:57:14,277 - __main__ - INFO - Round 48 finished. Loss: 0.5738, Acc: 92.98%
[33mserver_1      |[0m INFO:__main__:Received update from client_002
[33mserver_1      |[0m INFO:__main__:--- Aggregating 5 updates ---
[33mserver_1      |[0m INFO:__main__:⚡ Using Custom Aggregator with Drift Metric...
[33mserver_1      |[0m INFO:server.aggregator:Starting FedAvg aggregation for 5 clients.
[33mserver_1      |[0m INFO:server.aggregator:--- [METRIC] Weight Divergence: 1.8231
[33mserver_1      |[0m INFO:server.aggregator:FedAvg aggregation complete.
[33mserver_1      |[0m INFO:__main__:Aggregation complete.
[33mserver_1      |[0m ⏱️ [TIME] Client client_004 finished training in 13.19s
[33mserver_1      |[0m ⏱️ [TIME] Client client_007 finished training in 0.97s
[33mserver_1      |[0m ⏱️ [TIME] Client client_006 finished training in 0.04s
[33mserver_1      |[0m ⏱️ [TIME] Client client_001 finished training in 1.09s
[33mserver_1      |[0m ⏱️ [TIME] Client client_002 finished training in 3.63s
[33mserver_1      |[0m DEBUG: ⚠️ MY CUSTOM AGGREGATOR IS RUNNING ⚠️
[36;1mclient_005_1  |[0m 2026-01-27 19:57:16,946 - __main__ - INFO - Round 48 finished. Loss: 0.4813, Acc: 94.19%
[33mserver_1      |[0m INFO:werkzeug:172.18.0.12 - - [27/Jan/2026 19:57:16] "[31m[1mPOST /submit_update HTTP/1.1[0m" 400 -
[36;1mclient_005_1  |[0m 2026-01-27 19:57:17,010 - __main__ - ERROR - Update submission failed: {"error":"Not accepting updates"}
[36;1mclient_005_1  |[0m 
[36;1mclient_005_1  |[0m 2026-01-27 19:57:17,011 - __main__ - INFO - Update submitted for Round 48. Waiting...
[35;1mclient_008_1  |[0m 2026-01-27 19:57:17,375 - __main__ - INFO - --- New Round Detected: 48 ---
[33mserver_1      |[0m INFO:werkzeug:172.18.0.19 - - [27/Jan/2026 19:57:17] "GET /download_model?round=48 HTTP/1.1" 200 -
[33mserver_1      |[0m INFO:__main__:--- Round 48 Acc: 42.26%, Loss: 1.6490 ---
[33mserver_1      |[0m INFO:__main__:--- Starting Round 49. Timeout: 300s ---
[33mserver_1      |[0m INFO:werkzeug:172.18.0.21 - - [27/Jan/2026 19:57:17] "POST /submit_update HTTP/1.1" 200 -
[32mclient_002_1  |[0m 2026-01-27 19:57:17,619 - __main__ - INFO - 🚀 Model update submitted successfully.
[32mclient_002_1  |[0m 2026-01-27 19:57:17,619 - __main__ - INFO - Update submitted for Round 48. Waiting...
[36mclient_010_1  |[0m 2026-01-27 19:57:17,922 - __main__ - INFO - --- New Round Detected: 49 ---
[33mserver_1      |[0m INFO:werkzeug:172.18.0.11 - - [27/Jan/2026 19:57:17] "GET /download_model?round=49 HTTP/1.1" 200 -
[34mclient_004_1  |[0m 2026-01-27 19:57:18,408 - __main__ - INFO - --- New Round Detected: 49 ---
[33mserver_1      |[0m INFO:werkzeug:172.18.0.17 - - [27/Jan/2026 19:57:18] "GET /download_model?round=49 HTTP/1.1" 200 -
[36mclient_010_1  |[0m 2026-01-27 19:57:19,094 - __main__ - INFO - Round 49 finished. Loss: 0.4431, Acc: 98.52%
[33mserver_1      |[0m INFO:__main__:Received update from client_010
[33mserver_1      |[0m INFO:werkzeug:172.18.0.11 - - [27/Jan/2026 19:57:19] "POST /submit_update HTTP/1.1" 200 -
[36mclient_010_1  |[0m 2026-01-27 19:57:19,249 - __main__ - INFO - 🚀 Model update submitted successfully.
[36mclient_010_1  |[0m 2026-01-27 19:57:19,249 - __main__ - INFO - Update submitted for Round 49. Waiting...
[34;1mclient_009_1  |[0m 2026-01-27 19:57:19,704 - __main__ - INFO - Round 48 finished. Loss: 0.8296, Acc: 75.87%
[33mserver_1      |[0m INFO:__main__:Received update from client_009
[33mserver_1      |[0m INFO:werkzeug:172.18.0.7 - - [27/Jan/2026 19:57:19] "POST /submit_update HTTP/1.1" 200 -
[34;1mclient_009_1  |[0m 2026-01-27 19:57:19,862 - __main__ - INFO - 🚀 Model update submitted successfully.
[34;1mclient_009_1  |[0m 2026-01-27 19:57:19,862 - __main__ - INFO - Update submitted for Round 48. Waiting...
[32;1mclient_007_1  |[0m 2026-01-27 19:57:20,452 - __main__ - INFO - --- New Round Detected: 49 ---
[33mserver_1      |[0m INFO:werkzeug:172.18.0.22 - - [27/Jan/2026 19:57:20] "GET /download_model?round=49 HTTP/1.1" 200 -
[33;1mclient_006_1  |[0m 2026-01-27 19:57:20,882 - __main__ - INFO - --- New Round Detected: 49 ---
[33mserver_1      |[0m INFO:werkzeug:172.18.0.20 - - [27/Jan/2026 19:57:20] "GET /download_model?round=49 HTTP/1.1" 200 -
[33;1mclient_006_1  |[0m 2026-01-27 19:57:21,056 - __main__ - INFO - Round 49 finished. Loss: 0.8206, Acc: 85.71%
[33mserver_1      |[0m INFO:__main__:Received update from client_006
[33mserver_1      |[0m INFO:werkzeug:172.18.0.20 - - [27/Jan/2026 19:57:21] "POST /submit_update HTTP/1.1" 200 -
[33;1mclient_006_1  |[0m 2026-01-27 19:57:21,212 - __main__ - INFO - 🚀 Model update submitted successfully.
[33;1mclient_006_1  |[0m 2026-01-27 19:57:21,212 - __main__ - INFO - Update submitted for Round 49. Waiting...
[32;1mclient_007_1  |[0m 2026-01-27 19:57:21,431 - __main__ - INFO - Round 49 finished. Loss: 1.0406, Acc: 71.98%
[33mserver_1      |[0m INFO:__main__:Received update from client_007
[33mserver_1      |[0m INFO:werkzeug:172.18.0.22 - - [27/Jan/2026 19:57:21] "POST /submit_update HTTP/1.1" 200 -
[32;1mclient_007_1  |[0m 2026-01-27 19:57:21,565 - __main__ - INFO - 🚀 Model update submitted successfully.
[32;1mclient_007_1  |[0m 2026-01-27 19:57:21,565 - __main__ - INFO - Update submitted for Round 49. Waiting...
[35;1mclient_008_1  |[0m 2026-01-27 19:57:21,632 - __main__ - INFO - Round 48 finished. Loss: 0.2374, Acc: 98.72%
[33mserver_1      |[0m INFO:__main__:Received update from client_008
[33mserver_1      |[0m INFO:__main__:--- Aggregating 5 updates ---
[33mserver_1      |[0m INFO:__main__:⚡ Using Custom Aggregator with Drift Metric...
[33mserver_1      |[0m INFO:server.aggregator:Starting FedAvg aggregation for 5 clients.
[33mclient_001_1  |[0m 2026-01-27 19:57:23,608 - __main__ - INFO - --- New Round Detected: 49 ---
[33mserver_1      |[0m INFO:werkzeug:172.18.0.18 - - [27/Jan/2026 19:57:23] "GET /download_model?round=49 HTTP/1.1" 200 -
[33mserver_1      |[0m INFO:server.aggregator:--- [METRIC] Weight Divergence: 1.4963
[33mserver_1      |[0m INFO:server.aggregator:FedAvg aggregation complete.
[33mserver_1      |[0m INFO:__main__:Aggregation complete.
[33mserver_1      |[0m ⏱️ [TIME] Client client_010 finished training in 1.02s
[33mserver_1      |[0m ⏱️ [TIME] Client client_009 finished training in 5.72s
[33mserver_1      |[0m ⏱️ [TIME] Client client_006 finished training in 0.04s
[33mserver_1      |[0m ⏱️ [TIME] Client client_007 finished training in 0.85s
[33mserver_1      |[0m ⏱️ [TIME] Client client_008 finished training in 4.12s
[33mserver_1      |[0m DEBUG: ⚠️ MY CUSTOM AGGREGATOR IS RUNNING ⚠️
[33mclient_001_1  |[0m 2026-01-27 19:57:24,865 - __main__ - INFO - Round 49 finished. Loss: 0.4347, Acc: 99.35%
[33mserver_1      |[0m INFO:werkzeug:172.18.0.18 - - [27/Jan/2026 19:57:24] "[31m[1mPOST /submit_update HTTP/1.1[0m" 400 -
[33mclient_001_1  |[0m 2026-01-27 19:57:24,931 - __main__ - ERROR - Update submission failed: {"error":"Not accepting updates"}
[33mclient_001_1  |[0m 
[33mclient_001_1  |[0m 2026-01-27 19:57:24,931 - __main__ - INFO - Update submitted for Round 49. Waiting...
[33mserver_1      |[0m INFO:__main__:--- Round 49 Acc: 36.98%, Loss: 1.7619 ---
[33mserver_1      |[0m INFO:__main__:---Final model saved ---
[33mserver_1      |[0m INFO:__main__:--- Training complete. ---
[33mserver_1      |[0m INFO:werkzeug:172.18.0.19 - - [27/Jan/2026 19:57:25] "POST /submit_update HTTP/1.1" 200 -
[35;1mclient_008_1  |[0m 2026-01-27 19:57:25,323 - __main__ - INFO - 🚀 Model update submitted successfully.
[35;1mclient_008_1  |[0m 2026-01-27 19:57:25,323 - __main__ - INFO - Update submitted for Round 48. Waiting...
[36;1mclient_005_1  |[0m 2026-01-27 19:57:27,144 - __main__ - INFO - Server finished training. Exiting.
[36;1mfl-rest_client_005_1 exited with code 0
[0mStopping fl-rest_client_016_1 ... 
Stopping fl-rest_client_002_1 ... 
Stopping fl-rest_client_008_1 ... 
Stopping fl-rest_client_003_1 ... 
Stopping fl-rest_client_006_1 ... 
Stopping fl-rest_client_004_1 ... 
Stopping fl-rest_client_010_1 ... 
Stopping fl-rest_client_007_1 ... 
Stopping fl-rest_client_015_1 ... 
Stopping fl-rest_client_001_1 ... 
Stopping fl-rest_client_018_1 ... 
Stopping fl-rest_client_020_1 ... 
Stopping fl-rest_client_014_1 ... 
Stopping fl-rest_client_013_1 ... 
Stopping fl-rest_client_019_1 ... 
Stopping fl-rest_client_012_1 ... 
Stopping fl-rest_client_017_1 ... 
Stopping fl-rest_client_009_1 ... 
Stopping fl-rest_client_011_1 ... 
Stopping docker-tc            ... 
Stopping fl-rest_server_1     ... 
Stopping docker-tc            ... done
Stopping fl-rest_client_013_1 ... done
Stopping fl-rest_client_017_1 ... done
Stopping fl-rest_client_020_1 ... done
Stopping fl-rest_client_018_1 ... done
Stopping fl-rest_client_011_1 ... done
Stopping fl-rest_client_006_1 ... done
Stopping fl-rest_client_019_1 ... done
Stopping fl-rest_client_016_1 ... done
Stopping fl-rest_client_015_1 ... done
Stopping fl-rest_client_012_1 ... done
Stopping fl-rest_client_014_1 ... done
Stopping fl-rest_client_008_1 ... done
Stopping fl-rest_client_003_1 ... done
Stopping fl-rest_client_004_1 ... done
Stopping fl-rest_client_002_1 ... done
Stopping fl-rest_client_009_1 ... done
Stopping fl-rest_client_001_1 ... done
Stopping fl-rest_client_010_1 ... done
Stopping fl-rest_client_007_1 ... done
Stopping fl-rest_server_1     ... done
Aborting on container exit...
