using --exit-code-from implies --abort-on-container-exit
Creating fl-rest_server_1 ... 
Creating docker-tc        ... 
Creating docker-tc        ... done
Creating fl-rest_server_1 ... done
Creating fl-rest_client_017_1 ... 
Creating fl-rest_client_013_1 ... 
Creating fl-rest_client_011_1 ... 
Creating fl-rest_client_016_1 ... 
Creating fl-rest_client_009_1 ... 
Creating fl-rest_client_007_1 ... 
Creating fl-rest_client_019_1 ... 
Creating fl-rest_client_014_1 ... 
Creating fl-rest_client_002_1 ... 
Creating fl-rest_client_005_1 ... 
Creating fl-rest_client_006_1 ... 
Creating fl-rest_client_004_1 ... 
Creating fl-rest_client_012_1 ... 
Creating fl-rest_client_018_1 ... 
Creating fl-rest_client_010_1 ... 
Creating fl-rest_client_008_1 ... 
Creating fl-rest_client_003_1 ... 
Creating fl-rest_client_020_1 ... 
Creating fl-rest_client_015_1 ... 
Creating fl-rest_client_001_1 ... 
Creating fl-rest_client_016_1 ... done
Creating fl-rest_client_013_1 ... done
Creating fl-rest_client_017_1 ... done
Creating fl-rest_client_011_1 ... done
Creating fl-rest_client_014_1 ... done
Creating fl-rest_client_019_1 ... done
Creating fl-rest_client_012_1 ... done
Creating fl-rest_client_009_1 ... done
Creating fl-rest_client_007_1 ... done
Creating fl-rest_client_015_1 ... done
Creating fl-rest_client_010_1 ... done
Creating fl-rest_client_020_1 ... done
Creating fl-rest_client_018_1 ... done
Creating fl-rest_client_001_1 ... done
Creating fl-rest_client_005_1 ... done
Creating fl-rest_client_004_1 ... done
Creating fl-rest_client_003_1 ... done
Creating fl-rest_client_008_1 ... done
Creating fl-rest_client_002_1 ... done
Creating fl-rest_client_006_1 ... done
Attaching to docker-tc, fl-rest_server_1, fl-rest_client_016_1, fl-rest_client_013_1, fl-rest_client_017_1, fl-rest_client_011_1, fl-rest_client_014_1, fl-rest_client_019_1, fl-rest_client_012_1, fl-rest_client_009_1, fl-rest_client_007_1, fl-rest_client_015_1, fl-rest_client_010_1, fl-rest_client_020_1, fl-rest_client_018_1, fl-rest_client_001_1, fl-rest_client_005_1, fl-rest_client_004_1, fl-rest_client_003_1, fl-rest_client_008_1, fl-rest_client_002_1, fl-rest_client_006_1
[36mdocker-tc     |[0m [s6-init] making user provided files available at /var/run/s6/etc...exited 0.
[36mdocker-tc     |[0m [s6-init] ensuring user provided files have correct perms...exited 0.
[36mdocker-tc     |[0m [fix-attrs.d] applying ownership & permissions fixes...
[36mdocker-tc     |[0m [fix-attrs.d] done.
[36mdocker-tc     |[0m [cont-init.d] executing container initialization scripts...
[36mdocker-tc     |[0m [cont-init.d] 00-init: executing... 
[36mdocker-tc     |[0m [cont-init.d] 00-init: exited 0.
[36mdocker-tc     |[0m [cont-init.d] done.
[36mdocker-tc     |[0m [services.d] starting services
[36mdocker-tc     |[0m Starting garbage collector
[36mdocker-tc     |[0m Starting HTTP server on 127.0.0.1:4080
[36mdocker-tc     |[0m + exec hapttic -file /docker-tc/bin/httpd.sh -logErrors -host 127.0.0.1 -port 4080
[36mdocker-tc     |[0m [services.d] done.
[36mdocker-tc     |[0m 
[36mdocker-tc     |[0m  ____          _              _____         ___ ___ _        _____         _           _
[36mdocker-tc     |[0m |    \ ___ ___| |_ ___ ___   |_   _|___ ___|  _|  _|_|___   |     |___ ___| |_ ___ ___| |
[36mdocker-tc     |[0m |  |  | . |  _| '_| -_|  _|    | | |  _| .'|  _|  _| |  _|  |   --| . |   |  _|  _| . | |
[36mdocker-tc     |[0m |____/|___|___|_,_|___|_|      |_| |_| |__,|_| |_| |_|___|  |_____|___|_|_|_| |_| |___|_|
[36mdocker-tc     |[0m 
[36mdocker-tc     |[0m Starting Docker Traffic Control 18.12
[36mdocker-tc     |[0m https://github.com/lukaszlach/docker-tc
[36mdocker-tc     |[0m 
[36mdocker-tc     |[0m 2026/01/21 17:40:04 Thanks for using hapttic v1.0.0
[36mdocker-tc     |[0m 2026/01/21 17:40:04 Listening on 127.0.0.1:4080
[36mdocker-tc     |[0m 2026/01/21 17:40:04 Forwarding requests to /docker-tc/bin/httpd.sh
[36mdocker-tc     |[0m 2026/01/21 17:40:04 Logging errors to stderr
[36mdocker-tc     |[0m [2026-01-21T17:40:04+00:00] [0f50c2a0a108] Notice: Skipping container, service was disabled by label
[36mdocker-tc     |[0m [2026-01-21T17:40:04+00:00] [bd19146b9070] Notice: Skipping container, no valid labels found
[36mdocker-tc     |[0m [2026-01-21T17:40:04+00:00] [438bf01636a0] Notice: Skipping container, no valid labels found
[36mdocker-tc     |[0m [2026-01-21T17:40:04+00:00] [c314c85387cb] Notice: Skipping container, no valid labels found
[36mdocker-tc     |[0m Error response from daemon: Container 3e4b2842dc618e2afe83311ecd360e727849572adbdf41474062df0f06f43f7f is restarting, wait until the container is running
[36mdocker-tc     |[0m [2026-01-21T17:40:04+00:00] [3e4b2842dc61] Warning: Network has no corresponding virtual network interface
[36mdocker-tc     |[0m [2026-01-21T17:40:05+00:00] [210bf8d0a47e] Set delay=200ms, loss=1% on vethb44ce75
[36mdocker-tc     |[0m [2026-01-21T17:40:05+00:00] [210bf8d0a47e] Set bandwidth-limit=5mbps on vethb44ce75
[36mdocker-tc     |[0m [2026-01-21T17:40:05+00:00] [210bf8d0a47e] Controlling traffic of the container /fl-rest_client_016_1 on vethb44ce75
[33mserver_1      |[0m TensorFlow installation not found - running with reduced feature set.
[33mserver_1      |[0m 
[33mserver_1      |[0m NOTE: Using experimental fast data loading logic. To disable, pass
[33mserver_1      |[0m     "--load_fast=false" and report issues on GitHub. More details:
[33mserver_1      |[0m     https://github.com/tensorflow/tensorboard/issues/4784
[33mserver_1      |[0m 
[36mdocker-tc     |[0m [2026-01-21T17:40:05+00:00] [f736b57dcb74] Set delay=200ms, loss=1% on veth2c1405e
[36mdocker-tc     |[0m [2026-01-21T17:40:05+00:00] [f736b57dcb74] Set bandwidth-limit=5mbps on veth2c1405e
[36mdocker-tc     |[0m [2026-01-21T17:40:05+00:00] [f736b57dcb74] Controlling traffic of the container /fl-rest_client_013_1 on veth2c1405e
[33mserver_1      |[0m TensorBoard 2.20.0 at http://0.0.0.0:6006/ (Press CTRL+C to quit)
[36mdocker-tc     |[0m [2026-01-21T17:40:05+00:00] [a6c91eb47105] Set delay=200ms, loss=1% on veth41d9a24
[36mdocker-tc     |[0m [2026-01-21T17:40:05+00:00] [a6c91eb47105] Set bandwidth-limit=5mbps on veth41d9a24
[36mdocker-tc     |[0m [2026-01-21T17:40:05+00:00] [a6c91eb47105] Controlling traffic of the container /fl-rest_client_017_1 on veth41d9a24
[33;1mclient_016_1  |[0m 2026-01-21 17:40:05,984 - __main__ - INFO - --- Starting FL Client: client_016 ---
[36mdocker-tc     |[0m [2026-01-21T17:40:06+00:00] [9edd11dbdc7e] Set delay=200ms, loss=1% on veth45342d2
[36mdocker-tc     |[0m [2026-01-21T17:40:06+00:00] [9edd11dbdc7e] Set bandwidth-limit=5mbps on veth45342d2
[36mdocker-tc     |[0m [2026-01-21T17:40:06+00:00] [9edd11dbdc7e] Controlling traffic of the container /fl-rest_client_011_1 on veth45342d2
[33mserver_1      |[0m INFO:__main__:Writing TensorBoard logs to: fl_logs/tensorboard/Cenario_C_Hibrido_Mu0.01_Alpha0.0_1740
[33mserver_1      |[0m INFO:__main__:Loading CIFAR-10 test dataset...
[35mclient_013_1  |[0m 2026-01-21 17:40:06,136 - __main__ - INFO - --- Starting FL Client: client_013 ---
[32;1mclient_017_1  |[0m 2026-01-21 17:40:06,138 - __main__ - INFO - --- Starting FL Client: client_017 ---
[34mclient_014_1  |[0m 2026-01-21 17:40:06,188 - __main__ - INFO - --- Starting FL Client: client_014 ---
[34mclient_014_1  |[0m 2026-01-21 17:40:06,189 - __main__ - WARNING - Registration attempt 1 failed: HTTPConnectionPool(host='server', port=5000): Max retries exceeded with url: /register (Caused by NewConnectionError('<urllib3.connection.HTTPConnection object at 0x713e27974dc0>: Failed to establish a new connection: [Errno 111] Connection refused'))
[32mclient_012_1  |[0m 2026-01-21 17:40:06,208 - __main__ - INFO - --- Starting FL Client: client_012 ---
[32mclient_012_1  |[0m 2026-01-21 17:40:06,210 - __main__ - WARNING - Registration attempt 1 failed: HTTPConnectionPool(host='server', port=5000): Max retries exceeded with url: /register (Caused by NewConnectionError('<urllib3.connection.HTTPConnection object at 0x778a53848df0>: Failed to establish a new connection: [Errno 111] Connection refused'))
[35;1mclient_018_1  |[0m 2026-01-21 17:40:06,238 - __main__ - INFO - --- Starting FL Client: client_018 ---
[35;1mclient_018_1  |[0m 2026-01-21 17:40:06,241 - __main__ - WARNING - Registration attempt 1 failed: HTTPConnectionPool(host='server', port=5000): Max retries exceeded with url: /register (Caused by NewConnectionError('<urllib3.connection.HTTPConnection object at 0x7215d524cdc0>: Failed to establish a new connection: [Errno 111] Connection refused'))
[36mdocker-tc     |[0m [2026-01-21T17:40:06+00:00] [c65ea4425256] Set delay=200ms, loss=1% on veth8d45299
[36mdocker-tc     |[0m [2026-01-21T17:40:06+00:00] [c65ea4425256] Set bandwidth-limit=5mbps on veth8d45299
[36mclient_010_1  |[0m 2026-01-21 17:40:06,259 - __main__ - INFO - --- Starting FL Client: client_010 ---
[36mclient_010_1  |[0m 2026-01-21 17:40:06,260 - __main__ - WARNING - Registration attempt 1 failed: HTTPConnectionPool(host='server', port=5000): Max retries exceeded with url: /register (Caused by NewConnectionError('<urllib3.connection.HTTPConnection object at 0x70e0b9694d90>: Failed to establish a new connection: [Errno 111] Connection refused'))
[36mdocker-tc     |[0m [2026-01-21T17:40:06+00:00] [c65ea4425256] Controlling traffic of the container /fl-rest_client_014_1 on veth8d45299
[36mclient_020_1  |[0m 2026-01-21 17:40:06,274 - __main__ - INFO - --- Starting FL Client: client_020 ---
[36mclient_020_1  |[0m 2026-01-21 17:40:06,276 - __main__ - WARNING - Registration attempt 1 failed: HTTPConnectionPool(host='server', port=5000): Max retries exceeded with url: /register (Caused by NewConnectionError('<urllib3.connection.HTTPConnection object at 0x7542d85d4e20>: Failed to establish a new connection: [Errno 111] Connection refused'))
[34mclient_004_1  |[0m 2026-01-21 17:40:06,358 - __main__ - INFO - --- Starting FL Client: client_004 ---
[34mclient_004_1  |[0m 2026-01-21 17:40:06,360 - __main__ - WARNING - Registration attempt 1 failed: HTTPConnectionPool(host='server', port=5000): Max retries exceeded with url: /register (Caused by NewConnectionError('<urllib3.connection.HTTPConnection object at 0x7c1176bf8dc0>: Failed to establish a new connection: [Errno 111] Connection refused'))
[36;1mclient_015_1  |[0m 2026-01-21 17:40:06,372 - __main__ - INFO - --- Starting FL Client: client_015 ---
[36;1mclient_015_1  |[0m 2026-01-21 17:40:06,374 - __main__ - WARNING - Registration attempt 1 failed: HTTPConnectionPool(host='server', port=5000): Max retries exceeded with url: /register (Caused by NewConnectionError('<urllib3.connection.HTTPConnection object at 0x7e8e9036ce20>: Failed to establish a new connection: [Errno 111] Connection refused'))
[33;1mclient_016_1  |[0m 2026-01-21 17:40:06,386 - __main__ - WARNING - Registration attempt 1 failed: HTTPConnectionPool(host='server', port=5000): Max retries exceeded with url: /register (Caused by NewConnectionError('<urllib3.connection.HTTPConnection object at 0x717bcaa04e20>: Failed to establish a new connection: [Errno 111] Connection refused'))
[34;1mclient_019_1  |[0m 2026-01-21 17:40:06,394 - __main__ - INFO - --- Starting FL Client: client_019 ---
[34;1mclient_019_1  |[0m 2026-01-21 17:40:06,395 - __main__ - WARNING - Registration attempt 1 failed: HTTPConnectionPool(host='server', port=5000): Max retries exceeded with url: /register (Caused by NewConnectionError('<urllib3.connection.HTTPConnection object at 0x74e874ac0e20>: Failed to establish a new connection: [Errno 111] Connection refused'))
[36;1mclient_005_1  |[0m 2026-01-21 17:40:06,406 - __main__ - INFO - --- Starting FL Client: client_005 ---
[36;1mclient_005_1  |[0m 2026-01-21 17:40:06,408 - __main__ - WARNING - Registration attempt 1 failed: HTTPConnectionPool(host='server', port=5000): Max retries exceeded with url: /register (Caused by NewConnectionError('<urllib3.connection.HTTPConnection object at 0x752261140df0>: Failed to establish a new connection: [Errno 111] Connection refused'))
[36mdocker-tc     |[0m [2026-01-21T17:40:06+00:00] [1baf279e8fc7] Set delay=200ms, loss=1% on vethc2b1003
[36mdocker-tc     |[0m [2026-01-21T17:40:06+00:00] [1baf279e8fc7] Set bandwidth-limit=5mbps on vethc2b1003
[33mclient_011_1  |[0m 2026-01-21 17:40:06,475 - __main__ - INFO - --- Starting FL Client: client_011 ---
[32;1mclient_007_1  |[0m 2026-01-21 17:40:06,477 - __main__ - INFO - --- Starting FL Client: client_007 ---
[32;1mclient_007_1  |[0m 2026-01-21 17:40:06,478 - __main__ - WARNING - Registration attempt 1 failed: HTTPConnectionPool(host='server', port=5000): Max retries exceeded with url: /register (Caused by NewConnectionError('<urllib3.connection.HTTPConnection object at 0x7bf5e38a4dc0>: Failed to establish a new connection: [Errno 111] Connection refused'))
[36mdocker-tc     |[0m [2026-01-21T17:40:06+00:00] [1baf279e8fc7] Controlling traffic of the container /fl-rest_client_019_1 on vethc2b1003
[34;1mclient_009_1  |[0m 2026-01-21 17:40:06,527 - __main__ - INFO - --- Starting FL Client: client_009 ---
[34;1mclient_009_1  |[0m 2026-01-21 17:40:06,529 - __main__ - WARNING - Registration attempt 1 failed: HTTPConnectionPool(host='server', port=5000): Max retries exceeded with url: /register (Caused by NewConnectionError('<urllib3.connection.HTTPConnection object at 0x7c98fa09cdc0>: Failed to establish a new connection: [Errno 111] Connection refused'))
[33mserver_1      |[0m INFO:__main__:Test dataset loaded.
[33mserver_1      |[0m INFO:__main__:Initial model for round 0 created.
[33mserver_1      |[0m Files already downloaded and verified
[33mserver_1      |[0m  * Serving Flask app 'app'
[33mserver_1      |[0m  * Debug mode: off
[33mserver_1      |[0m INFO:werkzeug:[31m[1mWARNING: This is a development server. Do not use it in a production deployment. Use a production WSGI server instead.[0m
[33mserver_1      |[0m  * Running on all addresses (0.0.0.0)
[33mserver_1      |[0m  * Running on http://127.0.0.1:5000
[33mserver_1      |[0m  * Running on http://172.18.0.2:5000
[33mserver_1      |[0m INFO:werkzeug:[33mPress CTRL+C to quit[0m
[35mclient_013_1  |[0m 2026-01-21 17:40:06,539 - __main__ - WARNING - Registration attempt 1 failed: HTTPConnectionPool(host='server', port=5000): Max retries exceeded with url: /register (Caused by NewConnectionError('<urllib3.connection.HTTPConnection object at 0x78b075c10df0>: Failed to establish a new connection: [Errno 111] Connection refused'))
[32;1mclient_017_1  |[0m 2026-01-21 17:40:06,540 - __main__ - WARNING - Registration attempt 1 failed: HTTPConnectionPool(host='server', port=5000): Max retries exceeded with url: /register (Caused by NewConnectionError('<urllib3.connection.HTTPConnection object at 0x7fbaa5af8e20>: Failed to establish a new connection: [Errno 111] Connection refused'))
[35;1mclient_008_1  |[0m 2026-01-21 17:40:06,552 - __main__ - INFO - --- Starting FL Client: client_008 ---
[33mserver_1      |[0m INFO:__main__:Client client_008 registered.
[33mserver_1      |[0m INFO:__main__:--- Starting Round 0. Timeout: 300s ---
[35;1mclient_008_1  |[0m 2026-01-21 17:40:06,556 - __main__ - INFO - ✅ Registered with server successfully.
[33mclient_001_1  |[0m 2026-01-21 17:40:06,566 - __main__ - INFO - --- Starting FL Client: client_001 ---
[33mserver_1      |[0m INFO:__main__:Client client_001 registered.
[33mclient_001_1  |[0m 2026-01-21 17:40:06,569 - __main__ - INFO - ✅ Registered with server successfully.
[35mclient_003_1  |[0m 2026-01-21 17:40:06,587 - __main__ - INFO - --- Starting FL Client: client_003 ---
[33mserver_1      |[0m INFO:__main__:Client client_003 registered.
[35mclient_003_1  |[0m 2026-01-21 17:40:06,590 - __main__ - INFO - ✅ Registered with server successfully.
[36mdocker-tc     |[0m [2026-01-21T17:40:06+00:00] [1d633ff36706] Set delay=200ms, loss=1% on veth2b5ef09
[36mdocker-tc     |[0m [2026-01-21T17:40:06+00:00] [1d633ff36706] Set bandwidth-limit=5mbps on veth2b5ef09
[32mclient_002_1  |[0m 2026-01-21 17:40:06,671 - __main__ - INFO - --- Starting FL Client: client_002 ---
[33mserver_1      |[0m INFO:__main__:Client client_002 registered.
[32mclient_002_1  |[0m 2026-01-21 17:40:06,675 - __main__ - INFO - ✅ Registered with server successfully.
[36mdocker-tc     |[0m [2026-01-21T17:40:06+00:00] [1d633ff36706] Controlling traffic of the container /fl-rest_client_012_1 on veth2b5ef09
[33;1mclient_006_1  |[0m 2026-01-21 17:40:06,687 - __main__ - INFO - --- Starting FL Client: client_006 ---
[33mserver_1      |[0m INFO:__main__:Client client_006 registered.
[33;1mclient_006_1  |[0m 2026-01-21 17:40:06,690 - __main__ - INFO - ✅ Registered with server successfully.
[35;1mclient_008_1  |[0m 2026-01-21 17:40:06,859 - __main__ - INFO - --- New Round Detected: 0 ---
[33mserver_1      |[0m INFO:werkzeug:172.18.0.20 - - [21/Jan/2026 17:40:06] "GET /download_model?round=0 HTTP/1.1" 200 -
[33mclient_001_1  |[0m 2026-01-21 17:40:06,872 - __main__ - INFO - --- New Round Detected: 0 ---
[36mdocker-tc     |[0m [2026-01-21T17:40:06+00:00] [db2c84e5767d] Set delay=20ms on veth2382d9e
[33mserver_1      |[0m INFO:werkzeug:172.18.0.16 - - [21/Jan/2026 17:40:06] "GET /download_model?round=0 HTTP/1.1" 200 -
[36mdocker-tc     |[0m [2026-01-21T17:40:06+00:00] [db2c84e5767d] Set bandwidth-limit=1gbit on veth2382d9e
[33mserver_1      |[0m INFO:__main__:Client client_011 registered.
[36mdocker-tc     |[0m [2026-01-21T17:40:06+00:00] [db2c84e5767d] Controlling traffic of the container /fl-rest_client_009_1 on veth2382d9e
[35mclient_003_1  |[0m 2026-01-21 17:40:06,910 - __main__ - INFO - --- New Round Detected: 0 ---
[33mserver_1      |[0m INFO:werkzeug:172.18.0.19 - - [21/Jan/2026 17:40:06] "GET /download_model?round=0 HTTP/1.1" 200 -
[32mclient_002_1  |[0m 2026-01-21 17:40:06,992 - __main__ - INFO - --- New Round Detected: 0 ---
[33mserver_1      |[0m INFO:werkzeug:172.18.0.21 - - [21/Jan/2026 17:40:06] "GET /download_model?round=0 HTTP/1.1" 200 -
[33;1mclient_006_1  |[0m 2026-01-21 17:40:07,003 - __main__ - INFO - --- New Round Detected: 0 ---
[33mserver_1      |[0m INFO:werkzeug:172.18.0.22 - - [21/Jan/2026 17:40:07] "GET /download_model?round=0 HTTP/1.1" 200 -
[33mclient_011_1  |[0m 2026-01-21 17:40:07,089 - __main__ - INFO - ✅ Registered with server successfully.
[36mdocker-tc     |[0m [2026-01-21T17:40:07+00:00] [209b32f42884] Set delay=20ms on vethd798d89
[36mdocker-tc     |[0m [2026-01-21T17:40:07+00:00] [209b32f42884] Set bandwidth-limit=1gbit on vethd798d89
[36mdocker-tc     |[0m [2026-01-21T17:40:07+00:00] [209b32f42884] Controlling traffic of the container /fl-rest_client_007_1 on vethd798d89
[36mdocker-tc     |[0m [2026-01-21T17:40:07+00:00] [463a48d32195] Set delay=200ms, loss=1% on vethbd6b0e0
[36mdocker-tc     |[0m [2026-01-21T17:40:07+00:00] [463a48d32195] Set bandwidth-limit=5mbps on vethbd6b0e0
[36mdocker-tc     |[0m [2026-01-21T17:40:07+00:00] [463a48d32195] Controlling traffic of the container /fl-rest_client_015_1 on vethbd6b0e0
[36mdocker-tc     |[0m [2026-01-21T17:40:07+00:00] [86e26fa542dc] Set delay=20ms on veth70bc906
[36mdocker-tc     |[0m [2026-01-21T17:40:07+00:00] [86e26fa542dc] Set bandwidth-limit=1gbit on veth70bc906
[36mdocker-tc     |[0m [2026-01-21T17:40:07+00:00] [86e26fa542dc] Controlling traffic of the container /fl-rest_client_010_1 on veth70bc906
[36mdocker-tc     |[0m [2026-01-21T17:40:07+00:00] [9786c454f0d1] Set delay=200ms, loss=1% on vethd15bd5f
[36mdocker-tc     |[0m [2026-01-21T17:40:07+00:00] [9786c454f0d1] Set bandwidth-limit=5mbps on vethd15bd5f
[36mdocker-tc     |[0m [2026-01-21T17:40:07+00:00] [9786c454f0d1] Controlling traffic of the container /fl-rest_client_020_1 on vethd15bd5f
[33;1mclient_006_1  |[0m 2026-01-21 17:40:07,914 - __main__ - INFO - Round 0 finished. Loss: 2.3007, Acc: 0.00%
[33mserver_1      |[0m INFO:__main__:Received update from client_006
[33mserver_1      |[0m INFO:werkzeug:172.18.0.22 - - [21/Jan/2026 17:40:07] "POST /submit_update HTTP/1.1" 200 -
[33;1mclient_006_1  |[0m 2026-01-21 17:40:07,919 - __main__ - INFO - 🚀 Model update submitted successfully.
[33;1mclient_006_1  |[0m 2026-01-21 17:40:07,919 - __main__ - INFO - Update submitted for Round 0. Waiting...
[36mdocker-tc     |[0m [2026-01-21T17:40:07+00:00] [375f663a107a] Set delay=200ms, loss=1% on veth3f24051
[36mdocker-tc     |[0m [2026-01-21T17:40:07+00:00] [375f663a107a] Set bandwidth-limit=5mbps on veth3f24051
[36mdocker-tc     |[0m [2026-01-21T17:40:07+00:00] [375f663a107a] Controlling traffic of the container /fl-rest_client_018_1 on veth3f24051
[33mclient_001_1  |[0m 2026-01-21 17:40:08,137 - __main__ - INFO - Round 0 finished. Loss: 0.1890, Acc: 96.12%
[33mserver_1      |[0m INFO:__main__:Received update from client_001
[33mserver_1      |[0m INFO:werkzeug:172.18.0.16 - - [21/Jan/2026 17:40:08] "POST /submit_update HTTP/1.1" 200 -
[33mclient_001_1  |[0m 2026-01-21 17:40:08,141 - __main__ - INFO - 🚀 Model update submitted successfully.
[33mclient_001_1  |[0m 2026-01-21 17:40:08,141 - __main__ - INFO - Update submitted for Round 0. Waiting...
[36mdocker-tc     |[0m [2026-01-21T17:40:08+00:00] [c1164e0a3739] Set delay=20ms on veth23beab2
[36mdocker-tc     |[0m [2026-01-21T17:40:08+00:00] [c1164e0a3739] Set bandwidth-limit=1gbit on veth23beab2
[36mdocker-tc     |[0m [2026-01-21T17:40:08+00:00] [c1164e0a3739] Controlling traffic of the container /fl-rest_client_001_1 on veth23beab2
[36mdocker-tc     |[0m [2026-01-21T17:40:08+00:00] [3a161cd63a69] Set delay=20ms on veth7054762
[36mdocker-tc     |[0m [2026-01-21T17:40:08+00:00] [3a161cd63a69] Set bandwidth-limit=1gbit on veth7054762
[36mdocker-tc     |[0m [2026-01-21T17:40:08+00:00] [3a161cd63a69] Controlling traffic of the container /fl-rest_client_005_1 on veth7054762
[35;1mclient_008_1  |[0m 2026-01-21 17:40:08,410 - __main__ - INFO - Round 0 finished. Loss: 0.1292, Acc: 97.93%
[33mserver_1      |[0m INFO:__main__:Received update from client_008
[33mserver_1      |[0m INFO:werkzeug:172.18.0.20 - - [21/Jan/2026 17:40:08] "POST /submit_update HTTP/1.1" 200 -
[35;1mclient_008_1  |[0m 2026-01-21 17:40:08,414 - __main__ - INFO - 🚀 Model update submitted successfully.
[35;1mclient_008_1  |[0m 2026-01-21 17:40:08,415 - __main__ - INFO - Update submitted for Round 0. Waiting...
[32mclient_002_1  |[0m 2026-01-21 17:40:08,514 - __main__ - INFO - Round 0 finished. Loss: 0.4836, Acc: 83.50%
[33mserver_1      |[0m INFO:__main__:Received update from client_002
[33mserver_1      |[0m INFO:werkzeug:172.18.0.21 - - [21/Jan/2026 17:40:08] "POST /submit_update HTTP/1.1" 200 -
[32mclient_002_1  |[0m 2026-01-21 17:40:08,518 - __main__ - INFO - 🚀 Model update submitted successfully.
[32mclient_002_1  |[0m 2026-01-21 17:40:08,518 - __main__ - INFO - Update submitted for Round 0. Waiting...
[36mdocker-tc     |[0m [2026-01-21T17:40:08+00:00] [ec5c0c276780] Set delay=20ms on vethb69f9bd
[36mdocker-tc     |[0m [2026-01-21T17:40:08+00:00] [ec5c0c276780] Set bandwidth-limit=1gbit on vethb69f9bd
[36mdocker-tc     |[0m [2026-01-21T17:40:08+00:00] [ec5c0c276780] Controlling traffic of the container /fl-rest_client_004_1 on vethb69f9bd
[33mclient_011_1  |[0m 2026-01-21 17:40:08,628 - __main__ - INFO - --- New Round Detected: 0 ---
[36mdocker-tc     |[0m [2026-01-21T17:40:08+00:00] [fd36175f8ee2] Set delay=20ms on veth89649cf
[36mdocker-tc     |[0m [2026-01-21T17:40:08+00:00] [fd36175f8ee2] Set bandwidth-limit=1gbit on veth89649cf
[36mdocker-tc     |[0m [2026-01-21T17:40:08+00:00] [fd36175f8ee2] Controlling traffic of the container /fl-rest_client_003_1 on veth89649cf
[33mserver_1      |[0m INFO:werkzeug:172.18.0.6 - - [21/Jan/2026 17:40:08] "GET /download_model?round=0 HTTP/1.1" 200 -
[36mdocker-tc     |[0m [2026-01-21T17:40:08+00:00] [e70f111b406c] Set delay=20ms on veth903770f
[36mdocker-tc     |[0m [2026-01-21T17:40:08+00:00] [e70f111b406c] Set bandwidth-limit=1gbit on veth903770f
[36mdocker-tc     |[0m [2026-01-21T17:40:08+00:00] [e70f111b406c] Controlling traffic of the container /fl-rest_client_008_1 on veth903770f
[36mdocker-tc     |[0m [2026-01-21T17:40:09+00:00] [5a777d8f7a71] Set delay=20ms on vethfb33149
[36mdocker-tc     |[0m [2026-01-21T17:40:09+00:00] [5a777d8f7a71] Set bandwidth-limit=1gbit on vethfb33149
[36mdocker-tc     |[0m [2026-01-21T17:40:09+00:00] [5a777d8f7a71] Controlling traffic of the container /fl-rest_client_002_1 on vethfb33149
[33mserver_1      |[0m INFO:__main__:Client client_010 registered.
[36mclient_010_1  |[0m 2026-01-21 17:40:09,315 - __main__ - INFO - ✅ Registered with server successfully.
[36mdocker-tc     |[0m [2026-01-21T17:40:09+00:00] [c4515d0f3d08] Set delay=20ms on vethd4d5293
[36mdocker-tc     |[0m [2026-01-21T17:40:09+00:00] [c4515d0f3d08] Set bandwidth-limit=1gbit on vethd4d5293
[36mdocker-tc     |[0m [2026-01-21T17:40:09+00:00] [c4515d0f3d08] Controlling traffic of the container /fl-rest_client_006_1 on vethd4d5293
[33mserver_1      |[0m INFO:__main__:Client client_004 registered.
[33mserver_1      |[0m INFO:__main__:Client client_014 registered.
[34mclient_004_1  |[0m 2026-01-21 17:40:09,415 - __main__ - INFO - ✅ Registered with server successfully.
[33mserver_1      |[0m INFO:__main__:Client client_012 registered.
[33mserver_1      |[0m INFO:__main__:Client client_005 registered.
[33mserver_1      |[0m INFO:__main__:Client client_018 registered.
[36;1mclient_005_1  |[0m 2026-01-21 17:40:09,463 - __main__ - INFO - ✅ Registered with server successfully.
[33mserver_1      |[0m INFO:__main__:Client client_020 registered.
[33mserver_1      |[0m INFO:__main__:Client client_007 registered.
[32;1mclient_007_1  |[0m 2026-01-21 17:40:09,533 - __main__ - INFO - ✅ Registered with server successfully.
[33mserver_1      |[0m INFO:__main__:Client client_009 registered.
[33mserver_1      |[0m INFO:__main__:Client client_015 registered.
[34;1mclient_009_1  |[0m 2026-01-21 17:40:09,585 - __main__ - INFO - ✅ Registered with server successfully.
[33mserver_1      |[0m INFO:__main__:Client client_016 registered.
[33mserver_1      |[0m INFO:__main__:Client client_019 registered.
[34mclient_014_1  |[0m 2026-01-21 17:40:09,604 - __main__ - INFO - ✅ Registered with server successfully.
[32mclient_012_1  |[0m 2026-01-21 17:40:09,626 - __main__ - INFO - ✅ Registered with server successfully.
[36mclient_010_1  |[0m 2026-01-21 17:40:09,648 - __main__ - INFO - --- New Round Detected: 0 ---
[35;1mclient_018_1  |[0m 2026-01-21 17:40:09,656 - __main__ - INFO - ✅ Registered with server successfully.
[33mserver_1      |[0m INFO:werkzeug:172.18.0.13 - - [21/Jan/2026 17:40:09] "GET /download_model?round=0 HTTP/1.1" 200 -
[36mclient_020_1  |[0m 2026-01-21 17:40:09,691 - __main__ - INFO - ✅ Registered with server successfully.
[33mserver_1      |[0m INFO:__main__:Client client_013 registered.
[33mserver_1      |[0m INFO:__main__:Client client_017 registered.
[34mclient_004_1  |[0m 2026-01-21 17:40:09,754 - __main__ - INFO - --- New Round Detected: 0 ---
[33mserver_1      |[0m INFO:werkzeug:172.18.0.18 - - [21/Jan/2026 17:40:09] "GET /download_model?round=0 HTTP/1.1" 200 -
[36;1mclient_015_1  |[0m 2026-01-21 17:40:09,789 - __main__ - INFO - ✅ Registered with server successfully.
[33;1mclient_016_1  |[0m 2026-01-21 17:40:09,800 - __main__ - INFO - ✅ Registered with server successfully.
[36;1mclient_005_1  |[0m 2026-01-21 17:40:09,808 - __main__ - INFO - --- New Round Detected: 0 ---
[34;1mclient_019_1  |[0m 2026-01-21 17:40:09,810 - __main__ - INFO - ✅ Registered with server successfully.
[33mserver_1      |[0m INFO:werkzeug:172.18.0.17 - - [21/Jan/2026 17:40:09] "GET /download_model?round=0 HTTP/1.1" 200 -
[32;1mclient_007_1  |[0m 2026-01-21 17:40:09,884 - __main__ - INFO - --- New Round Detected: 0 ---
[33mserver_1      |[0m INFO:werkzeug:172.18.0.11 - - [21/Jan/2026 17:40:09] "GET /download_model?round=0 HTTP/1.1" 200 -
[34;1mclient_009_1  |[0m 2026-01-21 17:40:09,942 - __main__ - INFO - --- New Round Detected: 0 ---
[32;1mclient_017_1  |[0m 2026-01-21 17:40:09,956 - __main__ - INFO - ✅ Registered with server successfully.
[35mclient_013_1  |[0m 2026-01-21 17:40:09,956 - __main__ - INFO - ✅ Registered with server successfully.
[33mserver_1      |[0m INFO:werkzeug:172.18.0.10 - - [21/Jan/2026 17:40:09] "GET /download_model?round=0 HTTP/1.1" 200 -
[32mclient_012_1  |[0m 2026-01-21 17:40:10,350 - __main__ - INFO - --- New Round Detected: 0 ---
[34mclient_014_1  |[0m 2026-01-21 17:40:10,401 - __main__ - INFO - --- New Round Detected: 0 ---
[36mclient_020_1  |[0m 2026-01-21 17:40:10,411 - __main__ - INFO - --- New Round Detected: 0 ---
[35;1mclient_018_1  |[0m 2026-01-21 17:40:10,493 - __main__ - INFO - --- New Round Detected: 0 ---
[36;1mclient_015_1  |[0m 2026-01-21 17:40:10,520 - __main__ - INFO - --- New Round Detected: 0 ---
[33;1mclient_016_1  |[0m 2026-01-21 17:40:10,533 - __main__ - INFO - --- New Round Detected: 0 ---
[34;1mclient_019_1  |[0m 2026-01-21 17:40:10,547 - __main__ - INFO - --- New Round Detected: 0 ---
[33mserver_1      |[0m INFO:werkzeug:172.18.0.9 - - [21/Jan/2026 17:40:10] "GET /download_model?round=0 HTTP/1.1" 200 -
[33mclient_011_1  |[0m 2026-01-21 17:40:10,578 - __main__ - INFO - Round 0 finished. Loss: 1.6657, Acc: 34.35%
[33mserver_1      |[0m INFO:werkzeug:172.18.0.7 - - [21/Jan/2026 17:40:10] "GET /download_model?round=0 HTTP/1.1" 200 -
[33mserver_1      |[0m INFO:werkzeug:172.18.0.14 - - [21/Jan/2026 17:40:10] "GET /download_model?round=0 HTTP/1.1" 200 -
[33mserver_1      |[0m INFO:werkzeug:172.18.0.15 - - [21/Jan/2026 17:40:10] "GET /download_model?round=0 HTTP/1.1" 200 -
[33mserver_1      |[0m INFO:werkzeug:172.18.0.12 - - [21/Jan/2026 17:40:10] "GET /download_model?round=0 HTTP/1.1" 200 -
[33mserver_1      |[0m INFO:werkzeug:172.18.0.4 - - [21/Jan/2026 17:40:10] "GET /download_model?round=0 HTTP/1.1" 200 -
[33mserver_1      |[0m INFO:werkzeug:172.18.0.8 - - [21/Jan/2026 17:40:10] "GET /download_model?round=0 HTTP/1.1" 200 -
[35mclient_013_1  |[0m 2026-01-21 17:40:10,758 - __main__ - INFO - --- New Round Detected: 0 ---
[32;1mclient_017_1  |[0m 2026-01-21 17:40:10,760 - __main__ - INFO - --- New Round Detected: 0 ---
[32;1mclient_007_1  |[0m 2026-01-21 17:40:10,807 - __main__ - INFO - Round 0 finished. Loss: 0.9539, Acc: 54.03%
[36mclient_010_1  |[0m 2026-01-21 17:40:10,812 - __main__ - INFO - Round 0 finished. Loss: 0.1566, Acc: 97.91%
[33mserver_1      |[0m INFO:__main__:Received update from client_007
[33mserver_1      |[0m INFO:__main__:--- Aggregating 5 updates ---
[33mserver_1      |[0m INFO:__main__:Aggregation complete.
[33mserver_1      |[0m INFO:werkzeug:172.18.0.3 - - [21/Jan/2026 17:40:10] "GET /download_model?round=0 HTTP/1.1" 200 -
[33mserver_1      |[0m INFO:werkzeug:172.18.0.5 - - [21/Jan/2026 17:40:10] "GET /download_model?round=0 HTTP/1.1" 200 -
[36;1mclient_005_1  |[0m 2026-01-21 17:40:11,459 - __main__ - INFO - Round 0 finished. Loss: 0.4073, Acc: 89.06%
[33mserver_1      |[0m INFO:__main__:--- Round 0 Acc: 10.00%, Loss: 3.1939 ---
[33mserver_1      |[0m INFO:__main__:--- Starting Round 1. Timeout: 300s ---
[33mserver_1      |[0m INFO:__main__:Received update from client_010
[33mserver_1      |[0m INFO:werkzeug:172.18.0.13 - - [21/Jan/2026 17:40:11] "POST /submit_update HTTP/1.1" 200 -
[33mserver_1      |[0m INFO:werkzeug:172.18.0.11 - - [21/Jan/2026 17:40:11] "POST /submit_update HTTP/1.1" 200 -
[36mclient_010_1  |[0m 2026-01-21 17:40:11,511 - __main__ - INFO - 🚀 Model update submitted successfully.
[36mclient_010_1  |[0m 2026-01-21 17:40:11,511 - __main__ - INFO - Update submitted for Round 0. Waiting...
[32;1mclient_007_1  |[0m 2026-01-21 17:40:11,512 - __main__ - INFO - 🚀 Model update submitted successfully.
[32;1mclient_007_1  |[0m 2026-01-21 17:40:11,512 - __main__ - INFO - Update submitted for Round 0. Waiting...
[33mserver_1      |[0m INFO:__main__:Received update from client_005
[33mserver_1      |[0m INFO:werkzeug:172.18.0.17 - - [21/Jan/2026 17:40:11] "POST /submit_update HTTP/1.1" 200 -
[33mserver_1      |[0m INFO:__main__:Received update from client_011
[33mserver_1      |[0m INFO:werkzeug:172.18.0.6 - - [21/Jan/2026 17:40:11] "POST /submit_update HTTP/1.1" 200 -
[36;1mclient_005_1  |[0m 2026-01-21 17:40:11,592 - __main__ - INFO - 🚀 Model update submitted successfully.
[36;1mclient_005_1  |[0m 2026-01-21 17:40:11,592 - __main__ - INFO - Update submitted for Round 0. Waiting...
[34;1mclient_009_1  |[0m 2026-01-21 17:40:11,691 - __main__ - INFO - Round 0 finished. Loss: 1.1073, Acc: 59.36%
[33mclient_011_1  |[0m 2026-01-21 17:40:11,795 - __main__ - INFO - 🚀 Model update submitted successfully.
[33mclient_011_1  |[0m 2026-01-21 17:40:11,796 - __main__ - INFO - Update submitted for Round 0. Waiting...
[33mserver_1      |[0m INFO:__main__:Received update from client_009
[33mserver_1      |[0m INFO:werkzeug:172.18.0.10 - - [21/Jan/2026 17:40:11] "POST /submit_update HTTP/1.1" 200 -
[34;1mclient_009_1  |[0m 2026-01-21 17:40:11,848 - __main__ - INFO - 🚀 Model update submitted successfully.
[34;1mclient_009_1  |[0m 2026-01-21 17:40:11,848 - __main__ - INFO - Update submitted for Round 0. Waiting...
[34mclient_004_1  |[0m 2026-01-21 17:40:14,355 - __main__ - INFO - Round 0 finished. Loss: 0.9234, Acc: 66.31%
[35mclient_003_1  |[0m 2026-01-21 17:40:14,438 - __main__ - INFO - Round 0 finished. Loss: 1.0348, Acc: 67.24%
[33mserver_1      |[0m INFO:__main__:Received update from client_004
[33mserver_1      |[0m INFO:__main__:--- Aggregating 5 updates ---
[33mserver_1      |[0m INFO:werkzeug:172.18.0.19 - - [21/Jan/2026 17:40:14] "[31m[1mPOST /submit_update HTTP/1.1[0m" 400 -
[35mclient_003_1  |[0m 2026-01-21 17:40:14,502 - __main__ - ERROR - Update submission failed: {"error":"Not accepting updates"}
[35mclient_003_1  |[0m 
[35mclient_003_1  |[0m 2026-01-21 17:40:14,502 - __main__ - INFO - Update submitted for Round 0. Waiting...
[33mserver_1      |[0m INFO:__main__:Aggregation complete.
[33mserver_1      |[0m INFO:__main__:--- Round 1 Acc: 16.94%, Loss: 2.3831 ---
[33mserver_1      |[0m INFO:__main__:--- Starting Round 2. Timeout: 300s ---
[33mserver_1      |[0m INFO:werkzeug:172.18.0.18 - - [21/Jan/2026 17:40:15] "POST /submit_update HTTP/1.1" 200 -
[34mclient_004_1  |[0m 2026-01-21 17:40:15,877 - __main__ - INFO - 🚀 Model update submitted successfully.
[34mclient_004_1  |[0m 2026-01-21 17:40:15,878 - __main__ - INFO - Update submitted for Round 0. Waiting...
[33;1mclient_006_1  |[0m 2026-01-21 17:40:17,982 - __main__ - INFO - --- New Round Detected: 2 ---
[33mserver_1      |[0m INFO:werkzeug:172.18.0.22 - - [21/Jan/2026 17:40:18] "GET /download_model?round=2 HTTP/1.1" 200 -
[33;1mclient_006_1  |[0m 2026-01-21 17:40:18,136 - __main__ - INFO - Round 2 finished. Loss: 2.0681, Acc: 14.29%
[33mclient_001_1  |[0m 2026-01-21 17:40:18,251 - __main__ - INFO - --- New Round Detected: 2 ---
[33mserver_1      |[0m INFO:__main__:Received update from client_006
[33mserver_1      |[0m INFO:werkzeug:172.18.0.22 - - [21/Jan/2026 17:40:18] "POST /submit_update HTTP/1.1" 200 -
[33mserver_1      |[0m INFO:werkzeug:172.18.0.16 - - [21/Jan/2026 17:40:18] "GET /download_model?round=2 HTTP/1.1" 200 -
[33;1mclient_006_1  |[0m 2026-01-21 17:40:18,294 - __main__ - INFO - 🚀 Model update submitted successfully.
[33;1mclient_006_1  |[0m 2026-01-21 17:40:18,294 - __main__ - INFO - Update submitted for Round 2. Waiting...
[35;1mclient_008_1  |[0m 2026-01-21 17:40:18,476 - __main__ - INFO - --- New Round Detected: 2 ---
[33mserver_1      |[0m INFO:werkzeug:172.18.0.20 - - [21/Jan/2026 17:40:18] "GET /download_model?round=2 HTTP/1.1" 200 -
[33mserver_1      |[0m INFO:werkzeug:172.18.0.21 - - [21/Jan/2026 17:40:18] "GET /download_model?round=2 HTTP/1.1" 200 -
[32mclient_002_1  |[0m 2026-01-21 17:40:18,587 - __main__ - INFO - --- New Round Detected: 2 ---
[33mclient_001_1  |[0m 2026-01-21 17:40:18,749 - __main__ - INFO - Round 2 finished. Loss: 0.1360, Acc: 96.12%
[33mserver_1      |[0m INFO:__main__:Received update from client_001
[33mserver_1      |[0m INFO:werkzeug:172.18.0.16 - - [21/Jan/2026 17:40:18] "POST /submit_update HTTP/1.1" 200 -
[33mclient_001_1  |[0m 2026-01-21 17:40:18,883 - __main__ - INFO - 🚀 Model update submitted successfully.
[33mclient_001_1  |[0m 2026-01-21 17:40:18,883 - __main__ - INFO - Update submitted for Round 2. Waiting...
[32mclient_002_1  |[0m 2026-01-21 17:40:19,505 - __main__ - INFO - Round 2 finished. Loss: 0.3394, Acc: 89.72%
[33mserver_1      |[0m INFO:__main__:Received update from client_002
[33mserver_1      |[0m INFO:werkzeug:172.18.0.21 - - [21/Jan/2026 17:40:19] "POST /submit_update HTTP/1.1" 200 -
[35;1mclient_008_1  |[0m 2026-01-21 17:40:19,634 - __main__ - INFO - Round 2 finished. Loss: 0.1104, Acc: 97.93%
[32mclient_002_1  |[0m 2026-01-21 17:40:19,659 - __main__ - INFO - 🚀 Model update submitted successfully.
[32mclient_002_1  |[0m 2026-01-21 17:40:19,659 - __main__ - INFO - Update submitted for Round 2. Waiting...
[33mserver_1      |[0m INFO:__main__:Received update from client_008
[33mserver_1      |[0m INFO:werkzeug:172.18.0.20 - - [21/Jan/2026 17:40:19] "POST /submit_update HTTP/1.1" 200 -
[35;1mclient_008_1  |[0m 2026-01-21 17:40:19,768 - __main__ - INFO - 🚀 Model update submitted successfully.
[35;1mclient_008_1  |[0m 2026-01-21 17:40:19,768 - __main__ - INFO - Update submitted for Round 2. Waiting...
[36mclient_010_1  |[0m 2026-01-21 17:40:21,576 - __main__ - INFO - --- New Round Detected: 2 ---
[32;1mclient_007_1  |[0m 2026-01-21 17:40:21,598 - __main__ - INFO - --- New Round Detected: 2 ---
[33mserver_1      |[0m INFO:werkzeug:172.18.0.13 - - [21/Jan/2026 17:40:21] "GET /download_model?round=2 HTTP/1.1" 200 -
[33mserver_1      |[0m INFO:werkzeug:172.18.0.11 - - [21/Jan/2026 17:40:21] "GET /download_model?round=2 HTTP/1.1" 200 -
[36;1mclient_005_1  |[0m 2026-01-21 17:40:21,655 - __main__ - INFO - --- New Round Detected: 2 ---
[33mserver_1      |[0m INFO:werkzeug:172.18.0.17 - - [21/Jan/2026 17:40:21] "GET /download_model?round=2 HTTP/1.1" 200 -
[34;1mclient_009_1  |[0m 2026-01-21 17:40:21,911 - __main__ - INFO - --- New Round Detected: 2 ---
[36mclient_010_1  |[0m 2026-01-21 17:40:21,930 - __main__ - INFO - Round 2 finished. Loss: 0.1244, Acc: 97.91%
[33mserver_1      |[0m INFO:werkzeug:172.18.0.10 - - [21/Jan/2026 17:40:21] "GET /download_model?round=2 HTTP/1.1" 200 -
[32;1mclient_007_1  |[0m 2026-01-21 17:40:22,001 - __main__ - INFO - Round 2 finished. Loss: 1.1463, Acc: 44.69%
[33mserver_1      |[0m INFO:__main__:Received update from client_010
[33mserver_1      |[0m INFO:__main__:--- Aggregating 5 updates ---
[33mclient_011_1  |[0m 2026-01-21 17:40:22,218 - __main__ - INFO - --- New Round Detected: 2 ---
[33mserver_1      |[0m INFO:__main__:Aggregation complete.
[33mserver_1      |[0m INFO:werkzeug:172.18.0.6 - - [21/Jan/2026 17:40:22] "GET /download_model?round=2 HTTP/1.1" 200 -
[36;1mclient_005_1  |[0m 2026-01-21 17:40:22,583 - __main__ - INFO - Round 2 finished. Loss: 0.3106, Acc: 90.02%
[33mserver_1      |[0m INFO:werkzeug:172.18.0.17 - - [21/Jan/2026 17:40:22] "[31m[1mPOST /submit_update HTTP/1.1[0m" 400 -
[36;1mclient_005_1  |[0m 2026-01-21 17:40:22,663 - __main__ - ERROR - Update submission failed: {"error":"Not accepting updates"}
[36;1mclient_005_1  |[0m 
[36;1mclient_005_1  |[0m 2026-01-21 17:40:22,663 - __main__ - INFO - Update submitted for Round 2. Waiting...
[33mserver_1      |[0m INFO:__main__:--- Round 2 Acc: 10.19%, Loss: 3.4945 ---
[33mserver_1      |[0m INFO:__main__:--- Starting Round 3. Timeout: 300s ---
[33mserver_1      |[0m INFO:werkzeug:172.18.0.13 - - [21/Jan/2026 17:40:23] "POST /submit_update HTTP/1.1" 200 -
[33mserver_1      |[0m INFO:__main__:Received update from client_007
[33mserver_1      |[0m INFO:werkzeug:172.18.0.11 - - [21/Jan/2026 17:40:23] "POST /submit_update HTTP/1.1" 200 -
[36mclient_010_1  |[0m 2026-01-21 17:40:23,521 - __main__ - INFO - 🚀 Model update submitted successfully.
[36mclient_010_1  |[0m 2026-01-21 17:40:23,521 - __main__ - INFO - Update submitted for Round 2. Waiting...
[32;1mclient_007_1  |[0m 2026-01-21 17:40:23,524 - __main__ - INFO - 🚀 Model update submitted successfully.
[32;1mclient_007_1  |[0m 2026-01-21 17:40:23,524 - __main__ - INFO - Update submitted for Round 2. Waiting...
[34;1mclient_009_1  |[0m 2026-01-21 17:40:23,961 - __main__ - INFO - Round 2 finished. Loss: 1.0179, Acc: 61.33%
[33mserver_1      |[0m INFO:__main__:Received update from client_009
[33mserver_1      |[0m INFO:werkzeug:172.18.0.10 - - [21/Jan/2026 17:40:24] "POST /submit_update HTTP/1.1" 200 -
[34;1mclient_009_1  |[0m 2026-01-21 17:40:24,095 - __main__ - INFO - 🚀 Model update submitted successfully.
[34;1mclient_009_1  |[0m 2026-01-21 17:40:24,095 - __main__ - INFO - Update submitted for Round 2. Waiting...
[35mclient_003_1  |[0m 2026-01-21 17:40:24,565 - __main__ - INFO - --- New Round Detected: 3 ---
[33mserver_1      |[0m INFO:werkzeug:172.18.0.19 - - [21/Jan/2026 17:40:24] "GET /download_model?round=3 HTTP/1.1" 200 -
[34mclient_004_1  |[0m 2026-01-21 17:40:25,952 - __main__ - INFO - --- New Round Detected: 3 ---
[33mserver_1      |[0m INFO:werkzeug:172.18.0.18 - - [21/Jan/2026 17:40:25] "GET /download_model?round=3 HTTP/1.1" 200 -
[33;1mclient_006_1  |[0m 2026-01-21 17:40:28,357 - __main__ - INFO - --- New Round Detected: 3 ---
[33mserver_1      |[0m INFO:werkzeug:172.18.0.22 - - [21/Jan/2026 17:40:28] "GET /download_model?round=3 HTTP/1.1" 200 -
[33;1mclient_006_1  |[0m 2026-01-21 17:40:28,504 - __main__ - INFO - Round 3 finished. Loss: 2.7980, Acc: 21.43%
[33mserver_1      |[0m INFO:__main__:Received update from client_006
[33mserver_1      |[0m INFO:werkzeug:172.18.0.22 - - [21/Jan/2026 17:40:28] "POST /submit_update HTTP/1.1" 200 -
[33;1mclient_006_1  |[0m 2026-01-21 17:40:28,637 - __main__ - INFO - 🚀 Model update submitted successfully.
[33;1mclient_006_1  |[0m 2026-01-21 17:40:28,637 - __main__ - INFO - Update submitted for Round 3. Waiting...
[33mclient_001_1  |[0m 2026-01-21 17:40:28,993 - __main__ - INFO - --- New Round Detected: 3 ---
[33mserver_1      |[0m INFO:werkzeug:172.18.0.16 - - [21/Jan/2026 17:40:29] "GET /download_model?round=3 HTTP/1.1" 200 -
[33mclient_001_1  |[0m 2026-01-21 17:40:29,530 - __main__ - INFO - Round 3 finished. Loss: 0.1410, Acc: 96.12%
[33mserver_1      |[0m INFO:__main__:Received update from client_001
[33mserver_1      |[0m INFO:werkzeug:172.18.0.16 - - [21/Jan/2026 17:40:29] "POST /submit_update HTTP/1.1" 200 -
[33mclient_001_1  |[0m 2026-01-21 17:40:29,665 - __main__ - INFO - 🚀 Model update submitted successfully.
[33mclient_001_1  |[0m 2026-01-21 17:40:29,666 - __main__ - INFO - Update submitted for Round 3. Waiting...
[32mclient_002_1  |[0m 2026-01-21 17:40:29,723 - __main__ - INFO - --- New Round Detected: 3 ---
[33mserver_1      |[0m INFO:werkzeug:172.18.0.21 - - [21/Jan/2026 17:40:29] "GET /download_model?round=3 HTTP/1.1" 200 -
[35;1mclient_008_1  |[0m 2026-01-21 17:40:29,840 - __main__ - INFO - --- New Round Detected: 3 ---
[33mserver_1      |[0m INFO:werkzeug:172.18.0.20 - - [21/Jan/2026 17:40:29] "GET /download_model?round=3 HTTP/1.1" 200 -
[35;1mclient_008_1  |[0m 2026-01-21 17:40:31,028 - __main__ - INFO - Round 3 finished. Loss: 0.0948, Acc: 97.93%
[33mserver_1      |[0m INFO:__main__:Received update from client_008
[33mserver_1      |[0m INFO:__main__:--- Aggregating 5 updates ---
[32mclient_002_1  |[0m 2026-01-21 17:40:31,214 - __main__ - INFO - Round 3 finished. Loss: 0.3248, Acc: 92.00%
[33mserver_1      |[0m INFO:werkzeug:172.18.0.21 - - [21/Jan/2026 17:40:31] "[31m[1mPOST /submit_update HTTP/1.1[0m" 400 -
[34mclient_004_1  |[0m 2026-01-21 17:40:31,253 - __main__ - INFO - Round 3 finished. Loss: 0.7614, Acc: 74.02%
[32mclient_002_1  |[0m 2026-01-21 17:40:31,277 - __main__ - ERROR - Update submission failed: {"error":"Not accepting updates"}
[32mclient_002_1  |[0m 
[32mclient_002_1  |[0m 2026-01-21 17:40:31,277 - __main__ - INFO - Update submitted for Round 3. Waiting...
[33mserver_1      |[0m INFO:werkzeug:172.18.0.18 - - [21/Jan/2026 17:40:31] "[31m[1mPOST /submit_update HTTP/1.1[0m" 400 -
[34mclient_004_1  |[0m 2026-01-21 17:40:31,318 - __main__ - ERROR - Update submission failed: {"error":"Not accepting updates"}
[34mclient_004_1  |[0m 
[34mclient_004_1  |[0m 2026-01-21 17:40:31,319 - __main__ - INFO - Update submitted for Round 3. Waiting...
[33mserver_1      |[0m INFO:__main__:Aggregation complete.
[36;1mclient_005_1  |[0m 2026-01-21 17:40:32,727 - __main__ - INFO - --- New Round Detected: 3 ---
[33mserver_1      |[0m INFO:werkzeug:172.18.0.17 - - [21/Jan/2026 17:40:32] "GET /download_model?round=3 HTTP/1.1" 200 -
[33mserver_1      |[0m INFO:__main__:--- Round 3 Acc: 14.46%, Loss: 3.3548 ---
[33mserver_1      |[0m INFO:__main__:--- Starting Round 4. Timeout: 300s ---
[33mserver_1      |[0m INFO:werkzeug:172.18.0.20 - - [21/Jan/2026 17:40:32] "POST /submit_update HTTP/1.1" 200 -
[35;1mclient_008_1  |[0m 2026-01-21 17:40:32,881 - __main__ - INFO - 🚀 Model update submitted successfully.
[35;1mclient_008_1  |[0m 2026-01-21 17:40:32,881 - __main__ - INFO - Update submitted for Round 3. Waiting...
[36mclient_010_1  |[0m 2026-01-21 17:40:33,589 - __main__ - INFO - --- New Round Detected: 4 ---
[32;1mclient_007_1  |[0m 2026-01-21 17:40:33,589 - __main__ - INFO - --- New Round Detected: 4 ---
[33mserver_1      |[0m INFO:werkzeug:172.18.0.13 - - [21/Jan/2026 17:40:33] "GET /download_model?round=4 HTTP/1.1" 200 -
[33mserver_1      |[0m INFO:werkzeug:172.18.0.11 - - [21/Jan/2026 17:40:33] "GET /download_model?round=4 HTTP/1.1" 200 -
[36;1mclient_005_1  |[0m 2026-01-21 17:40:33,681 - __main__ - INFO - Round 3 finished. Loss: 0.3559, Acc: 89.40%
[33mserver_1      |[0m INFO:__main__:Received update from client_005
[33mserver_1      |[0m INFO:werkzeug:172.18.0.17 - - [21/Jan/2026 17:40:33] "POST /submit_update HTTP/1.1" 200 -
[36;1mclient_005_1  |[0m 2026-01-21 17:40:33,817 - __main__ - INFO - 🚀 Model update submitted successfully.
[36;1mclient_005_1  |[0m 2026-01-21 17:40:33,817 - __main__ - INFO - Update submitted for Round 3. Waiting...
[32;1mclient_007_1  |[0m 2026-01-21 17:40:34,087 - __main__ - INFO - Round 4 finished. Loss: 1.0038, Acc: 57.33%
[36mclient_010_1  |[0m 2026-01-21 17:40:34,107 - __main__ - INFO - Round 4 finished. Loss: 0.1208, Acc: 97.91%
[34;1mclient_009_1  |[0m 2026-01-21 17:40:34,156 - __main__ - INFO - --- New Round Detected: 4 ---
[33mserver_1      |[0m INFO:werkzeug:172.18.0.10 - - [21/Jan/2026 17:40:34] "GET /download_model?round=4 HTTP/1.1" 200 -
[33mserver_1      |[0m INFO:__main__:Received update from client_010
[33mserver_1      |[0m INFO:werkzeug:172.18.0.13 - - [21/Jan/2026 17:40:34] "POST /submit_update HTTP/1.1" 200 -
[33mserver_1      |[0m INFO:__main__:Received update from client_007
[33mserver_1      |[0m INFO:werkzeug:172.18.0.11 - - [21/Jan/2026 17:40:34] "POST /submit_update HTTP/1.1" 200 -
[36mclient_010_1  |[0m 2026-01-21 17:40:34,241 - __main__ - INFO - 🚀 Model update submitted successfully.
[36mclient_010_1  |[0m 2026-01-21 17:40:34,242 - __main__ - INFO - Update submitted for Round 4. Waiting...
[32;1mclient_007_1  |[0m 2026-01-21 17:40:34,244 - __main__ - INFO - 🚀 Model update submitted successfully.
[32;1mclient_007_1  |[0m 2026-01-21 17:40:34,245 - __main__ - INFO - Update submitted for Round 4. Waiting...
[35mclient_003_1  |[0m 2026-01-21 17:40:34,852 - __main__ - INFO - Round 3 finished. Loss: 0.9209, Acc: 71.74%
[33mserver_1      |[0m INFO:__main__:Received update from client_003
[33mserver_1      |[0m INFO:werkzeug:172.18.0.19 - - [21/Jan/2026 17:40:34] "POST /submit_update HTTP/1.1" 200 -
[35mclient_003_1  |[0m 2026-01-21 17:40:34,988 - __main__ - INFO - 🚀 Model update submitted successfully.
[35mclient_003_1  |[0m 2026-01-21 17:40:34,988 - __main__ - INFO - Update submitted for Round 3. Waiting...
[34;1mclient_009_1  |[0m 2026-01-21 17:40:36,179 - __main__ - INFO - Round 4 finished. Loss: 0.8538, Acc: 66.63%
[33mserver_1      |[0m INFO:__main__:Received update from client_009
[33mserver_1      |[0m INFO:__main__:--- Aggregating 5 updates ---
[33mserver_1      |[0m INFO:__main__:Aggregation complete.
[33mserver_1      |[0m INFO:__main__:--- Round 4 Acc: 27.64%, Loss: 2.0407 ---
[33mserver_1      |[0m INFO:__main__:--- Starting Round 5. Timeout: 300s ---
[33mserver_1      |[0m INFO:werkzeug:172.18.0.10 - - [21/Jan/2026 17:40:38] "POST /submit_update HTTP/1.1" 200 -
[34;1mclient_009_1  |[0m 2026-01-21 17:40:38,692 - __main__ - INFO - 🚀 Model update submitted successfully.
[34;1mclient_009_1  |[0m 2026-01-21 17:40:38,692 - __main__ - INFO - Update submitted for Round 4. Waiting...
[33;1mclient_006_1  |[0m 2026-01-21 17:40:38,699 - __main__ - INFO - --- New Round Detected: 5 ---
[33mserver_1      |[0m INFO:werkzeug:172.18.0.22 - - [21/Jan/2026 17:40:38] "GET /download_model?round=5 HTTP/1.1" 200 -
[33;1mclient_006_1  |[0m 2026-01-21 17:40:38,829 - __main__ - INFO - Round 5 finished. Loss: 1.3076, Acc: 71.43%
[33mserver_1      |[0m INFO:__main__:Received update from client_006
[33mserver_1      |[0m INFO:werkzeug:172.18.0.22 - - [21/Jan/2026 17:40:38] "POST /submit_update HTTP/1.1" 200 -
[33;1mclient_006_1  |[0m 2026-01-21 17:40:38,990 - __main__ - INFO - 🚀 Model update submitted successfully.
[33;1mclient_006_1  |[0m 2026-01-21 17:40:38,990 - __main__ - INFO - Update submitted for Round 5. Waiting...
[33mclient_001_1  |[0m 2026-01-21 17:40:39,729 - __main__ - INFO - --- New Round Detected: 5 ---
[33mserver_1      |[0m INFO:werkzeug:172.18.0.16 - - [21/Jan/2026 17:40:39] "GET /download_model?round=5 HTTP/1.1" 200 -
[33mclient_001_1  |[0m 2026-01-21 17:40:40,207 - __main__ - INFO - Round 5 finished. Loss: 0.1059, Acc: 96.76%
[33mserver_1      |[0m INFO:__main__:Received update from client_001
[33mserver_1      |[0m INFO:werkzeug:172.18.0.16 - - [21/Jan/2026 17:40:40] "POST /submit_update HTTP/1.1" 200 -
[33mclient_001_1  |[0m 2026-01-21 17:40:40,341 - __main__ - INFO - 🚀 Model update submitted successfully.
[33mclient_001_1  |[0m 2026-01-21 17:40:40,341 - __main__ - INFO - Update submitted for Round 5. Waiting...
[32mclient_002_1  |[0m 2026-01-21 17:40:41,338 - __main__ - INFO - --- New Round Detected: 5 ---
[33mserver_1      |[0m INFO:werkzeug:172.18.0.21 - - [21/Jan/2026 17:40:41] "GET /download_model?round=5 HTTP/1.1" 200 -
[34mclient_004_1  |[0m 2026-01-21 17:40:41,397 - __main__ - INFO - --- New Round Detected: 5 ---
[33mserver_1      |[0m INFO:werkzeug:172.18.0.18 - - [21/Jan/2026 17:40:41] "GET /download_model?round=5 HTTP/1.1" 200 -
[32mclient_002_1  |[0m 2026-01-21 17:40:42,770 - __main__ - INFO - Round 5 finished. Loss: 0.2533, Acc: 92.98%
[33mserver_1      |[0m INFO:__main__:Received update from client_002
[33mserver_1      |[0m INFO:werkzeug:172.18.0.21 - - [21/Jan/2026 17:40:42] "POST /submit_update HTTP/1.1" 200 -
[32mclient_002_1  |[0m 2026-01-21 17:40:42,904 - __main__ - INFO - 🚀 Model update submitted successfully.
[32mclient_002_1  |[0m 2026-01-21 17:40:42,904 - __main__ - INFO - Update submitted for Round 5. Waiting...
[35;1mclient_008_1  |[0m 2026-01-21 17:40:42,955 - __main__ - INFO - --- New Round Detected: 5 ---
[33mserver_1      |[0m INFO:werkzeug:172.18.0.20 - - [21/Jan/2026 17:40:42] "GET /download_model?round=5 HTTP/1.1" 200 -
[36;1mclient_005_1  |[0m 2026-01-21 17:40:43,887 - __main__ - INFO - --- New Round Detected: 5 ---
[33mserver_1      |[0m INFO:werkzeug:172.18.0.17 - - [21/Jan/2026 17:40:43] "GET /download_model?round=5 HTTP/1.1" 200 -
[35;1mclient_008_1  |[0m 2026-01-21 17:40:44,125 - __main__ - INFO - Round 5 finished. Loss: 0.0853, Acc: 97.93%
[33mserver_1      |[0m INFO:__main__:Received update from client_008
[33mserver_1      |[0m INFO:werkzeug:172.18.0.20 - - [21/Jan/2026 17:40:44] "POST /submit_update HTTP/1.1" 200 -
[35;1mclient_008_1  |[0m 2026-01-21 17:40:44,261 - __main__ - INFO - 🚀 Model update submitted successfully.
[35;1mclient_008_1  |[0m 2026-01-21 17:40:44,261 - __main__ - INFO - Update submitted for Round 5. Waiting...
[36mclient_010_1  |[0m 2026-01-21 17:40:44,308 - __main__ - INFO - --- New Round Detected: 5 ---
[32;1mclient_007_1  |[0m 2026-01-21 17:40:44,309 - __main__ - INFO - --- New Round Detected: 5 ---
[33mserver_1      |[0m INFO:werkzeug:172.18.0.13 - - [21/Jan/2026 17:40:44] "GET /download_model?round=5 HTTP/1.1" 200 -
[33mserver_1      |[0m INFO:werkzeug:172.18.0.11 - - [21/Jan/2026 17:40:44] "GET /download_model?round=5 HTTP/1.1" 200 -
[32;1mclient_007_1  |[0m 2026-01-21 17:40:44,729 - __main__ - INFO - Round 5 finished. Loss: 0.8970, Acc: 57.69%
[33mserver_1      |[0m INFO:__main__:Received update from client_007
[33mserver_1      |[0m INFO:__main__:--- Aggregating 5 updates ---
[36mclient_010_1  |[0m 2026-01-21 17:40:44,850 - __main__ - INFO - Round 5 finished. Loss: 0.1362, Acc: 97.91%
[33mserver_1      |[0m INFO:werkzeug:172.18.0.13 - - [21/Jan/2026 17:40:44] "[31m[1mPOST /submit_update HTTP/1.1[0m" 400 -
[36mclient_010_1  |[0m 2026-01-21 17:40:44,914 - __main__ - ERROR - Update submission failed: {"error":"Not accepting updates"}
[36mclient_010_1  |[0m 
[36mclient_010_1  |[0m 2026-01-21 17:40:44,914 - __main__ - INFO - Update submitted for Round 5. Waiting...
[35mclient_003_1  |[0m 2026-01-21 17:40:45,050 - __main__ - INFO - --- New Round Detected: 5 ---
[33mserver_1      |[0m INFO:werkzeug:172.18.0.19 - - [21/Jan/2026 17:40:45] "GET /download_model?round=5 HTTP/1.1" 200 -
[36;1mclient_005_1  |[0m 2026-01-21 17:40:45,362 - __main__ - INFO - Round 5 finished. Loss: 0.2257, Acc: 92.82%
[33mserver_1      |[0m INFO:werkzeug:172.18.0.17 - - [21/Jan/2026 17:40:45] "[31m[1mPOST /submit_update HTTP/1.1[0m" 400 -
[36;1mclient_005_1  |[0m 2026-01-21 17:40:45,426 - __main__ - ERROR - Update submission failed: {"error":"Not accepting updates"}
[36;1mclient_005_1  |[0m 
[36;1mclient_005_1  |[0m 2026-01-21 17:40:45,426 - __main__ - INFO - Update submitted for Round 5. Waiting...
[33mserver_1      |[0m INFO:__main__:Aggregation complete.
[33mserver_1      |[0m INFO:__main__:--- Round 5 Acc: 12.03%, Loss: 3.2070 ---
[33mserver_1      |[0m INFO:__main__:--- Starting Round 6. Timeout: 300s ---
[33mserver_1      |[0m INFO:werkzeug:172.18.0.11 - - [21/Jan/2026 17:40:46] "POST /submit_update HTTP/1.1" 200 -
[32;1mclient_007_1  |[0m 2026-01-21 17:40:46,241 - __main__ - INFO - 🚀 Model update submitted successfully.
[32;1mclient_007_1  |[0m 2026-01-21 17:40:46,241 - __main__ - INFO - Update submitted for Round 5. Waiting...
[34mclient_004_1  |[0m 2026-01-21 17:40:46,483 - __main__ - INFO - Round 5 finished. Loss: 0.6864, Acc: 77.08%
[33mserver_1      |[0m INFO:__main__:Received update from client_004
[33mserver_1      |[0m INFO:werkzeug:172.18.0.18 - - [21/Jan/2026 17:40:46] "POST /submit_update HTTP/1.1" 200 -
[34mclient_004_1  |[0m 2026-01-21 17:40:46,621 - __main__ - INFO - 🚀 Model update submitted successfully.
[34mclient_004_1  |[0m 2026-01-21 17:40:46,621 - __main__ - INFO - Update submitted for Round 5. Waiting...
[34;1mclient_009_1  |[0m 2026-01-21 17:40:48,755 - __main__ - INFO - --- New Round Detected: 6 ---
[33mserver_1      |[0m INFO:werkzeug:172.18.0.10 - - [21/Jan/2026 17:40:48] "GET /download_model?round=6 HTTP/1.1" 200 -
[33;1mclient_006_1  |[0m 2026-01-21 17:40:49,072 - __main__ - INFO - --- New Round Detected: 6 ---
[33mserver_1      |[0m INFO:werkzeug:172.18.0.22 - - [21/Jan/2026 17:40:49] "GET /download_model?round=6 HTTP/1.1" 200 -
[33;1mclient_006_1  |[0m 2026-01-21 17:40:49,215 - __main__ - INFO - Round 6 finished. Loss: 2.2535, Acc: 21.43%
[33mserver_1      |[0m INFO:__main__:Received update from client_006
[33mserver_1      |[0m INFO:werkzeug:172.18.0.22 - - [21/Jan/2026 17:40:49] "POST /submit_update HTTP/1.1" 200 -
[33;1mclient_006_1  |[0m 2026-01-21 17:40:49,383 - __main__ - INFO - 🚀 Model update submitted successfully.
[33;1mclient_006_1  |[0m 2026-01-21 17:40:49,383 - __main__ - INFO - Update submitted for Round 6. Waiting...
[33mclient_001_1  |[0m 2026-01-21 17:40:50,402 - __main__ - INFO - --- New Round Detected: 6 ---
[33mserver_1      |[0m INFO:werkzeug:172.18.0.16 - - [21/Jan/2026 17:40:50] "GET /download_model?round=6 HTTP/1.1" 200 -
[34;1mclient_009_1  |[0m 2026-01-21 17:40:50,893 - __main__ - INFO - Round 6 finished. Loss: 0.8433, Acc: 68.00%
[33mclient_001_1  |[0m 2026-01-21 17:40:50,938 - __main__ - INFO - Round 6 finished. Loss: 0.1356, Acc: 96.12%
[33mserver_1      |[0m INFO:__main__:Received update from client_009
[33mserver_1      |[0m INFO:werkzeug:172.18.0.10 - - [21/Jan/2026 17:40:50] "POST /submit_update HTTP/1.1" 200 -
[34;1mclient_009_1  |[0m 2026-01-21 17:40:51,026 - __main__ - INFO - 🚀 Model update submitted successfully.
[34;1mclient_009_1  |[0m 2026-01-21 17:40:51,026 - __main__ - INFO - Update submitted for Round 6. Waiting...
[33mserver_1      |[0m INFO:__main__:Received update from client_001
[33mserver_1      |[0m INFO:werkzeug:172.18.0.16 - - [21/Jan/2026 17:40:51] "POST /submit_update HTTP/1.1" 200 -
[33mclient_001_1  |[0m 2026-01-21 17:40:51,072 - __main__ - INFO - 🚀 Model update submitted successfully.
[33mclient_001_1  |[0m 2026-01-21 17:40:51,072 - __main__ - INFO - Update submitted for Round 6. Waiting...
[32mclient_002_1  |[0m 2026-01-21 17:40:52,967 - __main__ - INFO - --- New Round Detected: 6 ---
[33mserver_1      |[0m INFO:werkzeug:172.18.0.21 - - [21/Jan/2026 17:40:52] "GET /download_model?round=6 HTTP/1.1" 200 -
[35;1mclient_008_1  |[0m 2026-01-21 17:40:54,327 - __main__ - INFO - --- New Round Detected: 6 ---
[32mclient_002_1  |[0m 2026-01-21 17:40:54,340 - __main__ - INFO - Round 6 finished. Loss: 0.2736, Acc: 92.00%
[33mserver_1      |[0m INFO:werkzeug:172.18.0.20 - - [21/Jan/2026 17:40:54] "GET /download_model?round=6 HTTP/1.1" 200 -
[33mserver_1      |[0m INFO:__main__:Received update from client_002
[33mserver_1      |[0m INFO:__main__:--- Aggregating 5 updates ---
[35mclient_003_1  |[0m 2026-01-21 17:40:54,778 - __main__ - INFO - Round 5 finished. Loss: 0.7657, Acc: 76.27%
[33mserver_1      |[0m INFO:werkzeug:172.18.0.19 - - [21/Jan/2026 17:40:54] "[31m[1mPOST /submit_update HTTP/1.1[0m" 400 -
[35mclient_003_1  |[0m 2026-01-21 17:40:54,846 - __main__ - ERROR - Update submission failed: {"error":"Not accepting updates"}
[35mclient_003_1  |[0m 
[35mclient_003_1  |[0m 2026-01-21 17:40:54,846 - __main__ - INFO - Update submitted for Round 5. Waiting...
[36mclient_010_1  |[0m 2026-01-21 17:40:54,978 - __main__ - INFO - --- New Round Detected: 6 ---
[33mserver_1      |[0m INFO:werkzeug:172.18.0.13 - - [21/Jan/2026 17:40:55] "GET /download_model?round=6 HTTP/1.1" 200 -
[33mserver_1      |[0m INFO:__main__:Aggregation complete.
[35;1mclient_008_1  |[0m 2026-01-21 17:40:55,473 - __main__ - INFO - Round 6 finished. Loss: 0.0681, Acc: 97.93%
[33mserver_1      |[0m INFO:werkzeug:172.18.0.20 - - [21/Jan/2026 17:40:55] "[31m[1mPOST /submit_update HTTP/1.1[0m" 400 -
[36;1mclient_005_1  |[0m 2026-01-21 17:40:55,506 - __main__ - INFO - --- New Round Detected: 6 ---
[36mclient_010_1  |[0m 2026-01-21 17:40:55,513 - __main__ - INFO - Round 6 finished. Loss: 0.1254, Acc: 97.91%
[35;1mclient_008_1  |[0m 2026-01-21 17:40:55,538 - __main__ - ERROR - Update submission failed: {"error":"Not accepting updates"}
[35;1mclient_008_1  |[0m 
[35;1mclient_008_1  |[0m 2026-01-21 17:40:55,538 - __main__ - INFO - Update submitted for Round 6. Waiting...
[33mserver_1      |[0m INFO:werkzeug:172.18.0.13 - - [21/Jan/2026 17:40:55] "[31m[1mPOST /submit_update HTTP/1.1[0m" 400 -
[33mserver_1      |[0m INFO:werkzeug:172.18.0.17 - - [21/Jan/2026 17:40:55] "GET /download_model?round=6 HTTP/1.1" 200 -
[36mclient_010_1  |[0m 2026-01-21 17:40:55,578 - __main__ - ERROR - Update submission failed: {"error":"Not accepting updates"}
[36mclient_010_1  |[0m 
[36mclient_010_1  |[0m 2026-01-21 17:40:55,578 - __main__ - INFO - Update submitted for Round 6. Waiting...
[32;1mclient_007_1  |[0m 2026-01-21 17:40:56,306 - __main__ - INFO - --- New Round Detected: 6 ---
[33mserver_1      |[0m INFO:werkzeug:172.18.0.11 - - [21/Jan/2026 17:40:56] "GET /download_model?round=6 HTTP/1.1" 200 -
[33mserver_1      |[0m INFO:__main__:--- Round 6 Acc: 28.57%, Loss: 2.0741 ---
[33mserver_1      |[0m INFO:__main__:--- Starting Round 7. Timeout: 300s ---
[33mserver_1      |[0m INFO:werkzeug:172.18.0.21 - - [21/Jan/2026 17:40:56] "POST /submit_update HTTP/1.1" 200 -
[32mclient_002_1  |[0m 2026-01-21 17:40:56,463 - __main__ - INFO - 🚀 Model update submitted successfully.
[32mclient_002_1  |[0m 2026-01-21 17:40:56,463 - __main__ - INFO - Update submitted for Round 6. Waiting...
[32;1mclient_007_1  |[0m 2026-01-21 17:40:56,619 - __main__ - INFO - Round 6 finished. Loss: 0.8708, Acc: 59.71%
[34mclient_004_1  |[0m 2026-01-21 17:40:56,691 - __main__ - INFO - --- New Round Detected: 7 ---
[33mserver_1      |[0m INFO:werkzeug:172.18.0.18 - - [21/Jan/2026 17:40:56] "GET /download_model?round=7 HTTP/1.1" 200 -
[33mserver_1      |[0m INFO:__main__:Received update from client_007
[33mserver_1      |[0m INFO:werkzeug:172.18.0.11 - - [21/Jan/2026 17:40:56] "POST /submit_update HTTP/1.1" 200 -
[32;1mclient_007_1  |[0m 2026-01-21 17:40:56,754 - __main__ - INFO - 🚀 Model update submitted successfully.
[32;1mclient_007_1  |[0m 2026-01-21 17:40:56,754 - __main__ - INFO - Update submitted for Round 6. Waiting...
[36;1mclient_005_1  |[0m 2026-01-21 17:40:57,296 - __main__ - INFO - Round 6 finished. Loss: 0.2800, Acc: 91.92%
[33mserver_1      |[0m INFO:__main__:Received update from client_005
[33mserver_1      |[0m INFO:werkzeug:172.18.0.17 - - [21/Jan/2026 17:40:57] "POST /submit_update HTTP/1.1" 200 -
[36;1mclient_005_1  |[0m 2026-01-21 17:40:57,431 - __main__ - INFO - 🚀 Model update submitted successfully.
[36;1mclient_005_1  |[0m 2026-01-21 17:40:57,432 - __main__ - INFO - Update submitted for Round 6. Waiting...
[33;1mclient_006_1  |[0m 2026-01-21 17:40:59,457 - __main__ - INFO - --- New Round Detected: 7 ---
[33mserver_1      |[0m INFO:werkzeug:172.18.0.22 - - [21/Jan/2026 17:40:59] "GET /download_model?round=7 HTTP/1.1" 200 -
[33;1mclient_006_1  |[0m 2026-01-21 17:40:59,607 - __main__ - INFO - Round 7 finished. Loss: 1.1299, Acc: 50.00%
[33mserver_1      |[0m INFO:__main__:Received update from client_006
[33mserver_1      |[0m INFO:werkzeug:172.18.0.22 - - [21/Jan/2026 17:40:59] "POST /submit_update HTTP/1.1" 200 -
[33;1mclient_006_1  |[0m 2026-01-21 17:40:59,749 - __main__ - INFO - 🚀 Model update submitted successfully.
[33;1mclient_006_1  |[0m 2026-01-21 17:40:59,749 - __main__ - INFO - Update submitted for Round 7. Waiting...
[34;1mclient_009_1  |[0m 2026-01-21 17:41:01,088 - __main__ - INFO - --- New Round Detected: 7 ---
[33mserver_1      |[0m INFO:werkzeug:172.18.0.10 - - [21/Jan/2026 17:41:01] "GET /download_model?round=7 HTTP/1.1" 200 -
[33mclient_001_1  |[0m 2026-01-21 17:41:01,134 - __main__ - INFO - --- New Round Detected: 7 ---
[33mserver_1      |[0m INFO:werkzeug:172.18.0.16 - - [21/Jan/2026 17:41:01] "GET /download_model?round=7 HTTP/1.1" 200 -
[33mclient_001_1  |[0m 2026-01-21 17:41:01,670 - __main__ - INFO - Round 7 finished. Loss: 0.0436, Acc: 98.71%
[33mserver_1      |[0m INFO:__main__:Received update from client_001
[33mserver_1      |[0m INFO:werkzeug:172.18.0.16 - - [21/Jan/2026 17:41:01] "POST /submit_update HTTP/1.1" 200 -
[33mclient_001_1  |[0m 2026-01-21 17:41:01,811 - __main__ - INFO - 🚀 Model update submitted successfully.
[33mclient_001_1  |[0m 2026-01-21 17:41:01,811 - __main__ - INFO - Update submitted for Round 7. Waiting...
[34mclient_004_1  |[0m 2026-01-21 17:41:01,884 - __main__ - INFO - Round 7 finished. Loss: 0.4947, Acc: 84.09%
[33mserver_1      |[0m INFO:__main__:Received update from client_004
[33mserver_1      |[0m INFO:__main__:--- Aggregating 5 updates ---
[33mserver_1      |[0m INFO:__main__:Aggregation complete.
[34;1mclient_009_1  |[0m 2026-01-21 17:41:02,836 - __main__ - INFO - Round 7 finished. Loss: 0.7454, Acc: 70.91%
[33mserver_1      |[0m INFO:werkzeug:172.18.0.10 - - [21/Jan/2026 17:41:02] "[31m[1mPOST /submit_update HTTP/1.1[0m" 400 -
[34;1mclient_009_1  |[0m 2026-01-21 17:41:02,992 - __main__ - ERROR - Update submission failed: {"error":"Not accepting updates"}
[34;1mclient_009_1  |[0m 
[34;1mclient_009_1  |[0m 2026-01-21 17:41:02,992 - __main__ - INFO - Update submitted for Round 7. Waiting...
[33mserver_1      |[0m INFO:__main__:--- Round 7 Acc: 22.60%, Loss: 3.1366 ---
[33mserver_1      |[0m INFO:__main__:--- Starting Round 8. Timeout: 300s ---
[33mserver_1      |[0m INFO:werkzeug:172.18.0.18 - - [21/Jan/2026 17:41:03] "POST /submit_update HTTP/1.1" 200 -
[34mclient_004_1  |[0m 2026-01-21 17:41:03,551 - __main__ - INFO - 🚀 Model update submitted successfully.
[34mclient_004_1  |[0m 2026-01-21 17:41:03,551 - __main__ - INFO - Update submitted for Round 7. Waiting...
[35mclient_003_1  |[0m 2026-01-21 17:41:04,926 - __main__ - INFO - --- New Round Detected: 8 ---
[33mserver_1      |[0m INFO:werkzeug:172.18.0.19 - - [21/Jan/2026 17:41:04] "GET /download_model?round=8 HTTP/1.1" 200 -
[35;1mclient_008_1  |[0m 2026-01-21 17:41:05,606 - __main__ - INFO - --- New Round Detected: 8 ---
[33mserver_1      |[0m INFO:werkzeug:172.18.0.20 - - [21/Jan/2026 17:41:05] "GET /download_model?round=8 HTTP/1.1" 200 -
[36mclient_010_1  |[0m 2026-01-21 17:41:05,639 - __main__ - INFO - --- New Round Detected: 8 ---
[33mserver_1      |[0m INFO:werkzeug:172.18.0.13 - - [21/Jan/2026 17:41:05] "GET /download_model?round=8 HTTP/1.1" 200 -
[36mclient_010_1  |[0m 2026-01-21 17:41:06,187 - __main__ - INFO - Round 8 finished. Loss: 0.1479, Acc: 97.91%
[33mserver_1      |[0m INFO:__main__:Received update from client_010
[33mserver_1      |[0m INFO:werkzeug:172.18.0.13 - - [21/Jan/2026 17:41:06] "POST /submit_update HTTP/1.1" 200 -
[36mclient_010_1  |[0m 2026-01-21 17:41:06,330 - __main__ - INFO - 🚀 Model update submitted successfully.
[36mclient_010_1  |[0m 2026-01-21 17:41:06,331 - __main__ - INFO - Update submitted for Round 8. Waiting...
[35;1mclient_008_1  |[0m 2026-01-21 17:41:06,453 - __main__ - INFO - Round 8 finished. Loss: 0.1320, Acc: 97.93%
[32mclient_002_1  |[0m 2026-01-21 17:41:06,542 - __main__ - INFO - --- New Round Detected: 8 ---
[33mserver_1      |[0m INFO:__main__:Received update from client_008
[33mserver_1      |[0m INFO:werkzeug:172.18.0.20 - - [21/Jan/2026 17:41:06] "POST /submit_update HTTP/1.1" 200 -
[33mserver_1      |[0m INFO:werkzeug:172.18.0.21 - - [21/Jan/2026 17:41:06] "GET /download_model?round=8 HTTP/1.1" 200 -
[35;1mclient_008_1  |[0m 2026-01-21 17:41:06,587 - __main__ - INFO - 🚀 Model update submitted successfully.
[35;1mclient_008_1  |[0m 2026-01-21 17:41:06,587 - __main__ - INFO - Update submitted for Round 8. Waiting...
[32;1mclient_007_1  |[0m 2026-01-21 17:41:06,815 - __main__ - INFO - --- New Round Detected: 8 ---
[33mserver_1      |[0m INFO:werkzeug:172.18.0.11 - - [21/Jan/2026 17:41:06] "GET /download_model?round=8 HTTP/1.1" 200 -
[32;1mclient_007_1  |[0m 2026-01-21 17:41:07,268 - __main__ - INFO - Round 8 finished. Loss: 1.0220, Acc: 51.28%
[33mserver_1      |[0m INFO:__main__:Received update from client_007
[33mserver_1      |[0m INFO:werkzeug:172.18.0.11 - - [21/Jan/2026 17:41:07] "POST /submit_update HTTP/1.1" 200 -
[32;1mclient_007_1  |[0m 2026-01-21 17:41:07,403 - __main__ - INFO - 🚀 Model update submitted successfully.
[32;1mclient_007_1  |[0m 2026-01-21 17:41:07,403 - __main__ - INFO - Update submitted for Round 8. Waiting...
[36;1mclient_005_1  |[0m 2026-01-21 17:41:07,502 - __main__ - INFO - --- New Round Detected: 8 ---
[33mserver_1      |[0m INFO:werkzeug:172.18.0.17 - - [21/Jan/2026 17:41:07] "GET /download_model?round=8 HTTP/1.1" 200 -
[32mclient_002_1  |[0m 2026-01-21 17:41:07,999 - __main__ - INFO - Round 8 finished. Loss: 0.2475, Acc: 93.87%
[33mserver_1      |[0m INFO:__main__:Received update from client_002
[33mserver_1      |[0m INFO:werkzeug:172.18.0.21 - - [21/Jan/2026 17:41:08] "POST /submit_update HTTP/1.1" 200 -
[32mclient_002_1  |[0m 2026-01-21 17:41:08,133 - __main__ - INFO - 🚀 Model update submitted successfully.
[32mclient_002_1  |[0m 2026-01-21 17:41:08,133 - __main__ - INFO - Update submitted for Round 8. Waiting...
[36;1mclient_005_1  |[0m 2026-01-21 17:41:09,303 - __main__ - INFO - Round 8 finished. Loss: 0.1785, Acc: 94.16%
[33mserver_1      |[0m INFO:__main__:Received update from client_005
[33mserver_1      |[0m INFO:__main__:--- Aggregating 5 updates ---
[33;1mclient_006_1  |[0m 2026-01-21 17:41:09,841 - __main__ - INFO - --- New Round Detected: 8 ---
[33mserver_1      |[0m INFO:werkzeug:172.18.0.22 - - [21/Jan/2026 17:41:09] "GET /download_model?round=8 HTTP/1.1" 200 -
[33;1mclient_006_1  |[0m 2026-01-21 17:41:09,978 - __main__ - INFO - Round 8 finished. Loss: 1.8866, Acc: 35.71%
[33mserver_1      |[0m INFO:werkzeug:172.18.0.22 - - [21/Jan/2026 17:41:10] "[31m[1mPOST /submit_update HTTP/1.1[0m" 400 -
[33;1mclient_006_1  |[0m 2026-01-21 17:41:10,043 - __main__ - ERROR - Update submission failed: {"error":"Not accepting updates"}
[33;1mclient_006_1  |[0m 
[33;1mclient_006_1  |[0m 2026-01-21 17:41:10,043 - __main__ - INFO - Update submitted for Round 8. Waiting...
[33mserver_1      |[0m INFO:__main__:Aggregation complete.
[33mserver_1      |[0m INFO:__main__:--- Round 8 Acc: 22.94%, Loss: 2.2062 ---
[33mserver_1      |[0m INFO:__main__:--- Starting Round 9. Timeout: 300s ---
[33mserver_1      |[0m INFO:werkzeug:172.18.0.17 - - [21/Jan/2026 17:41:11] "POST /submit_update HTTP/1.1" 200 -
[36;1mclient_005_1  |[0m 2026-01-21 17:41:11,633 - __main__ - INFO - 🚀 Model update submitted successfully.
[36;1mclient_005_1  |[0m 2026-01-21 17:41:11,633 - __main__ - INFO - Update submitted for Round 8. Waiting...
[33mclient_001_1  |[0m 2026-01-21 17:41:11,874 - __main__ - INFO - --- New Round Detected: 9 ---
[33mserver_1      |[0m INFO:werkzeug:172.18.0.16 - - [21/Jan/2026 17:41:11] "GET /download_model?round=9 HTTP/1.1" 200 -
[33mclient_001_1  |[0m 2026-01-21 17:41:12,399 - __main__ - INFO - Round 9 finished. Loss: 0.1066, Acc: 96.44%
[33mserver_1      |[0m INFO:__main__:Received update from client_001
[33mserver_1      |[0m INFO:werkzeug:172.18.0.16 - - [21/Jan/2026 17:41:12] "POST /submit_update HTTP/1.1" 200 -
[33mclient_001_1  |[0m 2026-01-21 17:41:12,534 - __main__ - INFO - 🚀 Model update submitted successfully.
[33mclient_001_1  |[0m 2026-01-21 17:41:12,534 - __main__ - INFO - Update submitted for Round 9. Waiting...
[34;1mclient_009_1  |[0m 2026-01-21 17:41:13,093 - __main__ - INFO - --- New Round Detected: 9 ---
[33mserver_1      |[0m INFO:werkzeug:172.18.0.10 - - [21/Jan/2026 17:41:13] "GET /download_model?round=9 HTTP/1.1" 200 -
[34mclient_004_1  |[0m 2026-01-21 17:41:13,623 - __main__ - INFO - --- New Round Detected: 9 ---
[33mserver_1      |[0m INFO:werkzeug:172.18.0.18 - - [21/Jan/2026 17:41:13] "GET /download_model?round=9 HTTP/1.1" 200 -
[34;1mclient_009_1  |[0m 2026-01-21 17:41:15,045 - __main__ - INFO - Round 9 finished. Loss: 0.7487, Acc: 70.40%
[33mserver_1      |[0m INFO:__main__:Received update from client_009
[33mserver_1      |[0m INFO:werkzeug:172.18.0.10 - - [21/Jan/2026 17:41:15] "POST /submit_update HTTP/1.1" 200 -
[34;1mclient_009_1  |[0m 2026-01-21 17:41:15,179 - __main__ - INFO - 🚀 Model update submitted successfully.
[34;1mclient_009_1  |[0m 2026-01-21 17:41:15,179 - __main__ - INFO - Update submitted for Round 9. Waiting...
[35mclient_003_1  |[0m 2026-01-21 17:41:15,602 - __main__ - INFO - Round 8 finished. Loss: 0.7641, Acc: 77.11%
[33mserver_1      |[0m INFO:__main__:Received update from client_003
[33mserver_1      |[0m INFO:werkzeug:172.18.0.19 - - [21/Jan/2026 17:41:15] "POST /submit_update HTTP/1.1" 200 -
[35mclient_003_1  |[0m 2026-01-21 17:41:15,736 - __main__ - INFO - 🚀 Model update submitted successfully.
[35mclient_003_1  |[0m 2026-01-21 17:41:15,737 - __main__ - INFO - Update submitted for Round 8. Waiting...
[36mclient_010_1  |[0m 2026-01-21 17:41:16,394 - __main__ - INFO - --- New Round Detected: 9 ---
[33mserver_1      |[0m INFO:werkzeug:172.18.0.13 - - [21/Jan/2026 17:41:16] "GET /download_model?round=9 HTTP/1.1" 200 -
[35;1mclient_008_1  |[0m 2026-01-21 17:41:16,650 - __main__ - INFO - --- New Round Detected: 9 ---
[33mserver_1      |[0m INFO:werkzeug:172.18.0.20 - - [21/Jan/2026 17:41:16] "GET /download_model?round=9 HTTP/1.1" 200 -
[36mclient_010_1  |[0m 2026-01-21 17:41:16,945 - __main__ - INFO - Round 9 finished. Loss: 0.1162, Acc: 97.91%
[33mserver_1      |[0m INFO:__main__:Received update from client_010
[33mserver_1      |[0m INFO:werkzeug:172.18.0.13 - - [21/Jan/2026 17:41:17] "POST /submit_update HTTP/1.1" 200 -
[36mclient_010_1  |[0m 2026-01-21 17:41:17,100 - __main__ - INFO - 🚀 Model update submitted successfully.
[36mclient_010_1  |[0m 2026-01-21 17:41:17,100 - __main__ - INFO - Update submitted for Round 9. Waiting...
[32;1mclient_007_1  |[0m 2026-01-21 17:41:17,464 - __main__ - INFO - --- New Round Detected: 9 ---
[33mserver_1      |[0m INFO:werkzeug:172.18.0.11 - - [21/Jan/2026 17:41:17] "GET /download_model?round=9 HTTP/1.1" 200 -
[35;1mclient_008_1  |[0m 2026-01-21 17:41:17,726 - __main__ - INFO - Round 9 finished. Loss: 0.0867, Acc: 97.93%
[33mserver_1      |[0m INFO:__main__:Received update from client_008
[33mserver_1      |[0m INFO:__main__:--- Aggregating 5 updates ---
[32;1mclient_007_1  |[0m 2026-01-21 17:41:17,872 - __main__ - INFO - Round 9 finished. Loss: 0.8874, Acc: 55.49%
[33mserver_1      |[0m INFO:werkzeug:172.18.0.11 - - [21/Jan/2026 17:41:17] "[31m[1mPOST /submit_update HTTP/1.1[0m" 400 -
[32;1mclient_007_1  |[0m 2026-01-21 17:41:17,946 - __main__ - ERROR - Update submission failed: {"error":"Not accepting updates"}
[32;1mclient_007_1  |[0m 
[32;1mclient_007_1  |[0m 2026-01-21 17:41:17,947 - __main__ - INFO - Update submitted for Round 9. Waiting...
[32mclient_002_1  |[0m 2026-01-21 17:41:18,199 - __main__ - INFO - --- New Round Detected: 9 ---
[33mserver_1      |[0m INFO:werkzeug:172.18.0.21 - - [21/Jan/2026 17:41:18] "GET /download_model?round=9 HTTP/1.1" 200 -
[33mserver_1      |[0m INFO:__main__:Aggregation complete.
[34mclient_004_1  |[0m 2026-01-21 17:41:18,751 - __main__ - INFO - Round 9 finished. Loss: 0.4465, Acc: 86.25%
[33mserver_1      |[0m INFO:werkzeug:172.18.0.18 - - [21/Jan/2026 17:41:18] "[31m[1mPOST /submit_update HTTP/1.1[0m" 400 -
[34mclient_004_1  |[0m 2026-01-21 17:41:18,825 - __main__ - ERROR - Update submission failed: {"error":"Not accepting updates"}
[34mclient_004_1  |[0m 
[34mclient_004_1  |[0m 2026-01-21 17:41:18,825 - __main__ - INFO - Update submitted for Round 9. Waiting...
[33mserver_1      |[0m INFO:__main__:--- Round 9 Acc: 32.60%, Loss: 1.9728 ---
[33mserver_1      |[0m INFO:__main__:--- Starting Round 10. Timeout: 300s ---
[33mserver_1      |[0m INFO:werkzeug:172.18.0.20 - - [21/Jan/2026 17:41:18] "POST /submit_update HTTP/1.1" 200 -
[35;1mclient_008_1  |[0m 2026-01-21 17:41:18,962 - __main__ - INFO - 🚀 Model update submitted successfully.
[35;1mclient_008_1  |[0m 2026-01-21 17:41:18,963 - __main__ - INFO - Update submitted for Round 9. Waiting...
[32mclient_002_1  |[0m 2026-01-21 17:41:19,574 - __main__ - INFO - Round 9 finished. Loss: 0.1736, Acc: 95.65%
[33mserver_1      |[0m INFO:__main__:Received update from client_002
[33mserver_1      |[0m INFO:werkzeug:172.18.0.21 - - [21/Jan/2026 17:41:19] "POST /submit_update HTTP/1.1" 200 -
[32mclient_002_1  |[0m 2026-01-21 17:41:19,708 - __main__ - INFO - 🚀 Model update submitted successfully.
[32mclient_002_1  |[0m 2026-01-21 17:41:19,708 - __main__ - INFO - Update submitted for Round 9. Waiting...
[33;1mclient_006_1  |[0m 2026-01-21 17:41:20,107 - __main__ - INFO - --- New Round Detected: 10 ---
[33mserver_1      |[0m INFO:werkzeug:172.18.0.22 - - [21/Jan/2026 17:41:20] "GET /download_model?round=10 HTTP/1.1" 200 -
[33;1mclient_006_1  |[0m 2026-01-21 17:41:20,254 - __main__ - INFO - Round 10 finished. Loss: 0.8786, Acc: 78.57%
[33mserver_1      |[0m INFO:__main__:Received update from client_006
[33mserver_1      |[0m INFO:werkzeug:172.18.0.22 - - [21/Jan/2026 17:41:20] "POST /submit_update HTTP/1.1" 200 -
[33;1mclient_006_1  |[0m 2026-01-21 17:41:20,388 - __main__ - INFO - 🚀 Model update submitted successfully.
[33;1mclient_006_1  |[0m 2026-01-21 17:41:20,388 - __main__ - INFO - Update submitted for Round 10. Waiting...
[36;1mclient_005_1  |[0m 2026-01-21 17:41:21,694 - __main__ - INFO - --- New Round Detected: 10 ---
[33mserver_1      |[0m INFO:werkzeug:172.18.0.17 - - [21/Jan/2026 17:41:21] "GET /download_model?round=10 HTTP/1.1" 200 -
[33mclient_001_1  |[0m 2026-01-21 17:41:22,600 - __main__ - INFO - --- New Round Detected: 10 ---
[33mserver_1      |[0m INFO:werkzeug:172.18.0.16 - - [21/Jan/2026 17:41:22] "GET /download_model?round=10 HTTP/1.1" 200 -
[33mclient_001_1  |[0m 2026-01-21 17:41:23,122 - __main__ - INFO - Round 10 finished. Loss: 0.0848, Acc: 97.73%
[33mserver_1      |[0m INFO:__main__:Received update from client_001
[33mserver_1      |[0m INFO:werkzeug:172.18.0.16 - - [21/Jan/2026 17:41:23] "POST /submit_update HTTP/1.1" 200 -
[33mclient_001_1  |[0m 2026-01-21 17:41:23,256 - __main__ - INFO - 🚀 Model update submitted successfully.
[33mclient_001_1  |[0m 2026-01-21 17:41:23,257 - __main__ - INFO - Update submitted for Round 10. Waiting...
[36;1mclient_005_1  |[0m 2026-01-21 17:41:23,538 - __main__ - INFO - Round 10 finished. Loss: 0.1792, Acc: 94.78%
[33mserver_1      |[0m INFO:__main__:Received update from client_005
[33mserver_1      |[0m INFO:werkzeug:172.18.0.17 - - [21/Jan/2026 17:41:23] "POST /submit_update HTTP/1.1" 200 -
[36;1mclient_005_1  |[0m 2026-01-21 17:41:23,673 - __main__ - INFO - 🚀 Model update submitted successfully.
[36;1mclient_005_1  |[0m 2026-01-21 17:41:23,673 - __main__ - INFO - Update submitted for Round 10. Waiting...
[34;1mclient_009_1  |[0m 2026-01-21 17:41:25,240 - __main__ - INFO - --- New Round Detected: 10 ---
[33mserver_1      |[0m INFO:werkzeug:172.18.0.10 - - [21/Jan/2026 17:41:25] "GET /download_model?round=10 HTTP/1.1" 200 -
[35mclient_003_1  |[0m 2026-01-21 17:41:25,811 - __main__ - INFO - --- New Round Detected: 10 ---
[33mserver_1      |[0m INFO:werkzeug:172.18.0.19 - - [21/Jan/2026 17:41:25] "GET /download_model?round=10 HTTP/1.1" 200 -
[36mclient_010_1  |[0m 2026-01-21 17:41:27,165 - __main__ - INFO - --- New Round Detected: 10 ---
[33mserver_1      |[0m INFO:werkzeug:172.18.0.13 - - [21/Jan/2026 17:41:27] "GET /download_model?round=10 HTTP/1.1" 200 -
[34;1mclient_009_1  |[0m 2026-01-21 17:41:27,316 - __main__ - INFO - Round 10 finished. Loss: 0.6932, Acc: 73.34%
[33mserver_1      |[0m INFO:__main__:Received update from client_009
[33mserver_1      |[0m INFO:__main__:--- Aggregating 5 updates ---
[36mclient_010_1  |[0m 2026-01-21 17:41:27,725 - __main__ - INFO - Round 10 finished. Loss: 0.1000, Acc: 97.91%
[33mserver_1      |[0m INFO:werkzeug:172.18.0.13 - - [21/Jan/2026 17:41:27] "[31m[1mPOST /submit_update HTTP/1.1[0m" 400 -
[36mclient_010_1  |[0m 2026-01-21 17:41:27,790 - __main__ - ERROR - Update submission failed: {"error":"Not accepting updates"}
[36mclient_010_1  |[0m 
[36mclient_010_1  |[0m 2026-01-21 17:41:27,791 - __main__ - INFO - Update submitted for Round 10. Waiting...
[33mserver_1      |[0m INFO:__main__:Aggregation complete.
[32;1mclient_007_1  |[0m 2026-01-21 17:41:28,074 - __main__ - INFO - --- New Round Detected: 10 ---
[33mserver_1      |[0m INFO:werkzeug:172.18.0.11 - - [21/Jan/2026 17:41:28] "GET /download_model?round=10 HTTP/1.1" 200 -
[32;1mclient_007_1  |[0m 2026-01-21 17:41:28,468 - __main__ - INFO - Round 10 finished. Loss: 0.8711, Acc: 60.62%
[33mserver_1      |[0m INFO:werkzeug:172.18.0.11 - - [21/Jan/2026 17:41:28] "[31m[1mPOST /submit_update HTTP/1.1[0m" 400 -
[32;1mclient_007_1  |[0m 2026-01-21 17:41:28,531 - __main__ - ERROR - Update submission failed: {"error":"Not accepting updates"}
[32;1mclient_007_1  |[0m 
[32;1mclient_007_1  |[0m 2026-01-21 17:41:28,531 - __main__ - INFO - Update submitted for Round 10. Waiting...
[33mserver_1      |[0m INFO:__main__:--- Round 10 Acc: 33.67%, Loss: 2.0502 ---
[33mserver_1      |[0m INFO:__main__:--- Starting Round 11. Timeout: 300s ---
[33mserver_1      |[0m INFO:werkzeug:172.18.0.10 - - [21/Jan/2026 17:41:28] "POST /submit_update HTTP/1.1" 200 -
[34;1mclient_009_1  |[0m 2026-01-21 17:41:28,713 - __main__ - INFO - 🚀 Model update submitted successfully.
[34;1mclient_009_1  |[0m 2026-01-21 17:41:28,713 - __main__ - INFO - Update submitted for Round 10. Waiting...
[34mclient_004_1  |[0m 2026-01-21 17:41:28,888 - __main__ - INFO - --- New Round Detected: 11 ---
[33mserver_1      |[0m INFO:werkzeug:172.18.0.18 - - [21/Jan/2026 17:41:28] "GET /download_model?round=11 HTTP/1.1" 200 -
[35;1mclient_008_1  |[0m 2026-01-21 17:41:29,026 - __main__ - INFO - --- New Round Detected: 11 ---
[33mserver_1      |[0m INFO:werkzeug:172.18.0.20 - - [21/Jan/2026 17:41:29] "GET /download_model?round=11 HTTP/1.1" 200 -
[32mclient_002_1  |[0m 2026-01-21 17:41:29,772 - __main__ - INFO - --- New Round Detected: 11 ---
[35;1mclient_008_1  |[0m 2026-01-21 17:41:29,784 - __main__ - INFO - Round 11 finished. Loss: 0.0723, Acc: 98.03%
[33mserver_1      |[0m INFO:werkzeug:172.18.0.21 - - [21/Jan/2026 17:41:29] "GET /download_model?round=11 HTTP/1.1" 200 -
[33mserver_1      |[0m INFO:__main__:Received update from client_008
[33mserver_1      |[0m INFO:werkzeug:172.18.0.20 - - [21/Jan/2026 17:41:29] "POST /submit_update HTTP/1.1" 200 -
[35;1mclient_008_1  |[0m 2026-01-21 17:41:29,918 - __main__ - INFO - 🚀 Model update submitted successfully.
[35;1mclient_008_1  |[0m 2026-01-21 17:41:29,918 - __main__ - INFO - Update submitted for Round 11. Waiting...
[33;1mclient_006_1  |[0m 2026-01-21 17:41:30,453 - __main__ - INFO - --- New Round Detected: 11 ---
[33mserver_1      |[0m INFO:werkzeug:172.18.0.22 - - [21/Jan/2026 17:41:30] "GET /download_model?round=11 HTTP/1.1" 200 -
[33;1mclient_006_1  |[0m 2026-01-21 17:41:30,615 - __main__ - INFO - Round 11 finished. Loss: 1.4849, Acc: 50.00%
[33mserver_1      |[0m INFO:__main__:Received update from client_006
[33mserver_1      |[0m INFO:werkzeug:172.18.0.22 - - [21/Jan/2026 17:41:30] "POST /submit_update HTTP/1.1" 200 -
[33;1mclient_006_1  |[0m 2026-01-21 17:41:30,750 - __main__ - INFO - 🚀 Model update submitted successfully.
[33;1mclient_006_1  |[0m 2026-01-21 17:41:30,750 - __main__ - INFO - Update submitted for Round 11. Waiting...
[32mclient_002_1  |[0m 2026-01-21 17:41:31,188 - __main__ - INFO - Round 11 finished. Loss: 0.1225, Acc: 97.04%
[33mserver_1      |[0m INFO:__main__:Received update from client_002
[33mserver_1      |[0m INFO:werkzeug:172.18.0.21 - - [21/Jan/2026 17:41:31] "POST /submit_update HTTP/1.1" 200 -
[32mclient_002_1  |[0m 2026-01-21 17:41:31,355 - __main__ - INFO - 🚀 Model update submitted successfully.
[32mclient_002_1  |[0m 2026-01-21 17:41:31,355 - __main__ - INFO - Update submitted for Round 11. Waiting...
[33mclient_001_1  |[0m 2026-01-21 17:41:33,318 - __main__ - INFO - --- New Round Detected: 11 ---
[33mserver_1      |[0m INFO:werkzeug:172.18.0.16 - - [21/Jan/2026 17:41:33] "GET /download_model?round=11 HTTP/1.1" 200 -
[36;1mclient_005_1  |[0m 2026-01-21 17:41:33,735 - __main__ - INFO - --- New Round Detected: 11 ---
[33mserver_1      |[0m INFO:werkzeug:172.18.0.17 - - [21/Jan/2026 17:41:33] "GET /download_model?round=11 HTTP/1.1" 200 -
[33mclient_001_1  |[0m 2026-01-21 17:41:33,837 - __main__ - INFO - Round 11 finished. Loss: 0.0259, Acc: 99.35%
[33mserver_1      |[0m INFO:__main__:Received update from client_001
[33mserver_1      |[0m INFO:werkzeug:172.18.0.16 - - [21/Jan/2026 17:41:33] "POST /submit_update HTTP/1.1" 200 -
[33mclient_001_1  |[0m 2026-01-21 17:41:33,973 - __main__ - INFO - 🚀 Model update submitted successfully.
[33mclient_001_1  |[0m 2026-01-21 17:41:33,974 - __main__ - INFO - Update submitted for Round 11. Waiting...
[34mclient_004_1  |[0m 2026-01-21 17:41:34,102 - __main__ - INFO - Round 11 finished. Loss: 0.3907, Acc: 88.74%
[33mserver_1      |[0m INFO:__main__:Received update from client_004
[33mserver_1      |[0m INFO:__main__:--- Aggregating 5 updates ---
[33mserver_1      |[0m INFO:__main__:Aggregation complete.
[36;1mclient_005_1  |[0m 2026-01-21 17:41:35,475 - __main__ - INFO - Round 11 finished. Loss: 0.1389, Acc: 95.74%
[33mserver_1      |[0m INFO:werkzeug:172.18.0.17 - - [21/Jan/2026 17:41:35] "[31m[1mPOST /submit_update HTTP/1.1[0m" 400 -
[36;1mclient_005_1  |[0m 2026-01-21 17:41:35,542 - __main__ - ERROR - Update submission failed: {"error":"Not accepting updates"}
[36;1mclient_005_1  |[0m 
[36;1mclient_005_1  |[0m 2026-01-21 17:41:35,543 - __main__ - INFO - Update submitted for Round 11. Waiting...
[33mserver_1      |[0m INFO:__main__:--- Round 11 Acc: 35.06%, Loss: 2.2241 ---
[33mserver_1      |[0m INFO:__main__:--- Starting Round 12. Timeout: 300s ---
[33mserver_1      |[0m INFO:werkzeug:172.18.0.18 - - [21/Jan/2026 17:41:35] "POST /submit_update HTTP/1.1" 200 -
[34mclient_004_1  |[0m 2026-01-21 17:41:35,902 - __main__ - INFO - 🚀 Model update submitted successfully.
[34mclient_004_1  |[0m 2026-01-21 17:41:35,902 - __main__ - INFO - Update submitted for Round 11. Waiting...
[35mclient_003_1  |[0m 2026-01-21 17:41:35,923 - __main__ - INFO - Round 10 finished. Loss: 0.6227, Acc: 81.89%
[33mserver_1      |[0m INFO:__main__:Received update from client_003
[33mserver_1      |[0m INFO:werkzeug:172.18.0.19 - - [21/Jan/2026 17:41:36] "POST /submit_update HTTP/1.1" 200 -
[35mclient_003_1  |[0m 2026-01-21 17:41:36,057 - __main__ - INFO - 🚀 Model update submitted successfully.
[35mclient_003_1  |[0m 2026-01-21 17:41:36,057 - __main__ - INFO - Update submitted for Round 10. Waiting...
[36mclient_010_1  |[0m 2026-01-21 17:41:37,853 - __main__ - INFO - --- New Round Detected: 12 ---
[33mserver_1      |[0m INFO:werkzeug:172.18.0.13 - - [21/Jan/2026 17:41:37] "GET /download_model?round=12 HTTP/1.1" 200 -
[36mclient_010_1  |[0m 2026-01-21 17:41:38,422 - __main__ - INFO - Round 12 finished. Loss: 0.1198, Acc: 97.91%
[33mserver_1      |[0m INFO:__main__:Received update from client_010
[33mserver_1      |[0m INFO:werkzeug:172.18.0.13 - - [21/Jan/2026 17:41:38] "POST /submit_update HTTP/1.1" 200 -
[36mclient_010_1  |[0m 2026-01-21 17:41:38,560 - __main__ - INFO - 🚀 Model update submitted successfully.
[36mclient_010_1  |[0m 2026-01-21 17:41:38,560 - __main__ - INFO - Update submitted for Round 12. Waiting...
[32;1mclient_007_1  |[0m 2026-01-21 17:41:38,593 - __main__ - INFO - --- New Round Detected: 12 ---
[33mserver_1      |[0m INFO:werkzeug:172.18.0.11 - - [21/Jan/2026 17:41:38] "GET /download_model?round=12 HTTP/1.1" 200 -
[34;1mclient_009_1  |[0m 2026-01-21 17:41:38,792 - __main__ - INFO - --- New Round Detected: 12 ---
[33mserver_1      |[0m INFO:werkzeug:172.18.0.10 - - [21/Jan/2026 17:41:38] "GET /download_model?round=12 HTTP/1.1" 200 -
[32;1mclient_007_1  |[0m 2026-01-21 17:41:39,011 - __main__ - INFO - Round 12 finished. Loss: 0.7697, Acc: 63.74%
[33mserver_1      |[0m INFO:__main__:Received update from client_007
[33mserver_1      |[0m INFO:werkzeug:172.18.0.11 - - [21/Jan/2026 17:41:39] "POST /submit_update HTTP/1.1" 200 -
[32;1mclient_007_1  |[0m 2026-01-21 17:41:39,165 - __main__ - INFO - 🚀 Model update submitted successfully.
[32;1mclient_007_1  |[0m 2026-01-21 17:41:39,166 - __main__ - INFO - Update submitted for Round 12. Waiting...
[35;1mclient_008_1  |[0m 2026-01-21 17:41:39,994 - __main__ - INFO - --- New Round Detected: 12 ---
[33mserver_1      |[0m INFO:werkzeug:172.18.0.20 - - [21/Jan/2026 17:41:40] "GET /download_model?round=12 HTTP/1.1" 200 -
[34;1mclient_009_1  |[0m 2026-01-21 17:41:40,810 - __main__ - INFO - Round 12 finished. Loss: 0.6557, Acc: 75.63%
[33;1mclient_006_1  |[0m 2026-01-21 17:41:40,812 - __main__ - INFO - --- New Round Detected: 12 ---
[33mserver_1      |[0m INFO:werkzeug:172.18.0.22 - - [21/Jan/2026 17:41:40] "GET /download_model?round=12 HTTP/1.1" 200 -
[33mserver_1      |[0m INFO:__main__:Received update from client_009
[33mserver_1      |[0m INFO:werkzeug:172.18.0.10 - - [21/Jan/2026 17:41:40] "POST /submit_update HTTP/1.1" 200 -
[34;1mclient_009_1  |[0m 2026-01-21 17:41:40,945 - __main__ - INFO - 🚀 Model update submitted successfully.
[34;1mclient_009_1  |[0m 2026-01-21 17:41:40,945 - __main__ - INFO - Update submitted for Round 12. Waiting...
[33;1mclient_006_1  |[0m 2026-01-21 17:41:40,955 - __main__ - INFO - Round 12 finished. Loss: 0.7501, Acc: 78.57%
[35;1mclient_008_1  |[0m 2026-01-21 17:41:41,022 - __main__ - INFO - Round 12 finished. Loss: 0.0740, Acc: 98.13%
[33mserver_1      |[0m INFO:__main__:Received update from client_006
[33mserver_1      |[0m INFO:__main__:--- Aggregating 5 updates ---
[32mclient_002_1  |[0m 2026-01-21 17:41:41,420 - __main__ - INFO - --- New Round Detected: 12 ---
[33mserver_1      |[0m INFO:werkzeug:172.18.0.21 - - [21/Jan/2026 17:41:41] "GET /download_model?round=12 HTTP/1.1" 200 -
[33mserver_1      |[0m INFO:__main__:Aggregation complete.
[33mserver_1      |[0m INFO:__main__:--- Round 12 Acc: 41.15%, Loss: 1.8303 ---
[33mserver_1      |[0m INFO:__main__:--- Starting Round 13. Timeout: 300s ---
[33mserver_1      |[0m INFO:__main__:Received update from client_008
[33mserver_1      |[0m INFO:werkzeug:172.18.0.20 - - [21/Jan/2026 17:41:42] "POST /submit_update HTTP/1.1" 200 -
[33mserver_1      |[0m INFO:werkzeug:172.18.0.22 - - [21/Jan/2026 17:41:42] "POST /submit_update HTTP/1.1" 200 -
[33;1mclient_006_1  |[0m 2026-01-21 17:41:42,672 - __main__ - INFO - 🚀 Model update submitted successfully.
[33;1mclient_006_1  |[0m 2026-01-21 17:41:42,672 - __main__ - INFO - Update submitted for Round 12. Waiting...
[35;1mclient_008_1  |[0m 2026-01-21 17:41:42,672 - __main__ - INFO - 🚀 Model update submitted successfully.
[35;1mclient_008_1  |[0m 2026-01-21 17:41:42,672 - __main__ - INFO - Update submitted for Round 12. Waiting...
[32mclient_002_1  |[0m 2026-01-21 17:41:42,966 - __main__ - INFO - Round 12 finished. Loss: 0.1272, Acc: 96.84%
[33mserver_1      |[0m INFO:__main__:Received update from client_002
[33mserver_1      |[0m INFO:werkzeug:172.18.0.21 - - [21/Jan/2026 17:41:43] "POST /submit_update HTTP/1.1" 200 -
[32mclient_002_1  |[0m 2026-01-21 17:41:43,121 - __main__ - INFO - 🚀 Model update submitted successfully.
[32mclient_002_1  |[0m 2026-01-21 17:41:43,121 - __main__ - INFO - Update submitted for Round 12. Waiting...
[33mclient_001_1  |[0m 2026-01-21 17:41:44,036 - __main__ - INFO - --- New Round Detected: 13 ---
[33mserver_1      |[0m INFO:werkzeug:172.18.0.16 - - [21/Jan/2026 17:41:44] "GET /download_model?round=13 HTTP/1.1" 200 -
[33mclient_001_1  |[0m 2026-01-21 17:41:44,553 - __main__ - INFO - Round 13 finished. Loss: 0.0406, Acc: 99.68%
[33mserver_1      |[0m INFO:__main__:Received update from client_001
[33mserver_1      |[0m INFO:werkzeug:172.18.0.16 - - [21/Jan/2026 17:41:44] "POST /submit_update HTTP/1.1" 200 -
[33mclient_001_1  |[0m 2026-01-21 17:41:44,689 - __main__ - INFO - 🚀 Model update submitted successfully.
[33mclient_001_1  |[0m 2026-01-21 17:41:44,689 - __main__ - INFO - Update submitted for Round 13. Waiting...
[36;1mclient_005_1  |[0m 2026-01-21 17:41:45,605 - __main__ - INFO - --- New Round Detected: 13 ---
[33mserver_1      |[0m INFO:werkzeug:172.18.0.17 - - [21/Jan/2026 17:41:45] "GET /download_model?round=13 HTTP/1.1" 200 -
[34mclient_004_1  |[0m 2026-01-21 17:41:45,964 - __main__ - INFO - --- New Round Detected: 13 ---
[33mserver_1      |[0m INFO:werkzeug:172.18.0.18 - - [21/Jan/2026 17:41:45] "GET /download_model?round=13 HTTP/1.1" 200 -
[35mclient_003_1  |[0m 2026-01-21 17:41:46,130 - __main__ - INFO - --- New Round Detected: 13 ---
[33mserver_1      |[0m INFO:werkzeug:172.18.0.19 - - [21/Jan/2026 17:41:46] "GET /download_model?round=13 HTTP/1.1" 200 -
[36;1mclient_005_1  |[0m 2026-01-21 17:41:46,977 - __main__ - INFO - Round 13 finished. Loss: 0.1753, Acc: 95.40%
[33mserver_1      |[0m INFO:__main__:Received update from client_005
[33mserver_1      |[0m INFO:werkzeug:172.18.0.17 - - [21/Jan/2026 17:41:47] "POST /submit_update HTTP/1.1" 200 -
[36;1mclient_005_1  |[0m 2026-01-21 17:41:47,134 - __main__ - INFO - 🚀 Model update submitted successfully.
[36;1mclient_005_1  |[0m 2026-01-21 17:41:47,135 - __main__ - INFO - Update submitted for Round 13. Waiting...
[36mclient_010_1  |[0m 2026-01-21 17:41:48,630 - __main__ - INFO - --- New Round Detected: 13 ---
[33mserver_1      |[0m INFO:werkzeug:172.18.0.13 - - [21/Jan/2026 17:41:48] "GET /download_model?round=13 HTTP/1.1" 200 -
[34mclient_004_1  |[0m 2026-01-21 17:41:49,069 - __main__ - INFO - Round 13 finished. Loss: 0.3695, Acc: 90.36%
[33mserver_1      |[0m INFO:__main__:Received update from client_004
[33mserver_1      |[0m INFO:__main__:--- Aggregating 5 updates ---
[36mclient_010_1  |[0m 2026-01-21 17:41:49,186 - __main__ - INFO - Round 13 finished. Loss: 0.0797, Acc: 97.91%
[33mserver_1      |[0m INFO:werkzeug:172.18.0.13 - - [21/Jan/2026 17:41:49] "[31m[1mPOST /submit_update HTTP/1.1[0m" 400 -
[32;1mclient_007_1  |[0m 2026-01-21 17:41:49,235 - __main__ - INFO - --- New Round Detected: 13 ---
[36mclient_010_1  |[0m 2026-01-21 17:41:49,250 - __main__ - ERROR - Update submission failed: {"error":"Not accepting updates"}
[36mclient_010_1  |[0m 
[36mclient_010_1  |[0m 2026-01-21 17:41:49,250 - __main__ - INFO - Update submitted for Round 13. Waiting...
[33mserver_1      |[0m INFO:werkzeug:172.18.0.11 - - [21/Jan/2026 17:41:49] "GET /download_model?round=13 HTTP/1.1" 200 -
[32;1mclient_007_1  |[0m 2026-01-21 17:41:49,676 - __main__ - INFO - Round 13 finished. Loss: 0.8082, Acc: 65.20%
[33mserver_1      |[0m INFO:werkzeug:172.18.0.11 - - [21/Jan/2026 17:41:49] "[31m[1mPOST /submit_update HTTP/1.1[0m" 400 -
[32;1mclient_007_1  |[0m 2026-01-21 17:41:49,743 - __main__ - ERROR - Update submission failed: {"error":"Not accepting updates"}
[32;1mclient_007_1  |[0m 
[32;1mclient_007_1  |[0m 2026-01-21 17:41:49,743 - __main__ - INFO - Update submitted for Round 13. Waiting...
[33mserver_1      |[0m INFO:__main__:Aggregation complete.
[34;1mclient_009_1  |[0m 2026-01-21 17:41:51,029 - __main__ - INFO - --- New Round Detected: 13 ---
[33mserver_1      |[0m INFO:werkzeug:172.18.0.10 - - [21/Jan/2026 17:41:51] "GET /download_model?round=13 HTTP/1.1" 200 -
[33mserver_1      |[0m INFO:__main__:--- Round 13 Acc: 31.40%, Loss: 2.1596 ---
[33mserver_1      |[0m INFO:__main__:--- Starting Round 14. Timeout: 300s ---
[33mserver_1      |[0m INFO:werkzeug:172.18.0.18 - - [21/Jan/2026 17:41:51] "POST /submit_update HTTP/1.1" 200 -
[34mclient_004_1  |[0m 2026-01-21 17:41:51,388 - __main__ - INFO - 🚀 Model update submitted successfully.
[34mclient_004_1  |[0m 2026-01-21 17:41:51,388 - __main__ - INFO - Update submitted for Round 13. Waiting...
[35;1mclient_008_1  |[0m 2026-01-21 17:41:52,743 - __main__ - INFO - --- New Round Detected: 14 ---
[33;1mclient_006_1  |[0m 2026-01-21 17:41:52,745 - __main__ - INFO - --- New Round Detected: 14 ---
[33mserver_1      |[0m INFO:werkzeug:172.18.0.20 - - [21/Jan/2026 17:41:52] "GET /download_model?round=14 HTTP/1.1" 200 -
[33mserver_1      |[0m INFO:werkzeug:172.18.0.22 - - [21/Jan/2026 17:41:52] "GET /download_model?round=14 HTTP/1.1" 200 -
[34;1mclient_009_1  |[0m 2026-01-21 17:41:52,801 - __main__ - INFO - Round 13 finished. Loss: 0.6051, Acc: 76.81%
[33;1mclient_006_1  |[0m 2026-01-21 17:41:52,890 - __main__ - INFO - Round 14 finished. Loss: 1.2397, Acc: 50.00%
[33mserver_1      |[0m INFO:__main__:Received update from client_009
[33mserver_1      |[0m INFO:werkzeug:172.18.0.10 - - [21/Jan/2026 17:41:52] "POST /submit_update HTTP/1.1" 200 -
[34;1mclient_009_1  |[0m 2026-01-21 17:41:52,938 - __main__ - INFO - 🚀 Model update submitted successfully.
[34;1mclient_009_1  |[0m 2026-01-21 17:41:52,938 - __main__ - INFO - Update submitted for Round 13. Waiting...
[33mserver_1      |[0m INFO:__main__:Received update from client_006
[33mserver_1      |[0m INFO:werkzeug:172.18.0.22 - - [21/Jan/2026 17:41:53] "POST /submit_update HTTP/1.1" 200 -
[33;1mclient_006_1  |[0m 2026-01-21 17:41:53,045 - __main__ - INFO - 🚀 Model update submitted successfully.
[33;1mclient_006_1  |[0m 2026-01-21 17:41:53,045 - __main__ - INFO - Update submitted for Round 14. Waiting...
[32mclient_002_1  |[0m 2026-01-21 17:41:53,211 - __main__ - INFO - --- New Round Detected: 14 ---
[33mserver_1      |[0m INFO:werkzeug:172.18.0.21 - - [21/Jan/2026 17:41:53] "GET /download_model?round=14 HTTP/1.1" 200 -
[35;1mclient_008_1  |[0m 2026-01-21 17:41:53,976 - __main__ - INFO - Round 14 finished. Loss: 0.0628, Acc: 98.32%
[33mserver_1      |[0m INFO:__main__:Received update from client_008
[33mserver_1      |[0m INFO:werkzeug:172.18.0.20 - - [21/Jan/2026 17:41:54] "POST /submit_update HTTP/1.1" 200 -
[35;1mclient_008_1  |[0m 2026-01-21 17:41:54,113 - __main__ - INFO - 🚀 Model update submitted successfully.
[35;1mclient_008_1  |[0m 2026-01-21 17:41:54,113 - __main__ - INFO - Update submitted for Round 14. Waiting...
[33mclient_001_1  |[0m 2026-01-21 17:41:54,751 - __main__ - INFO - --- New Round Detected: 14 ---
[32mclient_002_1  |[0m 2026-01-21 17:41:54,767 - __main__ - INFO - Round 14 finished. Loss: 0.1218, Acc: 96.84%
[33mserver_1      |[0m INFO:werkzeug:172.18.0.16 - - [21/Jan/2026 17:41:54] "GET /download_model?round=14 HTTP/1.1" 200 -
[33mserver_1      |[0m INFO:__main__:Received update from client_002
[33mserver_1      |[0m INFO:werkzeug:172.18.0.21 - - [21/Jan/2026 17:41:54] "POST /submit_update HTTP/1.1" 200 -
[32mclient_002_1  |[0m 2026-01-21 17:41:54,900 - __main__ - INFO - 🚀 Model update submitted successfully.
[32mclient_002_1  |[0m 2026-01-21 17:41:54,901 - __main__ - INFO - Update submitted for Round 14. Waiting...
[33mclient_001_1  |[0m 2026-01-21 17:41:55,269 - __main__ - INFO - Round 14 finished. Loss: 0.0380, Acc: 99.68%
[33mserver_1      |[0m INFO:__main__:Received update from client_001
[33mserver_1      |[0m INFO:__main__:--- Aggregating 5 updates ---
[35mclient_003_1  |[0m 2026-01-21 17:41:55,393 - __main__ - INFO - Round 13 finished. Loss: 0.4872, Acc: 86.61%
[33mserver_1      |[0m INFO:werkzeug:172.18.0.19 - - [21/Jan/2026 17:41:55] "[31m[1mPOST /submit_update HTTP/1.1[0m" 400 -
[35mclient_003_1  |[0m 2026-01-21 17:41:55,522 - __main__ - ERROR - Update submission failed: {"error":"Not accepting updates"}
[35mclient_003_1  |[0m 
[35mclient_003_1  |[0m 2026-01-21 17:41:55,522 - __main__ - INFO - Update submitted for Round 13. Waiting...
[33mserver_1      |[0m INFO:__main__:Aggregation complete.
[36;1mclient_005_1  |[0m 2026-01-21 17:41:57,197 - __main__ - INFO - --- New Round Detected: 14 ---
[33mserver_1      |[0m INFO:werkzeug:172.18.0.17 - - [21/Jan/2026 17:41:57] "GET /download_model?round=14 HTTP/1.1" 200 -
[33mserver_1      |[0m INFO:__main__:--- Round 14 Acc: 25.09%, Loss: 3.0763 ---
[33mserver_1      |[0m INFO:__main__:--- Starting Round 15. Timeout: 300s ---
[33mserver_1      |[0m INFO:werkzeug:172.18.0.16 - - [21/Jan/2026 17:41:57] "POST /submit_update HTTP/1.1" 200 -
[33mclient_001_1  |[0m 2026-01-21 17:41:57,253 - __main__ - INFO - 🚀 Model update submitted successfully.
[33mclient_001_1  |[0m 2026-01-21 17:41:57,253 - __main__ - INFO - Update submitted for Round 14. Waiting...
[36;1mclient_005_1  |[0m 2026-01-21 17:41:58,843 - __main__ - INFO - Round 14 finished. Loss: 0.1128, Acc: 96.52%
[33mserver_1      |[0m INFO:__main__:Received update from client_005
[33mserver_1      |[0m INFO:werkzeug:172.18.0.17 - - [21/Jan/2026 17:41:58] "POST /submit_update HTTP/1.1" 200 -
[36;1mclient_005_1  |[0m 2026-01-21 17:41:58,983 - __main__ - INFO - 🚀 Model update submitted successfully.
[36;1mclient_005_1  |[0m 2026-01-21 17:41:58,984 - __main__ - INFO - Update submitted for Round 14. Waiting...
[33mclient_011_1  |[0m 2026-01-21 17:41:59,209 - __main__ - INFO - Round 2 finished. Loss: 1.2031, Acc: 50.00%
[36mclient_010_1  |[0m 2026-01-21 17:41:59,312 - __main__ - INFO - --- New Round Detected: 15 ---
[33mserver_1      |[0m INFO:werkzeug:172.18.0.13 - - [21/Jan/2026 17:41:59] "GET /download_model?round=15 HTTP/1.1" 200 -
[32;1mclient_007_1  |[0m 2026-01-21 17:41:59,805 - __main__ - INFO - --- New Round Detected: 15 ---
[33mserver_1      |[0m INFO:werkzeug:172.18.0.11 - - [21/Jan/2026 17:41:59] "GET /download_model?round=15 HTTP/1.1" 200 -
[36mclient_010_1  |[0m 2026-01-21 17:41:59,833 - __main__ - INFO - Round 15 finished. Loss: 0.0845, Acc: 97.91%
[33mserver_1      |[0m INFO:__main__:Received update from client_010
[33mserver_1      |[0m INFO:werkzeug:172.18.0.13 - - [21/Jan/2026 17:41:59] "POST /submit_update HTTP/1.1" 200 -
[36mclient_010_1  |[0m 2026-01-21 17:41:59,967 - __main__ - INFO - 🚀 Model update submitted successfully.
[36mclient_010_1  |[0m 2026-01-21 17:41:59,967 - __main__ - INFO - Update submitted for Round 15. Waiting...
[32;1mclient_007_1  |[0m 2026-01-21 17:42:00,211 - __main__ - INFO - Round 15 finished. Loss: 0.8719, Acc: 61.72%
[33mserver_1      |[0m INFO:__main__:Received update from client_007
[33mserver_1      |[0m INFO:werkzeug:172.18.0.11 - - [21/Jan/2026 17:42:00] "POST /submit_update HTTP/1.1" 200 -
[32;1mclient_007_1  |[0m 2026-01-21 17:42:00,346 - __main__ - INFO - 🚀 Model update submitted successfully.
[32;1mclient_007_1  |[0m 2026-01-21 17:42:00,347 - __main__ - INFO - Update submitted for Round 15. Waiting...
[33mserver_1      |[0m INFO:__main__:Received update from client_011
[33mserver_1      |[0m INFO:werkzeug:172.18.0.6 - - [21/Jan/2026 17:42:00] "POST /submit_update HTTP/1.1" 200 -
[33mclient_011_1  |[0m 2026-01-21 17:42:00,636 - __main__ - INFO - 🚀 Model update submitted successfully.
[33mclient_011_1  |[0m 2026-01-21 17:42:00,637 - __main__ - INFO - Update submitted for Round 2. Waiting...
[34mclient_004_1  |[0m 2026-01-21 17:42:01,458 - __main__ - INFO - --- New Round Detected: 15 ---
[33mserver_1      |[0m INFO:werkzeug:172.18.0.18 - - [21/Jan/2026 17:42:01] "GET /download_model?round=15 HTTP/1.1" 200 -
[34;1mclient_009_1  |[0m 2026-01-21 17:42:03,003 - __main__ - INFO - --- New Round Detected: 15 ---
[33mserver_1      |[0m INFO:werkzeug:172.18.0.10 - - [21/Jan/2026 17:42:03] "GET /download_model?round=15 HTTP/1.1" 200 -
[33;1mclient_006_1  |[0m 2026-01-21 17:42:03,112 - __main__ - INFO - --- New Round Detected: 15 ---
[33mserver_1      |[0m INFO:werkzeug:172.18.0.22 - - [21/Jan/2026 17:42:03] "GET /download_model?round=15 HTTP/1.1" 200 -
[33;1mclient_006_1  |[0m 2026-01-21 17:42:03,250 - __main__ - INFO - Round 15 finished. Loss: 1.1855, Acc: 50.00%
[33mserver_1      |[0m INFO:__main__:Received update from client_006
[33mserver_1      |[0m INFO:__main__:--- Aggregating 5 updates ---
[33mserver_1      |[0m INFO:__main__:Aggregation complete.
[35;1mclient_008_1  |[0m 2026-01-21 17:42:04,175 - __main__ - INFO - --- New Round Detected: 15 ---
[33mserver_1      |[0m INFO:werkzeug:172.18.0.20 - - [21/Jan/2026 17:42:04] "GET /download_model?round=15 HTTP/1.1" 200 -
[32mclient_002_1  |[0m 2026-01-21 17:42:04,966 - __main__ - INFO - --- New Round Detected: 15 ---
[33mserver_1      |[0m INFO:werkzeug:172.18.0.21 - - [21/Jan/2026 17:42:04] "GET /download_model?round=15 HTTP/1.1" 200 -
[34;1mclient_009_1  |[0m 2026-01-21 17:42:05,038 - __main__ - INFO - Round 15 finished. Loss: 0.5291, Acc: 80.42%
[33mserver_1      |[0m INFO:werkzeug:172.18.0.10 - - [21/Jan/2026 17:42:05] "[31m[1mPOST /submit_update HTTP/1.1[0m" 400 -
[34;1mclient_009_1  |[0m 2026-01-21 17:42:05,101 - __main__ - ERROR - Update submission failed: {"error":"Not accepting updates"}
[34;1mclient_009_1  |[0m 
[34;1mclient_009_1  |[0m 2026-01-21 17:42:05,102 - __main__ - INFO - Update submitted for Round 15. Waiting...
[33mserver_1      |[0m INFO:__main__:--- Round 15 Acc: 25.07%, Loss: 2.3925 ---
[33mserver_1      |[0m INFO:__main__:--- Starting Round 16. Timeout: 300s ---
[33mserver_1      |[0m INFO:werkzeug:172.18.0.22 - - [21/Jan/2026 17:42:05] "POST /submit_update HTTP/1.1" 200 -
[33;1mclient_006_1  |[0m 2026-01-21 17:42:05,343 - __main__ - INFO - 🚀 Model update submitted successfully.
[33;1mclient_006_1  |[0m 2026-01-21 17:42:05,344 - __main__ - INFO - Update submitted for Round 15. Waiting...
[35;1mclient_008_1  |[0m 2026-01-21 17:42:05,354 - __main__ - INFO - Round 15 finished. Loss: 0.0426, Acc: 98.42%
[33mserver_1      |[0m INFO:__main__:Received update from client_008
[33mserver_1      |[0m INFO:werkzeug:172.18.0.20 - - [21/Jan/2026 17:42:05] "POST /submit_update HTTP/1.1" 200 -
[35;1mclient_008_1  |[0m 2026-01-21 17:42:05,489 - __main__ - INFO - 🚀 Model update submitted successfully.
[35;1mclient_008_1  |[0m 2026-01-21 17:42:05,489 - __main__ - INFO - Update submitted for Round 15. Waiting...
[35mclient_003_1  |[0m 2026-01-21 17:42:05,603 - __main__ - INFO - --- New Round Detected: 16 ---
[33mserver_1      |[0m INFO:werkzeug:172.18.0.19 - - [21/Jan/2026 17:42:05] "GET /download_model?round=16 HTTP/1.1" 200 -
[32mclient_002_1  |[0m 2026-01-21 17:42:06,122 - __main__ - INFO - Round 15 finished. Loss: 0.0872, Acc: 97.73%
[33mserver_1      |[0m INFO:__main__:Received update from client_002
[33mserver_1      |[0m INFO:werkzeug:172.18.0.21 - - [21/Jan/2026 17:42:06] "POST /submit_update HTTP/1.1" 200 -
[32mclient_002_1  |[0m 2026-01-21 17:42:06,258 - __main__ - INFO - 🚀 Model update submitted successfully.
[32mclient_002_1  |[0m 2026-01-21 17:42:06,258 - __main__ - INFO - Update submitted for Round 15. Waiting...
[34mclient_004_1  |[0m 2026-01-21 17:42:06,603 - __main__ - INFO - Round 15 finished. Loss: 0.2911, Acc: 92.68%
[33mserver_1      |[0m INFO:__main__:Received update from client_004
[33mserver_1      |[0m INFO:werkzeug:172.18.0.18 - - [21/Jan/2026 17:42:06] "POST /submit_update HTTP/1.1" 200 -
[34mclient_004_1  |[0m 2026-01-21 17:42:06,758 - __main__ - INFO - 🚀 Model update submitted successfully.
[34mclient_004_1  |[0m 2026-01-21 17:42:06,758 - __main__ - INFO - Update submitted for Round 15. Waiting...
[33mclient_001_1  |[0m 2026-01-21 17:42:07,340 - __main__ - INFO - --- New Round Detected: 16 ---
[33mserver_1      |[0m INFO:werkzeug:172.18.0.16 - - [21/Jan/2026 17:42:07] "GET /download_model?round=16 HTTP/1.1" 200 -
[33mclient_001_1  |[0m 2026-01-21 17:42:07,677 - __main__ - INFO - Round 16 finished. Loss: 0.0337, Acc: 99.68%
[33mserver_1      |[0m INFO:__main__:Received update from client_001
[33mserver_1      |[0m INFO:werkzeug:172.18.0.16 - - [21/Jan/2026 17:42:07] "POST /submit_update HTTP/1.1" 200 -
[33mclient_001_1  |[0m 2026-01-21 17:42:07,830 - __main__ - INFO - 🚀 Model update submitted successfully.
[33mclient_001_1  |[0m 2026-01-21 17:42:07,831 - __main__ - INFO - Update submitted for Round 16. Waiting...
[36;1mclient_005_1  |[0m 2026-01-21 17:42:09,045 - __main__ - INFO - --- New Round Detected: 16 ---
[33mserver_1      |[0m INFO:werkzeug:172.18.0.17 - - [21/Jan/2026 17:42:09] "GET /download_model?round=16 HTTP/1.1" 200 -
[36mclient_010_1  |[0m 2026-01-21 17:42:10,036 - __main__ - INFO - --- New Round Detected: 16 ---
[33mserver_1      |[0m INFO:werkzeug:172.18.0.13 - - [21/Jan/2026 17:42:10] "GET /download_model?round=16 HTTP/1.1" 200 -
[36;1mclient_005_1  |[0m 2026-01-21 17:42:10,235 - __main__ - INFO - Round 16 finished. Loss: 0.0753, Acc: 97.51%
[33mserver_1      |[0m INFO:__main__:Received update from client_005
[33mserver_1      |[0m INFO:__main__:--- Aggregating 5 updates ---
[32;1mclient_007_1  |[0m 2026-01-21 17:42:10,410 - __main__ - INFO - --- New Round Detected: 16 ---
[33mserver_1      |[0m INFO:werkzeug:172.18.0.11 - - [21/Jan/2026 17:42:10] "GET /download_model?round=16 HTTP/1.1" 200 -
[36mclient_010_1  |[0m 2026-01-21 17:42:10,596 - __main__ - INFO - Round 16 finished. Loss: 0.0891, Acc: 98.03%
[33mserver_1      |[0m INFO:werkzeug:172.18.0.13 - - [21/Jan/2026 17:42:10] "[31m[1mPOST /submit_update HTTP/1.1[0m" 400 -
[36mclient_010_1  |[0m 2026-01-21 17:42:10,796 - __main__ - ERROR - Update submission failed: {"error":"Not accepting updates"}
[36mclient_010_1  |[0m 
[36mclient_010_1  |[0m 2026-01-21 17:42:10,796 - __main__ - INFO - Update submitted for Round 16. Waiting...
[32;1mclient_007_1  |[0m 2026-01-21 17:42:10,820 - __main__ - INFO - Round 16 finished. Loss: 0.8056, Acc: 59.16%
[33mserver_1      |[0m INFO:werkzeug:172.18.0.11 - - [21/Jan/2026 17:42:10] "[31m[1mPOST /submit_update HTTP/1.1[0m" 400 -
[32;1mclient_007_1  |[0m 2026-01-21 17:42:10,886 - __main__ - ERROR - Update submission failed: {"error":"Not accepting updates"}
[32;1mclient_007_1  |[0m 
[32;1mclient_007_1  |[0m 2026-01-21 17:42:10,886 - __main__ - INFO - Update submitted for Round 16. Waiting...
[33mserver_1      |[0m INFO:__main__:Aggregation complete.
[33mclient_011_1  |[0m 2026-01-21 17:42:11,059 - __main__ - INFO - --- New Round Detected: 16 ---
[33mserver_1      |[0m INFO:werkzeug:172.18.0.6 - - [21/Jan/2026 17:42:11] "GET /download_model?round=16 HTTP/1.1" 200 -
[33mserver_1      |[0m INFO:__main__:--- Round 16 Acc: 38.91%, Loss: 1.9762 ---
[33mserver_1      |[0m INFO:__main__:--- Starting Round 17. Timeout: 300s ---
[33mserver_1      |[0m INFO:werkzeug:172.18.0.17 - - [21/Jan/2026 17:42:11] "POST /submit_update HTTP/1.1" 200 -
[36;1mclient_005_1  |[0m 2026-01-21 17:42:11,533 - __main__ - INFO - 🚀 Model update submitted successfully.
[36;1mclient_005_1  |[0m 2026-01-21 17:42:11,533 - __main__ - INFO - Update submitted for Round 16. Waiting...
[34;1mclient_009_1  |[0m 2026-01-21 17:42:15,180 - __main__ - INFO - --- New Round Detected: 17 ---
[35mclient_003_1  |[0m 2026-01-21 17:42:15,187 - __main__ - INFO - Round 16 finished. Loss: 0.5823, Acc: 84.02%
[33mserver_1      |[0m INFO:werkzeug:172.18.0.10 - - [21/Jan/2026 17:42:15] "GET /download_model?round=17 HTTP/1.1" 200 -
[33mserver_1      |[0m INFO:__main__:Received update from client_003
[33mserver_1      |[0m INFO:werkzeug:172.18.0.19 - - [21/Jan/2026 17:42:15] "POST /submit_update HTTP/1.1" 200 -
[35mclient_003_1  |[0m 2026-01-21 17:42:15,320 - __main__ - INFO - 🚀 Model update submitted successfully.
[35mclient_003_1  |[0m 2026-01-21 17:42:15,321 - __main__ - INFO - Update submitted for Round 16. Waiting...
[33;1mclient_006_1  |[0m 2026-01-21 17:42:15,406 - __main__ - INFO - --- New Round Detected: 17 ---
[33mserver_1      |[0m INFO:werkzeug:172.18.0.22 - - [21/Jan/2026 17:42:15] "GET /download_model?round=17 HTTP/1.1" 200 -
[33;1mclient_006_1  |[0m 2026-01-21 17:42:15,545 - __main__ - INFO - Round 17 finished. Loss: 0.8567, Acc: 71.43%
[35;1mclient_008_1  |[0m 2026-01-21 17:42:15,550 - __main__ - INFO - --- New Round Detected: 17 ---
[33mserver_1      |[0m INFO:werkzeug:172.18.0.20 - - [21/Jan/2026 17:42:15] "GET /download_model?round=17 HTTP/1.1" 200 -
[33mserver_1      |[0m INFO:__main__:Received update from client_006
[33mserver_1      |[0m INFO:werkzeug:172.18.0.22 - - [21/Jan/2026 17:42:15] "POST /submit_update HTTP/1.1" 200 -
[33;1mclient_006_1  |[0m 2026-01-21 17:42:15,679 - __main__ - INFO - 🚀 Model update submitted successfully.
[33;1mclient_006_1  |[0m 2026-01-21 17:42:15,679 - __main__ - INFO - Update submitted for Round 17. Waiting...
[32mclient_002_1  |[0m 2026-01-21 17:42:16,334 - __main__ - INFO - --- New Round Detected: 17 ---
[33mserver_1      |[0m INFO:werkzeug:172.18.0.21 - - [21/Jan/2026 17:42:16] "GET /download_model?round=17 HTTP/1.1" 200 -
[35;1mclient_008_1  |[0m 2026-01-21 17:42:16,720 - __main__ - INFO - Round 17 finished. Loss: 0.0683, Acc: 98.18%
[33mserver_1      |[0m INFO:__main__:Received update from client_008
[33mserver_1      |[0m INFO:werkzeug:172.18.0.20 - - [21/Jan/2026 17:42:16] "POST /submit_update HTTP/1.1" 200 -
[34mclient_004_1  |[0m 2026-01-21 17:42:16,821 - __main__ - INFO - --- New Round Detected: 17 ---
[33mserver_1      |[0m INFO:werkzeug:172.18.0.18 - - [21/Jan/2026 17:42:16] "GET /download_model?round=17 HTTP/1.1" 200 -
[35;1mclient_008_1  |[0m 2026-01-21 17:42:16,854 - __main__ - INFO - 🚀 Model update submitted successfully.
[35;1mclient_008_1  |[0m 2026-01-21 17:42:16,855 - __main__ - INFO - Update submitted for Round 17. Waiting...
[34;1mclient_009_1  |[0m 2026-01-21 17:42:17,249 - __main__ - INFO - Round 17 finished. Loss: 0.5578, Acc: 79.29%
[33mserver_1      |[0m INFO:__main__:Received update from client_009
[33mserver_1      |[0m INFO:werkzeug:172.18.0.10 - - [21/Jan/2026 17:42:17] "POST /submit_update HTTP/1.1" 200 -
[34;1mclient_009_1  |[0m 2026-01-21 17:42:17,384 - __main__ - INFO - 🚀 Model update submitted successfully.
[34;1mclient_009_1  |[0m 2026-01-21 17:42:17,384 - __main__ - INFO - Update submitted for Round 17. Waiting...
[32mclient_002_1  |[0m 2026-01-21 17:42:17,758 - __main__ - INFO - Round 17 finished. Loss: 0.0748, Acc: 98.52%
[33mserver_1      |[0m INFO:__main__:Received update from client_002
[33mserver_1      |[0m INFO:__main__:--- Aggregating 5 updates ---
[33mclient_001_1  |[0m 2026-01-21 17:42:17,908 - __main__ - INFO - --- New Round Detected: 17 ---
[33mserver_1      |[0m INFO:werkzeug:172.18.0.16 - - [21/Jan/2026 17:42:17] "GET /download_model?round=17 HTTP/1.1" 200 -
[33mclient_001_1  |[0m 2026-01-21 17:42:18,289 - __main__ - INFO - Round 17 finished. Loss: 0.0347, Acc: 99.68%
[33mserver_1      |[0m INFO:werkzeug:172.18.0.16 - - [21/Jan/2026 17:42:18] "[31m[1mPOST /submit_update HTTP/1.1[0m" 400 -
[33mclient_001_1  |[0m 2026-01-21 17:42:18,368 - __main__ - ERROR - Update submission failed: {"error":"Not accepting updates"}
[33mclient_001_1  |[0m 
[33mclient_001_1  |[0m 2026-01-21 17:42:18,368 - __main__ - INFO - Update submitted for Round 17. Waiting...
[33mserver_1      |[0m INFO:__main__:Aggregation complete.
[33mserver_1      |[0m INFO:__main__:--- Round 17 Acc: 35.36%, Loss: 2.3751 ---
[33mserver_1      |[0m INFO:__main__:--- Starting Round 18. Timeout: 300s ---
[33mserver_1      |[0m INFO:werkzeug:172.18.0.21 - - [21/Jan/2026 17:42:19] "POST /submit_update HTTP/1.1" 200 -
[32mclient_002_1  |[0m 2026-01-21 17:42:19,858 - __main__ - INFO - 🚀 Model update submitted successfully.
[32mclient_002_1  |[0m 2026-01-21 17:42:19,859 - __main__ - INFO - Update submitted for Round 17. Waiting...
[36mclient_010_1  |[0m 2026-01-21 17:42:20,862 - __main__ - INFO - --- New Round Detected: 18 ---
[33mserver_1      |[0m INFO:werkzeug:172.18.0.13 - - [21/Jan/2026 17:42:20] "GET /download_model?round=18 HTTP/1.1" 200 -
[32;1mclient_007_1  |[0m 2026-01-21 17:42:20,949 - __main__ - INFO - --- New Round Detected: 18 ---
[33mserver_1      |[0m INFO:werkzeug:172.18.0.11 - - [21/Jan/2026 17:42:20] "GET /download_model?round=18 HTTP/1.1" 200 -
[34mclient_004_1  |[0m 2026-01-21 17:42:21,276 - __main__ - INFO - Round 17 finished. Loss: 0.2172, Acc: 95.32%
[33mserver_1      |[0m INFO:__main__:Received update from client_004
[33mserver_1      |[0m INFO:werkzeug:172.18.0.18 - - [21/Jan/2026 17:42:21] "POST /submit_update HTTP/1.1" 200 -
[36mclient_010_1  |[0m 2026-01-21 17:42:21,406 - __main__ - INFO - Round 18 finished. Loss: 0.0880, Acc: 98.40%
[34mclient_004_1  |[0m 2026-01-21 17:42:21,410 - __main__ - INFO - 🚀 Model update submitted successfully.
[34mclient_004_1  |[0m 2026-01-21 17:42:21,410 - __main__ - INFO - Update submitted for Round 17. Waiting...
[32;1mclient_007_1  |[0m 2026-01-21 17:42:21,410 - __main__ - INFO - Round 18 finished. Loss: 0.7700, Acc: 63.00%
[33mserver_1      |[0m INFO:__main__:Received update from client_010
[33mserver_1      |[0m INFO:werkzeug:172.18.0.13 - - [21/Jan/2026 17:42:21] "POST /submit_update HTTP/1.1" 200 -
[33mserver_1      |[0m INFO:__main__:Received update from client_007
[33mserver_1      |[0m INFO:werkzeug:172.18.0.11 - - [21/Jan/2026 17:42:21] "POST /submit_update HTTP/1.1" 200 -
[36mclient_010_1  |[0m 2026-01-21 17:42:21,540 - __main__ - INFO - 🚀 Model update submitted successfully.
[36mclient_010_1  |[0m 2026-01-21 17:42:21,541 - __main__ - INFO - Update submitted for Round 18. Waiting...
[32;1mclient_007_1  |[0m 2026-01-21 17:42:21,558 - __main__ - INFO - 🚀 Model update submitted successfully.
[32;1mclient_007_1  |[0m 2026-01-21 17:42:21,559 - __main__ - INFO - Update submitted for Round 18. Waiting...
[36;1mclient_005_1  |[0m 2026-01-21 17:42:21,594 - __main__ - INFO - --- New Round Detected: 18 ---
[33mserver_1      |[0m INFO:werkzeug:172.18.0.17 - - [21/Jan/2026 17:42:21] "GET /download_model?round=18 HTTP/1.1" 200 -
[36;1mclient_015_1  |[0m 2026-01-21 17:42:22,799 - __main__ - INFO - Round 0 finished. Loss: 0.8932, Acc: 70.56%
[36;1mclient_005_1  |[0m 2026-01-21 17:42:23,159 - __main__ - INFO - Round 18 finished. Loss: 0.1349, Acc: 96.43%
[33mserver_1      |[0m INFO:__main__:Received update from client_005
[33mserver_1      |[0m INFO:werkzeug:172.18.0.17 - - [21/Jan/2026 17:42:23] "POST /submit_update HTTP/1.1" 200 -
[36;1mclient_005_1  |[0m 2026-01-21 17:42:23,298 - __main__ - INFO - 🚀 Model update submitted successfully.
[36;1mclient_005_1  |[0m 2026-01-21 17:42:23,298 - __main__ - INFO - Update submitted for Round 18. Waiting...
[33mserver_1      |[0m INFO:__main__:Received update from client_015
[33mserver_1      |[0m INFO:__main__:--- Aggregating 5 updates ---
[33mserver_1      |[0m INFO:__main__:Aggregation complete.
[35mclient_003_1  |[0m 2026-01-21 17:42:25,396 - __main__ - INFO - --- New Round Detected: 18 ---
[33mserver_1      |[0m INFO:werkzeug:172.18.0.19 - - [21/Jan/2026 17:42:25] "GET /download_model?round=18 HTTP/1.1" 200 -
[33mserver_1      |[0m INFO:__main__:--- Round 18 Acc: 27.37%, Loss: 2.4917 ---
[33mserver_1      |[0m INFO:__main__:--- Starting Round 19. Timeout: 300s ---
[33mserver_1      |[0m INFO:werkzeug:172.18.0.12 - - [21/Jan/2026 17:42:25] "POST /submit_update HTTP/1.1" 200 -
[33;1mclient_006_1  |[0m 2026-01-21 17:42:25,754 - __main__ - INFO - --- New Round Detected: 18 ---
[33mserver_1      |[0m INFO:werkzeug:172.18.0.22 - - [21/Jan/2026 17:42:25] "GET /download_model?round=18 HTTP/1.1" 200 -
[33;1mclient_006_1  |[0m 2026-01-21 17:42:25,893 - __main__ - INFO - Round 18 finished. Loss: 1.0440, Acc: 50.00%
[36;1mclient_015_1  |[0m 2026-01-21 17:42:25,946 - __main__ - INFO - 🚀 Model update submitted successfully.
[36;1mclient_015_1  |[0m 2026-01-21 17:42:25,946 - __main__ - INFO - Update submitted for Round 0. Waiting...
[33mserver_1      |[0m INFO:__main__:Received update from client_006
[33mserver_1      |[0m INFO:werkzeug:172.18.0.22 - - [21/Jan/2026 17:42:25] "POST /submit_update HTTP/1.1" 200 -
[33;1mclient_006_1  |[0m 2026-01-21 17:42:26,028 - __main__ - INFO - 🚀 Model update submitted successfully.
[33;1mclient_006_1  |[0m 2026-01-21 17:42:26,028 - __main__ - INFO - Update submitted for Round 18. Waiting...
[35;1mclient_008_1  |[0m 2026-01-21 17:42:26,922 - __main__ - INFO - --- New Round Detected: 19 ---
[33mserver_1      |[0m INFO:werkzeug:172.18.0.20 - - [21/Jan/2026 17:42:26] "GET /download_model?round=19 HTTP/1.1" 200 -
[34;1mclient_009_1  |[0m 2026-01-21 17:42:27,464 - __main__ - INFO - --- New Round Detected: 19 ---
[33mserver_1      |[0m INFO:werkzeug:172.18.0.10 - - [21/Jan/2026 17:42:27] "GET /download_model?round=19 HTTP/1.1" 200 -
[35;1mclient_008_1  |[0m 2026-01-21 17:42:28,103 - __main__ - INFO - Round 19 finished. Loss: 0.0863, Acc: 98.23%
[33mserver_1      |[0m INFO:__main__:Received update from client_008
[33mserver_1      |[0m INFO:werkzeug:172.18.0.20 - - [21/Jan/2026 17:42:28] "POST /submit_update HTTP/1.1" 200 -
[35;1mclient_008_1  |[0m 2026-01-21 17:42:28,236 - __main__ - INFO - 🚀 Model update submitted successfully.
[35;1mclient_008_1  |[0m 2026-01-21 17:42:28,236 - __main__ - INFO - Update submitted for Round 19. Waiting...
[33mclient_001_1  |[0m 2026-01-21 17:42:28,430 - __main__ - INFO - --- New Round Detected: 19 ---
[33mserver_1      |[0m INFO:werkzeug:172.18.0.16 - - [21/Jan/2026 17:42:28] "GET /download_model?round=19 HTTP/1.1" 200 -
[33mclient_001_1  |[0m 2026-01-21 17:42:28,915 - __main__ - INFO - Round 19 finished. Loss: 0.0450, Acc: 99.68%
[33mserver_1      |[0m INFO:__main__:Received update from client_001
[33mserver_1      |[0m INFO:werkzeug:172.18.0.16 - - [21/Jan/2026 17:42:29] "POST /submit_update HTTP/1.1" 200 -
[33mclient_001_1  |[0m 2026-01-21 17:42:29,055 - __main__ - INFO - 🚀 Model update submitted successfully.
[33mclient_001_1  |[0m 2026-01-21 17:42:29,055 - __main__ - INFO - Update submitted for Round 19. Waiting...
[34;1mclient_009_1  |[0m 2026-01-21 17:42:29,489 - __main__ - INFO - Round 19 finished. Loss: 0.5971, Acc: 77.97%
[33mserver_1      |[0m INFO:__main__:Received update from client_009
[33mserver_1      |[0m INFO:werkzeug:172.18.0.10 - - [21/Jan/2026 17:42:29] "POST /submit_update HTTP/1.1" 200 -
[34;1mclient_009_1  |[0m 2026-01-21 17:42:29,643 - __main__ - INFO - 🚀 Model update submitted successfully.
[34;1mclient_009_1  |[0m 2026-01-21 17:42:29,643 - __main__ - INFO - Update submitted for Round 19. Waiting...
[32mclient_002_1  |[0m 2026-01-21 17:42:29,922 - __main__ - INFO - --- New Round Detected: 19 ---
[33mserver_1      |[0m INFO:werkzeug:172.18.0.21 - - [21/Jan/2026 17:42:29] "GET /download_model?round=19 HTTP/1.1" 200 -
[32mclient_002_1  |[0m 2026-01-21 17:42:31,393 - __main__ - INFO - Round 19 finished. Loss: 0.1064, Acc: 97.53%
[34mclient_004_1  |[0m 2026-01-21 17:42:31,476 - __main__ - INFO - --- New Round Detected: 19 ---
[33mserver_1      |[0m INFO:__main__:Received update from client_002
[33mserver_1      |[0m INFO:__main__:--- Aggregating 5 updates ---
[33mserver_1      |[0m INFO:werkzeug:172.18.0.18 - - [21/Jan/2026 17:42:31] "GET /download_model?round=19 HTTP/1.1" 200 -
[36mclient_010_1  |[0m 2026-01-21 17:42:31,602 - __main__ - INFO - --- New Round Detected: 19 ---
[33mserver_1      |[0m INFO:werkzeug:172.18.0.13 - - [21/Jan/2026 17:42:31] "GET /download_model?round=19 HTTP/1.1" 200 -
[32;1mclient_007_1  |[0m 2026-01-21 17:42:31,685 - __main__ - INFO - --- New Round Detected: 19 ---
[33mserver_1      |[0m INFO:werkzeug:172.18.0.11 - - [21/Jan/2026 17:42:31] "GET /download_model?round=19 HTTP/1.1" 200 -
[36mclient_010_1  |[0m 2026-01-21 17:42:31,985 - __main__ - INFO - Round 19 finished. Loss: 0.1248, Acc: 97.79%
[33mserver_1      |[0m INFO:werkzeug:172.18.0.13 - - [21/Jan/2026 17:42:32] "[31m[1mPOST /submit_update HTTP/1.1[0m" 400 -
[36mclient_010_1  |[0m 2026-01-21 17:42:32,048 - __main__ - ERROR - Update submission failed: {"error":"Not accepting updates"}
[36mclient_010_1  |[0m 
[36mclient_010_1  |[0m 2026-01-21 17:42:32,048 - __main__ - INFO - Update submitted for Round 19. Waiting...
[32;1mclient_007_1  |[0m 2026-01-21 17:42:32,133 - __main__ - INFO - Round 19 finished. Loss: 0.8053, Acc: 62.45%
[33mserver_1      |[0m INFO:werkzeug:172.18.0.11 - - [21/Jan/2026 17:42:32] "[31m[1mPOST /submit_update HTTP/1.1[0m" 400 -
[32;1mclient_007_1  |[0m 2026-01-21 17:42:32,196 - __main__ - ERROR - Update submission failed: {"error":"Not accepting updates"}
[32;1mclient_007_1  |[0m 
[32;1mclient_007_1  |[0m 2026-01-21 17:42:32,196 - __main__ - INFO - Update submitted for Round 19. Waiting...
[33mserver_1      |[0m INFO:__main__:Aggregation complete.
[36;1mclient_005_1  |[0m 2026-01-21 17:42:33,360 - __main__ - INFO - --- New Round Detected: 19 ---
[33mserver_1      |[0m INFO:werkzeug:172.18.0.17 - - [21/Jan/2026 17:42:33] "GET /download_model?round=19 HTTP/1.1" 200 -
[33mserver_1      |[0m INFO:__main__:--- Round 19 Acc: 21.87%, Loss: 3.2450 ---
[33mserver_1      |[0m INFO:__main__:--- Starting Round 20. Timeout: 300s ---
[33mserver_1      |[0m INFO:werkzeug:172.18.0.21 - - [21/Jan/2026 17:42:33] "POST /submit_update HTTP/1.1" 200 -
[32mclient_002_1  |[0m 2026-01-21 17:42:33,653 - __main__ - INFO - 🚀 Model update submitted successfully.
[32mclient_002_1  |[0m 2026-01-21 17:42:33,654 - __main__ - INFO - Update submitted for Round 19. Waiting...
[36;1mclient_005_1  |[0m 2026-01-21 17:42:35,201 - __main__ - INFO - Round 19 finished. Loss: 0.0784, Acc: 97.67%
[33mserver_1      |[0m INFO:__main__:Received update from client_005
[33mserver_1      |[0m INFO:werkzeug:172.18.0.17 - - [21/Jan/2026 17:42:35] "POST /submit_update HTTP/1.1" 200 -
[36;1mclient_005_1  |[0m 2026-01-21 17:42:35,337 - __main__ - INFO - 🚀 Model update submitted successfully.
[36;1mclient_005_1  |[0m 2026-01-21 17:42:35,337 - __main__ - INFO - Update submitted for Round 19. Waiting...
[33;1mclient_006_1  |[0m 2026-01-21 17:42:36,089 - __main__ - INFO - --- New Round Detected: 20 ---
[35mclient_003_1  |[0m 2026-01-21 17:42:36,110 - __main__ - INFO - Round 18 finished. Loss: 0.4380, Acc: 88.95%
[33mserver_1      |[0m INFO:werkzeug:172.18.0.22 - - [21/Jan/2026 17:42:36] "GET /download_model?round=20 HTTP/1.1" 200 -
[33mserver_1      |[0m INFO:__main__:Received update from client_003
[33mserver_1      |[0m INFO:werkzeug:172.18.0.19 - - [21/Jan/2026 17:42:36] "POST /submit_update HTTP/1.1" 200 -
[33;1mclient_006_1  |[0m 2026-01-21 17:42:36,229 - __main__ - INFO - Round 20 finished. Loss: 1.6479, Acc: 42.86%
[35mclient_003_1  |[0m 2026-01-21 17:42:36,248 - __main__ - INFO - 🚀 Model update submitted successfully.
[35mclient_003_1  |[0m 2026-01-21 17:42:36,248 - __main__ - INFO - Update submitted for Round 18. Waiting...
[33mserver_1      |[0m INFO:__main__:Received update from client_006
[33mserver_1      |[0m INFO:werkzeug:172.18.0.22 - - [21/Jan/2026 17:42:36] "POST /submit_update HTTP/1.1" 200 -
[33;1mclient_006_1  |[0m 2026-01-21 17:42:36,365 - __main__ - INFO - 🚀 Model update submitted successfully.
[33;1mclient_006_1  |[0m 2026-01-21 17:42:36,365 - __main__ - INFO - Update submitted for Round 20. Waiting...
[36;1mclient_015_1  |[0m 2026-01-21 17:42:36,372 - __main__ - INFO - --- New Round Detected: 20 ---
[33mserver_1      |[0m INFO:werkzeug:172.18.0.12 - - [21/Jan/2026 17:42:36] "GET /download_model?round=20 HTTP/1.1" 200 -
[34mclient_004_1  |[0m 2026-01-21 17:42:36,772 - __main__ - INFO - Round 19 finished. Loss: 0.2004, Acc: 95.37%
[33mserver_1      |[0m INFO:__main__:Received update from client_004
[33mserver_1      |[0m INFO:werkzeug:172.18.0.18 - - [21/Jan/2026 17:42:36] "POST /submit_update HTTP/1.1" 200 -
[34mclient_004_1  |[0m 2026-01-21 17:42:36,907 - __main__ - INFO - 🚀 Model update submitted successfully.
[34mclient_004_1  |[0m 2026-01-21 17:42:36,908 - __main__ - INFO - Update submitted for Round 19. Waiting...
[35;1mclient_008_1  |[0m 2026-01-21 17:42:38,297 - __main__ - INFO - --- New Round Detected: 20 ---
[33mserver_1      |[0m INFO:werkzeug:172.18.0.20 - - [21/Jan/2026 17:42:38] "GET /download_model?round=20 HTTP/1.1" 200 -
[35;1mclient_008_1  |[0m 2026-01-21 17:42:39,073 - __main__ - INFO - Round 20 finished. Loss: 0.0421, Acc: 98.42%
[33mclient_001_1  |[0m 2026-01-21 17:42:39,116 - __main__ - INFO - --- New Round Detected: 20 ---
[33mserver_1      |[0m INFO:werkzeug:172.18.0.16 - - [21/Jan/2026 17:42:39] "GET /download_model?round=20 HTTP/1.1" 200 -
[33mserver_1      |[0m INFO:__main__:Received update from client_008
[33mserver_1      |[0m INFO:__main__:--- Aggregating 5 updates ---
[33mclient_001_1  |[0m 2026-01-21 17:42:39,663 - __main__ - INFO - Round 20 finished. Loss: 0.0158, Acc: 100.00%
[33mserver_1      |[0m INFO:werkzeug:172.18.0.16 - - [21/Jan/2026 17:42:39] "[31m[1mPOST /submit_update HTTP/1.1[0m" 400 -
[34;1mclient_009_1  |[0m 2026-01-21 17:42:39,706 - __main__ - INFO - --- New Round Detected: 20 ---
[33mclient_001_1  |[0m 2026-01-21 17:42:39,726 - __main__ - ERROR - Update submission failed: {"error":"Not accepting updates"}
[33mclient_001_1  |[0m 
[33mclient_001_1  |[0m 2026-01-21 17:42:39,726 - __main__ - INFO - Update submitted for Round 20. Waiting...
[33mserver_1      |[0m INFO:werkzeug:172.18.0.10 - - [21/Jan/2026 17:42:39] "GET /download_model?round=20 HTTP/1.1" 200 -
[33mserver_1      |[0m INFO:__main__:Aggregation complete.
[33mserver_1      |[0m INFO:__main__:--- Round 20 Acc: 42.07%, Loss: 2.0885 ---
[33mserver_1      |[0m INFO:__main__:--- Starting Round 21. Timeout: 300s ---
[33mserver_1      |[0m INFO:werkzeug:172.18.0.20 - - [21/Jan/2026 17:42:41] "POST /submit_update HTTP/1.1" 200 -
[35;1mclient_008_1  |[0m 2026-01-21 17:42:41,452 - __main__ - INFO - 🚀 Model update submitted successfully.
[35;1mclient_008_1  |[0m 2026-01-21 17:42:41,453 - __main__ - INFO - Update submitted for Round 20. Waiting...
[34;1mclient_009_1  |[0m 2026-01-21 17:42:41,696 - __main__ - INFO - Round 20 finished. Loss: 0.9071, Acc: 71.96%
[33mserver_1      |[0m INFO:__main__:Received update from client_009
[33mserver_1      |[0m INFO:werkzeug:172.18.0.10 - - [21/Jan/2026 17:42:41] "POST /submit_update HTTP/1.1" 200 -
[34;1mclient_009_1  |[0m 2026-01-21 17:42:41,850 - __main__ - INFO - 🚀 Model update submitted successfully.
[34;1mclient_009_1  |[0m 2026-01-21 17:42:41,850 - __main__ - INFO - Update submitted for Round 20. Waiting...
[36mclient_010_1  |[0m 2026-01-21 17:42:42,113 - __main__ - INFO - --- New Round Detected: 21 ---
[33mserver_1      |[0m INFO:werkzeug:172.18.0.13 - - [21/Jan/2026 17:42:42] "GET /download_model?round=21 HTTP/1.1" 200 -
[32;1mclient_007_1  |[0m 2026-01-21 17:42:42,260 - __main__ - INFO - --- New Round Detected: 21 ---
[33mserver_1      |[0m INFO:werkzeug:172.18.0.11 - - [21/Jan/2026 17:42:42] "GET /download_model?round=21 HTTP/1.1" 200 -
[36mclient_010_1  |[0m 2026-01-21 17:42:42,502 - __main__ - INFO - Round 21 finished. Loss: 0.1109, Acc: 97.91%
[33mserver_1      |[0m INFO:__main__:Received update from client_010
[33mserver_1      |[0m INFO:werkzeug:172.18.0.13 - - [21/Jan/2026 17:42:42] "POST /submit_update HTTP/1.1" 200 -
[36mclient_010_1  |[0m 2026-01-21 17:42:42,635 - __main__ - INFO - 🚀 Model update submitted successfully.
[36mclient_010_1  |[0m 2026-01-21 17:42:42,635 - __main__ - INFO - Update submitted for Round 21. Waiting...
[32;1mclient_007_1  |[0m 2026-01-21 17:42:42,680 - __main__ - INFO - Round 21 finished. Loss: 0.7341, Acc: 64.84%
[33mserver_1      |[0m INFO:__main__:Received update from client_007
[33mserver_1      |[0m INFO:werkzeug:172.18.0.11 - - [21/Jan/2026 17:42:42] "POST /submit_update HTTP/1.1" 200 -
[32;1mclient_007_1  |[0m 2026-01-21 17:42:42,817 - __main__ - INFO - 🚀 Model update submitted successfully.
[32;1mclient_007_1  |[0m 2026-01-21 17:42:42,817 - __main__ - INFO - Update submitted for Round 21. Waiting...
[32mclient_002_1  |[0m 2026-01-21 17:42:43,715 - __main__ - INFO - --- New Round Detected: 21 ---
[33mserver_1      |[0m INFO:werkzeug:172.18.0.21 - - [21/Jan/2026 17:42:43] "GET /download_model?round=21 HTTP/1.1" 200 -
[32mclient_002_1  |[0m 2026-01-21 17:42:45,106 - __main__ - INFO - Round 21 finished. Loss: 0.0899, Acc: 98.02%
[33mserver_1      |[0m INFO:__main__:Received update from client_002
[33mserver_1      |[0m INFO:werkzeug:172.18.0.21 - - [21/Jan/2026 17:42:45] "POST /submit_update HTTP/1.1" 200 -
[32mclient_002_1  |[0m 2026-01-21 17:42:45,240 - __main__ - INFO - 🚀 Model update submitted successfully.
[32mclient_002_1  |[0m 2026-01-21 17:42:45,240 - __main__ - INFO - Update submitted for Round 21. Waiting...
[36;1mclient_005_1  |[0m 2026-01-21 17:42:45,412 - __main__ - INFO - --- New Round Detected: 21 ---
[33mserver_1      |[0m INFO:werkzeug:172.18.0.17 - - [21/Jan/2026 17:42:45] "GET /download_model?round=21 HTTP/1.1" 200 -
[35mclient_003_1  |[0m 2026-01-21 17:42:46,312 - __main__ - INFO - --- New Round Detected: 21 ---
[33mserver_1      |[0m INFO:werkzeug:172.18.0.19 - - [21/Jan/2026 17:42:46] "GET /download_model?round=21 HTTP/1.1" 200 -
[33;1mclient_006_1  |[0m 2026-01-21 17:42:46,434 - __main__ - INFO - --- New Round Detected: 21 ---
[33mserver_1      |[0m INFO:werkzeug:172.18.0.22 - - [21/Jan/2026 17:42:46] "GET /download_model?round=21 HTTP/1.1" 200 -
[33;1mclient_006_1  |[0m 2026-01-21 17:42:46,575 - __main__ - INFO - Round 21 finished. Loss: 0.6554, Acc: 85.71%
[33mserver_1      |[0m INFO:__main__:Received update from client_006
[33mserver_1      |[0m INFO:__main__:--- Aggregating 5 updates ---
[36;1mclient_005_1  |[0m 2026-01-21 17:42:46,972 - __main__ - INFO - Round 21 finished. Loss: 0.0858, Acc: 97.92%
[34mclient_004_1  |[0m 2026-01-21 17:42:46,974 - __main__ - INFO - --- New Round Detected: 21 ---
[33mserver_1      |[0m INFO:werkzeug:172.18.0.18 - - [21/Jan/2026 17:42:47] "GET /download_model?round=21 HTTP/1.1" 200 -
[33mserver_1      |[0m INFO:werkzeug:172.18.0.17 - - [21/Jan/2026 17:42:47] "[31m[1mPOST /submit_update HTTP/1.1[0m" 400 -
[36;1mclient_005_1  |[0m 2026-01-21 17:42:47,047 - __main__ - ERROR - Update submission failed: {"error":"Not accepting updates"}
[36;1mclient_005_1  |[0m 
[36;1mclient_005_1  |[0m 2026-01-21 17:42:47,047 - __main__ - INFO - Update submitted for Round 21. Waiting...
[33mserver_1      |[0m INFO:__main__:Aggregation complete.
[33mserver_1      |[0m INFO:__main__:--- Round 21 Acc: 21.02%, Loss: 2.6028 ---
[33mserver_1      |[0m INFO:__main__:--- Starting Round 22. Timeout: 300s ---
[33mserver_1      |[0m INFO:werkzeug:172.18.0.22 - - [21/Jan/2026 17:42:48] "POST /submit_update HTTP/1.1" 200 -
[33;1mclient_006_1  |[0m 2026-01-21 17:42:48,647 - __main__ - INFO - 🚀 Model update submitted successfully.
[33;1mclient_006_1  |[0m 2026-01-21 17:42:48,647 - __main__ - INFO - Update submitted for Round 21. Waiting...
[33mclient_001_1  |[0m 2026-01-21 17:42:49,789 - __main__ - INFO - --- New Round Detected: 22 ---
[33mserver_1      |[0m INFO:werkzeug:172.18.0.16 - - [21/Jan/2026 17:42:49] "GET /download_model?round=22 HTTP/1.1" 200 -
[33mclient_001_1  |[0m 2026-01-21 17:42:50,329 - __main__ - INFO - Round 22 finished. Loss: 0.0091, Acc: 100.00%
[33mserver_1      |[0m INFO:__main__:Received update from client_001
[33mserver_1      |[0m INFO:werkzeug:172.18.0.16 - - [21/Jan/2026 17:42:50] "POST /submit_update HTTP/1.1" 200 -
[33mclient_001_1  |[0m 2026-01-21 17:42:50,463 - __main__ - INFO - 🚀 Model update submitted successfully.
[33mclient_001_1  |[0m 2026-01-21 17:42:50,463 - __main__ - INFO - Update submitted for Round 22. Waiting...
[35;1mclient_008_1  |[0m 2026-01-21 17:42:51,545 - __main__ - INFO - --- New Round Detected: 22 ---
[33mserver_1      |[0m INFO:werkzeug:172.18.0.20 - - [21/Jan/2026 17:42:51] "GET /download_model?round=22 HTTP/1.1" 200 -
[34mclient_004_1  |[0m 2026-01-21 17:42:51,577 - __main__ - INFO - Round 21 finished. Loss: 0.2190, Acc: 95.61%
[33mserver_1      |[0m INFO:__main__:Received update from client_004
[33mserver_1      |[0m INFO:werkzeug:172.18.0.18 - - [21/Jan/2026 17:42:51] "POST /submit_update HTTP/1.1" 200 -
[34mclient_004_1  |[0m 2026-01-21 17:42:51,710 - __main__ - INFO - 🚀 Model update submitted successfully.
[34mclient_004_1  |[0m 2026-01-21 17:42:51,710 - __main__ - INFO - Update submitted for Round 21. Waiting...
[34;1mclient_009_1  |[0m 2026-01-21 17:42:51,927 - __main__ - INFO - --- New Round Detected: 22 ---
[33mserver_1      |[0m INFO:werkzeug:172.18.0.10 - - [21/Jan/2026 17:42:51] "GET /download_model?round=22 HTTP/1.1" 200 -
[36mclient_010_1  |[0m 2026-01-21 17:42:52,697 - __main__ - INFO - --- New Round Detected: 22 ---
[35;1mclient_008_1  |[0m 2026-01-21 17:42:52,712 - __main__ - INFO - Round 22 finished. Loss: 0.0682, Acc: 98.18%
[33mserver_1      |[0m INFO:werkzeug:172.18.0.13 - - [21/Jan/2026 17:42:52] "GET /download_model?round=22 HTTP/1.1" 200 -
[33mserver_1      |[0m INFO:__main__:Received update from client_008
[33mserver_1      |[0m INFO:werkzeug:172.18.0.20 - - [21/Jan/2026 17:42:52] "POST /submit_update HTTP/1.1" 200 -
[35;1mclient_008_1  |[0m 2026-01-21 17:42:52,847 - __main__ - INFO - 🚀 Model update submitted successfully.
[35;1mclient_008_1  |[0m 2026-01-21 17:42:52,847 - __main__ - INFO - Update submitted for Round 22. Waiting...
[32;1mclient_007_1  |[0m 2026-01-21 17:42:52,878 - __main__ - INFO - --- New Round Detected: 22 ---
[33mserver_1      |[0m INFO:werkzeug:172.18.0.11 - - [21/Jan/2026 17:42:52] "GET /download_model?round=22 HTTP/1.1" 200 -
[36mclient_010_1  |[0m 2026-01-21 17:42:53,249 - __main__ - INFO - Round 22 finished. Loss: 0.0755, Acc: 98.15%
[32;1mclient_007_1  |[0m 2026-01-21 17:42:53,325 - __main__ - INFO - Round 22 finished. Loss: 0.8692, Acc: 58.97%
[33mserver_1      |[0m INFO:__main__:Received update from client_010
[33mserver_1      |[0m INFO:werkzeug:172.18.0.13 - - [21/Jan/2026 17:42:53] "POST /submit_update HTTP/1.1" 200 -
[36mclient_010_1  |[0m 2026-01-21 17:42:53,386 - __main__ - INFO - 🚀 Model update submitted successfully.
[36mclient_010_1  |[0m 2026-01-21 17:42:53,387 - __main__ - INFO - Update submitted for Round 22. Waiting...
[33mserver_1      |[0m INFO:__main__:Received update from client_007
[33mserver_1      |[0m INFO:__main__:--- Aggregating 5 updates ---
[34;1mclient_009_1  |[0m 2026-01-21 17:42:54,055 - __main__ - INFO - Round 22 finished. Loss: 0.6356, Acc: 77.24%
[33mserver_1      |[0m INFO:werkzeug:172.18.0.10 - - [21/Jan/2026 17:42:54] "[31m[1mPOST /submit_update HTTP/1.1[0m" 400 -
[34;1mclient_009_1  |[0m 2026-01-21 17:42:54,118 - __main__ - ERROR - Update submission failed: {"error":"Not accepting updates"}
[34;1mclient_009_1  |[0m 
[34;1mclient_009_1  |[0m 2026-01-21 17:42:54,118 - __main__ - INFO - Update submitted for Round 22. Waiting...
[33mserver_1      |[0m INFO:__main__:Aggregation complete.
[32mclient_002_1  |[0m 2026-01-21 17:42:55,310 - __main__ - INFO - --- New Round Detected: 22 ---
[33mserver_1      |[0m INFO:werkzeug:172.18.0.21 - - [21/Jan/2026 17:42:55] "GET /download_model?round=22 HTTP/1.1" 200 -
[33mserver_1      |[0m INFO:__main__:--- Round 22 Acc: 38.53%, Loss: 1.9757 ---
[33mserver_1      |[0m INFO:__main__:--- Starting Round 23. Timeout: 300s ---
[33mserver_1      |[0m INFO:werkzeug:172.18.0.11 - - [21/Jan/2026 17:42:55] "POST /submit_update HTTP/1.1" 200 -
[32;1mclient_007_1  |[0m 2026-01-21 17:42:55,571 - __main__ - INFO - 🚀 Model update submitted successfully.
[32;1mclient_007_1  |[0m 2026-01-21 17:42:55,571 - __main__ - INFO - Update submitted for Round 22. Waiting...
[35mclient_003_1  |[0m 2026-01-21 17:42:55,911 - __main__ - INFO - Round 21 finished. Loss: 0.4149, Acc: 90.52%
[33mserver_1      |[0m INFO:__main__:Received update from client_003
[33mserver_1      |[0m INFO:werkzeug:172.18.0.19 - - [21/Jan/2026 17:42:56] "POST /submit_update HTTP/1.1" 200 -
[35mclient_003_1  |[0m 2026-01-21 17:42:56,065 - __main__ - INFO - 🚀 Model update submitted successfully.
[35mclient_003_1  |[0m 2026-01-21 17:42:56,066 - __main__ - INFO - Update submitted for Round 21. Waiting...
[32mclient_002_1  |[0m 2026-01-21 17:42:56,761 - __main__ - INFO - Round 22 finished. Loss: 0.0567, Acc: 98.72%
[33mserver_1      |[0m INFO:__main__:Received update from client_002
[33mserver_1      |[0m INFO:werkzeug:172.18.0.21 - - [21/Jan/2026 17:42:56] "POST /submit_update HTTP/1.1" 200 -
[32mclient_002_1  |[0m 2026-01-21 17:42:56,895 - __main__ - INFO - 🚀 Model update submitted successfully.
[32mclient_002_1  |[0m 2026-01-21 17:42:56,896 - __main__ - INFO - Update submitted for Round 22. Waiting...
[36;1mclient_005_1  |[0m 2026-01-21 17:42:57,109 - __main__ - INFO - --- New Round Detected: 23 ---
[33mserver_1      |[0m INFO:werkzeug:172.18.0.17 - - [21/Jan/2026 17:42:57] "GET /download_model?round=23 HTTP/1.1" 200 -
[33;1mclient_006_1  |[0m 2026-01-21 17:42:58,709 - __main__ - INFO - --- New Round Detected: 23 ---
[33mserver_1      |[0m INFO:werkzeug:172.18.0.22 - - [21/Jan/2026 17:42:58] "GET /download_model?round=23 HTTP/1.1" 200 -
[36;1mclient_005_1  |[0m 2026-01-21 17:42:58,763 - __main__ - INFO - Round 23 finished. Loss: 0.1081, Acc: 97.05%
[33;1mclient_006_1  |[0m 2026-01-21 17:42:58,850 - __main__ - INFO - Round 23 finished. Loss: 0.9535, Acc: 71.43%
[33mserver_1      |[0m INFO:__main__:Received update from client_005
[33mserver_1      |[0m INFO:werkzeug:172.18.0.17 - - [21/Jan/2026 17:42:58] "POST /submit_update HTTP/1.1" 200 -
[36;1mclient_005_1  |[0m 2026-01-21 17:42:58,897 - __main__ - INFO - 🚀 Model update submitted successfully.
[36;1mclient_005_1  |[0m 2026-01-21 17:42:58,897 - __main__ - INFO - Update submitted for Round 23. Waiting...
[33mserver_1      |[0m INFO:__main__:Received update from client_006
[33mserver_1      |[0m INFO:werkzeug:172.18.0.22 - - [21/Jan/2026 17:42:58] "POST /submit_update HTTP/1.1" 200 -
[33;1mclient_006_1  |[0m 2026-01-21 17:42:58,995 - __main__ - INFO - 🚀 Model update submitted successfully.
[33;1mclient_006_1  |[0m 2026-01-21 17:42:58,995 - __main__ - INFO - Update submitted for Round 23. Waiting...
[33mclient_001_1  |[0m 2026-01-21 17:43:00,527 - __main__ - INFO - --- New Round Detected: 23 ---
[33mserver_1      |[0m INFO:werkzeug:172.18.0.16 - - [21/Jan/2026 17:43:00] "GET /download_model?round=23 HTTP/1.1" 200 -
[33mclient_001_1  |[0m 2026-01-21 17:43:01,074 - __main__ - INFO - Round 23 finished. Loss: 0.0510, Acc: 98.71%
[33mserver_1      |[0m INFO:__main__:Received update from client_001
[33mserver_1      |[0m INFO:__main__:--- Aggregating 5 updates ---
[33mserver_1      |[0m INFO:__main__:Aggregation complete.
[34mclient_004_1  |[0m 2026-01-21 17:43:01,774 - __main__ - INFO - --- New Round Detected: 23 ---
[33mserver_1      |[0m INFO:werkzeug:172.18.0.18 - - [21/Jan/2026 17:43:01] "GET /download_model?round=23 HTTP/1.1" 200 -
[33mserver_1      |[0m INFO:__main__:--- Round 23 Acc: 42.15%, Loss: 2.2257 ---
[33mserver_1      |[0m INFO:__main__:--- Starting Round 24. Timeout: 300s ---
[33mserver_1      |[0m INFO:werkzeug:172.18.0.16 - - [21/Jan/2026 17:43:02] "POST /submit_update HTTP/1.1" 200 -
[33mclient_001_1  |[0m 2026-01-21 17:43:02,816 - __main__ - INFO - 🚀 Model update submitted successfully.
[33mclient_001_1  |[0m 2026-01-21 17:43:02,816 - __main__ - INFO - Update submitted for Round 23. Waiting...
[35;1mclient_008_1  |[0m 2026-01-21 17:43:02,912 - __main__ - INFO - --- New Round Detected: 24 ---
[33mserver_1      |[0m INFO:werkzeug:172.18.0.20 - - [21/Jan/2026 17:43:02] "GET /download_model?round=24 HTTP/1.1" 200 -
[36mclient_010_1  |[0m 2026-01-21 17:43:03,450 - __main__ - INFO - --- New Round Detected: 24 ---
[33mserver_1      |[0m INFO:werkzeug:172.18.0.13 - - [21/Jan/2026 17:43:03] "GET /download_model?round=24 HTTP/1.1" 200 -
[36mclient_010_1  |[0m 2026-01-21 17:43:04,020 - __main__ - INFO - Round 24 finished. Loss: 0.1171, Acc: 97.91%
[33mserver_1      |[0m INFO:__main__:Received update from client_010
[33mserver_1      |[0m INFO:werkzeug:172.18.0.13 - - [21/Jan/2026 17:43:04] "POST /submit_update HTTP/1.1" 200 -
[36mclient_010_1  |[0m 2026-01-21 17:43:04,155 - __main__ - INFO - 🚀 Model update submitted successfully.
[36mclient_010_1  |[0m 2026-01-21 17:43:04,156 - __main__ - INFO - Update submitted for Round 24. Waiting...
[35;1mclient_008_1  |[0m 2026-01-21 17:43:04,159 - __main__ - INFO - Round 24 finished. Loss: 0.0432, Acc: 98.97%
[34;1mclient_009_1  |[0m 2026-01-21 17:43:04,181 - __main__ - INFO - --- New Round Detected: 24 ---
[33mserver_1      |[0m INFO:werkzeug:172.18.0.10 - - [21/Jan/2026 17:43:04] "GET /download_model?round=24 HTTP/1.1" 200 -
[33mserver_1      |[0m INFO:__main__:Received update from client_008
[33mserver_1      |[0m INFO:werkzeug:172.18.0.20 - - [21/Jan/2026 17:43:04] "POST /submit_update HTTP/1.1" 200 -
[35;1mclient_008_1  |[0m 2026-01-21 17:43:04,294 - __main__ - INFO - 🚀 Model update submitted successfully.
[35;1mclient_008_1  |[0m 2026-01-21 17:43:04,294 - __main__ - INFO - Update submitted for Round 24. Waiting...
[34mclient_004_1  |[0m 2026-01-21 17:43:04,346 - __main__ - INFO - Round 23 finished. Loss: 0.1034, Acc: 98.89%
[33mserver_1      |[0m INFO:__main__:Received update from client_004
[33mserver_1      |[0m INFO:werkzeug:172.18.0.18 - - [21/Jan/2026 17:43:04] "POST /submit_update HTTP/1.1" 200 -
[34mclient_004_1  |[0m 2026-01-21 17:43:04,486 - __main__ - INFO - 🚀 Model update submitted successfully.
[34mclient_004_1  |[0m 2026-01-21 17:43:04,486 - __main__ - INFO - Update submitted for Round 23. Waiting...
[32;1mclient_007_1  |[0m 2026-01-21 17:43:05,633 - __main__ - INFO - --- New Round Detected: 24 ---
[33mserver_1      |[0m INFO:werkzeug:172.18.0.11 - - [21/Jan/2026 17:43:05] "GET /download_model?round=24 HTTP/1.1" 200 -
[32;1mclient_007_1  |[0m 2026-01-21 17:43:05,969 - __main__ - INFO - Round 24 finished. Loss: 0.6891, Acc: 67.22%
[33mserver_1      |[0m INFO:__main__:Received update from client_007
[33mserver_1      |[0m INFO:werkzeug:172.18.0.11 - - [21/Jan/2026 17:43:06] "POST /submit_update HTTP/1.1" 200 -
[32;1mclient_007_1  |[0m 2026-01-21 17:43:06,121 - __main__ - INFO - 🚀 Model update submitted successfully.
[32;1mclient_007_1  |[0m 2026-01-21 17:43:06,122 - __main__ - INFO - Update submitted for Round 24. Waiting...
[35mclient_003_1  |[0m 2026-01-21 17:43:06,127 - __main__ - INFO - --- New Round Detected: 24 ---
[34;1mclient_009_1  |[0m 2026-01-21 17:43:06,146 - __main__ - INFO - Round 24 finished. Loss: 0.6625, Acc: 76.51%
[33mserver_1      |[0m INFO:werkzeug:172.18.0.19 - - [21/Jan/2026 17:43:06] "GET /download_model?round=24 HTTP/1.1" 200 -
[33mserver_1      |[0m INFO:__main__:Received update from client_009
[33mserver_1      |[0m INFO:__main__:--- Aggregating 5 updates ---
[32mclient_002_1  |[0m 2026-01-21 17:43:06,960 - __main__ - INFO - --- New Round Detected: 24 ---
[33mserver_1      |[0m INFO:werkzeug:172.18.0.21 - - [21/Jan/2026 17:43:06] "GET /download_model?round=24 HTTP/1.1" 200 -
[33mserver_1      |[0m INFO:__main__:Aggregation complete.
[33mserver_1      |[0m INFO:__main__:--- Round 24 Acc: 40.70%, Loss: 1.9929 ---
[33mserver_1      |[0m INFO:__main__:--- Starting Round 25. Timeout: 300s ---
[33mserver_1      |[0m INFO:werkzeug:172.18.0.10 - - [21/Jan/2026 17:43:08] "POST /submit_update HTTP/1.1" 200 -
[34;1mclient_009_1  |[0m 2026-01-21 17:43:08,255 - __main__ - INFO - 🚀 Model update submitted successfully.
[34;1mclient_009_1  |[0m 2026-01-21 17:43:08,255 - __main__ - INFO - Update submitted for Round 24. Waiting...
[32mclient_002_1  |[0m 2026-01-21 17:43:08,390 - __main__ - INFO - Round 24 finished. Loss: 0.0760, Acc: 99.21%
[33mserver_1      |[0m INFO:__main__:Received update from client_002
[33mserver_1      |[0m INFO:werkzeug:172.18.0.21 - - [21/Jan/2026 17:43:08] "POST /submit_update HTTP/1.1" 200 -
[32mclient_002_1  |[0m 2026-01-21 17:43:08,524 - __main__ - INFO - 🚀 Model update submitted successfully.
[32mclient_002_1  |[0m 2026-01-21 17:43:08,525 - __main__ - INFO - Update submitted for Round 24. Waiting...
[36;1mclient_005_1  |[0m 2026-01-21 17:43:08,960 - __main__ - INFO - --- New Round Detected: 25 ---
[33mserver_1      |[0m INFO:werkzeug:172.18.0.17 - - [21/Jan/2026 17:43:08] "GET /download_model?round=25 HTTP/1.1" 200 -
[33;1mclient_006_1  |[0m 2026-01-21 17:43:09,057 - __main__ - INFO - --- New Round Detected: 25 ---
[33mserver_1      |[0m INFO:werkzeug:172.18.0.22 - - [21/Jan/2026 17:43:09] "GET /download_model?round=25 HTTP/1.1" 200 -
[33;1mclient_006_1  |[0m 2026-01-21 17:43:09,192 - __main__ - INFO - Round 25 finished. Loss: 0.8300, Acc: 64.29%
[33mserver_1      |[0m INFO:__main__:Received update from client_006
[33mserver_1      |[0m INFO:werkzeug:172.18.0.22 - - [21/Jan/2026 17:43:09] "POST /submit_update HTTP/1.1" 200 -
[33;1mclient_006_1  |[0m 2026-01-21 17:43:09,341 - __main__ - INFO - 🚀 Model update submitted successfully.
[33;1mclient_006_1  |[0m 2026-01-21 17:43:09,342 - __main__ - INFO - Update submitted for Round 25. Waiting...
[36;1mclient_005_1  |[0m 2026-01-21 17:43:10,728 - __main__ - INFO - Round 25 finished. Loss: 0.1115, Acc: 97.36%
[33mserver_1      |[0m INFO:__main__:Received update from client_005
[33mserver_1      |[0m INFO:werkzeug:172.18.0.17 - - [21/Jan/2026 17:43:10] "POST /submit_update HTTP/1.1" 200 -
[36;1mclient_005_1  |[0m 2026-01-21 17:43:10,870 - __main__ - INFO - 🚀 Model update submitted successfully.
[36;1mclient_005_1  |[0m 2026-01-21 17:43:10,871 - __main__ - INFO - Update submitted for Round 25. Waiting...
[33mclient_001_1  |[0m 2026-01-21 17:43:12,879 - __main__ - INFO - --- New Round Detected: 25 ---
[33mserver_1      |[0m INFO:werkzeug:172.18.0.16 - - [21/Jan/2026 17:43:12] "GET /download_model?round=25 HTTP/1.1" 200 -
[33mclient_001_1  |[0m 2026-01-21 17:43:13,423 - __main__ - INFO - Round 25 finished. Loss: 0.0187, Acc: 100.00%
[33mserver_1      |[0m INFO:__main__:Received update from client_001
[33mserver_1      |[0m INFO:werkzeug:172.18.0.16 - - [21/Jan/2026 17:43:13] "POST /submit_update HTTP/1.1" 200 -
[33mclient_001_1  |[0m 2026-01-21 17:43:13,560 - __main__ - INFO - 🚀 Model update submitted successfully.
[33mclient_001_1  |[0m 2026-01-21 17:43:13,561 - __main__ - INFO - Update submitted for Round 25. Waiting...
[36mclient_010_1  |[0m 2026-01-21 17:43:14,218 - __main__ - INFO - --- New Round Detected: 25 ---
[33mserver_1      |[0m INFO:werkzeug:172.18.0.13 - - [21/Jan/2026 17:43:14] "GET /download_model?round=25 HTTP/1.1" 200 -
[35;1mclient_008_1  |[0m 2026-01-21 17:43:14,359 - __main__ - INFO - --- New Round Detected: 25 ---
[33mserver_1      |[0m INFO:werkzeug:172.18.0.20 - - [21/Jan/2026 17:43:14] "GET /download_model?round=25 HTTP/1.1" 200 -
[34mclient_004_1  |[0m 2026-01-21 17:43:14,547 - __main__ - INFO - --- New Round Detected: 25 ---
[33mserver_1      |[0m INFO:werkzeug:172.18.0.18 - - [21/Jan/2026 17:43:14] "GET /download_model?round=25 HTTP/1.1" 200 -
[36mclient_010_1  |[0m 2026-01-21 17:43:14,810 - __main__ - INFO - Round 25 finished. Loss: 0.0759, Acc: 98.65%
[33mserver_1      |[0m INFO:__main__:Received update from client_010
[33mserver_1      |[0m INFO:__main__:--- Aggregating 5 updates ---
[33mserver_1      |[0m INFO:__main__:Aggregation complete.
[35;1mclient_008_1  |[0m 2026-01-21 17:43:15,538 - __main__ - INFO - Round 25 finished. Loss: 0.0356, Acc: 99.01%
[33mserver_1      |[0m INFO:werkzeug:172.18.0.20 - - [21/Jan/2026 17:43:15] "[31m[1mPOST /submit_update HTTP/1.1[0m" 400 -
[35;1mclient_008_1  |[0m 2026-01-21 17:43:15,604 - __main__ - ERROR - Update submission failed: {"error":"Not accepting updates"}
[35;1mclient_008_1  |[0m 
[35;1mclient_008_1  |[0m 2026-01-21 17:43:15,604 - __main__ - INFO - Update submitted for Round 25. Waiting...
[35mclient_003_1  |[0m 2026-01-21 17:43:16,069 - __main__ - INFO - Round 24 finished. Loss: 0.3385, Acc: 92.48%
[33mserver_1      |[0m INFO:werkzeug:172.18.0.19 - - [21/Jan/2026 17:43:16] "[31m[1mPOST /submit_update HTTP/1.1[0m" 400 -
[35mclient_003_1  |[0m 2026-01-21 17:43:16,154 - __main__ - ERROR - Update submission failed: {"error":"Not accepting updates"}
[35mclient_003_1  |[0m 
[35mclient_003_1  |[0m 2026-01-21 17:43:16,154 - __main__ - INFO - Update submitted for Round 24. Waiting...
[32;1mclient_007_1  |[0m 2026-01-21 17:43:16,221 - __main__ - INFO - --- New Round Detected: 25 ---
[33mserver_1      |[0m INFO:werkzeug:172.18.0.11 - - [21/Jan/2026 17:43:16] "GET /download_model?round=25 HTTP/1.1" 200 -
[32;1mclient_007_1  |[0m 2026-01-21 17:43:16,517 - __main__ - INFO - Round 25 finished. Loss: 0.8860, Acc: 61.54%
[33mserver_1      |[0m INFO:werkzeug:172.18.0.11 - - [21/Jan/2026 17:43:16] "[31m[1mPOST /submit_update HTTP/1.1[0m" 400 -
[32;1mclient_007_1  |[0m 2026-01-21 17:43:16,693 - __main__ - ERROR - Update submission failed: {"error":"Not accepting updates"}
[32;1mclient_007_1  |[0m 
[32;1mclient_007_1  |[0m 2026-01-21 17:43:16,693 - __main__ - INFO - Update submitted for Round 25. Waiting...
[33mserver_1      |[0m INFO:__main__:--- Round 25 Acc: 26.10%, Loss: 2.9317 ---
[33mserver_1      |[0m INFO:__main__:--- Starting Round 26. Timeout: 300s ---
[33mserver_1      |[0m INFO:werkzeug:172.18.0.13 - - [21/Jan/2026 17:43:16] "POST /submit_update HTTP/1.1" 200 -
[36mclient_010_1  |[0m 2026-01-21 17:43:16,881 - __main__ - INFO - 🚀 Model update submitted successfully.
[36mclient_010_1  |[0m 2026-01-21 17:43:16,881 - __main__ - INFO - Update submitted for Round 25. Waiting...
[34;1mclient_009_1  |[0m 2026-01-21 17:43:18,334 - __main__ - INFO - --- New Round Detected: 26 ---
[33mserver_1      |[0m INFO:werkzeug:172.18.0.10 - - [21/Jan/2026 17:43:18] "GET /download_model?round=26 HTTP/1.1" 200 -
[32mclient_002_1  |[0m 2026-01-21 17:43:18,594 - __main__ - INFO - --- New Round Detected: 26 ---
[33mserver_1      |[0m INFO:werkzeug:172.18.0.21 - - [21/Jan/2026 17:43:18] "GET /download_model?round=26 HTTP/1.1" 200 -
[34mclient_004_1  |[0m 2026-01-21 17:43:19,406 - __main__ - INFO - Round 25 finished. Loss: 0.1835, Acc: 96.48%
[33;1mclient_006_1  |[0m 2026-01-21 17:43:19,411 - __main__ - INFO - --- New Round Detected: 26 ---
[33mserver_1      |[0m INFO:werkzeug:172.18.0.22 - - [21/Jan/2026 17:43:19] "GET /download_model?round=26 HTTP/1.1" 200 -
[33mserver_1      |[0m INFO:__main__:Received update from client_004
[33mserver_1      |[0m INFO:werkzeug:172.18.0.18 - - [21/Jan/2026 17:43:19] "POST /submit_update HTTP/1.1" 200 -
[33;1mclient_006_1  |[0m 2026-01-21 17:43:19,549 - __main__ - INFO - Round 26 finished. Loss: 2.0073, Acc: 35.71%
[34mclient_004_1  |[0m 2026-01-21 17:43:19,561 - __main__ - INFO - 🚀 Model update submitted successfully.
[34mclient_004_1  |[0m 2026-01-21 17:43:19,561 - __main__ - INFO - Update submitted for Round 25. Waiting...
[33mserver_1      |[0m INFO:__main__:Received update from client_006
[33mserver_1      |[0m INFO:werkzeug:172.18.0.22 - - [21/Jan/2026 17:43:19] "POST /submit_update HTTP/1.1" 200 -
[33;1mclient_006_1  |[0m 2026-01-21 17:43:19,684 - __main__ - INFO - 🚀 Model update submitted successfully.
[33;1mclient_006_1  |[0m 2026-01-21 17:43:19,684 - __main__ - INFO - Update submitted for Round 26. Waiting...
[32mclient_002_1  |[0m 2026-01-21 17:43:20,051 - __main__ - INFO - Round 26 finished. Loss: 0.0376, Acc: 99.60%
[33mserver_1      |[0m INFO:__main__:Received update from client_002
[33mserver_1      |[0m INFO:werkzeug:172.18.0.21 - - [21/Jan/2026 17:43:20] "POST /submit_update HTTP/1.1" 200 -
[32mclient_002_1  |[0m 2026-01-21 17:43:20,187 - __main__ - INFO - 🚀 Model update submitted successfully.
[32mclient_002_1  |[0m 2026-01-21 17:43:20,187 - __main__ - INFO - Update submitted for Round 26. Waiting...
[34;1mclient_009_1  |[0m 2026-01-21 17:43:20,340 - __main__ - INFO - Round 26 finished. Loss: 0.5011, Acc: 82.20%
[33mserver_1      |[0m INFO:__main__:Received update from client_009
[33mserver_1      |[0m INFO:werkzeug:172.18.0.10 - - [21/Jan/2026 17:43:20] "POST /submit_update HTTP/1.1" 200 -
[34;1mclient_009_1  |[0m 2026-01-21 17:43:20,494 - __main__ - INFO - 🚀 Model update submitted successfully.
[34;1mclient_009_1  |[0m 2026-01-21 17:43:20,494 - __main__ - INFO - Update submitted for Round 26. Waiting...
[36;1mclient_005_1  |[0m 2026-01-21 17:43:20,956 - __main__ - INFO - --- New Round Detected: 26 ---
[33mserver_1      |[0m INFO:werkzeug:172.18.0.17 - - [21/Jan/2026 17:43:20] "GET /download_model?round=26 HTTP/1.1" 200 -
[36;1mclient_005_1  |[0m 2026-01-21 17:43:22,733 - __main__ - INFO - Round 26 finished. Loss: 0.0374, Acc: 99.10%
[33mserver_1      |[0m INFO:__main__:Received update from client_005
[33mserver_1      |[0m INFO:__main__:--- Aggregating 5 updates ---
[33mclient_001_1  |[0m 2026-01-21 17:43:23,630 - __main__ - INFO - --- New Round Detected: 26 ---
[33mserver_1      |[0m INFO:__main__:Aggregation complete.
[33mserver_1      |[0m INFO:werkzeug:172.18.0.16 - - [21/Jan/2026 17:43:23] "GET /download_model?round=26 HTTP/1.1" 200 -
[33mclient_001_1  |[0m 2026-01-21 17:43:24,163 - __main__ - INFO - Round 26 finished. Loss: 0.0146, Acc: 100.00%
[33mserver_1      |[0m INFO:werkzeug:172.18.0.16 - - [21/Jan/2026 17:43:24] "[31m[1mPOST /submit_update HTTP/1.1[0m" 400 -
[33mclient_001_1  |[0m 2026-01-21 17:43:24,231 - __main__ - ERROR - Update submission failed: {"error":"Not accepting updates"}
[33mclient_001_1  |[0m 
[33mclient_001_1  |[0m 2026-01-21 17:43:24,231 - __main__ - INFO - Update submitted for Round 26. Waiting...
[33mserver_1      |[0m INFO:__main__:--- Round 26 Acc: 43.19%, Loss: 1.9702 ---
[33mserver_1      |[0m INFO:__main__:--- Starting Round 27. Timeout: 300s ---
[33mserver_1      |[0m INFO:werkzeug:172.18.0.17 - - [21/Jan/2026 17:43:24] "POST /submit_update HTTP/1.1" 200 -
[36;1mclient_005_1  |[0m 2026-01-21 17:43:24,645 - __main__ - INFO - 🚀 Model update submitted successfully.
[36;1mclient_005_1  |[0m 2026-01-21 17:43:24,645 - __main__ - INFO - Update submitted for Round 26. Waiting...
[35;1mclient_008_1  |[0m 2026-01-21 17:43:25,666 - __main__ - INFO - --- New Round Detected: 27 ---
[33mserver_1      |[0m INFO:werkzeug:172.18.0.20 - - [21/Jan/2026 17:43:25] "GET /download_model?round=27 HTTP/1.1" 200 -
[35mclient_003_1  |[0m 2026-01-21 17:43:26,217 - __main__ - INFO - --- New Round Detected: 27 ---
[33mserver_1      |[0m INFO:werkzeug:172.18.0.19 - - [21/Jan/2026 17:43:26] "GET /download_model?round=27 HTTP/1.1" 200 -
[35;1mclient_008_1  |[0m 2026-01-21 17:43:26,673 - __main__ - INFO - Round 27 finished. Loss: 0.0739, Acc: 98.32%
[32;1mclient_007_1  |[0m 2026-01-21 17:43:26,763 - __main__ - INFO - --- New Round Detected: 27 ---
[33mserver_1      |[0m INFO:werkzeug:172.18.0.11 - - [21/Jan/2026 17:43:26] "GET /download_model?round=27 HTTP/1.1" 200 -
[33mserver_1      |[0m INFO:__main__:Received update from client_008
[33mserver_1      |[0m INFO:werkzeug:172.18.0.20 - - [21/Jan/2026 17:43:26] "POST /submit_update HTTP/1.1" 200 -
[35;1mclient_008_1  |[0m 2026-01-21 17:43:26,825 - __main__ - INFO - 🚀 Model update submitted successfully.
[35;1mclient_008_1  |[0m 2026-01-21 17:43:26,826 - __main__ - INFO - Update submitted for Round 27. Waiting...
[36mclient_010_1  |[0m 2026-01-21 17:43:26,955 - __main__ - INFO - --- New Round Detected: 27 ---
[33mserver_1      |[0m INFO:werkzeug:172.18.0.13 - - [21/Jan/2026 17:43:26] "GET /download_model?round=27 HTTP/1.1" 200 -
[32;1mclient_007_1  |[0m 2026-01-21 17:43:27,033 - __main__ - INFO - Round 27 finished. Loss: 0.7007, Acc: 68.86%
[33mserver_1      |[0m INFO:__main__:Received update from client_007
[33mserver_1      |[0m INFO:werkzeug:172.18.0.11 - - [21/Jan/2026 17:43:27] "POST /submit_update HTTP/1.1" 200 -
[32;1mclient_007_1  |[0m 2026-01-21 17:43:27,168 - __main__ - INFO - 🚀 Model update submitted successfully.
[32;1mclient_007_1  |[0m 2026-01-21 17:43:27,168 - __main__ - INFO - Update submitted for Round 27. Waiting...
[36mclient_010_1  |[0m 2026-01-21 17:43:27,347 - __main__ - INFO - Round 27 finished. Loss: 0.0709, Acc: 98.52%
[33mserver_1      |[0m INFO:__main__:Received update from client_010
[33mserver_1      |[0m INFO:werkzeug:172.18.0.13 - - [21/Jan/2026 17:43:27] "POST /submit_update HTTP/1.1" 200 -
[36mclient_010_1  |[0m 2026-01-21 17:43:27,481 - __main__ - INFO - 🚀 Model update submitted successfully.
[36mclient_010_1  |[0m 2026-01-21 17:43:27,481 - __main__ - INFO - Update submitted for Round 27. Waiting...
[34mclient_004_1  |[0m 2026-01-21 17:43:29,627 - __main__ - INFO - --- New Round Detected: 27 ---
[33mserver_1      |[0m INFO:werkzeug:172.18.0.18 - - [21/Jan/2026 17:43:29] "GET /download_model?round=27 HTTP/1.1" 200 -
[33;1mclient_006_1  |[0m 2026-01-21 17:43:29,745 - __main__ - INFO - --- New Round Detected: 27 ---
[33mserver_1      |[0m INFO:werkzeug:172.18.0.22 - - [21/Jan/2026 17:43:29] "GET /download_model?round=27 HTTP/1.1" 200 -
[33;1mclient_006_1  |[0m 2026-01-21 17:43:29,904 - __main__ - INFO - Round 27 finished. Loss: 0.7515, Acc: 78.57%
[33mserver_1      |[0m INFO:__main__:Received update from client_006
[33mserver_1      |[0m INFO:werkzeug:172.18.0.22 - - [21/Jan/2026 17:43:30] "POST /submit_update HTTP/1.1" 200 -
[33;1mclient_006_1  |[0m 2026-01-21 17:43:30,062 - __main__ - INFO - 🚀 Model update submitted successfully.
[33;1mclient_006_1  |[0m 2026-01-21 17:43:30,062 - __main__ - INFO - Update submitted for Round 27. Waiting...
[32mclient_002_1  |[0m 2026-01-21 17:43:30,268 - __main__ - INFO - --- New Round Detected: 27 ---
[33mserver_1      |[0m INFO:werkzeug:172.18.0.21 - - [21/Jan/2026 17:43:30] "GET /download_model?round=27 HTTP/1.1" 200 -
[34;1mclient_009_1  |[0m 2026-01-21 17:43:30,560 - __main__ - INFO - --- New Round Detected: 27 ---
[33mserver_1      |[0m INFO:werkzeug:172.18.0.10 - - [21/Jan/2026 17:43:30] "GET /download_model?round=27 HTTP/1.1" 200 -
[32mclient_002_1  |[0m 2026-01-21 17:43:31,911 - __main__ - INFO - Round 27 finished. Loss: 0.0549, Acc: 99.31%
[33mserver_1      |[0m INFO:__main__:Received update from client_002
[33mserver_1      |[0m INFO:__main__:--- Aggregating 5 updates ---
[33mserver_1      |[0m INFO:__main__:Aggregation complete.
[34;1mclient_009_1  |[0m 2026-01-21 17:43:32,656 - __main__ - INFO - Round 27 finished. Loss: 0.4441, Acc: 84.84%
[33mserver_1      |[0m INFO:werkzeug:172.18.0.10 - - [21/Jan/2026 17:43:32] "[31m[1mPOST /submit_update HTTP/1.1[0m" 400 -
[34;1mclient_009_1  |[0m 2026-01-21 17:43:32,787 - __main__ - ERROR - Update submission failed: {"error":"Not accepting updates"}
[34;1mclient_009_1  |[0m 
[34;1mclient_009_1  |[0m 2026-01-21 17:43:32,787 - __main__ - INFO - Update submitted for Round 27. Waiting...
[33mserver_1      |[0m INFO:__main__:--- Round 27 Acc: 26.27%, Loss: 2.8323 ---
[33mserver_1      |[0m INFO:__main__:--- Starting Round 28. Timeout: 300s ---
[33mserver_1      |[0m INFO:werkzeug:172.18.0.21 - - [21/Jan/2026 17:43:33] "POST /submit_update HTTP/1.1" 200 -
[32mclient_002_1  |[0m 2026-01-21 17:43:33,710 - __main__ - INFO - 🚀 Model update submitted successfully.
[32mclient_002_1  |[0m 2026-01-21 17:43:33,711 - __main__ - INFO - Update submitted for Round 27. Waiting...
[33mclient_001_1  |[0m 2026-01-21 17:43:34,303 - __main__ - INFO - --- New Round Detected: 28 ---
[33mserver_1      |[0m INFO:werkzeug:172.18.0.16 - - [21/Jan/2026 17:43:34] "GET /download_model?round=28 HTTP/1.1" 200 -
[36;1mclient_005_1  |[0m 2026-01-21 17:43:34,706 - __main__ - INFO - --- New Round Detected: 28 ---
[33mserver_1      |[0m INFO:werkzeug:172.18.0.17 - - [21/Jan/2026 17:43:34] "GET /download_model?round=28 HTTP/1.1" 200 -
[33mclient_001_1  |[0m 2026-01-21 17:43:34,866 - __main__ - INFO - Round 28 finished. Loss: 0.0171, Acc: 100.00%
[33mserver_1      |[0m INFO:__main__:Received update from client_001
[33mserver_1      |[0m INFO:werkzeug:172.18.0.16 - - [21/Jan/2026 17:43:34] "POST /submit_update HTTP/1.1" 200 -
[33mclient_001_1  |[0m 2026-01-21 17:43:35,000 - __main__ - INFO - 🚀 Model update submitted successfully.
[33mclient_001_1  |[0m 2026-01-21 17:43:35,001 - __main__ - INFO - Update submitted for Round 28. Waiting...
[34mclient_004_1  |[0m 2026-01-21 17:43:35,039 - __main__ - INFO - Round 27 finished. Loss: 0.1731, Acc: 96.53%
[33mserver_1      |[0m INFO:__main__:Received update from client_004
[33mserver_1      |[0m INFO:werkzeug:172.18.0.18 - - [21/Jan/2026 17:43:35] "POST /submit_update HTTP/1.1" 200 -
[34mclient_004_1  |[0m 2026-01-21 17:43:35,174 - __main__ - INFO - 🚀 Model update submitted successfully.
[34mclient_004_1  |[0m 2026-01-21 17:43:35,174 - __main__ - INFO - Update submitted for Round 27. Waiting...
[36;1mclient_005_1  |[0m 2026-01-21 17:43:35,925 - __main__ - INFO - Round 28 finished. Loss: 0.0841, Acc: 98.38%
[33mserver_1      |[0m INFO:__main__:Received update from client_005
[33mserver_1      |[0m INFO:werkzeug:172.18.0.17 - - [21/Jan/2026 17:43:36] "POST /submit_update HTTP/1.1" 200 -
[35mclient_003_1  |[0m 2026-01-21 17:43:36,045 - __main__ - INFO - Round 27 finished. Loss: 0.4019, Acc: 91.93%
[36;1mclient_005_1  |[0m 2026-01-21 17:43:36,058 - __main__ - INFO - 🚀 Model update submitted successfully.
[36;1mclient_005_1  |[0m 2026-01-21 17:43:36,058 - __main__ - INFO - Update submitted for Round 28. Waiting...
[33mserver_1      |[0m INFO:__main__:Received update from client_003
[33mserver_1      |[0m INFO:werkzeug:172.18.0.19 - - [21/Jan/2026 17:43:36] "POST /submit_update HTTP/1.1" 200 -
[35mclient_003_1  |[0m 2026-01-21 17:43:36,179 - __main__ - INFO - 🚀 Model update submitted successfully.
[35mclient_003_1  |[0m 2026-01-21 17:43:36,179 - __main__ - INFO - Update submitted for Round 27. Waiting...
[35;1mclient_008_1  |[0m 2026-01-21 17:43:36,890 - __main__ - INFO - --- New Round Detected: 28 ---
[33mserver_1      |[0m INFO:werkzeug:172.18.0.20 - - [21/Jan/2026 17:43:36] "GET /download_model?round=28 HTTP/1.1" 200 -
[32;1mclient_007_1  |[0m 2026-01-21 17:43:37,232 - __main__ - INFO - --- New Round Detected: 28 ---
[33mserver_1      |[0m INFO:werkzeug:172.18.0.11 - - [21/Jan/2026 17:43:37] "GET /download_model?round=28 HTTP/1.1" 200 -
[32;1mclient_007_1  |[0m 2026-01-21 17:43:37,516 - __main__ - INFO - Round 28 finished. Loss: 0.6265, Acc: 72.34%
[36mclient_010_1  |[0m 2026-01-21 17:43:37,545 - __main__ - INFO - --- New Round Detected: 28 ---
[33mserver_1      |[0m INFO:werkzeug:172.18.0.13 - - [21/Jan/2026 17:43:37] "GET /download_model?round=28 HTTP/1.1" 200 -
[33mserver_1      |[0m INFO:__main__:Received update from client_007
[33mserver_1      |[0m INFO:__main__:--- Aggregating 5 updates ---
[35;1mclient_008_1  |[0m 2026-01-21 17:43:37,892 - __main__ - INFO - Round 28 finished. Loss: 0.0291, Acc: 99.06%
[33mserver_1      |[0m INFO:werkzeug:172.18.0.20 - - [21/Jan/2026 17:43:37] "[31m[1mPOST /submit_update HTTP/1.1[0m" 400 -
[36mclient_010_1  |[0m 2026-01-21 17:43:37,958 - __main__ - INFO - Round 28 finished. Loss: 0.0791, Acc: 98.15%
[35;1mclient_008_1  |[0m 2026-01-21 17:43:37,960 - __main__ - ERROR - Update submission failed: {"error":"Not accepting updates"}
[35;1mclient_008_1  |[0m 
[35;1mclient_008_1  |[0m 2026-01-21 17:43:37,960 - __main__ - INFO - Update submitted for Round 28. Waiting...
[33mserver_1      |[0m INFO:werkzeug:172.18.0.13 - - [21/Jan/2026 17:43:38] "[31m[1mPOST /submit_update HTTP/1.1[0m" 400 -
[33mserver_1      |[0m INFO:__main__:Aggregation complete.
[36mclient_010_1  |[0m 2026-01-21 17:43:38,061 - __main__ - ERROR - Update submission failed: {"error":"Not accepting updates"}
[36mclient_010_1  |[0m 
[36mclient_010_1  |[0m 2026-01-21 17:43:38,061 - __main__ - INFO - Update submitted for Round 28. Waiting...
[33mserver_1      |[0m INFO:__main__:--- Round 28 Acc: 40.96%, Loss: 2.2914 ---
[33mserver_1      |[0m INFO:__main__:--- Starting Round 29. Timeout: 300s ---
[33mserver_1      |[0m INFO:werkzeug:172.18.0.11 - - [21/Jan/2026 17:43:39] "POST /submit_update HTTP/1.1" 200 -
[32;1mclient_007_1  |[0m 2026-01-21 17:43:39,138 - __main__ - INFO - 🚀 Model update submitted successfully.
[32;1mclient_007_1  |[0m 2026-01-21 17:43:39,138 - __main__ - INFO - Update submitted for Round 28. Waiting...
[33;1mclient_006_1  |[0m 2026-01-21 17:43:40,128 - __main__ - INFO - --- New Round Detected: 29 ---
[33mserver_1      |[0m INFO:werkzeug:172.18.0.22 - - [21/Jan/2026 17:43:40] "GET /download_model?round=29 HTTP/1.1" 200 -
[33;1mclient_006_1  |[0m 2026-01-21 17:43:40,285 - __main__ - INFO - Round 29 finished. Loss: 0.7361, Acc: 78.57%
[33mserver_1      |[0m INFO:__main__:Received update from client_006
[33mserver_1      |[0m INFO:werkzeug:172.18.0.22 - - [21/Jan/2026 17:43:40] "POST /submit_update HTTP/1.1" 200 -
[33;1mclient_006_1  |[0m 2026-01-21 17:43:40,432 - __main__ - INFO - 🚀 Model update submitted successfully.
[33;1mclient_006_1  |[0m 2026-01-21 17:43:40,432 - __main__ - INFO - Update submitted for Round 29. Waiting...
[34;1mclient_009_1  |[0m 2026-01-21 17:43:42,861 - __main__ - INFO - --- New Round Detected: 29 ---
[33mserver_1      |[0m INFO:werkzeug:172.18.0.10 - - [21/Jan/2026 17:43:42] "GET /download_model?round=29 HTTP/1.1" 200 -
[32mclient_002_1  |[0m 2026-01-21 17:43:43,791 - __main__ - INFO - --- New Round Detected: 29 ---
[33mserver_1      |[0m INFO:werkzeug:172.18.0.21 - - [21/Jan/2026 17:43:43] "GET /download_model?round=29 HTTP/1.1" 200 -
[32mclient_002_1  |[0m 2026-01-21 17:43:44,852 - __main__ - INFO - Round 29 finished. Loss: 0.0702, Acc: 99.51%
[34;1mclient_009_1  |[0m 2026-01-21 17:43:44,927 - __main__ - INFO - Round 29 finished. Loss: 0.8512, Acc: 74.87%
[33mserver_1      |[0m INFO:__main__:Received update from client_002
[33mserver_1      |[0m INFO:werkzeug:172.18.0.21 - - [21/Jan/2026 17:43:44] "POST /submit_update HTTP/1.1" 200 -
[32mclient_002_1  |[0m 2026-01-21 17:43:44,986 - __main__ - INFO - 🚀 Model update submitted successfully.
[32mclient_002_1  |[0m 2026-01-21 17:43:44,986 - __main__ - INFO - Update submitted for Round 29. Waiting...
[33mserver_1      |[0m INFO:__main__:Received update from client_009
[33mserver_1      |[0m INFO:werkzeug:172.18.0.10 - - [21/Jan/2026 17:43:45] "POST /submit_update HTTP/1.1" 200 -
[34;1mclient_009_1  |[0m 2026-01-21 17:43:45,060 - __main__ - INFO - 🚀 Model update submitted successfully.
[34;1mclient_009_1  |[0m 2026-01-21 17:43:45,061 - __main__ - INFO - Update submitted for Round 29. Waiting...
[33mclient_001_1  |[0m 2026-01-21 17:43:45,064 - __main__ - INFO - --- New Round Detected: 29 ---
[33mserver_1      |[0m INFO:werkzeug:172.18.0.16 - - [21/Jan/2026 17:43:45] "GET /download_model?round=29 HTTP/1.1" 200 -
[34mclient_004_1  |[0m 2026-01-21 17:43:45,243 - __main__ - INFO - --- New Round Detected: 29 ---
[33mserver_1      |[0m INFO:werkzeug:172.18.0.18 - - [21/Jan/2026 17:43:45] "GET /download_model?round=29 HTTP/1.1" 200 -
[33mclient_001_1  |[0m 2026-01-21 17:43:45,587 - __main__ - INFO - Round 29 finished. Loss: 0.0570, Acc: 99.35%
[33mserver_1      |[0m INFO:__main__:Received update from client_001
[33mserver_1      |[0m INFO:werkzeug:172.18.0.16 - - [21/Jan/2026 17:43:45] "POST /submit_update HTTP/1.1" 200 -
[33mclient_001_1  |[0m 2026-01-21 17:43:45,742 - __main__ - INFO - 🚀 Model update submitted successfully.
[33mclient_001_1  |[0m 2026-01-21 17:43:45,742 - __main__ - INFO - Update submitted for Round 29. Waiting...
[36;1mclient_005_1  |[0m 2026-01-21 17:43:46,119 - __main__ - INFO - --- New Round Detected: 29 ---
[33mserver_1      |[0m INFO:werkzeug:172.18.0.17 - - [21/Jan/2026 17:43:46] "GET /download_model?round=29 HTTP/1.1" 200 -
[35mclient_003_1  |[0m 2026-01-21 17:43:46,241 - __main__ - INFO - --- New Round Detected: 29 ---
[33mserver_1      |[0m INFO:werkzeug:172.18.0.19 - - [21/Jan/2026 17:43:46] "GET /download_model?round=29 HTTP/1.1" 200 -
[36;1mclient_005_1  |[0m 2026-01-21 17:43:47,937 - __main__ - INFO - Round 29 finished. Loss: 0.0617, Acc: 98.63%
[35;1mclient_008_1  |[0m 2026-01-21 17:43:48,022 - __main__ - INFO - --- New Round Detected: 29 ---
[33mserver_1      |[0m INFO:werkzeug:172.18.0.20 - - [21/Jan/2026 17:43:48] "GET /download_model?round=29 HTTP/1.1" 200 -
[33mserver_1      |[0m INFO:__main__:Received update from client_005
[33mserver_1      |[0m INFO:__main__:--- Aggregating 5 updates ---
[36mclient_010_1  |[0m 2026-01-21 17:43:48,132 - __main__ - INFO - --- New Round Detected: 29 ---
[33mserver_1      |[0m INFO:werkzeug:172.18.0.13 - - [21/Jan/2026 17:43:48] "GET /download_model?round=29 HTTP/1.1" 200 -
[36mclient_010_1  |[0m 2026-01-21 17:43:48,508 - __main__ - INFO - Round 29 finished. Loss: 0.1080, Acc: 98.03%
[33mserver_1      |[0m INFO:werkzeug:172.18.0.13 - - [21/Jan/2026 17:43:48] "[31m[1mPOST /submit_update HTTP/1.1[0m" 400 -
[36mclient_010_1  |[0m 2026-01-21 17:43:48,580 - __main__ - ERROR - Update submission failed: {"error":"Not accepting updates"}
[36mclient_010_1  |[0m 
[36mclient_010_1  |[0m 2026-01-21 17:43:48,581 - __main__ - INFO - Update submitted for Round 29. Waiting...
[34mclient_004_1  |[0m 2026-01-21 17:43:49,038 - __main__ - INFO - Round 29 finished. Loss: 0.1489, Acc: 98.02%
[33mserver_1      |[0m INFO:werkzeug:172.18.0.18 - - [21/Jan/2026 17:43:49] "[31m[1mPOST /submit_update HTTP/1.1[0m" 400 -
[34mclient_004_1  |[0m 2026-01-21 17:43:49,103 - __main__ - ERROR - Update submission failed: {"error":"Not accepting updates"}
[34mclient_004_1  |[0m 
[34mclient_004_1  |[0m 2026-01-21 17:43:49,103 - __main__ - INFO - Update submitted for Round 29. Waiting...
[35;1mclient_008_1  |[0m 2026-01-21 17:43:49,185 - __main__ - INFO - Round 29 finished. Loss: 0.0688, Acc: 98.62%
[33mserver_1      |[0m INFO:werkzeug:172.18.0.20 - - [21/Jan/2026 17:43:49] "[31m[1mPOST /submit_update HTTP/1.1[0m" 400 -
[32;1mclient_007_1  |[0m 2026-01-21 17:43:49,234 - __main__ - INFO - --- New Round Detected: 29 ---
[35;1mclient_008_1  |[0m 2026-01-21 17:43:49,250 - __main__ - ERROR - Update submission failed: {"error":"Not accepting updates"}
[35;1mclient_008_1  |[0m 
[35;1mclient_008_1  |[0m 2026-01-21 17:43:49,251 - __main__ - INFO - Update submitted for Round 29. Waiting...
[33mserver_1      |[0m INFO:werkzeug:172.18.0.11 - - [21/Jan/2026 17:43:49] "GET /download_model?round=29 HTTP/1.1" 200 -
[33mserver_1      |[0m INFO:__main__:Aggregation complete.
[32;1mclient_007_1  |[0m 2026-01-21 17:43:49,578 - __main__ - INFO - Round 29 finished. Loss: 0.6252, Acc: 72.71%
[33mserver_1      |[0m INFO:werkzeug:172.18.0.11 - - [21/Jan/2026 17:43:49] "[31m[1mPOST /submit_update HTTP/1.1[0m" 400 -
[32;1mclient_007_1  |[0m 2026-01-21 17:43:49,668 - __main__ - ERROR - Update submission failed: {"error":"Not accepting updates"}
[32;1mclient_007_1  |[0m 
[32;1mclient_007_1  |[0m 2026-01-21 17:43:49,668 - __main__ - INFO - Update submitted for Round 29. Waiting...
[33mserver_1      |[0m INFO:__main__:--- Round 29 Acc: 36.73%, Loss: 2.0689 ---
[33mserver_1      |[0m INFO:__main__:---Final model saved ---
[33mserver_1      |[0m INFO:__main__:--- Training complete. ---
[33mserver_1      |[0m INFO:werkzeug:172.18.0.17 - - [21/Jan/2026 17:43:50] "POST /submit_update HTTP/1.1" 200 -
[36;1mclient_005_1  |[0m 2026-01-21 17:43:50,500 - __main__ - INFO - 🚀 Model update submitted successfully.
[36;1mclient_005_1  |[0m 2026-01-21 17:43:50,500 - __main__ - INFO - Update submitted for Round 29. Waiting...
[33mclient_011_1  |[0m 2026-01-21 17:43:51,301 - __main__ - INFO - Round 16 finished. Loss: 0.8601, Acc: 67.99%
[33mserver_1      |[0m INFO:werkzeug:172.18.0.6 - - [21/Jan/2026 17:43:51] "[31m[1mPOST /submit_update HTTP/1.1[0m" 400 -
[33mclient_011_1  |[0m 2026-01-21 17:43:51,914 - __main__ - ERROR - Update submission failed: {"error":"Not accepting updates"}
[33mclient_011_1  |[0m 
[33mclient_011_1  |[0m 2026-01-21 17:43:51,914 - __main__ - INFO - Update submitted for Round 16. Waiting...
[33mfl-rest_server_1 exited with code 0
[0mStopping fl-rest_client_001_1 ... 
Stopping fl-rest_client_015_1 ... 
Stopping fl-rest_client_020_1 ... 
Stopping fl-rest_client_003_1 ... 
Stopping fl-rest_client_004_1 ... 
Stopping fl-rest_client_012_1 ... 
Stopping fl-rest_client_008_1 ... 
Stopping fl-rest_client_010_1 ... 
Stopping fl-rest_client_006_1 ... 
Stopping fl-rest_client_018_1 ... 
Stopping fl-rest_client_005_1 ... 
Stopping fl-rest_client_002_1 ... 
Stopping fl-rest_client_014_1 ... 
Stopping fl-rest_client_019_1 ... 
Stopping fl-rest_client_007_1 ... 
Stopping fl-rest_client_009_1 ... 
Stopping fl-rest_client_016_1 ... 
Stopping fl-rest_client_011_1 ... 
Stopping fl-rest_client_013_1 ... 
Stopping fl-rest_client_017_1 ... 
Stopping docker-tc            ... 
Stopping docker-tc            ... done
Stopping fl-rest_client_019_1 ... done
Stopping fl-rest_client_018_1 ... done
Stopping fl-rest_client_016_1 ... done
Stopping fl-rest_client_017_1 ... done
Stopping fl-rest_client_015_1 ... done
Stopping fl-rest_client_011_1 ... done
Stopping fl-rest_client_001_1 ... done
Stopping fl-rest_client_012_1 ... done
Stopping fl-rest_client_014_1 ... done
Stopping fl-rest_client_013_1 ... done
Stopping fl-rest_client_006_1 ... done
Stopping fl-rest_client_020_1 ... done
Stopping fl-rest_client_008_1 ... done
Stopping fl-rest_client_007_1 ... done
Stopping fl-rest_client_003_1 ... done
Stopping fl-rest_client_005_1 ... done
Stopping fl-rest_client_009_1 ... done
Stopping fl-rest_client_010_1 ... done
Stopping fl-rest_client_004_1 ... done
Stopping fl-rest_client_002_1 ... done
Aborting on container exit...
