using --exit-code-from implies --abort-on-container-exit
Creating fl-rest_server_1 ... 
Creating docker-tc        ... 
Creating docker-tc        ... done
Creating fl-rest_server_1 ... done
Creating fl-rest_client_010_1 ... 
Creating fl-rest_client_020_1 ... 
Creating fl-rest_client_018_1 ... 
Creating fl-rest_client_002_1 ... 
Creating fl-rest_client_004_1 ... 
Creating fl-rest_client_005_1 ... 
Creating fl-rest_client_008_1 ... 
Creating fl-rest_client_006_1 ... 
Creating fl-rest_client_001_1 ... 
Creating fl-rest_client_016_1 ... 
Creating fl-rest_client_012_1 ... 
Creating fl-rest_client_007_1 ... 
Creating fl-rest_client_011_1 ... 
Creating fl-rest_client_009_1 ... 
Creating fl-rest_client_013_1 ... 
Creating fl-rest_client_019_1 ... 
Creating fl-rest_client_017_1 ... 
Creating fl-rest_client_015_1 ... 
Creating fl-rest_client_014_1 ... 
Creating fl-rest_client_003_1 ... 
Creating fl-rest_client_018_1 ... done
Creating fl-rest_client_020_1 ... done
Creating fl-rest_client_017_1 ... done
Creating fl-rest_client_002_1 ... done
Creating fl-rest_client_016_1 ... done
Creating fl-rest_client_010_1 ... done
Creating fl-rest_client_004_1 ... done
Creating fl-rest_client_012_1 ... done
Creating fl-rest_client_019_1 ... done
Creating fl-rest_client_013_1 ... done
Creating fl-rest_client_014_1 ... done
Creating fl-rest_client_005_1 ... done
Creating fl-rest_client_011_1 ... done
Creating fl-rest_client_008_1 ... done
Creating fl-rest_client_015_1 ... done
Creating fl-rest_client_003_1 ... done
Creating fl-rest_client_007_1 ... done
Creating fl-rest_client_001_1 ... done
Creating fl-rest_client_006_1 ... done
Creating fl-rest_client_009_1 ... done
Attaching to docker-tc, fl-rest_server_1, fl-rest_client_018_1, fl-rest_client_020_1, fl-rest_client_017_1, fl-rest_client_002_1, fl-rest_client_016_1, fl-rest_client_010_1, fl-rest_client_004_1, fl-rest_client_012_1, fl-rest_client_019_1, fl-rest_client_013_1, fl-rest_client_014_1, fl-rest_client_005_1, fl-rest_client_011_1, fl-rest_client_008_1, fl-rest_client_015_1, fl-rest_client_003_1, fl-rest_client_007_1, fl-rest_client_001_1, fl-rest_client_006_1, fl-rest_client_009_1
[36mdocker-tc     |[0m [s6-init] making user provided files available at /var/run/s6/etc...exited 0.
[36mdocker-tc     |[0m [s6-init] ensuring user provided files have correct perms...exited 0.
[36mdocker-tc     |[0m [fix-attrs.d] applying ownership & permissions fixes...
[36mdocker-tc     |[0m [fix-attrs.d] done.
[36mdocker-tc     |[0m [cont-init.d] executing container initialization scripts...
[36mdocker-tc     |[0m [cont-init.d] 00-init: executing... 
[36mdocker-tc     |[0m [cont-init.d] 00-init: exited 0.
[36mdocker-tc     |[0m [cont-init.d] done.
[36mdocker-tc     |[0m [services.d] starting services
[36mdocker-tc     |[0m Starting garbage collector
[36mdocker-tc     |[0m Starting HTTP server on 127.0.0.1:4080
[36mdocker-tc     |[0m + exec hapttic -file /docker-tc/bin/httpd.sh -logErrors -host 127.0.0.1 -port 4080
[36mdocker-tc     |[0m [services.d] done.
[36mdocker-tc     |[0m 2026/02/01 16:18:29 Thanks for using hapttic v1.0.0
[36mdocker-tc     |[0m 2026/02/01 16:18:29 Listening on 127.0.0.1:4080
[36mdocker-tc     |[0m 2026/02/01 16:18:29 Forwarding requests to /docker-tc/bin/httpd.sh
[36mdocker-tc     |[0m 2026/02/01 16:18:29 Logging errors to stderr
[36mdocker-tc     |[0m 
[36mdocker-tc     |[0m  ____          _              _____         ___ ___ _        _____         _           _
[36mdocker-tc     |[0m |    \ ___ ___| |_ ___ ___   |_   _|___ ___|  _|  _|_|___   |     |___ ___| |_ ___ ___| |
[36mdocker-tc     |[0m |  |  | . |  _| '_| -_|  _|    | | |  _| .'|  _|  _| |  _|  |   --| . |   |  _|  _| . | |
[36mdocker-tc     |[0m |____/|___|___|_,_|___|_|      |_| |_| |__,|_| |_| |_|___|  |_____|___|_|_|_| |_| |___|_|
[36mdocker-tc     |[0m 
[36mdocker-tc     |[0m Starting Docker Traffic Control 18.12
[36mdocker-tc     |[0m https://github.com/lukaszlach/docker-tc
[36mdocker-tc     |[0m 
[36mdocker-tc     |[0m [2026-02-01T16:18:30+00:00] [64e73c22c4e9] Notice: Skipping container, service was disabled by label
[36mdocker-tc     |[0m [2026-02-01T16:18:30+00:00] [bd19146b9070] Notice: Skipping container, no valid labels found
[36mdocker-tc     |[0m [2026-02-01T16:18:30+00:00] [438bf01636a0] Notice: Skipping container, no valid labels found
[36mdocker-tc     |[0m [2026-02-01T16:18:30+00:00] [c314c85387cb] Notice: Skipping container, no valid labels found
[36mdocker-tc     |[0m Error response from daemon: Container 3e4b2842dc618e2afe83311ecd360e727849572adbdf41474062df0f06f43f7f is restarting, wait until the container is running
[36mdocker-tc     |[0m [2026-02-01T16:18:30+00:00] [3e4b2842dc61] Warning: Network has no corresponding virtual network interface
[36mdocker-tc     |[0m [2026-02-01T16:18:30+00:00] [5bdfc5067c93] Notice: Skipping container, no valid labels found
[36mdocker-tc     |[0m [2026-02-01T16:18:30+00:00] [c335b860f6ec] Set delay=200ms, loss=1% on vethdeff8bc
[36mdocker-tc     |[0m [2026-02-01T16:18:30+00:00] [c335b860f6ec] Set bandwidth-limit=5mbps on vethdeff8bc
[36mdocker-tc     |[0m [2026-02-01T16:18:30+00:00] [c335b860f6ec] Controlling traffic of the container /fl-rest_client_018_1 on vethdeff8bc
[33mserver_1      |[0m TensorFlow installation not found - running with reduced feature set.
[33mserver_1      |[0m 
[33mserver_1      |[0m NOTE: Using experimental fast data loading logic. To disable, pass
[33mserver_1      |[0m     "--load_fast=false" and report issues on GitHub. More details:
[33mserver_1      |[0m     https://github.com/tensorflow/tensorboard/issues/4784
[33mserver_1      |[0m 
[33mserver_1      |[0m TensorBoard 2.20.0 at http://0.0.0.0:6006/ (Press CTRL+C to quit)
[36mdocker-tc     |[0m [2026-02-01T16:18:30+00:00] [2c9983db402b] Set delay=200ms, loss=1% on veth4c48097
[36mdocker-tc     |[0m [2026-02-01T16:18:30+00:00] [2c9983db402b] Set bandwidth-limit=5mbps on veth4c48097
[36mdocker-tc     |[0m [2026-02-01T16:18:30+00:00] [2c9983db402b] Controlling traffic of the container /fl-rest_client_020_1 on veth4c48097
[36mdocker-tc     |[0m [2026-02-01T16:18:31+00:00] [3b36df4687e6] Set delay=200ms, loss=1% on veth36475a9
[36mdocker-tc     |[0m [2026-02-01T16:18:31+00:00] [3b36df4687e6] Set bandwidth-limit=5mbps on veth36475a9
[36mdocker-tc     |[0m [2026-02-01T16:18:31+00:00] [3b36df4687e6] Controlling traffic of the container /fl-rest_client_017_1 on veth36475a9
[33mserver_1      |[0m INFO:__main__:Writing TensorBoard logs to: fl_logs/tensorboard/Cenario_A_Parametros_OnlyKD_1618
[33mserver_1      |[0m INFO:__main__:Loading CIFAR-10 test dataset...
[36mdocker-tc     |[0m [2026-02-01T16:18:31+00:00] [ed815e5b0af6] Set delay=20ms on vethb23b4e9
[36mdocker-tc     |[0m [2026-02-01T16:18:31+00:00] [ed815e5b0af6] Set bandwidth-limit=1gbit on vethb23b4e9
[36mdocker-tc     |[0m [2026-02-01T16:18:31+00:00] [ed815e5b0af6] Controlling traffic of the container /fl-rest_client_002_1 on vethb23b4e9
[35;1mclient_018_1  |[0m 2026-02-01 16:18:31,529 - __main__ - INFO - --- Starting FL Client: client_018 ---
[33mserver_1      |[0m INFO:__main__:Test dataset loaded.
[33mserver_1      |[0m INFO:__main__:Initial model for round 0 created.
[33mserver_1      |[0m Files already downloaded and verified
[33mserver_1      |[0m  * Serving Flask app 'app'
[33mserver_1      |[0m  * Debug mode: off
[36mdocker-tc     |[0m [2026-02-01T16:18:31+00:00] [00636ca719fe] Set delay=200ms, loss=1% on veth17c46ca
[33mserver_1      |[0m INFO:werkzeug:[31m[1mWARNING: This is a development server. Do not use it in a production deployment. Use a production WSGI server instead.[0m
[33mserver_1      |[0m  * Running on all addresses (0.0.0.0)
[33mserver_1      |[0m  * Running on http://127.0.0.1:5000
[33mserver_1      |[0m  * Running on http://172.18.0.2:5000
[33mserver_1      |[0m INFO:werkzeug:[33mPress CTRL+C to quit[0m
[36mdocker-tc     |[0m [2026-02-01T16:18:31+00:00] [00636ca719fe] Set bandwidth-limit=5mbps on veth17c46ca
[36mdocker-tc     |[0m [2026-02-01T16:18:31+00:00] [00636ca719fe] Controlling traffic of the container /fl-rest_client_016_1 on veth17c46ca
[36;1mclient_015_1  |[0m 2026-02-01 16:18:31,637 - __main__ - INFO - --- Starting FL Client: client_015 ---
[33mserver_1      |[0m INFO:__main__:Client client_015 registered.
[33mserver_1      |[0m INFO:__main__:--- Starting Round 0. Timeout: 600s ---
[36;1mclient_015_1  |[0m 2026-02-01 16:18:31,642 - __main__ - INFO - ✅ Registered with server successfully.
[34mclient_004_1  |[0m 2026-02-01 16:18:31,653 - __main__ - INFO - --- Starting FL Client: client_004 ---
[33mserver_1      |[0m INFO:__main__:Client client_004 registered.
[34mclient_004_1  |[0m 2026-02-01 16:18:31,658 - __main__ - INFO - ✅ Registered with server successfully.
[36;1mclient_005_1  |[0m 2026-02-01 16:18:31,695 - __main__ - INFO - --- Starting FL Client: client_005 ---
[33mserver_1      |[0m INFO:__main__:Client client_005 registered.
[36;1mclient_005_1  |[0m 2026-02-01 16:18:31,700 - __main__ - INFO - ✅ Registered with server successfully.
[32mclient_002_1  |[0m 2026-02-01 16:18:31,722 - __main__ - INFO - --- Starting FL Client: client_002 ---
[34;1mclient_009_1  |[0m 2026-02-01 16:18:31,727 - __main__ - INFO - --- Starting FL Client: client_009 ---
[33mserver_1      |[0m INFO:__main__:Client client_009 registered.
[34;1mclient_009_1  |[0m 2026-02-01 16:18:31,731 - __main__ - INFO - ✅ Registered with server successfully.
[32;1mclient_017_1  |[0m 2026-02-01 16:18:31,763 - __main__ - INFO - --- Starting FL Client: client_017 ---
[33mserver_1      |[0m INFO:__main__:Client client_002 registered.
[36mclient_020_1  |[0m 2026-02-01 16:18:31,786 - __main__ - INFO - --- Starting FL Client: client_020 ---
[32mclient_002_1  |[0m 2026-02-01 16:18:31,794 - __main__ - INFO - ✅ Registered with server successfully.
[36mdocker-tc     |[0m [2026-02-01T16:18:31+00:00] [58cf0da8864a] Set delay=20ms on veth43d4d44
[36mdocker-tc     |[0m [2026-02-01T16:18:31+00:00] [58cf0da8864a] Set bandwidth-limit=1gbit on veth43d4d44
[36mdocker-tc     |[0m [2026-02-01T16:18:31+00:00] [58cf0da8864a] Controlling traffic of the container /fl-rest_client_010_1 on veth43d4d44
[32;1mclient_007_1  |[0m 2026-02-01 16:18:31,852 - __main__ - INFO - --- Starting FL Client: client_007 ---
[33mserver_1      |[0m INFO:__main__:Client client_007 registered.
[32;1mclient_007_1  |[0m 2026-02-01 16:18:31,857 - __main__ - INFO - ✅ Registered with server successfully.
[33;1mclient_006_1  |[0m 2026-02-01 16:18:31,862 - __main__ - INFO - --- Starting FL Client: client_006 ---
[33mserver_1      |[0m INFO:__main__:Client client_006 registered.
[33;1mclient_016_1  |[0m 2026-02-01 16:18:31,866 - __main__ - INFO - --- Starting FL Client: client_016 ---
[33;1mclient_006_1  |[0m 2026-02-01 16:18:31,867 - __main__ - INFO - ✅ Registered with server successfully.
[33mclient_011_1  |[0m 2026-02-01 16:18:31,887 - __main__ - INFO - --- Starting FL Client: client_011 ---
[33mserver_1      |[0m INFO:__main__:Client client_011 registered.
[33mclient_011_1  |[0m 2026-02-01 16:18:31,895 - __main__ - INFO - ✅ Registered with server successfully.
[32mclient_012_1  |[0m 2026-02-01 16:18:31,906 - __main__ - INFO - --- Starting FL Client: client_012 ---
[33mserver_1      |[0m INFO:__main__:Client client_012 registered.
[32mclient_012_1  |[0m 2026-02-01 16:18:31,911 - __main__ - INFO - ✅ Registered with server successfully.
[33mserver_1      |[0m INFO:__main__:Client client_018 registered.
[36;1mclient_015_1  |[0m 2026-02-01 16:18:31,971 - __main__ - INFO - --- New Round Detected: 0 ---
[33mserver_1      |[0m INFO:werkzeug:172.18.0.17 - - [01/Feb/2026 16:18:31] "GET /download_model?round=0 HTTP/1.1" 200 -
[34mclient_004_1  |[0m 2026-02-01 16:18:32,001 - __main__ - INFO - --- New Round Detected: 0 ---
[33mserver_1      |[0m INFO:werkzeug:172.18.0.9 - - [01/Feb/2026 16:18:32] "GET /download_model?round=0 HTTP/1.1" 200 -
[36;1mclient_015_1  |[0m /opt/conda/lib/python3.10/site-packages/torch/cuda/amp/grad_scaler.py:125: UserWarning: torch.cuda.amp.GradScaler is enabled, but CUDA is not available.  Disabling.
[36;1mclient_015_1  |[0m   warnings.warn(
[36;1mclient_015_1  |[0m /opt/conda/lib/python3.10/site-packages/torch/amp/autocast_mode.py:250: UserWarning: User provided device_type of 'cuda', but CUDA is not available. Disabling
[36;1mclient_015_1  |[0m   warnings.warn(
[35mclient_013_1  |[0m 2026-02-01 16:18:32,077 - __main__ - INFO - --- Starting FL Client: client_013 ---
[33mserver_1      |[0m INFO:__main__:Client client_013 registered.
[36mclient_010_1  |[0m 2026-02-01 16:18:32,083 - __main__ - INFO - --- Starting FL Client: client_010 ---
[35mclient_013_1  |[0m 2026-02-01 16:18:32,085 - __main__ - INFO - ✅ Registered with server successfully.
[34mclient_014_1  |[0m 2026-02-01 16:18:32,093 - __main__ - INFO - --- Starting FL Client: client_014 ---
[33mserver_1      |[0m INFO:__main__:Client client_014 registered.
[34mclient_014_1  |[0m 2026-02-01 16:18:32,099 - __main__ - INFO - ✅ Registered with server successfully.
[36;1mclient_005_1  |[0m 2026-02-01 16:18:32,102 - __main__ - INFO - --- New Round Detected: 0 ---
[33mserver_1      |[0m INFO:werkzeug:172.18.0.14 - - [01/Feb/2026 16:18:32] "GET /download_model?round=0 HTTP/1.1" 200 -
[33mclient_001_1  |[0m 2026-02-01 16:18:32,110 - __main__ - INFO - --- Starting FL Client: client_001 ---
[33mserver_1      |[0m INFO:__main__:Client client_001 registered.
[33mclient_001_1  |[0m 2026-02-01 16:18:32,116 - __main__ - INFO - ✅ Registered with server successfully.
[36mdocker-tc     |[0m [2026-02-01T16:18:32+00:00] [77e096ecac63] Set delay=20ms on veth9305db4
[36mdocker-tc     |[0m [2026-02-01T16:18:32+00:00] [77e096ecac63] Set bandwidth-limit=1gbit on veth9305db4
[33mserver_1      |[0m INFO:__main__:Client client_010 registered.
[34;1mclient_009_1  |[0m 2026-02-01 16:18:32,140 - __main__ - INFO - --- New Round Detected: 0 ---
[35;1mclient_018_1  |[0m 2026-02-01 16:18:32,142 - __main__ - INFO - ✅ Registered with server successfully.
[33mserver_1      |[0m INFO:werkzeug:172.18.0.22 - - [01/Feb/2026 16:18:32] "GET /download_model?round=0 HTTP/1.1" 200 -
[36mclient_010_1  |[0m 2026-02-01 16:18:32,162 - __main__ - INFO - ✅ Registered with server successfully.
[33mserver_1      |[0m INFO:__main__:Client client_017 registered.
[36mdocker-tc     |[0m [2026-02-01T16:18:32+00:00] [77e096ecac63] Controlling traffic of the container /fl-rest_client_004_1 on veth9305db4
[33mserver_1      |[0m INFO:__main__:Client client_020 registered.
[32mclient_002_1  |[0m 2026-02-01 16:18:32,201 - __main__ - INFO - --- New Round Detected: 0 ---
[33mserver_1      |[0m INFO:werkzeug:172.18.0.6 - - [01/Feb/2026 16:18:32] "GET /download_model?round=0 HTTP/1.1" 200 -
[35;1mclient_008_1  |[0m 2026-02-01 16:18:32,235 - __main__ - INFO - --- Starting FL Client: client_008 ---
[33mserver_1      |[0m INFO:__main__:Client client_008 registered.
[35;1mclient_008_1  |[0m 2026-02-01 16:18:32,245 - __main__ - INFO - ✅ Registered with server successfully.
[34;1mclient_019_1  |[0m 2026-02-01 16:18:32,253 - __main__ - INFO - --- Starting FL Client: client_019 ---
[33mserver_1      |[0m INFO:__main__:Client client_019 registered.
[34;1mclient_019_1  |[0m 2026-02-01 16:18:32,260 - __main__ - INFO - ✅ Registered with server successfully.
[33mserver_1      |[0m INFO:__main__:Client client_016 registered.
[32;1mclient_007_1  |[0m 2026-02-01 16:18:32,281 - __main__ - INFO - --- New Round Detected: 0 ---
[33mserver_1      |[0m INFO:werkzeug:172.18.0.18 - - [01/Feb/2026 16:18:32] "GET /download_model?round=0 HTTP/1.1" 200 -
[33;1mclient_006_1  |[0m 2026-02-01 16:18:32,284 - __main__ - INFO - --- New Round Detected: 0 ---
[35mclient_003_1  |[0m 2026-02-01 16:18:32,286 - __main__ - INFO - --- Starting FL Client: client_003 ---
[33mserver_1      |[0m INFO:werkzeug:172.18.0.21 - - [01/Feb/2026 16:18:32] "GET /download_model?round=0 HTTP/1.1" 200 -
[33mclient_011_1  |[0m 2026-02-01 16:18:32,289 - __main__ - INFO - --- New Round Detected: 0 ---
[33mserver_1      |[0m INFO:__main__:Client client_003 registered.
[33mserver_1      |[0m INFO:werkzeug:172.18.0.16 - - [01/Feb/2026 16:18:32] "GET /download_model?round=0 HTTP/1.1" 200 -
[35mclient_003_1  |[0m 2026-02-01 16:18:32,296 - __main__ - INFO - ✅ Registered with server successfully.
[32mclient_012_1  |[0m 2026-02-01 16:18:32,336 - __main__ - INFO - --- New Round Detected: 0 ---
[33mserver_1      |[0m INFO:werkzeug:172.18.0.10 - - [01/Feb/2026 16:18:32] "GET /download_model?round=0 HTTP/1.1" 200 -
[36mclient_020_1  |[0m 2026-02-01 16:18:32,401 - __main__ - INFO - ✅ Registered with server successfully.
[33mclient_011_1  |[0m /opt/conda/lib/python3.10/site-packages/torch/cuda/amp/grad_scaler.py:125: UserWarning: torch.cuda.amp.GradScaler is enabled, but CUDA is not available.  Disabling.
[33mclient_011_1  |[0m   warnings.warn(
[33mclient_011_1  |[0m /opt/conda/lib/python3.10/site-packages/torch/amp/autocast_mode.py:250: UserWarning: User provided device_type of 'cuda', but CUDA is not available. Disabling
[33mclient_011_1  |[0m   warnings.warn(
[32mclient_012_1  |[0m /opt/conda/lib/python3.10/site-packages/torch/cuda/amp/grad_scaler.py:125: UserWarning: torch.cuda.amp.GradScaler is enabled, but CUDA is not available.  Disabling.
[32mclient_012_1  |[0m   warnings.warn(
[32;1mclient_017_1  |[0m 2026-02-01 16:18:32,379 - __main__ - INFO - ✅ Registered with server successfully.
[32mclient_012_1  |[0m /opt/conda/lib/python3.10/site-packages/torch/amp/autocast_mode.py:250: UserWarning: User provided device_type of 'cuda', but CUDA is not available. Disabling
[32mclient_012_1  |[0m   warnings.warn(
[33;1mclient_016_1  |[0m 2026-02-01 16:18:32,482 - __main__ - INFO - ✅ Registered with server successfully.
[36mdocker-tc     |[0m [2026-02-01T16:18:32+00:00] [cab54bc93de7] Set delay=200ms, loss=1% on veth892d740
[36mdocker-tc     |[0m [2026-02-01T16:18:32+00:00] [cab54bc93de7] Set bandwidth-limit=5mbps on veth892d740
[35mclient_013_1  |[0m 2026-02-01 16:18:32,588 - __main__ - INFO - --- New Round Detected: 0 ---
[33mserver_1      |[0m INFO:werkzeug:172.18.0.12 - - [01/Feb/2026 16:18:32] "GET /download_model?round=0 HTTP/1.1" 200 -
[36mdocker-tc     |[0m [2026-02-01T16:18:32+00:00] [cab54bc93de7] Controlling traffic of the container /fl-rest_client_012_1 on veth892d740
[33mclient_001_1  |[0m 2026-02-01 16:18:32,613 - __main__ - INFO - --- New Round Detected: 0 ---
[33mserver_1      |[0m INFO:werkzeug:172.18.0.20 - - [01/Feb/2026 16:18:32] "GET /download_model?round=0 HTTP/1.1" 200 -
[34mclient_014_1  |[0m 2026-02-01 16:18:32,637 - __main__ - INFO - --- New Round Detected: 0 ---
[33mserver_1      |[0m INFO:werkzeug:172.18.0.13 - - [01/Feb/2026 16:18:32] "GET /download_model?round=0 HTTP/1.1" 200 -
[35mclient_003_1  |[0m 2026-02-01 16:18:32,732 - __main__ - INFO - --- New Round Detected: 0 ---
[33mserver_1      |[0m INFO:werkzeug:172.18.0.19 - - [01/Feb/2026 16:18:32] "GET /download_model?round=0 HTTP/1.1" 200 -
[35;1mclient_008_1  |[0m 2026-02-01 16:18:32,784 - __main__ - INFO - --- New Round Detected: 0 ---
[33mserver_1      |[0m INFO:werkzeug:172.18.0.15 - - [01/Feb/2026 16:18:32] "GET /download_model?round=0 HTTP/1.1" 200 -
[34;1mclient_019_1  |[0m 2026-02-01 16:18:32,798 - __main__ - INFO - --- New Round Detected: 0 ---
[33mserver_1      |[0m INFO:werkzeug:172.18.0.11 - - [01/Feb/2026 16:18:32] "GET /download_model?round=0 HTTP/1.1" 200 -
[34mclient_014_1  |[0m /opt/conda/lib/python3.10/site-packages/torch/cuda/amp/grad_scaler.py:125: UserWarning: torch.cuda.amp.GradScaler is enabled, but CUDA is not available.  Disabling.
[34mclient_014_1  |[0m   warnings.warn(
[35mclient_013_1  |[0m /opt/conda/lib/python3.10/site-packages/torch/cuda/amp/grad_scaler.py:125: UserWarning: torch.cuda.amp.GradScaler is enabled, but CUDA is not available.  Disabling.
[35mclient_013_1  |[0m   warnings.warn(
[34mclient_014_1  |[0m /opt/conda/lib/python3.10/site-packages/torch/amp/autocast_mode.py:250: UserWarning: User provided device_type of 'cuda', but CUDA is not available. Disabling
[34mclient_014_1  |[0m   warnings.warn(
[35mclient_013_1  |[0m /opt/conda/lib/python3.10/site-packages/torch/amp/autocast_mode.py:250: UserWarning: User provided device_type of 'cuda', but CUDA is not available. Disabling
[35mclient_013_1  |[0m   warnings.warn(
[36mclient_010_1  |[0m 2026-02-01 16:18:32,854 - __main__ - INFO - --- New Round Detected: 0 ---
[33mserver_1      |[0m INFO:werkzeug:172.18.0.8 - - [01/Feb/2026 16:18:32] "GET /download_model?round=0 HTTP/1.1" 200 -
[35;1mclient_018_1  |[0m 2026-02-01 16:18:32,963 - __main__ - INFO - --- New Round Detected: 0 ---
[36mdocker-tc     |[0m [2026-02-01T16:18:32+00:00] [d68b3088368f] Set delay=200ms, loss=1% on vethebdc7ba
[36mdocker-tc     |[0m [2026-02-01T16:18:32+00:00] [d68b3088368f] Set bandwidth-limit=5mbps on vethebdc7ba
[36mdocker-tc     |[0m [2026-02-01T16:18:33+00:00] [d68b3088368f] Controlling traffic of the container /fl-rest_client_019_1 on vethebdc7ba
[34;1mclient_019_1  |[0m /opt/conda/lib/python3.10/site-packages/torch/cuda/amp/grad_scaler.py:125: UserWarning: torch.cuda.amp.GradScaler is enabled, but CUDA is not available.  Disabling.
[34;1mclient_019_1  |[0m   warnings.warn(
[34;1mclient_019_1  |[0m /opt/conda/lib/python3.10/site-packages/torch/amp/autocast_mode.py:250: UserWarning: User provided device_type of 'cuda', but CUDA is not available. Disabling
[34;1mclient_019_1  |[0m   warnings.warn(
[33mserver_1      |[0m INFO:werkzeug:172.18.0.3 - - [01/Feb/2026 16:18:33] "GET /download_model?round=0 HTTP/1.1" 200 -
[32;1mclient_017_1  |[0m 2026-02-01 16:18:33,190 - __main__ - INFO - --- New Round Detected: 0 ---
[36mclient_020_1  |[0m 2026-02-01 16:18:33,312 - __main__ - INFO - --- New Round Detected: 0 ---
[36mdocker-tc     |[0m [2026-02-01T16:18:33+00:00] [4fea7ff03141] Set delay=200ms, loss=1% on vetha705700
[36mdocker-tc     |[0m [2026-02-01T16:18:33+00:00] [4fea7ff03141] Set bandwidth-limit=5mbps on vetha705700
[33;1mclient_016_1  |[0m 2026-02-01 16:18:33,328 - __main__ - INFO - --- New Round Detected: 0 ---
[36mdocker-tc     |[0m [2026-02-01T16:18:33+00:00] [4fea7ff03141] Controlling traffic of the container /fl-rest_client_013_1 on vetha705700
[33mserver_1      |[0m INFO:werkzeug:172.18.0.5 - - [01/Feb/2026 16:18:33] "GET /download_model?round=0 HTTP/1.1" 200 -
[33mserver_1      |[0m INFO:werkzeug:172.18.0.4 - - [01/Feb/2026 16:18:33] "GET /download_model?round=0 HTTP/1.1" 200 -
[33mserver_1      |[0m INFO:werkzeug:172.18.0.7 - - [01/Feb/2026 16:18:33] "GET /download_model?round=0 HTTP/1.1" 200 -
[36mdocker-tc     |[0m [2026-02-01T16:18:33+00:00] [c6ee1fbea1b3] Set delay=200ms, loss=1% on veth1522887
[36mdocker-tc     |[0m [2026-02-01T16:18:33+00:00] [c6ee1fbea1b3] Set bandwidth-limit=5mbps on veth1522887
[36mdocker-tc     |[0m [2026-02-01T16:18:33+00:00] [c6ee1fbea1b3] Controlling traffic of the container /fl-rest_client_014_1 on veth1522887
[36mdocker-tc     |[0m [2026-02-01T16:18:34+00:00] [c87946f9dc3d] Set delay=20ms on veth2dc76f7
[36mdocker-tc     |[0m [2026-02-01T16:18:34+00:00] [c87946f9dc3d] Set bandwidth-limit=1gbit on veth2dc76f7
[36mdocker-tc     |[0m [2026-02-01T16:18:34+00:00] [c87946f9dc3d] Controlling traffic of the container /fl-rest_client_005_1 on veth2dc76f7
[36mdocker-tc     |[0m [2026-02-01T16:18:34+00:00] [f1880ed17b4e] Set delay=20ms on vetha1400c9
[36mdocker-tc     |[0m [2026-02-01T16:18:34+00:00] [f1880ed17b4e] Set bandwidth-limit=1gbit on vetha1400c9
[36mdocker-tc     |[0m [2026-02-01T16:18:34+00:00] [f1880ed17b4e] Controlling traffic of the container /fl-rest_client_008_1 on vetha1400c9
[32;1mclient_017_1  |[0m /opt/conda/lib/python3.10/site-packages/torch/cuda/amp/grad_scaler.py:125: UserWarning: torch.cuda.amp.GradScaler is enabled, but CUDA is not available.  Disabling.
[32;1mclient_017_1  |[0m   warnings.warn(
[32;1mclient_017_1  |[0m /opt/conda/lib/python3.10/site-packages/torch/amp/autocast_mode.py:250: UserWarning: User provided device_type of 'cuda', but CUDA is not available. Disabling
[32;1mclient_017_1  |[0m   warnings.warn(
[33;1mclient_016_1  |[0m /opt/conda/lib/python3.10/site-packages/torch/cuda/amp/grad_scaler.py:125: UserWarning: torch.cuda.amp.GradScaler is enabled, but CUDA is not available.  Disabling.
[33;1mclient_016_1  |[0m   warnings.warn(
[33;1mclient_016_1  |[0m /opt/conda/lib/python3.10/site-packages/torch/amp/autocast_mode.py:250: UserWarning: User provided device_type of 'cuda', but CUDA is not available. Disabling
[33;1mclient_016_1  |[0m   warnings.warn(
[36mdocker-tc     |[0m [2026-02-01T16:18:35+00:00] [3ae74755b9aa] Set delay=200ms, loss=1% on veth742d4bf
[36mdocker-tc     |[0m [2026-02-01T16:18:35+00:00] [3ae74755b9aa] Set bandwidth-limit=5mbps on veth742d4bf
[36mdocker-tc     |[0m [2026-02-01T16:18:35+00:00] [3ae74755b9aa] Controlling traffic of the container /fl-rest_client_011_1 on veth742d4bf
[36mclient_020_1  |[0m /opt/conda/lib/python3.10/site-packages/torch/cuda/amp/grad_scaler.py:125: UserWarning: torch.cuda.amp.GradScaler is enabled, but CUDA is not available.  Disabling.
[36mclient_020_1  |[0m   warnings.warn(
[36mclient_020_1  |[0m /opt/conda/lib/python3.10/site-packages/torch/amp/autocast_mode.py:250: UserWarning: User provided device_type of 'cuda', but CUDA is not available. Disabling
[36mclient_020_1  |[0m   warnings.warn(
[36;1mclient_005_1  |[0m 2026-02-01 16:18:35,545 - __main__ - INFO - Round 0 finished. Loss: 0.0000, Acc: 0.00%
[33mserver_1      |[0m INFO:__main__:Received update from client_005
[33mserver_1      |[0m INFO:werkzeug:172.18.0.14 - - [01/Feb/2026 16:18:35] "POST /submit_update HTTP/1.1" 200 -
[36;1mclient_005_1  |[0m 2026-02-01 16:18:35,681 - __main__ - INFO - 🚀 Model update submitted successfully.
[36;1mclient_005_1  |[0m 2026-02-01 16:18:35,681 - __main__ - INFO - Update submitted for Round 0. Waiting...
[36mdocker-tc     |[0m [2026-02-01T16:18:35+00:00] [c9a8a3dbc0d1] Set delay=200ms, loss=1% on veth9116860
[36mdocker-tc     |[0m [2026-02-01T16:18:35+00:00] [c9a8a3dbc0d1] Set bandwidth-limit=5mbps on veth9116860
[36mdocker-tc     |[0m [2026-02-01T16:18:35+00:00] [c9a8a3dbc0d1] Controlling traffic of the container /fl-rest_client_015_1 on veth9116860
[34;1mclient_009_1  |[0m 2026-02-01 16:18:35,931 - __main__ - INFO - Round 0 finished. Loss: 0.0000, Acc: 0.00%
[35;1mclient_008_1  |[0m 2026-02-01 16:18:35,988 - __main__ - INFO - Round 0 finished. Loss: 0.0000, Acc: 0.00%
[33mserver_1      |[0m INFO:__main__:Received update from client_009
[33mserver_1      |[0m INFO:werkzeug:172.18.0.22 - - [01/Feb/2026 16:18:36] "POST /submit_update HTTP/1.1" 200 -
[34;1mclient_009_1  |[0m 2026-02-01 16:18:36,049 - __main__ - INFO - 🚀 Model update submitted successfully.
[34;1mclient_009_1  |[0m 2026-02-01 16:18:36,049 - __main__ - INFO - Update submitted for Round 0. Waiting...
[33mserver_1      |[0m INFO:__main__:Received update from client_008
[33mserver_1      |[0m INFO:werkzeug:172.18.0.15 - - [01/Feb/2026 16:18:36] "POST /submit_update HTTP/1.1" 200 -
[35;1mclient_018_1  |[0m /opt/conda/lib/python3.10/site-packages/torch/cuda/amp/grad_scaler.py:125: UserWarning: torch.cuda.amp.GradScaler is enabled, but CUDA is not available.  Disabling.
[35;1mclient_018_1  |[0m   warnings.warn(
[35;1mclient_018_1  |[0m /opt/conda/lib/python3.10/site-packages/torch/amp/autocast_mode.py:250: UserWarning: User provided device_type of 'cuda', but CUDA is not available. Disabling
[35;1mclient_018_1  |[0m   warnings.warn(
[35;1mclient_008_1  |[0m 2026-02-01 16:18:36,124 - __main__ - INFO - 🚀 Model update submitted successfully.
[35;1mclient_008_1  |[0m 2026-02-01 16:18:36,124 - __main__ - INFO - Update submitted for Round 0. Waiting...
[36mdocker-tc     |[0m [2026-02-01T16:18:36+00:00] [cf5995ea8c36] Set delay=20ms on veth33080be
[36mdocker-tc     |[0m [2026-02-01T16:18:36+00:00] [cf5995ea8c36] Set bandwidth-limit=1gbit on veth33080be
[36mdocker-tc     |[0m [2026-02-01T16:18:36+00:00] [cf5995ea8c36] Controlling traffic of the container /fl-rest_client_003_1 on veth33080be
[32mclient_002_1  |[0m 2026-02-01 16:18:36,616 - __main__ - INFO - Round 0 finished. Loss: 0.0000, Acc: 0.00%
[33mserver_1      |[0m INFO:__main__:Received update from client_002
[33mserver_1      |[0m INFO:werkzeug:172.18.0.6 - - [01/Feb/2026 16:18:36] "POST /submit_update HTTP/1.1" 200 -
[32mclient_002_1  |[0m 2026-02-01 16:18:36,772 - __main__ - INFO - 🚀 Model update submitted successfully.
[32mclient_002_1  |[0m 2026-02-01 16:18:36,772 - __main__ - INFO - Update submitted for Round 0. Waiting...
[36mdocker-tc     |[0m [2026-02-01T16:18:36+00:00] [845399206b90] Set delay=20ms on veth1e2bfe5
[36mdocker-tc     |[0m [2026-02-01T16:18:36+00:00] [845399206b90] Set bandwidth-limit=1gbit on veth1e2bfe5
[36mdocker-tc     |[0m [2026-02-01T16:18:36+00:00] [845399206b90] Controlling traffic of the container /fl-rest_client_007_1 on veth1e2bfe5
[33mclient_001_1  |[0m 2026-02-01 16:18:37,252 - __main__ - INFO - Round 0 finished. Loss: 0.0000, Acc: 0.00%
[33mserver_1      |[0m INFO:__main__:Received update from client_001
[33mserver_1      |[0m INFO:__main__:--- Aggregating 5 updates ---
[33mserver_1      |[0m INFO:__main__:⚡ Using Custom Aggregator with Drift Metric...
[33mserver_1      |[0m INFO:server.aggregator:Starting FedAvg aggregation for 5 clients.
[36mdocker-tc     |[0m [2026-02-01T16:18:37+00:00] [00bcffce4862] Set delay=20ms on vethe1bcd57
[36mdocker-tc     |[0m [2026-02-01T16:18:37+00:00] [00bcffce4862] Set bandwidth-limit=1gbit on vethe1bcd57
[36mdocker-tc     |[0m [2026-02-01T16:18:37+00:00] [00bcffce4862] Controlling traffic of the container /fl-rest_client_001_1 on vethe1bcd57
[34mclient_004_1  |[0m 2026-02-01 16:18:37,387 - __main__ - INFO - Round 0 finished. Loss: 0.0000, Acc: 0.00%
[33mserver_1      |[0m INFO:werkzeug:172.18.0.9 - - [01/Feb/2026 16:18:37] "[31m[1mPOST /submit_update HTTP/1.1[0m" 400 -
[34mclient_004_1  |[0m 2026-02-01 16:18:37,453 - __main__ - ERROR - Update submission failed: {"error":"Not accepting updates"}
[34mclient_004_1  |[0m 
[34mclient_004_1  |[0m 2026-02-01 16:18:37,453 - __main__ - INFO - Update submitted for Round 0. Waiting...
[36mdocker-tc     |[0m [2026-02-01T16:18:37+00:00] [6d9f310f7b5f] Set delay=20ms on vethcc8e313
[36mdocker-tc     |[0m [2026-02-01T16:18:37+00:00] [6d9f310f7b5f] Set bandwidth-limit=1gbit on vethcc8e313
[36mdocker-tc     |[0m [2026-02-01T16:18:37+00:00] [6d9f310f7b5f] Controlling traffic of the container /fl-rest_client_006_1 on vethcc8e313
[36mclient_010_1  |[0m 2026-02-01 16:18:37,786 - __main__ - INFO - Round 0 finished. Loss: 0.0000, Acc: 0.00%
[33mserver_1      |[0m INFO:werkzeug:172.18.0.8 - - [01/Feb/2026 16:18:37] "[31m[1mPOST /submit_update HTTP/1.1[0m" 400 -
[36mclient_010_1  |[0m 2026-02-01 16:18:37,874 - __main__ - ERROR - Update submission failed: {"error":"Not accepting updates"}
[36mclient_010_1  |[0m 
[36mclient_010_1  |[0m 2026-02-01 16:18:37,874 - __main__ - INFO - Update submitted for Round 0. Waiting...
[36mdocker-tc     |[0m [2026-02-01T16:18:37+00:00] [400d2991ffaf] Set delay=20ms on vethfd394a3
[36mdocker-tc     |[0m [2026-02-01T16:18:37+00:00] [400d2991ffaf] Set bandwidth-limit=1gbit on vethfd394a3
[36mdocker-tc     |[0m [2026-02-01T16:18:38+00:00] [400d2991ffaf] Controlling traffic of the container /fl-rest_client_009_1 on vethfd394a3
[32;1mclient_007_1  |[0m 2026-02-01 16:18:38,715 - __main__ - INFO - Round 0 finished. Loss: 0.0000, Acc: 0.00%
[33;1mclient_006_1  |[0m 2026-02-01 16:18:38,728 - __main__ - INFO - Round 0 finished. Loss: 0.0000, Acc: 0.00%
[33mserver_1      |[0m INFO:werkzeug:172.18.0.18 - - [01/Feb/2026 16:18:38] "[31m[1mPOST /submit_update HTTP/1.1[0m" 400 -
[33mserver_1      |[0m INFO:werkzeug:172.18.0.21 - - [01/Feb/2026 16:18:38] "[31m[1mPOST /submit_update HTTP/1.1[0m" 400 -
[32;1mclient_007_1  |[0m 2026-02-01 16:18:38,785 - __main__ - ERROR - Update submission failed: {"error":"Not accepting updates"}
[32;1mclient_007_1  |[0m 
[32;1mclient_007_1  |[0m 2026-02-01 16:18:38,785 - __main__ - INFO - Update submitted for Round 0. Waiting...
[33;1mclient_006_1  |[0m 2026-02-01 16:18:38,795 - __main__ - ERROR - Update submission failed: {"error":"Not accepting updates"}
[33;1mclient_006_1  |[0m 
[33;1mclient_006_1  |[0m 2026-02-01 16:18:38,795 - __main__ - INFO - Update submitted for Round 0. Waiting...
[33mserver_1      |[0m INFO:server.aggregator:--- [METRIC] Weight Divergence: 1.6212
[33mserver_1      |[0m INFO:server.aggregator:FedAvg aggregation complete.
[33mserver_1      |[0m INFO:__main__:Aggregation complete.
[33mserver_1      |[0m ⏱️ [TIME] Client client_005 finished training in 2.61s
[33mserver_1      |[0m ⏱️ [TIME] Client client_009 finished training in 3.10s
[33mserver_1      |[0m ⏱️ [TIME] Client client_008 finished training in 2.12s
[33mserver_1      |[0m ⏱️ [TIME] Client client_002 finished training in 3.43s
[33mserver_1      |[0m ⏱️ [TIME] Client client_001 finished training in 3.65s
[33mserver_1      |[0m DEBUG: ⚠️ MY CUSTOM AGGREGATOR IS RUNNING ⚠️
[33mserver_1      |[0m INFO:__main__:💾 Saving metrics to results/metrics.csv...
[33mserver_1      |[0m INFO:__main__:--- Round 0 Acc: 19.77%, Loss: 2.1894 ---
[33mserver_1      |[0m INFO:__main__:--- Starting Round 1. Timeout: 600s ---
[33mserver_1      |[0m INFO:werkzeug:172.18.0.20 - - [01/Feb/2026 16:18:40] "POST /submit_update HTTP/1.1" 200 -
[33mclient_001_1  |[0m 2026-02-01 16:18:40,033 - __main__ - INFO - 🚀 Model update submitted successfully.
[33mclient_001_1  |[0m 2026-02-01 16:18:40,033 - __main__ - INFO - Update submitted for Round 0. Waiting...
[35mclient_003_1  |[0m 2026-02-01 16:18:40,414 - __main__ - INFO - Round 0 finished. Loss: 0.0000, Acc: 0.00%
[33mserver_1      |[0m INFO:__main__:Received update from client_003
[33mserver_1      |[0m INFO:werkzeug:172.18.0.19 - - [01/Feb/2026 16:18:40] "POST /submit_update HTTP/1.1" 200 -
[35mclient_003_1  |[0m 2026-02-01 16:18:40,549 - __main__ - INFO - 🚀 Model update submitted successfully.
[35mclient_003_1  |[0m 2026-02-01 16:18:40,549 - __main__ - INFO - Update submitted for Round 0. Waiting...
[36;1mclient_005_1  |[0m 2026-02-01 16:18:45,744 - __main__ - INFO - --- New Round Detected: 1 ---
[33mserver_1      |[0m INFO:werkzeug:172.18.0.14 - - [01/Feb/2026 16:18:45] "GET /download_model?round=1 HTTP/1.1" 200 -
[34;1mclient_009_1  |[0m 2026-02-01 16:18:46,117 - __main__ - INFO - --- New Round Detected: 1 ---
[33mserver_1      |[0m INFO:werkzeug:172.18.0.22 - - [01/Feb/2026 16:18:46] "GET /download_model?round=1 HTTP/1.1" 200 -
[35;1mclient_008_1  |[0m 2026-02-01 16:18:46,184 - __main__ - INFO - --- New Round Detected: 1 ---
[33mserver_1      |[0m INFO:werkzeug:172.18.0.15 - - [01/Feb/2026 16:18:46] "GET /download_model?round=1 HTTP/1.1" 200 -
[32mclient_002_1  |[0m 2026-02-01 16:18:46,833 - __main__ - INFO - --- New Round Detected: 1 ---
[33mserver_1      |[0m INFO:werkzeug:172.18.0.6 - - [01/Feb/2026 16:18:46] "GET /download_model?round=1 HTTP/1.1" 200 -
[34mclient_004_1  |[0m 2026-02-01 16:18:47,517 - __main__ - INFO - --- New Round Detected: 1 ---
[33mserver_1      |[0m INFO:werkzeug:172.18.0.9 - - [01/Feb/2026 16:18:47] "GET /download_model?round=1 HTTP/1.1" 200 -
[36mclient_010_1  |[0m 2026-02-01 16:18:47,936 - __main__ - INFO - --- New Round Detected: 1 ---
[33mserver_1      |[0m INFO:werkzeug:172.18.0.8 - - [01/Feb/2026 16:18:47] "GET /download_model?round=1 HTTP/1.1" 200 -
[36;1mclient_005_1  |[0m 2026-02-01 16:18:48,061 - __main__ - INFO - Round 1 finished. Loss: 0.0000, Acc: 0.00%
[33mserver_1      |[0m INFO:__main__:Received update from client_005
[33mserver_1      |[0m INFO:werkzeug:172.18.0.14 - - [01/Feb/2026 16:18:48] "POST /submit_update HTTP/1.1" 200 -
[36;1mclient_005_1  |[0m 2026-02-01 16:18:48,217 - __main__ - INFO - 🚀 Model update submitted successfully.
[36;1mclient_005_1  |[0m 2026-02-01 16:18:48,217 - __main__ - INFO - Update submitted for Round 1. Waiting...
[34;1mclient_009_1  |[0m 2026-02-01 16:18:48,852 - __main__ - INFO - Round 1 finished. Loss: 0.0000, Acc: 0.00%
[32;1mclient_007_1  |[0m 2026-02-01 16:18:48,865 - __main__ - INFO - --- New Round Detected: 1 ---
[33;1mclient_006_1  |[0m 2026-02-01 16:18:48,875 - __main__ - INFO - --- New Round Detected: 1 ---
[35;1mclient_008_1  |[0m 2026-02-01 16:18:48,888 - __main__ - INFO - Round 1 finished. Loss: 0.0000, Acc: 0.00%
[33mserver_1      |[0m INFO:werkzeug:172.18.0.18 - - [01/Feb/2026 16:18:48] "GET /download_model?round=1 HTTP/1.1" 200 -
[33mserver_1      |[0m INFO:werkzeug:172.18.0.21 - - [01/Feb/2026 16:18:48] "GET /download_model?round=1 HTTP/1.1" 200 -
[33mserver_1      |[0m INFO:__main__:Received update from client_009
[33mserver_1      |[0m INFO:werkzeug:172.18.0.22 - - [01/Feb/2026 16:18:48] "POST /submit_update HTTP/1.1" 200 -
[34;1mclient_009_1  |[0m 2026-02-01 16:18:49,007 - __main__ - INFO - 🚀 Model update submitted successfully.
[34;1mclient_009_1  |[0m 2026-02-01 16:18:49,007 - __main__ - INFO - Update submitted for Round 1. Waiting...
[33mserver_1      |[0m INFO:__main__:Received update from client_008
[33mserver_1      |[0m INFO:werkzeug:172.18.0.15 - - [01/Feb/2026 16:18:49] "POST /submit_update HTTP/1.1" 200 -
[35;1mclient_008_1  |[0m 2026-02-01 16:18:49,075 - __main__ - INFO - 🚀 Model update submitted successfully.
[35;1mclient_008_1  |[0m 2026-02-01 16:18:49,075 - __main__ - INFO - Update submitted for Round 1. Waiting...
[32mclient_002_1  |[0m 2026-02-01 16:18:49,095 - __main__ - INFO - Round 1 finished. Loss: 0.0000, Acc: 0.00%
[33mserver_1      |[0m INFO:__main__:Received update from client_002
[33mserver_1      |[0m INFO:__main__:--- Aggregating 5 updates ---
[33mserver_1      |[0m INFO:__main__:⚡ Using Custom Aggregator with Drift Metric...
[33mserver_1      |[0m INFO:server.aggregator:Starting FedAvg aggregation for 5 clients.
[34mclient_004_1  |[0m 2026-02-01 16:18:50,020 - __main__ - INFO - Round 1 finished. Loss: 0.0000, Acc: 0.00%
[33mserver_1      |[0m INFO:werkzeug:172.18.0.9 - - [01/Feb/2026 16:18:50] "[31m[1mPOST /submit_update HTTP/1.1[0m" 400 -
[33mclient_001_1  |[0m 2026-02-01 16:18:50,197 - __main__ - INFO - --- New Round Detected: 1 ---
[34mclient_004_1  |[0m 2026-02-01 16:18:50,205 - __main__ - ERROR - Update submission failed: {"error":"Not accepting updates"}
[34mclient_004_1  |[0m 
[34mclient_004_1  |[0m 2026-02-01 16:18:50,206 - __main__ - INFO - Update submitted for Round 1. Waiting...
[33mserver_1      |[0m INFO:werkzeug:172.18.0.20 - - [01/Feb/2026 16:18:50] "GET /download_model?round=1 HTTP/1.1" 200 -
[36mclient_010_1  |[0m 2026-02-01 16:18:50,345 - __main__ - INFO - Round 1 finished. Loss: 0.0000, Acc: 0.00%
[33mserver_1      |[0m INFO:werkzeug:172.18.0.8 - - [01/Feb/2026 16:18:50] "[31m[1mPOST /submit_update HTTP/1.1[0m" 400 -
[36mclient_010_1  |[0m 2026-02-01 16:18:50,408 - __main__ - ERROR - Update submission failed: {"error":"Not accepting updates"}
[36mclient_010_1  |[0m 
[36mclient_010_1  |[0m 2026-02-01 16:18:50,408 - __main__ - INFO - Update submitted for Round 1. Waiting...
[35mclient_003_1  |[0m 2026-02-01 16:18:50,611 - __main__ - INFO - --- New Round Detected: 1 ---
[33mserver_1      |[0m INFO:werkzeug:172.18.0.19 - - [01/Feb/2026 16:18:50] "GET /download_model?round=1 HTTP/1.1" 200 -
[33mserver_1      |[0m INFO:server.aggregator:--- [METRIC] Weight Divergence: 1.7623
[33mserver_1      |[0m INFO:server.aggregator:FedAvg aggregation complete.
[33mserver_1      |[0m INFO:__main__:Aggregation complete.
[33mserver_1      |[0m ⏱️ [TIME] Client client_003 finished training in 6.56s
[33mserver_1      |[0m ⏱️ [TIME] Client client_005 finished training in 2.11s
[33mserver_1      |[0m ⏱️ [TIME] Client client_009 finished training in 2.51s
[33mserver_1      |[0m ⏱️ [TIME] Client client_008 finished training in 2.49s
[33mserver_1      |[0m ⏱️ [TIME] Client client_002 finished training in 2.05s
[33mserver_1      |[0m DEBUG: ⚠️ MY CUSTOM AGGREGATOR IS RUNNING ⚠️
[33mserver_1      |[0m INFO:__main__:💾 Saving metrics to results/metrics.csv...
[33mserver_1      |[0m INFO:__main__:--- Round 1 Acc: 27.46%, Loss: 1.9628 ---
[33mserver_1      |[0m INFO:__main__:--- Starting Round 2. Timeout: 600s ---
[33mserver_1      |[0m INFO:werkzeug:172.18.0.6 - - [01/Feb/2026 16:18:51] "POST /submit_update HTTP/1.1" 200 -
[32mclient_002_1  |[0m 2026-02-01 16:18:51,956 - __main__ - INFO - 🚀 Model update submitted successfully.
[32mclient_002_1  |[0m 2026-02-01 16:18:51,956 - __main__ - INFO - Update submitted for Round 1. Waiting...
[32;1mclient_007_1  |[0m 2026-02-01 16:18:53,013 - __main__ - INFO - Round 1 finished. Loss: 0.0000, Acc: 0.00%
[33mserver_1      |[0m INFO:__main__:Received update from client_007
[33mserver_1      |[0m INFO:werkzeug:172.18.0.18 - - [01/Feb/2026 16:18:53] "POST /submit_update HTTP/1.1" 200 -
[32;1mclient_007_1  |[0m 2026-02-01 16:18:53,153 - __main__ - INFO - 🚀 Model update submitted successfully.
[32;1mclient_007_1  |[0m 2026-02-01 16:18:53,153 - __main__ - INFO - Update submitted for Round 1. Waiting...
[33mclient_001_1  |[0m 2026-02-01 16:18:53,191 - __main__ - INFO - Round 1 finished. Loss: 0.0000, Acc: 0.00%
[33mserver_1      |[0m INFO:__main__:Received update from client_001
[33mserver_1      |[0m INFO:werkzeug:172.18.0.20 - - [01/Feb/2026 16:18:53] "POST /submit_update HTTP/1.1" 200 -
[33mclient_001_1  |[0m 2026-02-01 16:18:53,328 - __main__ - INFO - 🚀 Model update submitted successfully.
[33mclient_001_1  |[0m 2026-02-01 16:18:53,328 - __main__ - INFO - Update submitted for Round 1. Waiting...
[33;1mclient_006_1  |[0m 2026-02-01 16:18:54,153 - __main__ - INFO - Round 1 finished. Loss: 0.0000, Acc: 0.00%
[33mserver_1      |[0m INFO:__main__:Received update from client_006
[33mserver_1      |[0m INFO:werkzeug:172.18.0.21 - - [01/Feb/2026 16:18:54] "POST /submit_update HTTP/1.1" 200 -
[33;1mclient_006_1  |[0m 2026-02-01 16:18:54,294 - __main__ - INFO - 🚀 Model update submitted successfully.
[33;1mclient_006_1  |[0m 2026-02-01 16:18:54,294 - __main__ - INFO - Update submitted for Round 1. Waiting...
[35mclient_003_1  |[0m 2026-02-01 16:18:57,151 - __main__ - INFO - Round 1 finished. Loss: 0.0000, Acc: 0.00%
[33mserver_1      |[0m INFO:__main__:Received update from client_003
[33mserver_1      |[0m INFO:werkzeug:172.18.0.19 - - [01/Feb/2026 16:18:57] "POST /submit_update HTTP/1.1" 200 -
[35mclient_003_1  |[0m 2026-02-01 16:18:57,287 - __main__ - INFO - 🚀 Model update submitted successfully.
[35mclient_003_1  |[0m 2026-02-01 16:18:57,287 - __main__ - INFO - Update submitted for Round 1. Waiting...
[36;1mclient_005_1  |[0m 2026-02-01 16:18:58,279 - __main__ - INFO - --- New Round Detected: 2 ---
[33mserver_1      |[0m INFO:werkzeug:172.18.0.14 - - [01/Feb/2026 16:18:58] "GET /download_model?round=2 HTTP/1.1" 200 -
[34;1mclient_009_1  |[0m 2026-02-01 16:18:59,070 - __main__ - INFO - --- New Round Detected: 2 ---
[33mserver_1      |[0m INFO:werkzeug:172.18.0.22 - - [01/Feb/2026 16:18:59] "GET /download_model?round=2 HTTP/1.1" 200 -
[35;1mclient_008_1  |[0m 2026-02-01 16:18:59,139 - __main__ - INFO - --- New Round Detected: 2 ---
[33mserver_1      |[0m INFO:werkzeug:172.18.0.15 - - [01/Feb/2026 16:18:59] "GET /download_model?round=2 HTTP/1.1" 200 -
[34mclient_004_1  |[0m 2026-02-01 16:19:00,282 - __main__ - INFO - --- New Round Detected: 2 ---
[33mserver_1      |[0m INFO:werkzeug:172.18.0.9 - - [01/Feb/2026 16:19:00] "GET /download_model?round=2 HTTP/1.1" 200 -
[36mclient_010_1  |[0m 2026-02-01 16:19:00,482 - __main__ - INFO - --- New Round Detected: 2 ---
[33mserver_1      |[0m INFO:werkzeug:172.18.0.8 - - [01/Feb/2026 16:19:00] "GET /download_model?round=2 HTTP/1.1" 200 -
[36;1mclient_005_1  |[0m 2026-02-01 16:19:00,549 - __main__ - INFO - Round 2 finished. Loss: 0.0000, Acc: 0.00%
[33mserver_1      |[0m INFO:__main__:Received update from client_005
[33mserver_1      |[0m INFO:__main__:--- Aggregating 5 updates ---
[33mserver_1      |[0m INFO:__main__:⚡ Using Custom Aggregator with Drift Metric...
[33mserver_1      |[0m INFO:server.aggregator:Starting FedAvg aggregation for 5 clients.
[34;1mclient_009_1  |[0m 2026-02-01 16:19:00,860 - __main__ - INFO - Round 2 finished. Loss: 0.0000, Acc: 0.00%
[33mserver_1      |[0m INFO:werkzeug:172.18.0.22 - - [01/Feb/2026 16:19:00] "[31m[1mPOST /submit_update HTTP/1.1[0m" 400 -
[34;1mclient_009_1  |[0m 2026-02-01 16:19:00,932 - __main__ - ERROR - Update submission failed: {"error":"Not accepting updates"}
[34;1mclient_009_1  |[0m 
[34;1mclient_009_1  |[0m 2026-02-01 16:19:00,932 - __main__ - INFO - Update submitted for Round 2. Waiting...
[35;1mclient_008_1  |[0m 2026-02-01 16:19:01,909 - __main__ - INFO - Round 2 finished. Loss: 0.0000, Acc: 0.00%
[33mserver_1      |[0m INFO:werkzeug:172.18.0.15 - - [01/Feb/2026 16:19:01] "[31m[1mPOST /submit_update HTTP/1.1[0m" 400 -
[35;1mclient_008_1  |[0m 2026-02-01 16:19:01,974 - __main__ - ERROR - Update submission failed: {"error":"Not accepting updates"}
[35;1mclient_008_1  |[0m 
[35;1mclient_008_1  |[0m 2026-02-01 16:19:01,976 - __main__ - INFO - Update submitted for Round 2. Waiting...
[32mclient_002_1  |[0m 2026-02-01 16:19:02,039 - __main__ - INFO - --- New Round Detected: 2 ---
[33mserver_1      |[0m INFO:werkzeug:172.18.0.6 - - [01/Feb/2026 16:19:02] "GET /download_model?round=2 HTTP/1.1" 200 -
[33mserver_1      |[0m INFO:server.aggregator:--- [METRIC] Weight Divergence: 1.7103
[33mserver_1      |[0m INFO:server.aggregator:FedAvg aggregation complete.
[33mserver_1      |[0m INFO:__main__:Aggregation complete.
[34mclient_004_1  |[0m 2026-02-01 16:19:02,801 - __main__ - INFO - Round 2 finished. Loss: 0.0000, Acc: 0.00%
[33mserver_1      |[0m ⏱️ [TIME] Client client_007 finished training in 3.93s
[33mserver_1      |[0m ⏱️ [TIME] Client client_001 finished training in 2.75s
[33mserver_1      |[0m ⏱️ [TIME] Client client_006 finished training in 5.03s
[33mserver_1      |[0m ⏱️ [TIME] Client client_003 finished training in 6.32s
[33mserver_1      |[0m ⏱️ [TIME] Client client_005 finished training in 2.05s
[33mserver_1      |[0m DEBUG: ⚠️ MY CUSTOM AGGREGATOR IS RUNNING ⚠️
[33mserver_1      |[0m INFO:werkzeug:172.18.0.9 - - [01/Feb/2026 16:19:03] "[31m[1mPOST /submit_update HTTP/1.1[0m" 400 -
[34mclient_004_1  |[0m 2026-02-01 16:19:03,087 - __main__ - ERROR - Update submission failed: {"error":"Not accepting updates"}
[34mclient_004_1  |[0m 
[34mclient_004_1  |[0m 2026-02-01 16:19:03,087 - __main__ - INFO - Update submitted for Round 2. Waiting...
[32;1mclient_007_1  |[0m 2026-02-01 16:19:03,345 - __main__ - INFO - --- New Round Detected: 2 ---
[33mserver_1      |[0m INFO:werkzeug:172.18.0.18 - - [01/Feb/2026 16:19:03] "GET /download_model?round=2 HTTP/1.1" 200 -
[33mclient_001_1  |[0m 2026-02-01 16:19:03,390 - __main__ - INFO - --- New Round Detected: 2 ---
[33mserver_1      |[0m INFO:werkzeug:172.18.0.20 - - [01/Feb/2026 16:19:03] "GET /download_model?round=2 HTTP/1.1" 200 -
[36mclient_010_1  |[0m 2026-02-01 16:19:03,427 - __main__ - INFO - Round 2 finished. Loss: 0.0000, Acc: 0.00%
[33mserver_1      |[0m INFO:werkzeug:172.18.0.8 - - [01/Feb/2026 16:19:03] "[31m[1mPOST /submit_update HTTP/1.1[0m" 400 -
[36mclient_010_1  |[0m 2026-02-01 16:19:03,492 - __main__ - ERROR - Update submission failed: {"error":"Not accepting updates"}
[36mclient_010_1  |[0m 
[36mclient_010_1  |[0m 2026-02-01 16:19:03,492 - __main__ - INFO - Update submitted for Round 2. Waiting...
[33mserver_1      |[0m INFO:__main__:💾 Saving metrics to results/metrics.csv...
[33mserver_1      |[0m INFO:__main__:--- Round 2 Acc: 24.45%, Loss: 1.9281 ---
[33mserver_1      |[0m INFO:__main__:--- Starting Round 3. Timeout: 600s ---
[33mserver_1      |[0m INFO:werkzeug:172.18.0.14 - - [01/Feb/2026 16:19:04] "POST /submit_update HTTP/1.1" 200 -
[36;1mclient_005_1  |[0m 2026-02-01 16:19:04,036 - __main__ - INFO - 🚀 Model update submitted successfully.
[36;1mclient_005_1  |[0m 2026-02-01 16:19:04,036 - __main__ - INFO - Update submitted for Round 2. Waiting...
[33;1mclient_006_1  |[0m 2026-02-01 16:19:04,355 - __main__ - INFO - --- New Round Detected: 3 ---
[33mserver_1      |[0m INFO:werkzeug:172.18.0.21 - - [01/Feb/2026 16:19:04] "GET /download_model?round=3 HTTP/1.1" 200 -
[32mclient_002_1  |[0m 2026-02-01 16:19:05,215 - __main__ - INFO - Round 2 finished. Loss: 0.0000, Acc: 0.00%
[33mserver_1      |[0m INFO:__main__:Received update from client_002
[33mserver_1      |[0m INFO:werkzeug:172.18.0.6 - - [01/Feb/2026 16:19:05] "POST /submit_update HTTP/1.1" 200 -
[32mclient_002_1  |[0m 2026-02-01 16:19:05,349 - __main__ - INFO - 🚀 Model update submitted successfully.
[32mclient_002_1  |[0m 2026-02-01 16:19:05,350 - __main__ - INFO - Update submitted for Round 2. Waiting...
[33mclient_001_1  |[0m 2026-02-01 16:19:06,540 - __main__ - INFO - Round 2 finished. Loss: 0.0000, Acc: 0.00%
[33mserver_1      |[0m INFO:__main__:Received update from client_001
[33mserver_1      |[0m INFO:werkzeug:172.18.0.20 - - [01/Feb/2026 16:19:06] "POST /submit_update HTTP/1.1" 200 -
[33mclient_001_1  |[0m 2026-02-01 16:19:06,675 - __main__ - INFO - 🚀 Model update submitted successfully.
[33mclient_001_1  |[0m 2026-02-01 16:19:06,675 - __main__ - INFO - Update submitted for Round 2. Waiting...
[35mclient_003_1  |[0m 2026-02-01 16:19:07,371 - __main__ - INFO - --- New Round Detected: 3 ---
[33mserver_1      |[0m INFO:werkzeug:172.18.0.19 - - [01/Feb/2026 16:19:07] "GET /download_model?round=3 HTTP/1.1" 200 -
[32;1mclient_007_1  |[0m 2026-02-01 16:19:08,646 - __main__ - INFO - Round 2 finished. Loss: 0.0000, Acc: 0.00%
[33mserver_1      |[0m INFO:__main__:Received update from client_007
[33mserver_1      |[0m INFO:werkzeug:172.18.0.18 - - [01/Feb/2026 16:19:08] "POST /submit_update HTTP/1.1" 200 -
[32;1mclient_007_1  |[0m 2026-02-01 16:19:08,781 - __main__ - INFO - 🚀 Model update submitted successfully.
[32;1mclient_007_1  |[0m 2026-02-01 16:19:08,781 - __main__ - INFO - Update submitted for Round 2. Waiting...
[33;1mclient_006_1  |[0m 2026-02-01 16:19:09,296 - __main__ - INFO - Round 3 finished. Loss: 0.0000, Acc: 0.00%
[33mserver_1      |[0m INFO:__main__:Received update from client_006
[33mserver_1      |[0m INFO:werkzeug:172.18.0.21 - - [01/Feb/2026 16:19:09] "POST /submit_update HTTP/1.1" 200 -
[33;1mclient_006_1  |[0m 2026-02-01 16:19:09,433 - __main__ - INFO - 🚀 Model update submitted successfully.
[33;1mclient_006_1  |[0m 2026-02-01 16:19:09,434 - __main__ - INFO - Update submitted for Round 3. Waiting...
[34;1mclient_009_1  |[0m 2026-02-01 16:19:10,994 - __main__ - INFO - --- New Round Detected: 3 ---
[33mserver_1      |[0m INFO:werkzeug:172.18.0.22 - - [01/Feb/2026 16:19:11] "GET /download_model?round=3 HTTP/1.1" 200 -
[35;1mclient_008_1  |[0m 2026-02-01 16:19:12,049 - __main__ - INFO - --- New Round Detected: 3 ---
[33mserver_1      |[0m INFO:werkzeug:172.18.0.15 - - [01/Feb/2026 16:19:12] "GET /download_model?round=3 HTTP/1.1" 200 -
[34mclient_004_1  |[0m 2026-02-01 16:19:13,169 - __main__ - INFO - --- New Round Detected: 3 ---
[33mserver_1      |[0m INFO:werkzeug:172.18.0.9 - - [01/Feb/2026 16:19:13] "GET /download_model?round=3 HTTP/1.1" 200 -
[35mclient_003_1  |[0m 2026-02-01 16:19:13,237 - __main__ - INFO - Round 3 finished. Loss: 0.0000, Acc: 0.00%
[33mserver_1      |[0m INFO:__main__:Received update from client_003
[33mserver_1      |[0m INFO:__main__:--- Aggregating 5 updates ---
[33mserver_1      |[0m INFO:__main__:⚡ Using Custom Aggregator with Drift Metric...
[33mserver_1      |[0m INFO:server.aggregator:Starting FedAvg aggregation for 5 clients.
[36mclient_010_1  |[0m 2026-02-01 16:19:13,556 - __main__ - INFO - --- New Round Detected: 3 ---
[33mserver_1      |[0m INFO:werkzeug:172.18.0.8 - - [01/Feb/2026 16:19:13] "GET /download_model?round=3 HTTP/1.1" 200 -
[36;1mclient_005_1  |[0m 2026-02-01 16:19:14,099 - __main__ - INFO - --- New Round Detected: 3 ---
[33mserver_1      |[0m INFO:werkzeug:172.18.0.14 - - [01/Feb/2026 16:19:14] "GET /download_model?round=3 HTTP/1.1" 200 -
[34;1mclient_009_1  |[0m 2026-02-01 16:19:14,241 - __main__ - INFO - Round 3 finished. Loss: 0.0000, Acc: 0.00%
[33mserver_1      |[0m INFO:werkzeug:172.18.0.22 - - [01/Feb/2026 16:19:14] "[31m[1mPOST /submit_update HTTP/1.1[0m" 400 -
[34;1mclient_009_1  |[0m 2026-02-01 16:19:14,305 - __main__ - ERROR - Update submission failed: {"error":"Not accepting updates"}
[34;1mclient_009_1  |[0m 
[34;1mclient_009_1  |[0m 2026-02-01 16:19:14,306 - __main__ - INFO - Update submitted for Round 3. Waiting...
[35;1mclient_008_1  |[0m 2026-02-01 16:19:14,684 - __main__ - INFO - Round 3 finished. Loss: 0.0000, Acc: 0.00%
[33mserver_1      |[0m INFO:werkzeug:172.18.0.15 - - [01/Feb/2026 16:19:14] "[31m[1mPOST /submit_update HTTP/1.1[0m" 400 -
[35;1mclient_008_1  |[0m 2026-02-01 16:19:14,782 - __main__ - ERROR - Update submission failed: {"error":"Not accepting updates"}
[35;1mclient_008_1  |[0m 
[35;1mclient_008_1  |[0m 2026-02-01 16:19:14,782 - __main__ - INFO - Update submitted for Round 3. Waiting...
[32mclient_002_1  |[0m 2026-02-01 16:19:15,425 - __main__ - INFO - --- New Round Detected: 3 ---
[33mserver_1      |[0m INFO:werkzeug:172.18.0.6 - - [01/Feb/2026 16:19:15] "GET /download_model?round=3 HTTP/1.1" 200 -
[33mserver_1      |[0m INFO:server.aggregator:--- [METRIC] Weight Divergence: 1.7929
[33mserver_1      |[0m INFO:server.aggregator:FedAvg aggregation complete.
[33mserver_1      |[0m INFO:__main__:Aggregation complete.
[33mserver_1      |[0m ⏱️ [TIME] Client client_002 finished training in 2.95s
[33mserver_1      |[0m ⏱️ [TIME] Client client_001 finished training in 2.92s
[33mserver_1      |[0m ⏱️ [TIME] Client client_007 finished training in 5.10s
[33mserver_1      |[0m ⏱️ [TIME] Client client_006 finished training in 4.69s
[33mserver_1      |[0m ⏱️ [TIME] Client client_003 finished training in 5.53s
[33mserver_1      |[0m DEBUG: ⚠️ MY CUSTOM AGGREGATOR IS RUNNING ⚠️
[36;1mclient_005_1  |[0m 2026-02-01 16:19:16,081 - __main__ - INFO - Round 3 finished. Loss: 0.0000, Acc: 0.00%
[33mserver_1      |[0m INFO:werkzeug:172.18.0.14 - - [01/Feb/2026 16:19:16] "[31m[1mPOST /submit_update HTTP/1.1[0m" 400 -
[36;1mclient_005_1  |[0m 2026-02-01 16:19:16,151 - __main__ - ERROR - Update submission failed: {"error":"Not accepting updates"}
[36;1mclient_005_1  |[0m 
[36;1mclient_005_1  |[0m 2026-02-01 16:19:16,151 - __main__ - INFO - Update submitted for Round 3. Waiting...
[33mclient_001_1  |[0m 2026-02-01 16:19:16,738 - __main__ - INFO - --- New Round Detected: 3 ---
[33mserver_1      |[0m INFO:werkzeug:172.18.0.20 - - [01/Feb/2026 16:19:16] "GET /download_model?round=3 HTTP/1.1" 200 -
[33mserver_1      |[0m INFO:__main__:💾 Saving metrics to results/metrics.csv...
[33mserver_1      |[0m INFO:__main__:--- Round 3 Acc: 28.77%, Loss: 1.8169 ---
[33mserver_1      |[0m INFO:__main__:--- Starting Round 4. Timeout: 600s ---
[33mserver_1      |[0m INFO:werkzeug:172.18.0.19 - - [01/Feb/2026 16:19:16] "POST /submit_update HTTP/1.1" 200 -
[35mclient_003_1  |[0m 2026-02-01 16:19:16,833 - __main__ - INFO - 🚀 Model update submitted successfully.
[35mclient_003_1  |[0m 2026-02-01 16:19:16,834 - __main__ - INFO - Update submitted for Round 3. Waiting...
[34mclient_004_1  |[0m 2026-02-01 16:19:17,507 - __main__ - INFO - Round 3 finished. Loss: 0.0000, Acc: 0.00%
[33mserver_1      |[0m INFO:__main__:Received update from client_004
[33mserver_1      |[0m INFO:werkzeug:172.18.0.9 - - [01/Feb/2026 16:19:17] "POST /submit_update HTTP/1.1" 200 -
[34mclient_004_1  |[0m 2026-02-01 16:19:17,642 - __main__ - INFO - 🚀 Model update submitted successfully.
[34mclient_004_1  |[0m 2026-02-01 16:19:17,643 - __main__ - INFO - Update submitted for Round 3. Waiting...
[32mclient_002_1  |[0m 2026-02-01 16:19:17,690 - __main__ - INFO - Round 3 finished. Loss: 0.0000, Acc: 0.00%
[33mserver_1      |[0m INFO:__main__:Received update from client_002
[33mserver_1      |[0m INFO:werkzeug:172.18.0.6 - - [01/Feb/2026 16:19:17] "POST /submit_update HTTP/1.1" 200 -
[32mclient_002_1  |[0m 2026-02-01 16:19:17,823 - __main__ - INFO - 🚀 Model update submitted successfully.
[32mclient_002_1  |[0m 2026-02-01 16:19:17,823 - __main__ - INFO - Update submitted for Round 3. Waiting...
[36mclient_010_1  |[0m 2026-02-01 16:19:17,971 - __main__ - INFO - Round 3 finished. Loss: 0.0000, Acc: 0.00%
[33mserver_1      |[0m INFO:__main__:Received update from client_010
[33mserver_1      |[0m INFO:werkzeug:172.18.0.8 - - [01/Feb/2026 16:19:18] "POST /submit_update HTTP/1.1" 200 -
[36mclient_010_1  |[0m 2026-02-01 16:19:18,106 - __main__ - INFO - 🚀 Model update submitted successfully.
[36mclient_010_1  |[0m 2026-02-01 16:19:18,106 - __main__ - INFO - Update submitted for Round 3. Waiting...
[32;1mclient_007_1  |[0m 2026-02-01 16:19:18,843 - __main__ - INFO - --- New Round Detected: 4 ---
[33mserver_1      |[0m INFO:werkzeug:172.18.0.18 - - [01/Feb/2026 16:19:18] "GET /download_model?round=4 HTTP/1.1" 200 -
[33;1mclient_006_1  |[0m 2026-02-01 16:19:19,505 - __main__ - INFO - --- New Round Detected: 4 ---
[33mserver_1      |[0m INFO:werkzeug:172.18.0.21 - - [01/Feb/2026 16:19:19] "GET /download_model?round=4 HTTP/1.1" 200 -
[33mclient_001_1  |[0m 2026-02-01 16:19:19,703 - __main__ - INFO - Round 3 finished. Loss: 0.0000, Acc: 0.00%
[33mserver_1      |[0m INFO:__main__:Received update from client_001
[33mserver_1      |[0m INFO:werkzeug:172.18.0.20 - - [01/Feb/2026 16:19:19] "POST /submit_update HTTP/1.1" 200 -
[33mclient_001_1  |[0m 2026-02-01 16:19:19,838 - __main__ - INFO - 🚀 Model update submitted successfully.
[33mclient_001_1  |[0m 2026-02-01 16:19:19,838 - __main__ - INFO - Update submitted for Round 3. Waiting...
[32;1mclient_007_1  |[0m 2026-02-01 16:19:23,707 - __main__ - INFO - Round 4 finished. Loss: 0.0000, Acc: 0.00%
[33mserver_1      |[0m INFO:__main__:Received update from client_007
[33mserver_1      |[0m INFO:__main__:--- Aggregating 5 updates ---
[33mserver_1      |[0m INFO:__main__:⚡ Using Custom Aggregator with Drift Metric...
[33mserver_1      |[0m INFO:server.aggregator:Starting FedAvg aggregation for 5 clients.
[34;1mclient_009_1  |[0m 2026-02-01 16:19:24,375 - __main__ - INFO - --- New Round Detected: 4 ---
[33mserver_1      |[0m INFO:werkzeug:172.18.0.22 - - [01/Feb/2026 16:19:24] "GET /download_model?round=4 HTTP/1.1" 200 -
[33;1mclient_006_1  |[0m 2026-02-01 16:19:24,525 - __main__ - INFO - Round 4 finished. Loss: 0.0000, Acc: 0.00%
[33mserver_1      |[0m INFO:werkzeug:172.18.0.21 - - [01/Feb/2026 16:19:24] "[31m[1mPOST /submit_update HTTP/1.1[0m" 400 -
[33;1mclient_006_1  |[0m 2026-02-01 16:19:24,599 - __main__ - ERROR - Update submission failed: {"error":"Not accepting updates"}
[33;1mclient_006_1  |[0m 
[33;1mclient_006_1  |[0m 2026-02-01 16:19:24,600 - __main__ - INFO - Update submitted for Round 4. Waiting...
[35;1mclient_008_1  |[0m 2026-02-01 16:19:24,861 - __main__ - INFO - --- New Round Detected: 4 ---
[33mserver_1      |[0m INFO:werkzeug:172.18.0.15 - - [01/Feb/2026 16:19:24] "GET /download_model?round=4 HTTP/1.1" 200 -
[33mserver_1      |[0m INFO:server.aggregator:--- [METRIC] Weight Divergence: 1.5122
[33mserver_1      |[0m INFO:server.aggregator:FedAvg aggregation complete.
[33mserver_1      |[0m INFO:__main__:Aggregation complete.
[33mserver_1      |[0m ⏱️ [TIME] Client client_004 finished training in 4.12s
[33mserver_1      |[0m ⏱️ [TIME] Client client_002 finished training in 2.06s
[33mserver_1      |[0m ⏱️ [TIME] Client client_010 finished training in 4.15s
[33mserver_1      |[0m ⏱️ [TIME] Client client_001 finished training in 2.71s
[33mserver_1      |[0m ⏱️ [TIME] Client client_007 finished training in 4.67s
[33mserver_1      |[0m DEBUG: ⚠️ MY CUSTOM AGGREGATOR IS RUNNING ⚠️
[36;1mclient_005_1  |[0m 2026-02-01 16:19:26,222 - __main__ - INFO - --- New Round Detected: 4 ---
[33mserver_1      |[0m INFO:werkzeug:172.18.0.14 - - [01/Feb/2026 16:19:26] "GET /download_model?round=4 HTTP/1.1" 200 -
[33mserver_1      |[0m INFO:__main__:💾 Saving metrics to results/metrics.csv...
[33mserver_1      |[0m INFO:__main__:--- Round 4 Acc: 32.11%, Loss: 1.8258 ---
[33mserver_1      |[0m INFO:__main__:--- Starting Round 5. Timeout: 600s ---
[33mserver_1      |[0m INFO:werkzeug:172.18.0.18 - - [01/Feb/2026 16:19:26] "POST /submit_update HTTP/1.1" 200 -
[32;1mclient_007_1  |[0m 2026-02-01 16:19:26,673 - __main__ - INFO - 🚀 Model update submitted successfully.
[32;1mclient_007_1  |[0m 2026-02-01 16:19:26,673 - __main__ - INFO - Update submitted for Round 4. Waiting...
[35mclient_003_1  |[0m 2026-02-01 16:19:26,896 - __main__ - INFO - --- New Round Detected: 5 ---
[33mserver_1      |[0m INFO:werkzeug:172.18.0.19 - - [01/Feb/2026 16:19:26] "GET /download_model?round=5 HTTP/1.1" 200 -
[34;1mclient_009_1  |[0m 2026-02-01 16:19:27,255 - __main__ - INFO - Round 4 finished. Loss: 0.0000, Acc: 0.00%
[33mserver_1      |[0m INFO:__main__:Received update from client_009
[33mserver_1      |[0m INFO:werkzeug:172.18.0.22 - - [01/Feb/2026 16:19:27] "POST /submit_update HTTP/1.1" 200 -
[34;1mclient_009_1  |[0m 2026-02-01 16:19:27,389 - __main__ - INFO - 🚀 Model update submitted successfully.
[34;1mclient_009_1  |[0m 2026-02-01 16:19:27,389 - __main__ - INFO - Update submitted for Round 4. Waiting...
[35;1mclient_008_1  |[0m 2026-02-01 16:19:27,538 - __main__ - INFO - Round 4 finished. Loss: 0.0000, Acc: 0.00%
[33mserver_1      |[0m INFO:__main__:Received update from client_008
[33mserver_1      |[0m INFO:werkzeug:172.18.0.15 - - [01/Feb/2026 16:19:27] "POST /submit_update HTTP/1.1" 200 -
[35;1mclient_008_1  |[0m 2026-02-01 16:19:27,673 - __main__ - INFO - 🚀 Model update submitted successfully.
[35;1mclient_008_1  |[0m 2026-02-01 16:19:27,673 - __main__ - INFO - Update submitted for Round 4. Waiting...
[34mclient_004_1  |[0m 2026-02-01 16:19:27,707 - __main__ - INFO - --- New Round Detected: 5 ---
[33mserver_1      |[0m INFO:werkzeug:172.18.0.9 - - [01/Feb/2026 16:19:27] "GET /download_model?round=5 HTTP/1.1" 200 -
[32mclient_002_1  |[0m 2026-02-01 16:19:27,885 - __main__ - INFO - --- New Round Detected: 5 ---
[33mserver_1      |[0m INFO:werkzeug:172.18.0.6 - - [01/Feb/2026 16:19:27] "GET /download_model?round=5 HTTP/1.1" 200 -
[36mclient_010_1  |[0m 2026-02-01 16:19:28,175 - __main__ - INFO - --- New Round Detected: 5 ---
[33mserver_1      |[0m INFO:werkzeug:172.18.0.8 - - [01/Feb/2026 16:19:28] "GET /download_model?round=5 HTTP/1.1" 200 -
[36;1mclient_005_1  |[0m 2026-02-01 16:19:28,671 - __main__ - INFO - Round 4 finished. Loss: 0.0000, Acc: 0.00%
[33mserver_1      |[0m INFO:__main__:Received update from client_005
[33mserver_1      |[0m INFO:werkzeug:172.18.0.14 - - [01/Feb/2026 16:19:28] "POST /submit_update HTTP/1.1" 200 -
[36;1mclient_005_1  |[0m 2026-02-01 16:19:28,806 - __main__ - INFO - 🚀 Model update submitted successfully.
[36;1mclient_005_1  |[0m 2026-02-01 16:19:28,806 - __main__ - INFO - Update submitted for Round 4. Waiting...
[33mclient_001_1  |[0m 2026-02-01 16:19:29,900 - __main__ - INFO - --- New Round Detected: 5 ---
[33mserver_1      |[0m INFO:werkzeug:172.18.0.20 - - [01/Feb/2026 16:19:29] "GET /download_model?round=5 HTTP/1.1" 200 -
[34mclient_004_1  |[0m 2026-02-01 16:19:30,062 - __main__ - INFO - Round 5 finished. Loss: 0.0000, Acc: 0.00%
[33mserver_1      |[0m INFO:__main__:Received update from client_004
[33mserver_1      |[0m INFO:werkzeug:172.18.0.9 - - [01/Feb/2026 16:19:30] "POST /submit_update HTTP/1.1" 200 -
[34mclient_004_1  |[0m 2026-02-01 16:19:30,198 - __main__ - INFO - 🚀 Model update submitted successfully.
[34mclient_004_1  |[0m 2026-02-01 16:19:30,198 - __main__ - INFO - Update submitted for Round 5. Waiting...
[32mclient_002_1  |[0m 2026-02-01 16:19:30,263 - __main__ - INFO - Round 5 finished. Loss: 0.0000, Acc: 0.00%
[33mserver_1      |[0m INFO:__main__:Received update from client_002
[33mserver_1      |[0m INFO:__main__:--- Aggregating 5 updates ---
[33mserver_1      |[0m INFO:__main__:⚡ Using Custom Aggregator with Drift Metric...
[33mserver_1      |[0m INFO:server.aggregator:Starting FedAvg aggregation for 5 clients.
[36mclient_010_1  |[0m 2026-02-01 16:19:31,517 - __main__ - INFO - Round 5 finished. Loss: 0.0000, Acc: 0.00%
[33mserver_1      |[0m INFO:werkzeug:172.18.0.8 - - [01/Feb/2026 16:19:31] "[31m[1mPOST /submit_update HTTP/1.1[0m" 400 -
[36mclient_010_1  |[0m 2026-02-01 16:19:31,583 - __main__ - ERROR - Update submission failed: {"error":"Not accepting updates"}
[36mclient_010_1  |[0m 
[36mclient_010_1  |[0m 2026-02-01 16:19:31,584 - __main__ - INFO - Update submitted for Round 5. Waiting...
[33mserver_1      |[0m INFO:server.aggregator:--- [METRIC] Weight Divergence: 1.3995
[33mserver_1      |[0m INFO:server.aggregator:FedAvg aggregation complete.
[33mserver_1      |[0m INFO:__main__:Aggregation complete.
[33mserver_1      |[0m ⏱️ [TIME] Client client_009 finished training in 2.65s
[33mserver_1      |[0m ⏱️ [TIME] Client client_008 finished training in 2.40s
[33mserver_1      |[0m ⏱️ [TIME] Client client_005 finished training in 2.22s
[33mserver_1      |[0m ⏱️ [TIME] Client client_004 finished training in 2.16s
[33mserver_1      |[0m ⏱️ [TIME] Client client_002 finished training in 2.17s
[33mserver_1      |[0m DEBUG: ⚠️ MY CUSTOM AGGREGATOR IS RUNNING ⚠️
[33mserver_1      |[0m INFO:__main__:💾 Saving metrics to results/metrics.csv...
[33mserver_1      |[0m INFO:__main__:--- Round 5 Acc: 35.65%, Loss: 1.6856 ---
[33mserver_1      |[0m INFO:__main__:--- Starting Round 6. Timeout: 600s ---
[33mserver_1      |[0m INFO:werkzeug:172.18.0.6 - - [01/Feb/2026 16:19:32] "POST /submit_update HTTP/1.1" 200 -
[35mclient_003_1  |[0m 2026-02-01 16:19:32,719 - __main__ - INFO - Round 5 finished. Loss: 0.0000, Acc: 0.00%
[32mclient_002_1  |[0m 2026-02-01 16:19:32,722 - __main__ - INFO - 🚀 Model update submitted successfully.
[32mclient_002_1  |[0m 2026-02-01 16:19:32,722 - __main__ - INFO - Update submitted for Round 5. Waiting...
[33mserver_1      |[0m INFO:__main__:Received update from client_003
[33mserver_1      |[0m INFO:werkzeug:172.18.0.19 - - [01/Feb/2026 16:19:32] "POST /submit_update HTTP/1.1" 200 -
[35mclient_003_1  |[0m 2026-02-01 16:19:32,855 - __main__ - INFO - 🚀 Model update submitted successfully.
[35mclient_003_1  |[0m 2026-02-01 16:19:32,856 - __main__ - INFO - Update submitted for Round 5. Waiting...
[33mclient_001_1  |[0m 2026-02-01 16:19:33,059 - __main__ - INFO - Round 5 finished. Loss: 0.0000, Acc: 0.00%
[33mserver_1      |[0m INFO:__main__:Received update from client_001
[33mserver_1      |[0m INFO:werkzeug:172.18.0.20 - - [01/Feb/2026 16:19:33] "POST /submit_update HTTP/1.1" 200 -
[33mclient_001_1  |[0m 2026-02-01 16:19:33,205 - __main__ - INFO - 🚀 Model update submitted successfully.
[33mclient_001_1  |[0m 2026-02-01 16:19:33,206 - __main__ - INFO - Update submitted for Round 5. Waiting...
[33;1mclient_006_1  |[0m 2026-02-01 16:19:34,672 - __main__ - INFO - --- New Round Detected: 6 ---
[33mserver_1      |[0m INFO:werkzeug:172.18.0.21 - - [01/Feb/2026 16:19:34] "GET /download_model?round=6 HTTP/1.1" 200 -
[32;1mclient_007_1  |[0m 2026-02-01 16:19:36,736 - __main__ - INFO - --- New Round Detected: 6 ---
[33mserver_1      |[0m INFO:werkzeug:172.18.0.18 - - [01/Feb/2026 16:19:36] "GET /download_model?round=6 HTTP/1.1" 200 -
[34;1mclient_009_1  |[0m 2026-02-01 16:19:37,459 - __main__ - INFO - --- New Round Detected: 6 ---
[33mserver_1      |[0m INFO:werkzeug:172.18.0.22 - - [01/Feb/2026 16:19:37] "GET /download_model?round=6 HTTP/1.1" 200 -
[33;1mclient_006_1  |[0m 2026-02-01 16:19:37,497 - __main__ - INFO - Round 6 finished. Loss: 0.0000, Acc: 0.00%
[33mserver_1      |[0m INFO:__main__:Received update from client_006
[33mserver_1      |[0m INFO:werkzeug:172.18.0.21 - - [01/Feb/2026 16:19:37] "POST /submit_update HTTP/1.1" 200 -
[33;1mclient_006_1  |[0m 2026-02-01 16:19:37,630 - __main__ - INFO - 🚀 Model update submitted successfully.
[33;1mclient_006_1  |[0m 2026-02-01 16:19:37,630 - __main__ - INFO - Update submitted for Round 6. Waiting...
[35;1mclient_008_1  |[0m 2026-02-01 16:19:37,743 - __main__ - INFO - --- New Round Detected: 6 ---
[33mserver_1      |[0m INFO:werkzeug:172.18.0.15 - - [01/Feb/2026 16:19:37] "GET /download_model?round=6 HTTP/1.1" 200 -
[36;1mclient_005_1  |[0m 2026-02-01 16:19:38,878 - __main__ - INFO - --- New Round Detected: 6 ---
[33mserver_1      |[0m INFO:werkzeug:172.18.0.14 - - [01/Feb/2026 16:19:38] "GET /download_model?round=6 HTTP/1.1" 200 -
[35;1mclient_008_1  |[0m 2026-02-01 16:19:39,881 - __main__ - INFO - Round 6 finished. Loss: 0.0000, Acc: 0.00%
[33mserver_1      |[0m INFO:__main__:Received update from client_008
[33mserver_1      |[0m INFO:werkzeug:172.18.0.15 - - [01/Feb/2026 16:19:40] "POST /submit_update HTTP/1.1" 200 -
[35;1mclient_008_1  |[0m 2026-02-01 16:19:40,038 - __main__ - INFO - 🚀 Model update submitted successfully.
[35;1mclient_008_1  |[0m 2026-02-01 16:19:40,039 - __main__ - INFO - Update submitted for Round 6. Waiting...
[34mclient_004_1  |[0m 2026-02-01 16:19:40,347 - __main__ - INFO - --- New Round Detected: 6 ---
[33mserver_1      |[0m INFO:werkzeug:172.18.0.9 - - [01/Feb/2026 16:19:40] "GET /download_model?round=6 HTTP/1.1" 200 -
[36;1mclient_005_1  |[0m 2026-02-01 16:19:40,475 - __main__ - INFO - Round 6 finished. Loss: 0.0000, Acc: 0.00%
[33mserver_1      |[0m INFO:__main__:Received update from client_005
[33mserver_1      |[0m INFO:__main__:--- Aggregating 5 updates ---
[33mserver_1      |[0m INFO:__main__:⚡ Using Custom Aggregator with Drift Metric...
[33mserver_1      |[0m INFO:server.aggregator:Starting FedAvg aggregation for 5 clients.
[32;1mclient_007_1  |[0m 2026-02-01 16:19:40,635 - __main__ - INFO - Round 6 finished. Loss: 0.0000, Acc: 0.00%
[33mserver_1      |[0m INFO:werkzeug:172.18.0.18 - - [01/Feb/2026 16:19:40] "[31m[1mPOST /submit_update HTTP/1.1[0m" 400 -
[32;1mclient_007_1  |[0m 2026-02-01 16:19:40,703 - __main__ - ERROR - Update submission failed: {"error":"Not accepting updates"}
[32;1mclient_007_1  |[0m 
[32;1mclient_007_1  |[0m 2026-02-01 16:19:40,703 - __main__ - INFO - Update submitted for Round 6. Waiting...
[34;1mclient_009_1  |[0m 2026-02-01 16:19:40,793 - __main__ - INFO - Round 6 finished. Loss: 0.0000, Acc: 0.00%
[33mserver_1      |[0m INFO:werkzeug:172.18.0.22 - - [01/Feb/2026 16:19:40] "[31m[1mPOST /submit_update HTTP/1.1[0m" 400 -
[34;1mclient_009_1  |[0m 2026-02-01 16:19:40,856 - __main__ - ERROR - Update submission failed: {"error":"Not accepting updates"}
[34;1mclient_009_1  |[0m 
[34;1mclient_009_1  |[0m 2026-02-01 16:19:40,856 - __main__ - INFO - Update submitted for Round 6. Waiting...
[36mclient_010_1  |[0m 2026-02-01 16:19:41,678 - __main__ - INFO - --- New Round Detected: 6 ---
[33mserver_1      |[0m INFO:werkzeug:172.18.0.8 - - [01/Feb/2026 16:19:41] "GET /download_model?round=6 HTTP/1.1" 200 -
[33mserver_1      |[0m INFO:server.aggregator:--- [METRIC] Weight Divergence: 1.4657
[33mserver_1      |[0m INFO:server.aggregator:FedAvg aggregation complete.
[33mserver_1      |[0m INFO:__main__:Aggregation complete.
[33mserver_1      |[0m ⏱️ [TIME] Client client_003 finished training in 5.57s
[33mserver_1      |[0m ⏱️ [TIME] Client client_001 finished training in 2.91s
[33mserver_1      |[0m ⏱️ [TIME] Client client_006 finished training in 2.64s
[33mserver_1      |[0m ⏱️ [TIME] Client client_008 finished training in 1.93s
[33mserver_1      |[0m ⏱️ [TIME] Client client_005 finished training in 1.39s
[33mserver_1      |[0m DEBUG: ⚠️ MY CUSTOM AGGREGATOR IS RUNNING ⚠️
[34mclient_004_1  |[0m 2026-02-01 16:19:42,653 - __main__ - INFO - Round 6 finished. Loss: 0.0000, Acc: 0.00%
[33mserver_1      |[0m INFO:werkzeug:172.18.0.9 - - [01/Feb/2026 16:19:42] "[31m[1mPOST /submit_update HTTP/1.1[0m" 400 -
[32mclient_002_1  |[0m 2026-02-01 16:19:42,793 - __main__ - INFO - --- New Round Detected: 6 ---
[34mclient_004_1  |[0m 2026-02-01 16:19:42,768 - __main__ - ERROR - Update submission failed: {"error":"Not accepting updates"}
[34mclient_004_1  |[0m 
[34mclient_004_1  |[0m 2026-02-01 16:19:42,768 - __main__ - INFO - Update submitted for Round 6. Waiting...
[33mserver_1      |[0m INFO:werkzeug:172.18.0.6 - - [01/Feb/2026 16:19:42] "GET /download_model?round=6 HTTP/1.1" 200 -
[35mclient_003_1  |[0m 2026-02-01 16:19:42,920 - __main__ - INFO - --- New Round Detected: 6 ---
[33mserver_1      |[0m INFO:werkzeug:172.18.0.19 - - [01/Feb/2026 16:19:42] "GET /download_model?round=6 HTTP/1.1" 200 -
[33mserver_1      |[0m INFO:__main__:💾 Saving metrics to results/metrics.csv...
[33mserver_1      |[0m INFO:__main__:--- Round 6 Acc: 41.12%, Loss: 1.6436 ---
[33mserver_1      |[0m INFO:__main__:--- Starting Round 7. Timeout: 600s ---
[33mserver_1      |[0m INFO:werkzeug:172.18.0.14 - - [01/Feb/2026 16:19:43] "POST /submit_update HTTP/1.1" 200 -
[33mclient_001_1  |[0m 2026-02-01 16:19:43,270 - __main__ - INFO - --- New Round Detected: 6 ---
[33mserver_1      |[0m INFO:werkzeug:172.18.0.20 - - [01/Feb/2026 16:19:43] "GET /download_model?round=6 HTTP/1.1" 200 -
[36;1mclient_005_1  |[0m 2026-02-01 16:19:43,298 - __main__ - INFO - 🚀 Model update submitted successfully.
[36;1mclient_005_1  |[0m 2026-02-01 16:19:43,298 - __main__ - INFO - Update submitted for Round 6. Waiting...
[36mclient_010_1  |[0m 2026-02-01 16:19:46,048 - __main__ - INFO - Round 6 finished. Loss: 0.0000, Acc: 0.00%
[33mserver_1      |[0m INFO:__main__:Received update from client_010
[33mserver_1      |[0m INFO:werkzeug:172.18.0.8 - - [01/Feb/2026 16:19:46] "POST /submit_update HTTP/1.1" 200 -
[36mclient_010_1  |[0m 2026-02-01 16:19:46,186 - __main__ - INFO - 🚀 Model update submitted successfully.
[36mclient_010_1  |[0m 2026-02-01 16:19:46,186 - __main__ - INFO - Update submitted for Round 6. Waiting...
[33mclient_001_1  |[0m 2026-02-01 16:19:46,524 - __main__ - INFO - Round 6 finished. Loss: 0.0000, Acc: 0.00%
[33mserver_1      |[0m INFO:__main__:Received update from client_001
[33mserver_1      |[0m INFO:werkzeug:172.18.0.20 - - [01/Feb/2026 16:19:46] "POST /submit_update HTTP/1.1" 200 -
[33mclient_001_1  |[0m 2026-02-01 16:19:46,660 - __main__ - INFO - 🚀 Model update submitted successfully.
[33mclient_001_1  |[0m 2026-02-01 16:19:46,660 - __main__ - INFO - Update submitted for Round 6. Waiting...
[32mclient_002_1  |[0m 2026-02-01 16:19:46,999 - __main__ - INFO - Round 6 finished. Loss: 0.0000, Acc: 0.00%
[33mserver_1      |[0m INFO:__main__:Received update from client_002
[33mserver_1      |[0m INFO:werkzeug:172.18.0.6 - - [01/Feb/2026 16:19:47] "POST /submit_update HTTP/1.1" 200 -
[32mclient_002_1  |[0m 2026-02-01 16:19:47,134 - __main__ - INFO - 🚀 Model update submitted successfully.
[32mclient_002_1  |[0m 2026-02-01 16:19:47,134 - __main__ - INFO - Update submitted for Round 6. Waiting...
[33;1mclient_006_1  |[0m 2026-02-01 16:19:47,694 - __main__ - INFO - --- New Round Detected: 7 ---
[33mserver_1      |[0m INFO:werkzeug:172.18.0.21 - - [01/Feb/2026 16:19:47] "GET /download_model?round=7 HTTP/1.1" 200 -
[35mclient_003_1  |[0m 2026-02-01 16:19:47,956 - __main__ - INFO - Round 6 finished. Loss: 0.0000, Acc: 0.00%
[33mserver_1      |[0m INFO:__main__:Received update from client_003
[33mserver_1      |[0m INFO:werkzeug:172.18.0.19 - - [01/Feb/2026 16:19:48] "POST /submit_update HTTP/1.1" 200 -
[35mclient_003_1  |[0m 2026-02-01 16:19:48,093 - __main__ - INFO - 🚀 Model update submitted successfully.
[35mclient_003_1  |[0m 2026-02-01 16:19:48,093 - __main__ - INFO - Update submitted for Round 6. Waiting...
[35;1mclient_008_1  |[0m 2026-02-01 16:19:50,101 - __main__ - INFO - --- New Round Detected: 7 ---
[33mserver_1      |[0m INFO:werkzeug:172.18.0.15 - - [01/Feb/2026 16:19:50] "GET /download_model?round=7 HTTP/1.1" 200 -
[32;1mclient_007_1  |[0m 2026-02-01 16:19:50,765 - __main__ - INFO - --- New Round Detected: 7 ---
[33mserver_1      |[0m INFO:werkzeug:172.18.0.18 - - [01/Feb/2026 16:19:50] "GET /download_model?round=7 HTTP/1.1" 200 -
[34;1mclient_009_1  |[0m 2026-02-01 16:19:50,919 - __main__ - INFO - --- New Round Detected: 7 ---
[33mserver_1      |[0m INFO:werkzeug:172.18.0.22 - - [01/Feb/2026 16:19:50] "GET /download_model?round=7 HTTP/1.1" 200 -
[33;1mclient_006_1  |[0m 2026-02-01 16:19:50,995 - __main__ - INFO - Round 7 finished. Loss: 0.0000, Acc: 0.00%
[33mserver_1      |[0m INFO:__main__:Received update from client_006
[33mserver_1      |[0m INFO:__main__:--- Aggregating 5 updates ---
[33mserver_1      |[0m INFO:__main__:⚡ Using Custom Aggregator with Drift Metric...
[33mserver_1      |[0m INFO:server.aggregator:Starting FedAvg aggregation for 5 clients.
[35;1mclient_008_1  |[0m 2026-02-01 16:19:52,817 - __main__ - INFO - Round 7 finished. Loss: 0.0000, Acc: 0.00%
[34mclient_004_1  |[0m 2026-02-01 16:19:52,884 - __main__ - INFO - --- New Round Detected: 7 ---
[33mserver_1      |[0m INFO:werkzeug:172.18.0.15 - - [01/Feb/2026 16:19:52] "[31m[1mPOST /submit_update HTTP/1.1[0m" 400 -
[33mserver_1      |[0m INFO:werkzeug:172.18.0.9 - - [01/Feb/2026 16:19:52] "GET /download_model?round=7 HTTP/1.1" 200 -
[35;1mclient_008_1  |[0m 2026-02-01 16:19:52,931 - __main__ - ERROR - Update submission failed: {"error":"Not accepting updates"}
[35;1mclient_008_1  |[0m 
[35;1mclient_008_1  |[0m 2026-02-01 16:19:52,931 - __main__ - INFO - Update submitted for Round 7. Waiting...
[33mserver_1      |[0m INFO:server.aggregator:--- [METRIC] Weight Divergence: 1.5636
[33mserver_1      |[0m INFO:server.aggregator:FedAvg aggregation complete.
[33mserver_1      |[0m INFO:__main__:Aggregation complete.
[33mserver_1      |[0m ⏱️ [TIME] Client client_010 finished training in 4.07s
[33mserver_1      |[0m ⏱️ [TIME] Client client_001 finished training in 3.05s
[33mserver_1      |[0m ⏱️ [TIME] Client client_002 finished training in 3.95s
[33mserver_1      |[0m ⏱️ [TIME] Client client_003 finished training in 4.81s
[33mserver_1      |[0m ⏱️ [TIME] Client client_006 finished training in 3.10s
[33mserver_1      |[0m DEBUG: ⚠️ MY CUSTOM AGGREGATOR IS RUNNING ⚠️
[36;1mclient_005_1  |[0m 2026-02-01 16:19:53,455 - __main__ - INFO - --- New Round Detected: 7 ---
[33mserver_1      |[0m INFO:werkzeug:172.18.0.14 - - [01/Feb/2026 16:19:53] "GET /download_model?round=7 HTTP/1.1" 200 -
[34;1mclient_009_1  |[0m 2026-02-01 16:19:54,164 - __main__ - INFO - Round 7 finished. Loss: 0.0000, Acc: 0.00%
[33mserver_1      |[0m INFO:werkzeug:172.18.0.22 - - [01/Feb/2026 16:19:54] "[31m[1mPOST /submit_update HTTP/1.1[0m" 400 -
[34;1mclient_009_1  |[0m 2026-02-01 16:19:54,308 - __main__ - ERROR - Update submission failed: {"error":"Not accepting updates"}
[34;1mclient_009_1  |[0m 
[34;1mclient_009_1  |[0m 2026-02-01 16:19:54,308 - __main__ - INFO - Update submitted for Round 7. Waiting...
[33mserver_1      |[0m INFO:__main__:💾 Saving metrics to results/metrics.csv...
[33mserver_1      |[0m INFO:__main__:--- Round 7 Acc: 43.91%, Loss: 1.5273 ---
[33mserver_1      |[0m INFO:__main__:--- Starting Round 8. Timeout: 600s ---
[33mserver_1      |[0m INFO:werkzeug:172.18.0.21 - - [01/Feb/2026 16:19:54] "POST /submit_update HTTP/1.1" 200 -
[33;1mclient_006_1  |[0m 2026-02-01 16:19:54,541 - __main__ - INFO - 🚀 Model update submitted successfully.
[33;1mclient_006_1  |[0m 2026-02-01 16:19:54,541 - __main__ - INFO - Update submitted for Round 7. Waiting...
[34mclient_004_1  |[0m 2026-02-01 16:19:55,681 - __main__ - INFO - Round 7 finished. Loss: 0.0000, Acc: 0.00%
[36;1mclient_005_1  |[0m 2026-02-01 16:19:55,697 - __main__ - INFO - Round 7 finished. Loss: 0.0000, Acc: 0.00%
[33mserver_1      |[0m INFO:__main__:Received update from client_004
[33mserver_1      |[0m INFO:werkzeug:172.18.0.9 - - [01/Feb/2026 16:19:55] "POST /submit_update HTTP/1.1" 200 -
[33mserver_1      |[0m INFO:__main__:Received update from client_005
[33mserver_1      |[0m INFO:werkzeug:172.18.0.14 - - [01/Feb/2026 16:19:55] "POST /submit_update HTTP/1.1" 200 -
[34mclient_004_1  |[0m 2026-02-01 16:19:55,821 - __main__ - INFO - 🚀 Model update submitted successfully.
[34mclient_004_1  |[0m 2026-02-01 16:19:55,822 - __main__ - INFO - Update submitted for Round 7. Waiting...
[36;1mclient_005_1  |[0m 2026-02-01 16:19:55,834 - __main__ - INFO - 🚀 Model update submitted successfully.
[36;1mclient_005_1  |[0m 2026-02-01 16:19:55,834 - __main__ - INFO - Update submitted for Round 7. Waiting...
[36mclient_010_1  |[0m 2026-02-01 16:19:56,247 - __main__ - INFO - --- New Round Detected: 8 ---
[32;1mclient_007_1  |[0m 2026-02-01 16:19:56,252 - __main__ - INFO - Round 7 finished. Loss: 0.0000, Acc: 0.00%
[33mserver_1      |[0m INFO:werkzeug:172.18.0.8 - - [01/Feb/2026 16:19:56] "GET /download_model?round=8 HTTP/1.1" 200 -
[33mserver_1      |[0m INFO:__main__:Received update from client_007
[33mserver_1      |[0m INFO:werkzeug:172.18.0.18 - - [01/Feb/2026 16:19:56] "POST /submit_update HTTP/1.1" 200 -
[32;1mclient_007_1  |[0m 2026-02-01 16:19:56,389 - __main__ - INFO - 🚀 Model update submitted successfully.
[32;1mclient_007_1  |[0m 2026-02-01 16:19:56,389 - __main__ - INFO - Update submitted for Round 7. Waiting...
[33mclient_001_1  |[0m 2026-02-01 16:19:56,723 - __main__ - INFO - --- New Round Detected: 8 ---
[33mserver_1      |[0m INFO:werkzeug:172.18.0.20 - - [01/Feb/2026 16:19:56] "GET /download_model?round=8 HTTP/1.1" 200 -
[32mclient_002_1  |[0m 2026-02-01 16:19:57,198 - __main__ - INFO - --- New Round Detected: 8 ---
[33mserver_1      |[0m INFO:werkzeug:172.18.0.6 - - [01/Feb/2026 16:19:57] "GET /download_model?round=8 HTTP/1.1" 200 -
[35mclient_003_1  |[0m 2026-02-01 16:19:58,155 - __main__ - INFO - --- New Round Detected: 8 ---
[33mserver_1      |[0m INFO:werkzeug:172.18.0.19 - - [01/Feb/2026 16:19:58] "GET /download_model?round=8 HTTP/1.1" 200 -
[33mclient_001_1  |[0m 2026-02-01 16:19:59,730 - __main__ - INFO - Round 8 finished. Loss: 0.0000, Acc: 0.00%
[33mserver_1      |[0m INFO:__main__:Received update from client_001
[33mserver_1      |[0m INFO:werkzeug:172.18.0.20 - - [01/Feb/2026 16:19:59] "POST /submit_update HTTP/1.1" 200 -
[33mclient_001_1  |[0m 2026-02-01 16:19:59,883 - __main__ - INFO - 🚀 Model update submitted successfully.
[33mclient_001_1  |[0m 2026-02-01 16:19:59,883 - __main__ - INFO - Update submitted for Round 8. Waiting...
[36mclient_010_1  |[0m 2026-02-01 16:20:00,872 - __main__ - INFO - Round 8 finished. Loss: 0.0000, Acc: 0.00%
[33mserver_1      |[0m INFO:__main__:Received update from client_010
[33mserver_1      |[0m INFO:__main__:--- Aggregating 5 updates ---
[33mserver_1      |[0m INFO:__main__:⚡ Using Custom Aggregator with Drift Metric...
[33mserver_1      |[0m INFO:server.aggregator:Starting FedAvg aggregation for 5 clients.
[32mclient_002_1  |[0m 2026-02-01 16:20:01,412 - __main__ - INFO - Round 8 finished. Loss: 0.0000, Acc: 0.00%
[33mserver_1      |[0m INFO:werkzeug:172.18.0.6 - - [01/Feb/2026 16:20:01] "[31m[1mPOST /submit_update HTTP/1.1[0m" 400 -
[32mclient_002_1  |[0m 2026-02-01 16:20:01,491 - __main__ - ERROR - Update submission failed: {"error":"Not accepting updates"}
[32mclient_002_1  |[0m 
[32mclient_002_1  |[0m 2026-02-01 16:20:01,491 - __main__ - INFO - Update submitted for Round 8. Waiting...
[33mserver_1      |[0m INFO:server.aggregator:--- [METRIC] Weight Divergence: 1.4291
[33mserver_1      |[0m INFO:server.aggregator:FedAvg aggregation complete.
[33mserver_1      |[0m INFO:__main__:Aggregation complete.
[33mserver_1      |[0m ⏱️ [TIME] Client client_004 finished training in 2.59s
[33mserver_1      |[0m ⏱️ [TIME] Client client_005 finished training in 1.95s
[33mserver_1      |[0m ⏱️ [TIME] Client client_007 finished training in 5.27s
[33mserver_1      |[0m ⏱️ [TIME] Client client_001 finished training in 2.76s
[33mserver_1      |[0m ⏱️ [TIME] Client client_010 finished training in 4.40s
[33mserver_1      |[0m DEBUG: ⚠️ MY CUSTOM AGGREGATOR IS RUNNING ⚠️
[35;1mclient_008_1  |[0m 2026-02-01 16:20:02,993 - __main__ - INFO - --- New Round Detected: 8 ---
[33mserver_1      |[0m INFO:werkzeug:172.18.0.15 - - [01/Feb/2026 16:20:03] "GET /download_model?round=8 HTTP/1.1" 200 -
[35mclient_003_1  |[0m 2026-02-01 16:20:03,569 - __main__ - INFO - Round 8 finished. Loss: 0.0000, Acc: 0.00%
[33mserver_1      |[0m INFO:werkzeug:172.18.0.19 - - [01/Feb/2026 16:20:03] "[31m[1mPOST /submit_update HTTP/1.1[0m" 400 -
[35mclient_003_1  |[0m 2026-02-01 16:20:03,706 - __main__ - ERROR - Update submission failed: {"error":"Not accepting updates"}
[35mclient_003_1  |[0m 
[35mclient_003_1  |[0m 2026-02-01 16:20:03,706 - __main__ - INFO - Update submitted for Round 8. Waiting...
[33mserver_1      |[0m INFO:__main__:💾 Saving metrics to results/metrics.csv...
[33mserver_1      |[0m INFO:__main__:--- Round 8 Acc: 40.98%, Loss: 1.5928 ---
[33mserver_1      |[0m INFO:__main__:--- Starting Round 9. Timeout: 600s ---
[33mserver_1      |[0m INFO:werkzeug:172.18.0.8 - - [01/Feb/2026 16:20:04] "POST /submit_update HTTP/1.1" 200 -
[36mclient_010_1  |[0m 2026-02-01 16:20:04,067 - __main__ - INFO - 🚀 Model update submitted successfully.
[36mclient_010_1  |[0m 2026-02-01 16:20:04,068 - __main__ - INFO - Update submitted for Round 8. Waiting...
[34;1mclient_009_1  |[0m 2026-02-01 16:20:04,372 - __main__ - INFO - --- New Round Detected: 9 ---
[33mserver_1      |[0m INFO:werkzeug:172.18.0.22 - - [01/Feb/2026 16:20:04] "GET /download_model?round=9 HTTP/1.1" 200 -
[33;1mclient_006_1  |[0m 2026-02-01 16:20:04,614 - __main__ - INFO - --- New Round Detected: 9 ---
[33mserver_1      |[0m INFO:werkzeug:172.18.0.21 - - [01/Feb/2026 16:20:04] "GET /download_model?round=9 HTTP/1.1" 200 -
[35;1mclient_008_1  |[0m 2026-02-01 16:20:05,658 - __main__ - INFO - Round 8 finished. Loss: 0.0000, Acc: 0.00%
[33mserver_1      |[0m INFO:__main__:Received update from client_008
[33mserver_1      |[0m INFO:werkzeug:172.18.0.15 - - [01/Feb/2026 16:20:05] "POST /submit_update HTTP/1.1" 200 -
[35;1mclient_008_1  |[0m 2026-02-01 16:20:05,794 - __main__ - INFO - 🚀 Model update submitted successfully.
[35;1mclient_008_1  |[0m 2026-02-01 16:20:05,794 - __main__ - INFO - Update submitted for Round 8. Waiting...
[34mclient_004_1  |[0m 2026-02-01 16:20:05,886 - __main__ - INFO - --- New Round Detected: 9 ---
[33mserver_1      |[0m INFO:werkzeug:172.18.0.9 - - [01/Feb/2026 16:20:05] "GET /download_model?round=9 HTTP/1.1" 200 -
[33mserver_1      |[0m INFO:werkzeug:172.18.0.14 - - [01/Feb/2026 16:20:05] "GET /download_model?round=9 HTTP/1.1" 200 -
[36;1mclient_005_1  |[0m 2026-02-01 16:20:05,901 - __main__ - INFO - --- New Round Detected: 9 ---
[32;1mclient_007_1  |[0m 2026-02-01 16:20:06,459 - __main__ - INFO - --- New Round Detected: 9 ---
[33mserver_1      |[0m INFO:werkzeug:172.18.0.18 - - [01/Feb/2026 16:20:06] "GET /download_model?round=9 HTTP/1.1" 200 -
[34;1mclient_009_1  |[0m 2026-02-01 16:20:07,648 - __main__ - INFO - Round 9 finished. Loss: 0.0000, Acc: 0.00%
[33mserver_1      |[0m INFO:__main__:Received update from client_009
[33mserver_1      |[0m INFO:werkzeug:172.18.0.22 - - [01/Feb/2026 16:20:07] "POST /submit_update HTTP/1.1" 200 -
[34;1mclient_009_1  |[0m 2026-02-01 16:20:07,784 - __main__ - INFO - 🚀 Model update submitted successfully.
[34;1mclient_009_1  |[0m 2026-02-01 16:20:07,784 - __main__ - INFO - Update submitted for Round 9. Waiting...
[34mclient_004_1  |[0m 2026-02-01 16:20:08,197 - __main__ - INFO - Round 9 finished. Loss: 0.0000, Acc: 0.00%
[33mserver_1      |[0m INFO:__main__:Received update from client_004
[33mserver_1      |[0m INFO:werkzeug:172.18.0.9 - - [01/Feb/2026 16:20:08] "POST /submit_update HTTP/1.1" 200 -
[34mclient_004_1  |[0m 2026-02-01 16:20:08,335 - __main__ - INFO - 🚀 Model update submitted successfully.
[34mclient_004_1  |[0m 2026-02-01 16:20:08,335 - __main__ - INFO - Update submitted for Round 9. Waiting...
[36;1mclient_005_1  |[0m 2026-02-01 16:20:08,486 - __main__ - INFO - Round 9 finished. Loss: 0.0000, Acc: 0.00%
[33mserver_1      |[0m INFO:__main__:Received update from client_005
[33mserver_1      |[0m INFO:werkzeug:172.18.0.14 - - [01/Feb/2026 16:20:08] "POST /submit_update HTTP/1.1" 200 -
[36;1mclient_005_1  |[0m 2026-02-01 16:20:08,639 - __main__ - INFO - 🚀 Model update submitted successfully.
[36;1mclient_005_1  |[0m 2026-02-01 16:20:08,639 - __main__ - INFO - Update submitted for Round 9. Waiting...
[33;1mclient_006_1  |[0m 2026-02-01 16:20:09,781 - __main__ - INFO - Round 9 finished. Loss: 0.0000, Acc: 0.00%
[33mserver_1      |[0m INFO:__main__:Received update from client_006
[33mserver_1      |[0m INFO:__main__:--- Aggregating 5 updates ---
[33mserver_1      |[0m INFO:__main__:⚡ Using Custom Aggregator with Drift Metric...
[33mserver_1      |[0m INFO:server.aggregator:Starting FedAvg aggregation for 5 clients.
[33mclient_001_1  |[0m 2026-02-01 16:20:09,961 - __main__ - INFO - --- New Round Detected: 9 ---
[33mserver_1      |[0m INFO:werkzeug:172.18.0.20 - - [01/Feb/2026 16:20:09] "GET /download_model?round=9 HTTP/1.1" 200 -
[32;1mclient_007_1  |[0m 2026-02-01 16:20:10,341 - __main__ - INFO - Round 9 finished. Loss: 0.0000, Acc: 0.00%
[33mserver_1      |[0m INFO:werkzeug:172.18.0.18 - - [01/Feb/2026 16:20:10] "[31m[1mPOST /submit_update HTTP/1.1[0m" 400 -
[32;1mclient_007_1  |[0m 2026-02-01 16:20:10,413 - __main__ - ERROR - Update submission failed: {"error":"Not accepting updates"}
[32;1mclient_007_1  |[0m 
[32;1mclient_007_1  |[0m 2026-02-01 16:20:10,413 - __main__ - INFO - Update submitted for Round 9. Waiting...
[33mserver_1      |[0m INFO:server.aggregator:--- [METRIC] Weight Divergence: 1.3946
[33mserver_1      |[0m INFO:server.aggregator:FedAvg aggregation complete.
[33mserver_1      |[0m INFO:__main__:Aggregation complete.
[33mserver_1      |[0m ⏱️ [TIME] Client client_008 finished training in 2.44s
[33mserver_1      |[0m ⏱️ [TIME] Client client_009 finished training in 3.05s
[33mserver_1      |[0m ⏱️ [TIME] Client client_004 finished training in 2.11s
[33mserver_1      |[0m ⏱️ [TIME] Client client_005 finished training in 2.36s
[33mserver_1      |[0m ⏱️ [TIME] Client client_006 finished training in 4.93s
[33mserver_1      |[0m DEBUG: ⚠️ MY CUSTOM AGGREGATOR IS RUNNING ⚠️
[33mclient_001_1  |[0m 2026-02-01 16:20:11,545 - __main__ - INFO - Round 9 finished. Loss: 0.0000, Acc: 0.00%
[32mclient_002_1  |[0m 2026-02-01 16:20:11,556 - __main__ - INFO - --- New Round Detected: 9 ---
[33mserver_1      |[0m INFO:werkzeug:172.18.0.20 - - [01/Feb/2026 16:20:11] "[31m[1mPOST /submit_update HTTP/1.1[0m" 400 -
[33mserver_1      |[0m INFO:werkzeug:172.18.0.6 - - [01/Feb/2026 16:20:11] "GET /download_model?round=9 HTTP/1.1" 200 -
[33mclient_001_1  |[0m 2026-02-01 16:20:11,637 - __main__ - ERROR - Update submission failed: {"error":"Not accepting updates"}
[33mclient_001_1  |[0m 
[33mclient_001_1  |[0m 2026-02-01 16:20:11,637 - __main__ - INFO - Update submitted for Round 9. Waiting...
[33mserver_1      |[0m INFO:__main__:💾 Saving metrics to results/metrics.csv...
[33mserver_1      |[0m INFO:__main__:--- Round 9 Acc: 44.08%, Loss: 1.5575 ---
[33mserver_1      |[0m INFO:__main__:--- Starting Round 10. Timeout: 600s ---
[33mserver_1      |[0m INFO:werkzeug:172.18.0.21 - - [01/Feb/2026 16:20:12] "POST /submit_update HTTP/1.1" 200 -
[33;1mclient_006_1  |[0m 2026-02-01 16:20:12,064 - __main__ - INFO - 🚀 Model update submitted successfully.
[33;1mclient_006_1  |[0m 2026-02-01 16:20:12,064 - __main__ - INFO - Update submitted for Round 9. Waiting...
[35mclient_003_1  |[0m 2026-02-01 16:20:13,770 - __main__ - INFO - --- New Round Detected: 10 ---
[33mserver_1      |[0m INFO:werkzeug:172.18.0.19 - - [01/Feb/2026 16:20:13] "GET /download_model?round=10 HTTP/1.1" 200 -
[36mclient_010_1  |[0m 2026-02-01 16:20:14,130 - __main__ - INFO - --- New Round Detected: 10 ---
[33mserver_1      |[0m INFO:werkzeug:172.18.0.8 - - [01/Feb/2026 16:20:14] "GET /download_model?round=10 HTTP/1.1" 200 -
[32mclient_002_1  |[0m 2026-02-01 16:20:15,531 - __main__ - INFO - Round 9 finished. Loss: 0.0000, Acc: 0.00%
[33mserver_1      |[0m INFO:__main__:Received update from client_002
[33mserver_1      |[0m INFO:werkzeug:172.18.0.6 - - [01/Feb/2026 16:20:15] "POST /submit_update HTTP/1.1" 200 -
[32mclient_002_1  |[0m 2026-02-01 16:20:15,667 - __main__ - INFO - 🚀 Model update submitted successfully.
[32mclient_002_1  |[0m 2026-02-01 16:20:15,667 - __main__ - INFO - Update submitted for Round 9. Waiting...
[35;1mclient_008_1  |[0m 2026-02-01 16:20:15,858 - __main__ - INFO - --- New Round Detected: 10 ---
[33mserver_1      |[0m INFO:werkzeug:172.18.0.15 - - [01/Feb/2026 16:20:15] "GET /download_model?round=10 HTTP/1.1" 200 -
[34;1mclient_009_1  |[0m 2026-02-01 16:20:17,851 - __main__ - INFO - --- New Round Detected: 10 ---
[33mserver_1      |[0m INFO:werkzeug:172.18.0.22 - - [01/Feb/2026 16:20:17] "GET /download_model?round=10 HTTP/1.1" 200 -
[34mclient_004_1  |[0m 2026-02-01 16:20:18,401 - __main__ - INFO - --- New Round Detected: 10 ---
[33mserver_1      |[0m INFO:werkzeug:172.18.0.9 - - [01/Feb/2026 16:20:18] "GET /download_model?round=10 HTTP/1.1" 200 -
[36mclient_010_1  |[0m 2026-02-01 16:20:18,535 - __main__ - INFO - Round 10 finished. Loss: 0.0000, Acc: 0.00%
[33mserver_1      |[0m INFO:__main__:Received update from client_010
[33mserver_1      |[0m INFO:werkzeug:172.18.0.8 - - [01/Feb/2026 16:20:18] "POST /submit_update HTTP/1.1" 200 -
[36mclient_010_1  |[0m 2026-02-01 16:20:18,671 - __main__ - INFO - 🚀 Model update submitted successfully.
[36mclient_010_1  |[0m 2026-02-01 16:20:18,672 - __main__ - INFO - Update submitted for Round 10. Waiting...
[36;1mclient_005_1  |[0m 2026-02-01 16:20:18,708 - __main__ - INFO - --- New Round Detected: 10 ---
[33mserver_1      |[0m INFO:werkzeug:172.18.0.14 - - [01/Feb/2026 16:20:18] "GET /download_model?round=10 HTTP/1.1" 200 -
[35;1mclient_008_1  |[0m 2026-02-01 16:20:18,959 - __main__ - INFO - Round 10 finished. Loss: 0.0000, Acc: 0.00%
[33mserver_1      |[0m INFO:__main__:Received update from client_008
[33mserver_1      |[0m INFO:werkzeug:172.18.0.15 - - [01/Feb/2026 16:20:19] "POST /submit_update HTTP/1.1" 200 -
[35;1mclient_008_1  |[0m 2026-02-01 16:20:19,113 - __main__ - INFO - 🚀 Model update submitted successfully.
[35;1mclient_008_1  |[0m 2026-02-01 16:20:19,114 - __main__ - INFO - Update submitted for Round 10. Waiting...
[35mclient_003_1  |[0m 2026-02-01 16:20:19,956 - __main__ - INFO - Round 10 finished. Loss: 0.0000, Acc: 0.00%
[33mserver_1      |[0m INFO:__main__:Received update from client_003
[33mserver_1      |[0m INFO:werkzeug:172.18.0.19 - - [01/Feb/2026 16:20:20] "POST /submit_update HTTP/1.1" 200 -
[35mclient_003_1  |[0m 2026-02-01 16:20:20,124 - __main__ - INFO - 🚀 Model update submitted successfully.
[35mclient_003_1  |[0m 2026-02-01 16:20:20,124 - __main__ - INFO - Update submitted for Round 10. Waiting...
[32;1mclient_007_1  |[0m 2026-02-01 16:20:20,504 - __main__ - INFO - --- New Round Detected: 10 ---
[33mserver_1      |[0m INFO:werkzeug:172.18.0.18 - - [01/Feb/2026 16:20:20] "GET /download_model?round=10 HTTP/1.1" 200 -
[34mclient_004_1  |[0m 2026-02-01 16:20:20,904 - __main__ - INFO - Round 10 finished. Loss: 0.0000, Acc: 0.00%
[33mserver_1      |[0m INFO:__main__:Received update from client_004
[33mserver_1      |[0m INFO:__main__:--- Aggregating 5 updates ---
[33mserver_1      |[0m INFO:__main__:⚡ Using Custom Aggregator with Drift Metric...
[33mserver_1      |[0m INFO:server.aggregator:Starting FedAvg aggregation for 5 clients.
[36;1mclient_005_1  |[0m 2026-02-01 16:20:21,166 - __main__ - INFO - Round 10 finished. Loss: 0.0000, Acc: 0.00%
[34;1mclient_009_1  |[0m 2026-02-01 16:20:21,191 - __main__ - INFO - Round 10 finished. Loss: 0.0000, Acc: 0.00%
[33mserver_1      |[0m INFO:werkzeug:172.18.0.14 - - [01/Feb/2026 16:20:21] "[31m[1mPOST /submit_update HTTP/1.1[0m" 400 -
[33mserver_1      |[0m INFO:werkzeug:172.18.0.22 - - [01/Feb/2026 16:20:21] "[31m[1mPOST /submit_update HTTP/1.1[0m" 400 -
[36;1mclient_005_1  |[0m 2026-02-01 16:20:21,247 - __main__ - ERROR - Update submission failed: {"error":"Not accepting updates"}
[36;1mclient_005_1  |[0m 
[36;1mclient_005_1  |[0m 2026-02-01 16:20:21,247 - __main__ - INFO - Update submitted for Round 10. Waiting...
[34;1mclient_009_1  |[0m 2026-02-01 16:20:21,255 - __main__ - ERROR - Update submission failed: {"error":"Not accepting updates"}
[34;1mclient_009_1  |[0m 
[34;1mclient_009_1  |[0m 2026-02-01 16:20:21,255 - __main__ - INFO - Update submitted for Round 10. Waiting...
[33mclient_001_1  |[0m 2026-02-01 16:20:21,922 - __main__ - INFO - --- New Round Detected: 10 ---
[33mserver_1      |[0m INFO:werkzeug:172.18.0.20 - - [01/Feb/2026 16:20:21] "GET /download_model?round=10 HTTP/1.1" 200 -
[33;1mclient_006_1  |[0m 2026-02-01 16:20:22,128 - __main__ - INFO - --- New Round Detected: 10 ---
[33mserver_1      |[0m INFO:werkzeug:172.18.0.21 - - [01/Feb/2026 16:20:22] "GET /download_model?round=10 HTTP/1.1" 200 -
[32;1mclient_007_1  |[0m 2026-02-01 16:20:23,488 - __main__ - INFO - Round 10 finished. Loss: 0.0000, Acc: 0.00%
[33mserver_1      |[0m INFO:werkzeug:172.18.0.18 - - [01/Feb/2026 16:20:23] "[31m[1mPOST /submit_update HTTP/1.1[0m" 400 -
[32;1mclient_007_1  |[0m 2026-02-01 16:20:23,554 - __main__ - ERROR - Update submission failed: {"error":"Not accepting updates"}
[32;1mclient_007_1  |[0m 
[32;1mclient_007_1  |[0m 2026-02-01 16:20:23,554 - __main__ - INFO - Update submitted for Round 10. Waiting...
[33mserver_1      |[0m INFO:server.aggregator:--- [METRIC] Weight Divergence: 1.5309
[33mserver_1      |[0m INFO:server.aggregator:FedAvg aggregation complete.
[33mserver_1      |[0m INFO:__main__:Aggregation complete.
[33mserver_1      |[0m ⏱️ [TIME] Client client_002 finished training in 3.75s
[33mserver_1      |[0m ⏱️ [TIME] Client client_010 finished training in 4.18s
[33mserver_1      |[0m ⏱️ [TIME] Client client_008 finished training in 2.85s
[33mserver_1      |[0m ⏱️ [TIME] Client client_003 finished training in 5.93s
[33mserver_1      |[0m ⏱️ [TIME] Client client_004 finished training in 2.22s
[33mserver_1      |[0m DEBUG: ⚠️ MY CUSTOM AGGREGATOR IS RUNNING ⚠️
[33mclient_001_1  |[0m 2026-02-01 16:20:24,791 - __main__ - INFO - Round 10 finished. Loss: 0.0000, Acc: 0.00%
[33mserver_1      |[0m INFO:werkzeug:172.18.0.20 - - [01/Feb/2026 16:20:24] "[31m[1mPOST /submit_update HTTP/1.1[0m" 400 -
[33mclient_001_1  |[0m 2026-02-01 16:20:24,872 - __main__ - ERROR - Update submission failed: {"error":"Not accepting updates"}
[33mclient_001_1  |[0m 
[33mclient_001_1  |[0m 2026-02-01 16:20:24,872 - __main__ - INFO - Update submitted for Round 10. Waiting...
[33mserver_1      |[0m INFO:__main__:💾 Saving metrics to results/metrics.csv...
[33mserver_1      |[0m INFO:__main__:--- Round 10 Acc: 46.09%, Loss: 1.4407 ---
[33mserver_1      |[0m INFO:__main__:--- Starting Round 11. Timeout: 600s ---
[33mserver_1      |[0m INFO:werkzeug:172.18.0.9 - - [01/Feb/2026 16:20:24] "POST /submit_update HTTP/1.1" 200 -
[34mclient_004_1  |[0m 2026-02-01 16:20:25,015 - __main__ - INFO - 🚀 Model update submitted successfully.
[34mclient_004_1  |[0m 2026-02-01 16:20:25,015 - __main__ - INFO - Update submitted for Round 10. Waiting...
[32mclient_002_1  |[0m 2026-02-01 16:20:25,744 - __main__ - INFO - --- New Round Detected: 11 ---
[33mserver_1      |[0m INFO:werkzeug:172.18.0.6 - - [01/Feb/2026 16:20:25] "GET /download_model?round=11 HTTP/1.1" 200 -
[33;1mclient_006_1  |[0m 2026-02-01 16:20:27,141 - __main__ - INFO - Round 10 finished. Loss: 0.0000, Acc: 0.00%
[33mserver_1      |[0m INFO:__main__:Received update from client_006
[33mserver_1      |[0m INFO:werkzeug:172.18.0.21 - - [01/Feb/2026 16:20:27] "POST /submit_update HTTP/1.1" 200 -
[33;1mclient_006_1  |[0m 2026-02-01 16:20:27,296 - __main__ - INFO - 🚀 Model update submitted successfully.
[33;1mclient_006_1  |[0m 2026-02-01 16:20:27,296 - __main__ - INFO - Update submitted for Round 10. Waiting...
[32mclient_002_1  |[0m 2026-02-01 16:20:27,940 - __main__ - INFO - Round 11 finished. Loss: 0.0000, Acc: 0.00%
[33mserver_1      |[0m INFO:__main__:Received update from client_002
[33mserver_1      |[0m INFO:werkzeug:172.18.0.6 - - [01/Feb/2026 16:20:28] "POST /submit_update HTTP/1.1" 200 -
[32mclient_002_1  |[0m 2026-02-01 16:20:28,076 - __main__ - INFO - 🚀 Model update submitted successfully.
[32mclient_002_1  |[0m 2026-02-01 16:20:28,076 - __main__ - INFO - Update submitted for Round 11. Waiting...
[36mclient_010_1  |[0m 2026-02-01 16:20:28,768 - __main__ - INFO - --- New Round Detected: 11 ---
[33mserver_1      |[0m INFO:werkzeug:172.18.0.8 - - [01/Feb/2026 16:20:28] "GET /download_model?round=11 HTTP/1.1" 200 -
[35;1mclient_008_1  |[0m 2026-02-01 16:20:29,176 - __main__ - INFO - --- New Round Detected: 11 ---
[33mserver_1      |[0m INFO:werkzeug:172.18.0.15 - - [01/Feb/2026 16:20:29] "GET /download_model?round=11 HTTP/1.1" 200 -
[35mclient_003_1  |[0m 2026-02-01 16:20:30,186 - __main__ - INFO - --- New Round Detected: 11 ---
[33mserver_1      |[0m INFO:werkzeug:172.18.0.19 - - [01/Feb/2026 16:20:30] "GET /download_model?round=11 HTTP/1.1" 200 -
[36;1mclient_005_1  |[0m 2026-02-01 16:20:31,320 - __main__ - INFO - --- New Round Detected: 11 ---
[34;1mclient_009_1  |[0m 2026-02-01 16:20:31,341 - __main__ - INFO - --- New Round Detected: 11 ---
[33mserver_1      |[0m INFO:werkzeug:172.18.0.14 - - [01/Feb/2026 16:20:31] "GET /download_model?round=11 HTTP/1.1" 200 -
[33mserver_1      |[0m INFO:werkzeug:172.18.0.22 - - [01/Feb/2026 16:20:31] "GET /download_model?round=11 HTTP/1.1" 200 -
[35;1mclient_008_1  |[0m 2026-02-01 16:20:31,930 - __main__ - INFO - Round 11 finished. Loss: 0.0000, Acc: 0.00%
[33mserver_1      |[0m INFO:__main__:Received update from client_008
[33mserver_1      |[0m INFO:werkzeug:172.18.0.15 - - [01/Feb/2026 16:20:32] "POST /submit_update HTTP/1.1" 200 -
[35;1mclient_008_1  |[0m 2026-02-01 16:20:32,067 - __main__ - INFO - 🚀 Model update submitted successfully.
[35;1mclient_008_1  |[0m 2026-02-01 16:20:32,068 - __main__ - INFO - Update submitted for Round 11. Waiting...
[36mclient_010_1  |[0m 2026-02-01 16:20:33,262 - __main__ - INFO - Round 11 finished. Loss: 0.0000, Acc: 0.00%
[33mserver_1      |[0m INFO:__main__:Received update from client_010
[33mserver_1      |[0m INFO:werkzeug:172.18.0.8 - - [01/Feb/2026 16:20:33] "POST /submit_update HTTP/1.1" 200 -
[36mclient_010_1  |[0m 2026-02-01 16:20:33,397 - __main__ - INFO - 🚀 Model update submitted successfully.
[36mclient_010_1  |[0m 2026-02-01 16:20:33,398 - __main__ - INFO - Update submitted for Round 11. Waiting...
[32;1mclient_007_1  |[0m 2026-02-01 16:20:33,623 - __main__ - INFO - --- New Round Detected: 11 ---
[33mserver_1      |[0m INFO:werkzeug:172.18.0.18 - - [01/Feb/2026 16:20:33] "GET /download_model?round=11 HTTP/1.1" 200 -
[36;1mclient_005_1  |[0m 2026-02-01 16:20:33,809 - __main__ - INFO - Round 11 finished. Loss: 0.0000, Acc: 0.00%
[33mserver_1      |[0m INFO:__main__:Received update from client_005
[33mserver_1      |[0m INFO:__main__:--- Aggregating 5 updates ---
[33mserver_1      |[0m INFO:__main__:⚡ Using Custom Aggregator with Drift Metric...
[33mserver_1      |[0m INFO:server.aggregator:Starting FedAvg aggregation for 5 clients.
[34;1mclient_009_1  |[0m 2026-02-01 16:20:34,621 - __main__ - INFO - Round 11 finished. Loss: 0.0000, Acc: 0.00%
[33mserver_1      |[0m INFO:werkzeug:172.18.0.22 - - [01/Feb/2026 16:20:34] "[31m[1mPOST /submit_update HTTP/1.1[0m" 400 -
[35mclient_003_1  |[0m 2026-02-01 16:20:34,680 - __main__ - INFO - Round 11 finished. Loss: 0.0000, Acc: 0.00%
[34;1mclient_009_1  |[0m 2026-02-01 16:20:34,696 - __main__ - ERROR - Update submission failed: {"error":"Not accepting updates"}
[34;1mclient_009_1  |[0m 
[34;1mclient_009_1  |[0m 2026-02-01 16:20:34,696 - __main__ - INFO - Update submitted for Round 11. Waiting...
[33mserver_1      |[0m INFO:werkzeug:172.18.0.19 - - [01/Feb/2026 16:20:34] "[31m[1mPOST /submit_update HTTP/1.1[0m" 400 -
[35mclient_003_1  |[0m 2026-02-01 16:20:34,747 - __main__ - ERROR - Update submission failed: {"error":"Not accepting updates"}
[35mclient_003_1  |[0m 
[35mclient_003_1  |[0m 2026-02-01 16:20:34,747 - __main__ - INFO - Update submitted for Round 11. Waiting...
[33mclient_001_1  |[0m 2026-02-01 16:20:34,942 - __main__ - INFO - --- New Round Detected: 11 ---
[33mserver_1      |[0m INFO:werkzeug:172.18.0.20 - - [01/Feb/2026 16:20:34] "GET /download_model?round=11 HTTP/1.1" 200 -
[34mclient_004_1  |[0m 2026-02-01 16:20:35,083 - __main__ - INFO - --- New Round Detected: 11 ---
[33mserver_1      |[0m INFO:werkzeug:172.18.0.9 - - [01/Feb/2026 16:20:35] "GET /download_model?round=11 HTTP/1.1" 200 -
[33mserver_1      |[0m INFO:server.aggregator:--- [METRIC] Weight Divergence: 1.4165
[33mserver_1      |[0m INFO:server.aggregator:FedAvg aggregation complete.
[33mserver_1      |[0m INFO:__main__:Aggregation complete.
[33mserver_1      |[0m ⏱️ [TIME] Client client_006 finished training in 4.76s
[33mserver_1      |[0m ⏱️ [TIME] Client client_002 finished training in 1.99s
[33mserver_1      |[0m ⏱️ [TIME] Client client_008 finished training in 2.51s
[33mserver_1      |[0m ⏱️ [TIME] Client client_010 finished training in 4.26s
[33mserver_1      |[0m ⏱️ [TIME] Client client_005 finished training in 2.22s
[33mserver_1      |[0m DEBUG: ⚠️ MY CUSTOM AGGREGATOR IS RUNNING ⚠️
[33mserver_1      |[0m INFO:__main__:💾 Saving metrics to results/metrics.csv...
[33mserver_1      |[0m INFO:__main__:--- Round 11 Acc: 42.52%, Loss: 1.4966 ---
[33mserver_1      |[0m INFO:__main__:--- Starting Round 12. Timeout: 600s ---
[33mserver_1      |[0m INFO:werkzeug:172.18.0.14 - - [01/Feb/2026 16:20:36] "POST /submit_update HTTP/1.1" 200 -
[36;1mclient_005_1  |[0m 2026-02-01 16:20:36,907 - __main__ - INFO - 🚀 Model update submitted successfully.
[36;1mclient_005_1  |[0m 2026-02-01 16:20:36,907 - __main__ - INFO - Update submitted for Round 11. Waiting...
[32;1mclient_007_1  |[0m 2026-02-01 16:20:37,127 - __main__ - INFO - Round 11 finished. Loss: 0.0000, Acc: 0.00%
[33mserver_1      |[0m INFO:__main__:Received update from client_007
[33mserver_1      |[0m INFO:werkzeug:172.18.0.18 - - [01/Feb/2026 16:20:37] "POST /submit_update HTTP/1.1" 200 -
[32;1mclient_007_1  |[0m 2026-02-01 16:20:37,284 - __main__ - INFO - 🚀 Model update submitted successfully.
[32;1mclient_007_1  |[0m 2026-02-01 16:20:37,285 - __main__ - INFO - Update submitted for Round 11. Waiting...
[33;1mclient_006_1  |[0m 2026-02-01 16:20:37,360 - __main__ - INFO - --- New Round Detected: 12 ---
[33mserver_1      |[0m INFO:werkzeug:172.18.0.21 - - [01/Feb/2026 16:20:37] "GET /download_model?round=12 HTTP/1.1" 200 -
[33mclient_001_1  |[0m 2026-02-01 16:20:38,067 - __main__ - INFO - Round 11 finished. Loss: 0.0000, Acc: 0.00%
[32mclient_002_1  |[0m 2026-02-01 16:20:38,146 - __main__ - INFO - --- New Round Detected: 12 ---
[33mserver_1      |[0m INFO:werkzeug:172.18.0.6 - - [01/Feb/2026 16:20:38] "GET /download_model?round=12 HTTP/1.1" 200 -
[33mserver_1      |[0m INFO:__main__:Received update from client_001
[33mserver_1      |[0m INFO:werkzeug:172.18.0.20 - - [01/Feb/2026 16:20:38] "POST /submit_update HTTP/1.1" 200 -
[33mclient_001_1  |[0m 2026-02-01 16:20:38,205 - __main__ - INFO - 🚀 Model update submitted successfully.
[33mclient_001_1  |[0m 2026-02-01 16:20:38,206 - __main__ - INFO - Update submitted for Round 11. Waiting...
[34mclient_004_1  |[0m 2026-02-01 16:20:39,488 - __main__ - INFO - Round 11 finished. Loss: 0.0000, Acc: 0.00%
[33mserver_1      |[0m INFO:__main__:Received update from client_004
[33mserver_1      |[0m INFO:werkzeug:172.18.0.9 - - [01/Feb/2026 16:20:39] "POST /submit_update HTTP/1.1" 200 -
[34mclient_004_1  |[0m 2026-02-01 16:20:39,623 - __main__ - INFO - 🚀 Model update submitted successfully.
[34mclient_004_1  |[0m 2026-02-01 16:20:39,623 - __main__ - INFO - Update submitted for Round 11. Waiting...
[32mclient_002_1  |[0m 2026-02-01 16:20:40,302 - __main__ - INFO - Round 12 finished. Loss: 0.0000, Acc: 0.00%
[33mserver_1      |[0m INFO:__main__:Received update from client_002
[33mserver_1      |[0m INFO:werkzeug:172.18.0.6 - - [01/Feb/2026 16:20:40] "POST /submit_update HTTP/1.1" 200 -
[32mclient_002_1  |[0m 2026-02-01 16:20:40,466 - __main__ - INFO - 🚀 Model update submitted successfully.
[32mclient_002_1  |[0m 2026-02-01 16:20:40,466 - __main__ - INFO - Update submitted for Round 12. Waiting...
[35;1mclient_008_1  |[0m 2026-02-01 16:20:42,132 - __main__ - INFO - --- New Round Detected: 12 ---
[33mserver_1      |[0m INFO:werkzeug:172.18.0.15 - - [01/Feb/2026 16:20:42] "GET /download_model?round=12 HTTP/1.1" 200 -
[33;1mclient_006_1  |[0m 2026-02-01 16:20:42,481 - __main__ - INFO - Round 12 finished. Loss: 0.0000, Acc: 0.00%
[33mserver_1      |[0m INFO:__main__:Received update from client_006
[33mserver_1      |[0m INFO:__main__:--- Aggregating 5 updates ---
[33mserver_1      |[0m INFO:__main__:⚡ Using Custom Aggregator with Drift Metric...
[33mserver_1      |[0m INFO:server.aggregator:Starting FedAvg aggregation for 5 clients.
[36mclient_010_1  |[0m 2026-02-01 16:20:43,476 - __main__ - INFO - --- New Round Detected: 12 ---
[33mserver_1      |[0m INFO:werkzeug:172.18.0.8 - - [01/Feb/2026 16:20:43] "GET /download_model?round=12 HTTP/1.1" 200 -
[33mserver_1      |[0m INFO:server.aggregator:--- [METRIC] Weight Divergence: 1.5261
[33mserver_1      |[0m INFO:server.aggregator:FedAvg aggregation complete.
[33mserver_1      |[0m INFO:__main__:Aggregation complete.
[33mserver_1      |[0m ⏱️ [TIME] Client client_007 finished training in 3.29s
[33mserver_1      |[0m ⏱️ [TIME] Client client_001 finished training in 2.88s
[33mserver_1      |[0m ⏱️ [TIME] Client client_004 finished training in 4.17s
[33mserver_1      |[0m ⏱️ [TIME] Client client_002 finished training in 1.94s
[33mserver_1      |[0m ⏱️ [TIME] Client client_006 finished training in 4.91s
[33mserver_1      |[0m DEBUG: ⚠️ MY CUSTOM AGGREGATOR IS RUNNING ⚠️
[34;1mclient_009_1  |[0m 2026-02-01 16:20:44,778 - __main__ - INFO - --- New Round Detected: 12 ---
[35mclient_003_1  |[0m 2026-02-01 16:20:44,812 - __main__ - INFO - --- New Round Detected: 12 ---
[33mserver_1      |[0m INFO:werkzeug:172.18.0.22 - - [01/Feb/2026 16:20:44] "GET /download_model?round=12 HTTP/1.1" 200 -
[33mserver_1      |[0m INFO:werkzeug:172.18.0.19 - - [01/Feb/2026 16:20:44] "GET /download_model?round=12 HTTP/1.1" 200 -
[35;1mclient_008_1  |[0m 2026-02-01 16:20:44,928 - __main__ - INFO - Round 12 finished. Loss: 0.0000, Acc: 0.00%
[33mserver_1      |[0m INFO:werkzeug:172.18.0.15 - - [01/Feb/2026 16:20:45] "[31m[1mPOST /submit_update HTTP/1.1[0m" 400 -
[35;1mclient_008_1  |[0m 2026-02-01 16:20:45,091 - __main__ - ERROR - Update submission failed: {"error":"Not accepting updates"}
[35;1mclient_008_1  |[0m 
[35;1mclient_008_1  |[0m 2026-02-01 16:20:45,091 - __main__ - INFO - Update submitted for Round 12. Waiting...
[33mserver_1      |[0m INFO:__main__:💾 Saving metrics to results/metrics.csv...
[33mserver_1      |[0m INFO:__main__:--- Round 12 Acc: 45.69%, Loss: 1.4937 ---
[33mserver_1      |[0m INFO:__main__:--- Starting Round 13. Timeout: 600s ---
[33mserver_1      |[0m INFO:werkzeug:172.18.0.21 - - [01/Feb/2026 16:20:46] "POST /submit_update HTTP/1.1" 200 -
[33;1mclient_006_1  |[0m 2026-02-01 16:20:46,091 - __main__ - INFO - 🚀 Model update submitted successfully.
[33;1mclient_006_1  |[0m 2026-02-01 16:20:46,091 - __main__ - INFO - Update submitted for Round 12. Waiting...
[34;1mclient_009_1  |[0m 2026-02-01 16:20:46,920 - __main__ - INFO - Round 12 finished. Loss: 0.0000, Acc: 0.00%
[36;1mclient_005_1  |[0m 2026-02-01 16:20:46,972 - __main__ - INFO - --- New Round Detected: 13 ---
[33mserver_1      |[0m INFO:werkzeug:172.18.0.14 - - [01/Feb/2026 16:20:46] "GET /download_model?round=13 HTTP/1.1" 200 -
[33mserver_1      |[0m INFO:__main__:Received update from client_009
[33mserver_1      |[0m INFO:werkzeug:172.18.0.22 - - [01/Feb/2026 16:20:47] "POST /submit_update HTTP/1.1" 200 -
[34;1mclient_009_1  |[0m 2026-02-01 16:20:47,054 - __main__ - INFO - 🚀 Model update submitted successfully.
[34;1mclient_009_1  |[0m 2026-02-01 16:20:47,054 - __main__ - INFO - Update submitted for Round 12. Waiting...
[32;1mclient_007_1  |[0m 2026-02-01 16:20:47,346 - __main__ - INFO - --- New Round Detected: 13 ---
[33mserver_1      |[0m INFO:werkzeug:172.18.0.18 - - [01/Feb/2026 16:20:47] "GET /download_model?round=13 HTTP/1.1" 200 -
[36mclient_010_1  |[0m 2026-02-01 16:20:48,119 - __main__ - INFO - Round 12 finished. Loss: 0.0000, Acc: 0.00%
[33mserver_1      |[0m INFO:__main__:Received update from client_010
[33mserver_1      |[0m INFO:werkzeug:172.18.0.8 - - [01/Feb/2026 16:20:48] "POST /submit_update HTTP/1.1" 200 -
[36mclient_010_1  |[0m 2026-02-01 16:20:48,256 - __main__ - INFO - 🚀 Model update submitted successfully.
[36mclient_010_1  |[0m 2026-02-01 16:20:48,256 - __main__ - INFO - Update submitted for Round 12. Waiting...
[33mclient_001_1  |[0m 2026-02-01 16:20:48,267 - __main__ - INFO - --- New Round Detected: 13 ---
[33mserver_1      |[0m INFO:werkzeug:172.18.0.20 - - [01/Feb/2026 16:20:48] "GET /download_model?round=13 HTTP/1.1" 200 -
[36;1mclient_005_1  |[0m 2026-02-01 16:20:49,333 - __main__ - INFO - Round 13 finished. Loss: 0.0000, Acc: 0.00%
[33mserver_1      |[0m INFO:__main__:Received update from client_005
[33mserver_1      |[0m INFO:werkzeug:172.18.0.14 - - [01/Feb/2026 16:20:49] "POST /submit_update HTTP/1.1" 200 -
[36;1mclient_005_1  |[0m 2026-02-01 16:20:49,469 - __main__ - INFO - 🚀 Model update submitted successfully.
[36;1mclient_005_1  |[0m 2026-02-01 16:20:49,469 - __main__ - INFO - Update submitted for Round 13. Waiting...
[34mclient_004_1  |[0m 2026-02-01 16:20:49,717 - __main__ - INFO - --- New Round Detected: 13 ---
[33mserver_1      |[0m INFO:werkzeug:172.18.0.9 - - [01/Feb/2026 16:20:49] "GET /download_model?round=13 HTTP/1.1" 200 -
[32mclient_002_1  |[0m 2026-02-01 16:20:50,529 - __main__ - INFO - --- New Round Detected: 13 ---
[33mserver_1      |[0m INFO:werkzeug:172.18.0.6 - - [01/Feb/2026 16:20:50] "GET /download_model?round=13 HTTP/1.1" 200 -
[35mclient_003_1  |[0m 2026-02-01 16:20:50,689 - __main__ - INFO - Round 12 finished. Loss: 0.0000, Acc: 0.00%
[33mserver_1      |[0m INFO:__main__:Received update from client_003
[33mserver_1      |[0m INFO:werkzeug:172.18.0.19 - - [01/Feb/2026 16:20:50] "POST /submit_update HTTP/1.1" 200 -
[35mclient_003_1  |[0m 2026-02-01 16:20:50,824 - __main__ - INFO - 🚀 Model update submitted successfully.
[33mclient_001_1  |[0m 2026-02-01 16:20:50,824 - __main__ - INFO - Round 13 finished. Loss: 0.0000, Acc: 0.00%
[35mclient_003_1  |[0m 2026-02-01 16:20:50,824 - __main__ - INFO - Update submitted for Round 12. Waiting...
[33mserver_1      |[0m INFO:__main__:Received update from client_001
[33mserver_1      |[0m INFO:__main__:--- Aggregating 5 updates ---
[33mserver_1      |[0m INFO:__main__:⚡ Using Custom Aggregator with Drift Metric...
[33mserver_1      |[0m INFO:server.aggregator:Starting FedAvg aggregation for 5 clients.
[32;1mclient_007_1  |[0m 2026-02-01 16:20:52,972 - __main__ - INFO - Round 13 finished. Loss: 0.0000, Acc: 0.00%
[33mserver_1      |[0m INFO:werkzeug:172.18.0.18 - - [01/Feb/2026 16:20:52] "[31m[1mPOST /submit_update HTTP/1.1[0m" 400 -
[32;1mclient_007_1  |[0m 2026-02-01 16:20:53,040 - __main__ - ERROR - Update submission failed: {"error":"Not accepting updates"}
[32;1mclient_007_1  |[0m 
[32;1mclient_007_1  |[0m 2026-02-01 16:20:53,040 - __main__ - INFO - Update submitted for Round 13. Waiting...
[33mserver_1      |[0m INFO:server.aggregator:--- [METRIC] Weight Divergence: 1.4829
[33mserver_1      |[0m INFO:server.aggregator:FedAvg aggregation complete.
[33mserver_1      |[0m INFO:__main__:Aggregation complete.
[33mserver_1      |[0m ⏱️ [TIME] Client client_009 finished training in 1.83s
[33mserver_1      |[0m ⏱️ [TIME] Client client_010 finished training in 4.42s
[33mserver_1      |[0m ⏱️ [TIME] Client client_005 finished training in 2.13s
[33mserver_1      |[0m ⏱️ [TIME] Client client_003 finished training in 5.62s
[33mserver_1      |[0m ⏱️ [TIME] Client client_001 finished training in 2.35s
[33mserver_1      |[0m DEBUG: ⚠️ MY CUSTOM AGGREGATOR IS RUNNING ⚠️
[33mserver_1      |[0m INFO:__main__:💾 Saving metrics to results/metrics.csv...
[33mserver_1      |[0m INFO:__main__:--- Round 13 Acc: 49.17%, Loss: 1.3927 ---
[33mserver_1      |[0m INFO:__main__:--- Starting Round 14. Timeout: 600s ---
[33mserver_1      |[0m INFO:werkzeug:172.18.0.20 - - [01/Feb/2026 16:20:54] "POST /submit_update HTTP/1.1" 200 -
[33mclient_001_1  |[0m 2026-02-01 16:20:54,293 - __main__ - INFO - 🚀 Model update submitted successfully.
[33mclient_001_1  |[0m 2026-02-01 16:20:54,293 - __main__ - INFO - Update submitted for Round 13. Waiting...
[34mclient_004_1  |[0m 2026-02-01 16:20:54,402 - __main__ - INFO - Round 13 finished. Loss: 0.0000, Acc: 0.00%
[33mserver_1      |[0m INFO:__main__:Received update from client_004
[33mserver_1      |[0m INFO:werkzeug:172.18.0.9 - - [01/Feb/2026 16:20:54] "POST /submit_update HTTP/1.1" 200 -
[32mclient_002_1  |[0m 2026-02-01 16:20:54,531 - __main__ - INFO - Round 13 finished. Loss: 0.0000, Acc: 0.00%
[34mclient_004_1  |[0m 2026-02-01 16:20:54,537 - __main__ - INFO - 🚀 Model update submitted successfully.
[34mclient_004_1  |[0m 2026-02-01 16:20:54,538 - __main__ - INFO - Update submitted for Round 13. Waiting...
[33mserver_1      |[0m INFO:__main__:Received update from client_002
[33mserver_1      |[0m INFO:werkzeug:172.18.0.6 - - [01/Feb/2026 16:20:54] "POST /submit_update HTTP/1.1" 200 -
[32mclient_002_1  |[0m 2026-02-01 16:20:54,666 - __main__ - INFO - 🚀 Model update submitted successfully.
[32mclient_002_1  |[0m 2026-02-01 16:20:54,666 - __main__ - INFO - Update submitted for Round 13. Waiting...
[35;1mclient_008_1  |[0m 2026-02-01 16:20:55,153 - __main__ - INFO - --- New Round Detected: 14 ---
[33mserver_1      |[0m INFO:werkzeug:172.18.0.15 - - [01/Feb/2026 16:20:55] "GET /download_model?round=14 HTTP/1.1" 200 -
[33;1mclient_006_1  |[0m 2026-02-01 16:20:56,155 - __main__ - INFO - --- New Round Detected: 14 ---
[33mserver_1      |[0m INFO:werkzeug:172.18.0.21 - - [01/Feb/2026 16:20:56] "GET /download_model?round=14 HTTP/1.1" 200 -
[34;1mclient_009_1  |[0m 2026-02-01 16:20:57,121 - __main__ - INFO - --- New Round Detected: 14 ---
[33mserver_1      |[0m INFO:werkzeug:172.18.0.22 - - [01/Feb/2026 16:20:57] "GET /download_model?round=14 HTTP/1.1" 200 -
[35;1mclient_008_1  |[0m 2026-02-01 16:20:57,963 - __main__ - INFO - Round 14 finished. Loss: 0.0000, Acc: 0.00%
[33mserver_1      |[0m INFO:__main__:Received update from client_008
[33mserver_1      |[0m INFO:werkzeug:172.18.0.15 - - [01/Feb/2026 16:20:58] "POST /submit_update HTTP/1.1" 200 -
[35;1mclient_008_1  |[0m 2026-02-01 16:20:58,100 - __main__ - INFO - 🚀 Model update submitted successfully.
[35;1mclient_008_1  |[0m 2026-02-01 16:20:58,100 - __main__ - INFO - Update submitted for Round 14. Waiting...
[36mclient_010_1  |[0m 2026-02-01 16:20:58,317 - __main__ - INFO - --- New Round Detected: 14 ---
[33mserver_1      |[0m INFO:werkzeug:172.18.0.8 - - [01/Feb/2026 16:20:58] "GET /download_model?round=14 HTTP/1.1" 200 -
[36;1mclient_005_1  |[0m 2026-02-01 16:20:59,534 - __main__ - INFO - --- New Round Detected: 14 ---
[34;1mclient_009_1  |[0m 2026-02-01 16:20:59,543 - __main__ - INFO - Round 14 finished. Loss: 0.0000, Acc: 0.00%
[33mserver_1      |[0m INFO:werkzeug:172.18.0.14 - - [01/Feb/2026 16:20:59] "GET /download_model?round=14 HTTP/1.1" 200 -
[33mserver_1      |[0m INFO:__main__:Received update from client_009
[33mserver_1      |[0m INFO:werkzeug:172.18.0.22 - - [01/Feb/2026 16:20:59] "POST /submit_update HTTP/1.1" 200 -
[34;1mclient_009_1  |[0m 2026-02-01 16:20:59,696 - __main__ - INFO - 🚀 Model update submitted successfully.
[34;1mclient_009_1  |[0m 2026-02-01 16:20:59,696 - __main__ - INFO - Update submitted for Round 14. Waiting...
[35mclient_003_1  |[0m 2026-02-01 16:21:00,888 - __main__ - INFO - --- New Round Detected: 14 ---
[33mserver_1      |[0m INFO:werkzeug:172.18.0.19 - - [01/Feb/2026 16:21:00] "GET /download_model?round=14 HTTP/1.1" 200 -
[33;1mclient_006_1  |[0m 2026-02-01 16:21:01,485 - __main__ - INFO - Round 14 finished. Loss: 0.0000, Acc: 0.00%
[33mserver_1      |[0m INFO:__main__:Received update from client_006
[33mserver_1      |[0m INFO:__main__:--- Aggregating 5 updates ---
[33mserver_1      |[0m INFO:__main__:⚡ Using Custom Aggregator with Drift Metric...
[33mserver_1      |[0m INFO:server.aggregator:Starting FedAvg aggregation for 5 clients.
[36;1mclient_005_1  |[0m 2026-02-01 16:21:01,882 - __main__ - INFO - Round 14 finished. Loss: 0.0000, Acc: 0.00%
[33mserver_1      |[0m INFO:werkzeug:172.18.0.14 - - [01/Feb/2026 16:21:01] "[31m[1mPOST /submit_update HTTP/1.1[0m" 400 -
[36;1mclient_005_1  |[0m 2026-02-01 16:21:01,946 - __main__ - ERROR - Update submission failed: {"error":"Not accepting updates"}
[36;1mclient_005_1  |[0m 
[36;1mclient_005_1  |[0m 2026-02-01 16:21:01,946 - __main__ - INFO - Update submitted for Round 14. Waiting...
[36mclient_010_1  |[0m 2026-02-01 16:21:02,048 - __main__ - INFO - Round 14 finished. Loss: 0.0000, Acc: 0.00%
[33mserver_1      |[0m INFO:werkzeug:172.18.0.8 - - [01/Feb/2026 16:21:02] "[31m[1mPOST /submit_update HTTP/1.1[0m" 400 -
[36mclient_010_1  |[0m 2026-02-01 16:21:02,116 - __main__ - ERROR - Update submission failed: {"error":"Not accepting updates"}
[36mclient_010_1  |[0m 
[36mclient_010_1  |[0m 2026-02-01 16:21:02,116 - __main__ - INFO - Update submitted for Round 14. Waiting...
[33mserver_1      |[0m INFO:server.aggregator:--- [METRIC] Weight Divergence: 1.4978
[33mserver_1      |[0m INFO:server.aggregator:FedAvg aggregation complete.
[33mserver_1      |[0m INFO:__main__:Aggregation complete.
[33mserver_1      |[0m ⏱️ [TIME] Client client_004 finished training in 4.38s
[33mserver_1      |[0m ⏱️ [TIME] Client client_002 finished training in 3.78s
[33mserver_1      |[0m ⏱️ [TIME] Client client_008 finished training in 2.58s
[33mserver_1      |[0m ⏱️ [TIME] Client client_009 finished training in 2.22s
[33mserver_1      |[0m ⏱️ [TIME] Client client_006 finished training in 5.09s
[33mserver_1      |[0m DEBUG: ⚠️ MY CUSTOM AGGREGATOR IS RUNNING ⚠️
[32;1mclient_007_1  |[0m 2026-02-01 16:21:03,118 - __main__ - INFO - --- New Round Detected: 14 ---
[33mserver_1      |[0m INFO:werkzeug:172.18.0.18 - - [01/Feb/2026 16:21:03] "GET /download_model?round=14 HTTP/1.1" 200 -
[33mserver_1      |[0m INFO:__main__:💾 Saving metrics to results/metrics.csv...
[33mserver_1      |[0m INFO:__main__:--- Round 14 Acc: 45.66%, Loss: 1.4565 ---
[33mserver_1      |[0m INFO:__main__:--- Starting Round 15. Timeout: 600s ---
[33mserver_1      |[0m INFO:werkzeug:172.18.0.21 - - [01/Feb/2026 16:21:03] "POST /submit_update HTTP/1.1" 200 -
[33;1mclient_006_1  |[0m 2026-02-01 16:21:03,821 - __main__ - INFO - 🚀 Model update submitted successfully.
[33;1mclient_006_1  |[0m 2026-02-01 16:21:03,821 - __main__ - INFO - Update submitted for Round 14. Waiting...
[33mclient_001_1  |[0m 2026-02-01 16:21:04,369 - __main__ - INFO - --- New Round Detected: 15 ---
[33mserver_1      |[0m INFO:werkzeug:172.18.0.20 - - [01/Feb/2026 16:21:04] "GET /download_model?round=15 HTTP/1.1" 200 -
[34mclient_004_1  |[0m 2026-02-01 16:21:04,599 - __main__ - INFO - --- New Round Detected: 15 ---
[33mserver_1      |[0m INFO:werkzeug:172.18.0.9 - - [01/Feb/2026 16:21:04] "GET /download_model?round=15 HTTP/1.1" 200 -
[32mclient_002_1  |[0m 2026-02-01 16:21:04,729 - __main__ - INFO - --- New Round Detected: 15 ---
[33mserver_1      |[0m INFO:werkzeug:172.18.0.6 - - [01/Feb/2026 16:21:04] "GET /download_model?round=15 HTTP/1.1" 200 -
[35mclient_003_1  |[0m 2026-02-01 16:21:05,961 - __main__ - INFO - Round 14 finished. Loss: 0.0000, Acc: 0.00%
[33mserver_1      |[0m INFO:__main__:Received update from client_003
[33mserver_1      |[0m INFO:werkzeug:172.18.0.19 - - [01/Feb/2026 16:21:06] "POST /submit_update HTTP/1.1" 200 -
[35mclient_003_1  |[0m 2026-02-01 16:21:06,099 - __main__ - INFO - 🚀 Model update submitted successfully.
[35mclient_003_1  |[0m 2026-02-01 16:21:06,099 - __main__ - INFO - Update submitted for Round 14. Waiting...
[33mclient_001_1  |[0m 2026-02-01 16:21:06,109 - __main__ - INFO - Round 15 finished. Loss: 0.0000, Acc: 0.00%
[33mserver_1      |[0m INFO:__main__:Received update from client_001
[33mserver_1      |[0m INFO:werkzeug:172.18.0.20 - - [01/Feb/2026 16:21:06] "POST /submit_update HTTP/1.1" 200 -
[33mclient_001_1  |[0m 2026-02-01 16:21:06,270 - __main__ - INFO - 🚀 Model update submitted successfully.
[33mclient_001_1  |[0m 2026-02-01 16:21:06,270 - __main__ - INFO - Update submitted for Round 15. Waiting...
[35;1mclient_008_1  |[0m 2026-02-01 16:21:08,161 - __main__ - INFO - --- New Round Detected: 15 ---
[33mserver_1      |[0m INFO:werkzeug:172.18.0.15 - - [01/Feb/2026 16:21:08] "GET /download_model?round=15 HTTP/1.1" 200 -
[32mclient_002_1  |[0m 2026-02-01 16:21:08,833 - __main__ - INFO - Round 15 finished. Loss: 0.0000, Acc: 0.00%
[32;1mclient_007_1  |[0m 2026-02-01 16:21:08,874 - __main__ - INFO - Round 14 finished. Loss: 0.0000, Acc: 0.00%
[33mserver_1      |[0m INFO:__main__:Received update from client_002
[33mserver_1      |[0m INFO:werkzeug:172.18.0.6 - - [01/Feb/2026 16:21:08] "POST /submit_update HTTP/1.1" 200 -
[34mclient_004_1  |[0m 2026-02-01 16:21:08,981 - __main__ - INFO - Round 15 finished. Loss: 0.0000, Acc: 0.00%
[32mclient_002_1  |[0m 2026-02-01 16:21:08,989 - __main__ - INFO - 🚀 Model update submitted successfully.
[32mclient_002_1  |[0m 2026-02-01 16:21:08,989 - __main__ - INFO - Update submitted for Round 15. Waiting...
[33mserver_1      |[0m INFO:__main__:Received update from client_007
[33mserver_1      |[0m INFO:werkzeug:172.18.0.18 - - [01/Feb/2026 16:21:08] "POST /submit_update HTTP/1.1" 200 -
[32;1mclient_007_1  |[0m 2026-02-01 16:21:09,035 - __main__ - INFO - 🚀 Model update submitted successfully.
[32;1mclient_007_1  |[0m 2026-02-01 16:21:09,035 - __main__ - INFO - Update submitted for Round 14. Waiting...
[33mserver_1      |[0m INFO:__main__:Received update from client_004
[33mserver_1      |[0m INFO:__main__:--- Aggregating 5 updates ---
[33mserver_1      |[0m INFO:__main__:⚡ Using Custom Aggregator with Drift Metric...
[33mserver_1      |[0m INFO:server.aggregator:Starting FedAvg aggregation for 5 clients.
[34;1mclient_009_1  |[0m 2026-02-01 16:21:09,788 - __main__ - INFO - --- New Round Detected: 15 ---
[33mserver_1      |[0m INFO:werkzeug:172.18.0.22 - - [01/Feb/2026 16:21:09] "GET /download_model?round=15 HTTP/1.1" 200 -
[33mserver_1      |[0m INFO:server.aggregator:--- [METRIC] Weight Divergence: 1.6046
[33mserver_1      |[0m INFO:server.aggregator:FedAvg aggregation complete.
[33mserver_1      |[0m INFO:__main__:Aggregation complete.
[33mserver_1      |[0m ⏱️ [TIME] Client client_003 finished training in 4.86s
[33mserver_1      |[0m ⏱️ [TIME] Client client_001 finished training in 1.53s
[33mserver_1      |[0m ⏱️ [TIME] Client client_002 finished training in 3.84s
[33mserver_1      |[0m ⏱️ [TIME] Client client_007 finished training in 5.51s
[33mserver_1      |[0m ⏱️ [TIME] Client client_004 finished training in 4.15s
[33mserver_1      |[0m DEBUG: ⚠️ MY CUSTOM AGGREGATOR IS RUNNING ⚠️
[35;1mclient_008_1  |[0m 2026-02-01 16:21:10,985 - __main__ - INFO - Round 15 finished. Loss: 0.0000, Acc: 0.00%
[33mserver_1      |[0m INFO:werkzeug:172.18.0.15 - - [01/Feb/2026 16:21:11] "[31m[1mPOST /submit_update HTTP/1.1[0m" 400 -
[35;1mclient_008_1  |[0m 2026-02-01 16:21:11,058 - __main__ - ERROR - Update submission failed: {"error":"Not accepting updates"}
[35;1mclient_008_1  |[0m 
[35;1mclient_008_1  |[0m 2026-02-01 16:21:11,059 - __main__ - INFO - Update submitted for Round 15. Waiting...
[36;1mclient_005_1  |[0m 2026-02-01 16:21:12,036 - __main__ - INFO - --- New Round Detected: 15 ---
[33mserver_1      |[0m INFO:werkzeug:172.18.0.14 - - [01/Feb/2026 16:21:12] "GET /download_model?round=15 HTTP/1.1" 200 -
[33mserver_1      |[0m INFO:__main__:💾 Saving metrics to results/metrics.csv...
[33mserver_1      |[0m INFO:__main__:--- Round 15 Acc: 47.36%, Loss: 1.4178 ---
[33mserver_1      |[0m INFO:__main__:--- Starting Round 16. Timeout: 600s ---
[33mserver_1      |[0m INFO:werkzeug:172.18.0.9 - - [01/Feb/2026 16:21:12] "POST /submit_update HTTP/1.1" 200 -
[36mclient_010_1  |[0m 2026-02-01 16:21:12,182 - __main__ - INFO - --- New Round Detected: 15 ---
[34mclient_004_1  |[0m 2026-02-01 16:21:12,198 - __main__ - INFO - 🚀 Model update submitted successfully.
[34mclient_004_1  |[0m 2026-02-01 16:21:12,199 - __main__ - INFO - Update submitted for Round 15. Waiting...
[33mserver_1      |[0m INFO:werkzeug:172.18.0.8 - - [01/Feb/2026 16:21:12] "GET /download_model?round=15 HTTP/1.1" 200 -
[34;1mclient_009_1  |[0m 2026-02-01 16:21:13,211 - __main__ - INFO - Round 15 finished. Loss: 0.0000, Acc: 0.00%
[33mserver_1      |[0m INFO:__main__:Received update from client_009
[33mserver_1      |[0m INFO:werkzeug:172.18.0.22 - - [01/Feb/2026 16:21:13] "POST /submit_update HTTP/1.1" 200 -
[34;1mclient_009_1  |[0m 2026-02-01 16:21:13,360 - __main__ - INFO - 🚀 Model update submitted successfully.
[34;1mclient_009_1  |[0m 2026-02-01 16:21:13,360 - __main__ - INFO - Update submitted for Round 15. Waiting...
[33;1mclient_006_1  |[0m 2026-02-01 16:21:13,882 - __main__ - INFO - --- New Round Detected: 16 ---
[33mserver_1      |[0m INFO:werkzeug:172.18.0.21 - - [01/Feb/2026 16:21:13] "GET /download_model?round=16 HTTP/1.1" 200 -
[36;1mclient_005_1  |[0m 2026-02-01 16:21:14,416 - __main__ - INFO - Round 15 finished. Loss: 0.0000, Acc: 0.00%
[36mclient_010_1  |[0m 2026-02-01 16:21:14,450 - __main__ - INFO - Round 15 finished. Loss: 0.0000, Acc: 0.00%
[33mserver_1      |[0m INFO:__main__:Received update from client_005
[33mserver_1      |[0m INFO:werkzeug:172.18.0.14 - - [01/Feb/2026 16:21:14] "POST /submit_update HTTP/1.1" 200 -
[36;1mclient_005_1  |[0m 2026-02-01 16:21:14,551 - __main__ - INFO - 🚀 Model update submitted successfully.
[36;1mclient_005_1  |[0m 2026-02-01 16:21:14,551 - __main__ - INFO - Update submitted for Round 15. Waiting...
[33mserver_1      |[0m INFO:__main__:Received update from client_010
[33mserver_1      |[0m INFO:werkzeug:172.18.0.8 - - [01/Feb/2026 16:21:14] "POST /submit_update HTTP/1.1" 200 -
[36mclient_010_1  |[0m 2026-02-01 16:21:14,583 - __main__ - INFO - 🚀 Model update submitted successfully.
[36mclient_010_1  |[0m 2026-02-01 16:21:14,583 - __main__ - INFO - Update submitted for Round 15. Waiting...
[35mclient_003_1  |[0m 2026-02-01 16:21:16,162 - __main__ - INFO - --- New Round Detected: 16 ---
[33mserver_1      |[0m INFO:werkzeug:172.18.0.19 - - [01/Feb/2026 16:21:16] "GET /download_model?round=16 HTTP/1.1" 200 -
[33mclient_001_1  |[0m 2026-02-01 16:21:16,356 - __main__ - INFO - --- New Round Detected: 16 ---
[33mserver_1      |[0m INFO:werkzeug:172.18.0.20 - - [01/Feb/2026 16:21:16] "GET /download_model?round=16 HTTP/1.1" 200 -
[33mclient_001_1  |[0m 2026-02-01 16:21:18,148 - __main__ - INFO - Round 16 finished. Loss: 0.0000, Acc: 0.00%
[33mserver_1      |[0m INFO:__main__:Received update from client_001
[33mserver_1      |[0m INFO:werkzeug:172.18.0.20 - - [01/Feb/2026 16:21:18] "POST /submit_update HTTP/1.1" 200 -
[33mclient_001_1  |[0m 2026-02-01 16:21:18,283 - __main__ - INFO - 🚀 Model update submitted successfully.
[33mclient_001_1  |[0m 2026-02-01 16:21:18,283 - __main__ - INFO - Update submitted for Round 16. Waiting...
[32mclient_002_1  |[0m 2026-02-01 16:21:19,053 - __main__ - INFO - --- New Round Detected: 16 ---
[33mserver_1      |[0m INFO:werkzeug:172.18.0.6 - - [01/Feb/2026 16:21:19] "GET /download_model?round=16 HTTP/1.1" 200 -
[32;1mclient_007_1  |[0m 2026-02-01 16:21:19,103 - __main__ - INFO - --- New Round Detected: 16 ---
[33mserver_1      |[0m INFO:werkzeug:172.18.0.18 - - [01/Feb/2026 16:21:19] "GET /download_model?round=16 HTTP/1.1" 200 -
[33;1mclient_006_1  |[0m 2026-02-01 16:21:19,194 - __main__ - INFO - Round 16 finished. Loss: 0.0000, Acc: 0.00%
[35mclient_003_1  |[0m 2026-02-01 16:21:19,260 - __main__ - INFO - Round 16 finished. Loss: 0.0000, Acc: 0.00%
[33mserver_1      |[0m INFO:__main__:Received update from client_006
[33mserver_1      |[0m INFO:__main__:--- Aggregating 5 updates ---
[33mserver_1      |[0m INFO:__main__:⚡ Using Custom Aggregator with Drift Metric...
[33mserver_1      |[0m INFO:server.aggregator:Starting FedAvg aggregation for 5 clients.
[33mserver_1      |[0m INFO:werkzeug:172.18.0.19 - - [01/Feb/2026 16:21:19] "[31m[1mPOST /submit_update HTTP/1.1[0m" 400 -
[35mclient_003_1  |[0m 2026-02-01 16:21:19,365 - __main__ - ERROR - Update submission failed: {"error":"Not accepting updates"}
[35mclient_003_1  |[0m 
[35mclient_003_1  |[0m 2026-02-01 16:21:19,365 - __main__ - INFO - Update submitted for Round 16. Waiting...
[35;1mclient_008_1  |[0m 2026-02-01 16:21:21,196 - __main__ - INFO - --- New Round Detected: 16 ---
[33mserver_1      |[0m INFO:werkzeug:172.18.0.15 - - [01/Feb/2026 16:21:21] "GET /download_model?round=16 HTTP/1.1" 200 -
[33mserver_1      |[0m INFO:server.aggregator:--- [METRIC] Weight Divergence: 1.4839
[33mserver_1      |[0m INFO:server.aggregator:FedAvg aggregation complete.
[33mserver_1      |[0m INFO:__main__:Aggregation complete.
[33mserver_1      |[0m ⏱️ [TIME] Client client_009 finished training in 3.18s
[33mserver_1      |[0m ⏱️ [TIME] Client client_005 finished training in 2.07s
[33mserver_1      |[0m ⏱️ [TIME] Client client_010 finished training in 2.06s
[33mserver_1      |[0m ⏱️ [TIME] Client client_001 finished training in 1.58s
[33mserver_1      |[0m ⏱️ [TIME] Client client_006 finished training in 5.08s
[33mserver_1      |[0m DEBUG: ⚠️ MY CUSTOM AGGREGATOR IS RUNNING ⚠️
[34mclient_004_1  |[0m 2026-02-01 16:21:22,273 - __main__ - INFO - --- New Round Detected: 16 ---
[33mserver_1      |[0m INFO:werkzeug:172.18.0.9 - - [01/Feb/2026 16:21:22] "GET /download_model?round=16 HTTP/1.1" 200 -
[33mserver_1      |[0m INFO:__main__:💾 Saving metrics to results/metrics.csv...
[33mserver_1      |[0m INFO:__main__:--- Round 16 Acc: 48.84%, Loss: 1.3852 ---
[33mserver_1      |[0m INFO:__main__:--- Starting Round 17. Timeout: 600s ---
[33mserver_1      |[0m INFO:werkzeug:172.18.0.21 - - [01/Feb/2026 16:21:22] "POST /submit_update HTTP/1.1" 200 -
[33;1mclient_006_1  |[0m 2026-02-01 16:21:22,888 - __main__ - INFO - 🚀 Model update submitted successfully.
[33;1mclient_006_1  |[0m 2026-02-01 16:21:22,888 - __main__ - INFO - Update submitted for Round 16. Waiting...
[32mclient_002_1  |[0m 2026-02-01 16:21:23,162 - __main__ - INFO - Round 16 finished. Loss: 0.0000, Acc: 0.00%
[33mserver_1      |[0m INFO:__main__:Received update from client_002
[33mserver_1      |[0m INFO:werkzeug:172.18.0.6 - - [01/Feb/2026 16:21:23] "POST /submit_update HTTP/1.1" 200 -
[32mclient_002_1  |[0m 2026-02-01 16:21:23,326 - __main__ - INFO - 🚀 Model update submitted successfully.
[32mclient_002_1  |[0m 2026-02-01 16:21:23,326 - __main__ - INFO - Update submitted for Round 16. Waiting...
[34;1mclient_009_1  |[0m 2026-02-01 16:21:23,438 - __main__ - INFO - --- New Round Detected: 17 ---
[33mserver_1      |[0m INFO:werkzeug:172.18.0.22 - - [01/Feb/2026 16:21:23] "GET /download_model?round=17 HTTP/1.1" 200 -
[35;1mclient_008_1  |[0m 2026-02-01 16:21:23,948 - __main__ - INFO - Round 16 finished. Loss: 0.0000, Acc: 0.00%
[33mserver_1      |[0m INFO:__main__:Received update from client_008
[33mserver_1      |[0m INFO:werkzeug:172.18.0.15 - - [01/Feb/2026 16:21:24] "POST /submit_update HTTP/1.1" 200 -
[35;1mclient_008_1  |[0m 2026-02-01 16:21:24,103 - __main__ - INFO - 🚀 Model update submitted successfully.
[35;1mclient_008_1  |[0m 2026-02-01 16:21:24,103 - __main__ - INFO - Update submitted for Round 16. Waiting...
[36;1mclient_005_1  |[0m 2026-02-01 16:21:24,619 - __main__ - INFO - --- New Round Detected: 17 ---
[33mserver_1      |[0m INFO:werkzeug:172.18.0.14 - - [01/Feb/2026 16:21:24] "GET /download_model?round=17 HTTP/1.1" 200 -
[36mclient_010_1  |[0m 2026-02-01 16:21:24,648 - __main__ - INFO - --- New Round Detected: 17 ---
[33mserver_1      |[0m INFO:werkzeug:172.18.0.8 - - [01/Feb/2026 16:21:24] "GET /download_model?round=17 HTTP/1.1" 200 -
[32;1mclient_007_1  |[0m 2026-02-01 16:21:24,688 - __main__ - INFO - Round 16 finished. Loss: 0.0000, Acc: 0.00%
[33mserver_1      |[0m INFO:__main__:Received update from client_007
[33mserver_1      |[0m INFO:werkzeug:172.18.0.18 - - [01/Feb/2026 16:21:24] "POST /submit_update HTTP/1.1" 200 -
[32;1mclient_007_1  |[0m 2026-02-01 16:21:24,843 - __main__ - INFO - 🚀 Model update submitted successfully.
[32;1mclient_007_1  |[0m 2026-02-01 16:21:24,843 - __main__ - INFO - Update submitted for Round 16. Waiting...
[34mclient_004_1  |[0m 2026-02-01 16:21:26,640 - __main__ - INFO - Round 16 finished. Loss: 0.0000, Acc: 0.00%
[33mserver_1      |[0m INFO:__main__:Received update from client_004
[33mserver_1      |[0m INFO:werkzeug:172.18.0.9 - - [01/Feb/2026 16:21:26] "POST /submit_update HTTP/1.1" 200 -
[34mclient_004_1  |[0m 2026-02-01 16:21:26,776 - __main__ - INFO - 🚀 Model update submitted successfully.
[34mclient_004_1  |[0m 2026-02-01 16:21:26,776 - __main__ - INFO - Update submitted for Round 16. Waiting...
[34;1mclient_009_1  |[0m 2026-02-01 16:21:26,805 - __main__ - INFO - Round 17 finished. Loss: 0.0000, Acc: 0.00%
[33mserver_1      |[0m INFO:__main__:Received update from client_009
[33mserver_1      |[0m INFO:__main__:--- Aggregating 5 updates ---
[33mserver_1      |[0m INFO:__main__:⚡ Using Custom Aggregator with Drift Metric...
[33mserver_1      |[0m INFO:server.aggregator:Starting FedAvg aggregation for 5 clients.
[36;1mclient_005_1  |[0m 2026-02-01 16:21:27,188 - __main__ - INFO - Round 17 finished. Loss: 0.0000, Acc: 0.00%
[33mserver_1      |[0m INFO:werkzeug:172.18.0.14 - - [01/Feb/2026 16:21:27] "[31m[1mPOST /submit_update HTTP/1.1[0m" 400 -
[36;1mclient_005_1  |[0m 2026-02-01 16:21:27,262 - __main__ - ERROR - Update submission failed: {"error":"Not accepting updates"}
[36;1mclient_005_1  |[0m 
[36;1mclient_005_1  |[0m 2026-02-01 16:21:27,262 - __main__ - INFO - Update submitted for Round 17. Waiting...
[33mclient_001_1  |[0m 2026-02-01 16:21:28,360 - __main__ - INFO - --- New Round Detected: 17 ---
[33mserver_1      |[0m INFO:werkzeug:172.18.0.20 - - [01/Feb/2026 16:21:28] "GET /download_model?round=17 HTTP/1.1" 200 -
[36mclient_010_1  |[0m 2026-02-01 16:21:29,218 - __main__ - INFO - Round 17 finished. Loss: 0.0000, Acc: 0.00%
[33mserver_1      |[0m INFO:server.aggregator:--- [METRIC] Weight Divergence: 1.4807
[33mserver_1      |[0m INFO:server.aggregator:FedAvg aggregation complete.
[33mserver_1      |[0m INFO:__main__:Aggregation complete.
[33mserver_1      |[0m INFO:werkzeug:172.18.0.8 - - [01/Feb/2026 16:21:29] "[31m[1mPOST /submit_update HTTP/1.1[0m" 400 -
[33mserver_1      |[0m ⏱️ [TIME] Client client_002 finished training in 3.84s
[33mserver_1      |[0m ⏱️ [TIME] Client client_008 finished training in 2.52s
[33mserver_1      |[0m ⏱️ [TIME] Client client_007 finished training in 5.35s
[33mserver_1      |[0m ⏱️ [TIME] Client client_004 finished training in 4.13s
[33mserver_1      |[0m ⏱️ [TIME] Client client_009 finished training in 3.08s
[33mserver_1      |[0m DEBUG: ⚠️ MY CUSTOM AGGREGATOR IS RUNNING ⚠️
[36mclient_010_1  |[0m 2026-02-01 16:21:29,284 - __main__ - ERROR - Update submission failed: {"error":"Not accepting updates"}
[36mclient_010_1  |[0m 
[36mclient_010_1  |[0m 2026-02-01 16:21:29,284 - __main__ - INFO - Update submitted for Round 17. Waiting...
[35mclient_003_1  |[0m 2026-02-01 16:21:29,442 - __main__ - INFO - --- New Round Detected: 17 ---
[33mserver_1      |[0m INFO:werkzeug:172.18.0.19 - - [01/Feb/2026 16:21:29] "GET /download_model?round=17 HTTP/1.1" 200 -
[33mserver_1      |[0m INFO:__main__:💾 Saving metrics to results/metrics.csv...
[33mserver_1      |[0m INFO:__main__:--- Round 17 Acc: 44.84%, Loss: 1.4852 ---
[33mserver_1      |[0m INFO:__main__:--- Starting Round 18. Timeout: 600s ---
[33mserver_1      |[0m INFO:werkzeug:172.18.0.22 - - [01/Feb/2026 16:21:30] "POST /submit_update HTTP/1.1" 200 -
[34;1mclient_009_1  |[0m 2026-02-01 16:21:30,432 - __main__ - INFO - 🚀 Model update submitted successfully.
[34;1mclient_009_1  |[0m 2026-02-01 16:21:30,432 - __main__ - INFO - Update submitted for Round 17. Waiting...
[33mclient_001_1  |[0m 2026-02-01 16:21:31,301 - __main__ - INFO - Round 17 finished. Loss: 0.0000, Acc: 0.00%
[33mserver_1      |[0m INFO:__main__:Received update from client_001
[33mserver_1      |[0m INFO:werkzeug:172.18.0.20 - - [01/Feb/2026 16:21:31] "POST /submit_update HTTP/1.1" 200 -
[33mclient_001_1  |[0m 2026-02-01 16:21:31,437 - __main__ - INFO - 🚀 Model update submitted successfully.
[33mclient_001_1  |[0m 2026-02-01 16:21:31,438 - __main__ - INFO - Update submitted for Round 17. Waiting...
[33;1mclient_006_1  |[0m 2026-02-01 16:21:32,951 - __main__ - INFO - --- New Round Detected: 18 ---
[33mserver_1      |[0m INFO:werkzeug:172.18.0.21 - - [01/Feb/2026 16:21:32] "GET /download_model?round=18 HTTP/1.1" 200 -
[32mclient_002_1  |[0m 2026-02-01 16:21:33,388 - __main__ - INFO - --- New Round Detected: 18 ---
[33mserver_1      |[0m INFO:werkzeug:172.18.0.6 - - [01/Feb/2026 16:21:33] "GET /download_model?round=18 HTTP/1.1" 200 -
[35;1mclient_008_1  |[0m 2026-02-01 16:21:34,169 - __main__ - INFO - --- New Round Detected: 18 ---
[35mclient_003_1  |[0m 2026-02-01 16:21:34,184 - __main__ - INFO - Round 17 finished. Loss: 0.0000, Acc: 0.00%
[33mserver_1      |[0m INFO:werkzeug:172.18.0.15 - - [01/Feb/2026 16:21:34] "GET /download_model?round=18 HTTP/1.1" 200 -
[33mserver_1      |[0m INFO:__main__:Received update from client_003
[33mserver_1      |[0m INFO:werkzeug:172.18.0.19 - - [01/Feb/2026 16:21:34] "POST /submit_update HTTP/1.1" 200 -
[35mclient_003_1  |[0m 2026-02-01 16:21:34,339 - __main__ - INFO - 🚀 Model update submitted successfully.
[35mclient_003_1  |[0m 2026-02-01 16:21:34,339 - __main__ - INFO - Update submitted for Round 17. Waiting...
[32;1mclient_007_1  |[0m 2026-02-01 16:21:34,905 - __main__ - INFO - --- New Round Detected: 18 ---
[33mserver_1      |[0m INFO:werkzeug:172.18.0.18 - - [01/Feb/2026 16:21:34] "GET /download_model?round=18 HTTP/1.1" 200 -
[34mclient_004_1  |[0m 2026-02-01 16:21:36,850 - __main__ - INFO - --- New Round Detected: 18 ---
[33mserver_1      |[0m INFO:werkzeug:172.18.0.9 - - [01/Feb/2026 16:21:36] "GET /download_model?round=18 HTTP/1.1" 200 -
[35;1mclient_008_1  |[0m 2026-02-01 16:21:36,992 - __main__ - INFO - Round 18 finished. Loss: 0.0000, Acc: 0.00%
[33mserver_1      |[0m INFO:__main__:Received update from client_008
[33mserver_1      |[0m INFO:werkzeug:172.18.0.15 - - [01/Feb/2026 16:21:37] "POST /submit_update HTTP/1.1" 200 -
[35;1mclient_008_1  |[0m 2026-02-01 16:21:37,127 - __main__ - INFO - 🚀 Model update submitted successfully.
[35;1mclient_008_1  |[0m 2026-02-01 16:21:37,127 - __main__ - INFO - Update submitted for Round 18. Waiting...
[36;1mclient_005_1  |[0m 2026-02-01 16:21:37,339 - __main__ - INFO - --- New Round Detected: 18 ---
[33mserver_1      |[0m INFO:werkzeug:172.18.0.14 - - [01/Feb/2026 16:21:37] "GET /download_model?round=18 HTTP/1.1" 200 -
[33;1mclient_006_1  |[0m 2026-02-01 16:21:37,677 - __main__ - INFO - Round 18 finished. Loss: 0.0000, Acc: 0.00%
[32mclient_002_1  |[0m 2026-02-01 16:21:37,744 - __main__ - INFO - Round 18 finished. Loss: 0.0000, Acc: 0.00%
[33mserver_1      |[0m INFO:__main__:Received update from client_006
[33mserver_1      |[0m INFO:werkzeug:172.18.0.21 - - [01/Feb/2026 16:21:37] "POST /submit_update HTTP/1.1" 200 -
[33;1mclient_006_1  |[0m 2026-02-01 16:21:37,836 - __main__ - INFO - 🚀 Model update submitted successfully.
[33;1mclient_006_1  |[0m 2026-02-01 16:21:37,836 - __main__ - INFO - Update submitted for Round 18. Waiting...
[33mserver_1      |[0m INFO:__main__:Received update from client_002
[33mserver_1      |[0m INFO:__main__:--- Aggregating 5 updates ---
[33mserver_1      |[0m INFO:__main__:⚡ Using Custom Aggregator with Drift Metric...
[33mserver_1      |[0m INFO:server.aggregator:Starting FedAvg aggregation for 5 clients.
[32;1mclient_007_1  |[0m 2026-02-01 16:21:37,880 - __main__ - INFO - Round 18 finished. Loss: 0.0000, Acc: 0.00%
[33mserver_1      |[0m INFO:werkzeug:172.18.0.18 - - [01/Feb/2026 16:21:37] "[31m[1mPOST /submit_update HTTP/1.1[0m" 400 -
[32;1mclient_007_1  |[0m 2026-02-01 16:21:37,944 - __main__ - ERROR - Update submission failed: {"error":"Not accepting updates"}
[32;1mclient_007_1  |[0m 
[32;1mclient_007_1  |[0m 2026-02-01 16:21:37,944 - __main__ - INFO - Update submitted for Round 18. Waiting...
[36mclient_010_1  |[0m 2026-02-01 16:21:39,351 - __main__ - INFO - --- New Round Detected: 18 ---
[33mserver_1      |[0m INFO:werkzeug:172.18.0.8 - - [01/Feb/2026 16:21:39] "GET /download_model?round=18 HTTP/1.1" 200 -
[36;1mclient_005_1  |[0m 2026-02-01 16:21:39,495 - __main__ - INFO - Round 18 finished. Loss: 0.0000, Acc: 0.00%
[33mserver_1      |[0m INFO:werkzeug:172.18.0.14 - - [01/Feb/2026 16:21:39] "[31m[1mPOST /submit_update HTTP/1.1[0m" 400 -
[36;1mclient_005_1  |[0m 2026-02-01 16:21:39,565 - __main__ - ERROR - Update submission failed: {"error":"Not accepting updates"}
[36;1mclient_005_1  |[0m 
[36;1mclient_005_1  |[0m 2026-02-01 16:21:39,565 - __main__ - INFO - Update submitted for Round 18. Waiting...
[33mserver_1      |[0m INFO:server.aggregator:--- [METRIC] Weight Divergence: 1.5880
[33mserver_1      |[0m INFO:server.aggregator:FedAvg aggregation complete.
[33mserver_1      |[0m INFO:__main__:Aggregation complete.
[33mserver_1      |[0m ⏱️ [TIME] Client client_001 finished training in 2.71s
[33mserver_1      |[0m ⏱️ [TIME] Client client_003 finished training in 4.16s
[33mserver_1      |[0m ⏱️ [TIME] Client client_008 finished training in 2.53s
[33mserver_1      |[0m ⏱️ [TIME] Client client_006 finished training in 4.48s
[33mserver_1      |[0m ⏱️ [TIME] Client client_002 finished training in 4.14s
[33mserver_1      |[0m DEBUG: ⚠️ MY CUSTOM AGGREGATOR IS RUNNING ⚠️
[34;1mclient_009_1  |[0m 2026-02-01 16:21:40,496 - __main__ - INFO - --- New Round Detected: 18 ---
[33mserver_1      |[0m INFO:werkzeug:172.18.0.22 - - [01/Feb/2026 16:21:40] "GET /download_model?round=18 HTTP/1.1" 200 -
[33mserver_1      |[0m INFO:__main__:💾 Saving metrics to results/metrics.csv...
[33mserver_1      |[0m INFO:__main__:--- Round 18 Acc: 49.03%, Loss: 1.4244 ---
[33mserver_1      |[0m INFO:__main__:--- Starting Round 19. Timeout: 600s ---
[33mserver_1      |[0m INFO:werkzeug:172.18.0.6 - - [01/Feb/2026 16:21:41] "POST /submit_update HTTP/1.1" 200 -
[32mclient_002_1  |[0m 2026-02-01 16:21:41,092 - __main__ - INFO - 🚀 Model update submitted successfully.
[32mclient_002_1  |[0m 2026-02-01 16:21:41,092 - __main__ - INFO - Update submitted for Round 18. Waiting...
[34mclient_004_1  |[0m 2026-02-01 16:21:41,383 - __main__ - INFO - Round 18 finished. Loss: 0.0000, Acc: 0.00%
[33mserver_1      |[0m INFO:__main__:Received update from client_004
[33mserver_1      |[0m INFO:werkzeug:172.18.0.9 - - [01/Feb/2026 16:21:41] "POST /submit_update HTTP/1.1" 200 -
[34mclient_004_1  |[0m 2026-02-01 16:21:41,542 - __main__ - INFO - 🚀 Model update submitted successfully.
[34mclient_004_1  |[0m 2026-02-01 16:21:41,543 - __main__ - INFO - Update submitted for Round 18. Waiting...
[33mclient_001_1  |[0m 2026-02-01 16:21:41,641 - __main__ - INFO - --- New Round Detected: 19 ---
[33mserver_1      |[0m INFO:werkzeug:172.18.0.20 - - [01/Feb/2026 16:21:41] "GET /download_model?round=19 HTTP/1.1" 200 -
[36mclient_010_1  |[0m 2026-02-01 16:21:41,810 - __main__ - INFO - Round 18 finished. Loss: 0.0000, Acc: 0.00%
[33mserver_1      |[0m INFO:__main__:Received update from client_010
[33mserver_1      |[0m INFO:werkzeug:172.18.0.8 - - [01/Feb/2026 16:21:41] "POST /submit_update HTTP/1.1" 200 -
[36mclient_010_1  |[0m 2026-02-01 16:21:41,946 - __main__ - INFO - 🚀 Model update submitted successfully.
[36mclient_010_1  |[0m 2026-02-01 16:21:41,946 - __main__ - INFO - Update submitted for Round 18. Waiting...
[34;1mclient_009_1  |[0m 2026-02-01 16:21:43,840 - __main__ - INFO - Round 18 finished. Loss: 0.0000, Acc: 0.00%
[33mserver_1      |[0m INFO:__main__:Received update from client_009
[33mserver_1      |[0m INFO:werkzeug:172.18.0.22 - - [01/Feb/2026 16:21:43] "POST /submit_update HTTP/1.1" 200 -
[34;1mclient_009_1  |[0m 2026-02-01 16:21:43,974 - __main__ - INFO - 🚀 Model update submitted successfully.
[34;1mclient_009_1  |[0m 2026-02-01 16:21:43,975 - __main__ - INFO - Update submitted for Round 18. Waiting...
[35mclient_003_1  |[0m 2026-02-01 16:21:44,423 - __main__ - INFO - --- New Round Detected: 19 ---
[33mserver_1      |[0m INFO:werkzeug:172.18.0.19 - - [01/Feb/2026 16:21:44] "GET /download_model?round=19 HTTP/1.1" 200 -
[33mclient_001_1  |[0m 2026-02-01 16:21:44,724 - __main__ - INFO - Round 19 finished. Loss: 0.0000, Acc: 0.00%
[33mserver_1      |[0m INFO:__main__:Received update from client_001
[33mserver_1      |[0m INFO:werkzeug:172.18.0.20 - - [01/Feb/2026 16:21:44] "POST /submit_update HTTP/1.1" 200 -
[33mclient_001_1  |[0m 2026-02-01 16:21:44,858 - __main__ - INFO - 🚀 Model update submitted successfully.
[33mclient_001_1  |[0m 2026-02-01 16:21:44,858 - __main__ - INFO - Update submitted for Round 19. Waiting...
[35;1mclient_008_1  |[0m 2026-02-01 16:21:47,206 - __main__ - INFO - --- New Round Detected: 19 ---
[33mserver_1      |[0m INFO:werkzeug:172.18.0.15 - - [01/Feb/2026 16:21:47] "GET /download_model?round=19 HTTP/1.1" 200 -
[35mclient_003_1  |[0m 2026-02-01 16:21:47,798 - __main__ - INFO - Round 19 finished. Loss: 0.0000, Acc: 0.00%
[33;1mclient_006_1  |[0m 2026-02-01 16:21:47,899 - __main__ - INFO - --- New Round Detected: 19 ---
[33mserver_1      |[0m INFO:__main__:Received update from client_003
[33mserver_1      |[0m INFO:__main__:--- Aggregating 5 updates ---
[33mserver_1      |[0m INFO:__main__:⚡ Using Custom Aggregator with Drift Metric...
[33mserver_1      |[0m INFO:server.aggregator:Starting FedAvg aggregation for 5 clients.
[33mserver_1      |[0m INFO:werkzeug:172.18.0.21 - - [01/Feb/2026 16:21:47] "GET /download_model?round=19 HTTP/1.1" 200 -
[32;1mclient_007_1  |[0m 2026-02-01 16:21:48,018 - __main__ - INFO - --- New Round Detected: 19 ---
[33mserver_1      |[0m INFO:werkzeug:172.18.0.18 - - [01/Feb/2026 16:21:48] "GET /download_model?round=19 HTTP/1.1" 200 -
[36;1mclient_005_1  |[0m 2026-02-01 16:21:49,630 - __main__ - INFO - --- New Round Detected: 19 ---
[33mserver_1      |[0m INFO:werkzeug:172.18.0.14 - - [01/Feb/2026 16:21:49] "GET /download_model?round=19 HTTP/1.1" 200 -
[35;1mclient_008_1  |[0m 2026-02-01 16:21:49,840 - __main__ - INFO - Round 19 finished. Loss: 0.0000, Acc: 0.00%
[33mserver_1      |[0m INFO:werkzeug:172.18.0.15 - - [01/Feb/2026 16:21:49] "[31m[1mPOST /submit_update HTTP/1.1[0m" 400 -
[35;1mclient_008_1  |[0m 2026-02-01 16:21:49,904 - __main__ - ERROR - Update submission failed: {"error":"Not accepting updates"}
[35;1mclient_008_1  |[0m 
[35;1mclient_008_1  |[0m 2026-02-01 16:21:49,904 - __main__ - INFO - Update submitted for Round 19. Waiting...
[33mserver_1      |[0m INFO:server.aggregator:--- [METRIC] Weight Divergence: 1.6903
[33mserver_1      |[0m INFO:server.aggregator:FedAvg aggregation complete.
[33mserver_1      |[0m INFO:__main__:Aggregation complete.
[33mserver_1      |[0m ⏱️ [TIME] Client client_004 finished training in 4.29s
[33mserver_1      |[0m ⏱️ [TIME] Client client_010 finished training in 2.25s
[33mserver_1      |[0m ⏱️ [TIME] Client client_009 finished training in 3.13s
[33mserver_1      |[0m ⏱️ [TIME] Client client_001 finished training in 2.78s
[33mserver_1      |[0m ⏱️ [TIME] Client client_003 finished training in 3.16s
[33mserver_1      |[0m DEBUG: ⚠️ MY CUSTOM AGGREGATOR IS RUNNING ⚠️
[32mclient_002_1  |[0m 2026-02-01 16:21:51,158 - __main__ - INFO - --- New Round Detected: 19 ---
[33mserver_1      |[0m INFO:werkzeug:172.18.0.6 - - [01/Feb/2026 16:21:51] "GET /download_model?round=19 HTTP/1.1" 200 -
[36;1mclient_005_1  |[0m 2026-02-01 16:21:51,270 - __main__ - INFO - Round 19 finished. Loss: 0.0000, Acc: 0.00%
[33mserver_1      |[0m INFO:werkzeug:172.18.0.14 - - [01/Feb/2026 16:21:51] "[31m[1mPOST /submit_update HTTP/1.1[0m" 400 -
[36;1mclient_005_1  |[0m 2026-02-01 16:21:51,334 - __main__ - ERROR - Update submission failed: {"error":"Not accepting updates"}
[36;1mclient_005_1  |[0m 
[36;1mclient_005_1  |[0m 2026-02-01 16:21:51,334 - __main__ - INFO - Update submitted for Round 19. Waiting...
[34mclient_004_1  |[0m 2026-02-01 16:21:51,612 - __main__ - INFO - --- New Round Detected: 19 ---
[33mserver_1      |[0m INFO:werkzeug:172.18.0.9 - - [01/Feb/2026 16:21:51] "GET /download_model?round=19 HTTP/1.1" 200 -
[33mserver_1      |[0m INFO:__main__:💾 Saving metrics to results/metrics.csv...
[33mserver_1      |[0m INFO:__main__:--- Round 19 Acc: 52.43%, Loss: 1.2976 ---
[33mserver_1      |[0m INFO:__main__:--- Starting Round 20. Timeout: 600s ---
[33mserver_1      |[0m INFO:werkzeug:172.18.0.19 - - [01/Feb/2026 16:21:52] "POST /submit_update HTTP/1.1" 200 -
[36mclient_010_1  |[0m 2026-02-01 16:21:52,035 - __main__ - INFO - --- New Round Detected: 19 ---
[35mclient_003_1  |[0m 2026-02-01 16:21:52,046 - __main__ - INFO - 🚀 Model update submitted successfully.
[35mclient_003_1  |[0m 2026-02-01 16:21:52,046 - __main__ - INFO - Update submitted for Round 19. Waiting...
[33mserver_1      |[0m INFO:werkzeug:172.18.0.8 - - [01/Feb/2026 16:21:52] "GET /download_model?round=19 HTTP/1.1" 200 -
[33;1mclient_006_1  |[0m 2026-02-01 16:21:53,114 - __main__ - INFO - Round 19 finished. Loss: 0.0000, Acc: 0.00%
[33mserver_1      |[0m INFO:__main__:Received update from client_006
[33mserver_1      |[0m INFO:werkzeug:172.18.0.21 - - [01/Feb/2026 16:21:53] "POST /submit_update HTTP/1.1" 200 -
[33;1mclient_006_1  |[0m 2026-02-01 16:21:53,252 - __main__ - INFO - 🚀 Model update submitted successfully.
[33;1mclient_006_1  |[0m 2026-02-01 16:21:53,252 - __main__ - INFO - Update submitted for Round 19. Waiting...
[32;1mclient_007_1  |[0m 2026-02-01 16:21:53,477 - __main__ - INFO - Round 19 finished. Loss: 0.0000, Acc: 0.00%
[33mserver_1      |[0m INFO:__main__:Received update from client_007
[33mserver_1      |[0m INFO:werkzeug:172.18.0.18 - - [01/Feb/2026 16:21:53] "POST /submit_update HTTP/1.1" 200 -
[32;1mclient_007_1  |[0m 2026-02-01 16:21:53,623 - __main__ - INFO - 🚀 Model update submitted successfully.
[32;1mclient_007_1  |[0m 2026-02-01 16:21:53,624 - __main__ - INFO - Update submitted for Round 19. Waiting...
[34;1mclient_009_1  |[0m 2026-02-01 16:21:54,040 - __main__ - INFO - --- New Round Detected: 20 ---
[33mserver_1      |[0m INFO:werkzeug:172.18.0.22 - - [01/Feb/2026 16:21:54] "GET /download_model?round=20 HTTP/1.1" 200 -
[33mclient_001_1  |[0m 2026-02-01 16:21:54,921 - __main__ - INFO - --- New Round Detected: 20 ---
[33mserver_1      |[0m INFO:werkzeug:172.18.0.20 - - [01/Feb/2026 16:21:54] "GET /download_model?round=20 HTTP/1.1" 200 -
[32mclient_002_1  |[0m 2026-02-01 16:21:55,536 - __main__ - INFO - Round 19 finished. Loss: 0.0000, Acc: 0.00%
[33mserver_1      |[0m INFO:__main__:Received update from client_002
[33mserver_1      |[0m INFO:werkzeug:172.18.0.6 - - [01/Feb/2026 16:21:55] "POST /submit_update HTTP/1.1" 200 -
[32mclient_002_1  |[0m 2026-02-01 16:21:55,672 - __main__ - INFO - 🚀 Model update submitted successfully.
[32mclient_002_1  |[0m 2026-02-01 16:21:55,672 - __main__ - INFO - Update submitted for Round 19. Waiting...
[36mclient_010_1  |[0m 2026-02-01 16:21:55,711 - __main__ - INFO - Round 19 finished. Loss: 0.0000, Acc: 0.00%
[33mserver_1      |[0m INFO:__main__:Received update from client_010
[33mserver_1      |[0m INFO:werkzeug:172.18.0.8 - - [01/Feb/2026 16:21:55] "POST /submit_update HTTP/1.1" 200 -
[36mclient_010_1  |[0m 2026-02-01 16:21:55,853 - __main__ - INFO - 🚀 Model update submitted successfully.
[36mclient_010_1  |[0m 2026-02-01 16:21:55,854 - __main__ - INFO - Update submitted for Round 19. Waiting...
[34mclient_004_1  |[0m 2026-02-01 16:21:55,996 - __main__ - INFO - Round 19 finished. Loss: 0.0000, Acc: 0.00%
[33mserver_1      |[0m INFO:__main__:Received update from client_004
[33mserver_1      |[0m INFO:__main__:--- Aggregating 5 updates ---
[33mserver_1      |[0m INFO:__main__:⚡ Using Custom Aggregator with Drift Metric...
[33mserver_1      |[0m INFO:server.aggregator:Starting FedAvg aggregation for 5 clients.
[33mclient_001_1  |[0m 2026-02-01 16:21:56,741 - __main__ - INFO - Round 20 finished. Loss: 0.0000, Acc: 0.00%
[33mserver_1      |[0m INFO:werkzeug:172.18.0.20 - - [01/Feb/2026 16:21:56] "[31m[1mPOST /submit_update HTTP/1.1[0m" 400 -
[33mclient_001_1  |[0m 2026-02-01 16:21:56,804 - __main__ - ERROR - Update submission failed: {"error":"Not accepting updates"}
[33mclient_001_1  |[0m 
[33mclient_001_1  |[0m 2026-02-01 16:21:56,804 - __main__ - INFO - Update submitted for Round 20. Waiting...
[34;1mclient_009_1  |[0m 2026-02-01 16:21:57,323 - __main__ - INFO - Round 20 finished. Loss: 0.0000, Acc: 0.00%
[33mserver_1      |[0m INFO:werkzeug:172.18.0.22 - - [01/Feb/2026 16:21:57] "[31m[1mPOST /submit_update HTTP/1.1[0m" 400 -
[34;1mclient_009_1  |[0m 2026-02-01 16:21:57,393 - __main__ - ERROR - Update submission failed: {"error":"Not accepting updates"}
[34;1mclient_009_1  |[0m 
[34;1mclient_009_1  |[0m 2026-02-01 16:21:57,393 - __main__ - INFO - Update submitted for Round 20. Waiting...
[33mserver_1      |[0m INFO:server.aggregator:--- [METRIC] Weight Divergence: 1.5555
[33mserver_1      |[0m INFO:server.aggregator:FedAvg aggregation complete.
[33mserver_1      |[0m INFO:__main__:Aggregation complete.
[33mserver_1      |[0m ⏱️ [TIME] Client client_006 finished training in 4.99s
[33mserver_1      |[0m ⏱️ [TIME] Client client_007 finished training in 5.23s
[33mserver_1      |[0m ⏱️ [TIME] Client client_002 finished training in 4.12s
[33mserver_1      |[0m ⏱️ [TIME] Client client_010 finished training in 3.45s
[33mserver_1      |[0m ⏱️ [TIME] Client client_004 finished training in 4.14s
[33mserver_1      |[0m DEBUG: ⚠️ MY CUSTOM AGGREGATOR IS RUNNING ⚠️
[33mserver_1      |[0m INFO:__main__:💾 Saving metrics to results/metrics.csv...
[33mserver_1      |[0m INFO:__main__:--- Round 20 Acc: 47.92%, Loss: 1.4503 ---
[33mserver_1      |[0m INFO:__main__:--- Starting Round 21. Timeout: 600s ---
[33mserver_1      |[0m INFO:werkzeug:172.18.0.9 - - [01/Feb/2026 16:21:59] "POST /submit_update HTTP/1.1" 200 -
[34mclient_004_1  |[0m 2026-02-01 16:21:59,238 - __main__ - INFO - 🚀 Model update submitted successfully.
[34mclient_004_1  |[0m 2026-02-01 16:21:59,238 - __main__ - INFO - Update submitted for Round 19. Waiting...
[35;1mclient_008_1  |[0m 2026-02-01 16:21:59,968 - __main__ - INFO - --- New Round Detected: 21 ---
[33mserver_1      |[0m INFO:werkzeug:172.18.0.15 - - [01/Feb/2026 16:21:59] "GET /download_model?round=21 HTTP/1.1" 200 -
[36;1mclient_005_1  |[0m 2026-02-01 16:22:01,396 - __main__ - INFO - --- New Round Detected: 21 ---
[33mserver_1      |[0m INFO:werkzeug:172.18.0.14 - - [01/Feb/2026 16:22:01] "GET /download_model?round=21 HTTP/1.1" 200 -
[35mclient_003_1  |[0m 2026-02-01 16:22:02,109 - __main__ - INFO - --- New Round Detected: 21 ---
[33mserver_1      |[0m INFO:werkzeug:172.18.0.19 - - [01/Feb/2026 16:22:02] "GET /download_model?round=21 HTTP/1.1" 200 -
[35;1mclient_008_1  |[0m 2026-02-01 16:22:02,608 - __main__ - INFO - Round 21 finished. Loss: 0.0000, Acc: 0.00%
[33mserver_1      |[0m INFO:__main__:Received update from client_008
[33mserver_1      |[0m INFO:werkzeug:172.18.0.15 - - [01/Feb/2026 16:22:02] "POST /submit_update HTTP/1.1" 200 -
[35;1mclient_008_1  |[0m 2026-02-01 16:22:02,744 - __main__ - INFO - 🚀 Model update submitted successfully.
[35;1mclient_008_1  |[0m 2026-02-01 16:22:02,744 - __main__ - INFO - Update submitted for Round 21. Waiting...
[33;1mclient_006_1  |[0m 2026-02-01 16:22:03,319 - __main__ - INFO - --- New Round Detected: 21 ---
[33mserver_1      |[0m INFO:werkzeug:172.18.0.21 - - [01/Feb/2026 16:22:03] "GET /download_model?round=21 HTTP/1.1" 200 -
[32;1mclient_007_1  |[0m 2026-02-01 16:22:03,715 - __main__ - INFO - --- New Round Detected: 21 ---
[36;1mclient_005_1  |[0m 2026-02-01 16:22:03,741 - __main__ - INFO - Round 21 finished. Loss: 0.0000, Acc: 0.00%
[33mserver_1      |[0m INFO:werkzeug:172.18.0.18 - - [01/Feb/2026 16:22:03] "GET /download_model?round=21 HTTP/1.1" 200 -
[33mserver_1      |[0m INFO:__main__:Received update from client_005
[33mserver_1      |[0m INFO:werkzeug:172.18.0.14 - - [01/Feb/2026 16:22:03] "POST /submit_update HTTP/1.1" 200 -
[36;1mclient_005_1  |[0m 2026-02-01 16:22:03,889 - __main__ - INFO - 🚀 Model update submitted successfully.
[36;1mclient_005_1  |[0m 2026-02-01 16:22:03,890 - __main__ - INFO - Update submitted for Round 21. Waiting...
[32mclient_002_1  |[0m 2026-02-01 16:22:05,739 - __main__ - INFO - --- New Round Detected: 21 ---
[33mserver_1      |[0m INFO:werkzeug:172.18.0.6 - - [01/Feb/2026 16:22:05] "GET /download_model?round=21 HTTP/1.1" 200 -
[35mclient_003_1  |[0m 2026-02-01 16:22:05,868 - __main__ - INFO - Round 21 finished. Loss: 0.0000, Acc: 0.00%
[36mclient_010_1  |[0m 2026-02-01 16:22:05,926 - __main__ - INFO - --- New Round Detected: 21 ---
[33mserver_1      |[0m INFO:werkzeug:172.18.0.8 - - [01/Feb/2026 16:22:05] "GET /download_model?round=21 HTTP/1.1" 200 -
[33mserver_1      |[0m INFO:__main__:Received update from client_003
[33mserver_1      |[0m INFO:werkzeug:172.18.0.19 - - [01/Feb/2026 16:22:05] "POST /submit_update HTTP/1.1" 200 -
[35mclient_003_1  |[0m 2026-02-01 16:22:06,002 - __main__ - INFO - 🚀 Model update submitted successfully.
[35mclient_003_1  |[0m 2026-02-01 16:22:06,002 - __main__ - INFO - Update submitted for Round 21. Waiting...
[33mclient_001_1  |[0m 2026-02-01 16:22:06,867 - __main__ - INFO - --- New Round Detected: 21 ---
[33mserver_1      |[0m INFO:werkzeug:172.18.0.20 - - [01/Feb/2026 16:22:06] "GET /download_model?round=21 HTTP/1.1" 200 -
[33;1mclient_006_1  |[0m 2026-02-01 16:22:06,895 - __main__ - INFO - Round 21 finished. Loss: 0.0000, Acc: 0.00%
[33mserver_1      |[0m INFO:__main__:Received update from client_006
[33mserver_1      |[0m INFO:werkzeug:172.18.0.21 - - [01/Feb/2026 16:22:07] "POST /submit_update HTTP/1.1" 200 -
[33;1mclient_006_1  |[0m 2026-02-01 16:22:07,031 - __main__ - INFO - 🚀 Model update submitted successfully.
[33;1mclient_006_1  |[0m 2026-02-01 16:22:07,032 - __main__ - INFO - Update submitted for Round 21. Waiting...
[34;1mclient_009_1  |[0m 2026-02-01 16:22:07,455 - __main__ - INFO - --- New Round Detected: 21 ---
[33mserver_1      |[0m INFO:werkzeug:172.18.0.22 - - [01/Feb/2026 16:22:07] "GET /download_model?round=21 HTTP/1.1" 200 -
[36mclient_010_1  |[0m 2026-02-01 16:22:08,688 - __main__ - INFO - Round 21 finished. Loss: 0.0000, Acc: 0.00%
[33mserver_1      |[0m INFO:__main__:Received update from client_010
[33mserver_1      |[0m INFO:__main__:--- Aggregating 5 updates ---
[33mserver_1      |[0m INFO:__main__:⚡ Using Custom Aggregator with Drift Metric...
[33mserver_1      |[0m INFO:server.aggregator:Starting FedAvg aggregation for 5 clients.
[32mclient_002_1  |[0m 2026-02-01 16:22:09,289 - __main__ - INFO - Round 21 finished. Loss: 0.0000, Acc: 0.00%
[33mserver_1      |[0m INFO:werkzeug:172.18.0.6 - - [01/Feb/2026 16:22:09] "[31m[1mPOST /submit_update HTTP/1.1[0m" 400 -
[34mclient_004_1  |[0m 2026-02-01 16:22:09,347 - __main__ - INFO - --- New Round Detected: 21 ---
[32mclient_002_1  |[0m 2026-02-01 16:22:09,355 - __main__ - ERROR - Update submission failed: {"error":"Not accepting updates"}
[32mclient_002_1  |[0m 
[32mclient_002_1  |[0m 2026-02-01 16:22:09,369 - __main__ - INFO - Update submitted for Round 21. Waiting...
[33mserver_1      |[0m INFO:werkzeug:172.18.0.9 - - [01/Feb/2026 16:22:09] "GET /download_model?round=21 HTTP/1.1" 200 -
[34;1mclient_009_1  |[0m 2026-02-01 16:22:09,456 - __main__ - INFO - Round 21 finished. Loss: 0.0000, Acc: 0.00%
[33mserver_1      |[0m INFO:werkzeug:172.18.0.22 - - [01/Feb/2026 16:22:09] "[31m[1mPOST /submit_update HTTP/1.1[0m" 400 -
[34;1mclient_009_1  |[0m 2026-02-01 16:22:09,523 - __main__ - ERROR - Update submission failed: {"error":"Not accepting updates"}
[34;1mclient_009_1  |[0m 
[34;1mclient_009_1  |[0m 2026-02-01 16:22:09,523 - __main__ - INFO - Update submitted for Round 21. Waiting...
[32;1mclient_007_1  |[0m 2026-02-01 16:22:09,531 - __main__ - INFO - Round 21 finished. Loss: 0.0000, Acc: 0.00%
[33mserver_1      |[0m INFO:werkzeug:172.18.0.18 - - [01/Feb/2026 16:22:09] "[31m[1mPOST /submit_update HTTP/1.1[0m" 400 -
[32;1mclient_007_1  |[0m 2026-02-01 16:22:09,595 - __main__ - ERROR - Update submission failed: {"error":"Not accepting updates"}
[32;1mclient_007_1  |[0m 
[32;1mclient_007_1  |[0m 2026-02-01 16:22:09,595 - __main__ - INFO - Update submitted for Round 21. Waiting...
[33mclient_001_1  |[0m 2026-02-01 16:22:09,726 - __main__ - INFO - Round 21 finished. Loss: 0.0000, Acc: 0.00%
[33mserver_1      |[0m INFO:werkzeug:172.18.0.20 - - [01/Feb/2026 16:22:09] "[31m[1mPOST /submit_update HTTP/1.1[0m" 400 -
[33mclient_001_1  |[0m 2026-02-01 16:22:09,799 - __main__ - ERROR - Update submission failed: {"error":"Not accepting updates"}
[33mclient_001_1  |[0m 
[33mclient_001_1  |[0m 2026-02-01 16:22:09,799 - __main__ - INFO - Update submitted for Round 21. Waiting...
[33mserver_1      |[0m INFO:server.aggregator:--- [METRIC] Weight Divergence: 1.5680
[33mserver_1      |[0m INFO:server.aggregator:FedAvg aggregation complete.
[33mserver_1      |[0m INFO:__main__:Aggregation complete.
[33mserver_1      |[0m ⏱️ [TIME] Client client_008 finished training in 2.40s
[33mserver_1      |[0m ⏱️ [TIME] Client client_005 finished training in 2.11s
[33mserver_1      |[0m ⏱️ [TIME] Client client_003 finished training in 3.57s
[33mserver_1      |[0m ⏱️ [TIME] Client client_006 finished training in 3.34s
[33mserver_1      |[0m ⏱️ [TIME] Client client_010 finished training in 2.57s
[33mserver_1      |[0m DEBUG: ⚠️ MY CUSTOM AGGREGATOR IS RUNNING ⚠️
[33mserver_1      |[0m INFO:__main__:💾 Saving metrics to results/metrics.csv...
[33mserver_1      |[0m INFO:__main__:--- Round 21 Acc: 51.71%, Loss: 1.3491 ---
[33mserver_1      |[0m INFO:__main__:--- Starting Round 22. Timeout: 600s ---
[33mserver_1      |[0m INFO:werkzeug:172.18.0.8 - - [01/Feb/2026 16:22:12] "POST /submit_update HTTP/1.1" 200 -
[36mclient_010_1  |[0m 2026-02-01 16:22:12,377 - __main__ - INFO - 🚀 Model update submitted successfully.
[36mclient_010_1  |[0m 2026-02-01 16:22:12,377 - __main__ - INFO - Update submitted for Round 21. Waiting...
[35;1mclient_008_1  |[0m 2026-02-01 16:22:12,810 - __main__ - INFO - --- New Round Detected: 22 ---
[33mserver_1      |[0m INFO:werkzeug:172.18.0.15 - - [01/Feb/2026 16:22:12] "GET /download_model?round=22 HTTP/1.1" 200 -
[34mclient_004_1  |[0m 2026-02-01 16:22:13,568 - __main__ - INFO - Round 21 finished. Loss: 0.0000, Acc: 0.00%
[33mserver_1      |[0m INFO:__main__:Received update from client_004
[33mserver_1      |[0m INFO:werkzeug:172.18.0.9 - - [01/Feb/2026 16:22:13] "POST /submit_update HTTP/1.1" 200 -
[34mclient_004_1  |[0m 2026-02-01 16:22:13,712 - __main__ - INFO - 🚀 Model update submitted successfully.
[34mclient_004_1  |[0m 2026-02-01 16:22:13,713 - __main__ - INFO - Update submitted for Round 21. Waiting...
[36;1mclient_005_1  |[0m 2026-02-01 16:22:13,954 - __main__ - INFO - --- New Round Detected: 22 ---
[33mserver_1      |[0m INFO:werkzeug:172.18.0.14 - - [01/Feb/2026 16:22:13] "GET /download_model?round=22 HTTP/1.1" 200 -
[35;1mclient_008_1  |[0m 2026-02-01 16:22:15,535 - __main__ - INFO - Round 22 finished. Loss: 0.0000, Acc: 0.00%
[33mserver_1      |[0m INFO:__main__:Received update from client_008
[33mserver_1      |[0m INFO:werkzeug:172.18.0.15 - - [01/Feb/2026 16:22:15] "POST /submit_update HTTP/1.1" 200 -
[35;1mclient_008_1  |[0m 2026-02-01 16:22:15,671 - __main__ - INFO - 🚀 Model update submitted successfully.
[35;1mclient_008_1  |[0m 2026-02-01 16:22:15,671 - __main__ - INFO - Update submitted for Round 22. Waiting...
[35mclient_003_1  |[0m 2026-02-01 16:22:16,089 - __main__ - INFO - --- New Round Detected: 22 ---
[33mserver_1      |[0m INFO:werkzeug:172.18.0.19 - - [01/Feb/2026 16:22:16] "GET /download_model?round=22 HTTP/1.1" 200 -
[36;1mclient_005_1  |[0m 2026-02-01 16:22:16,378 - __main__ - INFO - Round 22 finished. Loss: 0.0000, Acc: 0.00%
[33mserver_1      |[0m INFO:__main__:Received update from client_005
[33mserver_1      |[0m INFO:werkzeug:172.18.0.14 - - [01/Feb/2026 16:22:16] "POST /submit_update HTTP/1.1" 200 -
[36;1mclient_005_1  |[0m 2026-02-01 16:22:16,513 - __main__ - INFO - 🚀 Model update submitted successfully.
[36;1mclient_005_1  |[0m 2026-02-01 16:22:16,513 - __main__ - INFO - Update submitted for Round 22. Waiting...
[33;1mclient_006_1  |[0m 2026-02-01 16:22:17,108 - __main__ - INFO - --- New Round Detected: 22 ---
[33mserver_1      |[0m INFO:werkzeug:172.18.0.21 - - [01/Feb/2026 16:22:17] "GET /download_model?round=22 HTTP/1.1" 200 -
[32mclient_002_1  |[0m 2026-02-01 16:22:19,454 - __main__ - INFO - --- New Round Detected: 22 ---
[33mserver_1      |[0m INFO:werkzeug:172.18.0.6 - - [01/Feb/2026 16:22:19] "GET /download_model?round=22 HTTP/1.1" 200 -
[34;1mclient_009_1  |[0m 2026-02-01 16:22:19,587 - __main__ - INFO - --- New Round Detected: 22 ---
[33mserver_1      |[0m INFO:werkzeug:172.18.0.22 - - [01/Feb/2026 16:22:19] "GET /download_model?round=22 HTTP/1.1" 200 -
[32;1mclient_007_1  |[0m 2026-02-01 16:22:19,658 - __main__ - INFO - --- New Round Detected: 22 ---
[33mserver_1      |[0m INFO:werkzeug:172.18.0.18 - - [01/Feb/2026 16:22:19] "GET /download_model?round=22 HTTP/1.1" 200 -
[33mclient_001_1  |[0m 2026-02-01 16:22:19,870 - __main__ - INFO - --- New Round Detected: 22 ---
[33mserver_1      |[0m INFO:werkzeug:172.18.0.20 - - [01/Feb/2026 16:22:19] "GET /download_model?round=22 HTTP/1.1" 200 -
[33;1mclient_006_1  |[0m 2026-02-01 16:22:20,712 - __main__ - INFO - Round 22 finished. Loss: 0.0000, Acc: 0.00%
[33mserver_1      |[0m INFO:__main__:Received update from client_006
[33mserver_1      |[0m INFO:werkzeug:172.18.0.21 - - [01/Feb/2026 16:22:20] "POST /submit_update HTTP/1.1" 200 -
[33;1mclient_006_1  |[0m 2026-02-01 16:22:20,853 - __main__ - INFO - 🚀 Model update submitted successfully.
[33;1mclient_006_1  |[0m 2026-02-01 16:22:20,853 - __main__ - INFO - Update submitted for Round 22. Waiting...
[35mclient_003_1  |[0m 2026-02-01 16:22:21,558 - __main__ - INFO - Round 22 finished. Loss: 0.0000, Acc: 0.00%
[34;1mclient_009_1  |[0m 2026-02-01 16:22:21,606 - __main__ - INFO - Round 22 finished. Loss: 0.0000, Acc: 0.00%
[33mserver_1      |[0m INFO:__main__:Received update from client_003
[33mserver_1      |[0m INFO:__main__:--- Aggregating 5 updates ---
[33mserver_1      |[0m INFO:__main__:⚡ Using Custom Aggregator with Drift Metric...
[33mserver_1      |[0m INFO:server.aggregator:Starting FedAvg aggregation for 5 clients.
[33mclient_001_1  |[0m 2026-02-01 16:22:21,747 - __main__ - INFO - Round 22 finished. Loss: 0.0000, Acc: 0.00%
[33mserver_1      |[0m INFO:werkzeug:172.18.0.20 - - [01/Feb/2026 16:22:21] "[31m[1mPOST /submit_update HTTP/1.1[0m" 400 -
[33mclient_001_1  |[0m 2026-02-01 16:22:21,813 - __main__ - ERROR - Update submission failed: {"error":"Not accepting updates"}
[33mclient_001_1  |[0m 
[33mclient_001_1  |[0m 2026-02-01 16:22:21,813 - __main__ - INFO - Update submitted for Round 22. Waiting...
[36mclient_010_1  |[0m 2026-02-01 16:22:22,458 - __main__ - INFO - --- New Round Detected: 22 ---
[33mserver_1      |[0m INFO:werkzeug:172.18.0.8 - - [01/Feb/2026 16:22:22] "GET /download_model?round=22 HTTP/1.1" 200 -
[32mclient_002_1  |[0m 2026-02-01 16:22:22,996 - __main__ - INFO - Round 22 finished. Loss: 0.0000, Acc: 0.00%
[33mserver_1      |[0m INFO:werkzeug:172.18.0.6 - - [01/Feb/2026 16:22:23] "[31m[1mPOST /submit_update HTTP/1.1[0m" 400 -
[32mclient_002_1  |[0m 2026-02-01 16:22:23,061 - __main__ - ERROR - Update submission failed: {"error":"Not accepting updates"}
[32mclient_002_1  |[0m 
[32mclient_002_1  |[0m 2026-02-01 16:22:23,062 - __main__ - INFO - Update submitted for Round 22. Waiting...
[34mclient_004_1  |[0m 2026-02-01 16:22:23,777 - __main__ - INFO - --- New Round Detected: 22 ---
[33mserver_1      |[0m INFO:werkzeug:172.18.0.9 - - [01/Feb/2026 16:22:23] "GET /download_model?round=22 HTTP/1.1" 200 -
[33mserver_1      |[0m INFO:server.aggregator:--- [METRIC] Weight Divergence: 1.6362
[33mserver_1      |[0m INFO:server.aggregator:FedAvg aggregation complete.
[33mserver_1      |[0m INFO:__main__:Aggregation complete.
[33mserver_1      |[0m ⏱️ [TIME] Client client_004 finished training in 3.98s
[33mserver_1      |[0m ⏱️ [TIME] Client client_008 finished training in 2.52s
[33mserver_1      |[0m ⏱️ [TIME] Client client_005 finished training in 2.20s
[33mserver_1      |[0m ⏱️ [TIME] Client client_006 finished training in 3.41s
[33mserver_1      |[0m ⏱️ [TIME] Client client_003 finished training in 5.27s
[33mserver_1      |[0m DEBUG: ⚠️ MY CUSTOM AGGREGATOR IS RUNNING ⚠️
[33mserver_1      |[0m ⏱️ [TIME] Client client_009 finished training in 1.81s
[33mserver_1      |[0m INFO:__main__:💾 Saving metrics to results/metrics.csv...
[33mserver_1      |[0m INFO:__main__:--- Round 22 Acc: 50.40%, Loss: 1.3541 ---
[33mserver_1      |[0m INFO:__main__:--- Starting Round 23. Timeout: 600s ---
[33mserver_1      |[0m INFO:__main__:Received update from client_009
[33mserver_1      |[0m INFO:werkzeug:172.18.0.22 - - [01/Feb/2026 16:22:25] "POST /submit_update HTTP/1.1" 200 -
[33mserver_1      |[0m INFO:werkzeug:172.18.0.19 - - [01/Feb/2026 16:22:25] "POST /submit_update HTTP/1.1" 200 -
[35mclient_003_1  |[0m 2026-02-01 16:22:25,381 - __main__ - INFO - 🚀 Model update submitted successfully.
[35mclient_003_1  |[0m 2026-02-01 16:22:25,381 - __main__ - INFO - Update submitted for Round 22. Waiting...
[34;1mclient_009_1  |[0m 2026-02-01 16:22:25,381 - __main__ - INFO - 🚀 Model update submitted successfully.
[34;1mclient_009_1  |[0m 2026-02-01 16:22:25,382 - __main__ - INFO - Update submitted for Round 22. Waiting...
[32;1mclient_007_1  |[0m 2026-02-01 16:22:25,508 - __main__ - INFO - Round 22 finished. Loss: 0.0000, Acc: 0.00%
[33mserver_1      |[0m INFO:__main__:Received update from client_007
[33mserver_1      |[0m INFO:werkzeug:172.18.0.18 - - [01/Feb/2026 16:22:25] "POST /submit_update HTTP/1.1" 200 -
[32;1mclient_007_1  |[0m 2026-02-01 16:22:25,644 - __main__ - INFO - 🚀 Model update submitted successfully.
[32;1mclient_007_1  |[0m 2026-02-01 16:22:25,645 - __main__ - INFO - Update submitted for Round 22. Waiting...
[35;1mclient_008_1  |[0m 2026-02-01 16:22:25,748 - __main__ - INFO - --- New Round Detected: 23 ---
[33mserver_1      |[0m INFO:werkzeug:172.18.0.15 - - [01/Feb/2026 16:22:25] "GET /download_model?round=23 HTTP/1.1" 200 -
[36;1mclient_005_1  |[0m 2026-02-01 16:22:26,576 - __main__ - INFO - --- New Round Detected: 23 ---
[33mserver_1      |[0m INFO:werkzeug:172.18.0.14 - - [01/Feb/2026 16:22:26] "GET /download_model?round=23 HTTP/1.1" 200 -
[34mclient_004_1  |[0m 2026-02-01 16:22:26,784 - __main__ - INFO - Round 22 finished. Loss: 0.0000, Acc: 0.00%
[36mclient_010_1  |[0m 2026-02-01 16:22:26,869 - __main__ - INFO - Round 22 finished. Loss: 0.0000, Acc: 0.00%
[33mserver_1      |[0m INFO:__main__:Received update from client_004
[33mserver_1      |[0m INFO:werkzeug:172.18.0.9 - - [01/Feb/2026 16:22:26] "POST /submit_update HTTP/1.1" 200 -
[34mclient_004_1  |[0m 2026-02-01 16:22:26,917 - __main__ - INFO - 🚀 Model update submitted successfully.
[34mclient_004_1  |[0m 2026-02-01 16:22:26,917 - __main__ - INFO - Update submitted for Round 22. Waiting...
[33mserver_1      |[0m INFO:__main__:Received update from client_010
[33mserver_1      |[0m INFO:werkzeug:172.18.0.8 - - [01/Feb/2026 16:22:26] "POST /submit_update HTTP/1.1" 200 -
[36mclient_010_1  |[0m 2026-02-01 16:22:27,003 - __main__ - INFO - 🚀 Model update submitted successfully.
[36mclient_010_1  |[0m 2026-02-01 16:22:27,003 - __main__ - INFO - Update submitted for Round 22. Waiting...
[35;1mclient_008_1  |[0m 2026-02-01 16:22:28,533 - __main__ - INFO - Round 23 finished. Loss: 0.0000, Acc: 0.00%
[33mserver_1      |[0m INFO:__main__:Received update from client_008
[33mserver_1      |[0m INFO:__main__:--- Aggregating 5 updates ---
[33mserver_1      |[0m INFO:__main__:⚡ Using Custom Aggregator with Drift Metric...
[33mserver_1      |[0m INFO:server.aggregator:Starting FedAvg aggregation for 5 clients.
[36;1mclient_005_1  |[0m 2026-02-01 16:22:28,953 - __main__ - INFO - Round 23 finished. Loss: 0.0000, Acc: 0.00%
[33mserver_1      |[0m INFO:werkzeug:172.18.0.14 - - [01/Feb/2026 16:22:29] "[31m[1mPOST /submit_update HTTP/1.1[0m" 400 -
[36;1mclient_005_1  |[0m 2026-02-01 16:22:29,064 - __main__ - ERROR - Update submission failed: {"error":"Not accepting updates"}
[36;1mclient_005_1  |[0m 
[36;1mclient_005_1  |[0m 2026-02-01 16:22:29,064 - __main__ - INFO - Update submitted for Round 23. Waiting...
[33mserver_1      |[0m INFO:server.aggregator:--- [METRIC] Weight Divergence: 1.5416
[33mserver_1      |[0m INFO:server.aggregator:FedAvg aggregation complete.
[33mserver_1      |[0m INFO:__main__:Aggregation complete.
[33mserver_1      |[0m ⏱️ [TIME] Client client_007 finished training in 5.61s
[33mserver_1      |[0m ⏱️ [TIME] Client client_004 finished training in 2.77s
[33mserver_1      |[0m ⏱️ [TIME] Client client_010 finished training in 4.19s
[33mserver_1      |[0m ⏱️ [TIME] Client client_008 finished training in 2.53s
[33mserver_1      |[0m DEBUG: ⚠️ MY CUSTOM AGGREGATOR IS RUNNING ⚠️
[33;1mclient_006_1  |[0m 2026-02-01 16:22:30,929 - __main__ - INFO - --- New Round Detected: 23 ---
[33mserver_1      |[0m INFO:werkzeug:172.18.0.21 - - [01/Feb/2026 16:22:30] "GET /download_model?round=23 HTTP/1.1" 200 -
[33mclient_001_1  |[0m 2026-02-01 16:22:31,878 - __main__ - INFO - --- New Round Detected: 23 ---
[33mserver_1      |[0m INFO:werkzeug:172.18.0.20 - - [01/Feb/2026 16:22:31] "GET /download_model?round=23 HTTP/1.1" 200 -
[33mserver_1      |[0m INFO:__main__:💾 Saving metrics to results/metrics.csv...
[33mserver_1      |[0m INFO:__main__:--- Round 23 Acc: 49.27%, Loss: 1.3914 ---
[33mserver_1      |[0m INFO:__main__:--- Starting Round 24. Timeout: 600s ---
[33mserver_1      |[0m INFO:werkzeug:172.18.0.15 - - [01/Feb/2026 16:22:32] "POST /submit_update HTTP/1.1" 200 -
[35;1mclient_008_1  |[0m 2026-02-01 16:22:32,044 - __main__ - INFO - 🚀 Model update submitted successfully.
[35;1mclient_008_1  |[0m 2026-02-01 16:22:32,044 - __main__ - INFO - Update submitted for Round 23. Waiting...
[32mclient_002_1  |[0m 2026-02-01 16:22:33,131 - __main__ - INFO - --- New Round Detected: 24 ---
[33mserver_1      |[0m INFO:werkzeug:172.18.0.6 - - [01/Feb/2026 16:22:33] "GET /download_model?round=24 HTTP/1.1" 200 -
[33mclient_001_1  |[0m 2026-02-01 16:22:34,108 - __main__ - INFO - Round 23 finished. Loss: 0.0000, Acc: 0.00%
[33mserver_1      |[0m INFO:__main__:Received update from client_001
[33mserver_1      |[0m INFO:werkzeug:172.18.0.20 - - [01/Feb/2026 16:22:34] "POST /submit_update HTTP/1.1" 200 -
[33mclient_001_1  |[0m 2026-02-01 16:22:34,242 - __main__ - INFO - 🚀 Model update submitted successfully.
[33mclient_001_1  |[0m 2026-02-01 16:22:34,242 - __main__ - INFO - Update submitted for Round 23. Waiting...
[34;1mclient_009_1  |[0m 2026-02-01 16:22:35,461 - __main__ - INFO - --- New Round Detected: 24 ---
[35mclient_003_1  |[0m 2026-02-01 16:22:35,464 - __main__ - INFO - --- New Round Detected: 24 ---
[33mserver_1      |[0m INFO:werkzeug:172.18.0.22 - - [01/Feb/2026 16:22:35] "GET /download_model?round=24 HTTP/1.1" 200 -
[33mserver_1      |[0m INFO:werkzeug:172.18.0.19 - - [01/Feb/2026 16:22:35] "GET /download_model?round=24 HTTP/1.1" 200 -
[32;1mclient_007_1  |[0m 2026-02-01 16:22:35,711 - __main__ - INFO - --- New Round Detected: 24 ---
[33mserver_1      |[0m INFO:werkzeug:172.18.0.18 - - [01/Feb/2026 16:22:35] "GET /download_model?round=24 HTTP/1.1" 200 -
[33;1mclient_006_1  |[0m 2026-02-01 16:22:35,784 - __main__ - INFO - Round 23 finished. Loss: 0.0000, Acc: 0.00%
[33mserver_1      |[0m INFO:__main__:Received update from client_006
[33mserver_1      |[0m INFO:werkzeug:172.18.0.21 - - [01/Feb/2026 16:22:35] "POST /submit_update HTTP/1.1" 200 -
[33;1mclient_006_1  |[0m 2026-02-01 16:22:36,016 - __main__ - INFO - 🚀 Model update submitted successfully.
[33;1mclient_006_1  |[0m 2026-02-01 16:22:36,016 - __main__ - INFO - Update submitted for Round 23. Waiting...
[34mclient_004_1  |[0m 2026-02-01 16:22:36,983 - __main__ - INFO - --- New Round Detected: 24 ---
[33mserver_1      |[0m INFO:werkzeug:172.18.0.9 - - [01/Feb/2026 16:22:37] "GET /download_model?round=24 HTTP/1.1" 200 -
[36mclient_010_1  |[0m 2026-02-01 16:22:37,066 - __main__ - INFO - --- New Round Detected: 24 ---
[33mserver_1      |[0m INFO:werkzeug:172.18.0.8 - - [01/Feb/2026 16:22:37] "GET /download_model?round=24 HTTP/1.1" 200 -
[32mclient_002_1  |[0m 2026-02-01 16:22:37,160 - __main__ - INFO - Round 24 finished. Loss: 0.0000, Acc: 0.00%
[33mserver_1      |[0m INFO:__main__:Received update from client_002
[33mserver_1      |[0m INFO:werkzeug:172.18.0.6 - - [01/Feb/2026 16:22:37] "POST /submit_update HTTP/1.1" 200 -
[32mclient_002_1  |[0m 2026-02-01 16:22:37,295 - __main__ - INFO - 🚀 Model update submitted successfully.
[32mclient_002_1  |[0m 2026-02-01 16:22:37,295 - __main__ - INFO - Update submitted for Round 24. Waiting...
[34;1mclient_009_1  |[0m 2026-02-01 16:22:38,180 - __main__ - INFO - Round 24 finished. Loss: 0.0000, Acc: 0.00%
[33mserver_1      |[0m INFO:__main__:Received update from client_009
[33mserver_1      |[0m INFO:werkzeug:172.18.0.22 - - [01/Feb/2026 16:22:38] "POST /submit_update HTTP/1.1" 200 -
[34;1mclient_009_1  |[0m 2026-02-01 16:22:38,315 - __main__ - INFO - 🚀 Model update submitted successfully.
[34;1mclient_009_1  |[0m 2026-02-01 16:22:38,315 - __main__ - INFO - Update submitted for Round 24. Waiting...
[35mclient_003_1  |[0m 2026-02-01 16:22:38,621 - __main__ - INFO - Round 24 finished. Loss: 0.0000, Acc: 0.00%
[33mserver_1      |[0m INFO:__main__:Received update from client_003
[33mserver_1      |[0m INFO:__main__:--- Aggregating 5 updates ---
[33mserver_1      |[0m INFO:__main__:⚡ Using Custom Aggregator with Drift Metric...
[33mserver_1      |[0m INFO:server.aggregator:Starting FedAvg aggregation for 5 clients.
[36;1mclient_005_1  |[0m 2026-02-01 16:22:39,126 - __main__ - INFO - --- New Round Detected: 24 ---
[33mserver_1      |[0m INFO:werkzeug:172.18.0.14 - - [01/Feb/2026 16:22:39] "GET /download_model?round=24 HTTP/1.1" 200 -
[34mclient_004_1  |[0m 2026-02-01 16:22:39,485 - __main__ - INFO - Round 24 finished. Loss: 0.0000, Acc: 0.00%
[33mserver_1      |[0m INFO:werkzeug:172.18.0.9 - - [01/Feb/2026 16:22:39] "[31m[1mPOST /submit_update HTTP/1.1[0m" 400 -
[34mclient_004_1  |[0m 2026-02-01 16:22:39,549 - __main__ - ERROR - Update submission failed: {"error":"Not accepting updates"}
[34mclient_004_1  |[0m 
[34mclient_004_1  |[0m 2026-02-01 16:22:39,549 - __main__ - INFO - Update submitted for Round 24. Waiting...
[33mserver_1      |[0m INFO:server.aggregator:--- [METRIC] Weight Divergence: 1.6649
[33mserver_1      |[0m INFO:server.aggregator:FedAvg aggregation complete.
[33mserver_1      |[0m INFO:__main__:Aggregation complete.
[33mserver_1      |[0m ⏱️ [TIME] Client client_001 finished training in 1.94s
[33mserver_1      |[0m ⏱️ [TIME] Client client_006 finished training in 4.63s
[33mserver_1      |[0m ⏱️ [TIME] Client client_002 finished training in 3.77s
[33mserver_1      |[0m ⏱️ [TIME] Client client_009 finished training in 2.44s
[33mserver_1      |[0m ⏱️ [TIME] Client client_003 finished training in 2.96s
[33mserver_1      |[0m DEBUG: ⚠️ MY CUSTOM AGGREGATOR IS RUNNING ⚠️
[32;1mclient_007_1  |[0m 2026-02-01 16:22:41,120 - __main__ - INFO - Round 24 finished. Loss: 0.0000, Acc: 0.00%
[33mserver_1      |[0m INFO:werkzeug:172.18.0.18 - - [01/Feb/2026 16:22:41] "[31m[1mPOST /submit_update HTTP/1.1[0m" 400 -
[32;1mclient_007_1  |[0m 2026-02-01 16:22:41,185 - __main__ - ERROR - Update submission failed: {"error":"Not accepting updates"}
[32;1mclient_007_1  |[0m 
[32;1mclient_007_1  |[0m 2026-02-01 16:22:41,185 - __main__ - INFO - Update submitted for Round 24. Waiting...
[36mclient_010_1  |[0m 2026-02-01 16:22:41,423 - __main__ - INFO - Round 24 finished. Loss: 0.0000, Acc: 0.00%
[33mserver_1      |[0m INFO:werkzeug:172.18.0.8 - - [01/Feb/2026 16:22:41] "[31m[1mPOST /submit_update HTTP/1.1[0m" 400 -
[36mclient_010_1  |[0m 2026-02-01 16:22:41,488 - __main__ - ERROR - Update submission failed: {"error":"Not accepting updates"}
[36mclient_010_1  |[0m 
[36mclient_010_1  |[0m 2026-02-01 16:22:41,488 - __main__ - INFO - Update submitted for Round 24. Waiting...
[36;1mclient_005_1  |[0m 2026-02-01 16:22:41,622 - __main__ - INFO - Round 24 finished. Loss: 0.0000, Acc: 0.00%
[33mserver_1      |[0m INFO:werkzeug:172.18.0.14 - - [01/Feb/2026 16:22:41] "[31m[1mPOST /submit_update HTTP/1.1[0m" 400 -
[33mserver_1      |[0m INFO:__main__:💾 Saving metrics to results/metrics.csv...
[33mserver_1      |[0m INFO:__main__:--- Round 24 Acc: 53.44%, Loss: 1.3062 ---
[33mserver_1      |[0m INFO:__main__:--- Starting Round 25. Timeout: 600s ---
[33mserver_1      |[0m INFO:werkzeug:172.18.0.19 - - [01/Feb/2026 16:22:41] "POST /submit_update HTTP/1.1" 200 -
[36;1mclient_005_1  |[0m 2026-02-01 16:22:41,686 - __main__ - ERROR - Update submission failed: {"error":"Not accepting updates"}
[36;1mclient_005_1  |[0m 
[36;1mclient_005_1  |[0m 2026-02-01 16:22:41,686 - __main__ - INFO - Update submitted for Round 24. Waiting...
[35mclient_003_1  |[0m 2026-02-01 16:22:41,704 - __main__ - INFO - 🚀 Model update submitted successfully.
[35mclient_003_1  |[0m 2026-02-01 16:22:41,704 - __main__ - INFO - Update submitted for Round 24. Waiting...
[35;1mclient_008_1  |[0m 2026-02-01 16:22:42,110 - __main__ - INFO - --- New Round Detected: 25 ---
[33mserver_1      |[0m INFO:werkzeug:172.18.0.15 - - [01/Feb/2026 16:22:42] "GET /download_model?round=25 HTTP/1.1" 200 -
[35;1mclient_008_1  |[0m 2026-02-01 16:22:44,135 - __main__ - INFO - Round 25 finished. Loss: 0.0000, Acc: 0.00%
[33mserver_1      |[0m INFO:__main__:Received update from client_008
[33mserver_1      |[0m INFO:werkzeug:172.18.0.15 - - [01/Feb/2026 16:22:44] "POST /submit_update HTTP/1.1" 200 -
[35;1mclient_008_1  |[0m 2026-02-01 16:22:44,289 - __main__ - INFO - 🚀 Model update submitted successfully.
[35;1mclient_008_1  |[0m 2026-02-01 16:22:44,289 - __main__ - INFO - Update submitted for Round 25. Waiting...
[33mclient_001_1  |[0m 2026-02-01 16:22:44,305 - __main__ - INFO - --- New Round Detected: 25 ---
[33mserver_1      |[0m INFO:werkzeug:172.18.0.20 - - [01/Feb/2026 16:22:44] "GET /download_model?round=25 HTTP/1.1" 200 -
[33mclient_001_1  |[0m 2026-02-01 16:22:46,041 - __main__ - INFO - Round 25 finished. Loss: 0.0000, Acc: 0.00%
[33;1mclient_006_1  |[0m 2026-02-01 16:22:46,078 - __main__ - INFO - --- New Round Detected: 25 ---
[33mserver_1      |[0m INFO:werkzeug:172.18.0.21 - - [01/Feb/2026 16:22:46] "GET /download_model?round=25 HTTP/1.1" 200 -
[33mserver_1      |[0m INFO:__main__:Received update from client_001
[33mserver_1      |[0m INFO:werkzeug:172.18.0.20 - - [01/Feb/2026 16:22:46] "POST /submit_update HTTP/1.1" 200 -
[33mclient_001_1  |[0m 2026-02-01 16:22:46,179 - __main__ - INFO - 🚀 Model update submitted successfully.
[33mclient_001_1  |[0m 2026-02-01 16:22:46,179 - __main__ - INFO - Update submitted for Round 25. Waiting...
[32mclient_002_1  |[0m 2026-02-01 16:22:47,360 - __main__ - INFO - --- New Round Detected: 25 ---
[33mserver_1      |[0m INFO:werkzeug:172.18.0.6 - - [01/Feb/2026 16:22:47] "GET /download_model?round=25 HTTP/1.1" 200 -
[34;1mclient_009_1  |[0m 2026-02-01 16:22:48,385 - __main__ - INFO - --- New Round Detected: 25 ---
[33mserver_1      |[0m INFO:werkzeug:172.18.0.22 - - [01/Feb/2026 16:22:48] "GET /download_model?round=25 HTTP/1.1" 200 -
[34mclient_004_1  |[0m 2026-02-01 16:22:49,627 - __main__ - INFO - --- New Round Detected: 25 ---
[33mserver_1      |[0m INFO:werkzeug:172.18.0.9 - - [01/Feb/2026 16:22:49] "GET /download_model?round=25 HTTP/1.1" 200 -
[32mclient_002_1  |[0m 2026-02-01 16:22:50,078 - __main__ - INFO - Round 25 finished. Loss: 0.0000, Acc: 0.00%
[33mserver_1      |[0m INFO:__main__:Received update from client_002
[33mserver_1      |[0m INFO:werkzeug:172.18.0.6 - - [01/Feb/2026 16:22:50] "POST /submit_update HTTP/1.1" 200 -
[32mclient_002_1  |[0m 2026-02-01 16:22:50,213 - __main__ - INFO - 🚀 Model update submitted successfully.
[32mclient_002_1  |[0m 2026-02-01 16:22:50,213 - __main__ - INFO - Update submitted for Round 25. Waiting...
[32;1mclient_007_1  |[0m 2026-02-01 16:22:51,248 - __main__ - INFO - --- New Round Detected: 25 ---
[33mserver_1      |[0m INFO:werkzeug:172.18.0.18 - - [01/Feb/2026 16:22:51] "GET /download_model?round=25 HTTP/1.1" 200 -
[33;1mclient_006_1  |[0m 2026-02-01 16:22:51,513 - __main__ - INFO - Round 25 finished. Loss: 0.0000, Acc: 0.00%
[36mclient_010_1  |[0m 2026-02-01 16:22:51,550 - __main__ - INFO - --- New Round Detected: 25 ---
[33mserver_1      |[0m INFO:werkzeug:172.18.0.8 - - [01/Feb/2026 16:22:51] "GET /download_model?round=25 HTTP/1.1" 200 -
[33mserver_1      |[0m INFO:__main__:Received update from client_006
[33mserver_1      |[0m INFO:werkzeug:172.18.0.21 - - [01/Feb/2026 16:22:51] "POST /submit_update HTTP/1.1" 200 -
[33;1mclient_006_1  |[0m 2026-02-01 16:22:51,649 - __main__ - INFO - 🚀 Model update submitted successfully.
[33;1mclient_006_1  |[0m 2026-02-01 16:22:51,650 - __main__ - INFO - Update submitted for Round 25. Waiting...
[34;1mclient_009_1  |[0m 2026-02-01 16:22:51,670 - __main__ - INFO - Round 25 finished. Loss: 0.0000, Acc: 0.00%
[36;1mclient_005_1  |[0m 2026-02-01 16:22:51,746 - __main__ - INFO - --- New Round Detected: 25 ---
[35mclient_003_1  |[0m 2026-02-01 16:22:51,766 - __main__ - INFO - --- New Round Detected: 25 ---
[33mserver_1      |[0m INFO:werkzeug:172.18.0.14 - - [01/Feb/2026 16:22:51] "GET /download_model?round=25 HTTP/1.1" 200 -
[33mserver_1      |[0m INFO:__main__:Received update from client_009
[33mserver_1      |[0m INFO:__main__:--- Aggregating 5 updates ---
[33mserver_1      |[0m INFO:__main__:⚡ Using Custom Aggregator with Drift Metric...
[33mserver_1      |[0m INFO:server.aggregator:Starting FedAvg aggregation for 5 clients.
[33mserver_1      |[0m INFO:werkzeug:172.18.0.19 - - [01/Feb/2026 16:22:51] "GET /download_model?round=25 HTTP/1.1" 200 -
[36mclient_010_1  |[0m 2026-02-01 16:22:54,015 - __main__ - INFO - Round 25 finished. Loss: 0.0000, Acc: 0.00%
[33mserver_1      |[0m INFO:werkzeug:172.18.0.8 - - [01/Feb/2026 16:22:54] "[31m[1mPOST /submit_update HTTP/1.1[0m" 400 -
[36mclient_010_1  |[0m 2026-02-01 16:22:54,080 - __main__ - ERROR - Update submission failed: {"error":"Not accepting updates"}
[36mclient_010_1  |[0m 
[36mclient_010_1  |[0m 2026-02-01 16:22:54,080 - __main__ - INFO - Update submitted for Round 25. Waiting...
[36;1mclient_005_1  |[0m 2026-02-01 16:22:54,086 - __main__ - INFO - Round 25 finished. Loss: 0.0000, Acc: 0.00%
[34mclient_004_1  |[0m 2026-02-01 16:22:54,094 - __main__ - INFO - Round 25 finished. Loss: 0.0000, Acc: 0.00%
[33mserver_1      |[0m INFO:werkzeug:172.18.0.14 - - [01/Feb/2026 16:22:54] "[31m[1mPOST /submit_update HTTP/1.1[0m" 400 -
[33mserver_1      |[0m INFO:werkzeug:172.18.0.9 - - [01/Feb/2026 16:22:54] "[31m[1mPOST /submit_update HTTP/1.1[0m" 400 -
[36;1mclient_005_1  |[0m 2026-02-01 16:22:54,154 - __main__ - ERROR - Update submission failed: {"error":"Not accepting updates"}
[36;1mclient_005_1  |[0m 
[36;1mclient_005_1  |[0m 2026-02-01 16:22:54,155 - __main__ - INFO - Update submitted for Round 25. Waiting...
[34mclient_004_1  |[0m 2026-02-01 16:22:54,158 - __main__ - ERROR - Update submission failed: {"error":"Not accepting updates"}
[34mclient_004_1  |[0m 
[34mclient_004_1  |[0m 2026-02-01 16:22:54,158 - __main__ - INFO - Update submitted for Round 25. Waiting...
[32;1mclient_007_1  |[0m 2026-02-01 16:22:54,357 - __main__ - INFO - Round 25 finished. Loss: 0.0000, Acc: 0.00%
[33mserver_1      |[0m INFO:werkzeug:172.18.0.18 - - [01/Feb/2026 16:22:54] "[31m[1mPOST /submit_update HTTP/1.1[0m" 400 -
[32;1mclient_007_1  |[0m 2026-02-01 16:22:54,420 - __main__ - ERROR - Update submission failed: {"error":"Not accepting updates"}
[32;1mclient_007_1  |[0m 
[32;1mclient_007_1  |[0m 2026-02-01 16:22:54,420 - __main__ - INFO - Update submitted for Round 25. Waiting...
[33mserver_1      |[0m INFO:server.aggregator:--- [METRIC] Weight Divergence: 1.5059
[33mserver_1      |[0m INFO:server.aggregator:FedAvg aggregation complete.
[33mserver_1      |[0m INFO:__main__:Aggregation complete.
[33mserver_1      |[0m ⏱️ [TIME] Client client_008 finished training in 1.83s
[33mserver_1      |[0m ⏱️ [TIME] Client client_001 finished training in 1.51s
[33mserver_1      |[0m ⏱️ [TIME] Client client_002 finished training in 2.52s
[33mserver_1      |[0m ⏱️ [TIME] Client client_006 finished training in 5.20s
[33mserver_1      |[0m ⏱️ [TIME] Client client_009 finished training in 3.00s
[33mserver_1      |[0m DEBUG: ⚠️ MY CUSTOM AGGREGATOR IS RUNNING ⚠️
[33mserver_1      |[0m INFO:__main__:💾 Saving metrics to results/metrics.csv...
[33mserver_1      |[0m INFO:__main__:--- Round 25 Acc: 55.08%, Loss: 1.2531 ---
[33mserver_1      |[0m INFO:__main__:--- Starting Round 26. Timeout: 600s ---
[33mserver_1      |[0m INFO:werkzeug:172.18.0.22 - - [01/Feb/2026 16:22:56] "POST /submit_update HTTP/1.1" 200 -
[34;1mclient_009_1  |[0m 2026-02-01 16:22:56,037 - __main__ - INFO - 🚀 Model update submitted successfully.
[34;1mclient_009_1  |[0m 2026-02-01 16:22:56,037 - __main__ - INFO - Update submitted for Round 25. Waiting...
[33mclient_001_1  |[0m 2026-02-01 16:22:56,245 - __main__ - INFO - --- New Round Detected: 26 ---
[33mserver_1      |[0m INFO:werkzeug:172.18.0.20 - - [01/Feb/2026 16:22:56] "GET /download_model?round=26 HTTP/1.1" 200 -
[35mclient_003_1  |[0m 2026-02-01 16:22:57,478 - __main__ - INFO - Round 25 finished. Loss: 0.0000, Acc: 0.00%
[33mserver_1      |[0m INFO:__main__:Received update from client_003
[33mserver_1      |[0m INFO:werkzeug:172.18.0.19 - - [01/Feb/2026 16:22:57] "POST /submit_update HTTP/1.1" 200 -
[35mclient_003_1  |[0m 2026-02-01 16:22:57,612 - __main__ - INFO - 🚀 Model update submitted successfully.
[35mclient_003_1  |[0m 2026-02-01 16:22:57,613 - __main__ - INFO - Update submitted for Round 25. Waiting...
[33mclient_001_1  |[0m 2026-02-01 16:22:58,552 - __main__ - INFO - Round 26 finished. Loss: 0.0000, Acc: 0.00%
[33mserver_1      |[0m INFO:__main__:Received update from client_001
[33mserver_1      |[0m INFO:werkzeug:172.18.0.20 - - [01/Feb/2026 16:22:58] "POST /submit_update HTTP/1.1" 200 -
[33mclient_001_1  |[0m 2026-02-01 16:22:58,696 - __main__ - INFO - 🚀 Model update submitted successfully.
[33mclient_001_1  |[0m 2026-02-01 16:22:58,696 - __main__ - INFO - Update submitted for Round 26. Waiting...
[32mclient_002_1  |[0m 2026-02-01 16:23:00,282 - __main__ - INFO - --- New Round Detected: 26 ---
[33mserver_1      |[0m INFO:werkzeug:172.18.0.6 - - [01/Feb/2026 16:23:00] "GET /download_model?round=26 HTTP/1.1" 200 -
[33;1mclient_006_1  |[0m 2026-02-01 16:23:01,730 - __main__ - INFO - --- New Round Detected: 26 ---
[33mserver_1      |[0m INFO:werkzeug:172.18.0.21 - - [01/Feb/2026 16:23:01] "GET /download_model?round=26 HTTP/1.1" 200 -
[32mclient_002_1  |[0m 2026-02-01 16:23:03,346 - __main__ - INFO - Round 26 finished. Loss: 0.0000, Acc: 0.00%
[33mserver_1      |[0m INFO:__main__:Received update from client_002
[33mserver_1      |[0m INFO:werkzeug:172.18.0.6 - - [01/Feb/2026 16:23:03] "POST /submit_update HTTP/1.1" 200 -
[32mclient_002_1  |[0m 2026-02-01 16:23:03,482 - __main__ - INFO - 🚀 Model update submitted successfully.
[32mclient_002_1  |[0m 2026-02-01 16:23:03,482 - __main__ - INFO - Update submitted for Round 26. Waiting...
[36mclient_010_1  |[0m 2026-02-01 16:23:04,143 - __main__ - INFO - --- New Round Detected: 26 ---
[33mserver_1      |[0m INFO:werkzeug:172.18.0.8 - - [01/Feb/2026 16:23:04] "GET /download_model?round=26 HTTP/1.1" 200 -
[36;1mclient_005_1  |[0m 2026-02-01 16:23:04,218 - __main__ - INFO - --- New Round Detected: 26 ---
[34mclient_004_1  |[0m 2026-02-01 16:23:04,222 - __main__ - INFO - --- New Round Detected: 26 ---
[33mserver_1      |[0m INFO:werkzeug:172.18.0.14 - - [01/Feb/2026 16:23:04] "GET /download_model?round=26 HTTP/1.1" 200 -
[33mserver_1      |[0m INFO:werkzeug:172.18.0.9 - - [01/Feb/2026 16:23:04] "GET /download_model?round=26 HTTP/1.1" 200 -
[35;1mclient_008_1  |[0m 2026-02-01 16:23:04,413 - __main__ - INFO - --- New Round Detected: 26 ---
[33mserver_1      |[0m INFO:werkzeug:172.18.0.15 - - [01/Feb/2026 16:23:04] "GET /download_model?round=26 HTTP/1.1" 200 -
[32;1mclient_007_1  |[0m 2026-02-01 16:23:04,495 - __main__ - INFO - --- New Round Detected: 26 ---
[33mserver_1      |[0m INFO:werkzeug:172.18.0.18 - - [01/Feb/2026 16:23:04] "GET /download_model?round=26 HTTP/1.1" 200 -
[34;1mclient_009_1  |[0m 2026-02-01 16:23:06,099 - __main__ - INFO - --- New Round Detected: 26 ---
[33mserver_1      |[0m INFO:werkzeug:172.18.0.22 - - [01/Feb/2026 16:23:06] "GET /download_model?round=26 HTTP/1.1" 200 -
[35;1mclient_008_1  |[0m 2026-02-01 16:23:06,157 - __main__ - INFO - Round 26 finished. Loss: 0.0000, Acc: 0.00%
[33mserver_1      |[0m INFO:__main__:Received update from client_008
[33mserver_1      |[0m INFO:werkzeug:172.18.0.15 - - [01/Feb/2026 16:23:06] "POST /submit_update HTTP/1.1" 200 -
[35;1mclient_008_1  |[0m 2026-02-01 16:23:06,292 - __main__ - INFO - 🚀 Model update submitted successfully.
[35;1mclient_008_1  |[0m 2026-02-01 16:23:06,292 - __main__ - INFO - Update submitted for Round 26. Waiting...
[36;1mclient_005_1  |[0m 2026-02-01 16:23:06,702 - __main__ - INFO - Round 26 finished. Loss: 0.0000, Acc: 0.00%
[33mserver_1      |[0m INFO:__main__:Received update from client_005
[33mserver_1      |[0m INFO:__main__:--- Aggregating 5 updates ---
[33mserver_1      |[0m INFO:__main__:⚡ Using Custom Aggregator with Drift Metric...
[33mserver_1      |[0m INFO:server.aggregator:Starting FedAvg aggregation for 5 clients.
[34mclient_004_1  |[0m 2026-02-01 16:23:06,928 - __main__ - INFO - Round 26 finished. Loss: 0.0000, Acc: 0.00%
[33;1mclient_006_1  |[0m 2026-02-01 16:23:06,963 - __main__ - INFO - Round 26 finished. Loss: 0.0000, Acc: 0.00%
[33mserver_1      |[0m INFO:werkzeug:172.18.0.9 - - [01/Feb/2026 16:23:06] "[31m[1mPOST /submit_update HTTP/1.1[0m" 400 -
[33mserver_1      |[0m INFO:werkzeug:172.18.0.21 - - [01/Feb/2026 16:23:06] "[31m[1mPOST /submit_update HTTP/1.1[0m" 400 -
[34mclient_004_1  |[0m 2026-02-01 16:23:07,005 - __main__ - ERROR - Update submission failed: {"error":"Not accepting updates"}
[34mclient_004_1  |[0m 
[34mclient_004_1  |[0m 2026-02-01 16:23:07,005 - __main__ - INFO - Update submitted for Round 26. Waiting...
[33;1mclient_006_1  |[0m 2026-02-01 16:23:07,027 - __main__ - ERROR - Update submission failed: {"error":"Not accepting updates"}
[33;1mclient_006_1  |[0m 
[33;1mclient_006_1  |[0m 2026-02-01 16:23:07,027 - __main__ - INFO - Update submitted for Round 26. Waiting...
[35mclient_003_1  |[0m 2026-02-01 16:23:07,683 - __main__ - INFO - --- New Round Detected: 26 ---
[33mserver_1      |[0m INFO:werkzeug:172.18.0.19 - - [01/Feb/2026 16:23:07] "GET /download_model?round=26 HTTP/1.1" 200 -
[33mserver_1      |[0m INFO:server.aggregator:--- [METRIC] Weight Divergence: 1.5672
[33mserver_1      |[0m INFO:server.aggregator:FedAvg aggregation complete.
[33mserver_1      |[0m INFO:__main__:Aggregation complete.
[33mserver_1      |[0m ⏱️ [TIME] Client client_003 finished training in 5.45s
[33mserver_1      |[0m ⏱️ [TIME] Client client_001 finished training in 2.10s
[33mserver_1      |[0m ⏱️ [TIME] Client client_002 finished training in 2.86s
[33mserver_1      |[0m ⏱️ [TIME] Client client_008 finished training in 1.55s
[33mserver_1      |[0m ⏱️ [TIME] Client client_005 finished training in 2.24s
[33mserver_1      |[0m DEBUG: ⚠️ MY CUSTOM AGGREGATOR IS RUNNING ⚠️
[36mclient_010_1  |[0m 2026-02-01 16:23:08,750 - __main__ - INFO - Round 26 finished. Loss: 0.0000, Acc: 0.00%
[33mserver_1      |[0m INFO:werkzeug:172.18.0.8 - - [01/Feb/2026 16:23:08] "[31m[1mPOST /submit_update HTTP/1.1[0m" 400 -
[36mclient_010_1  |[0m 2026-02-01 16:23:08,898 - __main__ - ERROR - Update submission failed: {"error":"Not accepting updates"}
[36mclient_010_1  |[0m 
[36mclient_010_1  |[0m 2026-02-01 16:23:08,898 - __main__ - INFO - Update submitted for Round 26. Waiting...
[34;1mclient_009_1  |[0m 2026-02-01 16:23:09,630 - __main__ - INFO - Round 26 finished. Loss: 0.0000, Acc: 0.00%
[33mserver_1      |[0m INFO:werkzeug:172.18.0.22 - - [01/Feb/2026 16:23:09] "[31m[1mPOST /submit_update HTTP/1.1[0m" 400 -
[34;1mclient_009_1  |[0m 2026-02-01 16:23:09,695 - __main__ - ERROR - Update submission failed: {"error":"Not accepting updates"}
[34;1mclient_009_1  |[0m 
[34;1mclient_009_1  |[0m 2026-02-01 16:23:09,695 - __main__ - INFO - Update submitted for Round 26. Waiting...
[33mserver_1      |[0m INFO:__main__:💾 Saving metrics to results/metrics.csv...
[33mserver_1      |[0m INFO:__main__:--- Round 26 Acc: 52.46%, Loss: 1.3123 ---
[33mserver_1      |[0m INFO:__main__:--- Starting Round 27. Timeout: 600s ---
[33mserver_1      |[0m INFO:werkzeug:172.18.0.14 - - [01/Feb/2026 16:23:09] "POST /submit_update HTTP/1.1" 200 -
[36;1mclient_005_1  |[0m 2026-02-01 16:23:09,739 - __main__ - INFO - 🚀 Model update submitted successfully.
[36;1mclient_005_1  |[0m 2026-02-01 16:23:09,739 - __main__ - INFO - Update submitted for Round 26. Waiting...
[32;1mclient_007_1  |[0m 2026-02-01 16:23:10,608 - __main__ - INFO - Round 26 finished. Loss: 0.0000, Acc: 0.00%
[33mserver_1      |[0m INFO:__main__:Received update from client_007
[33mserver_1      |[0m INFO:werkzeug:172.18.0.18 - - [01/Feb/2026 16:23:10] "POST /submit_update HTTP/1.1" 200 -
[32;1mclient_007_1  |[0m 2026-02-01 16:23:10,742 - __main__ - INFO - 🚀 Model update submitted successfully.
[32;1mclient_007_1  |[0m 2026-02-01 16:23:10,742 - __main__ - INFO - Update submitted for Round 26. Waiting...
[35mclient_003_1  |[0m 2026-02-01 16:23:13,217 - __main__ - INFO - Round 26 finished. Loss: 0.0000, Acc: 0.00%
[33mserver_1      |[0m INFO:__main__:Received update from client_003
[33mserver_1      |[0m INFO:werkzeug:172.18.0.19 - - [01/Feb/2026 16:23:13] "POST /submit_update HTTP/1.1" 200 -
[35mclient_003_1  |[0m 2026-02-01 16:23:13,355 - __main__ - INFO - 🚀 Model update submitted successfully.
[35mclient_003_1  |[0m 2026-02-01 16:23:13,355 - __main__ - INFO - Update submitted for Round 26. Waiting...
[32mclient_002_1  |[0m 2026-02-01 16:23:13,545 - __main__ - INFO - --- New Round Detected: 27 ---
[33mserver_1      |[0m INFO:werkzeug:172.18.0.6 - - [01/Feb/2026 16:23:13] "GET /download_model?round=27 HTTP/1.1" 200 -
[32mclient_002_1  |[0m 2026-02-01 16:23:15,930 - __main__ - INFO - Round 27 finished. Loss: 0.0000, Acc: 0.00%
[33mserver_1      |[0m INFO:__main__:Received update from client_002
[33mserver_1      |[0m INFO:werkzeug:172.18.0.6 - - [01/Feb/2026 16:23:16] "POST /submit_update HTTP/1.1" 200 -
[32mclient_002_1  |[0m 2026-02-01 16:23:16,068 - __main__ - INFO - 🚀 Model update submitted successfully.
[32mclient_002_1  |[0m 2026-02-01 16:23:16,068 - __main__ - INFO - Update submitted for Round 27. Waiting...
[35;1mclient_008_1  |[0m 2026-02-01 16:23:16,379 - __main__ - INFO - --- New Round Detected: 27 ---
[33mserver_1      |[0m INFO:werkzeug:172.18.0.15 - - [01/Feb/2026 16:23:16] "GET /download_model?round=27 HTTP/1.1" 200 -
[33;1mclient_006_1  |[0m 2026-02-01 16:23:17,106 - __main__ - INFO - --- New Round Detected: 27 ---
[34mclient_004_1  |[0m 2026-02-01 16:23:17,124 - __main__ - INFO - --- New Round Detected: 27 ---
[33mserver_1      |[0m INFO:werkzeug:172.18.0.21 - - [01/Feb/2026 16:23:17] "GET /download_model?round=27 HTTP/1.1" 200 -
[33mserver_1      |[0m INFO:werkzeug:172.18.0.9 - - [01/Feb/2026 16:23:17] "GET /download_model?round=27 HTTP/1.1" 200 -
[35;1mclient_008_1  |[0m 2026-02-01 16:23:17,846 - __main__ - INFO - Round 27 finished. Loss: 0.0000, Acc: 0.00%
[33mserver_1      |[0m INFO:__main__:Received update from client_008
[33mserver_1      |[0m INFO:werkzeug:172.18.0.15 - - [01/Feb/2026 16:23:17] "POST /submit_update HTTP/1.1" 200 -
[35;1mclient_008_1  |[0m 2026-02-01 16:23:17,983 - __main__ - INFO - 🚀 Model update submitted successfully.
[35;1mclient_008_1  |[0m 2026-02-01 16:23:17,983 - __main__ - INFO - Update submitted for Round 27. Waiting...
[33mclient_001_1  |[0m 2026-02-01 16:23:18,843 - __main__ - INFO - --- New Round Detected: 27 ---
[33mserver_1      |[0m INFO:werkzeug:172.18.0.20 - - [01/Feb/2026 16:23:18] "GET /download_model?round=27 HTTP/1.1" 200 -
[36mclient_010_1  |[0m 2026-02-01 16:23:18,962 - __main__ - INFO - --- New Round Detected: 27 ---
[33mserver_1      |[0m INFO:werkzeug:172.18.0.8 - - [01/Feb/2026 16:23:18] "GET /download_model?round=27 HTTP/1.1" 200 -
[34;1mclient_009_1  |[0m 2026-02-01 16:23:19,768 - __main__ - INFO - --- New Round Detected: 27 ---
[33mserver_1      |[0m INFO:werkzeug:172.18.0.22 - - [01/Feb/2026 16:23:19] "GET /download_model?round=27 HTTP/1.1" 200 -
[36;1mclient_005_1  |[0m 2026-02-01 16:23:19,826 - __main__ - INFO - --- New Round Detected: 27 ---
[33mserver_1      |[0m INFO:werkzeug:172.18.0.14 - - [01/Feb/2026 16:23:19] "GET /download_model?round=27 HTTP/1.1" 200 -
[34mclient_004_1  |[0m 2026-02-01 16:23:19,993 - __main__ - INFO - Round 27 finished. Loss: 0.0000, Acc: 0.00%
[33mserver_1      |[0m INFO:__main__:Received update from client_004
[33mserver_1      |[0m INFO:__main__:--- Aggregating 5 updates ---
[33mserver_1      |[0m INFO:__main__:⚡ Using Custom Aggregator with Drift Metric...
[33mserver_1      |[0m INFO:server.aggregator:Starting FedAvg aggregation for 5 clients.
[33mserver_1      |[0m INFO:werkzeug:172.18.0.18 - - [01/Feb/2026 16:23:20] "GET /download_model?round=27 HTTP/1.1" 200 -
[32;1mclient_007_1  |[0m 2026-02-01 16:23:20,808 - __main__ - INFO - --- New Round Detected: 27 ---
[33mclient_001_1  |[0m 2026-02-01 16:23:21,756 - __main__ - INFO - Round 27 finished. Loss: 0.0000, Acc: 0.00%
[33mserver_1      |[0m INFO:werkzeug:172.18.0.20 - - [01/Feb/2026 16:23:21] "[31m[1mPOST /submit_update HTTP/1.1[0m" 400 -
[33mclient_001_1  |[0m 2026-02-01 16:23:21,824 - __main__ - ERROR - Update submission failed: {"error":"Not accepting updates"}
[33mclient_001_1  |[0m 
[33mclient_001_1  |[0m 2026-02-01 16:23:21,824 - __main__ - INFO - Update submitted for Round 27. Waiting...
[33mserver_1      |[0m INFO:server.aggregator:--- [METRIC] Weight Divergence: 1.6526
[33mserver_1      |[0m INFO:server.aggregator:FedAvg aggregation complete.
[33mserver_1      |[0m INFO:__main__:Aggregation complete.
[36mclient_010_1  |[0m 2026-02-01 16:23:21,886 - __main__ - INFO - Round 27 finished. Loss: 0.0000, Acc: 0.00%
[33mserver_1      |[0m INFO:werkzeug:172.18.0.8 - - [01/Feb/2026 16:23:21] "[31m[1mPOST /submit_update HTTP/1.1[0m" 400 -
[33mserver_1      |[0m ⏱️ [TIME] Client client_007 finished training in 5.88s
[33mserver_1      |[0m ⏱️ [TIME] Client client_003 finished training in 5.28s
[33mserver_1      |[0m ⏱️ [TIME] Client client_002 finished training in 2.18s
[33mserver_1      |[0m ⏱️ [TIME] Client client_008 finished training in 1.28s
[33mserver_1      |[0m ⏱️ [TIME] Client client_004 finished training in 2.63s
[33mserver_1      |[0m DEBUG: ⚠️ MY CUSTOM AGGREGATOR IS RUNNING ⚠️
[36mclient_010_1  |[0m 2026-02-01 16:23:22,038 - __main__ - ERROR - Update submission failed: {"error":"Not accepting updates"}
[36mclient_010_1  |[0m 
[36mclient_010_1  |[0m 2026-02-01 16:23:22,038 - __main__ - INFO - Update submitted for Round 27. Waiting...
[33;1mclient_006_1  |[0m 2026-02-01 16:23:22,317 - __main__ - INFO - Round 27 finished. Loss: 0.0000, Acc: 0.00%
[36;1mclient_005_1  |[0m 2026-02-01 16:23:22,336 - __main__ - INFO - Round 27 finished. Loss: 0.0000, Acc: 0.00%
[33mserver_1      |[0m INFO:werkzeug:172.18.0.21 - - [01/Feb/2026 16:23:22] "[31m[1mPOST /submit_update HTTP/1.1[0m" 400 -
[33mserver_1      |[0m INFO:werkzeug:172.18.0.14 - - [01/Feb/2026 16:23:22] "[31m[1mPOST /submit_update HTTP/1.1[0m" 400 -
[33;1mclient_006_1  |[0m 2026-02-01 16:23:22,383 - __main__ - ERROR - Update submission failed: {"error":"Not accepting updates"}
[33;1mclient_006_1  |[0m 
[33;1mclient_006_1  |[0m 2026-02-01 16:23:22,383 - __main__ - INFO - Update submitted for Round 27. Waiting...
[36;1mclient_005_1  |[0m 2026-02-01 16:23:22,401 - __main__ - ERROR - Update submission failed: {"error":"Not accepting updates"}
[36;1mclient_005_1  |[0m 
[36;1mclient_005_1  |[0m 2026-02-01 16:23:22,401 - __main__ - INFO - Update submitted for Round 27. Waiting...
[33mserver_1      |[0m INFO:__main__:💾 Saving metrics to results/metrics.csv...
[33mserver_1      |[0m INFO:__main__:--- Round 27 Acc: 51.66%, Loss: 1.3234 ---
[33mserver_1      |[0m INFO:__main__:--- Starting Round 28. Timeout: 600s ---
[33mserver_1      |[0m INFO:werkzeug:172.18.0.9 - - [01/Feb/2026 16:23:22] "POST /submit_update HTTP/1.1" 200 -
[34mclient_004_1  |[0m 2026-02-01 16:23:22,829 - __main__ - INFO - 🚀 Model update submitted successfully.
[34mclient_004_1  |[0m 2026-02-01 16:23:22,829 - __main__ - INFO - Update submitted for Round 27. Waiting...
[34;1mclient_009_1  |[0m 2026-02-01 16:23:23,089 - __main__ - INFO - Round 27 finished. Loss: 0.0000, Acc: 0.00%
[33mserver_1      |[0m INFO:__main__:Received update from client_009
[33mserver_1      |[0m INFO:werkzeug:172.18.0.22 - - [01/Feb/2026 16:23:23] "POST /submit_update HTTP/1.1" 200 -
[34;1mclient_009_1  |[0m 2026-02-01 16:23:23,235 - __main__ - INFO - 🚀 Model update submitted successfully.
[34;1mclient_009_1  |[0m 2026-02-01 16:23:23,235 - __main__ - INFO - Update submitted for Round 27. Waiting...
[35mclient_003_1  |[0m 2026-02-01 16:23:23,419 - __main__ - INFO - --- New Round Detected: 28 ---
[33mserver_1      |[0m INFO:werkzeug:172.18.0.19 - - [01/Feb/2026 16:23:23] "GET /download_model?round=28 HTTP/1.1" 200 -
[32;1mclient_007_1  |[0m 2026-02-01 16:23:24,246 - __main__ - INFO - Round 27 finished. Loss: 0.0000, Acc: 0.00%
[33mserver_1      |[0m INFO:__main__:Received update from client_007
[33mserver_1      |[0m INFO:werkzeug:172.18.0.18 - - [01/Feb/2026 16:23:24] "POST /submit_update HTTP/1.1" 200 -
[32;1mclient_007_1  |[0m 2026-02-01 16:23:24,379 - __main__ - INFO - 🚀 Model update submitted successfully.
[32;1mclient_007_1  |[0m 2026-02-01 16:23:24,379 - __main__ - INFO - Update submitted for Round 27. Waiting...
[32mclient_002_1  |[0m 2026-02-01 16:23:26,150 - __main__ - INFO - --- New Round Detected: 28 ---
[33mserver_1      |[0m INFO:werkzeug:172.18.0.6 - - [01/Feb/2026 16:23:26] "GET /download_model?round=28 HTTP/1.1" 200 -
[35;1mclient_008_1  |[0m 2026-02-01 16:23:28,047 - __main__ - INFO - --- New Round Detected: 28 ---
[33mserver_1      |[0m INFO:werkzeug:172.18.0.15 - - [01/Feb/2026 16:23:28] "GET /download_model?round=28 HTTP/1.1" 200 -
[35mclient_003_1  |[0m 2026-02-01 16:23:29,257 - __main__ - INFO - Round 28 finished. Loss: 0.0000, Acc: 0.00%
[33mserver_1      |[0m INFO:__main__:Received update from client_003
[33mserver_1      |[0m INFO:werkzeug:172.18.0.19 - - [01/Feb/2026 16:23:29] "POST /submit_update HTTP/1.1" 200 -
[35mclient_003_1  |[0m 2026-02-01 16:23:29,412 - __main__ - INFO - 🚀 Model update submitted successfully.
[35mclient_003_1  |[0m 2026-02-01 16:23:29,412 - __main__ - INFO - Update submitted for Round 28. Waiting...
[35;1mclient_008_1  |[0m 2026-02-01 16:23:29,631 - __main__ - INFO - Round 28 finished. Loss: 0.0000, Acc: 0.00%
[33mserver_1      |[0m INFO:__main__:Received update from client_008
[33mserver_1      |[0m INFO:werkzeug:172.18.0.15 - - [01/Feb/2026 16:23:29] "POST /submit_update HTTP/1.1" 200 -
[32mclient_002_1  |[0m 2026-02-01 16:23:29,752 - __main__ - INFO - Round 28 finished. Loss: 0.0000, Acc: 0.00%
[35;1mclient_008_1  |[0m 2026-02-01 16:23:29,766 - __main__ - INFO - 🚀 Model update submitted successfully.
[35;1mclient_008_1  |[0m 2026-02-01 16:23:29,766 - __main__ - INFO - Update submitted for Round 28. Waiting...
[33mserver_1      |[0m INFO:__main__:Received update from client_002
[33mserver_1      |[0m INFO:__main__:--- Aggregating 5 updates ---
[33mserver_1      |[0m INFO:__main__:⚡ Using Custom Aggregator with Drift Metric...
[33mserver_1      |[0m INFO:server.aggregator:Starting FedAvg aggregation for 5 clients.
[33mserver_1      |[0m INFO:server.aggregator:--- [METRIC] Weight Divergence: 1.6349
[33mserver_1      |[0m INFO:server.aggregator:FedAvg aggregation complete.
[33mserver_1      |[0m INFO:__main__:Aggregation complete.
[33mserver_1      |[0m ⏱️ [TIME] Client client_009 finished training in 3.05s
[33mserver_1      |[0m ⏱️ [TIME] Client client_007 finished training in 3.22s
[33mserver_1      |[0m ⏱️ [TIME] Client client_003 finished training in 5.60s
[33mserver_1      |[0m ⏱️ [TIME] Client client_008 finished training in 1.36s
[33mserver_1      |[0m ⏱️ [TIME] Client client_002 finished training in 3.25s
[33mserver_1      |[0m DEBUG: ⚠️ MY CUSTOM AGGREGATOR IS RUNNING ⚠️
[33mclient_001_1  |[0m 2026-02-01 16:23:31,889 - __main__ - INFO - --- New Round Detected: 28 ---
[33mserver_1      |[0m INFO:werkzeug:172.18.0.20 - - [01/Feb/2026 16:23:31] "GET /download_model?round=28 HTTP/1.1" 200 -
[36mclient_010_1  |[0m 2026-02-01 16:23:32,109 - __main__ - INFO - --- New Round Detected: 28 ---
[33mserver_1      |[0m INFO:werkzeug:172.18.0.8 - - [01/Feb/2026 16:23:32] "GET /download_model?round=28 HTTP/1.1" 200 -
[33mserver_1      |[0m INFO:__main__:💾 Saving metrics to results/metrics.csv...
[33mserver_1      |[0m INFO:__main__:--- Round 28 Acc: 52.70%, Loss: 1.3083 ---
[33mserver_1      |[0m INFO:__main__:--- Starting Round 29. Timeout: 600s ---
[33mserver_1      |[0m INFO:werkzeug:172.18.0.6 - - [01/Feb/2026 16:23:32] "POST /submit_update HTTP/1.1" 200 -
[32mclient_002_1  |[0m 2026-02-01 16:23:32,433 - __main__ - INFO - 🚀 Model update submitted successfully.
[32mclient_002_1  |[0m 2026-02-01 16:23:32,433 - __main__ - INFO - Update submitted for Round 28. Waiting...
[33;1mclient_006_1  |[0m 2026-02-01 16:23:32,446 - __main__ - INFO - --- New Round Detected: 29 ---
[33mserver_1      |[0m INFO:werkzeug:172.18.0.21 - - [01/Feb/2026 16:23:32] "GET /download_model?round=29 HTTP/1.1" 200 -
[36;1mclient_005_1  |[0m 2026-02-01 16:23:32,477 - __main__ - INFO - --- New Round Detected: 29 ---
[33mserver_1      |[0m INFO:werkzeug:172.18.0.14 - - [01/Feb/2026 16:23:32] "GET /download_model?round=29 HTTP/1.1" 200 -
[34mclient_004_1  |[0m 2026-02-01 16:23:32,896 - __main__ - INFO - --- New Round Detected: 29 ---
[33mserver_1      |[0m INFO:werkzeug:172.18.0.9 - - [01/Feb/2026 16:23:32] "GET /download_model?round=29 HTTP/1.1" 200 -
[34;1mclient_009_1  |[0m 2026-02-01 16:23:33,308 - __main__ - INFO - --- New Round Detected: 29 ---
[33mserver_1      |[0m INFO:werkzeug:172.18.0.22 - - [01/Feb/2026 16:23:33] "GET /download_model?round=29 HTTP/1.1" 200 -
[32;1mclient_007_1  |[0m 2026-02-01 16:23:34,457 - __main__ - INFO - --- New Round Detected: 29 ---
[33mserver_1      |[0m INFO:werkzeug:172.18.0.18 - - [01/Feb/2026 16:23:34] "GET /download_model?round=29 HTTP/1.1" 200 -
[36;1mclient_005_1  |[0m 2026-02-01 16:23:34,896 - __main__ - INFO - Round 29 finished. Loss: 0.0000, Acc: 0.00%
[33mserver_1      |[0m INFO:__main__:Received update from client_005
[33mserver_1      |[0m INFO:werkzeug:172.18.0.14 - - [01/Feb/2026 16:23:35] "POST /submit_update HTTP/1.1" 200 -
[36;1mclient_005_1  |[0m 2026-02-01 16:23:35,034 - __main__ - INFO - 🚀 Model update submitted successfully.
[36;1mclient_005_1  |[0m 2026-02-01 16:23:35,034 - __main__ - INFO - Update submitted for Round 29. Waiting...
[33mclient_001_1  |[0m 2026-02-01 16:23:35,038 - __main__ - INFO - Round 28 finished. Loss: 0.0000, Acc: 0.00%
[33mserver_1      |[0m INFO:__main__:Received update from client_001
[33mserver_1      |[0m INFO:werkzeug:172.18.0.20 - - [01/Feb/2026 16:23:35] "POST /submit_update HTTP/1.1" 200 -
[33mclient_001_1  |[0m 2026-02-01 16:23:35,181 - __main__ - INFO - 🚀 Model update submitted successfully.
[33mclient_001_1  |[0m 2026-02-01 16:23:35,182 - __main__ - INFO - Update submitted for Round 28. Waiting...
[34;1mclient_009_1  |[0m 2026-02-01 16:23:36,013 - __main__ - INFO - Round 29 finished. Loss: 0.0000, Acc: 0.00%
[33mserver_1      |[0m INFO:__main__:Received update from client_009
[33mserver_1      |[0m INFO:werkzeug:172.18.0.22 - - [01/Feb/2026 16:23:36] "POST /submit_update HTTP/1.1" 200 -
[34;1mclient_009_1  |[0m 2026-02-01 16:23:36,148 - __main__ - INFO - 🚀 Model update submitted successfully.
[34;1mclient_009_1  |[0m 2026-02-01 16:23:36,148 - __main__ - INFO - Update submitted for Round 29. Waiting...
[36mclient_010_1  |[0m 2026-02-01 16:23:36,576 - __main__ - INFO - Round 28 finished. Loss: 0.0000, Acc: 0.00%
[33mserver_1      |[0m INFO:__main__:Received update from client_010
[33mserver_1      |[0m INFO:werkzeug:172.18.0.8 - - [01/Feb/2026 16:23:36] "POST /submit_update HTTP/1.1" 200 -
[36mclient_010_1  |[0m 2026-02-01 16:23:36,716 - __main__ - INFO - 🚀 Model update submitted successfully.
[36mclient_010_1  |[0m 2026-02-01 16:23:36,716 - __main__ - INFO - Update submitted for Round 28. Waiting...
[33;1mclient_006_1  |[0m 2026-02-01 16:23:37,336 - __main__ - INFO - Round 29 finished. Loss: 0.0000, Acc: 0.00%
[33mserver_1      |[0m INFO:__main__:Received update from client_006
[33mserver_1      |[0m INFO:__main__:--- Aggregating 5 updates ---
[33mserver_1      |[0m INFO:__main__:⚡ Using Custom Aggregator with Drift Metric...
[33mserver_1      |[0m INFO:server.aggregator:Starting FedAvg aggregation for 5 clients.
[34mclient_004_1  |[0m 2026-02-01 16:23:37,553 - __main__ - INFO - Round 29 finished. Loss: 0.0000, Acc: 0.00%
[33mserver_1      |[0m INFO:werkzeug:172.18.0.9 - - [01/Feb/2026 16:23:37] "[31m[1mPOST /submit_update HTTP/1.1[0m" 400 -
[34mclient_004_1  |[0m 2026-02-01 16:23:37,618 - __main__ - ERROR - Update submission failed: {"error":"Not accepting updates"}
[34mclient_004_1  |[0m 
[34mclient_004_1  |[0m 2026-02-01 16:23:37,618 - __main__ - INFO - Update submitted for Round 29. Waiting...
[32;1mclient_007_1  |[0m 2026-02-01 16:23:37,801 - __main__ - INFO - Round 29 finished. Loss: 0.0000, Acc: 0.00%
[33mserver_1      |[0m INFO:werkzeug:172.18.0.18 - - [01/Feb/2026 16:23:37] "[31m[1mPOST /submit_update HTTP/1.1[0m" 400 -
[32;1mclient_007_1  |[0m 2026-02-01 16:23:37,882 - __main__ - ERROR - Update submission failed: {"error":"Not accepting updates"}
[32;1mclient_007_1  |[0m 
[32;1mclient_007_1  |[0m 2026-02-01 16:23:37,883 - __main__ - INFO - Update submitted for Round 29. Waiting...
[35mclient_003_1  |[0m 2026-02-01 16:23:39,496 - __main__ - INFO - --- New Round Detected: 29 ---
[33mserver_1      |[0m INFO:server.aggregator:--- [METRIC] Weight Divergence: 1.5948
[33mserver_1      |[0m INFO:server.aggregator:FedAvg aggregation complete.
[33mserver_1      |[0m INFO:__main__:Aggregation complete.
[33mserver_1      |[0m ⏱️ [TIME] Client client_005 finished training in 2.18s
[33mserver_1      |[0m ⏱️ [TIME] Client client_001 finished training in 2.90s
[33mserver_1      |[0m ⏱️ [TIME] Client client_009 finished training in 2.38s
[33mserver_1      |[0m ⏱️ [TIME] Client client_010 finished training in 4.25s
[33mserver_1      |[0m ⏱️ [TIME] Client client_006 finished training in 4.63s
[33mserver_1      |[0m DEBUG: ⚠️ MY CUSTOM AGGREGATOR IS RUNNING ⚠️
[33mserver_1      |[0m INFO:werkzeug:172.18.0.19 - - [01/Feb/2026 16:23:39] "GET /download_model?round=29 HTTP/1.1" 200 -
[35;1mclient_008_1  |[0m 2026-02-01 16:23:39,844 - __main__ - INFO - --- New Round Detected: 29 ---
[33mserver_1      |[0m INFO:werkzeug:172.18.0.15 - - [01/Feb/2026 16:23:39] "GET /download_model?round=29 HTTP/1.1" 200 -
[33mserver_1      |[0m INFO:__main__:💾 Saving metrics to results/metrics.csv...
[33mserver_1      |[0m INFO:__main__:--- Round 29 Acc: 56.02%, Loss: 1.2296 ---
[33mserver_1      |[0m INFO:__main__:--- Starting Round 30. Timeout: 600s ---
[33mserver_1      |[0m INFO:werkzeug:172.18.0.21 - - [01/Feb/2026 16:23:40] "POST /submit_update HTTP/1.1" 200 -
[33;1mclient_006_1  |[0m 2026-02-01 16:23:40,980 - __main__ - INFO - 🚀 Model update submitted successfully.
[33;1mclient_006_1  |[0m 2026-02-01 16:23:40,980 - __main__ - INFO - Update submitted for Round 29. Waiting...
[32mclient_002_1  |[0m 2026-02-01 16:23:42,498 - __main__ - INFO - --- New Round Detected: 30 ---
[33mserver_1      |[0m INFO:werkzeug:172.18.0.6 - - [01/Feb/2026 16:23:42] "GET /download_model?round=30 HTTP/1.1" 200 -
[35;1mclient_008_1  |[0m 2026-02-01 16:23:42,577 - __main__ - INFO - Round 29 finished. Loss: 0.0000, Acc: 0.00%
[33mserver_1      |[0m INFO:__main__:Received update from client_008
[33mserver_1      |[0m INFO:werkzeug:172.18.0.15 - - [01/Feb/2026 16:23:42] "POST /submit_update HTTP/1.1" 200 -
[35;1mclient_008_1  |[0m 2026-02-01 16:23:42,712 - __main__ - INFO - 🚀 Model update submitted successfully.
[35;1mclient_008_1  |[0m 2026-02-01 16:23:42,712 - __main__ - INFO - Update submitted for Round 29. Waiting...
[36;1mclient_005_1  |[0m 2026-02-01 16:23:45,096 - __main__ - INFO - --- New Round Detected: 30 ---
[33mserver_1      |[0m INFO:werkzeug:172.18.0.14 - - [01/Feb/2026 16:23:45] "GET /download_model?round=30 HTTP/1.1" 200 -
[33mclient_001_1  |[0m 2026-02-01 16:23:45,244 - __main__ - INFO - --- New Round Detected: 30 ---
[33mserver_1      |[0m INFO:werkzeug:172.18.0.20 - - [01/Feb/2026 16:23:45] "GET /download_model?round=30 HTTP/1.1" 200 -
[35mclient_003_1  |[0m 2026-02-01 16:23:45,737 - __main__ - INFO - Round 29 finished. Loss: 0.0000, Acc: 0.00%
[33mserver_1      |[0m INFO:__main__:Received update from client_003
[33mserver_1      |[0m INFO:werkzeug:172.18.0.19 - - [01/Feb/2026 16:23:45] "POST /submit_update HTTP/1.1" 200 -
[35mclient_003_1  |[0m 2026-02-01 16:23:45,907 - __main__ - INFO - 🚀 Model update submitted successfully.
[35mclient_003_1  |[0m 2026-02-01 16:23:45,907 - __main__ - INFO - Update submitted for Round 29. Waiting...
[32mclient_002_1  |[0m 2026-02-01 16:23:46,118 - __main__ - INFO - Round 30 finished. Loss: 0.0000, Acc: 0.00%
[34;1mclient_009_1  |[0m 2026-02-01 16:23:46,211 - __main__ - INFO - --- New Round Detected: 30 ---
[33mserver_1      |[0m INFO:werkzeug:172.18.0.22 - - [01/Feb/2026 16:23:46] "GET /download_model?round=30 HTTP/1.1" 200 -
[33mserver_1      |[0m INFO:__main__:Received update from client_002
[33mserver_1      |[0m INFO:werkzeug:172.18.0.6 - - [01/Feb/2026 16:23:46] "POST /submit_update HTTP/1.1" 200 -
[32mclient_002_1  |[0m 2026-02-01 16:23:46,272 - __main__ - INFO - 🚀 Model update submitted successfully.
[32mclient_002_1  |[0m 2026-02-01 16:23:46,272 - __main__ - INFO - Update submitted for Round 30. Waiting...
[36mclient_010_1  |[0m 2026-02-01 16:23:46,785 - __main__ - INFO - --- New Round Detected: 30 ---
[33mserver_1      |[0m INFO:werkzeug:172.18.0.8 - - [01/Feb/2026 16:23:46] "GET /download_model?round=30 HTTP/1.1" 200 -
[36;1mclient_005_1  |[0m 2026-02-01 16:23:47,481 - __main__ - INFO - Round 30 finished. Loss: 0.0000, Acc: 0.00%
[33mserver_1      |[0m INFO:__main__:Received update from client_005
[33mserver_1      |[0m INFO:werkzeug:172.18.0.14 - - [01/Feb/2026 16:23:47] "POST /submit_update HTTP/1.1" 200 -
[36;1mclient_005_1  |[0m 2026-02-01 16:23:47,622 - __main__ - INFO - 🚀 Model update submitted successfully.
[36;1mclient_005_1  |[0m 2026-02-01 16:23:47,622 - __main__ - INFO - Update submitted for Round 30. Waiting...
[34mclient_004_1  |[0m 2026-02-01 16:23:47,698 - __main__ - INFO - --- New Round Detected: 30 ---
[33mserver_1      |[0m INFO:werkzeug:172.18.0.9 - - [01/Feb/2026 16:23:47] "GET /download_model?round=30 HTTP/1.1" 200 -
[32;1mclient_007_1  |[0m 2026-02-01 16:23:47,959 - __main__ - INFO - --- New Round Detected: 30 ---
[33mserver_1      |[0m INFO:werkzeug:172.18.0.18 - - [01/Feb/2026 16:23:47] "GET /download_model?round=30 HTTP/1.1" 200 -
[33mclient_001_1  |[0m 2026-02-01 16:23:48,273 - __main__ - INFO - Round 30 finished. Loss: 0.0000, Acc: 0.00%
[33mserver_1      |[0m INFO:__main__:Received update from client_001
[33mserver_1      |[0m INFO:__main__:--- Aggregating 5 updates ---
[33mserver_1      |[0m INFO:__main__:⚡ Using Custom Aggregator with Drift Metric...
[33mserver_1      |[0m INFO:server.aggregator:Starting FedAvg aggregation for 5 clients.
[34;1mclient_009_1  |[0m 2026-02-01 16:23:48,452 - __main__ - INFO - Round 30 finished. Loss: 0.0000, Acc: 0.00%
[33mserver_1      |[0m INFO:werkzeug:172.18.0.22 - - [01/Feb/2026 16:23:48] "[31m[1mPOST /submit_update HTTP/1.1[0m" 400 -
[34;1mclient_009_1  |[0m 2026-02-01 16:23:48,530 - __main__ - ERROR - Update submission failed: {"error":"Not accepting updates"}
[34;1mclient_009_1  |[0m 
[34;1mclient_009_1  |[0m 2026-02-01 16:23:48,530 - __main__ - INFO - Update submitted for Round 30. Waiting...
[36mclient_010_1  |[0m 2026-02-01 16:23:50,036 - __main__ - INFO - Round 30 finished. Loss: 0.0000, Acc: 0.00%
[33mserver_1      |[0m INFO:werkzeug:172.18.0.8 - - [01/Feb/2026 16:23:50] "[31m[1mPOST /submit_update HTTP/1.1[0m" 400 -
[36mclient_010_1  |[0m 2026-02-01 16:23:50,103 - __main__ - ERROR - Update submission failed: {"error":"Not accepting updates"}
[36mclient_010_1  |[0m 
[36mclient_010_1  |[0m 2026-02-01 16:23:50,103 - __main__ - INFO - Update submitted for Round 30. Waiting...
[33mserver_1      |[0m INFO:server.aggregator:--- [METRIC] Weight Divergence: 1.6280
[33mserver_1      |[0m INFO:server.aggregator:FedAvg aggregation complete.
[33mserver_1      |[0m INFO:__main__:Aggregation complete.
[33mserver_1      |[0m ⏱️ [TIME] Client client_008 finished training in 2.51s
[33mserver_1      |[0m ⏱️ [TIME] Client client_003 finished training in 5.75s
[33mserver_1      |[0m ⏱️ [TIME] Client client_002 finished training in 3.39s
[33mserver_1      |[0m ⏱️ [TIME] Client client_005 finished training in 2.15s
[33mserver_1      |[0m ⏱️ [TIME] Client client_001 finished training in 2.77s
[33mserver_1      |[0m DEBUG: ⚠️ MY CUSTOM AGGREGATOR IS RUNNING ⚠️
[33;1mclient_006_1  |[0m 2026-02-01 16:23:51,050 - __main__ - INFO - --- New Round Detected: 30 ---
[33mserver_1      |[0m INFO:werkzeug:172.18.0.21 - - [01/Feb/2026 16:23:51] "GET /download_model?round=30 HTTP/1.1" 200 -
[33mserver_1      |[0m INFO:__main__:💾 Saving metrics to results/metrics.csv...
[33mserver_1      |[0m INFO:__main__:--- Round 30 Acc: 53.98%, Loss: 1.2829 ---
[33mserver_1      |[0m INFO:__main__:--- Starting Round 31. Timeout: 600s ---
[33mserver_1      |[0m INFO:werkzeug:172.18.0.20 - - [01/Feb/2026 16:23:51] "POST /submit_update HTTP/1.1" 200 -
[33mclient_001_1  |[0m 2026-02-01 16:23:51,599 - __main__ - INFO - 🚀 Model update submitted successfully.
[33mclient_001_1  |[0m 2026-02-01 16:23:51,600 - __main__ - INFO - Update submitted for Round 30. Waiting...
[34mclient_004_1  |[0m 2026-02-01 16:23:52,389 - __main__ - INFO - Round 30 finished. Loss: 0.0000, Acc: 0.00%
[33mserver_1      |[0m INFO:__main__:Received update from client_004
[33mserver_1      |[0m INFO:werkzeug:172.18.0.9 - - [01/Feb/2026 16:23:52] "POST /submit_update HTTP/1.1" 200 -
[34mclient_004_1  |[0m 2026-02-01 16:23:52,524 - __main__ - INFO - 🚀 Model update submitted successfully.
[34mclient_004_1  |[0m 2026-02-01 16:23:52,524 - __main__ - INFO - Update submitted for Round 30. Waiting...
[35;1mclient_008_1  |[0m 2026-02-01 16:23:52,779 - __main__ - INFO - --- New Round Detected: 31 ---
[33mserver_1      |[0m INFO:werkzeug:172.18.0.15 - - [01/Feb/2026 16:23:52] "GET /download_model?round=31 HTTP/1.1" 200 -
[32;1mclient_007_1  |[0m 2026-02-01 16:23:53,480 - __main__ - INFO - Round 30 finished. Loss: 0.0000, Acc: 0.00%
[33mserver_1      |[0m INFO:__main__:Received update from client_007
[33mserver_1      |[0m INFO:werkzeug:172.18.0.18 - - [01/Feb/2026 16:23:53] "POST /submit_update HTTP/1.1" 200 -
[32;1mclient_007_1  |[0m 2026-02-01 16:23:53,616 - __main__ - INFO - 🚀 Model update submitted successfully.
[32;1mclient_007_1  |[0m 2026-02-01 16:23:53,616 - __main__ - INFO - Update submitted for Round 30. Waiting...
[35;1mclient_008_1  |[0m 2026-02-01 16:23:55,464 - __main__ - INFO - Round 31 finished. Loss: 0.0000, Acc: 0.00%
[33mserver_1      |[0m INFO:__main__:Received update from client_008
[33mserver_1      |[0m INFO:werkzeug:172.18.0.15 - - [01/Feb/2026 16:23:55] "POST /submit_update HTTP/1.1" 200 -
[35;1mclient_008_1  |[0m 2026-02-01 16:23:55,601 - __main__ - INFO - 🚀 Model update submitted successfully.
[35;1mclient_008_1  |[0m 2026-02-01 16:23:55,601 - __main__ - INFO - Update submitted for Round 31. Waiting...
[35mclient_003_1  |[0m 2026-02-01 16:23:55,972 - __main__ - INFO - --- New Round Detected: 31 ---
[33mserver_1      |[0m INFO:werkzeug:172.18.0.19 - - [01/Feb/2026 16:23:55] "GET /download_model?round=31 HTTP/1.1" 200 -
[33;1mclient_006_1  |[0m 2026-02-01 16:23:56,298 - __main__ - INFO - Round 30 finished. Loss: 0.0000, Acc: 0.00%
[32mclient_002_1  |[0m 2026-02-01 16:23:56,334 - __main__ - INFO - --- New Round Detected: 31 ---
[33mserver_1      |[0m INFO:werkzeug:172.18.0.6 - - [01/Feb/2026 16:23:56] "GET /download_model?round=31 HTTP/1.1" 200 -
[33mserver_1      |[0m INFO:__main__:Received update from client_006
[33mserver_1      |[0m INFO:werkzeug:172.18.0.21 - - [01/Feb/2026 16:23:56] "POST /submit_update HTTP/1.1" 200 -
[33;1mclient_006_1  |[0m 2026-02-01 16:23:56,432 - __main__ - INFO - 🚀 Model update submitted successfully.
[33;1mclient_006_1  |[0m 2026-02-01 16:23:56,433 - __main__ - INFO - Update submitted for Round 30. Waiting...
[36;1mclient_005_1  |[0m 2026-02-01 16:23:57,689 - __main__ - INFO - --- New Round Detected: 31 ---
[33mserver_1      |[0m INFO:werkzeug:172.18.0.14 - - [01/Feb/2026 16:23:57] "GET /download_model?round=31 HTTP/1.1" 200 -
[34;1mclient_009_1  |[0m 2026-02-01 16:23:58,593 - __main__ - INFO - --- New Round Detected: 31 ---
[33mserver_1      |[0m INFO:werkzeug:172.18.0.22 - - [01/Feb/2026 16:23:58] "GET /download_model?round=31 HTTP/1.1" 200 -
[36;1mclient_005_1  |[0m 2026-02-01 16:23:59,579 - __main__ - INFO - Round 31 finished. Loss: 0.0000, Acc: 0.00%
[33mserver_1      |[0m INFO:__main__:Received update from client_005
[33mserver_1      |[0m INFO:__main__:--- Aggregating 5 updates ---
[33mserver_1      |[0m INFO:__main__:⚡ Using Custom Aggregator with Drift Metric...
[33mserver_1      |[0m INFO:server.aggregator:Starting FedAvg aggregation for 5 clients.
[36mclient_010_1  |[0m 2026-02-01 16:24:00,328 - __main__ - INFO - --- New Round Detected: 31 ---
[33mserver_1      |[0m INFO:werkzeug:172.18.0.8 - - [01/Feb/2026 16:24:00] "GET /download_model?round=31 HTTP/1.1" 200 -
[32mclient_002_1  |[0m 2026-02-01 16:24:00,371 - __main__ - INFO - Round 31 finished. Loss: 0.0000, Acc: 0.00%
[33mserver_1      |[0m INFO:werkzeug:172.18.0.6 - - [01/Feb/2026 16:24:00] "[31m[1mPOST /submit_update HTTP/1.1[0m" 400 -
[32mclient_002_1  |[0m 2026-02-01 16:24:00,443 - __main__ - ERROR - Update submission failed: {"error":"Not accepting updates"}
[32mclient_002_1  |[0m 
[32mclient_002_1  |[0m 2026-02-01 16:24:00,443 - __main__ - INFO - Update submitted for Round 31. Waiting...
[33mserver_1      |[0m INFO:server.aggregator:--- [METRIC] Weight Divergence: 1.6668
[33mserver_1      |[0m INFO:server.aggregator:FedAvg aggregation complete.
[33mserver_1      |[0m INFO:__main__:Aggregation complete.
[33mserver_1      |[0m ⏱️ [TIME] Client client_004 finished training in 4.46s
[33mserver_1      |[0m ⏱️ [TIME] Client client_007 finished training in 5.28s
[33mserver_1      |[0m ⏱️ [TIME] Client client_008 finished training in 2.45s
[33mserver_1      |[0m ⏱️ [TIME] Client client_006 finished training in 5.01s
[33mserver_1      |[0m ⏱️ [TIME] Client client_005 finished training in 1.68s
[33mserver_1      |[0m DEBUG: ⚠️ MY CUSTOM AGGREGATOR IS RUNNING ⚠️
[35mclient_003_1  |[0m 2026-02-01 16:24:01,357 - __main__ - INFO - Round 31 finished. Loss: 0.0000, Acc: 0.00%
[33mserver_1      |[0m INFO:werkzeug:172.18.0.19 - - [01/Feb/2026 16:24:01] "[31m[1mPOST /submit_update HTTP/1.1[0m" 400 -
[35mclient_003_1  |[0m 2026-02-01 16:24:01,424 - __main__ - ERROR - Update submission failed: {"error":"Not accepting updates"}
[35mclient_003_1  |[0m 
[35mclient_003_1  |[0m 2026-02-01 16:24:01,424 - __main__ - INFO - Update submitted for Round 31. Waiting...
[33mclient_001_1  |[0m 2026-02-01 16:24:01,670 - __main__ - INFO - --- New Round Detected: 31 ---
[33mserver_1      |[0m INFO:werkzeug:172.18.0.20 - - [01/Feb/2026 16:24:01] "GET /download_model?round=31 HTTP/1.1" 200 -
[34;1mclient_009_1  |[0m 2026-02-01 16:24:01,783 - __main__ - INFO - Round 31 finished. Loss: 0.0000, Acc: 0.00%
[33mserver_1      |[0m INFO:werkzeug:172.18.0.22 - - [01/Feb/2026 16:24:01] "[31m[1mPOST /submit_update HTTP/1.1[0m" 400 -
[34;1mclient_009_1  |[0m 2026-02-01 16:24:01,849 - __main__ - ERROR - Update submission failed: {"error":"Not accepting updates"}
[34;1mclient_009_1  |[0m 
[34;1mclient_009_1  |[0m 2026-02-01 16:24:01,849 - __main__ - INFO - Update submitted for Round 31. Waiting...
[33mserver_1      |[0m INFO:__main__:💾 Saving metrics to results/metrics.csv...
[33mserver_1      |[0m INFO:__main__:--- Round 31 Acc: 53.03%, Loss: 1.3201 ---
[33mserver_1      |[0m INFO:__main__:--- Starting Round 32. Timeout: 600s ---
[33mserver_1      |[0m INFO:werkzeug:172.18.0.14 - - [01/Feb/2026 16:24:02] "POST /submit_update HTTP/1.1" 200 -
[36;1mclient_005_1  |[0m 2026-02-01 16:24:02,233 - __main__ - INFO - 🚀 Model update submitted successfully.
[36;1mclient_005_1  |[0m 2026-02-01 16:24:02,233 - __main__ - INFO - Update submitted for Round 31. Waiting...
[34mclient_004_1  |[0m 2026-02-01 16:24:02,613 - __main__ - INFO - --- New Round Detected: 32 ---
[33mserver_1      |[0m INFO:werkzeug:172.18.0.9 - - [01/Feb/2026 16:24:02] "GET /download_model?round=32 HTTP/1.1" 200 -
[32;1mclient_007_1  |[0m 2026-02-01 16:24:03,686 - __main__ - INFO - --- New Round Detected: 32 ---
[33mserver_1      |[0m INFO:werkzeug:172.18.0.18 - - [01/Feb/2026 16:24:03] "GET /download_model?round=32 HTTP/1.1" 200 -
[36mclient_010_1  |[0m 2026-02-01 16:24:04,932 - __main__ - INFO - Round 31 finished. Loss: 0.0000, Acc: 0.00%
[33mclient_001_1  |[0m 2026-02-01 16:24:04,938 - __main__ - INFO - Round 31 finished. Loss: 0.0000, Acc: 0.00%
[33mserver_1      |[0m INFO:__main__:Received update from client_010
[33mserver_1      |[0m INFO:werkzeug:172.18.0.8 - - [01/Feb/2026 16:24:05] "POST /submit_update HTTP/1.1" 200 -
[33mserver_1      |[0m INFO:__main__:Received update from client_001
[33mserver_1      |[0m INFO:werkzeug:172.18.0.20 - - [01/Feb/2026 16:24:05] "POST /submit_update HTTP/1.1" 200 -
[33mclient_001_1  |[0m 2026-02-01 16:24:05,073 - __main__ - INFO - 🚀 Model update submitted successfully.
[33mclient_001_1  |[0m 2026-02-01 16:24:05,074 - __main__ - INFO - Update submitted for Round 31. Waiting...
[36mclient_010_1  |[0m 2026-02-01 16:24:05,069 - __main__ - INFO - 🚀 Model update submitted successfully.
[36mclient_010_1  |[0m 2026-02-01 16:24:05,069 - __main__ - INFO - Update submitted for Round 31. Waiting...
[35;1mclient_008_1  |[0m 2026-02-01 16:24:05,674 - __main__ - INFO - --- New Round Detected: 32 ---
[33mserver_1      |[0m INFO:werkzeug:172.18.0.15 - - [01/Feb/2026 16:24:05] "GET /download_model?round=32 HTTP/1.1" 200 -
[33;1mclient_006_1  |[0m 2026-02-01 16:24:06,502 - __main__ - INFO - --- New Round Detected: 32 ---
[33mserver_1      |[0m INFO:werkzeug:172.18.0.21 - - [01/Feb/2026 16:24:06] "GET /download_model?round=32 HTTP/1.1" 200 -
[34mclient_004_1  |[0m 2026-02-01 16:24:06,743 - __main__ - INFO - Round 32 finished. Loss: 0.0000, Acc: 0.00%
[33mserver_1      |[0m INFO:__main__:Received update from client_004
[33mserver_1      |[0m INFO:werkzeug:172.18.0.9 - - [01/Feb/2026 16:24:06] "POST /submit_update HTTP/1.1" 200 -
[34mclient_004_1  |[0m 2026-02-01 16:24:06,882 - __main__ - INFO - 🚀 Model update submitted successfully.
[34mclient_004_1  |[0m 2026-02-01 16:24:06,882 - __main__ - INFO - Update submitted for Round 32. Waiting...
[35;1mclient_008_1  |[0m 2026-02-01 16:24:08,541 - __main__ - INFO - Round 32 finished. Loss: 0.0000, Acc: 0.00%
[33mserver_1      |[0m INFO:__main__:Received update from client_008
[33mserver_1      |[0m INFO:werkzeug:172.18.0.15 - - [01/Feb/2026 16:24:08] "POST /submit_update HTTP/1.1" 200 -
[35;1mclient_008_1  |[0m 2026-02-01 16:24:08,698 - __main__ - INFO - 🚀 Model update submitted successfully.
[35;1mclient_008_1  |[0m 2026-02-01 16:24:08,698 - __main__ - INFO - Update submitted for Round 32. Waiting...
[32;1mclient_007_1  |[0m 2026-02-01 16:24:09,443 - __main__ - INFO - Round 32 finished. Loss: 0.0000, Acc: 0.00%
[33mserver_1      |[0m INFO:__main__:Received update from client_007
[33mserver_1      |[0m INFO:__main__:--- Aggregating 5 updates ---
[33mserver_1      |[0m INFO:__main__:⚡ Using Custom Aggregator with Drift Metric...
[33mserver_1      |[0m INFO:server.aggregator:Starting FedAvg aggregation for 5 clients.
[32mclient_002_1  |[0m 2026-02-01 16:24:10,507 - __main__ - INFO - --- New Round Detected: 32 ---
[33mserver_1      |[0m INFO:werkzeug:172.18.0.6 - - [01/Feb/2026 16:24:10] "GET /download_model?round=32 HTTP/1.1" 200 -
[35mclient_003_1  |[0m 2026-02-01 16:24:11,511 - __main__ - INFO - --- New Round Detected: 32 ---
[33mserver_1      |[0m INFO:werkzeug:172.18.0.19 - - [01/Feb/2026 16:24:11] "GET /download_model?round=32 HTTP/1.1" 200 -
[33;1mclient_006_1  |[0m 2026-02-01 16:24:11,693 - __main__ - INFO - Round 32 finished. Loss: 0.0000, Acc: 0.00%
[33mserver_1      |[0m INFO:werkzeug:172.18.0.21 - - [01/Feb/2026 16:24:11] "[31m[1mPOST /submit_update HTTP/1.1[0m" 400 -
[33;1mclient_006_1  |[0m 2026-02-01 16:24:11,756 - __main__ - ERROR - Update submission failed: {"error":"Not accepting updates"}
[33;1mclient_006_1  |[0m 
[33;1mclient_006_1  |[0m 2026-02-01 16:24:11,756 - __main__ - INFO - Update submitted for Round 32. Waiting...
[33mserver_1      |[0m INFO:server.aggregator:--- [METRIC] Weight Divergence: 1.6980
[33mserver_1      |[0m INFO:server.aggregator:FedAvg aggregation complete.
[33mserver_1      |[0m INFO:__main__:Aggregation complete.
[34;1mclient_009_1  |[0m 2026-02-01 16:24:11,959 - __main__ - INFO - --- New Round Detected: 32 ---
[33mserver_1      |[0m INFO:werkzeug:172.18.0.22 - - [01/Feb/2026 16:24:11] "GET /download_model?round=32 HTTP/1.1" 200 -
[33mserver_1      |[0m ⏱️ [TIME] Client client_010 finished training in 4.36s
[33mserver_1      |[0m ⏱️ [TIME] Client client_001 finished training in 2.91s
[33mserver_1      |[0m ⏱️ [TIME] Client client_004 finished training in 3.92s
[33mserver_1      |[0m ⏱️ [TIME] Client client_008 finished training in 2.64s
[33mserver_1      |[0m ⏱️ [TIME] Client client_007 finished training in 5.51s
[33mserver_1      |[0m DEBUG: ⚠️ MY CUSTOM AGGREGATOR IS RUNNING ⚠️
[36;1mclient_005_1  |[0m 2026-02-01 16:24:12,331 - __main__ - INFO - --- New Round Detected: 32 ---
[33mserver_1      |[0m INFO:werkzeug:172.18.0.14 - - [01/Feb/2026 16:24:12] "GET /download_model?round=32 HTTP/1.1" 200 -
[33mserver_1      |[0m INFO:__main__:💾 Saving metrics to results/metrics.csv...
[33mserver_1      |[0m INFO:__main__:--- Round 32 Acc: 52.53%, Loss: 1.3205 ---
[33mserver_1      |[0m INFO:__main__:--- Starting Round 33. Timeout: 600s ---
[33mserver_1      |[0m INFO:werkzeug:172.18.0.18 - - [01/Feb/2026 16:24:12] "POST /submit_update HTTP/1.1" 200 -
[32;1mclient_007_1  |[0m 2026-02-01 16:24:12,728 - __main__ - INFO - 🚀 Model update submitted successfully.
[32;1mclient_007_1  |[0m 2026-02-01 16:24:12,728 - __main__ - INFO - Update submitted for Round 32. Waiting...
[32mclient_002_1  |[0m 2026-02-01 16:24:13,379 - __main__ - INFO - Round 32 finished. Loss: 0.0000, Acc: 0.00%
[33mserver_1      |[0m INFO:__main__:Received update from client_002
[33mserver_1      |[0m INFO:werkzeug:172.18.0.6 - - [01/Feb/2026 16:24:13] "POST /submit_update HTTP/1.1" 200 -
[32mclient_002_1  |[0m 2026-02-01 16:24:13,532 - __main__ - INFO - 🚀 Model update submitted successfully.
[32mclient_002_1  |[0m 2026-02-01 16:24:13,533 - __main__ - INFO - Update submitted for Round 32. Waiting...
[36;1mclient_005_1  |[0m 2026-02-01 16:24:14,455 - __main__ - INFO - Round 32 finished. Loss: 0.0000, Acc: 0.00%
[33mserver_1      |[0m INFO:__main__:Received update from client_005
[33mserver_1      |[0m INFO:werkzeug:172.18.0.14 - - [01/Feb/2026 16:24:14] "POST /submit_update HTTP/1.1" 200 -
[36;1mclient_005_1  |[0m 2026-02-01 16:24:14,598 - __main__ - INFO - 🚀 Model update submitted successfully.
[36;1mclient_005_1  |[0m 2026-02-01 16:24:14,598 - __main__ - INFO - Update submitted for Round 32. Waiting...
[34;1mclient_009_1  |[0m 2026-02-01 16:24:15,130 - __main__ - INFO - Round 32 finished. Loss: 0.0000, Acc: 0.00%
[36mclient_010_1  |[0m 2026-02-01 16:24:15,138 - __main__ - INFO - --- New Round Detected: 33 ---
[33mclient_001_1  |[0m 2026-02-01 16:24:15,151 - __main__ - INFO - --- New Round Detected: 33 ---
[33mserver_1      |[0m INFO:werkzeug:172.18.0.8 - - [01/Feb/2026 16:24:15] "GET /download_model?round=33 HTTP/1.1" 200 -
[33mserver_1      |[0m INFO:werkzeug:172.18.0.20 - - [01/Feb/2026 16:24:15] "GET /download_model?round=33 HTTP/1.1" 200 -
[33mserver_1      |[0m INFO:__main__:Received update from client_009
[33mserver_1      |[0m INFO:werkzeug:172.18.0.22 - - [01/Feb/2026 16:24:15] "POST /submit_update HTTP/1.1" 200 -
[34;1mclient_009_1  |[0m 2026-02-01 16:24:15,266 - __main__ - INFO - 🚀 Model update submitted successfully.
[34;1mclient_009_1  |[0m 2026-02-01 16:24:15,266 - __main__ - INFO - Update submitted for Round 32. Waiting...
[34mclient_004_1  |[0m 2026-02-01 16:24:16,950 - __main__ - INFO - --- New Round Detected: 33 ---
[33mserver_1      |[0m INFO:werkzeug:172.18.0.9 - - [01/Feb/2026 16:24:16] "GET /download_model?round=33 HTTP/1.1" 200 -
[35mclient_003_1  |[0m 2026-02-01 16:24:17,222 - __main__ - INFO - Round 32 finished. Loss: 0.0000, Acc: 0.00%
[33mserver_1      |[0m INFO:__main__:Received update from client_003
[33mserver_1      |[0m INFO:werkzeug:172.18.0.19 - - [01/Feb/2026 16:24:17] "POST /submit_update HTTP/1.1" 200 -
[35mclient_003_1  |[0m 2026-02-01 16:24:17,357 - __main__ - INFO - 🚀 Model update submitted successfully.
[35mclient_003_1  |[0m 2026-02-01 16:24:17,357 - __main__ - INFO - Update submitted for Round 32. Waiting...
[33mclient_001_1  |[0m 2026-02-01 16:24:18,493 - __main__ - INFO - Round 33 finished. Loss: 0.0000, Acc: 0.00%
[33mserver_1      |[0m INFO:__main__:Received update from client_001
[33mserver_1      |[0m INFO:__main__:--- Aggregating 5 updates ---
[33mserver_1      |[0m INFO:__main__:⚡ Using Custom Aggregator with Drift Metric...
[33mserver_1      |[0m INFO:server.aggregator:Starting FedAvg aggregation for 5 clients.
[35;1mclient_008_1  |[0m 2026-02-01 16:24:18,765 - __main__ - INFO - --- New Round Detected: 33 ---
[33mserver_1      |[0m INFO:werkzeug:172.18.0.15 - - [01/Feb/2026 16:24:18] "GET /download_model?round=33 HTTP/1.1" 200 -
[36mclient_010_1  |[0m 2026-02-01 16:24:19,776 - __main__ - INFO - Round 33 finished. Loss: 0.0000, Acc: 0.00%
[33mserver_1      |[0m INFO:werkzeug:172.18.0.8 - - [01/Feb/2026 16:24:19] "[31m[1mPOST /submit_update HTTP/1.1[0m" 400 -
[36mclient_010_1  |[0m 2026-02-01 16:24:19,866 - __main__ - ERROR - Update submission failed: {"error":"Not accepting updates"}
[36mclient_010_1  |[0m 
[36mclient_010_1  |[0m 2026-02-01 16:24:19,867 - __main__ - INFO - Update submitted for Round 33. Waiting...
[34mclient_004_1  |[0m 2026-02-01 16:24:21,418 - __main__ - INFO - Round 33 finished. Loss: 0.0000, Acc: 0.00%
[33mserver_1      |[0m INFO:werkzeug:172.18.0.9 - - [01/Feb/2026 16:24:21] "[31m[1mPOST /submit_update HTTP/1.1[0m" 400 -
[34mclient_004_1  |[0m 2026-02-01 16:24:21,483 - __main__ - ERROR - Update submission failed: {"error":"Not accepting updates"}
[34mclient_004_1  |[0m 
[34mclient_004_1  |[0m 2026-02-01 16:24:21,483 - __main__ - INFO - Update submitted for Round 33. Waiting...
[35;1mclient_008_1  |[0m 2026-02-01 16:24:21,488 - __main__ - INFO - Round 33 finished. Loss: 0.0000, Acc: 0.00%
[33mserver_1      |[0m INFO:werkzeug:172.18.0.15 - - [01/Feb/2026 16:24:21] "[31m[1mPOST /submit_update HTTP/1.1[0m" 400 -
[35;1mclient_008_1  |[0m 2026-02-01 16:24:21,552 - __main__ - ERROR - Update submission failed: {"error":"Not accepting updates"}
[35;1mclient_008_1  |[0m 
[35;1mclient_008_1  |[0m 2026-02-01 16:24:21,552 - __main__ - INFO - Update submitted for Round 33. Waiting...
[33mserver_1      |[0m INFO:server.aggregator:--- [METRIC] Weight Divergence: 1.6202
[33mserver_1      |[0m INFO:server.aggregator:FedAvg aggregation complete.
[33mserver_1      |[0m INFO:__main__:Aggregation complete.
[33mserver_1      |[0m ⏱️ [TIME] Client client_002 finished training in 2.57s
[33mserver_1      |[0m ⏱️ [TIME] Client client_005 finished training in 1.89s
[33mserver_1      |[0m ⏱️ [TIME] Client client_009 finished training in 2.94s
[33mserver_1      |[0m ⏱️ [TIME] Client client_003 finished training in 5.49s
[33mserver_1      |[0m ⏱️ [TIME] Client client_001 finished training in 3.02s
[33mserver_1      |[0m DEBUG: ⚠️ MY CUSTOM AGGREGATOR IS RUNNING ⚠️
[33;1mclient_006_1  |[0m 2026-02-01 16:24:21,825 - __main__ - INFO - --- New Round Detected: 33 ---
[33mserver_1      |[0m INFO:werkzeug:172.18.0.21 - - [01/Feb/2026 16:24:21] "GET /download_model?round=33 HTTP/1.1" 200 -
[32;1mclient_007_1  |[0m 2026-02-01 16:24:22,799 - __main__ - INFO - --- New Round Detected: 33 ---
[33mserver_1      |[0m INFO:werkzeug:172.18.0.18 - - [01/Feb/2026 16:24:22] "GET /download_model?round=33 HTTP/1.1" 200 -
[33mserver_1      |[0m INFO:__main__:💾 Saving metrics to results/metrics.csv...
[33mserver_1      |[0m INFO:__main__:--- Round 33 Acc: 57.27%, Loss: 1.1849 ---
[33mserver_1      |[0m INFO:__main__:--- Starting Round 34. Timeout: 600s ---
[33mserver_1      |[0m INFO:werkzeug:172.18.0.20 - - [01/Feb/2026 16:24:23] "POST /submit_update HTTP/1.1" 200 -
[33mclient_001_1  |[0m 2026-02-01 16:24:23,184 - __main__ - INFO - 🚀 Model update submitted successfully.
[33mclient_001_1  |[0m 2026-02-01 16:24:23,184 - __main__ - INFO - Update submitted for Round 33. Waiting...
[32mclient_002_1  |[0m 2026-02-01 16:24:23,595 - __main__ - INFO - --- New Round Detected: 34 ---
[33mserver_1      |[0m INFO:werkzeug:172.18.0.6 - - [01/Feb/2026 16:24:23] "GET /download_model?round=34 HTTP/1.1" 200 -
[36;1mclient_005_1  |[0m 2026-02-01 16:24:24,666 - __main__ - INFO - --- New Round Detected: 34 ---
[33mserver_1      |[0m INFO:werkzeug:172.18.0.14 - - [01/Feb/2026 16:24:24] "GET /download_model?round=34 HTTP/1.1" 200 -
[34;1mclient_009_1  |[0m 2026-02-01 16:24:25,340 - __main__ - INFO - --- New Round Detected: 34 ---
[33mserver_1      |[0m INFO:werkzeug:172.18.0.22 - - [01/Feb/2026 16:24:25] "GET /download_model?round=34 HTTP/1.1" 200 -
[33;1mclient_006_1  |[0m 2026-02-01 16:24:25,806 - __main__ - INFO - Round 33 finished. Loss: 0.0000, Acc: 0.00%
[33mserver_1      |[0m INFO:__main__:Received update from client_006
[33mserver_1      |[0m INFO:werkzeug:172.18.0.21 - - [01/Feb/2026 16:24:25] "POST /submit_update HTTP/1.1" 200 -
[33;1mclient_006_1  |[0m 2026-02-01 16:24:25,962 - __main__ - INFO - 🚀 Model update submitted successfully.
[33;1mclient_006_1  |[0m 2026-02-01 16:24:25,962 - __main__ - INFO - Update submitted for Round 33. Waiting...
[32mclient_002_1  |[0m 2026-02-01 16:24:27,306 - __main__ - INFO - Round 34 finished. Loss: 0.0000, Acc: 0.00%
[36;1mclient_005_1  |[0m 2026-02-01 16:24:27,383 - __main__ - INFO - Round 34 finished. Loss: 0.0000, Acc: 0.00%
[33mserver_1      |[0m INFO:__main__:Received update from client_002
[33mserver_1      |[0m INFO:werkzeug:172.18.0.6 - - [01/Feb/2026 16:24:27] "POST /submit_update HTTP/1.1" 200 -
[35mclient_003_1  |[0m 2026-02-01 16:24:27,424 - __main__ - INFO - --- New Round Detected: 34 ---
[32mclient_002_1  |[0m 2026-02-01 16:24:27,442 - __main__ - INFO - 🚀 Model update submitted successfully.
[32mclient_002_1  |[0m 2026-02-01 16:24:27,442 - __main__ - INFO - Update submitted for Round 34. Waiting...
[33mserver_1      |[0m INFO:werkzeug:172.18.0.19 - - [01/Feb/2026 16:24:27] "GET /download_model?round=34 HTTP/1.1" 200 -
[33mserver_1      |[0m INFO:__main__:Received update from client_005
[33mserver_1      |[0m INFO:werkzeug:172.18.0.14 - - [01/Feb/2026 16:24:27] "POST /submit_update HTTP/1.1" 200 -
[36;1mclient_005_1  |[0m 2026-02-01 16:24:27,522 - __main__ - INFO - 🚀 Model update submitted successfully.
[36;1mclient_005_1  |[0m 2026-02-01 16:24:27,522 - __main__ - INFO - Update submitted for Round 34. Waiting...
[32;1mclient_007_1  |[0m 2026-02-01 16:24:28,596 - __main__ - INFO - Round 33 finished. Loss: 0.0000, Acc: 0.00%
[33mserver_1      |[0m INFO:__main__:Received update from client_007
[33mserver_1      |[0m INFO:werkzeug:172.18.0.18 - - [01/Feb/2026 16:24:28] "POST /submit_update HTTP/1.1" 200 -
[32;1mclient_007_1  |[0m 2026-02-01 16:24:28,731 - __main__ - INFO - 🚀 Model update submitted successfully.
[32;1mclient_007_1  |[0m 2026-02-01 16:24:28,731 - __main__ - INFO - Update submitted for Round 33. Waiting...
[34;1mclient_009_1  |[0m 2026-02-01 16:24:28,991 - __main__ - INFO - Round 34 finished. Loss: 0.0000, Acc: 0.00%
[33mserver_1      |[0m INFO:__main__:Received update from client_009
[33mserver_1      |[0m INFO:__main__:--- Aggregating 5 updates ---
[33mserver_1      |[0m INFO:__main__:⚡ Using Custom Aggregator with Drift Metric...
[33mserver_1      |[0m INFO:server.aggregator:Starting FedAvg aggregation for 5 clients.
[36mclient_010_1  |[0m 2026-02-01 16:24:29,951 - __main__ - INFO - --- New Round Detected: 34 ---
[33mserver_1      |[0m INFO:werkzeug:172.18.0.8 - - [01/Feb/2026 16:24:29] "GET /download_model?round=34 HTTP/1.1" 200 -
[33mserver_1      |[0m INFO:server.aggregator:--- [METRIC] Weight Divergence: 1.6610
[33mserver_1      |[0m INFO:server.aggregator:FedAvg aggregation complete.
[33mserver_1      |[0m INFO:__main__:Aggregation complete.
[34mclient_004_1  |[0m 2026-02-01 16:24:31,567 - __main__ - INFO - --- New Round Detected: 34 ---
[33mserver_1      |[0m INFO:werkzeug:172.18.0.9 - - [01/Feb/2026 16:24:31] "GET /download_model?round=34 HTTP/1.1" 200 -
[35;1mclient_008_1  |[0m 2026-02-01 16:24:31,618 - __main__ - INFO - --- New Round Detected: 34 ---
[33mserver_1      |[0m ⏱️ [TIME] Client client_006 finished training in 3.73s
[33mserver_1      |[0m ⏱️ [TIME] Client client_002 finished training in 3.48s
[33mserver_1      |[0m ⏱️ [TIME] Client client_005 finished training in 2.46s
[33mserver_1      |[0m ⏱️ [TIME] Client client_007 finished training in 5.53s
[33mserver_1      |[0m ⏱️ [TIME] Client client_009 finished training in 3.37s
[33mserver_1      |[0m DEBUG: ⚠️ MY CUSTOM AGGREGATOR IS RUNNING ⚠️
[33mserver_1      |[0m INFO:werkzeug:172.18.0.15 - - [01/Feb/2026 16:24:31] "GET /download_model?round=34 HTTP/1.1" 200 -
[33mserver_1      |[0m INFO:__main__:💾 Saving metrics to results/metrics.csv...
[33mserver_1      |[0m INFO:__main__:--- Round 34 Acc: 55.55%, Loss: 1.2522 ---
[33mserver_1      |[0m INFO:__main__:--- Starting Round 35. Timeout: 600s ---
[33mserver_1      |[0m INFO:werkzeug:172.18.0.22 - - [01/Feb/2026 16:24:33] "POST /submit_update HTTP/1.1" 200 -
[35mclient_003_1  |[0m 2026-02-01 16:24:33,125 - __main__ - INFO - Round 34 finished. Loss: 0.0000, Acc: 0.00%
[34;1mclient_009_1  |[0m 2026-02-01 16:24:33,127 - __main__ - INFO - 🚀 Model update submitted successfully.
[34;1mclient_009_1  |[0m 2026-02-01 16:24:33,127 - __main__ - INFO - Update submitted for Round 34. Waiting...
[33mserver_1      |[0m INFO:__main__:Received update from client_003
[33mserver_1      |[0m INFO:werkzeug:172.18.0.19 - - [01/Feb/2026 16:24:33] "POST /submit_update HTTP/1.1" 200 -
[35mclient_003_1  |[0m 2026-02-01 16:24:33,259 - __main__ - INFO - 🚀 Model update submitted successfully.
[35mclient_003_1  |[0m 2026-02-01 16:24:33,259 - __main__ - INFO - Update submitted for Round 34. Waiting...
[33mclient_001_1  |[0m 2026-02-01 16:24:33,315 - __main__ - INFO - --- New Round Detected: 35 ---
[33mserver_1      |[0m INFO:werkzeug:172.18.0.20 - - [01/Feb/2026 16:24:33] "GET /download_model?round=35 HTTP/1.1" 200 -
[35;1mclient_008_1  |[0m 2026-02-01 16:24:33,555 - __main__ - INFO - Round 34 finished. Loss: 0.0000, Acc: 0.00%
[33mserver_1      |[0m INFO:__main__:Received update from client_008
[33mserver_1      |[0m INFO:werkzeug:172.18.0.15 - - [01/Feb/2026 16:24:33] "POST /submit_update HTTP/1.1" 200 -
[35;1mclient_008_1  |[0m 2026-02-01 16:24:33,693 - __main__ - INFO - 🚀 Model update submitted successfully.
[35;1mclient_008_1  |[0m 2026-02-01 16:24:33,693 - __main__ - INFO - Update submitted for Round 34. Waiting...
[36mclient_010_1  |[0m 2026-02-01 16:24:34,295 - __main__ - INFO - Round 34 finished. Loss: 0.0000, Acc: 0.00%
[33mserver_1      |[0m INFO:__main__:Received update from client_010
[33mserver_1      |[0m INFO:werkzeug:172.18.0.8 - - [01/Feb/2026 16:24:34] "POST /submit_update HTTP/1.1" 200 -
[36mclient_010_1  |[0m 2026-02-01 16:24:34,429 - __main__ - INFO - 🚀 Model update submitted successfully.
[36mclient_010_1  |[0m 2026-02-01 16:24:34,429 - __main__ - INFO - Update submitted for Round 34. Waiting...
[34mclient_004_1  |[0m 2026-02-01 16:24:35,980 - __main__ - INFO - Round 34 finished. Loss: 0.0000, Acc: 0.00%
[33;1mclient_006_1  |[0m 2026-02-01 16:24:36,023 - __main__ - INFO - --- New Round Detected: 35 ---
[33mserver_1      |[0m INFO:werkzeug:172.18.0.21 - - [01/Feb/2026 16:24:36] "GET /download_model?round=35 HTTP/1.1" 200 -
[33mserver_1      |[0m INFO:__main__:Received update from client_004
[33mserver_1      |[0m INFO:werkzeug:172.18.0.9 - - [01/Feb/2026 16:24:36] "POST /submit_update HTTP/1.1" 200 -
[34mclient_004_1  |[0m 2026-02-01 16:24:36,135 - __main__ - INFO - 🚀 Model update submitted successfully.
[34mclient_004_1  |[0m 2026-02-01 16:24:36,135 - __main__ - INFO - Update submitted for Round 34. Waiting...
[33mclient_001_1  |[0m 2026-02-01 16:24:36,501 - __main__ - INFO - Round 35 finished. Loss: 0.0000, Acc: 0.00%
[33mserver_1      |[0m INFO:__main__:Received update from client_001
[33mserver_1      |[0m INFO:__main__:--- Aggregating 5 updates ---
[33mserver_1      |[0m INFO:__main__:⚡ Using Custom Aggregator with Drift Metric...
[33mserver_1      |[0m INFO:server.aggregator:Starting FedAvg aggregation for 5 clients.
[32mclient_002_1  |[0m 2026-02-01 16:24:37,505 - __main__ - INFO - --- New Round Detected: 35 ---
[33mserver_1      |[0m INFO:werkzeug:172.18.0.6 - - [01/Feb/2026 16:24:37] "GET /download_model?round=35 HTTP/1.1" 200 -
[36;1mclient_005_1  |[0m 2026-02-01 16:24:37,587 - __main__ - INFO - --- New Round Detected: 35 ---
[33mserver_1      |[0m INFO:werkzeug:172.18.0.14 - - [01/Feb/2026 16:24:37] "GET /download_model?round=35 HTTP/1.1" 200 -
[32;1mclient_007_1  |[0m 2026-02-01 16:24:38,810 - __main__ - INFO - --- New Round Detected: 35 ---
[33mserver_1      |[0m INFO:werkzeug:172.18.0.18 - - [01/Feb/2026 16:24:39] "GET /download_model?round=35 HTTP/1.1" 200 -
[33mserver_1      |[0m INFO:server.aggregator:--- [METRIC] Weight Divergence: 1.7046
[33mserver_1      |[0m INFO:server.aggregator:FedAvg aggregation complete.
[33mserver_1      |[0m INFO:__main__:Aggregation complete.
[36;1mclient_005_1  |[0m 2026-02-01 16:24:40,078 - __main__ - INFO - Round 35 finished. Loss: 0.0000, Acc: 0.00%
[33mserver_1      |[0m INFO:werkzeug:172.18.0.14 - - [01/Feb/2026 16:24:40] "[31m[1mPOST /submit_update HTTP/1.1[0m" 400 -
[36;1mclient_005_1  |[0m 2026-02-01 16:24:40,142 - __main__ - ERROR - Update submission failed: {"error":"Not accepting updates"}
[36;1mclient_005_1  |[0m 
[36;1mclient_005_1  |[0m 2026-02-01 16:24:40,142 - __main__ - INFO - Update submitted for Round 35. Waiting...
[33mserver_1      |[0m ⏱️ [TIME] Client client_003 finished training in 5.44s
[33mserver_1      |[0m ⏱️ [TIME] Client client_008 finished training in 1.40s
[33mserver_1      |[0m ⏱️ [TIME] Client client_010 finished training in 4.11s
[33mserver_1      |[0m ⏱️ [TIME] Client client_004 finished training in 4.17s
[33mserver_1      |[0m ⏱️ [TIME] Client client_001 finished training in 2.94s
[33mserver_1      |[0m DEBUG: ⚠️ MY CUSTOM AGGREGATOR IS RUNNING ⚠️
[33;1mclient_006_1  |[0m 2026-02-01 16:24:40,354 - __main__ - INFO - Round 35 finished. Loss: 0.0000, Acc: 0.00%
[33mserver_1      |[0m INFO:werkzeug:172.18.0.21 - - [01/Feb/2026 16:24:40] "[31m[1mPOST /submit_update HTTP/1.1[0m" 400 -
[33;1mclient_006_1  |[0m 2026-02-01 16:24:40,419 - __main__ - ERROR - Update submission failed: {"error":"Not accepting updates"}
[33;1mclient_006_1  |[0m 
[33;1mclient_006_1  |[0m 2026-02-01 16:24:40,419 - __main__ - INFO - Update submitted for Round 35. Waiting...
[32mclient_002_1  |[0m 2026-02-01 16:24:41,811 - __main__ - INFO - Round 35 finished. Loss: 0.0000, Acc: 0.00%
[33mserver_1      |[0m INFO:werkzeug:172.18.0.6 - - [01/Feb/2026 16:24:41] "[31m[1mPOST /submit_update HTTP/1.1[0m" 400 -
[32mclient_002_1  |[0m 2026-02-01 16:24:41,946 - __main__ - ERROR - Update submission failed: {"error":"Not accepting updates"}
[32mclient_002_1  |[0m 
[32mclient_002_1  |[0m 2026-02-01 16:24:41,946 - __main__ - INFO - Update submitted for Round 35. Waiting...
[33mserver_1      |[0m INFO:__main__:💾 Saving metrics to results/metrics.csv...
[33mserver_1      |[0m INFO:__main__:--- Round 35 Acc: 56.50%, Loss: 1.2107 ---
[33mserver_1      |[0m INFO:__main__:--- Starting Round 36. Timeout: 600s ---
[33mserver_1      |[0m INFO:werkzeug:172.18.0.20 - - [01/Feb/2026 16:24:41] "POST /submit_update HTTP/1.1" 200 -
[33mclient_001_1  |[0m 2026-02-01 16:24:42,013 - __main__ - INFO - 🚀 Model update submitted successfully.
[33mclient_001_1  |[0m 2026-02-01 16:24:42,013 - __main__ - INFO - Update submitted for Round 35. Waiting...
[34;1mclient_009_1  |[0m 2026-02-01 16:24:43,270 - __main__ - INFO - --- New Round Detected: 36 ---
[33mserver_1      |[0m INFO:werkzeug:172.18.0.22 - - [01/Feb/2026 16:24:43] "GET /download_model?round=36 HTTP/1.1" 200 -
[35mclient_003_1  |[0m 2026-02-01 16:24:43,335 - __main__ - INFO - --- New Round Detected: 36 ---
[33mserver_1      |[0m INFO:werkzeug:172.18.0.19 - - [01/Feb/2026 16:24:43] "GET /download_model?round=36 HTTP/1.1" 200 -
[35;1mclient_008_1  |[0m 2026-02-01 16:24:43,792 - __main__ - INFO - --- New Round Detected: 36 ---
[33mserver_1      |[0m INFO:werkzeug:172.18.0.15 - - [01/Feb/2026 16:24:43] "GET /download_model?round=36 HTTP/1.1" 200 -
[36mclient_010_1  |[0m 2026-02-01 16:24:44,523 - __main__ - INFO - --- New Round Detected: 36 ---
[33mserver_1      |[0m INFO:werkzeug:172.18.0.8 - - [01/Feb/2026 16:24:44] "GET /download_model?round=36 HTTP/1.1" 200 -
[32;1mclient_007_1  |[0m 2026-02-01 16:24:44,772 - __main__ - INFO - Round 35 finished. Loss: 0.0000, Acc: 0.00%
[33mserver_1      |[0m INFO:__main__:Received update from client_007
[33mserver_1      |[0m INFO:werkzeug:172.18.0.18 - - [01/Feb/2026 16:24:44] "POST /submit_update HTTP/1.1" 200 -
[32;1mclient_007_1  |[0m 2026-02-01 16:24:44,935 - __main__ - INFO - 🚀 Model update submitted successfully.
[32;1mclient_007_1  |[0m 2026-02-01 16:24:44,935 - __main__ - INFO - Update submitted for Round 35. Waiting...
[35;1mclient_008_1  |[0m 2026-02-01 16:24:46,053 - __main__ - INFO - Round 36 finished. Loss: 0.0000, Acc: 0.00%
[33mserver_1      |[0m INFO:__main__:Received update from client_008
[33mserver_1      |[0m INFO:werkzeug:172.18.0.15 - - [01/Feb/2026 16:24:46] "POST /submit_update HTTP/1.1" 200 -
[35;1mclient_008_1  |[0m 2026-02-01 16:24:46,194 - __main__ - INFO - 🚀 Model update submitted successfully.
[35;1mclient_008_1  |[0m 2026-02-01 16:24:46,194 - __main__ - INFO - Update submitted for Round 36. Waiting...
[34mclient_004_1  |[0m 2026-02-01 16:24:46,197 - __main__ - INFO - --- New Round Detected: 36 ---
[33mserver_1      |[0m INFO:werkzeug:172.18.0.9 - - [01/Feb/2026 16:24:46] "GET /download_model?round=36 HTTP/1.1" 200 -
[34;1mclient_009_1  |[0m 2026-02-01 16:24:46,587 - __main__ - INFO - Round 36 finished. Loss: 0.0000, Acc: 0.00%
[33mserver_1      |[0m INFO:__main__:Received update from client_009
[33mserver_1      |[0m INFO:werkzeug:172.18.0.22 - - [01/Feb/2026 16:24:46] "POST /submit_update HTTP/1.1" 200 -
[34;1mclient_009_1  |[0m 2026-02-01 16:24:46,744 - __main__ - INFO - 🚀 Model update submitted successfully.
[34;1mclient_009_1  |[0m 2026-02-01 16:24:46,744 - __main__ - INFO - Update submitted for Round 36. Waiting...
[35mclient_003_1  |[0m 2026-02-01 16:24:46,907 - __main__ - INFO - Round 36 finished. Loss: 0.0000, Acc: 0.00%
[33mserver_1      |[0m INFO:__main__:Received update from client_003
[33mserver_1      |[0m INFO:werkzeug:172.18.0.19 - - [01/Feb/2026 16:24:47] "POST /submit_update HTTP/1.1" 200 -
[36mclient_010_1  |[0m 2026-02-01 16:24:47,023 - __main__ - INFO - Round 36 finished. Loss: 0.0000, Acc: 0.00%
[35mclient_003_1  |[0m 2026-02-01 16:24:47,043 - __main__ - INFO - 🚀 Model update submitted successfully.
[35mclient_003_1  |[0m 2026-02-01 16:24:47,043 - __main__ - INFO - Update submitted for Round 36. Waiting...
[33mserver_1      |[0m INFO:__main__:Received update from client_010
[33mserver_1      |[0m INFO:__main__:--- Aggregating 5 updates ---
[33mserver_1      |[0m INFO:__main__:⚡ Using Custom Aggregator with Drift Metric...
[33mserver_1      |[0m INFO:server.aggregator:Starting FedAvg aggregation for 5 clients.
[36;1mclient_005_1  |[0m 2026-02-01 16:24:50,204 - __main__ - INFO - --- New Round Detected: 36 ---
[33mserver_1      |[0m INFO:werkzeug:172.18.0.14 - - [01/Feb/2026 16:24:50] "GET /download_model?round=36 HTTP/1.1" 200 -
[34mclient_004_1  |[0m 2026-02-01 16:24:50,482 - __main__ - INFO - Round 36 finished. Loss: 0.0000, Acc: 0.00%
[33;1mclient_006_1  |[0m 2026-02-01 16:24:50,488 - __main__ - INFO - --- New Round Detected: 36 ---
[33mserver_1      |[0m INFO:werkzeug:172.18.0.9 - - [01/Feb/2026 16:24:50] "[31m[1mPOST /submit_update HTTP/1.1[0m" 400 -
[33mserver_1      |[0m INFO:werkzeug:172.18.0.21 - - [01/Feb/2026 16:24:50] "GET /download_model?round=36 HTTP/1.1" 200 -
[34mclient_004_1  |[0m 2026-02-01 16:24:50,546 - __main__ - ERROR - Update submission failed: {"error":"Not accepting updates"}
[34mclient_004_1  |[0m 
[34mclient_004_1  |[0m 2026-02-01 16:24:50,546 - __main__ - INFO - Update submitted for Round 36. Waiting...
[33mserver_1      |[0m INFO:server.aggregator:--- [METRIC] Weight Divergence: 1.7852
[33mserver_1      |[0m INFO:server.aggregator:FedAvg aggregation complete.
[33mserver_1      |[0m INFO:__main__:Aggregation complete.
[33mserver_1      |[0m ⏱️ [TIME] Client client_007 finished training in 5.53s
[33mserver_1      |[0m ⏱️ [TIME] Client client_008 finished training in 2.00s
[33mserver_1      |[0m ⏱️ [TIME] Client client_009 finished training in 3.10s
[33mserver_1      |[0m ⏱️ [TIME] Client client_003 finished training in 3.37s
[33mserver_1      |[0m ⏱️ [TIME] Client client_010 finished training in 2.29s
[33mserver_1      |[0m DEBUG: ⚠️ MY CUSTOM AGGREGATOR IS RUNNING ⚠️
[36;1mclient_005_1  |[0m 2026-02-01 16:24:51,843 - __main__ - INFO - Round 36 finished. Loss: 0.0000, Acc: 0.00%
[33mserver_1      |[0m INFO:werkzeug:172.18.0.14 - - [01/Feb/2026 16:24:51] "[31m[1mPOST /submit_update HTTP/1.1[0m" 400 -
[36;1mclient_005_1  |[0m 2026-02-01 16:24:51,907 - __main__ - ERROR - Update submission failed: {"error":"Not accepting updates"}
[36;1mclient_005_1  |[0m 
[36;1mclient_005_1  |[0m 2026-02-01 16:24:51,907 - __main__ - INFO - Update submitted for Round 36. Waiting...
[32mclient_002_1  |[0m 2026-02-01 16:24:52,056 - __main__ - INFO - --- New Round Detected: 36 ---
[33mclient_001_1  |[0m 2026-02-01 16:24:52,074 - __main__ - INFO - --- New Round Detected: 36 ---
[33mserver_1      |[0m INFO:werkzeug:172.18.0.6 - - [01/Feb/2026 16:24:52] "GET /download_model?round=36 HTTP/1.1" 200 -
[33mserver_1      |[0m INFO:werkzeug:172.18.0.20 - - [01/Feb/2026 16:24:52] "GET /download_model?round=36 HTTP/1.1" 200 -
[33mserver_1      |[0m INFO:__main__:💾 Saving metrics to results/metrics.csv...
[33mserver_1      |[0m INFO:__main__:--- Round 36 Acc: 53.64%, Loss: 1.2844 ---
[33mserver_1      |[0m INFO:__main__:--- Starting Round 37. Timeout: 600s ---
[33mserver_1      |[0m INFO:werkzeug:172.18.0.8 - - [01/Feb/2026 16:24:52] "POST /submit_update HTTP/1.1" 200 -
[36mclient_010_1  |[0m 2026-02-01 16:24:52,402 - __main__ - INFO - 🚀 Model update submitted successfully.
[36mclient_010_1  |[0m 2026-02-01 16:24:52,402 - __main__ - INFO - Update submitted for Round 36. Waiting...
[33;1mclient_006_1  |[0m 2026-02-01 16:24:53,287 - __main__ - INFO - Round 36 finished. Loss: 0.0000, Acc: 0.00%
[33mserver_1      |[0m INFO:__main__:Received update from client_006
[33mserver_1      |[0m INFO:werkzeug:172.18.0.21 - - [01/Feb/2026 16:24:53] "POST /submit_update HTTP/1.1" 200 -
[33;1mclient_006_1  |[0m 2026-02-01 16:24:53,421 - __main__ - INFO - 🚀 Model update submitted successfully.
[33;1mclient_006_1  |[0m 2026-02-01 16:24:53,421 - __main__ - INFO - Update submitted for Round 36. Waiting...
[33mclient_001_1  |[0m 2026-02-01 16:24:53,870 - __main__ - INFO - Round 36 finished. Loss: 0.0000, Acc: 0.00%
[33mserver_1      |[0m INFO:__main__:Received update from client_001
[33mserver_1      |[0m INFO:werkzeug:172.18.0.20 - - [01/Feb/2026 16:24:53] "POST /submit_update HTTP/1.1" 200 -
[33mclient_001_1  |[0m 2026-02-01 16:24:54,004 - __main__ - INFO - 🚀 Model update submitted successfully.
[33mclient_001_1  |[0m 2026-02-01 16:24:54,004 - __main__ - INFO - Update submitted for Round 36. Waiting...
[32;1mclient_007_1  |[0m 2026-02-01 16:24:54,998 - __main__ - INFO - --- New Round Detected: 37 ---
[33mserver_1      |[0m INFO:werkzeug:172.18.0.18 - - [01/Feb/2026 16:24:55] "GET /download_model?round=37 HTTP/1.1" 200 -
[32mclient_002_1  |[0m 2026-02-01 16:24:55,608 - __main__ - INFO - Round 36 finished. Loss: 0.0000, Acc: 0.00%
[33mserver_1      |[0m INFO:__main__:Received update from client_002
[33mserver_1      |[0m INFO:werkzeug:172.18.0.6 - - [01/Feb/2026 16:24:55] "POST /submit_update HTTP/1.1" 200 -
[32mclient_002_1  |[0m 2026-02-01 16:24:55,763 - __main__ - INFO - 🚀 Model update submitted successfully.
[32mclient_002_1  |[0m 2026-02-01 16:24:55,763 - __main__ - INFO - Update submitted for Round 36. Waiting...
[35;1mclient_008_1  |[0m 2026-02-01 16:24:56,309 - __main__ - INFO - --- New Round Detected: 37 ---
[33mserver_1      |[0m INFO:werkzeug:172.18.0.15 - - [01/Feb/2026 16:24:56] "GET /download_model?round=37 HTTP/1.1" 200 -
[34;1mclient_009_1  |[0m 2026-02-01 16:24:56,836 - __main__ - INFO - --- New Round Detected: 37 ---
[33mserver_1      |[0m INFO:werkzeug:172.18.0.22 - - [01/Feb/2026 16:24:56] "GET /download_model?round=37 HTTP/1.1" 200 -
[35mclient_003_1  |[0m 2026-02-01 16:24:57,134 - __main__ - INFO - --- New Round Detected: 37 ---
[33mserver_1      |[0m INFO:werkzeug:172.18.0.19 - - [01/Feb/2026 16:24:57] "GET /download_model?round=37 HTTP/1.1" 200 -
[35;1mclient_008_1  |[0m 2026-02-01 16:24:57,780 - __main__ - INFO - Round 37 finished. Loss: 0.0000, Acc: 0.00%
[33mserver_1      |[0m INFO:__main__:Received update from client_008
[33mserver_1      |[0m INFO:werkzeug:172.18.0.15 - - [01/Feb/2026 16:24:57] "POST /submit_update HTTP/1.1" 200 -
[35;1mclient_008_1  |[0m 2026-02-01 16:24:57,934 - __main__ - INFO - 🚀 Model update submitted successfully.
[35;1mclient_008_1  |[0m 2026-02-01 16:24:57,934 - __main__ - INFO - Update submitted for Round 37. Waiting...
[34;1mclient_009_1  |[0m 2026-02-01 16:25:00,140 - __main__ - INFO - Round 37 finished. Loss: 0.0000, Acc: 0.00%
[33mserver_1      |[0m INFO:__main__:Received update from client_009
[33mserver_1      |[0m INFO:__main__:--- Aggregating 5 updates ---
[33mserver_1      |[0m INFO:__main__:⚡ Using Custom Aggregator with Drift Metric...
[33mserver_1      |[0m INFO:server.aggregator:Starting FedAvg aggregation for 5 clients.
[32;1mclient_007_1  |[0m 2026-02-01 16:25:00,416 - __main__ - INFO - Round 37 finished. Loss: 0.0000, Acc: 0.00%
[33mserver_1      |[0m INFO:werkzeug:172.18.0.18 - - [01/Feb/2026 16:25:00] "[31m[1mPOST /submit_update HTTP/1.1[0m" 400 -
[32;1mclient_007_1  |[0m 2026-02-01 16:25:00,510 - __main__ - ERROR - Update submission failed: {"error":"Not accepting updates"}
[32;1mclient_007_1  |[0m 
[32;1mclient_007_1  |[0m 2026-02-01 16:25:00,510 - __main__ - INFO - Update submitted for Round 37. Waiting...
[34mclient_004_1  |[0m 2026-02-01 16:25:00,623 - __main__ - INFO - --- New Round Detected: 37 ---
[33mserver_1      |[0m INFO:werkzeug:172.18.0.9 - - [01/Feb/2026 16:25:00] "GET /download_model?round=37 HTTP/1.1" 200 -
[36;1mclient_005_1  |[0m 2026-02-01 16:25:02,114 - __main__ - INFO - --- New Round Detected: 37 ---
[33mserver_1      |[0m INFO:werkzeug:172.18.0.14 - - [01/Feb/2026 16:25:02] "GET /download_model?round=37 HTTP/1.1" 200 -
[36mclient_010_1  |[0m 2026-02-01 16:25:02,467 - __main__ - INFO - --- New Round Detected: 37 ---
[33mserver_1      |[0m INFO:werkzeug:172.18.0.8 - - [01/Feb/2026 16:25:02] "GET /download_model?round=37 HTTP/1.1" 200 -
[35mclient_003_1  |[0m 2026-02-01 16:25:02,765 - __main__ - INFO - Round 37 finished. Loss: 0.0000, Acc: 0.00%
[33mserver_1      |[0m INFO:werkzeug:172.18.0.19 - - [01/Feb/2026 16:25:02] "[31m[1mPOST /submit_update HTTP/1.1[0m" 400 -
[35mclient_003_1  |[0m 2026-02-01 16:25:02,831 - __main__ - ERROR - Update submission failed: {"error":"Not accepting updates"}
[35mclient_003_1  |[0m 
[35mclient_003_1  |[0m 2026-02-01 16:25:02,831 - __main__ - INFO - Update submitted for Round 37. Waiting...
[33;1mclient_006_1  |[0m 2026-02-01 16:25:03,484 - __main__ - INFO - --- New Round Detected: 37 ---
[33mserver_1      |[0m INFO:werkzeug:172.18.0.21 - - [01/Feb/2026 16:25:03] "GET /download_model?round=37 HTTP/1.1" 200 -
[33mclient_001_1  |[0m 2026-02-01 16:25:04,067 - __main__ - INFO - --- New Round Detected: 37 ---
[33mserver_1      |[0m INFO:werkzeug:172.18.0.20 - - [01/Feb/2026 16:25:04] "GET /download_model?round=37 HTTP/1.1" 200 -
[33mserver_1      |[0m INFO:server.aggregator:--- [METRIC] Weight Divergence: 1.6536
[33mserver_1      |[0m INFO:server.aggregator:FedAvg aggregation complete.
[33mserver_1      |[0m INFO:__main__:Aggregation complete.
[36;1mclient_005_1  |[0m 2026-02-01 16:25:04,523 - __main__ - INFO - Round 37 finished. Loss: 0.0000, Acc: 0.00%
[33mserver_1      |[0m INFO:werkzeug:172.18.0.14 - - [01/Feb/2026 16:25:04] "[31m[1mPOST /submit_update HTTP/1.1[0m" 400 -
[33mserver_1      |[0m ⏱️ [TIME] Client client_006 finished training in 2.54s
[33mserver_1      |[0m ⏱️ [TIME] Client client_001 finished training in 1.57s
[33mserver_1      |[0m ⏱️ [TIME] Client client_002 finished training in 3.34s
[33mserver_1      |[0m ⏱️ [TIME] Client client_008 finished training in 1.28s
[33mserver_1      |[0m ⏱️ [TIME] Client client_009 finished training in 3.00s
[33mserver_1      |[0m DEBUG: ⚠️ MY CUSTOM AGGREGATOR IS RUNNING ⚠️
[36;1mclient_005_1  |[0m 2026-02-01 16:25:04,593 - __main__ - ERROR - Update submission failed: {"error":"Not accepting updates"}
[36;1mclient_005_1  |[0m 
[36;1mclient_005_1  |[0m 2026-02-01 16:25:04,593 - __main__ - INFO - Update submitted for Round 37. Waiting...
[34mclient_004_1  |[0m 2026-02-01 16:25:05,586 - __main__ - INFO - Round 37 finished. Loss: 0.0000, Acc: 0.00%
[33mserver_1      |[0m INFO:werkzeug:172.18.0.9 - - [01/Feb/2026 16:25:05] "[31m[1mPOST /submit_update HTTP/1.1[0m" 400 -
[34mclient_004_1  |[0m 2026-02-01 16:25:05,650 - __main__ - ERROR - Update submission failed: {"error":"Not accepting updates"}
[34mclient_004_1  |[0m 
[34mclient_004_1  |[0m 2026-02-01 16:25:05,650 - __main__ - INFO - Update submitted for Round 37. Waiting...
[32mclient_002_1  |[0m 2026-02-01 16:25:05,880 - __main__ - INFO - --- New Round Detected: 37 ---
[33mserver_1      |[0m INFO:werkzeug:172.18.0.6 - - [01/Feb/2026 16:25:05] "GET /download_model?round=37 HTTP/1.1" 200 -
[33mclient_001_1  |[0m 2026-02-01 16:25:06,081 - __main__ - INFO - Round 37 finished. Loss: 0.0000, Acc: 0.00%
[33mserver_1      |[0m INFO:werkzeug:172.18.0.20 - - [01/Feb/2026 16:25:06] "[31m[1mPOST /submit_update HTTP/1.1[0m" 400 -
[33mserver_1      |[0m INFO:__main__:💾 Saving metrics to results/metrics.csv...
[33mserver_1      |[0m INFO:__main__:--- Round 37 Acc: 58.02%, Loss: 1.1839 ---
[33mserver_1      |[0m INFO:__main__:--- Starting Round 38. Timeout: 600s ---
[33mserver_1      |[0m INFO:werkzeug:172.18.0.22 - - [01/Feb/2026 16:25:06] "POST /submit_update HTTP/1.1" 200 -
[33mclient_001_1  |[0m 2026-02-01 16:25:06,146 - __main__ - ERROR - Update submission failed: {"error":"Not accepting updates"}
[33mclient_001_1  |[0m 
[33mclient_001_1  |[0m 2026-02-01 16:25:06,146 - __main__ - INFO - Update submitted for Round 37. Waiting...
[34;1mclient_009_1  |[0m 2026-02-01 16:25:06,145 - __main__ - INFO - 🚀 Model update submitted successfully.
[34;1mclient_009_1  |[0m 2026-02-01 16:25:06,145 - __main__ - INFO - Update submitted for Round 37. Waiting...
[33;1mclient_006_1  |[0m 2026-02-01 16:25:06,398 - __main__ - INFO - Round 37 finished. Loss: 0.0000, Acc: 0.00%
[33mserver_1      |[0m INFO:__main__:Received update from client_006
[33mserver_1      |[0m INFO:werkzeug:172.18.0.21 - - [01/Feb/2026 16:25:06] "POST /submit_update HTTP/1.1" 200 -
[33;1mclient_006_1  |[0m 2026-02-01 16:25:06,535 - __main__ - INFO - 🚀 Model update submitted successfully.
[33;1mclient_006_1  |[0m 2026-02-01 16:25:06,535 - __main__ - INFO - Update submitted for Round 37. Waiting...
[36mclient_010_1  |[0m 2026-02-01 16:25:07,005 - __main__ - INFO - Round 37 finished. Loss: 0.0000, Acc: 0.00%
[33mserver_1      |[0m INFO:__main__:Received update from client_010
[33mserver_1      |[0m INFO:werkzeug:172.18.0.8 - - [01/Feb/2026 16:25:07] "POST /submit_update HTTP/1.1" 200 -
[36mclient_010_1  |[0m 2026-02-01 16:25:07,203 - __main__ - INFO - 🚀 Model update submitted successfully.
[36mclient_010_1  |[0m 2026-02-01 16:25:07,203 - __main__ - INFO - Update submitted for Round 37. Waiting...
[35;1mclient_008_1  |[0m 2026-02-01 16:25:07,997 - __main__ - INFO - --- New Round Detected: 38 ---
[33mserver_1      |[0m INFO:werkzeug:172.18.0.15 - - [01/Feb/2026 16:25:08] "GET /download_model?round=38 HTTP/1.1" 200 -
[32mclient_002_1  |[0m 2026-02-01 16:25:08,554 - __main__ - INFO - Round 37 finished. Loss: 0.0000, Acc: 0.00%
[33mserver_1      |[0m INFO:__main__:Received update from client_002
[33mserver_1      |[0m INFO:werkzeug:172.18.0.6 - - [01/Feb/2026 16:25:08] "POST /submit_update HTTP/1.1" 200 -
[32mclient_002_1  |[0m 2026-02-01 16:25:08,688 - __main__ - INFO - 🚀 Model update submitted successfully.
[32mclient_002_1  |[0m 2026-02-01 16:25:08,688 - __main__ - INFO - Update submitted for Round 37. Waiting...
[35;1mclient_008_1  |[0m 2026-02-01 16:25:09,645 - __main__ - INFO - Round 38 finished. Loss: 0.0000, Acc: 0.00%
[33mserver_1      |[0m INFO:__main__:Received update from client_008
[33mserver_1      |[0m INFO:werkzeug:172.18.0.15 - - [01/Feb/2026 16:25:09] "POST /submit_update HTTP/1.1" 200 -
[35;1mclient_008_1  |[0m 2026-02-01 16:25:09,828 - __main__ - INFO - 🚀 Model update submitted successfully.
[35;1mclient_008_1  |[0m 2026-02-01 16:25:09,828 - __main__ - INFO - Update submitted for Round 38. Waiting...
[32;1mclient_007_1  |[0m 2026-02-01 16:25:10,586 - __main__ - INFO - --- New Round Detected: 38 ---
[33mserver_1      |[0m INFO:werkzeug:172.18.0.18 - - [01/Feb/2026 16:25:10] "GET /download_model?round=38 HTTP/1.1" 200 -
[35mclient_003_1  |[0m 2026-02-01 16:25:12,925 - __main__ - INFO - --- New Round Detected: 38 ---
[33mserver_1      |[0m INFO:werkzeug:172.18.0.19 - - [01/Feb/2026 16:25:12] "GET /download_model?round=38 HTTP/1.1" 200 -
[36;1mclient_005_1  |[0m 2026-02-01 16:25:14,661 - __main__ - INFO - --- New Round Detected: 38 ---
[33mserver_1      |[0m INFO:werkzeug:172.18.0.14 - - [01/Feb/2026 16:25:14] "GET /download_model?round=38 HTTP/1.1" 200 -
[34mclient_004_1  |[0m 2026-02-01 16:25:15,748 - __main__ - INFO - --- New Round Detected: 38 ---
[33mserver_1      |[0m INFO:werkzeug:172.18.0.9 - - [01/Feb/2026 16:25:15] "GET /download_model?round=38 HTTP/1.1" 200 -
[34;1mclient_009_1  |[0m 2026-02-01 16:25:16,207 - __main__ - INFO - --- New Round Detected: 38 ---
[33mclient_001_1  |[0m 2026-02-01 16:25:16,223 - __main__ - INFO - --- New Round Detected: 38 ---
[33mserver_1      |[0m INFO:werkzeug:172.18.0.22 - - [01/Feb/2026 16:25:16] "GET /download_model?round=38 HTTP/1.1" 200 -
[33mserver_1      |[0m INFO:werkzeug:172.18.0.20 - - [01/Feb/2026 16:25:16] "GET /download_model?round=38 HTTP/1.1" 200 -
[32;1mclient_007_1  |[0m 2026-02-01 16:25:16,339 - __main__ - INFO - Round 38 finished. Loss: 0.0000, Acc: 0.00%
[33mserver_1      |[0m INFO:__main__:Received update from client_007
[33mserver_1      |[0m INFO:__main__:--- Aggregating 5 updates ---
[33mserver_1      |[0m INFO:__main__:⚡ Using Custom Aggregator with Drift Metric...
[33mserver_1      |[0m INFO:server.aggregator:Starting FedAvg aggregation for 5 clients.
[33;1mclient_006_1  |[0m 2026-02-01 16:25:16,625 - __main__ - INFO - --- New Round Detected: 38 ---
[33mserver_1      |[0m INFO:werkzeug:172.18.0.21 - - [01/Feb/2026 16:25:16] "GET /download_model?round=38 HTTP/1.1" 200 -
[36;1mclient_005_1  |[0m 2026-02-01 16:25:16,895 - __main__ - INFO - Round 38 finished. Loss: 0.0000, Acc: 0.00%
[33mserver_1      |[0m INFO:werkzeug:172.18.0.14 - - [01/Feb/2026 16:25:16] "[31m[1mPOST /submit_update HTTP/1.1[0m" 400 -
[36;1mclient_005_1  |[0m 2026-02-01 16:25:16,963 - __main__ - ERROR - Update submission failed: {"error":"Not accepting updates"}
[36;1mclient_005_1  |[0m 
[36;1mclient_005_1  |[0m 2026-02-01 16:25:16,963 - __main__ - INFO - Update submitted for Round 38. Waiting...
[36mclient_010_1  |[0m 2026-02-01 16:25:17,301 - __main__ - INFO - --- New Round Detected: 38 ---
[33mserver_1      |[0m INFO:werkzeug:172.18.0.8 - - [01/Feb/2026 16:25:17] "GET /download_model?round=38 HTTP/1.1" 200 -
[35mclient_003_1  |[0m 2026-02-01 16:25:18,022 - __main__ - INFO - Round 38 finished. Loss: 0.0000, Acc: 0.00%
[33mserver_1      |[0m INFO:werkzeug:172.18.0.19 - - [01/Feb/2026 16:25:18] "[31m[1mPOST /submit_update HTTP/1.1[0m" 400 -
[35mclient_003_1  |[0m 2026-02-01 16:25:18,110 - __main__ - ERROR - Update submission failed: {"error":"Not accepting updates"}
[35mclient_003_1  |[0m 
[35mclient_003_1  |[0m 2026-02-01 16:25:18,110 - __main__ - INFO - Update submitted for Round 38. Waiting...
[34;1mclient_009_1  |[0m 2026-02-01 16:25:18,343 - __main__ - INFO - Round 38 finished. Loss: 0.0000, Acc: 0.00%
[33mserver_1      |[0m INFO:werkzeug:172.18.0.22 - - [01/Feb/2026 16:25:18] "[31m[1mPOST /submit_update HTTP/1.1[0m" 400 -
[34;1mclient_009_1  |[0m 2026-02-01 16:25:18,407 - __main__ - ERROR - Update submission failed: {"error":"Not accepting updates"}
[34;1mclient_009_1  |[0m 
[34;1mclient_009_1  |[0m 2026-02-01 16:25:18,407 - __main__ - INFO - Update submitted for Round 38. Waiting...
[33mclient_001_1  |[0m 2026-02-01 16:25:18,803 - __main__ - INFO - Round 38 finished. Loss: 0.0000, Acc: 0.00%
[33mserver_1      |[0m INFO:werkzeug:172.18.0.20 - - [01/Feb/2026 16:25:18] "[31m[1mPOST /submit_update HTTP/1.1[0m" 400 -
[32mclient_002_1  |[0m 2026-02-01 16:25:18,871 - __main__ - INFO - --- New Round Detected: 38 ---
[33mclient_001_1  |[0m 2026-02-01 16:25:18,894 - __main__ - ERROR - Update submission failed: {"error":"Not accepting updates"}
[33mclient_001_1  |[0m 
[33mclient_001_1  |[0m 2026-02-01 16:25:18,894 - __main__ - INFO - Update submitted for Round 38. Waiting...
[33mserver_1      |[0m INFO:werkzeug:172.18.0.6 - - [01/Feb/2026 16:25:18] "GET /download_model?round=38 HTTP/1.1" 200 -
[33mserver_1      |[0m INFO:server.aggregator:--- [METRIC] Weight Divergence: 1.6880
[33mserver_1      |[0m INFO:server.aggregator:FedAvg aggregation complete.
[33mserver_1      |[0m INFO:__main__:Aggregation complete.
[33mserver_1      |[0m ⏱️ [TIME] Client client_006 finished training in 2.71s
[33mserver_1      |[0m ⏱️ [TIME] Client client_010 finished training in 4.30s
[33mserver_1      |[0m ⏱️ [TIME] Client client_002 finished training in 2.46s
[33mserver_1      |[0m ⏱️ [TIME] Client client_008 finished training in 1.46s
[33mserver_1      |[0m ⏱️ [TIME] Client client_007 finished training in 5.54s
[33mserver_1      |[0m DEBUG: ⚠️ MY CUSTOM AGGREGATOR IS RUNNING ⚠️
[36mclient_010_1  |[0m 2026-02-01 16:25:20,182 - __main__ - INFO - Round 38 finished. Loss: 0.0000, Acc: 0.00%
[33mserver_1      |[0m INFO:werkzeug:172.18.0.8 - - [01/Feb/2026 16:25:20] "[31m[1mPOST /submit_update HTTP/1.1[0m" 400 -
[34mclient_004_1  |[0m 2026-02-01 16:25:20,433 - __main__ - INFO - Round 38 finished. Loss: 0.0000, Acc: 0.00%
[36mclient_010_1  |[0m 2026-02-01 16:25:20,445 - __main__ - ERROR - Update submission failed: {"error":"Not accepting updates"}
[36mclient_010_1  |[0m 
[36mclient_010_1  |[0m 2026-02-01 16:25:20,445 - __main__ - INFO - Update submitted for Round 38. Waiting...
[33mserver_1      |[0m INFO:werkzeug:172.18.0.9 - - [01/Feb/2026 16:25:20] "[31m[1mPOST /submit_update HTTP/1.1[0m" 400 -
[34mclient_004_1  |[0m 2026-02-01 16:25:20,574 - __main__ - ERROR - Update submission failed: {"error":"Not accepting updates"}
[34mclient_004_1  |[0m 
[34mclient_004_1  |[0m 2026-02-01 16:25:20,574 - __main__ - INFO - Update submitted for Round 38. Waiting...
[33mserver_1      |[0m INFO:werkzeug:172.18.0.6 - - [01/Feb/2026 16:25:21] "[31m[1mPOST /submit_update HTTP/1.1[0m" 400 -
[32mclient_002_1  |[0m 2026-02-01 16:25:21,697 - __main__ - INFO - Round 38 finished. Loss: 0.0000, Acc: 0.00%
[32mclient_002_1  |[0m 2026-02-01 16:25:21,764 - __main__ - ERROR - Update submission failed: {"error":"Not accepting updates"}
[32mclient_002_1  |[0m 
[32mclient_002_1  |[0m 2026-02-01 16:25:21,764 - __main__ - INFO - Update submitted for Round 38. Waiting...
[33mserver_1      |[0m INFO:__main__:💾 Saving metrics to results/metrics.csv...
[33mserver_1      |[0m INFO:__main__:--- Round 38 Acc: 51.29%, Loss: 1.3344 ---
[33mserver_1      |[0m INFO:__main__:--- Starting Round 39. Timeout: 600s ---
[33mserver_1      |[0m INFO:werkzeug:172.18.0.18 - - [01/Feb/2026 16:25:21] "POST /submit_update HTTP/1.1" 200 -
[32;1mclient_007_1  |[0m 2026-02-01 16:25:21,820 - __main__ - INFO - 🚀 Model update submitted successfully.
[32;1mclient_007_1  |[0m 2026-02-01 16:25:21,821 - __main__ - INFO - Update submitted for Round 38. Waiting...
[33;1mclient_006_1  |[0m 2026-02-01 16:25:21,865 - __main__ - INFO - Round 38 finished. Loss: 0.0000, Acc: 0.00%
[33mserver_1      |[0m INFO:__main__:Received update from client_006
[33mserver_1      |[0m INFO:werkzeug:172.18.0.21 - - [01/Feb/2026 16:25:21] "POST /submit_update HTTP/1.1" 200 -
[33;1mclient_006_1  |[0m 2026-02-01 16:25:22,020 - __main__ - INFO - 🚀 Model update submitted successfully.
[33;1mclient_006_1  |[0m 2026-02-01 16:25:22,020 - __main__ - INFO - Update submitted for Round 38. Waiting...
[36;1mclient_005_1  |[0m 2026-02-01 16:25:27,036 - __main__ - INFO - --- New Round Detected: 39 ---
[33mserver_1      |[0m INFO:werkzeug:172.18.0.14 - - [01/Feb/2026 16:25:27] "GET /download_model?round=39 HTTP/1.1" 200 -
[35mclient_003_1  |[0m 2026-02-01 16:25:28,188 - __main__ - INFO - --- New Round Detected: 39 ---
[33mserver_1      |[0m INFO:werkzeug:172.18.0.19 - - [01/Feb/2026 16:25:28] "GET /download_model?round=39 HTTP/1.1" 200 -
[34;1mclient_009_1  |[0m 2026-02-01 16:25:28,487 - __main__ - INFO - --- New Round Detected: 39 ---
[33mserver_1      |[0m INFO:werkzeug:172.18.0.22 - - [01/Feb/2026 16:25:28] "GET /download_model?round=39 HTTP/1.1" 200 -
[36;1mclient_005_1  |[0m 2026-02-01 16:25:28,603 - __main__ - INFO - Round 39 finished. Loss: 0.0000, Acc: 0.00%
[33mserver_1      |[0m INFO:__main__:Received update from client_005
[33mserver_1      |[0m INFO:werkzeug:172.18.0.14 - - [01/Feb/2026 16:25:28] "POST /submit_update HTTP/1.1" 200 -
[36;1mclient_005_1  |[0m 2026-02-01 16:25:28,740 - __main__ - INFO - 🚀 Model update submitted successfully.
[36;1mclient_005_1  |[0m 2026-02-01 16:25:28,740 - __main__ - INFO - Update submitted for Round 39. Waiting...
[33mclient_001_1  |[0m 2026-02-01 16:25:29,002 - __main__ - INFO - --- New Round Detected: 39 ---
[33mserver_1      |[0m INFO:werkzeug:172.18.0.20 - - [01/Feb/2026 16:25:29] "GET /download_model?round=39 HTTP/1.1" 200 -
[35;1mclient_008_1  |[0m 2026-02-01 16:25:30,254 - __main__ - INFO - --- New Round Detected: 39 ---
[33mserver_1      |[0m INFO:werkzeug:172.18.0.15 - - [01/Feb/2026 16:25:30] "GET /download_model?round=39 HTTP/1.1" 200 -
[36mclient_010_1  |[0m 2026-02-01 16:25:30,518 - __main__ - INFO - --- New Round Detected: 39 ---
[33mserver_1      |[0m INFO:werkzeug:172.18.0.8 - - [01/Feb/2026 16:25:30] "GET /download_model?round=39 HTTP/1.1" 200 -
[34mclient_004_1  |[0m 2026-02-01 16:25:30,661 - __main__ - INFO - --- New Round Detected: 39 ---
[33mserver_1      |[0m INFO:werkzeug:172.18.0.9 - - [01/Feb/2026 16:25:30] "GET /download_model?round=39 HTTP/1.1" 200 -
[33mclient_001_1  |[0m 2026-02-01 16:25:30,730 - __main__ - INFO - Round 39 finished. Loss: 0.0000, Acc: 0.00%
[33mserver_1      |[0m INFO:__main__:Received update from client_001
[33mserver_1      |[0m INFO:werkzeug:172.18.0.20 - - [01/Feb/2026 16:25:30] "POST /submit_update HTTP/1.1" 200 -
[33mclient_001_1  |[0m 2026-02-01 16:25:30,925 - __main__ - INFO - 🚀 Model update submitted successfully.
[33mclient_001_1  |[0m 2026-02-01 16:25:30,925 - __main__ - INFO - Update submitted for Round 39. Waiting...
[34;1mclient_009_1  |[0m 2026-02-01 16:25:31,335 - __main__ - INFO - Round 39 finished. Loss: 0.0000, Acc: 0.00%
[33mserver_1      |[0m INFO:__main__:Received update from client_009
[33mserver_1      |[0m INFO:werkzeug:172.18.0.22 - - [01/Feb/2026 16:25:31] "POST /submit_update HTTP/1.1" 200 -
[34;1mclient_009_1  |[0m 2026-02-01 16:25:31,547 - __main__ - INFO - 🚀 Model update submitted successfully.
[34;1mclient_009_1  |[0m 2026-02-01 16:25:31,547 - __main__ - INFO - Update submitted for Round 39. Waiting...
[32mclient_002_1  |[0m 2026-02-01 16:25:31,826 - __main__ - INFO - --- New Round Detected: 39 ---
[33mserver_1      |[0m INFO:werkzeug:172.18.0.6 - - [01/Feb/2026 16:25:31] "GET /download_model?round=39 HTTP/1.1" 200 -
[32;1mclient_007_1  |[0m 2026-02-01 16:25:31,929 - __main__ - INFO - --- New Round Detected: 39 ---
[33mserver_1      |[0m INFO:werkzeug:172.18.0.18 - - [01/Feb/2026 16:25:31] "GET /download_model?round=39 HTTP/1.1" 200 -
[35mclient_003_1  |[0m 2026-02-01 16:25:32,050 - __main__ - INFO - Round 39 finished. Loss: 0.0000, Acc: 0.00%
[33mserver_1      |[0m INFO:werkzeug:172.18.0.21 - - [01/Feb/2026 16:25:32] "GET /download_model?round=39 HTTP/1.1" 200 -
[33mserver_1      |[0m INFO:__main__:Received update from client_003
[33mserver_1      |[0m INFO:__main__:--- Aggregating 5 updates ---
[33mserver_1      |[0m INFO:__main__:⚡ Using Custom Aggregator with Drift Metric...
[33mserver_1      |[0m INFO:server.aggregator:Starting FedAvg aggregation for 5 clients.
[33;1mclient_006_1  |[0m 2026-02-01 16:25:32,081 - __main__ - INFO - --- New Round Detected: 39 ---
[35;1mclient_008_1  |[0m 2026-02-01 16:25:32,875 - __main__ - INFO - Round 39 finished. Loss: 0.0000, Acc: 0.00%
[33mserver_1      |[0m INFO:werkzeug:172.18.0.15 - - [01/Feb/2026 16:25:32] "[31m[1mPOST /submit_update HTTP/1.1[0m" 400 -
[35;1mclient_008_1  |[0m 2026-02-01 16:25:32,964 - __main__ - ERROR - Update submission failed: {"error":"Not accepting updates"}
[35;1mclient_008_1  |[0m 
[35;1mclient_008_1  |[0m 2026-02-01 16:25:32,965 - __main__ - INFO - Update submitted for Round 39. Waiting...
[36mclient_010_1  |[0m 2026-02-01 16:25:33,349 - __main__ - INFO - Round 39 finished. Loss: 0.0000, Acc: 0.00%
[33mserver_1      |[0m INFO:werkzeug:172.18.0.8 - - [01/Feb/2026 16:25:33] "[31m[1mPOST /submit_update HTTP/1.1[0m" 400 -
[36mclient_010_1  |[0m 2026-02-01 16:25:33,524 - __main__ - ERROR - Update submission failed: {"error":"Not accepting updates"}
[36mclient_010_1  |[0m 
[36mclient_010_1  |[0m 2026-02-01 16:25:33,524 - __main__ - INFO - Update submitted for Round 39. Waiting...
[33mserver_1      |[0m INFO:server.aggregator:--- [METRIC] Weight Divergence: 1.6908
[33mserver_1      |[0m INFO:server.aggregator:FedAvg aggregation complete.
[33mserver_1      |[0m INFO:__main__:Aggregation complete.
[34mclient_004_1  |[0m 2026-02-01 16:25:35,175 - __main__ - INFO - Round 39 finished. Loss: 0.0000, Acc: 0.00%
[33mserver_1      |[0m INFO:werkzeug:172.18.0.9 - - [01/Feb/2026 16:25:35] "[31m[1mPOST /submit_update HTTP/1.1[0m" 400 -
[34mclient_004_1  |[0m 2026-02-01 16:25:35,250 - __main__ - ERROR - Update submission failed: {"error":"Not accepting updates"}
[34mclient_004_1  |[0m 
[34mclient_004_1  |[0m 2026-02-01 16:25:35,250 - __main__ - INFO - Update submitted for Round 39. Waiting...
[33mserver_1      |[0m ⏱️ [TIME] Client client_006 finished training in 5.01s
[33mserver_1      |[0m ⏱️ [TIME] Client client_005 finished training in 1.38s
[33mserver_1      |[0m ⏱️ [TIME] Client client_001 finished training in 1.52s
[33mserver_1      |[0m ⏱️ [TIME] Client client_009 finished training in 2.60s
[33mserver_1      |[0m ⏱️ [TIME] Client client_003 finished training in 3.66s
[33mserver_1      |[0m DEBUG: ⚠️ MY CUSTOM AGGREGATOR IS RUNNING ⚠️
[32mclient_002_1  |[0m 2026-02-01 16:25:35,912 - __main__ - INFO - Round 39 finished. Loss: 0.0000, Acc: 0.00%
[33mserver_1      |[0m INFO:werkzeug:172.18.0.6 - - [01/Feb/2026 16:25:35] "[31m[1mPOST /submit_update HTTP/1.1[0m" 400 -
[32mclient_002_1  |[0m 2026-02-01 16:25:35,989 - __main__ - ERROR - Update submission failed: {"error":"Not accepting updates"}
[32mclient_002_1  |[0m 
[32mclient_002_1  |[0m 2026-02-01 16:25:35,990 - __main__ - INFO - Update submitted for Round 39. Waiting...
[33;1mclient_006_1  |[0m 2026-02-01 16:25:37,248 - __main__ - INFO - Round 39 finished. Loss: 0.0000, Acc: 0.00%
[33mserver_1      |[0m INFO:werkzeug:172.18.0.21 - - [01/Feb/2026 16:25:37] "[31m[1mPOST /submit_update HTTP/1.1[0m" 400 -
[33;1mclient_006_1  |[0m 2026-02-01 16:25:37,316 - __main__ - ERROR - Update submission failed: {"error":"Not accepting updates"}
[33;1mclient_006_1  |[0m 
[33;1mclient_006_1  |[0m 2026-02-01 16:25:37,316 - __main__ - INFO - Update submitted for Round 39. Waiting...
[33mserver_1      |[0m INFO:__main__:💾 Saving metrics to results/metrics.csv...
[33mserver_1      |[0m INFO:__main__:--- Round 39 Acc: 56.40%, Loss: 1.2470 ---
[33mserver_1      |[0m INFO:__main__:--- Starting Round 40. Timeout: 600s ---
[33mserver_1      |[0m INFO:werkzeug:172.18.0.19 - - [01/Feb/2026 16:25:37] "POST /submit_update HTTP/1.1" 200 -
[35mclient_003_1  |[0m 2026-02-01 16:25:37,510 - __main__ - INFO - 🚀 Model update submitted successfully.
[35mclient_003_1  |[0m 2026-02-01 16:25:37,510 - __main__ - INFO - Update submitted for Round 39. Waiting...
[32;1mclient_007_1  |[0m 2026-02-01 16:25:38,144 - __main__ - INFO - Round 39 finished. Loss: 0.0000, Acc: 0.00%
[32;1mclient_007_1  |[0m 2026-02-01 16:25:38,281 - __main__ - INFO - 🚀 Model update submitted successfully.
[32;1mclient_007_1  |[0m 2026-02-01 16:25:38,281 - __main__ - INFO - Update submitted for Round 39. Waiting...
[33mserver_1      |[0m INFO:__main__:Received update from client_007
[33mserver_1      |[0m INFO:werkzeug:172.18.0.18 - - [01/Feb/2026 16:25:38] "POST /submit_update HTTP/1.1" 200 -
[36;1mclient_005_1  |[0m 2026-02-01 16:25:38,803 - __main__ - INFO - --- New Round Detected: 40 ---
[33mserver_1      |[0m INFO:werkzeug:172.18.0.14 - - [01/Feb/2026 16:25:38] "GET /download_model?round=40 HTTP/1.1" 200 -
[36;1mclient_005_1  |[0m 2026-02-01 16:25:40,156 - __main__ - INFO - Round 40 finished. Loss: 0.0000, Acc: 0.00%
[33mserver_1      |[0m INFO:__main__:Received update from client_005
[33mserver_1      |[0m INFO:werkzeug:172.18.0.14 - - [01/Feb/2026 16:25:40] "POST /submit_update HTTP/1.1" 200 -
[36;1mclient_005_1  |[0m 2026-02-01 16:25:40,291 - __main__ - INFO - 🚀 Model update submitted successfully.
[36;1mclient_005_1  |[0m 2026-02-01 16:25:40,292 - __main__ - INFO - Update submitted for Round 40. Waiting...
[33mserver_1      |[0m INFO:werkzeug:172.18.0.20 - - [01/Feb/2026 16:25:41] "GET /download_model?round=40 HTTP/1.1" 200 -
[33mclient_001_1  |[0m 2026-02-01 16:25:41,034 - __main__ - INFO - --- New Round Detected: 40 ---
[34;1mclient_009_1  |[0m 2026-02-01 16:25:41,609 - __main__ - INFO - --- New Round Detected: 40 ---
[33mserver_1      |[0m INFO:werkzeug:172.18.0.22 - - [01/Feb/2026 16:25:41] "GET /download_model?round=40 HTTP/1.1" 200 -
[33mclient_001_1  |[0m 2026-02-01 16:25:42,751 - __main__ - INFO - Round 40 finished. Loss: 0.0000, Acc: 0.00%
[33mserver_1      |[0m INFO:__main__:Received update from client_001
[33mserver_1      |[0m INFO:werkzeug:172.18.0.20 - - [01/Feb/2026 16:25:42] "POST /submit_update HTTP/1.1" 200 -
[33mclient_001_1  |[0m 2026-02-01 16:25:42,893 - __main__ - INFO - 🚀 Model update submitted successfully.
[33mclient_001_1  |[0m 2026-02-01 16:25:42,893 - __main__ - INFO - Update submitted for Round 40. Waiting...
[35;1mclient_008_1  |[0m 2026-02-01 16:25:43,036 - __main__ - INFO - --- New Round Detected: 40 ---
[33mserver_1      |[0m INFO:werkzeug:172.18.0.15 - - [01/Feb/2026 16:25:43] "GET /download_model?round=40 HTTP/1.1" 200 -
[36mclient_010_1  |[0m 2026-02-01 16:25:43,619 - __main__ - INFO - --- New Round Detected: 40 ---
[33mserver_1      |[0m INFO:werkzeug:172.18.0.8 - - [01/Feb/2026 16:25:43] "GET /download_model?round=40 HTTP/1.1" 200 -
[34;1mclient_009_1  |[0m 2026-02-01 16:25:44,933 - __main__ - INFO - Round 40 finished. Loss: 0.0000, Acc: 0.00%
[33mserver_1      |[0m INFO:__main__:Received update from client_009
[33mserver_1      |[0m INFO:werkzeug:172.18.0.22 - - [01/Feb/2026 16:25:45] "POST /submit_update HTTP/1.1" 200 -
[34;1mclient_009_1  |[0m 2026-02-01 16:25:45,089 - __main__ - INFO - 🚀 Model update submitted successfully.
[34;1mclient_009_1  |[0m 2026-02-01 16:25:45,090 - __main__ - INFO - Update submitted for Round 40. Waiting...
[34mclient_004_1  |[0m 2026-02-01 16:25:45,314 - __main__ - INFO - --- New Round Detected: 40 ---
[33mserver_1      |[0m INFO:werkzeug:172.18.0.9 - - [01/Feb/2026 16:25:45] "GET /download_model?round=40 HTTP/1.1" 200 -
[35;1mclient_008_1  |[0m 2026-02-01 16:25:45,770 - __main__ - INFO - Round 40 finished. Loss: 0.0000, Acc: 0.00%
[33mserver_1      |[0m INFO:__main__:Received update from client_008
[33mserver_1      |[0m INFO:__main__:--- Aggregating 5 updates ---
[33mserver_1      |[0m INFO:__main__:⚡ Using Custom Aggregator with Drift Metric...
[33mserver_1      |[0m INFO:server.aggregator:Starting FedAvg aggregation for 5 clients.
[32mclient_002_1  |[0m 2026-02-01 16:25:46,052 - __main__ - INFO - --- New Round Detected: 40 ---
[33mserver_1      |[0m INFO:werkzeug:172.18.0.6 - - [01/Feb/2026 16:25:46] "GET /download_model?round=40 HTTP/1.1" 200 -
[36mclient_010_1  |[0m 2026-02-01 16:25:47,246 - __main__ - INFO - Round 40 finished. Loss: 0.0000, Acc: 0.00%
[33mserver_1      |[0m INFO:werkzeug:172.18.0.8 - - [01/Feb/2026 16:25:47] "[31m[1mPOST /submit_update HTTP/1.1[0m" 400 -
[36mclient_010_1  |[0m 2026-02-01 16:25:47,317 - __main__ - ERROR - Update submission failed: {"error":"Not accepting updates"}
[36mclient_010_1  |[0m 
[36mclient_010_1  |[0m 2026-02-01 16:25:47,318 - __main__ - INFO - Update submitted for Round 40. Waiting...
[33;1mclient_006_1  |[0m 2026-02-01 16:25:47,493 - __main__ - INFO - --- New Round Detected: 40 ---
[33mserver_1      |[0m INFO:werkzeug:172.18.0.21 - - [01/Feb/2026 16:25:47] "GET /download_model?round=40 HTTP/1.1" 200 -
[35mclient_003_1  |[0m 2026-02-01 16:25:47,589 - __main__ - INFO - --- New Round Detected: 40 ---
[33mserver_1      |[0m INFO:werkzeug:172.18.0.19 - - [01/Feb/2026 16:25:47] "GET /download_model?round=40 HTTP/1.1" 200 -
[32;1mclient_007_1  |[0m 2026-02-01 16:25:48,351 - __main__ - INFO - --- New Round Detected: 40 ---
[33mserver_1      |[0m INFO:werkzeug:172.18.0.18 - - [01/Feb/2026 16:25:48] "GET /download_model?round=40 HTTP/1.1" 200 -
[33mserver_1      |[0m INFO:server.aggregator:--- [METRIC] Weight Divergence: 1.6291
[33mserver_1      |[0m INFO:server.aggregator:FedAvg aggregation complete.
[33mserver_1      |[0m INFO:__main__:Aggregation complete.
[33mserver_1      |[0m ⏱️ [TIME] Client client_007 finished training in 5.96s
[33mserver_1      |[0m ⏱️ [TIME] Client client_005 finished training in 1.14s
[33mserver_1      |[0m ⏱️ [TIME] Client client_001 finished training in 1.52s
[33mserver_1      |[0m ⏱️ [TIME] Client client_009 finished training in 3.13s
[33mserver_1      |[0m ⏱️ [TIME] Client client_008 finished training in 2.50s
[33mserver_1      |[0m DEBUG: ⚠️ MY CUSTOM AGGREGATOR IS RUNNING ⚠️
[33mserver_1      |[0m INFO:__main__:💾 Saving metrics to results/metrics.csv...
[33mserver_1      |[0m INFO:__main__:--- Round 40 Acc: 56.16%, Loss: 1.2232 ---
[33mserver_1      |[0m INFO:__main__:--- Starting Round 41. Timeout: 600s ---
[33mserver_1      |[0m INFO:werkzeug:172.18.0.15 - - [01/Feb/2026 16:25:50] "POST /submit_update HTTP/1.1" 200 -
[32mclient_002_1  |[0m 2026-02-01 16:25:50,188 - __main__ - INFO - Round 40 finished. Loss: 0.0000, Acc: 0.00%
[34mclient_004_1  |[0m 2026-02-01 16:25:50,199 - __main__ - INFO - Round 40 finished. Loss: 0.0000, Acc: 0.00%
[35;1mclient_008_1  |[0m 2026-02-01 16:25:50,207 - __main__ - INFO - 🚀 Model update submitted successfully.
[35;1mclient_008_1  |[0m 2026-02-01 16:25:50,208 - __main__ - INFO - Update submitted for Round 40. Waiting...
[33mserver_1      |[0m INFO:__main__:Received update from client_002
[33mserver_1      |[0m INFO:werkzeug:172.18.0.6 - - [01/Feb/2026 16:25:50] "POST /submit_update HTTP/1.1" 200 -
[32mclient_002_1  |[0m 2026-02-01 16:25:50,326 - __main__ - INFO - 🚀 Model update submitted successfully.
[32mclient_002_1  |[0m 2026-02-01 16:25:50,326 - __main__ - INFO - Update submitted for Round 40. Waiting...
[33mserver_1      |[0m INFO:__main__:Received update from client_004
[33mserver_1      |[0m INFO:werkzeug:172.18.0.9 - - [01/Feb/2026 16:25:50] "POST /submit_update HTTP/1.1" 200 -
[34mclient_004_1  |[0m 2026-02-01 16:25:50,366 - __main__ - INFO - 🚀 Model update submitted successfully.
[34mclient_004_1  |[0m 2026-02-01 16:25:50,366 - __main__ - INFO - Update submitted for Round 40. Waiting...
[36;1mclient_005_1  |[0m 2026-02-01 16:25:50,424 - __main__ - INFO - --- New Round Detected: 41 ---
[33mserver_1      |[0m INFO:werkzeug:172.18.0.14 - - [01/Feb/2026 16:25:50] "GET /download_model?round=41 HTTP/1.1" 200 -
[33;1mclient_006_1  |[0m 2026-02-01 16:25:52,196 - __main__ - INFO - Round 40 finished. Loss: 0.0000, Acc: 0.00%
[33mserver_1      |[0m INFO:__main__:Received update from client_006
[33mserver_1      |[0m INFO:werkzeug:172.18.0.21 - - [01/Feb/2026 16:25:52] "POST /submit_update HTTP/1.1" 200 -
[33;1mclient_006_1  |[0m 2026-02-01 16:25:52,383 - __main__ - INFO - 🚀 Model update submitted successfully.
[33;1mclient_006_1  |[0m 2026-02-01 16:25:52,383 - __main__ - INFO - Update submitted for Round 40. Waiting...
[36;1mclient_005_1  |[0m 2026-02-01 16:25:52,648 - __main__ - INFO - Round 41 finished. Loss: 0.0000, Acc: 0.00%
[33mserver_1      |[0m INFO:__main__:Received update from client_005
[33mserver_1      |[0m INFO:werkzeug:172.18.0.14 - - [01/Feb/2026 16:25:52] "POST /submit_update HTTP/1.1" 200 -
[36;1mclient_005_1  |[0m 2026-02-01 16:25:52,785 - __main__ - INFO - 🚀 Model update submitted successfully.
[36;1mclient_005_1  |[0m 2026-02-01 16:25:52,786 - __main__ - INFO - Update submitted for Round 41. Waiting...
[33mclient_001_1  |[0m 2026-02-01 16:25:52,958 - __main__ - INFO - --- New Round Detected: 41 ---
[33mserver_1      |[0m INFO:werkzeug:172.18.0.20 - - [01/Feb/2026 16:25:52] "GET /download_model?round=41 HTTP/1.1" 200 -
[35mclient_003_1  |[0m 2026-02-01 16:25:53,604 - __main__ - INFO - Round 40 finished. Loss: 0.0000, Acc: 0.00%
[33mserver_1      |[0m INFO:__main__:Received update from client_003
[33mserver_1      |[0m INFO:__main__:--- Aggregating 5 updates ---
[33mserver_1      |[0m INFO:__main__:⚡ Using Custom Aggregator with Drift Metric...
[33mserver_1      |[0m INFO:server.aggregator:Starting FedAvg aggregation for 5 clients.
[32;1mclient_007_1  |[0m 2026-02-01 16:25:54,004 - __main__ - INFO - Round 40 finished. Loss: 0.0000, Acc: 0.00%
[33mserver_1      |[0m INFO:werkzeug:172.18.0.18 - - [01/Feb/2026 16:25:54] "[31m[1mPOST /submit_update HTTP/1.1[0m" 400 -
[32;1mclient_007_1  |[0m 2026-02-01 16:25:54,072 - __main__ - ERROR - Update submission failed: {"error":"Not accepting updates"}
[32;1mclient_007_1  |[0m 
[32;1mclient_007_1  |[0m 2026-02-01 16:25:54,072 - __main__ - INFO - Update submitted for Round 40. Waiting...
[33mserver_1      |[0m INFO:werkzeug:172.18.0.22 - - [01/Feb/2026 16:25:55] "GET /download_model?round=41 HTTP/1.1" 200 -
[34;1mclient_009_1  |[0m 2026-02-01 16:25:55,162 - __main__ - INFO - --- New Round Detected: 41 ---
[33mclient_001_1  |[0m 2026-02-01 16:25:55,971 - __main__ - INFO - Round 41 finished. Loss: 0.0000, Acc: 0.00%
[33mserver_1      |[0m INFO:werkzeug:172.18.0.20 - - [01/Feb/2026 16:25:55] "[31m[1mPOST /submit_update HTTP/1.1[0m" 400 -
[33mclient_001_1  |[0m 2026-02-01 16:25:56,036 - __main__ - ERROR - Update submission failed: {"error":"Not accepting updates"}
[33mclient_001_1  |[0m 
[33mclient_001_1  |[0m 2026-02-01 16:25:56,036 - __main__ - INFO - Update submitted for Round 41. Waiting...
[33mserver_1      |[0m INFO:server.aggregator:--- [METRIC] Weight Divergence: 1.7202
[33mserver_1      |[0m INFO:server.aggregator:FedAvg aggregation complete.
[33mserver_1      |[0m INFO:__main__:Aggregation complete.
[33mserver_1      |[0m ⏱️ [TIME] Client client_002 finished training in 3.91s
[33mserver_1      |[0m ⏱️ [TIME] Client client_004 finished training in 4.66s
[33mserver_1      |[0m ⏱️ [TIME] Client client_006 finished training in 4.50s
[33mserver_1      |[0m ⏱️ [TIME] Client client_005 finished training in 1.99s
[33mserver_1      |[0m ⏱️ [TIME] Client client_003 finished training in 5.75s
[33mserver_1      |[0m DEBUG: ⚠️ MY CUSTOM AGGREGATOR IS RUNNING ⚠️
[35mclient_003_1  |[0m 2026-02-01 16:25:57,445 - __main__ - INFO - 🚀 Model update submitted successfully.
[35mclient_003_1  |[0m 2026-02-01 16:25:57,445 - __main__ - INFO - Update submitted for Round 40. Waiting...
[33mserver_1      |[0m INFO:__main__:💾 Saving metrics to results/metrics.csv...
[33mserver_1      |[0m INFO:__main__:--- Round 41 Acc: 58.00%, Loss: 1.1748 ---
[33mserver_1      |[0m INFO:__main__:--- Starting Round 42. Timeout: 600s ---
[33mserver_1      |[0m INFO:werkzeug:172.18.0.19 - - [01/Feb/2026 16:25:57] "POST /submit_update HTTP/1.1" 200 -
[33mserver_1      |[0m INFO:werkzeug:172.18.0.8 - - [01/Feb/2026 16:25:57] "GET /download_model?round=42 HTTP/1.1" 200 -
[36mclient_010_1  |[0m 2026-02-01 16:25:57,552 - __main__ - INFO - --- New Round Detected: 42 ---
[34;1mclient_009_1  |[0m 2026-02-01 16:25:57,783 - __main__ - INFO - Round 41 finished. Loss: 0.0000, Acc: 0.00%
[33mserver_1      |[0m INFO:__main__:Received update from client_009
[33mserver_1      |[0m INFO:werkzeug:172.18.0.22 - - [01/Feb/2026 16:25:57] "POST /submit_update HTTP/1.1" 200 -
[34;1mclient_009_1  |[0m 2026-02-01 16:25:57,945 - __main__ - INFO - 🚀 Model update submitted successfully.
[34;1mclient_009_1  |[0m 2026-02-01 16:25:57,945 - __main__ - INFO - Update submitted for Round 41. Waiting...
[35;1mclient_008_1  |[0m 2026-02-01 16:26:00,294 - __main__ - INFO - --- New Round Detected: 42 ---
[33mserver_1      |[0m INFO:werkzeug:172.18.0.15 - - [01/Feb/2026 16:26:00] "GET /download_model?round=42 HTTP/1.1" 200 -
[32mclient_002_1  |[0m 2026-02-01 16:26:00,407 - __main__ - INFO - --- New Round Detected: 42 ---
[33mserver_1      |[0m INFO:werkzeug:172.18.0.6 - - [01/Feb/2026 16:26:00] "GET /download_model?round=42 HTTP/1.1" 200 -
[34mclient_004_1  |[0m 2026-02-01 16:26:00,434 - __main__ - INFO - --- New Round Detected: 42 ---
[33mserver_1      |[0m INFO:werkzeug:172.18.0.9 - - [01/Feb/2026 16:26:00] "GET /download_model?round=42 HTTP/1.1" 200 -
[36mclient_010_1  |[0m 2026-02-01 16:26:01,218 - __main__ - INFO - Round 42 finished. Loss: 0.0000, Acc: 0.00%
[33mserver_1      |[0m INFO:__main__:Received update from client_010
[33mserver_1      |[0m INFO:werkzeug:172.18.0.8 - - [01/Feb/2026 16:26:01] "POST /submit_update HTTP/1.1" 200 -
[36mclient_010_1  |[0m 2026-02-01 16:26:01,355 - __main__ - INFO - 🚀 Model update submitted successfully.
[36mclient_010_1  |[0m 2026-02-01 16:26:01,355 - __main__ - INFO - Update submitted for Round 42. Waiting...
[33;1mclient_006_1  |[0m 2026-02-01 16:26:02,450 - __main__ - INFO - --- New Round Detected: 42 ---
[33mserver_1      |[0m INFO:werkzeug:172.18.0.21 - - [01/Feb/2026 16:26:02] "GET /download_model?round=42 HTTP/1.1" 200 -
[36;1mclient_005_1  |[0m 2026-02-01 16:26:02,855 - __main__ - INFO - --- New Round Detected: 42 ---
[33mserver_1      |[0m INFO:werkzeug:172.18.0.14 - - [01/Feb/2026 16:26:02] "GET /download_model?round=42 HTTP/1.1" 200 -
[34mclient_004_1  |[0m 2026-02-01 16:26:02,966 - __main__ - INFO - Round 42 finished. Loss: 0.0000, Acc: 0.00%
[33mserver_1      |[0m INFO:__main__:Received update from client_004
[33mserver_1      |[0m INFO:werkzeug:172.18.0.9 - - [01/Feb/2026 16:26:03] "POST /submit_update HTTP/1.1" 200 -
[34mclient_004_1  |[0m 2026-02-01 16:26:03,102 - __main__ - INFO - 🚀 Model update submitted successfully.
[34mclient_004_1  |[0m 2026-02-01 16:26:03,102 - __main__ - INFO - Update submitted for Round 42. Waiting...
[35;1mclient_008_1  |[0m 2026-02-01 16:26:03,243 - __main__ - INFO - Round 42 finished. Loss: 0.0000, Acc: 0.00%
[33mserver_1      |[0m INFO:__main__:Received update from client_008
[33mserver_1      |[0m INFO:werkzeug:172.18.0.15 - - [01/Feb/2026 16:26:03] "POST /submit_update HTTP/1.1" 200 -
[35;1mclient_008_1  |[0m 2026-02-01 16:26:03,380 - __main__ - INFO - 🚀 Model update submitted successfully.
[35;1mclient_008_1  |[0m 2026-02-01 16:26:03,380 - __main__ - INFO - Update submitted for Round 42. Waiting...
[32;1mclient_007_1  |[0m 2026-02-01 16:26:04,134 - __main__ - INFO - --- New Round Detected: 42 ---
[33mserver_1      |[0m INFO:werkzeug:172.18.0.18 - - [01/Feb/2026 16:26:04] "GET /download_model?round=42 HTTP/1.1" 200 -
[32mclient_002_1  |[0m 2026-02-01 16:26:04,410 - __main__ - INFO - Round 42 finished. Loss: 0.0000, Acc: 0.00%
[33mserver_1      |[0m INFO:__main__:Received update from client_002
[33mserver_1      |[0m INFO:__main__:--- Aggregating 5 updates ---
[33mserver_1      |[0m INFO:__main__:⚡ Using Custom Aggregator with Drift Metric...
[33mserver_1      |[0m INFO:server.aggregator:Starting FedAvg aggregation for 5 clients.
[33;1mclient_006_1  |[0m 2026-02-01 16:26:05,283 - __main__ - INFO - Round 42 finished. Loss: 0.0000, Acc: 0.00%
[33mserver_1      |[0m INFO:werkzeug:172.18.0.21 - - [01/Feb/2026 16:26:05] "[31m[1mPOST /submit_update HTTP/1.1[0m" 400 -
[33;1mclient_006_1  |[0m 2026-02-01 16:26:05,350 - __main__ - ERROR - Update submission failed: {"error":"Not accepting updates"}
[33;1mclient_006_1  |[0m 
[33;1mclient_006_1  |[0m 2026-02-01 16:26:05,350 - __main__ - INFO - Update submitted for Round 42. Waiting...
[36;1mclient_005_1  |[0m 2026-02-01 16:26:05,512 - __main__ - INFO - Round 42 finished. Loss: 0.0000, Acc: 0.00%
[33mserver_1      |[0m INFO:werkzeug:172.18.0.14 - - [01/Feb/2026 16:26:05] "[31m[1mPOST /submit_update HTTP/1.1[0m" 400 -
[36;1mclient_005_1  |[0m 2026-02-01 16:26:05,615 - __main__ - ERROR - Update submission failed: {"error":"Not accepting updates"}
[36;1mclient_005_1  |[0m 
[36;1mclient_005_1  |[0m 2026-02-01 16:26:05,615 - __main__ - INFO - Update submitted for Round 42. Waiting...
[33mclient_001_1  |[0m 2026-02-01 16:26:06,105 - __main__ - INFO - --- New Round Detected: 42 ---
[33mserver_1      |[0m INFO:werkzeug:172.18.0.20 - - [01/Feb/2026 16:26:06] "GET /download_model?round=42 HTTP/1.1" 200 -
[35mclient_003_1  |[0m 2026-02-01 16:26:07,515 - __main__ - INFO - --- New Round Detected: 42 ---
[33mserver_1      |[0m INFO:werkzeug:172.18.0.19 - - [01/Feb/2026 16:26:07] "GET /download_model?round=42 HTTP/1.1" 200 -
[33mserver_1      |[0m INFO:server.aggregator:--- [METRIC] Weight Divergence: 1.6734
[33mserver_1      |[0m INFO:server.aggregator:FedAvg aggregation complete.
[33mserver_1      |[0m INFO:__main__:Aggregation complete.
[33mserver_1      |[0m ⏱️ [TIME] Client client_009 finished training in 2.39s
[33mserver_1      |[0m ⏱️ [TIME] Client client_010 finished training in 3.48s
[33mserver_1      |[0m ⏱️ [TIME] Client client_004 finished training in 2.32s
[33mserver_1      |[0m ⏱️ [TIME] Client client_008 finished training in 2.70s
[33mserver_1      |[0m ⏱️ [TIME] Client client_002 finished training in 3.76s
[33mserver_1      |[0m DEBUG: ⚠️ MY CUSTOM AGGREGATOR IS RUNNING ⚠️
[34;1mclient_009_1  |[0m 2026-02-01 16:26:08,013 - __main__ - INFO - --- New Round Detected: 42 ---
[33mserver_1      |[0m INFO:werkzeug:172.18.0.22 - - [01/Feb/2026 16:26:08] "GET /download_model?round=42 HTTP/1.1" 200 -
[32;1mclient_007_1  |[0m 2026-02-01 16:26:08,166 - __main__ - INFO - Round 42 finished. Loss: 0.0000, Acc: 0.00%
[33mserver_1      |[0m INFO:werkzeug:172.18.0.18 - - [01/Feb/2026 16:26:08] "[31m[1mPOST /submit_update HTTP/1.1[0m" 400 -
[32;1mclient_007_1  |[0m 2026-02-01 16:26:08,231 - __main__ - ERROR - Update submission failed: {"error":"Not accepting updates"}
[32;1mclient_007_1  |[0m 
[32;1mclient_007_1  |[0m 2026-02-01 16:26:08,231 - __main__ - INFO - Update submitted for Round 42. Waiting...
[33mclient_001_1  |[0m 2026-02-01 16:26:09,063 - __main__ - INFO - Round 42 finished. Loss: 0.0000, Acc: 0.00%
[33mserver_1      |[0m INFO:werkzeug:172.18.0.20 - - [01/Feb/2026 16:26:09] "[31m[1mPOST /submit_update HTTP/1.1[0m" 400 -
[33mserver_1      |[0m INFO:__main__:💾 Saving metrics to results/metrics.csv...
[33mserver_1      |[0m INFO:__main__:--- Round 42 Acc: 57.98%, Loss: 1.1901 ---
[33mserver_1      |[0m INFO:__main__:--- Starting Round 43. Timeout: 600s ---
[33mserver_1      |[0m INFO:werkzeug:172.18.0.6 - - [01/Feb/2026 16:26:09] "POST /submit_update HTTP/1.1" 200 -
[32mclient_002_1  |[0m 2026-02-01 16:26:09,125 - __main__ - INFO - 🚀 Model update submitted successfully.
[32mclient_002_1  |[0m 2026-02-01 16:26:09,125 - __main__ - INFO - Update submitted for Round 42. Waiting...
[33mclient_001_1  |[0m 2026-02-01 16:26:09,129 - __main__ - ERROR - Update submission failed: {"error":"Not accepting updates"}
[33mclient_001_1  |[0m 
[33mclient_001_1  |[0m 2026-02-01 16:26:09,129 - __main__ - INFO - Update submitted for Round 42. Waiting...
[35mclient_003_1  |[0m 2026-02-01 16:26:11,289 - __main__ - INFO - Round 42 finished. Loss: 0.0000, Acc: 0.00%
[33mserver_1      |[0m INFO:__main__:Received update from client_003
[33mserver_1      |[0m INFO:werkzeug:172.18.0.19 - - [01/Feb/2026 16:26:11] "POST /submit_update HTTP/1.1" 200 -
[36mclient_010_1  |[0m 2026-02-01 16:26:11,419 - __main__ - INFO - --- New Round Detected: 43 ---
[35mclient_003_1  |[0m 2026-02-01 16:26:11,431 - __main__ - INFO - 🚀 Model update submitted successfully.
[35mclient_003_1  |[0m 2026-02-01 16:26:11,431 - __main__ - INFO - Update submitted for Round 42. Waiting...
[33mserver_1      |[0m INFO:werkzeug:172.18.0.8 - - [01/Feb/2026 16:26:11] "GET /download_model?round=43 HTTP/1.1" 200 -
[34;1mclient_009_1  |[0m 2026-02-01 16:26:11,515 - __main__ - INFO - Round 42 finished. Loss: 0.0000, Acc: 0.00%
[33mserver_1      |[0m INFO:__main__:Received update from client_009
[33mserver_1      |[0m INFO:werkzeug:172.18.0.22 - - [01/Feb/2026 16:26:11] "POST /submit_update HTTP/1.1" 200 -
[34;1mclient_009_1  |[0m 2026-02-01 16:26:11,650 - __main__ - INFO - 🚀 Model update submitted successfully.
[34;1mclient_009_1  |[0m 2026-02-01 16:26:11,650 - __main__ - INFO - Update submitted for Round 42. Waiting...
[34mclient_004_1  |[0m 2026-02-01 16:26:13,164 - __main__ - INFO - --- New Round Detected: 43 ---
[33mserver_1      |[0m INFO:werkzeug:172.18.0.9 - - [01/Feb/2026 16:26:13] "GET /download_model?round=43 HTTP/1.1" 200 -
[35;1mclient_008_1  |[0m 2026-02-01 16:26:13,443 - __main__ - INFO - --- New Round Detected: 43 ---
[33mserver_1      |[0m INFO:werkzeug:172.18.0.15 - - [01/Feb/2026 16:26:13] "GET /download_model?round=43 HTTP/1.1" 200 -
[36mclient_010_1  |[0m 2026-02-01 16:26:13,996 - __main__ - INFO - Round 43 finished. Loss: 0.0000, Acc: 0.00%
[33mserver_1      |[0m INFO:__main__:Received update from client_010
[33mserver_1      |[0m INFO:werkzeug:172.18.0.8 - - [01/Feb/2026 16:26:14] "POST /submit_update HTTP/1.1" 200 -
[36mclient_010_1  |[0m 2026-02-01 16:26:14,131 - __main__ - INFO - 🚀 Model update submitted successfully.
[36mclient_010_1  |[0m 2026-02-01 16:26:14,131 - __main__ - INFO - Update submitted for Round 43. Waiting...
[33;1mclient_006_1  |[0m 2026-02-01 16:26:15,418 - __main__ - INFO - --- New Round Detected: 43 ---
[33mserver_1      |[0m INFO:werkzeug:172.18.0.21 - - [01/Feb/2026 16:26:15] "GET /download_model?round=43 HTTP/1.1" 200 -
[36;1mclient_005_1  |[0m 2026-02-01 16:26:15,685 - __main__ - INFO - --- New Round Detected: 43 ---
[33mserver_1      |[0m INFO:werkzeug:172.18.0.14 - - [01/Feb/2026 16:26:15] "GET /download_model?round=43 HTTP/1.1" 200 -
[35;1mclient_008_1  |[0m 2026-02-01 16:26:16,479 - __main__ - INFO - Round 43 finished. Loss: 0.0000, Acc: 0.00%
[33mserver_1      |[0m INFO:__main__:Received update from client_008
[33mserver_1      |[0m INFO:werkzeug:172.18.0.15 - - [01/Feb/2026 16:26:16] "POST /submit_update HTTP/1.1" 200 -
[35;1mclient_008_1  |[0m 2026-02-01 16:26:16,623 - __main__ - INFO - 🚀 Model update submitted successfully.
[35;1mclient_008_1  |[0m 2026-02-01 16:26:16,623 - __main__ - INFO - Update submitted for Round 43. Waiting...
[34mclient_004_1  |[0m 2026-02-01 16:26:16,948 - __main__ - INFO - Round 43 finished. Loss: 0.0000, Acc: 0.00%
[33mserver_1      |[0m INFO:__main__:Received update from client_004
[33mserver_1      |[0m INFO:__main__:--- Aggregating 5 updates ---
[33mserver_1      |[0m INFO:__main__:⚡ Using Custom Aggregator with Drift Metric...
[33mserver_1      |[0m INFO:server.aggregator:Starting FedAvg aggregation for 5 clients.
[36;1mclient_005_1  |[0m 2026-02-01 16:26:18,121 - __main__ - INFO - Round 43 finished. Loss: 0.0000, Acc: 0.00%
[33mserver_1      |[0m INFO:werkzeug:172.18.0.14 - - [01/Feb/2026 16:26:18] "[31m[1mPOST /submit_update HTTP/1.1[0m" 400 -
[36;1mclient_005_1  |[0m 2026-02-01 16:26:18,188 - __main__ - ERROR - Update submission failed: {"error":"Not accepting updates"}
[36;1mclient_005_1  |[0m 
[36;1mclient_005_1  |[0m 2026-02-01 16:26:18,188 - __main__ - INFO - Update submitted for Round 43. Waiting...
[32;1mclient_007_1  |[0m 2026-02-01 16:26:18,305 - __main__ - INFO - --- New Round Detected: 43 ---
[33mserver_1      |[0m INFO:werkzeug:172.18.0.18 - - [01/Feb/2026 16:26:18] "GET /download_model?round=43 HTTP/1.1" 200 -
[33;1mclient_006_1  |[0m 2026-02-01 16:26:18,552 - __main__ - INFO - Round 43 finished. Loss: 0.0000, Acc: 0.00%
[33mserver_1      |[0m INFO:werkzeug:172.18.0.21 - - [01/Feb/2026 16:26:18] "[31m[1mPOST /submit_update HTTP/1.1[0m" 400 -
[33;1mclient_006_1  |[0m 2026-02-01 16:26:18,618 - __main__ - ERROR - Update submission failed: {"error":"Not accepting updates"}
[33;1mclient_006_1  |[0m 
[33;1mclient_006_1  |[0m 2026-02-01 16:26:18,618 - __main__ - INFO - Update submitted for Round 43. Waiting...
[32mclient_002_1  |[0m 2026-02-01 16:26:19,225 - __main__ - INFO - --- New Round Detected: 43 ---
[33mclient_001_1  |[0m 2026-02-01 16:26:19,281 - __main__ - INFO - --- New Round Detected: 43 ---
[33mserver_1      |[0m INFO:werkzeug:172.18.0.6 - - [01/Feb/2026 16:26:19] "GET /download_model?round=43 HTTP/1.1" 200 -
[33mserver_1      |[0m INFO:werkzeug:172.18.0.20 - - [01/Feb/2026 16:26:19] "GET /download_model?round=43 HTTP/1.1" 200 -
[33mserver_1      |[0m INFO:server.aggregator:--- [METRIC] Weight Divergence: 1.7833
[33mserver_1      |[0m INFO:server.aggregator:FedAvg aggregation complete.
[33mserver_1      |[0m INFO:__main__:Aggregation complete.
[33mserver_1      |[0m ⏱️ [TIME] Client client_003 finished training in 3.57s
[33mserver_1      |[0m ⏱️ [TIME] Client client_009 finished training in 3.22s
[33mserver_1      |[0m ⏱️ [TIME] Client client_010 finished training in 2.37s
[33mserver_1      |[0m ⏱️ [TIME] Client client_008 finished training in 2.79s
[33mserver_1      |[0m ⏱️ [TIME] Client client_004 finished training in 3.60s
[33mserver_1      |[0m DEBUG: ⚠️ MY CUSTOM AGGREGATOR IS RUNNING ⚠️
[35mclient_003_1  |[0m 2026-02-01 16:26:21,523 - __main__ - INFO - --- New Round Detected: 43 ---
[33mserver_1      |[0m INFO:werkzeug:172.18.0.19 - - [01/Feb/2026 16:26:21] "GET /download_model?round=43 HTTP/1.1" 200 -
[34;1mclient_009_1  |[0m 2026-02-01 16:26:21,880 - __main__ - INFO - --- New Round Detected: 43 ---
[33mserver_1      |[0m INFO:werkzeug:172.18.0.22 - - [01/Feb/2026 16:26:21] "GET /download_model?round=43 HTTP/1.1" 200 -
[32;1mclient_007_1  |[0m 2026-02-01 16:26:22,140 - __main__ - INFO - Round 43 finished. Loss: 0.0000, Acc: 0.00%
[33mserver_1      |[0m INFO:werkzeug:172.18.0.18 - - [01/Feb/2026 16:26:22] "[31m[1mPOST /submit_update HTTP/1.1[0m" 400 -
[32;1mclient_007_1  |[0m 2026-02-01 16:26:22,208 - __main__ - ERROR - Update submission failed: {"error":"Not accepting updates"}
[32;1mclient_007_1  |[0m 
[32;1mclient_007_1  |[0m 2026-02-01 16:26:22,209 - __main__ - INFO - Update submitted for Round 43. Waiting...
[33mserver_1      |[0m INFO:__main__:💾 Saving metrics to results/metrics.csv...
[33mserver_1      |[0m INFO:__main__:--- Round 43 Acc: 58.42%, Loss: 1.1566 ---
[33mserver_1      |[0m INFO:__main__:--- Starting Round 44. Timeout: 600s ---
[33mserver_1      |[0m INFO:werkzeug:172.18.0.9 - - [01/Feb/2026 16:26:22] "POST /submit_update HTTP/1.1" 200 -
[34mclient_004_1  |[0m 2026-02-01 16:26:22,384 - __main__ - INFO - 🚀 Model update submitted successfully.
[34mclient_004_1  |[0m 2026-02-01 16:26:22,384 - __main__ - INFO - Update submitted for Round 43. Waiting...
[33mclient_001_1  |[0m 2026-02-01 16:26:22,502 - __main__ - INFO - Round 43 finished. Loss: 0.0000, Acc: 0.00%
[33mserver_1      |[0m INFO:__main__:Received update from client_001
[33mserver_1      |[0m INFO:werkzeug:172.18.0.20 - - [01/Feb/2026 16:26:22] "POST /submit_update HTTP/1.1" 200 -
[33mclient_001_1  |[0m 2026-02-01 16:26:22,664 - __main__ - INFO - 🚀 Model update submitted successfully.
[33mclient_001_1  |[0m 2026-02-01 16:26:22,665 - __main__ - INFO - Update submitted for Round 43. Waiting...
[32mclient_002_1  |[0m 2026-02-01 16:26:23,763 - __main__ - INFO - Round 43 finished. Loss: 0.0000, Acc: 0.00%
[33mserver_1      |[0m INFO:__main__:Received update from client_002
[33mserver_1      |[0m INFO:werkzeug:172.18.0.6 - - [01/Feb/2026 16:26:23] "POST /submit_update HTTP/1.1" 200 -
[32mclient_002_1  |[0m 2026-02-01 16:26:23,900 - __main__ - INFO - 🚀 Model update submitted successfully.
[32mclient_002_1  |[0m 2026-02-01 16:26:23,900 - __main__ - INFO - Update submitted for Round 43. Waiting...
[36mclient_010_1  |[0m 2026-02-01 16:26:24,217 - __main__ - INFO - --- New Round Detected: 44 ---
[33mserver_1      |[0m INFO:werkzeug:172.18.0.8 - - [01/Feb/2026 16:26:24] "GET /download_model?round=44 HTTP/1.1" 200 -
[34;1mclient_009_1  |[0m 2026-02-01 16:26:24,317 - __main__ - INFO - Round 43 finished. Loss: 0.0000, Acc: 0.00%
[33mserver_1      |[0m INFO:__main__:Received update from client_009
[33mserver_1      |[0m INFO:werkzeug:172.18.0.22 - - [01/Feb/2026 16:26:24] "POST /submit_update HTTP/1.1" 200 -
[34;1mclient_009_1  |[0m 2026-02-01 16:26:24,472 - __main__ - INFO - 🚀 Model update submitted successfully.
[34;1mclient_009_1  |[0m 2026-02-01 16:26:24,472 - __main__ - INFO - Update submitted for Round 43. Waiting...
[35mclient_003_1  |[0m 2026-02-01 16:26:25,576 - __main__ - INFO - Round 43 finished. Loss: 0.0000, Acc: 0.00%
[33mserver_1      |[0m INFO:__main__:Received update from client_003
[33mserver_1      |[0m INFO:werkzeug:172.18.0.19 - - [01/Feb/2026 16:26:25] "POST /submit_update HTTP/1.1" 200 -
[35mclient_003_1  |[0m 2026-02-01 16:26:25,710 - __main__ - INFO - 🚀 Model update submitted successfully.
[35mclient_003_1  |[0m 2026-02-01 16:26:25,710 - __main__ - INFO - Update submitted for Round 43. Waiting...
[35;1mclient_008_1  |[0m 2026-02-01 16:26:26,688 - __main__ - INFO - --- New Round Detected: 44 ---
[33mserver_1      |[0m INFO:werkzeug:172.18.0.15 - - [01/Feb/2026 16:26:26] "GET /download_model?round=44 HTTP/1.1" 200 -
[36mclient_010_1  |[0m 2026-02-01 16:26:26,894 - __main__ - INFO - Round 44 finished. Loss: 0.0000, Acc: 0.00%
[33mserver_1      |[0m INFO:__main__:Received update from client_010
[33mserver_1      |[0m INFO:__main__:--- Aggregating 5 updates ---
[33mserver_1      |[0m INFO:__main__:⚡ Using Custom Aggregator with Drift Metric...
[33mserver_1      |[0m INFO:server.aggregator:Starting FedAvg aggregation for 5 clients.
[33mserver_1      |[0m INFO:werkzeug:172.18.0.14 - - [01/Feb/2026 16:26:28] "GET /download_model?round=44 HTTP/1.1" 200 -
[36;1mclient_005_1  |[0m 2026-02-01 16:26:28,283 - __main__ - INFO - --- New Round Detected: 44 ---
[33;1mclient_006_1  |[0m 2026-02-01 16:26:28,689 - __main__ - INFO - --- New Round Detected: 44 ---
[33mserver_1      |[0m INFO:werkzeug:172.18.0.21 - - [01/Feb/2026 16:26:28] "GET /download_model?round=44 HTTP/1.1" 200 -
[35;1mclient_008_1  |[0m 2026-02-01 16:26:29,589 - __main__ - INFO - Round 44 finished. Loss: 0.0000, Acc: 0.00%
[33mserver_1      |[0m INFO:werkzeug:172.18.0.15 - - [01/Feb/2026 16:26:29] "[31m[1mPOST /submit_update HTTP/1.1[0m" 400 -
[35;1mclient_008_1  |[0m 2026-02-01 16:26:29,705 - __main__ - ERROR - Update submission failed: {"error":"Not accepting updates"}
[35;1mclient_008_1  |[0m 
[35;1mclient_008_1  |[0m 2026-02-01 16:26:29,705 - __main__ - INFO - Update submitted for Round 44. Waiting...
[36;1mclient_005_1  |[0m 2026-02-01 16:26:30,539 - __main__ - INFO - Round 44 finished. Loss: 0.0000, Acc: 0.00%
[33mserver_1      |[0m INFO:werkzeug:172.18.0.14 - - [01/Feb/2026 16:26:30] "[31m[1mPOST /submit_update HTTP/1.1[0m" 400 -
[36;1mclient_005_1  |[0m 2026-02-01 16:26:30,616 - __main__ - ERROR - Update submission failed: {"error":"Not accepting updates"}
[36;1mclient_005_1  |[0m 
[36;1mclient_005_1  |[0m 2026-02-01 16:26:30,616 - __main__ - INFO - Update submitted for Round 44. Waiting...
[33mserver_1      |[0m INFO:server.aggregator:--- [METRIC] Weight Divergence: 1.7210
[33mserver_1      |[0m INFO:server.aggregator:FedAvg aggregation complete.
[33mserver_1      |[0m INFO:__main__:Aggregation complete.
[33mserver_1      |[0m ⏱️ [TIME] Client client_001 finished training in 2.86s
[33mserver_1      |[0m ⏱️ [TIME] Client client_002 finished training in 4.12s
[33mserver_1      |[0m ⏱️ [TIME] Client client_009 finished training in 2.19s
[33mserver_1      |[0m ⏱️ [TIME] Client client_003 finished training in 3.65s
[33mserver_1      |[0m ⏱️ [TIME] Client client_010 finished training in 2.49s
[33mserver_1      |[0m DEBUG: ⚠️ MY CUSTOM AGGREGATOR IS RUNNING ⚠️
[33;1mclient_006_1  |[0m 2026-02-01 16:26:31,584 - __main__ - INFO - Round 44 finished. Loss: 0.0000, Acc: 0.00%
[33mserver_1      |[0m INFO:werkzeug:172.18.0.21 - - [01/Feb/2026 16:26:31] "[31m[1mPOST /submit_update HTTP/1.1[0m" 400 -
[33;1mclient_006_1  |[0m 2026-02-01 16:26:31,649 - __main__ - ERROR - Update submission failed: {"error":"Not accepting updates"}
[33;1mclient_006_1  |[0m 
[33;1mclient_006_1  |[0m 2026-02-01 16:26:31,649 - __main__ - INFO - Update submitted for Round 44. Waiting...
[33mserver_1      |[0m INFO:__main__:💾 Saving metrics to results/metrics.csv...
[33mserver_1      |[0m INFO:__main__:--- Round 44 Acc: 58.84%, Loss: 1.1467 ---
[33mserver_1      |[0m INFO:__main__:--- Starting Round 45. Timeout: 600s ---
[33mserver_1      |[0m INFO:werkzeug:172.18.0.8 - - [01/Feb/2026 16:26:32] "POST /submit_update HTTP/1.1" 200 -
[36mclient_010_1  |[0m 2026-02-01 16:26:32,106 - __main__ - INFO - 🚀 Model update submitted successfully.
[36mclient_010_1  |[0m 2026-02-01 16:26:32,106 - __main__ - INFO - Update submitted for Round 44. Waiting...
[32;1mclient_007_1  |[0m 2026-02-01 16:26:32,281 - __main__ - INFO - --- New Round Detected: 45 ---
[33mserver_1      |[0m INFO:werkzeug:172.18.0.18 - - [01/Feb/2026 16:26:32] "GET /download_model?round=45 HTTP/1.1" 200 -
[34mclient_004_1  |[0m 2026-02-01 16:26:32,445 - __main__ - INFO - --- New Round Detected: 45 ---
[33mserver_1      |[0m INFO:werkzeug:172.18.0.9 - - [01/Feb/2026 16:26:32] "GET /download_model?round=45 HTTP/1.1" 200 -
[33mclient_001_1  |[0m 2026-02-01 16:26:32,738 - __main__ - INFO - --- New Round Detected: 45 ---
[33mserver_1      |[0m INFO:werkzeug:172.18.0.20 - - [01/Feb/2026 16:26:32] "GET /download_model?round=45 HTTP/1.1" 200 -
[32mclient_002_1  |[0m 2026-02-01 16:26:33,964 - __main__ - INFO - --- New Round Detected: 45 ---
[33mserver_1      |[0m INFO:werkzeug:172.18.0.6 - - [01/Feb/2026 16:26:33] "GET /download_model?round=45 HTTP/1.1" 200 -
[34;1mclient_009_1  |[0m 2026-02-01 16:26:34,537 - __main__ - INFO - --- New Round Detected: 45 ---
[33mserver_1      |[0m INFO:werkzeug:172.18.0.22 - - [01/Feb/2026 16:26:34] "GET /download_model?round=45 HTTP/1.1" 200 -
[33mclient_001_1  |[0m 2026-02-01 16:26:34,989 - __main__ - INFO - Round 45 finished. Loss: 0.0000, Acc: 0.00%
[33mserver_1      |[0m INFO:__main__:Received update from client_001
[33mserver_1      |[0m INFO:werkzeug:172.18.0.20 - - [01/Feb/2026 16:26:35] "POST /submit_update HTTP/1.1" 200 -
[34mclient_004_1  |[0m 2026-02-01 16:26:35,106 - __main__ - INFO - Round 45 finished. Loss: 0.0000, Acc: 0.00%
[33mclient_001_1  |[0m 2026-02-01 16:26:35,123 - __main__ - INFO - 🚀 Model update submitted successfully.
[33mclient_001_1  |[0m 2026-02-01 16:26:35,123 - __main__ - INFO - Update submitted for Round 45. Waiting...
[33mserver_1      |[0m INFO:__main__:Received update from client_004
[33mserver_1      |[0m INFO:werkzeug:172.18.0.9 - - [01/Feb/2026 16:26:35] "POST /submit_update HTTP/1.1" 200 -
[34mclient_004_1  |[0m 2026-02-01 16:26:35,241 - __main__ - INFO - 🚀 Model update submitted successfully.
[34mclient_004_1  |[0m 2026-02-01 16:26:35,241 - __main__ - INFO - Update submitted for Round 45. Waiting...
[35mclient_003_1  |[0m 2026-02-01 16:26:35,792 - __main__ - INFO - --- New Round Detected: 45 ---
[33mserver_1      |[0m INFO:werkzeug:172.18.0.19 - - [01/Feb/2026 16:26:35] "GET /download_model?round=45 HTTP/1.1" 200 -
[32mclient_002_1  |[0m 2026-02-01 16:26:36,618 - __main__ - INFO - Round 45 finished. Loss: 0.0000, Acc: 0.00%
[33mserver_1      |[0m INFO:__main__:Received update from client_002
[33mserver_1      |[0m INFO:werkzeug:172.18.0.6 - - [01/Feb/2026 16:26:36] "POST /submit_update HTTP/1.1" 200 -
[32mclient_002_1  |[0m 2026-02-01 16:26:36,752 - __main__ - INFO - 🚀 Model update submitted successfully.
[32mclient_002_1  |[0m 2026-02-01 16:26:36,752 - __main__ - INFO - Update submitted for Round 45. Waiting...
[34;1mclient_009_1  |[0m 2026-02-01 16:26:37,134 - __main__ - INFO - Round 45 finished. Loss: 0.0000, Acc: 0.00%
[33mserver_1      |[0m INFO:__main__:Received update from client_009
[33mserver_1      |[0m INFO:werkzeug:172.18.0.22 - - [01/Feb/2026 16:26:37] "POST /submit_update HTTP/1.1" 200 -
[34;1mclient_009_1  |[0m 2026-02-01 16:26:37,269 - __main__ - INFO - 🚀 Model update submitted successfully.
[34;1mclient_009_1  |[0m 2026-02-01 16:26:37,270 - __main__ - INFO - Update submitted for Round 45. Waiting...
[32;1mclient_007_1  |[0m 2026-02-01 16:26:38,176 - __main__ - INFO - Round 45 finished. Loss: 0.0000, Acc: 0.00%
[33mserver_1      |[0m INFO:__main__:Received update from client_007
[33mserver_1      |[0m INFO:__main__:--- Aggregating 5 updates ---
[33mserver_1      |[0m INFO:__main__:⚡ Using Custom Aggregator with Drift Metric...
[33mserver_1      |[0m INFO:server.aggregator:Starting FedAvg aggregation for 5 clients.
[35;1mclient_008_1  |[0m 2026-02-01 16:26:39,839 - __main__ - INFO - --- New Round Detected: 45 ---
[33mserver_1      |[0m INFO:werkzeug:172.18.0.15 - - [01/Feb/2026 16:26:40] "GET /download_model?round=45 HTTP/1.1" 200 -
[36;1mclient_005_1  |[0m 2026-02-01 16:26:40,699 - __main__ - INFO - --- New Round Detected: 45 ---
[33mserver_1      |[0m INFO:werkzeug:172.18.0.14 - - [01/Feb/2026 16:26:40] "GET /download_model?round=45 HTTP/1.1" 200 -
[33mserver_1      |[0m INFO:server.aggregator:--- [METRIC] Weight Divergence: 1.6692
[33mserver_1      |[0m INFO:server.aggregator:FedAvg aggregation complete.
[33mserver_1      |[0m INFO:__main__:Aggregation complete.
[35mclient_003_1  |[0m 2026-02-01 16:26:41,003 - __main__ - INFO - Round 45 finished. Loss: 0.0000, Acc: 0.00%
[33mserver_1      |[0m INFO:werkzeug:172.18.0.19 - - [01/Feb/2026 16:26:41] "[31m[1mPOST /submit_update HTTP/1.1[0m" 400 -
[35mclient_003_1  |[0m 2026-02-01 16:26:41,090 - __main__ - ERROR - Update submission failed: {"error":"Not accepting updates"}
[35mclient_003_1  |[0m 
[35mclient_003_1  |[0m 2026-02-01 16:26:41,090 - __main__ - INFO - Update submitted for Round 45. Waiting...
[33mserver_1      |[0m ⏱️ [TIME] Client client_001 finished training in 2.01s
[33mserver_1      |[0m ⏱️ [TIME] Client client_004 finished training in 2.46s
[33mserver_1      |[0m ⏱️ [TIME] Client client_002 finished training in 2.41s
[33mserver_1      |[0m ⏱️ [TIME] Client client_009 finished training in 2.35s
[33mserver_1      |[0m ⏱️ [TIME] Client client_007 finished training in 5.61s
[33mserver_1      |[0m DEBUG: ⚠️ MY CUSTOM AGGREGATOR IS RUNNING ⚠️
[33;1mclient_006_1  |[0m 2026-02-01 16:26:41,744 - __main__ - INFO - --- New Round Detected: 45 ---
[33mserver_1      |[0m INFO:werkzeug:172.18.0.21 - - [01/Feb/2026 16:26:41] "GET /download_model?round=45 HTTP/1.1" 200 -
[33mserver_1      |[0m INFO:werkzeug:172.18.0.8 - - [01/Feb/2026 16:26:42] "GET /download_model?round=45 HTTP/1.1" 200 -
[36mclient_010_1  |[0m 2026-02-01 16:26:42,177 - __main__ - INFO - --- New Round Detected: 45 ---
[36;1mclient_005_1  |[0m 2026-02-01 16:26:42,931 - __main__ - INFO - Round 45 finished. Loss: 0.0000, Acc: 0.00%
[33mserver_1      |[0m INFO:werkzeug:172.18.0.14 - - [01/Feb/2026 16:26:42] "[31m[1mPOST /submit_update HTTP/1.1[0m" 400 -
[35;1mclient_008_1  |[0m 2026-02-01 16:26:42,953 - __main__ - INFO - Round 45 finished. Loss: 0.0000, Acc: 0.00%
[33mserver_1      |[0m INFO:werkzeug:172.18.0.15 - - [01/Feb/2026 16:26:42] "[31m[1mPOST /submit_update HTTP/1.1[0m" 400 -
[36;1mclient_005_1  |[0m 2026-02-01 16:26:42,997 - __main__ - ERROR - Update submission failed: {"error":"Not accepting updates"}
[36;1mclient_005_1  |[0m 
[36;1mclient_005_1  |[0m 2026-02-01 16:26:42,997 - __main__ - INFO - Update submitted for Round 45. Waiting...
[35;1mclient_008_1  |[0m 2026-02-01 16:26:43,019 - __main__ - ERROR - Update submission failed: {"error":"Not accepting updates"}
[35;1mclient_008_1  |[0m 
[35;1mclient_008_1  |[0m 2026-02-01 16:26:43,019 - __main__ - INFO - Update submitted for Round 45. Waiting...
[33mserver_1      |[0m INFO:__main__:💾 Saving metrics to results/metrics.csv...
[33mserver_1      |[0m INFO:__main__:--- Round 45 Acc: 55.69%, Loss: 1.2488 ---
[33mserver_1      |[0m INFO:__main__:--- Starting Round 46. Timeout: 600s ---
[33mserver_1      |[0m INFO:werkzeug:172.18.0.18 - - [01/Feb/2026 16:26:43] "POST /submit_update HTTP/1.1" 200 -
[32;1mclient_007_1  |[0m 2026-02-01 16:26:43,308 - __main__ - INFO - 🚀 Model update submitted successfully.
[32;1mclient_007_1  |[0m 2026-02-01 16:26:43,308 - __main__ - INFO - Update submitted for Round 45. Waiting...
[33;1mclient_006_1  |[0m 2026-02-01 16:26:45,038 - __main__ - INFO - Round 45 finished. Loss: 0.0000, Acc: 0.00%
[36mclient_010_1  |[0m 2026-02-01 16:26:45,039 - __main__ - INFO - Round 45 finished. Loss: 0.0000, Acc: 0.00%
[33mserver_1      |[0m INFO:__main__:Received update from client_006
[33mserver_1      |[0m INFO:werkzeug:172.18.0.21 - - [01/Feb/2026 16:26:45] "POST /submit_update HTTP/1.1" 200 -
[33mserver_1      |[0m INFO:__main__:Received update from client_010
[33mserver_1      |[0m INFO:werkzeug:172.18.0.8 - - [01/Feb/2026 16:26:45] "POST /submit_update HTTP/1.1" 200 -
[33;1mclient_006_1  |[0m 2026-02-01 16:26:45,175 - __main__ - INFO - 🚀 Model update submitted successfully.
[33;1mclient_006_1  |[0m 2026-02-01 16:26:45,175 - __main__ - INFO - Update submitted for Round 45. Waiting...
[36mclient_010_1  |[0m 2026-02-01 16:26:45,175 - __main__ - INFO - 🚀 Model update submitted successfully.
[36mclient_010_1  |[0m 2026-02-01 16:26:45,175 - __main__ - INFO - Update submitted for Round 45. Waiting...
[33mclient_001_1  |[0m 2026-02-01 16:26:45,191 - __main__ - INFO - --- New Round Detected: 46 ---
[33mserver_1      |[0m INFO:werkzeug:172.18.0.20 - - [01/Feb/2026 16:26:45] "GET /download_model?round=46 HTTP/1.1" 200 -
[34mclient_004_1  |[0m 2026-02-01 16:26:45,304 - __main__ - INFO - --- New Round Detected: 46 ---
[33mserver_1      |[0m INFO:werkzeug:172.18.0.9 - - [01/Feb/2026 16:26:45] "GET /download_model?round=46 HTTP/1.1" 200 -
[32mclient_002_1  |[0m 2026-02-01 16:26:46,815 - __main__ - INFO - --- New Round Detected: 46 ---
[33mserver_1      |[0m INFO:werkzeug:172.18.0.6 - - [01/Feb/2026 16:26:46] "GET /download_model?round=46 HTTP/1.1" 200 -
[34;1mclient_009_1  |[0m 2026-02-01 16:26:47,429 - __main__ - INFO - --- New Round Detected: 46 ---
[33mserver_1      |[0m INFO:werkzeug:172.18.0.22 - - [01/Feb/2026 16:26:47] "GET /download_model?round=46 HTTP/1.1" 200 -
[34mclient_004_1  |[0m 2026-02-01 16:26:47,891 - __main__ - INFO - Round 46 finished. Loss: 0.0000, Acc: 0.00%
[33mserver_1      |[0m INFO:__main__:Received update from client_004
[33mserver_1      |[0m INFO:werkzeug:172.18.0.9 - - [01/Feb/2026 16:26:47] "POST /submit_update HTTP/1.1" 200 -
[34mclient_004_1  |[0m 2026-02-01 16:26:48,025 - __main__ - INFO - 🚀 Model update submitted successfully.
[34mclient_004_1  |[0m 2026-02-01 16:26:48,025 - __main__ - INFO - Update submitted for Round 46. Waiting...
[33mclient_001_1  |[0m 2026-02-01 16:26:48,242 - __main__ - INFO - Round 46 finished. Loss: 0.0000, Acc: 0.00%
[33mserver_1      |[0m INFO:__main__:Received update from client_001
[33mserver_1      |[0m INFO:werkzeug:172.18.0.20 - - [01/Feb/2026 16:26:48] "POST /submit_update HTTP/1.1" 200 -
[33mclient_001_1  |[0m 2026-02-01 16:26:48,397 - __main__ - INFO - 🚀 Model update submitted successfully.
[33mclient_001_1  |[0m 2026-02-01 16:26:48,397 - __main__ - INFO - Update submitted for Round 46. Waiting...
[32mclient_002_1  |[0m 2026-02-01 16:26:49,364 - __main__ - INFO - Round 46 finished. Loss: 0.0000, Acc: 0.00%
[33mserver_1      |[0m INFO:__main__:Received update from client_002
[33mserver_1      |[0m INFO:__main__:--- Aggregating 5 updates ---
[33mserver_1      |[0m INFO:__main__:⚡ Using Custom Aggregator with Drift Metric...
[33mserver_1      |[0m INFO:server.aggregator:Starting FedAvg aggregation for 5 clients.
[33mserver_1      |[0m INFO:werkzeug:172.18.0.19 - - [01/Feb/2026 16:26:51] "GET /download_model?round=46 HTTP/1.1" 200 -
[35mclient_003_1  |[0m 2026-02-01 16:26:51,170 - __main__ - INFO - --- New Round Detected: 46 ---
[34;1mclient_009_1  |[0m 2026-02-01 16:26:51,242 - __main__ - INFO - Round 46 finished. Loss: 0.0000, Acc: 0.00%
[33mserver_1      |[0m INFO:werkzeug:172.18.0.22 - - [01/Feb/2026 16:26:51] "[31m[1mPOST /submit_update HTTP/1.1[0m" 400 -
[34;1mclient_009_1  |[0m 2026-02-01 16:26:51,309 - __main__ - ERROR - Update submission failed: {"error":"Not accepting updates"}
[34;1mclient_009_1  |[0m 
[34;1mclient_009_1  |[0m 2026-02-01 16:26:51,309 - __main__ - INFO - Update submitted for Round 46. Waiting...
[33mserver_1      |[0m INFO:server.aggregator:--- [METRIC] Weight Divergence: 1.7392
[33mserver_1      |[0m INFO:server.aggregator:FedAvg aggregation complete.
[33mserver_1      |[0m INFO:__main__:Aggregation complete.
[33mserver_1      |[0m ⏱️ [TIME] Client client_006 finished training in 3.02s
[33mserver_1      |[0m ⏱️ [TIME] Client client_010 finished training in 2.63s
[33mserver_1      |[0m ⏱️ [TIME] Client client_004 finished training in 2.38s
[33mserver_1      |[0m ⏱️ [TIME] Client client_001 finished training in 2.81s
[33mserver_1      |[0m ⏱️ [TIME] Client client_002 finished training in 2.33s
[33mserver_1      |[0m DEBUG: ⚠️ MY CUSTOM AGGREGATOR IS RUNNING ⚠️
[35;1mclient_008_1  |[0m 2026-02-01 16:26:53,200 - __main__ - INFO - --- New Round Detected: 46 ---
[36;1mclient_005_1  |[0m 2026-02-01 16:26:53,200 - __main__ - INFO - --- New Round Detected: 46 ---
[33mserver_1      |[0m INFO:werkzeug:172.18.0.15 - - [01/Feb/2026 16:26:53] "GET /download_model?round=46 HTTP/1.1" 200 -
[33mserver_1      |[0m INFO:werkzeug:172.18.0.14 - - [01/Feb/2026 16:26:53] "GET /download_model?round=46 HTTP/1.1" 200 -
[32;1mclient_007_1  |[0m 2026-02-01 16:26:53,418 - __main__ - INFO - --- New Round Detected: 46 ---
[33mserver_1      |[0m INFO:werkzeug:172.18.0.18 - - [01/Feb/2026 16:26:53] "GET /download_model?round=46 HTTP/1.1" 200 -
[33mserver_1      |[0m INFO:__main__:💾 Saving metrics to results/metrics.csv...
[33mserver_1      |[0m INFO:__main__:--- Round 46 Acc: 58.27%, Loss: 1.1566 ---
[33mserver_1      |[0m INFO:__main__:--- Starting Round 47. Timeout: 600s ---
[33mserver_1      |[0m INFO:werkzeug:172.18.0.6 - - [01/Feb/2026 16:26:54] "POST /submit_update HTTP/1.1" 200 -
[32mclient_002_1  |[0m 2026-02-01 16:26:54,367 - __main__ - INFO - 🚀 Model update submitted successfully.
[32mclient_002_1  |[0m 2026-02-01 16:26:54,367 - __main__ - INFO - Update submitted for Round 46. Waiting...
[35mclient_003_1  |[0m 2026-02-01 16:26:54,820 - __main__ - INFO - Round 46 finished. Loss: 0.0000, Acc: 0.00%
[33mserver_1      |[0m INFO:__main__:Received update from client_003
[33mserver_1      |[0m INFO:werkzeug:172.18.0.19 - - [01/Feb/2026 16:26:54] "POST /submit_update HTTP/1.1" 200 -
[35mclient_003_1  |[0m 2026-02-01 16:26:54,955 - __main__ - INFO - 🚀 Model update submitted successfully.
[35mclient_003_1  |[0m 2026-02-01 16:26:54,955 - __main__ - INFO - Update submitted for Round 46. Waiting...
[33;1mclient_006_1  |[0m 2026-02-01 16:26:55,238 - __main__ - INFO - --- New Round Detected: 47 ---
[36mclient_010_1  |[0m 2026-02-01 16:26:55,240 - __main__ - INFO - --- New Round Detected: 47 ---
[33mserver_1      |[0m INFO:werkzeug:172.18.0.21 - - [01/Feb/2026 16:26:55] "GET /download_model?round=47 HTTP/1.1" 200 -
[33mserver_1      |[0m INFO:werkzeug:172.18.0.8 - - [01/Feb/2026 16:26:55] "GET /download_model?round=47 HTTP/1.1" 200 -
[36;1mclient_005_1  |[0m 2026-02-01 16:26:55,757 - __main__ - INFO - Round 46 finished. Loss: 0.0000, Acc: 0.00%
[33mserver_1      |[0m INFO:__main__:Received update from client_005
[33mserver_1      |[0m INFO:werkzeug:172.18.0.14 - - [01/Feb/2026 16:26:55] "POST /submit_update HTTP/1.1" 200 -
[36;1mclient_005_1  |[0m 2026-02-01 16:26:55,899 - __main__ - INFO - 🚀 Model update submitted successfully.
[36;1mclient_005_1  |[0m 2026-02-01 16:26:55,899 - __main__ - INFO - Update submitted for Round 46. Waiting...
[35;1mclient_008_1  |[0m 2026-02-01 16:26:56,138 - __main__ - INFO - Round 46 finished. Loss: 0.0000, Acc: 0.00%
[33mserver_1      |[0m INFO:__main__:Received update from client_008
[33mserver_1      |[0m INFO:werkzeug:172.18.0.15 - - [01/Feb/2026 16:26:56] "POST /submit_update HTTP/1.1" 200 -
[35;1mclient_008_1  |[0m 2026-02-01 16:26:56,273 - __main__ - INFO - 🚀 Model update submitted successfully.
[35;1mclient_008_1  |[0m 2026-02-01 16:26:56,273 - __main__ - INFO - Update submitted for Round 46. Waiting...
[32;1mclient_007_1  |[0m 2026-02-01 16:26:57,294 - __main__ - INFO - Round 46 finished. Loss: 0.0000, Acc: 0.00%
[33mserver_1      |[0m INFO:__main__:Received update from client_007
[33mserver_1      |[0m INFO:werkzeug:172.18.0.18 - - [01/Feb/2026 16:26:57] "POST /submit_update HTTP/1.1" 200 -
[32;1mclient_007_1  |[0m 2026-02-01 16:26:57,534 - __main__ - INFO - 🚀 Model update submitted successfully.
[32;1mclient_007_1  |[0m 2026-02-01 16:26:57,535 - __main__ - INFO - Update submitted for Round 46. Waiting...
[34mclient_004_1  |[0m 2026-02-01 16:26:58,086 - __main__ - INFO - --- New Round Detected: 47 ---
[33mserver_1      |[0m INFO:werkzeug:172.18.0.9 - - [01/Feb/2026 16:26:58] "GET /download_model?round=47 HTTP/1.1" 200 -
[33;1mclient_006_1  |[0m 2026-02-01 16:26:58,185 - __main__ - INFO - Round 47 finished. Loss: 0.0000, Acc: 0.00%
[33mserver_1      |[0m INFO:__main__:Received update from client_006
[33mserver_1      |[0m INFO:__main__:--- Aggregating 5 updates ---
[33mserver_1      |[0m INFO:__main__:⚡ Using Custom Aggregator with Drift Metric...
[33mserver_1      |[0m INFO:server.aggregator:Starting FedAvg aggregation for 5 clients.
[33mclient_001_1  |[0m 2026-02-01 16:26:58,494 - __main__ - INFO - --- New Round Detected: 47 ---
[33mserver_1      |[0m INFO:werkzeug:172.18.0.20 - - [01/Feb/2026 16:26:58] "GET /download_model?round=47 HTTP/1.1" 200 -
[36mclient_010_1  |[0m 2026-02-01 16:26:59,801 - __main__ - INFO - Round 47 finished. Loss: 0.0000, Acc: 0.00%
[33mserver_1      |[0m INFO:werkzeug:172.18.0.8 - - [01/Feb/2026 16:26:59] "[31m[1mPOST /submit_update HTTP/1.1[0m" 400 -
[36mclient_010_1  |[0m 2026-02-01 16:26:59,893 - __main__ - ERROR - Update submission failed: {"error":"Not accepting updates"}
[36mclient_010_1  |[0m 
[36mclient_010_1  |[0m 2026-02-01 16:26:59,893 - __main__ - INFO - Update submitted for Round 47. Waiting...
[33mclient_001_1  |[0m 2026-02-01 16:27:00,198 - __main__ - INFO - Round 47 finished. Loss: 0.0000, Acc: 0.00%
[33mserver_1      |[0m INFO:werkzeug:172.18.0.20 - - [01/Feb/2026 16:27:00] "[31m[1mPOST /submit_update HTTP/1.1[0m" 400 -
[33mclient_001_1  |[0m 2026-02-01 16:27:00,290 - __main__ - ERROR - Update submission failed: {"error":"Not accepting updates"}
[33mclient_001_1  |[0m 
[33mclient_001_1  |[0m 2026-02-01 16:27:00,290 - __main__ - INFO - Update submitted for Round 47. Waiting...
[34mclient_004_1  |[0m 2026-02-01 16:27:00,660 - __main__ - INFO - Round 47 finished. Loss: 0.0000, Acc: 0.00%
[33mserver_1      |[0m INFO:werkzeug:172.18.0.9 - - [01/Feb/2026 16:27:00] "[31m[1mPOST /submit_update HTTP/1.1[0m" 400 -
[34mclient_004_1  |[0m 2026-02-01 16:27:00,724 - __main__ - ERROR - Update submission failed: {"error":"Not accepting updates"}
[34mclient_004_1  |[0m 
[34mclient_004_1  |[0m 2026-02-01 16:27:00,724 - __main__ - INFO - Update submitted for Round 47. Waiting...
[33mserver_1      |[0m ⏱️ [TIME] Client client_003 finished training in 3.43s
[33mserver_1      |[0m ⏱️ [TIME] Client client_005 finished training in 2.20s
[33mserver_1      |[0m ⏱️ [TIME] Client client_008 finished training in 2.57s
[33mserver_1      |[0m ⏱️ [TIME] Client client_007 finished training in 3.64s
[33mserver_1      |[0m ⏱️ [TIME] Client client_006 finished training in 2.70s
[33mserver_1      |[0m DEBUG: ⚠️ MY CUSTOM AGGREGATOR IS RUNNING ⚠️
[33mserver_1      |[0m INFO:server.aggregator:--- [METRIC] Weight Divergence: 1.7981
[33mserver_1      |[0m INFO:server.aggregator:FedAvg aggregation complete.
[33mserver_1      |[0m INFO:__main__:Aggregation complete.
[34;1mclient_009_1  |[0m 2026-02-01 16:27:01,469 - __main__ - INFO - --- New Round Detected: 47 ---
[33mserver_1      |[0m INFO:werkzeug:172.18.0.22 - - [01/Feb/2026 16:27:01] "GET /download_model?round=47 HTTP/1.1" 200 -
[33mserver_1      |[0m INFO:__main__:💾 Saving metrics to results/metrics.csv...
[33mserver_1      |[0m INFO:__main__:--- Round 47 Acc: 56.52%, Loss: 1.2295 ---
[33mserver_1      |[0m INFO:__main__:--- Starting Round 48. Timeout: 600s ---
[33mserver_1      |[0m INFO:werkzeug:172.18.0.21 - - [01/Feb/2026 16:27:03] "POST /submit_update HTTP/1.1" 200 -
[33;1mclient_006_1  |[0m 2026-02-01 16:27:03,735 - __main__ - INFO - 🚀 Model update submitted successfully.
[33;1mclient_006_1  |[0m 2026-02-01 16:27:03,735 - __main__ - INFO - Update submitted for Round 47. Waiting...
[32mclient_002_1  |[0m 2026-02-01 16:27:04,438 - __main__ - INFO - --- New Round Detected: 48 ---
[33mserver_1      |[0m INFO:werkzeug:172.18.0.6 - - [01/Feb/2026 16:27:04] "GET /download_model?round=48 HTTP/1.1" 200 -
[34;1mclient_009_1  |[0m 2026-02-01 16:27:04,778 - __main__ - INFO - Round 47 finished. Loss: 0.0000, Acc: 0.00%
[33mserver_1      |[0m INFO:__main__:Received update from client_009
[33mserver_1      |[0m INFO:werkzeug:172.18.0.22 - - [01/Feb/2026 16:27:04] "POST /submit_update HTTP/1.1" 200 -
[34;1mclient_009_1  |[0m 2026-02-01 16:27:04,931 - __main__ - INFO - 🚀 Model update submitted successfully.
[34;1mclient_009_1  |[0m 2026-02-01 16:27:04,931 - __main__ - INFO - Update submitted for Round 47. Waiting...
[35mclient_003_1  |[0m 2026-02-01 16:27:05,079 - __main__ - INFO - --- New Round Detected: 48 ---
[33mserver_1      |[0m INFO:werkzeug:172.18.0.19 - - [01/Feb/2026 16:27:05] "GET /download_model?round=48 HTTP/1.1" 200 -
[33mserver_1      |[0m INFO:werkzeug:172.18.0.14 - - [01/Feb/2026 16:27:05] "GET /download_model?round=48 HTTP/1.1" 200 -
[36;1mclient_005_1  |[0m 2026-02-01 16:27:05,963 - __main__ - INFO - --- New Round Detected: 48 ---
[35;1mclient_008_1  |[0m 2026-02-01 16:27:06,350 - __main__ - INFO - --- New Round Detected: 48 ---
[33mserver_1      |[0m INFO:werkzeug:172.18.0.15 - - [01/Feb/2026 16:27:06] "GET /download_model?round=48 HTTP/1.1" 200 -
[32;1mclient_007_1  |[0m 2026-02-01 16:27:07,617 - __main__ - INFO - --- New Round Detected: 48 ---
[33mserver_1      |[0m INFO:werkzeug:172.18.0.18 - - [01/Feb/2026 16:27:07] "GET /download_model?round=48 HTTP/1.1" 200 -
[36;1mclient_005_1  |[0m 2026-02-01 16:27:08,445 - __main__ - INFO - Round 48 finished. Loss: 0.0000, Acc: 0.00%
[32mclient_002_1  |[0m 2026-02-01 16:27:08,536 - __main__ - INFO - Round 48 finished. Loss: 0.0000, Acc: 0.00%
[33mserver_1      |[0m INFO:__main__:Received update from client_005
[33mserver_1      |[0m INFO:werkzeug:172.18.0.14 - - [01/Feb/2026 16:27:08] "POST /submit_update HTTP/1.1" 200 -
[36;1mclient_005_1  |[0m 2026-02-01 16:27:08,627 - __main__ - INFO - 🚀 Model update submitted successfully.
[36;1mclient_005_1  |[0m 2026-02-01 16:27:08,627 - __main__ - INFO - Update submitted for Round 48. Waiting...
[33mserver_1      |[0m INFO:__main__:Received update from client_002
[33mserver_1      |[0m INFO:werkzeug:172.18.0.6 - - [01/Feb/2026 16:27:08] "POST /submit_update HTTP/1.1" 200 -
[32mclient_002_1  |[0m 2026-02-01 16:27:08,672 - __main__ - INFO - 🚀 Model update submitted successfully.
[32mclient_002_1  |[0m 2026-02-01 16:27:08,672 - __main__ - INFO - Update submitted for Round 48. Waiting...
[35;1mclient_008_1  |[0m 2026-02-01 16:27:09,239 - __main__ - INFO - Round 48 finished. Loss: 0.0000, Acc: 0.00%
[35mclient_003_1  |[0m 2026-02-01 16:27:09,294 - __main__ - INFO - Round 48 finished. Loss: 0.0000, Acc: 0.00%
[33mserver_1      |[0m INFO:__main__:Received update from client_008
[33mserver_1      |[0m INFO:werkzeug:172.18.0.15 - - [01/Feb/2026 16:27:09] "POST /submit_update HTTP/1.1" 200 -
[35;1mclient_008_1  |[0m 2026-02-01 16:27:09,374 - __main__ - INFO - 🚀 Model update submitted successfully.
[35;1mclient_008_1  |[0m 2026-02-01 16:27:09,375 - __main__ - INFO - Update submitted for Round 48. Waiting...
[33mserver_1      |[0m INFO:__main__:Received update from client_003
[33mserver_1      |[0m INFO:__main__:--- Aggregating 5 updates ---
[33mserver_1      |[0m INFO:__main__:⚡ Using Custom Aggregator with Drift Metric...
[33mserver_1      |[0m INFO:server.aggregator:Starting FedAvg aggregation for 5 clients.
[36mclient_010_1  |[0m 2026-02-01 16:27:10,045 - __main__ - INFO - --- New Round Detected: 48 ---
[33mserver_1      |[0m INFO:werkzeug:172.18.0.8 - - [01/Feb/2026 16:27:10] "GET /download_model?round=48 HTTP/1.1" 200 -
[33mserver_1      |[0m INFO:werkzeug:172.18.0.20 - - [01/Feb/2026 16:27:10] "GET /download_model?round=48 HTTP/1.1" 200 -
[33mclient_001_1  |[0m 2026-02-01 16:27:10,360 - __main__ - INFO - --- New Round Detected: 48 ---
[34mclient_004_1  |[0m 2026-02-01 16:27:10,794 - __main__ - INFO - --- New Round Detected: 48 ---
[33mserver_1      |[0m INFO:werkzeug:172.18.0.9 - - [01/Feb/2026 16:27:10] "GET /download_model?round=48 HTTP/1.1" 200 -
[32;1mclient_007_1  |[0m 2026-02-01 16:27:12,616 - __main__ - INFO - Round 48 finished. Loss: 0.0000, Acc: 0.00%
[33mserver_1      |[0m INFO:werkzeug:172.18.0.18 - - [01/Feb/2026 16:27:12] "[31m[1mPOST /submit_update HTTP/1.1[0m" 400 -
[33mserver_1      |[0m INFO:server.aggregator:--- [METRIC] Weight Divergence: 1.6861
[33mserver_1      |[0m INFO:server.aggregator:FedAvg aggregation complete.
[33mserver_1      |[0m INFO:__main__:Aggregation complete.
[32;1mclient_007_1  |[0m 2026-02-01 16:27:12,681 - __main__ - ERROR - Update submission failed: {"error":"Not accepting updates"}
[32;1mclient_007_1  |[0m 
[32;1mclient_007_1  |[0m 2026-02-01 16:27:12,682 - __main__ - INFO - Update submitted for Round 48. Waiting...
[33mserver_1      |[0m ⏱️ [TIME] Client client_009 finished training in 2.99s
[33mserver_1      |[0m ⏱️ [TIME] Client client_005 finished training in 2.21s
[33mserver_1      |[0m ⏱️ [TIME] Client client_002 finished training in 3.86s
[33mserver_1      |[0m ⏱️ [TIME] Client client_008 finished training in 2.56s
[33mserver_1      |[0m ⏱️ [TIME] Client client_003 finished training in 3.99s
[33mserver_1      |[0m DEBUG: ⚠️ MY CUSTOM AGGREGATOR IS RUNNING ⚠️
[36mclient_010_1  |[0m 2026-02-01 16:27:12,858 - __main__ - INFO - Round 48 finished. Loss: 0.0000, Acc: 0.00%
[33mclient_001_1  |[0m 2026-02-01 16:27:12,865 - __main__ - INFO - Round 48 finished. Loss: 0.0000, Acc: 0.00%
[33mserver_1      |[0m INFO:werkzeug:172.18.0.8 - - [01/Feb/2026 16:27:12] "[31m[1mPOST /submit_update HTTP/1.1[0m" 400 -
[33mserver_1      |[0m INFO:werkzeug:172.18.0.20 - - [01/Feb/2026 16:27:12] "[31m[1mPOST /submit_update HTTP/1.1[0m" 400 -
[33mclient_001_1  |[0m 2026-02-01 16:27:12,933 - __main__ - ERROR - Update submission failed: {"error":"Not accepting updates"}
[33mclient_001_1  |[0m 
[33mclient_001_1  |[0m 2026-02-01 16:27:12,934 - __main__ - INFO - Update submitted for Round 48. Waiting...
[36mclient_010_1  |[0m 2026-02-01 16:27:12,923 - __main__ - ERROR - Update submission failed: {"error":"Not accepting updates"}
[36mclient_010_1  |[0m 
[36mclient_010_1  |[0m 2026-02-01 16:27:12,923 - __main__ - INFO - Update submitted for Round 48. Waiting...
[34mclient_004_1  |[0m 2026-02-01 16:27:13,992 - __main__ - INFO - Round 48 finished. Loss: 0.0000, Acc: 0.00%
[33mserver_1      |[0m INFO:werkzeug:172.18.0.9 - - [01/Feb/2026 16:27:14] "[31m[1mPOST /submit_update HTTP/1.1[0m" 400 -
[33;1mclient_006_1  |[0m 2026-02-01 16:27:14,031 - __main__ - INFO - --- New Round Detected: 48 ---
[33mserver_1      |[0m INFO:__main__:💾 Saving metrics to results/metrics.csv...
[33mserver_1      |[0m INFO:__main__:--- Round 48 Acc: 58.86%, Loss: 1.1501 ---
[33mserver_1      |[0m INFO:__main__:--- Starting Round 49. Timeout: 600s ---
[33mserver_1      |[0m INFO:werkzeug:172.18.0.19 - - [01/Feb/2026 16:27:14] "POST /submit_update HTTP/1.1" 200 -
[33mserver_1      |[0m INFO:werkzeug:172.18.0.21 - - [01/Feb/2026 16:27:14] "GET /download_model?round=48 HTTP/1.1" 200 -
[34mclient_004_1  |[0m 2026-02-01 16:27:14,060 - __main__ - ERROR - Update submission failed: {"error":"Not accepting updates"}
[34mclient_004_1  |[0m 
[34mclient_004_1  |[0m 2026-02-01 16:27:14,060 - __main__ - INFO - Update submitted for Round 48. Waiting...
[35mclient_003_1  |[0m 2026-02-01 16:27:14,105 - __main__ - INFO - 🚀 Model update submitted successfully.
[35mclient_003_1  |[0m 2026-02-01 16:27:14,105 - __main__ - INFO - Update submitted for Round 48. Waiting...
[34;1mclient_009_1  |[0m 2026-02-01 16:27:14,992 - __main__ - INFO - --- New Round Detected: 49 ---
[33mserver_1      |[0m INFO:werkzeug:172.18.0.22 - - [01/Feb/2026 16:27:15] "GET /download_model?round=49 HTTP/1.1" 200 -
[33;1mclient_006_1  |[0m 2026-02-01 16:27:16,777 - __main__ - INFO - Round 48 finished. Loss: 0.0000, Acc: 0.00%
[33mserver_1      |[0m INFO:__main__:Received update from client_006
[33mserver_1      |[0m INFO:werkzeug:172.18.0.21 - - [01/Feb/2026 16:27:16] "POST /submit_update HTTP/1.1" 200 -
[33;1mclient_006_1  |[0m 2026-02-01 16:27:16,956 - __main__ - INFO - 🚀 Model update submitted successfully.
[33;1mclient_006_1  |[0m 2026-02-01 16:27:16,956 - __main__ - INFO - Update submitted for Round 48. Waiting...
[34;1mclient_009_1  |[0m 2026-02-01 16:27:18,428 - __main__ - INFO - Round 49 finished. Loss: 0.0000, Acc: 0.00%
[33mserver_1      |[0m INFO:__main__:Received update from client_009
[33mserver_1      |[0m INFO:werkzeug:172.18.0.22 - - [01/Feb/2026 16:27:18] "POST /submit_update HTTP/1.1" 200 -
[34;1mclient_009_1  |[0m 2026-02-01 16:27:18,631 - __main__ - INFO - 🚀 Model update submitted successfully.
[34;1mclient_009_1  |[0m 2026-02-01 16:27:18,631 - __main__ - INFO - Update submitted for Round 49. Waiting...
[36;1mclient_005_1  |[0m 2026-02-01 16:27:18,731 - __main__ - INFO - --- New Round Detected: 49 ---
[32mclient_002_1  |[0m 2026-02-01 16:27:18,735 - __main__ - INFO - --- New Round Detected: 49 ---
[33mserver_1      |[0m INFO:werkzeug:172.18.0.6 - - [01/Feb/2026 16:27:18] "GET /download_model?round=49 HTTP/1.1" 200 -
[33mserver_1      |[0m INFO:werkzeug:172.18.0.14 - - [01/Feb/2026 16:27:18] "GET /download_model?round=49 HTTP/1.1" 200 -
[33mserver_1      |[0m INFO:werkzeug:172.18.0.15 - - [01/Feb/2026 16:27:19] "GET /download_model?round=49 HTTP/1.1" 200 -
[35;1mclient_008_1  |[0m 2026-02-01 16:27:19,453 - __main__ - INFO - --- New Round Detected: 49 ---
[36;1mclient_005_1  |[0m 2026-02-01 16:27:21,105 - __main__ - INFO - Round 49 finished. Loss: 0.0000, Acc: 0.00%
[33mserver_1      |[0m INFO:__main__:Received update from client_005
[33mserver_1      |[0m INFO:werkzeug:172.18.0.14 - - [01/Feb/2026 16:27:21] "POST /submit_update HTTP/1.1" 200 -
[36;1mclient_005_1  |[0m 2026-02-01 16:27:21,242 - __main__ - INFO - 🚀 Model update submitted successfully.
[36;1mclient_005_1  |[0m 2026-02-01 16:27:21,242 - __main__ - INFO - Update submitted for Round 49. Waiting...
[35;1mclient_008_1  |[0m 2026-02-01 16:27:21,259 - __main__ - INFO - Round 49 finished. Loss: 0.0000, Acc: 0.00%
[33mserver_1      |[0m INFO:__main__:Received update from client_008
[33mserver_1      |[0m INFO:werkzeug:172.18.0.15 - - [01/Feb/2026 16:27:21] "POST /submit_update HTTP/1.1" 200 -
[35;1mclient_008_1  |[0m 2026-02-01 16:27:21,414 - __main__ - INFO - 🚀 Model update submitted successfully.
[35;1mclient_008_1  |[0m 2026-02-01 16:27:21,414 - __main__ - INFO - Update submitted for Round 49. Waiting...
[32;1mclient_007_1  |[0m 2026-02-01 16:27:22,781 - __main__ - INFO - --- New Round Detected: 49 ---
[32mclient_002_1  |[0m 2026-02-01 16:27:22,775 - __main__ - INFO - Round 49 finished. Loss: 0.0000, Acc: 0.00%
[33mserver_1      |[0m INFO:werkzeug:172.18.0.18 - - [01/Feb/2026 16:27:22] "GET /download_model?round=49 HTTP/1.1" 200 -
[33mserver_1      |[0m INFO:__main__:Received update from client_002
[33mserver_1      |[0m INFO:__main__:--- Aggregating 5 updates ---
[33mserver_1      |[0m INFO:__main__:⚡ Using Custom Aggregator with Drift Metric...
[33mserver_1      |[0m INFO:server.aggregator:Starting FedAvg aggregation for 5 clients.
[36mclient_010_1  |[0m 2026-02-01 16:27:23,025 - __main__ - INFO - --- New Round Detected: 49 ---
[33mserver_1      |[0m INFO:werkzeug:172.18.0.8 - - [01/Feb/2026 16:27:23] "GET /download_model?round=49 HTTP/1.1" 200 -
[33mclient_001_1  |[0m 2026-02-01 16:27:23,049 - __main__ - INFO - --- New Round Detected: 49 ---
[33mserver_1      |[0m INFO:werkzeug:172.18.0.20 - - [01/Feb/2026 16:27:23] "GET /download_model?round=49 HTTP/1.1" 200 -
[35mclient_003_1  |[0m 2026-02-01 16:27:24,233 - __main__ - INFO - --- New Round Detected: 49 ---
[34mclient_004_1  |[0m 2026-02-01 16:27:24,275 - __main__ - INFO - --- New Round Detected: 49 ---
[33mserver_1      |[0m INFO:werkzeug:172.18.0.19 - - [01/Feb/2026 16:27:24] "GET /download_model?round=49 HTTP/1.1" 200 -
[33mserver_1      |[0m INFO:werkzeug:172.18.0.9 - - [01/Feb/2026 16:27:24] "GET /download_model?round=49 HTTP/1.1" 200 -
[33mclient_001_1  |[0m 2026-02-01 16:27:25,817 - __main__ - INFO - Round 49 finished. Loss: 0.0000, Acc: 0.00%
[33mserver_1      |[0m INFO:werkzeug:172.18.0.20 - - [01/Feb/2026 16:27:25] "[31m[1mPOST /submit_update HTTP/1.1[0m" 400 -
[33mclient_001_1  |[0m 2026-02-01 16:27:25,907 - __main__ - ERROR - Update submission failed: {"error":"Not accepting updates"}
[33mclient_001_1  |[0m 
[33mclient_001_1  |[0m 2026-02-01 16:27:25,908 - __main__ - INFO - Update submitted for Round 49. Waiting...
[32;1mclient_007_1  |[0m 2026-02-01 16:27:25,983 - __main__ - INFO - Round 49 finished. Loss: 0.0000, Acc: 0.00%
[33mserver_1      |[0m INFO:server.aggregator:--- [METRIC] Weight Divergence: 1.6422
[33mserver_1      |[0m INFO:server.aggregator:FedAvg aggregation complete.
[33mserver_1      |[0m INFO:__main__:Aggregation complete.
[33mserver_1      |[0m INFO:werkzeug:172.18.0.18 - - [01/Feb/2026 16:27:26] "[31m[1mPOST /submit_update HTTP/1.1[0m" 400 -
[32;1mclient_007_1  |[0m 2026-02-01 16:27:26,046 - __main__ - ERROR - Update submission failed: {"error":"Not accepting updates"}
[32;1mclient_007_1  |[0m 
[32;1mclient_007_1  |[0m 2026-02-01 16:27:26,047 - __main__ - INFO - Update submitted for Round 49. Waiting...
[33mserver_1      |[0m ⏱️ [TIME] Client client_006 finished training in 2.55s
[33mserver_1      |[0m ⏱️ [TIME] Client client_009 finished training in 3.20s
[33mserver_1      |[0m ⏱️ [TIME] Client client_005 finished training in 2.11s
[33mserver_1      |[0m ⏱️ [TIME] Client client_008 finished training in 1.56s
[33mserver_1      |[0m ⏱️ [TIME] Client client_002 finished training in 3.81s
[33mserver_1      |[0m DEBUG: ⚠️ MY CUSTOM AGGREGATOR IS RUNNING ⚠️
[33;1mclient_006_1  |[0m 2026-02-01 16:27:27,028 - __main__ - INFO - --- New Round Detected: 49 ---
[33mserver_1      |[0m INFO:werkzeug:172.18.0.21 - - [01/Feb/2026 16:27:27] "GET /download_model?round=49 HTTP/1.1" 200 -
[33mserver_1      |[0m INFO:__main__:💾 Saving metrics to results/metrics.csv...
[33mserver_1      |[0m INFO:__main__:--- Round 49 Acc: 59.82%, Loss: 1.1280 ---
[33mserver_1      |[0m INFO:__main__:---Final model saved ---
[33mserver_1      |[0m INFO:__main__:--- Training complete. ---
[33mserver_1      |[0m INFO:werkzeug:172.18.0.6 - - [01/Feb/2026 16:27:27] "POST /submit_update HTTP/1.1" 200 -
[32mclient_002_1  |[0m 2026-02-01 16:27:27,275 - __main__ - INFO - 🚀 Model update submitted successfully.
[32mclient_002_1  |[0m 2026-02-01 16:27:27,275 - __main__ - INFO - Update submitted for Round 49. Waiting...
[36mclient_010_1  |[0m 2026-02-01 16:27:27,648 - __main__ - INFO - Round 49 finished. Loss: 0.0000, Acc: 0.00%
[33mserver_1      |[0m INFO:werkzeug:172.18.0.8 - - [01/Feb/2026 16:27:27] "[31m[1mPOST /submit_update HTTP/1.1[0m" 400 -
[36mclient_010_1  |[0m 2026-02-01 16:27:27,712 - __main__ - ERROR - Update submission failed: {"error":"Not accepting updates"}
[36mclient_010_1  |[0m 
[36mclient_010_1  |[0m 2026-02-01 16:27:27,712 - __main__ - INFO - Update submitted for Round 49. Waiting...
[35mclient_003_1  |[0m 2026-02-01 16:27:28,382 - __main__ - INFO - Round 49 finished. Loss: 0.0000, Acc: 0.00%
[33mserver_1      |[0m INFO:werkzeug:172.18.0.19 - - [01/Feb/2026 16:27:28] "[31m[1mPOST /submit_update HTTP/1.1[0m" 400 -
[35mclient_003_1  |[0m 2026-02-01 16:27:28,446 - __main__ - ERROR - Update submission failed: {"error":"Not accepting updates"}
[35mclient_003_1  |[0m 
[35mclient_003_1  |[0m 2026-02-01 16:27:28,446 - __main__ - INFO - Update submitted for Round 49. Waiting...
[34;1mclient_009_1  |[0m 2026-02-01 16:27:28,901 - __main__ - INFO - Server finished training. Exiting.
[34mclient_004_1  |[0m 2026-02-01 16:27:29,279 - __main__ - INFO - Round 49 finished. Loss: 0.0000, Acc: 0.00%
[34mclient_004_1  |[0m 2026-02-01 16:27:29,302 - __main__ - ERROR - Error submitting update: HTTPConnectionPool(host='server', port=5000): Max retries exceeded with url: /submit_update (Caused by NewConnectionError('<urllib3.connection.HTTPConnection object at 0x7d1d417480d0>: Failed to establish a new connection: [Errno 111] Connection refused'))
[34mclient_004_1  |[0m 2026-02-01 16:27:29,302 - __main__ - INFO - Update submitted for Round 49. Waiting...
[34;1mfl-rest_client_009_1 exited with code 0
[0mStopping fl-rest_client_003_1 ... 
Stopping fl-rest_client_019_1 ... 
Stopping fl-rest_client_017_1 ... 
Stopping fl-rest_client_014_1 ... 
Stopping fl-rest_client_015_1 ... 
Stopping fl-rest_client_007_1 ... 
Stopping fl-rest_client_012_1 ... 
Stopping fl-rest_client_013_1 ... 
Stopping fl-rest_client_011_1 ... 
Stopping fl-rest_client_016_1 ... 
Stopping fl-rest_client_001_1 ... 
Stopping fl-rest_client_008_1 ... 
Stopping fl-rest_client_006_1 ... 
Stopping fl-rest_client_005_1 ... 
Stopping fl-rest_client_002_1 ... 
Stopping fl-rest_client_020_1 ... 
Stopping fl-rest_client_004_1 ... 
Stopping fl-rest_client_010_1 ... 
Stopping fl-rest_client_018_1 ... 
Stopping docker-tc            ... 
Stopping fl-rest_server_1     ... 
Stopping docker-tc            ... done
Stopping fl-rest_client_015_1 ... done
Stopping fl-rest_client_020_1 ... done
Stopping fl-rest_client_012_1 ... done
Stopping fl-rest_client_016_1 ... done
Stopping fl-rest_client_011_1 ... done
Stopping fl-rest_client_018_1 ... done
Stopping fl-rest_client_014_1 ... done
Stopping fl-rest_client_017_1 ... done
Stopping fl-rest_client_019_1 ... done
Stopping fl-rest_client_013_1 ... done
Stopping fl-rest_client_001_1 ... done
Stopping fl-rest_client_003_1 ... done
Stopping fl-rest_client_005_1 ... done
Stopping fl-rest_client_006_1 ... done
Stopping fl-rest_client_007_1 ... done
Stopping fl-rest_client_008_1 ... done
Stopping fl-rest_client_004_1 ... done
Stopping fl-rest_client_002_1 ... done
Stopping fl-rest_client_010_1 ... done
Stopping fl-rest_server_1     ... done
Aborting on container exit...
