using --exit-code-from implies --abort-on-container-exit
Creating docker-tc ... 
Creating fl-rest_server_1 ... 
Creating docker-tc        ... done
Creating fl-rest_server_1 ... done
Creating fl-rest_client_010_1 ... 
Creating fl-rest_client_013_1 ... 
Creating fl-rest_client_004_1 ... 
Creating fl-rest_client_007_1 ... 
Creating fl-rest_client_018_1 ... 
Creating fl-rest_client_002_1 ... 
Creating fl-rest_client_017_1 ... 
Creating fl-rest_client_003_1 ... 
Creating fl-rest_client_019_1 ... 
Creating fl-rest_client_014_1 ... 
Creating fl-rest_client_012_1 ... 
Creating fl-rest_client_008_1 ... 
Creating fl-rest_client_009_1 ... 
Creating fl-rest_client_011_1 ... 
Creating fl-rest_client_020_1 ... 
Creating fl-rest_client_001_1 ... 
Creating fl-rest_client_005_1 ... 
Creating fl-rest_client_015_1 ... 
Creating fl-rest_client_016_1 ... 
Creating fl-rest_client_006_1 ... 
Creating fl-rest_client_013_1 ... done
Creating fl-rest_client_004_1 ... done
Creating fl-rest_client_007_1 ... done
Creating fl-rest_client_018_1 ... done
Creating fl-rest_client_002_1 ... done
Creating fl-rest_client_019_1 ... done
Creating fl-rest_client_017_1 ... done
Creating fl-rest_client_015_1 ... done
Creating fl-rest_client_012_1 ... done
Creating fl-rest_client_014_1 ... done
Creating fl-rest_client_016_1 ... done
Creating fl-rest_client_003_1 ... done
Creating fl-rest_client_011_1 ... done
Creating fl-rest_client_020_1 ... done
Creating fl-rest_client_009_1 ... done
Creating fl-rest_client_005_1 ... done
Creating fl-rest_client_010_1 ... done
Creating fl-rest_client_006_1 ... done
Creating fl-rest_client_001_1 ... done
Creating fl-rest_client_008_1 ... done
Attaching to docker-tc, fl-rest_server_1, fl-rest_client_013_1, fl-rest_client_004_1, fl-rest_client_007_1, fl-rest_client_018_1, fl-rest_client_002_1, fl-rest_client_019_1, fl-rest_client_017_1, fl-rest_client_015_1, fl-rest_client_012_1, fl-rest_client_014_1, fl-rest_client_016_1, fl-rest_client_003_1, fl-rest_client_011_1, fl-rest_client_020_1, fl-rest_client_009_1, fl-rest_client_005_1, fl-rest_client_010_1, fl-rest_client_006_1, fl-rest_client_001_1, fl-rest_client_008_1
[36mdocker-tc     |[0m [s6-init] making user provided files available at /var/run/s6/etc...exited 0.
[36mdocker-tc     |[0m [s6-init] ensuring user provided files have correct perms...exited 0.
[36mdocker-tc     |[0m [fix-attrs.d] applying ownership & permissions fixes...
[36mdocker-tc     |[0m [fix-attrs.d] done.
[36mdocker-tc     |[0m [cont-init.d] executing container initialization scripts...
[36mdocker-tc     |[0m [cont-init.d] 00-init: executing... 
[36mdocker-tc     |[0m [cont-init.d] 00-init: exited 0.
[36mdocker-tc     |[0m [cont-init.d] done.
[36mdocker-tc     |[0m [services.d] starting services
[36mdocker-tc     |[0m Starting HTTP server on 127.0.0.1:4080
[36mdocker-tc     |[0m Starting garbage collector
[36mdocker-tc     |[0m + exec hapttic -file /docker-tc/bin/httpd.sh -logErrors -host 127.0.0.1 -port 4080
[36mdocker-tc     |[0m [services.d] done.
[36mdocker-tc     |[0m 2026/01/31 07:04:38 Thanks for using hapttic v1.0.0
[36mdocker-tc     |[0m 2026/01/31 07:04:38 Listening on 127.0.0.1:4080
[36mdocker-tc     |[0m 2026/01/31 07:04:38 Forwarding requests to /docker-tc/bin/httpd.sh
[36mdocker-tc     |[0m 2026/01/31 07:04:38 Logging errors to stderr
[36mdocker-tc     |[0m 
[36mdocker-tc     |[0m  ____          _              _____         ___ ___ _        _____         _           _
[36mdocker-tc     |[0m |    \ ___ ___| |_ ___ ___   |_   _|___ ___|  _|  _|_|___   |     |___ ___| |_ ___ ___| |
[36mdocker-tc     |[0m |  |  | . |  _| '_| -_|  _|    | | |  _| .'|  _|  _| |  _|  |   --| . |   |  _|  _| . | |
[36mdocker-tc     |[0m |____/|___|___|_,_|___|_|      |_| |_| |__,|_| |_| |_|___|  |_____|___|_|_|_| |_| |___|_|
[36mdocker-tc     |[0m 
[36mdocker-tc     |[0m Starting Docker Traffic Control 18.12
[36mdocker-tc     |[0m https://github.com/lukaszlach/docker-tc
[36mdocker-tc     |[0m 
[36mdocker-tc     |[0m [2026-01-31T07:04:38+00:00] [0b7a576fae4d] Notice: Skipping container, service was disabled by label
[36mdocker-tc     |[0m [2026-01-31T07:04:38+00:00] [bd19146b9070] Notice: Skipping container, no valid labels found
[36mdocker-tc     |[0m [2026-01-31T07:04:38+00:00] [438bf01636a0] Notice: Skipping container, no valid labels found
[36mdocker-tc     |[0m [2026-01-31T07:04:38+00:00] [c314c85387cb] Notice: Skipping container, no valid labels found
[36mdocker-tc     |[0m Error response from daemon: Container 3e4b2842dc618e2afe83311ecd360e727849572adbdf41474062df0f06f43f7f is restarting, wait until the container is running
[36mdocker-tc     |[0m [2026-01-31T07:04:38+00:00] [3e4b2842dc61] Warning: Network has no corresponding virtual network interface
[33mserver_1      |[0m TensorFlow installation not found - running with reduced feature set.
[36mdocker-tc     |[0m [2026-01-31T07:04:38+00:00] [bb69746bbd31] Notice: Skipping container, no valid labels found
[33mserver_1      |[0m 
[33mserver_1      |[0m NOTE: Using experimental fast data loading logic. To disable, pass
[33mserver_1      |[0m     "--load_fast=false" and report issues on GitHub. More details:
[33mserver_1      |[0m     https://github.com/tensorflow/tensorboard/issues/4784
[33mserver_1      |[0m 
[33mserver_1      |[0m TensorBoard 2.20.0 at http://0.0.0.0:6006/ (Press CTRL+C to quit)
[36mdocker-tc     |[0m [2026-01-31T07:04:38+00:00] [c6b89a41e4fd] Set delay=200ms, loss=1% on veth66f6b85
[36mdocker-tc     |[0m [2026-01-31T07:04:38+00:00] [c6b89a41e4fd] Set bandwidth-limit=5mbps on veth66f6b85
[36mdocker-tc     |[0m [2026-01-31T07:04:38+00:00] [c6b89a41e4fd] Controlling traffic of the container /fl-rest_client_013_1 on veth66f6b85
[36mdocker-tc     |[0m [2026-01-31T07:04:38+00:00] [c31d2663825e] Set delay=20ms on vethfd0ae8a
[36mdocker-tc     |[0m [2026-01-31T07:04:38+00:00] [c31d2663825e] Set bandwidth-limit=1gbit on vethfd0ae8a
[36mdocker-tc     |[0m [2026-01-31T07:04:38+00:00] [c31d2663825e] Controlling traffic of the container /fl-rest_client_004_1 on vethfd0ae8a
[36mdocker-tc     |[0m [2026-01-31T07:04:39+00:00] [3e56f01a0175] Set delay=20ms on veth3a4dd94
[36mdocker-tc     |[0m [2026-01-31T07:04:39+00:00] [3e56f01a0175] Set bandwidth-limit=1gbit on veth3a4dd94
[36mdocker-tc     |[0m [2026-01-31T07:04:39+00:00] [3e56f01a0175] Controlling traffic of the container /fl-rest_client_007_1 on veth3a4dd94
[35mclient_013_1  |[0m 2026-01-31 07:04:39,463 - __main__ - INFO - --- Starting FL Client: client_013 ---
[36mdocker-tc     |[0m [2026-01-31T07:04:39+00:00] [13f4365275e2] Set delay=200ms, loss=1% on vethfeac532
[36mdocker-tc     |[0m [2026-01-31T07:04:39+00:00] [13f4365275e2] Set bandwidth-limit=5mbps on vethfeac532
[36mdocker-tc     |[0m [2026-01-31T07:04:39+00:00] [13f4365275e2] Controlling traffic of the container /fl-rest_client_018_1 on vethfeac532
[33mserver_1      |[0m INFO:__main__:Writing TensorBoard logs to: fl_logs/tensorboard/Cenario_C_Hibrido_Mu0.01_Alpha0.0_0704
[33mserver_1      |[0m INFO:__main__:Loading CIFAR-10 test dataset...
[32mclient_012_1  |[0m 2026-01-31 07:04:39,750 - __main__ - INFO - --- Starting FL Client: client_012 ---
[32mclient_012_1  |[0m 2026-01-31 07:04:39,755 - __main__ - WARNING - Registration attempt 1 failed: HTTPConnectionPool(host='server', port=5000): Max retries exceeded with url: /register (Caused by NewConnectionError('<urllib3.connection.HTTPConnection object at 0x7d95ccfc6d40>: Failed to establish a new connection: [Errno 111] Connection refused'))
[36mdocker-tc     |[0m [2026-01-31T07:04:39+00:00] [d11518bfcf61] Set delay=20ms on veth0e48bef
[36mdocker-tc     |[0m [2026-01-31T07:04:39+00:00] [d11518bfcf61] Set bandwidth-limit=1gbit on veth0e48bef
[34mclient_014_1  |[0m 2026-01-31 07:04:39,783 - __main__ - INFO - --- Starting FL Client: client_014 ---
[34mclient_014_1  |[0m 2026-01-31 07:04:39,784 - __main__ - WARNING - Registration attempt 1 failed: HTTPConnectionPool(host='server', port=5000): Max retries exceeded with url: /register (Caused by NewConnectionError('<urllib3.connection.HTTPConnection object at 0x782f1c8e6d10>: Failed to establish a new connection: [Errno 111] Connection refused'))
[35;1mclient_018_1  |[0m 2026-01-31 07:04:39,796 - __main__ - INFO - --- Starting FL Client: client_018 ---
[36mdocker-tc     |[0m [2026-01-31T07:04:39+00:00] [d11518bfcf61] Controlling traffic of the container /fl-rest_client_002_1 on veth0e48bef
[33;1mclient_016_1  |[0m 2026-01-31 07:04:39,853 - __main__ - INFO - --- Starting FL Client: client_016 ---
[33;1mclient_016_1  |[0m 2026-01-31 07:04:39,856 - __main__ - WARNING - Registration attempt 1 failed: HTTPConnectionPool(host='server', port=5000): Max retries exceeded with url: /register (Caused by NewConnectionError('<urllib3.connection.HTTPConnection object at 0x77a60c3ead10>: Failed to establish a new connection: [Errno 111] Connection refused'))
[35mclient_013_1  |[0m 2026-01-31 07:04:39,866 - __main__ - WARNING - Registration attempt 1 failed: HTTPConnectionPool(host='server', port=5000): Max retries exceeded with url: /register (Caused by NewConnectionError('<urllib3.connection.HTTPConnection object at 0x7cf9b278ad10>: Failed to establish a new connection: [Errno 111] Connection refused'))
[36;1mclient_015_1  |[0m 2026-01-31 07:04:39,895 - __main__ - INFO - --- Starting FL Client: client_015 ---
[36;1mclient_015_1  |[0m 2026-01-31 07:04:39,898 - __main__ - WARNING - Registration attempt 1 failed: HTTPConnectionPool(host='server', port=5000): Max retries exceeded with url: /register (Caused by NewConnectionError('<urllib3.connection.HTTPConnection object at 0x7c54de91ad10>: Failed to establish a new connection: [Errno 111] Connection refused'))
[34mclient_004_1  |[0m 2026-01-31 07:04:39,907 - __main__ - INFO - --- Starting FL Client: client_004 ---
[32;1mclient_007_1  |[0m 2026-01-31 07:04:39,943 - __main__ - INFO - --- Starting FL Client: client_007 ---
[34mclient_004_1  |[0m 2026-01-31 07:04:39,949 - __main__ - WARNING - Registration attempt 1 failed: HTTPConnectionPool(host='server', port=5000): Max retries exceeded with url: /register (Caused by NewConnectionError('<urllib3.connection.HTTPConnection object at 0x79a6b87e6d10>: Failed to establish a new connection: [Errno 111] Connection refused'))
[32;1mclient_007_1  |[0m 2026-01-31 07:04:39,986 - __main__ - WARNING - Registration attempt 1 failed: HTTPConnectionPool(host='server', port=5000): Max retries exceeded with url: /register (Caused by NewConnectionError('<urllib3.connection.HTTPConnection object at 0x7e98b8de2d10>: Failed to establish a new connection: [Errno 111] Connection refused'))
[36mdocker-tc     |[0m [2026-01-31T07:04:40+00:00] [3689beddfae2] Set delay=200ms, loss=1% on veth963e55e
[36mdocker-tc     |[0m [2026-01-31T07:04:40+00:00] [3689beddfae2] Set bandwidth-limit=5mbps on veth963e55e
[33mserver_1      |[0m INFO:__main__:Test dataset loaded.
[34;1mclient_019_1  |[0m 2026-01-31 07:04:40,076 - __main__ - INFO - --- Starting FL Client: client_019 ---
[33mserver_1      |[0m INFO:__main__:Initial model for round 0 created.
[33mserver_1      |[0m Files already downloaded and verified
[33mserver_1      |[0m  * Serving Flask app 'app'
[33mserver_1      |[0m  * Debug mode: off
[33mserver_1      |[0m INFO:werkzeug:[31m[1mWARNING: This is a development server. Do not use it in a production deployment. Use a production WSGI server instead.[0m
[33mserver_1      |[0m  * Running on all addresses (0.0.0.0)
[33mserver_1      |[0m  * Running on http://127.0.0.1:5000
[33mserver_1      |[0m  * Running on http://172.18.0.2:5000
[33mserver_1      |[0m INFO:werkzeug:[33mPress CTRL+C to quit[0m
[36mclient_020_1  |[0m 2026-01-31 07:04:40,112 - __main__ - INFO - --- Starting FL Client: client_020 ---
[36mdocker-tc     |[0m [2026-01-31T07:04:40+00:00] [3689beddfae2] Controlling traffic of the container /fl-rest_client_019_1 on veth963e55e
[33mserver_1      |[0m INFO:__main__:Client client_020 registered.
[33mserver_1      |[0m INFO:__main__:--- Starting Round 0. Timeout: 600s ---
[36mclient_020_1  |[0m 2026-01-31 07:04:40,117 - __main__ - INFO - ✅ Registered with server successfully.
[33;1mclient_006_1  |[0m 2026-01-31 07:04:40,118 - __main__ - INFO - --- Starting FL Client: client_006 ---
[33mserver_1      |[0m INFO:__main__:Client client_006 registered.
[33;1mclient_006_1  |[0m 2026-01-31 07:04:40,122 - __main__ - INFO - ✅ Registered with server successfully.
[36;1mclient_005_1  |[0m 2026-01-31 07:04:40,134 - __main__ - INFO - --- Starting FL Client: client_005 ---
[33mserver_1      |[0m INFO:__main__:Client client_005 registered.
[36;1mclient_005_1  |[0m 2026-01-31 07:04:40,137 - __main__ - INFO - ✅ Registered with server successfully.
[32;1mclient_017_1  |[0m 2026-01-31 07:04:40,152 - __main__ - INFO - --- Starting FL Client: client_017 ---
[34;1mclient_009_1  |[0m 2026-01-31 07:04:40,154 - __main__ - INFO - --- Starting FL Client: client_009 ---
[33mserver_1      |[0m INFO:__main__:Client client_017 registered.
[33mserver_1      |[0m INFO:__main__:Client client_009 registered.
[32;1mclient_017_1  |[0m 2026-01-31 07:04:40,157 - __main__ - INFO - ✅ Registered with server successfully.
[34;1mclient_009_1  |[0m 2026-01-31 07:04:40,158 - __main__ - INFO - ✅ Registered with server successfully.
[33mclient_011_1  |[0m 2026-01-31 07:04:40,160 - __main__ - INFO - --- Starting FL Client: client_011 ---
[33mserver_1      |[0m INFO:__main__:Client client_011 registered.
[33mclient_011_1  |[0m 2026-01-31 07:04:40,164 - __main__ - INFO - ✅ Registered with server successfully.
[32mclient_002_1  |[0m 2026-01-31 07:04:40,173 - __main__ - INFO - --- Starting FL Client: client_002 ---
[35;1mclient_018_1  |[0m 2026-01-31 07:04:40,199 - __main__ - WARNING - Registration attempt 1 failed: HTTPConnectionPool(host='server', port=5000): Max retries exceeded with url: /register (Caused by NewConnectionError('<urllib3.connection.HTTPConnection object at 0x732bfe682d40>: Failed to establish a new connection: [Errno 111] Connection refused'))
[35mclient_003_1  |[0m 2026-01-31 07:04:40,213 - __main__ - INFO - --- Starting FL Client: client_003 ---
[33mserver_1      |[0m INFO:__main__:Client client_002 registered.
[33mserver_1      |[0m INFO:__main__:Client client_003 registered.
[35mclient_003_1  |[0m 2026-01-31 07:04:40,221 - __main__ - INFO - ✅ Registered with server successfully.
[32mclient_002_1  |[0m 2026-01-31 07:04:40,248 - __main__ - INFO - ✅ Registered with server successfully.
[36mdocker-tc     |[0m [2026-01-31T07:04:40+00:00] [dfe37e19e9e4] Set delay=200ms, loss=1% on veth5fda9da
[35;1mclient_008_1  |[0m 2026-01-31 07:04:40,333 - __main__ - INFO - --- Starting FL Client: client_008 ---
[36mdocker-tc     |[0m [2026-01-31T07:04:40+00:00] [dfe37e19e9e4] Set bandwidth-limit=5mbps on veth5fda9da
[33mserver_1      |[0m INFO:__main__:Client client_008 registered.
[35;1mclient_008_1  |[0m 2026-01-31 07:04:40,337 - __main__ - INFO - ✅ Registered with server successfully.
[36mdocker-tc     |[0m [2026-01-31T07:04:40+00:00] [dfe37e19e9e4] Controlling traffic of the container /fl-rest_client_017_1 on veth5fda9da
[33mclient_001_1  |[0m 2026-01-31 07:04:40,407 - __main__ - INFO - --- Starting FL Client: client_001 ---
[33mserver_1      |[0m INFO:__main__:Client client_001 registered.
[33mclient_001_1  |[0m 2026-01-31 07:04:40,413 - __main__ - INFO - ✅ Registered with server successfully.
[36mclient_010_1  |[0m 2026-01-31 07:04:40,417 - __main__ - INFO - --- Starting FL Client: client_010 ---
[33mserver_1      |[0m INFO:__main__:Client client_010 registered.
[36mclient_010_1  |[0m 2026-01-31 07:04:40,425 - __main__ - INFO - ✅ Registered with server successfully.
[36mclient_020_1  |[0m 2026-01-31 07:04:40,470 - __main__ - INFO - --- New Round Detected: 0 ---
[33mserver_1      |[0m INFO:werkzeug:172.18.0.16 - - [31/Jan/2026 07:04:40] "GET /download_model?round=0 HTTP/1.1" 200 -
[33mserver_1      |[0m INFO:__main__:Client client_019 registered.
[36;1mclient_005_1  |[0m 2026-01-31 07:04:40,499 - __main__ - INFO - --- New Round Detected: 0 ---
[33;1mclient_006_1  |[0m 2026-01-31 07:04:40,499 - __main__ - INFO - --- New Round Detected: 0 ---
[33mserver_1      |[0m INFO:werkzeug:172.18.0.19 - - [31/Jan/2026 07:04:40] "GET /download_model?round=0 HTTP/1.1" 200 -
[33mserver_1      |[0m INFO:werkzeug:172.18.0.20 - - [31/Jan/2026 07:04:40] "GET /download_model?round=0 HTTP/1.1" 200 -
[36mclient_020_1  |[0m /opt/conda/lib/python3.10/site-packages/torch/cuda/amp/grad_scaler.py:125: UserWarning: torch.cuda.amp.GradScaler is enabled, but CUDA is not available.  Disabling.
[36mclient_020_1  |[0m   warnings.warn(
[36mclient_020_1  |[0m /opt/conda/lib/python3.10/site-packages/torch/amp/autocast_mode.py:250: UserWarning: User provided device_type of 'cuda', but CUDA is not available. Disabling
[36mclient_020_1  |[0m   warnings.warn(
[33mclient_011_1  |[0m 2026-01-31 07:04:40,592 - __main__ - INFO - --- New Round Detected: 0 ---
[34;1mclient_009_1  |[0m 2026-01-31 07:04:40,593 - __main__ - INFO - --- New Round Detected: 0 ---
[33mserver_1      |[0m INFO:werkzeug:172.18.0.15 - - [31/Jan/2026 07:04:40] "GET /download_model?round=0 HTTP/1.1" 200 -
[33mserver_1      |[0m INFO:werkzeug:172.18.0.17 - - [31/Jan/2026 07:04:40] "GET /download_model?round=0 HTTP/1.1" 200 -
[36mdocker-tc     |[0m [2026-01-31T07:04:40+00:00] [88bdf5fbc366] Set delay=200ms, loss=1% on veth4c92473
[36mdocker-tc     |[0m [2026-01-31T07:04:40+00:00] [88bdf5fbc366] Set bandwidth-limit=5mbps on veth4c92473
[36mdocker-tc     |[0m [2026-01-31T07:04:40+00:00] [88bdf5fbc366] Controlling traffic of the container /fl-rest_client_015_1 on veth4c92473
[32mclient_002_1  |[0m 2026-01-31 07:04:40,682 - __main__ - INFO - --- New Round Detected: 0 ---
[35mclient_003_1  |[0m 2026-01-31 07:04:40,683 - __main__ - INFO - --- New Round Detected: 0 ---
[33mserver_1      |[0m INFO:werkzeug:172.18.0.14 - - [31/Jan/2026 07:04:40] "GET /download_model?round=0 HTTP/1.1" 200 -
[34;1mclient_019_1  |[0m 2026-01-31 07:04:40,690 - __main__ - INFO - ✅ Registered with server successfully.
[33mserver_1      |[0m INFO:werkzeug:172.18.0.7 - - [31/Jan/2026 07:04:40] "GET /download_model?round=0 HTTP/1.1" 200 -
[33mclient_011_1  |[0m /opt/conda/lib/python3.10/site-packages/torch/cuda/amp/grad_scaler.py:125: UserWarning: torch.cuda.amp.GradScaler is enabled, but CUDA is not available.  Disabling.
[33mclient_011_1  |[0m   warnings.warn(
[35;1mclient_008_1  |[0m 2026-01-31 07:04:40,720 - __main__ - INFO - --- New Round Detected: 0 ---
[33mserver_1      |[0m INFO:werkzeug:172.18.0.22 - - [31/Jan/2026 07:04:40] "GET /download_model?round=0 HTTP/1.1" 200 -
[33mclient_011_1  |[0m /opt/conda/lib/python3.10/site-packages/torch/amp/autocast_mode.py:250: UserWarning: User provided device_type of 'cuda', but CUDA is not available. Disabling
[33mclient_011_1  |[0m   warnings.warn(
[36mclient_010_1  |[0m 2026-01-31 07:04:40,801 - __main__ - INFO - --- New Round Detected: 0 ---
[33mserver_1      |[0m INFO:werkzeug:172.18.0.18 - - [31/Jan/2026 07:04:40] "GET /download_model?round=0 HTTP/1.1" 200 -
[33mclient_001_1  |[0m 2026-01-31 07:04:40,855 - __main__ - INFO - --- New Round Detected: 0 ---
[33mserver_1      |[0m INFO:werkzeug:172.18.0.21 - - [31/Jan/2026 07:04:40] "GET /download_model?round=0 HTTP/1.1" 200 -
[32;1mclient_017_1  |[0m 2026-01-31 07:04:40,901 - __main__ - INFO - --- New Round Detected: 0 ---
[36mdocker-tc     |[0m [2026-01-31T07:04:40+00:00] [4e4b06c5b593] Set delay=200ms, loss=1% on vethf474496
[36mdocker-tc     |[0m [2026-01-31T07:04:40+00:00] [4e4b06c5b593] Set bandwidth-limit=5mbps on vethf474496
[36mdocker-tc     |[0m [2026-01-31T07:04:40+00:00] [4e4b06c5b593] Controlling traffic of the container /fl-rest_client_012_1 on vethf474496
[33mserver_1      |[0m INFO:werkzeug:172.18.0.9 - - [31/Jan/2026 07:04:41] "GET /download_model?round=0 HTTP/1.1" 200 -
[36mdocker-tc     |[0m [2026-01-31T07:04:41+00:00] [39a21b27b982] Set delay=200ms, loss=1% on veth128558b
[36mdocker-tc     |[0m [2026-01-31T07:04:41+00:00] [39a21b27b982] Set bandwidth-limit=5mbps on veth128558b
[36mdocker-tc     |[0m [2026-01-31T07:04:41+00:00] [39a21b27b982] Controlling traffic of the container /fl-rest_client_014_1 on veth128558b
[36mdocker-tc     |[0m [2026-01-31T07:04:41+00:00] [1ec00481c87c] Set delay=200ms, loss=1% on vethb2bb7de
[36mdocker-tc     |[0m [2026-01-31T07:04:41+00:00] [1ec00481c87c] Set bandwidth-limit=5mbps on vethb2bb7de
[36mdocker-tc     |[0m [2026-01-31T07:04:41+00:00] [1ec00481c87c] Controlling traffic of the container /fl-rest_client_016_1 on vethb2bb7de
[34;1mclient_019_1  |[0m 2026-01-31 07:04:41,535 - __main__ - INFO - --- New Round Detected: 0 ---
[36mdocker-tc     |[0m [2026-01-31T07:04:41+00:00] [d95b6c7c4f87] Set delay=20ms on vethba66815
[36mdocker-tc     |[0m [2026-01-31T07:04:41+00:00] [d95b6c7c4f87] Set bandwidth-limit=1gbit on vethba66815
[36mdocker-tc     |[0m [2026-01-31T07:04:41+00:00] [d95b6c7c4f87] Controlling traffic of the container /fl-rest_client_003_1 on vethba66815
[33mserver_1      |[0m INFO:werkzeug:172.18.0.8 - - [31/Jan/2026 07:04:41] "GET /download_model?round=0 HTTP/1.1" 200 -
[36mdocker-tc     |[0m [2026-01-31T07:04:41+00:00] [c6f37327d434] Set delay=200ms, loss=1% on veth3087103
[36mdocker-tc     |[0m [2026-01-31T07:04:41+00:00] [c6f37327d434] Set bandwidth-limit=5mbps on veth3087103
[36mdocker-tc     |[0m [2026-01-31T07:04:41+00:00] [c6f37327d434] Controlling traffic of the container /fl-rest_client_011_1 on veth3087103
[36mdocker-tc     |[0m [2026-01-31T07:04:42+00:00] [0ffbfe369204] Set delay=200ms, loss=1% on vethbc2843f
[36mdocker-tc     |[0m [2026-01-31T07:04:42+00:00] [0ffbfe369204] Set bandwidth-limit=5mbps on vethbc2843f
[36mdocker-tc     |[0m [2026-01-31T07:04:42+00:00] [0ffbfe369204] Controlling traffic of the container /fl-rest_client_020_1 on vethbc2843f
[32;1mclient_017_1  |[0m /opt/conda/lib/python3.10/site-packages/torch/cuda/amp/grad_scaler.py:125: UserWarning: torch.cuda.amp.GradScaler is enabled, but CUDA is not available.  Disabling.
[32;1mclient_017_1  |[0m   warnings.warn(
[32;1mclient_017_1  |[0m /opt/conda/lib/python3.10/site-packages/torch/amp/autocast_mode.py:250: UserWarning: User provided device_type of 'cuda', but CUDA is not available. Disabling
[32;1mclient_017_1  |[0m   warnings.warn(
[36mdocker-tc     |[0m [2026-01-31T07:04:42+00:00] [1bdd6609d40b] Set delay=20ms on veth86d7ce4
[36mdocker-tc     |[0m [2026-01-31T07:04:42+00:00] [1bdd6609d40b] Set bandwidth-limit=1gbit on veth86d7ce4
[36mdocker-tc     |[0m [2026-01-31T07:04:42+00:00] [1bdd6609d40b] Controlling traffic of the container /fl-rest_client_009_1 on veth86d7ce4
[36mdocker-tc     |[0m [2026-01-31T07:04:42+00:00] [fe2577d557c4] Set delay=20ms on veth7728423
[36mdocker-tc     |[0m [2026-01-31T07:04:42+00:00] [fe2577d557c4] Set bandwidth-limit=1gbit on veth7728423
[36mdocker-tc     |[0m [2026-01-31T07:04:42+00:00] [fe2577d557c4] Controlling traffic of the container /fl-rest_client_005_1 on veth7728423
[33mserver_1      |[0m INFO:__main__:Client client_012 registered.
[33mserver_1      |[0m INFO:__main__:Client client_004 registered.
[33mserver_1      |[0m INFO:__main__:Client client_014 registered.
[34mclient_004_1  |[0m 2026-01-31 07:04:43,008 - __main__ - INFO - ✅ Registered with server successfully.
[33mserver_1      |[0m INFO:__main__:Client client_007 registered.
[32;1mclient_007_1  |[0m 2026-01-31 07:04:43,043 - __main__ - INFO - ✅ Registered with server successfully.
[36mdocker-tc     |[0m [2026-01-31T07:04:43+00:00] [2c9119fc1134] Set delay=20ms on veth0da3138
[36mdocker-tc     |[0m [2026-01-31T07:04:43+00:00] [2c9119fc1134] Set bandwidth-limit=1gbit on veth0da3138
[33mserver_1      |[0m INFO:__main__:Client client_016 registered.
[33mserver_1      |[0m INFO:__main__:Client client_013 registered.
[36mdocker-tc     |[0m [2026-01-31T07:04:43+00:00] [2c9119fc1134] Controlling traffic of the container /fl-rest_client_010_1 on veth0da3138
[33mserver_1      |[0m INFO:__main__:Client client_015 registered.
[32mclient_012_1  |[0m 2026-01-31 07:04:43,172 - __main__ - INFO - ✅ Registered with server successfully.
[34;1mclient_019_1  |[0m /opt/conda/lib/python3.10/site-packages/torch/cuda/amp/grad_scaler.py:125: UserWarning: torch.cuda.amp.GradScaler is enabled, but CUDA is not available.  Disabling.
[34;1mclient_019_1  |[0m   warnings.warn(
[34;1mclient_019_1  |[0m /opt/conda/lib/python3.10/site-packages/torch/amp/autocast_mode.py:250: UserWarning: User provided device_type of 'cuda', but CUDA is not available. Disabling
[34;1mclient_019_1  |[0m   warnings.warn(
[34mclient_014_1  |[0m 2026-01-31 07:04:43,219 - __main__ - INFO - ✅ Registered with server successfully.
[33;1mclient_016_1  |[0m 2026-01-31 07:04:43,276 - __main__ - INFO - ✅ Registered with server successfully.
[35mclient_013_1  |[0m 2026-01-31 07:04:43,288 - __main__ - INFO - ✅ Registered with server successfully.
[36mdocker-tc     |[0m [2026-01-31T07:04:43+00:00] [881ec0c74767] Set delay=20ms on veth7b4e158
[36mdocker-tc     |[0m [2026-01-31T07:04:43+00:00] [881ec0c74767] Set bandwidth-limit=1gbit on veth7b4e158
[36;1mclient_015_1  |[0m 2026-01-31 07:04:43,322 - __main__ - INFO - ✅ Registered with server successfully.
[36mdocker-tc     |[0m [2026-01-31T07:04:43+00:00] [881ec0c74767] Controlling traffic of the container /fl-rest_client_006_1 on veth7b4e158
[33mserver_1      |[0m INFO:__main__:Client client_018 registered.
[33mserver_1      |[0m INFO:werkzeug:172.18.0.5 - - [31/Jan/2026 07:04:43] "GET /download_model?round=0 HTTP/1.1" 200 -
[32;1mclient_007_1  |[0m 2026-01-31 07:04:43,555 - __main__ - INFO - --- New Round Detected: 0 ---
[34mclient_004_1  |[0m 2026-01-31 07:04:43,612 - __main__ - INFO - --- New Round Detected: 0 ---
[35;1mclient_018_1  |[0m 2026-01-31 07:04:43,616 - __main__ - INFO - ✅ Registered with server successfully.
[33mserver_1      |[0m INFO:werkzeug:172.18.0.4 - - [31/Jan/2026 07:04:43] "GET /download_model?round=0 HTTP/1.1" 200 -
[36mdocker-tc     |[0m [2026-01-31T07:04:43+00:00] [4b79e09d4103] Set delay=20ms on vethdacb83d
[36mdocker-tc     |[0m [2026-01-31T07:04:43+00:00] [4b79e09d4103] Set bandwidth-limit=1gbit on vethdacb83d
[36mdocker-tc     |[0m [2026-01-31T07:04:43+00:00] [4b79e09d4103] Controlling traffic of the container /fl-rest_client_001_1 on vethdacb83d
[34mclient_014_1  |[0m 2026-01-31 07:04:44,023 - __main__ - INFO - --- New Round Detected: 0 ---
[36;1mclient_015_1  |[0m 2026-01-31 07:04:44,066 - __main__ - INFO - --- New Round Detected: 0 ---
[32mclient_012_1  |[0m 2026-01-31 07:04:44,077 - __main__ - INFO - --- New Round Detected: 0 ---
[35mclient_013_1  |[0m 2026-01-31 07:04:44,158 - __main__ - INFO - --- New Round Detected: 0 ---
[33;1mclient_016_1  |[0m 2026-01-31 07:04:44,178 - __main__ - INFO - --- New Round Detected: 0 ---
[33mserver_1      |[0m INFO:werkzeug:172.18.0.12 - - [31/Jan/2026 07:04:44] "GET /download_model?round=0 HTTP/1.1" 200 -
[36mdocker-tc     |[0m [2026-01-31T07:04:44+00:00] [90f08a1a3348] Set delay=20ms on veth22cc872
[36mdocker-tc     |[0m [2026-01-31T07:04:44+00:00] [90f08a1a3348] Set bandwidth-limit=1gbit on veth22cc872
[36mdocker-tc     |[0m [2026-01-31T07:04:44+00:00] [90f08a1a3348] Controlling traffic of the container /fl-rest_client_008_1 on veth22cc872
[33mserver_1      |[0m INFO:werkzeug:172.18.0.10 - - [31/Jan/2026 07:04:44] "GET /download_model?round=0 HTTP/1.1" 200 -
[33mserver_1      |[0m INFO:werkzeug:172.18.0.11 - - [31/Jan/2026 07:04:44] "GET /download_model?round=0 HTTP/1.1" 200 -
[33mserver_1      |[0m INFO:werkzeug:172.18.0.3 - - [31/Jan/2026 07:04:44] "GET /download_model?round=0 HTTP/1.1" 200 -
[33mserver_1      |[0m INFO:werkzeug:172.18.0.13 - - [31/Jan/2026 07:04:44] "GET /download_model?round=0 HTTP/1.1" 200 -
[35;1mclient_018_1  |[0m 2026-01-31 07:04:44,492 - __main__ - INFO - --- New Round Detected: 0 ---
[36;1mclient_005_1  |[0m 2026-01-31 07:04:44,612 - __main__ - INFO - Round 0 finished. Loss: 0.0000, Acc: 0.00%
[33mserver_1      |[0m INFO:werkzeug:172.18.0.6 - - [31/Jan/2026 07:04:44] "GET /download_model?round=0 HTTP/1.1" 200 -
[33mserver_1      |[0m INFO:__main__:Received update from client_005
[33mserver_1      |[0m INFO:werkzeug:172.18.0.19 - - [31/Jan/2026 07:04:44] "POST /submit_update HTTP/1.1" 200 -
[36;1mclient_005_1  |[0m 2026-01-31 07:04:44,775 - __main__ - INFO - 🚀 Model update submitted successfully.
[36;1mclient_005_1  |[0m 2026-01-31 07:04:44,775 - __main__ - INFO - Update submitted for Round 0. Waiting...
[32mclient_012_1  |[0m /opt/conda/lib/python3.10/site-packages/torch/cuda/amp/grad_scaler.py:125: UserWarning: torch.cuda.amp.GradScaler is enabled, but CUDA is not available.  Disabling.
[32mclient_012_1  |[0m   warnings.warn(
[32mclient_012_1  |[0m /opt/conda/lib/python3.10/site-packages/torch/amp/autocast_mode.py:250: UserWarning: User provided device_type of 'cuda', but CUDA is not available. Disabling
[32mclient_012_1  |[0m   warnings.warn(
[34mclient_014_1  |[0m /opt/conda/lib/python3.10/site-packages/torch/cuda/amp/grad_scaler.py:125: UserWarning: torch.cuda.amp.GradScaler is enabled, but CUDA is not available.  Disabling.
[34mclient_014_1  |[0m   warnings.warn(
[34mclient_014_1  |[0m /opt/conda/lib/python3.10/site-packages/torch/amp/autocast_mode.py:250: UserWarning: User provided device_type of 'cuda', but CUDA is not available. Disabling
[34mclient_014_1  |[0m   warnings.warn(
[35mclient_013_1  |[0m /opt/conda/lib/python3.10/site-packages/torch/cuda/amp/grad_scaler.py:125: UserWarning: torch.cuda.amp.GradScaler is enabled, but CUDA is not available.  Disabling.
[35mclient_013_1  |[0m   warnings.warn(
[35mclient_013_1  |[0m /opt/conda/lib/python3.10/site-packages/torch/amp/autocast_mode.py:250: UserWarning: User provided device_type of 'cuda', but CUDA is not available. Disabling
[35mclient_013_1  |[0m   warnings.warn(
[32mclient_002_1  |[0m 2026-01-31 07:04:45,985 - __main__ - INFO - Round 0 finished. Loss: 0.0000, Acc: 0.00%
[35;1mclient_008_1  |[0m 2026-01-31 07:04:46,018 - __main__ - INFO - Round 0 finished. Loss: 0.0000, Acc: 0.00%
[33mserver_1      |[0m INFO:__main__:Received update from client_002
[33mserver_1      |[0m INFO:werkzeug:172.18.0.7 - - [31/Jan/2026 07:04:46] "POST /submit_update HTTP/1.1" 200 -
[33mclient_001_1  |[0m 2026-01-31 07:04:46,091 - __main__ - INFO - Round 0 finished. Loss: 0.0000, Acc: 0.00%
[32mclient_002_1  |[0m 2026-01-31 07:04:46,119 - __main__ - INFO - 🚀 Model update submitted successfully.
[32mclient_002_1  |[0m 2026-01-31 07:04:46,119 - __main__ - INFO - Update submitted for Round 0. Waiting...
[33mserver_1      |[0m INFO:__main__:Received update from client_008
[33mserver_1      |[0m INFO:werkzeug:172.18.0.22 - - [31/Jan/2026 07:04:46] "POST /submit_update HTTP/1.1" 200 -
[35;1mclient_008_1  |[0m 2026-01-31 07:04:46,154 - __main__ - INFO - 🚀 Model update submitted successfully.
[35;1mclient_008_1  |[0m 2026-01-31 07:04:46,154 - __main__ - INFO - Update submitted for Round 0. Waiting...
[33;1mclient_016_1  |[0m /opt/conda/lib/python3.10/site-packages/torch/cuda/amp/grad_scaler.py:125: UserWarning: torch.cuda.amp.GradScaler is enabled, but CUDA is not available.  Disabling.
[33;1mclient_016_1  |[0m   warnings.warn(
[33;1mclient_016_1  |[0m /opt/conda/lib/python3.10/site-packages/torch/amp/autocast_mode.py:250: UserWarning: User provided device_type of 'cuda', but CUDA is not available. Disabling
[33;1mclient_016_1  |[0m   warnings.warn(
[33mserver_1      |[0m INFO:__main__:Received update from client_001
[33mserver_1      |[0m INFO:werkzeug:172.18.0.21 - - [31/Jan/2026 07:04:46] "POST /submit_update HTTP/1.1" 200 -
[33mclient_001_1  |[0m 2026-01-31 07:04:46,227 - __main__ - INFO - 🚀 Model update submitted successfully.
[33mclient_001_1  |[0m 2026-01-31 07:04:46,227 - __main__ - INFO - Update submitted for Round 0. Waiting...
[35;1mclient_018_1  |[0m /opt/conda/lib/python3.10/site-packages/torch/cuda/amp/grad_scaler.py:125: UserWarning: torch.cuda.amp.GradScaler is enabled, but CUDA is not available.  Disabling.
[35;1mclient_018_1  |[0m   warnings.warn(
[35;1mclient_018_1  |[0m /opt/conda/lib/python3.10/site-packages/torch/amp/autocast_mode.py:250: UserWarning: User provided device_type of 'cuda', but CUDA is not available. Disabling
[35;1mclient_018_1  |[0m   warnings.warn(
[34;1mclient_009_1  |[0m 2026-01-31 07:04:46,926 - __main__ - INFO - Round 0 finished. Loss: 0.0000, Acc: 0.00%
[33;1mclient_006_1  |[0m 2026-01-31 07:04:46,937 - __main__ - INFO - Round 0 finished. Loss: 0.0000, Acc: 0.00%
[33mserver_1      |[0m INFO:__main__:Received update from client_009
[33mserver_1      |[0m INFO:__main__:--- Aggregating 5 updates ---
[33mserver_1      |[0m INFO:__main__:⚡ Using Custom Aggregator with Drift Metric...
[33mserver_1      |[0m INFO:server.aggregator:Starting FedAvg aggregation for 5 clients.
[36mclient_010_1  |[0m 2026-01-31 07:04:47,462 - __main__ - INFO - Round 0 finished. Loss: 0.0000, Acc: 0.00%
[33mserver_1      |[0m INFO:werkzeug:172.18.0.18 - - [31/Jan/2026 07:04:47] "[31m[1mPOST /submit_update HTTP/1.1[0m" 400 -
[36mclient_010_1  |[0m 2026-01-31 07:04:47,530 - __main__ - ERROR - Update submission failed: {"error":"Not accepting updates"}
[36mclient_010_1  |[0m 
[36mclient_010_1  |[0m 2026-01-31 07:04:47,531 - __main__ - INFO - Update submitted for Round 0. Waiting...
[36;1mclient_015_1  |[0m /opt/conda/lib/python3.10/site-packages/torch/cuda/amp/grad_scaler.py:125: UserWarning: torch.cuda.amp.GradScaler is enabled, but CUDA is not available.  Disabling.
[36;1mclient_015_1  |[0m   warnings.warn(
[36;1mclient_015_1  |[0m /opt/conda/lib/python3.10/site-packages/torch/amp/autocast_mode.py:250: UserWarning: User provided device_type of 'cuda', but CUDA is not available. Disabling
[36;1mclient_015_1  |[0m   warnings.warn(
[33mserver_1      |[0m INFO:server.aggregator:--- [METRIC] Weight Divergence: 1.5447
[33mserver_1      |[0m INFO:server.aggregator:FedAvg aggregation complete.
[33mserver_1      |[0m INFO:__main__:Aggregation complete.
[33mserver_1      |[0m ⏱️ [TIME] Client client_005 finished training in 3.59s
[33mserver_1      |[0m ⏱️ [TIME] Client client_002 finished training in 4.16s
[33mserver_1      |[0m ⏱️ [TIME] Client client_008 finished training in 4.24s
[33mserver_1      |[0m ⏱️ [TIME] Client client_001 finished training in 4.28s
[33mserver_1      |[0m ⏱️ [TIME] Client client_009 finished training in 5.47s
[33mserver_1      |[0m DEBUG: ⚠️ MY CUSTOM AGGREGATOR IS RUNNING ⚠️
[33mserver_1      |[0m ⏱️ [TIME] Client client_006 finished training in 5.96s
[35mclient_003_1  |[0m 2026-01-31 07:04:50,096 - __main__ - INFO - Round 0 finished. Loss: 0.0000, Acc: 0.00%
[33mserver_1      |[0m INFO:werkzeug:172.18.0.14 - - [31/Jan/2026 07:04:50] "[31m[1mPOST /submit_update HTTP/1.1[0m" 400 -
[35mclient_003_1  |[0m 2026-01-31 07:04:50,167 - __main__ - ERROR - Update submission failed: {"error":"Not accepting updates"}
[35mclient_003_1  |[0m 
[35mclient_003_1  |[0m 2026-01-31 07:04:50,167 - __main__ - INFO - Update submitted for Round 0. Waiting...
[33mserver_1      |[0m INFO:__main__:💾 Saving metrics to results/metrics.csv...
[33mserver_1      |[0m INFO:__main__:--- Round 0 Acc: 16.37%, Loss: 2.1767 ---
[33mserver_1      |[0m INFO:__main__:--- Starting Round 1. Timeout: 600s ---
[33mserver_1      |[0m INFO:werkzeug:172.18.0.17 - - [31/Jan/2026 07:04:50] "POST /submit_update HTTP/1.1" 200 -
[33mserver_1      |[0m INFO:__main__:Received update from client_006
[33mserver_1      |[0m INFO:werkzeug:172.18.0.20 - - [31/Jan/2026 07:04:50] "POST /submit_update HTTP/1.1" 200 -
[34;1mclient_009_1  |[0m 2026-01-31 07:04:50,991 - __main__ - INFO - 🚀 Model update submitted successfully.
[34;1mclient_009_1  |[0m 2026-01-31 07:04:50,991 - __main__ - INFO - Update submitted for Round 0. Waiting...
[33;1mclient_006_1  |[0m 2026-01-31 07:04:50,991 - __main__ - INFO - 🚀 Model update submitted successfully.
[33;1mclient_006_1  |[0m 2026-01-31 07:04:50,991 - __main__ - INFO - Update submitted for Round 0. Waiting...
[34mclient_004_1  |[0m 2026-01-31 07:04:51,020 - __main__ - INFO - Round 0 finished. Loss: 0.0000, Acc: 0.00%
[33mserver_1      |[0m INFO:__main__:Received update from client_004
[33mserver_1      |[0m INFO:werkzeug:172.18.0.4 - - [31/Jan/2026 07:04:51] "POST /submit_update HTTP/1.1" 200 -
[34mclient_004_1  |[0m 2026-01-31 07:04:51,178 - __main__ - INFO - 🚀 Model update submitted successfully.
[34mclient_004_1  |[0m 2026-01-31 07:04:51,178 - __main__ - INFO - Update submitted for Round 0. Waiting...
[32;1mclient_007_1  |[0m 2026-01-31 07:04:52,785 - __main__ - INFO - Round 0 finished. Loss: 0.0000, Acc: 0.00%
[33mserver_1      |[0m INFO:__main__:Received update from client_007
[33mserver_1      |[0m INFO:werkzeug:172.18.0.5 - - [31/Jan/2026 07:04:52] "POST /submit_update HTTP/1.1" 200 -
[32;1mclient_007_1  |[0m 2026-01-31 07:04:52,924 - __main__ - INFO - 🚀 Model update submitted successfully.
[32;1mclient_007_1  |[0m 2026-01-31 07:04:52,924 - __main__ - INFO - Update submitted for Round 0. Waiting...
[36;1mclient_005_1  |[0m 2026-01-31 07:04:54,840 - __main__ - INFO - --- New Round Detected: 1 ---
[33mserver_1      |[0m INFO:werkzeug:172.18.0.19 - - [31/Jan/2026 07:04:54] "GET /download_model?round=1 HTTP/1.1" 200 -
[32mclient_002_1  |[0m 2026-01-31 07:04:56,182 - __main__ - INFO - --- New Round Detected: 1 ---
[33mserver_1      |[0m INFO:werkzeug:172.18.0.7 - - [31/Jan/2026 07:04:56] "GET /download_model?round=1 HTTP/1.1" 200 -
[35;1mclient_008_1  |[0m 2026-01-31 07:04:56,240 - __main__ - INFO - --- New Round Detected: 1 ---
[33mclient_001_1  |[0m 2026-01-31 07:04:56,294 - __main__ - INFO - --- New Round Detected: 1 ---
[33mserver_1      |[0m INFO:werkzeug:172.18.0.22 - - [31/Jan/2026 07:04:56] "GET /download_model?round=1 HTTP/1.1" 200 -
[33mserver_1      |[0m INFO:werkzeug:172.18.0.21 - - [31/Jan/2026 07:04:56] "GET /download_model?round=1 HTTP/1.1" 200 -
[36mclient_010_1  |[0m 2026-01-31 07:04:57,611 - __main__ - INFO - --- New Round Detected: 1 ---
[33mserver_1      |[0m INFO:werkzeug:172.18.0.18 - - [31/Jan/2026 07:04:57] "GET /download_model?round=1 HTTP/1.1" 200 -
[36;1mclient_005_1  |[0m 2026-01-31 07:04:57,912 - __main__ - INFO - Round 1 finished. Loss: 0.0000, Acc: 0.00%
[33mserver_1      |[0m INFO:__main__:Received update from client_005
[33mserver_1      |[0m INFO:werkzeug:172.18.0.19 - - [31/Jan/2026 07:04:58] "POST /submit_update HTTP/1.1" 200 -
[36;1mclient_005_1  |[0m 2026-01-31 07:04:58,050 - __main__ - INFO - 🚀 Model update submitted successfully.
[36;1mclient_005_1  |[0m 2026-01-31 07:04:58,050 - __main__ - INFO - Update submitted for Round 1. Waiting...
[35;1mclient_008_1  |[0m 2026-01-31 07:04:58,239 - __main__ - INFO - Round 1 finished. Loss: 0.0000, Acc: 0.00%
[33mserver_1      |[0m INFO:__main__:Received update from client_008
[33mserver_1      |[0m INFO:__main__:--- Aggregating 5 updates ---
[33mserver_1      |[0m INFO:__main__:⚡ Using Custom Aggregator with Drift Metric...
[33mserver_1      |[0m INFO:server.aggregator:Starting FedAvg aggregation for 5 clients.
[32mclient_002_1  |[0m 2026-01-31 07:04:59,937 - __main__ - INFO - Round 1 finished. Loss: 0.0000, Acc: 0.00%
[33mserver_1      |[0m INFO:server.aggregator:--- [METRIC] Weight Divergence: 1.8529
[33mserver_1      |[0m INFO:server.aggregator:FedAvg aggregation complete.
[33mserver_1      |[0m INFO:__main__:Aggregation complete.
[33mserver_1      |[0m INFO:werkzeug:172.18.0.7 - - [31/Jan/2026 07:04:59] "[31m[1mPOST /submit_update HTTP/1.1[0m" 400 -
[32mclient_002_1  |[0m 2026-01-31 07:05:00,003 - __main__ - ERROR - Update submission failed: {"error":"Not accepting updates"}
[32mclient_002_1  |[0m 
[32mclient_002_1  |[0m 2026-01-31 07:05:00,006 - __main__ - INFO - Update submitted for Round 1. Waiting...
[33mserver_1      |[0m ⏱️ [TIME] Client client_004 finished training in 6.43s
[33mserver_1      |[0m ⏱️ [TIME] Client client_007 finished training in 8.31s
[33mserver_1      |[0m ⏱️ [TIME] Client client_005 finished training in 2.82s
[33mserver_1      |[0m ⏱️ [TIME] Client client_008 finished training in 1.66s
[33mserver_1      |[0m DEBUG: ⚠️ MY CUSTOM AGGREGATOR IS RUNNING ⚠️
[35mclient_003_1  |[0m 2026-01-31 07:05:00,245 - __main__ - INFO - --- New Round Detected: 1 ---
[33mserver_1      |[0m INFO:werkzeug:172.18.0.14 - - [31/Jan/2026 07:05:00] "GET /download_model?round=1 HTTP/1.1" 200 -
[33mclient_001_1  |[0m 2026-01-31 07:05:00,425 - __main__ - INFO - Round 1 finished. Loss: 0.0000, Acc: 0.00%
[33mserver_1      |[0m INFO:werkzeug:172.18.0.21 - - [31/Jan/2026 07:05:00] "[31m[1mPOST /submit_update HTTP/1.1[0m" 400 -
[33mclient_001_1  |[0m 2026-01-31 07:05:00,490 - __main__ - ERROR - Update submission failed: {"error":"Not accepting updates"}
[33mclient_001_1  |[0m 
[33mclient_001_1  |[0m 2026-01-31 07:05:00,492 - __main__ - INFO - Update submitted for Round 1. Waiting...
[34;1mclient_009_1  |[0m 2026-01-31 07:05:01,052 - __main__ - INFO - --- New Round Detected: 1 ---
[33;1mclient_006_1  |[0m 2026-01-31 07:05:01,068 - __main__ - INFO - --- New Round Detected: 1 ---
[33mserver_1      |[0m INFO:werkzeug:172.18.0.17 - - [31/Jan/2026 07:05:01] "GET /download_model?round=1 HTTP/1.1" 200 -
[33mserver_1      |[0m INFO:werkzeug:172.18.0.20 - - [31/Jan/2026 07:05:01] "GET /download_model?round=1 HTTP/1.1" 200 -
[33mserver_1      |[0m INFO:__main__:💾 Saving metrics to results/metrics.csv...
[33mserver_1      |[0m INFO:__main__:--- Round 1 Acc: 21.19%, Loss: 2.1758 ---
[33mserver_1      |[0m INFO:__main__:--- Starting Round 2. Timeout: 600s ---
[33mserver_1      |[0m INFO:werkzeug:172.18.0.22 - - [31/Jan/2026 07:05:01] "POST /submit_update HTTP/1.1" 200 -
[35;1mclient_008_1  |[0m 2026-01-31 07:05:01,157 - __main__ - INFO - 🚀 Model update submitted successfully.
[35;1mclient_008_1  |[0m 2026-01-31 07:05:01,157 - __main__ - INFO - Update submitted for Round 1. Waiting...
[34mclient_004_1  |[0m 2026-01-31 07:05:01,247 - __main__ - INFO - --- New Round Detected: 2 ---
[33mserver_1      |[0m INFO:werkzeug:172.18.0.4 - - [31/Jan/2026 07:05:01] "GET /download_model?round=2 HTTP/1.1" 200 -
[32;1mclient_007_1  |[0m 2026-01-31 07:05:02,987 - __main__ - INFO - --- New Round Detected: 2 ---
[33mserver_1      |[0m INFO:werkzeug:172.18.0.5 - - [31/Jan/2026 07:05:03] "GET /download_model?round=2 HTTP/1.1" 200 -
[36mclient_010_1  |[0m 2026-01-31 07:05:03,423 - __main__ - INFO - Round 1 finished. Loss: 0.0000, Acc: 0.00%
[33mserver_1      |[0m INFO:__main__:Received update from client_010
[33mserver_1      |[0m INFO:werkzeug:172.18.0.18 - - [31/Jan/2026 07:05:03] "POST /submit_update HTTP/1.1" 200 -
[36mclient_010_1  |[0m 2026-01-31 07:05:03,560 - __main__ - INFO - 🚀 Model update submitted successfully.
[36mclient_010_1  |[0m 2026-01-31 07:05:03,560 - __main__ - INFO - Update submitted for Round 1. Waiting...
[33;1mclient_006_1  |[0m 2026-01-31 07:05:04,426 - __main__ - INFO - Round 1 finished. Loss: 0.0000, Acc: 0.00%
[33mserver_1      |[0m INFO:__main__:Received update from client_006
[33mserver_1      |[0m INFO:werkzeug:172.18.0.20 - - [31/Jan/2026 07:05:04] "POST /submit_update HTTP/1.1" 200 -
[33;1mclient_006_1  |[0m 2026-01-31 07:05:04,585 - __main__ - INFO - 🚀 Model update submitted successfully.
[33;1mclient_006_1  |[0m 2026-01-31 07:05:04,585 - __main__ - INFO - Update submitted for Round 1. Waiting...
[34;1mclient_009_1  |[0m 2026-01-31 07:05:05,865 - __main__ - INFO - Round 1 finished. Loss: 0.0000, Acc: 0.00%
[33mserver_1      |[0m INFO:__main__:Received update from client_009
[33mserver_1      |[0m INFO:werkzeug:172.18.0.17 - - [31/Jan/2026 07:05:05] "POST /submit_update HTTP/1.1" 200 -
[34;1mclient_009_1  |[0m 2026-01-31 07:05:06,000 - __main__ - INFO - 🚀 Model update submitted successfully.
[34;1mclient_009_1  |[0m 2026-01-31 07:05:06,000 - __main__ - INFO - Update submitted for Round 1. Waiting...
[32;1mclient_007_1  |[0m 2026-01-31 07:05:06,726 - __main__ - INFO - Round 2 finished. Loss: 0.0000, Acc: 0.00%
[33mserver_1      |[0m INFO:__main__:Received update from client_007
[33mserver_1      |[0m INFO:werkzeug:172.18.0.5 - - [31/Jan/2026 07:05:06] "POST /submit_update HTTP/1.1" 200 -
[32;1mclient_007_1  |[0m 2026-01-31 07:05:06,861 - __main__ - INFO - 🚀 Model update submitted successfully.
[32;1mclient_007_1  |[0m 2026-01-31 07:05:06,863 - __main__ - INFO - Update submitted for Round 2. Waiting...
[34mclient_004_1  |[0m 2026-01-31 07:05:07,498 - __main__ - INFO - Round 2 finished. Loss: 0.0000, Acc: 0.00%
[33mserver_1      |[0m INFO:__main__:Received update from client_004
[33mserver_1      |[0m INFO:__main__:--- Aggregating 5 updates ---
[33mserver_1      |[0m INFO:__main__:⚡ Using Custom Aggregator with Drift Metric...
[33mserver_1      |[0m INFO:server.aggregator:Starting FedAvg aggregation for 5 clients.
[36;1mclient_005_1  |[0m 2026-01-31 07:05:08,112 - __main__ - INFO - --- New Round Detected: 2 ---
[33mserver_1      |[0m INFO:werkzeug:172.18.0.19 - - [31/Jan/2026 07:05:08] "GET /download_model?round=2 HTTP/1.1" 200 -
[35mclient_003_1  |[0m 2026-01-31 07:05:08,340 - __main__ - INFO - Round 1 finished. Loss: 0.0000, Acc: 0.00%
[33mserver_1      |[0m INFO:werkzeug:172.18.0.14 - - [31/Jan/2026 07:05:08] "[31m[1mPOST /submit_update HTTP/1.1[0m" 400 -
[35mclient_003_1  |[0m 2026-01-31 07:05:08,404 - __main__ - ERROR - Update submission failed: {"error":"Not accepting updates"}
[35mclient_003_1  |[0m 
[35mclient_003_1  |[0m 2026-01-31 07:05:08,404 - __main__ - INFO - Update submitted for Round 1. Waiting...
[33mserver_1      |[0m INFO:server.aggregator:--- [METRIC] Weight Divergence: 1.6354
[33mserver_1      |[0m INFO:server.aggregator:FedAvg aggregation complete.
[33mserver_1      |[0m INFO:__main__:Aggregation complete.
[33mserver_1      |[0m ⏱️ [TIME] Client client_010 finished training in 5.55s
[33mserver_1      |[0m ⏱️ [TIME] Client client_006 finished training in 3.17s
[33mserver_1      |[0m ⏱️ [TIME] Client client_009 finished training in 4.57s
[33mserver_1      |[0m ⏱️ [TIME] Client client_007 finished training in 3.54s
[33mserver_1      |[0m ⏱️ [TIME] Client client_004 finished training in 6.01s
[33mserver_1      |[0m DEBUG: ⚠️ MY CUSTOM AGGREGATOR IS RUNNING ⚠️
[33mserver_1      |[0m INFO:__main__:💾 Saving metrics to results/metrics.csv...
[33mserver_1      |[0m INFO:__main__:--- Round 2 Acc: 30.91%, Loss: 1.9489 ---
[33mserver_1      |[0m INFO:__main__:--- Starting Round 3. Timeout: 600s ---
[33mserver_1      |[0m INFO:werkzeug:172.18.0.4 - - [31/Jan/2026 07:05:09] "POST /submit_update HTTP/1.1" 200 -
[34mclient_004_1  |[0m 2026-01-31 07:05:09,783 - __main__ - INFO - 🚀 Model update submitted successfully.
[34mclient_004_1  |[0m 2026-01-31 07:05:09,783 - __main__ - INFO - Update submitted for Round 2. Waiting...
[32mclient_002_1  |[0m 2026-01-31 07:05:10,069 - __main__ - INFO - --- New Round Detected: 3 ---
[33mserver_1      |[0m INFO:werkzeug:172.18.0.7 - - [31/Jan/2026 07:05:10] "GET /download_model?round=3 HTTP/1.1" 200 -
[33mclient_001_1  |[0m 2026-01-31 07:05:10,568 - __main__ - INFO - --- New Round Detected: 3 ---
[33mserver_1      |[0m INFO:werkzeug:172.18.0.21 - - [31/Jan/2026 07:05:10] "GET /download_model?round=3 HTTP/1.1" 200 -
[36;1mclient_005_1  |[0m 2026-01-31 07:05:11,194 - __main__ - INFO - Round 2 finished. Loss: 0.0000, Acc: 0.00%
[35;1mclient_008_1  |[0m 2026-01-31 07:05:11,228 - __main__ - INFO - --- New Round Detected: 3 ---
[33mserver_1      |[0m INFO:werkzeug:172.18.0.22 - - [31/Jan/2026 07:05:11] "GET /download_model?round=3 HTTP/1.1" 200 -
[33mserver_1      |[0m INFO:__main__:Received update from client_005
[33mserver_1      |[0m INFO:werkzeug:172.18.0.19 - - [31/Jan/2026 07:05:11] "POST /submit_update HTTP/1.1" 200 -
[36;1mclient_005_1  |[0m 2026-01-31 07:05:11,330 - __main__ - INFO - 🚀 Model update submitted successfully.
[36;1mclient_005_1  |[0m 2026-01-31 07:05:11,330 - __main__ - INFO - Update submitted for Round 2. Waiting...
[32mclient_002_1  |[0m 2026-01-31 07:05:13,207 - __main__ - INFO - Round 3 finished. Loss: 0.0000, Acc: 0.00%
[33mserver_1      |[0m INFO:__main__:Received update from client_002
[33mserver_1      |[0m INFO:werkzeug:172.18.0.7 - - [31/Jan/2026 07:05:13] "POST /submit_update HTTP/1.1" 200 -
[32mclient_002_1  |[0m 2026-01-31 07:05:13,342 - __main__ - INFO - 🚀 Model update submitted successfully.
[32mclient_002_1  |[0m 2026-01-31 07:05:13,342 - __main__ - INFO - Update submitted for Round 3. Waiting...
[36mclient_010_1  |[0m 2026-01-31 07:05:13,624 - __main__ - INFO - --- New Round Detected: 3 ---
[33mserver_1      |[0m INFO:werkzeug:172.18.0.18 - - [31/Jan/2026 07:05:13] "GET /download_model?round=3 HTTP/1.1" 200 -
[35;1mclient_008_1  |[0m 2026-01-31 07:05:14,488 - __main__ - INFO - Round 3 finished. Loss: 0.0000, Acc: 0.00%
[33mserver_1      |[0m INFO:__main__:Received update from client_008
[33mserver_1      |[0m INFO:werkzeug:172.18.0.22 - - [31/Jan/2026 07:05:14] "POST /submit_update HTTP/1.1" 200 -
[35;1mclient_008_1  |[0m 2026-01-31 07:05:14,625 - __main__ - INFO - 🚀 Model update submitted successfully.
[35;1mclient_008_1  |[0m 2026-01-31 07:05:14,625 - __main__ - INFO - Update submitted for Round 3. Waiting...
[33;1mclient_006_1  |[0m 2026-01-31 07:05:14,659 - __main__ - INFO - --- New Round Detected: 3 ---
[33mserver_1      |[0m INFO:werkzeug:172.18.0.20 - - [31/Jan/2026 07:05:14] "GET /download_model?round=3 HTTP/1.1" 200 -
[33mclient_001_1  |[0m 2026-01-31 07:05:14,919 - __main__ - INFO - Round 3 finished. Loss: 0.0000, Acc: 0.00%
[33mserver_1      |[0m INFO:__main__:Received update from client_001
[33mserver_1      |[0m INFO:werkzeug:172.18.0.21 - - [31/Jan/2026 07:05:15] "POST /submit_update HTTP/1.1" 200 -
[33mclient_001_1  |[0m 2026-01-31 07:05:15,074 - __main__ - INFO - 🚀 Model update submitted successfully.
[33mclient_001_1  |[0m 2026-01-31 07:05:15,074 - __main__ - INFO - Update submitted for Round 3. Waiting...
[34;1mclient_009_1  |[0m 2026-01-31 07:05:16,069 - __main__ - INFO - --- New Round Detected: 3 ---
[33mserver_1      |[0m INFO:werkzeug:172.18.0.17 - - [31/Jan/2026 07:05:16] "GET /download_model?round=3 HTTP/1.1" 200 -
[32;1mclient_007_1  |[0m 2026-01-31 07:05:16,925 - __main__ - INFO - --- New Round Detected: 3 ---
[33mserver_1      |[0m INFO:werkzeug:172.18.0.5 - - [31/Jan/2026 07:05:16] "GET /download_model?round=3 HTTP/1.1" 200 -
[33;1mclient_006_1  |[0m 2026-01-31 07:05:18,118 - __main__ - INFO - Round 3 finished. Loss: 0.0000, Acc: 0.00%
[33mserver_1      |[0m INFO:__main__:Received update from client_006
[33mserver_1      |[0m INFO:__main__:--- Aggregating 5 updates ---
[33mserver_1      |[0m INFO:__main__:⚡ Using Custom Aggregator with Drift Metric...
[33mserver_1      |[0m INFO:server.aggregator:Starting FedAvg aggregation for 5 clients.
[35mclient_003_1  |[0m 2026-01-31 07:05:18,481 - __main__ - INFO - --- New Round Detected: 3 ---
[33mserver_1      |[0m INFO:werkzeug:172.18.0.14 - - [31/Jan/2026 07:05:18] "GET /download_model?round=3 HTTP/1.1" 200 -
[36mclient_010_1  |[0m 2026-01-31 07:05:19,236 - __main__ - INFO - Round 3 finished. Loss: 0.0000, Acc: 0.00%
[33mserver_1      |[0m INFO:werkzeug:172.18.0.18 - - [31/Jan/2026 07:05:19] "[31m[1mPOST /submit_update HTTP/1.1[0m" 400 -
[36mclient_010_1  |[0m 2026-01-31 07:05:19,300 - __main__ - ERROR - Update submission failed: {"error":"Not accepting updates"}
[36mclient_010_1  |[0m 
[36mclient_010_1  |[0m 2026-01-31 07:05:19,301 - __main__ - INFO - Update submitted for Round 3. Waiting...
[34mclient_004_1  |[0m 2026-01-31 07:05:19,846 - __main__ - INFO - --- New Round Detected: 3 ---
[33mserver_1      |[0m INFO:werkzeug:172.18.0.4 - - [31/Jan/2026 07:05:19] "GET /download_model?round=3 HTTP/1.1" 200 -
[34;1mclient_009_1  |[0m 2026-01-31 07:05:20,251 - __main__ - INFO - Round 3 finished. Loss: 0.0000, Acc: 0.00%
[33mserver_1      |[0m INFO:werkzeug:172.18.0.17 - - [31/Jan/2026 07:05:20] "[31m[1mPOST /submit_update HTTP/1.1[0m" 400 -
[34;1mclient_009_1  |[0m 2026-01-31 07:05:20,329 - __main__ - ERROR - Update submission failed: {"error":"Not accepting updates"}
[34;1mclient_009_1  |[0m 
[34;1mclient_009_1  |[0m 2026-01-31 07:05:20,330 - __main__ - INFO - Update submitted for Round 3. Waiting...
[32;1mclient_007_1  |[0m 2026-01-31 07:05:20,844 - __main__ - INFO - Round 3 finished. Loss: 0.0000, Acc: 0.00%
[33mserver_1      |[0m INFO:werkzeug:172.18.0.5 - - [31/Jan/2026 07:05:20] "[31m[1mPOST /submit_update HTTP/1.1[0m" 400 -
[32;1mclient_007_1  |[0m 2026-01-31 07:05:20,931 - __main__ - ERROR - Update submission failed: {"error":"Not accepting updates"}
[32;1mclient_007_1  |[0m 
[32;1mclient_007_1  |[0m 2026-01-31 07:05:20,931 - __main__ - INFO - Update submitted for Round 3. Waiting...
[33mserver_1      |[0m INFO:server.aggregator:--- [METRIC] Weight Divergence: 1.3932
[33mserver_1      |[0m INFO:server.aggregator:FedAvg aggregation complete.
[33mserver_1      |[0m INFO:__main__:Aggregation complete.
[33mserver_1      |[0m ⏱️ [TIME] Client client_005 finished training in 2.87s
[33mserver_1      |[0m ⏱️ [TIME] Client client_002 finished training in 2.93s
[33mserver_1      |[0m ⏱️ [TIME] Client client_008 finished training in 2.99s
[33mserver_1      |[0m ⏱️ [TIME] Client client_001 finished training in 4.11s
[33mserver_1      |[0m ⏱️ [TIME] Client client_006 finished training in 3.25s
[33mserver_1      |[0m DEBUG: ⚠️ MY CUSTOM AGGREGATOR IS RUNNING ⚠️
[36;1mclient_005_1  |[0m 2026-01-31 07:05:21,409 - __main__ - INFO - --- New Round Detected: 3 ---
[33mserver_1      |[0m INFO:werkzeug:172.18.0.19 - - [31/Jan/2026 07:05:21] "GET /download_model?round=3 HTTP/1.1" 200 -
[33mserver_1      |[0m INFO:__main__:💾 Saving metrics to results/metrics.csv...
[33mserver_1      |[0m INFO:__main__:--- Round 3 Acc: 35.17%, Loss: 1.6687 ---
[33mserver_1      |[0m INFO:__main__:--- Starting Round 4. Timeout: 600s ---
[33mserver_1      |[0m INFO:werkzeug:172.18.0.20 - - [31/Jan/2026 07:05:22] "POST /submit_update HTTP/1.1" 200 -
[33;1mclient_006_1  |[0m 2026-01-31 07:05:22,226 - __main__ - INFO - 🚀 Model update submitted successfully.
[33;1mclient_006_1  |[0m 2026-01-31 07:05:22,226 - __main__ - INFO - Update submitted for Round 3. Waiting...
[32mclient_002_1  |[0m 2026-01-31 07:05:23,438 - __main__ - INFO - --- New Round Detected: 4 ---
[33mserver_1      |[0m INFO:werkzeug:172.18.0.7 - - [31/Jan/2026 07:05:23] "GET /download_model?round=4 HTTP/1.1" 200 -
[36;1mclient_005_1  |[0m 2026-01-31 07:05:23,924 - __main__ - INFO - Round 3 finished. Loss: 0.0000, Acc: 0.00%
[33mserver_1      |[0m INFO:__main__:Received update from client_005
[33mserver_1      |[0m INFO:werkzeug:172.18.0.19 - - [31/Jan/2026 07:05:24] "POST /submit_update HTTP/1.1" 200 -
[36;1mclient_005_1  |[0m 2026-01-31 07:05:24,082 - __main__ - INFO - 🚀 Model update submitted successfully.
[36;1mclient_005_1  |[0m 2026-01-31 07:05:24,082 - __main__ - INFO - Update submitted for Round 3. Waiting...
[35;1mclient_008_1  |[0m 2026-01-31 07:05:24,687 - __main__ - INFO - --- New Round Detected: 4 ---
[33mserver_1      |[0m INFO:werkzeug:172.18.0.22 - - [31/Jan/2026 07:05:24] "GET /download_model?round=4 HTTP/1.1" 200 -
[33mclient_001_1  |[0m 2026-01-31 07:05:25,137 - __main__ - INFO - --- New Round Detected: 4 ---
[33mserver_1      |[0m INFO:werkzeug:172.18.0.21 - - [31/Jan/2026 07:05:25] "GET /download_model?round=4 HTTP/1.1" 200 -
[34mclient_004_1  |[0m 2026-01-31 07:05:25,853 - __main__ - INFO - Round 3 finished. Loss: 0.0000, Acc: 0.00%
[33mserver_1      |[0m INFO:__main__:Received update from client_004
[33mserver_1      |[0m INFO:werkzeug:172.18.0.4 - - [31/Jan/2026 07:05:25] "POST /submit_update HTTP/1.1" 200 -
[34mclient_004_1  |[0m 2026-01-31 07:05:26,020 - __main__ - INFO - 🚀 Model update submitted successfully.
[34mclient_004_1  |[0m 2026-01-31 07:05:26,020 - __main__ - INFO - Update submitted for Round 3. Waiting...
[35mclient_003_1  |[0m 2026-01-31 07:05:26,426 - __main__ - INFO - Round 3 finished. Loss: 0.0000, Acc: 0.00%
[33mserver_1      |[0m INFO:__main__:Received update from client_003
[33mserver_1      |[0m INFO:werkzeug:172.18.0.14 - - [31/Jan/2026 07:05:26] "POST /submit_update HTTP/1.1" 200 -
[35mclient_003_1  |[0m 2026-01-31 07:05:26,585 - __main__ - INFO - 🚀 Model update submitted successfully.
[35mclient_003_1  |[0m 2026-01-31 07:05:26,587 - __main__ - INFO - Update submitted for Round 3. Waiting...
[32mclient_002_1  |[0m 2026-01-31 07:05:27,325 - __main__ - INFO - Round 4 finished. Loss: 0.0000, Acc: 0.00%
[33mserver_1      |[0m INFO:__main__:Received update from client_002
[33mserver_1      |[0m INFO:werkzeug:172.18.0.7 - - [31/Jan/2026 07:05:27] "POST /submit_update HTTP/1.1" 200 -
[32mclient_002_1  |[0m 2026-01-31 07:05:27,460 - __main__ - INFO - 🚀 Model update submitted successfully.
[32mclient_002_1  |[0m 2026-01-31 07:05:27,460 - __main__ - INFO - Update submitted for Round 4. Waiting...
[35;1mclient_008_1  |[0m 2026-01-31 07:05:28,444 - __main__ - INFO - Round 4 finished. Loss: 0.0000, Acc: 0.00%
[33mserver_1      |[0m INFO:__main__:Received update from client_008
[33mserver_1      |[0m INFO:__main__:--- Aggregating 5 updates ---
[33mserver_1      |[0m INFO:__main__:⚡ Using Custom Aggregator with Drift Metric...
[33mserver_1      |[0m INFO:server.aggregator:Starting FedAvg aggregation for 5 clients.
[33mclient_001_1  |[0m 2026-01-31 07:05:29,227 - __main__ - INFO - Round 4 finished. Loss: 0.0000, Acc: 0.00%
[33mserver_1      |[0m INFO:werkzeug:172.18.0.21 - - [31/Jan/2026 07:05:29] "[31m[1mPOST /submit_update HTTP/1.1[0m" 400 -
[33mclient_001_1  |[0m 2026-01-31 07:05:29,304 - __main__ - ERROR - Update submission failed: {"error":"Not accepting updates"}
[33mclient_001_1  |[0m 
[33mclient_001_1  |[0m 2026-01-31 07:05:29,305 - __main__ - INFO - Update submitted for Round 4. Waiting...
[36mclient_010_1  |[0m 2026-01-31 07:05:29,379 - __main__ - INFO - --- New Round Detected: 4 ---
[33mserver_1      |[0m INFO:werkzeug:172.18.0.18 - - [31/Jan/2026 07:05:29] "GET /download_model?round=4 HTTP/1.1" 200 -
[34;1mclient_009_1  |[0m 2026-01-31 07:05:30,405 - __main__ - INFO - --- New Round Detected: 4 ---
[33mserver_1      |[0m INFO:server.aggregator:--- [METRIC] Weight Divergence: 1.4503
[33mserver_1      |[0m INFO:server.aggregator:FedAvg aggregation complete.
[33mserver_1      |[0m INFO:__main__:Aggregation complete.
[33mserver_1      |[0m INFO:werkzeug:172.18.0.17 - - [31/Jan/2026 07:05:30] "GET /download_model?round=4 HTTP/1.1" 200 -
[33mserver_1      |[0m ⏱️ [TIME] Client client_005 finished training in 2.27s
[33mserver_1      |[0m ⏱️ [TIME] Client client_004 finished training in 5.77s
[33mserver_1      |[0m ⏱️ [TIME] Client client_003 finished training in 7.69s
[33mserver_1      |[0m ⏱️ [TIME] Client client_002 finished training in 3.66s
[33mserver_1      |[0m ⏱️ [TIME] Client client_008 finished training in 3.47s
[33mserver_1      |[0m DEBUG: ⚠️ MY CUSTOM AGGREGATOR IS RUNNING ⚠️
[32;1mclient_007_1  |[0m 2026-01-31 07:05:30,995 - __main__ - INFO - --- New Round Detected: 4 ---
[33mserver_1      |[0m INFO:werkzeug:172.18.0.5 - - [31/Jan/2026 07:05:31] "GET /download_model?round=4 HTTP/1.1" 200 -
[33mserver_1      |[0m INFO:__main__:💾 Saving metrics to results/metrics.csv...
[33mserver_1      |[0m INFO:__main__:--- Round 4 Acc: 37.58%, Loss: 1.6680 ---
[33mserver_1      |[0m INFO:__main__:--- Starting Round 5. Timeout: 600s ---
[33mserver_1      |[0m INFO:werkzeug:172.18.0.22 - - [31/Jan/2026 07:05:31] "POST /submit_update HTTP/1.1" 200 -
[35;1mclient_008_1  |[0m 2026-01-31 07:05:31,499 - __main__ - INFO - 🚀 Model update submitted successfully.
[35;1mclient_008_1  |[0m 2026-01-31 07:05:31,499 - __main__ - INFO - Update submitted for Round 4. Waiting...
[33;1mclient_006_1  |[0m 2026-01-31 07:05:32,341 - __main__ - INFO - --- New Round Detected: 5 ---
[33mserver_1      |[0m INFO:werkzeug:172.18.0.20 - - [31/Jan/2026 07:05:32] "GET /download_model?round=5 HTTP/1.1" 200 -
[36;1mclient_005_1  |[0m 2026-01-31 07:05:34,145 - __main__ - INFO - --- New Round Detected: 5 ---
[33mserver_1      |[0m INFO:werkzeug:172.18.0.19 - - [31/Jan/2026 07:05:34] "GET /download_model?round=5 HTTP/1.1" 200 -
[36mclient_010_1  |[0m 2026-01-31 07:05:34,624 - __main__ - INFO - Round 4 finished. Loss: 0.0000, Acc: 0.00%
[33mserver_1      |[0m INFO:__main__:Received update from client_010
[33mserver_1      |[0m INFO:werkzeug:172.18.0.18 - - [31/Jan/2026 07:05:34] "POST /submit_update HTTP/1.1" 200 -
[36mclient_010_1  |[0m 2026-01-31 07:05:34,762 - __main__ - INFO - 🚀 Model update submitted successfully.
[36mclient_010_1  |[0m 2026-01-31 07:05:34,762 - __main__ - INFO - Update submitted for Round 4. Waiting...
[34;1mclient_009_1  |[0m 2026-01-31 07:05:34,811 - __main__ - INFO - Round 4 finished. Loss: 0.0000, Acc: 0.00%
[33mserver_1      |[0m INFO:__main__:Received update from client_009
[33mserver_1      |[0m INFO:werkzeug:172.18.0.17 - - [31/Jan/2026 07:05:34] "POST /submit_update HTTP/1.1" 200 -
[34;1mclient_009_1  |[0m 2026-01-31 07:05:34,945 - __main__ - INFO - 🚀 Model update submitted successfully.
[34;1mclient_009_1  |[0m 2026-01-31 07:05:34,946 - __main__ - INFO - Update submitted for Round 4. Waiting...
[32;1mclient_007_1  |[0m 2026-01-31 07:05:35,312 - __main__ - INFO - Round 4 finished. Loss: 0.0000, Acc: 0.00%
[33mserver_1      |[0m INFO:__main__:Received update from client_007
[33mserver_1      |[0m INFO:werkzeug:172.18.0.5 - - [31/Jan/2026 07:05:35] "POST /submit_update HTTP/1.1" 200 -
[32;1mclient_007_1  |[0m 2026-01-31 07:05:35,470 - __main__ - INFO - 🚀 Model update submitted successfully.
[32;1mclient_007_1  |[0m 2026-01-31 07:05:35,470 - __main__ - INFO - Update submitted for Round 4. Waiting...
[34mclient_004_1  |[0m 2026-01-31 07:05:36,083 - __main__ - INFO - --- New Round Detected: 5 ---
[33mserver_1      |[0m INFO:werkzeug:172.18.0.4 - - [31/Jan/2026 07:05:36] "GET /download_model?round=5 HTTP/1.1" 200 -
[33;1mclient_006_1  |[0m 2026-01-31 07:05:36,419 - __main__ - INFO - Round 5 finished. Loss: 0.0000, Acc: 0.00%
[33mserver_1      |[0m INFO:__main__:Received update from client_006
[33mserver_1      |[0m INFO:werkzeug:172.18.0.20 - - [31/Jan/2026 07:05:36] "POST /submit_update HTTP/1.1" 200 -
[33;1mclient_006_1  |[0m 2026-01-31 07:05:36,554 - __main__ - INFO - 🚀 Model update submitted successfully.
[33;1mclient_006_1  |[0m 2026-01-31 07:05:36,555 - __main__ - INFO - Update submitted for Round 5. Waiting...
[35mclient_003_1  |[0m 2026-01-31 07:05:36,649 - __main__ - INFO - --- New Round Detected: 5 ---
[33mserver_1      |[0m INFO:werkzeug:172.18.0.14 - - [31/Jan/2026 07:05:36] "GET /download_model?round=5 HTTP/1.1" 200 -
[36;1mclient_005_1  |[0m 2026-01-31 07:05:37,107 - __main__ - INFO - Round 5 finished. Loss: 0.0000, Acc: 0.00%
[33mserver_1      |[0m INFO:__main__:Received update from client_005
[33mserver_1      |[0m INFO:__main__:--- Aggregating 5 updates ---
[33mserver_1      |[0m INFO:__main__:⚡ Using Custom Aggregator with Drift Metric...
[33mserver_1      |[0m INFO:server.aggregator:Starting FedAvg aggregation for 5 clients.
[32mclient_002_1  |[0m 2026-01-31 07:05:37,527 - __main__ - INFO - --- New Round Detected: 5 ---
[33mserver_1      |[0m INFO:werkzeug:172.18.0.7 - - [31/Jan/2026 07:05:37] "GET /download_model?round=5 HTTP/1.1" 200 -
[33mserver_1      |[0m INFO:server.aggregator:--- [METRIC] Weight Divergence: 1.2849
[33mserver_1      |[0m INFO:server.aggregator:FedAvg aggregation complete.
[33mserver_1      |[0m INFO:__main__:Aggregation complete.
[34mclient_004_1  |[0m 2026-01-31 07:05:39,223 - __main__ - INFO - Round 5 finished. Loss: 0.0000, Acc: 0.00%
[33mserver_1      |[0m ⏱️ [TIME] Client client_010 finished training in 5.02s
[33mserver_1      |[0m ⏱️ [TIME] Client client_009 finished training in 4.14s
[33mserver_1      |[0m ⏱️ [TIME] Client client_007 finished training in 4.10s
[33mserver_1      |[0m ⏱️ [TIME] Client client_006 finished training in 3.86s
[33mserver_1      |[0m ⏱️ [TIME] Client client_005 finished training in 2.73s
[33mserver_1      |[0m DEBUG: ⚠️ MY CUSTOM AGGREGATOR IS RUNNING ⚠️
[33mserver_1      |[0m INFO:werkzeug:172.18.0.4 - - [31/Jan/2026 07:05:39] "[31m[1mPOST /submit_update HTTP/1.1[0m" 400 -
[33mclient_001_1  |[0m 2026-01-31 07:05:39,415 - __main__ - INFO - --- New Round Detected: 5 ---
[34mclient_004_1  |[0m 2026-01-31 07:05:39,424 - __main__ - ERROR - Update submission failed: {"error":"Not accepting updates"}
[34mclient_004_1  |[0m 
[34mclient_004_1  |[0m 2026-01-31 07:05:39,424 - __main__ - INFO - Update submitted for Round 5. Waiting...
[33mserver_1      |[0m INFO:werkzeug:172.18.0.21 - - [31/Jan/2026 07:05:39] "GET /download_model?round=5 HTTP/1.1" 200 -
[33mserver_1      |[0m INFO:__main__:💾 Saving metrics to results/metrics.csv...
[33mserver_1      |[0m INFO:__main__:--- Round 5 Acc: 36.10%, Loss: 1.7062 ---
[33mserver_1      |[0m INFO:__main__:--- Starting Round 6. Timeout: 600s ---
[33mserver_1      |[0m INFO:werkzeug:172.18.0.19 - - [31/Jan/2026 07:05:40] "POST /submit_update HTTP/1.1" 200 -
[36;1mclient_005_1  |[0m 2026-01-31 07:05:40,186 - __main__ - INFO - 🚀 Model update submitted successfully.
[36;1mclient_005_1  |[0m 2026-01-31 07:05:40,186 - __main__ - INFO - Update submitted for Round 5. Waiting...
[35;1mclient_008_1  |[0m 2026-01-31 07:05:41,580 - __main__ - INFO - --- New Round Detected: 6 ---
[33mserver_1      |[0m INFO:werkzeug:172.18.0.22 - - [31/Jan/2026 07:05:41] "GET /download_model?round=6 HTTP/1.1" 200 -
[32mclient_002_1  |[0m 2026-01-31 07:05:42,654 - __main__ - INFO - Round 5 finished. Loss: 0.0000, Acc: 0.00%
[33mserver_1      |[0m INFO:__main__:Received update from client_002
[33mserver_1      |[0m INFO:werkzeug:172.18.0.7 - - [31/Jan/2026 07:05:42] "POST /submit_update HTTP/1.1" 200 -
[32mclient_002_1  |[0m 2026-01-31 07:05:42,810 - __main__ - INFO - 🚀 Model update submitted successfully.
[32mclient_002_1  |[0m 2026-01-31 07:05:42,810 - __main__ - INFO - Update submitted for Round 5. Waiting...
[33mclient_001_1  |[0m 2026-01-31 07:05:43,362 - __main__ - INFO - Round 5 finished. Loss: 0.0000, Acc: 0.00%
[33mserver_1      |[0m INFO:__main__:Received update from client_001
[33mserver_1      |[0m INFO:werkzeug:172.18.0.21 - - [31/Jan/2026 07:05:43] "POST /submit_update HTTP/1.1" 200 -
[33mclient_001_1  |[0m 2026-01-31 07:05:43,516 - __main__ - INFO - 🚀 Model update submitted successfully.
[33mclient_001_1  |[0m 2026-01-31 07:05:43,518 - __main__ - INFO - Update submitted for Round 5. Waiting...
[35;1mclient_008_1  |[0m 2026-01-31 07:05:44,368 - __main__ - INFO - Round 6 finished. Loss: 0.0000, Acc: 0.00%
[35mclient_003_1  |[0m 2026-01-31 07:05:44,481 - __main__ - INFO - Round 5 finished. Loss: 0.0000, Acc: 0.00%
[33mserver_1      |[0m INFO:__main__:Received update from client_008
[33mserver_1      |[0m INFO:werkzeug:172.18.0.22 - - [31/Jan/2026 07:05:44] "POST /submit_update HTTP/1.1" 200 -
[35;1mclient_008_1  |[0m 2026-01-31 07:05:44,522 - __main__ - INFO - 🚀 Model update submitted successfully.
[35;1mclient_008_1  |[0m 2026-01-31 07:05:44,522 - __main__ - INFO - Update submitted for Round 6. Waiting...
[33mserver_1      |[0m INFO:__main__:Received update from client_003
[33mserver_1      |[0m INFO:werkzeug:172.18.0.14 - - [31/Jan/2026 07:05:44] "POST /submit_update HTTP/1.1" 200 -
[35mclient_003_1  |[0m 2026-01-31 07:05:44,618 - __main__ - INFO - 🚀 Model update submitted successfully.
[35mclient_003_1  |[0m 2026-01-31 07:05:44,619 - __main__ - INFO - Update submitted for Round 5. Waiting...
[36mclient_010_1  |[0m 2026-01-31 07:05:44,838 - __main__ - INFO - --- New Round Detected: 6 ---
[33mserver_1      |[0m INFO:werkzeug:172.18.0.18 - - [31/Jan/2026 07:05:44] "GET /download_model?round=6 HTTP/1.1" 200 -
[34;1mclient_009_1  |[0m 2026-01-31 07:05:45,010 - __main__ - INFO - --- New Round Detected: 6 ---
[33mserver_1      |[0m INFO:werkzeug:172.18.0.17 - - [31/Jan/2026 07:05:45] "GET /download_model?round=6 HTTP/1.1" 200 -
[32;1mclient_007_1  |[0m 2026-01-31 07:05:45,546 - __main__ - INFO - --- New Round Detected: 6 ---
[33mserver_1      |[0m INFO:werkzeug:172.18.0.5 - - [31/Jan/2026 07:05:45] "GET /download_model?round=6 HTTP/1.1" 200 -
[33;1mclient_006_1  |[0m 2026-01-31 07:05:46,622 - __main__ - INFO - --- New Round Detected: 6 ---
[33mserver_1      |[0m INFO:werkzeug:172.18.0.20 - - [31/Jan/2026 07:05:46] "GET /download_model?round=6 HTTP/1.1" 200 -
[36mclient_010_1  |[0m 2026-01-31 07:05:48,186 - __main__ - INFO - Round 6 finished. Loss: 0.0000, Acc: 0.00%
[33mserver_1      |[0m INFO:__main__:Received update from client_010
[33mserver_1      |[0m INFO:__main__:--- Aggregating 5 updates ---
[33mserver_1      |[0m INFO:__main__:⚡ Using Custom Aggregator with Drift Metric...
[33mserver_1      |[0m INFO:server.aggregator:Starting FedAvg aggregation for 5 clients.
[34mclient_004_1  |[0m 2026-01-31 07:05:49,489 - __main__ - INFO - --- New Round Detected: 6 ---
[33mserver_1      |[0m INFO:werkzeug:172.18.0.4 - - [31/Jan/2026 07:05:49] "GET /download_model?round=6 HTTP/1.1" 200 -
[34;1mclient_009_1  |[0m 2026-01-31 07:05:49,631 - __main__ - INFO - Round 6 finished. Loss: 0.0000, Acc: 0.00%
[33mserver_1      |[0m INFO:werkzeug:172.18.0.17 - - [31/Jan/2026 07:05:49] "[31m[1mPOST /submit_update HTTP/1.1[0m" 400 -
[34;1mclient_009_1  |[0m 2026-01-31 07:05:49,773 - __main__ - ERROR - Update submission failed: {"error":"Not accepting updates"}
[34;1mclient_009_1  |[0m 
[34;1mclient_009_1  |[0m 2026-01-31 07:05:49,773 - __main__ - INFO - Update submitted for Round 6. Waiting...
[33mserver_1      |[0m INFO:server.aggregator:--- [METRIC] Weight Divergence: 1.3610
[33mserver_1      |[0m INFO:server.aggregator:FedAvg aggregation complete.
[33mserver_1      |[0m INFO:__main__:Aggregation complete.
[33mserver_1      |[0m ⏱️ [TIME] Client client_002 finished training in 4.85s
[33mserver_1      |[0m ⏱️ [TIME] Client client_001 finished training in 3.71s
[33mserver_1      |[0m ⏱️ [TIME] Client client_008 finished training in 2.56s
[33mserver_1      |[0m ⏱️ [TIME] Client client_003 finished training in 7.61s
[33mserver_1      |[0m ⏱️ [TIME] Client client_010 finished training in 3.16s
[33mserver_1      |[0m DEBUG: ⚠️ MY CUSTOM AGGREGATOR IS RUNNING ⚠️
[36;1mclient_005_1  |[0m 2026-01-31 07:05:50,309 - __main__ - INFO - --- New Round Detected: 6 ---
[33mserver_1      |[0m INFO:werkzeug:172.18.0.19 - - [31/Jan/2026 07:05:50] "GET /download_model?round=6 HTTP/1.1" 200 -
[33mserver_1      |[0m INFO:__main__:💾 Saving metrics to results/metrics.csv...
[33mserver_1      |[0m INFO:__main__:--- Round 6 Acc: 41.98%, Loss: 1.6226 ---
[33mserver_1      |[0m INFO:__main__:--- Starting Round 7. Timeout: 600s ---
[33mserver_1      |[0m INFO:werkzeug:172.18.0.18 - - [31/Jan/2026 07:05:51] "POST /submit_update HTTP/1.1" 200 -
[36mclient_010_1  |[0m 2026-01-31 07:05:51,406 - __main__ - INFO - 🚀 Model update submitted successfully.
[36mclient_010_1  |[0m 2026-01-31 07:05:51,406 - __main__ - INFO - Update submitted for Round 6. Waiting...
[32mclient_002_1  |[0m 2026-01-31 07:05:52,874 - __main__ - INFO - --- New Round Detected: 7 ---
[33mserver_1      |[0m INFO:werkzeug:172.18.0.7 - - [31/Jan/2026 07:05:52] "GET /download_model?round=7 HTTP/1.1" 200 -
[36;1mclient_005_1  |[0m 2026-01-31 07:05:53,239 - __main__ - INFO - Round 6 finished. Loss: 0.0000, Acc: 0.00%
[33;1mclient_006_1  |[0m 2026-01-31 07:05:53,288 - __main__ - INFO - Round 6 finished. Loss: 0.0000, Acc: 0.00%
[33mserver_1      |[0m INFO:__main__:Received update from client_005
[33mserver_1      |[0m INFO:werkzeug:172.18.0.19 - - [31/Jan/2026 07:05:53] "POST /submit_update HTTP/1.1" 200 -
[36;1mclient_005_1  |[0m 2026-01-31 07:05:53,383 - __main__ - INFO - 🚀 Model update submitted successfully.
[36;1mclient_005_1  |[0m 2026-01-31 07:05:53,383 - __main__ - INFO - Update submitted for Round 6. Waiting...
[32;1mclient_007_1  |[0m 2026-01-31 07:05:53,399 - __main__ - INFO - Round 6 finished. Loss: 0.0000, Acc: 0.00%
[33mserver_1      |[0m INFO:__main__:Received update from client_006
[33mserver_1      |[0m INFO:werkzeug:172.18.0.20 - - [31/Jan/2026 07:05:53] "POST /submit_update HTTP/1.1" 200 -
[34mclient_004_1  |[0m 2026-01-31 07:05:53,412 - __main__ - INFO - Round 6 finished. Loss: 0.0000, Acc: 0.00%
[33;1mclient_006_1  |[0m 2026-01-31 07:05:53,432 - __main__ - INFO - 🚀 Model update submitted successfully.
[33;1mclient_006_1  |[0m 2026-01-31 07:05:53,433 - __main__ - INFO - Update submitted for Round 6. Waiting...
[33mserver_1      |[0m INFO:__main__:Received update from client_007
[33mserver_1      |[0m INFO:werkzeug:172.18.0.5 - - [31/Jan/2026 07:05:53] "POST /submit_update HTTP/1.1" 200 -
[33mserver_1      |[0m INFO:__main__:Received update from client_004
[33mserver_1      |[0m INFO:werkzeug:172.18.0.4 - - [31/Jan/2026 07:05:53] "POST /submit_update HTTP/1.1" 200 -
[32;1mclient_007_1  |[0m 2026-01-31 07:05:53,539 - __main__ - INFO - 🚀 Model update submitted successfully.
[32;1mclient_007_1  |[0m 2026-01-31 07:05:53,539 - __main__ - INFO - Update submitted for Round 6. Waiting...
[34mclient_004_1  |[0m 2026-01-31 07:05:53,558 - __main__ - INFO - 🚀 Model update submitted successfully.
[34mclient_004_1  |[0m 2026-01-31 07:05:53,558 - __main__ - INFO - Update submitted for Round 6. Waiting...
[33mclient_001_1  |[0m 2026-01-31 07:05:53,593 - __main__ - INFO - --- New Round Detected: 7 ---
[33mserver_1      |[0m INFO:werkzeug:172.18.0.21 - - [31/Jan/2026 07:05:53] "GET /download_model?round=7 HTTP/1.1" 200 -
[35;1mclient_008_1  |[0m 2026-01-31 07:05:54,584 - __main__ - INFO - --- New Round Detected: 7 ---
[33mserver_1      |[0m INFO:werkzeug:172.18.0.22 - - [31/Jan/2026 07:05:54] "GET /download_model?round=7 HTTP/1.1" 200 -
[35mclient_003_1  |[0m 2026-01-31 07:05:54,685 - __main__ - INFO - --- New Round Detected: 7 ---
[33mserver_1      |[0m INFO:werkzeug:172.18.0.14 - - [31/Jan/2026 07:05:54] "GET /download_model?round=7 HTTP/1.1" 200 -
[33mclient_001_1  |[0m 2026-01-31 07:05:57,498 - __main__ - INFO - Round 7 finished. Loss: 0.0000, Acc: 0.00%
[33mserver_1      |[0m INFO:__main__:Received update from client_001
[33mserver_1      |[0m INFO:__main__:--- Aggregating 5 updates ---
[33mserver_1      |[0m INFO:__main__:⚡ Using Custom Aggregator with Drift Metric...
[33mserver_1      |[0m INFO:server.aggregator:Starting FedAvg aggregation for 5 clients.
[35;1mclient_008_1  |[0m 2026-01-31 07:05:58,124 - __main__ - INFO - Round 7 finished. Loss: 0.0000, Acc: 0.00%
[33mserver_1      |[0m INFO:werkzeug:172.18.0.22 - - [31/Jan/2026 07:05:58] "[31m[1mPOST /submit_update HTTP/1.1[0m" 400 -
[35;1mclient_008_1  |[0m 2026-01-31 07:05:58,189 - __main__ - ERROR - Update submission failed: {"error":"Not accepting updates"}
[35;1mclient_008_1  |[0m 
[35;1mclient_008_1  |[0m 2026-01-31 07:05:58,189 - __main__ - INFO - Update submitted for Round 7. Waiting...
[32mclient_002_1  |[0m 2026-01-31 07:05:58,203 - __main__ - INFO - Round 7 finished. Loss: 0.0000, Acc: 0.00%
[33mserver_1      |[0m INFO:werkzeug:172.18.0.7 - - [31/Jan/2026 07:05:58] "[31m[1mPOST /submit_update HTTP/1.1[0m" 400 -
[32mclient_002_1  |[0m 2026-01-31 07:05:58,267 - __main__ - ERROR - Update submission failed: {"error":"Not accepting updates"}
[32mclient_002_1  |[0m 
[32mclient_002_1  |[0m 2026-01-31 07:05:58,267 - __main__ - INFO - Update submitted for Round 7. Waiting...
[33mserver_1      |[0m INFO:server.aggregator:--- [METRIC] Weight Divergence: 1.3442
[33mserver_1      |[0m INFO:server.aggregator:FedAvg aggregation complete.
[33mserver_1      |[0m INFO:__main__:Aggregation complete.
[33mserver_1      |[0m ⏱️ [TIME] Client client_005 finished training in 2.71s
[33mserver_1      |[0m ⏱️ [TIME] Client client_006 finished training in 6.45s
[33mserver_1      |[0m ⏱️ [TIME] Client client_007 finished training in 7.57s
[33mserver_1      |[0m ⏱️ [TIME] Client client_004 finished training in 3.71s
[33mserver_1      |[0m ⏱️ [TIME] Client client_001 finished training in 3.65s
[33mserver_1      |[0m DEBUG: ⚠️ MY CUSTOM AGGREGATOR IS RUNNING ⚠️
[34;1mclient_009_1  |[0m 2026-01-31 07:05:59,846 - __main__ - INFO - --- New Round Detected: 7 ---
[33mserver_1      |[0m INFO:werkzeug:172.18.0.17 - - [31/Jan/2026 07:05:59] "GET /download_model?round=7 HTTP/1.1" 200 -
[33mserver_1      |[0m INFO:__main__:💾 Saving metrics to results/metrics.csv...
[33mserver_1      |[0m INFO:__main__:--- Round 7 Acc: 41.54%, Loss: 1.6102 ---
[33mserver_1      |[0m INFO:__main__:--- Starting Round 8. Timeout: 600s ---
[33mserver_1      |[0m INFO:werkzeug:172.18.0.21 - - [31/Jan/2026 07:06:00] "POST /submit_update HTTP/1.1" 200 -
[33mclient_001_1  |[0m 2026-01-31 07:06:00,549 - __main__ - INFO - 🚀 Model update submitted successfully.
[33mclient_001_1  |[0m 2026-01-31 07:06:00,549 - __main__ - INFO - Update submitted for Round 7. Waiting...
[36mclient_010_1  |[0m 2026-01-31 07:06:01,477 - __main__ - INFO - --- New Round Detected: 8 ---
[33mserver_1      |[0m INFO:werkzeug:172.18.0.18 - - [31/Jan/2026 07:06:01] "GET /download_model?round=8 HTTP/1.1" 200 -
[35mclient_003_1  |[0m 2026-01-31 07:06:01,730 - __main__ - INFO - Round 7 finished. Loss: 0.0000, Acc: 0.00%
[33mserver_1      |[0m INFO:__main__:Received update from client_003
[33mserver_1      |[0m INFO:werkzeug:172.18.0.14 - - [31/Jan/2026 07:06:01] "POST /submit_update HTTP/1.1" 200 -
[35mclient_003_1  |[0m 2026-01-31 07:06:01,890 - __main__ - INFO - 🚀 Model update submitted successfully.
[35mclient_003_1  |[0m 2026-01-31 07:06:01,890 - __main__ - INFO - Update submitted for Round 7. Waiting...
[36;1mclient_005_1  |[0m 2026-01-31 07:06:03,451 - __main__ - INFO - --- New Round Detected: 8 ---
[33mserver_1      |[0m INFO:werkzeug:172.18.0.19 - - [31/Jan/2026 07:06:03] "GET /download_model?round=8 HTTP/1.1" 200 -
[33;1mclient_006_1  |[0m 2026-01-31 07:06:03,501 - __main__ - INFO - --- New Round Detected: 8 ---
[33mserver_1      |[0m INFO:werkzeug:172.18.0.20 - - [31/Jan/2026 07:06:03] "GET /download_model?round=8 HTTP/1.1" 200 -
[32;1mclient_007_1  |[0m 2026-01-31 07:06:03,606 - __main__ - INFO - --- New Round Detected: 8 ---
[34mclient_004_1  |[0m 2026-01-31 07:06:03,620 - __main__ - INFO - --- New Round Detected: 8 ---
[33mserver_1      |[0m INFO:werkzeug:172.18.0.5 - - [31/Jan/2026 07:06:03] "GET /download_model?round=8 HTTP/1.1" 200 -
[33mserver_1      |[0m INFO:werkzeug:172.18.0.4 - - [31/Jan/2026 07:06:03] "GET /download_model?round=8 HTTP/1.1" 200 -
[34;1mclient_009_1  |[0m 2026-01-31 07:06:04,400 - __main__ - INFO - Round 7 finished. Loss: 0.0000, Acc: 0.00%
[33mserver_1      |[0m INFO:__main__:Received update from client_009
[33mserver_1      |[0m INFO:werkzeug:172.18.0.17 - - [31/Jan/2026 07:06:04] "POST /submit_update HTTP/1.1" 200 -
[34;1mclient_009_1  |[0m 2026-01-31 07:06:04,558 - __main__ - INFO - 🚀 Model update submitted successfully.
[34;1mclient_009_1  |[0m 2026-01-31 07:06:04,558 - __main__ - INFO - Update submitted for Round 7. Waiting...
[36;1mclient_005_1  |[0m 2026-01-31 07:06:05,871 - __main__ - INFO - Round 8 finished. Loss: 0.0000, Acc: 0.00%
[33mserver_1      |[0m INFO:__main__:Received update from client_005
[33mserver_1      |[0m INFO:werkzeug:172.18.0.19 - - [31/Jan/2026 07:06:05] "POST /submit_update HTTP/1.1" 200 -
[36;1mclient_005_1  |[0m 2026-01-31 07:06:06,008 - __main__ - INFO - 🚀 Model update submitted successfully.
[36;1mclient_005_1  |[0m 2026-01-31 07:06:06,008 - __main__ - INFO - Update submitted for Round 8. Waiting...
[36mclient_010_1  |[0m 2026-01-31 07:06:07,147 - __main__ - INFO - Round 8 finished. Loss: 0.0000, Acc: 0.00%
[33mserver_1      |[0m INFO:__main__:Received update from client_010
[33mserver_1      |[0m INFO:werkzeug:172.18.0.18 - - [31/Jan/2026 07:06:07] "POST /submit_update HTTP/1.1" 200 -
[36mclient_010_1  |[0m 2026-01-31 07:06:07,286 - __main__ - INFO - 🚀 Model update submitted successfully.
[36mclient_010_1  |[0m 2026-01-31 07:06:07,288 - __main__ - INFO - Update submitted for Round 8. Waiting...
[33;1mclient_006_1  |[0m 2026-01-31 07:06:07,488 - __main__ - INFO - Round 8 finished. Loss: 0.0000, Acc: 0.00%
[33mserver_1      |[0m INFO:__main__:Received update from client_006
[33mserver_1      |[0m INFO:__main__:--- Aggregating 5 updates ---
[33mserver_1      |[0m INFO:__main__:⚡ Using Custom Aggregator with Drift Metric...
[33mserver_1      |[0m INFO:server.aggregator:Starting FedAvg aggregation for 5 clients.
[35;1mclient_008_1  |[0m 2026-01-31 07:06:08,269 - __main__ - INFO - --- New Round Detected: 8 ---
[33mserver_1      |[0m INFO:werkzeug:172.18.0.22 - - [31/Jan/2026 07:06:08] "GET /download_model?round=8 HTTP/1.1" 200 -
[32mclient_002_1  |[0m 2026-01-31 07:06:08,330 - __main__ - INFO - --- New Round Detected: 8 ---
[33mserver_1      |[0m INFO:werkzeug:172.18.0.7 - - [31/Jan/2026 07:06:08] "GET /download_model?round=8 HTTP/1.1" 200 -
[33mserver_1      |[0m INFO:server.aggregator:--- [METRIC] Weight Divergence: 1.4669
[33mserver_1      |[0m INFO:server.aggregator:FedAvg aggregation complete.
[33mserver_1      |[0m INFO:__main__:Aggregation complete.
[33mserver_1      |[0m ⏱️ [TIME] Client client_003 finished training in 6.82s
[33mserver_1      |[0m ⏱️ [TIME] Client client_009 finished training in 4.31s
[33mserver_1      |[0m ⏱️ [TIME] Client client_005 finished training in 2.20s
[33mserver_1      |[0m ⏱️ [TIME] Client client_010 finished training in 5.41s
[33mserver_1      |[0m ⏱️ [TIME] Client client_006 finished training in 3.76s
[33mserver_1      |[0m DEBUG: ⚠️ MY CUSTOM AGGREGATOR IS RUNNING ⚠️
[34mclient_004_1  |[0m 2026-01-31 07:06:09,697 - __main__ - INFO - Round 8 finished. Loss: 0.0000, Acc: 0.00%
[33mserver_1      |[0m INFO:werkzeug:172.18.0.4 - - [31/Jan/2026 07:06:09] "[31m[1mPOST /submit_update HTTP/1.1[0m" 400 -
[34mclient_004_1  |[0m 2026-01-31 07:06:09,838 - __main__ - ERROR - Update submission failed: {"error":"Not accepting updates"}
[34mclient_004_1  |[0m 
[34mclient_004_1  |[0m 2026-01-31 07:06:09,838 - __main__ - INFO - Update submitted for Round 8. Waiting...
[32;1mclient_007_1  |[0m 2026-01-31 07:06:10,458 - __main__ - INFO - Round 8 finished. Loss: 0.0000, Acc: 0.00%
[33mserver_1      |[0m INFO:werkzeug:172.18.0.5 - - [31/Jan/2026 07:06:10] "[31m[1mPOST /submit_update HTTP/1.1[0m" 400 -
[32;1mclient_007_1  |[0m 2026-01-31 07:06:10,523 - __main__ - ERROR - Update submission failed: {"error":"Not accepting updates"}
[32;1mclient_007_1  |[0m 
[32;1mclient_007_1  |[0m 2026-01-31 07:06:10,523 - __main__ - INFO - Update submitted for Round 8. Waiting...
[33mclient_001_1  |[0m 2026-01-31 07:06:10,614 - __main__ - INFO - --- New Round Detected: 8 ---
[33mserver_1      |[0m INFO:werkzeug:172.18.0.21 - - [31/Jan/2026 07:06:10] "GET /download_model?round=8 HTTP/1.1" 200 -
[33mserver_1      |[0m INFO:__main__:💾 Saving metrics to results/metrics.csv...
[33mserver_1      |[0m INFO:__main__:--- Round 8 Acc: 45.30%, Loss: 1.5146 ---
[33mserver_1      |[0m INFO:__main__:--- Starting Round 9. Timeout: 600s ---
[33mserver_1      |[0m INFO:werkzeug:172.18.0.20 - - [31/Jan/2026 07:06:10] "POST /submit_update HTTP/1.1" 200 -
[33;1mclient_006_1  |[0m 2026-01-31 07:06:10,941 - __main__ - INFO - 🚀 Model update submitted successfully.
[33;1mclient_006_1  |[0m 2026-01-31 07:06:10,941 - __main__ - INFO - Update submitted for Round 8. Waiting...
[35;1mclient_008_1  |[0m 2026-01-31 07:06:11,904 - __main__ - INFO - Round 8 finished. Loss: 0.0000, Acc: 0.00%
[35mclient_003_1  |[0m 2026-01-31 07:06:11,978 - __main__ - INFO - --- New Round Detected: 9 ---
[33mserver_1      |[0m INFO:werkzeug:172.18.0.14 - - [31/Jan/2026 07:06:12] "GET /download_model?round=9 HTTP/1.1" 200 -
[33mserver_1      |[0m INFO:__main__:Received update from client_008
[33mserver_1      |[0m INFO:werkzeug:172.18.0.22 - - [31/Jan/2026 07:06:12] "POST /submit_update HTTP/1.1" 200 -
[35;1mclient_008_1  |[0m 2026-01-31 07:06:12,046 - __main__ - INFO - 🚀 Model update submitted successfully.
[35;1mclient_008_1  |[0m 2026-01-31 07:06:12,046 - __main__ - INFO - Update submitted for Round 8. Waiting...
[32mclient_002_1  |[0m 2026-01-31 07:06:13,140 - __main__ - INFO - Round 8 finished. Loss: 0.0000, Acc: 0.00%
[33mserver_1      |[0m INFO:__main__:Received update from client_002
[33mserver_1      |[0m INFO:werkzeug:172.18.0.7 - - [31/Jan/2026 07:06:13] "POST /submit_update HTTP/1.1" 200 -
[32mclient_002_1  |[0m 2026-01-31 07:06:13,293 - __main__ - INFO - 🚀 Model update submitted successfully.
[32mclient_002_1  |[0m 2026-01-31 07:06:13,293 - __main__ - INFO - Update submitted for Round 8. Waiting...
[33mclient_001_1  |[0m 2026-01-31 07:06:14,500 - __main__ - INFO - Round 8 finished. Loss: 0.0000, Acc: 0.00%
[34;1mclient_009_1  |[0m 2026-01-31 07:06:14,621 - __main__ - INFO - --- New Round Detected: 9 ---
[33mserver_1      |[0m INFO:__main__:Received update from client_001
[33mserver_1      |[0m INFO:werkzeug:172.18.0.21 - - [31/Jan/2026 07:06:14] "POST /submit_update HTTP/1.1" 200 -
[33mserver_1      |[0m INFO:werkzeug:172.18.0.17 - - [31/Jan/2026 07:06:14] "GET /download_model?round=9 HTTP/1.1" 200 -
[33mclient_001_1  |[0m 2026-01-31 07:06:14,656 - __main__ - INFO - 🚀 Model update submitted successfully.
[33mclient_001_1  |[0m 2026-01-31 07:06:14,656 - __main__ - INFO - Update submitted for Round 8. Waiting...
[36;1mclient_005_1  |[0m 2026-01-31 07:06:16,072 - __main__ - INFO - --- New Round Detected: 9 ---
[33mserver_1      |[0m INFO:werkzeug:172.18.0.19 - - [31/Jan/2026 07:06:16] "GET /download_model?round=9 HTTP/1.1" 200 -
[36mclient_010_1  |[0m 2026-01-31 07:06:17,353 - __main__ - INFO - --- New Round Detected: 9 ---
[33mserver_1      |[0m INFO:werkzeug:172.18.0.18 - - [31/Jan/2026 07:06:17] "GET /download_model?round=9 HTTP/1.1" 200 -
[34;1mclient_009_1  |[0m 2026-01-31 07:06:18,881 - __main__ - INFO - Round 9 finished. Loss: 0.0000, Acc: 0.00%
[36;1mclient_005_1  |[0m 2026-01-31 07:06:18,953 - __main__ - INFO - Round 9 finished. Loss: 0.0000, Acc: 0.00%
[33mserver_1      |[0m INFO:__main__:Received update from client_009
[33mserver_1      |[0m INFO:werkzeug:172.18.0.17 - - [31/Jan/2026 07:06:18] "POST /submit_update HTTP/1.1" 200 -
[34;1mclient_009_1  |[0m 2026-01-31 07:06:19,016 - __main__ - INFO - 🚀 Model update submitted successfully.
[34;1mclient_009_1  |[0m 2026-01-31 07:06:19,017 - __main__ - INFO - Update submitted for Round 9. Waiting...
[33mserver_1      |[0m INFO:__main__:Received update from client_005
[33mserver_1      |[0m INFO:__main__:--- Aggregating 5 updates ---
[33mserver_1      |[0m INFO:__main__:⚡ Using Custom Aggregator with Drift Metric...
[33mserver_1      |[0m INFO:server.aggregator:Starting FedAvg aggregation for 5 clients.
[35mclient_003_1  |[0m 2026-01-31 07:06:19,457 - __main__ - INFO - Round 9 finished. Loss: 0.0000, Acc: 0.00%
[33mserver_1      |[0m INFO:werkzeug:172.18.0.14 - - [31/Jan/2026 07:06:19] "[31m[1mPOST /submit_update HTTP/1.1[0m" 400 -
[35mclient_003_1  |[0m 2026-01-31 07:06:19,521 - __main__ - ERROR - Update submission failed: {"error":"Not accepting updates"}
[35mclient_003_1  |[0m 
[35mclient_003_1  |[0m 2026-01-31 07:06:19,521 - __main__ - INFO - Update submitted for Round 9. Waiting...
[34mclient_004_1  |[0m 2026-01-31 07:06:19,905 - __main__ - INFO - --- New Round Detected: 9 ---
[33mserver_1      |[0m INFO:werkzeug:172.18.0.4 - - [31/Jan/2026 07:06:19] "GET /download_model?round=9 HTTP/1.1" 200 -
[32;1mclient_007_1  |[0m 2026-01-31 07:06:20,587 - __main__ - INFO - --- New Round Detected: 9 ---
[33mserver_1      |[0m INFO:werkzeug:172.18.0.5 - - [31/Jan/2026 07:06:20] "GET /download_model?round=9 HTTP/1.1" 200 -
[33;1mclient_006_1  |[0m 2026-01-31 07:06:21,003 - __main__ - INFO - --- New Round Detected: 9 ---
[33mserver_1      |[0m INFO:werkzeug:172.18.0.20 - - [31/Jan/2026 07:06:21] "GET /download_model?round=9 HTTP/1.1" 200 -
[33mserver_1      |[0m INFO:server.aggregator:--- [METRIC] Weight Divergence: 1.2146
[33mserver_1      |[0m INFO:server.aggregator:FedAvg aggregation complete.
[33mserver_1      |[0m INFO:__main__:Aggregation complete.
[33mserver_1      |[0m ⏱️ [TIME] Client client_008 finished training in 3.41s
[33mserver_1      |[0m ⏱️ [TIME] Client client_002 finished training in 4.62s
[33mserver_1      |[0m ⏱️ [TIME] Client client_001 finished training in 3.63s
[33mserver_1      |[0m ⏱️ [TIME] Client client_009 finished training in 4.02s
[33mserver_1      |[0m ⏱️ [TIME] Client client_005 finished training in 2.66s
[33mserver_1      |[0m DEBUG: ⚠️ MY CUSTOM AGGREGATOR IS RUNNING ⚠️
[35;1mclient_008_1  |[0m 2026-01-31 07:06:22,114 - __main__ - INFO - --- New Round Detected: 9 ---
[33mserver_1      |[0m INFO:werkzeug:172.18.0.22 - - [31/Jan/2026 07:06:22] "GET /download_model?round=9 HTTP/1.1" 200 -
[33mserver_1      |[0m INFO:__main__:💾 Saving metrics to results/metrics.csv...
[33mserver_1      |[0m INFO:__main__:--- Round 9 Acc: 40.67%, Loss: 1.5369 ---
[33mserver_1      |[0m INFO:__main__:--- Starting Round 10. Timeout: 600s ---
[33mserver_1      |[0m INFO:werkzeug:172.18.0.19 - - [31/Jan/2026 07:06:22] "POST /submit_update HTTP/1.1" 200 -
[36;1mclient_005_1  |[0m 2026-01-31 07:06:22,503 - __main__ - INFO - 🚀 Model update submitted successfully.
[36;1mclient_005_1  |[0m 2026-01-31 07:06:22,503 - __main__ - INFO - Update submitted for Round 9. Waiting...
[36mclient_010_1  |[0m 2026-01-31 07:06:22,938 - __main__ - INFO - Round 9 finished. Loss: 0.0000, Acc: 0.00%
[33mserver_1      |[0m INFO:__main__:Received update from client_010
[33mserver_1      |[0m INFO:werkzeug:172.18.0.18 - - [31/Jan/2026 07:06:23] "POST /submit_update HTTP/1.1" 200 -
[36mclient_010_1  |[0m 2026-01-31 07:06:23,074 - __main__ - INFO - 🚀 Model update submitted successfully.
[36mclient_010_1  |[0m 2026-01-31 07:06:23,074 - __main__ - INFO - Update submitted for Round 9. Waiting...
[32mclient_002_1  |[0m 2026-01-31 07:06:23,361 - __main__ - INFO - --- New Round Detected: 10 ---
[33mserver_1      |[0m INFO:werkzeug:172.18.0.7 - - [31/Jan/2026 07:06:23] "GET /download_model?round=10 HTTP/1.1" 200 -
[33mclient_001_1  |[0m 2026-01-31 07:06:24,735 - __main__ - INFO - --- New Round Detected: 10 ---
[33mserver_1      |[0m INFO:werkzeug:172.18.0.21 - - [31/Jan/2026 07:06:24] "GET /download_model?round=10 HTTP/1.1" 200 -
[35;1mclient_008_1  |[0m 2026-01-31 07:06:24,967 - __main__ - INFO - Round 9 finished. Loss: 0.0000, Acc: 0.00%
[33mserver_1      |[0m INFO:__main__:Received update from client_008
[33mserver_1      |[0m INFO:werkzeug:172.18.0.22 - - [31/Jan/2026 07:06:25] "POST /submit_update HTTP/1.1" 200 -
[35;1mclient_008_1  |[0m 2026-01-31 07:06:25,103 - __main__ - INFO - 🚀 Model update submitted successfully.
[35;1mclient_008_1  |[0m 2026-01-31 07:06:25,103 - __main__ - INFO - Update submitted for Round 9. Waiting...
[34mclient_004_1  |[0m 2026-01-31 07:06:25,598 - __main__ - INFO - Round 9 finished. Loss: 0.0000, Acc: 0.00%
[33mserver_1      |[0m INFO:__main__:Received update from client_004
[33mserver_1      |[0m INFO:werkzeug:172.18.0.4 - - [31/Jan/2026 07:06:25] "POST /submit_update HTTP/1.1" 200 -
[34mclient_004_1  |[0m 2026-01-31 07:06:25,743 - __main__ - INFO - 🚀 Model update submitted successfully.
[34mclient_004_1  |[0m 2026-01-31 07:06:25,743 - __main__ - INFO - Update submitted for Round 9. Waiting...
[32mclient_002_1  |[0m 2026-01-31 07:06:26,150 - __main__ - INFO - Round 10 finished. Loss: 0.0000, Acc: 0.00%
[33mserver_1      |[0m INFO:__main__:Received update from client_002
[33mserver_1      |[0m INFO:werkzeug:172.18.0.7 - - [31/Jan/2026 07:06:26] "POST /submit_update HTTP/1.1" 200 -
[32mclient_002_1  |[0m 2026-01-31 07:06:26,285 - __main__ - INFO - 🚀 Model update submitted successfully.
[32mclient_002_1  |[0m 2026-01-31 07:06:26,285 - __main__ - INFO - Update submitted for Round 10. Waiting...
[33;1mclient_006_1  |[0m 2026-01-31 07:06:26,945 - __main__ - INFO - Round 9 finished. Loss: 0.0000, Acc: 0.00%
[33mserver_1      |[0m INFO:__main__:Received update from client_006
[33mserver_1      |[0m INFO:__main__:--- Aggregating 5 updates ---
[33mserver_1      |[0m INFO:__main__:⚡ Using Custom Aggregator with Drift Metric...
[33mserver_1      |[0m INFO:server.aggregator:Starting FedAvg aggregation for 5 clients.
[32;1mclient_007_1  |[0m 2026-01-31 07:06:27,451 - __main__ - INFO - Round 9 finished. Loss: 0.0000, Acc: 0.00%
[33mserver_1      |[0m INFO:werkzeug:172.18.0.5 - - [31/Jan/2026 07:06:27] "[31m[1mPOST /submit_update HTTP/1.1[0m" 400 -
[32;1mclient_007_1  |[0m 2026-01-31 07:06:27,569 - __main__ - ERROR - Update submission failed: {"error":"Not accepting updates"}
[32;1mclient_007_1  |[0m 
[32;1mclient_007_1  |[0m 2026-01-31 07:06:27,569 - __main__ - INFO - Update submitted for Round 9. Waiting...
[33mclient_001_1  |[0m 2026-01-31 07:06:28,570 - __main__ - INFO - Round 10 finished. Loss: 0.0000, Acc: 0.00%
[33mserver_1      |[0m INFO:werkzeug:172.18.0.21 - - [31/Jan/2026 07:06:28] "[31m[1mPOST /submit_update HTTP/1.1[0m" 400 -
[33mclient_001_1  |[0m 2026-01-31 07:06:28,661 - __main__ - ERROR - Update submission failed: {"error":"Not accepting updates"}
[33mclient_001_1  |[0m 
[33mclient_001_1  |[0m 2026-01-31 07:06:28,661 - __main__ - INFO - Update submitted for Round 10. Waiting...
[33mserver_1      |[0m INFO:server.aggregator:--- [METRIC] Weight Divergence: 1.3263
[33mserver_1      |[0m INFO:server.aggregator:FedAvg aggregation complete.
[33mserver_1      |[0m INFO:__main__:Aggregation complete.
[33mserver_1      |[0m ⏱️ [TIME] Client client_010 finished training in 5.32s
[33mserver_1      |[0m ⏱️ [TIME] Client client_008 finished training in 2.62s
[33mserver_1      |[0m ⏱️ [TIME] Client client_004 finished training in 5.46s
[33mserver_1      |[0m ⏱️ [TIME] Client client_002 finished training in 2.58s
[33mserver_1      |[0m ⏱️ [TIME] Client client_006 finished training in 5.74s
[33mserver_1      |[0m DEBUG: ⚠️ MY CUSTOM AGGREGATOR IS RUNNING ⚠️
[34;1mclient_009_1  |[0m 2026-01-31 07:06:29,151 - __main__ - INFO - --- New Round Detected: 10 ---
[33mserver_1      |[0m INFO:werkzeug:172.18.0.17 - - [31/Jan/2026 07:06:29] "GET /download_model?round=10 HTTP/1.1" 200 -
[35mclient_003_1  |[0m 2026-01-31 07:06:29,596 - __main__ - INFO - --- New Round Detected: 10 ---
[33mserver_1      |[0m INFO:werkzeug:172.18.0.14 - - [31/Jan/2026 07:06:29] "GET /download_model?round=10 HTTP/1.1" 200 -
[33mserver_1      |[0m INFO:__main__:💾 Saving metrics to results/metrics.csv...
[33mserver_1      |[0m INFO:__main__:--- Round 10 Acc: 43.53%, Loss: 1.4927 ---
[33mserver_1      |[0m INFO:__main__:--- Starting Round 11. Timeout: 600s ---
[33mserver_1      |[0m INFO:werkzeug:172.18.0.20 - - [31/Jan/2026 07:06:30] "POST /submit_update HTTP/1.1" 200 -
[33;1mclient_006_1  |[0m 2026-01-31 07:06:30,422 - __main__ - INFO - 🚀 Model update submitted successfully.
[33;1mclient_006_1  |[0m 2026-01-31 07:06:30,422 - __main__ - INFO - Update submitted for Round 9. Waiting...
[36;1mclient_005_1  |[0m 2026-01-31 07:06:32,574 - __main__ - INFO - --- New Round Detected: 11 ---
[33mserver_1      |[0m INFO:werkzeug:172.18.0.19 - - [31/Jan/2026 07:06:32] "GET /download_model?round=11 HTTP/1.1" 200 -
[36mclient_010_1  |[0m 2026-01-31 07:06:33,159 - __main__ - INFO - --- New Round Detected: 11 ---
[33mserver_1      |[0m INFO:werkzeug:172.18.0.18 - - [31/Jan/2026 07:06:33] "GET /download_model?round=11 HTTP/1.1" 200 -
[34;1mclient_009_1  |[0m 2026-01-31 07:06:33,499 - __main__ - INFO - Round 10 finished. Loss: 0.0000, Acc: 0.00%
[33mserver_1      |[0m INFO:__main__:Received update from client_009
[33mserver_1      |[0m INFO:werkzeug:172.18.0.17 - - [31/Jan/2026 07:06:33] "POST /submit_update HTTP/1.1" 200 -
[34;1mclient_009_1  |[0m 2026-01-31 07:06:33,634 - __main__ - INFO - 🚀 Model update submitted successfully.
[34;1mclient_009_1  |[0m 2026-01-31 07:06:33,635 - __main__ - INFO - Update submitted for Round 10. Waiting...
[35;1mclient_008_1  |[0m 2026-01-31 07:06:35,176 - __main__ - INFO - --- New Round Detected: 11 ---
[33mserver_1      |[0m INFO:werkzeug:172.18.0.22 - - [31/Jan/2026 07:06:35] "GET /download_model?round=11 HTTP/1.1" 200 -
[36;1mclient_005_1  |[0m 2026-01-31 07:06:35,539 - __main__ - INFO - Round 11 finished. Loss: 0.0000, Acc: 0.00%
[33mserver_1      |[0m INFO:__main__:Received update from client_005
[33mserver_1      |[0m INFO:werkzeug:172.18.0.19 - - [31/Jan/2026 07:06:35] "POST /submit_update HTTP/1.1" 200 -
[36;1mclient_005_1  |[0m 2026-01-31 07:06:35,696 - __main__ - INFO - 🚀 Model update submitted successfully.
[36;1mclient_005_1  |[0m 2026-01-31 07:06:35,696 - __main__ - INFO - Update submitted for Round 11. Waiting...
[34mclient_004_1  |[0m 2026-01-31 07:06:35,804 - __main__ - INFO - --- New Round Detected: 11 ---
[33mserver_1      |[0m INFO:werkzeug:172.18.0.4 - - [31/Jan/2026 07:06:35] "GET /download_model?round=11 HTTP/1.1" 200 -
[32mclient_002_1  |[0m 2026-01-31 07:06:36,346 - __main__ - INFO - --- New Round Detected: 11 ---
[33mserver_1      |[0m INFO:werkzeug:172.18.0.7 - - [31/Jan/2026 07:06:36] "GET /download_model?round=11 HTTP/1.1" 200 -
[35;1mclient_008_1  |[0m 2026-01-31 07:06:37,031 - __main__ - INFO - Round 11 finished. Loss: 0.0000, Acc: 0.00%
[33mserver_1      |[0m INFO:__main__:Received update from client_008
[33mserver_1      |[0m INFO:werkzeug:172.18.0.22 - - [31/Jan/2026 07:06:37] "POST /submit_update HTTP/1.1" 200 -
[35;1mclient_008_1  |[0m 2026-01-31 07:06:37,186 - __main__ - INFO - 🚀 Model update submitted successfully.
[35;1mclient_008_1  |[0m 2026-01-31 07:06:37,186 - __main__ - INFO - Update submitted for Round 11. Waiting...
[35mclient_003_1  |[0m 2026-01-31 07:06:37,365 - __main__ - INFO - Round 10 finished. Loss: 0.0000, Acc: 0.00%
[33mserver_1      |[0m INFO:__main__:Received update from client_003
[33mserver_1      |[0m INFO:werkzeug:172.18.0.14 - - [31/Jan/2026 07:06:37] "POST /submit_update HTTP/1.1" 200 -
[35mclient_003_1  |[0m 2026-01-31 07:06:37,501 - __main__ - INFO - 🚀 Model update submitted successfully.
[35mclient_003_1  |[0m 2026-01-31 07:06:37,501 - __main__ - INFO - Update submitted for Round 10. Waiting...
[32;1mclient_007_1  |[0m 2026-01-31 07:06:37,632 - __main__ - INFO - --- New Round Detected: 11 ---
[33mserver_1      |[0m INFO:werkzeug:172.18.0.5 - - [31/Jan/2026 07:06:37] "GET /download_model?round=11 HTTP/1.1" 200 -
[36mclient_010_1  |[0m 2026-01-31 07:06:38,387 - __main__ - INFO - Round 11 finished. Loss: 0.0000, Acc: 0.00%
[33mserver_1      |[0m INFO:__main__:Received update from client_010
[33mserver_1      |[0m INFO:__main__:--- Aggregating 5 updates ---
[33mserver_1      |[0m INFO:__main__:⚡ Using Custom Aggregator with Drift Metric...
[33mserver_1      |[0m INFO:server.aggregator:Starting FedAvg aggregation for 5 clients.
[33mclient_001_1  |[0m 2026-01-31 07:06:38,728 - __main__ - INFO - --- New Round Detected: 11 ---
[33mserver_1      |[0m INFO:werkzeug:172.18.0.21 - - [31/Jan/2026 07:06:38] "GET /download_model?round=11 HTTP/1.1" 200 -
[33mserver_1      |[0m INFO:server.aggregator:--- [METRIC] Weight Divergence: 1.3486
[33mserver_1      |[0m INFO:server.aggregator:FedAvg aggregation complete.
[33mserver_1      |[0m INFO:__main__:Aggregation complete.
[33mserver_1      |[0m ⏱️ [TIME] Client client_009 finished training in 4.10s
[33mserver_1      |[0m ⏱️ [TIME] Client client_005 finished training in 2.65s
[33mserver_1      |[0m ⏱️ [TIME] Client client_008 finished training in 1.66s
[33mserver_1      |[0m ⏱️ [TIME] Client client_003 finished training in 7.55s
[33mserver_1      |[0m ⏱️ [TIME] Client client_010 finished training in 5.02s
[33mserver_1      |[0m DEBUG: ⚠️ MY CUSTOM AGGREGATOR IS RUNNING ⚠️
[33;1mclient_006_1  |[0m 2026-01-31 07:06:40,508 - __main__ - INFO - --- New Round Detected: 11 ---
[33mserver_1      |[0m INFO:werkzeug:172.18.0.20 - - [31/Jan/2026 07:06:40] "GET /download_model?round=11 HTTP/1.1" 200 -
[33mclient_001_1  |[0m 2026-01-31 07:06:40,967 - __main__ - INFO - Round 11 finished. Loss: 0.0000, Acc: 0.00%
[33mserver_1      |[0m INFO:werkzeug:172.18.0.21 - - [31/Jan/2026 07:06:40] "[31m[1mPOST /submit_update HTTP/1.1[0m" 400 -
[33mclient_001_1  |[0m 2026-01-31 07:06:41,030 - __main__ - ERROR - Update submission failed: {"error":"Not accepting updates"}
[33mclient_001_1  |[0m 
[33mclient_001_1  |[0m 2026-01-31 07:06:41,030 - __main__ - INFO - Update submitted for Round 11. Waiting...
[33mserver_1      |[0m INFO:__main__:💾 Saving metrics to results/metrics.csv...
[33mserver_1      |[0m INFO:__main__:--- Round 11 Acc: 47.93%, Loss: 1.4082 ---
[33mserver_1      |[0m INFO:__main__:--- Starting Round 12. Timeout: 600s ---
[33mserver_1      |[0m INFO:werkzeug:172.18.0.18 - - [31/Jan/2026 07:06:41] "POST /submit_update HTTP/1.1" 200 -
[36mclient_010_1  |[0m 2026-01-31 07:06:41,400 - __main__ - INFO - 🚀 Model update submitted successfully.
[36mclient_010_1  |[0m 2026-01-31 07:06:41,402 - __main__ - INFO - Update submitted for Round 11. Waiting...
[32mclient_002_1  |[0m 2026-01-31 07:06:41,620 - __main__ - INFO - Round 11 finished. Loss: 0.0000, Acc: 0.00%
[33mserver_1      |[0m INFO:__main__:Received update from client_002
[33mserver_1      |[0m INFO:werkzeug:172.18.0.7 - - [31/Jan/2026 07:06:41] "POST /submit_update HTTP/1.1" 200 -
[34mclient_004_1  |[0m 2026-01-31 07:06:41,727 - __main__ - INFO - Round 11 finished. Loss: 0.0000, Acc: 0.00%
[32mclient_002_1  |[0m 2026-01-31 07:06:41,757 - __main__ - INFO - 🚀 Model update submitted successfully.
[32mclient_002_1  |[0m 2026-01-31 07:06:41,757 - __main__ - INFO - Update submitted for Round 11. Waiting...
[33mserver_1      |[0m INFO:__main__:Received update from client_004
[33mserver_1      |[0m INFO:werkzeug:172.18.0.4 - - [31/Jan/2026 07:06:41] "POST /submit_update HTTP/1.1" 200 -
[34mclient_004_1  |[0m 2026-01-31 07:06:41,866 - __main__ - INFO - 🚀 Model update submitted successfully.
[34mclient_004_1  |[0m 2026-01-31 07:06:41,866 - __main__ - INFO - Update submitted for Round 11. Waiting...
[34;1mclient_009_1  |[0m 2026-01-31 07:06:43,705 - __main__ - INFO - --- New Round Detected: 12 ---
[33mserver_1      |[0m INFO:werkzeug:172.18.0.17 - - [31/Jan/2026 07:06:43] "GET /download_model?round=12 HTTP/1.1" 200 -
[32;1mclient_007_1  |[0m 2026-01-31 07:06:45,023 - __main__ - INFO - Round 11 finished. Loss: 0.0000, Acc: 0.00%
[33mserver_1      |[0m INFO:__main__:Received update from client_007
[33mserver_1      |[0m INFO:werkzeug:172.18.0.5 - - [31/Jan/2026 07:06:45] "POST /submit_update HTTP/1.1" 200 -
[32;1mclient_007_1  |[0m 2026-01-31 07:06:45,159 - __main__ - INFO - 🚀 Model update submitted successfully.
[32;1mclient_007_1  |[0m 2026-01-31 07:06:45,159 - __main__ - INFO - Update submitted for Round 11. Waiting...
[36;1mclient_005_1  |[0m 2026-01-31 07:06:45,767 - __main__ - INFO - --- New Round Detected: 12 ---
[33mserver_1      |[0m INFO:werkzeug:172.18.0.19 - - [31/Jan/2026 07:06:45] "GET /download_model?round=12 HTTP/1.1" 200 -
[33;1mclient_006_1  |[0m 2026-01-31 07:06:47,059 - __main__ - INFO - Round 11 finished. Loss: 0.0000, Acc: 0.00%
[33mserver_1      |[0m INFO:__main__:Received update from client_006
[33mserver_1      |[0m INFO:werkzeug:172.18.0.20 - - [31/Jan/2026 07:06:47] "POST /submit_update HTTP/1.1" 200 -
[33;1mclient_006_1  |[0m 2026-01-31 07:06:47,208 - __main__ - INFO - 🚀 Model update submitted successfully.
[33;1mclient_006_1  |[0m 2026-01-31 07:06:47,208 - __main__ - INFO - Update submitted for Round 11. Waiting...
[35;1mclient_008_1  |[0m 2026-01-31 07:06:47,250 - __main__ - INFO - --- New Round Detected: 12 ---
[33mserver_1      |[0m INFO:werkzeug:172.18.0.22 - - [31/Jan/2026 07:06:47] "GET /download_model?round=12 HTTP/1.1" 200 -
[35mclient_003_1  |[0m 2026-01-31 07:06:47,563 - __main__ - INFO - --- New Round Detected: 12 ---
[33mserver_1      |[0m INFO:werkzeug:172.18.0.14 - - [31/Jan/2026 07:06:47] "GET /download_model?round=12 HTTP/1.1" 200 -
[34;1mclient_009_1  |[0m 2026-01-31 07:06:47,843 - __main__ - INFO - Round 12 finished. Loss: 0.0000, Acc: 0.00%
[33mserver_1      |[0m INFO:__main__:Received update from client_009
[33mserver_1      |[0m INFO:__main__:--- Aggregating 5 updates ---
[33mserver_1      |[0m INFO:__main__:⚡ Using Custom Aggregator with Drift Metric...
[33mserver_1      |[0m INFO:server.aggregator:Starting FedAvg aggregation for 5 clients.
[36;1mclient_005_1  |[0m 2026-01-31 07:06:48,936 - __main__ - INFO - Round 12 finished. Loss: 0.0000, Acc: 0.00%
[33mserver_1      |[0m INFO:werkzeug:172.18.0.19 - - [31/Jan/2026 07:06:48] "[31m[1mPOST /submit_update HTTP/1.1[0m" 400 -
[36;1mclient_005_1  |[0m 2026-01-31 07:06:49,033 - __main__ - ERROR - Update submission failed: {"error":"Not accepting updates"}
[36;1mclient_005_1  |[0m 
[36;1mclient_005_1  |[0m 2026-01-31 07:06:49,033 - __main__ - INFO - Update submitted for Round 12. Waiting...
[35;1mclient_008_1  |[0m 2026-01-31 07:06:49,259 - __main__ - INFO - Round 12 finished. Loss: 0.0000, Acc: 0.00%
[33mserver_1      |[0m INFO:werkzeug:172.18.0.22 - - [31/Jan/2026 07:06:49] "[31m[1mPOST /submit_update HTTP/1.1[0m" 400 -
[35;1mclient_008_1  |[0m 2026-01-31 07:06:49,323 - __main__ - ERROR - Update submission failed: {"error":"Not accepting updates"}
[35;1mclient_008_1  |[0m 
[35;1mclient_008_1  |[0m 2026-01-31 07:06:49,324 - __main__ - INFO - Update submitted for Round 12. Waiting...
[33mserver_1      |[0m INFO:server.aggregator:--- [METRIC] Weight Divergence: 1.3300
[33mserver_1      |[0m INFO:server.aggregator:FedAvg aggregation complete.
[33mserver_1      |[0m INFO:__main__:Aggregation complete.
[33mserver_1      |[0m ⏱️ [TIME] Client client_002 finished training in 5.01s
[33mserver_1      |[0m ⏱️ [TIME] Client client_004 finished training in 5.60s
[33mserver_1      |[0m ⏱️ [TIME] Client client_007 finished training in 7.15s
[33mserver_1      |[0m ⏱️ [TIME] Client client_006 finished training in 6.32s
[33mserver_1      |[0m ⏱️ [TIME] Client client_009 finished training in 3.92s
[33mserver_1      |[0m DEBUG: ⚠️ MY CUSTOM AGGREGATOR IS RUNNING ⚠️
[33mclient_001_1  |[0m 2026-01-31 07:06:51,157 - __main__ - INFO - --- New Round Detected: 12 ---
[33mserver_1      |[0m INFO:werkzeug:172.18.0.21 - - [31/Jan/2026 07:06:51] "GET /download_model?round=12 HTTP/1.1" 200 -
[33mserver_1      |[0m INFO:__main__:💾 Saving metrics to results/metrics.csv...
[33mserver_1      |[0m INFO:__main__:--- Round 12 Acc: 44.16%, Loss: 1.5559 ---
[33mserver_1      |[0m INFO:__main__:--- Starting Round 13. Timeout: 600s ---
[33mserver_1      |[0m INFO:werkzeug:172.18.0.17 - - [31/Jan/2026 07:06:51] "POST /submit_update HTTP/1.1" 200 -
[34;1mclient_009_1  |[0m 2026-01-31 07:06:51,289 - __main__ - INFO - 🚀 Model update submitted successfully.
[34;1mclient_009_1  |[0m 2026-01-31 07:06:51,289 - __main__ - INFO - Update submitted for Round 12. Waiting...
[36mclient_010_1  |[0m 2026-01-31 07:06:51,468 - __main__ - INFO - --- New Round Detected: 13 ---
[33mserver_1      |[0m INFO:werkzeug:172.18.0.18 - - [31/Jan/2026 07:06:51] "GET /download_model?round=13 HTTP/1.1" 200 -
[32mclient_002_1  |[0m 2026-01-31 07:06:51,821 - __main__ - INFO - --- New Round Detected: 13 ---
[33mserver_1      |[0m INFO:werkzeug:172.18.0.7 - - [31/Jan/2026 07:06:51] "GET /download_model?round=13 HTTP/1.1" 200 -
[34mclient_004_1  |[0m 2026-01-31 07:06:51,928 - __main__ - INFO - --- New Round Detected: 13 ---
[33mserver_1      |[0m INFO:werkzeug:172.18.0.4 - - [31/Jan/2026 07:06:51] "GET /download_model?round=13 HTTP/1.1" 200 -
[33mclient_001_1  |[0m 2026-01-31 07:06:53,177 - __main__ - INFO - Round 12 finished. Loss: 0.0000, Acc: 0.00%
[33mserver_1      |[0m INFO:__main__:Received update from client_001
[33mserver_1      |[0m INFO:werkzeug:172.18.0.21 - - [31/Jan/2026 07:06:53] "POST /submit_update HTTP/1.1" 200 -
[33mclient_001_1  |[0m 2026-01-31 07:06:53,335 - __main__ - INFO - 🚀 Model update submitted successfully.
[33mclient_001_1  |[0m 2026-01-31 07:06:53,335 - __main__ - INFO - Update submitted for Round 12. Waiting...
[32;1mclient_007_1  |[0m 2026-01-31 07:06:55,257 - __main__ - INFO - --- New Round Detected: 13 ---
[33mserver_1      |[0m INFO:werkzeug:172.18.0.5 - - [31/Jan/2026 07:06:55] "GET /download_model?round=13 HTTP/1.1" 200 -
[35mclient_003_1  |[0m 2026-01-31 07:06:55,367 - __main__ - INFO - Round 12 finished. Loss: 0.0000, Acc: 0.00%
[33mserver_1      |[0m INFO:__main__:Received update from client_003
[33mserver_1      |[0m INFO:werkzeug:172.18.0.14 - - [31/Jan/2026 07:06:55] "POST /submit_update HTTP/1.1" 200 -
[35mclient_003_1  |[0m 2026-01-31 07:06:55,501 - __main__ - INFO - 🚀 Model update submitted successfully.
[35mclient_003_1  |[0m 2026-01-31 07:06:55,502 - __main__ - INFO - Update submitted for Round 12. Waiting...
[32mclient_002_1  |[0m 2026-01-31 07:06:56,074 - __main__ - INFO - Round 13 finished. Loss: 0.0000, Acc: 0.00%
[33mserver_1      |[0m INFO:__main__:Received update from client_002
[33mserver_1      |[0m INFO:werkzeug:172.18.0.7 - - [31/Jan/2026 07:06:56] "POST /submit_update HTTP/1.1" 200 -
[32mclient_002_1  |[0m 2026-01-31 07:06:56,211 - __main__ - INFO - 🚀 Model update submitted successfully.
[32mclient_002_1  |[0m 2026-01-31 07:06:56,211 - __main__ - INFO - Update submitted for Round 13. Waiting...
[36mclient_010_1  |[0m 2026-01-31 07:06:57,063 - __main__ - INFO - Round 13 finished. Loss: 0.0000, Acc: 0.00%
[33mserver_1      |[0m INFO:__main__:Received update from client_010
[33mserver_1      |[0m INFO:werkzeug:172.18.0.18 - - [31/Jan/2026 07:06:57] "POST /submit_update HTTP/1.1" 200 -
[36mclient_010_1  |[0m 2026-01-31 07:06:57,199 - __main__ - INFO - 🚀 Model update submitted successfully.
[36mclient_010_1  |[0m 2026-01-31 07:06:57,199 - __main__ - INFO - Update submitted for Round 13. Waiting...
[33;1mclient_006_1  |[0m 2026-01-31 07:06:57,271 - __main__ - INFO - --- New Round Detected: 13 ---
[33mserver_1      |[0m INFO:werkzeug:172.18.0.20 - - [31/Jan/2026 07:06:57] "GET /download_model?round=13 HTTP/1.1" 200 -
[34mclient_004_1  |[0m 2026-01-31 07:06:57,664 - __main__ - INFO - Round 13 finished. Loss: 0.0000, Acc: 0.00%
[33mserver_1      |[0m INFO:__main__:Received update from client_004
[33mserver_1      |[0m INFO:__main__:--- Aggregating 5 updates ---
[33mserver_1      |[0m INFO:__main__:⚡ Using Custom Aggregator with Drift Metric...
[33mserver_1      |[0m INFO:server.aggregator:Starting FedAvg aggregation for 5 clients.
[36;1mclient_005_1  |[0m 2026-01-31 07:06:59,096 - __main__ - INFO - --- New Round Detected: 13 ---
[33mserver_1      |[0m INFO:werkzeug:172.18.0.19 - - [31/Jan/2026 07:06:59] "GET /download_model?round=13 HTTP/1.1" 200 -
[32;1mclient_007_1  |[0m 2026-01-31 07:06:59,298 - __main__ - INFO - Round 13 finished. Loss: 0.0000, Acc: 0.00%
[33mserver_1      |[0m INFO:werkzeug:172.18.0.5 - - [31/Jan/2026 07:06:59] "[31m[1mPOST /submit_update HTTP/1.1[0m" 400 -
[32;1mclient_007_1  |[0m 2026-01-31 07:06:59,366 - __main__ - ERROR - Update submission failed: {"error":"Not accepting updates"}
[32;1mclient_007_1  |[0m 
[32;1mclient_007_1  |[0m 2026-01-31 07:06:59,366 - __main__ - INFO - Update submitted for Round 13. Waiting...
[35;1mclient_008_1  |[0m 2026-01-31 07:06:59,387 - __main__ - INFO - --- New Round Detected: 13 ---
[33mserver_1      |[0m INFO:werkzeug:172.18.0.22 - - [31/Jan/2026 07:06:59] "GET /download_model?round=13 HTTP/1.1" 200 -
[33mserver_1      |[0m INFO:server.aggregator:--- [METRIC] Weight Divergence: 1.4738
[33mserver_1      |[0m INFO:server.aggregator:FedAvg aggregation complete.
[33mserver_1      |[0m INFO:__main__:Aggregation complete.
[33mserver_1      |[0m ⏱️ [TIME] Client client_001 finished training in 1.82s
[33mserver_1      |[0m ⏱️ [TIME] Client client_003 finished training in 7.57s
[33mserver_1      |[0m ⏱️ [TIME] Client client_002 finished training in 4.02s
[33mserver_1      |[0m ⏱️ [TIME] Client client_010 finished training in 5.36s
[33mserver_1      |[0m ⏱️ [TIME] Client client_004 finished training in 5.47s
[33mserver_1      |[0m DEBUG: ⚠️ MY CUSTOM AGGREGATOR IS RUNNING ⚠️
[33mserver_1      |[0m INFO:__main__:💾 Saving metrics to results/metrics.csv...
[33mserver_1      |[0m INFO:__main__:--- Round 13 Acc: 49.37%, Loss: 1.3828 ---
[33mserver_1      |[0m INFO:__main__:--- Starting Round 14. Timeout: 600s ---
[33mserver_1      |[0m INFO:werkzeug:172.18.0.4 - - [31/Jan/2026 07:07:01] "POST /submit_update HTTP/1.1" 200 -
[34mclient_004_1  |[0m 2026-01-31 07:07:01,127 - __main__ - INFO - 🚀 Model update submitted successfully.
[34mclient_004_1  |[0m 2026-01-31 07:07:01,127 - __main__ - INFO - Update submitted for Round 13. Waiting...
[34;1mclient_009_1  |[0m 2026-01-31 07:07:01,363 - __main__ - INFO - --- New Round Detected: 14 ---
[33mserver_1      |[0m INFO:werkzeug:172.18.0.17 - - [31/Jan/2026 07:07:01] "GET /download_model?round=14 HTTP/1.1" 200 -
[35;1mclient_008_1  |[0m 2026-01-31 07:07:01,558 - __main__ - INFO - Round 13 finished. Loss: 0.0000, Acc: 0.00%
[33mserver_1      |[0m INFO:__main__:Received update from client_008
[33mserver_1      |[0m INFO:werkzeug:172.18.0.22 - - [31/Jan/2026 07:07:01] "POST /submit_update HTTP/1.1" 200 -
[35;1mclient_008_1  |[0m 2026-01-31 07:07:01,692 - __main__ - INFO - 🚀 Model update submitted successfully.
[35;1mclient_008_1  |[0m 2026-01-31 07:07:01,692 - __main__ - INFO - Update submitted for Round 13. Waiting...
[36;1mclient_005_1  |[0m 2026-01-31 07:07:02,225 - __main__ - INFO - Round 13 finished. Loss: 0.0000, Acc: 0.00%
[33mserver_1      |[0m INFO:__main__:Received update from client_005
[33mserver_1      |[0m INFO:werkzeug:172.18.0.19 - - [31/Jan/2026 07:07:02] "POST /submit_update HTTP/1.1" 200 -
[36;1mclient_005_1  |[0m 2026-01-31 07:07:02,361 - __main__ - INFO - 🚀 Model update submitted successfully.
[36;1mclient_005_1  |[0m 2026-01-31 07:07:02,361 - __main__ - INFO - Update submitted for Round 13. Waiting...
[33mclient_001_1  |[0m 2026-01-31 07:07:03,397 - __main__ - INFO - --- New Round Detected: 14 ---
[33mserver_1      |[0m INFO:werkzeug:172.18.0.21 - - [31/Jan/2026 07:07:03] "GET /download_model?round=14 HTTP/1.1" 200 -
[33;1mclient_006_1  |[0m 2026-01-31 07:07:04,318 - __main__ - INFO - Round 13 finished. Loss: 0.0000, Acc: 0.00%
[33mserver_1      |[0m INFO:__main__:Received update from client_006
[33mserver_1      |[0m INFO:werkzeug:172.18.0.20 - - [31/Jan/2026 07:07:04] "POST /submit_update HTTP/1.1" 200 -
[33;1mclient_006_1  |[0m 2026-01-31 07:07:04,461 - __main__ - INFO - 🚀 Model update submitted successfully.
[33;1mclient_006_1  |[0m 2026-01-31 07:07:04,461 - __main__ - INFO - Update submitted for Round 13. Waiting...
[34;1mclient_009_1  |[0m 2026-01-31 07:07:05,076 - __main__ - INFO - Round 14 finished. Loss: 0.0000, Acc: 0.00%
[33mserver_1      |[0m INFO:__main__:Received update from client_009
[33mserver_1      |[0m INFO:werkzeug:172.18.0.17 - - [31/Jan/2026 07:07:05] "POST /submit_update HTTP/1.1" 200 -
[34;1mclient_009_1  |[0m 2026-01-31 07:07:05,210 - __main__ - INFO - 🚀 Model update submitted successfully.
[34;1mclient_009_1  |[0m 2026-01-31 07:07:05,210 - __main__ - INFO - Update submitted for Round 14. Waiting...
[33mclient_001_1  |[0m 2026-01-31 07:07:05,355 - __main__ - INFO - Round 14 finished. Loss: 0.0000, Acc: 0.00%
[33mserver_1      |[0m INFO:__main__:Received update from client_001
[33mserver_1      |[0m INFO:__main__:--- Aggregating 5 updates ---
[33mserver_1      |[0m INFO:__main__:⚡ Using Custom Aggregator with Drift Metric...
[33mserver_1      |[0m INFO:server.aggregator:Starting FedAvg aggregation for 5 clients.
[35mclient_003_1  |[0m 2026-01-31 07:07:05,565 - __main__ - INFO - --- New Round Detected: 14 ---
[33mserver_1      |[0m INFO:werkzeug:172.18.0.14 - - [31/Jan/2026 07:07:05] "GET /download_model?round=14 HTTP/1.1" 200 -
[32mclient_002_1  |[0m 2026-01-31 07:07:06,281 - __main__ - INFO - --- New Round Detected: 14 ---
[33mserver_1      |[0m INFO:werkzeug:172.18.0.7 - - [31/Jan/2026 07:07:06] "GET /download_model?round=14 HTTP/1.1" 200 -
[36mclient_010_1  |[0m 2026-01-31 07:07:07,269 - __main__ - INFO - --- New Round Detected: 14 ---
[33mserver_1      |[0m INFO:werkzeug:172.18.0.18 - - [31/Jan/2026 07:07:07] "GET /download_model?round=14 HTTP/1.1" 200 -
[33mserver_1      |[0m INFO:server.aggregator:--- [METRIC] Weight Divergence: 1.3350
[33mserver_1      |[0m INFO:server.aggregator:FedAvg aggregation complete.
[33mserver_1      |[0m INFO:__main__:Aggregation complete.
[33mserver_1      |[0m ⏱️ [TIME] Client client_008 finished training in 1.95s
[33mserver_1      |[0m ⏱️ [TIME] Client client_005 finished training in 2.88s
[33mserver_1      |[0m ⏱️ [TIME] Client client_006 finished training in 6.82s
[33mserver_1      |[0m ⏱️ [TIME] Client client_009 finished training in 3.43s
[33mserver_1      |[0m ⏱️ [TIME] Client client_001 finished training in 1.76s
[33mserver_1      |[0m DEBUG: ⚠️ MY CUSTOM AGGREGATOR IS RUNNING ⚠️
[33mserver_1      |[0m INFO:__main__:💾 Saving metrics to results/metrics.csv...
[33mserver_1      |[0m INFO:__main__:--- Round 14 Acc: 48.08%, Loss: 1.4399 ---
[33mserver_1      |[0m INFO:__main__:--- Starting Round 15. Timeout: 600s ---
[33mserver_1      |[0m INFO:werkzeug:172.18.0.21 - - [31/Jan/2026 07:07:08] "POST /submit_update HTTP/1.1" 200 -
[33mclient_001_1  |[0m 2026-01-31 07:07:08,421 - __main__ - INFO - 🚀 Model update submitted successfully.
[33mclient_001_1  |[0m 2026-01-31 07:07:08,421 - __main__ - INFO - Update submitted for Round 14. Waiting...
[32;1mclient_007_1  |[0m 2026-01-31 07:07:09,442 - __main__ - INFO - --- New Round Detected: 15 ---
[33mserver_1      |[0m INFO:werkzeug:172.18.0.5 - - [31/Jan/2026 07:07:09] "GET /download_model?round=15 HTTP/1.1" 200 -
[32mclient_002_1  |[0m 2026-01-31 07:07:10,463 - __main__ - INFO - Round 14 finished. Loss: 0.0000, Acc: 0.00%
[33mserver_1      |[0m INFO:__main__:Received update from client_002
[33mserver_1      |[0m INFO:werkzeug:172.18.0.7 - - [31/Jan/2026 07:07:10] "POST /submit_update HTTP/1.1" 200 -
[32mclient_002_1  |[0m 2026-01-31 07:07:10,616 - __main__ - INFO - 🚀 Model update submitted successfully.
[32mclient_002_1  |[0m 2026-01-31 07:07:10,616 - __main__ - INFO - Update submitted for Round 14. Waiting...
[34mclient_004_1  |[0m 2026-01-31 07:07:11,192 - __main__ - INFO - --- New Round Detected: 15 ---
[33mserver_1      |[0m INFO:werkzeug:172.18.0.4 - - [31/Jan/2026 07:07:11] "GET /download_model?round=15 HTTP/1.1" 200 -
[36mclient_010_1  |[0m 2026-01-31 07:07:11,540 - __main__ - INFO - Round 14 finished. Loss: 0.0000, Acc: 0.00%
[33mserver_1      |[0m INFO:__main__:Received update from client_010
[33mserver_1      |[0m INFO:werkzeug:172.18.0.18 - - [31/Jan/2026 07:07:11] "POST /submit_update HTTP/1.1" 200 -
[36mclient_010_1  |[0m 2026-01-31 07:07:11,673 - __main__ - INFO - 🚀 Model update submitted successfully.
[36mclient_010_1  |[0m 2026-01-31 07:07:11,673 - __main__ - INFO - Update submitted for Round 14. Waiting...
[35;1mclient_008_1  |[0m 2026-01-31 07:07:11,777 - __main__ - INFO - --- New Round Detected: 15 ---
[33mserver_1      |[0m INFO:werkzeug:172.18.0.22 - - [31/Jan/2026 07:07:11] "GET /download_model?round=15 HTTP/1.1" 200 -
[36;1mclient_005_1  |[0m 2026-01-31 07:07:12,431 - __main__ - INFO - --- New Round Detected: 15 ---
[33mserver_1      |[0m INFO:werkzeug:172.18.0.19 - - [31/Jan/2026 07:07:12] "GET /download_model?round=15 HTTP/1.1" 200 -
[35mclient_003_1  |[0m 2026-01-31 07:07:13,542 - __main__ - INFO - Round 14 finished. Loss: 0.0000, Acc: 0.00%
[35;1mclient_008_1  |[0m 2026-01-31 07:07:13,618 - __main__ - INFO - Round 15 finished. Loss: 0.0000, Acc: 0.00%
[33mserver_1      |[0m INFO:__main__:Received update from client_003
[33mserver_1      |[0m INFO:werkzeug:172.18.0.14 - - [31/Jan/2026 07:07:13] "POST /submit_update HTTP/1.1" 200 -
[35mclient_003_1  |[0m 2026-01-31 07:07:13,677 - __main__ - INFO - 🚀 Model update submitted successfully.
[35mclient_003_1  |[0m 2026-01-31 07:07:13,679 - __main__ - INFO - Update submitted for Round 14. Waiting...
[33mserver_1      |[0m INFO:__main__:Received update from client_008
[33mserver_1      |[0m INFO:werkzeug:172.18.0.22 - - [31/Jan/2026 07:07:13] "POST /submit_update HTTP/1.1" 200 -
[35;1mclient_008_1  |[0m 2026-01-31 07:07:13,753 - __main__ - INFO - 🚀 Model update submitted successfully.
[35;1mclient_008_1  |[0m 2026-01-31 07:07:13,753 - __main__ - INFO - Update submitted for Round 15. Waiting...
[33;1mclient_006_1  |[0m 2026-01-31 07:07:14,525 - __main__ - INFO - --- New Round Detected: 15 ---
[33mserver_1      |[0m INFO:werkzeug:172.18.0.20 - - [31/Jan/2026 07:07:14] "GET /download_model?round=15 HTTP/1.1" 200 -
[34;1mclient_009_1  |[0m 2026-01-31 07:07:15,300 - __main__ - INFO - --- New Round Detected: 15 ---
[33mserver_1      |[0m INFO:werkzeug:172.18.0.17 - - [31/Jan/2026 07:07:15] "GET /download_model?round=15 HTTP/1.1" 200 -
[36;1mclient_005_1  |[0m 2026-01-31 07:07:15,422 - __main__ - INFO - Round 15 finished. Loss: 0.0000, Acc: 0.00%
[33mserver_1      |[0m INFO:__main__:Received update from client_005
[33mserver_1      |[0m INFO:__main__:--- Aggregating 5 updates ---
[33mserver_1      |[0m INFO:__main__:⚡ Using Custom Aggregator with Drift Metric...
[33mserver_1      |[0m INFO:server.aggregator:Starting FedAvg aggregation for 5 clients.
[32;1mclient_007_1  |[0m 2026-01-31 07:07:16,403 - __main__ - INFO - Round 15 finished. Loss: 0.0000, Acc: 0.00%
[33mserver_1      |[0m INFO:werkzeug:172.18.0.5 - - [31/Jan/2026 07:07:16] "[31m[1mPOST /submit_update HTTP/1.1[0m" 400 -
[32;1mclient_007_1  |[0m 2026-01-31 07:07:16,468 - __main__ - ERROR - Update submission failed: {"error":"Not accepting updates"}
[32;1mclient_007_1  |[0m 
[32;1mclient_007_1  |[0m 2026-01-31 07:07:16,468 - __main__ - INFO - Update submitted for Round 15. Waiting...
[34mclient_004_1  |[0m 2026-01-31 07:07:17,136 - __main__ - INFO - Round 15 finished. Loss: 0.0000, Acc: 0.00%
[33mserver_1      |[0m INFO:werkzeug:172.18.0.4 - - [31/Jan/2026 07:07:17] "[31m[1mPOST /submit_update HTTP/1.1[0m" 400 -
[34mclient_004_1  |[0m 2026-01-31 07:07:17,200 - __main__ - ERROR - Update submission failed: {"error":"Not accepting updates"}
[34mclient_004_1  |[0m 
[34mclient_004_1  |[0m 2026-01-31 07:07:17,200 - __main__ - INFO - Update submitted for Round 15. Waiting...
[33mserver_1      |[0m INFO:server.aggregator:--- [METRIC] Weight Divergence: 1.3947
[33mserver_1      |[0m INFO:server.aggregator:FedAvg aggregation complete.
[33mserver_1      |[0m INFO:__main__:Aggregation complete.
[33mserver_1      |[0m ⏱️ [TIME] Client client_002 finished training in 3.91s
[33mserver_1      |[0m ⏱️ [TIME] Client client_010 finished training in 4.05s
[33mserver_1      |[0m ⏱️ [TIME] Client client_003 finished training in 7.73s
[33mserver_1      |[0m ⏱️ [TIME] Client client_008 finished training in 1.63s
[33mserver_1      |[0m ⏱️ [TIME] Client client_005 finished training in 2.77s
[33mserver_1      |[0m DEBUG: ⚠️ MY CUSTOM AGGREGATOR IS RUNNING ⚠️
[33mclient_001_1  |[0m 2026-01-31 07:07:18,513 - __main__ - INFO - --- New Round Detected: 15 ---
[33mserver_1      |[0m INFO:werkzeug:172.18.0.21 - - [31/Jan/2026 07:07:18] "GET /download_model?round=15 HTTP/1.1" 200 -
[33mserver_1      |[0m INFO:__main__:💾 Saving metrics to results/metrics.csv...
[33mserver_1      |[0m INFO:__main__:--- Round 15 Acc: 47.25%, Loss: 1.4322 ---
[33mserver_1      |[0m INFO:__main__:--- Starting Round 16. Timeout: 600s ---
[33mserver_1      |[0m INFO:werkzeug:172.18.0.19 - - [31/Jan/2026 07:07:18] "POST /submit_update HTTP/1.1" 200 -
[36;1mclient_005_1  |[0m 2026-01-31 07:07:18,929 - __main__ - INFO - 🚀 Model update submitted successfully.
[36;1mclient_005_1  |[0m 2026-01-31 07:07:18,929 - __main__ - INFO - Update submitted for Round 15. Waiting...
[34;1mclient_009_1  |[0m 2026-01-31 07:07:19,721 - __main__ - INFO - Round 15 finished. Loss: 0.0000, Acc: 0.00%
[33mserver_1      |[0m INFO:__main__:Received update from client_009
[33mserver_1      |[0m INFO:werkzeug:172.18.0.17 - - [31/Jan/2026 07:07:19] "POST /submit_update HTTP/1.1" 200 -
[34;1mclient_009_1  |[0m 2026-01-31 07:07:19,857 - __main__ - INFO - 🚀 Model update submitted successfully.
[34;1mclient_009_1  |[0m 2026-01-31 07:07:19,857 - __main__ - INFO - Update submitted for Round 15. Waiting...
[32mclient_002_1  |[0m 2026-01-31 07:07:20,703 - __main__ - INFO - --- New Round Detected: 16 ---
[33mserver_1      |[0m INFO:werkzeug:172.18.0.7 - - [31/Jan/2026 07:07:20] "GET /download_model?round=16 HTTP/1.1" 200 -
[33;1mclient_006_1  |[0m 2026-01-31 07:07:21,512 - __main__ - INFO - Round 15 finished. Loss: 0.0000, Acc: 0.00%
[33mserver_1      |[0m INFO:__main__:Received update from client_006
[33mserver_1      |[0m INFO:werkzeug:172.18.0.20 - - [31/Jan/2026 07:07:21] "POST /submit_update HTTP/1.1" 200 -
[33;1mclient_006_1  |[0m 2026-01-31 07:07:21,650 - __main__ - INFO - 🚀 Model update submitted successfully.
[33;1mclient_006_1  |[0m 2026-01-31 07:07:21,650 - __main__ - INFO - Update submitted for Round 15. Waiting...
[36mclient_010_1  |[0m 2026-01-31 07:07:21,806 - __main__ - INFO - --- New Round Detected: 16 ---
[33mserver_1      |[0m INFO:werkzeug:172.18.0.18 - - [31/Jan/2026 07:07:21] "GET /download_model?round=16 HTTP/1.1" 200 -
[33mclient_001_1  |[0m 2026-01-31 07:07:22,226 - __main__ - INFO - Round 15 finished. Loss: 0.0000, Acc: 0.00%
[33mserver_1      |[0m INFO:__main__:Received update from client_001
[33mserver_1      |[0m INFO:werkzeug:172.18.0.21 - - [31/Jan/2026 07:07:22] "POST /submit_update HTTP/1.1" 200 -
[33mclient_001_1  |[0m 2026-01-31 07:07:22,384 - __main__ - INFO - 🚀 Model update submitted successfully.
[33mclient_001_1  |[0m 2026-01-31 07:07:22,384 - __main__ - INFO - Update submitted for Round 15. Waiting...
[35mclient_003_1  |[0m 2026-01-31 07:07:23,742 - __main__ - INFO - --- New Round Detected: 16 ---
[33mserver_1      |[0m INFO:werkzeug:172.18.0.14 - - [31/Jan/2026 07:07:23] "GET /download_model?round=16 HTTP/1.1" 200 -
[35;1mclient_008_1  |[0m 2026-01-31 07:07:23,835 - __main__ - INFO - --- New Round Detected: 16 ---
[33mserver_1      |[0m INFO:werkzeug:172.18.0.22 - - [31/Jan/2026 07:07:23] "GET /download_model?round=16 HTTP/1.1" 200 -
[32mclient_002_1  |[0m 2026-01-31 07:07:26,008 - __main__ - INFO - Round 16 finished. Loss: 0.0000, Acc: 0.00%
[33mserver_1      |[0m INFO:__main__:Received update from client_002
[33mserver_1      |[0m INFO:werkzeug:172.18.0.7 - - [31/Jan/2026 07:07:26] "POST /submit_update HTTP/1.1" 200 -
[32mclient_002_1  |[0m 2026-01-31 07:07:26,143 - __main__ - INFO - 🚀 Model update submitted successfully.
[32mclient_002_1  |[0m 2026-01-31 07:07:26,144 - __main__ - INFO - Update submitted for Round 16. Waiting...
[32;1mclient_007_1  |[0m 2026-01-31 07:07:26,553 - __main__ - INFO - --- New Round Detected: 16 ---
[33mserver_1      |[0m INFO:werkzeug:172.18.0.5 - - [31/Jan/2026 07:07:26] "GET /download_model?round=16 HTTP/1.1" 200 -
[35;1mclient_008_1  |[0m 2026-01-31 07:07:26,682 - __main__ - INFO - Round 16 finished. Loss: 0.0000, Acc: 0.00%
[33mserver_1      |[0m INFO:__main__:Received update from client_008
[33mserver_1      |[0m INFO:__main__:--- Aggregating 5 updates ---
[33mserver_1      |[0m INFO:__main__:⚡ Using Custom Aggregator with Drift Metric...
[33mserver_1      |[0m INFO:server.aggregator:Starting FedAvg aggregation for 5 clients.
[36mclient_010_1  |[0m 2026-01-31 07:07:27,157 - __main__ - INFO - Round 16 finished. Loss: 0.0000, Acc: 0.00%
[33mserver_1      |[0m INFO:werkzeug:172.18.0.18 - - [31/Jan/2026 07:07:27] "[31m[1mPOST /submit_update HTTP/1.1[0m" 400 -
[36mclient_010_1  |[0m 2026-01-31 07:07:27,231 - __main__ - ERROR - Update submission failed: {"error":"Not accepting updates"}
[36mclient_010_1  |[0m 
[36mclient_010_1  |[0m 2026-01-31 07:07:27,231 - __main__ - INFO - Update submitted for Round 16. Waiting...
[34mclient_004_1  |[0m 2026-01-31 07:07:27,280 - __main__ - INFO - --- New Round Detected: 16 ---
[33mserver_1      |[0m INFO:werkzeug:172.18.0.4 - - [31/Jan/2026 07:07:27] "GET /download_model?round=16 HTTP/1.1" 200 -
[36;1mclient_005_1  |[0m 2026-01-31 07:07:29,003 - __main__ - INFO - --- New Round Detected: 16 ---
[33mserver_1      |[0m INFO:werkzeug:172.18.0.19 - - [31/Jan/2026 07:07:29] "GET /download_model?round=16 HTTP/1.1" 200 -
[33mserver_1      |[0m INFO:server.aggregator:--- [METRIC] Weight Divergence: 1.4278
[33mserver_1      |[0m INFO:server.aggregator:FedAvg aggregation complete.
[33mserver_1      |[0m INFO:__main__:Aggregation complete.
[33mserver_1      |[0m ⏱️ [TIME] Client client_009 finished training in 4.20s
[33mserver_1      |[0m ⏱️ [TIME] Client client_006 finished training in 6.75s
[33mserver_1      |[0m ⏱️ [TIME] Client client_001 finished training in 3.48s
[33mserver_1      |[0m ⏱️ [TIME] Client client_002 finished training in 5.05s
[33mserver_1      |[0m ⏱️ [TIME] Client client_008 finished training in 2.66s
[33mserver_1      |[0m DEBUG: ⚠️ MY CUSTOM AGGREGATOR IS RUNNING ⚠️
[34;1mclient_009_1  |[0m 2026-01-31 07:07:29,922 - __main__ - INFO - --- New Round Detected: 16 ---
[33mserver_1      |[0m INFO:werkzeug:172.18.0.17 - - [31/Jan/2026 07:07:29] "GET /download_model?round=16 HTTP/1.1" 200 -
[33mserver_1      |[0m INFO:__main__:💾 Saving metrics to results/metrics.csv...
[33mserver_1      |[0m INFO:__main__:--- Round 16 Acc: 50.38%, Loss: 1.3689 ---
[33mserver_1      |[0m INFO:__main__:--- Starting Round 17. Timeout: 600s ---
[33mserver_1      |[0m INFO:werkzeug:172.18.0.22 - - [31/Jan/2026 07:07:30] "POST /submit_update HTTP/1.1" 200 -
[35;1mclient_008_1  |[0m 2026-01-31 07:07:30,477 - __main__ - INFO - 🚀 Model update submitted successfully.
[35;1mclient_008_1  |[0m 2026-01-31 07:07:30,478 - __main__ - INFO - Update submitted for Round 16. Waiting...
[35mclient_003_1  |[0m 2026-01-31 07:07:31,545 - __main__ - INFO - Round 16 finished. Loss: 0.0000, Acc: 0.00%
[33mserver_1      |[0m INFO:__main__:Received update from client_003
[33mserver_1      |[0m INFO:werkzeug:172.18.0.14 - - [31/Jan/2026 07:07:31] "POST /submit_update HTTP/1.1" 200 -
[35mclient_003_1  |[0m 2026-01-31 07:07:31,682 - __main__ - INFO - 🚀 Model update submitted successfully.
[35mclient_003_1  |[0m 2026-01-31 07:07:31,682 - __main__ - INFO - Update submitted for Round 16. Waiting...
[33;1mclient_006_1  |[0m 2026-01-31 07:07:31,724 - __main__ - INFO - --- New Round Detected: 17 ---
[33mserver_1      |[0m INFO:werkzeug:172.18.0.20 - - [31/Jan/2026 07:07:31] "GET /download_model?round=17 HTTP/1.1" 200 -
[36;1mclient_005_1  |[0m 2026-01-31 07:07:32,076 - __main__ - INFO - Round 16 finished. Loss: 0.0000, Acc: 0.00%
[33mserver_1      |[0m INFO:__main__:Received update from client_005
[33mserver_1      |[0m INFO:werkzeug:172.18.0.19 - - [31/Jan/2026 07:07:32] "POST /submit_update HTTP/1.1" 200 -
[34mclient_004_1  |[0m 2026-01-31 07:07:32,211 - __main__ - INFO - Round 16 finished. Loss: 0.0000, Acc: 0.00%
[36;1mclient_005_1  |[0m 2026-01-31 07:07:32,231 - __main__ - INFO - 🚀 Model update submitted successfully.
[36;1mclient_005_1  |[0m 2026-01-31 07:07:32,231 - __main__ - INFO - Update submitted for Round 16. Waiting...
[34;1mclient_009_1  |[0m 2026-01-31 07:07:32,239 - __main__ - INFO - Round 16 finished. Loss: 0.0000, Acc: 0.00%
[33mserver_1      |[0m INFO:__main__:Received update from client_004
[33mserver_1      |[0m INFO:werkzeug:172.18.0.4 - - [31/Jan/2026 07:07:32] "POST /submit_update HTTP/1.1" 200 -
[33mserver_1      |[0m INFO:__main__:Received update from client_009
[33mserver_1      |[0m INFO:werkzeug:172.18.0.17 - - [31/Jan/2026 07:07:32] "POST /submit_update HTTP/1.1" 200 -
[34mclient_004_1  |[0m 2026-01-31 07:07:32,367 - __main__ - INFO - 🚀 Model update submitted successfully.
[34mclient_004_1  |[0m 2026-01-31 07:07:32,367 - __main__ - INFO - Update submitted for Round 16. Waiting...
[34;1mclient_009_1  |[0m 2026-01-31 07:07:32,373 - __main__ - INFO - 🚀 Model update submitted successfully.
[34;1mclient_009_1  |[0m 2026-01-31 07:07:32,373 - __main__ - INFO - Update submitted for Round 16. Waiting...
[33mclient_001_1  |[0m 2026-01-31 07:07:32,465 - __main__ - INFO - --- New Round Detected: 17 ---
[33mserver_1      |[0m INFO:werkzeug:172.18.0.21 - - [31/Jan/2026 07:07:32] "GET /download_model?round=17 HTTP/1.1" 200 -
[32;1mclient_007_1  |[0m 2026-01-31 07:07:33,931 - __main__ - INFO - Round 16 finished. Loss: 0.0000, Acc: 0.00%
[33mserver_1      |[0m INFO:__main__:Received update from client_007
[33mserver_1      |[0m INFO:__main__:--- Aggregating 5 updates ---
[33mserver_1      |[0m INFO:__main__:⚡ Using Custom Aggregator with Drift Metric...
[33mserver_1      |[0m INFO:server.aggregator:Starting FedAvg aggregation for 5 clients.
[33mserver_1      |[0m INFO:server.aggregator:--- [METRIC] Weight Divergence: 1.4179
[33mserver_1      |[0m INFO:server.aggregator:FedAvg aggregation complete.
[33mserver_1      |[0m INFO:__main__:Aggregation complete.
[33mserver_1      |[0m ⏱️ [TIME] Client client_003 finished training in 7.57s
[33mserver_1      |[0m ⏱️ [TIME] Client client_005 finished training in 2.83s
[33mserver_1      |[0m ⏱️ [TIME] Client client_004 finished training in 4.71s
[33mserver_1      |[0m ⏱️ [TIME] Client client_009 finished training in 2.12s
[33mserver_1      |[0m ⏱️ [TIME] Client client_007 finished training in 7.16s
[33mserver_1      |[0m DEBUG: ⚠️ MY CUSTOM AGGREGATOR IS RUNNING ⚠️
[32mclient_002_1  |[0m 2026-01-31 07:07:36,207 - __main__ - INFO - --- New Round Detected: 17 ---
[33mserver_1      |[0m INFO:werkzeug:172.18.0.7 - - [31/Jan/2026 07:07:36] "GET /download_model?round=17 HTTP/1.1" 200 -
[33mserver_1      |[0m INFO:__main__:💾 Saving metrics to results/metrics.csv...
[33mserver_1      |[0m INFO:__main__:--- Round 17 Acc: 46.82%, Loss: 1.4377 ---
[33mserver_1      |[0m INFO:__main__:--- Starting Round 18. Timeout: 600s ---
[33mserver_1      |[0m INFO:werkzeug:172.18.0.5 - - [31/Jan/2026 07:07:36] "POST /submit_update HTTP/1.1" 200 -
[33mclient_001_1  |[0m 2026-01-31 07:07:36,517 - __main__ - INFO - Round 17 finished. Loss: 0.0000, Acc: 0.00%
[32;1mclient_007_1  |[0m 2026-01-31 07:07:36,542 - __main__ - INFO - 🚀 Model update submitted successfully.
[32;1mclient_007_1  |[0m 2026-01-31 07:07:36,542 - __main__ - INFO - Update submitted for Round 16. Waiting...
[33mserver_1      |[0m INFO:__main__:Received update from client_001
[33mserver_1      |[0m INFO:werkzeug:172.18.0.21 - - [31/Jan/2026 07:07:36] "POST /submit_update HTTP/1.1" 200 -
[33mclient_001_1  |[0m 2026-01-31 07:07:36,672 - __main__ - INFO - 🚀 Model update submitted successfully.
[33mclient_001_1  |[0m 2026-01-31 07:07:36,674 - __main__ - INFO - Update submitted for Round 17. Waiting...
[36mclient_010_1  |[0m 2026-01-31 07:07:37,302 - __main__ - INFO - --- New Round Detected: 18 ---
[33mserver_1      |[0m INFO:werkzeug:172.18.0.18 - - [31/Jan/2026 07:07:37] "GET /download_model?round=18 HTTP/1.1" 200 -
[33;1mclient_006_1  |[0m 2026-01-31 07:07:38,393 - __main__ - INFO - Round 17 finished. Loss: 0.0000, Acc: 0.00%
[33mserver_1      |[0m INFO:__main__:Received update from client_006
[33mserver_1      |[0m INFO:werkzeug:172.18.0.20 - - [31/Jan/2026 07:07:38] "POST /submit_update HTTP/1.1" 200 -
[33;1mclient_006_1  |[0m 2026-01-31 07:07:38,528 - __main__ - INFO - 🚀 Model update submitted successfully.
[33;1mclient_006_1  |[0m 2026-01-31 07:07:38,528 - __main__ - INFO - Update submitted for Round 17. Waiting...
[32mclient_002_1  |[0m 2026-01-31 07:07:40,259 - __main__ - INFO - Round 17 finished. Loss: 0.0000, Acc: 0.00%
[33mserver_1      |[0m INFO:__main__:Received update from client_002
[33mserver_1      |[0m INFO:werkzeug:172.18.0.7 - - [31/Jan/2026 07:07:40] "POST /submit_update HTTP/1.1" 200 -
[32mclient_002_1  |[0m 2026-01-31 07:07:40,415 - __main__ - INFO - 🚀 Model update submitted successfully.
[32mclient_002_1  |[0m 2026-01-31 07:07:40,415 - __main__ - INFO - Update submitted for Round 17. Waiting...
[35;1mclient_008_1  |[0m 2026-01-31 07:07:40,553 - __main__ - INFO - --- New Round Detected: 18 ---
[33mserver_1      |[0m INFO:werkzeug:172.18.0.22 - - [31/Jan/2026 07:07:40] "GET /download_model?round=18 HTTP/1.1" 200 -
[35mclient_003_1  |[0m 2026-01-31 07:07:41,744 - __main__ - INFO - --- New Round Detected: 18 ---
[33mserver_1      |[0m INFO:werkzeug:172.18.0.14 - - [31/Jan/2026 07:07:41] "GET /download_model?round=18 HTTP/1.1" 200 -
[36;1mclient_005_1  |[0m 2026-01-31 07:07:42,298 - __main__ - INFO - --- New Round Detected: 18 ---
[33mserver_1      |[0m INFO:werkzeug:172.18.0.19 - - [31/Jan/2026 07:07:42] "GET /download_model?round=18 HTTP/1.1" 200 -
[34;1mclient_009_1  |[0m 2026-01-31 07:07:42,447 - __main__ - INFO - --- New Round Detected: 18 ---
[33mserver_1      |[0m INFO:werkzeug:172.18.0.17 - - [31/Jan/2026 07:07:42] "GET /download_model?round=18 HTTP/1.1" 200 -
[34mclient_004_1  |[0m 2026-01-31 07:07:42,495 - __main__ - INFO - --- New Round Detected: 18 ---
[33mserver_1      |[0m INFO:werkzeug:172.18.0.4 - - [31/Jan/2026 07:07:42] "GET /download_model?round=18 HTTP/1.1" 200 -
[36mclient_010_1  |[0m 2026-01-31 07:07:42,885 - __main__ - INFO - Round 18 finished. Loss: 0.0000, Acc: 0.00%
[33mserver_1      |[0m INFO:__main__:Received update from client_010
[33mserver_1      |[0m INFO:werkzeug:172.18.0.18 - - [31/Jan/2026 07:07:43] "POST /submit_update HTTP/1.1" 200 -
[36mclient_010_1  |[0m 2026-01-31 07:07:43,040 - __main__ - INFO - 🚀 Model update submitted successfully.
[36mclient_010_1  |[0m 2026-01-31 07:07:43,041 - __main__ - INFO - Update submitted for Round 18. Waiting...
[35;1mclient_008_1  |[0m 2026-01-31 07:07:43,704 - __main__ - INFO - Round 18 finished. Loss: 0.0000, Acc: 0.00%
[33mserver_1      |[0m INFO:__main__:Received update from client_008
[33mserver_1      |[0m INFO:__main__:--- Aggregating 5 updates ---
[33mserver_1      |[0m INFO:__main__:⚡ Using Custom Aggregator with Drift Metric...
[33mserver_1      |[0m INFO:server.aggregator:Starting FedAvg aggregation for 5 clients.
[34;1mclient_009_1  |[0m 2026-01-31 07:07:44,750 - __main__ - INFO - Round 18 finished. Loss: 0.0000, Acc: 0.00%
[33mserver_1      |[0m INFO:werkzeug:172.18.0.17 - - [31/Jan/2026 07:07:44] "[31m[1mPOST /submit_update HTTP/1.1[0m" 400 -
[34;1mclient_009_1  |[0m 2026-01-31 07:07:44,838 - __main__ - ERROR - Update submission failed: {"error":"Not accepting updates"}
[34;1mclient_009_1  |[0m 
[34;1mclient_009_1  |[0m 2026-01-31 07:07:44,838 - __main__ - INFO - Update submitted for Round 18. Waiting...
[36;1mclient_005_1  |[0m 2026-01-31 07:07:45,465 - __main__ - INFO - Round 18 finished. Loss: 0.0000, Acc: 0.00%
[33mserver_1      |[0m INFO:werkzeug:172.18.0.19 - - [31/Jan/2026 07:07:45] "[31m[1mPOST /submit_update HTTP/1.1[0m" 400 -
[36;1mclient_005_1  |[0m 2026-01-31 07:07:45,529 - __main__ - ERROR - Update submission failed: {"error":"Not accepting updates"}
[36;1mclient_005_1  |[0m 
[36;1mclient_005_1  |[0m 2026-01-31 07:07:45,529 - __main__ - INFO - Update submitted for Round 18. Waiting...
[33mserver_1      |[0m INFO:server.aggregator:--- [METRIC] Weight Divergence: 1.4764
[33mserver_1      |[0m INFO:server.aggregator:FedAvg aggregation complete.
[33mserver_1      |[0m INFO:__main__:Aggregation complete.
[33mserver_1      |[0m ⏱️ [TIME] Client client_001 finished training in 3.81s
[33mserver_1      |[0m ⏱️ [TIME] Client client_006 finished training in 6.39s
[33mserver_1      |[0m ⏱️ [TIME] Client client_002 finished training in 3.84s
[33mserver_1      |[0m ⏱️ [TIME] Client client_010 finished training in 5.34s
[33mserver_1      |[0m ⏱️ [TIME] Client client_008 finished training in 2.96s
[33mserver_1      |[0m DEBUG: ⚠️ MY CUSTOM AGGREGATOR IS RUNNING ⚠️
[34mclient_004_1  |[0m 2026-01-31 07:07:46,489 - __main__ - INFO - Round 18 finished. Loss: 0.0000, Acc: 0.00%
[33mserver_1      |[0m INFO:werkzeug:172.18.0.4 - - [31/Jan/2026 07:07:46] "[31m[1mPOST /submit_update HTTP/1.1[0m" 400 -
[34mclient_004_1  |[0m 2026-01-31 07:07:46,553 - __main__ - ERROR - Update submission failed: {"error":"Not accepting updates"}
[34mclient_004_1  |[0m 
[34mclient_004_1  |[0m 2026-01-31 07:07:46,554 - __main__ - INFO - Update submitted for Round 18. Waiting...
[32;1mclient_007_1  |[0m 2026-01-31 07:07:46,604 - __main__ - INFO - --- New Round Detected: 18 ---
[33mserver_1      |[0m INFO:werkzeug:172.18.0.5 - - [31/Jan/2026 07:07:46] "GET /download_model?round=18 HTTP/1.1" 200 -
[33mclient_001_1  |[0m 2026-01-31 07:07:46,820 - __main__ - INFO - --- New Round Detected: 18 ---
[33mserver_1      |[0m INFO:werkzeug:172.18.0.21 - - [31/Jan/2026 07:07:46] "GET /download_model?round=18 HTTP/1.1" 200 -
[33mserver_1      |[0m INFO:__main__:💾 Saving metrics to results/metrics.csv...
[33mserver_1      |[0m INFO:__main__:--- Round 18 Acc: 51.44%, Loss: 1.3452 ---
[33mserver_1      |[0m INFO:__main__:--- Starting Round 19. Timeout: 600s ---
[33mserver_1      |[0m INFO:werkzeug:172.18.0.22 - - [31/Jan/2026 07:07:47] "POST /submit_update HTTP/1.1" 200 -
[35;1mclient_008_1  |[0m 2026-01-31 07:07:47,157 - __main__ - INFO - 🚀 Model update submitted successfully.
[35;1mclient_008_1  |[0m 2026-01-31 07:07:47,157 - __main__ - INFO - Update submitted for Round 18. Waiting...
[33;1mclient_006_1  |[0m 2026-01-31 07:07:48,589 - __main__ - INFO - --- New Round Detected: 19 ---
[33mserver_1      |[0m INFO:werkzeug:172.18.0.20 - - [31/Jan/2026 07:07:48] "GET /download_model?round=19 HTTP/1.1" 200 -
[33mclient_001_1  |[0m 2026-01-31 07:07:48,905 - __main__ - INFO - Round 18 finished. Loss: 0.0000, Acc: 0.00%
[33mserver_1      |[0m INFO:__main__:Received update from client_001
[33mserver_1      |[0m INFO:werkzeug:172.18.0.21 - - [31/Jan/2026 07:07:49] "POST /submit_update HTTP/1.1" 200 -
[33mclient_001_1  |[0m 2026-01-31 07:07:49,040 - __main__ - INFO - 🚀 Model update submitted successfully.
[33mclient_001_1  |[0m 2026-01-31 07:07:49,040 - __main__ - INFO - Update submitted for Round 18. Waiting...
[35mclient_003_1  |[0m 2026-01-31 07:07:49,047 - __main__ - INFO - Round 18 finished. Loss: 0.0000, Acc: 0.00%
[33mserver_1      |[0m INFO:__main__:Received update from client_003
[33mserver_1      |[0m INFO:werkzeug:172.18.0.14 - - [31/Jan/2026 07:07:49] "POST /submit_update HTTP/1.1" 200 -
[35mclient_003_1  |[0m 2026-01-31 07:07:49,182 - __main__ - INFO - 🚀 Model update submitted successfully.
[35mclient_003_1  |[0m 2026-01-31 07:07:49,182 - __main__ - INFO - Update submitted for Round 18. Waiting...
[32mclient_002_1  |[0m 2026-01-31 07:07:50,493 - __main__ - INFO - --- New Round Detected: 19 ---
[33mserver_1      |[0m INFO:werkzeug:172.18.0.7 - - [31/Jan/2026 07:07:50] "GET /download_model?round=19 HTTP/1.1" 200 -
[36mclient_010_1  |[0m 2026-01-31 07:07:53,104 - __main__ - INFO - --- New Round Detected: 19 ---
[33mserver_1      |[0m INFO:werkzeug:172.18.0.18 - - [31/Jan/2026 07:07:53] "GET /download_model?round=19 HTTP/1.1" 200 -
[32;1mclient_007_1  |[0m 2026-01-31 07:07:53,205 - __main__ - INFO - Round 18 finished. Loss: 0.0000, Acc: 0.00%
[33mserver_1      |[0m INFO:__main__:Received update from client_007
[33mserver_1      |[0m INFO:werkzeug:172.18.0.5 - - [31/Jan/2026 07:07:53] "POST /submit_update HTTP/1.1" 200 -
[32;1mclient_007_1  |[0m 2026-01-31 07:07:53,354 - __main__ - INFO - 🚀 Model update submitted successfully.
[32;1mclient_007_1  |[0m 2026-01-31 07:07:53,354 - __main__ - INFO - Update submitted for Round 18. Waiting...
[33;1mclient_006_1  |[0m 2026-01-31 07:07:54,496 - __main__ - INFO - Round 19 finished. Loss: 0.0000, Acc: 0.00%
[33mserver_1      |[0m INFO:__main__:Received update from client_006
[33mserver_1      |[0m INFO:werkzeug:172.18.0.20 - - [31/Jan/2026 07:07:54] "POST /submit_update HTTP/1.1" 200 -
[33;1mclient_006_1  |[0m 2026-01-31 07:07:54,632 - __main__ - INFO - 🚀 Model update submitted successfully.
[33;1mclient_006_1  |[0m 2026-01-31 07:07:54,632 - __main__ - INFO - Update submitted for Round 19. Waiting...
[34;1mclient_009_1  |[0m 2026-01-31 07:07:54,900 - __main__ - INFO - --- New Round Detected: 19 ---
[33mserver_1      |[0m INFO:werkzeug:172.18.0.17 - - [31/Jan/2026 07:07:54] "GET /download_model?round=19 HTTP/1.1" 200 -
[36;1mclient_005_1  |[0m 2026-01-31 07:07:55,590 - __main__ - INFO - --- New Round Detected: 19 ---
[33mserver_1      |[0m INFO:werkzeug:172.18.0.19 - - [31/Jan/2026 07:07:55] "GET /download_model?round=19 HTTP/1.1" 200 -
[32mclient_002_1  |[0m 2026-01-31 07:07:55,946 - __main__ - INFO - Round 19 finished. Loss: 0.0000, Acc: 0.00%
[33mserver_1      |[0m INFO:__main__:Received update from client_002
[33mserver_1      |[0m INFO:__main__:--- Aggregating 5 updates ---
[33mserver_1      |[0m INFO:__main__:⚡ Using Custom Aggregator with Drift Metric...
[33mserver_1      |[0m INFO:server.aggregator:Starting FedAvg aggregation for 5 clients.
[34mclient_004_1  |[0m 2026-01-31 07:07:56,628 - __main__ - INFO - --- New Round Detected: 19 ---
[33mserver_1      |[0m INFO:werkzeug:172.18.0.4 - - [31/Jan/2026 07:07:56] "GET /download_model?round=19 HTTP/1.1" 200 -
[35;1mclient_008_1  |[0m 2026-01-31 07:07:57,235 - __main__ - INFO - --- New Round Detected: 19 ---
[33mserver_1      |[0m INFO:werkzeug:172.18.0.22 - - [31/Jan/2026 07:07:57] "GET /download_model?round=19 HTTP/1.1" 200 -
[33mserver_1      |[0m INFO:server.aggregator:--- [METRIC] Weight Divergence: 1.5735
[33mserver_1      |[0m INFO:server.aggregator:FedAvg aggregation complete.
[33mserver_1      |[0m INFO:__main__:Aggregation complete.
[36;1mclient_005_1  |[0m 2026-01-31 07:07:58,618 - __main__ - INFO - Round 19 finished. Loss: 0.0000, Acc: 0.00%
[33mserver_1      |[0m INFO:werkzeug:172.18.0.19 - - [31/Jan/2026 07:07:58] "[31m[1mPOST /submit_update HTTP/1.1[0m" 400 -
[36;1mclient_005_1  |[0m 2026-01-31 07:07:58,684 - __main__ - ERROR - Update submission failed: {"error":"Not accepting updates"}
[36;1mclient_005_1  |[0m 
[36;1mclient_005_1  |[0m 2026-01-31 07:07:58,684 - __main__ - INFO - Update submitted for Round 19. Waiting...
[33mserver_1      |[0m ⏱️ [TIME] Client client_001 finished training in 1.90s
[33mserver_1      |[0m ⏱️ [TIME] Client client_003 finished training in 7.05s
[33mserver_1      |[0m ⏱️ [TIME] Client client_007 finished training in 6.39s
[33mserver_1      |[0m ⏱️ [TIME] Client client_006 finished training in 5.69s
[33mserver_1      |[0m ⏱️ [TIME] Client client_002 finished training in 5.23s
[33mserver_1      |[0m DEBUG: ⚠️ MY CUSTOM AGGREGATOR IS RUNNING ⚠️
[36mclient_010_1  |[0m 2026-01-31 07:07:58,878 - __main__ - INFO - Round 19 finished. Loss: 0.0000, Acc: 0.00%
[33mserver_1      |[0m INFO:werkzeug:172.18.0.18 - - [31/Jan/2026 07:07:58] "[31m[1mPOST /submit_update HTTP/1.1[0m" 400 -
[34;1mclient_009_1  |[0m 2026-01-31 07:07:58,929 - __main__ - INFO - Round 19 finished. Loss: 0.0000, Acc: 0.00%
[33mserver_1      |[0m INFO:werkzeug:172.18.0.17 - - [31/Jan/2026 07:07:58] "[31m[1mPOST /submit_update HTTP/1.1[0m" 400 -
[36mclient_010_1  |[0m 2026-01-31 07:07:58,958 - __main__ - ERROR - Update submission failed: {"error":"Not accepting updates"}
[36mclient_010_1  |[0m 
[36mclient_010_1  |[0m 2026-01-31 07:07:58,958 - __main__ - INFO - Update submitted for Round 19. Waiting...
[34;1mclient_009_1  |[0m 2026-01-31 07:07:58,996 - __main__ - ERROR - Update submission failed: {"error":"Not accepting updates"}
[34;1mclient_009_1  |[0m 
[34;1mclient_009_1  |[0m 2026-01-31 07:07:58,996 - __main__ - INFO - Update submitted for Round 19. Waiting...
[33mclient_001_1  |[0m 2026-01-31 07:07:59,102 - __main__ - INFO - --- New Round Detected: 19 ---
[33mserver_1      |[0m INFO:werkzeug:172.18.0.21 - - [31/Jan/2026 07:07:59] "GET /download_model?round=19 HTTP/1.1" 200 -
[35;1mclient_008_1  |[0m 2026-01-31 07:07:59,143 - __main__ - INFO - Round 19 finished. Loss: 0.0000, Acc: 0.00%
[33mserver_1      |[0m INFO:werkzeug:172.18.0.22 - - [31/Jan/2026 07:07:59] "[31m[1mPOST /submit_update HTTP/1.1[0m" 400 -
[35;1mclient_008_1  |[0m 2026-01-31 07:07:59,209 - __main__ - ERROR - Update submission failed: {"error":"Not accepting updates"}
[35;1mclient_008_1  |[0m 
[35;1mclient_008_1  |[0m 2026-01-31 07:07:59,209 - __main__ - INFO - Update submitted for Round 19. Waiting...
[35mclient_003_1  |[0m 2026-01-31 07:07:59,247 - __main__ - INFO - --- New Round Detected: 19 ---
[33mserver_1      |[0m INFO:werkzeug:172.18.0.14 - - [31/Jan/2026 07:07:59] "GET /download_model?round=19 HTTP/1.1" 200 -
[33mserver_1      |[0m INFO:__main__:💾 Saving metrics to results/metrics.csv...
[33mserver_1      |[0m INFO:__main__:--- Round 19 Acc: 50.85%, Loss: 1.3686 ---
[33mserver_1      |[0m INFO:__main__:--- Starting Round 20. Timeout: 600s ---
[33mserver_1      |[0m INFO:werkzeug:172.18.0.7 - - [31/Jan/2026 07:07:59] "POST /submit_update HTTP/1.1" 200 -
[32mclient_002_1  |[0m 2026-01-31 07:07:59,664 - __main__ - INFO - 🚀 Model update submitted successfully.
[32mclient_002_1  |[0m 2026-01-31 07:07:59,665 - __main__ - INFO - Update submitted for Round 19. Waiting...
[33mclient_001_1  |[0m 2026-01-31 07:08:01,089 - __main__ - INFO - Round 19 finished. Loss: 0.0000, Acc: 0.00%
[33mserver_1      |[0m INFO:__main__:Received update from client_001
[33mserver_1      |[0m INFO:werkzeug:172.18.0.21 - - [31/Jan/2026 07:08:01] "POST /submit_update HTTP/1.1" 200 -
[33mclient_001_1  |[0m 2026-01-31 07:08:01,232 - __main__ - INFO - 🚀 Model update submitted successfully.
[33mclient_001_1  |[0m 2026-01-31 07:08:01,232 - __main__ - INFO - Update submitted for Round 19. Waiting...
[34mclient_004_1  |[0m 2026-01-31 07:08:02,313 - __main__ - INFO - Round 19 finished. Loss: 0.0000, Acc: 0.00%
[33mserver_1      |[0m INFO:__main__:Received update from client_004
[33mserver_1      |[0m INFO:werkzeug:172.18.0.4 - - [31/Jan/2026 07:08:02] "POST /submit_update HTTP/1.1" 200 -
[34mclient_004_1  |[0m 2026-01-31 07:08:02,448 - __main__ - INFO - 🚀 Model update submitted successfully.
[34mclient_004_1  |[0m 2026-01-31 07:08:02,448 - __main__ - INFO - Update submitted for Round 19. Waiting...
[35mclient_003_1  |[0m 2026-01-31 07:08:03,360 - __main__ - INFO - Round 19 finished. Loss: 0.0000, Acc: 0.00%
[32;1mclient_007_1  |[0m 2026-01-31 07:08:03,417 - __main__ - INFO - --- New Round Detected: 20 ---
[33mserver_1      |[0m INFO:werkzeug:172.18.0.5 - - [31/Jan/2026 07:08:03] "GET /download_model?round=20 HTTP/1.1" 200 -
[33mserver_1      |[0m INFO:__main__:Received update from client_003
[33mserver_1      |[0m INFO:werkzeug:172.18.0.14 - - [31/Jan/2026 07:08:03] "POST /submit_update HTTP/1.1" 200 -
[35mclient_003_1  |[0m 2026-01-31 07:08:03,514 - __main__ - INFO - 🚀 Model update submitted successfully.
[35mclient_003_1  |[0m 2026-01-31 07:08:03,514 - __main__ - INFO - Update submitted for Round 19. Waiting...
[33;1mclient_006_1  |[0m 2026-01-31 07:08:04,698 - __main__ - INFO - --- New Round Detected: 20 ---
[33mserver_1      |[0m INFO:werkzeug:172.18.0.20 - - [31/Jan/2026 07:08:04] "GET /download_model?round=20 HTTP/1.1" 200 -
[33;1mclient_006_1  |[0m 2026-01-31 07:08:08,262 - __main__ - INFO - Round 20 finished. Loss: 0.0000, Acc: 0.00%
[33mserver_1      |[0m INFO:__main__:Received update from client_006
[33mserver_1      |[0m INFO:werkzeug:172.18.0.20 - - [31/Jan/2026 07:08:08] "POST /submit_update HTTP/1.1" 200 -
[33;1mclient_006_1  |[0m 2026-01-31 07:08:08,395 - __main__ - INFO - 🚀 Model update submitted successfully.
[33;1mclient_006_1  |[0m 2026-01-31 07:08:08,395 - __main__ - INFO - Update submitted for Round 20. Waiting...
[36;1mclient_005_1  |[0m 2026-01-31 07:08:08,753 - __main__ - INFO - --- New Round Detected: 20 ---
[33mserver_1      |[0m INFO:werkzeug:172.18.0.19 - - [31/Jan/2026 07:08:08] "GET /download_model?round=20 HTTP/1.1" 200 -
[36mclient_010_1  |[0m 2026-01-31 07:08:09,022 - __main__ - INFO - --- New Round Detected: 20 ---
[33mserver_1      |[0m INFO:werkzeug:172.18.0.18 - - [31/Jan/2026 07:08:09] "GET /download_model?round=20 HTTP/1.1" 200 -
[34;1mclient_009_1  |[0m 2026-01-31 07:08:09,058 - __main__ - INFO - --- New Round Detected: 20 ---
[33mserver_1      |[0m INFO:werkzeug:172.18.0.17 - - [31/Jan/2026 07:08:09] "GET /download_model?round=20 HTTP/1.1" 200 -
[35;1mclient_008_1  |[0m 2026-01-31 07:08:09,296 - __main__ - INFO - --- New Round Detected: 20 ---
[33mserver_1      |[0m INFO:werkzeug:172.18.0.22 - - [31/Jan/2026 07:08:09] "GET /download_model?round=20 HTTP/1.1" 200 -
[32mclient_002_1  |[0m 2026-01-31 07:08:09,733 - __main__ - INFO - --- New Round Detected: 20 ---
[33mserver_1      |[0m INFO:werkzeug:172.18.0.7 - - [31/Jan/2026 07:08:09] "GET /download_model?round=20 HTTP/1.1" 200 -
[32;1mclient_007_1  |[0m 2026-01-31 07:08:10,552 - __main__ - INFO - Round 20 finished. Loss: 0.0000, Acc: 0.00%
[33mserver_1      |[0m INFO:__main__:Received update from client_007
[33mserver_1      |[0m INFO:__main__:--- Aggregating 5 updates ---
[33mserver_1      |[0m INFO:__main__:⚡ Using Custom Aggregator with Drift Metric...
[33mserver_1      |[0m INFO:server.aggregator:Starting FedAvg aggregation for 5 clients.
[35;1mclient_008_1  |[0m 2026-01-31 07:08:11,223 - __main__ - INFO - Round 20 finished. Loss: 0.0000, Acc: 0.00%
[33mserver_1      |[0m INFO:werkzeug:172.18.0.22 - - [31/Jan/2026 07:08:11] "[31m[1mPOST /submit_update HTTP/1.1[0m" 400 -
[35;1mclient_008_1  |[0m 2026-01-31 07:08:11,294 - __main__ - ERROR - Update submission failed: {"error":"Not accepting updates"}
[35;1mclient_008_1  |[0m 
[35;1mclient_008_1  |[0m 2026-01-31 07:08:11,295 - __main__ - INFO - Update submitted for Round 20. Waiting...
[33mclient_001_1  |[0m 2026-01-31 07:08:11,295 - __main__ - INFO - --- New Round Detected: 20 ---
[33mserver_1      |[0m INFO:werkzeug:172.18.0.21 - - [31/Jan/2026 07:08:11] "GET /download_model?round=20 HTTP/1.1" 200 -
[34;1mclient_009_1  |[0m 2026-01-31 07:08:11,569 - __main__ - INFO - Round 20 finished. Loss: 0.0000, Acc: 0.00%
[33mserver_1      |[0m INFO:werkzeug:172.18.0.17 - - [31/Jan/2026 07:08:11] "[31m[1mPOST /submit_update HTTP/1.1[0m" 400 -
[34;1mclient_009_1  |[0m 2026-01-31 07:08:11,641 - __main__ - ERROR - Update submission failed: {"error":"Not accepting updates"}
[34;1mclient_009_1  |[0m 
[34;1mclient_009_1  |[0m 2026-01-31 07:08:11,641 - __main__ - INFO - Update submitted for Round 20. Waiting...
[36;1mclient_005_1  |[0m 2026-01-31 07:08:11,874 - __main__ - INFO - Round 20 finished. Loss: 0.0000, Acc: 0.00%
[33mserver_1      |[0m INFO:werkzeug:172.18.0.19 - - [31/Jan/2026 07:08:11] "[31m[1mPOST /submit_update HTTP/1.1[0m" 400 -
[36;1mclient_005_1  |[0m 2026-01-31 07:08:11,937 - __main__ - ERROR - Update submission failed: {"error":"Not accepting updates"}
[36;1mclient_005_1  |[0m 
[36;1mclient_005_1  |[0m 2026-01-31 07:08:11,937 - __main__ - INFO - Update submitted for Round 20. Waiting...
[34mclient_004_1  |[0m 2026-01-31 07:08:12,525 - __main__ - INFO - --- New Round Detected: 20 ---
[33mserver_1      |[0m INFO:werkzeug:172.18.0.4 - - [31/Jan/2026 07:08:12] "GET /download_model?round=20 HTTP/1.1" 200 -
[33mserver_1      |[0m INFO:server.aggregator:--- [METRIC] Weight Divergence: 1.5382
[33mserver_1      |[0m INFO:server.aggregator:FedAvg aggregation complete.
[33mserver_1      |[0m INFO:__main__:Aggregation complete.
[33mserver_1      |[0m ⏱️ [TIME] Client client_001 finished training in 1.80s
[33mserver_1      |[0m ⏱️ [TIME] Client client_004 finished training in 5.47s
[33mserver_1      |[0m ⏱️ [TIME] Client client_003 finished training in 3.91s
[33mserver_1      |[0m ⏱️ [TIME] Client client_006 finished training in 3.35s
[33mserver_1      |[0m ⏱️ [TIME] Client client_007 finished training in 6.88s
[33mserver_1      |[0m DEBUG: ⚠️ MY CUSTOM AGGREGATOR IS RUNNING ⚠️
[35mclient_003_1  |[0m 2026-01-31 07:08:13,590 - __main__ - INFO - --- New Round Detected: 20 ---
[33mserver_1      |[0m INFO:werkzeug:172.18.0.14 - - [31/Jan/2026 07:08:13] "GET /download_model?round=20 HTTP/1.1" 200 -
[33mserver_1      |[0m INFO:__main__:💾 Saving metrics to results/metrics.csv...
[33mserver_1      |[0m INFO:__main__:--- Round 20 Acc: 48.66%, Loss: 1.4096 ---
[33mserver_1      |[0m INFO:__main__:--- Starting Round 21. Timeout: 600s ---
[33mserver_1      |[0m INFO:werkzeug:172.18.0.5 - - [31/Jan/2026 07:08:14] "POST /submit_update HTTP/1.1" 200 -
[32;1mclient_007_1  |[0m 2026-01-31 07:08:14,376 - __main__ - INFO - 🚀 Model update submitted successfully.
[32;1mclient_007_1  |[0m 2026-01-31 07:08:14,376 - __main__ - INFO - Update submitted for Round 20. Waiting...
[36mclient_010_1  |[0m 2026-01-31 07:08:14,582 - __main__ - INFO - Round 20 finished. Loss: 0.0000, Acc: 0.00%
[33mserver_1      |[0m INFO:__main__:Received update from client_010
[33mserver_1      |[0m INFO:werkzeug:172.18.0.18 - - [31/Jan/2026 07:08:14] "POST /submit_update HTTP/1.1" 200 -
[36mclient_010_1  |[0m 2026-01-31 07:08:14,717 - __main__ - INFO - 🚀 Model update submitted successfully.
[36mclient_010_1  |[0m 2026-01-31 07:08:14,717 - __main__ - INFO - Update submitted for Round 20. Waiting...
[33mclient_001_1  |[0m 2026-01-31 07:08:15,423 - __main__ - INFO - Round 20 finished. Loss: 0.0000, Acc: 0.00%
[32mclient_002_1  |[0m 2026-01-31 07:08:15,480 - __main__ - INFO - Round 20 finished. Loss: 0.0000, Acc: 0.00%
[33mserver_1      |[0m INFO:__main__:Received update from client_001
[33mserver_1      |[0m INFO:werkzeug:172.18.0.21 - - [31/Jan/2026 07:08:15] "POST /submit_update HTTP/1.1" 200 -
[33mclient_001_1  |[0m 2026-01-31 07:08:15,564 - __main__ - INFO - 🚀 Model update submitted successfully.
[33mclient_001_1  |[0m 2026-01-31 07:08:15,564 - __main__ - INFO - Update submitted for Round 20. Waiting...
[33mserver_1      |[0m INFO:__main__:Received update from client_002
[33mserver_1      |[0m INFO:werkzeug:172.18.0.7 - - [31/Jan/2026 07:08:15] "POST /submit_update HTTP/1.1" 200 -
[32mclient_002_1  |[0m 2026-01-31 07:08:15,620 - __main__ - INFO - 🚀 Model update submitted successfully.
[32mclient_002_1  |[0m 2026-01-31 07:08:15,620 - __main__ - INFO - Update submitted for Round 20. Waiting...
[35mclient_003_1  |[0m 2026-01-31 07:08:17,358 - __main__ - INFO - Round 20 finished. Loss: 0.0000, Acc: 0.00%
[33mserver_1      |[0m INFO:__main__:Received update from client_003
[33mserver_1      |[0m INFO:werkzeug:172.18.0.14 - - [31/Jan/2026 07:08:17] "POST /submit_update HTTP/1.1" 200 -
[35mclient_003_1  |[0m 2026-01-31 07:08:17,494 - __main__ - INFO - 🚀 Model update submitted successfully.
[35mclient_003_1  |[0m 2026-01-31 07:08:17,494 - __main__ - INFO - Update submitted for Round 20. Waiting...
[33;1mclient_006_1  |[0m 2026-01-31 07:08:18,461 - __main__ - INFO - --- New Round Detected: 21 ---
[33mserver_1      |[0m INFO:werkzeug:172.18.0.20 - - [31/Jan/2026 07:08:18] "GET /download_model?round=21 HTTP/1.1" 200 -
[34mclient_004_1  |[0m 2026-01-31 07:08:18,499 - __main__ - INFO - Round 20 finished. Loss: 0.0000, Acc: 0.00%
[33mserver_1      |[0m INFO:__main__:Received update from client_004
[33mserver_1      |[0m INFO:__main__:--- Aggregating 5 updates ---
[33mserver_1      |[0m INFO:__main__:⚡ Using Custom Aggregator with Drift Metric...
[33mserver_1      |[0m INFO:server.aggregator:Starting FedAvg aggregation for 5 clients.
[33mserver_1      |[0m INFO:server.aggregator:--- [METRIC] Weight Divergence: 1.4574
[33mserver_1      |[0m INFO:server.aggregator:FedAvg aggregation complete.
[33mserver_1      |[0m INFO:__main__:Aggregation complete.
[33mserver_1      |[0m ⏱️ [TIME] Client client_010 finished training in 5.35s
[33mserver_1      |[0m ⏱️ [TIME] Client client_001 finished training in 3.86s
[33mserver_1      |[0m ⏱️ [TIME] Client client_002 finished training in 5.51s
[33mserver_1      |[0m ⏱️ [TIME] Client client_003 finished training in 3.57s
[33mserver_1      |[0m ⏱️ [TIME] Client client_004 finished training in 5.75s
[33mserver_1      |[0m DEBUG: ⚠️ MY CUSTOM AGGREGATOR IS RUNNING ⚠️
[33mserver_1      |[0m INFO:__main__:💾 Saving metrics to results/metrics.csv...
[33mserver_1      |[0m INFO:__main__:--- Round 21 Acc: 52.42%, Loss: 1.3107 ---
[33mserver_1      |[0m INFO:__main__:--- Starting Round 22. Timeout: 600s ---
[33mserver_1      |[0m INFO:werkzeug:172.18.0.4 - - [31/Jan/2026 07:08:20] "POST /submit_update HTTP/1.1" 200 -
[34mclient_004_1  |[0m 2026-01-31 07:08:20,759 - __main__ - INFO - 🚀 Model update submitted successfully.
[34mclient_004_1  |[0m 2026-01-31 07:08:20,759 - __main__ - INFO - Update submitted for Round 20. Waiting...
[35;1mclient_008_1  |[0m 2026-01-31 07:08:21,356 - __main__ - INFO - --- New Round Detected: 22 ---
[33mserver_1      |[0m INFO:werkzeug:172.18.0.22 - - [31/Jan/2026 07:08:21] "GET /download_model?round=22 HTTP/1.1" 200 -
[34;1mclient_009_1  |[0m 2026-01-31 07:08:21,705 - __main__ - INFO - --- New Round Detected: 22 ---
[33mserver_1      |[0m INFO:werkzeug:172.18.0.17 - - [31/Jan/2026 07:08:21] "GET /download_model?round=22 HTTP/1.1" 200 -
[36;1mclient_005_1  |[0m 2026-01-31 07:08:22,000 - __main__ - INFO - --- New Round Detected: 22 ---
[33mserver_1      |[0m INFO:werkzeug:172.18.0.19 - - [31/Jan/2026 07:08:22] "GET /download_model?round=22 HTTP/1.1" 200 -
[33;1mclient_006_1  |[0m 2026-01-31 07:08:22,731 - __main__ - INFO - Round 21 finished. Loss: 0.0000, Acc: 0.00%
[33mserver_1      |[0m INFO:__main__:Received update from client_006
[33mserver_1      |[0m INFO:werkzeug:172.18.0.20 - - [31/Jan/2026 07:08:22] "POST /submit_update HTTP/1.1" 200 -
[33;1mclient_006_1  |[0m 2026-01-31 07:08:22,887 - __main__ - INFO - 🚀 Model update submitted successfully.
[33;1mclient_006_1  |[0m 2026-01-31 07:08:22,887 - __main__ - INFO - Update submitted for Round 21. Waiting...
[36;1mclient_005_1  |[0m 2026-01-31 07:08:23,729 - __main__ - INFO - Round 22 finished. Loss: 0.0000, Acc: 0.00%
[33mserver_1      |[0m INFO:__main__:Received update from client_005
[33mserver_1      |[0m INFO:werkzeug:172.18.0.19 - - [31/Jan/2026 07:08:23] "POST /submit_update HTTP/1.1" 200 -
[36;1mclient_005_1  |[0m 2026-01-31 07:08:23,863 - __main__ - INFO - 🚀 Model update submitted successfully.
[36;1mclient_005_1  |[0m 2026-01-31 07:08:23,863 - __main__ - INFO - Update submitted for Round 22. Waiting...
[32;1mclient_007_1  |[0m 2026-01-31 07:08:24,438 - __main__ - INFO - --- New Round Detected: 22 ---
[33mserver_1      |[0m INFO:werkzeug:172.18.0.5 - - [31/Jan/2026 07:08:24] "GET /download_model?round=22 HTTP/1.1" 200 -
[36mclient_010_1  |[0m 2026-01-31 07:08:24,785 - __main__ - INFO - --- New Round Detected: 22 ---
[33mserver_1      |[0m INFO:werkzeug:172.18.0.18 - - [31/Jan/2026 07:08:24] "GET /download_model?round=22 HTTP/1.1" 200 -
[35;1mclient_008_1  |[0m 2026-01-31 07:08:24,892 - __main__ - INFO - Round 22 finished. Loss: 0.0000, Acc: 0.00%
[33mserver_1      |[0m INFO:__main__:Received update from client_008
[33mserver_1      |[0m INFO:werkzeug:172.18.0.22 - - [31/Jan/2026 07:08:25] "POST /submit_update HTTP/1.1" 200 -
[35;1mclient_008_1  |[0m 2026-01-31 07:08:25,030 - __main__ - INFO - 🚀 Model update submitted successfully.
[35;1mclient_008_1  |[0m 2026-01-31 07:08:25,030 - __main__ - INFO - Update submitted for Round 22. Waiting...
[33mclient_001_1  |[0m 2026-01-31 07:08:25,646 - __main__ - INFO - --- New Round Detected: 22 ---
[33mserver_1      |[0m INFO:werkzeug:172.18.0.21 - - [31/Jan/2026 07:08:25] "GET /download_model?round=22 HTTP/1.1" 200 -
[32mclient_002_1  |[0m 2026-01-31 07:08:25,709 - __main__ - INFO - --- New Round Detected: 22 ---
[33mserver_1      |[0m INFO:werkzeug:172.18.0.7 - - [31/Jan/2026 07:08:25] "GET /download_model?round=22 HTTP/1.1" 200 -
[34;1mclient_009_1  |[0m 2026-01-31 07:08:26,235 - __main__ - INFO - Round 22 finished. Loss: 0.0000, Acc: 0.00%
[33mserver_1      |[0m INFO:__main__:Received update from client_009
[33mserver_1      |[0m INFO:werkzeug:172.18.0.17 - - [31/Jan/2026 07:08:26] "POST /submit_update HTTP/1.1" 200 -
[34;1mclient_009_1  |[0m 2026-01-31 07:08:26,392 - __main__ - INFO - 🚀 Model update submitted successfully.
[34;1mclient_009_1  |[0m 2026-01-31 07:08:26,392 - __main__ - INFO - Update submitted for Round 22. Waiting...
[35mclient_003_1  |[0m 2026-01-31 07:08:27,557 - __main__ - INFO - --- New Round Detected: 22 ---
[33mserver_1      |[0m INFO:werkzeug:172.18.0.14 - - [31/Jan/2026 07:08:27] "GET /download_model?round=22 HTTP/1.1" 200 -
[33mclient_001_1  |[0m 2026-01-31 07:08:28,203 - __main__ - INFO - Round 22 finished. Loss: 0.0000, Acc: 0.00%
[33mserver_1      |[0m INFO:__main__:Received update from client_001
[33mserver_1      |[0m INFO:__main__:--- Aggregating 5 updates ---
[33mserver_1      |[0m INFO:__main__:⚡ Using Custom Aggregator with Drift Metric...
[33mserver_1      |[0m INFO:server.aggregator:Starting FedAvg aggregation for 5 clients.
[33mserver_1      |[0m INFO:server.aggregator:--- [METRIC] Weight Divergence: 1.4347
[33mserver_1      |[0m INFO:server.aggregator:FedAvg aggregation complete.
[33mserver_1      |[0m INFO:__main__:Aggregation complete.
[33mserver_1      |[0m ⏱️ [TIME] Client client_006 finished training in 4.06s
[33mserver_1      |[0m ⏱️ [TIME] Client client_005 finished training in 1.51s
[33mserver_1      |[0m ⏱️ [TIME] Client client_008 finished training in 3.31s
[33mserver_1      |[0m ⏱️ [TIME] Client client_009 finished training in 4.31s
[33mserver_1      |[0m ⏱️ [TIME] Client client_001 finished training in 2.27s
[33mserver_1      |[0m DEBUG: ⚠️ MY CUSTOM AGGREGATOR IS RUNNING ⚠️
[36mclient_010_1  |[0m 2026-01-31 07:08:30,168 - __main__ - INFO - Round 22 finished. Loss: 0.0000, Acc: 0.00%
[33mserver_1      |[0m INFO:werkzeug:172.18.0.18 - - [31/Jan/2026 07:08:30] "[31m[1mPOST /submit_update HTTP/1.1[0m" 400 -
[36mclient_010_1  |[0m 2026-01-31 07:08:30,239 - __main__ - ERROR - Update submission failed: {"error":"Not accepting updates"}
[36mclient_010_1  |[0m 
[36mclient_010_1  |[0m 2026-01-31 07:08:30,239 - __main__ - INFO - Update submitted for Round 22. Waiting...
[34mclient_004_1  |[0m 2026-01-31 07:08:30,823 - __main__ - INFO - --- New Round Detected: 22 ---
[33mserver_1      |[0m INFO:werkzeug:172.18.0.4 - - [31/Jan/2026 07:08:30] "GET /download_model?round=22 HTTP/1.1" 200 -
[32mclient_002_1  |[0m 2026-01-31 07:08:31,286 - __main__ - INFO - Round 22 finished. Loss: 0.0000, Acc: 0.00%
[33mserver_1      |[0m INFO:werkzeug:172.18.0.7 - - [31/Jan/2026 07:08:31] "[31m[1mPOST /submit_update HTTP/1.1[0m" 400 -
[32mclient_002_1  |[0m 2026-01-31 07:08:31,350 - __main__ - ERROR - Update submission failed: {"error":"Not accepting updates"}
[32mclient_002_1  |[0m 
[32mclient_002_1  |[0m 2026-01-31 07:08:31,350 - __main__ - INFO - Update submitted for Round 22. Waiting...
[33mserver_1      |[0m INFO:__main__:💾 Saving metrics to results/metrics.csv...
[33mserver_1      |[0m INFO:__main__:--- Round 22 Acc: 51.24%, Loss: 1.3577 ---
[33mserver_1      |[0m INFO:__main__:--- Starting Round 23. Timeout: 600s ---
[33mserver_1      |[0m INFO:werkzeug:172.18.0.21 - - [31/Jan/2026 07:08:31] "POST /submit_update HTTP/1.1" 200 -
[33mclient_001_1  |[0m 2026-01-31 07:08:31,431 - __main__ - INFO - 🚀 Model update submitted successfully.
[33mclient_001_1  |[0m 2026-01-31 07:08:31,431 - __main__ - INFO - Update submitted for Round 22. Waiting...
[32;1mclient_007_1  |[0m 2026-01-31 07:08:32,193 - __main__ - INFO - Round 22 finished. Loss: 0.0000, Acc: 0.00%
[33mserver_1      |[0m INFO:__main__:Received update from client_007
[33mserver_1      |[0m INFO:werkzeug:172.18.0.5 - - [31/Jan/2026 07:08:32] "POST /submit_update HTTP/1.1" 200 -
[32;1mclient_007_1  |[0m 2026-01-31 07:08:32,330 - __main__ - INFO - 🚀 Model update submitted successfully.
[32;1mclient_007_1  |[0m 2026-01-31 07:08:32,330 - __main__ - INFO - Update submitted for Round 22. Waiting...
[33;1mclient_006_1  |[0m 2026-01-31 07:08:33,059 - __main__ - INFO - --- New Round Detected: 23 ---
[33mserver_1      |[0m INFO:werkzeug:172.18.0.20 - - [31/Jan/2026 07:08:33] "GET /download_model?round=23 HTTP/1.1" 200 -
[36;1mclient_005_1  |[0m 2026-01-31 07:08:33,926 - __main__ - INFO - --- New Round Detected: 23 ---
[33mserver_1      |[0m INFO:werkzeug:172.18.0.19 - - [31/Jan/2026 07:08:33] "GET /download_model?round=23 HTTP/1.1" 200 -
[35;1mclient_008_1  |[0m 2026-01-31 07:08:35,091 - __main__ - INFO - --- New Round Detected: 23 ---
[33mserver_1      |[0m INFO:werkzeug:172.18.0.22 - - [31/Jan/2026 07:08:35] "GET /download_model?round=23 HTTP/1.1" 200 -
[35mclient_003_1  |[0m 2026-01-31 07:08:35,290 - __main__ - INFO - Round 22 finished. Loss: 0.0000, Acc: 0.00%
[33mserver_1      |[0m INFO:__main__:Received update from client_003
[33mserver_1      |[0m INFO:werkzeug:172.18.0.14 - - [31/Jan/2026 07:08:35] "POST /submit_update HTTP/1.1" 200 -
[35mclient_003_1  |[0m 2026-01-31 07:08:35,474 - __main__ - INFO - 🚀 Model update submitted successfully.
[35mclient_003_1  |[0m 2026-01-31 07:08:35,474 - __main__ - INFO - Update submitted for Round 22. Waiting...
[36;1mclient_005_1  |[0m 2026-01-31 07:08:36,378 - __main__ - INFO - Round 23 finished. Loss: 0.0000, Acc: 0.00%
[34;1mclient_009_1  |[0m 2026-01-31 07:08:36,461 - __main__ - INFO - --- New Round Detected: 23 ---
[33mserver_1      |[0m INFO:werkzeug:172.18.0.17 - - [31/Jan/2026 07:08:36] "GET /download_model?round=23 HTTP/1.1" 200 -
[33mserver_1      |[0m INFO:__main__:Received update from client_005
[33mserver_1      |[0m INFO:werkzeug:172.18.0.19 - - [31/Jan/2026 07:08:36] "POST /submit_update HTTP/1.1" 200 -
[36;1mclient_005_1  |[0m 2026-01-31 07:08:36,516 - __main__ - INFO - 🚀 Model update submitted successfully.
[36;1mclient_005_1  |[0m 2026-01-31 07:08:36,516 - __main__ - INFO - Update submitted for Round 23. Waiting...
[34mclient_004_1  |[0m 2026-01-31 07:08:36,926 - __main__ - INFO - Round 22 finished. Loss: 0.0000, Acc: 0.00%
[33mserver_1      |[0m INFO:__main__:Received update from client_004
[33mserver_1      |[0m INFO:werkzeug:172.18.0.4 - - [31/Jan/2026 07:08:37] "POST /submit_update HTTP/1.1" 200 -
[34mclient_004_1  |[0m 2026-01-31 07:08:37,066 - __main__ - INFO - 🚀 Model update submitted successfully.
[34mclient_004_1  |[0m 2026-01-31 07:08:37,066 - __main__ - INFO - Update submitted for Round 22. Waiting...
[35;1mclient_008_1  |[0m 2026-01-31 07:08:37,680 - __main__ - INFO - Round 23 finished. Loss: 0.0000, Acc: 0.00%
[33mserver_1      |[0m INFO:__main__:Received update from client_008
[33mserver_1      |[0m INFO:__main__:--- Aggregating 5 updates ---
[33mserver_1      |[0m INFO:__main__:⚡ Using Custom Aggregator with Drift Metric...
[33mserver_1      |[0m INFO:server.aggregator:Starting FedAvg aggregation for 5 clients.
[34;1mclient_009_1  |[0m 2026-01-31 07:08:38,868 - __main__ - INFO - Round 23 finished. Loss: 0.0000, Acc: 0.00%
[33mserver_1      |[0m INFO:werkzeug:172.18.0.17 - - [31/Jan/2026 07:08:38] "[31m[1mPOST /submit_update HTTP/1.1[0m" 400 -
[34;1mclient_009_1  |[0m 2026-01-31 07:08:38,937 - __main__ - ERROR - Update submission failed: {"error":"Not accepting updates"}
[34;1mclient_009_1  |[0m 
[34;1mclient_009_1  |[0m 2026-01-31 07:08:38,937 - __main__ - INFO - Update submitted for Round 23. Waiting...
[33;1mclient_006_1  |[0m 2026-01-31 07:08:39,273 - __main__ - INFO - Round 23 finished. Loss: 0.0000, Acc: 0.00%
[33mserver_1      |[0m INFO:werkzeug:172.18.0.20 - - [31/Jan/2026 07:08:39] "[31m[1mPOST /submit_update HTTP/1.1[0m" 400 -
[33;1mclient_006_1  |[0m 2026-01-31 07:08:39,344 - __main__ - ERROR - Update submission failed: {"error":"Not accepting updates"}
[33;1mclient_006_1  |[0m 
[33;1mclient_006_1  |[0m 2026-01-31 07:08:39,344 - __main__ - INFO - Update submitted for Round 23. Waiting...
[33mserver_1      |[0m INFO:server.aggregator:--- [METRIC] Weight Divergence: 1.5024
[33mserver_1      |[0m INFO:server.aggregator:FedAvg aggregation complete.
[33mserver_1      |[0m INFO:__main__:Aggregation complete.
[33mserver_1      |[0m ⏱️ [TIME] Client client_007 finished training in 7.51s
[33mserver_1      |[0m ⏱️ [TIME] Client client_003 finished training in 7.49s
[33mserver_1      |[0m ⏱️ [TIME] Client client_005 finished training in 2.22s
[33mserver_1      |[0m ⏱️ [TIME] Client client_004 finished training in 5.85s
[33mserver_1      |[0m ⏱️ [TIME] Client client_008 finished training in 2.35s
[33mserver_1      |[0m DEBUG: ⚠️ MY CUSTOM AGGREGATOR IS RUNNING ⚠️
[36mclient_010_1  |[0m 2026-01-31 07:08:40,304 - __main__ - INFO - --- New Round Detected: 23 ---
[33mserver_1      |[0m INFO:werkzeug:172.18.0.18 - - [31/Jan/2026 07:08:40] "GET /download_model?round=23 HTTP/1.1" 200 -
[33mserver_1      |[0m INFO:__main__:💾 Saving metrics to results/metrics.csv...
[33mserver_1      |[0m INFO:__main__:--- Round 23 Acc: 51.41%, Loss: 1.3580 ---
[33mserver_1      |[0m INFO:__main__:--- Starting Round 24. Timeout: 600s ---
[33mserver_1      |[0m INFO:werkzeug:172.18.0.22 - - [31/Jan/2026 07:08:40] "POST /submit_update HTTP/1.1" 200 -
[35;1mclient_008_1  |[0m 2026-01-31 07:08:40,972 - __main__ - INFO - 🚀 Model update submitted successfully.
[35;1mclient_008_1  |[0m 2026-01-31 07:08:40,972 - __main__ - INFO - Update submitted for Round 23. Waiting...
[32mclient_002_1  |[0m 2026-01-31 07:08:41,412 - __main__ - INFO - --- New Round Detected: 24 ---
[33mserver_1      |[0m INFO:werkzeug:172.18.0.7 - - [31/Jan/2026 07:08:41] "GET /download_model?round=24 HTTP/1.1" 200 -
[33mclient_001_1  |[0m 2026-01-31 07:08:41,494 - __main__ - INFO - --- New Round Detected: 24 ---
[33mserver_1      |[0m INFO:werkzeug:172.18.0.21 - - [31/Jan/2026 07:08:41] "GET /download_model?round=24 HTTP/1.1" 200 -
[32;1mclient_007_1  |[0m 2026-01-31 07:08:42,392 - __main__ - INFO - --- New Round Detected: 24 ---
[33mserver_1      |[0m INFO:werkzeug:172.18.0.5 - - [31/Jan/2026 07:08:42] "GET /download_model?round=24 HTTP/1.1" 200 -
[36mclient_010_1  |[0m 2026-01-31 07:08:43,339 - __main__ - INFO - Round 23 finished. Loss: 0.0000, Acc: 0.00%
[33mserver_1      |[0m INFO:__main__:Received update from client_010
[33mserver_1      |[0m INFO:werkzeug:172.18.0.18 - - [31/Jan/2026 07:08:43] "POST /submit_update HTTP/1.1" 200 -
[36mclient_010_1  |[0m 2026-01-31 07:08:43,472 - __main__ - INFO - 🚀 Model update submitted successfully.
[36mclient_010_1  |[0m 2026-01-31 07:08:43,473 - __main__ - INFO - Update submitted for Round 23. Waiting...
[33mclient_001_1  |[0m 2026-01-31 07:08:45,210 - __main__ - INFO - Round 24 finished. Loss: 0.0000, Acc: 0.00%
[33mserver_1      |[0m INFO:__main__:Received update from client_001
[33mserver_1      |[0m INFO:werkzeug:172.18.0.21 - - [31/Jan/2026 07:08:45] "POST /submit_update HTTP/1.1" 200 -
[33mclient_001_1  |[0m 2026-01-31 07:08:45,347 - __main__ - INFO - 🚀 Model update submitted successfully.
[33mclient_001_1  |[0m 2026-01-31 07:08:45,347 - __main__ - INFO - Update submitted for Round 24. Waiting...
[35mclient_003_1  |[0m 2026-01-31 07:08:45,540 - __main__ - INFO - --- New Round Detected: 24 ---
[33mserver_1      |[0m INFO:werkzeug:172.18.0.14 - - [31/Jan/2026 07:08:45] "GET /download_model?round=24 HTTP/1.1" 200 -
[36;1mclient_005_1  |[0m 2026-01-31 07:08:46,589 - __main__ - INFO - --- New Round Detected: 24 ---
[33mserver_1      |[0m INFO:werkzeug:172.18.0.19 - - [31/Jan/2026 07:08:46] "GET /download_model?round=24 HTTP/1.1" 200 -
[32mclient_002_1  |[0m 2026-01-31 07:08:46,785 - __main__ - INFO - Round 24 finished. Loss: 0.0000, Acc: 0.00%
[33mserver_1      |[0m INFO:__main__:Received update from client_002
[33mserver_1      |[0m INFO:werkzeug:172.18.0.7 - - [31/Jan/2026 07:08:46] "POST /submit_update HTTP/1.1" 200 -
[32mclient_002_1  |[0m 2026-01-31 07:08:46,920 - __main__ - INFO - 🚀 Model update submitted successfully.
[32mclient_002_1  |[0m 2026-01-31 07:08:46,920 - __main__ - INFO - Update submitted for Round 24. Waiting...
[34mclient_004_1  |[0m 2026-01-31 07:08:47,161 - __main__ - INFO - --- New Round Detected: 24 ---
[33mserver_1      |[0m INFO:werkzeug:172.18.0.4 - - [31/Jan/2026 07:08:47] "GET /download_model?round=24 HTTP/1.1" 200 -
[34;1mclient_009_1  |[0m 2026-01-31 07:08:49,006 - __main__ - INFO - --- New Round Detected: 24 ---
[33mserver_1      |[0m INFO:werkzeug:172.18.0.17 - - [31/Jan/2026 07:08:49] "GET /download_model?round=24 HTTP/1.1" 200 -
[33;1mclient_006_1  |[0m 2026-01-31 07:08:49,407 - __main__ - INFO - --- New Round Detected: 24 ---
[33mserver_1      |[0m INFO:werkzeug:172.18.0.20 - - [31/Jan/2026 07:08:49] "GET /download_model?round=24 HTTP/1.1" 200 -
[36;1mclient_005_1  |[0m 2026-01-31 07:08:49,709 - __main__ - INFO - Round 24 finished. Loss: 0.0000, Acc: 0.00%
[33mserver_1      |[0m INFO:__main__:Received update from client_005
[33mserver_1      |[0m INFO:werkzeug:172.18.0.19 - - [31/Jan/2026 07:08:49] "POST /submit_update HTTP/1.1" 200 -
[36;1mclient_005_1  |[0m 2026-01-31 07:08:49,844 - __main__ - INFO - 🚀 Model update submitted successfully.
[36;1mclient_005_1  |[0m 2026-01-31 07:08:49,844 - __main__ - INFO - Update submitted for Round 24. Waiting...
[32;1mclient_007_1  |[0m 2026-01-31 07:08:50,169 - __main__ - INFO - Round 24 finished. Loss: 0.0000, Acc: 0.00%
[33mserver_1      |[0m INFO:__main__:Received update from client_007
[33mserver_1      |[0m INFO:__main__:--- Aggregating 5 updates ---
[33mserver_1      |[0m INFO:__main__:⚡ Using Custom Aggregator with Drift Metric...
[33mserver_1      |[0m INFO:server.aggregator:Starting FedAvg aggregation for 5 clients.
[35;1mclient_008_1  |[0m 2026-01-31 07:08:51,035 - __main__ - INFO - --- New Round Detected: 24 ---
[33mserver_1      |[0m INFO:werkzeug:172.18.0.22 - - [31/Jan/2026 07:08:51] "GET /download_model?round=24 HTTP/1.1" 200 -
[33mserver_1      |[0m INFO:server.aggregator:--- [METRIC] Weight Divergence: 1.4180
[33mserver_1      |[0m INFO:server.aggregator:FedAvg aggregation complete.
[33mserver_1      |[0m INFO:__main__:Aggregation complete.
[33mserver_1      |[0m ⏱️ [TIME] Client client_010 finished training in 2.82s
[33mserver_1      |[0m ⏱️ [TIME] Client client_001 finished training in 3.45s
[33mserver_1      |[0m ⏱️ [TIME] Client client_002 finished training in 5.13s
[33mserver_1      |[0m ⏱️ [TIME] Client client_005 finished training in 2.87s
[33mserver_1      |[0m ⏱️ [TIME] Client client_007 finished training in 7.54s
[33mserver_1      |[0m DEBUG: ⚠️ MY CUSTOM AGGREGATOR IS RUNNING ⚠️
[34mclient_004_1  |[0m 2026-01-31 07:08:53,259 - __main__ - INFO - Round 24 finished. Loss: 0.0000, Acc: 0.00%
[33mserver_1      |[0m INFO:werkzeug:172.18.0.4 - - [31/Jan/2026 07:08:53] "[31m[1mPOST /submit_update HTTP/1.1[0m" 400 -
[34mclient_004_1  |[0m 2026-01-31 07:08:53,345 - __main__ - ERROR - Update submission failed: {"error":"Not accepting updates"}
[34mclient_004_1  |[0m 
[34mclient_004_1  |[0m 2026-01-31 07:08:53,345 - __main__ - INFO - Update submitted for Round 24. Waiting...
[36mclient_010_1  |[0m 2026-01-31 07:08:53,551 - __main__ - INFO - --- New Round Detected: 24 ---
[35mclient_003_1  |[0m 2026-01-31 07:08:53,576 - __main__ - INFO - Round 24 finished. Loss: 0.0000, Acc: 0.00%
[33mserver_1      |[0m INFO:werkzeug:172.18.0.18 - - [31/Jan/2026 07:08:53] "GET /download_model?round=24 HTTP/1.1" 200 -
[33mserver_1      |[0m INFO:werkzeug:172.18.0.14 - - [31/Jan/2026 07:08:53] "[31m[1mPOST /submit_update HTTP/1.1[0m" 400 -
[35mclient_003_1  |[0m 2026-01-31 07:08:53,641 - __main__ - ERROR - Update submission failed: {"error":"Not accepting updates"}
[35mclient_003_1  |[0m 
[35mclient_003_1  |[0m 2026-01-31 07:08:53,642 - __main__ - INFO - Update submitted for Round 24. Waiting...
[34;1mclient_009_1  |[0m 2026-01-31 07:08:53,757 - __main__ - INFO - Round 24 finished. Loss: 0.0000, Acc: 0.00%
[33mserver_1      |[0m INFO:werkzeug:172.18.0.17 - - [31/Jan/2026 07:08:53] "[31m[1mPOST /submit_update HTTP/1.1[0m" 400 -
[34;1mclient_009_1  |[0m 2026-01-31 07:08:53,832 - __main__ - ERROR - Update submission failed: {"error":"Not accepting updates"}
[34;1mclient_009_1  |[0m 
[34;1mclient_009_1  |[0m 2026-01-31 07:08:53,832 - __main__ - INFO - Update submitted for Round 24. Waiting...
[33mserver_1      |[0m INFO:__main__:💾 Saving metrics to results/metrics.csv...
[33mserver_1      |[0m INFO:__main__:--- Round 24 Acc: 44.30%, Loss: 1.5305 ---
[33mserver_1      |[0m INFO:__main__:--- Starting Round 25. Timeout: 600s ---
[33mserver_1      |[0m INFO:werkzeug:172.18.0.5 - - [31/Jan/2026 07:08:53] "POST /submit_update HTTP/1.1" 200 -
[32;1mclient_007_1  |[0m 2026-01-31 07:08:53,871 - __main__ - INFO - 🚀 Model update submitted successfully.
[32;1mclient_007_1  |[0m 2026-01-31 07:08:53,871 - __main__ - INFO - Update submitted for Round 24. Waiting...
[35;1mclient_008_1  |[0m 2026-01-31 07:08:54,437 - __main__ - INFO - Round 24 finished. Loss: 0.0000, Acc: 0.00%
[33mserver_1      |[0m INFO:__main__:Received update from client_008
[33mserver_1      |[0m INFO:werkzeug:172.18.0.22 - - [31/Jan/2026 07:08:54] "POST /submit_update HTTP/1.1" 200 -
[35;1mclient_008_1  |[0m 2026-01-31 07:08:54,577 - __main__ - INFO - 🚀 Model update submitted successfully.
[35;1mclient_008_1  |[0m 2026-01-31 07:08:54,577 - __main__ - INFO - Update submitted for Round 24. Waiting...
[33mclient_001_1  |[0m 2026-01-31 07:08:55,414 - __main__ - INFO - --- New Round Detected: 25 ---
[33mserver_1      |[0m INFO:werkzeug:172.18.0.21 - - [31/Jan/2026 07:08:55] "GET /download_model?round=25 HTTP/1.1" 200 -
[33;1mclient_006_1  |[0m 2026-01-31 07:08:56,584 - __main__ - INFO - Round 24 finished. Loss: 0.0000, Acc: 0.00%
[33mserver_1      |[0m INFO:__main__:Received update from client_006
[33mserver_1      |[0m INFO:werkzeug:172.18.0.20 - - [31/Jan/2026 07:08:56] "POST /submit_update HTTP/1.1" 200 -
[33;1mclient_006_1  |[0m 2026-01-31 07:08:56,721 - __main__ - INFO - 🚀 Model update submitted successfully.
[33;1mclient_006_1  |[0m 2026-01-31 07:08:56,721 - __main__ - INFO - Update submitted for Round 24. Waiting...
[32mclient_002_1  |[0m 2026-01-31 07:08:56,990 - __main__ - INFO - --- New Round Detected: 25 ---
[33mserver_1      |[0m INFO:werkzeug:172.18.0.7 - - [31/Jan/2026 07:08:57] "GET /download_model?round=25 HTTP/1.1" 200 -
[36mclient_010_1  |[0m 2026-01-31 07:08:57,921 - __main__ - INFO - Round 24 finished. Loss: 0.0000, Acc: 0.00%
[33mserver_1      |[0m INFO:__main__:Received update from client_010
[33mserver_1      |[0m INFO:werkzeug:172.18.0.18 - - [31/Jan/2026 07:08:58] "POST /submit_update HTTP/1.1" 200 -
[36mclient_010_1  |[0m 2026-01-31 07:08:58,059 - __main__ - INFO - 🚀 Model update submitted successfully.
[36mclient_010_1  |[0m 2026-01-31 07:08:58,060 - __main__ - INFO - Update submitted for Round 24. Waiting...
[33mclient_001_1  |[0m 2026-01-31 07:08:59,294 - __main__ - INFO - Round 25 finished. Loss: 0.0000, Acc: 0.00%
[33mserver_1      |[0m INFO:__main__:Received update from client_001
[33mserver_1      |[0m INFO:werkzeug:172.18.0.21 - - [31/Jan/2026 07:08:59] "POST /submit_update HTTP/1.1" 200 -
[33mclient_001_1  |[0m 2026-01-31 07:08:59,430 - __main__ - INFO - 🚀 Model update submitted successfully.
[33mclient_001_1  |[0m 2026-01-31 07:08:59,431 - __main__ - INFO - Update submitted for Round 25. Waiting...
[36;1mclient_005_1  |[0m 2026-01-31 07:08:59,914 - __main__ - INFO - --- New Round Detected: 25 ---
[33mserver_1      |[0m INFO:werkzeug:172.18.0.19 - - [31/Jan/2026 07:08:59] "GET /download_model?round=25 HTTP/1.1" 200 -
[32mclient_002_1  |[0m 2026-01-31 07:09:00,428 - __main__ - INFO - Round 25 finished. Loss: 0.0000, Acc: 0.00%
[33mserver_1      |[0m INFO:__main__:Received update from client_002
[33mserver_1      |[0m INFO:__main__:--- Aggregating 5 updates ---
[33mserver_1      |[0m INFO:__main__:⚡ Using Custom Aggregator with Drift Metric...
[33mserver_1      |[0m INFO:server.aggregator:Starting FedAvg aggregation for 5 clients.
[33mserver_1      |[0m INFO:server.aggregator:--- [METRIC] Weight Divergence: 1.4816
[33mserver_1      |[0m INFO:server.aggregator:FedAvg aggregation complete.
[33mserver_1      |[0m INFO:__main__:Aggregation complete.
[33mserver_1      |[0m ⏱️ [TIME] Client client_008 finished training in 3.16s
[33mserver_1      |[0m ⏱️ [TIME] Client client_006 finished training in 6.93s
[33mserver_1      |[0m ⏱️ [TIME] Client client_010 finished training in 4.15s
[33mserver_1      |[0m ⏱️ [TIME] Client client_001 finished training in 3.64s
[33mserver_1      |[0m ⏱️ [TIME] Client client_002 finished training in 3.21s
[33mserver_1      |[0m DEBUG: ⚠️ MY CUSTOM AGGREGATOR IS RUNNING ⚠️
[36;1mclient_005_1  |[0m 2026-01-31 07:09:03,158 - __main__ - INFO - Round 25 finished. Loss: 0.0000, Acc: 0.00%
[33mserver_1      |[0m INFO:werkzeug:172.18.0.19 - - [31/Jan/2026 07:09:03] "[31m[1mPOST /submit_update HTTP/1.1[0m" 400 -
[33mserver_1      |[0m INFO:__main__:💾 Saving metrics to results/metrics.csv...
[33mserver_1      |[0m INFO:__main__:--- Round 25 Acc: 54.18%, Loss: 1.2760 ---
[33mserver_1      |[0m INFO:__main__:--- Starting Round 26. Timeout: 600s ---
[33mserver_1      |[0m INFO:werkzeug:172.18.0.7 - - [31/Jan/2026 07:09:03] "POST /submit_update HTTP/1.1" 200 -
[36;1mclient_005_1  |[0m 2026-01-31 07:09:03,224 - __main__ - ERROR - Update submission failed: {"error":"Not accepting updates"}
[36;1mclient_005_1  |[0m 
[36;1mclient_005_1  |[0m 2026-01-31 07:09:03,224 - __main__ - INFO - Update submitted for Round 25. Waiting...
[32mclient_002_1  |[0m 2026-01-31 07:09:03,248 - __main__ - INFO - 🚀 Model update submitted successfully.
[32mclient_002_1  |[0m 2026-01-31 07:09:03,248 - __main__ - INFO - Update submitted for Round 25. Waiting...
[34mclient_004_1  |[0m 2026-01-31 07:09:03,425 - __main__ - INFO - --- New Round Detected: 26 ---
[33mserver_1      |[0m INFO:werkzeug:172.18.0.4 - - [31/Jan/2026 07:09:03] "GET /download_model?round=26 HTTP/1.1" 200 -
[35mclient_003_1  |[0m 2026-01-31 07:09:03,704 - __main__ - INFO - --- New Round Detected: 26 ---
[33mserver_1      |[0m INFO:werkzeug:172.18.0.14 - - [31/Jan/2026 07:09:03] "GET /download_model?round=26 HTTP/1.1" 200 -
[34;1mclient_009_1  |[0m 2026-01-31 07:09:03,894 - __main__ - INFO - --- New Round Detected: 26 ---
[33mserver_1      |[0m INFO:werkzeug:172.18.0.17 - - [31/Jan/2026 07:09:03] "GET /download_model?round=26 HTTP/1.1" 200 -
[32;1mclient_007_1  |[0m 2026-01-31 07:09:03,932 - __main__ - INFO - --- New Round Detected: 26 ---
[33mserver_1      |[0m INFO:werkzeug:172.18.0.5 - - [31/Jan/2026 07:09:03] "GET /download_model?round=26 HTTP/1.1" 200 -
[35;1mclient_008_1  |[0m 2026-01-31 07:09:04,657 - __main__ - INFO - --- New Round Detected: 26 ---
[33mserver_1      |[0m INFO:werkzeug:172.18.0.22 - - [31/Jan/2026 07:09:04] "GET /download_model?round=26 HTTP/1.1" 200 -
[33;1mclient_006_1  |[0m 2026-01-31 07:09:06,796 - __main__ - INFO - --- New Round Detected: 26 ---
[33mserver_1      |[0m INFO:werkzeug:172.18.0.20 - - [31/Jan/2026 07:09:06] "GET /download_model?round=26 HTTP/1.1" 200 -
[34mclient_004_1  |[0m 2026-01-31 07:09:07,338 - __main__ - INFO - Round 26 finished. Loss: 0.0000, Acc: 0.00%
[33mserver_1      |[0m INFO:__main__:Received update from client_004
[33mserver_1      |[0m INFO:werkzeug:172.18.0.4 - - [31/Jan/2026 07:09:07] "POST /submit_update HTTP/1.1" 200 -
[34mclient_004_1  |[0m 2026-01-31 07:09:07,475 - __main__ - INFO - 🚀 Model update submitted successfully.
[34mclient_004_1  |[0m 2026-01-31 07:09:07,475 - __main__ - INFO - Update submitted for Round 26. Waiting...
[35mclient_003_1  |[0m 2026-01-31 07:09:07,893 - __main__ - INFO - Round 26 finished. Loss: 0.0000, Acc: 0.00%
[32;1mclient_007_1  |[0m 2026-01-31 07:09:07,926 - __main__ - INFO - Round 26 finished. Loss: 0.0000, Acc: 0.00%
[33mserver_1      |[0m INFO:__main__:Received update from client_003
[33mserver_1      |[0m INFO:werkzeug:172.18.0.14 - - [31/Jan/2026 07:09:08] "POST /submit_update HTTP/1.1" 200 -
[33mserver_1      |[0m INFO:__main__:Received update from client_007
[33mserver_1      |[0m INFO:werkzeug:172.18.0.5 - - [31/Jan/2026 07:09:08] "POST /submit_update HTTP/1.1" 200 -
[35mclient_003_1  |[0m 2026-01-31 07:09:08,047 - __main__ - INFO - 🚀 Model update submitted successfully.
[35mclient_003_1  |[0m 2026-01-31 07:09:08,047 - __main__ - INFO - Update submitted for Round 26. Waiting...
[32;1mclient_007_1  |[0m 2026-01-31 07:09:08,067 - __main__ - INFO - 🚀 Model update submitted successfully.
[32;1mclient_007_1  |[0m 2026-01-31 07:09:08,067 - __main__ - INFO - Update submitted for Round 26. Waiting...
[36mclient_010_1  |[0m 2026-01-31 07:09:08,123 - __main__ - INFO - --- New Round Detected: 26 ---
[33mserver_1      |[0m INFO:werkzeug:172.18.0.18 - - [31/Jan/2026 07:09:08] "GET /download_model?round=26 HTTP/1.1" 200 -
[34;1mclient_009_1  |[0m 2026-01-31 07:09:08,365 - __main__ - INFO - Round 26 finished. Loss: 0.0000, Acc: 0.00%
[33mserver_1      |[0m INFO:__main__:Received update from client_009
[33mserver_1      |[0m INFO:werkzeug:172.18.0.17 - - [31/Jan/2026 07:09:08] "POST /submit_update HTTP/1.1" 200 -
[34;1mclient_009_1  |[0m 2026-01-31 07:09:08,503 - __main__ - INFO - 🚀 Model update submitted successfully.
[34;1mclient_009_1  |[0m 2026-01-31 07:09:08,503 - __main__ - INFO - Update submitted for Round 26. Waiting...
[35;1mclient_008_1  |[0m 2026-01-31 07:09:08,516 - __main__ - INFO - Round 26 finished. Loss: 0.0000, Acc: 0.00%
[33mserver_1      |[0m INFO:__main__:Received update from client_008
[33mserver_1      |[0m INFO:__main__:--- Aggregating 5 updates ---
[33mserver_1      |[0m INFO:__main__:⚡ Using Custom Aggregator with Drift Metric...
[33mserver_1      |[0m INFO:server.aggregator:Starting FedAvg aggregation for 5 clients.
[33mclient_001_1  |[0m 2026-01-31 07:09:09,534 - __main__ - INFO - --- New Round Detected: 26 ---
[33mserver_1      |[0m INFO:werkzeug:172.18.0.21 - - [31/Jan/2026 07:09:09] "GET /download_model?round=26 HTTP/1.1" 200 -
[33mserver_1      |[0m INFO:server.aggregator:--- [METRIC] Weight Divergence: 1.4728
[33mserver_1      |[0m INFO:server.aggregator:FedAvg aggregation complete.
[33mserver_1      |[0m INFO:__main__:Aggregation complete.
[33mserver_1      |[0m ⏱️ [TIME] Client client_004 finished training in 3.71s
[33mserver_1      |[0m ⏱️ [TIME] Client client_003 finished training in 4.00s
[33mserver_1      |[0m ⏱️ [TIME] Client client_007 finished training in 3.79s
[33mserver_1      |[0m ⏱️ [TIME] Client client_009 finished training in 4.24s
[33mserver_1      |[0m ⏱️ [TIME] Client client_008 finished training in 3.56s
[33mserver_1      |[0m DEBUG: ⚠️ MY CUSTOM AGGREGATOR IS RUNNING ⚠️
[33mclient_001_1  |[0m 2026-01-31 07:09:11,716 - __main__ - INFO - Round 26 finished. Loss: 0.0000, Acc: 0.00%
[33mserver_1      |[0m INFO:werkzeug:172.18.0.21 - - [31/Jan/2026 07:09:11] "[31m[1mPOST /submit_update HTTP/1.1[0m" 400 -
[33mclient_001_1  |[0m 2026-01-31 07:09:11,789 - __main__ - ERROR - Update submission failed: {"error":"Not accepting updates"}
[33mclient_001_1  |[0m 
[33mclient_001_1  |[0m 2026-01-31 07:09:11,789 - __main__ - INFO - Update submitted for Round 26. Waiting...
[33;1mclient_006_1  |[0m 2026-01-31 07:09:11,860 - __main__ - INFO - Round 26 finished. Loss: 0.0000, Acc: 0.00%
[33mserver_1      |[0m INFO:__main__:💾 Saving metrics to results/metrics.csv...
[33mserver_1      |[0m INFO:__main__:--- Round 26 Acc: 48.88%, Loss: 1.4206 ---
[33mserver_1      |[0m INFO:__main__:--- Starting Round 27. Timeout: 600s ---
[33mserver_1      |[0m INFO:werkzeug:172.18.0.22 - - [31/Jan/2026 07:09:11] "POST /submit_update HTTP/1.1" 200 -
[35;1mclient_008_1  |[0m 2026-01-31 07:09:11,924 - __main__ - INFO - 🚀 Model update submitted successfully.
[35;1mclient_008_1  |[0m 2026-01-31 07:09:11,924 - __main__ - INFO - Update submitted for Round 26. Waiting...
[33mserver_1      |[0m INFO:__main__:Received update from client_006
[33mserver_1      |[0m INFO:werkzeug:172.18.0.20 - - [31/Jan/2026 07:09:11] "POST /submit_update HTTP/1.1" 200 -
[33;1mclient_006_1  |[0m 2026-01-31 07:09:11,996 - __main__ - INFO - 🚀 Model update submitted successfully.
[33;1mclient_006_1  |[0m 2026-01-31 07:09:11,996 - __main__ - INFO - Update submitted for Round 26. Waiting...
[36;1mclient_005_1  |[0m 2026-01-31 07:09:13,287 - __main__ - INFO - --- New Round Detected: 27 ---
[33mserver_1      |[0m INFO:werkzeug:172.18.0.19 - - [31/Jan/2026 07:09:13] "GET /download_model?round=27 HTTP/1.1" 200 -
[32mclient_002_1  |[0m 2026-01-31 07:09:13,309 - __main__ - INFO - --- New Round Detected: 27 ---
[33mserver_1      |[0m INFO:werkzeug:172.18.0.7 - - [31/Jan/2026 07:09:13] "GET /download_model?round=27 HTTP/1.1" 200 -
[36mclient_010_1  |[0m 2026-01-31 07:09:13,566 - __main__ - INFO - Round 26 finished. Loss: 0.0000, Acc: 0.00%
[33mserver_1      |[0m INFO:__main__:Received update from client_010
[33mserver_1      |[0m INFO:werkzeug:172.18.0.18 - - [31/Jan/2026 07:09:13] "POST /submit_update HTTP/1.1" 200 -
[36mclient_010_1  |[0m 2026-01-31 07:09:13,726 - __main__ - INFO - 🚀 Model update submitted successfully.
[36mclient_010_1  |[0m 2026-01-31 07:09:13,726 - __main__ - INFO - Update submitted for Round 26. Waiting...
[36;1mclient_005_1  |[0m 2026-01-31 07:09:16,599 - __main__ - INFO - Round 27 finished. Loss: 0.0000, Acc: 0.00%
[33mserver_1      |[0m INFO:__main__:Received update from client_005
[33mserver_1      |[0m INFO:werkzeug:172.18.0.19 - - [31/Jan/2026 07:09:16] "POST /submit_update HTTP/1.1" 200 -
[36;1mclient_005_1  |[0m 2026-01-31 07:09:16,754 - __main__ - INFO - 🚀 Model update submitted successfully.
[36;1mclient_005_1  |[0m 2026-01-31 07:09:16,755 - __main__ - INFO - Update submitted for Round 27. Waiting...
[34mclient_004_1  |[0m 2026-01-31 07:09:17,538 - __main__ - INFO - --- New Round Detected: 27 ---
[33mserver_1      |[0m INFO:werkzeug:172.18.0.4 - - [31/Jan/2026 07:09:17] "GET /download_model?round=27 HTTP/1.1" 200 -
[35mclient_003_1  |[0m 2026-01-31 07:09:18,126 - __main__ - INFO - --- New Round Detected: 27 ---
[32;1mclient_007_1  |[0m 2026-01-31 07:09:18,129 - __main__ - INFO - --- New Round Detected: 27 ---
[33mserver_1      |[0m INFO:werkzeug:172.18.0.14 - - [31/Jan/2026 07:09:18] "GET /download_model?round=27 HTTP/1.1" 200 -
[33mserver_1      |[0m INFO:werkzeug:172.18.0.5 - - [31/Jan/2026 07:09:18] "GET /download_model?round=27 HTTP/1.1" 200 -
[32mclient_002_1  |[0m 2026-01-31 07:09:18,502 - __main__ - INFO - Round 27 finished. Loss: 0.0000, Acc: 0.00%
[34;1mclient_009_1  |[0m 2026-01-31 07:09:18,571 - __main__ - INFO - --- New Round Detected: 27 ---
[33mserver_1      |[0m INFO:werkzeug:172.18.0.17 - - [31/Jan/2026 07:09:18] "GET /download_model?round=27 HTTP/1.1" 200 -
[33mserver_1      |[0m INFO:__main__:Received update from client_002
[33mserver_1      |[0m INFO:werkzeug:172.18.0.7 - - [31/Jan/2026 07:09:18] "POST /submit_update HTTP/1.1" 200 -
[32mclient_002_1  |[0m 2026-01-31 07:09:18,637 - __main__ - INFO - 🚀 Model update submitted successfully.
[32mclient_002_1  |[0m 2026-01-31 07:09:18,639 - __main__ - INFO - Update submitted for Round 27. Waiting...
[33mclient_001_1  |[0m 2026-01-31 07:09:21,891 - __main__ - INFO - --- New Round Detected: 27 ---
[33mserver_1      |[0m INFO:werkzeug:172.18.0.21 - - [31/Jan/2026 07:09:21] "GET /download_model?round=27 HTTP/1.1" 200 -
[35;1mclient_008_1  |[0m 2026-01-31 07:09:21,998 - __main__ - INFO - --- New Round Detected: 27 ---
[33mserver_1      |[0m INFO:werkzeug:172.18.0.22 - - [31/Jan/2026 07:09:22] "GET /download_model?round=27 HTTP/1.1" 200 -
[33;1mclient_006_1  |[0m 2026-01-31 07:09:22,058 - __main__ - INFO - --- New Round Detected: 27 ---
[33mserver_1      |[0m INFO:werkzeug:172.18.0.20 - - [31/Jan/2026 07:09:22] "GET /download_model?round=27 HTTP/1.1" 200 -
[34;1mclient_009_1  |[0m 2026-01-31 07:09:22,491 - __main__ - INFO - Round 27 finished. Loss: 0.0000, Acc: 0.00%
[33mserver_1      |[0m INFO:__main__:Received update from client_009
[33mserver_1      |[0m INFO:__main__:--- Aggregating 5 updates ---
[33mserver_1      |[0m INFO:__main__:⚡ Using Custom Aggregator with Drift Metric...
[33mserver_1      |[0m INFO:server.aggregator:Starting FedAvg aggregation for 5 clients.
[35mclient_003_1  |[0m 2026-01-31 07:09:22,620 - __main__ - INFO - Round 27 finished. Loss: 0.0000, Acc: 0.00%
[33mserver_1      |[0m INFO:werkzeug:172.18.0.14 - - [31/Jan/2026 07:09:22] "[31m[1mPOST /submit_update HTTP/1.1[0m" 400 -
[35mclient_003_1  |[0m 2026-01-31 07:09:22,684 - __main__ - ERROR - Update submission failed: {"error":"Not accepting updates"}
[35mclient_003_1  |[0m 
[35mclient_003_1  |[0m 2026-01-31 07:09:22,684 - __main__ - INFO - Update submitted for Round 27. Waiting...
[34mclient_004_1  |[0m 2026-01-31 07:09:23,199 - __main__ - INFO - Round 27 finished. Loss: 0.0000, Acc: 0.00%
[33mserver_1      |[0m INFO:werkzeug:172.18.0.4 - - [31/Jan/2026 07:09:23] "[31m[1mPOST /submit_update HTTP/1.1[0m" 400 -
[34mclient_004_1  |[0m 2026-01-31 07:09:23,274 - __main__ - ERROR - Update submission failed: {"error":"Not accepting updates"}
[34mclient_004_1  |[0m 
[34mclient_004_1  |[0m 2026-01-31 07:09:23,274 - __main__ - INFO - Update submitted for Round 27. Waiting...
[36mclient_010_1  |[0m 2026-01-31 07:09:23,790 - __main__ - INFO - --- New Round Detected: 27 ---
[33mserver_1      |[0m INFO:werkzeug:172.18.0.18 - - [31/Jan/2026 07:09:23] "GET /download_model?round=27 HTTP/1.1" 200 -
[35;1mclient_008_1  |[0m 2026-01-31 07:09:24,094 - __main__ - INFO - Round 27 finished. Loss: 0.0000, Acc: 0.00%
[33mserver_1      |[0m INFO:werkzeug:172.18.0.22 - - [31/Jan/2026 07:09:24] "[31m[1mPOST /submit_update HTTP/1.1[0m" 400 -
[35;1mclient_008_1  |[0m 2026-01-31 07:09:24,164 - __main__ - ERROR - Update submission failed: {"error":"Not accepting updates"}
[35;1mclient_008_1  |[0m 
[35;1mclient_008_1  |[0m 2026-01-31 07:09:24,165 - __main__ - INFO - Update submitted for Round 27. Waiting...
[33mserver_1      |[0m INFO:server.aggregator:--- [METRIC] Weight Divergence: 1.4660
[33mserver_1      |[0m INFO:server.aggregator:FedAvg aggregation complete.
[33mserver_1      |[0m INFO:__main__:Aggregation complete.
[33mserver_1      |[0m ⏱️ [TIME] Client client_006 finished training in 4.84s
[33mserver_1      |[0m ⏱️ [TIME] Client client_010 finished training in 5.22s
[33mserver_1      |[0m ⏱️ [TIME] Client client_005 finished training in 3.04s
[33mserver_1      |[0m ⏱️ [TIME] Client client_002 finished training in 4.96s
[33mserver_1      |[0m ⏱️ [TIME] Client client_009 finished training in 3.70s
[33mserver_1      |[0m DEBUG: ⚠️ MY CUSTOM AGGREGATOR IS RUNNING ⚠️
[33mserver_1      |[0m INFO:__main__:💾 Saving metrics to results/metrics.csv...
[33mserver_1      |[0m INFO:__main__:--- Round 27 Acc: 52.66%, Loss: 1.2823 ---
[33mserver_1      |[0m INFO:__main__:--- Starting Round 28. Timeout: 600s ---
[33mserver_1      |[0m INFO:werkzeug:172.18.0.17 - - [31/Jan/2026 07:09:25] "POST /submit_update HTTP/1.1" 200 -
[34;1mclient_009_1  |[0m 2026-01-31 07:09:25,402 - __main__ - INFO - 🚀 Model update submitted successfully.
[34;1mclient_009_1  |[0m 2026-01-31 07:09:25,402 - __main__ - INFO - Update submitted for Round 27. Waiting...
[32;1mclient_007_1  |[0m 2026-01-31 07:09:25,678 - __main__ - INFO - Round 27 finished. Loss: 0.0000, Acc: 0.00%
[33mserver_1      |[0m INFO:__main__:Received update from client_007
[33mserver_1      |[0m INFO:werkzeug:172.18.0.5 - - [31/Jan/2026 07:09:25] "POST /submit_update HTTP/1.1" 200 -
[32;1mclient_007_1  |[0m 2026-01-31 07:09:25,815 - __main__ - INFO - 🚀 Model update submitted successfully.
[32;1mclient_007_1  |[0m 2026-01-31 07:09:25,815 - __main__ - INFO - Update submitted for Round 27. Waiting...
[33mclient_001_1  |[0m 2026-01-31 07:09:25,833 - __main__ - INFO - Round 27 finished. Loss: 0.0000, Acc: 0.00%
[33mserver_1      |[0m INFO:__main__:Received update from client_001
[33mserver_1      |[0m INFO:werkzeug:172.18.0.21 - - [31/Jan/2026 07:09:25] "POST /submit_update HTTP/1.1" 200 -
[33mclient_001_1  |[0m 2026-01-31 07:09:25,969 - __main__ - INFO - 🚀 Model update submitted successfully.
[33mclient_001_1  |[0m 2026-01-31 07:09:25,969 - __main__ - INFO - Update submitted for Round 27. Waiting...
[36;1mclient_005_1  |[0m 2026-01-31 07:09:26,827 - __main__ - INFO - --- New Round Detected: 28 ---
[33mserver_1      |[0m INFO:werkzeug:172.18.0.19 - - [31/Jan/2026 07:09:26] "GET /download_model?round=28 HTTP/1.1" 200 -
[36mclient_010_1  |[0m 2026-01-31 07:09:27,521 - __main__ - INFO - Round 27 finished. Loss: 0.0000, Acc: 0.00%
[33mserver_1      |[0m INFO:__main__:Received update from client_010
[33mserver_1      |[0m INFO:werkzeug:172.18.0.18 - - [31/Jan/2026 07:09:27] "POST /submit_update HTTP/1.1" 200 -
[36mclient_010_1  |[0m 2026-01-31 07:09:27,665 - __main__ - INFO - 🚀 Model update submitted successfully.
[36mclient_010_1  |[0m 2026-01-31 07:09:27,665 - __main__ - INFO - Update submitted for Round 27. Waiting...
[33;1mclient_006_1  |[0m 2026-01-31 07:09:28,689 - __main__ - INFO - Round 27 finished. Loss: 0.0000, Acc: 0.00%
[32mclient_002_1  |[0m 2026-01-31 07:09:28,701 - __main__ - INFO - --- New Round Detected: 28 ---
[33mserver_1      |[0m INFO:werkzeug:172.18.0.7 - - [31/Jan/2026 07:09:28] "GET /download_model?round=28 HTTP/1.1" 200 -
[33mserver_1      |[0m INFO:__main__:Received update from client_006
[33mserver_1      |[0m INFO:werkzeug:172.18.0.20 - - [31/Jan/2026 07:09:28] "POST /submit_update HTTP/1.1" 200 -
[33;1mclient_006_1  |[0m 2026-01-31 07:09:28,827 - __main__ - INFO - 🚀 Model update submitted successfully.
[33;1mclient_006_1  |[0m 2026-01-31 07:09:28,827 - __main__ - INFO - Update submitted for Round 27. Waiting...
[36;1mclient_005_1  |[0m 2026-01-31 07:09:29,869 - __main__ - INFO - Round 28 finished. Loss: 0.0000, Acc: 0.00%
[33mserver_1      |[0m INFO:__main__:Received update from client_005
[33mserver_1      |[0m INFO:__main__:--- Aggregating 5 updates ---
[33mserver_1      |[0m INFO:__main__:⚡ Using Custom Aggregator with Drift Metric...
[33mserver_1      |[0m INFO:server.aggregator:Starting FedAvg aggregation for 5 clients.
[33mserver_1      |[0m INFO:server.aggregator:--- [METRIC] Weight Divergence: 1.5025
[33mserver_1      |[0m INFO:server.aggregator:FedAvg aggregation complete.
[33mserver_1      |[0m INFO:__main__:Aggregation complete.
[33mserver_1      |[0m ⏱️ [TIME] Client client_007 finished training in 7.30s
[33mserver_1      |[0m ⏱️ [TIME] Client client_001 finished training in 3.72s
[33mserver_1      |[0m ⏱️ [TIME] Client client_010 finished training in 3.50s
[33mserver_1      |[0m ⏱️ [TIME] Client client_006 finished training in 6.40s
[33mserver_1      |[0m ⏱️ [TIME] Client client_005 finished training in 2.80s
[33mserver_1      |[0m DEBUG: ⚠️ MY CUSTOM AGGREGATOR IS RUNNING ⚠️
[35mclient_003_1  |[0m 2026-01-31 07:09:32,757 - __main__ - INFO - --- New Round Detected: 28 ---
[33mserver_1      |[0m INFO:werkzeug:172.18.0.14 - - [31/Jan/2026 07:09:32] "GET /download_model?round=28 HTTP/1.1" 200 -
[33mserver_1      |[0m INFO:__main__:💾 Saving metrics to results/metrics.csv...
[33mserver_1      |[0m INFO:__main__:--- Round 28 Acc: 53.39%, Loss: 1.3049 ---
[33mserver_1      |[0m INFO:__main__:--- Starting Round 29. Timeout: 600s ---
[33mserver_1      |[0m INFO:werkzeug:172.18.0.19 - - [31/Jan/2026 07:09:33] "POST /submit_update HTTP/1.1" 200 -
[36;1mclient_005_1  |[0m 2026-01-31 07:09:33,211 - __main__ - INFO - 🚀 Model update submitted successfully.
[36;1mclient_005_1  |[0m 2026-01-31 07:09:33,211 - __main__ - INFO - Update submitted for Round 28. Waiting...
[34mclient_004_1  |[0m 2026-01-31 07:09:33,336 - __main__ - INFO - --- New Round Detected: 29 ---
[33mserver_1      |[0m INFO:werkzeug:172.18.0.4 - - [31/Jan/2026 07:09:33] "GET /download_model?round=29 HTTP/1.1" 200 -
[32mclient_002_1  |[0m 2026-01-31 07:09:33,548 - __main__ - INFO - Round 28 finished. Loss: 0.0000, Acc: 0.00%
[33mserver_1      |[0m INFO:__main__:Received update from client_002
[33mserver_1      |[0m INFO:werkzeug:172.18.0.7 - - [31/Jan/2026 07:09:33] "POST /submit_update HTTP/1.1" 200 -
[32mclient_002_1  |[0m 2026-01-31 07:09:33,684 - __main__ - INFO - 🚀 Model update submitted successfully.
[32mclient_002_1  |[0m 2026-01-31 07:09:33,684 - __main__ - INFO - Update submitted for Round 28. Waiting...
[35;1mclient_008_1  |[0m 2026-01-31 07:09:34,229 - __main__ - INFO - --- New Round Detected: 29 ---
[33mserver_1      |[0m INFO:werkzeug:172.18.0.22 - - [31/Jan/2026 07:09:34] "GET /download_model?round=29 HTTP/1.1" 200 -
[34;1mclient_009_1  |[0m 2026-01-31 07:09:35,464 - __main__ - INFO - --- New Round Detected: 29 ---
[33mserver_1      |[0m INFO:werkzeug:172.18.0.17 - - [31/Jan/2026 07:09:35] "GET /download_model?round=29 HTTP/1.1" 200 -
[32;1mclient_007_1  |[0m 2026-01-31 07:09:35,877 - __main__ - INFO - --- New Round Detected: 29 ---
[33mserver_1      |[0m INFO:werkzeug:172.18.0.5 - - [31/Jan/2026 07:09:35] "GET /download_model?round=29 HTTP/1.1" 200 -
[33mclient_001_1  |[0m 2026-01-31 07:09:36,033 - __main__ - INFO - --- New Round Detected: 29 ---
[33mserver_1      |[0m INFO:werkzeug:172.18.0.21 - - [31/Jan/2026 07:09:36] "GET /download_model?round=29 HTTP/1.1" 200 -
[35;1mclient_008_1  |[0m 2026-01-31 07:09:37,711 - __main__ - INFO - Round 29 finished. Loss: 0.0000, Acc: 0.00%
[36mclient_010_1  |[0m 2026-01-31 07:09:37,729 - __main__ - INFO - --- New Round Detected: 29 ---
[33mserver_1      |[0m INFO:werkzeug:172.18.0.18 - - [31/Jan/2026 07:09:37] "GET /download_model?round=29 HTTP/1.1" 200 -
[33mserver_1      |[0m INFO:__main__:Received update from client_008
[33mserver_1      |[0m INFO:werkzeug:172.18.0.22 - - [31/Jan/2026 07:09:37] "POST /submit_update HTTP/1.1" 200 -
[35;1mclient_008_1  |[0m 2026-01-31 07:09:37,847 - __main__ - INFO - 🚀 Model update submitted successfully.
[35;1mclient_008_1  |[0m 2026-01-31 07:09:37,849 - __main__ - INFO - Update submitted for Round 29. Waiting...
[34mclient_004_1  |[0m 2026-01-31 07:09:38,097 - __main__ - INFO - Round 29 finished. Loss: 0.0000, Acc: 0.00%
[33mserver_1      |[0m INFO:__main__:Received update from client_004
[33mserver_1      |[0m INFO:werkzeug:172.18.0.4 - - [31/Jan/2026 07:09:38] "POST /submit_update HTTP/1.1" 200 -
[34mclient_004_1  |[0m 2026-01-31 07:09:38,235 - __main__ - INFO - 🚀 Model update submitted successfully.
[34mclient_004_1  |[0m 2026-01-31 07:09:38,235 - __main__ - INFO - Update submitted for Round 29. Waiting...
[33mclient_001_1  |[0m 2026-01-31 07:09:38,634 - __main__ - INFO - Round 29 finished. Loss: 0.0000, Acc: 0.00%
[33mserver_1      |[0m INFO:__main__:Received update from client_001
[33mserver_1      |[0m INFO:werkzeug:172.18.0.21 - - [31/Jan/2026 07:09:38] "POST /submit_update HTTP/1.1" 200 -
[33mclient_001_1  |[0m 2026-01-31 07:09:38,770 - __main__ - INFO - 🚀 Model update submitted successfully.
[33mclient_001_1  |[0m 2026-01-31 07:09:38,770 - __main__ - INFO - Update submitted for Round 29. Waiting...
[33;1mclient_006_1  |[0m 2026-01-31 07:09:38,897 - __main__ - INFO - --- New Round Detected: 29 ---
[33mserver_1      |[0m INFO:werkzeug:172.18.0.20 - - [31/Jan/2026 07:09:38] "GET /download_model?round=29 HTTP/1.1" 200 -
[34;1mclient_009_1  |[0m 2026-01-31 07:09:40,148 - __main__ - INFO - Round 29 finished. Loss: 0.0000, Acc: 0.00%
[33mserver_1      |[0m INFO:__main__:Received update from client_009
[33mserver_1      |[0m INFO:__main__:--- Aggregating 5 updates ---
[33mserver_1      |[0m INFO:__main__:⚡ Using Custom Aggregator with Drift Metric...
[33mserver_1      |[0m INFO:server.aggregator:Starting FedAvg aggregation for 5 clients.
[35mclient_003_1  |[0m 2026-01-31 07:09:40,799 - __main__ - INFO - Round 28 finished. Loss: 0.0000, Acc: 0.00%
[33mserver_1      |[0m INFO:werkzeug:172.18.0.14 - - [31/Jan/2026 07:09:40] "[31m[1mPOST /submit_update HTTP/1.1[0m" 400 -
[35mclient_003_1  |[0m 2026-01-31 07:09:40,869 - __main__ - ERROR - Update submission failed: {"error":"Not accepting updates"}
[35mclient_003_1  |[0m 
[35mclient_003_1  |[0m 2026-01-31 07:09:40,871 - __main__ - INFO - Update submitted for Round 28. Waiting...
[32;1mclient_007_1  |[0m 2026-01-31 07:09:41,826 - __main__ - INFO - Round 29 finished. Loss: 0.0000, Acc: 0.00%
[33mserver_1      |[0m INFO:werkzeug:172.18.0.5 - - [31/Jan/2026 07:09:41] "[31m[1mPOST /submit_update HTTP/1.1[0m" 400 -
[32;1mclient_007_1  |[0m 2026-01-31 07:09:41,896 - __main__ - ERROR - Update submission failed: {"error":"Not accepting updates"}
[32;1mclient_007_1  |[0m 
[32;1mclient_007_1  |[0m 2026-01-31 07:09:41,897 - __main__ - INFO - Update submitted for Round 29. Waiting...
[33mserver_1      |[0m INFO:server.aggregator:--- [METRIC] Weight Divergence: 1.4601
[33mserver_1      |[0m INFO:server.aggregator:FedAvg aggregation complete.
[33mserver_1      |[0m INFO:__main__:Aggregation complete.
[33mserver_1      |[0m ⏱️ [TIME] Client client_002 finished training in 4.63s
[33mserver_1      |[0m ⏱️ [TIME] Client client_008 finished training in 3.25s
[33mserver_1      |[0m ⏱️ [TIME] Client client_004 finished training in 4.54s
[33mserver_1      |[0m ⏱️ [TIME] Client client_001 finished training in 2.39s
[33mserver_1      |[0m ⏱️ [TIME] Client client_009 finished training in 4.44s
[33mserver_1      |[0m DEBUG: ⚠️ MY CUSTOM AGGREGATOR IS RUNNING ⚠️
[33;1mclient_006_1  |[0m 2026-01-31 07:09:42,792 - __main__ - INFO - Round 29 finished. Loss: 0.0000, Acc: 0.00%
[33mserver_1      |[0m INFO:werkzeug:172.18.0.20 - - [31/Jan/2026 07:09:42] "[31m[1mPOST /submit_update HTTP/1.1[0m" 400 -
[33;1mclient_006_1  |[0m 2026-01-31 07:09:42,886 - __main__ - ERROR - Update submission failed: {"error":"Not accepting updates"}
[33;1mclient_006_1  |[0m 
[33;1mclient_006_1  |[0m 2026-01-31 07:09:42,886 - __main__ - INFO - Update submitted for Round 29. Waiting...
[36;1mclient_005_1  |[0m 2026-01-31 07:09:43,286 - __main__ - INFO - --- New Round Detected: 29 ---
[33mserver_1      |[0m INFO:werkzeug:172.18.0.19 - - [31/Jan/2026 07:09:43] "GET /download_model?round=29 HTTP/1.1" 200 -
[33mserver_1      |[0m INFO:__main__:💾 Saving metrics to results/metrics.csv...
[33mserver_1      |[0m INFO:__main__:--- Round 29 Acc: 54.92%, Loss: 1.2644 ---
[33mserver_1      |[0m INFO:__main__:--- Starting Round 30. Timeout: 600s ---
[33mserver_1      |[0m INFO:werkzeug:172.18.0.17 - - [31/Jan/2026 07:09:43] "POST /submit_update HTTP/1.1" 200 -
[34;1mclient_009_1  |[0m 2026-01-31 07:09:43,546 - __main__ - INFO - 🚀 Model update submitted successfully.
[34;1mclient_009_1  |[0m 2026-01-31 07:09:43,546 - __main__ - INFO - Update submitted for Round 29. Waiting...
[36mclient_010_1  |[0m 2026-01-31 07:09:43,601 - __main__ - INFO - Round 29 finished. Loss: 0.0000, Acc: 0.00%
[33mserver_1      |[0m INFO:__main__:Received update from client_010
[33mserver_1      |[0m INFO:werkzeug:172.18.0.18 - - [31/Jan/2026 07:09:43] "POST /submit_update HTTP/1.1" 200 -
[36mclient_010_1  |[0m 2026-01-31 07:09:43,748 - __main__ - INFO - 🚀 Model update submitted successfully.
[36mclient_010_1  |[0m 2026-01-31 07:09:43,749 - __main__ - INFO - Update submitted for Round 29. Waiting...
[32mclient_002_1  |[0m 2026-01-31 07:09:43,746 - __main__ - INFO - --- New Round Detected: 30 ---
[33mserver_1      |[0m INFO:werkzeug:172.18.0.7 - - [31/Jan/2026 07:09:43] "GET /download_model?round=30 HTTP/1.1" 200 -
[36;1mclient_005_1  |[0m 2026-01-31 07:09:44,937 - __main__ - INFO - Round 29 finished. Loss: 0.0000, Acc: 0.00%
[33mserver_1      |[0m INFO:__main__:Received update from client_005
[33mserver_1      |[0m INFO:werkzeug:172.18.0.19 - - [31/Jan/2026 07:09:45] "POST /submit_update HTTP/1.1" 200 -
[36;1mclient_005_1  |[0m 2026-01-31 07:09:45,071 - __main__ - INFO - 🚀 Model update submitted successfully.
[36;1mclient_005_1  |[0m 2026-01-31 07:09:45,072 - __main__ - INFO - Update submitted for Round 29. Waiting...
[35;1mclient_008_1  |[0m 2026-01-31 07:09:47,930 - __main__ - INFO - --- New Round Detected: 30 ---
[33mserver_1      |[0m INFO:werkzeug:172.18.0.22 - - [31/Jan/2026 07:09:47] "GET /download_model?round=30 HTTP/1.1" 200 -
[34mclient_004_1  |[0m 2026-01-31 07:09:48,320 - __main__ - INFO - --- New Round Detected: 30 ---
[33mserver_1      |[0m INFO:werkzeug:172.18.0.4 - - [31/Jan/2026 07:09:48] "GET /download_model?round=30 HTTP/1.1" 200 -
[33mclient_001_1  |[0m 2026-01-31 07:09:48,852 - __main__ - INFO - --- New Round Detected: 30 ---
[33mserver_1      |[0m INFO:werkzeug:172.18.0.21 - - [31/Jan/2026 07:09:48] "GET /download_model?round=30 HTTP/1.1" 200 -
[32mclient_002_1  |[0m 2026-01-31 07:09:49,122 - __main__ - INFO - Round 30 finished. Loss: 0.0000, Acc: 0.00%
[33mserver_1      |[0m INFO:__main__:Received update from client_002
[33mserver_1      |[0m INFO:werkzeug:172.18.0.7 - - [31/Jan/2026 07:09:49] "POST /submit_update HTTP/1.1" 200 -
[32mclient_002_1  |[0m 2026-01-31 07:09:49,261 - __main__ - INFO - 🚀 Model update submitted successfully.
[32mclient_002_1  |[0m 2026-01-31 07:09:49,261 - __main__ - INFO - Update submitted for Round 30. Waiting...
[35;1mclient_008_1  |[0m 2026-01-31 07:09:50,462 - __main__ - INFO - Round 30 finished. Loss: 0.0000, Acc: 0.00%
[33mserver_1      |[0m INFO:__main__:Received update from client_008
[33mserver_1      |[0m INFO:werkzeug:172.18.0.22 - - [31/Jan/2026 07:09:50] "POST /submit_update HTTP/1.1" 200 -
[35;1mclient_008_1  |[0m 2026-01-31 07:09:50,602 - __main__ - INFO - 🚀 Model update submitted successfully.
[35;1mclient_008_1  |[0m 2026-01-31 07:09:50,602 - __main__ - INFO - Update submitted for Round 30. Waiting...
[35mclient_003_1  |[0m 2026-01-31 07:09:50,932 - __main__ - INFO - --- New Round Detected: 30 ---
[33mserver_1      |[0m INFO:werkzeug:172.18.0.14 - - [31/Jan/2026 07:09:50] "GET /download_model?round=30 HTTP/1.1" 200 -
[32;1mclient_007_1  |[0m 2026-01-31 07:09:51,971 - __main__ - INFO - --- New Round Detected: 30 ---
[33mserver_1      |[0m INFO:werkzeug:172.18.0.5 - - [31/Jan/2026 07:09:51] "GET /download_model?round=30 HTTP/1.1" 200 -
[33mclient_001_1  |[0m 2026-01-31 07:09:52,658 - __main__ - INFO - Round 30 finished. Loss: 0.0000, Acc: 0.00%
[33mserver_1      |[0m INFO:__main__:Received update from client_001
[33mserver_1      |[0m INFO:__main__:--- Aggregating 5 updates ---
[33mserver_1      |[0m INFO:__main__:⚡ Using Custom Aggregator with Drift Metric...
[33mserver_1      |[0m INFO:server.aggregator:Starting FedAvg aggregation for 5 clients.
[33;1mclient_006_1  |[0m 2026-01-31 07:09:52,976 - __main__ - INFO - --- New Round Detected: 30 ---
[33mserver_1      |[0m INFO:werkzeug:172.18.0.20 - - [31/Jan/2026 07:09:52] "GET /download_model?round=30 HTTP/1.1" 200 -
[34;1mclient_009_1  |[0m 2026-01-31 07:09:53,642 - __main__ - INFO - --- New Round Detected: 30 ---
[33mserver_1      |[0m INFO:werkzeug:172.18.0.17 - - [31/Jan/2026 07:09:53] "GET /download_model?round=30 HTTP/1.1" 200 -
[36mclient_010_1  |[0m 2026-01-31 07:09:53,815 - __main__ - INFO - --- New Round Detected: 30 ---
[33mserver_1      |[0m INFO:werkzeug:172.18.0.18 - - [31/Jan/2026 07:09:53] "GET /download_model?round=30 HTTP/1.1" 200 -
[34mclient_004_1  |[0m 2026-01-31 07:09:54,228 - __main__ - INFO - Round 30 finished. Loss: 0.0000, Acc: 0.00%
[33mserver_1      |[0m INFO:werkzeug:172.18.0.4 - - [31/Jan/2026 07:09:54] "[31m[1mPOST /submit_update HTTP/1.1[0m" 400 -
[34mclient_004_1  |[0m 2026-01-31 07:09:54,294 - __main__ - ERROR - Update submission failed: {"error":"Not accepting updates"}
[34mclient_004_1  |[0m 
[34mclient_004_1  |[0m 2026-01-31 07:09:54,295 - __main__ - INFO - Update submitted for Round 30. Waiting...
[33mserver_1      |[0m INFO:server.aggregator:--- [METRIC] Weight Divergence: 1.4207
[33mserver_1      |[0m INFO:server.aggregator:FedAvg aggregation complete.
[33mserver_1      |[0m INFO:__main__:Aggregation complete.
[36;1mclient_005_1  |[0m 2026-01-31 07:09:55,158 - __main__ - INFO - --- New Round Detected: 30 ---
[33mserver_1      |[0m ⏱️ [TIME] Client client_010 finished training in 5.64s
[33mserver_1      |[0m ⏱️ [TIME] Client client_005 finished training in 1.41s
[33mserver_1      |[0m ⏱️ [TIME] Client client_002 finished training in 5.13s
[33mserver_1      |[0m ⏱️ [TIME] Client client_008 finished training in 2.33s
[33mserver_1      |[0m ⏱️ [TIME] Client client_001 finished training in 3.57s
[33mserver_1      |[0m DEBUG: ⚠️ MY CUSTOM AGGREGATOR IS RUNNING ⚠️
[33mserver_1      |[0m INFO:werkzeug:172.18.0.19 - - [31/Jan/2026 07:09:55] "GET /download_model?round=30 HTTP/1.1" 200 -
[33mserver_1      |[0m INFO:__main__:💾 Saving metrics to results/metrics.csv...
[33mserver_1      |[0m INFO:__main__:--- Round 30 Acc: 49.88%, Loss: 1.3517 ---
[33mserver_1      |[0m INFO:__main__:--- Starting Round 31. Timeout: 600s ---
[33mserver_1      |[0m INFO:werkzeug:172.18.0.21 - - [31/Jan/2026 07:09:56] "POST /submit_update HTTP/1.1" 200 -
[33mclient_001_1  |[0m 2026-01-31 07:09:56,339 - __main__ - INFO - 🚀 Model update submitted successfully.
[33mclient_001_1  |[0m 2026-01-31 07:09:56,340 - __main__ - INFO - Update submitted for Round 30. Waiting...
[36mclient_010_1  |[0m 2026-01-31 07:09:56,764 - __main__ - INFO - Round 30 finished. Loss: 0.0000, Acc: 0.00%
[33mserver_1      |[0m INFO:__main__:Received update from client_010
[33mserver_1      |[0m INFO:werkzeug:172.18.0.18 - - [31/Jan/2026 07:09:56] "POST /submit_update HTTP/1.1" 200 -
[36mclient_010_1  |[0m 2026-01-31 07:09:56,903 - __main__ - INFO - 🚀 Model update submitted successfully.
[36mclient_010_1  |[0m 2026-01-31 07:09:56,903 - __main__ - INFO - Update submitted for Round 30. Waiting...
[36;1mclient_005_1  |[0m 2026-01-31 07:09:57,326 - __main__ - INFO - Round 30 finished. Loss: 0.0000, Acc: 0.00%
[33mserver_1      |[0m INFO:__main__:Received update from client_005
[33mserver_1      |[0m INFO:werkzeug:172.18.0.19 - - [31/Jan/2026 07:09:57] "POST /submit_update HTTP/1.1" 200 -
[36;1mclient_005_1  |[0m 2026-01-31 07:09:57,483 - __main__ - INFO - 🚀 Model update submitted successfully.
[36;1mclient_005_1  |[0m 2026-01-31 07:09:57,483 - __main__ - INFO - Update submitted for Round 30. Waiting...
[34;1mclient_009_1  |[0m 2026-01-31 07:09:58,436 - __main__ - INFO - Round 30 finished. Loss: 0.0000, Acc: 0.00%
[33mserver_1      |[0m INFO:__main__:Received update from client_009
[33mserver_1      |[0m INFO:werkzeug:172.18.0.17 - - [31/Jan/2026 07:09:58] "POST /submit_update HTTP/1.1" 200 -
[34;1mclient_009_1  |[0m 2026-01-31 07:09:58,571 - __main__ - INFO - 🚀 Model update submitted successfully.
[34;1mclient_009_1  |[0m 2026-01-31 07:09:58,572 - __main__ - INFO - Update submitted for Round 30. Waiting...
[35mclient_003_1  |[0m 2026-01-31 07:09:59,189 - __main__ - INFO - Round 30 finished. Loss: 0.0000, Acc: 0.00%
[33mserver_1      |[0m INFO:__main__:Received update from client_003
[33mserver_1      |[0m INFO:werkzeug:172.18.0.14 - - [31/Jan/2026 07:09:59] "POST /submit_update HTTP/1.1" 200 -
[35mclient_003_1  |[0m 2026-01-31 07:09:59,324 - __main__ - INFO - 🚀 Model update submitted successfully.
[35mclient_003_1  |[0m 2026-01-31 07:09:59,324 - __main__ - INFO - Update submitted for Round 30. Waiting...
[32mclient_002_1  |[0m 2026-01-31 07:09:59,350 - __main__ - INFO - --- New Round Detected: 31 ---
[33;1mclient_006_1  |[0m 2026-01-31 07:09:59,361 - __main__ - INFO - Round 30 finished. Loss: 0.0000, Acc: 0.00%
[33mserver_1      |[0m INFO:werkzeug:172.18.0.7 - - [31/Jan/2026 07:09:59] "GET /download_model?round=31 HTTP/1.1" 200 -
[33mserver_1      |[0m INFO:__main__:Received update from client_006
[33mserver_1      |[0m INFO:__main__:--- Aggregating 5 updates ---
[33mserver_1      |[0m INFO:__main__:⚡ Using Custom Aggregator with Drift Metric...
[33mserver_1      |[0m INFO:server.aggregator:Starting FedAvg aggregation for 5 clients.
[32;1mclient_007_1  |[0m 2026-01-31 07:09:59,862 - __main__ - INFO - Round 30 finished. Loss: 0.0000, Acc: 0.00%
[33mserver_1      |[0m INFO:werkzeug:172.18.0.5 - - [31/Jan/2026 07:09:59] "[31m[1mPOST /submit_update HTTP/1.1[0m" 400 -
[32;1mclient_007_1  |[0m 2026-01-31 07:09:59,926 - __main__ - ERROR - Update submission failed: {"error":"Not accepting updates"}
[32;1mclient_007_1  |[0m 
[32;1mclient_007_1  |[0m 2026-01-31 07:09:59,926 - __main__ - INFO - Update submitted for Round 30. Waiting...
[35;1mclient_008_1  |[0m 2026-01-31 07:10:00,668 - __main__ - INFO - --- New Round Detected: 31 ---
[33mserver_1      |[0m INFO:werkzeug:172.18.0.22 - - [31/Jan/2026 07:10:00] "GET /download_model?round=31 HTTP/1.1" 200 -
[33mserver_1      |[0m INFO:server.aggregator:--- [METRIC] Weight Divergence: 1.5408
[33mserver_1      |[0m INFO:server.aggregator:FedAvg aggregation complete.
[33mserver_1      |[0m INFO:__main__:Aggregation complete.
[33mserver_1      |[0m ⏱️ [TIME] Client client_010 finished training in 2.73s
[33mserver_1      |[0m ⏱️ [TIME] Client client_005 finished training in 1.88s
[33mserver_1      |[0m ⏱️ [TIME] Client client_009 finished training in 4.55s
[33mserver_1      |[0m ⏱️ [TIME] Client client_003 finished training in 8.03s
[33mserver_1      |[0m ⏱️ [TIME] Client client_006 finished training in 6.18s
[33mserver_1      |[0m DEBUG: ⚠️ MY CUSTOM AGGREGATOR IS RUNNING ⚠️
[35;1mclient_008_1  |[0m 2026-01-31 07:10:02,497 - __main__ - INFO - Round 31 finished. Loss: 0.0000, Acc: 0.00%
[33mserver_1      |[0m INFO:werkzeug:172.18.0.22 - - [31/Jan/2026 07:10:02] "[31m[1mPOST /submit_update HTTP/1.1[0m" 400 -
[33mserver_1      |[0m INFO:__main__:💾 Saving metrics to results/metrics.csv...
[33mserver_1      |[0m INFO:__main__:--- Round 31 Acc: 55.87%, Loss: 1.2482 ---
[33mserver_1      |[0m INFO:__main__:--- Starting Round 32. Timeout: 600s ---
[33mserver_1      |[0m INFO:werkzeug:172.18.0.20 - - [31/Jan/2026 07:10:02] "POST /submit_update HTTP/1.1" 200 -
[33;1mclient_006_1  |[0m 2026-01-31 07:10:02,555 - __main__ - INFO - 🚀 Model update submitted successfully.
[33;1mclient_006_1  |[0m 2026-01-31 07:10:02,556 - __main__ - INFO - Update submitted for Round 30. Waiting...
[35;1mclient_008_1  |[0m 2026-01-31 07:10:02,562 - __main__ - ERROR - Update submission failed: {"error":"Not accepting updates"}
[35;1mclient_008_1  |[0m 
[35;1mclient_008_1  |[0m 2026-01-31 07:10:02,562 - __main__ - INFO - Update submitted for Round 31. Waiting...
[34mclient_004_1  |[0m 2026-01-31 07:10:04,370 - __main__ - INFO - --- New Round Detected: 32 ---
[33mserver_1      |[0m INFO:werkzeug:172.18.0.4 - - [31/Jan/2026 07:10:04] "GET /download_model?round=32 HTTP/1.1" 200 -
[32mclient_002_1  |[0m 2026-01-31 07:10:04,587 - __main__ - INFO - Round 31 finished. Loss: 0.0000, Acc: 0.00%
[33mserver_1      |[0m INFO:__main__:Received update from client_002
[33mserver_1      |[0m INFO:werkzeug:172.18.0.7 - - [31/Jan/2026 07:10:04] "POST /submit_update HTTP/1.1" 200 -
[32mclient_002_1  |[0m 2026-01-31 07:10:04,723 - __main__ - INFO - 🚀 Model update submitted successfully.
[32mclient_002_1  |[0m 2026-01-31 07:10:04,723 - __main__ - INFO - Update submitted for Round 31. Waiting...
[33mclient_001_1  |[0m 2026-01-31 07:10:06,403 - __main__ - INFO - --- New Round Detected: 32 ---
[33mserver_1      |[0m INFO:werkzeug:172.18.0.21 - - [31/Jan/2026 07:10:06] "GET /download_model?round=32 HTTP/1.1" 200 -
[36mclient_010_1  |[0m 2026-01-31 07:10:06,974 - __main__ - INFO - --- New Round Detected: 32 ---
[33mserver_1      |[0m INFO:werkzeug:172.18.0.18 - - [31/Jan/2026 07:10:06] "GET /download_model?round=32 HTTP/1.1" 200 -
[36;1mclient_005_1  |[0m 2026-01-31 07:10:07,558 - __main__ - INFO - --- New Round Detected: 32 ---
[33mserver_1      |[0m INFO:werkzeug:172.18.0.19 - - [31/Jan/2026 07:10:07] "GET /download_model?round=32 HTTP/1.1" 200 -
[34;1mclient_009_1  |[0m 2026-01-31 07:10:08,637 - __main__ - INFO - --- New Round Detected: 32 ---
[33mserver_1      |[0m INFO:werkzeug:172.18.0.17 - - [31/Jan/2026 07:10:08] "GET /download_model?round=32 HTTP/1.1" 200 -
[35mclient_003_1  |[0m 2026-01-31 07:10:09,386 - __main__ - INFO - --- New Round Detected: 32 ---
[33mserver_1      |[0m INFO:werkzeug:172.18.0.14 - - [31/Jan/2026 07:10:09] "GET /download_model?round=32 HTTP/1.1" 200 -
[36;1mclient_005_1  |[0m 2026-01-31 07:10:09,709 - __main__ - INFO - Round 32 finished. Loss: 0.0000, Acc: 0.00%
[33mserver_1      |[0m INFO:__main__:Received update from client_005
[33mserver_1      |[0m INFO:werkzeug:172.18.0.19 - - [31/Jan/2026 07:10:09] "POST /submit_update HTTP/1.1" 200 -
[36;1mclient_005_1  |[0m 2026-01-31 07:10:09,864 - __main__ - INFO - 🚀 Model update submitted successfully.
[36;1mclient_005_1  |[0m 2026-01-31 07:10:09,865 - __main__ - INFO - Update submitted for Round 32. Waiting...
[32;1mclient_007_1  |[0m 2026-01-31 07:10:09,994 - __main__ - INFO - --- New Round Detected: 32 ---
[33mserver_1      |[0m INFO:werkzeug:172.18.0.5 - - [31/Jan/2026 07:10:10] "GET /download_model?round=32 HTTP/1.1" 200 -
[34mclient_004_1  |[0m 2026-01-31 07:10:10,181 - __main__ - INFO - Round 32 finished. Loss: 0.0000, Acc: 0.00%
[33mserver_1      |[0m INFO:__main__:Received update from client_004
[33mserver_1      |[0m INFO:werkzeug:172.18.0.4 - - [31/Jan/2026 07:10:10] "POST /submit_update HTTP/1.1" 200 -
[34mclient_004_1  |[0m 2026-01-31 07:10:10,319 - __main__ - INFO - 🚀 Model update submitted successfully.
[34mclient_004_1  |[0m 2026-01-31 07:10:10,320 - __main__ - INFO - Update submitted for Round 32. Waiting...
[33mclient_001_1  |[0m 2026-01-31 07:10:10,468 - __main__ - INFO - Round 32 finished. Loss: 0.0000, Acc: 0.00%
[33mserver_1      |[0m INFO:__main__:Received update from client_001
[33mserver_1      |[0m INFO:werkzeug:172.18.0.21 - - [31/Jan/2026 07:10:10] "POST /submit_update HTTP/1.1" 200 -
[33mclient_001_1  |[0m 2026-01-31 07:10:10,630 - __main__ - INFO - 🚀 Model update submitted successfully.
[33mclient_001_1  |[0m 2026-01-31 07:10:10,630 - __main__ - INFO - Update submitted for Round 32. Waiting...
[35;1mclient_008_1  |[0m 2026-01-31 07:10:12,630 - __main__ - INFO - --- New Round Detected: 32 ---
[33;1mclient_006_1  |[0m 2026-01-31 07:10:12,636 - __main__ - INFO - --- New Round Detected: 32 ---
[33mserver_1      |[0m INFO:werkzeug:172.18.0.22 - - [31/Jan/2026 07:10:12] "GET /download_model?round=32 HTTP/1.1" 200 -
[33mserver_1      |[0m INFO:werkzeug:172.18.0.20 - - [31/Jan/2026 07:10:12] "GET /download_model?round=32 HTTP/1.1" 200 -
[36mclient_010_1  |[0m 2026-01-31 07:10:12,873 - __main__ - INFO - Round 32 finished. Loss: 0.0000, Acc: 0.00%
[33mserver_1      |[0m INFO:__main__:Received update from client_010
[33mserver_1      |[0m INFO:__main__:--- Aggregating 5 updates ---
[33mserver_1      |[0m INFO:__main__:⚡ Using Custom Aggregator with Drift Metric...
[33mserver_1      |[0m INFO:server.aggregator:Starting FedAvg aggregation for 5 clients.
[34;1mclient_009_1  |[0m 2026-01-31 07:10:13,215 - __main__ - INFO - Round 32 finished. Loss: 0.0000, Acc: 0.00%
[33mserver_1      |[0m INFO:werkzeug:172.18.0.17 - - [31/Jan/2026 07:10:13] "[31m[1mPOST /submit_update HTTP/1.1[0m" 400 -
[34;1mclient_009_1  |[0m 2026-01-31 07:10:13,279 - __main__ - ERROR - Update submission failed: {"error":"Not accepting updates"}
[34;1mclient_009_1  |[0m 
[34;1mclient_009_1  |[0m 2026-01-31 07:10:13,280 - __main__ - INFO - Update submitted for Round 32. Waiting...
[33mserver_1      |[0m INFO:server.aggregator:--- [METRIC] Weight Divergence: 1.4874
[33mserver_1      |[0m INFO:server.aggregator:FedAvg aggregation complete.
[33mserver_1      |[0m INFO:__main__:Aggregation complete.
[33mserver_1      |[0m ⏱️ [TIME] Client client_002 finished training in 4.99s
[33mserver_1      |[0m ⏱️ [TIME] Client client_005 finished training in 1.90s
[33mserver_1      |[0m ⏱️ [TIME] Client client_004 finished training in 5.54s
[33mserver_1      |[0m ⏱️ [TIME] Client client_001 finished training in 3.83s
[33mserver_1      |[0m ⏱️ [TIME] Client client_010 finished training in 5.58s
[33mserver_1      |[0m DEBUG: ⚠️ MY CUSTOM AGGREGATOR IS RUNNING ⚠️
[32mclient_002_1  |[0m 2026-01-31 07:10:14,788 - __main__ - INFO - --- New Round Detected: 32 ---
[33mserver_1      |[0m INFO:werkzeug:172.18.0.7 - - [31/Jan/2026 07:10:14] "GET /download_model?round=32 HTTP/1.1" 200 -
[33mserver_1      |[0m INFO:__main__:💾 Saving metrics to results/metrics.csv...
[33mserver_1      |[0m INFO:__main__:--- Round 32 Acc: 54.54%, Loss: 1.2563 ---
[33mserver_1      |[0m INFO:__main__:--- Starting Round 33. Timeout: 600s ---
[33mserver_1      |[0m INFO:werkzeug:172.18.0.18 - - [31/Jan/2026 07:10:15] "POST /submit_update HTTP/1.1" 200 -
[36mclient_010_1  |[0m 2026-01-31 07:10:15,616 - __main__ - INFO - 🚀 Model update submitted successfully.
[36mclient_010_1  |[0m 2026-01-31 07:10:15,616 - __main__ - INFO - Update submitted for Round 32. Waiting...
[35;1mclient_008_1  |[0m 2026-01-31 07:10:16,109 - __main__ - INFO - Round 32 finished. Loss: 0.0000, Acc: 0.00%
[33mserver_1      |[0m INFO:__main__:Received update from client_008
[33mserver_1      |[0m INFO:werkzeug:172.18.0.22 - - [31/Jan/2026 07:10:16] "POST /submit_update HTTP/1.1" 200 -
[35;1mclient_008_1  |[0m 2026-01-31 07:10:16,245 - __main__ - INFO - 🚀 Model update submitted successfully.
[35;1mclient_008_1  |[0m 2026-01-31 07:10:16,245 - __main__ - INFO - Update submitted for Round 32. Waiting...
[35mclient_003_1  |[0m 2026-01-31 07:10:17,437 - __main__ - INFO - Round 32 finished. Loss: 0.0000, Acc: 0.00%
[33mserver_1      |[0m INFO:__main__:Received update from client_003
[33mserver_1      |[0m INFO:werkzeug:172.18.0.14 - - [31/Jan/2026 07:10:17] "POST /submit_update HTTP/1.1" 200 -
[35mclient_003_1  |[0m 2026-01-31 07:10:17,594 - __main__ - INFO - 🚀 Model update submitted successfully.
[35mclient_003_1  |[0m 2026-01-31 07:10:17,594 - __main__ - INFO - Update submitted for Round 32. Waiting...
[32;1mclient_007_1  |[0m 2026-01-31 07:10:17,760 - __main__ - INFO - Round 32 finished. Loss: 0.0000, Acc: 0.00%
[33mserver_1      |[0m INFO:__main__:Received update from client_007
[33mserver_1      |[0m INFO:werkzeug:172.18.0.5 - - [31/Jan/2026 07:10:17] "POST /submit_update HTTP/1.1" 200 -
[32;1mclient_007_1  |[0m 2026-01-31 07:10:17,917 - __main__ - INFO - 🚀 Model update submitted successfully.
[32;1mclient_007_1  |[0m 2026-01-31 07:10:17,917 - __main__ - INFO - Update submitted for Round 32. Waiting...
[33;1mclient_006_1  |[0m 2026-01-31 07:10:19,306 - __main__ - INFO - Round 32 finished. Loss: 0.0000, Acc: 0.00%
[33mserver_1      |[0m INFO:__main__:Received update from client_006
[33mserver_1      |[0m INFO:werkzeug:172.18.0.20 - - [31/Jan/2026 07:10:19] "POST /submit_update HTTP/1.1" 200 -
[33;1mclient_006_1  |[0m 2026-01-31 07:10:19,461 - __main__ - INFO - 🚀 Model update submitted successfully.
[33;1mclient_006_1  |[0m 2026-01-31 07:10:19,462 - __main__ - INFO - Update submitted for Round 32. Waiting...
[36;1mclient_005_1  |[0m 2026-01-31 07:10:19,935 - __main__ - INFO - --- New Round Detected: 33 ---
[33mserver_1      |[0m INFO:werkzeug:172.18.0.19 - - [31/Jan/2026 07:10:19] "GET /download_model?round=33 HTTP/1.1" 200 -
[34mclient_004_1  |[0m 2026-01-31 07:10:20,384 - __main__ - INFO - --- New Round Detected: 33 ---
[33mserver_1      |[0m INFO:werkzeug:172.18.0.4 - - [31/Jan/2026 07:10:20] "GET /download_model?round=33 HTTP/1.1" 200 -
[32mclient_002_1  |[0m 2026-01-31 07:10:20,426 - __main__ - INFO - Round 32 finished. Loss: 0.0000, Acc: 0.00%
[33mserver_1      |[0m INFO:__main__:Received update from client_002
[33mserver_1      |[0m INFO:__main__:--- Aggregating 5 updates ---
[33mserver_1      |[0m INFO:__main__:⚡ Using Custom Aggregator with Drift Metric...
[33mserver_1      |[0m INFO:server.aggregator:Starting FedAvg aggregation for 5 clients.
[33mclient_001_1  |[0m 2026-01-31 07:10:20,702 - __main__ - INFO - --- New Round Detected: 33 ---
[33mserver_1      |[0m INFO:werkzeug:172.18.0.21 - - [31/Jan/2026 07:10:20] "GET /download_model?round=33 HTTP/1.1" 200 -
[33mserver_1      |[0m INFO:server.aggregator:--- [METRIC] Weight Divergence: 1.5418
[33mserver_1      |[0m INFO:server.aggregator:FedAvg aggregation complete.
[33mserver_1      |[0m INFO:__main__:Aggregation complete.
[33mserver_1      |[0m ⏱️ [TIME] Client client_008 finished training in 3.24s
[33mserver_1      |[0m ⏱️ [TIME] Client client_003 finished training in 7.76s
[33mserver_1      |[0m ⏱️ [TIME] Client client_007 finished training in 7.52s
[33mserver_1      |[0m ⏱️ [TIME] Client client_006 finished training in 6.41s
[33mserver_1      |[0m ⏱️ [TIME] Client client_002 finished training in 5.38s
[33mserver_1      |[0m DEBUG: ⚠️ MY CUSTOM AGGREGATOR IS RUNNING ⚠️
[36;1mclient_005_1  |[0m 2026-01-31 07:10:23,081 - __main__ - INFO - Round 33 finished. Loss: 0.0000, Acc: 0.00%
[33mserver_1      |[0m INFO:werkzeug:172.18.0.19 - - [31/Jan/2026 07:10:23] "[31m[1mPOST /submit_update HTTP/1.1[0m" 400 -
[36;1mclient_005_1  |[0m 2026-01-31 07:10:23,180 - __main__ - ERROR - Update submission failed: {"error":"Not accepting updates"}
[36;1mclient_005_1  |[0m 
[36;1mclient_005_1  |[0m 2026-01-31 07:10:23,180 - __main__ - INFO - Update submitted for Round 33. Waiting...
[34;1mclient_009_1  |[0m 2026-01-31 07:10:23,343 - __main__ - INFO - --- New Round Detected: 33 ---
[33mserver_1      |[0m INFO:werkzeug:172.18.0.17 - - [31/Jan/2026 07:10:23] "GET /download_model?round=33 HTTP/1.1" 200 -
[33mserver_1      |[0m INFO:__main__:💾 Saving metrics to results/metrics.csv...
[33mserver_1      |[0m INFO:__main__:--- Round 33 Acc: 53.14%, Loss: 1.3230 ---
[33mserver_1      |[0m INFO:__main__:--- Starting Round 34. Timeout: 600s ---
[33mserver_1      |[0m INFO:werkzeug:172.18.0.7 - - [31/Jan/2026 07:10:24] "POST /submit_update HTTP/1.1" 200 -
[32mclient_002_1  |[0m 2026-01-31 07:10:24,061 - __main__ - INFO - 🚀 Model update submitted successfully.
[32mclient_002_1  |[0m 2026-01-31 07:10:24,061 - __main__ - INFO - Update submitted for Round 32. Waiting...
[33mclient_001_1  |[0m 2026-01-31 07:10:24,653 - __main__ - INFO - Round 33 finished. Loss: 0.0000, Acc: 0.00%
[33mserver_1      |[0m INFO:__main__:Received update from client_001
[33mserver_1      |[0m INFO:werkzeug:172.18.0.21 - - [31/Jan/2026 07:10:24] "POST /submit_update HTTP/1.1" 200 -
[33mclient_001_1  |[0m 2026-01-31 07:10:24,799 - __main__ - INFO - 🚀 Model update submitted successfully.
[33mclient_001_1  |[0m 2026-01-31 07:10:24,799 - __main__ - INFO - Update submitted for Round 33. Waiting...
[34mclient_004_1  |[0m 2026-01-31 07:10:25,096 - __main__ - INFO - Round 33 finished. Loss: 0.0000, Acc: 0.00%
[33mserver_1      |[0m INFO:__main__:Received update from client_004
[33mserver_1      |[0m INFO:werkzeug:172.18.0.4 - - [31/Jan/2026 07:10:25] "POST /submit_update HTTP/1.1" 200 -
[34mclient_004_1  |[0m 2026-01-31 07:10:25,230 - __main__ - INFO - 🚀 Model update submitted successfully.
[34mclient_004_1  |[0m 2026-01-31 07:10:25,230 - __main__ - INFO - Update submitted for Round 33. Waiting...
[36mclient_010_1  |[0m 2026-01-31 07:10:25,690 - __main__ - INFO - --- New Round Detected: 34 ---
[33mserver_1      |[0m INFO:werkzeug:172.18.0.18 - - [31/Jan/2026 07:10:25] "GET /download_model?round=34 HTTP/1.1" 200 -
[35;1mclient_008_1  |[0m 2026-01-31 07:10:26,320 - __main__ - INFO - --- New Round Detected: 34 ---
[33mserver_1      |[0m INFO:werkzeug:172.18.0.22 - - [31/Jan/2026 07:10:26] "GET /download_model?round=34 HTTP/1.1" 200 -
[34;1mclient_009_1  |[0m 2026-01-31 07:10:26,661 - __main__ - INFO - Round 33 finished. Loss: 0.0000, Acc: 0.00%
[33mserver_1      |[0m INFO:__main__:Received update from client_009
[33mserver_1      |[0m INFO:werkzeug:172.18.0.17 - - [31/Jan/2026 07:10:26] "POST /submit_update HTTP/1.1" 200 -
[34;1mclient_009_1  |[0m 2026-01-31 07:10:26,794 - __main__ - INFO - 🚀 Model update submitted successfully.
[34;1mclient_009_1  |[0m 2026-01-31 07:10:26,795 - __main__ - INFO - Update submitted for Round 33. Waiting...
[35mclient_003_1  |[0m 2026-01-31 07:10:27,671 - __main__ - INFO - --- New Round Detected: 34 ---
[33mserver_1      |[0m INFO:werkzeug:172.18.0.14 - - [31/Jan/2026 07:10:27] "GET /download_model?round=34 HTTP/1.1" 200 -
[32;1mclient_007_1  |[0m 2026-01-31 07:10:27,991 - __main__ - INFO - --- New Round Detected: 34 ---
[33mserver_1      |[0m INFO:werkzeug:172.18.0.5 - - [31/Jan/2026 07:10:28] "GET /download_model?round=34 HTTP/1.1" 200 -
[35;1mclient_008_1  |[0m 2026-01-31 07:10:28,060 - __main__ - INFO - Round 34 finished. Loss: 0.0000, Acc: 0.00%
[33mserver_1      |[0m INFO:__main__:Received update from client_008
[33mserver_1      |[0m INFO:werkzeug:172.18.0.22 - - [31/Jan/2026 07:10:28] "POST /submit_update HTTP/1.1" 200 -
[35;1mclient_008_1  |[0m 2026-01-31 07:10:28,214 - __main__ - INFO - 🚀 Model update submitted successfully.
[35;1mclient_008_1  |[0m 2026-01-31 07:10:28,214 - __main__ - INFO - Update submitted for Round 34. Waiting...
[33;1mclient_006_1  |[0m 2026-01-31 07:10:29,525 - __main__ - INFO - --- New Round Detected: 34 ---
[33mserver_1      |[0m INFO:werkzeug:172.18.0.20 - - [31/Jan/2026 07:10:29] "GET /download_model?round=34 HTTP/1.1" 200 -
[36mclient_010_1  |[0m 2026-01-31 07:10:31,625 - __main__ - INFO - Round 34 finished. Loss: 0.0000, Acc: 0.00%
[33mserver_1      |[0m INFO:__main__:Received update from client_010
[33mserver_1      |[0m INFO:__main__:--- Aggregating 5 updates ---
[33mserver_1      |[0m INFO:__main__:⚡ Using Custom Aggregator with Drift Metric...
[33mserver_1      |[0m INFO:server.aggregator:Starting FedAvg aggregation for 5 clients.
[36;1mclient_005_1  |[0m 2026-01-31 07:10:33,243 - __main__ - INFO - --- New Round Detected: 34 ---
[33mserver_1      |[0m INFO:werkzeug:172.18.0.19 - - [31/Jan/2026 07:10:33] "GET /download_model?round=34 HTTP/1.1" 200 -
[33mserver_1      |[0m INFO:server.aggregator:--- [METRIC] Weight Divergence: 1.5163
[33mserver_1      |[0m INFO:server.aggregator:FedAvg aggregation complete.
[33mserver_1      |[0m INFO:__main__:Aggregation complete.
[33mserver_1      |[0m ⏱️ [TIME] Client client_001 finished training in 3.67s
[33mserver_1      |[0m ⏱️ [TIME] Client client_004 finished training in 4.47s
[33mserver_1      |[0m ⏱️ [TIME] Client client_009 finished training in 3.13s
[33mserver_1      |[0m ⏱️ [TIME] Client client_008 finished training in 1.55s
[33mserver_1      |[0m ⏱️ [TIME] Client client_010 finished training in 5.70s
[33mserver_1      |[0m DEBUG: ⚠️ MY CUSTOM AGGREGATOR IS RUNNING ⚠️
[32mclient_002_1  |[0m 2026-01-31 07:10:34,126 - __main__ - INFO - --- New Round Detected: 34 ---
[33mserver_1      |[0m INFO:werkzeug:172.18.0.7 - - [31/Jan/2026 07:10:34] "GET /download_model?round=34 HTTP/1.1" 200 -
[33mclient_001_1  |[0m 2026-01-31 07:10:34,862 - __main__ - INFO - --- New Round Detected: 34 ---
[33mserver_1      |[0m INFO:werkzeug:172.18.0.21 - - [31/Jan/2026 07:10:34] "GET /download_model?round=34 HTTP/1.1" 200 -
[32;1mclient_007_1  |[0m 2026-01-31 07:10:34,969 - __main__ - INFO - Round 34 finished. Loss: 0.0000, Acc: 0.00%
[35mclient_003_1  |[0m 2026-01-31 07:10:34,991 - __main__ - INFO - Round 34 finished. Loss: 0.0000, Acc: 0.00%
[33mserver_1      |[0m INFO:werkzeug:172.18.0.5 - - [31/Jan/2026 07:10:34] "[31m[1mPOST /submit_update HTTP/1.1[0m" 400 -
[33mserver_1      |[0m INFO:werkzeug:172.18.0.14 - - [31/Jan/2026 07:10:35] "[31m[1mPOST /submit_update HTTP/1.1[0m" 400 -
[32;1mclient_007_1  |[0m 2026-01-31 07:10:35,036 - __main__ - ERROR - Update submission failed: {"error":"Not accepting updates"}
[32;1mclient_007_1  |[0m 
[32;1mclient_007_1  |[0m 2026-01-31 07:10:35,037 - __main__ - INFO - Update submitted for Round 34. Waiting...
[35mclient_003_1  |[0m 2026-01-31 07:10:35,057 - __main__ - ERROR - Update submission failed: {"error":"Not accepting updates"}
[35mclient_003_1  |[0m 
[35mclient_003_1  |[0m 2026-01-31 07:10:35,058 - __main__ - INFO - Update submitted for Round 34. Waiting...
[33mserver_1      |[0m INFO:__main__:💾 Saving metrics to results/metrics.csv...
[33mserver_1      |[0m INFO:__main__:--- Round 34 Acc: 56.90%, Loss: 1.2220 ---
[33mserver_1      |[0m INFO:__main__:--- Starting Round 35. Timeout: 600s ---
[33mserver_1      |[0m INFO:werkzeug:172.18.0.18 - - [31/Jan/2026 07:10:35] "POST /submit_update HTTP/1.1" 200 -
[36mclient_010_1  |[0m 2026-01-31 07:10:35,259 - __main__ - INFO - 🚀 Model update submitted successfully.
[36mclient_010_1  |[0m 2026-01-31 07:10:35,259 - __main__ - INFO - Update submitted for Round 34. Waiting...
[34mclient_004_1  |[0m 2026-01-31 07:10:35,293 - __main__ - INFO - --- New Round Detected: 35 ---
[33mserver_1      |[0m INFO:werkzeug:172.18.0.4 - - [31/Jan/2026 07:10:35] "GET /download_model?round=35 HTTP/1.1" 200 -
[36;1mclient_005_1  |[0m 2026-01-31 07:10:36,308 - __main__ - INFO - Round 34 finished. Loss: 0.0000, Acc: 0.00%
[33;1mclient_006_1  |[0m 2026-01-31 07:10:36,343 - __main__ - INFO - Round 34 finished. Loss: 0.0000, Acc: 0.00%
[33mserver_1      |[0m INFO:__main__:Received update from client_005
[33mserver_1      |[0m INFO:werkzeug:172.18.0.19 - - [31/Jan/2026 07:10:36] "POST /submit_update HTTP/1.1" 200 -
[33mserver_1      |[0m INFO:__main__:Received update from client_006
[33mserver_1      |[0m INFO:werkzeug:172.18.0.20 - - [31/Jan/2026 07:10:36] "POST /submit_update HTTP/1.1" 200 -
[36;1mclient_005_1  |[0m 2026-01-31 07:10:36,459 - __main__ - INFO - 🚀 Model update submitted successfully.
[36;1mclient_005_1  |[0m 2026-01-31 07:10:36,459 - __main__ - INFO - Update submitted for Round 34. Waiting...
[33;1mclient_006_1  |[0m 2026-01-31 07:10:36,494 - __main__ - INFO - 🚀 Model update submitted successfully.
[33;1mclient_006_1  |[0m 2026-01-31 07:10:36,494 - __main__ - INFO - Update submitted for Round 34. Waiting...
[34;1mclient_009_1  |[0m 2026-01-31 07:10:36,879 - __main__ - INFO - --- New Round Detected: 35 ---
[33mserver_1      |[0m INFO:werkzeug:172.18.0.17 - - [31/Jan/2026 07:10:36] "GET /download_model?round=35 HTTP/1.1" 200 -
[32mclient_002_1  |[0m 2026-01-31 07:10:37,539 - __main__ - INFO - Round 34 finished. Loss: 0.0000, Acc: 0.00%
[33mserver_1      |[0m INFO:__main__:Received update from client_002
[33mserver_1      |[0m INFO:werkzeug:172.18.0.7 - - [31/Jan/2026 07:10:37] "POST /submit_update HTTP/1.1" 200 -
[32mclient_002_1  |[0m 2026-01-31 07:10:37,675 - __main__ - INFO - 🚀 Model update submitted successfully.
[32mclient_002_1  |[0m 2026-01-31 07:10:37,675 - __main__ - INFO - Update submitted for Round 34. Waiting...
[35;1mclient_008_1  |[0m 2026-01-31 07:10:38,340 - __main__ - INFO - --- New Round Detected: 35 ---
[33mserver_1      |[0m INFO:werkzeug:172.18.0.22 - - [31/Jan/2026 07:10:38] "GET /download_model?round=35 HTTP/1.1" 200 -
[33mclient_001_1  |[0m 2026-01-31 07:10:38,986 - __main__ - INFO - Round 34 finished. Loss: 0.0000, Acc: 0.00%
[33mserver_1      |[0m INFO:__main__:Received update from client_001
[33mserver_1      |[0m INFO:werkzeug:172.18.0.21 - - [31/Jan/2026 07:10:39] "POST /submit_update HTTP/1.1" 200 -
[33mclient_001_1  |[0m 2026-01-31 07:10:39,142 - __main__ - INFO - 🚀 Model update submitted successfully.
[33mclient_001_1  |[0m 2026-01-31 07:10:39,142 - __main__ - INFO - Update submitted for Round 34. Waiting...
[34;1mclient_009_1  |[0m 2026-01-31 07:10:39,305 - __main__ - INFO - Round 35 finished. Loss: 0.0000, Acc: 0.00%
[33mserver_1      |[0m INFO:__main__:Received update from client_009
[33mserver_1      |[0m INFO:__main__:--- Aggregating 5 updates ---
[33mserver_1      |[0m INFO:__main__:⚡ Using Custom Aggregator with Drift Metric...
[33mserver_1      |[0m INFO:server.aggregator:Starting FedAvg aggregation for 5 clients.
[34mclient_004_1  |[0m 2026-01-31 07:10:40,915 - __main__ - INFO - Round 35 finished. Loss: 0.0000, Acc: 0.00%
[33mserver_1      |[0m INFO:werkzeug:172.18.0.4 - - [31/Jan/2026 07:10:40] "[31m[1mPOST /submit_update HTTP/1.1[0m" 400 -
[34mclient_004_1  |[0m 2026-01-31 07:10:40,979 - __main__ - ERROR - Update submission failed: {"error":"Not accepting updates"}
[34mclient_004_1  |[0m 
[34mclient_004_1  |[0m 2026-01-31 07:10:40,979 - __main__ - INFO - Update submitted for Round 35. Waiting...
[33mserver_1      |[0m INFO:server.aggregator:--- [METRIC] Weight Divergence: 1.4936
[33mserver_1      |[0m INFO:server.aggregator:FedAvg aggregation complete.
[33mserver_1      |[0m INFO:__main__:Aggregation complete.
[33mserver_1      |[0m ⏱️ [TIME] Client client_005 finished training in 2.82s
[33mserver_1      |[0m ⏱️ [TIME] Client client_006 finished training in 6.58s
[33mserver_1      |[0m ⏱️ [TIME] Client client_002 finished training in 3.14s
[33mserver_1      |[0m ⏱️ [TIME] Client client_001 finished training in 3.83s
[33mserver_1      |[0m ⏱️ [TIME] Client client_009 finished training in 2.21s
[33mserver_1      |[0m DEBUG: ⚠️ MY CUSTOM AGGREGATOR IS RUNNING ⚠️
[35;1mclient_008_1  |[0m 2026-01-31 07:10:41,707 - __main__ - INFO - Round 35 finished. Loss: 0.0000, Acc: 0.00%
[33mserver_1      |[0m INFO:werkzeug:172.18.0.22 - - [31/Jan/2026 07:10:41] "[31m[1mPOST /submit_update HTTP/1.1[0m" 400 -
[35;1mclient_008_1  |[0m 2026-01-31 07:10:41,777 - __main__ - ERROR - Update submission failed: {"error":"Not accepting updates"}
[35;1mclient_008_1  |[0m 
[35;1mclient_008_1  |[0m 2026-01-31 07:10:41,777 - __main__ - INFO - Update submitted for Round 35. Waiting...
[33mserver_1      |[0m INFO:__main__:💾 Saving metrics to results/metrics.csv...
[33mserver_1      |[0m INFO:__main__:--- Round 35 Acc: 55.29%, Loss: 1.2114 ---
[33mserver_1      |[0m INFO:__main__:--- Starting Round 36. Timeout: 600s ---
[33mserver_1      |[0m INFO:werkzeug:172.18.0.17 - - [31/Jan/2026 07:10:42] "POST /submit_update HTTP/1.1" 200 -
[34;1mclient_009_1  |[0m 2026-01-31 07:10:42,622 - __main__ - INFO - 🚀 Model update submitted successfully.
[34;1mclient_009_1  |[0m 2026-01-31 07:10:42,622 - __main__ - INFO - Update submitted for Round 35. Waiting...
[32;1mclient_007_1  |[0m 2026-01-31 07:10:45,107 - __main__ - INFO - --- New Round Detected: 36 ---
[35mclient_003_1  |[0m 2026-01-31 07:10:45,136 - __main__ - INFO - --- New Round Detected: 36 ---
[33mserver_1      |[0m INFO:werkzeug:172.18.0.5 - - [31/Jan/2026 07:10:45] "GET /download_model?round=36 HTTP/1.1" 200 -
[33mserver_1      |[0m INFO:werkzeug:172.18.0.14 - - [31/Jan/2026 07:10:45] "GET /download_model?round=36 HTTP/1.1" 200 -
[36mclient_010_1  |[0m 2026-01-31 07:10:45,342 - __main__ - INFO - --- New Round Detected: 36 ---
[33mserver_1      |[0m INFO:werkzeug:172.18.0.18 - - [31/Jan/2026 07:10:45] "GET /download_model?round=36 HTTP/1.1" 200 -
[36;1mclient_005_1  |[0m 2026-01-31 07:10:46,541 - __main__ - INFO - --- New Round Detected: 36 ---
[33mserver_1      |[0m INFO:werkzeug:172.18.0.19 - - [31/Jan/2026 07:10:46] "GET /download_model?round=36 HTTP/1.1" 200 -
[33;1mclient_006_1  |[0m 2026-01-31 07:10:46,576 - __main__ - INFO - --- New Round Detected: 36 ---
[33mserver_1      |[0m INFO:werkzeug:172.18.0.20 - - [31/Jan/2026 07:10:46] "GET /download_model?round=36 HTTP/1.1" 200 -
[32mclient_002_1  |[0m 2026-01-31 07:10:47,742 - __main__ - INFO - --- New Round Detected: 36 ---
[33mserver_1      |[0m INFO:werkzeug:172.18.0.7 - - [31/Jan/2026 07:10:47] "GET /download_model?round=36 HTTP/1.1" 200 -
[36mclient_010_1  |[0m 2026-01-31 07:10:48,179 - __main__ - INFO - Round 36 finished. Loss: 0.0000, Acc: 0.00%
[33mserver_1      |[0m INFO:__main__:Received update from client_010
[33mserver_1      |[0m INFO:werkzeug:172.18.0.18 - - [31/Jan/2026 07:10:48] "POST /submit_update HTTP/1.1" 200 -
[36mclient_010_1  |[0m 2026-01-31 07:10:48,315 - __main__ - INFO - 🚀 Model update submitted successfully.
[36mclient_010_1  |[0m 2026-01-31 07:10:48,315 - __main__ - INFO - Update submitted for Round 36. Waiting...
[33mclient_001_1  |[0m 2026-01-31 07:10:49,214 - __main__ - INFO - --- New Round Detected: 36 ---
[33mserver_1      |[0m INFO:werkzeug:172.18.0.21 - - [31/Jan/2026 07:10:49] "GET /download_model?round=36 HTTP/1.1" 200 -
[36;1mclient_005_1  |[0m 2026-01-31 07:10:49,547 - __main__ - INFO - Round 36 finished. Loss: 0.0000, Acc: 0.00%
[33mserver_1      |[0m INFO:__main__:Received update from client_005
[33mserver_1      |[0m INFO:werkzeug:172.18.0.19 - - [31/Jan/2026 07:10:49] "POST /submit_update HTTP/1.1" 200 -
[36;1mclient_005_1  |[0m 2026-01-31 07:10:49,682 - __main__ - INFO - 🚀 Model update submitted successfully.
[36;1mclient_005_1  |[0m 2026-01-31 07:10:49,682 - __main__ - INFO - Update submitted for Round 36. Waiting...
[35mclient_003_1  |[0m 2026-01-31 07:10:51,029 - __main__ - INFO - Round 36 finished. Loss: 0.0000, Acc: 0.00%
[34mclient_004_1  |[0m 2026-01-31 07:10:51,044 - __main__ - INFO - --- New Round Detected: 36 ---
[33mserver_1      |[0m INFO:werkzeug:172.18.0.4 - - [31/Jan/2026 07:10:51] "GET /download_model?round=36 HTTP/1.1" 200 -
[33mserver_1      |[0m INFO:__main__:Received update from client_003
[33mserver_1      |[0m INFO:werkzeug:172.18.0.14 - - [31/Jan/2026 07:10:51] "POST /submit_update HTTP/1.1" 200 -
[35mclient_003_1  |[0m 2026-01-31 07:10:51,182 - __main__ - INFO - 🚀 Model update submitted successfully.
[35mclient_003_1  |[0m 2026-01-31 07:10:51,183 - __main__ - INFO - Update submitted for Round 36. Waiting...
[35;1mclient_008_1  |[0m 2026-01-31 07:10:51,839 - __main__ - INFO - --- New Round Detected: 36 ---
[33mserver_1      |[0m INFO:werkzeug:172.18.0.22 - - [31/Jan/2026 07:10:51] "GET /download_model?round=36 HTTP/1.1" 200 -
[32mclient_002_1  |[0m 2026-01-31 07:10:52,570 - __main__ - INFO - Round 36 finished. Loss: 0.0000, Acc: 0.00%
[33mserver_1      |[0m INFO:__main__:Received update from client_002
[33mserver_1      |[0m INFO:werkzeug:172.18.0.7 - - [31/Jan/2026 07:10:52] "POST /submit_update HTTP/1.1" 200 -
[34;1mclient_009_1  |[0m 2026-01-31 07:10:52,698 - __main__ - INFO - --- New Round Detected: 36 ---
[32mclient_002_1  |[0m 2026-01-31 07:10:52,707 - __main__ - INFO - 🚀 Model update submitted successfully.
[32mclient_002_1  |[0m 2026-01-31 07:10:52,708 - __main__ - INFO - Update submitted for Round 36. Waiting...
[32;1mclient_007_1  |[0m 2026-01-31 07:10:52,714 - __main__ - INFO - Round 36 finished. Loss: 0.0000, Acc: 0.00%
[33mserver_1      |[0m INFO:werkzeug:172.18.0.17 - - [31/Jan/2026 07:10:52] "GET /download_model?round=36 HTTP/1.1" 200 -
[33mserver_1      |[0m INFO:__main__:Received update from client_007
[33mserver_1      |[0m INFO:__main__:--- Aggregating 5 updates ---
[33mserver_1      |[0m INFO:__main__:⚡ Using Custom Aggregator with Drift Metric...
[33mserver_1      |[0m INFO:server.aggregator:Starting FedAvg aggregation for 5 clients.
[33mclient_001_1  |[0m 2026-01-31 07:10:53,206 - __main__ - INFO - Round 36 finished. Loss: 0.0000, Acc: 0.00%
[33mserver_1      |[0m INFO:werkzeug:172.18.0.21 - - [31/Jan/2026 07:10:53] "[31m[1mPOST /submit_update HTTP/1.1[0m" 400 -
[33mclient_001_1  |[0m 2026-01-31 07:10:53,274 - __main__ - ERROR - Update submission failed: {"error":"Not accepting updates"}
[33mclient_001_1  |[0m 
[33mclient_001_1  |[0m 2026-01-31 07:10:53,274 - __main__ - INFO - Update submitted for Round 36. Waiting...
[33;1mclient_006_1  |[0m 2026-01-31 07:10:53,370 - __main__ - INFO - Round 36 finished. Loss: 0.0000, Acc: 0.00%
[33mserver_1      |[0m INFO:werkzeug:172.18.0.20 - - [31/Jan/2026 07:10:53] "[31m[1mPOST /submit_update HTTP/1.1[0m" 400 -
[33;1mclient_006_1  |[0m 2026-01-31 07:10:53,436 - __main__ - ERROR - Update submission failed: {"error":"Not accepting updates"}
[33;1mclient_006_1  |[0m 
[33;1mclient_006_1  |[0m 2026-01-31 07:10:53,436 - __main__ - INFO - Update submitted for Round 36. Waiting...
[35;1mclient_008_1  |[0m 2026-01-31 07:10:54,046 - __main__ - INFO - Round 36 finished. Loss: 0.0000, Acc: 0.00%
[33mserver_1      |[0m INFO:werkzeug:172.18.0.22 - - [31/Jan/2026 07:10:54] "[31m[1mPOST /submit_update HTTP/1.1[0m" 400 -
[35;1mclient_008_1  |[0m 2026-01-31 07:10:54,112 - __main__ - ERROR - Update submission failed: {"error":"Not accepting updates"}
[35;1mclient_008_1  |[0m 
[35;1mclient_008_1  |[0m 2026-01-31 07:10:54,112 - __main__ - INFO - Update submitted for Round 36. Waiting...
[33mserver_1      |[0m INFO:server.aggregator:--- [METRIC] Weight Divergence: 1.5337
[33mserver_1      |[0m INFO:server.aggregator:FedAvg aggregation complete.
[33mserver_1      |[0m INFO:__main__:Aggregation complete.
[33mserver_1      |[0m ⏱️ [TIME] Client client_010 finished training in 2.63s
[33mserver_1      |[0m ⏱️ [TIME] Client client_005 finished training in 2.76s
[33mserver_1      |[0m ⏱️ [TIME] Client client_003 finished training in 5.67s
[33mserver_1      |[0m ⏱️ [TIME] Client client_002 finished training in 4.60s
[33mserver_1      |[0m ⏱️ [TIME] Client client_007 finished training in 7.35s
[33mserver_1      |[0m DEBUG: ⚠️ MY CUSTOM AGGREGATOR IS RUNNING ⚠️
[33mserver_1      |[0m INFO:__main__:💾 Saving metrics to results/metrics.csv...
[33mserver_1      |[0m INFO:__main__:--- Round 36 Acc: 51.93%, Loss: 1.3491 ---
[33mserver_1      |[0m INFO:__main__:--- Starting Round 37. Timeout: 600s ---
[33mserver_1      |[0m INFO:werkzeug:172.18.0.5 - - [31/Jan/2026 07:10:56] "POST /submit_update HTTP/1.1" 200 -
[32;1mclient_007_1  |[0m 2026-01-31 07:10:56,711 - __main__ - INFO - 🚀 Model update submitted successfully.
[32;1mclient_007_1  |[0m 2026-01-31 07:10:56,711 - __main__ - INFO - Update submitted for Round 36. Waiting...
[34mclient_004_1  |[0m 2026-01-31 07:10:56,923 - __main__ - INFO - Round 36 finished. Loss: 0.0000, Acc: 0.00%
[33mserver_1      |[0m INFO:__main__:Received update from client_004
[33mserver_1      |[0m INFO:werkzeug:172.18.0.4 - - [31/Jan/2026 07:10:57] "POST /submit_update HTTP/1.1" 200 -
[34mclient_004_1  |[0m 2026-01-31 07:10:57,058 - __main__ - INFO - 🚀 Model update submitted successfully.
[34mclient_004_1  |[0m 2026-01-31 07:10:57,060 - __main__ - INFO - Update submitted for Round 36. Waiting...
[34;1mclient_009_1  |[0m 2026-01-31 07:10:57,227 - __main__ - INFO - Round 36 finished. Loss: 0.0000, Acc: 0.00%
[33mserver_1      |[0m INFO:__main__:Received update from client_009
[33mserver_1      |[0m INFO:werkzeug:172.18.0.17 - - [31/Jan/2026 07:10:57] "POST /submit_update HTTP/1.1" 200 -
[34;1mclient_009_1  |[0m 2026-01-31 07:10:57,381 - __main__ - INFO - 🚀 Model update submitted successfully.
[34;1mclient_009_1  |[0m 2026-01-31 07:10:57,382 - __main__ - INFO - Update submitted for Round 36. Waiting...
[36mclient_010_1  |[0m 2026-01-31 07:10:58,376 - __main__ - INFO - --- New Round Detected: 37 ---
[33mserver_1      |[0m INFO:werkzeug:172.18.0.18 - - [31/Jan/2026 07:10:58] "GET /download_model?round=37 HTTP/1.1" 200 -
[36;1mclient_005_1  |[0m 2026-01-31 07:10:59,747 - __main__ - INFO - --- New Round Detected: 37 ---
[33mserver_1      |[0m INFO:werkzeug:172.18.0.19 - - [31/Jan/2026 07:10:59] "GET /download_model?round=37 HTTP/1.1" 200 -
[35mclient_003_1  |[0m 2026-01-31 07:11:01,245 - __main__ - INFO - --- New Round Detected: 37 ---
[33mserver_1      |[0m INFO:werkzeug:172.18.0.14 - - [31/Jan/2026 07:11:01] "GET /download_model?round=37 HTTP/1.1" 200 -
[36mclient_010_1  |[0m 2026-01-31 07:11:01,452 - __main__ - INFO - Round 37 finished. Loss: 0.0000, Acc: 0.00%
[36;1mclient_005_1  |[0m 2026-01-31 07:11:01,505 - __main__ - INFO - Round 37 finished. Loss: 0.0000, Acc: 0.00%
[33mserver_1      |[0m INFO:__main__:Received update from client_010
[33mserver_1      |[0m INFO:werkzeug:172.18.0.18 - - [31/Jan/2026 07:11:01] "POST /submit_update HTTP/1.1" 200 -
[36mclient_010_1  |[0m 2026-01-31 07:11:01,585 - __main__ - INFO - 🚀 Model update submitted successfully.
[36mclient_010_1  |[0m 2026-01-31 07:11:01,585 - __main__ - INFO - Update submitted for Round 37. Waiting...
[33mserver_1      |[0m INFO:__main__:Received update from client_005
[33mserver_1      |[0m INFO:werkzeug:172.18.0.19 - - [31/Jan/2026 07:11:01] "POST /submit_update HTTP/1.1" 200 -
[36;1mclient_005_1  |[0m 2026-01-31 07:11:01,666 - __main__ - INFO - 🚀 Model update submitted successfully.
[36;1mclient_005_1  |[0m 2026-01-31 07:11:01,666 - __main__ - INFO - Update submitted for Round 37. Waiting...
[32mclient_002_1  |[0m 2026-01-31 07:11:02,769 - __main__ - INFO - --- New Round Detected: 37 ---
[33mserver_1      |[0m INFO:werkzeug:172.18.0.7 - - [31/Jan/2026 07:11:02] "GET /download_model?round=37 HTTP/1.1" 200 -
[33mclient_001_1  |[0m 2026-01-31 07:11:03,350 - __main__ - INFO - --- New Round Detected: 37 ---
[33mserver_1      |[0m INFO:werkzeug:172.18.0.21 - - [31/Jan/2026 07:11:03] "GET /download_model?round=37 HTTP/1.1" 200 -
[33;1mclient_006_1  |[0m 2026-01-31 07:11:03,499 - __main__ - INFO - --- New Round Detected: 37 ---
[33mserver_1      |[0m INFO:werkzeug:172.18.0.20 - - [31/Jan/2026 07:11:03] "GET /download_model?round=37 HTTP/1.1" 200 -
[35;1mclient_008_1  |[0m 2026-01-31 07:11:04,232 - __main__ - INFO - --- New Round Detected: 37 ---
[33mserver_1      |[0m INFO:werkzeug:172.18.0.22 - - [31/Jan/2026 07:11:04] "GET /download_model?round=37 HTTP/1.1" 200 -
[35mclient_003_1  |[0m 2026-01-31 07:11:05,793 - __main__ - INFO - Round 37 finished. Loss: 0.0000, Acc: 0.00%
[33mserver_1      |[0m INFO:__main__:Received update from client_003
[33mserver_1      |[0m INFO:__main__:--- Aggregating 5 updates ---
[33mserver_1      |[0m INFO:__main__:⚡ Using Custom Aggregator with Drift Metric...
[33mserver_1      |[0m INFO:server.aggregator:Starting FedAvg aggregation for 5 clients.
[32;1mclient_007_1  |[0m 2026-01-31 07:11:06,782 - __main__ - INFO - --- New Round Detected: 37 ---
[33mserver_1      |[0m INFO:werkzeug:172.18.0.5 - - [31/Jan/2026 07:11:06] "GET /download_model?round=37 HTTP/1.1" 200 -
[35;1mclient_008_1  |[0m 2026-01-31 07:11:06,871 - __main__ - INFO - Round 37 finished. Loss: 0.0000, Acc: 0.00%
[33mserver_1      |[0m INFO:werkzeug:172.18.0.22 - - [31/Jan/2026 07:11:06] "[31m[1mPOST /submit_update HTTP/1.1[0m" 400 -
[35;1mclient_008_1  |[0m 2026-01-31 07:11:06,935 - __main__ - ERROR - Update submission failed: {"error":"Not accepting updates"}
[35;1mclient_008_1  |[0m 
[35;1mclient_008_1  |[0m 2026-01-31 07:11:06,935 - __main__ - INFO - Update submitted for Round 37. Waiting...
[34mclient_004_1  |[0m 2026-01-31 07:11:07,131 - __main__ - INFO - --- New Round Detected: 37 ---
[33mserver_1      |[0m INFO:werkzeug:172.18.0.4 - - [31/Jan/2026 07:11:07] "GET /download_model?round=37 HTTP/1.1" 200 -
[33mclient_001_1  |[0m 2026-01-31 07:11:07,336 - __main__ - INFO - Round 37 finished. Loss: 0.0000, Acc: 0.00%
[33mserver_1      |[0m INFO:werkzeug:172.18.0.21 - - [31/Jan/2026 07:11:07] "[31m[1mPOST /submit_update HTTP/1.1[0m" 400 -
[33mclient_001_1  |[0m 2026-01-31 07:11:07,405 - __main__ - ERROR - Update submission failed: {"error":"Not accepting updates"}
[33mclient_001_1  |[0m 
[33mclient_001_1  |[0m 2026-01-31 07:11:07,405 - __main__ - INFO - Update submitted for Round 37. Waiting...
[34;1mclient_009_1  |[0m 2026-01-31 07:11:07,540 - __main__ - INFO - --- New Round Detected: 37 ---
[33mserver_1      |[0m INFO:werkzeug:172.18.0.17 - - [31/Jan/2026 07:11:07] "GET /download_model?round=37 HTTP/1.1" 200 -
[33mserver_1      |[0m INFO:server.aggregator:--- [METRIC] Weight Divergence: 1.5893
[33mserver_1      |[0m INFO:server.aggregator:FedAvg aggregation complete.
[33mserver_1      |[0m INFO:__main__:Aggregation complete.
[32mclient_002_1  |[0m 2026-01-31 07:11:07,757 - __main__ - INFO - Round 37 finished. Loss: 0.0000, Acc: 0.00%
[33mserver_1      |[0m ⏱️ [TIME] Client client_004 finished training in 5.63s
[33mserver_1      |[0m ⏱️ [TIME] Client client_009 finished training in 4.29s
[33mserver_1      |[0m ⏱️ [TIME] Client client_010 finished training in 2.90s
[33mserver_1      |[0m ⏱️ [TIME] Client client_005 finished training in 1.56s
[33mserver_1      |[0m ⏱️ [TIME] Client client_003 finished training in 4.32s
[33mserver_1      |[0m DEBUG: ⚠️ MY CUSTOM AGGREGATOR IS RUNNING ⚠️
[33mserver_1      |[0m INFO:werkzeug:172.18.0.7 - - [31/Jan/2026 07:11:07] "[31m[1mPOST /submit_update HTTP/1.1[0m" 400 -
[32mclient_002_1  |[0m 2026-01-31 07:11:08,034 - __main__ - ERROR - Update submission failed: {"error":"Not accepting updates"}
[32mclient_002_1  |[0m 
[32mclient_002_1  |[0m 2026-01-31 07:11:08,034 - __main__ - INFO - Update submitted for Round 37. Waiting...
[33mserver_1      |[0m INFO:__main__:💾 Saving metrics to results/metrics.csv...
[33mserver_1      |[0m INFO:__main__:--- Round 37 Acc: 57.30%, Loss: 1.1860 ---
[33mserver_1      |[0m INFO:__main__:--- Starting Round 38. Timeout: 600s ---
[33mserver_1      |[0m INFO:werkzeug:172.18.0.14 - - [31/Jan/2026 07:11:08] "POST /submit_update HTTP/1.1" 200 -
[35mclient_003_1  |[0m 2026-01-31 07:11:09,021 - __main__ - INFO - 🚀 Model update submitted successfully.
[35mclient_003_1  |[0m 2026-01-31 07:11:09,021 - __main__ - INFO - Update submitted for Round 37. Waiting...
[34;1mclient_009_1  |[0m 2026-01-31 07:11:09,982 - __main__ - INFO - Round 37 finished. Loss: 0.0000, Acc: 0.00%
[33;1mclient_006_1  |[0m 2026-01-31 07:11:10,043 - __main__ - INFO - Round 37 finished. Loss: 0.0000, Acc: 0.00%
[33mserver_1      |[0m INFO:__main__:Received update from client_009
[33mserver_1      |[0m INFO:werkzeug:172.18.0.17 - - [31/Jan/2026 07:11:10] "POST /submit_update HTTP/1.1" 200 -
[34;1mclient_009_1  |[0m 2026-01-31 07:11:10,117 - __main__ - INFO - 🚀 Model update submitted successfully.
[34;1mclient_009_1  |[0m 2026-01-31 07:11:10,117 - __main__ - INFO - Update submitted for Round 37. Waiting...
[33mserver_1      |[0m INFO:__main__:Received update from client_006
[33mserver_1      |[0m INFO:werkzeug:172.18.0.20 - - [31/Jan/2026 07:11:10] "POST /submit_update HTTP/1.1" 200 -
[33;1mclient_006_1  |[0m 2026-01-31 07:11:10,198 - __main__ - INFO - 🚀 Model update submitted successfully.
[33;1mclient_006_1  |[0m 2026-01-31 07:11:10,198 - __main__ - INFO - Update submitted for Round 37. Waiting...
[36mclient_010_1  |[0m 2026-01-31 07:11:11,667 - __main__ - INFO - --- New Round Detected: 38 ---
[33mserver_1      |[0m INFO:werkzeug:172.18.0.18 - - [31/Jan/2026 07:11:11] "GET /download_model?round=38 HTTP/1.1" 200 -
[36;1mclient_005_1  |[0m 2026-01-31 07:11:11,753 - __main__ - INFO - --- New Round Detected: 38 ---
[33mserver_1      |[0m INFO:werkzeug:172.18.0.19 - - [31/Jan/2026 07:11:11] "GET /download_model?round=38 HTTP/1.1" 200 -
[34mclient_004_1  |[0m 2026-01-31 07:11:12,865 - __main__ - INFO - Round 37 finished. Loss: 0.0000, Acc: 0.00%
[33mserver_1      |[0m INFO:__main__:Received update from client_004
[33mserver_1      |[0m INFO:werkzeug:172.18.0.4 - - [31/Jan/2026 07:11:12] "POST /submit_update HTTP/1.1" 200 -
[34mclient_004_1  |[0m 2026-01-31 07:11:13,022 - __main__ - INFO - 🚀 Model update submitted successfully.
[34mclient_004_1  |[0m 2026-01-31 07:11:13,022 - __main__ - INFO - Update submitted for Round 37. Waiting...
[32;1mclient_007_1  |[0m 2026-01-31 07:11:13,438 - __main__ - INFO - Round 37 finished. Loss: 0.0000, Acc: 0.00%
[33mserver_1      |[0m INFO:__main__:Received update from client_007
[33mserver_1      |[0m INFO:werkzeug:172.18.0.5 - - [31/Jan/2026 07:11:13] "POST /submit_update HTTP/1.1" 200 -
[32;1mclient_007_1  |[0m 2026-01-31 07:11:13,575 - __main__ - INFO - 🚀 Model update submitted successfully.
[32;1mclient_007_1  |[0m 2026-01-31 07:11:13,575 - __main__ - INFO - Update submitted for Round 37. Waiting...
[36;1mclient_005_1  |[0m 2026-01-31 07:11:14,691 - __main__ - INFO - Round 38 finished. Loss: 0.0000, Acc: 0.00%
[33mserver_1      |[0m INFO:__main__:Received update from client_005
[33mserver_1      |[0m INFO:__main__:--- Aggregating 5 updates ---
[33mserver_1      |[0m INFO:__main__:⚡ Using Custom Aggregator with Drift Metric...
[33mserver_1      |[0m INFO:server.aggregator:Starting FedAvg aggregation for 5 clients.
[36mclient_010_1  |[0m 2026-01-31 07:11:14,858 - __main__ - INFO - Round 38 finished. Loss: 0.0000, Acc: 0.00%
[33mserver_1      |[0m INFO:werkzeug:172.18.0.18 - - [31/Jan/2026 07:11:14] "[31m[1mPOST /submit_update HTTP/1.1[0m" 400 -
[36mclient_010_1  |[0m 2026-01-31 07:11:14,924 - __main__ - ERROR - Update submission failed: {"error":"Not accepting updates"}
[36mclient_010_1  |[0m 
[36mclient_010_1  |[0m 2026-01-31 07:11:14,924 - __main__ - INFO - Update submitted for Round 38. Waiting...
[33mserver_1      |[0m INFO:server.aggregator:--- [METRIC] Weight Divergence: 1.5146
[33mserver_1      |[0m INFO:server.aggregator:FedAvg aggregation complete.
[33mserver_1      |[0m INFO:__main__:Aggregation complete.
[33mserver_1      |[0m ⏱️ [TIME] Client client_009 finished training in 2.23s
[33mserver_1      |[0m ⏱️ [TIME] Client client_006 finished training in 6.28s
[33mserver_1      |[0m ⏱️ [TIME] Client client_004 finished training in 5.48s
[33mserver_1      |[0m ⏱️ [TIME] Client client_007 finished training in 6.44s
[33mserver_1      |[0m ⏱️ [TIME] Client client_005 finished training in 2.71s
[33mserver_1      |[0m DEBUG: ⚠️ MY CUSTOM AGGREGATOR IS RUNNING ⚠️
[35;1mclient_008_1  |[0m 2026-01-31 07:11:17,021 - __main__ - INFO - --- New Round Detected: 38 ---
[33mserver_1      |[0m INFO:werkzeug:172.18.0.22 - - [31/Jan/2026 07:11:17] "GET /download_model?round=38 HTTP/1.1" 200 -
[33mclient_001_1  |[0m 2026-01-31 07:11:17,472 - __main__ - INFO - --- New Round Detected: 38 ---
[33mserver_1      |[0m INFO:werkzeug:172.18.0.21 - - [31/Jan/2026 07:11:17] "GET /download_model?round=38 HTTP/1.1" 200 -
[32mclient_002_1  |[0m 2026-01-31 07:11:18,097 - __main__ - INFO - --- New Round Detected: 38 ---
[33mserver_1      |[0m INFO:werkzeug:172.18.0.7 - - [31/Jan/2026 07:11:18] "GET /download_model?round=38 HTTP/1.1" 200 -
[33mserver_1      |[0m INFO:__main__:💾 Saving metrics to results/metrics.csv...
[33mserver_1      |[0m INFO:__main__:--- Round 38 Acc: 53.27%, Loss: 1.3482 ---
[33mserver_1      |[0m INFO:__main__:--- Starting Round 39. Timeout: 600s ---
[33mserver_1      |[0m INFO:werkzeug:172.18.0.19 - - [31/Jan/2026 07:11:18] "POST /submit_update HTTP/1.1" 200 -
[36;1mclient_005_1  |[0m 2026-01-31 07:11:18,164 - __main__ - INFO - 🚀 Model update submitted successfully.
[36;1mclient_005_1  |[0m 2026-01-31 07:11:18,164 - __main__ - INFO - Update submitted for Round 38. Waiting...
[35mclient_003_1  |[0m 2026-01-31 07:11:19,085 - __main__ - INFO - --- New Round Detected: 39 ---
[33mserver_1      |[0m INFO:werkzeug:172.18.0.14 - - [31/Jan/2026 07:11:19] "GET /download_model?round=39 HTTP/1.1" 200 -
[33mclient_001_1  |[0m 2026-01-31 07:11:19,556 - __main__ - INFO - Round 38 finished. Loss: 0.0000, Acc: 0.00%
[33mserver_1      |[0m INFO:__main__:Received update from client_001
[33mserver_1      |[0m INFO:werkzeug:172.18.0.21 - - [31/Jan/2026 07:11:19] "POST /submit_update HTTP/1.1" 200 -
[33mclient_001_1  |[0m 2026-01-31 07:11:19,718 - __main__ - INFO - 🚀 Model update submitted successfully.
[33mclient_001_1  |[0m 2026-01-31 07:11:19,718 - __main__ - INFO - Update submitted for Round 38. Waiting...
[35;1mclient_008_1  |[0m 2026-01-31 07:11:19,763 - __main__ - INFO - Round 38 finished. Loss: 0.0000, Acc: 0.00%
[33mserver_1      |[0m INFO:__main__:Received update from client_008
[33mserver_1      |[0m INFO:werkzeug:172.18.0.22 - - [31/Jan/2026 07:11:19] "POST /submit_update HTTP/1.1" 200 -
[35;1mclient_008_1  |[0m 2026-01-31 07:11:19,897 - __main__ - INFO - 🚀 Model update submitted successfully.
[35;1mclient_008_1  |[0m 2026-01-31 07:11:19,897 - __main__ - INFO - Update submitted for Round 38. Waiting...
[34;1mclient_009_1  |[0m 2026-01-31 07:11:20,192 - __main__ - INFO - --- New Round Detected: 39 ---
[33mserver_1      |[0m INFO:werkzeug:172.18.0.17 - - [31/Jan/2026 07:11:20] "GET /download_model?round=39 HTTP/1.1" 200 -
[33;1mclient_006_1  |[0m 2026-01-31 07:11:20,259 - __main__ - INFO - --- New Round Detected: 39 ---
[33mserver_1      |[0m INFO:werkzeug:172.18.0.20 - - [31/Jan/2026 07:11:20] "GET /download_model?round=39 HTTP/1.1" 200 -
[32mclient_002_1  |[0m 2026-01-31 07:11:21,662 - __main__ - INFO - Round 38 finished. Loss: 0.0000, Acc: 0.00%
[33mserver_1      |[0m INFO:__main__:Received update from client_002
[33mserver_1      |[0m INFO:werkzeug:172.18.0.7 - - [31/Jan/2026 07:11:21] "POST /submit_update HTTP/1.1" 200 -
[32mclient_002_1  |[0m 2026-01-31 07:11:21,797 - __main__ - INFO - 🚀 Model update submitted successfully.
[32mclient_002_1  |[0m 2026-01-31 07:11:21,797 - __main__ - INFO - Update submitted for Round 38. Waiting...
[34;1mclient_009_1  |[0m 2026-01-31 07:11:22,560 - __main__ - INFO - Round 39 finished. Loss: 0.0000, Acc: 0.00%
[33mserver_1      |[0m INFO:__main__:Received update from client_009
[33mserver_1      |[0m INFO:werkzeug:172.18.0.17 - - [31/Jan/2026 07:11:22] "POST /submit_update HTTP/1.1" 200 -
[34;1mclient_009_1  |[0m 2026-01-31 07:11:22,694 - __main__ - INFO - 🚀 Model update submitted successfully.
[34;1mclient_009_1  |[0m 2026-01-31 07:11:22,694 - __main__ - INFO - Update submitted for Round 39. Waiting...
[34mclient_004_1  |[0m 2026-01-31 07:11:23,098 - __main__ - INFO - --- New Round Detected: 39 ---
[33mserver_1      |[0m INFO:werkzeug:172.18.0.4 - - [31/Jan/2026 07:11:23] "GET /download_model?round=39 HTTP/1.1" 200 -
[32;1mclient_007_1  |[0m 2026-01-31 07:11:23,637 - __main__ - INFO - --- New Round Detected: 39 ---
[33mserver_1      |[0m INFO:werkzeug:172.18.0.5 - - [31/Jan/2026 07:11:23] "GET /download_model?round=39 HTTP/1.1" 200 -
[35mclient_003_1  |[0m 2026-01-31 07:11:23,678 - __main__ - INFO - Round 39 finished. Loss: 0.0000, Acc: 0.00%
[33mserver_1      |[0m INFO:__main__:Received update from client_003
[33mserver_1      |[0m INFO:__main__:--- Aggregating 5 updates ---
[33mserver_1      |[0m INFO:__main__:⚡ Using Custom Aggregator with Drift Metric...
[33mserver_1      |[0m INFO:server.aggregator:Starting FedAvg aggregation for 5 clients.
[36mclient_010_1  |[0m 2026-01-31 07:11:24,990 - __main__ - INFO - --- New Round Detected: 39 ---
[33mserver_1      |[0m INFO:werkzeug:172.18.0.18 - - [31/Jan/2026 07:11:25] "GET /download_model?round=39 HTTP/1.1" 200 -
[33mserver_1      |[0m INFO:server.aggregator:--- [METRIC] Weight Divergence: 1.5498
[33mserver_1      |[0m INFO:server.aggregator:FedAvg aggregation complete.
[33mserver_1      |[0m INFO:__main__:Aggregation complete.
[33mserver_1      |[0m ⏱️ [TIME] Client client_001 finished training in 1.85s
[33mserver_1      |[0m ⏱️ [TIME] Client client_008 finished training in 2.54s
[33mserver_1      |[0m ⏱️ [TIME] Client client_002 finished training in 3.35s
[33mserver_1      |[0m ⏱️ [TIME] Client client_009 finished training in 2.12s
[33mserver_1      |[0m ⏱️ [TIME] Client client_003 finished training in 4.33s
[33mserver_1      |[0m DEBUG: ⚠️ MY CUSTOM AGGREGATOR IS RUNNING ⚠️
[33;1mclient_006_1  |[0m 2026-01-31 07:11:26,712 - __main__ - INFO - Round 39 finished. Loss: 0.0000, Acc: 0.00%
[33mserver_1      |[0m INFO:werkzeug:172.18.0.20 - - [31/Jan/2026 07:11:26] "[31m[1mPOST /submit_update HTTP/1.1[0m" 400 -
[33;1mclient_006_1  |[0m 2026-01-31 07:11:26,778 - __main__ - ERROR - Update submission failed: {"error":"Not accepting updates"}
[33;1mclient_006_1  |[0m 
[33;1mclient_006_1  |[0m 2026-01-31 07:11:26,778 - __main__ - INFO - Update submitted for Round 39. Waiting...
[33mserver_1      |[0m INFO:__main__:💾 Saving metrics to results/metrics.csv...
[33mserver_1      |[0m INFO:__main__:--- Round 39 Acc: 57.13%, Loss: 1.2107 ---
[33mserver_1      |[0m INFO:__main__:--- Starting Round 40. Timeout: 600s ---
[33mserver_1      |[0m INFO:werkzeug:172.18.0.14 - - [31/Jan/2026 07:11:27] "POST /submit_update HTTP/1.1" 200 -
[35mclient_003_1  |[0m 2026-01-31 07:11:27,231 - __main__ - INFO - 🚀 Model update submitted successfully.
[35mclient_003_1  |[0m 2026-01-31 07:11:27,231 - __main__ - INFO - Update submitted for Round 39. Waiting...
[32;1mclient_007_1  |[0m 2026-01-31 07:11:27,404 - __main__ - INFO - Round 39 finished. Loss: 0.0000, Acc: 0.00%
[33mserver_1      |[0m INFO:__main__:Received update from client_007
[33mserver_1      |[0m INFO:werkzeug:172.18.0.5 - - [31/Jan/2026 07:11:27] "POST /submit_update HTTP/1.1" 200 -
[32;1mclient_007_1  |[0m 2026-01-31 07:11:27,539 - __main__ - INFO - 🚀 Model update submitted successfully.
[32;1mclient_007_1  |[0m 2026-01-31 07:11:27,539 - __main__ - INFO - Update submitted for Round 39. Waiting...
[36;1mclient_005_1  |[0m 2026-01-31 07:11:28,230 - __main__ - INFO - --- New Round Detected: 40 ---
[33mserver_1      |[0m INFO:werkzeug:172.18.0.19 - - [31/Jan/2026 07:11:28] "GET /download_model?round=40 HTTP/1.1" 200 -
[34mclient_004_1  |[0m 2026-01-31 07:11:28,797 - __main__ - INFO - Round 39 finished. Loss: 0.0000, Acc: 0.00%
[33mserver_1      |[0m INFO:__main__:Received update from client_004
[33mserver_1      |[0m INFO:werkzeug:172.18.0.4 - - [31/Jan/2026 07:11:28] "POST /submit_update HTTP/1.1" 200 -
[34mclient_004_1  |[0m 2026-01-31 07:11:28,933 - __main__ - INFO - 🚀 Model update submitted successfully.
[34mclient_004_1  |[0m 2026-01-31 07:11:28,933 - __main__ - INFO - Update submitted for Round 39. Waiting...
[33mclient_001_1  |[0m 2026-01-31 07:11:29,779 - __main__ - INFO - --- New Round Detected: 40 ---
[33mserver_1      |[0m INFO:werkzeug:172.18.0.21 - - [31/Jan/2026 07:11:29] "GET /download_model?round=40 HTTP/1.1" 200 -
[35;1mclient_008_1  |[0m 2026-01-31 07:11:29,958 - __main__ - INFO - --- New Round Detected: 40 ---
[33mserver_1      |[0m INFO:werkzeug:172.18.0.22 - - [31/Jan/2026 07:11:29] "GET /download_model?round=40 HTTP/1.1" 200 -
[36;1mclient_005_1  |[0m 2026-01-31 07:11:30,182 - __main__ - INFO - Round 40 finished. Loss: 0.0000, Acc: 0.00%
[33mserver_1      |[0m INFO:__main__:Received update from client_005
[33mserver_1      |[0m INFO:werkzeug:172.18.0.19 - - [31/Jan/2026 07:11:30] "POST /submit_update HTTP/1.1" 200 -
[36;1mclient_005_1  |[0m 2026-01-31 07:11:30,318 - __main__ - INFO - 🚀 Model update submitted successfully.
[36;1mclient_005_1  |[0m 2026-01-31 07:11:30,318 - __main__ - INFO - Update submitted for Round 40. Waiting...
[36mclient_010_1  |[0m 2026-01-31 07:11:30,429 - __main__ - INFO - Round 39 finished. Loss: 0.0000, Acc: 0.00%
[33mserver_1      |[0m INFO:__main__:Received update from client_010
[33mserver_1      |[0m INFO:werkzeug:172.18.0.18 - - [31/Jan/2026 07:11:30] "POST /submit_update HTTP/1.1" 200 -
[36mclient_010_1  |[0m 2026-01-31 07:11:30,585 - __main__ - INFO - 🚀 Model update submitted successfully.
[36mclient_010_1  |[0m 2026-01-31 07:11:30,585 - __main__ - INFO - Update submitted for Round 39. Waiting...
[32mclient_002_1  |[0m 2026-01-31 07:11:31,860 - __main__ - INFO - --- New Round Detected: 40 ---
[33mserver_1      |[0m INFO:werkzeug:172.18.0.7 - - [31/Jan/2026 07:11:31] "GET /download_model?round=40 HTTP/1.1" 200 -
[35;1mclient_008_1  |[0m 2026-01-31 07:11:32,655 - __main__ - INFO - Round 40 finished. Loss: 0.0000, Acc: 0.00%
[33mclient_001_1  |[0m 2026-01-31 07:11:32,712 - __main__ - INFO - Round 40 finished. Loss: 0.0000, Acc: 0.00%
[33mserver_1      |[0m INFO:__main__:Received update from client_008
[33mserver_1      |[0m INFO:__main__:--- Aggregating 5 updates ---
[33mserver_1      |[0m INFO:__main__:⚡ Using Custom Aggregator with Drift Metric...
[33mserver_1      |[0m INFO:server.aggregator:Starting FedAvg aggregation for 5 clients.
[34;1mclient_009_1  |[0m 2026-01-31 07:11:32,781 - __main__ - INFO - --- New Round Detected: 40 ---
[33mserver_1      |[0m INFO:werkzeug:172.18.0.17 - - [31/Jan/2026 07:11:32] "GET /download_model?round=40 HTTP/1.1" 200 -
[33mserver_1      |[0m INFO:server.aggregator:--- [METRIC] Weight Divergence: 1.5499
[33mserver_1      |[0m INFO:server.aggregator:FedAvg aggregation complete.
[33mserver_1      |[0m INFO:__main__:Aggregation complete.
[32mclient_002_1  |[0m 2026-01-31 07:11:35,146 - __main__ - INFO - Round 40 finished. Loss: 0.0000, Acc: 0.00%
[33mserver_1      |[0m ⏱️ [TIME] Client client_007 finished training in 3.56s
[33mserver_1      |[0m ⏱️ [TIME] Client client_004 finished training in 5.45s
[33mserver_1      |[0m ⏱️ [TIME] Client client_005 finished training in 1.75s
[33mserver_1      |[0m ⏱️ [TIME] Client client_010 finished training in 5.16s
[33mserver_1      |[0m ⏱️ [TIME] Client client_008 finished training in 2.48s
[33mserver_1      |[0m DEBUG: ⚠️ MY CUSTOM AGGREGATOR IS RUNNING ⚠️
[33mserver_1      |[0m ⏱️ [TIME] Client client_001 finished training in 2.72s
[34;1mclient_009_1  |[0m 2026-01-31 07:11:35,162 - __main__ - INFO - Round 40 finished. Loss: 0.0000, Acc: 0.00%
[33mserver_1      |[0m INFO:werkzeug:172.18.0.7 - - [31/Jan/2026 07:11:35] "[31m[1mPOST /submit_update HTTP/1.1[0m" 400 -
[33mserver_1      |[0m INFO:werkzeug:172.18.0.17 - - [31/Jan/2026 07:11:35] "[31m[1mPOST /submit_update HTTP/1.1[0m" 400 -
[32mclient_002_1  |[0m 2026-01-31 07:11:35,569 - __main__ - ERROR - Update submission failed: {"error":"Not accepting updates"}
[32mclient_002_1  |[0m 
[34;1mclient_009_1  |[0m 2026-01-31 07:11:35,570 - __main__ - ERROR - Update submission failed: {"error":"Not accepting updates"}
[34;1mclient_009_1  |[0m 
[34;1mclient_009_1  |[0m 2026-01-31 07:11:35,570 - __main__ - INFO - Update submitted for Round 40. Waiting...
[32mclient_002_1  |[0m 2026-01-31 07:11:35,570 - __main__ - INFO - Update submitted for Round 40. Waiting...
[33;1mclient_006_1  |[0m 2026-01-31 07:11:36,840 - __main__ - INFO - --- New Round Detected: 40 ---
[33mserver_1      |[0m INFO:werkzeug:172.18.0.20 - - [31/Jan/2026 07:11:36] "GET /download_model?round=40 HTTP/1.1" 200 -
[35mclient_003_1  |[0m 2026-01-31 07:11:37,295 - __main__ - INFO - --- New Round Detected: 40 ---
[33mserver_1      |[0m INFO:werkzeug:172.18.0.14 - - [31/Jan/2026 07:11:37] "GET /download_model?round=40 HTTP/1.1" 200 -
[32;1mclient_007_1  |[0m 2026-01-31 07:11:37,607 - __main__ - INFO - --- New Round Detected: 40 ---
[33mserver_1      |[0m INFO:werkzeug:172.18.0.5 - - [31/Jan/2026 07:11:37] "GET /download_model?round=40 HTTP/1.1" 200 -
[34mclient_004_1  |[0m 2026-01-31 07:11:38,997 - __main__ - INFO - --- New Round Detected: 40 ---
[33mserver_1      |[0m INFO:werkzeug:172.18.0.4 - - [31/Jan/2026 07:11:39] "GET /download_model?round=40 HTTP/1.1" 200 -
[36mclient_010_1  |[0m 2026-01-31 07:11:40,650 - __main__ - INFO - --- New Round Detected: 40 ---
[33mserver_1      |[0m INFO:werkzeug:172.18.0.18 - - [31/Jan/2026 07:11:40] "GET /download_model?round=40 HTTP/1.1" 200 -
[33mserver_1      |[0m INFO:__main__:💾 Saving metrics to results/metrics.csv...
[33mserver_1      |[0m INFO:__main__:--- Round 40 Acc: 52.99%, Loss: 1.3182 ---
[33mserver_1      |[0m INFO:__main__:--- Starting Round 41. Timeout: 600s ---
[33mserver_1      |[0m INFO:werkzeug:172.18.0.22 - - [31/Jan/2026 07:11:41] "POST /submit_update HTTP/1.1" 200 -
[33mserver_1      |[0m INFO:__main__:Received update from client_001
[33mserver_1      |[0m INFO:werkzeug:172.18.0.21 - - [31/Jan/2026 07:11:41] "POST /submit_update HTTP/1.1" 200 -
[33mclient_001_1  |[0m 2026-01-31 07:11:41,456 - __main__ - INFO - 🚀 Model update submitted successfully.
[33mclient_001_1  |[0m 2026-01-31 07:11:41,456 - __main__ - INFO - Update submitted for Round 40. Waiting...
[35;1mclient_008_1  |[0m 2026-01-31 07:11:41,456 - __main__ - INFO - 🚀 Model update submitted successfully.
[35;1mclient_008_1  |[0m 2026-01-31 07:11:41,456 - __main__ - INFO - Update submitted for Round 40. Waiting...
[33;1mclient_006_1  |[0m 2026-01-31 07:11:42,968 - __main__ - INFO - Round 40 finished. Loss: 0.0000, Acc: 0.00%
[33mserver_1      |[0m INFO:__main__:Received update from client_006
[33mserver_1      |[0m INFO:werkzeug:172.18.0.20 - - [31/Jan/2026 07:11:43] "POST /submit_update HTTP/1.1" 200 -
[33;1mclient_006_1  |[0m 2026-01-31 07:11:43,104 - __main__ - INFO - 🚀 Model update submitted successfully.
[33;1mclient_006_1  |[0m 2026-01-31 07:11:43,104 - __main__ - INFO - Update submitted for Round 40. Waiting...
[35mclient_003_1  |[0m 2026-01-31 07:11:44,494 - __main__ - INFO - Round 40 finished. Loss: 0.0000, Acc: 0.00%
[33mserver_1      |[0m INFO:__main__:Received update from client_003
[33mserver_1      |[0m INFO:werkzeug:172.18.0.14 - - [31/Jan/2026 07:11:44] "POST /submit_update HTTP/1.1" 200 -
[35mclient_003_1  |[0m 2026-01-31 07:11:44,628 - __main__ - INFO - 🚀 Model update submitted successfully.
[35mclient_003_1  |[0m 2026-01-31 07:11:44,629 - __main__ - INFO - Update submitted for Round 40. Waiting...
[34mclient_004_1  |[0m 2026-01-31 07:11:44,790 - __main__ - INFO - Round 40 finished. Loss: 0.0000, Acc: 0.00%
[32;1mclient_007_1  |[0m 2026-01-31 07:11:44,910 - __main__ - INFO - Round 40 finished. Loss: 0.0000, Acc: 0.00%
[33mserver_1      |[0m INFO:__main__:Received update from client_004
[33mserver_1      |[0m INFO:werkzeug:172.18.0.4 - - [31/Jan/2026 07:11:44] "POST /submit_update HTTP/1.1" 200 -
[34mclient_004_1  |[0m 2026-01-31 07:11:44,949 - __main__ - INFO - 🚀 Model update submitted successfully.
[34mclient_004_1  |[0m 2026-01-31 07:11:44,949 - __main__ - INFO - Update submitted for Round 40. Waiting...
[33mserver_1      |[0m INFO:__main__:Received update from client_007
[33mserver_1      |[0m INFO:__main__:--- Aggregating 5 updates ---
[33mserver_1      |[0m INFO:__main__:⚡ Using Custom Aggregator with Drift Metric...
[33mserver_1      |[0m INFO:server.aggregator:Starting FedAvg aggregation for 5 clients.
[34;1mclient_009_1  |[0m 2026-01-31 07:11:45,644 - __main__ - INFO - --- New Round Detected: 41 ---
[32mclient_002_1  |[0m 2026-01-31 07:11:45,644 - __main__ - INFO - --- New Round Detected: 41 ---
[33mserver_1      |[0m INFO:werkzeug:172.18.0.17 - - [31/Jan/2026 07:11:45] "GET /download_model?round=41 HTTP/1.1" 200 -
[33mserver_1      |[0m INFO:werkzeug:172.18.0.7 - - [31/Jan/2026 07:11:45] "GET /download_model?round=41 HTTP/1.1" 200 -
[36mclient_010_1  |[0m 2026-01-31 07:11:46,277 - __main__ - INFO - Round 40 finished. Loss: 0.0000, Acc: 0.00%
[33mserver_1      |[0m INFO:werkzeug:172.18.0.18 - - [31/Jan/2026 07:11:46] "[31m[1mPOST /submit_update HTTP/1.1[0m" 400 -
[36mclient_010_1  |[0m 2026-01-31 07:11:46,343 - __main__ - ERROR - Update submission failed: {"error":"Not accepting updates"}
[36mclient_010_1  |[0m 
[36mclient_010_1  |[0m 2026-01-31 07:11:46,343 - __main__ - INFO - Update submitted for Round 40. Waiting...
[33mserver_1      |[0m INFO:server.aggregator:--- [METRIC] Weight Divergence: 1.5940
[33mserver_1      |[0m INFO:server.aggregator:FedAvg aggregation complete.
[33mserver_1      |[0m INFO:__main__:Aggregation complete.
[33mserver_1      |[0m ⏱️ [TIME] Client client_006 finished training in 5.91s
[33mserver_1      |[0m ⏱️ [TIME] Client client_003 finished training in 6.98s
[33mserver_1      |[0m ⏱️ [TIME] Client client_004 finished training in 5.56s
[33mserver_1      |[0m ⏱️ [TIME] Client client_007 finished training in 7.09s
[33mserver_1      |[0m DEBUG: ⚠️ MY CUSTOM AGGREGATOR IS RUNNING ⚠️
[33mserver_1      |[0m INFO:__main__:💾 Saving metrics to results/metrics.csv...
[33mserver_1      |[0m INFO:__main__:--- Round 41 Acc: 53.75%, Loss: 1.3260 ---
[33mserver_1      |[0m INFO:__main__:--- Starting Round 42. Timeout: 600s ---
[33mserver_1      |[0m INFO:werkzeug:172.18.0.5 - - [31/Jan/2026 07:11:48] "POST /submit_update HTTP/1.1" 200 -
[32;1mclient_007_1  |[0m 2026-01-31 07:11:48,673 - __main__ - INFO - 🚀 Model update submitted successfully.
[32;1mclient_007_1  |[0m 2026-01-31 07:11:48,673 - __main__ - INFO - Update submitted for Round 40. Waiting...
[34;1mclient_009_1  |[0m 2026-01-31 07:11:49,915 - __main__ - INFO - Round 41 finished. Loss: 0.0000, Acc: 0.00%
[33mserver_1      |[0m INFO:__main__:Received update from client_009
[33mserver_1      |[0m INFO:werkzeug:172.18.0.17 - - [31/Jan/2026 07:11:50] "POST /submit_update HTTP/1.1" 200 -
[34;1mclient_009_1  |[0m 2026-01-31 07:11:50,051 - __main__ - INFO - 🚀 Model update submitted successfully.
[34;1mclient_009_1  |[0m 2026-01-31 07:11:50,051 - __main__ - INFO - Update submitted for Round 41. Waiting...
[36;1mclient_005_1  |[0m 2026-01-31 07:11:50,446 - __main__ - INFO - --- New Round Detected: 42 ---
[33mserver_1      |[0m INFO:werkzeug:172.18.0.19 - - [31/Jan/2026 07:11:50] "GET /download_model?round=42 HTTP/1.1" 200 -
[32mclient_002_1  |[0m 2026-01-31 07:11:50,789 - __main__ - INFO - Round 41 finished. Loss: 0.0000, Acc: 0.00%
[33mserver_1      |[0m INFO:__main__:Received update from client_002
[33mserver_1      |[0m INFO:werkzeug:172.18.0.7 - - [31/Jan/2026 07:11:50] "POST /submit_update HTTP/1.1" 200 -
[32mclient_002_1  |[0m 2026-01-31 07:11:50,924 - __main__ - INFO - 🚀 Model update submitted successfully.
[32mclient_002_1  |[0m 2026-01-31 07:11:50,924 - __main__ - INFO - Update submitted for Round 41. Waiting...
[35;1mclient_008_1  |[0m 2026-01-31 07:11:51,519 - __main__ - INFO - --- New Round Detected: 42 ---
[33mclient_001_1  |[0m 2026-01-31 07:11:51,520 - __main__ - INFO - --- New Round Detected: 42 ---
[33mserver_1      |[0m INFO:werkzeug:172.18.0.22 - - [31/Jan/2026 07:11:51] "GET /download_model?round=42 HTTP/1.1" 200 -
[33mserver_1      |[0m INFO:werkzeug:172.18.0.21 - - [31/Jan/2026 07:11:51] "GET /download_model?round=42 HTTP/1.1" 200 -
[33;1mclient_006_1  |[0m 2026-01-31 07:11:53,170 - __main__ - INFO - --- New Round Detected: 42 ---
[33mserver_1      |[0m INFO:werkzeug:172.18.0.20 - - [31/Jan/2026 07:11:53] "GET /download_model?round=42 HTTP/1.1" 200 -
[36;1mclient_005_1  |[0m 2026-01-31 07:11:53,517 - __main__ - INFO - Round 42 finished. Loss: 0.0000, Acc: 0.00%
[33mserver_1      |[0m INFO:__main__:Received update from client_005
[33mserver_1      |[0m INFO:werkzeug:172.18.0.19 - - [31/Jan/2026 07:11:53] "POST /submit_update HTTP/1.1" 200 -
[36;1mclient_005_1  |[0m 2026-01-31 07:11:53,664 - __main__ - INFO - 🚀 Model update submitted successfully.
[36;1mclient_005_1  |[0m 2026-01-31 07:11:53,664 - __main__ - INFO - Update submitted for Round 42. Waiting...
[35mclient_003_1  |[0m 2026-01-31 07:11:54,694 - __main__ - INFO - --- New Round Detected: 42 ---
[33mserver_1      |[0m INFO:werkzeug:172.18.0.14 - - [31/Jan/2026 07:11:54] "GET /download_model?round=42 HTTP/1.1" 200 -
[34mclient_004_1  |[0m 2026-01-31 07:11:55,012 - __main__ - INFO - --- New Round Detected: 42 ---
[33mclient_001_1  |[0m 2026-01-31 07:11:55,031 - __main__ - INFO - Round 42 finished. Loss: 0.0000, Acc: 0.00%
[33mserver_1      |[0m INFO:werkzeug:172.18.0.4 - - [31/Jan/2026 07:11:55] "GET /download_model?round=42 HTTP/1.1" 200 -
[33mserver_1      |[0m INFO:__main__:Received update from client_001
[33mserver_1      |[0m INFO:werkzeug:172.18.0.21 - - [31/Jan/2026 07:11:55] "POST /submit_update HTTP/1.1" 200 -
[33mclient_001_1  |[0m 2026-01-31 07:11:55,186 - __main__ - INFO - 🚀 Model update submitted successfully.
[33mclient_001_1  |[0m 2026-01-31 07:11:55,186 - __main__ - INFO - Update submitted for Round 42. Waiting...
[35;1mclient_008_1  |[0m 2026-01-31 07:11:55,232 - __main__ - INFO - Round 42 finished. Loss: 0.0000, Acc: 0.00%
[33mserver_1      |[0m INFO:__main__:Received update from client_008
[33mserver_1      |[0m INFO:__main__:--- Aggregating 5 updates ---
[33mserver_1      |[0m INFO:__main__:⚡ Using Custom Aggregator with Drift Metric...
[33mserver_1      |[0m INFO:server.aggregator:Starting FedAvg aggregation for 5 clients.
[36mclient_010_1  |[0m 2026-01-31 07:11:56,415 - __main__ - INFO - --- New Round Detected: 42 ---
[33mserver_1      |[0m INFO:werkzeug:172.18.0.18 - - [31/Jan/2026 07:11:56] "GET /download_model?round=42 HTTP/1.1" 200 -
[33mserver_1      |[0m INFO:server.aggregator:--- [METRIC] Weight Divergence: 1.5171
[33mserver_1      |[0m INFO:server.aggregator:FedAvg aggregation complete.
[33mserver_1      |[0m INFO:__main__:Aggregation complete.
[33mserver_1      |[0m ⏱️ [TIME] Client client_009 finished training in 4.03s
[33mserver_1      |[0m ⏱️ [TIME] Client client_002 finished training in 4.91s
[33mserver_1      |[0m ⏱️ [TIME] Client client_005 finished training in 2.80s
[33mserver_1      |[0m ⏱️ [TIME] Client client_001 finished training in 3.26s
[33mserver_1      |[0m ⏱️ [TIME] Client client_008 finished training in 3.45s
[33mserver_1      |[0m DEBUG: ⚠️ MY CUSTOM AGGREGATOR IS RUNNING ⚠️
[33mserver_1      |[0m INFO:__main__:💾 Saving metrics to results/metrics.csv...
[33mserver_1      |[0m INFO:__main__:--- Round 42 Acc: 56.19%, Loss: 1.2019 ---
[33mserver_1      |[0m INFO:__main__:--- Starting Round 43. Timeout: 600s ---
[33mserver_1      |[0m INFO:werkzeug:172.18.0.22 - - [31/Jan/2026 07:11:58] "POST /submit_update HTTP/1.1" 200 -
[35;1mclient_008_1  |[0m 2026-01-31 07:11:58,409 - __main__ - INFO - 🚀 Model update submitted successfully.
[35;1mclient_008_1  |[0m 2026-01-31 07:11:58,409 - __main__ - INFO - Update submitted for Round 42. Waiting...
[32;1mclient_007_1  |[0m 2026-01-31 07:11:58,737 - __main__ - INFO - --- New Round Detected: 43 ---
[33mserver_1      |[0m INFO:werkzeug:172.18.0.5 - - [31/Jan/2026 07:11:58] "GET /download_model?round=43 HTTP/1.1" 200 -
[33;1mclient_006_1  |[0m 2026-01-31 07:11:59,730 - __main__ - INFO - Round 42 finished. Loss: 0.0000, Acc: 0.00%
[33mserver_1      |[0m INFO:__main__:Received update from client_006
[33mserver_1      |[0m INFO:werkzeug:172.18.0.20 - - [31/Jan/2026 07:11:59] "POST /submit_update HTTP/1.1" 200 -
[33;1mclient_006_1  |[0m 2026-01-31 07:11:59,868 - __main__ - INFO - 🚀 Model update submitted successfully.
[33;1mclient_006_1  |[0m 2026-01-31 07:11:59,868 - __main__ - INFO - Update submitted for Round 42. Waiting...
[34mclient_004_1  |[0m 2026-01-31 07:11:59,870 - __main__ - INFO - Round 42 finished. Loss: 0.0000, Acc: 0.00%
[33mserver_1      |[0m INFO:__main__:Received update from client_004
[33mserver_1      |[0m INFO:werkzeug:172.18.0.4 - - [31/Jan/2026 07:11:59] "POST /submit_update HTTP/1.1" 200 -
[34mclient_004_1  |[0m 2026-01-31 07:12:00,007 - __main__ - INFO - 🚀 Model update submitted successfully.
[34mclient_004_1  |[0m 2026-01-31 07:12:00,009 - __main__ - INFO - Update submitted for Round 42. Waiting...
[34;1mclient_009_1  |[0m 2026-01-31 07:12:00,120 - __main__ - INFO - --- New Round Detected: 43 ---
[33mserver_1      |[0m INFO:werkzeug:172.18.0.17 - - [31/Jan/2026 07:12:00] "GET /download_model?round=43 HTTP/1.1" 200 -
[32mclient_002_1  |[0m 2026-01-31 07:12:00,988 - __main__ - INFO - --- New Round Detected: 43 ---
[33mserver_1      |[0m INFO:werkzeug:172.18.0.7 - - [31/Jan/2026 07:12:01] "GET /download_model?round=43 HTTP/1.1" 200 -
[36mclient_010_1  |[0m 2026-01-31 07:12:01,217 - __main__ - INFO - Round 42 finished. Loss: 0.0000, Acc: 0.00%
[33mserver_1      |[0m INFO:__main__:Received update from client_010
[33mserver_1      |[0m INFO:werkzeug:172.18.0.18 - - [31/Jan/2026 07:12:01] "POST /submit_update HTTP/1.1" 200 -
[36mclient_010_1  |[0m 2026-01-31 07:12:01,356 - __main__ - INFO - 🚀 Model update submitted successfully.
[36mclient_010_1  |[0m 2026-01-31 07:12:01,356 - __main__ - INFO - Update submitted for Round 42. Waiting...
[35mclient_003_1  |[0m 2026-01-31 07:12:02,726 - __main__ - INFO - Round 42 finished. Loss: 0.0000, Acc: 0.00%
[33mserver_1      |[0m INFO:__main__:Received update from client_003
[33mserver_1      |[0m INFO:werkzeug:172.18.0.14 - - [31/Jan/2026 07:12:02] "POST /submit_update HTTP/1.1" 200 -
[35mclient_003_1  |[0m 2026-01-31 07:12:02,896 - __main__ - INFO - 🚀 Model update submitted successfully.
[35mclient_003_1  |[0m 2026-01-31 07:12:02,896 - __main__ - INFO - Update submitted for Round 42. Waiting...
[36;1mclient_005_1  |[0m 2026-01-31 07:12:03,727 - __main__ - INFO - --- New Round Detected: 43 ---
[33mserver_1      |[0m INFO:werkzeug:172.18.0.19 - - [31/Jan/2026 07:12:03] "GET /download_model?round=43 HTTP/1.1" 200 -
[34;1mclient_009_1  |[0m 2026-01-31 07:12:04,685 - __main__ - INFO - Round 43 finished. Loss: 0.0000, Acc: 0.00%
[33mserver_1      |[0m INFO:__main__:Received update from client_009
[33mserver_1      |[0m INFO:__main__:--- Aggregating 5 updates ---
[33mserver_1      |[0m INFO:__main__:⚡ Using Custom Aggregator with Drift Metric...
[33mserver_1      |[0m INFO:server.aggregator:Starting FedAvg aggregation for 5 clients.
[33mclient_001_1  |[0m 2026-01-31 07:12:05,260 - __main__ - INFO - --- New Round Detected: 43 ---
[33mserver_1      |[0m INFO:werkzeug:172.18.0.21 - - [31/Jan/2026 07:12:05] "GET /download_model?round=43 HTTP/1.1" 200 -
[32;1mclient_007_1  |[0m 2026-01-31 07:12:06,109 - __main__ - INFO - Round 43 finished. Loss: 0.0000, Acc: 0.00%
[33mserver_1      |[0m INFO:werkzeug:172.18.0.5 - - [31/Jan/2026 07:12:06] "[31m[1mPOST /submit_update HTTP/1.1[0m" 400 -
[32;1mclient_007_1  |[0m 2026-01-31 07:12:06,237 - __main__ - ERROR - Update submission failed: {"error":"Not accepting updates"}
[32;1mclient_007_1  |[0m 
[32;1mclient_007_1  |[0m 2026-01-31 07:12:06,238 - __main__ - INFO - Update submitted for Round 43. Waiting...
[32mclient_002_1  |[0m 2026-01-31 07:12:06,557 - __main__ - INFO - Round 43 finished. Loss: 0.0000, Acc: 0.00%
[33mserver_1      |[0m INFO:werkzeug:172.18.0.7 - - [31/Jan/2026 07:12:06] "[31m[1mPOST /submit_update HTTP/1.1[0m" 400 -
[32mclient_002_1  |[0m 2026-01-31 07:12:06,632 - __main__ - ERROR - Update submission failed: {"error":"Not accepting updates"}
[32mclient_002_1  |[0m 
[32mclient_002_1  |[0m 2026-01-31 07:12:06,634 - __main__ - INFO - Update submitted for Round 43. Waiting...
[36;1mclient_005_1  |[0m 2026-01-31 07:12:06,967 - __main__ - INFO - Round 43 finished. Loss: 0.0000, Acc: 0.00%
[33mserver_1      |[0m INFO:werkzeug:172.18.0.19 - - [31/Jan/2026 07:12:06] "[31m[1mPOST /submit_update HTTP/1.1[0m" 400 -
[36;1mclient_005_1  |[0m 2026-01-31 07:12:07,034 - __main__ - ERROR - Update submission failed: {"error":"Not accepting updates"}
[36;1mclient_005_1  |[0m 
[36;1mclient_005_1  |[0m 2026-01-31 07:12:07,034 - __main__ - INFO - Update submitted for Round 43. Waiting...
[33mserver_1      |[0m INFO:server.aggregator:--- [METRIC] Weight Divergence: 1.6432
[33mserver_1      |[0m INFO:server.aggregator:FedAvg aggregation complete.
[33mserver_1      |[0m INFO:__main__:Aggregation complete.
[33mserver_1      |[0m ⏱️ [TIME] Client client_006 finished training in 6.34s
[33mserver_1      |[0m ⏱️ [TIME] Client client_004 finished training in 4.60s
[33mserver_1      |[0m ⏱️ [TIME] Client client_010 finished training in 4.55s
[33mserver_1      |[0m ⏱️ [TIME] Client client_003 finished training in 7.78s
[33mserver_1      |[0m ⏱️ [TIME] Client client_009 finished training in 4.31s
[33mserver_1      |[0m DEBUG: ⚠️ MY CUSTOM AGGREGATOR IS RUNNING ⚠️
[33mclient_001_1  |[0m 2026-01-31 07:12:08,399 - __main__ - INFO - Round 43 finished. Loss: 0.0000, Acc: 0.00%
[33mserver_1      |[0m INFO:werkzeug:172.18.0.21 - - [31/Jan/2026 07:12:08] "[31m[1mPOST /submit_update HTTP/1.1[0m" 400 -
[33mclient_001_1  |[0m 2026-01-31 07:12:08,462 - __main__ - ERROR - Update submission failed: {"error":"Not accepting updates"}
[33mclient_001_1  |[0m 
[33mclient_001_1  |[0m 2026-01-31 07:12:08,463 - __main__ - INFO - Update submitted for Round 43. Waiting...
[33mserver_1      |[0m INFO:__main__:💾 Saving metrics to results/metrics.csv...
[33mserver_1      |[0m INFO:__main__:--- Round 43 Acc: 57.28%, Loss: 1.2286 ---
[33mserver_1      |[0m INFO:__main__:--- Starting Round 44. Timeout: 600s ---
[33mserver_1      |[0m INFO:werkzeug:172.18.0.17 - - [31/Jan/2026 07:12:08] "POST /submit_update HTTP/1.1" 200 -
[35;1mclient_008_1  |[0m 2026-01-31 07:12:08,471 - __main__ - INFO - --- New Round Detected: 43 ---
[34;1mclient_009_1  |[0m 2026-01-31 07:12:08,496 - __main__ - INFO - 🚀 Model update submitted successfully.
[34;1mclient_009_1  |[0m 2026-01-31 07:12:08,496 - __main__ - INFO - Update submitted for Round 43. Waiting...
[33mserver_1      |[0m INFO:werkzeug:172.18.0.22 - - [31/Jan/2026 07:12:08] "GET /download_model?round=43 HTTP/1.1" 200 -
[33;1mclient_006_1  |[0m 2026-01-31 07:12:09,931 - __main__ - INFO - --- New Round Detected: 44 ---
[33mserver_1      |[0m INFO:werkzeug:172.18.0.20 - - [31/Jan/2026 07:12:09] "GET /download_model?round=44 HTTP/1.1" 200 -
[34mclient_004_1  |[0m 2026-01-31 07:12:10,070 - __main__ - INFO - --- New Round Detected: 44 ---
[33mserver_1      |[0m INFO:werkzeug:172.18.0.4 - - [31/Jan/2026 07:12:10] "GET /download_model?round=44 HTTP/1.1" 200 -
[35;1mclient_008_1  |[0m 2026-01-31 07:12:10,392 - __main__ - INFO - Round 43 finished. Loss: 0.0000, Acc: 0.00%
[33mserver_1      |[0m INFO:__main__:Received update from client_008
[33mserver_1      |[0m INFO:werkzeug:172.18.0.22 - - [31/Jan/2026 07:12:10] "POST /submit_update HTTP/1.1" 200 -
[35;1mclient_008_1  |[0m 2026-01-31 07:12:10,545 - __main__ - INFO - 🚀 Model update submitted successfully.
[35;1mclient_008_1  |[0m 2026-01-31 07:12:10,545 - __main__ - INFO - Update submitted for Round 43. Waiting...
[36mclient_010_1  |[0m 2026-01-31 07:12:11,427 - __main__ - INFO - --- New Round Detected: 44 ---
[33mserver_1      |[0m INFO:werkzeug:172.18.0.18 - - [31/Jan/2026 07:12:11] "GET /download_model?round=44 HTTP/1.1" 200 -
[35mclient_003_1  |[0m 2026-01-31 07:12:12,959 - __main__ - INFO - --- New Round Detected: 44 ---
[33mserver_1      |[0m INFO:werkzeug:172.18.0.14 - - [31/Jan/2026 07:12:12] "GET /download_model?round=44 HTTP/1.1" 200 -
[34mclient_004_1  |[0m 2026-01-31 07:12:14,438 - __main__ - INFO - Round 44 finished. Loss: 0.0000, Acc: 0.00%
[33mserver_1      |[0m INFO:__main__:Received update from client_004
[33mserver_1      |[0m INFO:werkzeug:172.18.0.4 - - [31/Jan/2026 07:12:14] "POST /submit_update HTTP/1.1" 200 -
[34mclient_004_1  |[0m 2026-01-31 07:12:14,573 - __main__ - INFO - 🚀 Model update submitted successfully.
[34mclient_004_1  |[0m 2026-01-31 07:12:14,573 - __main__ - INFO - Update submitted for Round 44. Waiting...
[36mclient_010_1  |[0m 2026-01-31 07:12:14,933 - __main__ - INFO - Round 44 finished. Loss: 0.0000, Acc: 0.00%
[33mserver_1      |[0m INFO:__main__:Received update from client_010
[33mserver_1      |[0m INFO:werkzeug:172.18.0.18 - - [31/Jan/2026 07:12:15] "POST /submit_update HTTP/1.1" 200 -
[33;1mclient_006_1  |[0m 2026-01-31 07:12:15,077 - __main__ - INFO - Round 44 finished. Loss: 0.0000, Acc: 0.00%
[36mclient_010_1  |[0m 2026-01-31 07:12:15,089 - __main__ - INFO - 🚀 Model update submitted successfully.
[36mclient_010_1  |[0m 2026-01-31 07:12:15,089 - __main__ - INFO - Update submitted for Round 44. Waiting...
[33mserver_1      |[0m INFO:__main__:Received update from client_006
[33mserver_1      |[0m INFO:werkzeug:172.18.0.20 - - [31/Jan/2026 07:12:15] "POST /submit_update HTTP/1.1" 200 -
[33;1mclient_006_1  |[0m 2026-01-31 07:12:15,212 - __main__ - INFO - 🚀 Model update submitted successfully.
[33;1mclient_006_1  |[0m 2026-01-31 07:12:15,212 - __main__ - INFO - Update submitted for Round 44. Waiting...
[32;1mclient_007_1  |[0m 2026-01-31 07:12:16,317 - __main__ - INFO - --- New Round Detected: 44 ---
[33mserver_1      |[0m INFO:werkzeug:172.18.0.5 - - [31/Jan/2026 07:12:16] "GET /download_model?round=44 HTTP/1.1" 200 -
[32mclient_002_1  |[0m 2026-01-31 07:12:16,722 - __main__ - INFO - --- New Round Detected: 44 ---
[33mserver_1      |[0m INFO:werkzeug:172.18.0.7 - - [31/Jan/2026 07:12:16] "GET /download_model?round=44 HTTP/1.1" 200 -
[36;1mclient_005_1  |[0m 2026-01-31 07:12:17,104 - __main__ - INFO - --- New Round Detected: 44 ---
[33mserver_1      |[0m INFO:werkzeug:172.18.0.19 - - [31/Jan/2026 07:12:17] "GET /download_model?round=44 HTTP/1.1" 200 -
[33mclient_001_1  |[0m 2026-01-31 07:12:18,527 - __main__ - INFO - --- New Round Detected: 44 ---
[33mserver_1      |[0m INFO:werkzeug:172.18.0.21 - - [31/Jan/2026 07:12:18] "GET /download_model?round=44 HTTP/1.1" 200 -
[34;1mclient_009_1  |[0m 2026-01-31 07:12:18,558 - __main__ - INFO - --- New Round Detected: 44 ---
[33mserver_1      |[0m INFO:werkzeug:172.18.0.17 - - [31/Jan/2026 07:12:18] "GET /download_model?round=44 HTTP/1.1" 200 -
[36;1mclient_005_1  |[0m 2026-01-31 07:12:19,079 - __main__ - INFO - Round 44 finished. Loss: 0.0000, Acc: 0.00%
[33mserver_1      |[0m INFO:__main__:Received update from client_005
[33mserver_1      |[0m INFO:__main__:--- Aggregating 5 updates ---
[33mserver_1      |[0m INFO:__main__:⚡ Using Custom Aggregator with Drift Metric...
[33mserver_1      |[0m INFO:server.aggregator:Starting FedAvg aggregation for 5 clients.
[35;1mclient_008_1  |[0m 2026-01-31 07:12:20,623 - __main__ - INFO - --- New Round Detected: 44 ---
[33mserver_1      |[0m INFO:werkzeug:172.18.0.22 - - [31/Jan/2026 07:12:20] "GET /download_model?round=44 HTTP/1.1" 200 -
[33mserver_1      |[0m INFO:server.aggregator:--- [METRIC] Weight Divergence: 1.5981
[33mserver_1      |[0m INFO:server.aggregator:FedAvg aggregation complete.
[33mserver_1      |[0m INFO:__main__:Aggregation complete.
[33mserver_1      |[0m ⏱️ [TIME] Client client_008 finished training in 1.71s
[33mserver_1      |[0m ⏱️ [TIME] Client client_004 finished training in 4.12s
[33mserver_1      |[0m ⏱️ [TIME] Client client_010 finished training in 3.28s
[33mserver_1      |[0m ⏱️ [TIME] Client client_006 finished training in 4.93s
[33mserver_1      |[0m ⏱️ [TIME] Client client_005 finished training in 1.73s
[33mserver_1      |[0m DEBUG: ⚠️ MY CUSTOM AGGREGATOR IS RUNNING ⚠️
[35mclient_003_1  |[0m 2026-01-31 07:12:21,184 - __main__ - INFO - Round 44 finished. Loss: 0.0000, Acc: 0.00%
[33mserver_1      |[0m INFO:werkzeug:172.18.0.14 - - [31/Jan/2026 07:12:21] "[31m[1mPOST /submit_update HTTP/1.1[0m" 400 -
[35mclient_003_1  |[0m 2026-01-31 07:12:21,292 - __main__ - ERROR - Update submission failed: {"error":"Not accepting updates"}
[35mclient_003_1  |[0m 
[35mclient_003_1  |[0m 2026-01-31 07:12:21,292 - __main__ - INFO - Update submitted for Round 44. Waiting...
[32mclient_002_1  |[0m 2026-01-31 07:12:21,361 - __main__ - INFO - Round 44 finished. Loss: 0.0000, Acc: 0.00%
[33mserver_1      |[0m INFO:werkzeug:172.18.0.7 - - [31/Jan/2026 07:12:21] "[31m[1mPOST /submit_update HTTP/1.1[0m" 400 -
[32mclient_002_1  |[0m 2026-01-31 07:12:21,425 - __main__ - ERROR - Update submission failed: {"error":"Not accepting updates"}
[32mclient_002_1  |[0m 
[32mclient_002_1  |[0m 2026-01-31 07:12:21,425 - __main__ - INFO - Update submitted for Round 44. Waiting...
[33mclient_001_1  |[0m 2026-01-31 07:12:22,363 - __main__ - INFO - Round 44 finished. Loss: 0.0000, Acc: 0.00%
[33mserver_1      |[0m INFO:__main__:💾 Saving metrics to results/metrics.csv...
[33mserver_1      |[0m INFO:__main__:--- Round 44 Acc: 56.95%, Loss: 1.2057 ---
[33mserver_1      |[0m INFO:__main__:--- Starting Round 45. Timeout: 600s ---
[33mserver_1      |[0m INFO:werkzeug:172.18.0.19 - - [31/Jan/2026 07:12:22] "POST /submit_update HTTP/1.1" 200 -
[36;1mclient_005_1  |[0m 2026-01-31 07:12:22,395 - __main__ - INFO - 🚀 Model update submitted successfully.
[36;1mclient_005_1  |[0m 2026-01-31 07:12:22,395 - __main__ - INFO - Update submitted for Round 44. Waiting...
[35;1mclient_008_1  |[0m 2026-01-31 07:12:22,406 - __main__ - INFO - Round 44 finished. Loss: 0.0000, Acc: 0.00%
[33mserver_1      |[0m INFO:__main__:Received update from client_001
[33mserver_1      |[0m INFO:werkzeug:172.18.0.21 - - [31/Jan/2026 07:12:22] "POST /submit_update HTTP/1.1" 200 -
[33mclient_001_1  |[0m 2026-01-31 07:12:22,499 - __main__ - INFO - 🚀 Model update submitted successfully.
[33mclient_001_1  |[0m 2026-01-31 07:12:22,499 - __main__ - INFO - Update submitted for Round 44. Waiting...
[33mserver_1      |[0m INFO:__main__:Received update from client_008
[33mserver_1      |[0m INFO:werkzeug:172.18.0.22 - - [31/Jan/2026 07:12:22] "POST /submit_update HTTP/1.1" 200 -
[35;1mclient_008_1  |[0m 2026-01-31 07:12:22,543 - __main__ - INFO - 🚀 Model update submitted successfully.
[35;1mclient_008_1  |[0m 2026-01-31 07:12:22,543 - __main__ - INFO - Update submitted for Round 44. Waiting...
[32;1mclient_007_1  |[0m 2026-01-31 07:12:23,132 - __main__ - INFO - Round 44 finished. Loss: 0.0000, Acc: 0.00%
[33mserver_1      |[0m INFO:__main__:Received update from client_007
[33mserver_1      |[0m INFO:werkzeug:172.18.0.5 - - [31/Jan/2026 07:12:23] "POST /submit_update HTTP/1.1" 200 -
[34;1mclient_009_1  |[0m 2026-01-31 07:12:23,274 - __main__ - INFO - Round 44 finished. Loss: 0.0000, Acc: 0.00%
[32;1mclient_007_1  |[0m 2026-01-31 07:12:23,302 - __main__ - INFO - 🚀 Model update submitted successfully.
[32;1mclient_007_1  |[0m 2026-01-31 07:12:23,302 - __main__ - INFO - Update submitted for Round 44. Waiting...
[33mserver_1      |[0m INFO:__main__:Received update from client_009
[33mserver_1      |[0m INFO:werkzeug:172.18.0.17 - - [31/Jan/2026 07:12:23] "POST /submit_update HTTP/1.1" 200 -
[34;1mclient_009_1  |[0m 2026-01-31 07:12:23,494 - __main__ - INFO - 🚀 Model update submitted successfully.
[34;1mclient_009_1  |[0m 2026-01-31 07:12:23,494 - __main__ - INFO - Update submitted for Round 44. Waiting...
[34mclient_004_1  |[0m 2026-01-31 07:12:24,634 - __main__ - INFO - --- New Round Detected: 45 ---
[33mserver_1      |[0m INFO:werkzeug:172.18.0.4 - - [31/Jan/2026 07:12:24] "GET /download_model?round=45 HTTP/1.1" 200 -
[36mclient_010_1  |[0m 2026-01-31 07:12:25,159 - __main__ - INFO - --- New Round Detected: 45 ---
[33mserver_1      |[0m INFO:werkzeug:172.18.0.18 - - [31/Jan/2026 07:12:25] "GET /download_model?round=45 HTTP/1.1" 200 -
[33;1mclient_006_1  |[0m 2026-01-31 07:12:25,277 - __main__ - INFO - --- New Round Detected: 45 ---
[33mserver_1      |[0m INFO:werkzeug:172.18.0.20 - - [31/Jan/2026 07:12:25] "GET /download_model?round=45 HTTP/1.1" 200 -
[34mclient_004_1  |[0m 2026-01-31 07:12:28,201 - __main__ - INFO - Round 45 finished. Loss: 0.0000, Acc: 0.00%
[33mserver_1      |[0m INFO:__main__:Received update from client_004
[33mserver_1      |[0m INFO:__main__:--- Aggregating 5 updates ---
[33mserver_1      |[0m INFO:__main__:⚡ Using Custom Aggregator with Drift Metric...
[33mserver_1      |[0m INFO:server.aggregator:Starting FedAvg aggregation for 5 clients.
[33;1mclient_006_1  |[0m 2026-01-31 07:12:29,338 - __main__ - INFO - Round 45 finished. Loss: 0.0000, Acc: 0.00%
[33mserver_1      |[0m INFO:werkzeug:172.18.0.20 - - [31/Jan/2026 07:12:29] "[31m[1mPOST /submit_update HTTP/1.1[0m" 400 -
[33;1mclient_006_1  |[0m 2026-01-31 07:12:29,407 - __main__ - ERROR - Update submission failed: {"error":"Not accepting updates"}
[33;1mclient_006_1  |[0m 
[33;1mclient_006_1  |[0m 2026-01-31 07:12:29,408 - __main__ - INFO - Update submitted for Round 45. Waiting...
[33mserver_1      |[0m INFO:server.aggregator:--- [METRIC] Weight Divergence: 1.5493
[33mserver_1      |[0m INFO:server.aggregator:FedAvg aggregation complete.
[33mserver_1      |[0m INFO:__main__:Aggregation complete.
[36mclient_010_1  |[0m 2026-01-31 07:12:30,063 - __main__ - INFO - Round 45 finished. Loss: 0.0000, Acc: 0.00%
[33mserver_1      |[0m INFO:werkzeug:172.18.0.18 - - [31/Jan/2026 07:12:30] "[31m[1mPOST /submit_update HTTP/1.1[0m" 400 -
[36mclient_010_1  |[0m 2026-01-31 07:12:30,128 - __main__ - ERROR - Update submission failed: {"error":"Not accepting updates"}
[36mclient_010_1  |[0m 
[36mclient_010_1  |[0m 2026-01-31 07:12:30,128 - __main__ - INFO - Update submitted for Round 45. Waiting...
[33mserver_1      |[0m ⏱️ [TIME] Client client_001 finished training in 3.56s
[33mserver_1      |[0m ⏱️ [TIME] Client client_008 finished training in 1.58s
[33mserver_1      |[0m ⏱️ [TIME] Client client_007 finished training in 6.58s
[33mserver_1      |[0m ⏱️ [TIME] Client client_009 finished training in 4.47s
[33mserver_1      |[0m ⏱️ [TIME] Client client_004 finished training in 3.37s
[33mserver_1      |[0m DEBUG: ⚠️ MY CUSTOM AGGREGATOR IS RUNNING ⚠️
[33mserver_1      |[0m INFO:__main__:💾 Saving metrics to results/metrics.csv...
[33mserver_1      |[0m INFO:__main__:--- Round 45 Acc: 52.74%, Loss: 1.3231 ---
[33mserver_1      |[0m INFO:__main__:--- Starting Round 46. Timeout: 600s ---
[33mserver_1      |[0m INFO:werkzeug:172.18.0.4 - - [31/Jan/2026 07:12:31] "POST /submit_update HTTP/1.1" 200 -
[34mclient_004_1  |[0m 2026-01-31 07:12:31,193 - __main__ - INFO - 🚀 Model update submitted successfully.
[34mclient_004_1  |[0m 2026-01-31 07:12:31,194 - __main__ - INFO - Update submitted for Round 45. Waiting...
[35mclient_003_1  |[0m 2026-01-31 07:12:31,353 - __main__ - INFO - --- New Round Detected: 46 ---
[33mserver_1      |[0m INFO:werkzeug:172.18.0.14 - - [31/Jan/2026 07:12:31] "GET /download_model?round=46 HTTP/1.1" 200 -
[32mclient_002_1  |[0m 2026-01-31 07:12:31,489 - __main__ - INFO - --- New Round Detected: 46 ---
[33mserver_1      |[0m INFO:werkzeug:172.18.0.7 - - [31/Jan/2026 07:12:31] "GET /download_model?round=46 HTTP/1.1" 200 -
[36;1mclient_005_1  |[0m 2026-01-31 07:12:32,459 - __main__ - INFO - --- New Round Detected: 46 ---
[33mserver_1      |[0m INFO:werkzeug:172.18.0.19 - - [31/Jan/2026 07:12:32] "GET /download_model?round=46 HTTP/1.1" 200 -
[33mclient_001_1  |[0m 2026-01-31 07:12:32,560 - __main__ - INFO - --- New Round Detected: 46 ---
[33mserver_1      |[0m INFO:werkzeug:172.18.0.21 - - [31/Jan/2026 07:12:32] "GET /download_model?round=46 HTTP/1.1" 200 -
[35;1mclient_008_1  |[0m 2026-01-31 07:12:32,605 - __main__ - INFO - --- New Round Detected: 46 ---
[33mserver_1      |[0m INFO:werkzeug:172.18.0.22 - - [31/Jan/2026 07:12:32] "GET /download_model?round=46 HTTP/1.1" 200 -
[32;1mclient_007_1  |[0m 2026-01-31 07:12:33,364 - __main__ - INFO - --- New Round Detected: 46 ---
[33mserver_1      |[0m INFO:werkzeug:172.18.0.5 - - [31/Jan/2026 07:12:33] "GET /download_model?round=46 HTTP/1.1" 200 -
[34;1mclient_009_1  |[0m 2026-01-31 07:12:33,565 - __main__ - INFO - --- New Round Detected: 46 ---
[33mserver_1      |[0m INFO:werkzeug:172.18.0.17 - - [31/Jan/2026 07:12:33] "GET /download_model?round=46 HTTP/1.1" 200 -
[35;1mclient_008_1  |[0m 2026-01-31 07:12:34,725 - __main__ - INFO - Round 46 finished. Loss: 0.0000, Acc: 0.00%
[33mserver_1      |[0m INFO:__main__:Received update from client_008
[33mserver_1      |[0m INFO:werkzeug:172.18.0.22 - - [31/Jan/2026 07:12:34] "POST /submit_update HTTP/1.1" 200 -
[35;1mclient_008_1  |[0m 2026-01-31 07:12:34,876 - __main__ - INFO - 🚀 Model update submitted successfully.
[35;1mclient_008_1  |[0m 2026-01-31 07:12:34,876 - __main__ - INFO - Update submitted for Round 46. Waiting...
[33mclient_001_1  |[0m 2026-01-31 07:12:35,157 - __main__ - INFO - Round 46 finished. Loss: 0.0000, Acc: 0.00%
[33mserver_1      |[0m INFO:__main__:Received update from client_001
[33mserver_1      |[0m INFO:werkzeug:172.18.0.21 - - [31/Jan/2026 07:12:35] "POST /submit_update HTTP/1.1" 200 -
[33mclient_001_1  |[0m 2026-01-31 07:12:35,293 - __main__ - INFO - 🚀 Model update submitted successfully.
[33mclient_001_1  |[0m 2026-01-31 07:12:35,293 - __main__ - INFO - Update submitted for Round 46. Waiting...
[36;1mclient_005_1  |[0m 2026-01-31 07:12:35,759 - __main__ - INFO - Round 46 finished. Loss: 0.0000, Acc: 0.00%
[33mserver_1      |[0m INFO:__main__:Received update from client_005
[33mserver_1      |[0m INFO:werkzeug:172.18.0.19 - - [31/Jan/2026 07:12:35] "POST /submit_update HTTP/1.1" 200 -
[36;1mclient_005_1  |[0m 2026-01-31 07:12:35,912 - __main__ - INFO - 🚀 Model update submitted successfully.
[36;1mclient_005_1  |[0m 2026-01-31 07:12:35,913 - __main__ - INFO - Update submitted for Round 46. Waiting...
[32mclient_002_1  |[0m 2026-01-31 07:12:36,757 - __main__ - INFO - Round 46 finished. Loss: 0.0000, Acc: 0.00%
[33mserver_1      |[0m INFO:__main__:Received update from client_002
[33mserver_1      |[0m INFO:werkzeug:172.18.0.7 - - [31/Jan/2026 07:12:36] "POST /submit_update HTTP/1.1" 200 -
[32mclient_002_1  |[0m 2026-01-31 07:12:36,911 - __main__ - INFO - 🚀 Model update submitted successfully.
[32mclient_002_1  |[0m 2026-01-31 07:12:36,912 - __main__ - INFO - Update submitted for Round 46. Waiting...
[34;1mclient_009_1  |[0m 2026-01-31 07:12:38,096 - __main__ - INFO - Round 46 finished. Loss: 0.0000, Acc: 0.00%
[33mserver_1      |[0m INFO:__main__:Received update from client_009
[33mserver_1      |[0m INFO:__main__:--- Aggregating 5 updates ---
[33mserver_1      |[0m INFO:__main__:⚡ Using Custom Aggregator with Drift Metric...
[33mserver_1      |[0m INFO:server.aggregator:Starting FedAvg aggregation for 5 clients.
[32;1mclient_007_1  |[0m 2026-01-31 07:12:38,750 - __main__ - INFO - Round 46 finished. Loss: 0.0000, Acc: 0.00%
[33mserver_1      |[0m INFO:werkzeug:172.18.0.5 - - [31/Jan/2026 07:12:38] "[31m[1mPOST /submit_update HTTP/1.1[0m" 400 -
[32;1mclient_007_1  |[0m 2026-01-31 07:12:38,820 - __main__ - ERROR - Update submission failed: {"error":"Not accepting updates"}
[32;1mclient_007_1  |[0m 
[32;1mclient_007_1  |[0m 2026-01-31 07:12:38,820 - __main__ - INFO - Update submitted for Round 46. Waiting...
[35mclient_003_1  |[0m 2026-01-31 07:12:39,461 - __main__ - INFO - Round 46 finished. Loss: 0.0000, Acc: 0.00%
[33mserver_1      |[0m INFO:werkzeug:172.18.0.14 - - [31/Jan/2026 07:12:39] "[31m[1mPOST /submit_update HTTP/1.1[0m" 400 -
[33;1mclient_006_1  |[0m 2026-01-31 07:12:39,559 - __main__ - INFO - --- New Round Detected: 46 ---
[35mclient_003_1  |[0m 2026-01-31 07:12:39,570 - __main__ - ERROR - Update submission failed: {"error":"Not accepting updates"}
[35mclient_003_1  |[0m 
[35mclient_003_1  |[0m 2026-01-31 07:12:39,570 - __main__ - INFO - Update submitted for Round 46. Waiting...
[33mserver_1      |[0m INFO:werkzeug:172.18.0.20 - - [31/Jan/2026 07:12:39] "GET /download_model?round=46 HTTP/1.1" 200 -
[36mclient_010_1  |[0m 2026-01-31 07:12:40,194 - __main__ - INFO - --- New Round Detected: 46 ---
[33mserver_1      |[0m INFO:werkzeug:172.18.0.18 - - [31/Jan/2026 07:12:40] "GET /download_model?round=46 HTTP/1.1" 200 -
[33mserver_1      |[0m INFO:server.aggregator:--- [METRIC] Weight Divergence: 1.4356
[33mserver_1      |[0m INFO:server.aggregator:FedAvg aggregation complete.
[33mserver_1      |[0m INFO:__main__:Aggregation complete.
[33mserver_1      |[0m ⏱️ [TIME] Client client_008 finished training in 1.91s
[33mserver_1      |[0m ⏱️ [TIME] Client client_001 finished training in 2.39s
[33mserver_1      |[0m ⏱️ [TIME] Client client_005 finished training in 3.09s
[33mserver_1      |[0m ⏱️ [TIME] Client client_002 finished training in 5.04s
[33mserver_1      |[0m ⏱️ [TIME] Client client_009 finished training in 4.25s
[33mserver_1      |[0m DEBUG: ⚠️ MY CUSTOM AGGREGATOR IS RUNNING ⚠️
[34mclient_004_1  |[0m 2026-01-31 07:12:41,259 - __main__ - INFO - --- New Round Detected: 46 ---
[33mserver_1      |[0m INFO:werkzeug:172.18.0.4 - - [31/Jan/2026 07:12:41] "GET /download_model?round=46 HTTP/1.1" 200 -
[33mserver_1      |[0m INFO:__main__:💾 Saving metrics to results/metrics.csv...
[33mserver_1      |[0m INFO:__main__:--- Round 46 Acc: 56.89%, Loss: 1.1861 ---
[33mserver_1      |[0m INFO:__main__:--- Starting Round 47. Timeout: 600s ---
[33mserver_1      |[0m INFO:werkzeug:172.18.0.17 - - [31/Jan/2026 07:12:41] "POST /submit_update HTTP/1.1" 200 -
[34;1mclient_009_1  |[0m 2026-01-31 07:12:41,394 - __main__ - INFO - 🚀 Model update submitted successfully.
[34;1mclient_009_1  |[0m 2026-01-31 07:12:41,394 - __main__ - INFO - Update submitted for Round 46. Waiting...
[35;1mclient_008_1  |[0m 2026-01-31 07:12:44,945 - __main__ - INFO - --- New Round Detected: 47 ---
[33mserver_1      |[0m INFO:werkzeug:172.18.0.22 - - [31/Jan/2026 07:12:44] "GET /download_model?round=47 HTTP/1.1" 200 -
[33mclient_001_1  |[0m 2026-01-31 07:12:45,372 - __main__ - INFO - --- New Round Detected: 47 ---
[33mserver_1      |[0m INFO:werkzeug:172.18.0.21 - - [31/Jan/2026 07:12:45] "GET /download_model?round=47 HTTP/1.1" 200 -
[36;1mclient_005_1  |[0m 2026-01-31 07:12:46,007 - __main__ - INFO - --- New Round Detected: 47 ---
[33mserver_1      |[0m INFO:werkzeug:172.18.0.19 - - [31/Jan/2026 07:12:46] "GET /download_model?round=47 HTTP/1.1" 200 -
[34mclient_004_1  |[0m 2026-01-31 07:12:46,253 - __main__ - INFO - Round 46 finished. Loss: 0.0000, Acc: 0.00%
[33mserver_1      |[0m INFO:__main__:Received update from client_004
[33mserver_1      |[0m INFO:werkzeug:172.18.0.4 - - [31/Jan/2026 07:12:46] "POST /submit_update HTTP/1.1" 200 -
[34mclient_004_1  |[0m 2026-01-31 07:12:46,386 - __main__ - INFO - 🚀 Model update submitted successfully.
[34mclient_004_1  |[0m 2026-01-31 07:12:46,386 - __main__ - INFO - Update submitted for Round 46. Waiting...
[33;1mclient_006_1  |[0m 2026-01-31 07:12:46,438 - __main__ - INFO - Round 46 finished. Loss: 0.0000, Acc: 0.00%
[33mserver_1      |[0m INFO:__main__:Received update from client_006
[33mserver_1      |[0m INFO:werkzeug:172.18.0.20 - - [31/Jan/2026 07:12:46] "POST /submit_update HTTP/1.1" 200 -
[33;1mclient_006_1  |[0m 2026-01-31 07:12:46,575 - __main__ - INFO - 🚀 Model update submitted successfully.
[33;1mclient_006_1  |[0m 2026-01-31 07:12:46,575 - __main__ - INFO - Update submitted for Round 46. Waiting...
[36mclient_010_1  |[0m 2026-01-31 07:12:46,626 - __main__ - INFO - Round 46 finished. Loss: 0.0000, Acc: 0.00%
[33mserver_1      |[0m INFO:__main__:Received update from client_010
[33mserver_1      |[0m INFO:werkzeug:172.18.0.18 - - [31/Jan/2026 07:12:46] "POST /submit_update HTTP/1.1" 200 -
[36mclient_010_1  |[0m 2026-01-31 07:12:46,764 - __main__ - INFO - 🚀 Model update submitted successfully.
[36mclient_010_1  |[0m 2026-01-31 07:12:46,764 - __main__ - INFO - Update submitted for Round 46. Waiting...
[32mclient_002_1  |[0m 2026-01-31 07:12:46,980 - __main__ - INFO - --- New Round Detected: 47 ---
[33mserver_1      |[0m INFO:werkzeug:172.18.0.7 - - [31/Jan/2026 07:12:47] "GET /download_model?round=47 HTTP/1.1" 200 -
[35;1mclient_008_1  |[0m 2026-01-31 07:12:48,487 - __main__ - INFO - Round 47 finished. Loss: 0.0000, Acc: 0.00%
[33mserver_1      |[0m INFO:__main__:Received update from client_008
[33mserver_1      |[0m INFO:werkzeug:172.18.0.22 - - [31/Jan/2026 07:12:48] "POST /submit_update HTTP/1.1" 200 -
[35;1mclient_008_1  |[0m 2026-01-31 07:12:48,622 - __main__ - INFO - 🚀 Model update submitted successfully.
[35;1mclient_008_1  |[0m 2026-01-31 07:12:48,622 - __main__ - INFO - Update submitted for Round 47. Waiting...
[32;1mclient_007_1  |[0m 2026-01-31 07:12:48,886 - __main__ - INFO - --- New Round Detected: 47 ---
[33mserver_1      |[0m INFO:werkzeug:172.18.0.5 - - [31/Jan/2026 07:12:48] "GET /download_model?round=47 HTTP/1.1" 200 -
[36;1mclient_005_1  |[0m 2026-01-31 07:12:48,972 - __main__ - INFO - Round 47 finished. Loss: 0.0000, Acc: 0.00%
[33mserver_1      |[0m INFO:__main__:Received update from client_005
[33mserver_1      |[0m INFO:__main__:--- Aggregating 5 updates ---
[33mserver_1      |[0m INFO:__main__:⚡ Using Custom Aggregator with Drift Metric...
[33mserver_1      |[0m INFO:server.aggregator:Starting FedAvg aggregation for 5 clients.
[33mclient_001_1  |[0m 2026-01-31 07:12:49,391 - __main__ - INFO - Round 47 finished. Loss: 0.0000, Acc: 0.00%
[33mserver_1      |[0m INFO:werkzeug:172.18.0.21 - - [31/Jan/2026 07:12:49] "[31m[1mPOST /submit_update HTTP/1.1[0m" 400 -
[33mclient_001_1  |[0m 2026-01-31 07:12:49,455 - __main__ - ERROR - Update submission failed: {"error":"Not accepting updates"}
[33mclient_001_1  |[0m 
[33mclient_001_1  |[0m 2026-01-31 07:12:49,457 - __main__ - INFO - Update submitted for Round 47. Waiting...
[35mclient_003_1  |[0m 2026-01-31 07:12:49,633 - __main__ - INFO - --- New Round Detected: 47 ---
[33mserver_1      |[0m INFO:werkzeug:172.18.0.14 - - [31/Jan/2026 07:12:49] "GET /download_model?round=47 HTTP/1.1" 200 -
[32mclient_002_1  |[0m 2026-01-31 07:12:50,135 - __main__ - INFO - Round 47 finished. Loss: 0.0000, Acc: 0.00%
[33mserver_1      |[0m INFO:werkzeug:172.18.0.7 - - [31/Jan/2026 07:12:50] "[31m[1mPOST /submit_update HTTP/1.1[0m" 400 -
[32mclient_002_1  |[0m 2026-01-31 07:12:50,206 - __main__ - ERROR - Update submission failed: {"error":"Not accepting updates"}
[32mclient_002_1  |[0m 
[32mclient_002_1  |[0m 2026-01-31 07:12:50,206 - __main__ - INFO - Update submitted for Round 47. Waiting...
[33mserver_1      |[0m INFO:server.aggregator:--- [METRIC] Weight Divergence: 1.5827
[33mserver_1      |[0m INFO:server.aggregator:FedAvg aggregation complete.
[33mserver_1      |[0m INFO:__main__:Aggregation complete.
[33mserver_1      |[0m ⏱️ [TIME] Client client_004 finished training in 4.80s
[33mserver_1      |[0m ⏱️ [TIME] Client client_006 finished training in 6.67s
[33mserver_1      |[0m ⏱️ [TIME] Client client_010 finished training in 6.15s
[33mserver_1      |[0m ⏱️ [TIME] Client client_008 finished training in 3.31s
[33mserver_1      |[0m ⏱️ [TIME] Client client_005 finished training in 2.72s
[33mserver_1      |[0m DEBUG: ⚠️ MY CUSTOM AGGREGATOR IS RUNNING ⚠️
[34;1mclient_009_1  |[0m 2026-01-31 07:12:51,464 - __main__ - INFO - --- New Round Detected: 47 ---
[33mserver_1      |[0m INFO:werkzeug:172.18.0.17 - - [31/Jan/2026 07:12:51] "GET /download_model?round=47 HTTP/1.1" 200 -
[33mserver_1      |[0m INFO:__main__:💾 Saving metrics to results/metrics.csv...
[33mserver_1      |[0m INFO:__main__:--- Round 47 Acc: 57.72%, Loss: 1.1966 ---
[33mserver_1      |[0m INFO:__main__:--- Starting Round 48. Timeout: 600s ---
[33mserver_1      |[0m INFO:werkzeug:172.18.0.19 - - [31/Jan/2026 07:12:52] "POST /submit_update HTTP/1.1" 200 -
[36;1mclient_005_1  |[0m 2026-01-31 07:12:52,488 - __main__ - INFO - 🚀 Model update submitted successfully.
[36;1mclient_005_1  |[0m 2026-01-31 07:12:52,488 - __main__ - INFO - Update submitted for Round 47. Waiting...
[34;1mclient_009_1  |[0m 2026-01-31 07:12:56,032 - __main__ - INFO - Round 47 finished. Loss: 0.0000, Acc: 0.00%
[33mserver_1      |[0m INFO:__main__:Received update from client_009
[33mserver_1      |[0m INFO:werkzeug:172.18.0.17 - - [31/Jan/2026 07:12:56] "POST /submit_update HTTP/1.1" 200 -
[34;1mclient_009_1  |[0m 2026-01-31 07:12:56,168 - __main__ - INFO - 🚀 Model update submitted successfully.
[34;1mclient_009_1  |[0m 2026-01-31 07:12:56,168 - __main__ - INFO - Update submitted for Round 47. Waiting...
[32;1mclient_007_1  |[0m 2026-01-31 07:12:56,239 - __main__ - INFO - Round 47 finished. Loss: 0.0000, Acc: 0.00%
[33mserver_1      |[0m INFO:__main__:Received update from client_007
[33mserver_1      |[0m INFO:werkzeug:172.18.0.5 - - [31/Jan/2026 07:12:56] "POST /submit_update HTTP/1.1" 200 -
[32;1mclient_007_1  |[0m 2026-01-31 07:12:56,393 - __main__ - INFO - 🚀 Model update submitted successfully.
[32;1mclient_007_1  |[0m 2026-01-31 07:12:56,394 - __main__ - INFO - Update submitted for Round 47. Waiting...
[34mclient_004_1  |[0m 2026-01-31 07:12:56,456 - __main__ - INFO - --- New Round Detected: 48 ---
[33mserver_1      |[0m INFO:werkzeug:172.18.0.4 - - [31/Jan/2026 07:12:56] "GET /download_model?round=48 HTTP/1.1" 200 -
[33;1mclient_006_1  |[0m 2026-01-31 07:12:56,639 - __main__ - INFO - --- New Round Detected: 48 ---
[33mserver_1      |[0m INFO:werkzeug:172.18.0.20 - - [31/Jan/2026 07:12:56] "GET /download_model?round=48 HTTP/1.1" 200 -
[36mclient_010_1  |[0m 2026-01-31 07:12:56,831 - __main__ - INFO - --- New Round Detected: 48 ---
[33mserver_1      |[0m INFO:werkzeug:172.18.0.18 - - [31/Jan/2026 07:12:56] "GET /download_model?round=48 HTTP/1.1" 200 -
[35mclient_003_1  |[0m 2026-01-31 07:12:57,870 - __main__ - INFO - Round 47 finished. Loss: 0.0000, Acc: 0.00%
[33mserver_1      |[0m INFO:__main__:Received update from client_003
[33mserver_1      |[0m INFO:werkzeug:172.18.0.14 - - [31/Jan/2026 07:12:57] "POST /submit_update HTTP/1.1" 200 -
[35mclient_003_1  |[0m 2026-01-31 07:12:58,008 - __main__ - INFO - 🚀 Model update submitted successfully.
[35mclient_003_1  |[0m 2026-01-31 07:12:58,008 - __main__ - INFO - Update submitted for Round 47. Waiting...
[35;1mclient_008_1  |[0m 2026-01-31 07:12:58,684 - __main__ - INFO - --- New Round Detected: 48 ---
[33mserver_1      |[0m INFO:werkzeug:172.18.0.22 - - [31/Jan/2026 07:12:58] "GET /download_model?round=48 HTTP/1.1" 200 -
[33mclient_001_1  |[0m 2026-01-31 07:12:59,521 - __main__ - INFO - --- New Round Detected: 48 ---
[33mserver_1      |[0m INFO:werkzeug:172.18.0.21 - - [31/Jan/2026 07:12:59] "GET /download_model?round=48 HTTP/1.1" 200 -
[34mclient_004_1  |[0m 2026-01-31 07:12:59,763 - __main__ - INFO - Round 48 finished. Loss: 0.0000, Acc: 0.00%
[33mserver_1      |[0m INFO:__main__:Received update from client_004
[33mserver_1      |[0m INFO:werkzeug:172.18.0.4 - - [31/Jan/2026 07:12:59] "POST /submit_update HTTP/1.1" 200 -
[34mclient_004_1  |[0m 2026-01-31 07:12:59,916 - __main__ - INFO - 🚀 Model update submitted successfully.
[34mclient_004_1  |[0m 2026-01-31 07:12:59,917 - __main__ - INFO - Update submitted for Round 48. Waiting...
[36mclient_010_1  |[0m 2026-01-31 07:12:59,961 - __main__ - INFO - Round 48 finished. Loss: 0.0000, Acc: 0.00%
[33mserver_1      |[0m INFO:__main__:Received update from client_010
[33mserver_1      |[0m INFO:__main__:--- Aggregating 5 updates ---
[33mserver_1      |[0m INFO:__main__:⚡ Using Custom Aggregator with Drift Metric...
[33mserver_1      |[0m INFO:server.aggregator:Starting FedAvg aggregation for 5 clients.
[32mclient_002_1  |[0m 2026-01-31 07:13:00,267 - __main__ - INFO - --- New Round Detected: 48 ---
[33mserver_1      |[0m INFO:werkzeug:172.18.0.7 - - [31/Jan/2026 07:13:00] "GET /download_model?round=48 HTTP/1.1" 200 -
[33;1mclient_006_1  |[0m 2026-01-31 07:13:00,399 - __main__ - INFO - Round 48 finished. Loss: 0.0000, Acc: 0.00%
[33mserver_1      |[0m INFO:werkzeug:172.18.0.20 - - [31/Jan/2026 07:13:00] "[31m[1mPOST /submit_update HTTP/1.1[0m" 400 -
[33;1mclient_006_1  |[0m 2026-01-31 07:13:00,463 - __main__ - ERROR - Update submission failed: {"error":"Not accepting updates"}
[33;1mclient_006_1  |[0m 
[33;1mclient_006_1  |[0m 2026-01-31 07:13:00,463 - __main__ - INFO - Update submitted for Round 48. Waiting...
[33mserver_1      |[0m INFO:server.aggregator:--- [METRIC] Weight Divergence: 1.6823
[33mserver_1      |[0m INFO:server.aggregator:FedAvg aggregation complete.
[33mserver_1      |[0m INFO:__main__:Aggregation complete.
[33mserver_1      |[0m ⏱️ [TIME] Client client_009 finished training in 4.33s
[33mserver_1      |[0m ⏱️ [TIME] Client client_007 finished training in 7.13s
[33mserver_1      |[0m ⏱️ [TIME] Client client_003 finished training in 7.97s
[33mserver_1      |[0m ⏱️ [TIME] Client client_004 finished training in 3.11s
[33mserver_1      |[0m ⏱️ [TIME] Client client_010 finished training in 2.93s
[33mserver_1      |[0m DEBUG: ⚠️ MY CUSTOM AGGREGATOR IS RUNNING ⚠️
[35;1mclient_008_1  |[0m 2026-01-31 07:13:02,443 - __main__ - INFO - Round 48 finished. Loss: 0.0000, Acc: 0.00%
[33mserver_1      |[0m INFO:werkzeug:172.18.0.22 - - [31/Jan/2026 07:13:02] "[31m[1mPOST /submit_update HTTP/1.1[0m" 400 -
[35;1mclient_008_1  |[0m 2026-01-31 07:13:02,508 - __main__ - ERROR - Update submission failed: {"error":"Not accepting updates"}
[35;1mclient_008_1  |[0m 
[35;1mclient_008_1  |[0m 2026-01-31 07:13:02,508 - __main__ - INFO - Update submitted for Round 48. Waiting...
[36;1mclient_005_1  |[0m 2026-01-31 07:13:02,564 - __main__ - INFO - --- New Round Detected: 48 ---
[33mserver_1      |[0m INFO:werkzeug:172.18.0.19 - - [31/Jan/2026 07:13:02] "GET /download_model?round=48 HTTP/1.1" 200 -
[33mserver_1      |[0m INFO:__main__:💾 Saving metrics to results/metrics.csv...
[33mserver_1      |[0m INFO:__main__:--- Round 48 Acc: 55.00%, Loss: 1.2637 ---
[33mserver_1      |[0m INFO:__main__:--- Starting Round 49. Timeout: 600s ---
[33mserver_1      |[0m INFO:werkzeug:172.18.0.18 - - [31/Jan/2026 07:13:02] "POST /submit_update HTTP/1.1" 200 -
[36mclient_010_1  |[0m 2026-01-31 07:13:02,852 - __main__ - INFO - 🚀 Model update submitted successfully.
[36mclient_010_1  |[0m 2026-01-31 07:13:02,853 - __main__ - INFO - Update submitted for Round 48. Waiting...
[32mclient_002_1  |[0m 2026-01-31 07:13:03,235 - __main__ - INFO - Round 48 finished. Loss: 0.0000, Acc: 0.00%
[33mserver_1      |[0m INFO:__main__:Received update from client_002
[33mserver_1      |[0m INFO:werkzeug:172.18.0.7 - - [31/Jan/2026 07:13:03] "POST /submit_update HTTP/1.1" 200 -
[32mclient_002_1  |[0m 2026-01-31 07:13:03,370 - __main__ - INFO - 🚀 Model update submitted successfully.
[32mclient_002_1  |[0m 2026-01-31 07:13:03,370 - __main__ - INFO - Update submitted for Round 48. Waiting...
[33mclient_001_1  |[0m 2026-01-31 07:13:03,516 - __main__ - INFO - Round 48 finished. Loss: 0.0000, Acc: 0.00%
[33mserver_1      |[0m INFO:__main__:Received update from client_001
[33mserver_1      |[0m INFO:werkzeug:172.18.0.21 - - [31/Jan/2026 07:13:03] "POST /submit_update HTTP/1.1" 200 -
[33mclient_001_1  |[0m 2026-01-31 07:13:03,653 - __main__ - INFO - 🚀 Model update submitted successfully.
[33mclient_001_1  |[0m 2026-01-31 07:13:03,653 - __main__ - INFO - Update submitted for Round 48. Waiting...
[36;1mclient_005_1  |[0m 2026-01-31 07:13:05,579 - __main__ - INFO - Round 48 finished. Loss: 0.0000, Acc: 0.00%
[33mserver_1      |[0m INFO:__main__:Received update from client_005
[33mserver_1      |[0m INFO:werkzeug:172.18.0.19 - - [31/Jan/2026 07:13:05] "POST /submit_update HTTP/1.1" 200 -
[36;1mclient_005_1  |[0m 2026-01-31 07:13:05,734 - __main__ - INFO - 🚀 Model update submitted successfully.
[36;1mclient_005_1  |[0m 2026-01-31 07:13:05,734 - __main__ - INFO - Update submitted for Round 48. Waiting...
[34;1mclient_009_1  |[0m 2026-01-31 07:13:06,239 - __main__ - INFO - --- New Round Detected: 49 ---
[33mserver_1      |[0m INFO:werkzeug:172.18.0.17 - - [31/Jan/2026 07:13:06] "GET /download_model?round=49 HTTP/1.1" 200 -
[32;1mclient_007_1  |[0m 2026-01-31 07:13:06,467 - __main__ - INFO - --- New Round Detected: 49 ---
[33mserver_1      |[0m INFO:werkzeug:172.18.0.5 - - [31/Jan/2026 07:13:06] "GET /download_model?round=49 HTTP/1.1" 200 -
[35mclient_003_1  |[0m 2026-01-31 07:13:08,075 - __main__ - INFO - --- New Round Detected: 49 ---
[33mserver_1      |[0m INFO:werkzeug:172.18.0.14 - - [31/Jan/2026 07:13:08] "GET /download_model?round=49 HTTP/1.1" 200 -
[34mclient_004_1  |[0m 2026-01-31 07:13:10,035 - __main__ - INFO - --- New Round Detected: 49 ---
[33mserver_1      |[0m INFO:werkzeug:172.18.0.4 - - [31/Jan/2026 07:13:10] "GET /download_model?round=49 HTTP/1.1" 200 -
[32;1mclient_007_1  |[0m 2026-01-31 07:13:10,231 - __main__ - INFO - Round 49 finished. Loss: 0.0000, Acc: 0.00%
[33mserver_1      |[0m INFO:__main__:Received update from client_007
[33mserver_1      |[0m INFO:werkzeug:172.18.0.5 - - [31/Jan/2026 07:13:10] "POST /submit_update HTTP/1.1" 200 -
[32;1mclient_007_1  |[0m 2026-01-31 07:13:10,387 - __main__ - INFO - 🚀 Model update submitted successfully.
[32;1mclient_007_1  |[0m 2026-01-31 07:13:10,387 - __main__ - INFO - Update submitted for Round 49. Waiting...
[33;1mclient_006_1  |[0m 2026-01-31 07:13:10,532 - __main__ - INFO - --- New Round Detected: 49 ---
[33mserver_1      |[0m INFO:werkzeug:172.18.0.20 - - [31/Jan/2026 07:13:10] "GET /download_model?round=49 HTTP/1.1" 200 -
[34;1mclient_009_1  |[0m 2026-01-31 07:13:10,607 - __main__ - INFO - Round 49 finished. Loss: 0.0000, Acc: 0.00%
[33mserver_1      |[0m INFO:__main__:Received update from client_009
[33mserver_1      |[0m INFO:__main__:--- Aggregating 5 updates ---
[33mserver_1      |[0m INFO:__main__:⚡ Using Custom Aggregator with Drift Metric...
[33mserver_1      |[0m INFO:server.aggregator:Starting FedAvg aggregation for 5 clients.
[35mclient_003_1  |[0m 2026-01-31 07:13:12,578 - __main__ - INFO - Round 49 finished. Loss: 0.0000, Acc: 0.00%
[35;1mclient_008_1  |[0m 2026-01-31 07:13:12,585 - __main__ - INFO - --- New Round Detected: 49 ---
[33mserver_1      |[0m INFO:werkzeug:172.18.0.14 - - [31/Jan/2026 07:13:12] "[31m[1mPOST /submit_update HTTP/1.1[0m" 400 -
[33mserver_1      |[0m INFO:werkzeug:172.18.0.22 - - [31/Jan/2026 07:13:12] "GET /download_model?round=49 HTTP/1.1" 200 -
[35mclient_003_1  |[0m 2026-01-31 07:13:12,642 - __main__ - ERROR - Update submission failed: {"error":"Not accepting updates"}
[35mclient_003_1  |[0m 
[35mclient_003_1  |[0m 2026-01-31 07:13:12,642 - __main__ - INFO - Update submitted for Round 49. Waiting...
[33mserver_1      |[0m INFO:server.aggregator:--- [METRIC] Weight Divergence: 1.5877
[33mserver_1      |[0m INFO:server.aggregator:FedAvg aggregation complete.
[33mserver_1      |[0m INFO:__main__:Aggregation complete.
[33mserver_1      |[0m ⏱️ [TIME] Client client_002 finished training in 2.73s
[33mserver_1      |[0m ⏱️ [TIME] Client client_001 finished training in 3.76s
[33mserver_1      |[0m ⏱️ [TIME] Client client_005 finished training in 2.78s
[33mserver_1      |[0m ⏱️ [TIME] Client client_007 finished training in 3.54s
[33mserver_1      |[0m ⏱️ [TIME] Client client_009 finished training in 4.14s
[33mserver_1      |[0m DEBUG: ⚠️ MY CUSTOM AGGREGATOR IS RUNNING ⚠️
[36mclient_010_1  |[0m 2026-01-31 07:13:13,071 - __main__ - INFO - --- New Round Detected: 49 ---
[33mserver_1      |[0m INFO:werkzeug:172.18.0.18 - - [31/Jan/2026 07:13:13] "GET /download_model?round=49 HTTP/1.1" 200 -
[34mclient_004_1  |[0m 2026-01-31 07:13:13,131 - __main__ - INFO - Round 49 finished. Loss: 0.0000, Acc: 0.00%
[33mserver_1      |[0m INFO:werkzeug:172.18.0.4 - - [31/Jan/2026 07:13:13] "[31m[1mPOST /submit_update HTTP/1.1[0m" 400 -
[34mclient_004_1  |[0m 2026-01-31 07:13:13,194 - __main__ - ERROR - Update submission failed: {"error":"Not accepting updates"}
[34mclient_004_1  |[0m 
[34mclient_004_1  |[0m 2026-01-31 07:13:13,194 - __main__ - INFO - Update submitted for Round 49. Waiting...
[32mclient_002_1  |[0m 2026-01-31 07:13:13,448 - __main__ - INFO - --- New Round Detected: 49 ---
[33mserver_1      |[0m INFO:werkzeug:172.18.0.7 - - [31/Jan/2026 07:13:13] "GET /download_model?round=49 HTTP/1.1" 200 -
[33mclient_001_1  |[0m 2026-01-31 07:13:13,717 - __main__ - INFO - --- New Round Detected: 49 ---
[33mserver_1      |[0m INFO:werkzeug:172.18.0.21 - - [31/Jan/2026 07:13:13] "GET /download_model?round=49 HTTP/1.1" 200 -
[33mserver_1      |[0m INFO:__main__:💾 Saving metrics to results/metrics.csv...
[33mserver_1      |[0m INFO:__main__:--- Round 49 Acc: 53.08%, Loss: 1.3067 ---
[33mserver_1      |[0m INFO:__main__:---Final model saved ---
[33mserver_1      |[0m INFO:__main__:--- Training complete. ---
[33mserver_1      |[0m INFO:werkzeug:172.18.0.17 - - [31/Jan/2026 07:13:14] "POST /submit_update HTTP/1.1" 200 -
[33;1mclient_006_1  |[0m 2026-01-31 07:13:14,083 - __main__ - INFO - Round 49 finished. Loss: 0.0000, Acc: 0.00%
[34;1mclient_009_1  |[0m 2026-01-31 07:13:14,096 - __main__ - INFO - 🚀 Model update submitted successfully.
[34;1mclient_009_1  |[0m 2026-01-31 07:13:14,097 - __main__ - INFO - Update submitted for Round 49. Waiting...
[33mserver_1      |[0m INFO:werkzeug:172.18.0.20 - - [31/Jan/2026 07:13:14] "[31m[1mPOST /submit_update HTTP/1.1[0m" 400 -
[33;1mclient_006_1  |[0m 2026-01-31 07:13:14,149 - __main__ - ERROR - Update submission failed: {"error":"Not accepting updates"}
[33;1mclient_006_1  |[0m 
[33;1mclient_006_1  |[0m 2026-01-31 07:13:14,149 - __main__ - INFO - Update submitted for Round 49. Waiting...
[36;1mclient_005_1  |[0m 2026-01-31 07:13:15,805 - __main__ - INFO - Server finished training. Exiting.
[35;1mclient_008_1  |[0m 2026-01-31 07:13:16,138 - __main__ - INFO - Round 49 finished. Loss: 0.0000, Acc: 0.00%
[35;1mclient_008_1  |[0m 2026-01-31 07:13:16,161 - __main__ - ERROR - Error submitting update: HTTPConnectionPool(host='server', port=5000): Max retries exceeded with url: /submit_update (Caused by NewConnectionError('<urllib3.connection.HTTPConnection object at 0x7d62fff44370>: Failed to establish a new connection: [Errno 111] Connection refused'))
[35;1mclient_008_1  |[0m 2026-01-31 07:13:16,161 - __main__ - INFO - Update submitted for Round 49. Waiting...
[36mclient_010_1  |[0m 2026-01-31 07:13:16,301 - __main__ - INFO - Round 49 finished. Loss: 0.0000, Acc: 0.00%
[36mclient_010_1  |[0m 2026-01-31 07:13:16,324 - __main__ - ERROR - Error submitting update: HTTPConnectionPool(host='server', port=5000): Max retries exceeded with url: /submit_update (Caused by NewConnectionError('<urllib3.connection.HTTPConnection object at 0x7e3207954610>: Failed to establish a new connection: [Errno 111] Connection refused'))
[36mclient_010_1  |[0m 2026-01-31 07:13:16,324 - __main__ - INFO - Update submitted for Round 49. Waiting...
[36;1mfl-rest_client_005_1 exited with code 0
[0mStopping fl-rest_client_015_1 ... 
Stopping fl-rest_client_006_1 ... 
Stopping fl-rest_client_016_1 ... 
Stopping fl-rest_client_011_1 ... 
Stopping fl-rest_client_001_1 ... 
Stopping fl-rest_client_020_1 ... 
Stopping fl-rest_client_009_1 ... 
Stopping fl-rest_client_008_1 ... 
Stopping fl-rest_client_019_1 ... 
Stopping fl-rest_client_014_1 ... 
Stopping fl-rest_client_012_1 ... 
Stopping fl-rest_client_017_1 ... 
Stopping fl-rest_client_003_1 ... 
Stopping fl-rest_client_010_1 ... 
Stopping fl-rest_client_002_1 ... 
Stopping fl-rest_client_018_1 ... 
Stopping fl-rest_client_007_1 ... 
Stopping fl-rest_client_004_1 ... 
Stopping fl-rest_client_013_1 ... 
Stopping fl-rest_server_1     ... 
Stopping docker-tc            ... 
Stopping docker-tc            ... done
Stopping fl-rest_client_012_1 ... done
Stopping fl-rest_client_018_1 ... done
Stopping fl-rest_client_017_1 ... done
Stopping fl-rest_client_019_1 ... done
Stopping fl-rest_client_014_1 ... done
Stopping fl-rest_client_020_1 ... done
Stopping fl-rest_client_016_1 ... done
Stopping fl-rest_client_011_1 ... done
Stopping fl-rest_client_015_1 ... done
Stopping fl-rest_client_013_1 ... done
Stopping fl-rest_client_007_1 ... done
Stopping fl-rest_client_003_1 ... done
Stopping fl-rest_client_009_1 ... done
Stopping fl-rest_client_006_1 ... done
Stopping fl-rest_client_001_1 ... done
Stopping fl-rest_client_008_1 ... done
Stopping fl-rest_client_010_1 ... done
Stopping fl-rest_client_002_1 ... done
Stopping fl-rest_client_004_1 ... done
Stopping fl-rest_server_1     ... done
Aborting on container exit...
