using --exit-code-from implies --abort-on-container-exit
Creating fl-rest_server_1 ... 
Creating docker-tc        ... 
Creating docker-tc        ... done
Creating fl-rest_server_1 ... done
Creating fl-rest_client_013_1 ... 
Creating fl-rest_client_007_1 ... 
Creating fl-rest_client_017_1 ... 
Creating fl-rest_client_002_1 ... 
Creating fl-rest_client_016_1 ... 
Creating fl-rest_client_010_1 ... 
Creating fl-rest_client_009_1 ... 
Creating fl-rest_client_004_1 ... 
Creating fl-rest_client_001_1 ... 
Creating fl-rest_client_020_1 ... 
Creating fl-rest_client_019_1 ... 
Creating fl-rest_client_005_1 ... 
Creating fl-rest_client_018_1 ... 
Creating fl-rest_client_008_1 ... 
Creating fl-rest_client_014_1 ... 
Creating fl-rest_client_011_1 ... 
Creating fl-rest_client_012_1 ... 
Creating fl-rest_client_003_1 ... 
Creating fl-rest_client_015_1 ... 
Creating fl-rest_client_006_1 ... 
Creating fl-rest_client_013_1 ... done
Creating fl-rest_client_017_1 ... done
Creating fl-rest_client_016_1 ... done
Creating fl-rest_client_020_1 ... done
Creating fl-rest_client_012_1 ... done
Creating fl-rest_client_015_1 ... done
Creating fl-rest_client_019_1 ... done
Creating fl-rest_client_002_1 ... done
Creating fl-rest_client_011_1 ... done
Creating fl-rest_client_007_1 ... done
Creating fl-rest_client_014_1 ... done
Creating fl-rest_client_018_1 ... done
Creating fl-rest_client_009_1 ... done
Creating fl-rest_client_010_1 ... done
Creating fl-rest_client_004_1 ... done
Creating fl-rest_client_001_1 ... done
Creating fl-rest_client_005_1 ... done
Creating fl-rest_client_008_1 ... done
Creating fl-rest_client_003_1 ... done
Creating fl-rest_client_006_1 ... done
Attaching to docker-tc, fl-rest_server_1, fl-rest_client_013_1, fl-rest_client_017_1, fl-rest_client_016_1, fl-rest_client_020_1, fl-rest_client_012_1, fl-rest_client_015_1, fl-rest_client_019_1, fl-rest_client_002_1, fl-rest_client_011_1, fl-rest_client_007_1, fl-rest_client_014_1, fl-rest_client_018_1, fl-rest_client_009_1, fl-rest_client_010_1, fl-rest_client_004_1, fl-rest_client_001_1, fl-rest_client_005_1, fl-rest_client_008_1, fl-rest_client_003_1, fl-rest_client_006_1
[36mdocker-tc     |[0m [s6-init] making user provided files available at /var/run/s6/etc...exited 0.
[36mdocker-tc     |[0m [s6-init] ensuring user provided files have correct perms...exited 0.
[36mdocker-tc     |[0m [fix-attrs.d] applying ownership & permissions fixes...
[36mdocker-tc     |[0m [fix-attrs.d] done.
[36mdocker-tc     |[0m [cont-init.d] executing container initialization scripts...
[36mdocker-tc     |[0m [cont-init.d] 00-init: executing... 
[36mdocker-tc     |[0m [cont-init.d] 00-init: exited 0.
[36mdocker-tc     |[0m [cont-init.d] done.
[36mdocker-tc     |[0m [services.d] starting services
[36mdocker-tc     |[0m Starting garbage collector
[36mdocker-tc     |[0m Starting HTTP server on 127.0.0.1:4080
[36mdocker-tc     |[0m + exec hapttic -file /docker-tc/bin/httpd.sh -logErrors -host 127.0.0.1 -port 4080
[36mdocker-tc     |[0m [services.d] done.
[36mdocker-tc     |[0m 
[36mdocker-tc     |[0m  ____          _              _____         ___ ___ _        _____         _           _
[36mdocker-tc     |[0m |    \ ___ ___| |_ ___ ___   |_   _|___ ___|  _|  _|_|___   |     |___ ___| |_ ___ ___| |
[36mdocker-tc     |[0m |  |  | . |  _| '_| -_|  _|    | | |  _| .'|  _|  _| |  _|  |   --| . |   |  _|  _| . | |
[36mdocker-tc     |[0m |____/|___|___|_,_|___|_|      |_| |_| |__,|_| |_| |_|___|  |_____|___|_|_|_| |_| |___|_|
[36mdocker-tc     |[0m 
[36mdocker-tc     |[0m 2026/01/31 06:42:10 Thanks for using hapttic v1.0.0
[36mdocker-tc     |[0m 2026/01/31 06:42:10 Listening on 127.0.0.1:4080
[36mdocker-tc     |[0m 2026/01/31 06:42:10 Forwarding requests to /docker-tc/bin/httpd.sh
[36mdocker-tc     |[0m 2026/01/31 06:42:10 Logging errors to stderr
[36mdocker-tc     |[0m Starting Docker Traffic Control 18.12
[36mdocker-tc     |[0m https://github.com/lukaszlach/docker-tc
[36mdocker-tc     |[0m 
[36mdocker-tc     |[0m [2026-01-31T06:42:10+00:00] [083b38e03190] Notice: Skipping container, service was disabled by label
[36mdocker-tc     |[0m [2026-01-31T06:42:10+00:00] [bd19146b9070] Notice: Skipping container, no valid labels found
[36mdocker-tc     |[0m [2026-01-31T06:42:10+00:00] [438bf01636a0] Notice: Skipping container, no valid labels found
[36mdocker-tc     |[0m [2026-01-31T06:42:10+00:00] [c314c85387cb] Notice: Skipping container, no valid labels found
[36mdocker-tc     |[0m Error response from daemon: Container 3e4b2842dc618e2afe83311ecd360e727849572adbdf41474062df0f06f43f7f is restarting, wait until the container is running
[36mdocker-tc     |[0m [2026-01-31T06:42:11+00:00] [3e4b2842dc61] Warning: Network has no corresponding virtual network interface
[36mdocker-tc     |[0m [2026-01-31T06:42:11+00:00] [1abd0bfc7985] Notice: Skipping container, no valid labels found
[36mdocker-tc     |[0m [2026-01-31T06:42:11+00:00] [7a4983a3eae0] Set delay=200ms, loss=1% on veth5140754
[36mdocker-tc     |[0m [2026-01-31T06:42:11+00:00] [7a4983a3eae0] Set bandwidth-limit=5mbps on veth5140754
[36mdocker-tc     |[0m [2026-01-31T06:42:11+00:00] [7a4983a3eae0] Controlling traffic of the container /fl-rest_client_013_1 on veth5140754
[33mserver_1      |[0m TensorFlow installation not found - running with reduced feature set.
[33mserver_1      |[0m 
[33mserver_1      |[0m NOTE: Using experimental fast data loading logic. To disable, pass
[33mserver_1      |[0m     "--load_fast=false" and report issues on GitHub. More details:
[33mserver_1      |[0m     https://github.com/tensorflow/tensorboard/issues/4784
[33mserver_1      |[0m 
[33mserver_1      |[0m TensorBoard 2.20.0 at http://0.0.0.0:6006/ (Press CTRL+C to quit)
[36mdocker-tc     |[0m [2026-01-31T06:42:11+00:00] [44822434f7aa] Set delay=200ms, loss=1% on vethd3c3c43
[36mdocker-tc     |[0m [2026-01-31T06:42:11+00:00] [44822434f7aa] Set bandwidth-limit=5mbps on vethd3c3c43
[36mdocker-tc     |[0m [2026-01-31T06:42:11+00:00] [44822434f7aa] Controlling traffic of the container /fl-rest_client_017_1 on vethd3c3c43
[36mdocker-tc     |[0m [2026-01-31T06:42:11+00:00] [268a672caa1b] Set delay=200ms, loss=1% on veth2d30fcd
[36mdocker-tc     |[0m [2026-01-31T06:42:11+00:00] [268a672caa1b] Set bandwidth-limit=5mbps on veth2d30fcd
[36mdocker-tc     |[0m [2026-01-31T06:42:11+00:00] [268a672caa1b] Controlling traffic of the container /fl-rest_client_016_1 on veth2d30fcd
[33mserver_1      |[0m INFO:__main__:Writing TensorBoard logs to: fl_logs/tensorboard/Cenario_C_Hibrido_Mu0.01_Alpha0.3_0642
[33mserver_1      |[0m INFO:__main__:Loading CIFAR-10 test dataset...
[35mclient_013_1  |[0m 2026-01-31 06:42:12,117 - __main__ - INFO - --- Starting FL Client: client_013 ---
[36mdocker-tc     |[0m [2026-01-31T06:42:12+00:00] [5c5f2340dd03] Set delay=200ms, loss=1% on veth10571de
[36mdocker-tc     |[0m [2026-01-31T06:42:12+00:00] [5c5f2340dd03] Set bandwidth-limit=5mbps on veth10571de
[36mdocker-tc     |[0m [2026-01-31T06:42:12+00:00] [5c5f2340dd03] Controlling traffic of the container /fl-rest_client_020_1 on veth10571de
[34;1mclient_019_1  |[0m 2026-01-31 06:42:12,233 - __main__ - INFO - --- Starting FL Client: client_019 ---
[34;1mclient_019_1  |[0m 2026-01-31 06:42:12,236 - __main__ - WARNING - Registration attempt 1 failed: HTTPConnectionPool(host='server', port=5000): Max retries exceeded with url: /register (Caused by NewConnectionError('<urllib3.connection.HTTPConnection object at 0x70fafe536d40>: Failed to establish a new connection: [Errno 111] Connection refused'))
[36mclient_020_1  |[0m 2026-01-31 06:42:12,292 - __main__ - INFO - --- Starting FL Client: client_020 ---
[33mserver_1      |[0m INFO:__main__:Test dataset loaded.
[33mserver_1      |[0m INFO:__main__:Initial model for round 0 created.
[33mserver_1      |[0m Files already downloaded and verified
[33mserver_1      |[0m  * Serving Flask app 'app'
[33mserver_1      |[0m  * Debug mode: off
[33mserver_1      |[0m INFO:werkzeug:[31m[1mWARNING: This is a development server. Do not use it in a production deployment. Use a production WSGI server instead.[0m
[33mserver_1      |[0m  * Running on all addresses (0.0.0.0)
[33mserver_1      |[0m  * Running on http://127.0.0.1:5000
[33mserver_1      |[0m  * Running on http://172.18.0.2:5000
[33mserver_1      |[0m INFO:werkzeug:[33mPress CTRL+C to quit[0m
[36mclient_010_1  |[0m 2026-01-31 06:42:12,390 - __main__ - INFO - --- Starting FL Client: client_010 ---
[33mserver_1      |[0m INFO:__main__:Client client_010 registered.
[33mserver_1      |[0m INFO:__main__:--- Starting Round 0. Timeout: 600s ---
[36mclient_010_1  |[0m 2026-01-31 06:42:12,394 - __main__ - INFO - ✅ Registered with server successfully.
[33;1mclient_006_1  |[0m 2026-01-31 06:42:12,407 - __main__ - INFO - --- Starting FL Client: client_006 ---
[36mdocker-tc     |[0m [2026-01-31T06:42:12+00:00] [d9ca70531329] Set delay=200ms, loss=1% on vethce6d7d2
[33mserver_1      |[0m INFO:__main__:Client client_006 registered.
[36mdocker-tc     |[0m [2026-01-31T06:42:12+00:00] [d9ca70531329] Set bandwidth-limit=5mbps on vethce6d7d2
[33;1mclient_006_1  |[0m 2026-01-31 06:42:12,412 - __main__ - INFO - ✅ Registered with server successfully.
[36mdocker-tc     |[0m [2026-01-31T06:42:12+00:00] [d9ca70531329] Controlling traffic of the container /fl-rest_client_012_1 on vethce6d7d2
[36;1mclient_015_1  |[0m 2026-01-31 06:42:12,461 - __main__ - INFO - --- Starting FL Client: client_015 ---
[33mserver_1      |[0m INFO:__main__:Client client_015 registered.
[36;1mclient_015_1  |[0m 2026-01-31 06:42:12,466 - __main__ - INFO - ✅ Registered with server successfully.
[35;1mclient_008_1  |[0m 2026-01-31 06:42:12,476 - __main__ - INFO - --- Starting FL Client: client_008 ---
[33mserver_1      |[0m INFO:__main__:Client client_008 registered.
[35;1mclient_008_1  |[0m 2026-01-31 06:42:12,479 - __main__ - INFO - ✅ Registered with server successfully.
[34mclient_014_1  |[0m 2026-01-31 06:42:12,516 - __main__ - INFO - --- Starting FL Client: client_014 ---
[33mserver_1      |[0m INFO:__main__:Client client_014 registered.
[35mclient_013_1  |[0m 2026-01-31 06:42:12,519 - __main__ - WARNING - Registration attempt 1 failed: HTTPConnectionPool(host='server', port=5000): Max retries exceeded with url: /register (Caused by NewConnectionError('<urllib3.connection.HTTPConnection object at 0x765b46002d40>: Failed to establish a new connection: [Errno 111] Connection refused'))
[34mclient_014_1  |[0m 2026-01-31 06:42:12,519 - __main__ - INFO - ✅ Registered with server successfully.
[32mclient_012_1  |[0m 2026-01-31 06:42:12,521 - __main__ - INFO - --- Starting FL Client: client_012 ---
[36;1mclient_005_1  |[0m 2026-01-31 06:42:12,531 - __main__ - INFO - --- Starting FL Client: client_005 ---
[33mserver_1      |[0m INFO:__main__:Client client_005 registered.
[36;1mclient_005_1  |[0m 2026-01-31 06:42:12,535 - __main__ - INFO - ✅ Registered with server successfully.
[34mclient_004_1  |[0m 2026-01-31 06:42:12,564 - __main__ - INFO - --- Starting FL Client: client_004 ---
[33mserver_1      |[0m INFO:__main__:Client client_004 registered.
[34mclient_004_1  |[0m 2026-01-31 06:42:12,568 - __main__ - INFO - ✅ Registered with server successfully.
[32;1mclient_017_1  |[0m 2026-01-31 06:42:12,577 - __main__ - INFO - --- Starting FL Client: client_017 ---
[33mclient_011_1  |[0m 2026-01-31 06:42:12,624 - __main__ - INFO - --- Starting FL Client: client_011 ---
[34;1mclient_009_1  |[0m 2026-01-31 06:42:12,626 - __main__ - INFO - --- Starting FL Client: client_009 ---
[33;1mclient_016_1  |[0m 2026-01-31 06:42:12,627 - __main__ - INFO - --- Starting FL Client: client_016 ---
[33mserver_1      |[0m INFO:__main__:Client client_011 registered.
[33mserver_1      |[0m INFO:__main__:Client client_009 registered.
[33mclient_011_1  |[0m 2026-01-31 06:42:12,629 - __main__ - INFO - ✅ Registered with server successfully.
[34;1mclient_009_1  |[0m 2026-01-31 06:42:12,630 - __main__ - INFO - ✅ Registered with server successfully.
[36mdocker-tc     |[0m [2026-01-31T06:42:12+00:00] [3e9493056b7c] Set delay=200ms, loss=1% on vethbed5138
[36mdocker-tc     |[0m [2026-01-31T06:42:12+00:00] [3e9493056b7c] Set bandwidth-limit=5mbps on vethbed5138
[36mdocker-tc     |[0m [2026-01-31T06:42:12+00:00] [3e9493056b7c] Controlling traffic of the container /fl-rest_client_015_1 on vethbed5138
[32mclient_002_1  |[0m 2026-01-31 06:42:12,694 - __main__ - INFO - --- Starting FL Client: client_002 ---
[33mserver_1      |[0m INFO:__main__:Client client_020 registered.
[33mserver_1      |[0m INFO:__main__:Client client_002 registered.
[32mclient_002_1  |[0m 2026-01-31 06:42:12,699 - __main__ - INFO - ✅ Registered with server successfully.
[35;1mclient_018_1  |[0m 2026-01-31 06:42:12,705 - __main__ - INFO - --- Starting FL Client: client_018 ---
[33mserver_1      |[0m INFO:__main__:Client client_018 registered.
[36mclient_010_1  |[0m 2026-01-31 06:42:12,708 - __main__ - INFO - --- New Round Detected: 0 ---
[35;1mclient_018_1  |[0m 2026-01-31 06:42:12,710 - __main__ - INFO - ✅ Registered with server successfully.
[33mserver_1      |[0m INFO:werkzeug:172.18.0.16 - - [31/Jan/2026 06:42:12] "GET /download_model?round=0 HTTP/1.1" 200 -
[33mclient_001_1  |[0m 2026-01-31 06:42:12,717 - __main__ - INFO - --- Starting FL Client: client_001 ---
[33mserver_1      |[0m INFO:__main__:Client client_001 registered.
[33mclient_001_1  |[0m 2026-01-31 06:42:12,725 - __main__ - INFO - ✅ Registered with server successfully.
[33;1mclient_006_1  |[0m 2026-01-31 06:42:12,727 - __main__ - INFO - --- New Round Detected: 0 ---
[33mserver_1      |[0m INFO:werkzeug:172.18.0.22 - - [31/Jan/2026 06:42:12] "GET /download_model?round=0 HTTP/1.1" 200 -
[32;1mclient_007_1  |[0m 2026-01-31 06:42:12,845 - __main__ - INFO - --- Starting FL Client: client_007 ---
[33mserver_1      |[0m INFO:__main__:Client client_007 registered.
[32;1mclient_007_1  |[0m 2026-01-31 06:42:12,851 - __main__ - INFO - ✅ Registered with server successfully.
[35;1mclient_008_1  |[0m 2026-01-31 06:42:12,861 - __main__ - INFO - --- New Round Detected: 0 ---
[34mclient_014_1  |[0m 2026-01-31 06:42:12,861 - __main__ - INFO - --- New Round Detected: 0 ---
[33mserver_1      |[0m INFO:werkzeug:172.18.0.20 - - [31/Jan/2026 06:42:12] "GET /download_model?round=0 HTTP/1.1" 200 -
[33mserver_1      |[0m INFO:werkzeug:172.18.0.13 - - [31/Jan/2026 06:42:12] "GET /download_model?round=0 HTTP/1.1" 200 -
[36;1mclient_005_1  |[0m 2026-01-31 06:42:12,878 - __main__ - INFO - --- New Round Detected: 0 ---
[33mserver_1      |[0m INFO:werkzeug:172.18.0.19 - - [31/Jan/2026 06:42:12] "GET /download_model?round=0 HTTP/1.1" 200 -
[36mclient_020_1  |[0m 2026-01-31 06:42:12,906 - __main__ - INFO - ✅ Registered with server successfully.
[34mclient_014_1  |[0m /opt/conda/lib/python3.10/site-packages/torch/cuda/amp/grad_scaler.py:125: UserWarning: torch.cuda.amp.GradScaler is enabled, but CUDA is not available.  Disabling.
[34mclient_014_1  |[0m   warnings.warn(
[33mserver_1      |[0m INFO:__main__:Client client_012 registered.
[34mclient_014_1  |[0m /opt/conda/lib/python3.10/site-packages/torch/amp/autocast_mode.py:250: UserWarning: User provided device_type of 'cuda', but CUDA is not available. Disabling
[34mclient_014_1  |[0m   warnings.warn(
[36mdocker-tc     |[0m [2026-01-31T06:42:12+00:00] [17acd4811edd] Set delay=200ms, loss=1% on vethcb779eb
[36mdocker-tc     |[0m [2026-01-31T06:42:12+00:00] [17acd4811edd] Set bandwidth-limit=5mbps on vethcb779eb
[36mdocker-tc     |[0m [2026-01-31T06:42:12+00:00] [17acd4811edd] Controlling traffic of the container /fl-rest_client_019_1 on vethcb779eb
[33mserver_1      |[0m INFO:__main__:Client client_017 registered.
[34mclient_004_1  |[0m 2026-01-31 06:42:13,010 - __main__ - INFO - --- New Round Detected: 0 ---
[33mserver_1      |[0m INFO:werkzeug:172.18.0.17 - - [31/Jan/2026 06:42:13] "GET /download_model?round=0 HTTP/1.1" 200 -
[34;1mclient_009_1  |[0m 2026-01-31 06:42:13,030 - __main__ - INFO - --- New Round Detected: 0 ---
[33mserver_1      |[0m INFO:__main__:Client client_016 registered.
[33mserver_1      |[0m INFO:werkzeug:172.18.0.15 - - [31/Jan/2026 06:42:13] "GET /download_model?round=0 HTTP/1.1" 200 -
[35mclient_003_1  |[0m 2026-01-31 06:42:13,047 - __main__ - INFO - --- Starting FL Client: client_003 ---
[33mserver_1      |[0m INFO:__main__:Client client_003 registered.
[35mclient_003_1  |[0m 2026-01-31 06:42:13,052 - __main__ - INFO - ✅ Registered with server successfully.
[33mclient_011_1  |[0m 2026-01-31 06:42:13,099 - __main__ - INFO - --- New Round Detected: 0 ---
[33mserver_1      |[0m INFO:werkzeug:172.18.0.11 - - [31/Jan/2026 06:42:13] "GET /download_model?round=0 HTTP/1.1" 200 -
[33mclient_011_1  |[0m /opt/conda/lib/python3.10/site-packages/torch/cuda/amp/grad_scaler.py:125: UserWarning: torch.cuda.amp.GradScaler is enabled, but CUDA is not available.  Disabling.
[33mclient_011_1  |[0m   warnings.warn(
[32mclient_012_1  |[0m 2026-01-31 06:42:13,135 - __main__ - INFO - ✅ Registered with server successfully.
[33mclient_011_1  |[0m /opt/conda/lib/python3.10/site-packages/torch/amp/autocast_mode.py:250: UserWarning: User provided device_type of 'cuda', but CUDA is not available. Disabling
[33mclient_011_1  |[0m   warnings.warn(
[33mclient_001_1  |[0m 2026-01-31 06:42:13,171 - __main__ - INFO - --- New Round Detected: 0 ---
[33mserver_1      |[0m INFO:werkzeug:172.18.0.18 - - [31/Jan/2026 06:42:13] "GET /download_model?round=0 HTTP/1.1" 200 -
[32mclient_002_1  |[0m 2026-01-31 06:42:13,188 - __main__ - INFO - --- New Round Detected: 0 ---
[35;1mclient_018_1  |[0m 2026-01-31 06:42:13,189 - __main__ - INFO - --- New Round Detected: 0 ---
[32;1mclient_017_1  |[0m 2026-01-31 06:42:13,191 - __main__ - INFO - ✅ Registered with server successfully.
[33mserver_1      |[0m INFO:werkzeug:172.18.0.14 - - [31/Jan/2026 06:42:13] "GET /download_model?round=0 HTTP/1.1" 200 -
[33mserver_1      |[0m INFO:werkzeug:172.18.0.10 - - [31/Jan/2026 06:42:13] "GET /download_model?round=0 HTTP/1.1" 200 -
[36;1mclient_015_1  |[0m 2026-01-31 06:42:13,196 - __main__ - INFO - --- New Round Detected: 0 ---
[36mdocker-tc     |[0m [2026-01-31T06:42:13+00:00] [4e3355d7010a] Set delay=20ms on veth43daf9c
[36mdocker-tc     |[0m [2026-01-31T06:42:13+00:00] [4e3355d7010a] Set bandwidth-limit=1gbit on veth43daf9c
[33;1mclient_016_1  |[0m 2026-01-31 06:42:13,241 - __main__ - INFO - ✅ Registered with server successfully.
[35;1mclient_018_1  |[0m /opt/conda/lib/python3.10/site-packages/torch/cuda/amp/grad_scaler.py:125: UserWarning: torch.cuda.amp.GradScaler is enabled, but CUDA is not available.  Disabling.
[35;1mclient_018_1  |[0m   warnings.warn(
[32;1mclient_007_1  |[0m 2026-01-31 06:42:13,269 - __main__ - INFO - --- New Round Detected: 0 ---
[33mserver_1      |[0m INFO:werkzeug:172.18.0.12 - - [31/Jan/2026 06:42:13] "GET /download_model?round=0 HTTP/1.1" 200 -
[35;1mclient_018_1  |[0m /opt/conda/lib/python3.10/site-packages/torch/amp/autocast_mode.py:250: UserWarning: User provided device_type of 'cuda', but CUDA is not available. Disabling
[35;1mclient_018_1  |[0m   warnings.warn(
[36mdocker-tc     |[0m [2026-01-31T06:42:13+00:00] [4e3355d7010a] Controlling traffic of the container /fl-rest_client_002_1 on veth43daf9c
[33mserver_1      |[0m INFO:werkzeug:172.18.0.8 - - [31/Jan/2026 06:42:13] "GET /download_model?round=0 HTTP/1.1" 200 -
[35mclient_003_1  |[0m 2026-01-31 06:42:13,484 - __main__ - INFO - --- New Round Detected: 0 ---
[33mserver_1      |[0m INFO:werkzeug:172.18.0.21 - - [31/Jan/2026 06:42:13] "GET /download_model?round=0 HTTP/1.1" 200 -
[36mdocker-tc     |[0m [2026-01-31T06:42:13+00:00] [e87b85e08426] Set delay=200ms, loss=1% on vetha5b59d1
[36mdocker-tc     |[0m [2026-01-31T06:42:13+00:00] [e87b85e08426] Set bandwidth-limit=5mbps on vetha5b59d1
[36mdocker-tc     |[0m [2026-01-31T06:42:13+00:00] [e87b85e08426] Controlling traffic of the container /fl-rest_client_011_1 on vetha5b59d1
[36mclient_020_1  |[0m 2026-01-31 06:42:13,747 - __main__ - INFO - --- New Round Detected: 0 ---
[32mclient_012_1  |[0m 2026-01-31 06:42:13,938 - __main__ - INFO - --- New Round Detected: 0 ---
[33mserver_1      |[0m INFO:werkzeug:172.18.0.6 - - [31/Jan/2026 06:42:13] "GET /download_model?round=0 HTTP/1.1" 200 -
[36mdocker-tc     |[0m [2026-01-31T06:42:13+00:00] [c67f84411eaf] Set delay=20ms on veth8cb9ce9
[36mdocker-tc     |[0m [2026-01-31T06:42:13+00:00] [c67f84411eaf] Set bandwidth-limit=1gbit on veth8cb9ce9
[36mdocker-tc     |[0m [2026-01-31T06:42:13+00:00] [c67f84411eaf] Controlling traffic of the container /fl-rest_client_007_1 on veth8cb9ce9
[32;1mclient_017_1  |[0m 2026-01-31 06:42:13,996 - __main__ - INFO - --- New Round Detected: 0 ---
[33;1mclient_016_1  |[0m 2026-01-31 06:42:14,113 - __main__ - INFO - --- New Round Detected: 0 ---
[33mserver_1      |[0m INFO:werkzeug:172.18.0.7 - - [31/Jan/2026 06:42:14] "GET /download_model?round=0 HTTP/1.1" 200 -
[33mserver_1      |[0m INFO:werkzeug:172.18.0.4 - - [31/Jan/2026 06:42:14] "GET /download_model?round=0 HTTP/1.1" 200 -
[36mdocker-tc     |[0m [2026-01-31T06:42:14+00:00] [51bd42578d6b] Set delay=200ms, loss=1% on vethdff1a64
[36mdocker-tc     |[0m [2026-01-31T06:42:14+00:00] [51bd42578d6b] Set bandwidth-limit=5mbps on vethdff1a64
[36mdocker-tc     |[0m [2026-01-31T06:42:14+00:00] [51bd42578d6b] Controlling traffic of the container /fl-rest_client_014_1 on vethdff1a64
[33mserver_1      |[0m INFO:werkzeug:172.18.0.5 - - [31/Jan/2026 06:42:14] "GET /download_model?round=0 HTTP/1.1" 200 -
[36mdocker-tc     |[0m [2026-01-31T06:42:14+00:00] [a1276c148951] Set delay=200ms, loss=1% on veth1fe1cee
[36mdocker-tc     |[0m [2026-01-31T06:42:14+00:00] [a1276c148951] Set bandwidth-limit=5mbps on veth1fe1cee
[36mdocker-tc     |[0m [2026-01-31T06:42:14+00:00] [a1276c148951] Controlling traffic of the container /fl-rest_client_018_1 on veth1fe1cee
[36mdocker-tc     |[0m [2026-01-31T06:42:14+00:00] [437b3accd01c] Set delay=20ms on vethb060887
[36mdocker-tc     |[0m [2026-01-31T06:42:14+00:00] [437b3accd01c] Set bandwidth-limit=1gbit on vethb060887
[36mdocker-tc     |[0m [2026-01-31T06:42:14+00:00] [437b3accd01c] Controlling traffic of the container /fl-rest_client_009_1 on vethb060887
[36;1mclient_015_1  |[0m /opt/conda/lib/python3.10/site-packages/torch/cuda/amp/grad_scaler.py:125: UserWarning: torch.cuda.amp.GradScaler is enabled, but CUDA is not available.  Disabling.
[36;1mclient_015_1  |[0m   warnings.warn(
[36;1mclient_015_1  |[0m /opt/conda/lib/python3.10/site-packages/torch/amp/autocast_mode.py:250: UserWarning: User provided device_type of 'cuda', but CUDA is not available. Disabling
[36;1mclient_015_1  |[0m   warnings.warn(
[36mdocker-tc     |[0m [2026-01-31T06:42:15+00:00] [d756132cf485] Set delay=20ms on veth1639c61
[36mdocker-tc     |[0m [2026-01-31T06:42:15+00:00] [d756132cf485] Set bandwidth-limit=1gbit on veth1639c61
[36mdocker-tc     |[0m [2026-01-31T06:42:15+00:00] [d756132cf485] Controlling traffic of the container /fl-rest_client_010_1 on veth1639c61
[32mclient_012_1  |[0m /opt/conda/lib/python3.10/site-packages/torch/cuda/amp/grad_scaler.py:125: UserWarning: torch.cuda.amp.GradScaler is enabled, but CUDA is not available.  Disabling.
[32mclient_012_1  |[0m   warnings.warn(
[32mclient_012_1  |[0m /opt/conda/lib/python3.10/site-packages/torch/amp/autocast_mode.py:250: UserWarning: User provided device_type of 'cuda', but CUDA is not available. Disabling
[32mclient_012_1  |[0m   warnings.warn(
[33mserver_1      |[0m INFO:__main__:Client client_019 registered.
[36mdocker-tc     |[0m [2026-01-31T06:42:15+00:00] [315b23b8123c] Set delay=20ms on vethad62ece
[32;1mclient_017_1  |[0m /opt/conda/lib/python3.10/site-packages/torch/cuda/amp/grad_scaler.py:125: UserWarning: torch.cuda.amp.GradScaler is enabled, but CUDA is not available.  Disabling.
[32;1mclient_017_1  |[0m   warnings.warn(
[36mdocker-tc     |[0m [2026-01-31T06:42:15+00:00] [315b23b8123c] Set bandwidth-limit=1gbit on vethad62ece
[32;1mclient_017_1  |[0m /opt/conda/lib/python3.10/site-packages/torch/amp/autocast_mode.py:250: UserWarning: User provided device_type of 'cuda', but CUDA is not available. Disabling
[32;1mclient_017_1  |[0m   warnings.warn(
[36mdocker-tc     |[0m [2026-01-31T06:42:15+00:00] [315b23b8123c] Controlling traffic of the container /fl-rest_client_004_1 on vethad62ece
[34;1mclient_019_1  |[0m 2026-01-31 06:42:15,673 - __main__ - INFO - ✅ Registered with server successfully.
[33;1mclient_016_1  |[0m /opt/conda/lib/python3.10/site-packages/torch/cuda/amp/grad_scaler.py:125: UserWarning: torch.cuda.amp.GradScaler is enabled, but CUDA is not available.  Disabling.
[33;1mclient_016_1  |[0m   warnings.warn(
[33;1mclient_016_1  |[0m /opt/conda/lib/python3.10/site-packages/torch/amp/autocast_mode.py:250: UserWarning: User provided device_type of 'cuda', but CUDA is not available. Disabling
[33;1mclient_016_1  |[0m   warnings.warn(
[33mserver_1      |[0m INFO:__main__:Client client_013 registered.
[35mclient_013_1  |[0m 2026-01-31 06:42:15,991 - __main__ - INFO - ✅ Registered with server successfully.
[36mdocker-tc     |[0m [2026-01-31T06:42:16+00:00] [ddb378085417] Set delay=20ms on veth25e02dc
[36mdocker-tc     |[0m [2026-01-31T06:42:16+00:00] [ddb378085417] Set bandwidth-limit=1gbit on veth25e02dc
[36mdocker-tc     |[0m [2026-01-31T06:42:16+00:00] [ddb378085417] Controlling traffic of the container /fl-rest_client_001_1 on veth25e02dc
[36mdocker-tc     |[0m [2026-01-31T06:42:16+00:00] [ba04405bd529] Set delay=20ms on vethe073b8c
[36mdocker-tc     |[0m [2026-01-31T06:42:16+00:00] [ba04405bd529] Set bandwidth-limit=1gbit on vethe073b8c
[36mdocker-tc     |[0m [2026-01-31T06:42:16+00:00] [ba04405bd529] Controlling traffic of the container /fl-rest_client_005_1 on vethe073b8c
[36mdocker-tc     |[0m [2026-01-31T06:42:16+00:00] [e0cd495eea3a] Set delay=20ms on vethaf6dff7
[36mdocker-tc     |[0m [2026-01-31T06:42:16+00:00] [e0cd495eea3a] Set bandwidth-limit=1gbit on vethaf6dff7
[35;1mclient_008_1  |[0m 2026-01-31 06:42:16,751 - __main__ - INFO - Round 0 finished. Loss: 0.0000, Acc: 0.00%
[36mdocker-tc     |[0m [2026-01-31T06:42:16+00:00] [e0cd495eea3a] Controlling traffic of the container /fl-rest_client_008_1 on vethaf6dff7
[34;1mclient_019_1  |[0m 2026-01-31 06:42:16,829 - __main__ - INFO - --- New Round Detected: 0 ---
[33mserver_1      |[0m INFO:__main__:Received update from client_008
[33mserver_1      |[0m INFO:werkzeug:172.18.0.20 - - [31/Jan/2026 06:42:16] "POST /submit_update HTTP/1.1" 200 -
[35;1mclient_008_1  |[0m 2026-01-31 06:42:16,886 - __main__ - INFO - 🚀 Model update submitted successfully.
[35;1mclient_008_1  |[0m 2026-01-31 06:42:16,886 - __main__ - INFO - Update submitted for Round 0. Waiting...
[33mserver_1      |[0m INFO:werkzeug:172.18.0.9 - - [31/Jan/2026 06:42:17] "GET /download_model?round=0 HTTP/1.1" 200 -
[35mclient_013_1  |[0m 2026-01-31 06:42:17,063 - __main__ - INFO - --- New Round Detected: 0 ---
[36mdocker-tc     |[0m [2026-01-31T06:42:17+00:00] [60b54524b3c7] Set delay=20ms on veth0da2f43
[36mdocker-tc     |[0m [2026-01-31T06:42:17+00:00] [60b54524b3c7] Set bandwidth-limit=1gbit on veth0da2f43
[36mdocker-tc     |[0m [2026-01-31T06:42:17+00:00] [60b54524b3c7] Controlling traffic of the container /fl-rest_client_003_1 on veth0da2f43
[33mserver_1      |[0m INFO:werkzeug:172.18.0.3 - - [31/Jan/2026 06:42:17] "GET /download_model?round=0 HTTP/1.1" 200 -
[36mdocker-tc     |[0m [2026-01-31T06:42:17+00:00] [ff73d886e31b] Set delay=20ms on veth38b2664
[36mdocker-tc     |[0m [2026-01-31T06:42:17+00:00] [ff73d886e31b] Set bandwidth-limit=1gbit on veth38b2664
[36;1mclient_005_1  |[0m 2026-01-31 06:42:17,566 - __main__ - INFO - Round 0 finished. Loss: 0.0000, Acc: 0.00%
[33mclient_001_1  |[0m 2026-01-31 06:42:17,566 - __main__ - INFO - Round 0 finished. Loss: 0.0000, Acc: 0.00%
[36mdocker-tc     |[0m [2026-01-31T06:42:17+00:00] [ff73d886e31b] Controlling traffic of the container /fl-rest_client_006_1 on veth38b2664
[36mclient_020_1  |[0m /opt/conda/lib/python3.10/site-packages/torch/cuda/amp/grad_scaler.py:125: UserWarning: torch.cuda.amp.GradScaler is enabled, but CUDA is not available.  Disabling.
[36mclient_020_1  |[0m   warnings.warn(
[36mclient_020_1  |[0m /opt/conda/lib/python3.10/site-packages/torch/amp/autocast_mode.py:250: UserWarning: User provided device_type of 'cuda', but CUDA is not available. Disabling
[36mclient_020_1  |[0m   warnings.warn(
[33mserver_1      |[0m INFO:__main__:Received update from client_005
[33mserver_1      |[0m INFO:werkzeug:172.18.0.19 - - [31/Jan/2026 06:42:17] "POST /submit_update HTTP/1.1" 200 -
[36;1mclient_005_1  |[0m 2026-01-31 06:42:17,700 - __main__ - INFO - 🚀 Model update submitted successfully.
[36;1mclient_005_1  |[0m 2026-01-31 06:42:17,700 - __main__ - INFO - Update submitted for Round 0. Waiting...
[33mserver_1      |[0m INFO:__main__:Received update from client_001
[33mserver_1      |[0m INFO:werkzeug:172.18.0.18 - - [31/Jan/2026 06:42:17] "POST /submit_update HTTP/1.1" 200 -
[33mclient_001_1  |[0m 2026-01-31 06:42:17,756 - __main__ - INFO - 🚀 Model update submitted successfully.
[33mclient_001_1  |[0m 2026-01-31 06:42:17,756 - __main__ - INFO - Update submitted for Round 0. Waiting...
[35mclient_013_1  |[0m /opt/conda/lib/python3.10/site-packages/torch/cuda/amp/grad_scaler.py:125: UserWarning: torch.cuda.amp.GradScaler is enabled, but CUDA is not available.  Disabling.
[35mclient_013_1  |[0m   warnings.warn(
[35mclient_013_1  |[0m /opt/conda/lib/python3.10/site-packages/torch/amp/autocast_mode.py:250: UserWarning: User provided device_type of 'cuda', but CUDA is not available. Disabling
[35mclient_013_1  |[0m   warnings.warn(
[34;1mclient_019_1  |[0m /opt/conda/lib/python3.10/site-packages/torch/cuda/amp/grad_scaler.py:125: UserWarning: torch.cuda.amp.GradScaler is enabled, but CUDA is not available.  Disabling.
[34;1mclient_019_1  |[0m   warnings.warn(
[34;1mclient_019_1  |[0m /opt/conda/lib/python3.10/site-packages/torch/amp/autocast_mode.py:250: UserWarning: User provided device_type of 'cuda', but CUDA is not available. Disabling
[34;1mclient_019_1  |[0m   warnings.warn(
[34;1mclient_009_1  |[0m 2026-01-31 06:42:19,222 - __main__ - INFO - Round 0 finished. Loss: 0.0000, Acc: 0.00%
[35mclient_003_1  |[0m 2026-01-31 06:42:19,238 - __main__ - INFO - Round 0 finished. Loss: 0.0000, Acc: 0.00%
[33mserver_1      |[0m INFO:__main__:Received update from client_009
[33mserver_1      |[0m INFO:werkzeug:172.18.0.15 - - [31/Jan/2026 06:42:19] "POST /submit_update HTTP/1.1" 200 -
[33mserver_1      |[0m INFO:__main__:Received update from client_003
[33mserver_1      |[0m INFO:__main__:--- Aggregating 5 updates ---
[33mserver_1      |[0m INFO:__main__:⚡ Using Custom Aggregator with Drift Metric...
[33mserver_1      |[0m INFO:server.aggregator:Starting FedAvg aggregation for 5 clients.
[34;1mclient_009_1  |[0m 2026-01-31 06:42:19,359 - __main__ - INFO - 🚀 Model update submitted successfully.
[34;1mclient_009_1  |[0m 2026-01-31 06:42:19,359 - __main__ - INFO - Update submitted for Round 0. Waiting...
[36mclient_010_1  |[0m 2026-01-31 06:42:19,954 - __main__ - INFO - Round 0 finished. Loss: 0.0000, Acc: 0.00%
[33mserver_1      |[0m INFO:werkzeug:172.18.0.16 - - [31/Jan/2026 06:42:20] "[31m[1mPOST /submit_update HTTP/1.1[0m" 400 -
[36mclient_010_1  |[0m 2026-01-31 06:42:20,052 - __main__ - ERROR - Update submission failed: {"error":"Not accepting updates"}
[36mclient_010_1  |[0m 
[36mclient_010_1  |[0m 2026-01-31 06:42:20,053 - __main__ - INFO - Update submitted for Round 0. Waiting...
[32mclient_002_1  |[0m 2026-01-31 06:42:20,367 - __main__ - INFO - Round 0 finished. Loss: 0.0000, Acc: 0.00%
[33mserver_1      |[0m INFO:werkzeug:172.18.0.10 - - [31/Jan/2026 06:42:20] "[31m[1mPOST /submit_update HTTP/1.1[0m" 400 -
[32mclient_002_1  |[0m 2026-01-31 06:42:20,431 - __main__ - ERROR - Update submission failed: {"error":"Not accepting updates"}
[32mclient_002_1  |[0m 
[32mclient_002_1  |[0m 2026-01-31 06:42:20,431 - __main__ - INFO - Update submitted for Round 0. Waiting...
[34mclient_004_1  |[0m 2026-01-31 06:42:20,471 - __main__ - INFO - Round 0 finished. Loss: 0.0000, Acc: 0.00%
[33mserver_1      |[0m INFO:werkzeug:172.18.0.17 - - [31/Jan/2026 06:42:20] "[31m[1mPOST /submit_update HTTP/1.1[0m" 400 -
[34mclient_004_1  |[0m 2026-01-31 06:42:20,635 - __main__ - ERROR - Update submission failed: {"error":"Not accepting updates"}
[34mclient_004_1  |[0m 
[34mclient_004_1  |[0m 2026-01-31 06:42:20,635 - __main__ - INFO - Update submitted for Round 0. Waiting...
[33;1mclient_006_1  |[0m 2026-01-31 06:42:20,912 - __main__ - INFO - Round 0 finished. Loss: 0.0000, Acc: 0.00%
[33mserver_1      |[0m INFO:werkzeug:172.18.0.22 - - [31/Jan/2026 06:42:20] "[31m[1mPOST /submit_update HTTP/1.1[0m" 400 -
[33;1mclient_006_1  |[0m 2026-01-31 06:42:20,976 - __main__ - ERROR - Update submission failed: {"error":"Not accepting updates"}
[33;1mclient_006_1  |[0m 
[33;1mclient_006_1  |[0m 2026-01-31 06:42:20,976 - __main__ - INFO - Update submitted for Round 0. Waiting...
[33mserver_1      |[0m INFO:server.aggregator:--- [METRIC] Weight Divergence: 1.4816
[33mserver_1      |[0m INFO:server.aggregator:FedAvg aggregation complete.
[33mserver_1      |[0m INFO:__main__:Aggregation complete.
[33mserver_1      |[0m ⏱️ [TIME] Client client_008 finished training in 2.80s
[33mserver_1      |[0m ⏱️ [TIME] Client client_005 finished training in 3.92s
[33mserver_1      |[0m ⏱️ [TIME] Client client_001 finished training in 3.39s
[33mserver_1      |[0m ⏱️ [TIME] Client client_009 finished training in 4.99s
[33mserver_1      |[0m ⏱️ [TIME] Client client_003 finished training in 4.91s
[33mserver_1      |[0m DEBUG: ⚠️ MY CUSTOM AGGREGATOR IS RUNNING ⚠️
[32;1mclient_007_1  |[0m 2026-01-31 06:42:22,445 - __main__ - INFO - Round 0 finished. Loss: 0.0000, Acc: 0.00%
[33mserver_1      |[0m INFO:werkzeug:172.18.0.12 - - [31/Jan/2026 06:42:22] "[31m[1mPOST /submit_update HTTP/1.1[0m" 400 -
[32;1mclient_007_1  |[0m 2026-01-31 06:42:22,511 - __main__ - ERROR - Update submission failed: {"error":"Not accepting updates"}
[32;1mclient_007_1  |[0m 
[32;1mclient_007_1  |[0m 2026-01-31 06:42:22,511 - __main__ - INFO - Update submitted for Round 0. Waiting...
[33mserver_1      |[0m INFO:__main__:💾 Saving metrics to results/metrics.csv...
[33mserver_1      |[0m INFO:__main__:--- Round 0 Acc: 15.60%, Loss: 2.2225 ---
[33mserver_1      |[0m INFO:__main__:--- Starting Round 1. Timeout: 600s ---
[33mserver_1      |[0m INFO:werkzeug:172.18.0.21 - - [31/Jan/2026 06:42:22] "POST /submit_update HTTP/1.1" 200 -
[35mclient_003_1  |[0m 2026-01-31 06:42:22,843 - __main__ - INFO - 🚀 Model update submitted successfully.
[35mclient_003_1  |[0m 2026-01-31 06:42:22,843 - __main__ - INFO - Update submitted for Round 0. Waiting...
[35;1mclient_008_1  |[0m 2026-01-31 06:42:26,969 - __main__ - INFO - --- New Round Detected: 1 ---
[33mserver_1      |[0m INFO:werkzeug:172.18.0.20 - - [31/Jan/2026 06:42:26] "GET /download_model?round=1 HTTP/1.1" 200 -
[36;1mclient_005_1  |[0m 2026-01-31 06:42:27,762 - __main__ - INFO - --- New Round Detected: 1 ---
[33mserver_1      |[0m INFO:werkzeug:172.18.0.19 - - [31/Jan/2026 06:42:27] "GET /download_model?round=1 HTTP/1.1" 200 -
[33mclient_001_1  |[0m 2026-01-31 06:42:27,818 - __main__ - INFO - --- New Round Detected: 1 ---
[33mserver_1      |[0m INFO:werkzeug:172.18.0.18 - - [31/Jan/2026 06:42:27] "GET /download_model?round=1 HTTP/1.1" 200 -
[35;1mclient_008_1  |[0m 2026-01-31 06:42:28,694 - __main__ - INFO - Round 1 finished. Loss: 0.0000, Acc: 0.00%
[33mserver_1      |[0m INFO:__main__:Received update from client_008
[33mserver_1      |[0m INFO:werkzeug:172.18.0.20 - - [31/Jan/2026 06:42:28] "POST /submit_update HTTP/1.1" 200 -
[35;1mclient_008_1  |[0m 2026-01-31 06:42:28,829 - __main__ - INFO - 🚀 Model update submitted successfully.
[35;1mclient_008_1  |[0m 2026-01-31 06:42:28,829 - __main__ - INFO - Update submitted for Round 1. Waiting...
[34;1mclient_009_1  |[0m 2026-01-31 06:42:29,431 - __main__ - INFO - --- New Round Detected: 1 ---
[33mserver_1      |[0m INFO:werkzeug:172.18.0.15 - - [31/Jan/2026 06:42:29] "GET /download_model?round=1 HTTP/1.1" 200 -
[36mclient_010_1  |[0m 2026-01-31 06:42:30,136 - __main__ - INFO - --- New Round Detected: 1 ---
[33mserver_1      |[0m INFO:werkzeug:172.18.0.16 - - [31/Jan/2026 06:42:30] "GET /download_model?round=1 HTTP/1.1" 200 -
[36;1mclient_005_1  |[0m 2026-01-31 06:42:30,252 - __main__ - INFO - Round 1 finished. Loss: 0.0000, Acc: 0.00%
[33mserver_1      |[0m INFO:__main__:Received update from client_005
[33mserver_1      |[0m INFO:werkzeug:172.18.0.19 - - [31/Jan/2026 06:42:30] "POST /submit_update HTTP/1.1" 200 -
[36;1mclient_005_1  |[0m 2026-01-31 06:42:30,387 - __main__ - INFO - 🚀 Model update submitted successfully.
[36;1mclient_005_1  |[0m 2026-01-31 06:42:30,387 - __main__ - INFO - Update submitted for Round 1. Waiting...
[32mclient_002_1  |[0m 2026-01-31 06:42:30,493 - __main__ - INFO - --- New Round Detected: 1 ---
[33mserver_1      |[0m INFO:werkzeug:172.18.0.10 - - [31/Jan/2026 06:42:30] "GET /download_model?round=1 HTTP/1.1" 200 -
[34mclient_004_1  |[0m 2026-01-31 06:42:30,697 - __main__ - INFO - --- New Round Detected: 1 ---
[33mserver_1      |[0m INFO:werkzeug:172.18.0.17 - - [31/Jan/2026 06:42:30] "GET /download_model?round=1 HTTP/1.1" 200 -
[33;1mclient_006_1  |[0m 2026-01-31 06:42:31,040 - __main__ - INFO - --- New Round Detected: 1 ---
[33mserver_1      |[0m INFO:werkzeug:172.18.0.22 - - [31/Jan/2026 06:42:31] "GET /download_model?round=1 HTTP/1.1" 200 -
[33mclient_001_1  |[0m 2026-01-31 06:42:31,606 - __main__ - INFO - Round 1 finished. Loss: 0.0000, Acc: 0.00%
[33mserver_1      |[0m INFO:__main__:Received update from client_001
[33mserver_1      |[0m INFO:werkzeug:172.18.0.18 - - [31/Jan/2026 06:42:31] "POST /submit_update HTTP/1.1" 200 -
[33mclient_001_1  |[0m 2026-01-31 06:42:31,741 - __main__ - INFO - 🚀 Model update submitted successfully.
[33mclient_001_1  |[0m 2026-01-31 06:42:31,741 - __main__ - INFO - Update submitted for Round 1. Waiting...
[32;1mclient_007_1  |[0m 2026-01-31 06:42:32,576 - __main__ - INFO - --- New Round Detected: 1 ---
[33mserver_1      |[0m INFO:werkzeug:172.18.0.12 - - [31/Jan/2026 06:42:32] "GET /download_model?round=1 HTTP/1.1" 200 -
[35mclient_003_1  |[0m 2026-01-31 06:42:32,904 - __main__ - INFO - --- New Round Detected: 1 ---
[33mserver_1      |[0m INFO:werkzeug:172.18.0.21 - - [31/Jan/2026 06:42:32] "GET /download_model?round=1 HTTP/1.1" 200 -
[34;1mclient_009_1  |[0m 2026-01-31 06:42:33,912 - __main__ - INFO - Round 1 finished. Loss: 0.0000, Acc: 0.00%
[33mserver_1      |[0m INFO:__main__:Received update from client_009
[33mserver_1      |[0m INFO:werkzeug:172.18.0.15 - - [31/Jan/2026 06:42:34] "POST /submit_update HTTP/1.1" 200 -
[34;1mclient_009_1  |[0m 2026-01-31 06:42:34,048 - __main__ - INFO - 🚀 Model update submitted successfully.
[34;1mclient_009_1  |[0m 2026-01-31 06:42:34,048 - __main__ - INFO - Update submitted for Round 1. Waiting...
[32mclient_002_1  |[0m 2026-01-31 06:42:34,487 - __main__ - INFO - Round 1 finished. Loss: 0.0000, Acc: 0.00%
[33mserver_1      |[0m INFO:__main__:Received update from client_002
[33mserver_1      |[0m INFO:__main__:--- Aggregating 5 updates ---
[33mserver_1      |[0m INFO:__main__:⚡ Using Custom Aggregator with Drift Metric...
[33mserver_1      |[0m INFO:server.aggregator:Starting FedAvg aggregation for 5 clients.
[36mclient_010_1  |[0m 2026-01-31 06:42:35,838 - __main__ - INFO - Round 1 finished. Loss: 0.0000, Acc: 0.00%
[33mserver_1      |[0m INFO:werkzeug:172.18.0.16 - - [31/Jan/2026 06:42:35] "[31m[1mPOST /submit_update HTTP/1.1[0m" 400 -
[36mclient_010_1  |[0m 2026-01-31 06:42:35,910 - __main__ - ERROR - Update submission failed: {"error":"Not accepting updates"}
[36mclient_010_1  |[0m 
[36mclient_010_1  |[0m 2026-01-31 06:42:35,912 - __main__ - INFO - Update submitted for Round 1. Waiting...
[34mclient_004_1  |[0m 2026-01-31 06:42:36,532 - __main__ - INFO - Round 1 finished. Loss: 0.0000, Acc: 0.00%
[33mserver_1      |[0m INFO:werkzeug:172.18.0.17 - - [31/Jan/2026 06:42:36] "[31m[1mPOST /submit_update HTTP/1.1[0m" 400 -
[34mclient_004_1  |[0m 2026-01-31 06:42:36,618 - __main__ - ERROR - Update submission failed: {"error":"Not accepting updates"}
[34mclient_004_1  |[0m 
[34mclient_004_1  |[0m 2026-01-31 06:42:36,618 - __main__ - INFO - Update submitted for Round 1. Waiting...
[33mserver_1      |[0m INFO:server.aggregator:--- [METRIC] Weight Divergence: 1.1983
[33mserver_1      |[0m INFO:server.aggregator:FedAvg aggregation complete.
[33mserver_1      |[0m INFO:__main__:Aggregation complete.
[33mserver_1      |[0m ⏱️ [TIME] Client client_008 finished training in 1.57s
[33mserver_1      |[0m ⏱️ [TIME] Client client_005 finished training in 2.32s
[33mserver_1      |[0m ⏱️ [TIME] Client client_001 finished training in 3.61s
[33mserver_1      |[0m ⏱️ [TIME] Client client_009 finished training in 4.30s
[33mserver_1      |[0m ⏱️ [TIME] Client client_002 finished training in 3.83s
[33mserver_1      |[0m DEBUG: ⚠️ MY CUSTOM AGGREGATOR IS RUNNING ⚠️
[33;1mclient_006_1  |[0m 2026-01-31 06:42:37,631 - __main__ - INFO - Round 1 finished. Loss: 0.0000, Acc: 0.00%
[33mserver_1      |[0m INFO:werkzeug:172.18.0.22 - - [31/Jan/2026 06:42:37] "[31m[1mPOST /submit_update HTTP/1.1[0m" 400 -
[33;1mclient_006_1  |[0m 2026-01-31 06:42:37,713 - __main__ - ERROR - Update submission failed: {"error":"Not accepting updates"}
[33;1mclient_006_1  |[0m 
[33;1mclient_006_1  |[0m 2026-01-31 06:42:37,714 - __main__ - INFO - Update submitted for Round 1. Waiting...
[33mserver_1      |[0m INFO:__main__:💾 Saving metrics to results/metrics.csv...
[33mserver_1      |[0m INFO:__main__:--- Round 1 Acc: 26.95%, Loss: 1.9601 ---
[33mserver_1      |[0m INFO:__main__:--- Starting Round 2. Timeout: 600s ---
[33mserver_1      |[0m INFO:werkzeug:172.18.0.10 - - [31/Jan/2026 06:42:37] "POST /submit_update HTTP/1.1" 200 -
[32mclient_002_1  |[0m 2026-01-31 06:42:37,803 - __main__ - INFO - 🚀 Model update submitted successfully.
[32mclient_002_1  |[0m 2026-01-31 06:42:37,803 - __main__ - INFO - Update submitted for Round 1. Waiting...
[35;1mclient_008_1  |[0m 2026-01-31 06:42:38,891 - __main__ - INFO - --- New Round Detected: 2 ---
[33mserver_1      |[0m INFO:werkzeug:172.18.0.20 - - [31/Jan/2026 06:42:38] "GET /download_model?round=2 HTTP/1.1" 200 -
[32;1mclient_007_1  |[0m 2026-01-31 06:42:39,966 - __main__ - INFO - Round 1 finished. Loss: 0.0000, Acc: 0.00%
[33mserver_1      |[0m INFO:__main__:Received update from client_007
[33mserver_1      |[0m INFO:werkzeug:172.18.0.12 - - [31/Jan/2026 06:42:40] "POST /submit_update HTTP/1.1" 200 -
[32;1mclient_007_1  |[0m 2026-01-31 06:42:40,101 - __main__ - INFO - 🚀 Model update submitted successfully.
[32;1mclient_007_1  |[0m 2026-01-31 06:42:40,101 - __main__ - INFO - Update submitted for Round 1. Waiting...
[36;1mclient_005_1  |[0m 2026-01-31 06:42:40,456 - __main__ - INFO - --- New Round Detected: 2 ---
[33mserver_1      |[0m INFO:werkzeug:172.18.0.19 - - [31/Jan/2026 06:42:40] "GET /download_model?round=2 HTTP/1.1" 200 -
[35mclient_003_1  |[0m 2026-01-31 06:42:40,573 - __main__ - INFO - Round 1 finished. Loss: 0.0000, Acc: 0.00%
[33mserver_1      |[0m INFO:__main__:Received update from client_003
[33mserver_1      |[0m INFO:werkzeug:172.18.0.21 - - [31/Jan/2026 06:42:40] "POST /submit_update HTTP/1.1" 200 -
[35mclient_003_1  |[0m 2026-01-31 06:42:40,710 - __main__ - INFO - 🚀 Model update submitted successfully.
[35mclient_003_1  |[0m 2026-01-31 06:42:40,710 - __main__ - INFO - Update submitted for Round 1. Waiting...
[33mclient_001_1  |[0m 2026-01-31 06:42:41,802 - __main__ - INFO - --- New Round Detected: 2 ---
[33mserver_1      |[0m INFO:werkzeug:172.18.0.18 - - [31/Jan/2026 06:42:41] "GET /download_model?round=2 HTTP/1.1" 200 -
[35;1mclient_008_1  |[0m 2026-01-31 06:42:42,367 - __main__ - INFO - Round 2 finished. Loss: 0.0000, Acc: 0.00%
[33mserver_1      |[0m INFO:__main__:Received update from client_008
[33mserver_1      |[0m INFO:werkzeug:172.18.0.20 - - [31/Jan/2026 06:42:42] "POST /submit_update HTTP/1.1" 200 -
[35;1mclient_008_1  |[0m 2026-01-31 06:42:42,507 - __main__ - INFO - 🚀 Model update submitted successfully.
[35;1mclient_008_1  |[0m 2026-01-31 06:42:42,507 - __main__ - INFO - Update submitted for Round 2. Waiting...
[36;1mclient_005_1  |[0m 2026-01-31 06:42:43,376 - __main__ - INFO - Round 2 finished. Loss: 0.0000, Acc: 0.00%
[33mserver_1      |[0m INFO:__main__:Received update from client_005
[33mserver_1      |[0m INFO:werkzeug:172.18.0.19 - - [31/Jan/2026 06:42:43] "POST /submit_update HTTP/1.1" 200 -
[36;1mclient_005_1  |[0m 2026-01-31 06:42:43,512 - __main__ - INFO - 🚀 Model update submitted successfully.
[36;1mclient_005_1  |[0m 2026-01-31 06:42:43,512 - __main__ - INFO - Update submitted for Round 2. Waiting...
[33mserver_1      |[0m INFO:werkzeug:172.18.0.15 - - [31/Jan/2026 06:42:44] "GET /download_model?round=2 HTTP/1.1" 200 -
[34;1mclient_009_1  |[0m 2026-01-31 06:42:44,121 - __main__ - INFO - --- New Round Detected: 2 ---
[33mclient_001_1  |[0m 2026-01-31 06:42:45,520 - __main__ - INFO - Round 2 finished. Loss: 0.0000, Acc: 0.00%
[33mserver_1      |[0m INFO:__main__:Received update from client_001
[33mserver_1      |[0m INFO:__main__:--- Aggregating 5 updates ---
[33mserver_1      |[0m INFO:__main__:⚡ Using Custom Aggregator with Drift Metric...
[33mserver_1      |[0m INFO:server.aggregator:Starting FedAvg aggregation for 5 clients.
[36mclient_010_1  |[0m 2026-01-31 06:42:45,988 - __main__ - INFO - --- New Round Detected: 2 ---
[33mserver_1      |[0m INFO:werkzeug:172.18.0.16 - - [31/Jan/2026 06:42:46] "GET /download_model?round=2 HTTP/1.1" 200 -
[34mclient_004_1  |[0m 2026-01-31 06:42:46,683 - __main__ - INFO - --- New Round Detected: 2 ---
[33mserver_1      |[0m INFO:werkzeug:172.18.0.17 - - [31/Jan/2026 06:42:46] "GET /download_model?round=2 HTTP/1.1" 200 -
[33mserver_1      |[0m INFO:server.aggregator:--- [METRIC] Weight Divergence: 1.3275
[33mserver_1      |[0m INFO:server.aggregator:FedAvg aggregation complete.
[33mserver_1      |[0m INFO:__main__:Aggregation complete.
[33mserver_1      |[0m ⏱️ [TIME] Client client_007 finished training in 7.22s
[33mserver_1      |[0m ⏱️ [TIME] Client client_003 finished training in 7.50s
[33mserver_1      |[0m ⏱️ [TIME] Client client_008 finished training in 3.30s
[33mserver_1      |[0m ⏱️ [TIME] Client client_005 finished training in 2.75s
[33mserver_1      |[0m ⏱️ [TIME] Client client_001 finished training in 3.55s
[33mserver_1      |[0m DEBUG: ⚠️ MY CUSTOM AGGREGATOR IS RUNNING ⚠️
[33;1mclient_006_1  |[0m 2026-01-31 06:42:47,828 - __main__ - INFO - --- New Round Detected: 2 ---
[33mserver_1      |[0m INFO:werkzeug:172.18.0.22 - - [31/Jan/2026 06:42:47] "GET /download_model?round=2 HTTP/1.1" 200 -
[32mclient_002_1  |[0m 2026-01-31 06:42:47,868 - __main__ - INFO - --- New Round Detected: 2 ---
[33mserver_1      |[0m INFO:werkzeug:172.18.0.10 - - [31/Jan/2026 06:42:47] "GET /download_model?round=2 HTTP/1.1" 200 -
[34;1mclient_009_1  |[0m 2026-01-31 06:42:48,320 - __main__ - INFO - Round 2 finished. Loss: 0.0000, Acc: 0.00%
[33mserver_1      |[0m INFO:werkzeug:172.18.0.15 - - [31/Jan/2026 06:42:48] "[31m[1mPOST /submit_update HTTP/1.1[0m" 400 -
[34;1mclient_009_1  |[0m 2026-01-31 06:42:48,383 - __main__ - ERROR - Update submission failed: {"error":"Not accepting updates"}
[34;1mclient_009_1  |[0m 
[34;1mclient_009_1  |[0m 2026-01-31 06:42:48,383 - __main__ - INFO - Update submitted for Round 2. Waiting...
[33mserver_1      |[0m INFO:__main__:💾 Saving metrics to results/metrics.csv...
[33mserver_1      |[0m INFO:__main__:--- Round 2 Acc: 31.54%, Loss: 1.9198 ---
[33mserver_1      |[0m INFO:__main__:--- Starting Round 3. Timeout: 600s ---
[33mserver_1      |[0m INFO:werkzeug:172.18.0.18 - - [31/Jan/2026 06:42:48] "POST /submit_update HTTP/1.1" 200 -
[33mclient_001_1  |[0m 2026-01-31 06:42:48,679 - __main__ - INFO - 🚀 Model update submitted successfully.
[33mclient_001_1  |[0m 2026-01-31 06:42:48,679 - __main__ - INFO - Update submitted for Round 2. Waiting...
[32;1mclient_007_1  |[0m 2026-01-31 06:42:50,164 - __main__ - INFO - --- New Round Detected: 3 ---
[33mserver_1      |[0m INFO:werkzeug:172.18.0.12 - - [31/Jan/2026 06:42:50] "GET /download_model?round=3 HTTP/1.1" 200 -
[35mclient_003_1  |[0m 2026-01-31 06:42:50,786 - __main__ - INFO - --- New Round Detected: 3 ---
[33mserver_1      |[0m INFO:werkzeug:172.18.0.21 - - [31/Jan/2026 06:42:50] "GET /download_model?round=3 HTTP/1.1" 200 -
[34mclient_004_1  |[0m 2026-01-31 06:42:51,250 - __main__ - INFO - Round 2 finished. Loss: 0.0000, Acc: 0.00%
[33mserver_1      |[0m INFO:__main__:Received update from client_004
[33mserver_1      |[0m INFO:werkzeug:172.18.0.17 - - [31/Jan/2026 06:42:51] "POST /submit_update HTTP/1.1" 200 -
[34mclient_004_1  |[0m 2026-01-31 06:42:51,387 - __main__ - INFO - 🚀 Model update submitted successfully.
[34mclient_004_1  |[0m 2026-01-31 06:42:51,387 - __main__ - INFO - Update submitted for Round 2. Waiting...
[36mclient_010_1  |[0m 2026-01-31 06:42:51,431 - __main__ - INFO - Round 2 finished. Loss: 0.0000, Acc: 0.00%
[33mserver_1      |[0m INFO:__main__:Received update from client_010
[33mserver_1      |[0m INFO:werkzeug:172.18.0.16 - - [31/Jan/2026 06:42:51] "POST /submit_update HTTP/1.1" 200 -
[36mclient_010_1  |[0m 2026-01-31 06:42:51,565 - __main__ - INFO - 🚀 Model update submitted successfully.
[36mclient_010_1  |[0m 2026-01-31 06:42:51,565 - __main__ - INFO - Update submitted for Round 2. Waiting...
[32mclient_002_1  |[0m 2026-01-31 06:42:51,864 - __main__ - INFO - Round 2 finished. Loss: 0.0000, Acc: 0.00%
[33mserver_1      |[0m INFO:__main__:Received update from client_002
[33mserver_1      |[0m INFO:werkzeug:172.18.0.10 - - [31/Jan/2026 06:42:51] "POST /submit_update HTTP/1.1" 200 -
[32mclient_002_1  |[0m 2026-01-31 06:42:51,997 - __main__ - INFO - 🚀 Model update submitted successfully.
[32mclient_002_1  |[0m 2026-01-31 06:42:51,997 - __main__ - INFO - Update submitted for Round 2. Waiting...
[35;1mclient_008_1  |[0m 2026-01-31 06:42:52,594 - __main__ - INFO - --- New Round Detected: 3 ---
[33mserver_1      |[0m INFO:werkzeug:172.18.0.20 - - [31/Jan/2026 06:42:52] "GET /download_model?round=3 HTTP/1.1" 200 -
[36;1mclient_005_1  |[0m 2026-01-31 06:42:53,579 - __main__ - INFO - --- New Round Detected: 3 ---
[33mserver_1      |[0m INFO:werkzeug:172.18.0.19 - - [31/Jan/2026 06:42:53] "GET /download_model?round=3 HTTP/1.1" 200 -
[33;1mclient_006_1  |[0m 2026-01-31 06:42:54,303 - __main__ - INFO - Round 2 finished. Loss: 0.0000, Acc: 0.00%
[33mserver_1      |[0m INFO:__main__:Received update from client_006
[33mserver_1      |[0m INFO:werkzeug:172.18.0.22 - - [31/Jan/2026 06:42:54] "POST /submit_update HTTP/1.1" 200 -
[33;1mclient_006_1  |[0m 2026-01-31 06:42:54,439 - __main__ - INFO - 🚀 Model update submitted successfully.
[33;1mclient_006_1  |[0m 2026-01-31 06:42:54,439 - __main__ - INFO - Update submitted for Round 2. Waiting...
[35;1mclient_008_1  |[0m 2026-01-31 06:42:55,976 - __main__ - INFO - Round 3 finished. Loss: 0.0000, Acc: 0.00%
[33mserver_1      |[0m INFO:__main__:Received update from client_008
[33mserver_1      |[0m INFO:__main__:--- Aggregating 5 updates ---
[33mserver_1      |[0m INFO:__main__:⚡ Using Custom Aggregator with Drift Metric...
[33mserver_1      |[0m INFO:server.aggregator:Starting FedAvg aggregation for 5 clients.
[36;1mclient_005_1  |[0m 2026-01-31 06:42:56,463 - __main__ - INFO - Round 3 finished. Loss: 0.0000, Acc: 0.00%
[33mserver_1      |[0m INFO:werkzeug:172.18.0.19 - - [31/Jan/2026 06:42:56] "[31m[1mPOST /submit_update HTTP/1.1[0m" 400 -
[36;1mclient_005_1  |[0m 2026-01-31 06:42:56,529 - __main__ - ERROR - Update submission failed: {"error":"Not accepting updates"}
[36;1mclient_005_1  |[0m 
[36;1mclient_005_1  |[0m 2026-01-31 06:42:56,530 - __main__ - INFO - Update submitted for Round 3. Waiting...
[32;1mclient_007_1  |[0m 2026-01-31 06:42:57,454 - __main__ - INFO - Round 3 finished. Loss: 0.0000, Acc: 0.00%
[33mserver_1      |[0m INFO:server.aggregator:--- [METRIC] Weight Divergence: 1.2187
[33mserver_1      |[0m INFO:server.aggregator:FedAvg aggregation complete.
[33mserver_1      |[0m INFO:__main__:Aggregation complete.
[33mserver_1      |[0m INFO:werkzeug:172.18.0.12 - - [31/Jan/2026 06:42:57] "[31m[1mPOST /submit_update HTTP/1.1[0m" 400 -
[32;1mclient_007_1  |[0m 2026-01-31 06:42:57,637 - __main__ - ERROR - Update submission failed: {"error":"Not accepting updates"}
[32;1mclient_007_1  |[0m 
[32;1mclient_007_1  |[0m 2026-01-31 06:42:57,637 - __main__ - INFO - Update submitted for Round 3. Waiting...
[33mserver_1      |[0m ⏱️ [TIME] Client client_004 finished training in 4.34s
[33mserver_1      |[0m ⏱️ [TIME] Client client_010 finished training in 5.27s
[33mserver_1      |[0m ⏱️ [TIME] Client client_002 finished training in 3.82s
[33mserver_1      |[0m ⏱️ [TIME] Client client_006 finished training in 6.29s
[33mserver_1      |[0m ⏱️ [TIME] Client client_008 finished training in 3.17s
[33mserver_1      |[0m DEBUG: ⚠️ MY CUSTOM AGGREGATOR IS RUNNING ⚠️
[35mclient_003_1  |[0m 2026-01-31 06:42:58,215 - __main__ - INFO - Round 3 finished. Loss: 0.0000, Acc: 0.00%
[33mserver_1      |[0m INFO:werkzeug:172.18.0.21 - - [31/Jan/2026 06:42:58] "[31m[1mPOST /submit_update HTTP/1.1[0m" 400 -
[35mclient_003_1  |[0m 2026-01-31 06:42:58,281 - __main__ - ERROR - Update submission failed: {"error":"Not accepting updates"}
[35mclient_003_1  |[0m 
[35mclient_003_1  |[0m 2026-01-31 06:42:58,281 - __main__ - INFO - Update submitted for Round 3. Waiting...
[34;1mclient_009_1  |[0m 2026-01-31 06:42:58,496 - __main__ - INFO - --- New Round Detected: 3 ---
[33mserver_1      |[0m INFO:werkzeug:172.18.0.15 - - [31/Jan/2026 06:42:58] "GET /download_model?round=3 HTTP/1.1" 200 -
[33mclient_001_1  |[0m 2026-01-31 06:42:58,740 - __main__ - INFO - --- New Round Detected: 3 ---
[33mserver_1      |[0m INFO:werkzeug:172.18.0.18 - - [31/Jan/2026 06:42:58] "GET /download_model?round=3 HTTP/1.1" 200 -
[33mserver_1      |[0m INFO:__main__:💾 Saving metrics to results/metrics.csv...
[33mserver_1      |[0m INFO:__main__:--- Round 3 Acc: 34.62%, Loss: 1.7433 ---
[33mserver_1      |[0m INFO:__main__:--- Starting Round 4. Timeout: 600s ---
[33mserver_1      |[0m INFO:werkzeug:172.18.0.20 - - [31/Jan/2026 06:42:59] "POST /submit_update HTTP/1.1" 200 -
[35;1mclient_008_1  |[0m 2026-01-31 06:42:59,067 - __main__ - INFO - 🚀 Model update submitted successfully.
[35;1mclient_008_1  |[0m 2026-01-31 06:42:59,068 - __main__ - INFO - Update submitted for Round 3. Waiting...
[34mclient_004_1  |[0m 2026-01-31 06:43:01,449 - __main__ - INFO - --- New Round Detected: 4 ---
[33mserver_1      |[0m INFO:werkzeug:172.18.0.17 - - [31/Jan/2026 06:43:01] "GET /download_model?round=4 HTTP/1.1" 200 -
[36mclient_010_1  |[0m 2026-01-31 06:43:01,638 - __main__ - INFO - --- New Round Detected: 4 ---
[33mserver_1      |[0m INFO:werkzeug:172.18.0.16 - - [31/Jan/2026 06:43:01] "GET /download_model?round=4 HTTP/1.1" 200 -
[32mclient_002_1  |[0m 2026-01-31 06:43:02,127 - __main__ - INFO - --- New Round Detected: 4 ---
[33mserver_1      |[0m INFO:werkzeug:172.18.0.10 - - [31/Jan/2026 06:43:02] "GET /download_model?round=4 HTTP/1.1" 200 -
[34;1mclient_009_1  |[0m 2026-01-31 06:43:02,237 - __main__ - INFO - Round 3 finished. Loss: 0.0000, Acc: 0.00%
[33mserver_1      |[0m INFO:__main__:Received update from client_009
[33mserver_1      |[0m INFO:werkzeug:172.18.0.15 - - [31/Jan/2026 06:43:02] "POST /submit_update HTTP/1.1" 200 -
[34;1mclient_009_1  |[0m 2026-01-31 06:43:02,377 - __main__ - INFO - 🚀 Model update submitted successfully.
[34;1mclient_009_1  |[0m 2026-01-31 06:43:02,377 - __main__ - INFO - Update submitted for Round 3. Waiting...
[33mclient_001_1  |[0m 2026-01-31 06:43:02,470 - __main__ - INFO - Round 3 finished. Loss: 0.0000, Acc: 0.00%
[33mserver_1      |[0m INFO:__main__:Received update from client_001
[33mserver_1      |[0m INFO:werkzeug:172.18.0.18 - - [31/Jan/2026 06:43:02] "POST /submit_update HTTP/1.1" 200 -
[33mclient_001_1  |[0m 2026-01-31 06:43:02,605 - __main__ - INFO - 🚀 Model update submitted successfully.
[33mclient_001_1  |[0m 2026-01-31 06:43:02,605 - __main__ - INFO - Update submitted for Round 3. Waiting...
[36mclient_010_1  |[0m 2026-01-31 06:43:04,422 - __main__ - INFO - Round 4 finished. Loss: 0.0000, Acc: 0.00%
[33;1mclient_006_1  |[0m 2026-01-31 06:43:04,510 - __main__ - INFO - --- New Round Detected: 4 ---
[33mserver_1      |[0m INFO:werkzeug:172.18.0.22 - - [31/Jan/2026 06:43:04] "GET /download_model?round=4 HTTP/1.1" 200 -
[33mserver_1      |[0m INFO:__main__:Received update from client_010
[33mserver_1      |[0m INFO:werkzeug:172.18.0.16 - - [31/Jan/2026 06:43:04] "POST /submit_update HTTP/1.1" 200 -
[36mclient_010_1  |[0m 2026-01-31 06:43:04,599 - __main__ - INFO - 🚀 Model update submitted successfully.
[36mclient_010_1  |[0m 2026-01-31 06:43:04,599 - __main__ - INFO - Update submitted for Round 4. Waiting...
[36;1mclient_005_1  |[0m 2026-01-31 06:43:06,600 - __main__ - INFO - --- New Round Detected: 4 ---
[33mserver_1      |[0m INFO:werkzeug:172.18.0.19 - - [31/Jan/2026 06:43:06] "GET /download_model?round=4 HTTP/1.1" 200 -
[34mclient_004_1  |[0m 2026-01-31 06:43:07,069 - __main__ - INFO - Round 4 finished. Loss: 0.0000, Acc: 0.00%
[33mserver_1      |[0m INFO:__main__:Received update from client_004
[33mserver_1      |[0m INFO:werkzeug:172.18.0.17 - - [31/Jan/2026 06:43:07] "POST /submit_update HTTP/1.1" 200 -
[34mclient_004_1  |[0m 2026-01-31 06:43:07,205 - __main__ - INFO - 🚀 Model update submitted successfully.
[34mclient_004_1  |[0m 2026-01-31 06:43:07,205 - __main__ - INFO - Update submitted for Round 4. Waiting...
[32mclient_002_1  |[0m 2026-01-31 06:43:07,285 - __main__ - INFO - Round 4 finished. Loss: 0.0000, Acc: 0.00%
[33mserver_1      |[0m INFO:__main__:Received update from client_002
[33mserver_1      |[0m INFO:__main__:--- Aggregating 5 updates ---
[33mserver_1      |[0m INFO:__main__:⚡ Using Custom Aggregator with Drift Metric...
[33mserver_1      |[0m INFO:server.aggregator:Starting FedAvg aggregation for 5 clients.
[32;1mclient_007_1  |[0m 2026-01-31 06:43:07,710 - __main__ - INFO - --- New Round Detected: 4 ---
[33mserver_1      |[0m INFO:werkzeug:172.18.0.12 - - [31/Jan/2026 06:43:07] "GET /download_model?round=4 HTTP/1.1" 200 -
[33;1mclient_006_1  |[0m 2026-01-31 06:43:07,778 - __main__ - INFO - Round 4 finished. Loss: 0.0000, Acc: 0.00%
[33mserver_1      |[0m INFO:werkzeug:172.18.0.22 - - [31/Jan/2026 06:43:07] "[31m[1mPOST /submit_update HTTP/1.1[0m" 400 -
[33;1mclient_006_1  |[0m 2026-01-31 06:43:07,846 - __main__ - ERROR - Update submission failed: {"error":"Not accepting updates"}
[33;1mclient_006_1  |[0m 
[33;1mclient_006_1  |[0m 2026-01-31 06:43:07,847 - __main__ - INFO - Update submitted for Round 4. Waiting...
[35mclient_003_1  |[0m 2026-01-31 06:43:08,399 - __main__ - INFO - --- New Round Detected: 4 ---
[33mserver_1      |[0m INFO:werkzeug:172.18.0.21 - - [31/Jan/2026 06:43:08] "GET /download_model?round=4 HTTP/1.1" 200 -
[35;1mclient_008_1  |[0m 2026-01-31 06:43:09,130 - __main__ - INFO - --- New Round Detected: 4 ---
[33mserver_1      |[0m INFO:werkzeug:172.18.0.20 - - [31/Jan/2026 06:43:09] "GET /download_model?round=4 HTTP/1.1" 200 -
[33mserver_1      |[0m INFO:server.aggregator:--- [METRIC] Weight Divergence: 1.2160
[33mserver_1      |[0m INFO:server.aggregator:FedAvg aggregation complete.
[33mserver_1      |[0m INFO:__main__:Aggregation complete.
[33mserver_1      |[0m ⏱️ [TIME] Client client_009 finished training in 3.54s
[33mserver_1      |[0m ⏱️ [TIME] Client client_001 finished training in 3.53s
[33mserver_1      |[0m ⏱️ [TIME] Client client_010 finished training in 2.63s
[33mserver_1      |[0m ⏱️ [TIME] Client client_004 finished training in 5.45s
[33mserver_1      |[0m ⏱️ [TIME] Client client_002 finished training in 4.99s
[33mserver_1      |[0m DEBUG: ⚠️ MY CUSTOM AGGREGATOR IS RUNNING ⚠️
[36;1mclient_005_1  |[0m 2026-01-31 06:43:09,501 - __main__ - INFO - Round 4 finished. Loss: 0.0000, Acc: 0.00%
[33mserver_1      |[0m INFO:werkzeug:172.18.0.19 - - [31/Jan/2026 06:43:09] "[31m[1mPOST /submit_update HTTP/1.1[0m" 400 -
[36;1mclient_005_1  |[0m 2026-01-31 06:43:09,567 - __main__ - ERROR - Update submission failed: {"error":"Not accepting updates"}
[36;1mclient_005_1  |[0m 
[36;1mclient_005_1  |[0m 2026-01-31 06:43:09,567 - __main__ - INFO - Update submitted for Round 4. Waiting...
[33mserver_1      |[0m INFO:__main__:💾 Saving metrics to results/metrics.csv...
[33mserver_1      |[0m INFO:__main__:--- Round 4 Acc: 38.74%, Loss: 1.6487 ---
[33mserver_1      |[0m INFO:__main__:--- Starting Round 5. Timeout: 600s ---
[33mserver_1      |[0m INFO:werkzeug:172.18.0.10 - - [31/Jan/2026 06:43:10] "POST /submit_update HTTP/1.1" 200 -
[32mclient_002_1  |[0m 2026-01-31 06:43:10,126 - __main__ - INFO - 🚀 Model update submitted successfully.
[32mclient_002_1  |[0m 2026-01-31 06:43:10,126 - __main__ - INFO - Update submitted for Round 4. Waiting...
[34;1mclient_009_1  |[0m 2026-01-31 06:43:12,445 - __main__ - INFO - --- New Round Detected: 5 ---
[33mserver_1      |[0m INFO:werkzeug:172.18.0.15 - - [31/Jan/2026 06:43:12] "GET /download_model?round=5 HTTP/1.1" 200 -
[35;1mclient_008_1  |[0m 2026-01-31 06:43:12,593 - __main__ - INFO - Round 4 finished. Loss: 0.0000, Acc: 0.00%
[33mclient_001_1  |[0m 2026-01-31 06:43:12,679 - __main__ - INFO - --- New Round Detected: 5 ---
[33mserver_1      |[0m INFO:werkzeug:172.18.0.18 - - [31/Jan/2026 06:43:12] "GET /download_model?round=5 HTTP/1.1" 200 -
[33mserver_1      |[0m INFO:__main__:Received update from client_008
[33mserver_1      |[0m INFO:werkzeug:172.18.0.20 - - [31/Jan/2026 06:43:12] "POST /submit_update HTTP/1.1" 200 -
[35;1mclient_008_1  |[0m 2026-01-31 06:43:12,736 - __main__ - INFO - 🚀 Model update submitted successfully.
[35;1mclient_008_1  |[0m 2026-01-31 06:43:12,736 - __main__ - INFO - Update submitted for Round 4. Waiting...
[36mclient_010_1  |[0m 2026-01-31 06:43:14,692 - __main__ - INFO - --- New Round Detected: 5 ---
[33mserver_1      |[0m INFO:werkzeug:172.18.0.16 - - [31/Jan/2026 06:43:14] "GET /download_model?round=5 HTTP/1.1" 200 -
[32;1mclient_007_1  |[0m 2026-01-31 06:43:15,202 - __main__ - INFO - Round 4 finished. Loss: 0.0000, Acc: 0.00%
[33mserver_1      |[0m INFO:__main__:Received update from client_007
[33mserver_1      |[0m INFO:werkzeug:172.18.0.12 - - [31/Jan/2026 06:43:15] "POST /submit_update HTTP/1.1" 200 -
[32;1mclient_007_1  |[0m 2026-01-31 06:43:15,360 - __main__ - INFO - 🚀 Model update submitted successfully.
[32;1mclient_007_1  |[0m 2026-01-31 06:43:15,360 - __main__ - INFO - Update submitted for Round 4. Waiting...
[35mclient_003_1  |[0m 2026-01-31 06:43:15,966 - __main__ - INFO - Round 4 finished. Loss: 0.0000, Acc: 0.00%
[33mserver_1      |[0m INFO:__main__:Received update from client_003
[33mserver_1      |[0m INFO:werkzeug:172.18.0.21 - - [31/Jan/2026 06:43:16] "POST /submit_update HTTP/1.1" 200 -
[35mclient_003_1  |[0m 2026-01-31 06:43:16,100 - __main__ - INFO - 🚀 Model update submitted successfully.
[35mclient_003_1  |[0m 2026-01-31 06:43:16,101 - __main__ - INFO - Update submitted for Round 4. Waiting...
[33mclient_001_1  |[0m 2026-01-31 06:43:16,450 - __main__ - INFO - Round 5 finished. Loss: 0.0000, Acc: 0.00%
[33mserver_1      |[0m INFO:__main__:Received update from client_001
[33mserver_1      |[0m INFO:werkzeug:172.18.0.18 - - [31/Jan/2026 06:43:16] "POST /submit_update HTTP/1.1" 200 -
[33mclient_001_1  |[0m 2026-01-31 06:43:16,587 - __main__ - INFO - 🚀 Model update submitted successfully.
[33mclient_001_1  |[0m 2026-01-31 06:43:16,587 - __main__ - INFO - Update submitted for Round 5. Waiting...
[34;1mclient_009_1  |[0m 2026-01-31 06:43:16,648 - __main__ - INFO - Round 5 finished. Loss: 0.0000, Acc: 0.00%
[33mserver_1      |[0m INFO:__main__:Received update from client_009
[33mserver_1      |[0m INFO:__main__:--- Aggregating 5 updates ---
[33mserver_1      |[0m INFO:__main__:⚡ Using Custom Aggregator with Drift Metric...
[33mserver_1      |[0m INFO:server.aggregator:Starting FedAvg aggregation for 5 clients.
[34mclient_004_1  |[0m 2026-01-31 06:43:17,274 - __main__ - INFO - --- New Round Detected: 5 ---
[33mserver_1      |[0m INFO:werkzeug:172.18.0.17 - - [31/Jan/2026 06:43:17] "GET /download_model?round=5 HTTP/1.1" 200 -
[33;1mclient_006_1  |[0m 2026-01-31 06:43:17,910 - __main__ - INFO - --- New Round Detected: 5 ---
[33mserver_1      |[0m INFO:werkzeug:172.18.0.22 - - [31/Jan/2026 06:43:17] "GET /download_model?round=5 HTTP/1.1" 200 -
[36mclient_010_1  |[0m 2026-01-31 06:43:18,614 - __main__ - INFO - Round 5 finished. Loss: 0.0000, Acc: 0.00%
[33mserver_1      |[0m INFO:werkzeug:172.18.0.16 - - [31/Jan/2026 06:43:18] "[31m[1mPOST /submit_update HTTP/1.1[0m" 400 -
[36mclient_010_1  |[0m 2026-01-31 06:43:18,678 - __main__ - ERROR - Update submission failed: {"error":"Not accepting updates"}
[36mclient_010_1  |[0m 
[36mclient_010_1  |[0m 2026-01-31 06:43:18,678 - __main__ - INFO - Update submitted for Round 5. Waiting...
[33mserver_1      |[0m INFO:server.aggregator:--- [METRIC] Weight Divergence: 1.1924
[33mserver_1      |[0m INFO:server.aggregator:FedAvg aggregation complete.
[33mserver_1      |[0m INFO:__main__:Aggregation complete.
[33mserver_1      |[0m ⏱️ [TIME] Client client_008 finished training in 3.29s
[33mserver_1      |[0m ⏱️ [TIME] Client client_007 finished training in 7.30s
[33mserver_1      |[0m ⏱️ [TIME] Client client_003 finished training in 7.36s
[33mserver_1      |[0m ⏱️ [TIME] Client client_001 finished training in 3.60s
[33mserver_1      |[0m ⏱️ [TIME] Client client_009 finished training in 4.01s
[33mserver_1      |[0m DEBUG: ⚠️ MY CUSTOM AGGREGATOR IS RUNNING ⚠️
[36;1mclient_005_1  |[0m 2026-01-31 06:43:19,629 - __main__ - INFO - --- New Round Detected: 5 ---
[33mserver_1      |[0m INFO:werkzeug:172.18.0.19 - - [31/Jan/2026 06:43:19] "GET /download_model?round=5 HTTP/1.1" 200 -
[32mclient_002_1  |[0m 2026-01-31 06:43:20,216 - __main__ - INFO - --- New Round Detected: 5 ---
[33mserver_1      |[0m INFO:__main__:💾 Saving metrics to results/metrics.csv...
[33mserver_1      |[0m INFO:__main__:--- Round 5 Acc: 38.48%, Loss: 1.6263 ---
[33mserver_1      |[0m INFO:__main__:--- Starting Round 6. Timeout: 600s ---
[33mserver_1      |[0m INFO:werkzeug:172.18.0.15 - - [31/Jan/2026 06:43:20] "POST /submit_update HTTP/1.1" 200 -
[33mserver_1      |[0m INFO:werkzeug:172.18.0.10 - - [31/Jan/2026 06:43:20] "GET /download_model?round=5 HTTP/1.1" 200 -
[34;1mclient_009_1  |[0m 2026-01-31 06:43:20,266 - __main__ - INFO - 🚀 Model update submitted successfully.
[34;1mclient_009_1  |[0m 2026-01-31 06:43:20,266 - __main__ - INFO - Update submitted for Round 5. Waiting...
[33;1mclient_006_1  |[0m 2026-01-31 06:43:22,272 - __main__ - INFO - Round 5 finished. Loss: 0.0000, Acc: 0.00%
[33mserver_1      |[0m INFO:__main__:Received update from client_006
[33mserver_1      |[0m INFO:werkzeug:172.18.0.22 - - [31/Jan/2026 06:43:22] "POST /submit_update HTTP/1.1" 200 -
[33;1mclient_006_1  |[0m 2026-01-31 06:43:22,408 - __main__ - INFO - 🚀 Model update submitted successfully.
[33;1mclient_006_1  |[0m 2026-01-31 06:43:22,408 - __main__ - INFO - Update submitted for Round 5. Waiting...
[36;1mclient_005_1  |[0m 2026-01-31 06:43:22,461 - __main__ - INFO - Round 5 finished. Loss: 0.0000, Acc: 0.00%
[33mserver_1      |[0m INFO:__main__:Received update from client_005
[33mserver_1      |[0m INFO:werkzeug:172.18.0.19 - - [31/Jan/2026 06:43:22] "POST /submit_update HTTP/1.1" 200 -
[36;1mclient_005_1  |[0m 2026-01-31 06:43:22,616 - __main__ - INFO - 🚀 Model update submitted successfully.
[36;1mclient_005_1  |[0m 2026-01-31 06:43:22,616 - __main__ - INFO - Update submitted for Round 5. Waiting...
[35;1mclient_008_1  |[0m 2026-01-31 06:43:22,806 - __main__ - INFO - --- New Round Detected: 6 ---
[33mserver_1      |[0m INFO:werkzeug:172.18.0.20 - - [31/Jan/2026 06:43:22] "GET /download_model?round=6 HTTP/1.1" 200 -
[34mclient_004_1  |[0m 2026-01-31 06:43:23,083 - __main__ - INFO - Round 5 finished. Loss: 0.0000, Acc: 0.00%
[33mserver_1      |[0m INFO:__main__:Received update from client_004
[33mserver_1      |[0m INFO:werkzeug:172.18.0.17 - - [31/Jan/2026 06:43:23] "POST /submit_update HTTP/1.1" 200 -
[34mclient_004_1  |[0m 2026-01-31 06:43:23,219 - __main__ - INFO - 🚀 Model update submitted successfully.
[34mclient_004_1  |[0m 2026-01-31 06:43:23,219 - __main__ - INFO - Update submitted for Round 5. Waiting...
[32mclient_002_1  |[0m 2026-01-31 06:43:25,126 - __main__ - INFO - Round 5 finished. Loss: 0.0000, Acc: 0.00%
[33mserver_1      |[0m INFO:__main__:Received update from client_002
[33mserver_1      |[0m INFO:werkzeug:172.18.0.10 - - [31/Jan/2026 06:43:25] "POST /submit_update HTTP/1.1" 200 -
[32mclient_002_1  |[0m 2026-01-31 06:43:25,261 - __main__ - INFO - 🚀 Model update submitted successfully.
[32mclient_002_1  |[0m 2026-01-31 06:43:25,261 - __main__ - INFO - Update submitted for Round 5. Waiting...
[32;1mclient_007_1  |[0m 2026-01-31 06:43:25,433 - __main__ - INFO - --- New Round Detected: 6 ---
[33mserver_1      |[0m INFO:werkzeug:172.18.0.12 - - [31/Jan/2026 06:43:25] "GET /download_model?round=6 HTTP/1.1" 200 -
[35;1mclient_008_1  |[0m 2026-01-31 06:43:26,028 - __main__ - INFO - Round 6 finished. Loss: 0.0000, Acc: 0.00%
[33mserver_1      |[0m INFO:__main__:Received update from client_008
[33mserver_1      |[0m INFO:__main__:--- Aggregating 5 updates ---
[33mserver_1      |[0m INFO:__main__:⚡ Using Custom Aggregator with Drift Metric...
[33mserver_1      |[0m INFO:server.aggregator:Starting FedAvg aggregation for 5 clients.
[35mclient_003_1  |[0m 2026-01-31 06:43:26,175 - __main__ - INFO - --- New Round Detected: 6 ---
[33mserver_1      |[0m INFO:werkzeug:172.18.0.21 - - [31/Jan/2026 06:43:26] "GET /download_model?round=6 HTTP/1.1" 200 -
[33mclient_001_1  |[0m 2026-01-31 06:43:26,667 - __main__ - INFO - --- New Round Detected: 6 ---
[33mserver_1      |[0m INFO:werkzeug:172.18.0.18 - - [31/Jan/2026 06:43:26] "GET /download_model?round=6 HTTP/1.1" 200 -
[33mserver_1      |[0m INFO:server.aggregator:--- [METRIC] Weight Divergence: 1.1329
[33mserver_1      |[0m INFO:server.aggregator:FedAvg aggregation complete.
[33mserver_1      |[0m INFO:__main__:Aggregation complete.
[33mserver_1      |[0m ⏱️ [TIME] Client client_006 finished training in 4.19s
[33mserver_1      |[0m ⏱️ [TIME] Client client_005 finished training in 2.66s
[33mserver_1      |[0m ⏱️ [TIME] Client client_004 finished training in 5.62s
[33mserver_1      |[0m ⏱️ [TIME] Client client_002 finished training in 4.74s
[33mserver_1      |[0m ⏱️ [TIME] Client client_008 finished training in 3.05s
[33mserver_1      |[0m DEBUG: ⚠️ MY CUSTOM AGGREGATOR IS RUNNING ⚠️
[36mclient_010_1  |[0m 2026-01-31 06:43:28,743 - __main__ - INFO - --- New Round Detected: 6 ---
[33mserver_1      |[0m INFO:werkzeug:172.18.0.16 - - [31/Jan/2026 06:43:28] "GET /download_model?round=6 HTTP/1.1" 200 -
[33mserver_1      |[0m INFO:__main__:💾 Saving metrics to results/metrics.csv...
[33mserver_1      |[0m INFO:__main__:--- Round 6 Acc: 42.38%, Loss: 1.5553 ---
[33mserver_1      |[0m INFO:__main__:--- Starting Round 7. Timeout: 600s ---
[33mserver_1      |[0m INFO:werkzeug:172.18.0.20 - - [31/Jan/2026 06:43:28] "POST /submit_update HTTP/1.1" 200 -
[35;1mclient_008_1  |[0m 2026-01-31 06:43:28,946 - __main__ - INFO - 🚀 Model update submitted successfully.
[35;1mclient_008_1  |[0m 2026-01-31 06:43:28,946 - __main__ - INFO - Update submitted for Round 6. Waiting...
[34;1mclient_009_1  |[0m 2026-01-31 06:43:30,400 - __main__ - INFO - --- New Round Detected: 7 ---
[33mserver_1      |[0m INFO:werkzeug:172.18.0.15 - - [31/Jan/2026 06:43:30] "GET /download_model?round=7 HTTP/1.1" 200 -
[33mclient_001_1  |[0m 2026-01-31 06:43:30,458 - __main__ - INFO - Round 6 finished. Loss: 0.0000, Acc: 0.00%
[33mserver_1      |[0m INFO:__main__:Received update from client_001
[33mserver_1      |[0m INFO:werkzeug:172.18.0.18 - - [31/Jan/2026 06:43:30] "POST /submit_update HTTP/1.1" 200 -
[33mclient_001_1  |[0m 2026-01-31 06:43:30,593 - __main__ - INFO - 🚀 Model update submitted successfully.
[33mclient_001_1  |[0m 2026-01-31 06:43:30,593 - __main__ - INFO - Update submitted for Round 6. Waiting...
[33;1mclient_006_1  |[0m 2026-01-31 06:43:32,471 - __main__ - INFO - --- New Round Detected: 7 ---
[33mserver_1      |[0m INFO:werkzeug:172.18.0.22 - - [31/Jan/2026 06:43:32] "GET /download_model?round=7 HTTP/1.1" 200 -
[36;1mclient_005_1  |[0m 2026-01-31 06:43:32,679 - __main__ - INFO - --- New Round Detected: 7 ---
[33mserver_1      |[0m INFO:werkzeug:172.18.0.19 - - [31/Jan/2026 06:43:32] "GET /download_model?round=7 HTTP/1.1" 200 -
[32;1mclient_007_1  |[0m 2026-01-31 06:43:32,865 - __main__ - INFO - Round 6 finished. Loss: 0.0000, Acc: 0.00%
[33mserver_1      |[0m INFO:__main__:Received update from client_007
[33mserver_1      |[0m INFO:werkzeug:172.18.0.12 - - [31/Jan/2026 06:43:32] "POST /submit_update HTTP/1.1" 200 -
[32;1mclient_007_1  |[0m 2026-01-31 06:43:33,000 - __main__ - INFO - 🚀 Model update submitted successfully.
[32;1mclient_007_1  |[0m 2026-01-31 06:43:33,000 - __main__ - INFO - Update submitted for Round 6. Waiting...
[34mclient_004_1  |[0m 2026-01-31 06:43:33,282 - __main__ - INFO - --- New Round Detected: 7 ---
[33mserver_1      |[0m INFO:werkzeug:172.18.0.17 - - [31/Jan/2026 06:43:33] "GET /download_model?round=7 HTTP/1.1" 200 -
[35mclient_003_1  |[0m 2026-01-31 06:43:33,765 - __main__ - INFO - Round 6 finished. Loss: 0.0000, Acc: 0.00%
[33mserver_1      |[0m INFO:__main__:Received update from client_003
[33mserver_1      |[0m INFO:werkzeug:172.18.0.21 - - [31/Jan/2026 06:43:33] "POST /submit_update HTTP/1.1" 200 -
[35mclient_003_1  |[0m 2026-01-31 06:43:33,899 - __main__ - INFO - 🚀 Model update submitted successfully.
[35mclient_003_1  |[0m 2026-01-31 06:43:33,899 - __main__ - INFO - Update submitted for Round 6. Waiting...
[36mclient_010_1  |[0m 2026-01-31 06:43:34,096 - __main__ - INFO - Round 6 finished. Loss: 0.0000, Acc: 0.00%
[33mserver_1      |[0m INFO:__main__:Received update from client_010
[33mserver_1      |[0m INFO:werkzeug:172.18.0.16 - - [31/Jan/2026 06:43:34] "POST /submit_update HTTP/1.1" 200 -
[36mclient_010_1  |[0m 2026-01-31 06:43:34,231 - __main__ - INFO - 🚀 Model update submitted successfully.
[36mclient_010_1  |[0m 2026-01-31 06:43:34,231 - __main__ - INFO - Update submitted for Round 6. Waiting...
[34;1mclient_009_1  |[0m 2026-01-31 06:43:34,652 - __main__ - INFO - Round 7 finished. Loss: 0.0000, Acc: 0.00%
[33mserver_1      |[0m INFO:__main__:Received update from client_009
[33mserver_1      |[0m INFO:__main__:--- Aggregating 5 updates ---
[33mserver_1      |[0m INFO:__main__:⚡ Using Custom Aggregator with Drift Metric...
[33mserver_1      |[0m INFO:server.aggregator:Starting FedAvg aggregation for 5 clients.
[32mclient_002_1  |[0m 2026-01-31 06:43:35,337 - __main__ - INFO - --- New Round Detected: 7 ---
[33mserver_1      |[0m INFO:werkzeug:172.18.0.10 - - [31/Jan/2026 06:43:35] "GET /download_model?round=7 HTTP/1.1" 200 -
[36;1mclient_005_1  |[0m 2026-01-31 06:43:35,590 - __main__ - INFO - Round 7 finished. Loss: 0.0000, Acc: 0.00%
[33mserver_1      |[0m INFO:werkzeug:172.18.0.19 - - [31/Jan/2026 06:43:35] "[31m[1mPOST /submit_update HTTP/1.1[0m" 400 -
[36;1mclient_005_1  |[0m 2026-01-31 06:43:35,659 - __main__ - ERROR - Update submission failed: {"error":"Not accepting updates"}
[36;1mclient_005_1  |[0m 
[36;1mclient_005_1  |[0m 2026-01-31 06:43:35,659 - __main__ - INFO - Update submitted for Round 7. Waiting...
[33mserver_1      |[0m ⏱️ [TIME] Client client_001 finished training in 3.62s
[33mserver_1      |[0m ⏱️ [TIME] Client client_007 finished training in 7.26s
[33mserver_1      |[0m ⏱️ [TIME] Client client_003 finished training in 7.40s
[33mserver_1      |[0m ⏱️ [TIME] Client client_010 finished training in 5.17s
[33mserver_1      |[0m ⏱️ [TIME] Client client_009 finished training in 4.08s
[33mserver_1      |[0m DEBUG: ⚠️ MY CUSTOM AGGREGATOR IS RUNNING ⚠️
[33mserver_1      |[0m INFO:server.aggregator:--- [METRIC] Weight Divergence: 1.2321
[33mserver_1      |[0m INFO:server.aggregator:FedAvg aggregation complete.
[33mserver_1      |[0m INFO:__main__:Aggregation complete.
[33mserver_1      |[0m INFO:__main__:💾 Saving metrics to results/metrics.csv...
[33mserver_1      |[0m INFO:__main__:--- Round 7 Acc: 38.99%, Loss: 1.6187 ---
[33mserver_1      |[0m INFO:__main__:--- Starting Round 8. Timeout: 600s ---
[33mserver_1      |[0m INFO:werkzeug:172.18.0.15 - - [31/Jan/2026 06:43:37] "POST /submit_update HTTP/1.1" 200 -
[34;1mclient_009_1  |[0m 2026-01-31 06:43:37,527 - __main__ - INFO - 🚀 Model update submitted successfully.
[34;1mclient_009_1  |[0m 2026-01-31 06:43:37,527 - __main__ - INFO - Update submitted for Round 7. Waiting...
[33;1mclient_006_1  |[0m 2026-01-31 06:43:38,838 - __main__ - INFO - Round 7 finished. Loss: 0.0000, Acc: 0.00%
[33mserver_1      |[0m INFO:__main__:Received update from client_006
[33mserver_1      |[0m INFO:werkzeug:172.18.0.22 - - [31/Jan/2026 06:43:38] "POST /submit_update HTTP/1.1" 200 -
[33;1mclient_006_1  |[0m 2026-01-31 06:43:38,975 - __main__ - INFO - 🚀 Model update submitted successfully.
[33;1mclient_006_1  |[0m 2026-01-31 06:43:38,975 - __main__ - INFO - Update submitted for Round 7. Waiting...
[34mclient_004_1  |[0m 2026-01-31 06:43:38,997 - __main__ - INFO - Round 7 finished. Loss: 0.0000, Acc: 0.00%
[35;1mclient_008_1  |[0m 2026-01-31 06:43:39,024 - __main__ - INFO - --- New Round Detected: 8 ---
[33mserver_1      |[0m INFO:werkzeug:172.18.0.20 - - [31/Jan/2026 06:43:39] "GET /download_model?round=8 HTTP/1.1" 200 -
[33mserver_1      |[0m INFO:__main__:Received update from client_004
[33mserver_1      |[0m INFO:werkzeug:172.18.0.17 - - [31/Jan/2026 06:43:39] "POST /submit_update HTTP/1.1" 200 -
[34mclient_004_1  |[0m 2026-01-31 06:43:39,151 - __main__ - INFO - 🚀 Model update submitted successfully.
[34mclient_004_1  |[0m 2026-01-31 06:43:39,151 - __main__ - INFO - Update submitted for Round 7. Waiting...
[32mclient_002_1  |[0m 2026-01-31 06:43:40,111 - __main__ - INFO - Round 7 finished. Loss: 0.0000, Acc: 0.00%
[33mserver_1      |[0m INFO:__main__:Received update from client_002
[33mserver_1      |[0m INFO:werkzeug:172.18.0.10 - - [31/Jan/2026 06:43:40] "POST /submit_update HTTP/1.1" 200 -
[32mclient_002_1  |[0m 2026-01-31 06:43:40,247 - __main__ - INFO - 🚀 Model update submitted successfully.
[32mclient_002_1  |[0m 2026-01-31 06:43:40,247 - __main__ - INFO - Update submitted for Round 7. Waiting...
[33mclient_001_1  |[0m 2026-01-31 06:43:40,664 - __main__ - INFO - --- New Round Detected: 8 ---
[33mserver_1      |[0m INFO:werkzeug:172.18.0.18 - - [31/Jan/2026 06:43:40] "GET /download_model?round=8 HTTP/1.1" 200 -
[35;1mclient_008_1  |[0m 2026-01-31 06:43:42,393 - __main__ - INFO - Round 8 finished. Loss: 0.0000, Acc: 0.00%
[33mserver_1      |[0m INFO:__main__:Received update from client_008
[33mserver_1      |[0m INFO:werkzeug:172.18.0.20 - - [31/Jan/2026 06:43:42] "POST /submit_update HTTP/1.1" 200 -
[35;1mclient_008_1  |[0m 2026-01-31 06:43:42,549 - __main__ - INFO - 🚀 Model update submitted successfully.
[35;1mclient_008_1  |[0m 2026-01-31 06:43:42,549 - __main__ - INFO - Update submitted for Round 8. Waiting...
[32;1mclient_007_1  |[0m 2026-01-31 06:43:43,062 - __main__ - INFO - --- New Round Detected: 8 ---
[33mserver_1      |[0m INFO:werkzeug:172.18.0.12 - - [31/Jan/2026 06:43:43] "GET /download_model?round=8 HTTP/1.1" 200 -
[35mclient_003_1  |[0m 2026-01-31 06:43:43,972 - __main__ - INFO - --- New Round Detected: 8 ---
[33mserver_1      |[0m INFO:werkzeug:172.18.0.21 - - [31/Jan/2026 06:43:43] "GET /download_model?round=8 HTTP/1.1" 200 -
[36mclient_010_1  |[0m 2026-01-31 06:43:44,307 - __main__ - INFO - --- New Round Detected: 8 ---
[33mserver_1      |[0m INFO:werkzeug:172.18.0.16 - - [31/Jan/2026 06:43:44] "GET /download_model?round=8 HTTP/1.1" 200 -
[33mclient_001_1  |[0m 2026-01-31 06:43:44,404 - __main__ - INFO - Round 8 finished. Loss: 0.0000, Acc: 0.00%
[33mserver_1      |[0m INFO:__main__:Received update from client_001
[33mserver_1      |[0m INFO:__main__:--- Aggregating 5 updates ---
[33mserver_1      |[0m INFO:__main__:⚡ Using Custom Aggregator with Drift Metric...
[33mserver_1      |[0m INFO:server.aggregator:Starting FedAvg aggregation for 5 clients.
[36;1mclient_005_1  |[0m 2026-01-31 06:43:45,725 - __main__ - INFO - --- New Round Detected: 8 ---
[33mserver_1      |[0m INFO:werkzeug:172.18.0.19 - - [31/Jan/2026 06:43:45] "GET /download_model?round=8 HTTP/1.1" 200 -
[33mserver_1      |[0m INFO:server.aggregator:--- [METRIC] Weight Divergence: 1.2446
[33mserver_1      |[0m INFO:server.aggregator:FedAvg aggregation complete.
[33mserver_1      |[0m INFO:__main__:Aggregation complete.
[33mserver_1      |[0m ⏱️ [TIME] Client client_006 finished training in 6.19s
[33mserver_1      |[0m ⏱️ [TIME] Client client_004 finished training in 5.55s
[33mserver_1      |[0m ⏱️ [TIME] Client client_002 finished training in 4.61s
[33mserver_1      |[0m ⏱️ [TIME] Client client_008 finished training in 3.18s
[33mserver_1      |[0m ⏱️ [TIME] Client client_001 finished training in 3.54s
[33mserver_1      |[0m DEBUG: ⚠️ MY CUSTOM AGGREGATOR IS RUNNING ⚠️
[34;1mclient_009_1  |[0m 2026-01-31 06:43:47,590 - __main__ - INFO - --- New Round Detected: 8 ---
[33mserver_1      |[0m INFO:werkzeug:172.18.0.15 - - [31/Jan/2026 06:43:47] "GET /download_model?round=8 HTTP/1.1" 200 -
[33mserver_1      |[0m INFO:__main__:💾 Saving metrics to results/metrics.csv...
[33mserver_1      |[0m INFO:__main__:--- Round 8 Acc: 45.58%, Loss: 1.4950 ---
[33mserver_1      |[0m INFO:__main__:--- Starting Round 9. Timeout: 600s ---
[33mserver_1      |[0m INFO:werkzeug:172.18.0.18 - - [31/Jan/2026 06:43:47] "POST /submit_update HTTP/1.1" 200 -
[33mclient_001_1  |[0m 2026-01-31 06:43:47,900 - __main__ - INFO - 🚀 Model update submitted successfully.
[33mclient_001_1  |[0m 2026-01-31 06:43:47,900 - __main__ - INFO - Update submitted for Round 8. Waiting...
[36;1mclient_005_1  |[0m 2026-01-31 06:43:48,712 - __main__ - INFO - Round 8 finished. Loss: 0.0000, Acc: 0.00%
[33mserver_1      |[0m INFO:__main__:Received update from client_005
[33mserver_1      |[0m INFO:werkzeug:172.18.0.19 - - [31/Jan/2026 06:43:48] "POST /submit_update HTTP/1.1" 200 -
[36;1mclient_005_1  |[0m 2026-01-31 06:43:48,847 - __main__ - INFO - 🚀 Model update submitted successfully.
[36;1mclient_005_1  |[0m 2026-01-31 06:43:48,848 - __main__ - INFO - Update submitted for Round 8. Waiting...
[33;1mclient_006_1  |[0m 2026-01-31 06:43:49,041 - __main__ - INFO - --- New Round Detected: 9 ---
[33mserver_1      |[0m INFO:werkzeug:172.18.0.22 - - [31/Jan/2026 06:43:49] "GET /download_model?round=9 HTTP/1.1" 200 -
[34mclient_004_1  |[0m 2026-01-31 06:43:49,221 - __main__ - INFO - --- New Round Detected: 9 ---
[33mserver_1      |[0m INFO:werkzeug:172.18.0.17 - - [31/Jan/2026 06:43:49] "GET /download_model?round=9 HTTP/1.1" 200 -
[36mclient_010_1  |[0m 2026-01-31 06:43:49,603 - __main__ - INFO - Round 8 finished. Loss: 0.0000, Acc: 0.00%
[33mserver_1      |[0m INFO:__main__:Received update from client_010
[33mserver_1      |[0m INFO:werkzeug:172.18.0.16 - - [31/Jan/2026 06:43:49] "POST /submit_update HTTP/1.1" 200 -
[36mclient_010_1  |[0m 2026-01-31 06:43:49,738 - __main__ - INFO - 🚀 Model update submitted successfully.
[36mclient_010_1  |[0m 2026-01-31 06:43:49,739 - __main__ - INFO - Update submitted for Round 8. Waiting...
[32mclient_002_1  |[0m 2026-01-31 06:43:50,308 - __main__ - INFO - --- New Round Detected: 9 ---
[33mserver_1      |[0m INFO:werkzeug:172.18.0.10 - - [31/Jan/2026 06:43:50] "GET /download_model?round=9 HTTP/1.1" 200 -
[32;1mclient_007_1  |[0m 2026-01-31 06:43:50,592 - __main__ - INFO - Round 8 finished. Loss: 0.0000, Acc: 0.00%
[33mserver_1      |[0m INFO:__main__:Received update from client_007
[33mserver_1      |[0m INFO:werkzeug:172.18.0.12 - - [31/Jan/2026 06:43:50] "POST /submit_update HTTP/1.1" 200 -
[32;1mclient_007_1  |[0m 2026-01-31 06:43:50,726 - __main__ - INFO - 🚀 Model update submitted successfully.
[32;1mclient_007_1  |[0m 2026-01-31 06:43:50,726 - __main__ - INFO - Update submitted for Round 8. Waiting...
[35mclient_003_1  |[0m 2026-01-31 06:43:51,728 - __main__ - INFO - Round 8 finished. Loss: 0.0000, Acc: 0.00%
[33mserver_1      |[0m INFO:__main__:Received update from client_003
[33mserver_1      |[0m INFO:werkzeug:172.18.0.21 - - [31/Jan/2026 06:43:51] "POST /submit_update HTTP/1.1" 200 -
[35mclient_003_1  |[0m 2026-01-31 06:43:51,863 - __main__ - INFO - 🚀 Model update submitted successfully.
[35mclient_003_1  |[0m 2026-01-31 06:43:51,863 - __main__ - INFO - Update submitted for Round 8. Waiting...
[34;1mclient_009_1  |[0m 2026-01-31 06:43:51,969 - __main__ - INFO - Round 8 finished. Loss: 0.0000, Acc: 0.00%
[33mserver_1      |[0m INFO:__main__:Received update from client_009
[33mserver_1      |[0m INFO:__main__:--- Aggregating 5 updates ---
[33mserver_1      |[0m INFO:__main__:⚡ Using Custom Aggregator with Drift Metric...
[33mserver_1      |[0m INFO:server.aggregator:Starting FedAvg aggregation for 5 clients.
[35;1mclient_008_1  |[0m 2026-01-31 06:43:52,616 - __main__ - INFO - --- New Round Detected: 9 ---
[33mserver_1      |[0m INFO:werkzeug:172.18.0.20 - - [31/Jan/2026 06:43:52] "GET /download_model?round=9 HTTP/1.1" 200 -
[33mserver_1      |[0m INFO:server.aggregator:--- [METRIC] Weight Divergence: 1.1806
[33mserver_1      |[0m INFO:server.aggregator:FedAvg aggregation complete.
[33mserver_1      |[0m INFO:__main__:Aggregation complete.
[33mserver_1      |[0m ⏱️ [TIME] Client client_005 finished training in 2.81s
[33mserver_1      |[0m ⏱️ [TIME] Client client_010 finished training in 5.11s
[33mserver_1      |[0m ⏱️ [TIME] Client client_007 finished training in 7.34s
[33mserver_1      |[0m ⏱️ [TIME] Client client_003 finished training in 7.58s
[33mserver_1      |[0m ⏱️ [TIME] Client client_009 finished training in 4.20s
[33mserver_1      |[0m DEBUG: ⚠️ MY CUSTOM AGGREGATOR IS RUNNING ⚠️
[33mserver_1      |[0m INFO:__main__:💾 Saving metrics to results/metrics.csv...
[33mserver_1      |[0m INFO:__main__:--- Round 9 Acc: 43.21%, Loss: 1.5151 ---
[33mserver_1      |[0m INFO:__main__:--- Starting Round 10. Timeout: 600s ---
[33mserver_1      |[0m INFO:werkzeug:172.18.0.15 - - [31/Jan/2026 06:43:54] "POST /submit_update HTTP/1.1" 200 -
[34;1mclient_009_1  |[0m 2026-01-31 06:43:54,570 - __main__ - INFO - 🚀 Model update submitted successfully.
[34;1mclient_009_1  |[0m 2026-01-31 06:43:54,570 - __main__ - INFO - Update submitted for Round 8. Waiting...
[34mclient_004_1  |[0m 2026-01-31 06:43:55,040 - __main__ - INFO - Round 9 finished. Loss: 0.0000, Acc: 0.00%
[33mserver_1      |[0m INFO:__main__:Received update from client_004
[33mserver_1      |[0m INFO:werkzeug:172.18.0.17 - - [31/Jan/2026 06:43:55] "POST /submit_update HTTP/1.1" 200 -
[34mclient_004_1  |[0m 2026-01-31 06:43:55,177 - __main__ - INFO - 🚀 Model update submitted successfully.
[34mclient_004_1  |[0m 2026-01-31 06:43:55,177 - __main__ - INFO - Update submitted for Round 9. Waiting...
[32mclient_002_1  |[0m 2026-01-31 06:43:55,647 - __main__ - INFO - Round 9 finished. Loss: 0.0000, Acc: 0.00%
[33;1mclient_006_1  |[0m 2026-01-31 06:43:55,681 - __main__ - INFO - Round 9 finished. Loss: 0.0000, Acc: 0.00%
[33mserver_1      |[0m INFO:__main__:Received update from client_002
[33mserver_1      |[0m INFO:werkzeug:172.18.0.10 - - [31/Jan/2026 06:43:55] "POST /submit_update HTTP/1.1" 200 -
[32mclient_002_1  |[0m 2026-01-31 06:43:55,783 - __main__ - INFO - 🚀 Model update submitted successfully.
[32mclient_002_1  |[0m 2026-01-31 06:43:55,783 - __main__ - INFO - Update submitted for Round 9. Waiting...
[33mserver_1      |[0m INFO:__main__:Received update from client_006
[33mserver_1      |[0m INFO:werkzeug:172.18.0.22 - - [31/Jan/2026 06:43:55] "POST /submit_update HTTP/1.1" 200 -
[33;1mclient_006_1  |[0m 2026-01-31 06:43:55,816 - __main__ - INFO - 🚀 Model update submitted successfully.
[33;1mclient_006_1  |[0m 2026-01-31 06:43:55,816 - __main__ - INFO - Update submitted for Round 9. Waiting...
[35;1mclient_008_1  |[0m 2026-01-31 06:43:55,967 - __main__ - INFO - Round 9 finished. Loss: 0.0000, Acc: 0.00%
[33mserver_1      |[0m INFO:__main__:Received update from client_008
[33mserver_1      |[0m INFO:werkzeug:172.18.0.20 - - [31/Jan/2026 06:43:56] "POST /submit_update HTTP/1.1" 200 -
[35;1mclient_008_1  |[0m 2026-01-31 06:43:56,122 - __main__ - INFO - 🚀 Model update submitted successfully.
[35;1mclient_008_1  |[0m 2026-01-31 06:43:56,122 - __main__ - INFO - Update submitted for Round 9. Waiting...
[33mclient_001_1  |[0m 2026-01-31 06:43:57,987 - __main__ - INFO - --- New Round Detected: 10 ---
[33mserver_1      |[0m INFO:werkzeug:172.18.0.18 - - [31/Jan/2026 06:43:58] "GET /download_model?round=10 HTTP/1.1" 200 -
[36;1mclient_005_1  |[0m 2026-01-31 06:43:58,918 - __main__ - INFO - --- New Round Detected: 10 ---
[33mserver_1      |[0m INFO:werkzeug:172.18.0.19 - - [31/Jan/2026 06:43:58] "GET /download_model?round=10 HTTP/1.1" 200 -
[36mclient_010_1  |[0m 2026-01-31 06:43:59,816 - __main__ - INFO - --- New Round Detected: 10 ---
[33mserver_1      |[0m INFO:werkzeug:172.18.0.16 - - [31/Jan/2026 06:43:59] "GET /download_model?round=10 HTTP/1.1" 200 -
[33mclient_001_1  |[0m 2026-01-31 06:43:59,914 - __main__ - INFO - Round 10 finished. Loss: 0.0000, Acc: 0.00%
[33mserver_1      |[0m INFO:__main__:Received update from client_001
[33mserver_1      |[0m INFO:__main__:--- Aggregating 5 updates ---
[33mserver_1      |[0m INFO:__main__:⚡ Using Custom Aggregator with Drift Metric...
[33mserver_1      |[0m INFO:server.aggregator:Starting FedAvg aggregation for 5 clients.
[32;1mclient_007_1  |[0m 2026-01-31 06:44:00,790 - __main__ - INFO - --- New Round Detected: 10 ---
[33mserver_1      |[0m INFO:werkzeug:172.18.0.12 - - [31/Jan/2026 06:44:00] "GET /download_model?round=10 HTTP/1.1" 200 -
[33mserver_1      |[0m INFO:server.aggregator:--- [METRIC] Weight Divergence: 1.2208
[33mserver_1      |[0m INFO:server.aggregator:FedAvg aggregation complete.
[33mserver_1      |[0m INFO:__main__:Aggregation complete.
[33mserver_1      |[0m ⏱️ [TIME] Client client_004 finished training in 5.62s
[33mserver_1      |[0m ⏱️ [TIME] Client client_002 finished training in 5.16s
[33mserver_1      |[0m ⏱️ [TIME] Client client_006 finished training in 6.47s
[33mserver_1      |[0m ⏱️ [TIME] Client client_008 finished training in 3.16s
[33mserver_1      |[0m ⏱️ [TIME] Client client_001 finished training in 1.76s
[33mserver_1      |[0m DEBUG: ⚠️ MY CUSTOM AGGREGATOR IS RUNNING ⚠️
[36;1mclient_005_1  |[0m 2026-01-31 06:44:01,799 - __main__ - INFO - Round 10 finished. Loss: 0.0000, Acc: 0.00%
[33mserver_1      |[0m INFO:werkzeug:172.18.0.19 - - [31/Jan/2026 06:44:02] "[31m[1mPOST /submit_update HTTP/1.1[0m" 400 -
[35mclient_003_1  |[0m 2026-01-31 06:44:02,282 - __main__ - INFO - --- New Round Detected: 10 ---
[36;1mclient_005_1  |[0m 2026-01-31 06:44:02,291 - __main__ - ERROR - Update submission failed: {"error":"Not accepting updates"}
[36;1mclient_005_1  |[0m 
[36;1mclient_005_1  |[0m 2026-01-31 06:44:02,291 - __main__ - INFO - Update submitted for Round 10. Waiting...
[33mserver_1      |[0m INFO:werkzeug:172.18.0.21 - - [31/Jan/2026 06:44:02] "GET /download_model?round=10 HTTP/1.1" 200 -
[33mserver_1      |[0m INFO:__main__:💾 Saving metrics to results/metrics.csv...
[33mserver_1      |[0m INFO:__main__:--- Round 10 Acc: 46.89%, Loss: 1.4402 ---
[33mserver_1      |[0m INFO:__main__:--- Starting Round 11. Timeout: 600s ---
[33mserver_1      |[0m INFO:werkzeug:172.18.0.18 - - [31/Jan/2026 06:44:03] "POST /submit_update HTTP/1.1" 200 -
[33mclient_001_1  |[0m 2026-01-31 06:44:03,234 - __main__ - INFO - 🚀 Model update submitted successfully.
[33mclient_001_1  |[0m 2026-01-31 06:44:03,235 - __main__ - INFO - Update submitted for Round 10. Waiting...
[34;1mclient_009_1  |[0m 2026-01-31 06:44:04,634 - __main__ - INFO - --- New Round Detected: 11 ---
[33mserver_1      |[0m INFO:werkzeug:172.18.0.15 - - [31/Jan/2026 06:44:04] "GET /download_model?round=11 HTTP/1.1" 200 -
[36mclient_010_1  |[0m 2026-01-31 06:44:05,172 - __main__ - INFO - Round 10 finished. Loss: 0.0000, Acc: 0.00%
[33mserver_1      |[0m INFO:__main__:Received update from client_010
[33mserver_1      |[0m INFO:werkzeug:172.18.0.16 - - [31/Jan/2026 06:44:05] "POST /submit_update HTTP/1.1" 200 -
[34mclient_004_1  |[0m 2026-01-31 06:44:05,305 - __main__ - INFO - --- New Round Detected: 11 ---
[36mclient_010_1  |[0m 2026-01-31 06:44:05,311 - __main__ - INFO - 🚀 Model update submitted successfully.
[36mclient_010_1  |[0m 2026-01-31 06:44:05,311 - __main__ - INFO - Update submitted for Round 10. Waiting...
[33mserver_1      |[0m INFO:werkzeug:172.18.0.17 - - [31/Jan/2026 06:44:05] "GET /download_model?round=11 HTTP/1.1" 200 -
[32mclient_002_1  |[0m 2026-01-31 06:44:05,845 - __main__ - INFO - --- New Round Detected: 11 ---
[33mserver_1      |[0m INFO:werkzeug:172.18.0.10 - - [31/Jan/2026 06:44:05] "GET /download_model?round=11 HTTP/1.1" 200 -
[33;1mclient_006_1  |[0m 2026-01-31 06:44:05,879 - __main__ - INFO - --- New Round Detected: 11 ---
[33mserver_1      |[0m INFO:werkzeug:172.18.0.22 - - [31/Jan/2026 06:44:05] "GET /download_model?round=11 HTTP/1.1" 200 -
[35;1mclient_008_1  |[0m 2026-01-31 06:44:06,196 - __main__ - INFO - --- New Round Detected: 11 ---
[33mserver_1      |[0m INFO:werkzeug:172.18.0.20 - - [31/Jan/2026 06:44:06] "GET /download_model?round=11 HTTP/1.1" 200 -
[32;1mclient_007_1  |[0m 2026-01-31 06:44:08,223 - __main__ - INFO - Round 10 finished. Loss: 0.0000, Acc: 0.00%
[33mserver_1      |[0m INFO:__main__:Received update from client_007
[33mserver_1      |[0m INFO:werkzeug:172.18.0.12 - - [31/Jan/2026 06:44:08] "POST /submit_update HTTP/1.1" 200 -
[32;1mclient_007_1  |[0m 2026-01-31 06:44:08,358 - __main__ - INFO - 🚀 Model update submitted successfully.
[32;1mclient_007_1  |[0m 2026-01-31 06:44:08,358 - __main__ - INFO - Update submitted for Round 10. Waiting...
[34mclient_004_1  |[0m 2026-01-31 06:44:08,480 - __main__ - INFO - Round 11 finished. Loss: 0.0000, Acc: 0.00%
[33mserver_1      |[0m INFO:__main__:Received update from client_004
[33mserver_1      |[0m INFO:werkzeug:172.18.0.17 - - [31/Jan/2026 06:44:08] "POST /submit_update HTTP/1.1" 200 -
[34mclient_004_1  |[0m 2026-01-31 06:44:08,614 - __main__ - INFO - 🚀 Model update submitted successfully.
[34mclient_004_1  |[0m 2026-01-31 06:44:08,614 - __main__ - INFO - Update submitted for Round 11. Waiting...
[34;1mclient_009_1  |[0m 2026-01-31 06:44:09,127 - __main__ - INFO - Round 11 finished. Loss: 0.0000, Acc: 0.00%
[33mserver_1      |[0m INFO:__main__:Received update from client_009
[33mserver_1      |[0m INFO:werkzeug:172.18.0.15 - - [31/Jan/2026 06:44:09] "POST /submit_update HTTP/1.1" 200 -
[34;1mclient_009_1  |[0m 2026-01-31 06:44:09,262 - __main__ - INFO - 🚀 Model update submitted successfully.
[34;1mclient_009_1  |[0m 2026-01-31 06:44:09,262 - __main__ - INFO - Update submitted for Round 11. Waiting...
[35;1mclient_008_1  |[0m 2026-01-31 06:44:09,610 - __main__ - INFO - Round 11 finished. Loss: 0.0000, Acc: 0.00%
[33mserver_1      |[0m INFO:__main__:Received update from client_008
[33mserver_1      |[0m INFO:__main__:--- Aggregating 5 updates ---
[33mserver_1      |[0m INFO:__main__:⚡ Using Custom Aggregator with Drift Metric...
[33mserver_1      |[0m INFO:server.aggregator:Starting FedAvg aggregation for 5 clients.
[35mclient_003_1  |[0m 2026-01-31 06:44:10,080 - __main__ - INFO - Round 10 finished. Loss: 0.0000, Acc: 0.00%
[33mserver_1      |[0m INFO:werkzeug:172.18.0.21 - - [31/Jan/2026 06:44:10] "[31m[1mPOST /submit_update HTTP/1.1[0m" 400 -
[35mclient_003_1  |[0m 2026-01-31 06:44:10,150 - __main__ - ERROR - Update submission failed: {"error":"Not accepting updates"}
[35mclient_003_1  |[0m 
[35mclient_003_1  |[0m 2026-01-31 06:44:10,150 - __main__ - INFO - Update submitted for Round 10. Waiting...
[32mclient_002_1  |[0m 2026-01-31 06:44:11,200 - __main__ - INFO - Round 11 finished. Loss: 0.0000, Acc: 0.00%
[33mserver_1      |[0m INFO:server.aggregator:--- [METRIC] Weight Divergence: 1.2609
[33mserver_1      |[0m INFO:server.aggregator:FedAvg aggregation complete.
[33mserver_1      |[0m INFO:__main__:Aggregation complete.
[33mserver_1      |[0m INFO:werkzeug:172.18.0.10 - - [31/Jan/2026 06:44:11] "[31m[1mPOST /submit_update HTTP/1.1[0m" 400 -
[32mclient_002_1  |[0m 2026-01-31 06:44:11,272 - __main__ - ERROR - Update submission failed: {"error":"Not accepting updates"}
[32mclient_002_1  |[0m 
[32mclient_002_1  |[0m 2026-01-31 06:44:11,272 - __main__ - INFO - Update submitted for Round 11. Waiting...
[33mserver_1      |[0m ⏱️ [TIME] Client client_010 finished training in 5.16s
[33mserver_1      |[0m ⏱️ [TIME] Client client_007 finished training in 7.23s
[33mserver_1      |[0m ⏱️ [TIME] Client client_004 finished training in 2.99s
[33mserver_1      |[0m ⏱️ [TIME] Client client_009 finished training in 4.32s
[33mserver_1      |[0m ⏱️ [TIME] Client client_008 finished training in 3.22s
[33mserver_1      |[0m DEBUG: ⚠️ MY CUSTOM AGGREGATOR IS RUNNING ⚠️
[33;1mclient_006_1  |[0m 2026-01-31 06:44:12,478 - __main__ - INFO - Round 11 finished. Loss: 0.0000, Acc: 0.00%
[33mserver_1      |[0m INFO:werkzeug:172.18.0.22 - - [31/Jan/2026 06:44:12] "[31m[1mPOST /submit_update HTTP/1.1[0m" 400 -
[36;1mclient_005_1  |[0m 2026-01-31 06:44:12,621 - __main__ - INFO - --- New Round Detected: 11 ---
[33;1mclient_006_1  |[0m 2026-01-31 06:44:12,628 - __main__ - ERROR - Update submission failed: {"error":"Not accepting updates"}
[33;1mclient_006_1  |[0m 
[33;1mclient_006_1  |[0m 2026-01-31 06:44:12,628 - __main__ - INFO - Update submitted for Round 11. Waiting...
[33mserver_1      |[0m INFO:__main__:💾 Saving metrics to results/metrics.csv...
[33mserver_1      |[0m INFO:__main__:--- Round 11 Acc: 43.49%, Loss: 1.5257 ---
[33mserver_1      |[0m INFO:__main__:--- Starting Round 12. Timeout: 600s ---
[33mserver_1      |[0m INFO:werkzeug:172.18.0.20 - - [31/Jan/2026 06:44:12] "POST /submit_update HTTP/1.1" 200 -
[35;1mclient_008_1  |[0m 2026-01-31 06:44:12,660 - __main__ - INFO - 🚀 Model update submitted successfully.
[35;1mclient_008_1  |[0m 2026-01-31 06:44:12,660 - __main__ - INFO - Update submitted for Round 11. Waiting...
[33mserver_1      |[0m INFO:werkzeug:172.18.0.19 - - [31/Jan/2026 06:44:12] "GET /download_model?round=11 HTTP/1.1" 200 -
[33mclient_001_1  |[0m 2026-01-31 06:44:13,304 - __main__ - INFO - --- New Round Detected: 12 ---
[33mserver_1      |[0m INFO:werkzeug:172.18.0.18 - - [31/Jan/2026 06:44:13] "GET /download_model?round=12 HTTP/1.1" 200 -
[36;1mclient_005_1  |[0m 2026-01-31 06:44:14,489 - __main__ - INFO - Round 11 finished. Loss: 0.0000, Acc: 0.00%
[33mserver_1      |[0m INFO:__main__:Received update from client_005
[33mserver_1      |[0m INFO:werkzeug:172.18.0.19 - - [31/Jan/2026 06:44:14] "POST /submit_update HTTP/1.1" 200 -
[36;1mclient_005_1  |[0m 2026-01-31 06:44:14,622 - __main__ - INFO - 🚀 Model update submitted successfully.
[36;1mclient_005_1  |[0m 2026-01-31 06:44:14,623 - __main__ - INFO - Update submitted for Round 11. Waiting...
[36mclient_010_1  |[0m 2026-01-31 06:44:15,375 - __main__ - INFO - --- New Round Detected: 12 ---
[33mserver_1      |[0m INFO:werkzeug:172.18.0.16 - - [31/Jan/2026 06:44:15] "GET /download_model?round=12 HTTP/1.1" 200 -
[33mclient_001_1  |[0m 2026-01-31 06:44:16,886 - __main__ - INFO - Round 12 finished. Loss: 0.0000, Acc: 0.00%
[33mserver_1      |[0m INFO:__main__:Received update from client_001
[33mserver_1      |[0m INFO:werkzeug:172.18.0.18 - - [31/Jan/2026 06:44:16] "POST /submit_update HTTP/1.1" 200 -
[33mclient_001_1  |[0m 2026-01-31 06:44:17,021 - __main__ - INFO - 🚀 Model update submitted successfully.
[33mclient_001_1  |[0m 2026-01-31 06:44:17,021 - __main__ - INFO - Update submitted for Round 12. Waiting...
[32;1mclient_007_1  |[0m 2026-01-31 06:44:18,419 - __main__ - INFO - --- New Round Detected: 12 ---
[33mserver_1      |[0m INFO:werkzeug:172.18.0.12 - - [31/Jan/2026 06:44:18] "GET /download_model?round=12 HTTP/1.1" 200 -
[34mclient_004_1  |[0m 2026-01-31 06:44:18,687 - __main__ - INFO - --- New Round Detected: 12 ---
[33mserver_1      |[0m INFO:werkzeug:172.18.0.17 - - [31/Jan/2026 06:44:18] "GET /download_model?round=12 HTTP/1.1" 200 -
[34;1mclient_009_1  |[0m 2026-01-31 06:44:19,327 - __main__ - INFO - --- New Round Detected: 12 ---
[33mserver_1      |[0m INFO:werkzeug:172.18.0.15 - - [31/Jan/2026 06:44:19] "GET /download_model?round=12 HTTP/1.1" 200 -
[35mclient_003_1  |[0m 2026-01-31 06:44:20,213 - __main__ - INFO - --- New Round Detected: 12 ---
[33mserver_1      |[0m INFO:werkzeug:172.18.0.21 - - [31/Jan/2026 06:44:20] "GET /download_model?round=12 HTTP/1.1" 200 -
[36mclient_010_1  |[0m 2026-01-31 06:44:21,013 - __main__ - INFO - Round 12 finished. Loss: 0.0000, Acc: 0.00%
[33mserver_1      |[0m INFO:__main__:Received update from client_010
[33mserver_1      |[0m INFO:werkzeug:172.18.0.16 - - [31/Jan/2026 06:44:21] "POST /submit_update HTTP/1.1" 200 -
[36mclient_010_1  |[0m 2026-01-31 06:44:21,149 - __main__ - INFO - 🚀 Model update submitted successfully.
[36mclient_010_1  |[0m 2026-01-31 06:44:21,149 - __main__ - INFO - Update submitted for Round 12. Waiting...
[32mclient_002_1  |[0m 2026-01-31 06:44:21,335 - __main__ - INFO - --- New Round Detected: 12 ---
[33mserver_1      |[0m INFO:werkzeug:172.18.0.10 - - [31/Jan/2026 06:44:21] "GET /download_model?round=12 HTTP/1.1" 200 -
[34;1mclient_009_1  |[0m 2026-01-31 06:44:22,599 - __main__ - INFO - Round 12 finished. Loss: 0.0000, Acc: 0.00%
[33;1mclient_006_1  |[0m 2026-01-31 06:44:22,690 - __main__ - INFO - --- New Round Detected: 12 ---
[33mserver_1      |[0m INFO:werkzeug:172.18.0.22 - - [31/Jan/2026 06:44:22] "GET /download_model?round=12 HTTP/1.1" 200 -
[35;1mclient_008_1  |[0m 2026-01-31 06:44:22,721 - __main__ - INFO - --- New Round Detected: 12 ---
[33mserver_1      |[0m INFO:__main__:Received update from client_009
[33mserver_1      |[0m INFO:werkzeug:172.18.0.15 - - [31/Jan/2026 06:44:22] "POST /submit_update HTTP/1.1" 200 -
[33mserver_1      |[0m INFO:werkzeug:172.18.0.20 - - [31/Jan/2026 06:44:22] "GET /download_model?round=12 HTTP/1.1" 200 -
[34;1mclient_009_1  |[0m 2026-01-31 06:44:22,754 - __main__ - INFO - 🚀 Model update submitted successfully.
[34;1mclient_009_1  |[0m 2026-01-31 06:44:22,754 - __main__ - INFO - Update submitted for Round 12. Waiting...
[34mclient_004_1  |[0m 2026-01-31 06:44:24,395 - __main__ - INFO - Round 12 finished. Loss: 0.0000, Acc: 0.00%
[33mserver_1      |[0m INFO:__main__:Received update from client_004
[33mserver_1      |[0m INFO:__main__:--- Aggregating 5 updates ---
[33mserver_1      |[0m INFO:__main__:⚡ Using Custom Aggregator with Drift Metric...
[33mserver_1      |[0m INFO:server.aggregator:Starting FedAvg aggregation for 5 clients.
[32mclient_002_1  |[0m 2026-01-31 06:44:24,574 - __main__ - INFO - Round 12 finished. Loss: 0.0000, Acc: 0.00%
[33mserver_1      |[0m INFO:werkzeug:172.18.0.10 - - [31/Jan/2026 06:44:24] "[31m[1mPOST /submit_update HTTP/1.1[0m" 400 -
[32mclient_002_1  |[0m 2026-01-31 06:44:24,666 - __main__ - ERROR - Update submission failed: {"error":"Not accepting updates"}
[32mclient_002_1  |[0m 
[32mclient_002_1  |[0m 2026-01-31 06:44:24,667 - __main__ - INFO - Update submitted for Round 12. Waiting...
[36;1mclient_005_1  |[0m 2026-01-31 06:44:24,698 - __main__ - INFO - --- New Round Detected: 12 ---
[33mserver_1      |[0m INFO:werkzeug:172.18.0.19 - - [31/Jan/2026 06:44:24] "GET /download_model?round=12 HTTP/1.1" 200 -
[32;1mclient_007_1  |[0m 2026-01-31 06:44:25,834 - __main__ - INFO - Round 12 finished. Loss: 0.0000, Acc: 0.00%
[33mserver_1      |[0m INFO:werkzeug:172.18.0.12 - - [31/Jan/2026 06:44:25] "[31m[1mPOST /submit_update HTTP/1.1[0m" 400 -
[32;1mclient_007_1  |[0m 2026-01-31 06:44:25,902 - __main__ - ERROR - Update submission failed: {"error":"Not accepting updates"}
[32;1mclient_007_1  |[0m 
[32;1mclient_007_1  |[0m 2026-01-31 06:44:25,902 - __main__ - INFO - Update submitted for Round 12. Waiting...
[33mserver_1      |[0m INFO:server.aggregator:--- [METRIC] Weight Divergence: 1.1487
[33mserver_1      |[0m INFO:server.aggregator:FedAvg aggregation complete.
[33mserver_1      |[0m INFO:__main__:Aggregation complete.
[33mserver_1      |[0m ⏱️ [TIME] Client client_005 finished training in 1.68s
[33mserver_1      |[0m ⏱️ [TIME] Client client_001 finished training in 3.42s
[33mserver_1      |[0m ⏱️ [TIME] Client client_010 finished training in 5.47s
[33mserver_1      |[0m ⏱️ [TIME] Client client_009 finished training in 3.11s
[33mserver_1      |[0m ⏱️ [TIME] Client client_004 finished training in 5.52s
[33mserver_1      |[0m DEBUG: ⚠️ MY CUSTOM AGGREGATOR IS RUNNING ⚠️
[35;1mclient_008_1  |[0m 2026-01-31 06:44:26,170 - __main__ - INFO - Round 12 finished. Loss: 0.0000, Acc: 0.00%
[33mserver_1      |[0m INFO:werkzeug:172.18.0.20 - - [31/Jan/2026 06:44:26] "[31m[1mPOST /submit_update HTTP/1.1[0m" 400 -
[35;1mclient_008_1  |[0m 2026-01-31 06:44:26,242 - __main__ - ERROR - Update submission failed: {"error":"Not accepting updates"}
[35;1mclient_008_1  |[0m 
[35;1mclient_008_1  |[0m 2026-01-31 06:44:26,242 - __main__ - INFO - Update submitted for Round 12. Waiting...
[33mserver_1      |[0m INFO:__main__:💾 Saving metrics to results/metrics.csv...
[33mserver_1      |[0m INFO:__main__:--- Round 12 Acc: 49.11%, Loss: 1.4013 ---
[33mserver_1      |[0m INFO:__main__:--- Starting Round 13. Timeout: 600s ---
[33mserver_1      |[0m INFO:werkzeug:172.18.0.17 - - [31/Jan/2026 06:44:27] "POST /submit_update HTTP/1.1" 200 -
[34mclient_004_1  |[0m 2026-01-31 06:44:27,403 - __main__ - INFO - 🚀 Model update submitted successfully.
[34mclient_004_1  |[0m 2026-01-31 06:44:27,403 - __main__ - INFO - Update submitted for Round 12. Waiting...
[36;1mclient_005_1  |[0m 2026-01-31 06:44:27,636 - __main__ - INFO - Round 12 finished. Loss: 0.0000, Acc: 0.00%
[33mserver_1      |[0m INFO:__main__:Received update from client_005
[33mserver_1      |[0m INFO:werkzeug:172.18.0.19 - - [31/Jan/2026 06:44:27] "POST /submit_update HTTP/1.1" 200 -
[36;1mclient_005_1  |[0m 2026-01-31 06:44:27,771 - __main__ - INFO - 🚀 Model update submitted successfully.
[36;1mclient_005_1  |[0m 2026-01-31 06:44:27,771 - __main__ - INFO - Update submitted for Round 12. Waiting...
[35mclient_003_1  |[0m 2026-01-31 06:44:27,833 - __main__ - INFO - Round 12 finished. Loss: 0.0000, Acc: 0.00%
[33mserver_1      |[0m INFO:__main__:Received update from client_003
[33mserver_1      |[0m INFO:werkzeug:172.18.0.21 - - [31/Jan/2026 06:44:27] "POST /submit_update HTTP/1.1" 200 -
[35mclient_003_1  |[0m 2026-01-31 06:44:27,968 - __main__ - INFO - 🚀 Model update submitted successfully.
[35mclient_003_1  |[0m 2026-01-31 06:44:27,968 - __main__ - INFO - Update submitted for Round 12. Waiting...
[33;1mclient_006_1  |[0m 2026-01-31 06:44:28,270 - __main__ - INFO - Round 12 finished. Loss: 0.0000, Acc: 0.00%
[33mserver_1      |[0m INFO:__main__:Received update from client_006
[33mserver_1      |[0m INFO:werkzeug:172.18.0.22 - - [31/Jan/2026 06:44:28] "POST /submit_update HTTP/1.1" 200 -
[33;1mclient_006_1  |[0m 2026-01-31 06:44:28,405 - __main__ - INFO - 🚀 Model update submitted successfully.
[33;1mclient_006_1  |[0m 2026-01-31 06:44:28,405 - __main__ - INFO - Update submitted for Round 12. Waiting...
[36mclient_010_1  |[0m 2026-01-31 06:44:31,210 - __main__ - INFO - --- New Round Detected: 13 ---
[33mserver_1      |[0m INFO:werkzeug:172.18.0.16 - - [31/Jan/2026 06:44:31] "GET /download_model?round=13 HTTP/1.1" 200 -
[34;1mclient_009_1  |[0m 2026-01-31 06:44:32,817 - __main__ - INFO - --- New Round Detected: 13 ---
[33mserver_1      |[0m INFO:werkzeug:172.18.0.15 - - [31/Jan/2026 06:44:32] "GET /download_model?round=13 HTTP/1.1" 200 -
[32mclient_002_1  |[0m 2026-01-31 06:44:34,729 - __main__ - INFO - --- New Round Detected: 13 ---
[33mserver_1      |[0m INFO:werkzeug:172.18.0.10 - - [31/Jan/2026 06:44:34] "GET /download_model?round=13 HTTP/1.1" 200 -
[36mclient_010_1  |[0m 2026-01-31 06:44:34,875 - __main__ - INFO - Round 13 finished. Loss: 0.0000, Acc: 0.00%
[33mserver_1      |[0m INFO:__main__:Received update from client_010
[33mserver_1      |[0m INFO:werkzeug:172.18.0.16 - - [31/Jan/2026 06:44:34] "POST /submit_update HTTP/1.1" 200 -
[36mclient_010_1  |[0m 2026-01-31 06:44:35,010 - __main__ - INFO - 🚀 Model update submitted successfully.
[36mclient_010_1  |[0m 2026-01-31 06:44:35,010 - __main__ - INFO - Update submitted for Round 13. Waiting...
[32;1mclient_007_1  |[0m 2026-01-31 06:44:35,967 - __main__ - INFO - --- New Round Detected: 13 ---
[33mserver_1      |[0m INFO:werkzeug:172.18.0.12 - - [31/Jan/2026 06:44:35] "GET /download_model?round=13 HTTP/1.1" 200 -
[33mserver_1      |[0m INFO:werkzeug:172.18.0.20 - - [31/Jan/2026 06:44:36] "GET /download_model?round=13 HTTP/1.1" 200 -
[35;1mclient_008_1  |[0m 2026-01-31 06:44:36,307 - __main__ - INFO - --- New Round Detected: 13 ---
[34;1mclient_009_1  |[0m 2026-01-31 06:44:36,610 - __main__ - INFO - Round 13 finished. Loss: 0.0000, Acc: 0.00%
[33mserver_1      |[0m INFO:__main__:Received update from client_009
[33mserver_1      |[0m INFO:__main__:--- Aggregating 5 updates ---
[33mserver_1      |[0m INFO:__main__:⚡ Using Custom Aggregator with Drift Metric...
[33mserver_1      |[0m INFO:server.aggregator:Starting FedAvg aggregation for 5 clients.
[33mclient_001_1  |[0m 2026-01-31 06:44:37,147 - __main__ - INFO - --- New Round Detected: 13 ---
[33mserver_1      |[0m INFO:werkzeug:172.18.0.18 - - [31/Jan/2026 06:44:37] "GET /download_model?round=13 HTTP/1.1" 200 -
[34mclient_004_1  |[0m 2026-01-31 06:44:37,479 - __main__ - INFO - --- New Round Detected: 13 ---
[33mserver_1      |[0m INFO:werkzeug:172.18.0.17 - - [31/Jan/2026 06:44:37] "GET /download_model?round=13 HTTP/1.1" 200 -
[36;1mclient_005_1  |[0m 2026-01-31 06:44:37,836 - __main__ - INFO - --- New Round Detected: 13 ---
[33mserver_1      |[0m INFO:werkzeug:172.18.0.19 - - [31/Jan/2026 06:44:37] "GET /download_model?round=13 HTTP/1.1" 200 -
[35mclient_003_1  |[0m 2026-01-31 06:44:38,045 - __main__ - INFO - --- New Round Detected: 13 ---
[33mserver_1      |[0m INFO:werkzeug:172.18.0.21 - - [31/Jan/2026 06:44:38] "GET /download_model?round=13 HTTP/1.1" 200 -
[33mserver_1      |[0m INFO:server.aggregator:--- [METRIC] Weight Divergence: 1.2909
[33mserver_1      |[0m INFO:server.aggregator:FedAvg aggregation complete.
[33mserver_1      |[0m INFO:__main__:Aggregation complete.
[33;1mclient_006_1  |[0m 2026-01-31 06:44:38,525 - __main__ - INFO - --- New Round Detected: 13 ---
[33mserver_1      |[0m ⏱️ [TIME] Client client_005 finished training in 2.77s
[33mserver_1      |[0m ⏱️ [TIME] Client client_003 finished training in 7.45s
[33mserver_1      |[0m ⏱️ [TIME] Client client_006 finished training in 5.41s
[33mserver_1      |[0m ⏱️ [TIME] Client client_010 finished training in 3.50s
[33mserver_1      |[0m ⏱️ [TIME] Client client_009 finished training in 3.59s
[33mserver_1      |[0m DEBUG: ⚠️ MY CUSTOM AGGREGATOR IS RUNNING ⚠️
[33mserver_1      |[0m INFO:werkzeug:172.18.0.22 - - [31/Jan/2026 06:44:38] "GET /download_model?round=13 HTTP/1.1" 200 -
[33mclient_001_1  |[0m 2026-01-31 06:44:39,450 - __main__ - INFO - Round 13 finished. Loss: 0.0000, Acc: 0.00%
[33mserver_1      |[0m INFO:werkzeug:172.18.0.18 - - [31/Jan/2026 06:44:39] "[31m[1mPOST /submit_update HTTP/1.1[0m" 400 -
[32mclient_002_1  |[0m 2026-01-31 06:44:39,543 - __main__ - INFO - Round 13 finished. Loss: 0.0000, Acc: 0.00%
[33mclient_001_1  |[0m 2026-01-31 06:44:39,559 - __main__ - ERROR - Update submission failed: {"error":"Not accepting updates"}
[33mclient_001_1  |[0m 
[33mclient_001_1  |[0m 2026-01-31 06:44:39,559 - __main__ - INFO - Update submitted for Round 13. Waiting...
[33mserver_1      |[0m INFO:werkzeug:172.18.0.10 - - [31/Jan/2026 06:44:39] "[31m[1mPOST /submit_update HTTP/1.1[0m" 400 -
[32mclient_002_1  |[0m 2026-01-31 06:44:39,607 - __main__ - ERROR - Update submission failed: {"error":"Not accepting updates"}
[32mclient_002_1  |[0m 
[32mclient_002_1  |[0m 2026-01-31 06:44:39,608 - __main__ - INFO - Update submitted for Round 13. Waiting...
[36;1mclient_005_1  |[0m 2026-01-31 06:44:39,662 - __main__ - INFO - Round 13 finished. Loss: 0.0000, Acc: 0.00%
[33mserver_1      |[0m INFO:__main__:💾 Saving metrics to results/metrics.csv...
[33mserver_1      |[0m INFO:__main__:--- Round 13 Acc: 48.79%, Loss: 1.3849 ---
[33mserver_1      |[0m INFO:__main__:--- Starting Round 14. Timeout: 600s ---
[33mserver_1      |[0m INFO:werkzeug:172.18.0.15 - - [31/Jan/2026 06:44:39] "POST /submit_update HTTP/1.1" 200 -
[34;1mclient_009_1  |[0m 2026-01-31 06:44:39,694 - __main__ - INFO - 🚀 Model update submitted successfully.
[34;1mclient_009_1  |[0m 2026-01-31 06:44:39,695 - __main__ - INFO - Update submitted for Round 13. Waiting...
[33mserver_1      |[0m INFO:__main__:Received update from client_005
[33mserver_1      |[0m INFO:werkzeug:172.18.0.19 - - [31/Jan/2026 06:44:39] "POST /submit_update HTTP/1.1" 200 -
[36;1mclient_005_1  |[0m 2026-01-31 06:44:39,798 - __main__ - INFO - 🚀 Model update submitted successfully.
[36;1mclient_005_1  |[0m 2026-01-31 06:44:39,798 - __main__ - INFO - Update submitted for Round 13. Waiting...
[35;1mclient_008_1  |[0m 2026-01-31 06:44:39,807 - __main__ - INFO - Round 13 finished. Loss: 0.0000, Acc: 0.00%
[33mserver_1      |[0m INFO:__main__:Received update from client_008
[33mserver_1      |[0m INFO:werkzeug:172.18.0.20 - - [31/Jan/2026 06:44:39] "POST /submit_update HTTP/1.1" 200 -
[35;1mclient_008_1  |[0m 2026-01-31 06:44:39,942 - __main__ - INFO - 🚀 Model update submitted successfully.
[35;1mclient_008_1  |[0m 2026-01-31 06:44:39,942 - __main__ - INFO - Update submitted for Round 13. Waiting...
[34mclient_004_1  |[0m 2026-01-31 06:44:41,153 - __main__ - INFO - Round 13 finished. Loss: 0.0000, Acc: 0.00%
[33mserver_1      |[0m INFO:__main__:Received update from client_004
[33mserver_1      |[0m INFO:werkzeug:172.18.0.17 - - [31/Jan/2026 06:44:41] "POST /submit_update HTTP/1.1" 200 -
[34mclient_004_1  |[0m 2026-01-31 06:44:41,332 - __main__ - INFO - 🚀 Model update submitted successfully.
[34mclient_004_1  |[0m 2026-01-31 06:44:41,332 - __main__ - INFO - Update submitted for Round 13. Waiting...
[32;1mclient_007_1  |[0m 2026-01-31 06:44:43,295 - __main__ - INFO - Round 13 finished. Loss: 0.0000, Acc: 0.00%
[33mserver_1      |[0m INFO:__main__:Received update from client_007
[33mserver_1      |[0m INFO:werkzeug:172.18.0.12 - - [31/Jan/2026 06:44:43] "POST /submit_update HTTP/1.1" 200 -
[32;1mclient_007_1  |[0m 2026-01-31 06:44:43,429 - __main__ - INFO - 🚀 Model update submitted successfully.
[32;1mclient_007_1  |[0m 2026-01-31 06:44:43,429 - __main__ - INFO - Update submitted for Round 13. Waiting...
[33;1mclient_006_1  |[0m 2026-01-31 06:44:44,531 - __main__ - INFO - Round 13 finished. Loss: 0.0000, Acc: 0.00%
[33mserver_1      |[0m INFO:__main__:Received update from client_006
[33mserver_1      |[0m INFO:__main__:--- Aggregating 5 updates ---
[33mserver_1      |[0m INFO:__main__:⚡ Using Custom Aggregator with Drift Metric...
[33mserver_1      |[0m INFO:server.aggregator:Starting FedAvg aggregation for 5 clients.
[36mclient_010_1  |[0m 2026-01-31 06:44:45,081 - __main__ - INFO - --- New Round Detected: 14 ---
[33mserver_1      |[0m INFO:werkzeug:172.18.0.16 - - [31/Jan/2026 06:44:45] "GET /download_model?round=14 HTTP/1.1" 200 -
[35mclient_003_1  |[0m 2026-01-31 06:44:45,798 - __main__ - INFO - Round 13 finished. Loss: 0.0000, Acc: 0.00%
[33mserver_1      |[0m INFO:werkzeug:172.18.0.21 - - [31/Jan/2026 06:44:45] "[31m[1mPOST /submit_update HTTP/1.1[0m" 400 -
[35mclient_003_1  |[0m 2026-01-31 06:44:46,000 - __main__ - ERROR - Update submission failed: {"error":"Not accepting updates"}
[35mclient_003_1  |[0m 
[35mclient_003_1  |[0m 2026-01-31 06:44:46,001 - __main__ - INFO - Update submitted for Round 13. Waiting...
[33mserver_1      |[0m INFO:server.aggregator:--- [METRIC] Weight Divergence: 1.1521
[33mserver_1      |[0m INFO:server.aggregator:FedAvg aggregation complete.
[33mserver_1      |[0m INFO:__main__:Aggregation complete.
[33mserver_1      |[0m ⏱️ [TIME] Client client_005 finished training in 1.66s
[33mserver_1      |[0m ⏱️ [TIME] Client client_008 finished training in 3.30s
[33mserver_1      |[0m ⏱️ [TIME] Client client_004 finished training in 3.52s
[33mserver_1      |[0m ⏱️ [TIME] Client client_007 finished training in 7.16s
[33mserver_1      |[0m ⏱️ [TIME] Client client_006 finished training in 5.67s
[33mserver_1      |[0m DEBUG: ⚠️ MY CUSTOM AGGREGATOR IS RUNNING ⚠️
[33mserver_1      |[0m INFO:__main__:💾 Saving metrics to results/metrics.csv...
[33mserver_1      |[0m INFO:__main__:--- Round 14 Acc: 46.65%, Loss: 1.4421 ---
[33mserver_1      |[0m INFO:__main__:--- Starting Round 15. Timeout: 600s ---
[33mserver_1      |[0m INFO:werkzeug:172.18.0.22 - - [31/Jan/2026 06:44:47] "POST /submit_update HTTP/1.1" 200 -
[33;1mclient_006_1  |[0m 2026-01-31 06:44:47,392 - __main__ - INFO - 🚀 Model update submitted successfully.
[33;1mclient_006_1  |[0m 2026-01-31 06:44:47,392 - __main__ - INFO - Update submitted for Round 13. Waiting...
[36mclient_010_1  |[0m 2026-01-31 06:44:47,969 - __main__ - INFO - Round 14 finished. Loss: 0.0000, Acc: 0.00%
[33mserver_1      |[0m INFO:__main__:Received update from client_010
[33mserver_1      |[0m INFO:werkzeug:172.18.0.16 - - [31/Jan/2026 06:44:48] "POST /submit_update HTTP/1.1" 200 -
[36mclient_010_1  |[0m 2026-01-31 06:44:48,105 - __main__ - INFO - 🚀 Model update submitted successfully.
[36mclient_010_1  |[0m 2026-01-31 06:44:48,105 - __main__ - INFO - Update submitted for Round 14. Waiting...
[33mclient_001_1  |[0m 2026-01-31 06:44:49,620 - __main__ - INFO - --- New Round Detected: 15 ---
[33mserver_1      |[0m INFO:werkzeug:172.18.0.18 - - [31/Jan/2026 06:44:49] "GET /download_model?round=15 HTTP/1.1" 200 -
[32mclient_002_1  |[0m 2026-01-31 06:44:49,672 - __main__ - INFO - --- New Round Detected: 15 ---
[33mserver_1      |[0m INFO:werkzeug:172.18.0.10 - - [31/Jan/2026 06:44:49] "GET /download_model?round=15 HTTP/1.1" 200 -
[34;1mclient_009_1  |[0m 2026-01-31 06:44:49,756 - __main__ - INFO - --- New Round Detected: 15 ---
[33mserver_1      |[0m INFO:werkzeug:172.18.0.15 - - [31/Jan/2026 06:44:49] "GET /download_model?round=15 HTTP/1.1" 200 -
[36;1mclient_005_1  |[0m 2026-01-31 06:44:49,861 - __main__ - INFO - --- New Round Detected: 15 ---
[33mserver_1      |[0m INFO:werkzeug:172.18.0.19 - - [31/Jan/2026 06:44:49] "GET /download_model?round=15 HTTP/1.1" 200 -
[35;1mclient_008_1  |[0m 2026-01-31 06:44:50,006 - __main__ - INFO - --- New Round Detected: 15 ---
[33mserver_1      |[0m INFO:werkzeug:172.18.0.20 - - [31/Jan/2026 06:44:50] "GET /download_model?round=15 HTTP/1.1" 200 -
[34mclient_004_1  |[0m 2026-01-31 06:44:51,399 - __main__ - INFO - --- New Round Detected: 15 ---
[36;1mclient_005_1  |[0m 2026-01-31 06:44:51,410 - __main__ - INFO - Round 15 finished. Loss: 0.0000, Acc: 0.00%
[33mserver_1      |[0m INFO:werkzeug:172.18.0.17 - - [31/Jan/2026 06:44:51] "GET /download_model?round=15 HTTP/1.1" 200 -
[33mserver_1      |[0m INFO:__main__:Received update from client_005
[33mserver_1      |[0m INFO:werkzeug:172.18.0.19 - - [31/Jan/2026 06:44:51] "POST /submit_update HTTP/1.1" 200 -
[36;1mclient_005_1  |[0m 2026-01-31 06:44:51,544 - __main__ - INFO - 🚀 Model update submitted successfully.
[36;1mclient_005_1  |[0m 2026-01-31 06:44:51,544 - __main__ - INFO - Update submitted for Round 15. Waiting...
[35;1mclient_008_1  |[0m 2026-01-31 06:44:51,898 - __main__ - INFO - Round 15 finished. Loss: 0.0000, Acc: 0.00%
[33mserver_1      |[0m INFO:__main__:Received update from client_008
[33mserver_1      |[0m INFO:werkzeug:172.18.0.20 - - [31/Jan/2026 06:44:52] "POST /submit_update HTTP/1.1" 200 -
[35;1mclient_008_1  |[0m 2026-01-31 06:44:52,036 - __main__ - INFO - 🚀 Model update submitted successfully.
[35;1mclient_008_1  |[0m 2026-01-31 06:44:52,036 - __main__ - INFO - Update submitted for Round 15. Waiting...
[33mclient_001_1  |[0m 2026-01-31 06:44:53,409 - __main__ - INFO - Round 15 finished. Loss: 0.0000, Acc: 0.00%
[32;1mclient_007_1  |[0m 2026-01-31 06:44:53,491 - __main__ - INFO - --- New Round Detected: 15 ---
[33mserver_1      |[0m INFO:werkzeug:172.18.0.12 - - [31/Jan/2026 06:44:53] "GET /download_model?round=15 HTTP/1.1" 200 -
[33mserver_1      |[0m INFO:__main__:Received update from client_001
[33mserver_1      |[0m INFO:werkzeug:172.18.0.18 - - [31/Jan/2026 06:44:53] "POST /submit_update HTTP/1.1" 200 -
[33mclient_001_1  |[0m 2026-01-31 06:44:53,546 - __main__ - INFO - 🚀 Model update submitted successfully.
[33mclient_001_1  |[0m 2026-01-31 06:44:53,546 - __main__ - INFO - Update submitted for Round 15. Waiting...
[34;1mclient_009_1  |[0m 2026-01-31 06:44:54,074 - __main__ - INFO - Round 15 finished. Loss: 0.0000, Acc: 0.00%
[33mserver_1      |[0m INFO:__main__:Received update from client_009
[33mserver_1      |[0m INFO:__main__:--- Aggregating 5 updates ---
[33mserver_1      |[0m INFO:__main__:⚡ Using Custom Aggregator with Drift Metric...
[33mserver_1      |[0m INFO:server.aggregator:Starting FedAvg aggregation for 5 clients.
[32mclient_002_1  |[0m 2026-01-31 06:44:55,017 - __main__ - INFO - Round 15 finished. Loss: 0.0000, Acc: 0.00%
[33mserver_1      |[0m INFO:werkzeug:172.18.0.10 - - [31/Jan/2026 06:44:55] "[31m[1mPOST /submit_update HTTP/1.1[0m" 400 -
[32mclient_002_1  |[0m 2026-01-31 06:44:55,081 - __main__ - ERROR - Update submission failed: {"error":"Not accepting updates"}
[32mclient_002_1  |[0m 
[32mclient_002_1  |[0m 2026-01-31 06:44:55,081 - __main__ - INFO - Update submitted for Round 15. Waiting...
[33mserver_1      |[0m INFO:server.aggregator:--- [METRIC] Weight Divergence: 1.1251
[33mserver_1      |[0m INFO:server.aggregator:FedAvg aggregation complete.
[33mserver_1      |[0m INFO:__main__:Aggregation complete.
[33mserver_1      |[0m ⏱️ [TIME] Client client_010 finished training in 2.55s
[33mserver_1      |[0m ⏱️ [TIME] Client client_005 finished training in 1.39s
[33mserver_1      |[0m ⏱️ [TIME] Client client_008 finished training in 1.73s
[33mserver_1      |[0m ⏱️ [TIME] Client client_001 finished training in 3.61s
[33mserver_1      |[0m ⏱️ [TIME] Client client_009 finished training in 4.13s
[33mserver_1      |[0m DEBUG: ⚠️ MY CUSTOM AGGREGATOR IS RUNNING ⚠️
[35mclient_003_1  |[0m 2026-01-31 06:44:56,078 - __main__ - INFO - --- New Round Detected: 15 ---
[33mserver_1      |[0m INFO:werkzeug:172.18.0.21 - - [31/Jan/2026 06:44:56] "GET /download_model?round=15 HTTP/1.1" 200 -
[34mclient_004_1  |[0m 2026-01-31 06:44:56,681 - __main__ - INFO - Round 15 finished. Loss: 0.0000, Acc: 0.00%
[33mserver_1      |[0m INFO:werkzeug:172.18.0.17 - - [31/Jan/2026 06:44:56] "[31m[1mPOST /submit_update HTTP/1.1[0m" 400 -
[34mclient_004_1  |[0m 2026-01-31 06:44:56,751 - __main__ - ERROR - Update submission failed: {"error":"Not accepting updates"}
[34mclient_004_1  |[0m 
[34mclient_004_1  |[0m 2026-01-31 06:44:56,751 - __main__ - INFO - Update submitted for Round 15. Waiting...
[33mserver_1      |[0m INFO:__main__:💾 Saving metrics to results/metrics.csv...
[33mserver_1      |[0m INFO:__main__:--- Round 15 Acc: 50.80%, Loss: 1.3575 ---
[33mserver_1      |[0m INFO:__main__:--- Starting Round 16. Timeout: 600s ---
[33mserver_1      |[0m INFO:werkzeug:172.18.0.15 - - [31/Jan/2026 06:44:56] "POST /submit_update HTTP/1.1" 200 -
[34;1mclient_009_1  |[0m 2026-01-31 06:44:57,002 - __main__ - INFO - 🚀 Model update submitted successfully.
[34;1mclient_009_1  |[0m 2026-01-31 06:44:57,002 - __main__ - INFO - Update submitted for Round 15. Waiting...
[33;1mclient_006_1  |[0m 2026-01-31 06:44:57,459 - __main__ - INFO - --- New Round Detected: 16 ---
[33mserver_1      |[0m INFO:werkzeug:172.18.0.22 - - [31/Jan/2026 06:44:57] "GET /download_model?round=16 HTTP/1.1" 200 -
[36mclient_010_1  |[0m 2026-01-31 06:44:58,167 - __main__ - INFO - --- New Round Detected: 16 ---
[33mserver_1      |[0m INFO:werkzeug:172.18.0.16 - - [31/Jan/2026 06:44:58] "GET /download_model?round=16 HTTP/1.1" 200 -
[32;1mclient_007_1  |[0m 2026-01-31 06:45:00,781 - __main__ - INFO - Round 15 finished. Loss: 0.0000, Acc: 0.00%
[33mserver_1      |[0m INFO:__main__:Received update from client_007
[33mserver_1      |[0m INFO:werkzeug:172.18.0.12 - - [31/Jan/2026 06:45:00] "POST /submit_update HTTP/1.1" 200 -
[32;1mclient_007_1  |[0m 2026-01-31 06:45:00,916 - __main__ - INFO - 🚀 Model update submitted successfully.
[32;1mclient_007_1  |[0m 2026-01-31 06:45:00,916 - __main__ - INFO - Update submitted for Round 15. Waiting...
[36mclient_010_1  |[0m 2026-01-31 06:45:01,187 - __main__ - INFO - Round 16 finished. Loss: 0.0000, Acc: 0.00%
[33mserver_1      |[0m INFO:__main__:Received update from client_010
[33mserver_1      |[0m INFO:werkzeug:172.18.0.16 - - [31/Jan/2026 06:45:01] "POST /submit_update HTTP/1.1" 200 -
[36mclient_010_1  |[0m 2026-01-31 06:45:01,341 - __main__ - INFO - 🚀 Model update submitted successfully.
[36mclient_010_1  |[0m 2026-01-31 06:45:01,341 - __main__ - INFO - Update submitted for Round 16. Waiting...
[36;1mclient_005_1  |[0m 2026-01-31 06:45:01,627 - __main__ - INFO - --- New Round Detected: 16 ---
[33mserver_1      |[0m INFO:werkzeug:172.18.0.19 - - [31/Jan/2026 06:45:01] "GET /download_model?round=16 HTTP/1.1" 200 -
[35;1mclient_008_1  |[0m 2026-01-31 06:45:02,097 - __main__ - INFO - --- New Round Detected: 16 ---
[33mserver_1      |[0m INFO:werkzeug:172.18.0.20 - - [31/Jan/2026 06:45:02] "GET /download_model?round=16 HTTP/1.1" 200 -
[35mclient_003_1  |[0m 2026-01-31 06:45:03,200 - __main__ - INFO - Round 15 finished. Loss: 0.0000, Acc: 0.00%
[33mserver_1      |[0m INFO:__main__:Received update from client_003
[33mserver_1      |[0m INFO:werkzeug:172.18.0.21 - - [31/Jan/2026 06:45:03] "POST /submit_update HTTP/1.1" 200 -
[35mclient_003_1  |[0m 2026-01-31 06:45:03,334 - __main__ - INFO - 🚀 Model update submitted successfully.
[35mclient_003_1  |[0m 2026-01-31 06:45:03,334 - __main__ - INFO - Update submitted for Round 15. Waiting...
[33mclient_001_1  |[0m 2026-01-31 06:45:03,627 - __main__ - INFO - --- New Round Detected: 16 ---
[36;1mclient_005_1  |[0m 2026-01-31 06:45:03,648 - __main__ - INFO - Round 16 finished. Loss: 0.0000, Acc: 0.00%
[33mserver_1      |[0m INFO:werkzeug:172.18.0.18 - - [31/Jan/2026 06:45:03] "GET /download_model?round=16 HTTP/1.1" 200 -
[33mserver_1      |[0m INFO:__main__:Received update from client_005
[33mserver_1      |[0m INFO:werkzeug:172.18.0.19 - - [31/Jan/2026 06:45:03] "POST /submit_update HTTP/1.1" 200 -
[36;1mclient_005_1  |[0m 2026-01-31 06:45:03,783 - __main__ - INFO - 🚀 Model update submitted successfully.
[36;1mclient_005_1  |[0m 2026-01-31 06:45:03,783 - __main__ - INFO - Update submitted for Round 16. Waiting...
[35;1mclient_008_1  |[0m 2026-01-31 06:45:03,943 - __main__ - INFO - Round 16 finished. Loss: 0.0000, Acc: 0.00%
[33;1mclient_006_1  |[0m 2026-01-31 06:45:03,952 - __main__ - INFO - Round 16 finished. Loss: 0.0000, Acc: 0.00%
[33mserver_1      |[0m INFO:__main__:Received update from client_008
[33mserver_1      |[0m INFO:__main__:--- Aggregating 5 updates ---
[33mserver_1      |[0m INFO:__main__:⚡ Using Custom Aggregator with Drift Metric...
[33mserver_1      |[0m INFO:server.aggregator:Starting FedAvg aggregation for 5 clients.
[32mclient_002_1  |[0m 2026-01-31 06:45:05,163 - __main__ - INFO - --- New Round Detected: 16 ---
[33mserver_1      |[0m INFO:werkzeug:172.18.0.10 - - [31/Jan/2026 06:45:05] "GET /download_model?round=16 HTTP/1.1" 200 -
[33mserver_1      |[0m INFO:server.aggregator:--- [METRIC] Weight Divergence: 1.2745
[33mserver_1      |[0m INFO:server.aggregator:FedAvg aggregation complete.
[33mserver_1      |[0m INFO:__main__:Aggregation complete.
[33mserver_1      |[0m ⏱️ [TIME] Client client_007 finished training in 7.11s
[33mserver_1      |[0m ⏱️ [TIME] Client client_010 finished training in 2.85s
[33mserver_1      |[0m ⏱️ [TIME] Client client_003 finished training in 6.96s
[33mserver_1      |[0m ⏱️ [TIME] Client client_005 finished training in 1.84s
[33mserver_1      |[0m ⏱️ [TIME] Client client_008 finished training in 1.68s
[33mserver_1      |[0m DEBUG: ⚠️ MY CUSTOM AGGREGATOR IS RUNNING ⚠️
[33mserver_1      |[0m ⏱️ [TIME] Client client_006 finished training in 6.32s
[34mclient_004_1  |[0m 2026-01-31 06:45:06,823 - __main__ - INFO - --- New Round Detected: 16 ---
[33mserver_1      |[0m INFO:werkzeug:172.18.0.17 - - [31/Jan/2026 06:45:06] "GET /download_model?round=16 HTTP/1.1" 200 -
[33mserver_1      |[0m INFO:__main__:💾 Saving metrics to results/metrics.csv...
[33mserver_1      |[0m INFO:__main__:--- Round 16 Acc: 47.44%, Loss: 1.4485 ---
[33mserver_1      |[0m INFO:__main__:--- Starting Round 17. Timeout: 600s ---
[33mserver_1      |[0m INFO:werkzeug:172.18.0.20 - - [31/Jan/2026 06:45:06] "POST /submit_update HTTP/1.1" 200 -
[33mserver_1      |[0m INFO:__main__:Received update from client_006
[33mserver_1      |[0m INFO:werkzeug:172.18.0.22 - - [31/Jan/2026 06:45:06] "POST /submit_update HTTP/1.1" 200 -
[33;1mclient_006_1  |[0m 2026-01-31 06:45:06,899 - __main__ - INFO - 🚀 Model update submitted successfully.
[33;1mclient_006_1  |[0m 2026-01-31 06:45:06,900 - __main__ - INFO - Update submitted for Round 16. Waiting...
[35;1mclient_008_1  |[0m 2026-01-31 06:45:06,899 - __main__ - INFO - 🚀 Model update submitted successfully.
[35;1mclient_008_1  |[0m 2026-01-31 06:45:06,900 - __main__ - INFO - Update submitted for Round 16. Waiting...
[34;1mclient_009_1  |[0m 2026-01-31 06:45:07,068 - __main__ - INFO - --- New Round Detected: 17 ---
[33mserver_1      |[0m INFO:werkzeug:172.18.0.15 - - [31/Jan/2026 06:45:07] "GET /download_model?round=17 HTTP/1.1" 200 -
[33mclient_001_1  |[0m 2026-01-31 06:45:07,163 - __main__ - INFO - Round 16 finished. Loss: 0.0000, Acc: 0.00%
[33mserver_1      |[0m INFO:__main__:Received update from client_001
[33mserver_1      |[0m INFO:werkzeug:172.18.0.18 - - [31/Jan/2026 06:45:07] "POST /submit_update HTTP/1.1" 200 -
[33mclient_001_1  |[0m 2026-01-31 06:45:07,298 - __main__ - INFO - 🚀 Model update submitted successfully.
[33mclient_001_1  |[0m 2026-01-31 06:45:07,298 - __main__ - INFO - Update submitted for Round 16. Waiting...
[32mclient_002_1  |[0m 2026-01-31 06:45:08,410 - __main__ - INFO - Round 16 finished. Loss: 0.0000, Acc: 0.00%
[33mserver_1      |[0m INFO:__main__:Received update from client_002
[33mserver_1      |[0m INFO:werkzeug:172.18.0.10 - - [31/Jan/2026 06:45:08] "POST /submit_update HTTP/1.1" 200 -
[32mclient_002_1  |[0m 2026-01-31 06:45:08,547 - __main__ - INFO - 🚀 Model update submitted successfully.
[32mclient_002_1  |[0m 2026-01-31 06:45:08,547 - __main__ - INFO - Update submitted for Round 16. Waiting...
[34;1mclient_009_1  |[0m 2026-01-31 06:45:09,929 - __main__ - INFO - Round 17 finished. Loss: 0.0000, Acc: 0.00%
[33mserver_1      |[0m INFO:__main__:Received update from client_009
[33mserver_1      |[0m INFO:werkzeug:172.18.0.15 - - [31/Jan/2026 06:45:10] "POST /submit_update HTTP/1.1" 200 -
[34;1mclient_009_1  |[0m 2026-01-31 06:45:10,085 - __main__ - INFO - 🚀 Model update submitted successfully.
[34;1mclient_009_1  |[0m 2026-01-31 06:45:10,085 - __main__ - INFO - Update submitted for Round 17. Waiting...
[32;1mclient_007_1  |[0m 2026-01-31 06:45:10,977 - __main__ - INFO - --- New Round Detected: 17 ---
[33mserver_1      |[0m INFO:werkzeug:172.18.0.12 - - [31/Jan/2026 06:45:11] "GET /download_model?round=17 HTTP/1.1" 200 -
[36mclient_010_1  |[0m 2026-01-31 06:45:11,404 - __main__ - INFO - --- New Round Detected: 17 ---
[33mserver_1      |[0m INFO:werkzeug:172.18.0.16 - - [31/Jan/2026 06:45:11] "GET /download_model?round=17 HTTP/1.1" 200 -
[34mclient_004_1  |[0m 2026-01-31 06:45:12,388 - __main__ - INFO - Round 16 finished. Loss: 0.0000, Acc: 0.00%
[33mserver_1      |[0m INFO:__main__:Received update from client_004
[33mserver_1      |[0m INFO:__main__:--- Aggregating 5 updates ---
[33mserver_1      |[0m INFO:__main__:⚡ Using Custom Aggregator with Drift Metric...
[33mserver_1      |[0m INFO:server.aggregator:Starting FedAvg aggregation for 5 clients.
[35mclient_003_1  |[0m 2026-01-31 06:45:13,395 - __main__ - INFO - --- New Round Detected: 17 ---
[33mserver_1      |[0m INFO:werkzeug:172.18.0.21 - - [31/Jan/2026 06:45:13] "GET /download_model?round=17 HTTP/1.1" 200 -
[36;1mclient_005_1  |[0m 2026-01-31 06:45:13,855 - __main__ - INFO - --- New Round Detected: 17 ---
[33mserver_1      |[0m INFO:werkzeug:172.18.0.19 - - [31/Jan/2026 06:45:13] "GET /download_model?round=17 HTTP/1.1" 200 -
[33mserver_1      |[0m INFO:server.aggregator:--- [METRIC] Weight Divergence: 1.1921
[33mserver_1      |[0m INFO:server.aggregator:FedAvg aggregation complete.
[33mserver_1      |[0m INFO:__main__:Aggregation complete.
[33mserver_1      |[0m ⏱️ [TIME] Client client_001 finished training in 3.32s
[33mserver_1      |[0m ⏱️ [TIME] Client client_002 finished training in 3.09s
[33mserver_1      |[0m ⏱️ [TIME] Client client_009 finished training in 2.70s
[33mserver_1      |[0m ⏱️ [TIME] Client client_004 finished training in 5.38s
[33mserver_1      |[0m DEBUG: ⚠️ MY CUSTOM AGGREGATOR IS RUNNING ⚠️
[33mserver_1      |[0m INFO:__main__:💾 Saving metrics to results/metrics.csv...
[33mserver_1      |[0m INFO:__main__:--- Round 17 Acc: 49.83%, Loss: 1.3504 ---
[33mserver_1      |[0m INFO:__main__:--- Starting Round 18. Timeout: 600s ---
[33mserver_1      |[0m INFO:werkzeug:172.18.0.17 - - [31/Jan/2026 06:45:15] "POST /submit_update HTTP/1.1" 200 -
[34mclient_004_1  |[0m 2026-01-31 06:45:15,427 - __main__ - INFO - 🚀 Model update submitted successfully.
[34mclient_004_1  |[0m 2026-01-31 06:45:15,427 - __main__ - INFO - Update submitted for Round 16. Waiting...
[36;1mclient_005_1  |[0m 2026-01-31 06:45:16,766 - __main__ - INFO - Round 17 finished. Loss: 0.0000, Acc: 0.00%
[36mclient_010_1  |[0m 2026-01-31 06:45:16,776 - __main__ - INFO - Round 17 finished. Loss: 0.0000, Acc: 0.00%
[33mserver_1      |[0m INFO:__main__:Received update from client_010
[33mserver_1      |[0m INFO:werkzeug:172.18.0.16 - - [31/Jan/2026 06:45:16] "POST /submit_update HTTP/1.1" 200 -
[33mserver_1      |[0m INFO:__main__:Received update from client_005
[33mserver_1      |[0m INFO:werkzeug:172.18.0.19 - - [31/Jan/2026 06:45:16] "POST /submit_update HTTP/1.1" 200 -
[36mclient_010_1  |[0m 2026-01-31 06:45:16,912 - __main__ - INFO - 🚀 Model update submitted successfully.
[36mclient_010_1  |[0m 2026-01-31 06:45:16,912 - __main__ - INFO - Update submitted for Round 17. Waiting...
[36;1mclient_005_1  |[0m 2026-01-31 06:45:16,923 - __main__ - INFO - 🚀 Model update submitted successfully.
[36;1mclient_005_1  |[0m 2026-01-31 06:45:16,923 - __main__ - INFO - Update submitted for Round 17. Waiting...
[35;1mclient_008_1  |[0m 2026-01-31 06:45:16,961 - __main__ - INFO - --- New Round Detected: 18 ---
[33;1mclient_006_1  |[0m 2026-01-31 06:45:16,962 - __main__ - INFO - --- New Round Detected: 18 ---
[33mserver_1      |[0m INFO:werkzeug:172.18.0.20 - - [31/Jan/2026 06:45:16] "GET /download_model?round=18 HTTP/1.1" 200 -
[33mserver_1      |[0m INFO:werkzeug:172.18.0.22 - - [31/Jan/2026 06:45:16] "GET /download_model?round=18 HTTP/1.1" 200 -
[33mclient_001_1  |[0m 2026-01-31 06:45:17,410 - __main__ - INFO - --- New Round Detected: 18 ---
[33mserver_1      |[0m INFO:werkzeug:172.18.0.18 - - [31/Jan/2026 06:45:17] "GET /download_model?round=18 HTTP/1.1" 200 -
[32;1mclient_007_1  |[0m 2026-01-31 06:45:18,453 - __main__ - INFO - Round 17 finished. Loss: 0.0000, Acc: 0.00%
[33mserver_1      |[0m INFO:__main__:Received update from client_007
[33mserver_1      |[0m INFO:werkzeug:172.18.0.12 - - [31/Jan/2026 06:45:18] "POST /submit_update HTTP/1.1" 200 -
[32;1mclient_007_1  |[0m 2026-01-31 06:45:18,598 - __main__ - INFO - 🚀 Model update submitted successfully.
[32;1mclient_007_1  |[0m 2026-01-31 06:45:18,598 - __main__ - INFO - Update submitted for Round 17. Waiting...
[32mclient_002_1  |[0m 2026-01-31 06:45:18,610 - __main__ - INFO - --- New Round Detected: 18 ---
[33mserver_1      |[0m INFO:werkzeug:172.18.0.10 - - [31/Jan/2026 06:45:18] "GET /download_model?round=18 HTTP/1.1" 200 -
[35mclient_003_1  |[0m 2026-01-31 06:45:19,093 - __main__ - INFO - Round 17 finished. Loss: 0.0000, Acc: 0.00%
[33mserver_1      |[0m INFO:__main__:Received update from client_003
[33mserver_1      |[0m INFO:werkzeug:172.18.0.21 - - [31/Jan/2026 06:45:19] "POST /submit_update HTTP/1.1" 200 -
[35mclient_003_1  |[0m 2026-01-31 06:45:19,229 - __main__ - INFO - 🚀 Model update submitted successfully.
[35mclient_003_1  |[0m 2026-01-31 06:45:19,229 - __main__ - INFO - Update submitted for Round 17. Waiting...
[34;1mclient_009_1  |[0m 2026-01-31 06:45:20,155 - __main__ - INFO - --- New Round Detected: 18 ---
[33mserver_1      |[0m INFO:werkzeug:172.18.0.15 - - [31/Jan/2026 06:45:20] "GET /download_model?round=18 HTTP/1.1" 200 -
[35;1mclient_008_1  |[0m 2026-01-31 06:45:20,246 - __main__ - INFO - Round 18 finished. Loss: 0.0000, Acc: 0.00%
[33mserver_1      |[0m INFO:__main__:Received update from client_008
[33mserver_1      |[0m INFO:__main__:--- Aggregating 5 updates ---
[33mserver_1      |[0m INFO:__main__:⚡ Using Custom Aggregator with Drift Metric...
[33mserver_1      |[0m INFO:server.aggregator:Starting FedAvg aggregation for 5 clients.
[33;1mclient_006_1  |[0m 2026-01-31 06:45:21,325 - __main__ - INFO - Round 18 finished. Loss: 0.0000, Acc: 0.00%
[33mclient_001_1  |[0m 2026-01-31 06:45:21,369 - __main__ - INFO - Round 18 finished. Loss: 0.0000, Acc: 0.00%
[33mserver_1      |[0m INFO:werkzeug:172.18.0.22 - - [31/Jan/2026 06:45:21] "[31m[1mPOST /submit_update HTTP/1.1[0m" 400 -
[33mserver_1      |[0m INFO:werkzeug:172.18.0.18 - - [31/Jan/2026 06:45:21] "[31m[1mPOST /submit_update HTTP/1.1[0m" 400 -
[33;1mclient_006_1  |[0m 2026-01-31 06:45:21,464 - __main__ - ERROR - Update submission failed: {"error":"Not accepting updates"}
[33;1mclient_006_1  |[0m 
[33;1mclient_006_1  |[0m 2026-01-31 06:45:21,464 - __main__ - INFO - Update submitted for Round 18. Waiting...
[33mclient_001_1  |[0m 2026-01-31 06:45:21,470 - __main__ - ERROR - Update submission failed: {"error":"Not accepting updates"}
[33mclient_001_1  |[0m 
[33mclient_001_1  |[0m 2026-01-31 06:45:21,470 - __main__ - INFO - Update submitted for Round 18. Waiting...
[33mserver_1      |[0m INFO:server.aggregator:--- [METRIC] Weight Divergence: 1.2767
[33mserver_1      |[0m INFO:server.aggregator:FedAvg aggregation complete.
[33mserver_1      |[0m INFO:__main__:Aggregation complete.
[33mserver_1      |[0m ⏱️ [TIME] Client client_010 finished training in 5.17s
[33mserver_1      |[0m ⏱️ [TIME] Client client_005 finished training in 2.72s
[33mserver_1      |[0m ⏱️ [TIME] Client client_007 finished training in 7.29s
[33mserver_1      |[0m ⏱️ [TIME] Client client_003 finished training in 5.51s
[33mserver_1      |[0m ⏱️ [TIME] Client client_008 finished training in 3.13s
[33mserver_1      |[0m DEBUG: ⚠️ MY CUSTOM AGGREGATOR IS RUNNING ⚠️
[34;1mclient_009_1  |[0m 2026-01-31 06:45:22,392 - __main__ - INFO - Round 18 finished. Loss: 0.0000, Acc: 0.00%
[33mserver_1      |[0m INFO:werkzeug:172.18.0.15 - - [31/Jan/2026 06:45:22] "[31m[1mPOST /submit_update HTTP/1.1[0m" 400 -
[34;1mclient_009_1  |[0m 2026-01-31 06:45:22,459 - __main__ - ERROR - Update submission failed: {"error":"Not accepting updates"}
[34;1mclient_009_1  |[0m 
[34;1mclient_009_1  |[0m 2026-01-31 06:45:22,459 - __main__ - INFO - Update submitted for Round 18. Waiting...
[33mserver_1      |[0m INFO:__main__:💾 Saving metrics to results/metrics.csv...
[33mserver_1      |[0m INFO:__main__:--- Round 18 Acc: 48.27%, Loss: 1.4248 ---
[33mserver_1      |[0m INFO:__main__:--- Starting Round 19. Timeout: 600s ---
[33mserver_1      |[0m INFO:werkzeug:172.18.0.20 - - [31/Jan/2026 06:45:23] "POST /submit_update HTTP/1.1" 200 -
[35;1mclient_008_1  |[0m 2026-01-31 06:45:23,046 - __main__ - INFO - 🚀 Model update submitted successfully.
[35;1mclient_008_1  |[0m 2026-01-31 06:45:23,046 - __main__ - INFO - Update submitted for Round 18. Waiting...
[32mclient_002_1  |[0m 2026-01-31 06:45:23,797 - __main__ - INFO - Round 18 finished. Loss: 0.0000, Acc: 0.00%
[33mserver_1      |[0m INFO:__main__:Received update from client_002
[33mserver_1      |[0m INFO:werkzeug:172.18.0.10 - - [31/Jan/2026 06:45:23] "POST /submit_update HTTP/1.1" 200 -
[32mclient_002_1  |[0m 2026-01-31 06:45:23,931 - __main__ - INFO - 🚀 Model update submitted successfully.
[32mclient_002_1  |[0m 2026-01-31 06:45:23,932 - __main__ - INFO - Update submitted for Round 18. Waiting...
[34mclient_004_1  |[0m 2026-01-31 06:45:25,491 - __main__ - INFO - --- New Round Detected: 19 ---
[33mserver_1      |[0m INFO:werkzeug:172.18.0.17 - - [31/Jan/2026 06:45:25] "GET /download_model?round=19 HTTP/1.1" 200 -
[36;1mclient_005_1  |[0m 2026-01-31 06:45:26,984 - __main__ - INFO - --- New Round Detected: 19 ---
[36mclient_010_1  |[0m 2026-01-31 06:45:26,988 - __main__ - INFO - --- New Round Detected: 19 ---
[33mserver_1      |[0m INFO:werkzeug:172.18.0.19 - - [31/Jan/2026 06:45:27] "GET /download_model?round=19 HTTP/1.1" 200 -
[33mserver_1      |[0m INFO:werkzeug:172.18.0.16 - - [31/Jan/2026 06:45:27] "GET /download_model?round=19 HTTP/1.1" 200 -
[32;1mclient_007_1  |[0m 2026-01-31 06:45:28,663 - __main__ - INFO - --- New Round Detected: 19 ---
[33mserver_1      |[0m INFO:werkzeug:172.18.0.12 - - [31/Jan/2026 06:45:28] "GET /download_model?round=19 HTTP/1.1" 200 -
[35mclient_003_1  |[0m 2026-01-31 06:45:29,292 - __main__ - INFO - --- New Round Detected: 19 ---
[33mserver_1      |[0m INFO:werkzeug:172.18.0.21 - - [31/Jan/2026 06:45:29] "GET /download_model?round=19 HTTP/1.1" 200 -
[36;1mclient_005_1  |[0m 2026-01-31 06:45:29,890 - __main__ - INFO - Round 19 finished. Loss: 0.0000, Acc: 0.00%
[33mserver_1      |[0m INFO:__main__:Received update from client_005
[33mserver_1      |[0m INFO:werkzeug:172.18.0.19 - - [31/Jan/2026 06:45:29] "POST /submit_update HTTP/1.1" 200 -
[36;1mclient_005_1  |[0m 2026-01-31 06:45:30,026 - __main__ - INFO - 🚀 Model update submitted successfully.
[36;1mclient_005_1  |[0m 2026-01-31 06:45:30,026 - __main__ - INFO - Update submitted for Round 19. Waiting...
[34mclient_004_1  |[0m 2026-01-31 06:45:31,036 - __main__ - INFO - Round 19 finished. Loss: 0.0000, Acc: 0.00%
[33mserver_1      |[0m INFO:__main__:Received update from client_004
[33mserver_1      |[0m INFO:werkzeug:172.18.0.17 - - [31/Jan/2026 06:45:31] "POST /submit_update HTTP/1.1" 200 -
[34mclient_004_1  |[0m 2026-01-31 06:45:31,186 - __main__ - INFO - 🚀 Model update submitted successfully.
[34mclient_004_1  |[0m 2026-01-31 06:45:31,186 - __main__ - INFO - Update submitted for Round 19. Waiting...
[33;1mclient_006_1  |[0m 2026-01-31 06:45:31,526 - __main__ - INFO - --- New Round Detected: 19 ---
[33mclient_001_1  |[0m 2026-01-31 06:45:31,532 - __main__ - INFO - --- New Round Detected: 19 ---
[33mserver_1      |[0m INFO:werkzeug:172.18.0.22 - - [31/Jan/2026 06:45:31] "GET /download_model?round=19 HTTP/1.1" 200 -
[33mserver_1      |[0m INFO:werkzeug:172.18.0.18 - - [31/Jan/2026 06:45:31] "GET /download_model?round=19 HTTP/1.1" 200 -
[36mclient_010_1  |[0m 2026-01-31 06:45:32,342 - __main__ - INFO - Round 19 finished. Loss: 0.0000, Acc: 0.00%
[33mserver_1      |[0m INFO:__main__:Received update from client_010
[33mserver_1      |[0m INFO:werkzeug:172.18.0.16 - - [31/Jan/2026 06:45:32] "POST /submit_update HTTP/1.1" 200 -
[36mclient_010_1  |[0m 2026-01-31 06:45:32,477 - __main__ - INFO - 🚀 Model update submitted successfully.
[36mclient_010_1  |[0m 2026-01-31 06:45:32,477 - __main__ - INFO - Update submitted for Round 19. Waiting...
[34;1mclient_009_1  |[0m 2026-01-31 06:45:32,523 - __main__ - INFO - --- New Round Detected: 19 ---
[33mserver_1      |[0m INFO:werkzeug:172.18.0.15 - - [31/Jan/2026 06:45:32] "GET /download_model?round=19 HTTP/1.1" 200 -
[35;1mclient_008_1  |[0m 2026-01-31 06:45:33,112 - __main__ - INFO - --- New Round Detected: 19 ---
[33mserver_1      |[0m INFO:werkzeug:172.18.0.20 - - [31/Jan/2026 06:45:33] "GET /download_model?round=19 HTTP/1.1" 200 -
[32mclient_002_1  |[0m 2026-01-31 06:45:34,005 - __main__ - INFO - --- New Round Detected: 19 ---
[33mserver_1      |[0m INFO:werkzeug:172.18.0.10 - - [31/Jan/2026 06:45:34] "GET /download_model?round=19 HTTP/1.1" 200 -
[35;1mclient_008_1  |[0m 2026-01-31 06:45:35,172 - __main__ - INFO - Round 19 finished. Loss: 0.0000, Acc: 0.00%
[33mclient_001_1  |[0m 2026-01-31 06:45:35,210 - __main__ - INFO - Round 19 finished. Loss: 0.0000, Acc: 0.00%
[33mserver_1      |[0m INFO:__main__:Received update from client_008
[33mserver_1      |[0m INFO:__main__:--- Aggregating 5 updates ---
[33mserver_1      |[0m INFO:__main__:⚡ Using Custom Aggregator with Drift Metric...
[33mserver_1      |[0m INFO:server.aggregator:Starting FedAvg aggregation for 5 clients.
[32;1mclient_007_1  |[0m 2026-01-31 06:45:36,020 - __main__ - INFO - Round 19 finished. Loss: 0.0000, Acc: 0.00%
[33mserver_1      |[0m INFO:werkzeug:172.18.0.12 - - [31/Jan/2026 06:45:36] "[31m[1mPOST /submit_update HTTP/1.1[0m" 400 -
[32;1mclient_007_1  |[0m 2026-01-31 06:45:36,144 - __main__ - ERROR - Update submission failed: {"error":"Not accepting updates"}
[32;1mclient_007_1  |[0m 
[32;1mclient_007_1  |[0m 2026-01-31 06:45:36,146 - __main__ - INFO - Update submitted for Round 19. Waiting...
[34;1mclient_009_1  |[0m 2026-01-31 06:45:36,765 - __main__ - INFO - Round 19 finished. Loss: 0.0000, Acc: 0.00%
[33mserver_1      |[0m INFO:werkzeug:172.18.0.15 - - [31/Jan/2026 06:45:36] "[31m[1mPOST /submit_update HTTP/1.1[0m" 400 -
[34;1mclient_009_1  |[0m 2026-01-31 06:45:36,829 - __main__ - ERROR - Update submission failed: {"error":"Not accepting updates"}
[34;1mclient_009_1  |[0m 
[34;1mclient_009_1  |[0m 2026-01-31 06:45:36,830 - __main__ - INFO - Update submitted for Round 19. Waiting...
[33mserver_1      |[0m INFO:server.aggregator:--- [METRIC] Weight Divergence: 1.2085
[33mserver_1      |[0m INFO:server.aggregator:FedAvg aggregation complete.
[33mserver_1      |[0m INFO:__main__:Aggregation complete.
[33mserver_1      |[0m ⏱️ [TIME] Client client_002 finished training in 5.02s
[33mserver_1      |[0m ⏱️ [TIME] Client client_005 finished training in 2.73s
[33mserver_1      |[0m ⏱️ [TIME] Client client_004 finished training in 5.37s
[33mserver_1      |[0m ⏱️ [TIME] Client client_010 finished training in 5.17s
[33mserver_1      |[0m ⏱️ [TIME] Client client_008 finished training in 1.87s
[33mserver_1      |[0m DEBUG: ⚠️ MY CUSTOM AGGREGATOR IS RUNNING ⚠️
[33mserver_1      |[0m ⏱️ [TIME] Client client_001 finished training in 3.48s
[35mclient_003_1  |[0m 2026-01-31 06:45:37,008 - __main__ - INFO - Round 19 finished. Loss: 0.0000, Acc: 0.00%
[33mserver_1      |[0m INFO:werkzeug:172.18.0.21 - - [31/Jan/2026 06:45:37] "[31m[1mPOST /submit_update HTTP/1.1[0m" 400 -
[35mclient_003_1  |[0m 2026-01-31 06:45:37,145 - __main__ - ERROR - Update submission failed: {"error":"Not accepting updates"}
[35mclient_003_1  |[0m 
[35mclient_003_1  |[0m 2026-01-31 06:45:37,145 - __main__ - INFO - Update submitted for Round 19. Waiting...
[33;1mclient_006_1  |[0m 2026-01-31 06:45:37,711 - __main__ - INFO - Round 19 finished. Loss: 0.0000, Acc: 0.00%
[33mserver_1      |[0m INFO:werkzeug:172.18.0.22 - - [31/Jan/2026 06:45:37] "[31m[1mPOST /submit_update HTTP/1.1[0m" 400 -
[33;1mclient_006_1  |[0m 2026-01-31 06:45:37,813 - __main__ - ERROR - Update submission failed: {"error":"Not accepting updates"}
[33;1mclient_006_1  |[0m 
[33;1mclient_006_1  |[0m 2026-01-31 06:45:37,813 - __main__ - INFO - Update submitted for Round 19. Waiting...
[33mserver_1      |[0m INFO:__main__:💾 Saving metrics to results/metrics.csv...
[33mserver_1      |[0m INFO:__main__:--- Round 19 Acc: 48.93%, Loss: 1.3625 ---
[33mserver_1      |[0m INFO:__main__:--- Starting Round 20. Timeout: 600s ---
[33mserver_1      |[0m INFO:werkzeug:172.18.0.20 - - [31/Jan/2026 06:45:38] "POST /submit_update HTTP/1.1" 200 -
[33mserver_1      |[0m INFO:__main__:Received update from client_001
[33mserver_1      |[0m INFO:werkzeug:172.18.0.18 - - [31/Jan/2026 06:45:38] "POST /submit_update HTTP/1.1" 200 -
[35;1mclient_008_1  |[0m 2026-01-31 06:45:38,110 - __main__ - INFO - 🚀 Model update submitted successfully.
[35;1mclient_008_1  |[0m 2026-01-31 06:45:38,110 - __main__ - INFO - Update submitted for Round 19. Waiting...
[33mclient_001_1  |[0m 2026-01-31 06:45:38,111 - __main__ - INFO - 🚀 Model update submitted successfully.
[33mclient_001_1  |[0m 2026-01-31 06:45:38,111 - __main__ - INFO - Update submitted for Round 19. Waiting...
[32mclient_002_1  |[0m 2026-01-31 06:45:39,305 - __main__ - INFO - Round 19 finished. Loss: 0.0000, Acc: 0.00%
[33mserver_1      |[0m INFO:__main__:Received update from client_002
[33mserver_1      |[0m INFO:werkzeug:172.18.0.10 - - [31/Jan/2026 06:45:39] "POST /submit_update HTTP/1.1" 200 -
[32mclient_002_1  |[0m 2026-01-31 06:45:39,440 - __main__ - INFO - 🚀 Model update submitted successfully.
[32mclient_002_1  |[0m 2026-01-31 06:45:39,440 - __main__ - INFO - Update submitted for Round 19. Waiting...
[36;1mclient_005_1  |[0m 2026-01-31 06:45:40,087 - __main__ - INFO - --- New Round Detected: 20 ---
[33mserver_1      |[0m INFO:werkzeug:172.18.0.19 - - [31/Jan/2026 06:45:40] "GET /download_model?round=20 HTTP/1.1" 200 -
[34mclient_004_1  |[0m 2026-01-31 06:45:41,257 - __main__ - INFO - --- New Round Detected: 20 ---
[33mserver_1      |[0m INFO:werkzeug:172.18.0.17 - - [31/Jan/2026 06:45:41] "GET /download_model?round=20 HTTP/1.1" 200 -
[36mclient_010_1  |[0m 2026-01-31 06:45:42,542 - __main__ - INFO - --- New Round Detected: 20 ---
[33mserver_1      |[0m INFO:werkzeug:172.18.0.16 - - [31/Jan/2026 06:45:42] "GET /download_model?round=20 HTTP/1.1" 200 -
[36;1mclient_005_1  |[0m 2026-01-31 06:45:42,884 - __main__ - INFO - Round 20 finished. Loss: 0.0000, Acc: 0.00%
[33mserver_1      |[0m INFO:__main__:Received update from client_005
[33mserver_1      |[0m INFO:werkzeug:172.18.0.19 - - [31/Jan/2026 06:45:42] "POST /submit_update HTTP/1.1" 200 -
[36;1mclient_005_1  |[0m 2026-01-31 06:45:43,019 - __main__ - INFO - 🚀 Model update submitted successfully.
[36;1mclient_005_1  |[0m 2026-01-31 06:45:43,020 - __main__ - INFO - Update submitted for Round 20. Waiting...
[36mclient_010_1  |[0m 2026-01-31 06:45:46,084 - __main__ - INFO - Round 20 finished. Loss: 0.0000, Acc: 0.00%
[33mserver_1      |[0m INFO:__main__:Received update from client_010
[33mserver_1      |[0m INFO:werkzeug:172.18.0.16 - - [31/Jan/2026 06:45:46] "POST /submit_update HTTP/1.1" 200 -
[34mclient_004_1  |[0m 2026-01-31 06:45:46,206 - __main__ - INFO - Round 20 finished. Loss: 0.0000, Acc: 0.00%
[32;1mclient_007_1  |[0m 2026-01-31 06:45:46,209 - __main__ - INFO - --- New Round Detected: 20 ---
[36mclient_010_1  |[0m 2026-01-31 06:45:46,218 - __main__ - INFO - 🚀 Model update submitted successfully.
[36mclient_010_1  |[0m 2026-01-31 06:45:46,218 - __main__ - INFO - Update submitted for Round 20. Waiting...
[33mserver_1      |[0m INFO:werkzeug:172.18.0.12 - - [31/Jan/2026 06:45:46] "GET /download_model?round=20 HTTP/1.1" 200 -
[33mserver_1      |[0m INFO:__main__:Received update from client_004
[33mserver_1      |[0m INFO:__main__:--- Aggregating 5 updates ---
[33mserver_1      |[0m INFO:__main__:⚡ Using Custom Aggregator with Drift Metric...
[33mserver_1      |[0m INFO:server.aggregator:Starting FedAvg aggregation for 5 clients.
[34;1mclient_009_1  |[0m 2026-01-31 06:45:46,903 - __main__ - INFO - --- New Round Detected: 20 ---
[33mserver_1      |[0m INFO:werkzeug:172.18.0.15 - - [31/Jan/2026 06:45:46] "GET /download_model?round=20 HTTP/1.1" 200 -
[35mclient_003_1  |[0m 2026-01-31 06:45:47,209 - __main__ - INFO - --- New Round Detected: 20 ---
[33mserver_1      |[0m INFO:werkzeug:172.18.0.21 - - [31/Jan/2026 06:45:47] "GET /download_model?round=20 HTTP/1.1" 200 -
[33mserver_1      |[0m INFO:server.aggregator:--- [METRIC] Weight Divergence: 1.2043
[33mserver_1      |[0m INFO:server.aggregator:FedAvg aggregation complete.
[33mserver_1      |[0m INFO:__main__:Aggregation complete.
[33mserver_1      |[0m ⏱️ [TIME] Client client_002 finished training in 5.13s
[33mserver_1      |[0m ⏱️ [TIME] Client client_005 finished training in 2.63s
[33mserver_1      |[0m ⏱️ [TIME] Client client_010 finished training in 3.39s
[33mserver_1      |[0m ⏱️ [TIME] Client client_004 finished training in 4.77s
[33mserver_1      |[0m DEBUG: ⚠️ MY CUSTOM AGGREGATOR IS RUNNING ⚠️
[33;1mclient_006_1  |[0m 2026-01-31 06:45:47,878 - __main__ - INFO - --- New Round Detected: 20 ---
[33mserver_1      |[0m INFO:werkzeug:172.18.0.22 - - [31/Jan/2026 06:45:47] "GET /download_model?round=20 HTTP/1.1" 200 -
[33mclient_001_1  |[0m 2026-01-31 06:45:48,172 - __main__ - INFO - --- New Round Detected: 20 ---
[35;1mclient_008_1  |[0m 2026-01-31 06:45:48,174 - __main__ - INFO - --- New Round Detected: 20 ---
[33mserver_1      |[0m INFO:werkzeug:172.18.0.18 - - [31/Jan/2026 06:45:48] "GET /download_model?round=20 HTTP/1.1" 200 -
[33mserver_1      |[0m INFO:werkzeug:172.18.0.20 - - [31/Jan/2026 06:45:48] "GET /download_model?round=20 HTTP/1.1" 200 -
[33mserver_1      |[0m INFO:__main__:💾 Saving metrics to results/metrics.csv...
[33mserver_1      |[0m INFO:__main__:--- Round 20 Acc: 50.48%, Loss: 1.3438 ---
[33mserver_1      |[0m INFO:__main__:--- Starting Round 21. Timeout: 600s ---
[33mserver_1      |[0m INFO:werkzeug:172.18.0.17 - - [31/Jan/2026 06:45:48] "POST /submit_update HTTP/1.1" 200 -
[34mclient_004_1  |[0m 2026-01-31 06:45:48,469 - __main__ - INFO - 🚀 Model update submitted successfully.
[34mclient_004_1  |[0m 2026-01-31 06:45:48,470 - __main__ - INFO - Update submitted for Round 20. Waiting...
[32mclient_002_1  |[0m 2026-01-31 06:45:49,510 - __main__ - INFO - --- New Round Detected: 21 ---
[33mserver_1      |[0m INFO:werkzeug:172.18.0.10 - - [31/Jan/2026 06:45:49] "GET /download_model?round=21 HTTP/1.1" 200 -
[34;1mclient_009_1  |[0m 2026-01-31 06:45:51,160 - __main__ - INFO - Round 20 finished. Loss: 0.0000, Acc: 0.00%
[33mclient_001_1  |[0m 2026-01-31 06:45:51,256 - __main__ - INFO - Round 20 finished. Loss: 0.0000, Acc: 0.00%
[33mserver_1      |[0m INFO:__main__:Received update from client_009
[33mserver_1      |[0m INFO:werkzeug:172.18.0.15 - - [31/Jan/2026 06:45:51] "POST /submit_update HTTP/1.1" 200 -
[34;1mclient_009_1  |[0m 2026-01-31 06:45:51,324 - __main__ - INFO - 🚀 Model update submitted successfully.
[34;1mclient_009_1  |[0m 2026-01-31 06:45:51,325 - __main__ - INFO - Update submitted for Round 20. Waiting...
[33mserver_1      |[0m INFO:__main__:Received update from client_001
[33mserver_1      |[0m INFO:werkzeug:172.18.0.18 - - [31/Jan/2026 06:45:51] "POST /submit_update HTTP/1.1" 200 -
[33mclient_001_1  |[0m 2026-01-31 06:45:51,392 - __main__ - INFO - 🚀 Model update submitted successfully.
[33mclient_001_1  |[0m 2026-01-31 06:45:51,392 - __main__ - INFO - Update submitted for Round 20. Waiting...
[35;1mclient_008_1  |[0m 2026-01-31 06:45:51,673 - __main__ - INFO - Round 20 finished. Loss: 0.0000, Acc: 0.00%
[33mserver_1      |[0m INFO:__main__:Received update from client_008
[33mserver_1      |[0m INFO:werkzeug:172.18.0.20 - - [31/Jan/2026 06:45:51] "POST /submit_update HTTP/1.1" 200 -
[35;1mclient_008_1  |[0m 2026-01-31 06:45:51,813 - __main__ - INFO - 🚀 Model update submitted successfully.
[35;1mclient_008_1  |[0m 2026-01-31 06:45:51,813 - __main__ - INFO - Update submitted for Round 20. Waiting...
[36;1mclient_005_1  |[0m 2026-01-31 06:45:53,083 - __main__ - INFO - --- New Round Detected: 21 ---
[33mserver_1      |[0m INFO:werkzeug:172.18.0.19 - - [31/Jan/2026 06:45:53] "GET /download_model?round=21 HTTP/1.1" 200 -
[32mclient_002_1  |[0m 2026-01-31 06:45:53,421 - __main__ - INFO - Round 21 finished. Loss: 0.0000, Acc: 0.00%
[33;1mclient_006_1  |[0m 2026-01-31 06:45:53,475 - __main__ - INFO - Round 20 finished. Loss: 0.0000, Acc: 0.00%
[33mserver_1      |[0m INFO:__main__:Received update from client_002
[33mserver_1      |[0m INFO:werkzeug:172.18.0.10 - - [31/Jan/2026 06:45:53] "POST /submit_update HTTP/1.1" 200 -
[32mclient_002_1  |[0m 2026-01-31 06:45:53,556 - __main__ - INFO - 🚀 Model update submitted successfully.
[32mclient_002_1  |[0m 2026-01-31 06:45:53,556 - __main__ - INFO - Update submitted for Round 21. Waiting...
[32;1mclient_007_1  |[0m 2026-01-31 06:45:53,562 - __main__ - INFO - Round 20 finished. Loss: 0.0000, Acc: 0.00%
[33mserver_1      |[0m INFO:__main__:Received update from client_006
[33mserver_1      |[0m INFO:__main__:--- Aggregating 5 updates ---
[33mserver_1      |[0m INFO:__main__:⚡ Using Custom Aggregator with Drift Metric...
[33mserver_1      |[0m INFO:server.aggregator:Starting FedAvg aggregation for 5 clients.
[35mclient_003_1  |[0m 2026-01-31 06:45:54,447 - __main__ - INFO - Round 20 finished. Loss: 0.0000, Acc: 0.00%
[33mserver_1      |[0m INFO:werkzeug:172.18.0.21 - - [31/Jan/2026 06:45:54] "[31m[1mPOST /submit_update HTTP/1.1[0m" 400 -
[35mclient_003_1  |[0m 2026-01-31 06:45:54,511 - __main__ - ERROR - Update submission failed: {"error":"Not accepting updates"}
[35mclient_003_1  |[0m 
[35mclient_003_1  |[0m 2026-01-31 06:45:54,512 - __main__ - INFO - Update submitted for Round 20. Waiting...
[33mserver_1      |[0m INFO:server.aggregator:--- [METRIC] Weight Divergence: 1.2111
[33mserver_1      |[0m INFO:server.aggregator:FedAvg aggregation complete.
[33mserver_1      |[0m INFO:__main__:Aggregation complete.
[33mserver_1      |[0m ⏱️ [TIME] Client client_009 finished training in 4.07s
[33mserver_1      |[0m ⏱️ [TIME] Client client_001 finished training in 2.90s
[33mserver_1      |[0m ⏱️ [TIME] Client client_008 finished training in 3.32s
[33mserver_1      |[0m ⏱️ [TIME] Client client_002 finished training in 3.71s
[33mserver_1      |[0m ⏱️ [TIME] Client client_006 finished training in 5.42s
[33mserver_1      |[0m DEBUG: ⚠️ MY CUSTOM AGGREGATOR IS RUNNING ⚠️
[33mserver_1      |[0m ⏱️ [TIME] Client client_007 finished training in 7.17s
[36;1mclient_005_1  |[0m 2026-01-31 06:45:55,967 - __main__ - INFO - Round 21 finished. Loss: 0.0000, Acc: 0.00%
[33mserver_1      |[0m INFO:werkzeug:172.18.0.19 - - [31/Jan/2026 06:45:55] "[31m[1mPOST /submit_update HTTP/1.1[0m" 400 -
[36;1mclient_005_1  |[0m 2026-01-31 06:45:56,033 - __main__ - ERROR - Update submission failed: {"error":"Not accepting updates"}
[36;1mclient_005_1  |[0m 
[36;1mclient_005_1  |[0m 2026-01-31 06:45:56,033 - __main__ - INFO - Update submitted for Round 21. Waiting...
[33mserver_1      |[0m INFO:__main__:💾 Saving metrics to results/metrics.csv...
[33mserver_1      |[0m INFO:__main__:--- Round 21 Acc: 52.52%, Loss: 1.3141 ---
[33mserver_1      |[0m INFO:__main__:--- Starting Round 22. Timeout: 600s ---
[33mserver_1      |[0m INFO:werkzeug:172.18.0.22 - - [31/Jan/2026 06:45:56] "POST /submit_update HTTP/1.1" 200 -
[33mserver_1      |[0m INFO:__main__:Received update from client_007
[33mserver_1      |[0m INFO:werkzeug:172.18.0.12 - - [31/Jan/2026 06:45:56] "POST /submit_update HTTP/1.1" 200 -
[33;1mclient_006_1  |[0m 2026-01-31 06:45:56,184 - __main__ - INFO - 🚀 Model update submitted successfully.
[33;1mclient_006_1  |[0m 2026-01-31 06:45:56,184 - __main__ - INFO - Update submitted for Round 20. Waiting...
[32;1mclient_007_1  |[0m 2026-01-31 06:45:56,185 - __main__ - INFO - 🚀 Model update submitted successfully.
[32;1mclient_007_1  |[0m 2026-01-31 06:45:56,185 - __main__ - INFO - Update submitted for Round 20. Waiting...
[36mclient_010_1  |[0m 2026-01-31 06:45:56,364 - __main__ - INFO - --- New Round Detected: 22 ---
[33mserver_1      |[0m INFO:werkzeug:172.18.0.16 - - [31/Jan/2026 06:45:56] "GET /download_model?round=22 HTTP/1.1" 200 -
[34mclient_004_1  |[0m 2026-01-31 06:45:58,554 - __main__ - INFO - --- New Round Detected: 22 ---
[33mserver_1      |[0m INFO:werkzeug:172.18.0.17 - - [31/Jan/2026 06:45:58] "GET /download_model?round=22 HTTP/1.1" 200 -
[34;1mclient_009_1  |[0m 2026-01-31 06:46:01,397 - __main__ - INFO - --- New Round Detected: 22 ---
[33mserver_1      |[0m INFO:werkzeug:172.18.0.15 - - [31/Jan/2026 06:46:01] "GET /download_model?round=22 HTTP/1.1" 200 -
[33mclient_001_1  |[0m 2026-01-31 06:46:01,479 - __main__ - INFO - --- New Round Detected: 22 ---
[33mserver_1      |[0m INFO:werkzeug:172.18.0.18 - - [31/Jan/2026 06:46:01] "GET /download_model?round=22 HTTP/1.1" 200 -
[36mclient_010_1  |[0m 2026-01-31 06:46:01,589 - __main__ - INFO - Round 22 finished. Loss: 0.0000, Acc: 0.00%
[33mserver_1      |[0m INFO:__main__:Received update from client_010
[33mserver_1      |[0m INFO:werkzeug:172.18.0.16 - - [31/Jan/2026 06:46:01] "POST /submit_update HTTP/1.1" 200 -
[36mclient_010_1  |[0m 2026-01-31 06:46:01,724 - __main__ - INFO - 🚀 Model update submitted successfully.
[36mclient_010_1  |[0m 2026-01-31 06:46:01,724 - __main__ - INFO - Update submitted for Round 22. Waiting...
[35;1mclient_008_1  |[0m 2026-01-31 06:46:01,876 - __main__ - INFO - --- New Round Detected: 22 ---
[33mserver_1      |[0m INFO:werkzeug:172.18.0.20 - - [31/Jan/2026 06:46:01] "GET /download_model?round=22 HTTP/1.1" 200 -
[34mclient_004_1  |[0m 2026-01-31 06:46:02,644 - __main__ - INFO - Round 22 finished. Loss: 0.0000, Acc: 0.00%
[33mserver_1      |[0m INFO:__main__:Received update from client_004
[33mserver_1      |[0m INFO:werkzeug:172.18.0.17 - - [31/Jan/2026 06:46:02] "POST /submit_update HTTP/1.1" 200 -
[34mclient_004_1  |[0m 2026-01-31 06:46:02,779 - __main__ - INFO - 🚀 Model update submitted successfully.
[34mclient_004_1  |[0m 2026-01-31 06:46:02,781 - __main__ - INFO - Update submitted for Round 22. Waiting...
[32mclient_002_1  |[0m 2026-01-31 06:46:03,618 - __main__ - INFO - --- New Round Detected: 22 ---
[33mserver_1      |[0m INFO:werkzeug:172.18.0.10 - - [31/Jan/2026 06:46:03] "GET /download_model?round=22 HTTP/1.1" 200 -
[35mclient_003_1  |[0m 2026-01-31 06:46:04,575 - __main__ - INFO - --- New Round Detected: 22 ---
[33mserver_1      |[0m INFO:werkzeug:172.18.0.21 - - [31/Jan/2026 06:46:04] "GET /download_model?round=22 HTTP/1.1" 200 -
[35;1mclient_008_1  |[0m 2026-01-31 06:46:05,274 - __main__ - INFO - Round 22 finished. Loss: 0.0000, Acc: 0.00%
[33mclient_001_1  |[0m 2026-01-31 06:46:05,284 - __main__ - INFO - Round 22 finished. Loss: 0.0000, Acc: 0.00%
[33mserver_1      |[0m INFO:__main__:Received update from client_008
[33mserver_1      |[0m INFO:werkzeug:172.18.0.20 - - [31/Jan/2026 06:46:05] "POST /submit_update HTTP/1.1" 200 -
[33mserver_1      |[0m INFO:__main__:Received update from client_001
[33mserver_1      |[0m INFO:__main__:--- Aggregating 5 updates ---
[33mserver_1      |[0m INFO:__main__:⚡ Using Custom Aggregator with Drift Metric...
[33mserver_1      |[0m INFO:server.aggregator:Starting FedAvg aggregation for 5 clients.
[35;1mclient_008_1  |[0m 2026-01-31 06:46:05,409 - __main__ - INFO - 🚀 Model update submitted successfully.
[35;1mclient_008_1  |[0m 2026-01-31 06:46:05,409 - __main__ - INFO - Update submitted for Round 22. Waiting...
[34;1mclient_009_1  |[0m 2026-01-31 06:46:05,703 - __main__ - INFO - Round 22 finished. Loss: 0.0000, Acc: 0.00%
[33mserver_1      |[0m INFO:werkzeug:172.18.0.15 - - [31/Jan/2026 06:46:05] "[31m[1mPOST /submit_update HTTP/1.1[0m" 400 -
[34;1mclient_009_1  |[0m 2026-01-31 06:46:05,830 - __main__ - ERROR - Update submission failed: {"error":"Not accepting updates"}
[34;1mclient_009_1  |[0m 
[34;1mclient_009_1  |[0m 2026-01-31 06:46:05,830 - __main__ - INFO - Update submitted for Round 22. Waiting...
[36;1mclient_005_1  |[0m 2026-01-31 06:46:06,110 - __main__ - INFO - --- New Round Detected: 22 ---
[33mserver_1      |[0m INFO:werkzeug:172.18.0.19 - - [31/Jan/2026 06:46:06] "GET /download_model?round=22 HTTP/1.1" 200 -
[33;1mclient_006_1  |[0m 2026-01-31 06:46:06,252 - __main__ - INFO - --- New Round Detected: 22 ---
[32;1mclient_007_1  |[0m 2026-01-31 06:46:06,263 - __main__ - INFO - --- New Round Detected: 22 ---
[33mserver_1      |[0m INFO:werkzeug:172.18.0.22 - - [31/Jan/2026 06:46:06] "GET /download_model?round=22 HTTP/1.1" 200 -
[33mserver_1      |[0m INFO:werkzeug:172.18.0.12 - - [31/Jan/2026 06:46:06] "GET /download_model?round=22 HTTP/1.1" 200 -
[33mserver_1      |[0m INFO:server.aggregator:--- [METRIC] Weight Divergence: 1.2567
[33mserver_1      |[0m INFO:server.aggregator:FedAvg aggregation complete.
[33mserver_1      |[0m INFO:__main__:Aggregation complete.
[33mserver_1      |[0m ⏱️ [TIME] Client client_010 finished training in 5.04s
[33mserver_1      |[0m ⏱️ [TIME] Client client_004 finished training in 3.92s
[33mserver_1      |[0m ⏱️ [TIME] Client client_008 finished training in 3.21s
[33mserver_1      |[0m ⏱️ [TIME] Client client_001 finished training in 3.62s
[33mserver_1      |[0m DEBUG: ⚠️ MY CUSTOM AGGREGATOR IS RUNNING ⚠️
[33mserver_1      |[0m INFO:__main__:💾 Saving metrics to results/metrics.csv...
[33mserver_1      |[0m INFO:__main__:--- Round 22 Acc: 50.26%, Loss: 1.3484 ---
[33mserver_1      |[0m INFO:__main__:--- Starting Round 23. Timeout: 600s ---
[33mserver_1      |[0m INFO:werkzeug:172.18.0.18 - - [31/Jan/2026 06:46:07] "POST /submit_update HTTP/1.1" 200 -
[33mclient_001_1  |[0m 2026-01-31 06:46:07,612 - __main__ - INFO - 🚀 Model update submitted successfully.
[33mclient_001_1  |[0m 2026-01-31 06:46:07,612 - __main__ - INFO - Update submitted for Round 22. Waiting...
[36;1mclient_005_1  |[0m 2026-01-31 06:46:08,904 - __main__ - INFO - Round 22 finished. Loss: 0.0000, Acc: 0.00%
[32mclient_002_1  |[0m 2026-01-31 06:46:08,921 - __main__ - INFO - Round 22 finished. Loss: 0.0000, Acc: 0.00%
[33mserver_1      |[0m INFO:__main__:Received update from client_002
[33mserver_1      |[0m INFO:werkzeug:172.18.0.10 - - [31/Jan/2026 06:46:09] "POST /submit_update HTTP/1.1" 200 -
[33mserver_1      |[0m INFO:__main__:Received update from client_005
[33mserver_1      |[0m INFO:werkzeug:172.18.0.19 - - [31/Jan/2026 06:46:09] "POST /submit_update HTTP/1.1" 200 -
[32mclient_002_1  |[0m 2026-01-31 06:46:09,059 - __main__ - INFO - 🚀 Model update submitted successfully.
[32mclient_002_1  |[0m 2026-01-31 06:46:09,059 - __main__ - INFO - Update submitted for Round 22. Waiting...
[36;1mclient_005_1  |[0m 2026-01-31 06:46:09,061 - __main__ - INFO - 🚀 Model update submitted successfully.
[36;1mclient_005_1  |[0m 2026-01-31 06:46:09,061 - __main__ - INFO - Update submitted for Round 22. Waiting...
[33;1mclient_006_1  |[0m 2026-01-31 06:46:10,885 - __main__ - INFO - Round 22 finished. Loss: 0.0000, Acc: 0.00%
[33mserver_1      |[0m INFO:__main__:Received update from client_006
[33mserver_1      |[0m INFO:werkzeug:172.18.0.22 - - [31/Jan/2026 06:46:11] "POST /submit_update HTTP/1.1" 200 -
[33;1mclient_006_1  |[0m 2026-01-31 06:46:11,042 - __main__ - INFO - 🚀 Model update submitted successfully.
[33;1mclient_006_1  |[0m 2026-01-31 06:46:11,042 - __main__ - INFO - Update submitted for Round 22. Waiting...
[36mclient_010_1  |[0m 2026-01-31 06:46:11,790 - __main__ - INFO - --- New Round Detected: 23 ---
[33mserver_1      |[0m INFO:werkzeug:172.18.0.16 - - [31/Jan/2026 06:46:11] "GET /download_model?round=23 HTTP/1.1" 200 -
[35mclient_003_1  |[0m 2026-01-31 06:46:12,199 - __main__ - INFO - Round 22 finished. Loss: 0.0000, Acc: 0.00%
[33mserver_1      |[0m INFO:__main__:Received update from client_003
[33mserver_1      |[0m INFO:werkzeug:172.18.0.21 - - [31/Jan/2026 06:46:12] "POST /submit_update HTTP/1.1" 200 -
[35mclient_003_1  |[0m 2026-01-31 06:46:12,334 - __main__ - INFO - 🚀 Model update submitted successfully.
[35mclient_003_1  |[0m 2026-01-31 06:46:12,335 - __main__ - INFO - Update submitted for Round 22. Waiting...
[34mclient_004_1  |[0m 2026-01-31 06:46:12,845 - __main__ - INFO - --- New Round Detected: 23 ---
[33mserver_1      |[0m INFO:werkzeug:172.18.0.17 - - [31/Jan/2026 06:46:12] "GET /download_model?round=23 HTTP/1.1" 200 -
[32;1mclient_007_1  |[0m 2026-01-31 06:46:13,595 - __main__ - INFO - Round 22 finished. Loss: 0.0000, Acc: 0.00%
[33mserver_1      |[0m INFO:__main__:Received update from client_007
[33mserver_1      |[0m INFO:__main__:--- Aggregating 5 updates ---
[33mserver_1      |[0m INFO:__main__:⚡ Using Custom Aggregator with Drift Metric...
[33mserver_1      |[0m INFO:server.aggregator:Starting FedAvg aggregation for 5 clients.
[36mclient_010_1  |[0m 2026-01-31 06:46:14,737 - __main__ - INFO - Round 23 finished. Loss: 0.0000, Acc: 0.00%
[33mserver_1      |[0m INFO:werkzeug:172.18.0.16 - - [31/Jan/2026 06:46:14] "[31m[1mPOST /submit_update HTTP/1.1[0m" 400 -
[36mclient_010_1  |[0m 2026-01-31 06:46:14,802 - __main__ - ERROR - Update submission failed: {"error":"Not accepting updates"}
[36mclient_010_1  |[0m 
[36mclient_010_1  |[0m 2026-01-31 06:46:14,802 - __main__ - INFO - Update submitted for Round 23. Waiting...
[33mserver_1      |[0m INFO:server.aggregator:--- [METRIC] Weight Divergence: 1.3068
[33mserver_1      |[0m INFO:server.aggregator:FedAvg aggregation complete.
[33mserver_1      |[0m INFO:__main__:Aggregation complete.
[33mserver_1      |[0m ⏱️ [TIME] Client client_002 finished training in 5.12s
[33mserver_1      |[0m ⏱️ [TIME] Client client_005 finished training in 2.63s
[33mserver_1      |[0m ⏱️ [TIME] Client client_006 finished training in 4.47s
[33mserver_1      |[0m ⏱️ [TIME] Client client_003 finished training in 7.45s
[33mserver_1      |[0m ⏱️ [TIME] Client client_007 finished training in 7.16s
[33mserver_1      |[0m DEBUG: ⚠️ MY CUSTOM AGGREGATOR IS RUNNING ⚠️
[35;1mclient_008_1  |[0m 2026-01-31 06:46:15,474 - __main__ - INFO - --- New Round Detected: 23 ---
[33mserver_1      |[0m INFO:werkzeug:172.18.0.20 - - [31/Jan/2026 06:46:15] "GET /download_model?round=23 HTTP/1.1" 200 -
[34;1mclient_009_1  |[0m 2026-01-31 06:46:15,903 - __main__ - INFO - --- New Round Detected: 23 ---
[33mserver_1      |[0m INFO:werkzeug:172.18.0.15 - - [31/Jan/2026 06:46:15] "GET /download_model?round=23 HTTP/1.1" 200 -
[33mserver_1      |[0m INFO:__main__:💾 Saving metrics to results/metrics.csv...
[33mserver_1      |[0m INFO:__main__:--- Round 23 Acc: 54.23%, Loss: 1.3097 ---
[33mserver_1      |[0m INFO:__main__:--- Starting Round 24. Timeout: 600s ---
[33mserver_1      |[0m INFO:werkzeug:172.18.0.12 - - [31/Jan/2026 06:46:16] "POST /submit_update HTTP/1.1" 200 -
[32;1mclient_007_1  |[0m 2026-01-31 06:46:16,196 - __main__ - INFO - 🚀 Model update submitted successfully.
[32;1mclient_007_1  |[0m 2026-01-31 06:46:16,196 - __main__ - INFO - Update submitted for Round 22. Waiting...
[33mserver_1      |[0m INFO:werkzeug:172.18.0.18 - - [31/Jan/2026 06:46:17] "GET /download_model?round=24 HTTP/1.1" 200 -
[33mclient_001_1  |[0m 2026-01-31 06:46:17,691 - __main__ - INFO - --- New Round Detected: 24 ---
[34mclient_004_1  |[0m 2026-01-31 06:46:18,533 - __main__ - INFO - Round 23 finished. Loss: 0.0000, Acc: 0.00%
[33mserver_1      |[0m INFO:__main__:Received update from client_004
[33mserver_1      |[0m INFO:werkzeug:172.18.0.17 - - [31/Jan/2026 06:46:18] "POST /submit_update HTTP/1.1" 200 -
[34mclient_004_1  |[0m 2026-01-31 06:46:18,668 - __main__ - INFO - 🚀 Model update submitted successfully.
[34mclient_004_1  |[0m 2026-01-31 06:46:18,668 - __main__ - INFO - Update submitted for Round 23. Waiting...
[35;1mclient_008_1  |[0m 2026-01-31 06:46:18,808 - __main__ - INFO - Round 23 finished. Loss: 0.0000, Acc: 0.00%
[33mserver_1      |[0m INFO:__main__:Received update from client_008
[33mserver_1      |[0m INFO:werkzeug:172.18.0.20 - - [31/Jan/2026 06:46:18] "POST /submit_update HTTP/1.1" 200 -
[35;1mclient_008_1  |[0m 2026-01-31 06:46:18,943 - __main__ - INFO - 🚀 Model update submitted successfully.
[35;1mclient_008_1  |[0m 2026-01-31 06:46:18,943 - __main__ - INFO - Update submitted for Round 23. Waiting...
[36;1mclient_005_1  |[0m 2026-01-31 06:46:19,126 - __main__ - INFO - --- New Round Detected: 24 ---
[32mclient_002_1  |[0m 2026-01-31 06:46:19,146 - __main__ - INFO - --- New Round Detected: 24 ---
[33mserver_1      |[0m INFO:werkzeug:172.18.0.19 - - [31/Jan/2026 06:46:19] "GET /download_model?round=24 HTTP/1.1" 200 -
[33mserver_1      |[0m INFO:werkzeug:172.18.0.10 - - [31/Jan/2026 06:46:19] "GET /download_model?round=24 HTTP/1.1" 200 -
[34;1mclient_009_1  |[0m 2026-01-31 06:46:20,017 - __main__ - INFO - Round 23 finished. Loss: 0.0000, Acc: 0.00%
[33mserver_1      |[0m INFO:__main__:Received update from client_009
[33mserver_1      |[0m INFO:werkzeug:172.18.0.15 - - [31/Jan/2026 06:46:20] "POST /submit_update HTTP/1.1" 200 -
[34;1mclient_009_1  |[0m 2026-01-31 06:46:20,153 - __main__ - INFO - 🚀 Model update submitted successfully.
[34;1mclient_009_1  |[0m 2026-01-31 06:46:20,153 - __main__ - INFO - Update submitted for Round 23. Waiting...
[36;1mclient_005_1  |[0m 2026-01-31 06:46:20,697 - __main__ - INFO - Round 24 finished. Loss: 0.0000, Acc: 0.00%
[33mserver_1      |[0m INFO:__main__:Received update from client_005
[33mserver_1      |[0m INFO:werkzeug:172.18.0.19 - - [31/Jan/2026 06:46:20] "POST /submit_update HTTP/1.1" 200 -
[36;1mclient_005_1  |[0m 2026-01-31 06:46:20,836 - __main__ - INFO - 🚀 Model update submitted successfully.
[36;1mclient_005_1  |[0m 2026-01-31 06:46:20,836 - __main__ - INFO - Update submitted for Round 24. Waiting...
[33;1mclient_006_1  |[0m 2026-01-31 06:46:21,120 - __main__ - INFO - --- New Round Detected: 24 ---
[33mserver_1      |[0m INFO:werkzeug:172.18.0.22 - - [31/Jan/2026 06:46:21] "GET /download_model?round=24 HTTP/1.1" 200 -
[33mclient_001_1  |[0m 2026-01-31 06:46:21,455 - __main__ - INFO - Round 24 finished. Loss: 0.0000, Acc: 0.00%
[33mserver_1      |[0m INFO:__main__:Received update from client_001
[33mserver_1      |[0m INFO:__main__:--- Aggregating 5 updates ---
[33mserver_1      |[0m INFO:__main__:⚡ Using Custom Aggregator with Drift Metric...
[33mserver_1      |[0m INFO:server.aggregator:Starting FedAvg aggregation for 5 clients.
[35mclient_003_1  |[0m 2026-01-31 06:46:22,397 - __main__ - INFO - --- New Round Detected: 24 ---
[33mserver_1      |[0m INFO:werkzeug:172.18.0.21 - - [31/Jan/2026 06:46:22] "GET /download_model?round=24 HTTP/1.1" 200 -
[33mserver_1      |[0m INFO:server.aggregator:--- [METRIC] Weight Divergence: 1.2330
[33mserver_1      |[0m INFO:server.aggregator:FedAvg aggregation complete.
[33mserver_1      |[0m INFO:__main__:Aggregation complete.
[32mclient_002_1  |[0m 2026-01-31 06:46:24,386 - __main__ - INFO - Round 24 finished. Loss: 0.0000, Acc: 0.00%
[33mserver_1      |[0m ⏱️ [TIME] Client client_004 finished training in 5.52s
[33mserver_1      |[0m ⏱️ [TIME] Client client_008 finished training in 3.17s
[33mserver_1      |[0m ⏱️ [TIME] Client client_009 finished training in 3.93s
[33mserver_1      |[0m ⏱️ [TIME] Client client_005 finished training in 1.41s
[33mserver_1      |[0m ⏱️ [TIME] Client client_001 finished training in 3.56s
[33mserver_1      |[0m DEBUG: ⚠️ MY CUSTOM AGGREGATOR IS RUNNING ⚠️
[33mserver_1      |[0m INFO:werkzeug:172.18.0.10 - - [31/Jan/2026 06:46:24] "[31m[1mPOST /submit_update HTTP/1.1[0m" 400 -
[32mclient_002_1  |[0m 2026-01-31 06:46:24,510 - __main__ - ERROR - Update submission failed: {"error":"Not accepting updates"}
[32mclient_002_1  |[0m 
[32mclient_002_1  |[0m 2026-01-31 06:46:24,511 - __main__ - INFO - Update submitted for Round 24. Waiting...
[36mclient_010_1  |[0m 2026-01-31 06:46:24,897 - __main__ - INFO - --- New Round Detected: 24 ---
[33mserver_1      |[0m INFO:werkzeug:172.18.0.16 - - [31/Jan/2026 06:46:24] "GET /download_model?round=24 HTTP/1.1" 200 -
[33mserver_1      |[0m INFO:__main__:💾 Saving metrics to results/metrics.csv...
[33mserver_1      |[0m INFO:__main__:--- Round 24 Acc: 56.52%, Loss: 1.2322 ---
[33mserver_1      |[0m INFO:__main__:--- Starting Round 25. Timeout: 600s ---
[33mserver_1      |[0m INFO:werkzeug:172.18.0.18 - - [31/Jan/2026 06:46:25] "POST /submit_update HTTP/1.1" 200 -
[33mclient_001_1  |[0m 2026-01-31 06:46:25,296 - __main__ - INFO - 🚀 Model update submitted successfully.
[33mclient_001_1  |[0m 2026-01-31 06:46:25,296 - __main__ - INFO - Update submitted for Round 24. Waiting...
[32;1mclient_007_1  |[0m 2026-01-31 06:46:26,262 - __main__ - INFO - --- New Round Detected: 25 ---
[33mserver_1      |[0m INFO:werkzeug:172.18.0.12 - - [31/Jan/2026 06:46:26] "GET /download_model?round=25 HTTP/1.1" 200 -
[33;1mclient_006_1  |[0m 2026-01-31 06:46:27,822 - __main__ - INFO - Round 24 finished. Loss: 0.0000, Acc: 0.00%
[33mserver_1      |[0m INFO:__main__:Received update from client_006
[33mserver_1      |[0m INFO:werkzeug:172.18.0.22 - - [31/Jan/2026 06:46:27] "POST /submit_update HTTP/1.1" 200 -
[33;1mclient_006_1  |[0m 2026-01-31 06:46:27,959 - __main__ - INFO - 🚀 Model update submitted successfully.
[33;1mclient_006_1  |[0m 2026-01-31 06:46:27,959 - __main__ - INFO - Update submitted for Round 24. Waiting...
[34mclient_004_1  |[0m 2026-01-31 06:46:28,729 - __main__ - INFO - --- New Round Detected: 25 ---
[33mserver_1      |[0m INFO:werkzeug:172.18.0.17 - - [31/Jan/2026 06:46:28] "GET /download_model?round=25 HTTP/1.1" 200 -
[35;1mclient_008_1  |[0m 2026-01-31 06:46:29,005 - __main__ - INFO - --- New Round Detected: 25 ---
[33mserver_1      |[0m INFO:werkzeug:172.18.0.20 - - [31/Jan/2026 06:46:29] "GET /download_model?round=25 HTTP/1.1" 200 -
[36mclient_010_1  |[0m 2026-01-31 06:46:29,950 - __main__ - INFO - Round 24 finished. Loss: 0.0000, Acc: 0.00%
[33mserver_1      |[0m INFO:__main__:Received update from client_010
[33mserver_1      |[0m INFO:werkzeug:172.18.0.16 - - [31/Jan/2026 06:46:30] "POST /submit_update HTTP/1.1" 200 -
[36mclient_010_1  |[0m 2026-01-31 06:46:30,085 - __main__ - INFO - 🚀 Model update submitted successfully.
[36mclient_010_1  |[0m 2026-01-31 06:46:30,085 - __main__ - INFO - Update submitted for Round 24. Waiting...
[35mclient_003_1  |[0m 2026-01-31 06:46:30,119 - __main__ - INFO - Round 24 finished. Loss: 0.0000, Acc: 0.00%
[34;1mclient_009_1  |[0m 2026-01-31 06:46:30,215 - __main__ - INFO - --- New Round Detected: 25 ---
[33mserver_1      |[0m INFO:__main__:Received update from client_003
[33mserver_1      |[0m INFO:werkzeug:172.18.0.21 - - [31/Jan/2026 06:46:30] "POST /submit_update HTTP/1.1" 200 -
[33mserver_1      |[0m INFO:werkzeug:172.18.0.15 - - [31/Jan/2026 06:46:30] "GET /download_model?round=25 HTTP/1.1" 200 -
[35mclient_003_1  |[0m 2026-01-31 06:46:30,254 - __main__ - INFO - 🚀 Model update submitted successfully.
[35mclient_003_1  |[0m 2026-01-31 06:46:30,254 - __main__ - INFO - Update submitted for Round 24. Waiting...
[36;1mclient_005_1  |[0m 2026-01-31 06:46:30,897 - __main__ - INFO - --- New Round Detected: 25 ---
[33mserver_1      |[0m INFO:werkzeug:172.18.0.19 - - [31/Jan/2026 06:46:30] "GET /download_model?round=25 HTTP/1.1" 200 -
[35;1mclient_008_1  |[0m 2026-01-31 06:46:32,485 - __main__ - INFO - Round 25 finished. Loss: 0.0000, Acc: 0.00%
[33mserver_1      |[0m INFO:__main__:Received update from client_008
[33mserver_1      |[0m INFO:werkzeug:172.18.0.20 - - [31/Jan/2026 06:46:32] "POST /submit_update HTTP/1.1" 200 -
[35;1mclient_008_1  |[0m 2026-01-31 06:46:32,620 - __main__ - INFO - 🚀 Model update submitted successfully.
[35;1mclient_008_1  |[0m 2026-01-31 06:46:32,620 - __main__ - INFO - Update submitted for Round 25. Waiting...
[32;1mclient_007_1  |[0m 2026-01-31 06:46:33,424 - __main__ - INFO - Round 25 finished. Loss: 0.0000, Acc: 0.00%
[33mserver_1      |[0m INFO:__main__:Received update from client_007
[33mserver_1      |[0m INFO:__main__:--- Aggregating 5 updates ---
[33mserver_1      |[0m INFO:__main__:⚡ Using Custom Aggregator with Drift Metric...
[33mserver_1      |[0m INFO:server.aggregator:Starting FedAvg aggregation for 5 clients.
[36;1mclient_005_1  |[0m 2026-01-31 06:46:33,974 - __main__ - INFO - Round 25 finished. Loss: 0.0000, Acc: 0.00%
[33mserver_1      |[0m INFO:werkzeug:172.18.0.19 - - [31/Jan/2026 06:46:33] "[31m[1mPOST /submit_update HTTP/1.1[0m" 400 -
[36;1mclient_005_1  |[0m 2026-01-31 06:46:34,039 - __main__ - ERROR - Update submission failed: {"error":"Not accepting updates"}
[36;1mclient_005_1  |[0m 
[36;1mclient_005_1  |[0m 2026-01-31 06:46:34,042 - __main__ - INFO - Update submitted for Round 25. Waiting...
[34mclient_004_1  |[0m 2026-01-31 06:46:34,470 - __main__ - INFO - Round 25 finished. Loss: 0.0000, Acc: 0.00%
[33mserver_1      |[0m INFO:werkzeug:172.18.0.17 - - [31/Jan/2026 06:46:34] "[31m[1mPOST /submit_update HTTP/1.1[0m" 400 -
[34mclient_004_1  |[0m 2026-01-31 06:46:34,564 - __main__ - ERROR - Update submission failed: {"error":"Not accepting updates"}
[34mclient_004_1  |[0m 
[34mclient_004_1  |[0m 2026-01-31 06:46:34,564 - __main__ - INFO - Update submitted for Round 25. Waiting...
[32mclient_002_1  |[0m 2026-01-31 06:46:34,577 - __main__ - INFO - --- New Round Detected: 25 ---
[33mserver_1      |[0m INFO:werkzeug:172.18.0.10 - - [31/Jan/2026 06:46:34] "GET /download_model?round=25 HTTP/1.1" 200 -
[34;1mclient_009_1  |[0m 2026-01-31 06:46:34,612 - __main__ - INFO - Round 25 finished. Loss: 0.0000, Acc: 0.00%
[33mserver_1      |[0m INFO:werkzeug:172.18.0.15 - - [31/Jan/2026 06:46:34] "[31m[1mPOST /submit_update HTTP/1.1[0m" 400 -
[34;1mclient_009_1  |[0m 2026-01-31 06:46:34,677 - __main__ - ERROR - Update submission failed: {"error":"Not accepting updates"}
[34;1mclient_009_1  |[0m 
[34;1mclient_009_1  |[0m 2026-01-31 06:46:34,677 - __main__ - INFO - Update submitted for Round 25. Waiting...
[33mclient_001_1  |[0m 2026-01-31 06:46:35,368 - __main__ - INFO - --- New Round Detected: 25 ---
[33mserver_1      |[0m INFO:werkzeug:172.18.0.18 - - [31/Jan/2026 06:46:35] "GET /download_model?round=25 HTTP/1.1" 200 -
[33mserver_1      |[0m INFO:server.aggregator:--- [METRIC] Weight Divergence: 1.3955
[33mserver_1      |[0m INFO:server.aggregator:FedAvg aggregation complete.
[33mserver_1      |[0m INFO:__main__:Aggregation complete.
[33mserver_1      |[0m ⏱️ [TIME] Client client_006 finished training in 6.53s
[33mserver_1      |[0m ⏱️ [TIME] Client client_010 finished training in 4.88s
[33mserver_1      |[0m ⏱️ [TIME] Client client_003 finished training in 7.54s
[33mserver_1      |[0m ⏱️ [TIME] Client client_008 finished training in 3.31s
[33mserver_1      |[0m ⏱️ [TIME] Client client_007 finished training in 6.98s
[33mserver_1      |[0m DEBUG: ⚠️ MY CUSTOM AGGREGATOR IS RUNNING ⚠️
[33mserver_1      |[0m INFO:__main__:💾 Saving metrics to results/metrics.csv...
[33mserver_1      |[0m INFO:__main__:--- Round 25 Acc: 51.43%, Loss: 1.3372 ---
[33mserver_1      |[0m INFO:__main__:--- Starting Round 26. Timeout: 600s ---
[33mserver_1      |[0m INFO:werkzeug:172.18.0.12 - - [31/Jan/2026 06:46:36] "POST /submit_update HTTP/1.1" 200 -
[32;1mclient_007_1  |[0m 2026-01-31 06:46:36,948 - __main__ - INFO - 🚀 Model update submitted successfully.
[32;1mclient_007_1  |[0m 2026-01-31 06:46:36,949 - __main__ - INFO - Update submitted for Round 25. Waiting...
[33;1mclient_006_1  |[0m 2026-01-31 06:46:38,028 - __main__ - INFO - --- New Round Detected: 26 ---
[33mserver_1      |[0m INFO:werkzeug:172.18.0.22 - - [31/Jan/2026 06:46:38] "GET /download_model?round=26 HTTP/1.1" 200 -
[33mclient_001_1  |[0m 2026-01-31 06:46:38,382 - __main__ - INFO - Round 25 finished. Loss: 0.0000, Acc: 0.00%
[33mserver_1      |[0m INFO:__main__:Received update from client_001
[33mserver_1      |[0m INFO:werkzeug:172.18.0.18 - - [31/Jan/2026 06:46:38] "POST /submit_update HTTP/1.1" 200 -
[33mclient_001_1  |[0m 2026-01-31 06:46:38,517 - __main__ - INFO - 🚀 Model update submitted successfully.
[33mclient_001_1  |[0m 2026-01-31 06:46:38,517 - __main__ - INFO - Update submitted for Round 25. Waiting...
[36mclient_010_1  |[0m 2026-01-31 06:46:40,146 - __main__ - INFO - --- New Round Detected: 26 ---
[33mserver_1      |[0m INFO:werkzeug:172.18.0.16 - - [31/Jan/2026 06:46:40] "GET /download_model?round=26 HTTP/1.1" 200 -
[32mclient_002_1  |[0m 2026-01-31 06:46:40,231 - __main__ - INFO - Round 25 finished. Loss: 0.0000, Acc: 0.00%
[35mclient_003_1  |[0m 2026-01-31 06:46:40,315 - __main__ - INFO - --- New Round Detected: 26 ---
[33mserver_1      |[0m INFO:__main__:Received update from client_002
[33mserver_1      |[0m INFO:werkzeug:172.18.0.10 - - [31/Jan/2026 06:46:40] "POST /submit_update HTTP/1.1" 200 -
[33mserver_1      |[0m INFO:werkzeug:172.18.0.21 - - [31/Jan/2026 06:46:40] "GET /download_model?round=26 HTTP/1.1" 200 -
[32mclient_002_1  |[0m 2026-01-31 06:46:40,387 - __main__ - INFO - 🚀 Model update submitted successfully.
[32mclient_002_1  |[0m 2026-01-31 06:46:40,387 - __main__ - INFO - Update submitted for Round 25. Waiting...
[35;1mclient_008_1  |[0m 2026-01-31 06:46:42,695 - __main__ - INFO - --- New Round Detected: 26 ---
[33mserver_1      |[0m INFO:werkzeug:172.18.0.20 - - [31/Jan/2026 06:46:42] "GET /download_model?round=26 HTTP/1.1" 200 -
[36mclient_010_1  |[0m 2026-01-31 06:46:43,037 - __main__ - INFO - Round 26 finished. Loss: 0.0000, Acc: 0.00%
[33mserver_1      |[0m INFO:__main__:Received update from client_010
[33mserver_1      |[0m INFO:werkzeug:172.18.0.16 - - [31/Jan/2026 06:46:43] "POST /submit_update HTTP/1.1" 200 -
[36mclient_010_1  |[0m 2026-01-31 06:46:43,170 - __main__ - INFO - 🚀 Model update submitted successfully.
[36mclient_010_1  |[0m 2026-01-31 06:46:43,170 - __main__ - INFO - Update submitted for Round 26. Waiting...
[36;1mclient_005_1  |[0m 2026-01-31 06:46:44,122 - __main__ - INFO - --- New Round Detected: 26 ---
[33mserver_1      |[0m INFO:werkzeug:172.18.0.19 - - [31/Jan/2026 06:46:44] "GET /download_model?round=26 HTTP/1.1" 200 -
[34mclient_004_1  |[0m 2026-01-31 06:46:44,629 - __main__ - INFO - --- New Round Detected: 26 ---
[33mserver_1      |[0m INFO:werkzeug:172.18.0.17 - - [31/Jan/2026 06:46:44] "GET /download_model?round=26 HTTP/1.1" 200 -
[34;1mclient_009_1  |[0m 2026-01-31 06:46:44,742 - __main__ - INFO - --- New Round Detected: 26 ---
[33mserver_1      |[0m INFO:werkzeug:172.18.0.15 - - [31/Jan/2026 06:46:44] "GET /download_model?round=26 HTTP/1.1" 200 -
[33;1mclient_006_1  |[0m 2026-01-31 06:46:45,029 - __main__ - INFO - Round 26 finished. Loss: 0.0000, Acc: 0.00%
[33mserver_1      |[0m INFO:__main__:Received update from client_006
[33mserver_1      |[0m INFO:werkzeug:172.18.0.22 - - [31/Jan/2026 06:46:45] "POST /submit_update HTTP/1.1" 200 -
[33;1mclient_006_1  |[0m 2026-01-31 06:46:45,164 - __main__ - INFO - 🚀 Model update submitted successfully.
[33;1mclient_006_1  |[0m 2026-01-31 06:46:45,164 - __main__ - INFO - Update submitted for Round 26. Waiting...
[35mclient_003_1  |[0m 2026-01-31 06:46:45,560 - __main__ - INFO - Round 26 finished. Loss: 0.0000, Acc: 0.00%
[33mserver_1      |[0m INFO:__main__:Received update from client_003
[33mserver_1      |[0m INFO:__main__:--- Aggregating 5 updates ---
[33mserver_1      |[0m INFO:__main__:⚡ Using Custom Aggregator with Drift Metric...
[33mserver_1      |[0m INFO:server.aggregator:Starting FedAvg aggregation for 5 clients.
[35;1mclient_008_1  |[0m 2026-01-31 06:46:46,382 - __main__ - INFO - Round 26 finished. Loss: 0.0000, Acc: 0.00%
[33mserver_1      |[0m INFO:werkzeug:172.18.0.20 - - [31/Jan/2026 06:46:46] "[31m[1mPOST /submit_update HTTP/1.1[0m" 400 -
[35;1mclient_008_1  |[0m 2026-01-31 06:46:46,449 - __main__ - ERROR - Update submission failed: {"error":"Not accepting updates"}
[35;1mclient_008_1  |[0m 
[35;1mclient_008_1  |[0m 2026-01-31 06:46:46,449 - __main__ - INFO - Update submitted for Round 26. Waiting...
[32;1mclient_007_1  |[0m 2026-01-31 06:46:47,014 - __main__ - INFO - --- New Round Detected: 26 ---
[33mserver_1      |[0m INFO:werkzeug:172.18.0.12 - - [31/Jan/2026 06:46:47] "GET /download_model?round=26 HTTP/1.1" 200 -
[36;1mclient_005_1  |[0m 2026-01-31 06:46:47,222 - __main__ - INFO - Round 26 finished. Loss: 0.0000, Acc: 0.00%
[33mserver_1      |[0m INFO:werkzeug:172.18.0.19 - - [31/Jan/2026 06:46:47] "[31m[1mPOST /submit_update HTTP/1.1[0m" 400 -
[36;1mclient_005_1  |[0m 2026-01-31 06:46:47,287 - __main__ - ERROR - Update submission failed: {"error":"Not accepting updates"}
[36;1mclient_005_1  |[0m 
[36;1mclient_005_1  |[0m 2026-01-31 06:46:47,287 - __main__ - INFO - Update submitted for Round 26. Waiting...
[33mserver_1      |[0m INFO:server.aggregator:--- [METRIC] Weight Divergence: 1.4449
[33mserver_1      |[0m INFO:server.aggregator:FedAvg aggregation complete.
[33mserver_1      |[0m INFO:__main__:Aggregation complete.
[33mserver_1      |[0m ⏱️ [TIME] Client client_001 finished training in 2.82s
[33mserver_1      |[0m ⏱️ [TIME] Client client_002 finished training in 5.47s
[33mserver_1      |[0m ⏱️ [TIME] Client client_010 finished training in 2.74s
[33mserver_1      |[0m ⏱️ [TIME] Client client_006 finished training in 6.82s
[33mserver_1      |[0m ⏱️ [TIME] Client client_003 finished training in 5.05s
[33mserver_1      |[0m DEBUG: ⚠️ MY CUSTOM AGGREGATOR IS RUNNING ⚠️
[33mclient_001_1  |[0m 2026-01-31 06:46:48,580 - __main__ - INFO - --- New Round Detected: 26 ---
[33mserver_1      |[0m INFO:werkzeug:172.18.0.18 - - [31/Jan/2026 06:46:48] "GET /download_model?round=26 HTTP/1.1" 200 -
[33mserver_1      |[0m INFO:__main__:💾 Saving metrics to results/metrics.csv...
[33mserver_1      |[0m INFO:__main__:--- Round 26 Acc: 55.09%, Loss: 1.2683 ---
[33mserver_1      |[0m INFO:__main__:--- Starting Round 27. Timeout: 600s ---
[33mserver_1      |[0m INFO:werkzeug:172.18.0.21 - - [31/Jan/2026 06:46:48] "POST /submit_update HTTP/1.1" 200 -
[35mclient_003_1  |[0m 2026-01-31 06:46:48,999 - __main__ - INFO - 🚀 Model update submitted successfully.
[35mclient_003_1  |[0m 2026-01-31 06:46:48,999 - __main__ - INFO - Update submitted for Round 26. Waiting...
[34;1mclient_009_1  |[0m 2026-01-31 06:46:49,320 - __main__ - INFO - Round 26 finished. Loss: 0.0000, Acc: 0.00%
[33mserver_1      |[0m INFO:__main__:Received update from client_009
[33mserver_1      |[0m INFO:werkzeug:172.18.0.15 - - [31/Jan/2026 06:46:49] "POST /submit_update HTTP/1.1" 200 -
[34;1mclient_009_1  |[0m 2026-01-31 06:46:49,458 - __main__ - INFO - 🚀 Model update submitted successfully.
[34;1mclient_009_1  |[0m 2026-01-31 06:46:49,458 - __main__ - INFO - Update submitted for Round 26. Waiting...
[34mclient_004_1  |[0m 2026-01-31 06:46:50,274 - __main__ - INFO - Round 26 finished. Loss: 0.0000, Acc: 0.00%
[33mserver_1      |[0m INFO:__main__:Received update from client_004
[33mserver_1      |[0m INFO:werkzeug:172.18.0.17 - - [31/Jan/2026 06:46:50] "POST /submit_update HTTP/1.1" 200 -
[34mclient_004_1  |[0m 2026-01-31 06:46:50,409 - __main__ - INFO - 🚀 Model update submitted successfully.
[34mclient_004_1  |[0m 2026-01-31 06:46:50,409 - __main__ - INFO - Update submitted for Round 26. Waiting...
[32mclient_002_1  |[0m 2026-01-31 06:46:50,450 - __main__ - INFO - --- New Round Detected: 27 ---
[33mserver_1      |[0m INFO:werkzeug:172.18.0.10 - - [31/Jan/2026 06:46:50] "GET /download_model?round=27 HTTP/1.1" 200 -
[32;1mclient_007_1  |[0m 2026-01-31 06:46:51,091 - __main__ - INFO - Round 26 finished. Loss: 0.0000, Acc: 0.00%
[33mserver_1      |[0m INFO:__main__:Received update from client_007
[33mserver_1      |[0m INFO:werkzeug:172.18.0.12 - - [31/Jan/2026 06:46:51] "POST /submit_update HTTP/1.1" 200 -
[32;1mclient_007_1  |[0m 2026-01-31 06:46:51,226 - __main__ - INFO - 🚀 Model update submitted successfully.
[32;1mclient_007_1  |[0m 2026-01-31 06:46:51,227 - __main__ - INFO - Update submitted for Round 26. Waiting...
[33mclient_001_1  |[0m 2026-01-31 06:46:52,669 - __main__ - INFO - Round 26 finished. Loss: 0.0000, Acc: 0.00%
[33mserver_1      |[0m INFO:__main__:Received update from client_001
[33mserver_1      |[0m INFO:werkzeug:172.18.0.18 - - [31/Jan/2026 06:46:52] "POST /submit_update HTTP/1.1" 200 -
[33mclient_001_1  |[0m 2026-01-31 06:46:52,824 - __main__ - INFO - 🚀 Model update submitted successfully.
[33mclient_001_1  |[0m 2026-01-31 06:46:52,824 - __main__ - INFO - Update submitted for Round 26. Waiting...
[36mclient_010_1  |[0m 2026-01-31 06:46:53,243 - __main__ - INFO - --- New Round Detected: 27 ---
[33mserver_1      |[0m INFO:werkzeug:172.18.0.16 - - [31/Jan/2026 06:46:53] "GET /download_model?round=27 HTTP/1.1" 200 -
[33;1mclient_006_1  |[0m 2026-01-31 06:46:55,236 - __main__ - INFO - --- New Round Detected: 27 ---
[33mserver_1      |[0m INFO:werkzeug:172.18.0.22 - - [31/Jan/2026 06:46:55] "GET /download_model?round=27 HTTP/1.1" 200 -
[32mclient_002_1  |[0m 2026-01-31 06:46:56,073 - __main__ - INFO - Round 27 finished. Loss: 0.0000, Acc: 0.00%
[36mclient_010_1  |[0m 2026-01-31 06:46:56,123 - __main__ - INFO - Round 27 finished. Loss: 0.0000, Acc: 0.00%
[33mserver_1      |[0m INFO:__main__:Received update from client_002
[33mserver_1      |[0m INFO:__main__:--- Aggregating 5 updates ---
[33mserver_1      |[0m INFO:__main__:⚡ Using Custom Aggregator with Drift Metric...
[33mserver_1      |[0m INFO:server.aggregator:Starting FedAvg aggregation for 5 clients.
[35;1mclient_008_1  |[0m 2026-01-31 06:46:56,520 - __main__ - INFO - --- New Round Detected: 27 ---
[33mserver_1      |[0m INFO:werkzeug:172.18.0.20 - - [31/Jan/2026 06:46:56] "GET /download_model?round=27 HTTP/1.1" 200 -
[36;1mclient_005_1  |[0m 2026-01-31 06:46:57,379 - __main__ - INFO - --- New Round Detected: 27 ---
[33mserver_1      |[0m INFO:werkzeug:172.18.0.19 - - [31/Jan/2026 06:46:57] "GET /download_model?round=27 HTTP/1.1" 200 -
[33mserver_1      |[0m INFO:server.aggregator:--- [METRIC] Weight Divergence: 1.2707
[33mserver_1      |[0m INFO:server.aggregator:FedAvg aggregation complete.
[33mserver_1      |[0m INFO:__main__:Aggregation complete.
[33mserver_1      |[0m ⏱️ [TIME] Client client_009 finished training in 4.40s
[33mserver_1      |[0m ⏱️ [TIME] Client client_004 finished training in 5.47s
[33mserver_1      |[0m ⏱️ [TIME] Client client_007 finished training in 3.91s
[33mserver_1      |[0m ⏱️ [TIME] Client client_001 finished training in 3.91s
[33mserver_1      |[0m ⏱️ [TIME] Client client_002 finished training in 5.44s
[33mserver_1      |[0m DEBUG: ⚠️ MY CUSTOM AGGREGATOR IS RUNNING ⚠️
[33mserver_1      |[0m ⏱️ [TIME] Client client_010 finished training in 2.72s
[35mclient_003_1  |[0m 2026-01-31 06:46:59,093 - __main__ - INFO - --- New Round Detected: 27 ---
[33mserver_1      |[0m INFO:werkzeug:172.18.0.21 - - [31/Jan/2026 06:46:59] "GET /download_model?round=27 HTTP/1.1" 200 -
[34;1mclient_009_1  |[0m 2026-01-31 06:46:59,521 - __main__ - INFO - --- New Round Detected: 27 ---
[33mserver_1      |[0m INFO:werkzeug:172.18.0.15 - - [31/Jan/2026 06:46:59] "GET /download_model?round=27 HTTP/1.1" 200 -
[33mserver_1      |[0m INFO:__main__:💾 Saving metrics to results/metrics.csv...
[33mserver_1      |[0m INFO:__main__:--- Round 27 Acc: 52.57%, Loss: 1.3062 ---
[33mserver_1      |[0m INFO:__main__:--- Starting Round 28. Timeout: 600s ---
[33mserver_1      |[0m INFO:werkzeug:172.18.0.10 - - [31/Jan/2026 06:46:59] "POST /submit_update HTTP/1.1" 200 -
[33mserver_1      |[0m INFO:__main__:Received update from client_010
[33mserver_1      |[0m INFO:werkzeug:172.18.0.16 - - [31/Jan/2026 06:46:59] "POST /submit_update HTTP/1.1" 200 -
[36mclient_010_1  |[0m 2026-01-31 06:46:59,798 - __main__ - INFO - 🚀 Model update submitted successfully.
[36mclient_010_1  |[0m 2026-01-31 06:46:59,798 - __main__ - INFO - Update submitted for Round 27. Waiting...
[32mclient_002_1  |[0m 2026-01-31 06:46:59,795 - __main__ - INFO - 🚀 Model update submitted successfully.
[32mclient_002_1  |[0m 2026-01-31 06:46:59,796 - __main__ - INFO - Update submitted for Round 27. Waiting...
[35;1mclient_008_1  |[0m 2026-01-31 06:47:00,237 - __main__ - INFO - Round 27 finished. Loss: 0.0000, Acc: 0.00%
[33mserver_1      |[0m INFO:__main__:Received update from client_008
[33mserver_1      |[0m INFO:werkzeug:172.18.0.20 - - [31/Jan/2026 06:47:00] "POST /submit_update HTTP/1.1" 200 -
[35;1mclient_008_1  |[0m 2026-01-31 06:47:00,372 - __main__ - INFO - 🚀 Model update submitted successfully.
[35;1mclient_008_1  |[0m 2026-01-31 06:47:00,372 - __main__ - INFO - Update submitted for Round 27. Waiting...
[34mclient_004_1  |[0m 2026-01-31 06:47:00,472 - __main__ - INFO - --- New Round Detected: 28 ---
[33mserver_1      |[0m INFO:werkzeug:172.18.0.17 - - [31/Jan/2026 06:47:00] "GET /download_model?round=28 HTTP/1.1" 200 -
[36;1mclient_005_1  |[0m 2026-01-31 06:47:00,598 - __main__ - INFO - Round 27 finished. Loss: 0.0000, Acc: 0.00%
[33mserver_1      |[0m INFO:__main__:Received update from client_005
[33mserver_1      |[0m INFO:werkzeug:172.18.0.19 - - [31/Jan/2026 06:47:00] "POST /submit_update HTTP/1.1" 200 -
[36;1mclient_005_1  |[0m 2026-01-31 06:47:00,759 - __main__ - INFO - 🚀 Model update submitted successfully.
[36;1mclient_005_1  |[0m 2026-01-31 06:47:00,759 - __main__ - INFO - Update submitted for Round 27. Waiting...
[32;1mclient_007_1  |[0m 2026-01-31 06:47:01,292 - __main__ - INFO - --- New Round Detected: 28 ---
[33mserver_1      |[0m INFO:werkzeug:172.18.0.12 - - [31/Jan/2026 06:47:01] "GET /download_model?round=28 HTTP/1.1" 200 -
[33;1mclient_006_1  |[0m 2026-01-31 06:47:01,384 - __main__ - INFO - Round 27 finished. Loss: 0.0000, Acc: 0.00%
[33;1mclient_006_1  |[0m 2026-01-31 06:47:01,602 - __main__ - INFO - 🚀 Model update submitted successfully.
[33;1mclient_006_1  |[0m 2026-01-31 06:47:01,602 - __main__ - INFO - Update submitted for Round 27. Waiting...
[33mserver_1      |[0m INFO:__main__:Received update from client_006
[33mserver_1      |[0m INFO:werkzeug:172.18.0.22 - - [31/Jan/2026 06:47:01] "POST /submit_update HTTP/1.1" 200 -
[33mclient_001_1  |[0m 2026-01-31 06:47:02,886 - __main__ - INFO - --- New Round Detected: 28 ---
[33mserver_1      |[0m INFO:werkzeug:172.18.0.18 - - [31/Jan/2026 06:47:02] "GET /download_model?round=28 HTTP/1.1" 200 -
[34;1mclient_009_1  |[0m 2026-01-31 06:47:04,113 - __main__ - INFO - Round 27 finished. Loss: 0.0000, Acc: 0.00%
[33mserver_1      |[0m INFO:__main__:Received update from client_009
[33mserver_1      |[0m INFO:__main__:--- Aggregating 5 updates ---
[33mserver_1      |[0m INFO:__main__:⚡ Using Custom Aggregator with Drift Metric...
[33mserver_1      |[0m INFO:server.aggregator:Starting FedAvg aggregation for 5 clients.
[33mserver_1      |[0m INFO:server.aggregator:--- [METRIC] Weight Divergence: 1.2147
[33mserver_1      |[0m INFO:server.aggregator:FedAvg aggregation complete.
[33mserver_1      |[0m INFO:__main__:Aggregation complete.
[33mserver_1      |[0m ⏱️ [TIME] Client client_008 finished training in 3.51s
[33mserver_1      |[0m ⏱️ [TIME] Client client_005 finished training in 2.98s
[33mserver_1      |[0m ⏱️ [TIME] Client client_006 finished training in 5.97s
[33mserver_1      |[0m ⏱️ [TIME] Client client_009 finished training in 4.40s
[33mserver_1      |[0m DEBUG: ⚠️ MY CUSTOM AGGREGATOR IS RUNNING ⚠️
[34mclient_004_1  |[0m 2026-01-31 06:47:06,696 - __main__ - INFO - Round 28 finished. Loss: 0.0000, Acc: 0.00%
[33mserver_1      |[0m INFO:werkzeug:172.18.0.17 - - [31/Jan/2026 06:47:06] "[31m[1mPOST /submit_update HTTP/1.1[0m" 400 -
[34mclient_004_1  |[0m 2026-01-31 06:47:06,760 - __main__ - ERROR - Update submission failed: {"error":"Not accepting updates"}
[34mclient_004_1  |[0m 
[34mclient_004_1  |[0m 2026-01-31 06:47:06,760 - __main__ - INFO - Update submitted for Round 28. Waiting...
[33mserver_1      |[0m INFO:__main__:💾 Saving metrics to results/metrics.csv...
[33mserver_1      |[0m INFO:__main__:--- Round 28 Acc: 56.56%, Loss: 1.2374 ---
[33mserver_1      |[0m INFO:__main__:--- Starting Round 29. Timeout: 600s ---
[33mserver_1      |[0m INFO:werkzeug:172.18.0.15 - - [31/Jan/2026 06:47:06] "POST /submit_update HTTP/1.1" 200 -
[35mclient_003_1  |[0m 2026-01-31 06:47:06,850 - __main__ - INFO - Round 27 finished. Loss: 0.0000, Acc: 0.00%
[34;1mclient_009_1  |[0m 2026-01-31 06:47:06,880 - __main__ - INFO - 🚀 Model update submitted successfully.
[34;1mclient_009_1  |[0m 2026-01-31 06:47:06,880 - __main__ - INFO - Update submitted for Round 27. Waiting...
[33mserver_1      |[0m INFO:__main__:Received update from client_003
[33mserver_1      |[0m INFO:werkzeug:172.18.0.21 - - [31/Jan/2026 06:47:06] "POST /submit_update HTTP/1.1" 200 -
[35mclient_003_1  |[0m 2026-01-31 06:47:07,007 - __main__ - INFO - 🚀 Model update submitted successfully.
[35mclient_003_1  |[0m 2026-01-31 06:47:07,007 - __main__ - INFO - Update submitted for Round 27. Waiting...
[33mclient_001_1  |[0m 2026-01-31 06:47:07,149 - __main__ - INFO - Round 28 finished. Loss: 0.0000, Acc: 0.00%
[33mserver_1      |[0m INFO:__main__:Received update from client_001
[33mserver_1      |[0m INFO:werkzeug:172.18.0.18 - - [31/Jan/2026 06:47:07] "POST /submit_update HTTP/1.1" 200 -
[33mclient_001_1  |[0m 2026-01-31 06:47:07,287 - __main__ - INFO - 🚀 Model update submitted successfully.
[33mclient_001_1  |[0m 2026-01-31 06:47:07,287 - __main__ - INFO - Update submitted for Round 28. Waiting...
[32;1mclient_007_1  |[0m 2026-01-31 06:47:08,826 - __main__ - INFO - Round 28 finished. Loss: 0.0000, Acc: 0.00%
[33mserver_1      |[0m INFO:__main__:Received update from client_007
[33mserver_1      |[0m INFO:werkzeug:172.18.0.12 - - [31/Jan/2026 06:47:08] "POST /submit_update HTTP/1.1" 200 -
[32;1mclient_007_1  |[0m 2026-01-31 06:47:08,961 - __main__ - INFO - 🚀 Model update submitted successfully.
[32;1mclient_007_1  |[0m 2026-01-31 06:47:08,961 - __main__ - INFO - Update submitted for Round 28. Waiting...
[32mclient_002_1  |[0m 2026-01-31 06:47:09,862 - __main__ - INFO - --- New Round Detected: 29 ---
[36mclient_010_1  |[0m 2026-01-31 06:47:09,868 - __main__ - INFO - --- New Round Detected: 29 ---
[33mserver_1      |[0m INFO:werkzeug:172.18.0.10 - - [31/Jan/2026 06:47:09] "GET /download_model?round=29 HTTP/1.1" 200 -
[33mserver_1      |[0m INFO:werkzeug:172.18.0.16 - - [31/Jan/2026 06:47:09] "GET /download_model?round=29 HTTP/1.1" 200 -
[35;1mclient_008_1  |[0m 2026-01-31 06:47:10,435 - __main__ - INFO - --- New Round Detected: 29 ---
[33mserver_1      |[0m INFO:werkzeug:172.18.0.20 - - [31/Jan/2026 06:47:10] "GET /download_model?round=29 HTTP/1.1" 200 -
[36;1mclient_005_1  |[0m 2026-01-31 06:47:10,823 - __main__ - INFO - --- New Round Detected: 29 ---
[33mserver_1      |[0m INFO:werkzeug:172.18.0.19 - - [31/Jan/2026 06:47:10] "GET /download_model?round=29 HTTP/1.1" 200 -
[33;1mclient_006_1  |[0m 2026-01-31 06:47:11,665 - __main__ - INFO - --- New Round Detected: 29 ---
[33mserver_1      |[0m INFO:werkzeug:172.18.0.22 - - [31/Jan/2026 06:47:11] "GET /download_model?round=29 HTTP/1.1" 200 -
[35;1mclient_008_1  |[0m 2026-01-31 06:47:13,564 - __main__ - INFO - Round 29 finished. Loss: 0.0000, Acc: 0.00%
[33mserver_1      |[0m INFO:__main__:Received update from client_008
[33mserver_1      |[0m INFO:werkzeug:172.18.0.20 - - [31/Jan/2026 06:47:13] "POST /submit_update HTTP/1.1" 200 -
[35;1mclient_008_1  |[0m 2026-01-31 06:47:13,698 - __main__ - INFO - 🚀 Model update submitted successfully.
[35;1mclient_008_1  |[0m 2026-01-31 06:47:13,698 - __main__ - INFO - Update submitted for Round 29. Waiting...
[36mclient_010_1  |[0m 2026-01-31 06:47:13,791 - __main__ - INFO - Round 29 finished. Loss: 0.0000, Acc: 0.00%
[33mserver_1      |[0m INFO:__main__:Received update from client_010
[33mserver_1      |[0m INFO:__main__:--- Aggregating 5 updates ---
[33mserver_1      |[0m INFO:__main__:⚡ Using Custom Aggregator with Drift Metric...
[33mserver_1      |[0m INFO:server.aggregator:Starting FedAvg aggregation for 5 clients.
[36;1mclient_005_1  |[0m 2026-01-31 06:47:13,975 - __main__ - INFO - Round 29 finished. Loss: 0.0000, Acc: 0.00%
[33mserver_1      |[0m INFO:werkzeug:172.18.0.19 - - [31/Jan/2026 06:47:13] "[31m[1mPOST /submit_update HTTP/1.1[0m" 400 -
[36;1mclient_005_1  |[0m 2026-01-31 06:47:14,039 - __main__ - ERROR - Update submission failed: {"error":"Not accepting updates"}
[36;1mclient_005_1  |[0m 
[36;1mclient_005_1  |[0m 2026-01-31 06:47:14,039 - __main__ - INFO - Update submitted for Round 29. Waiting...
[32mclient_002_1  |[0m 2026-01-31 06:47:14,492 - __main__ - INFO - Round 29 finished. Loss: 0.0000, Acc: 0.00%
[33mserver_1      |[0m INFO:werkzeug:172.18.0.10 - - [31/Jan/2026 06:47:14] "[31m[1mPOST /submit_update HTTP/1.1[0m" 400 -
[32mclient_002_1  |[0m 2026-01-31 06:47:14,571 - __main__ - ERROR - Update submission failed: {"error":"Not accepting updates"}
[32mclient_002_1  |[0m 
[32mclient_002_1  |[0m 2026-01-31 06:47:14,571 - __main__ - INFO - Update submitted for Round 29. Waiting...
[33mserver_1      |[0m INFO:server.aggregator:--- [METRIC] Weight Divergence: 1.4374
[33mserver_1      |[0m INFO:server.aggregator:FedAvg aggregation complete.
[33mserver_1      |[0m INFO:__main__:Aggregation complete.
[33mserver_1      |[0m ⏱️ [TIME] Client client_003 finished training in 7.54s
[33mserver_1      |[0m ⏱️ [TIME] Client client_001 finished training in 4.08s
[33mserver_1      |[0m ⏱️ [TIME] Client client_007 finished training in 7.37s
[33mserver_1      |[0m ⏱️ [TIME] Client client_008 finished training in 2.96s
[33mserver_1      |[0m ⏱️ [TIME] Client client_010 finished training in 3.74s
[33mserver_1      |[0m DEBUG: ⚠️ MY CUSTOM AGGREGATOR IS RUNNING ⚠️
[34mclient_004_1  |[0m 2026-01-31 06:47:16,858 - __main__ - INFO - --- New Round Detected: 29 ---
[33mserver_1      |[0m INFO:werkzeug:172.18.0.17 - - [31/Jan/2026 06:47:16] "GET /download_model?round=29 HTTP/1.1" 200 -
[34;1mclient_009_1  |[0m 2026-01-31 06:47:16,944 - __main__ - INFO - --- New Round Detected: 29 ---
[33mserver_1      |[0m INFO:werkzeug:172.18.0.15 - - [31/Jan/2026 06:47:16] "GET /download_model?round=29 HTTP/1.1" 200 -
[35mclient_003_1  |[0m 2026-01-31 06:47:17,082 - __main__ - INFO - --- New Round Detected: 29 ---
[33mserver_1      |[0m INFO:werkzeug:172.18.0.21 - - [31/Jan/2026 06:47:17] "GET /download_model?round=29 HTTP/1.1" 200 -
[33mserver_1      |[0m INFO:__main__:💾 Saving metrics to results/metrics.csv...
[33mserver_1      |[0m INFO:__main__:--- Round 29 Acc: 51.33%, Loss: 1.3322 ---
[33mserver_1      |[0m INFO:__main__:--- Starting Round 30. Timeout: 600s ---
[33mserver_1      |[0m INFO:werkzeug:172.18.0.16 - - [31/Jan/2026 06:47:17] "POST /submit_update HTTP/1.1" 200 -
[36mclient_010_1  |[0m 2026-01-31 06:47:17,282 - __main__ - INFO - 🚀 Model update submitted successfully.
[36mclient_010_1  |[0m 2026-01-31 06:47:17,282 - __main__ - INFO - Update submitted for Round 29. Waiting...
[33mclient_001_1  |[0m 2026-01-31 06:47:17,365 - __main__ - INFO - --- New Round Detected: 30 ---
[33mserver_1      |[0m INFO:werkzeug:172.18.0.18 - - [31/Jan/2026 06:47:17] "GET /download_model?round=30 HTTP/1.1" 200 -
[33;1mclient_006_1  |[0m 2026-01-31 06:47:18,615 - __main__ - INFO - Round 29 finished. Loss: 0.0000, Acc: 0.00%
[33mserver_1      |[0m INFO:__main__:Received update from client_006
[33mserver_1      |[0m INFO:werkzeug:172.18.0.22 - - [31/Jan/2026 06:47:18] "POST /submit_update HTTP/1.1" 200 -
[33;1mclient_006_1  |[0m 2026-01-31 06:47:18,749 - __main__ - INFO - 🚀 Model update submitted successfully.
[33;1mclient_006_1  |[0m 2026-01-31 06:47:18,749 - __main__ - INFO - Update submitted for Round 29. Waiting...
[32;1mclient_007_1  |[0m 2026-01-31 06:47:19,028 - __main__ - INFO - --- New Round Detected: 30 ---
[33mserver_1      |[0m INFO:werkzeug:172.18.0.12 - - [31/Jan/2026 06:47:19] "GET /download_model?round=30 HTTP/1.1" 200 -
[33mclient_001_1  |[0m 2026-01-31 06:47:21,341 - __main__ - INFO - Round 30 finished. Loss: 0.0000, Acc: 0.00%
[34mclient_004_1  |[0m 2026-01-31 06:47:21,410 - __main__ - INFO - Round 29 finished. Loss: 0.0000, Acc: 0.00%
[33mserver_1      |[0m INFO:__main__:Received update from client_001
[33mserver_1      |[0m INFO:werkzeug:172.18.0.18 - - [31/Jan/2026 06:47:21] "POST /submit_update HTTP/1.1" 200 -
[33mclient_001_1  |[0m 2026-01-31 06:47:21,475 - __main__ - INFO - 🚀 Model update submitted successfully.
[33mclient_001_1  |[0m 2026-01-31 06:47:21,475 - __main__ - INFO - Update submitted for Round 30. Waiting...
[33mserver_1      |[0m INFO:__main__:Received update from client_004
[33mserver_1      |[0m INFO:werkzeug:172.18.0.17 - - [31/Jan/2026 06:47:21] "POST /submit_update HTTP/1.1" 200 -
[34mclient_004_1  |[0m 2026-01-31 06:47:21,547 - __main__ - INFO - 🚀 Model update submitted successfully.
[34mclient_004_1  |[0m 2026-01-31 06:47:21,547 - __main__ - INFO - Update submitted for Round 29. Waiting...
[34;1mclient_009_1  |[0m 2026-01-31 06:47:21,564 - __main__ - INFO - Round 29 finished. Loss: 0.0000, Acc: 0.00%
[33mserver_1      |[0m INFO:__main__:Received update from client_009
[33mserver_1      |[0m INFO:werkzeug:172.18.0.15 - - [31/Jan/2026 06:47:21] "POST /submit_update HTTP/1.1" 200 -
[34;1mclient_009_1  |[0m 2026-01-31 06:47:21,702 - __main__ - INFO - 🚀 Model update submitted successfully.
[34;1mclient_009_1  |[0m 2026-01-31 06:47:21,702 - __main__ - INFO - Update submitted for Round 29. Waiting...
[35;1mclient_008_1  |[0m 2026-01-31 06:47:23,759 - __main__ - INFO - --- New Round Detected: 30 ---
[33mserver_1      |[0m INFO:werkzeug:172.18.0.20 - - [31/Jan/2026 06:47:23] "GET /download_model?round=30 HTTP/1.1" 200 -
[36;1mclient_005_1  |[0m 2026-01-31 06:47:24,101 - __main__ - INFO - --- New Round Detected: 30 ---
[33mserver_1      |[0m INFO:werkzeug:172.18.0.19 - - [31/Jan/2026 06:47:24] "GET /download_model?round=30 HTTP/1.1" 200 -
[32mclient_002_1  |[0m 2026-01-31 06:47:24,637 - __main__ - INFO - --- New Round Detected: 30 ---
[33mserver_1      |[0m INFO:werkzeug:172.18.0.10 - - [31/Jan/2026 06:47:24] "GET /download_model?round=30 HTTP/1.1" 200 -
[35;1mclient_008_1  |[0m 2026-01-31 06:47:25,670 - __main__ - INFO - Round 30 finished. Loss: 0.0000, Acc: 0.00%
[35mclient_003_1  |[0m 2026-01-31 06:47:25,688 - __main__ - INFO - Round 29 finished. Loss: 0.0000, Acc: 0.00%
[33mserver_1      |[0m INFO:__main__:Received update from client_008
[33mserver_1      |[0m INFO:__main__:--- Aggregating 5 updates ---
[33mserver_1      |[0m INFO:__main__:⚡ Using Custom Aggregator with Drift Metric...
[33mserver_1      |[0m INFO:server.aggregator:Starting FedAvg aggregation for 5 clients.
[32;1mclient_007_1  |[0m 2026-01-31 06:47:26,689 - __main__ - INFO - Round 30 finished. Loss: 0.0000, Acc: 0.00%
[33mserver_1      |[0m INFO:werkzeug:172.18.0.12 - - [31/Jan/2026 06:47:26] "[31m[1mPOST /submit_update HTTP/1.1[0m" 400 -
[32;1mclient_007_1  |[0m 2026-01-31 06:47:26,767 - __main__ - ERROR - Update submission failed: {"error":"Not accepting updates"}
[32;1mclient_007_1  |[0m 
[32;1mclient_007_1  |[0m 2026-01-31 06:47:26,767 - __main__ - INFO - Update submitted for Round 30. Waiting...
[36;1mclient_005_1  |[0m 2026-01-31 06:47:26,940 - __main__ - INFO - Round 30 finished. Loss: 0.0000, Acc: 0.00%
[33mserver_1      |[0m INFO:werkzeug:172.18.0.19 - - [31/Jan/2026 06:47:26] "[31m[1mPOST /submit_update HTTP/1.1[0m" 400 -
[36;1mclient_005_1  |[0m 2026-01-31 06:47:27,004 - __main__ - ERROR - Update submission failed: {"error":"Not accepting updates"}
[36;1mclient_005_1  |[0m 
[36;1mclient_005_1  |[0m 2026-01-31 06:47:27,004 - __main__ - INFO - Update submitted for Round 30. Waiting...
[36mclient_010_1  |[0m 2026-01-31 06:47:27,356 - __main__ - INFO - --- New Round Detected: 30 ---
[33mserver_1      |[0m INFO:werkzeug:172.18.0.16 - - [31/Jan/2026 06:47:27] "GET /download_model?round=30 HTTP/1.1" 200 -
[33mserver_1      |[0m INFO:server.aggregator:--- [METRIC] Weight Divergence: 1.3255
[33mserver_1      |[0m INFO:server.aggregator:FedAvg aggregation complete.
[33mserver_1      |[0m INFO:__main__:Aggregation complete.
[33mserver_1      |[0m ⏱️ [TIME] Client client_006 finished training in 6.77s
[33mserver_1      |[0m ⏱️ [TIME] Client client_001 finished training in 3.78s
[33mserver_1      |[0m ⏱️ [TIME] Client client_004 finished training in 4.39s
[33mserver_1      |[0m ⏱️ [TIME] Client client_009 finished training in 4.41s
[33mserver_1      |[0m ⏱️ [TIME] Client client_008 finished training in 1.73s
[33mserver_1      |[0m DEBUG: ⚠️ MY CUSTOM AGGREGATOR IS RUNNING ⚠️
[33mserver_1      |[0m ⏱️ [TIME] Client client_003 finished training in 8.42s
[33;1mclient_006_1  |[0m 2026-01-31 06:47:28,814 - __main__ - INFO - --- New Round Detected: 30 ---
[33mserver_1      |[0m INFO:werkzeug:172.18.0.22 - - [31/Jan/2026 06:47:28] "GET /download_model?round=30 HTTP/1.1" 200 -
[33mserver_1      |[0m INFO:__main__:💾 Saving metrics to results/metrics.csv...
[33mserver_1      |[0m INFO:__main__:--- Round 30 Acc: 53.66%, Loss: 1.2580 ---
[33mserver_1      |[0m INFO:__main__:--- Starting Round 31. Timeout: 600s ---
[33mserver_1      |[0m INFO:werkzeug:172.18.0.20 - - [31/Jan/2026 06:47:28] "POST /submit_update HTTP/1.1" 200 -
[33mserver_1      |[0m INFO:__main__:Received update from client_003
[33mserver_1      |[0m INFO:werkzeug:172.18.0.21 - - [31/Jan/2026 06:47:28] "POST /submit_update HTTP/1.1" 200 -
[35;1mclient_008_1  |[0m 2026-01-31 06:47:28,962 - __main__ - INFO - 🚀 Model update submitted successfully.
[35;1mclient_008_1  |[0m 2026-01-31 06:47:28,962 - __main__ - INFO - Update submitted for Round 30. Waiting...
[35mclient_003_1  |[0m 2026-01-31 06:47:28,962 - __main__ - INFO - 🚀 Model update submitted successfully.
[35mclient_003_1  |[0m 2026-01-31 06:47:28,962 - __main__ - INFO - Update submitted for Round 29. Waiting...
[32mclient_002_1  |[0m 2026-01-31 06:47:30,329 - __main__ - INFO - Round 30 finished. Loss: 0.0000, Acc: 0.00%
[33mserver_1      |[0m INFO:__main__:Received update from client_002
[33mserver_1      |[0m INFO:werkzeug:172.18.0.10 - - [31/Jan/2026 06:47:30] "POST /submit_update HTTP/1.1" 200 -
[32mclient_002_1  |[0m 2026-01-31 06:47:30,466 - __main__ - INFO - 🚀 Model update submitted successfully.
[32mclient_002_1  |[0m 2026-01-31 06:47:30,466 - __main__ - INFO - Update submitted for Round 30. Waiting...
[33mclient_001_1  |[0m 2026-01-31 06:47:31,540 - __main__ - INFO - --- New Round Detected: 31 ---
[33mserver_1      |[0m INFO:werkzeug:172.18.0.18 - - [31/Jan/2026 06:47:31] "GET /download_model?round=31 HTTP/1.1" 200 -
[34mclient_004_1  |[0m 2026-01-31 06:47:31,633 - __main__ - INFO - --- New Round Detected: 31 ---
[33mserver_1      |[0m INFO:werkzeug:172.18.0.17 - - [31/Jan/2026 06:47:31] "GET /download_model?round=31 HTTP/1.1" 200 -
[34;1mclient_009_1  |[0m 2026-01-31 06:47:31,764 - __main__ - INFO - --- New Round Detected: 31 ---
[33mserver_1      |[0m INFO:werkzeug:172.18.0.15 - - [31/Jan/2026 06:47:31] "GET /download_model?round=31 HTTP/1.1" 200 -
[36mclient_010_1  |[0m 2026-01-31 06:47:32,953 - __main__ - INFO - Round 30 finished. Loss: 0.0000, Acc: 0.00%
[33mserver_1      |[0m INFO:__main__:Received update from client_010
[33mserver_1      |[0m INFO:werkzeug:172.18.0.16 - - [31/Jan/2026 06:47:33] "POST /submit_update HTTP/1.1" 200 -
[36mclient_010_1  |[0m 2026-01-31 06:47:33,090 - __main__ - INFO - 🚀 Model update submitted successfully.
[36mclient_010_1  |[0m 2026-01-31 06:47:33,090 - __main__ - INFO - Update submitted for Round 30. Waiting...
[33;1mclient_006_1  |[0m 2026-01-31 06:47:34,429 - __main__ - INFO - Round 30 finished. Loss: 0.0000, Acc: 0.00%
[33mserver_1      |[0m INFO:__main__:Received update from client_006
[33mserver_1      |[0m INFO:werkzeug:172.18.0.22 - - [31/Jan/2026 06:47:34] "POST /submit_update HTTP/1.1" 200 -
[33;1mclient_006_1  |[0m 2026-01-31 06:47:34,563 - __main__ - INFO - 🚀 Model update submitted successfully.
[33;1mclient_006_1  |[0m 2026-01-31 06:47:34,563 - __main__ - INFO - Update submitted for Round 30. Waiting...
[33mclient_001_1  |[0m 2026-01-31 06:47:35,903 - __main__ - INFO - Round 31 finished. Loss: 0.0000, Acc: 0.00%
[33mserver_1      |[0m INFO:__main__:Received update from client_001
[33mserver_1      |[0m INFO:__main__:--- Aggregating 5 updates ---
[33mserver_1      |[0m INFO:__main__:⚡ Using Custom Aggregator with Drift Metric...
[33mserver_1      |[0m INFO:server.aggregator:Starting FedAvg aggregation for 5 clients.
[34;1mclient_009_1  |[0m 2026-01-31 06:47:36,247 - __main__ - INFO - Round 31 finished. Loss: 0.0000, Acc: 0.00%
[33mserver_1      |[0m INFO:werkzeug:172.18.0.15 - - [31/Jan/2026 06:47:36] "[31m[1mPOST /submit_update HTTP/1.1[0m" 400 -
[34;1mclient_009_1  |[0m 2026-01-31 06:47:36,312 - __main__ - ERROR - Update submission failed: {"error":"Not accepting updates"}
[34;1mclient_009_1  |[0m 
[34;1mclient_009_1  |[0m 2026-01-31 06:47:36,312 - __main__ - INFO - Update submitted for Round 31. Waiting...
[32;1mclient_007_1  |[0m 2026-01-31 06:47:36,893 - __main__ - INFO - --- New Round Detected: 31 ---
[34mclient_004_1  |[0m 2026-01-31 06:47:36,913 - __main__ - INFO - Round 31 finished. Loss: 0.0000, Acc: 0.00%
[33mserver_1      |[0m INFO:werkzeug:172.18.0.12 - - [31/Jan/2026 06:47:36] "GET /download_model?round=31 HTTP/1.1" 200 -
[33mserver_1      |[0m INFO:werkzeug:172.18.0.17 - - [31/Jan/2026 06:47:36] "[31m[1mPOST /submit_update HTTP/1.1[0m" 400 -
[34mclient_004_1  |[0m 2026-01-31 06:47:36,978 - __main__ - ERROR - Update submission failed: {"error":"Not accepting updates"}
[34mclient_004_1  |[0m 
[34mclient_004_1  |[0m 2026-01-31 06:47:36,978 - __main__ - INFO - Update submitted for Round 31. Waiting...
[36;1mclient_005_1  |[0m 2026-01-31 06:47:37,079 - __main__ - INFO - --- New Round Detected: 31 ---
[33mserver_1      |[0m INFO:werkzeug:172.18.0.19 - - [31/Jan/2026 06:47:37] "GET /download_model?round=31 HTTP/1.1" 200 -
[33mserver_1      |[0m INFO:server.aggregator:--- [METRIC] Weight Divergence: 1.3819
[33mserver_1      |[0m INFO:server.aggregator:FedAvg aggregation complete.
[33mserver_1      |[0m INFO:__main__:Aggregation complete.
[33mserver_1      |[0m ⏱️ [TIME] Client client_002 finished training in 5.50s
[33mserver_1      |[0m ⏱️ [TIME] Client client_010 finished training in 5.42s
[33mserver_1      |[0m ⏱️ [TIME] Client client_006 finished training in 5.44s
[33mserver_1      |[0m ⏱️ [TIME] Client client_001 finished training in 4.15s
[33mserver_1      |[0m DEBUG: ⚠️ MY CUSTOM AGGREGATOR IS RUNNING ⚠️
[33mserver_1      |[0m INFO:__main__:💾 Saving metrics to results/metrics.csv...
[33mserver_1      |[0m INFO:__main__:--- Round 31 Acc: 55.74%, Loss: 1.2538 ---
[33mserver_1      |[0m INFO:__main__:--- Starting Round 32. Timeout: 600s ---
[33mserver_1      |[0m INFO:werkzeug:172.18.0.18 - - [31/Jan/2026 06:47:38] "POST /submit_update HTTP/1.1" 200 -
[33mclient_001_1  |[0m 2026-01-31 06:47:38,233 - __main__ - INFO - 🚀 Model update submitted successfully.
[33mclient_001_1  |[0m 2026-01-31 06:47:38,233 - __main__ - INFO - Update submitted for Round 31. Waiting...
[35mclient_003_1  |[0m 2026-01-31 06:47:39,026 - __main__ - INFO - --- New Round Detected: 32 ---
[35;1mclient_008_1  |[0m 2026-01-31 06:47:39,026 - __main__ - INFO - --- New Round Detected: 32 ---
[33mserver_1      |[0m INFO:werkzeug:172.18.0.20 - - [31/Jan/2026 06:47:39] "GET /download_model?round=32 HTTP/1.1" 200 -
[33mserver_1      |[0m INFO:werkzeug:172.18.0.21 - - [31/Jan/2026 06:47:39] "GET /download_model?round=32 HTTP/1.1" 200 -
[36;1mclient_005_1  |[0m 2026-01-31 06:47:40,092 - __main__ - INFO - Round 31 finished. Loss: 0.0000, Acc: 0.00%
[33mserver_1      |[0m INFO:__main__:Received update from client_005
[33mserver_1      |[0m INFO:werkzeug:172.18.0.19 - - [31/Jan/2026 06:47:40] "POST /submit_update HTTP/1.1" 200 -
[36;1mclient_005_1  |[0m 2026-01-31 06:47:40,230 - __main__ - INFO - 🚀 Model update submitted successfully.
[36;1mclient_005_1  |[0m 2026-01-31 06:47:40,230 - __main__ - INFO - Update submitted for Round 31. Waiting...
[32mclient_002_1  |[0m 2026-01-31 06:47:40,529 - __main__ - INFO - --- New Round Detected: 32 ---
[33mserver_1      |[0m INFO:werkzeug:172.18.0.10 - - [31/Jan/2026 06:47:40] "GET /download_model?round=32 HTTP/1.1" 200 -
[35;1mclient_008_1  |[0m 2026-01-31 06:47:42,100 - __main__ - INFO - Round 32 finished. Loss: 0.0000, Acc: 0.00%
[33mserver_1      |[0m INFO:__main__:Received update from client_008
[33mserver_1      |[0m INFO:werkzeug:172.18.0.20 - - [31/Jan/2026 06:47:42] "POST /submit_update HTTP/1.1" 200 -
[35;1mclient_008_1  |[0m 2026-01-31 06:47:42,240 - __main__ - INFO - 🚀 Model update submitted successfully.
[35;1mclient_008_1  |[0m 2026-01-31 06:47:42,240 - __main__ - INFO - Update submitted for Round 32. Waiting...
[36mclient_010_1  |[0m 2026-01-31 06:47:43,163 - __main__ - INFO - --- New Round Detected: 32 ---
[33mserver_1      |[0m INFO:werkzeug:172.18.0.16 - - [31/Jan/2026 06:47:43] "GET /download_model?round=32 HTTP/1.1" 200 -
[32;1mclient_007_1  |[0m 2026-01-31 06:47:44,535 - __main__ - INFO - Round 31 finished. Loss: 0.0000, Acc: 0.00%
[33;1mclient_006_1  |[0m 2026-01-31 06:47:44,634 - __main__ - INFO - --- New Round Detected: 32 ---
[33mserver_1      |[0m INFO:__main__:Received update from client_007
[33mserver_1      |[0m INFO:werkzeug:172.18.0.12 - - [31/Jan/2026 06:47:44] "POST /submit_update HTTP/1.1" 200 -
[33mserver_1      |[0m INFO:werkzeug:172.18.0.22 - - [31/Jan/2026 06:47:44] "GET /download_model?round=32 HTTP/1.1" 200 -
[32;1mclient_007_1  |[0m 2026-01-31 06:47:44,690 - __main__ - INFO - 🚀 Model update submitted successfully.
[32;1mclient_007_1  |[0m 2026-01-31 06:47:44,690 - __main__ - INFO - Update submitted for Round 31. Waiting...
[34;1mclient_009_1  |[0m 2026-01-31 06:47:46,374 - __main__ - INFO - --- New Round Detected: 32 ---
[33mserver_1      |[0m INFO:werkzeug:172.18.0.15 - - [31/Jan/2026 06:47:46] "GET /download_model?round=32 HTTP/1.1" 200 -
[32mclient_002_1  |[0m 2026-01-31 06:47:46,482 - __main__ - INFO - Round 32 finished. Loss: 0.0000, Acc: 0.00%
[33mserver_1      |[0m INFO:__main__:Received update from client_002
[33mserver_1      |[0m INFO:werkzeug:172.18.0.10 - - [31/Jan/2026 06:47:46] "POST /submit_update HTTP/1.1" 200 -
[32mclient_002_1  |[0m 2026-01-31 06:47:46,624 - __main__ - INFO - 🚀 Model update submitted successfully.
[32mclient_002_1  |[0m 2026-01-31 06:47:46,624 - __main__ - INFO - Update submitted for Round 32. Waiting...
[34mclient_004_1  |[0m 2026-01-31 06:47:47,051 - __main__ - INFO - --- New Round Detected: 32 ---
[35mclient_003_1  |[0m 2026-01-31 06:47:47,051 - __main__ - INFO - Round 32 finished. Loss: 0.0000, Acc: 0.00%
[33mserver_1      |[0m INFO:werkzeug:172.18.0.17 - - [31/Jan/2026 06:47:47] "GET /download_model?round=32 HTTP/1.1" 200 -
[33mserver_1      |[0m INFO:__main__:Received update from client_003
[33mserver_1      |[0m INFO:__main__:--- Aggregating 5 updates ---
[33mserver_1      |[0m INFO:__main__:⚡ Using Custom Aggregator with Drift Metric...
[33mserver_1      |[0m INFO:server.aggregator:Starting FedAvg aggregation for 5 clients.
[33mclient_001_1  |[0m 2026-01-31 06:47:48,315 - __main__ - INFO - --- New Round Detected: 32 ---
[33mserver_1      |[0m INFO:werkzeug:172.18.0.18 - - [31/Jan/2026 06:47:48] "GET /download_model?round=32 HTTP/1.1" 200 -
[34;1mclient_009_1  |[0m 2026-01-31 06:47:48,950 - __main__ - INFO - Round 32 finished. Loss: 0.0000, Acc: 0.00%
[36mclient_010_1  |[0m 2026-01-31 06:47:48,961 - __main__ - INFO - Round 32 finished. Loss: 0.0000, Acc: 0.00%
[33mserver_1      |[0m INFO:werkzeug:172.18.0.15 - - [31/Jan/2026 06:47:48] "[31m[1mPOST /submit_update HTTP/1.1[0m" 400 -
[33mserver_1      |[0m INFO:werkzeug:172.18.0.16 - - [31/Jan/2026 06:47:48] "[31m[1mPOST /submit_update HTTP/1.1[0m" 400 -
[34;1mclient_009_1  |[0m 2026-01-31 06:47:49,015 - __main__ - ERROR - Update submission failed: {"error":"Not accepting updates"}
[34;1mclient_009_1  |[0m 
[34;1mclient_009_1  |[0m 2026-01-31 06:47:49,015 - __main__ - INFO - Update submitted for Round 32. Waiting...
[36mclient_010_1  |[0m 2026-01-31 06:47:49,029 - __main__ - ERROR - Update submission failed: {"error":"Not accepting updates"}
[36mclient_010_1  |[0m 
[36mclient_010_1  |[0m 2026-01-31 06:47:49,029 - __main__ - INFO - Update submitted for Round 32. Waiting...
[33mserver_1      |[0m INFO:server.aggregator:--- [METRIC] Weight Divergence: 1.3603
[33mserver_1      |[0m INFO:server.aggregator:FedAvg aggregation complete.
[33mserver_1      |[0m INFO:__main__:Aggregation complete.
[33mserver_1      |[0m ⏱️ [TIME] Client client_005 finished training in 2.83s
[33mserver_1      |[0m ⏱️ [TIME] Client client_008 finished training in 2.89s
[33mserver_1      |[0m ⏱️ [TIME] Client client_007 finished training in 7.46s
[33mserver_1      |[0m ⏱️ [TIME] Client client_002 finished training in 5.77s
[33mserver_1      |[0m ⏱️ [TIME] Client client_003 finished training in 7.84s
[33mserver_1      |[0m DEBUG: ⚠️ MY CUSTOM AGGREGATOR IS RUNNING ⚠️
[36;1mclient_005_1  |[0m 2026-01-31 06:47:50,296 - __main__ - INFO - --- New Round Detected: 32 ---
[33mserver_1      |[0m INFO:werkzeug:172.18.0.19 - - [31/Jan/2026 06:47:50] "GET /download_model?round=32 HTTP/1.1" 200 -
[33mserver_1      |[0m INFO:__main__:💾 Saving metrics to results/metrics.csv...
[33mserver_1      |[0m INFO:__main__:--- Round 32 Acc: 55.79%, Loss: 1.2328 ---
[33mserver_1      |[0m INFO:__main__:--- Starting Round 33. Timeout: 600s ---
[33mserver_1      |[0m INFO:werkzeug:172.18.0.21 - - [31/Jan/2026 06:47:50] "POST /submit_update HTTP/1.1" 200 -
[35mclient_003_1  |[0m 2026-01-31 06:47:50,513 - __main__ - INFO - 🚀 Model update submitted successfully.
[35mclient_003_1  |[0m 2026-01-31 06:47:50,513 - __main__ - INFO - Update submitted for Round 32. Waiting...
[33mclient_001_1  |[0m 2026-01-31 06:47:51,499 - __main__ - INFO - Round 32 finished. Loss: 0.0000, Acc: 0.00%
[33;1mclient_006_1  |[0m 2026-01-31 06:47:51,601 - __main__ - INFO - Round 32 finished. Loss: 0.0000, Acc: 0.00%
[33mclient_001_1  |[0m 2026-01-31 06:47:51,634 - __main__ - INFO - 🚀 Model update submitted successfully.
[33mclient_001_1  |[0m 2026-01-31 06:47:51,634 - __main__ - INFO - Update submitted for Round 32. Waiting...
[33mserver_1      |[0m INFO:__main__:Received update from client_001
[33mserver_1      |[0m INFO:werkzeug:172.18.0.18 - - [31/Jan/2026 06:47:51] "POST /submit_update HTTP/1.1" 200 -
[33mserver_1      |[0m INFO:__main__:Received update from client_006
[33mserver_1      |[0m INFO:werkzeug:172.18.0.22 - - [31/Jan/2026 06:47:51] "POST /submit_update HTTP/1.1" 200 -
[33;1mclient_006_1  |[0m 2026-01-31 06:47:51,772 - __main__ - INFO - 🚀 Model update submitted successfully.
[33;1mclient_006_1  |[0m 2026-01-31 06:47:51,772 - __main__ - INFO - Update submitted for Round 32. Waiting...
[35;1mclient_008_1  |[0m 2026-01-31 06:47:52,324 - __main__ - INFO - --- New Round Detected: 33 ---
[33mserver_1      |[0m INFO:werkzeug:172.18.0.20 - - [31/Jan/2026 06:47:52] "GET /download_model?round=33 HTTP/1.1" 200 -
[34mclient_004_1  |[0m 2026-01-31 06:47:53,333 - __main__ - INFO - Round 32 finished. Loss: 0.0000, Acc: 0.00%
[36;1mclient_005_1  |[0m 2026-01-31 06:47:53,407 - __main__ - INFO - Round 32 finished. Loss: 0.0000, Acc: 0.00%
[33mserver_1      |[0m INFO:__main__:Received update from client_004
[33mserver_1      |[0m INFO:werkzeug:172.18.0.17 - - [31/Jan/2026 06:47:53] "POST /submit_update HTTP/1.1" 200 -
[34mclient_004_1  |[0m 2026-01-31 06:47:53,487 - __main__ - INFO - 🚀 Model update submitted successfully.
[34mclient_004_1  |[0m 2026-01-31 06:47:53,488 - __main__ - INFO - Update submitted for Round 32. Waiting...
[33mserver_1      |[0m INFO:__main__:Received update from client_005
[33mserver_1      |[0m INFO:werkzeug:172.18.0.19 - - [31/Jan/2026 06:47:53] "POST /submit_update HTTP/1.1" 200 -
[36;1mclient_005_1  |[0m 2026-01-31 06:47:53,549 - __main__ - INFO - 🚀 Model update submitted successfully.
[36;1mclient_005_1  |[0m 2026-01-31 06:47:53,550 - __main__ - INFO - Update submitted for Round 32. Waiting...
[32;1mclient_007_1  |[0m 2026-01-31 06:47:54,754 - __main__ - INFO - --- New Round Detected: 33 ---
[33mserver_1      |[0m INFO:werkzeug:172.18.0.12 - - [31/Jan/2026 06:47:54] "GET /download_model?round=33 HTTP/1.1" 200 -
[35;1mclient_008_1  |[0m 2026-01-31 06:47:56,077 - __main__ - INFO - Round 33 finished. Loss: 0.0000, Acc: 0.00%
[33mserver_1      |[0m INFO:__main__:Received update from client_008
[33mserver_1      |[0m INFO:__main__:--- Aggregating 5 updates ---
[33mserver_1      |[0m INFO:__main__:⚡ Using Custom Aggregator with Drift Metric...
[33mserver_1      |[0m INFO:server.aggregator:Starting FedAvg aggregation for 5 clients.
[32mclient_002_1  |[0m 2026-01-31 06:47:56,692 - __main__ - INFO - --- New Round Detected: 33 ---
[33mserver_1      |[0m INFO:werkzeug:172.18.0.10 - - [31/Jan/2026 06:47:56] "GET /download_model?round=33 HTTP/1.1" 200 -
[33mserver_1      |[0m INFO:server.aggregator:--- [METRIC] Weight Divergence: 1.3025
[33mserver_1      |[0m INFO:server.aggregator:FedAvg aggregation complete.
[33mserver_1      |[0m INFO:__main__:Aggregation complete.
[33mserver_1      |[0m ⏱️ [TIME] Client client_001 finished training in 3.00s
[33mserver_1      |[0m ⏱️ [TIME] Client client_006 finished training in 6.78s
[33mserver_1      |[0m ⏱️ [TIME] Client client_004 finished training in 6.11s
[33mserver_1      |[0m ⏱️ [TIME] Client client_005 finished training in 2.93s
[33mserver_1      |[0m ⏱️ [TIME] Client client_008 finished training in 3.54s
[33mserver_1      |[0m DEBUG: ⚠️ MY CUSTOM AGGREGATOR IS RUNNING ⚠️
[33mserver_1      |[0m INFO:__main__:💾 Saving metrics to results/metrics.csv...
[33mserver_1      |[0m INFO:__main__:--- Round 33 Acc: 56.49%, Loss: 1.2128 ---
[33mserver_1      |[0m INFO:__main__:--- Starting Round 34. Timeout: 600s ---
[33mserver_1      |[0m INFO:werkzeug:172.18.0.20 - - [31/Jan/2026 06:47:58] "POST /submit_update HTTP/1.1" 200 -
[35;1mclient_008_1  |[0m 2026-01-31 06:47:58,805 - __main__ - INFO - 🚀 Model update submitted successfully.
[35;1mclient_008_1  |[0m 2026-01-31 06:47:58,805 - __main__ - INFO - Update submitted for Round 33. Waiting...
[34;1mclient_009_1  |[0m 2026-01-31 06:47:59,089 - __main__ - INFO - --- New Round Detected: 34 ---
[36mclient_010_1  |[0m 2026-01-31 06:47:59,101 - __main__ - INFO - --- New Round Detected: 34 ---
[33mserver_1      |[0m INFO:werkzeug:172.18.0.15 - - [31/Jan/2026 06:47:59] "GET /download_model?round=34 HTTP/1.1" 200 -
[33mserver_1      |[0m INFO:werkzeug:172.18.0.16 - - [31/Jan/2026 06:47:59] "GET /download_model?round=34 HTTP/1.1" 200 -
[35mclient_003_1  |[0m 2026-01-31 06:48:00,594 - __main__ - INFO - --- New Round Detected: 34 ---
[33mserver_1      |[0m INFO:werkzeug:172.18.0.21 - - [31/Jan/2026 06:48:00] "GET /download_model?round=34 HTTP/1.1" 200 -
[33mclient_001_1  |[0m 2026-01-31 06:48:01,696 - __main__ - INFO - --- New Round Detected: 34 ---
[33mserver_1      |[0m INFO:werkzeug:172.18.0.18 - - [31/Jan/2026 06:48:01] "GET /download_model?round=34 HTTP/1.1" 200 -
[33;1mclient_006_1  |[0m 2026-01-31 06:48:01,836 - __main__ - INFO - --- New Round Detected: 34 ---
[33mserver_1      |[0m INFO:werkzeug:172.18.0.22 - - [31/Jan/2026 06:48:01] "GET /download_model?round=34 HTTP/1.1" 200 -
[32mclient_002_1  |[0m 2026-01-31 06:48:02,433 - __main__ - INFO - Round 33 finished. Loss: 0.0000, Acc: 0.00%
[33mserver_1      |[0m INFO:__main__:Received update from client_002
[33mserver_1      |[0m INFO:werkzeug:172.18.0.10 - - [31/Jan/2026 06:48:02] "POST /submit_update HTTP/1.1" 200 -
[32mclient_002_1  |[0m 2026-01-31 06:48:02,588 - __main__ - INFO - 🚀 Model update submitted successfully.
[32mclient_002_1  |[0m 2026-01-31 06:48:02,588 - __main__ - INFO - Update submitted for Round 33. Waiting...
[32;1mclient_007_1  |[0m 2026-01-31 06:48:02,761 - __main__ - INFO - Round 33 finished. Loss: 0.0000, Acc: 0.00%
[33mserver_1      |[0m INFO:__main__:Received update from client_007
[33mserver_1      |[0m INFO:werkzeug:172.18.0.12 - - [31/Jan/2026 06:48:02] "POST /submit_update HTTP/1.1" 200 -
[32;1mclient_007_1  |[0m 2026-01-31 06:48:02,902 - __main__ - INFO - 🚀 Model update submitted successfully.
[32;1mclient_007_1  |[0m 2026-01-31 06:48:02,902 - __main__ - INFO - Update submitted for Round 33. Waiting...
[34;1mclient_009_1  |[0m 2026-01-31 06:48:03,384 - __main__ - INFO - Round 34 finished. Loss: 0.0000, Acc: 0.00%
[33mserver_1      |[0m INFO:__main__:Received update from client_009
[33mserver_1      |[0m INFO:werkzeug:172.18.0.15 - - [31/Jan/2026 06:48:03] "POST /submit_update HTTP/1.1" 200 -
[34;1mclient_009_1  |[0m 2026-01-31 06:48:03,527 - __main__ - INFO - 🚀 Model update submitted successfully.
[34;1mclient_009_1  |[0m 2026-01-31 06:48:03,527 - __main__ - INFO - Update submitted for Round 34. Waiting...
[34mclient_004_1  |[0m 2026-01-31 06:48:03,552 - __main__ - INFO - --- New Round Detected: 34 ---
[33mserver_1      |[0m INFO:werkzeug:172.18.0.17 - - [31/Jan/2026 06:48:03] "GET /download_model?round=34 HTTP/1.1" 200 -
[36;1mclient_005_1  |[0m 2026-01-31 06:48:03,612 - __main__ - INFO - --- New Round Detected: 34 ---
[33mserver_1      |[0m INFO:werkzeug:172.18.0.19 - - [31/Jan/2026 06:48:03] "GET /download_model?round=34 HTTP/1.1" 200 -
[33mclient_001_1  |[0m 2026-01-31 06:48:04,055 - __main__ - INFO - Round 34 finished. Loss: 0.0000, Acc: 0.00%
[33mserver_1      |[0m INFO:__main__:Received update from client_001
[33mserver_1      |[0m INFO:werkzeug:172.18.0.18 - - [31/Jan/2026 06:48:04] "POST /submit_update HTTP/1.1" 200 -
[33mclient_001_1  |[0m 2026-01-31 06:48:04,190 - __main__ - INFO - 🚀 Model update submitted successfully.
[33mclient_001_1  |[0m 2026-01-31 06:48:04,190 - __main__ - INFO - Update submitted for Round 34. Waiting...
[36mclient_010_1  |[0m 2026-01-31 06:48:05,112 - __main__ - INFO - Round 34 finished. Loss: 0.0000, Acc: 0.00%
[35mclient_003_1  |[0m 2026-01-31 06:48:05,211 - __main__ - INFO - Round 34 finished. Loss: 0.0000, Acc: 0.00%
[33mserver_1      |[0m INFO:__main__:Received update from client_010
[33mserver_1      |[0m INFO:__main__:--- Aggregating 5 updates ---
[33mserver_1      |[0m INFO:__main__:⚡ Using Custom Aggregator with Drift Metric...
[33mserver_1      |[0m INFO:server.aggregator:Starting FedAvg aggregation for 5 clients.
[33mserver_1      |[0m INFO:werkzeug:172.18.0.21 - - [31/Jan/2026 06:48:05] "[31m[1mPOST /submit_update HTTP/1.1[0m" 400 -
[35mclient_003_1  |[0m 2026-01-31 06:48:05,275 - __main__ - ERROR - Update submission failed: {"error":"Not accepting updates"}
[35mclient_003_1  |[0m 
[35mclient_003_1  |[0m 2026-01-31 06:48:05,275 - __main__ - INFO - Update submitted for Round 34. Waiting...
[33mserver_1      |[0m INFO:server.aggregator:--- [METRIC] Weight Divergence: 1.3561
[33mserver_1      |[0m INFO:server.aggregator:FedAvg aggregation complete.
[33mserver_1      |[0m INFO:__main__:Aggregation complete.
[33mserver_1      |[0m ⏱️ [TIME] Client client_002 finished training in 5.56s
[33mserver_1      |[0m ⏱️ [TIME] Client client_007 finished training in 7.82s
[33mserver_1      |[0m ⏱️ [TIME] Client client_009 finished training in 4.11s
[33mserver_1      |[0m ⏱️ [TIME] Client client_001 finished training in 2.20s
[33mserver_1      |[0m ⏱️ [TIME] Client client_010 finished training in 5.83s
[33mserver_1      |[0m DEBUG: ⚠️ MY CUSTOM AGGREGATOR IS RUNNING ⚠️
[36;1mclient_005_1  |[0m 2026-01-31 06:48:06,825 - __main__ - INFO - Round 34 finished. Loss: 0.0000, Acc: 0.00%
[33mserver_1      |[0m INFO:werkzeug:172.18.0.19 - - [31/Jan/2026 06:48:06] "[31m[1mPOST /submit_update HTTP/1.1[0m" 400 -
[36;1mclient_005_1  |[0m 2026-01-31 06:48:06,893 - __main__ - ERROR - Update submission failed: {"error":"Not accepting updates"}
[36;1mclient_005_1  |[0m 
[36;1mclient_005_1  |[0m 2026-01-31 06:48:06,893 - __main__ - INFO - Update submitted for Round 34. Waiting...
[33mserver_1      |[0m INFO:__main__:💾 Saving metrics to results/metrics.csv...
[33mserver_1      |[0m INFO:__main__:--- Round 34 Acc: 53.68%, Loss: 1.2648 ---
[33mserver_1      |[0m INFO:__main__:--- Starting Round 35. Timeout: 600s ---
[33mserver_1      |[0m INFO:werkzeug:172.18.0.16 - - [31/Jan/2026 06:48:07] "POST /submit_update HTTP/1.1" 200 -
[36mclient_010_1  |[0m 2026-01-31 06:48:07,555 - __main__ - INFO - 🚀 Model update submitted successfully.
[36mclient_010_1  |[0m 2026-01-31 06:48:07,555 - __main__ - INFO - Update submitted for Round 34. Waiting...
[33;1mclient_006_1  |[0m 2026-01-31 06:48:08,857 - __main__ - INFO - Round 34 finished. Loss: 0.0000, Acc: 0.00%
[35;1mclient_008_1  |[0m 2026-01-31 06:48:08,878 - __main__ - INFO - --- New Round Detected: 35 ---
[33mserver_1      |[0m INFO:werkzeug:172.18.0.20 - - [31/Jan/2026 06:48:08] "GET /download_model?round=35 HTTP/1.1" 200 -
[33mserver_1      |[0m INFO:__main__:Received update from client_006
[33mserver_1      |[0m INFO:werkzeug:172.18.0.22 - - [31/Jan/2026 06:48:08] "POST /submit_update HTTP/1.1" 200 -
[33;1mclient_006_1  |[0m 2026-01-31 06:48:08,992 - __main__ - INFO - 🚀 Model update submitted successfully.
[33;1mclient_006_1  |[0m 2026-01-31 06:48:08,993 - __main__ - INFO - Update submitted for Round 34. Waiting...
[34mclient_004_1  |[0m 2026-01-31 06:48:09,192 - __main__ - INFO - Round 34 finished. Loss: 0.0000, Acc: 0.00%
[33mserver_1      |[0m INFO:__main__:Received update from client_004
[33mserver_1      |[0m INFO:werkzeug:172.18.0.17 - - [31/Jan/2026 06:48:09] "POST /submit_update HTTP/1.1" 200 -
[34mclient_004_1  |[0m 2026-01-31 06:48:09,336 - __main__ - INFO - 🚀 Model update submitted successfully.
[34mclient_004_1  |[0m 2026-01-31 06:48:09,336 - __main__ - INFO - Update submitted for Round 34. Waiting...
[35;1mclient_008_1  |[0m 2026-01-31 06:48:12,518 - __main__ - INFO - Round 35 finished. Loss: 0.0000, Acc: 0.00%
[33mserver_1      |[0m INFO:__main__:Received update from client_008
[33mserver_1      |[0m INFO:werkzeug:172.18.0.20 - - [31/Jan/2026 06:48:12] "POST /submit_update HTTP/1.1" 200 -
[32mclient_002_1  |[0m 2026-01-31 06:48:12,650 - __main__ - INFO - --- New Round Detected: 35 ---
[35;1mclient_008_1  |[0m 2026-01-31 06:48:12,652 - __main__ - INFO - 🚀 Model update submitted successfully.
[35;1mclient_008_1  |[0m 2026-01-31 06:48:12,652 - __main__ - INFO - Update submitted for Round 35. Waiting...
[33mserver_1      |[0m INFO:werkzeug:172.18.0.10 - - [31/Jan/2026 06:48:12] "GET /download_model?round=35 HTTP/1.1" 200 -
[32;1mclient_007_1  |[0m 2026-01-31 06:48:12,963 - __main__ - INFO - --- New Round Detected: 35 ---
[33mserver_1      |[0m INFO:werkzeug:172.18.0.12 - - [31/Jan/2026 06:48:12] "GET /download_model?round=35 HTTP/1.1" 200 -
[34;1mclient_009_1  |[0m 2026-01-31 06:48:13,588 - __main__ - INFO - --- New Round Detected: 35 ---
[33mserver_1      |[0m INFO:werkzeug:172.18.0.15 - - [31/Jan/2026 06:48:13] "GET /download_model?round=35 HTTP/1.1" 200 -
[33mclient_001_1  |[0m 2026-01-31 06:48:14,255 - __main__ - INFO - --- New Round Detected: 35 ---
[33mserver_1      |[0m INFO:werkzeug:172.18.0.18 - - [31/Jan/2026 06:48:14] "GET /download_model?round=35 HTTP/1.1" 200 -
[35mclient_003_1  |[0m 2026-01-31 06:48:15,341 - __main__ - INFO - --- New Round Detected: 35 ---
[33mserver_1      |[0m INFO:werkzeug:172.18.0.21 - - [31/Jan/2026 06:48:15] "GET /download_model?round=35 HTTP/1.1" 200 -
[32mclient_002_1  |[0m 2026-01-31 06:48:16,377 - __main__ - INFO - Round 35 finished. Loss: 0.0000, Acc: 0.00%
[33mserver_1      |[0m INFO:__main__:Received update from client_002
[33mserver_1      |[0m INFO:werkzeug:172.18.0.10 - - [31/Jan/2026 06:48:16] "POST /submit_update HTTP/1.1" 200 -
[32mclient_002_1  |[0m 2026-01-31 06:48:16,533 - __main__ - INFO - 🚀 Model update submitted successfully.
[32mclient_002_1  |[0m 2026-01-31 06:48:16,533 - __main__ - INFO - Update submitted for Round 35. Waiting...
[36;1mclient_005_1  |[0m 2026-01-31 06:48:16,955 - __main__ - INFO - --- New Round Detected: 35 ---
[33mserver_1      |[0m INFO:werkzeug:172.18.0.19 - - [31/Jan/2026 06:48:16] "GET /download_model?round=35 HTTP/1.1" 200 -
[34;1mclient_009_1  |[0m 2026-01-31 06:48:17,514 - __main__ - INFO - Round 35 finished. Loss: 0.0000, Acc: 0.00%
[33mserver_1      |[0m INFO:__main__:Received update from client_009
[33mserver_1      |[0m INFO:__main__:--- Aggregating 5 updates ---
[33mserver_1      |[0m INFO:__main__:⚡ Using Custom Aggregator with Drift Metric...
[33mserver_1      |[0m INFO:server.aggregator:Starting FedAvg aggregation for 5 clients.
[36mclient_010_1  |[0m 2026-01-31 06:48:17,620 - __main__ - INFO - --- New Round Detected: 35 ---
[33mserver_1      |[0m INFO:werkzeug:172.18.0.16 - - [31/Jan/2026 06:48:17] "GET /download_model?round=35 HTTP/1.1" 200 -
[33mclient_001_1  |[0m 2026-01-31 06:48:18,380 - __main__ - INFO - Round 35 finished. Loss: 0.0000, Acc: 0.00%
[33mserver_1      |[0m INFO:werkzeug:172.18.0.18 - - [31/Jan/2026 06:48:18] "[31m[1mPOST /submit_update HTTP/1.1[0m" 400 -
[33mclient_001_1  |[0m 2026-01-31 06:48:18,445 - __main__ - ERROR - Update submission failed: {"error":"Not accepting updates"}
[33mclient_001_1  |[0m 
[33mclient_001_1  |[0m 2026-01-31 06:48:18,446 - __main__ - INFO - Update submitted for Round 35. Waiting...
[36;1mclient_005_1  |[0m 2026-01-31 06:48:18,643 - __main__ - INFO - Round 35 finished. Loss: 0.0000, Acc: 0.00%
[33mserver_1      |[0m INFO:werkzeug:172.18.0.19 - - [31/Jan/2026 06:48:18] "[31m[1mPOST /submit_update HTTP/1.1[0m" 400 -
[36;1mclient_005_1  |[0m 2026-01-31 06:48:18,752 - __main__ - ERROR - Update submission failed: {"error":"Not accepting updates"}
[36;1mclient_005_1  |[0m 
[36;1mclient_005_1  |[0m 2026-01-31 06:48:18,752 - __main__ - INFO - Update submitted for Round 35. Waiting...
[33;1mclient_006_1  |[0m 2026-01-31 06:48:19,056 - __main__ - INFO - --- New Round Detected: 35 ---
[33mserver_1      |[0m INFO:werkzeug:172.18.0.22 - - [31/Jan/2026 06:48:19] "GET /download_model?round=35 HTTP/1.1" 200 -
[34mclient_004_1  |[0m 2026-01-31 06:48:19,399 - __main__ - INFO - --- New Round Detected: 35 ---
[33mserver_1      |[0m INFO:werkzeug:172.18.0.17 - - [31/Jan/2026 06:48:19] "GET /download_model?round=35 HTTP/1.1" 200 -
[33mserver_1      |[0m INFO:server.aggregator:--- [METRIC] Weight Divergence: 1.3630
[33mserver_1      |[0m INFO:server.aggregator:FedAvg aggregation complete.
[33mserver_1      |[0m INFO:__main__:Aggregation complete.
[33mserver_1      |[0m ⏱️ [TIME] Client client_006 finished training in 6.84s
[33mserver_1      |[0m ⏱️ [TIME] Client client_004 finished training in 5.44s
[33mserver_1      |[0m ⏱️ [TIME] Client client_008 finished training in 3.46s
[33mserver_1      |[0m ⏱️ [TIME] Client client_002 finished training in 3.54s
[33mserver_1      |[0m ⏱️ [TIME] Client client_009 finished training in 3.77s
[33mserver_1      |[0m DEBUG: ⚠️ MY CUSTOM AGGREGATOR IS RUNNING ⚠️
[32;1mclient_007_1  |[0m 2026-01-31 06:48:20,485 - __main__ - INFO - Round 35 finished. Loss: 0.0000, Acc: 0.00%
[33mserver_1      |[0m INFO:werkzeug:172.18.0.12 - - [31/Jan/2026 06:48:20] "[31m[1mPOST /submit_update HTTP/1.1[0m" 400 -
[32;1mclient_007_1  |[0m 2026-01-31 06:48:20,549 - __main__ - ERROR - Update submission failed: {"error":"Not accepting updates"}
[32;1mclient_007_1  |[0m 
[32;1mclient_007_1  |[0m 2026-01-31 06:48:20,549 - __main__ - INFO - Update submitted for Round 35. Waiting...
[33mserver_1      |[0m INFO:__main__:💾 Saving metrics to results/metrics.csv...
[33mserver_1      |[0m INFO:__main__:--- Round 35 Acc: 54.30%, Loss: 1.2525 ---
[33mserver_1      |[0m INFO:__main__:--- Starting Round 36. Timeout: 600s ---
[33mserver_1      |[0m INFO:werkzeug:172.18.0.15 - - [31/Jan/2026 06:48:21] "POST /submit_update HTTP/1.1" 200 -
[34;1mclient_009_1  |[0m 2026-01-31 06:48:21,066 - __main__ - INFO - 🚀 Model update submitted successfully.
[34;1mclient_009_1  |[0m 2026-01-31 06:48:21,066 - __main__ - INFO - Update submitted for Round 35. Waiting...
[36mclient_010_1  |[0m 2026-01-31 06:48:22,260 - __main__ - INFO - Round 35 finished. Loss: 0.0000, Acc: 0.00%
[33mserver_1      |[0m INFO:__main__:Received update from client_010
[33mserver_1      |[0m INFO:werkzeug:172.18.0.16 - - [31/Jan/2026 06:48:22] "POST /submit_update HTTP/1.1" 200 -
[36mclient_010_1  |[0m 2026-01-31 06:48:22,395 - __main__ - INFO - 🚀 Model update submitted successfully.
[36mclient_010_1  |[0m 2026-01-31 06:48:22,395 - __main__ - INFO - Update submitted for Round 35. Waiting...
[35;1mclient_008_1  |[0m 2026-01-31 06:48:22,723 - __main__ - INFO - --- New Round Detected: 36 ---
[33mserver_1      |[0m INFO:werkzeug:172.18.0.20 - - [31/Jan/2026 06:48:22] "GET /download_model?round=36 HTTP/1.1" 200 -
[35mclient_003_1  |[0m 2026-01-31 06:48:23,099 - __main__ - INFO - Round 35 finished. Loss: 0.0000, Acc: 0.00%
[33mserver_1      |[0m INFO:__main__:Received update from client_003
[33mserver_1      |[0m INFO:werkzeug:172.18.0.21 - - [31/Jan/2026 06:48:23] "POST /submit_update HTTP/1.1" 200 -
[35mclient_003_1  |[0m 2026-01-31 06:48:23,234 - __main__ - INFO - 🚀 Model update submitted successfully.
[35mclient_003_1  |[0m 2026-01-31 06:48:23,234 - __main__ - INFO - Update submitted for Round 35. Waiting...
[34mclient_004_1  |[0m 2026-01-31 06:48:25,433 - __main__ - INFO - Round 35 finished. Loss: 0.0000, Acc: 0.00%
[33mserver_1      |[0m INFO:__main__:Received update from client_004
[33mserver_1      |[0m INFO:werkzeug:172.18.0.17 - - [31/Jan/2026 06:48:25] "POST /submit_update HTTP/1.1" 200 -
[34mclient_004_1  |[0m 2026-01-31 06:48:25,568 - __main__ - INFO - 🚀 Model update submitted successfully.
[34mclient_004_1  |[0m 2026-01-31 06:48:25,568 - __main__ - INFO - Update submitted for Round 35. Waiting...
[33;1mclient_006_1  |[0m 2026-01-31 06:48:25,940 - __main__ - INFO - Round 35 finished. Loss: 0.0000, Acc: 0.00%
[33mserver_1      |[0m INFO:__main__:Received update from client_006
[33mserver_1      |[0m INFO:werkzeug:172.18.0.22 - - [31/Jan/2026 06:48:26] "POST /submit_update HTTP/1.1" 200 -
[33;1mclient_006_1  |[0m 2026-01-31 06:48:26,075 - __main__ - INFO - 🚀 Model update submitted successfully.
[33;1mclient_006_1  |[0m 2026-01-31 06:48:26,075 - __main__ - INFO - Update submitted for Round 35. Waiting...
[35;1mclient_008_1  |[0m 2026-01-31 06:48:26,185 - __main__ - INFO - Round 36 finished. Loss: 0.0000, Acc: 0.00%
[33mserver_1      |[0m INFO:__main__:Received update from client_008
[33mserver_1      |[0m INFO:__main__:--- Aggregating 5 updates ---
[33mserver_1      |[0m INFO:__main__:⚡ Using Custom Aggregator with Drift Metric...
[33mserver_1      |[0m INFO:server.aggregator:Starting FedAvg aggregation for 5 clients.
[32mclient_002_1  |[0m 2026-01-31 06:48:26,601 - __main__ - INFO - --- New Round Detected: 36 ---
[33mserver_1      |[0m INFO:werkzeug:172.18.0.10 - - [31/Jan/2026 06:48:26] "GET /download_model?round=36 HTTP/1.1" 200 -
[33mserver_1      |[0m INFO:server.aggregator:--- [METRIC] Weight Divergence: 1.3957
[33mserver_1      |[0m INFO:server.aggregator:FedAvg aggregation complete.
[33mserver_1      |[0m INFO:__main__:Aggregation complete.
[33mserver_1      |[0m ⏱️ [TIME] Client client_010 finished training in 4.43s
[33mserver_1      |[0m ⏱️ [TIME] Client client_003 finished training in 7.57s
[33mserver_1      |[0m ⏱️ [TIME] Client client_004 finished training in 5.85s
[33mserver_1      |[0m ⏱️ [TIME] Client client_006 finished training in 6.71s
[33mserver_1      |[0m ⏱️ [TIME] Client client_008 finished training in 3.29s
[33mserver_1      |[0m DEBUG: ⚠️ MY CUSTOM AGGREGATOR IS RUNNING ⚠️
[33mclient_001_1  |[0m 2026-01-31 06:48:28,510 - __main__ - INFO - --- New Round Detected: 36 ---
[33mserver_1      |[0m INFO:werkzeug:172.18.0.18 - - [31/Jan/2026 06:48:28] "GET /download_model?round=36 HTTP/1.1" 200 -
[33mserver_1      |[0m INFO:__main__:💾 Saving metrics to results/metrics.csv...
[33mserver_1      |[0m INFO:__main__:--- Round 36 Acc: 56.28%, Loss: 1.2263 ---
[33mserver_1      |[0m INFO:__main__:--- Starting Round 37. Timeout: 600s ---
[33mserver_1      |[0m INFO:werkzeug:172.18.0.20 - - [31/Jan/2026 06:48:28] "POST /submit_update HTTP/1.1" 200 -
[36;1mclient_005_1  |[0m 2026-01-31 06:48:28,816 - __main__ - INFO - --- New Round Detected: 36 ---
[35;1mclient_008_1  |[0m 2026-01-31 06:48:28,834 - __main__ - INFO - 🚀 Model update submitted successfully.
[35;1mclient_008_1  |[0m 2026-01-31 06:48:28,834 - __main__ - INFO - Update submitted for Round 36. Waiting...
[33mserver_1      |[0m INFO:werkzeug:172.18.0.19 - - [31/Jan/2026 06:48:28] "GET /download_model?round=36 HTTP/1.1" 200 -
[32;1mclient_007_1  |[0m 2026-01-31 06:48:30,611 - __main__ - INFO - --- New Round Detected: 37 ---
[33mserver_1      |[0m INFO:werkzeug:172.18.0.12 - - [31/Jan/2026 06:48:30] "GET /download_model?round=37 HTTP/1.1" 200 -
[34;1mclient_009_1  |[0m 2026-01-31 06:48:31,136 - __main__ - INFO - --- New Round Detected: 37 ---
[33mserver_1      |[0m INFO:werkzeug:172.18.0.15 - - [31/Jan/2026 06:48:31] "GET /download_model?round=37 HTTP/1.1" 200 -
[32mclient_002_1  |[0m 2026-01-31 06:48:31,834 - __main__ - INFO - Round 36 finished. Loss: 0.0000, Acc: 0.00%
[33mserver_1      |[0m INFO:__main__:Received update from client_002
[33mserver_1      |[0m INFO:werkzeug:172.18.0.10 - - [31/Jan/2026 06:48:31] "POST /submit_update HTTP/1.1" 200 -
[32mclient_002_1  |[0m 2026-01-31 06:48:31,967 - __main__ - INFO - 🚀 Model update submitted successfully.
[32mclient_002_1  |[0m 2026-01-31 06:48:31,969 - __main__ - INFO - Update submitted for Round 36. Waiting...
[36;1mclient_005_1  |[0m 2026-01-31 06:48:32,107 - __main__ - INFO - Round 36 finished. Loss: 0.0000, Acc: 0.00%
[33mserver_1      |[0m INFO:__main__:Received update from client_005
[33mserver_1      |[0m INFO:werkzeug:172.18.0.19 - - [31/Jan/2026 06:48:32] "POST /submit_update HTTP/1.1" 200 -
[36;1mclient_005_1  |[0m 2026-01-31 06:48:32,243 - __main__ - INFO - 🚀 Model update submitted successfully.
[36;1mclient_005_1  |[0m 2026-01-31 06:48:32,244 - __main__ - INFO - Update submitted for Round 36. Waiting...
[36mclient_010_1  |[0m 2026-01-31 06:48:32,459 - __main__ - INFO - --- New Round Detected: 37 ---
[33mserver_1      |[0m INFO:werkzeug:172.18.0.16 - - [31/Jan/2026 06:48:32] "GET /download_model?round=37 HTTP/1.1" 200 -
[33mclient_001_1  |[0m 2026-01-31 06:48:32,784 - __main__ - INFO - Round 36 finished. Loss: 0.0000, Acc: 0.00%
[33mserver_1      |[0m INFO:__main__:Received update from client_001
[33mserver_1      |[0m INFO:werkzeug:172.18.0.18 - - [31/Jan/2026 06:48:32] "POST /submit_update HTTP/1.1" 200 -
[33mclient_001_1  |[0m 2026-01-31 06:48:32,919 - __main__ - INFO - 🚀 Model update submitted successfully.
[33mclient_001_1  |[0m 2026-01-31 06:48:32,919 - __main__ - INFO - Update submitted for Round 36. Waiting...
[35mclient_003_1  |[0m 2026-01-31 06:48:33,296 - __main__ - INFO - --- New Round Detected: 37 ---
[33mserver_1      |[0m INFO:werkzeug:172.18.0.21 - - [31/Jan/2026 06:48:33] "GET /download_model?round=37 HTTP/1.1" 200 -
[34;1mclient_009_1  |[0m 2026-01-31 06:48:33,382 - __main__ - INFO - Round 37 finished. Loss: 0.0000, Acc: 0.00%
[33mserver_1      |[0m INFO:__main__:Received update from client_009
[33mserver_1      |[0m INFO:werkzeug:172.18.0.15 - - [31/Jan/2026 06:48:33] "POST /submit_update HTTP/1.1" 200 -
[34;1mclient_009_1  |[0m 2026-01-31 06:48:33,516 - __main__ - INFO - 🚀 Model update submitted successfully.
[34;1mclient_009_1  |[0m 2026-01-31 06:48:33,516 - __main__ - INFO - Update submitted for Round 37. Waiting...
[34mclient_004_1  |[0m 2026-01-31 06:48:35,680 - __main__ - INFO - --- New Round Detected: 37 ---
[33mserver_1      |[0m INFO:werkzeug:172.18.0.17 - - [31/Jan/2026 06:48:35] "GET /download_model?round=37 HTTP/1.1" 200 -
[33;1mclient_006_1  |[0m 2026-01-31 06:48:36,136 - __main__ - INFO - --- New Round Detected: 37 ---
[33mserver_1      |[0m INFO:werkzeug:172.18.0.22 - - [31/Jan/2026 06:48:36] "GET /download_model?round=37 HTTP/1.1" 200 -
[36mclient_010_1  |[0m 2026-01-31 06:48:36,552 - __main__ - INFO - Round 37 finished. Loss: 0.0000, Acc: 0.00%
[33mserver_1      |[0m INFO:__main__:Received update from client_010
[33mserver_1      |[0m INFO:__main__:--- Aggregating 5 updates ---
[33mserver_1      |[0m INFO:__main__:⚡ Using Custom Aggregator with Drift Metric...
[33mserver_1      |[0m INFO:server.aggregator:Starting FedAvg aggregation for 5 clients.
[32;1mclient_007_1  |[0m 2026-01-31 06:48:38,096 - __main__ - INFO - Round 37 finished. Loss: 0.0000, Acc: 0.00%
[33mserver_1      |[0m INFO:werkzeug:172.18.0.12 - - [31/Jan/2026 06:48:38] "[31m[1mPOST /submit_update HTTP/1.1[0m" 400 -
[32;1mclient_007_1  |[0m 2026-01-31 06:48:38,169 - __main__ - ERROR - Update submission failed: {"error":"Not accepting updates"}
[32;1mclient_007_1  |[0m 
[32;1mclient_007_1  |[0m 2026-01-31 06:48:38,171 - __main__ - INFO - Update submitted for Round 37. Waiting...
[33mserver_1      |[0m INFO:server.aggregator:--- [METRIC] Weight Divergence: 1.2983
[33mserver_1      |[0m INFO:server.aggregator:FedAvg aggregation complete.
[33mserver_1      |[0m INFO:__main__:Aggregation complete.
[33mserver_1      |[0m ⏱️ [TIME] Client client_002 finished training in 5.07s
[33mserver_1      |[0m ⏱️ [TIME] Client client_005 finished training in 3.11s
[33mserver_1      |[0m ⏱️ [TIME] Client client_001 finished training in 4.09s
[33mserver_1      |[0m ⏱️ [TIME] Client client_009 finished training in 2.08s
[33mserver_1      |[0m ⏱️ [TIME] Client client_010 finished training in 3.91s
[33mserver_1      |[0m DEBUG: ⚠️ MY CUSTOM AGGREGATOR IS RUNNING ⚠️
[35;1mclient_008_1  |[0m 2026-01-31 06:48:38,906 - __main__ - INFO - --- New Round Detected: 37 ---
[33mserver_1      |[0m INFO:werkzeug:172.18.0.20 - - [31/Jan/2026 06:48:39] "GET /download_model?round=37 HTTP/1.1" 200 -
[35mclient_003_1  |[0m 2026-01-31 06:48:39,327 - __main__ - INFO - Round 37 finished. Loss: 0.0000, Acc: 0.00%
[33mserver_1      |[0m INFO:werkzeug:172.18.0.21 - - [31/Jan/2026 06:48:39] "[31m[1mPOST /submit_update HTTP/1.1[0m" 400 -
[35mclient_003_1  |[0m 2026-01-31 06:48:39,390 - __main__ - ERROR - Update submission failed: {"error":"Not accepting updates"}
[35mclient_003_1  |[0m 
[35mclient_003_1  |[0m 2026-01-31 06:48:39,390 - __main__ - INFO - Update submitted for Round 37. Waiting...
[33mserver_1      |[0m INFO:__main__:💾 Saving metrics to results/metrics.csv...
[33mserver_1      |[0m INFO:__main__:--- Round 37 Acc: 56.51%, Loss: 1.2062 ---
[33mserver_1      |[0m INFO:__main__:--- Starting Round 38. Timeout: 600s ---
[33mserver_1      |[0m INFO:werkzeug:172.18.0.16 - - [31/Jan/2026 06:48:39] "POST /submit_update HTTP/1.1" 200 -
[36mclient_010_1  |[0m 2026-01-31 06:48:40,002 - __main__ - INFO - 🚀 Model update submitted successfully.
[36mclient_010_1  |[0m 2026-01-31 06:48:40,002 - __main__ - INFO - Update submitted for Round 37. Waiting...
[34mclient_004_1  |[0m 2026-01-31 06:48:41,530 - __main__ - INFO - Round 37 finished. Loss: 0.0000, Acc: 0.00%
[33mserver_1      |[0m INFO:__main__:Received update from client_004
[33mserver_1      |[0m INFO:werkzeug:172.18.0.17 - - [31/Jan/2026 06:48:41] "POST /submit_update HTTP/1.1" 200 -
[34mclient_004_1  |[0m 2026-01-31 06:48:41,665 - __main__ - INFO - 🚀 Model update submitted successfully.
[34mclient_004_1  |[0m 2026-01-31 06:48:41,665 - __main__ - INFO - Update submitted for Round 37. Waiting...
[32mclient_002_1  |[0m 2026-01-31 06:48:42,037 - __main__ - INFO - --- New Round Detected: 38 ---
[33mserver_1      |[0m INFO:werkzeug:172.18.0.10 - - [31/Jan/2026 06:48:42] "GET /download_model?round=38 HTTP/1.1" 200 -
[36;1mclient_005_1  |[0m 2026-01-31 06:48:42,306 - __main__ - INFO - --- New Round Detected: 38 ---
[33mserver_1      |[0m INFO:werkzeug:172.18.0.19 - - [31/Jan/2026 06:48:42] "GET /download_model?round=38 HTTP/1.1" 200 -
[35;1mclient_008_1  |[0m 2026-01-31 06:48:42,802 - __main__ - INFO - Round 37 finished. Loss: 0.0000, Acc: 0.00%
[33mserver_1      |[0m INFO:__main__:Received update from client_008
[33mserver_1      |[0m INFO:werkzeug:172.18.0.20 - - [31/Jan/2026 06:48:42] "POST /submit_update HTTP/1.1" 200 -
[35;1mclient_008_1  |[0m 2026-01-31 06:48:42,962 - __main__ - INFO - 🚀 Model update submitted successfully.
[35;1mclient_008_1  |[0m 2026-01-31 06:48:42,962 - __main__ - INFO - Update submitted for Round 37. Waiting...
[33mclient_001_1  |[0m 2026-01-31 06:48:42,981 - __main__ - INFO - --- New Round Detected: 38 ---
[33mserver_1      |[0m INFO:werkzeug:172.18.0.18 - - [31/Jan/2026 06:48:43] "GET /download_model?round=38 HTTP/1.1" 200 -
[33;1mclient_006_1  |[0m 2026-01-31 06:48:43,064 - __main__ - INFO - Round 37 finished. Loss: 0.0000, Acc: 0.00%
[33mserver_1      |[0m INFO:__main__:Received update from client_006
[33mserver_1      |[0m INFO:werkzeug:172.18.0.22 - - [31/Jan/2026 06:48:43] "POST /submit_update HTTP/1.1" 200 -
[33;1mclient_006_1  |[0m 2026-01-31 06:48:43,222 - __main__ - INFO - 🚀 Model update submitted successfully.
[33;1mclient_006_1  |[0m 2026-01-31 06:48:43,222 - __main__ - INFO - Update submitted for Round 37. Waiting...
[34;1mclient_009_1  |[0m 2026-01-31 06:48:43,579 - __main__ - INFO - --- New Round Detected: 38 ---
[33mserver_1      |[0m INFO:werkzeug:172.18.0.15 - - [31/Jan/2026 06:48:43] "GET /download_model?round=38 HTTP/1.1" 200 -
[32mclient_002_1  |[0m 2026-01-31 06:48:45,117 - __main__ - INFO - Round 38 finished. Loss: 0.0000, Acc: 0.00%
[33mserver_1      |[0m INFO:__main__:Received update from client_002
[33mserver_1      |[0m INFO:werkzeug:172.18.0.10 - - [31/Jan/2026 06:48:45] "POST /submit_update HTTP/1.1" 200 -
[32mclient_002_1  |[0m 2026-01-31 06:48:45,277 - __main__ - INFO - 🚀 Model update submitted successfully.
[32mclient_002_1  |[0m 2026-01-31 06:48:45,277 - __main__ - INFO - Update submitted for Round 38. Waiting...
[36;1mclient_005_1  |[0m 2026-01-31 06:48:45,491 - __main__ - INFO - Round 38 finished. Loss: 0.0000, Acc: 0.00%
[33mserver_1      |[0m INFO:__main__:Received update from client_005
[33mserver_1      |[0m INFO:__main__:--- Aggregating 5 updates ---
[33mserver_1      |[0m INFO:__main__:⚡ Using Custom Aggregator with Drift Metric...
[33mserver_1      |[0m INFO:server.aggregator:Starting FedAvg aggregation for 5 clients.
[34;1mclient_009_1  |[0m 2026-01-31 06:48:45,867 - __main__ - INFO - Round 38 finished. Loss: 0.0000, Acc: 0.00%
[33mserver_1      |[0m INFO:werkzeug:172.18.0.15 - - [31/Jan/2026 06:48:45] "[31m[1mPOST /submit_update HTTP/1.1[0m" 400 -
[34;1mclient_009_1  |[0m 2026-01-31 06:48:45,938 - __main__ - ERROR - Update submission failed: {"error":"Not accepting updates"}
[34;1mclient_009_1  |[0m 
[34;1mclient_009_1  |[0m 2026-01-31 06:48:45,938 - __main__ - INFO - Update submitted for Round 38. Waiting...
[33mserver_1      |[0m INFO:server.aggregator:--- [METRIC] Weight Divergence: 1.3327
[33mserver_1      |[0m INFO:server.aggregator:FedAvg aggregation complete.
[33mserver_1      |[0m INFO:__main__:Aggregation complete.
[33mclient_001_1  |[0m 2026-01-31 06:48:47,245 - __main__ - INFO - Round 38 finished. Loss: 0.0000, Acc: 0.00%
[33mserver_1      |[0m INFO:werkzeug:172.18.0.18 - - [31/Jan/2026 06:48:47] "[31m[1mPOST /submit_update HTTP/1.1[0m" 400 -
[33mclient_001_1  |[0m 2026-01-31 06:48:47,320 - __main__ - ERROR - Update submission failed: {"error":"Not accepting updates"}
[33mclient_001_1  |[0m 
[33mclient_001_1  |[0m 2026-01-31 06:48:47,320 - __main__ - INFO - Update submitted for Round 38. Waiting...
[33mserver_1      |[0m ⏱️ [TIME] Client client_004 finished training in 5.66s
[33mserver_1      |[0m ⏱️ [TIME] Client client_008 finished training in 3.53s
[33mserver_1      |[0m ⏱️ [TIME] Client client_006 finished training in 6.75s
[33mserver_1      |[0m ⏱️ [TIME] Client client_002 finished training in 2.87s
[33mserver_1      |[0m ⏱️ [TIME] Client client_005 finished training in 2.97s
[33mserver_1      |[0m DEBUG: ⚠️ MY CUSTOM AGGREGATOR IS RUNNING ⚠️
[32;1mclient_007_1  |[0m 2026-01-31 06:48:48,239 - __main__ - INFO - --- New Round Detected: 38 ---
[33mserver_1      |[0m INFO:werkzeug:172.18.0.12 - - [31/Jan/2026 06:48:48] "GET /download_model?round=38 HTTP/1.1" 200 -
[33mserver_1      |[0m INFO:__main__:💾 Saving metrics to results/metrics.csv...
[33mserver_1      |[0m INFO:__main__:--- Round 38 Acc: 57.42%, Loss: 1.1922 ---
[33mserver_1      |[0m INFO:__main__:--- Starting Round 39. Timeout: 600s ---
[33mserver_1      |[0m INFO:werkzeug:172.18.0.19 - - [31/Jan/2026 06:48:48] "POST /submit_update HTTP/1.1" 200 -
[36;1mclient_005_1  |[0m 2026-01-31 06:48:48,626 - __main__ - INFO - 🚀 Model update submitted successfully.
[36;1mclient_005_1  |[0m 2026-01-31 06:48:48,626 - __main__ - INFO - Update submitted for Round 38. Waiting...
[35mclient_003_1  |[0m 2026-01-31 06:48:49,459 - __main__ - INFO - --- New Round Detected: 39 ---
[33mserver_1      |[0m INFO:werkzeug:172.18.0.21 - - [31/Jan/2026 06:48:49] "GET /download_model?round=39 HTTP/1.1" 200 -
[36mclient_010_1  |[0m 2026-01-31 06:48:50,063 - __main__ - INFO - --- New Round Detected: 39 ---
[33mserver_1      |[0m INFO:werkzeug:172.18.0.16 - - [31/Jan/2026 06:48:50] "GET /download_model?round=39 HTTP/1.1" 200 -
[34mclient_004_1  |[0m 2026-01-31 06:48:51,735 - __main__ - INFO - --- New Round Detected: 39 ---
[33mserver_1      |[0m INFO:werkzeug:172.18.0.17 - - [31/Jan/2026 06:48:51] "GET /download_model?round=39 HTTP/1.1" 200 -
[35;1mclient_008_1  |[0m 2026-01-31 06:48:53,026 - __main__ - INFO - --- New Round Detected: 39 ---
[33mserver_1      |[0m INFO:werkzeug:172.18.0.20 - - [31/Jan/2026 06:48:53] "GET /download_model?round=39 HTTP/1.1" 200 -
[33;1mclient_006_1  |[0m 2026-01-31 06:48:53,294 - __main__ - INFO - --- New Round Detected: 39 ---
[33mserver_1      |[0m INFO:werkzeug:172.18.0.22 - - [31/Jan/2026 06:48:53] "GET /download_model?round=39 HTTP/1.1" 200 -
[32mclient_002_1  |[0m 2026-01-31 06:48:55,339 - __main__ - INFO - --- New Round Detected: 39 ---
[33mserver_1      |[0m INFO:werkzeug:172.18.0.10 - - [31/Jan/2026 06:48:55] "GET /download_model?round=39 HTTP/1.1" 200 -
[32;1mclient_007_1  |[0m 2026-01-31 06:48:55,649 - __main__ - INFO - Round 38 finished. Loss: 0.0000, Acc: 0.00%
[36mclient_010_1  |[0m 2026-01-31 06:48:55,689 - __main__ - INFO - Round 39 finished. Loss: 0.0000, Acc: 0.00%
[33mserver_1      |[0m INFO:__main__:Received update from client_007
[33mserver_1      |[0m INFO:werkzeug:172.18.0.12 - - [31/Jan/2026 06:48:55] "POST /submit_update HTTP/1.1" 200 -
[32;1mclient_007_1  |[0m 2026-01-31 06:48:55,784 - __main__ - INFO - 🚀 Model update submitted successfully.
[32;1mclient_007_1  |[0m 2026-01-31 06:48:55,785 - __main__ - INFO - Update submitted for Round 38. Waiting...
[33mserver_1      |[0m INFO:__main__:Received update from client_010
[33mserver_1      |[0m INFO:werkzeug:172.18.0.16 - - [31/Jan/2026 06:48:55] "POST /submit_update HTTP/1.1" 200 -
[36mclient_010_1  |[0m 2026-01-31 06:48:55,824 - __main__ - INFO - 🚀 Model update submitted successfully.
[36mclient_010_1  |[0m 2026-01-31 06:48:55,824 - __main__ - INFO - Update submitted for Round 39. Waiting...
[34;1mclient_009_1  |[0m 2026-01-31 06:48:56,001 - __main__ - INFO - --- New Round Detected: 39 ---
[33mserver_1      |[0m INFO:werkzeug:172.18.0.15 - - [31/Jan/2026 06:48:56] "GET /download_model?round=39 HTTP/1.1" 200 -
[35;1mclient_008_1  |[0m 2026-01-31 06:48:56,444 - __main__ - INFO - Round 39 finished. Loss: 0.0000, Acc: 0.00%
[33mserver_1      |[0m INFO:__main__:Received update from client_008
[33mserver_1      |[0m INFO:werkzeug:172.18.0.20 - - [31/Jan/2026 06:48:56] "POST /submit_update HTTP/1.1" 200 -
[35;1mclient_008_1  |[0m 2026-01-31 06:48:56,601 - __main__ - INFO - 🚀 Model update submitted successfully.
[35;1mclient_008_1  |[0m 2026-01-31 06:48:56,601 - __main__ - INFO - Update submitted for Round 39. Waiting...
[35mclient_003_1  |[0m 2026-01-31 06:48:57,159 - __main__ - INFO - Round 39 finished. Loss: 0.0000, Acc: 0.00%
[33mserver_1      |[0m INFO:__main__:Received update from client_003
[33mserver_1      |[0m INFO:werkzeug:172.18.0.21 - - [31/Jan/2026 06:48:57] "POST /submit_update HTTP/1.1" 200 -
[35mclient_003_1  |[0m 2026-01-31 06:48:57,294 - __main__ - INFO - 🚀 Model update submitted successfully.
[35mclient_003_1  |[0m 2026-01-31 06:48:57,294 - __main__ - INFO - Update submitted for Round 39. Waiting...
[33mclient_001_1  |[0m 2026-01-31 06:48:57,387 - __main__ - INFO - --- New Round Detected: 39 ---
[33mserver_1      |[0m INFO:werkzeug:172.18.0.18 - - [31/Jan/2026 06:48:57] "GET /download_model?round=39 HTTP/1.1" 200 -
[34mclient_004_1  |[0m 2026-01-31 06:48:57,934 - __main__ - INFO - Round 39 finished. Loss: 0.0000, Acc: 0.00%
[33mserver_1      |[0m INFO:__main__:Received update from client_004
[33mserver_1      |[0m INFO:__main__:--- Aggregating 5 updates ---
[33mserver_1      |[0m INFO:__main__:⚡ Using Custom Aggregator with Drift Metric...
[33mserver_1      |[0m INFO:server.aggregator:Starting FedAvg aggregation for 5 clients.
[34;1mclient_009_1  |[0m 2026-01-31 06:48:58,460 - __main__ - INFO - Round 39 finished. Loss: 0.0000, Acc: 0.00%
[33mserver_1      |[0m INFO:werkzeug:172.18.0.15 - - [31/Jan/2026 06:48:58] "[31m[1mPOST /submit_update HTTP/1.1[0m" 400 -
[34;1mclient_009_1  |[0m 2026-01-31 06:48:58,559 - __main__ - ERROR - Update submission failed: {"error":"Not accepting updates"}
[34;1mclient_009_1  |[0m 
[34;1mclient_009_1  |[0m 2026-01-31 06:48:58,559 - __main__ - INFO - Update submitted for Round 39. Waiting...
[36;1mclient_005_1  |[0m 2026-01-31 06:48:58,692 - __main__ - INFO - --- New Round Detected: 39 ---
[33mserver_1      |[0m INFO:werkzeug:172.18.0.19 - - [31/Jan/2026 06:48:58] "GET /download_model?round=39 HTTP/1.1" 200 -
[33;1mclient_006_1  |[0m 2026-01-31 06:48:59,288 - __main__ - INFO - Round 39 finished. Loss: 0.0000, Acc: 0.00%
[33mserver_1      |[0m INFO:werkzeug:172.18.0.22 - - [31/Jan/2026 06:48:59] "[31m[1mPOST /submit_update HTTP/1.1[0m" 400 -
[33;1mclient_006_1  |[0m 2026-01-31 06:48:59,353 - __main__ - ERROR - Update submission failed: {"error":"Not accepting updates"}
[33;1mclient_006_1  |[0m 
[33;1mclient_006_1  |[0m 2026-01-31 06:48:59,353 - __main__ - INFO - Update submitted for Round 39. Waiting...
[32mclient_002_1  |[0m 2026-01-31 06:49:00,416 - __main__ - INFO - Round 39 finished. Loss: 0.0000, Acc: 0.00%
[33mserver_1      |[0m INFO:werkzeug:172.18.0.10 - - [31/Jan/2026 06:49:00] "[31m[1mPOST /submit_update HTTP/1.1[0m" 400 -
[32mclient_002_1  |[0m 2026-01-31 06:49:00,482 - __main__ - ERROR - Update submission failed: {"error":"Not accepting updates"}
[32mclient_002_1  |[0m 
[32mclient_002_1  |[0m 2026-01-31 06:49:00,482 - __main__ - INFO - Update submitted for Round 39. Waiting...
[36;1mclient_005_1  |[0m 2026-01-31 06:49:00,559 - __main__ - INFO - Round 39 finished. Loss: 0.0000, Acc: 0.00%
[33mserver_1      |[0m INFO:werkzeug:172.18.0.19 - - [31/Jan/2026 06:49:00] "[31m[1mPOST /submit_update HTTP/1.1[0m" 400 -
[36;1mclient_005_1  |[0m 2026-01-31 06:49:00,623 - __main__ - ERROR - Update submission failed: {"error":"Not accepting updates"}
[36;1mclient_005_1  |[0m 
[36;1mclient_005_1  |[0m 2026-01-31 06:49:00,625 - __main__ - INFO - Update submitted for Round 39. Waiting...
[33mserver_1      |[0m INFO:server.aggregator:--- [METRIC] Weight Divergence: 1.4192
[33mserver_1      |[0m INFO:server.aggregator:FedAvg aggregation complete.
[33mserver_1      |[0m INFO:__main__:Aggregation complete.
[33mserver_1      |[0m ⏱️ [TIME] Client client_007 finished training in 7.23s
[33mserver_1      |[0m ⏱️ [TIME] Client client_010 finished training in 5.44s
[33mserver_1      |[0m ⏱️ [TIME] Client client_008 finished training in 3.23s
[33mserver_1      |[0m ⏱️ [TIME] Client client_003 finished training in 7.51s
[33mserver_1      |[0m ⏱️ [TIME] Client client_004 finished training in 6.01s
[33mserver_1      |[0m DEBUG: ⚠️ MY CUSTOM AGGREGATOR IS RUNNING ⚠️
[33mclient_001_1  |[0m 2026-01-31 06:49:01,434 - __main__ - INFO - Round 39 finished. Loss: 0.0000, Acc: 0.00%
[33mserver_1      |[0m INFO:werkzeug:172.18.0.18 - - [31/Jan/2026 06:49:01] "[31m[1mPOST /submit_update HTTP/1.1[0m" 400 -
[33mclient_001_1  |[0m 2026-01-31 06:49:01,499 - __main__ - ERROR - Update submission failed: {"error":"Not accepting updates"}
[33mclient_001_1  |[0m 
[33mclient_001_1  |[0m 2026-01-31 06:49:01,499 - __main__ - INFO - Update submitted for Round 39. Waiting...
[33mserver_1      |[0m INFO:__main__:💾 Saving metrics to results/metrics.csv...
[33mserver_1      |[0m INFO:__main__:--- Round 39 Acc: 55.18%, Loss: 1.2356 ---
[33mserver_1      |[0m INFO:__main__:--- Starting Round 40. Timeout: 600s ---
[33mserver_1      |[0m INFO:werkzeug:172.18.0.17 - - [31/Jan/2026 06:49:01] "POST /submit_update HTTP/1.1" 200 -
[34mclient_004_1  |[0m 2026-01-31 06:49:01,552 - __main__ - INFO - 🚀 Model update submitted successfully.
[34mclient_004_1  |[0m 2026-01-31 06:49:01,552 - __main__ - INFO - Update submitted for Round 39. Waiting...
[32;1mclient_007_1  |[0m 2026-01-31 06:49:05,851 - __main__ - INFO - --- New Round Detected: 40 ---
[36mclient_010_1  |[0m 2026-01-31 06:49:05,888 - __main__ - INFO - --- New Round Detected: 40 ---
[33mserver_1      |[0m INFO:werkzeug:172.18.0.12 - - [31/Jan/2026 06:49:05] "GET /download_model?round=40 HTTP/1.1" 200 -
[33mserver_1      |[0m INFO:werkzeug:172.18.0.16 - - [31/Jan/2026 06:49:05] "GET /download_model?round=40 HTTP/1.1" 200 -
[35;1mclient_008_1  |[0m 2026-01-31 06:49:06,663 - __main__ - INFO - --- New Round Detected: 40 ---
[33mserver_1      |[0m INFO:werkzeug:172.18.0.20 - - [31/Jan/2026 06:49:06] "GET /download_model?round=40 HTTP/1.1" 200 -
[35mclient_003_1  |[0m 2026-01-31 06:49:07,374 - __main__ - INFO - --- New Round Detected: 40 ---
[33mserver_1      |[0m INFO:werkzeug:172.18.0.21 - - [31/Jan/2026 06:49:07] "GET /download_model?round=40 HTTP/1.1" 200 -
[34;1mclient_009_1  |[0m 2026-01-31 06:49:08,634 - __main__ - INFO - --- New Round Detected: 40 ---
[33mserver_1      |[0m INFO:werkzeug:172.18.0.15 - - [31/Jan/2026 06:49:08] "GET /download_model?round=40 HTTP/1.1" 200 -
[36mclient_010_1  |[0m 2026-01-31 06:49:09,080 - __main__ - INFO - Round 40 finished. Loss: 0.0000, Acc: 0.00%
[33mserver_1      |[0m INFO:__main__:Received update from client_010
[33mserver_1      |[0m INFO:werkzeug:172.18.0.16 - - [31/Jan/2026 06:49:09] "POST /submit_update HTTP/1.1" 200 -
[36mclient_010_1  |[0m 2026-01-31 06:49:09,234 - __main__ - INFO - 🚀 Model update submitted successfully.
[36mclient_010_1  |[0m 2026-01-31 06:49:09,234 - __main__ - INFO - Update submitted for Round 40. Waiting...
[33;1mclient_006_1  |[0m 2026-01-31 06:49:09,488 - __main__ - INFO - --- New Round Detected: 40 ---
[33mserver_1      |[0m INFO:werkzeug:172.18.0.22 - - [31/Jan/2026 06:49:09] "GET /download_model?round=40 HTTP/1.1" 200 -
[35;1mclient_008_1  |[0m 2026-01-31 06:49:09,842 - __main__ - INFO - Round 40 finished. Loss: 0.0000, Acc: 0.00%
[33mserver_1      |[0m INFO:__main__:Received update from client_008
[33mserver_1      |[0m INFO:werkzeug:172.18.0.20 - - [31/Jan/2026 06:49:09] "POST /submit_update HTTP/1.1" 200 -
[35;1mclient_008_1  |[0m 2026-01-31 06:49:09,977 - __main__ - INFO - 🚀 Model update submitted successfully.
[35;1mclient_008_1  |[0m 2026-01-31 06:49:09,977 - __main__ - INFO - Update submitted for Round 40. Waiting...
[32mclient_002_1  |[0m 2026-01-31 06:49:10,544 - __main__ - INFO - --- New Round Detected: 40 ---
[33mserver_1      |[0m INFO:werkzeug:172.18.0.10 - - [31/Jan/2026 06:49:10] "GET /download_model?round=40 HTTP/1.1" 200 -
[36;1mclient_005_1  |[0m 2026-01-31 06:49:10,686 - __main__ - INFO - --- New Round Detected: 40 ---
[33mserver_1      |[0m INFO:werkzeug:172.18.0.19 - - [31/Jan/2026 06:49:10] "GET /download_model?round=40 HTTP/1.1" 200 -
[34;1mclient_009_1  |[0m 2026-01-31 06:49:10,975 - __main__ - INFO - Round 40 finished. Loss: 0.0000, Acc: 0.00%
[33mserver_1      |[0m INFO:__main__:Received update from client_009
[33mserver_1      |[0m INFO:werkzeug:172.18.0.15 - - [31/Jan/2026 06:49:11] "POST /submit_update HTTP/1.1" 200 -
[34;1mclient_009_1  |[0m 2026-01-31 06:49:11,108 - __main__ - INFO - 🚀 Model update submitted successfully.
[34;1mclient_009_1  |[0m 2026-01-31 06:49:11,109 - __main__ - INFO - Update submitted for Round 40. Waiting...
[33mclient_001_1  |[0m 2026-01-31 06:49:11,565 - __main__ - INFO - --- New Round Detected: 40 ---
[33mserver_1      |[0m INFO:werkzeug:172.18.0.18 - - [31/Jan/2026 06:49:11] "GET /download_model?round=40 HTTP/1.1" 200 -
[34mclient_004_1  |[0m 2026-01-31 06:49:11,630 - __main__ - INFO - --- New Round Detected: 40 ---
[33mserver_1      |[0m INFO:werkzeug:172.18.0.17 - - [31/Jan/2026 06:49:11] "GET /download_model?round=40 HTTP/1.1" 200 -
[33mclient_001_1  |[0m 2026-01-31 06:49:13,834 - __main__ - INFO - Round 40 finished. Loss: 0.0000, Acc: 0.00%
[33mserver_1      |[0m INFO:__main__:Received update from client_001
[33mserver_1      |[0m INFO:werkzeug:172.18.0.18 - - [31/Jan/2026 06:49:13] "POST /submit_update HTTP/1.1" 200 -
[33mclient_001_1  |[0m 2026-01-31 06:49:13,987 - __main__ - INFO - 🚀 Model update submitted successfully.
[33mclient_001_1  |[0m 2026-01-31 06:49:13,987 - __main__ - INFO - Update submitted for Round 40. Waiting...
[32;1mclient_007_1  |[0m 2026-01-31 06:49:14,003 - __main__ - INFO - Round 40 finished. Loss: 0.0000, Acc: 0.00%
[36;1mclient_005_1  |[0m 2026-01-31 06:49:14,052 - __main__ - INFO - Round 40 finished. Loss: 0.0000, Acc: 0.00%
[33mserver_1      |[0m INFO:__main__:Received update from client_007
[33mserver_1      |[0m INFO:__main__:--- Aggregating 5 updates ---
[33mserver_1      |[0m INFO:__main__:⚡ Using Custom Aggregator with Drift Metric...
[33mserver_1      |[0m INFO:server.aggregator:Starting FedAvg aggregation for 5 clients.
[35mclient_003_1  |[0m 2026-01-31 06:49:14,549 - __main__ - INFO - Round 40 finished. Loss: 0.0000, Acc: 0.00%
[33mserver_1      |[0m INFO:werkzeug:172.18.0.21 - - [31/Jan/2026 06:49:14] "[31m[1mPOST /submit_update HTTP/1.1[0m" 400 -
[35mclient_003_1  |[0m 2026-01-31 06:49:14,613 - __main__ - ERROR - Update submission failed: {"error":"Not accepting updates"}
[35mclient_003_1  |[0m 
[35mclient_003_1  |[0m 2026-01-31 06:49:14,613 - __main__ - INFO - Update submitted for Round 40. Waiting...
[33mserver_1      |[0m INFO:server.aggregator:--- [METRIC] Weight Divergence: 1.3119
[33mserver_1      |[0m INFO:server.aggregator:FedAvg aggregation complete.
[33mserver_1      |[0m INFO:__main__:Aggregation complete.
[33mserver_1      |[0m ⏱️ [TIME] Client client_010 finished training in 3.00s
[33mserver_1      |[0m ⏱️ [TIME] Client client_008 finished training in 2.98s
[33mserver_1      |[0m ⏱️ [TIME] Client client_009 finished training in 2.18s
[33mserver_1      |[0m ⏱️ [TIME] Client client_001 finished training in 2.08s
[33mserver_1      |[0m ⏱️ [TIME] Client client_007 finished training in 7.95s
[33mserver_1      |[0m DEBUG: ⚠️ MY CUSTOM AGGREGATOR IS RUNNING ⚠️
[33mserver_1      |[0m ⏱️ [TIME] Client client_005 finished training in 3.18s
[33;1mclient_006_1  |[0m 2026-01-31 06:49:16,283 - __main__ - INFO - Round 40 finished. Loss: 0.0000, Acc: 0.00%
[33mserver_1      |[0m INFO:werkzeug:172.18.0.22 - - [31/Jan/2026 06:49:16] "[31m[1mPOST /submit_update HTTP/1.1[0m" 400 -
[33;1mclient_006_1  |[0m 2026-01-31 06:49:16,354 - __main__ - ERROR - Update submission failed: {"error":"Not accepting updates"}
[33;1mclient_006_1  |[0m 
[33;1mclient_006_1  |[0m 2026-01-31 06:49:16,354 - __main__ - INFO - Update submitted for Round 40. Waiting...
[32mclient_002_1  |[0m 2026-01-31 06:49:16,427 - __main__ - INFO - Round 40 finished. Loss: 0.0000, Acc: 0.00%
[33mserver_1      |[0m INFO:werkzeug:172.18.0.10 - - [31/Jan/2026 06:49:16] "[31m[1mPOST /submit_update HTTP/1.1[0m" 400 -
[32mclient_002_1  |[0m 2026-01-31 06:49:16,499 - __main__ - ERROR - Update submission failed: {"error":"Not accepting updates"}
[32mclient_002_1  |[0m 
[32mclient_002_1  |[0m 2026-01-31 06:49:16,501 - __main__ - INFO - Update submitted for Round 40. Waiting...
[33mserver_1      |[0m INFO:__main__:💾 Saving metrics to results/metrics.csv...
[33mserver_1      |[0m INFO:__main__:--- Round 40 Acc: 54.65%, Loss: 1.2332 ---
[33mserver_1      |[0m INFO:__main__:--- Starting Round 41. Timeout: 600s ---
[33mserver_1      |[0m INFO:werkzeug:172.18.0.12 - - [31/Jan/2026 06:49:16] "POST /submit_update HTTP/1.1" 200 -
[33mserver_1      |[0m INFO:__main__:Received update from client_005
[33mserver_1      |[0m INFO:werkzeug:172.18.0.19 - - [31/Jan/2026 06:49:16] "POST /submit_update HTTP/1.1" 200 -
[36;1mclient_005_1  |[0m 2026-01-31 06:49:16,968 - __main__ - INFO - 🚀 Model update submitted successfully.
[36;1mclient_005_1  |[0m 2026-01-31 06:49:16,969 - __main__ - INFO - Update submitted for Round 40. Waiting...
[32;1mclient_007_1  |[0m 2026-01-31 06:49:16,970 - __main__ - INFO - 🚀 Model update submitted successfully.
[32;1mclient_007_1  |[0m 2026-01-31 06:49:16,970 - __main__ - INFO - Update submitted for Round 40. Waiting...
[34mclient_004_1  |[0m 2026-01-31 06:49:17,958 - __main__ - INFO - Round 40 finished. Loss: 0.0000, Acc: 0.00%
[33mserver_1      |[0m INFO:__main__:Received update from client_004
[33mserver_1      |[0m INFO:werkzeug:172.18.0.17 - - [31/Jan/2026 06:49:18] "POST /submit_update HTTP/1.1" 200 -
[34mclient_004_1  |[0m 2026-01-31 06:49:18,097 - __main__ - INFO - 🚀 Model update submitted successfully.
[34mclient_004_1  |[0m 2026-01-31 06:49:18,098 - __main__ - INFO - Update submitted for Round 40. Waiting...
[36mclient_010_1  |[0m 2026-01-31 06:49:19,301 - __main__ - INFO - --- New Round Detected: 41 ---
[33mserver_1      |[0m INFO:werkzeug:172.18.0.16 - - [31/Jan/2026 06:49:19] "GET /download_model?round=41 HTTP/1.1" 200 -
[35;1mclient_008_1  |[0m 2026-01-31 06:49:20,053 - __main__ - INFO - --- New Round Detected: 41 ---
[33mserver_1      |[0m INFO:werkzeug:172.18.0.20 - - [31/Jan/2026 06:49:20] "GET /download_model?round=41 HTTP/1.1" 200 -
[34;1mclient_009_1  |[0m 2026-01-31 06:49:21,235 - __main__ - INFO - --- New Round Detected: 41 ---
[33mserver_1      |[0m INFO:werkzeug:172.18.0.15 - - [31/Jan/2026 06:49:21] "GET /download_model?round=41 HTTP/1.1" 200 -
[35;1mclient_008_1  |[0m 2026-01-31 06:49:23,734 - __main__ - INFO - Round 41 finished. Loss: 0.0000, Acc: 0.00%
[33mserver_1      |[0m INFO:__main__:Received update from client_008
[33mserver_1      |[0m INFO:werkzeug:172.18.0.20 - - [31/Jan/2026 06:49:23] "POST /submit_update HTTP/1.1" 200 -
[35;1mclient_008_1  |[0m 2026-01-31 06:49:23,870 - __main__ - INFO - 🚀 Model update submitted successfully.
[35;1mclient_008_1  |[0m 2026-01-31 06:49:23,870 - __main__ - INFO - Update submitted for Round 41. Waiting...
[33mclient_001_1  |[0m 2026-01-31 06:49:24,065 - __main__ - INFO - --- New Round Detected: 41 ---
[33mserver_1      |[0m INFO:werkzeug:172.18.0.18 - - [31/Jan/2026 06:49:24] "GET /download_model?round=41 HTTP/1.1" 200 -
[34;1mclient_009_1  |[0m 2026-01-31 06:49:24,195 - __main__ - INFO - Round 41 finished. Loss: 0.0000, Acc: 0.00%
[33mserver_1      |[0m INFO:__main__:Received update from client_009
[33mserver_1      |[0m INFO:werkzeug:172.18.0.15 - - [31/Jan/2026 06:49:24] "POST /submit_update HTTP/1.1" 200 -
[34;1mclient_009_1  |[0m 2026-01-31 06:49:24,330 - __main__ - INFO - 🚀 Model update submitted successfully.
[34;1mclient_009_1  |[0m 2026-01-31 06:49:24,330 - __main__ - INFO - Update submitted for Round 41. Waiting...
[35mclient_003_1  |[0m 2026-01-31 06:49:24,688 - __main__ - INFO - --- New Round Detected: 41 ---
[33mserver_1      |[0m INFO:werkzeug:172.18.0.21 - - [31/Jan/2026 06:49:24] "GET /download_model?round=41 HTTP/1.1" 200 -
[36mclient_010_1  |[0m 2026-01-31 06:49:25,526 - __main__ - INFO - Round 41 finished. Loss: 0.0000, Acc: 0.00%
[33mserver_1      |[0m INFO:__main__:Received update from client_010
[33mserver_1      |[0m INFO:__main__:--- Aggregating 5 updates ---
[33mserver_1      |[0m INFO:__main__:⚡ Using Custom Aggregator with Drift Metric...
[33mserver_1      |[0m INFO:server.aggregator:Starting FedAvg aggregation for 5 clients.
[33;1mclient_006_1  |[0m 2026-01-31 06:49:26,428 - __main__ - INFO - --- New Round Detected: 41 ---
[33mserver_1      |[0m INFO:werkzeug:172.18.0.22 - - [31/Jan/2026 06:49:26] "GET /download_model?round=41 HTTP/1.1" 200 -
[32mclient_002_1  |[0m 2026-01-31 06:49:26,563 - __main__ - INFO - --- New Round Detected: 41 ---
[33mserver_1      |[0m INFO:werkzeug:172.18.0.10 - - [31/Jan/2026 06:49:26] "GET /download_model?round=41 HTTP/1.1" 200 -
[33mclient_001_1  |[0m 2026-01-31 06:49:26,619 - __main__ - INFO - Round 41 finished. Loss: 0.0000, Acc: 0.00%
[33mserver_1      |[0m INFO:werkzeug:172.18.0.18 - - [31/Jan/2026 06:49:26] "[31m[1mPOST /submit_update HTTP/1.1[0m" 400 -
[33mclient_001_1  |[0m 2026-01-31 06:49:26,684 - __main__ - ERROR - Update submission failed: {"error":"Not accepting updates"}
[33mclient_001_1  |[0m 
[33mclient_001_1  |[0m 2026-01-31 06:49:26,684 - __main__ - INFO - Update submitted for Round 41. Waiting...
[32;1mclient_007_1  |[0m 2026-01-31 06:49:27,031 - __main__ - INFO - --- New Round Detected: 41 ---
[36;1mclient_005_1  |[0m 2026-01-31 06:49:27,033 - __main__ - INFO - --- New Round Detected: 41 ---
[33mserver_1      |[0m INFO:werkzeug:172.18.0.19 - - [31/Jan/2026 06:49:27] "GET /download_model?round=41 HTTP/1.1" 200 -
[33mserver_1      |[0m INFO:werkzeug:172.18.0.12 - - [31/Jan/2026 06:49:27] "GET /download_model?round=41 HTTP/1.1" 200 -
[33mserver_1      |[0m INFO:server.aggregator:--- [METRIC] Weight Divergence: 1.3336
[33mserver_1      |[0m INFO:server.aggregator:FedAvg aggregation complete.
[33mserver_1      |[0m INFO:__main__:Aggregation complete.
[33mserver_1      |[0m ⏱️ [TIME] Client client_004 finished training in 6.14s
[33mserver_1      |[0m ⏱️ [TIME] Client client_008 finished training in 3.50s
[33mserver_1      |[0m ⏱️ [TIME] Client client_009 finished training in 2.80s
[33mserver_1      |[0m ⏱️ [TIME] Client client_010 finished training in 6.01s
[33mserver_1      |[0m DEBUG: ⚠️ MY CUSTOM AGGREGATOR IS RUNNING ⚠️
[34mclient_004_1  |[0m 2026-01-31 06:49:28,173 - __main__ - INFO - --- New Round Detected: 41 ---
[33mserver_1      |[0m INFO:werkzeug:172.18.0.17 - - [31/Jan/2026 06:49:28] "GET /download_model?round=41 HTTP/1.1" 200 -
[33mserver_1      |[0m INFO:__main__:💾 Saving metrics to results/metrics.csv...
[33mserver_1      |[0m INFO:__main__:--- Round 41 Acc: 58.20%, Loss: 1.1749 ---
[33mserver_1      |[0m INFO:__main__:--- Starting Round 42. Timeout: 600s ---
[33mserver_1      |[0m INFO:werkzeug:172.18.0.16 - - [31/Jan/2026 06:49:28] "POST /submit_update HTTP/1.1" 200 -
[36mclient_010_1  |[0m 2026-01-31 06:49:28,265 - __main__ - INFO - 🚀 Model update submitted successfully.
[36mclient_010_1  |[0m 2026-01-31 06:49:28,265 - __main__ - INFO - Update submitted for Round 41. Waiting...
[36;1mclient_005_1  |[0m 2026-01-31 06:49:30,247 - __main__ - INFO - Round 41 finished. Loss: 0.0000, Acc: 0.00%
[33mserver_1      |[0m INFO:__main__:Received update from client_005
[33mserver_1      |[0m INFO:werkzeug:172.18.0.19 - - [31/Jan/2026 06:49:30] "POST /submit_update HTTP/1.1" 200 -
[36;1mclient_005_1  |[0m 2026-01-31 06:49:30,383 - __main__ - INFO - 🚀 Model update submitted successfully.
[36;1mclient_005_1  |[0m 2026-01-31 06:49:30,383 - __main__ - INFO - Update submitted for Round 41. Waiting...
[34mclient_004_1  |[0m 2026-01-31 06:49:32,006 - __main__ - INFO - Round 41 finished. Loss: 0.0000, Acc: 0.00%
[33mserver_1      |[0m INFO:__main__:Received update from client_004
[33mserver_1      |[0m INFO:werkzeug:172.18.0.17 - - [31/Jan/2026 06:49:32] "POST /submit_update HTTP/1.1" 200 -
[34mclient_004_1  |[0m 2026-01-31 06:49:32,142 - __main__ - INFO - 🚀 Model update submitted successfully.
[34mclient_004_1  |[0m 2026-01-31 06:49:32,142 - __main__ - INFO - Update submitted for Round 41. Waiting...
[32mclient_002_1  |[0m 2026-01-31 06:49:32,550 - __main__ - INFO - Round 41 finished. Loss: 0.0000, Acc: 0.00%
[33mserver_1      |[0m INFO:__main__:Received update from client_002
[33mserver_1      |[0m INFO:werkzeug:172.18.0.10 - - [31/Jan/2026 06:49:32] "POST /submit_update HTTP/1.1" 200 -
[32mclient_002_1  |[0m 2026-01-31 06:49:32,687 - __main__ - INFO - 🚀 Model update submitted successfully.
[32mclient_002_1  |[0m 2026-01-31 06:49:32,687 - __main__ - INFO - Update submitted for Round 41. Waiting...
[35mclient_003_1  |[0m 2026-01-31 06:49:32,808 - __main__ - INFO - Round 41 finished. Loss: 0.0000, Acc: 0.00%
[33mserver_1      |[0m INFO:__main__:Received update from client_003
[33mserver_1      |[0m INFO:werkzeug:172.18.0.21 - - [31/Jan/2026 06:49:32] "POST /submit_update HTTP/1.1" 200 -
[35mclient_003_1  |[0m 2026-01-31 06:49:32,944 - __main__ - INFO - 🚀 Model update submitted successfully.
[35mclient_003_1  |[0m 2026-01-31 06:49:32,944 - __main__ - INFO - Update submitted for Round 41. Waiting...
[33;1mclient_006_1  |[0m 2026-01-31 06:49:33,587 - __main__ - INFO - Round 41 finished. Loss: 0.0000, Acc: 0.00%
[33mserver_1      |[0m INFO:__main__:Received update from client_006
[33mserver_1      |[0m INFO:__main__:--- Aggregating 5 updates ---
[33mserver_1      |[0m INFO:__main__:⚡ Using Custom Aggregator with Drift Metric...
[33mserver_1      |[0m INFO:server.aggregator:Starting FedAvg aggregation for 5 clients.
[35;1mclient_008_1  |[0m 2026-01-31 06:49:33,934 - __main__ - INFO - --- New Round Detected: 42 ---
[33mserver_1      |[0m INFO:werkzeug:172.18.0.20 - - [31/Jan/2026 06:49:33] "GET /download_model?round=42 HTTP/1.1" 200 -
[34;1mclient_009_1  |[0m 2026-01-31 06:49:34,419 - __main__ - INFO - --- New Round Detected: 42 ---
[33mserver_1      |[0m INFO:werkzeug:172.18.0.15 - - [31/Jan/2026 06:49:34] "GET /download_model?round=42 HTTP/1.1" 200 -
[32;1mclient_007_1  |[0m 2026-01-31 06:49:34,841 - __main__ - INFO - Round 41 finished. Loss: 0.0000, Acc: 0.00%
[33mserver_1      |[0m INFO:werkzeug:172.18.0.12 - - [31/Jan/2026 06:49:34] "[31m[1mPOST /submit_update HTTP/1.1[0m" 400 -
[32;1mclient_007_1  |[0m 2026-01-31 06:49:34,912 - __main__ - ERROR - Update submission failed: {"error":"Not accepting updates"}
[32;1mclient_007_1  |[0m 
[32;1mclient_007_1  |[0m 2026-01-31 06:49:34,912 - __main__ - INFO - Update submitted for Round 41. Waiting...
[33mserver_1      |[0m INFO:server.aggregator:--- [METRIC] Weight Divergence: 1.3624
[33mserver_1      |[0m INFO:server.aggregator:FedAvg aggregation complete.
[33mserver_1      |[0m INFO:__main__:Aggregation complete.
[33mserver_1      |[0m ⏱️ [TIME] Client client_005 finished training in 3.03s
[33mserver_1      |[0m ⏱️ [TIME] Client client_004 finished training in 3.63s
[33mserver_1      |[0m ⏱️ [TIME] Client client_002 finished training in 5.79s
[33mserver_1      |[0m ⏱️ [TIME] Client client_003 finished training in 7.94s
[33mserver_1      |[0m ⏱️ [TIME] Client client_006 finished training in 6.98s
[33mserver_1      |[0m DEBUG: ⚠️ MY CUSTOM AGGREGATOR IS RUNNING ⚠️
[33mserver_1      |[0m INFO:__main__:💾 Saving metrics to results/metrics.csv...
[33mserver_1      |[0m INFO:__main__:--- Round 42 Acc: 59.25%, Loss: 1.1592 ---
[33mserver_1      |[0m INFO:__main__:--- Starting Round 43. Timeout: 600s ---
[33mserver_1      |[0m INFO:werkzeug:172.18.0.22 - - [31/Jan/2026 06:49:36] "POST /submit_update HTTP/1.1" 200 -
[33;1mclient_006_1  |[0m 2026-01-31 06:49:36,420 - __main__ - INFO - 🚀 Model update submitted successfully.
[33;1mclient_006_1  |[0m 2026-01-31 06:49:36,420 - __main__ - INFO - Update submitted for Round 41. Waiting...
[33mclient_001_1  |[0m 2026-01-31 06:49:36,762 - __main__ - INFO - --- New Round Detected: 43 ---
[33mserver_1      |[0m INFO:werkzeug:172.18.0.18 - - [31/Jan/2026 06:49:36] "GET /download_model?round=43 HTTP/1.1" 200 -
[34;1mclient_009_1  |[0m 2026-01-31 06:49:36,901 - __main__ - INFO - Round 42 finished. Loss: 0.0000, Acc: 0.00%
[33mserver_1      |[0m INFO:__main__:Received update from client_009
[33mserver_1      |[0m INFO:werkzeug:172.18.0.15 - - [31/Jan/2026 06:49:37] "POST /submit_update HTTP/1.1" 200 -
[34;1mclient_009_1  |[0m 2026-01-31 06:49:37,036 - __main__ - INFO - 🚀 Model update submitted successfully.
[34;1mclient_009_1  |[0m 2026-01-31 06:49:37,036 - __main__ - INFO - Update submitted for Round 42. Waiting...
[35;1mclient_008_1  |[0m 2026-01-31 06:49:37,523 - __main__ - INFO - Round 42 finished. Loss: 0.0000, Acc: 0.00%
[33mserver_1      |[0m INFO:__main__:Received update from client_008
[33mserver_1      |[0m INFO:werkzeug:172.18.0.20 - - [31/Jan/2026 06:49:37] "POST /submit_update HTTP/1.1" 200 -
[35;1mclient_008_1  |[0m 2026-01-31 06:49:37,660 - __main__ - INFO - 🚀 Model update submitted successfully.
[35;1mclient_008_1  |[0m 2026-01-31 06:49:37,660 - __main__ - INFO - Update submitted for Round 42. Waiting...
[36mclient_010_1  |[0m 2026-01-31 06:49:38,327 - __main__ - INFO - --- New Round Detected: 43 ---
[33mserver_1      |[0m INFO:werkzeug:172.18.0.16 - - [31/Jan/2026 06:49:38] "GET /download_model?round=43 HTTP/1.1" 200 -
[36;1mclient_005_1  |[0m 2026-01-31 06:49:40,453 - __main__ - INFO - --- New Round Detected: 43 ---
[33mserver_1      |[0m INFO:werkzeug:172.18.0.19 - - [31/Jan/2026 06:49:40] "GET /download_model?round=43 HTTP/1.1" 200 -
[33mclient_001_1  |[0m 2026-01-31 06:49:40,849 - __main__ - INFO - Round 43 finished. Loss: 0.0000, Acc: 0.00%
[33mserver_1      |[0m INFO:__main__:Received update from client_001
[33mserver_1      |[0m INFO:werkzeug:172.18.0.18 - - [31/Jan/2026 06:49:40] "POST /submit_update HTTP/1.1" 200 -
[33mclient_001_1  |[0m 2026-01-31 06:49:40,984 - __main__ - INFO - 🚀 Model update submitted successfully.
[33mclient_001_1  |[0m 2026-01-31 06:49:40,984 - __main__ - INFO - Update submitted for Round 43. Waiting...
[34mclient_004_1  |[0m 2026-01-31 06:49:42,210 - __main__ - INFO - --- New Round Detected: 43 ---
[33mserver_1      |[0m INFO:werkzeug:172.18.0.17 - - [31/Jan/2026 06:49:42] "GET /download_model?round=43 HTTP/1.1" 200 -
[32mclient_002_1  |[0m 2026-01-31 06:49:42,769 - __main__ - INFO - --- New Round Detected: 43 ---
[33mserver_1      |[0m INFO:werkzeug:172.18.0.10 - - [31/Jan/2026 06:49:42] "GET /download_model?round=43 HTTP/1.1" 200 -
[35mclient_003_1  |[0m 2026-01-31 06:49:43,007 - __main__ - INFO - --- New Round Detected: 43 ---
[33mserver_1      |[0m INFO:werkzeug:172.18.0.21 - - [31/Jan/2026 06:49:43] "GET /download_model?round=43 HTTP/1.1" 200 -
[36;1mclient_005_1  |[0m 2026-01-31 06:49:43,586 - __main__ - INFO - Round 43 finished. Loss: 0.0000, Acc: 0.00%
[33mserver_1      |[0m INFO:__main__:Received update from client_005
[33mserver_1      |[0m INFO:werkzeug:172.18.0.19 - - [31/Jan/2026 06:49:43] "POST /submit_update HTTP/1.1" 200 -
[36;1mclient_005_1  |[0m 2026-01-31 06:49:43,725 - __main__ - INFO - 🚀 Model update submitted successfully.
[36;1mclient_005_1  |[0m 2026-01-31 06:49:43,725 - __main__ - INFO - Update submitted for Round 43. Waiting...
[36mclient_010_1  |[0m 2026-01-31 06:49:43,950 - __main__ - INFO - Round 43 finished. Loss: 0.0000, Acc: 0.00%
[33mserver_1      |[0m INFO:__main__:Received update from client_010
[33mserver_1      |[0m INFO:__main__:--- Aggregating 5 updates ---
[33mserver_1      |[0m INFO:__main__:⚡ Using Custom Aggregator with Drift Metric...
[33mserver_1      |[0m INFO:server.aggregator:Starting FedAvg aggregation for 5 clients.
[32;1mclient_007_1  |[0m 2026-01-31 06:49:44,977 - __main__ - INFO - --- New Round Detected: 43 ---
[33mserver_1      |[0m INFO:werkzeug:172.18.0.12 - - [31/Jan/2026 06:49:45] "GET /download_model?round=43 HTTP/1.1" 200 -
[33mserver_1      |[0m INFO:server.aggregator:--- [METRIC] Weight Divergence: 1.3328
[33mserver_1      |[0m INFO:server.aggregator:FedAvg aggregation complete.
[33mserver_1      |[0m INFO:__main__:Aggregation complete.
[33mserver_1      |[0m ⏱️ [TIME] Client client_009 finished training in 2.28s
[33mserver_1      |[0m ⏱️ [TIME] Client client_008 finished training in 3.40s
[33mserver_1      |[0m ⏱️ [TIME] Client client_001 finished training in 3.91s
[33mserver_1      |[0m ⏱️ [TIME] Client client_005 finished training in 2.95s
[33mserver_1      |[0m ⏱️ [TIME] Client client_010 finished training in 5.45s
[33mserver_1      |[0m DEBUG: ⚠️ MY CUSTOM AGGREGATOR IS RUNNING ⚠️
[33;1mclient_006_1  |[0m 2026-01-31 06:49:46,485 - __main__ - INFO - --- New Round Detected: 43 ---
[33mserver_1      |[0m INFO:werkzeug:172.18.0.22 - - [31/Jan/2026 06:49:46] "GET /download_model?round=43 HTTP/1.1" 200 -
[34mclient_004_1  |[0m 2026-01-31 06:49:46,627 - __main__ - INFO - Round 43 finished. Loss: 0.0000, Acc: 0.00%
[33mserver_1      |[0m INFO:werkzeug:172.18.0.17 - - [31/Jan/2026 06:49:46] "[31m[1mPOST /submit_update HTTP/1.1[0m" 400 -
[34mclient_004_1  |[0m 2026-01-31 06:49:46,692 - __main__ - ERROR - Update submission failed: {"error":"Not accepting updates"}
[34mclient_004_1  |[0m 
[34mclient_004_1  |[0m 2026-01-31 06:49:46,692 - __main__ - INFO - Update submitted for Round 43. Waiting...
[33mserver_1      |[0m INFO:__main__:💾 Saving metrics to results/metrics.csv...
[33mserver_1      |[0m INFO:__main__:--- Round 43 Acc: 59.35%, Loss: 1.1486 ---
[33mserver_1      |[0m INFO:__main__:--- Starting Round 44. Timeout: 600s ---
[33mserver_1      |[0m INFO:werkzeug:172.18.0.16 - - [31/Jan/2026 06:49:46] "POST /submit_update HTTP/1.1" 200 -
[36mclient_010_1  |[0m 2026-01-31 06:49:46,901 - __main__ - INFO - 🚀 Model update submitted successfully.
[36mclient_010_1  |[0m 2026-01-31 06:49:46,901 - __main__ - INFO - Update submitted for Round 43. Waiting...
[34;1mclient_009_1  |[0m 2026-01-31 06:49:47,100 - __main__ - INFO - --- New Round Detected: 44 ---
[33mserver_1      |[0m INFO:werkzeug:172.18.0.15 - - [31/Jan/2026 06:49:47] "GET /download_model?round=44 HTTP/1.1" 200 -
[35;1mclient_008_1  |[0m 2026-01-31 06:49:47,742 - __main__ - INFO - --- New Round Detected: 44 ---
[33mserver_1      |[0m INFO:werkzeug:172.18.0.20 - - [31/Jan/2026 06:49:47] "GET /download_model?round=44 HTTP/1.1" 200 -
[32mclient_002_1  |[0m 2026-01-31 06:49:47,930 - __main__ - INFO - Round 43 finished. Loss: 0.0000, Acc: 0.00%
[33mserver_1      |[0m INFO:__main__:Received update from client_002
[33mserver_1      |[0m INFO:werkzeug:172.18.0.10 - - [31/Jan/2026 06:49:48] "POST /submit_update HTTP/1.1" 200 -
[32mclient_002_1  |[0m 2026-01-31 06:49:48,086 - __main__ - INFO - 🚀 Model update submitted successfully.
[32mclient_002_1  |[0m 2026-01-31 06:49:48,086 - __main__ - INFO - Update submitted for Round 43. Waiting...
[33mclient_001_1  |[0m 2026-01-31 06:49:51,046 - __main__ - INFO - --- New Round Detected: 44 ---
[33mserver_1      |[0m INFO:werkzeug:172.18.0.18 - - [31/Jan/2026 06:49:51] "GET /download_model?round=44 HTTP/1.1" 200 -
[34;1mclient_009_1  |[0m 2026-01-31 06:49:51,171 - __main__ - INFO - Round 44 finished. Loss: 0.0000, Acc: 0.00%
[35mclient_003_1  |[0m 2026-01-31 06:49:51,200 - __main__ - INFO - Round 43 finished. Loss: 0.0000, Acc: 0.00%
[33mserver_1      |[0m INFO:__main__:Received update from client_009
[33mserver_1      |[0m INFO:werkzeug:172.18.0.15 - - [31/Jan/2026 06:49:51] "POST /submit_update HTTP/1.1" 200 -
[33mserver_1      |[0m INFO:__main__:Received update from client_003
[33mserver_1      |[0m INFO:werkzeug:172.18.0.21 - - [31/Jan/2026 06:49:51] "POST /submit_update HTTP/1.1" 200 -
[34;1mclient_009_1  |[0m 2026-01-31 06:49:51,308 - __main__ - INFO - 🚀 Model update submitted successfully.
[34;1mclient_009_1  |[0m 2026-01-31 06:49:51,309 - __main__ - INFO - Update submitted for Round 44. Waiting...
[35mclient_003_1  |[0m 2026-01-31 06:49:51,337 - __main__ - INFO - 🚀 Model update submitted successfully.
[35mclient_003_1  |[0m 2026-01-31 06:49:51,337 - __main__ - INFO - Update submitted for Round 43. Waiting...
[35;1mclient_008_1  |[0m 2026-01-31 06:49:51,545 - __main__ - INFO - Round 44 finished. Loss: 0.0000, Acc: 0.00%
[33mserver_1      |[0m INFO:__main__:Received update from client_008
[33mserver_1      |[0m INFO:werkzeug:172.18.0.20 - - [31/Jan/2026 06:49:51] "POST /submit_update HTTP/1.1" 200 -
[35;1mclient_008_1  |[0m 2026-01-31 06:49:51,680 - __main__ - INFO - 🚀 Model update submitted successfully.
[35;1mclient_008_1  |[0m 2026-01-31 06:49:51,683 - __main__ - INFO - Update submitted for Round 44. Waiting...
[32;1mclient_007_1  |[0m 2026-01-31 06:49:52,958 - __main__ - INFO - Round 43 finished. Loss: 0.0000, Acc: 0.00%
[33mserver_1      |[0m INFO:__main__:Received update from client_007
[33mserver_1      |[0m INFO:__main__:--- Aggregating 5 updates ---
[33mserver_1      |[0m INFO:__main__:⚡ Using Custom Aggregator with Drift Metric...
[33mserver_1      |[0m INFO:server.aggregator:Starting FedAvg aggregation for 5 clients.
[33;1mclient_006_1  |[0m 2026-01-31 06:49:53,696 - __main__ - INFO - Round 43 finished. Loss: 0.0000, Acc: 0.00%
[33mserver_1      |[0m INFO:werkzeug:172.18.0.22 - - [31/Jan/2026 06:49:53] "[31m[1mPOST /submit_update HTTP/1.1[0m" 400 -
[33;1mclient_006_1  |[0m 2026-01-31 06:49:53,760 - __main__ - ERROR - Update submission failed: {"error":"Not accepting updates"}
[33;1mclient_006_1  |[0m 
[33;1mclient_006_1  |[0m 2026-01-31 06:49:53,760 - __main__ - INFO - Update submitted for Round 43. Waiting...
[36;1mclient_005_1  |[0m 2026-01-31 06:49:53,801 - __main__ - INFO - --- New Round Detected: 44 ---
[33mserver_1      |[0m INFO:werkzeug:172.18.0.19 - - [31/Jan/2026 06:49:53] "GET /download_model?round=44 HTTP/1.1" 200 -
[33mserver_1      |[0m INFO:server.aggregator:--- [METRIC] Weight Divergence: 1.4467
[33mserver_1      |[0m INFO:server.aggregator:FedAvg aggregation complete.
[33mserver_1      |[0m INFO:__main__:Aggregation complete.
[33mserver_1      |[0m ⏱️ [TIME] Client client_002 finished training in 4.98s
[33mserver_1      |[0m ⏱️ [TIME] Client client_009 finished training in 3.91s
[33mserver_1      |[0m ⏱️ [TIME] Client client_003 finished training in 8.01s
[33mserver_1      |[0m ⏱️ [TIME] Client client_008 finished training in 3.61s
[33mserver_1      |[0m ⏱️ [TIME] Client client_007 finished training in 7.80s
[33mserver_1      |[0m DEBUG: ⚠️ MY CUSTOM AGGREGATOR IS RUNNING ⚠️
[33mclient_001_1  |[0m 2026-01-31 06:49:55,156 - __main__ - INFO - Round 44 finished. Loss: 0.0000, Acc: 0.00%
[33mserver_1      |[0m INFO:werkzeug:172.18.0.18 - - [31/Jan/2026 06:49:55] "[31m[1mPOST /submit_update HTTP/1.1[0m" 400 -
[33mclient_001_1  |[0m 2026-01-31 06:49:55,230 - __main__ - ERROR - Update submission failed: {"error":"Not accepting updates"}
[33mclient_001_1  |[0m 
[33mclient_001_1  |[0m 2026-01-31 06:49:55,230 - __main__ - INFO - Update submitted for Round 44. Waiting...
[33mserver_1      |[0m INFO:__main__:💾 Saving metrics to results/metrics.csv...
[33mserver_1      |[0m INFO:__main__:--- Round 44 Acc: 57.02%, Loss: 1.1925 ---
[33mserver_1      |[0m INFO:__main__:--- Starting Round 45. Timeout: 600s ---
[33mserver_1      |[0m INFO:werkzeug:172.18.0.12 - - [31/Jan/2026 06:49:55] "POST /submit_update HTTP/1.1" 200 -
[32;1mclient_007_1  |[0m 2026-01-31 06:49:55,607 - __main__ - INFO - 🚀 Model update submitted successfully.
[32;1mclient_007_1  |[0m 2026-01-31 06:49:55,607 - __main__ - INFO - Update submitted for Round 43. Waiting...
[36;1mclient_005_1  |[0m 2026-01-31 06:49:56,352 - __main__ - INFO - Round 44 finished. Loss: 0.0000, Acc: 0.00%
[33mserver_1      |[0m INFO:__main__:Received update from client_005
[33mserver_1      |[0m INFO:werkzeug:172.18.0.19 - - [31/Jan/2026 06:49:56] "POST /submit_update HTTP/1.1" 200 -
[36;1mclient_005_1  |[0m 2026-01-31 06:49:56,515 - __main__ - INFO - 🚀 Model update submitted successfully.
[36;1mclient_005_1  |[0m 2026-01-31 06:49:56,515 - __main__ - INFO - Update submitted for Round 44. Waiting...
[34mclient_004_1  |[0m 2026-01-31 06:49:56,760 - __main__ - INFO - --- New Round Detected: 45 ---
[33mserver_1      |[0m INFO:werkzeug:172.18.0.17 - - [31/Jan/2026 06:49:56] "GET /download_model?round=45 HTTP/1.1" 200 -
[36mclient_010_1  |[0m 2026-01-31 06:49:56,963 - __main__ - INFO - --- New Round Detected: 45 ---
[33mserver_1      |[0m INFO:werkzeug:172.18.0.16 - - [31/Jan/2026 06:49:56] "GET /download_model?round=45 HTTP/1.1" 200 -
[32mclient_002_1  |[0m 2026-01-31 06:49:58,149 - __main__ - INFO - --- New Round Detected: 45 ---
[33mserver_1      |[0m INFO:werkzeug:172.18.0.10 - - [31/Jan/2026 06:49:58] "GET /download_model?round=45 HTTP/1.1" 200 -
[34;1mclient_009_1  |[0m 2026-01-31 06:50:01,385 - __main__ - INFO - --- New Round Detected: 45 ---
[35mclient_003_1  |[0m 2026-01-31 06:50:01,401 - __main__ - INFO - --- New Round Detected: 45 ---
[33mserver_1      |[0m INFO:werkzeug:172.18.0.15 - - [31/Jan/2026 06:50:01] "GET /download_model?round=45 HTTP/1.1" 200 -
[33mserver_1      |[0m INFO:werkzeug:172.18.0.21 - - [31/Jan/2026 06:50:01] "GET /download_model?round=45 HTTP/1.1" 200 -
[35;1mclient_008_1  |[0m 2026-01-31 06:50:01,754 - __main__ - INFO - --- New Round Detected: 45 ---
[33mserver_1      |[0m INFO:werkzeug:172.18.0.20 - - [31/Jan/2026 06:50:01] "GET /download_model?round=45 HTTP/1.1" 200 -
[36mclient_010_1  |[0m 2026-01-31 06:50:01,989 - __main__ - INFO - Round 45 finished. Loss: 0.0000, Acc: 0.00%
[33mserver_1      |[0m INFO:__main__:Received update from client_010
[33mserver_1      |[0m INFO:werkzeug:172.18.0.16 - - [31/Jan/2026 06:50:02] "POST /submit_update HTTP/1.1" 200 -
[36mclient_010_1  |[0m 2026-01-31 06:50:02,124 - __main__ - INFO - 🚀 Model update submitted successfully.
[36mclient_010_1  |[0m 2026-01-31 06:50:02,124 - __main__ - INFO - Update submitted for Round 45. Waiting...
[32mclient_002_1  |[0m 2026-01-31 06:50:02,445 - __main__ - INFO - Round 45 finished. Loss: 0.0000, Acc: 0.00%
[33mserver_1      |[0m INFO:__main__:Received update from client_002
[33mserver_1      |[0m INFO:werkzeug:172.18.0.10 - - [31/Jan/2026 06:50:02] "POST /submit_update HTTP/1.1" 200 -
[32mclient_002_1  |[0m 2026-01-31 06:50:02,581 - __main__ - INFO - 🚀 Model update submitted successfully.
[32mclient_002_1  |[0m 2026-01-31 06:50:02,581 - __main__ - INFO - Update submitted for Round 45. Waiting...
[34mclient_004_1  |[0m 2026-01-31 06:50:03,079 - __main__ - INFO - Round 45 finished. Loss: 0.0000, Acc: 0.00%
[33mserver_1      |[0m INFO:__main__:Received update from client_004
[33mserver_1      |[0m INFO:werkzeug:172.18.0.17 - - [31/Jan/2026 06:50:03] "POST /submit_update HTTP/1.1" 200 -
[34mclient_004_1  |[0m 2026-01-31 06:50:03,219 - __main__ - INFO - 🚀 Model update submitted successfully.
[34mclient_004_1  |[0m 2026-01-31 06:50:03,219 - __main__ - INFO - Update submitted for Round 45. Waiting...
[33;1mclient_006_1  |[0m 2026-01-31 06:50:03,822 - __main__ - INFO - --- New Round Detected: 45 ---
[33mserver_1      |[0m INFO:werkzeug:172.18.0.22 - - [31/Jan/2026 06:50:03] "GET /download_model?round=45 HTTP/1.1" 200 -
[33mclient_001_1  |[0m 2026-01-31 06:50:05,306 - __main__ - INFO - --- New Round Detected: 45 ---
[33mserver_1      |[0m INFO:werkzeug:172.18.0.18 - - [31/Jan/2026 06:50:05] "GET /download_model?round=45 HTTP/1.1" 200 -
[34;1mclient_009_1  |[0m 2026-01-31 06:50:05,442 - __main__ - INFO - Round 45 finished. Loss: 0.0000, Acc: 0.00%
[35;1mclient_008_1  |[0m 2026-01-31 06:50:05,504 - __main__ - INFO - Round 45 finished. Loss: 0.0000, Acc: 0.00%
[33mserver_1      |[0m INFO:__main__:Received update from client_009
[33mserver_1      |[0m INFO:__main__:--- Aggregating 5 updates ---
[33mserver_1      |[0m INFO:__main__:⚡ Using Custom Aggregator with Drift Metric...
[33mserver_1      |[0m INFO:server.aggregator:Starting FedAvg aggregation for 5 clients.
[32;1mclient_007_1  |[0m 2026-01-31 06:50:05,670 - __main__ - INFO - --- New Round Detected: 45 ---
[33mserver_1      |[0m INFO:werkzeug:172.18.0.12 - - [31/Jan/2026 06:50:05] "GET /download_model?round=45 HTTP/1.1" 200 -
[36;1mclient_005_1  |[0m 2026-01-31 06:50:06,588 - __main__ - INFO - --- New Round Detected: 45 ---
[33mserver_1      |[0m INFO:werkzeug:172.18.0.19 - - [31/Jan/2026 06:50:06] "GET /download_model?round=45 HTTP/1.1" 200 -
[33mserver_1      |[0m INFO:server.aggregator:--- [METRIC] Weight Divergence: 1.3037
[33mserver_1      |[0m INFO:server.aggregator:FedAvg aggregation complete.
[33mserver_1      |[0m INFO:__main__:Aggregation complete.
[33mserver_1      |[0m ⏱️ [TIME] Client client_005 finished training in 2.35s
[33mserver_1      |[0m ⏱️ [TIME] Client client_010 finished training in 4.85s
[33mserver_1      |[0m ⏱️ [TIME] Client client_002 finished training in 4.12s
[33mserver_1      |[0m ⏱️ [TIME] Client client_004 finished training in 6.13s
[33mserver_1      |[0m ⏱️ [TIME] Client client_009 finished training in 3.90s
[33mserver_1      |[0m DEBUG: ⚠️ MY CUSTOM AGGREGATOR IS RUNNING ⚠️
[33mserver_1      |[0m ⏱️ [TIME] Client client_008 finished training in 3.54s
[33mclient_001_1  |[0m 2026-01-31 06:50:08,088 - __main__ - INFO - Round 45 finished. Loss: 0.0000, Acc: 0.00%
[33mserver_1      |[0m INFO:werkzeug:172.18.0.18 - - [31/Jan/2026 06:50:08] "[31m[1mPOST /submit_update HTTP/1.1[0m" 400 -
[33mclient_001_1  |[0m 2026-01-31 06:50:08,208 - __main__ - ERROR - Update submission failed: {"error":"Not accepting updates"}
[33mclient_001_1  |[0m 
[33mclient_001_1  |[0m 2026-01-31 06:50:08,209 - __main__ - INFO - Update submitted for Round 45. Waiting...
[33mserver_1      |[0m INFO:__main__:💾 Saving metrics to results/metrics.csv...
[33mserver_1      |[0m INFO:__main__:--- Round 45 Acc: 57.35%, Loss: 1.1824 ---
[33mserver_1      |[0m INFO:__main__:--- Starting Round 46. Timeout: 600s ---
[33mserver_1      |[0m INFO:werkzeug:172.18.0.15 - - [31/Jan/2026 06:50:08] "POST /submit_update HTTP/1.1" 200 -
[33mserver_1      |[0m INFO:__main__:Received update from client_008
[33mserver_1      |[0m INFO:werkzeug:172.18.0.20 - - [31/Jan/2026 06:50:08] "POST /submit_update HTTP/1.1" 200 -
[34;1mclient_009_1  |[0m 2026-01-31 06:50:08,351 - __main__ - INFO - 🚀 Model update submitted successfully.
[34;1mclient_009_1  |[0m 2026-01-31 06:50:08,352 - __main__ - INFO - Update submitted for Round 45. Waiting...
[35;1mclient_008_1  |[0m 2026-01-31 06:50:08,354 - __main__ - INFO - 🚀 Model update submitted successfully.
[35;1mclient_008_1  |[0m 2026-01-31 06:50:08,354 - __main__ - INFO - Update submitted for Round 45. Waiting...
[35mclient_003_1  |[0m 2026-01-31 06:50:09,379 - __main__ - INFO - Round 45 finished. Loss: 0.0000, Acc: 0.00%
[33mserver_1      |[0m INFO:__main__:Received update from client_003
[33mserver_1      |[0m INFO:werkzeug:172.18.0.21 - - [31/Jan/2026 06:50:09] "POST /submit_update HTTP/1.1" 200 -
[35mclient_003_1  |[0m 2026-01-31 06:50:09,513 - __main__ - INFO - 🚀 Model update submitted successfully.
[35mclient_003_1  |[0m 2026-01-31 06:50:09,514 - __main__ - INFO - Update submitted for Round 45. Waiting...
[36;1mclient_005_1  |[0m 2026-01-31 06:50:09,530 - __main__ - INFO - Round 45 finished. Loss: 0.0000, Acc: 0.00%
[33mserver_1      |[0m INFO:__main__:Received update from client_005
[33mserver_1      |[0m INFO:werkzeug:172.18.0.19 - - [31/Jan/2026 06:50:09] "POST /submit_update HTTP/1.1" 200 -
[36;1mclient_005_1  |[0m 2026-01-31 06:50:09,668 - __main__ - INFO - 🚀 Model update submitted successfully.
[36;1mclient_005_1  |[0m 2026-01-31 06:50:09,668 - __main__ - INFO - Update submitted for Round 45. Waiting...
[33;1mclient_006_1  |[0m 2026-01-31 06:50:10,708 - __main__ - INFO - Round 45 finished. Loss: 0.0000, Acc: 0.00%
[33mserver_1      |[0m INFO:__main__:Received update from client_006
[33mserver_1      |[0m INFO:werkzeug:172.18.0.22 - - [31/Jan/2026 06:50:10] "POST /submit_update HTTP/1.1" 200 -
[33;1mclient_006_1  |[0m 2026-01-31 06:50:10,863 - __main__ - INFO - 🚀 Model update submitted successfully.
[33;1mclient_006_1  |[0m 2026-01-31 06:50:10,863 - __main__ - INFO - Update submitted for Round 45. Waiting...
[32;1mclient_007_1  |[0m 2026-01-31 06:50:12,017 - __main__ - INFO - Round 45 finished. Loss: 0.0000, Acc: 0.00%
[33mserver_1      |[0m INFO:__main__:Received update from client_007
[33mserver_1      |[0m INFO:__main__:--- Aggregating 5 updates ---
[33mserver_1      |[0m INFO:__main__:⚡ Using Custom Aggregator with Drift Metric...
[33mserver_1      |[0m INFO:server.aggregator:Starting FedAvg aggregation for 5 clients.
[36mclient_010_1  |[0m 2026-01-31 06:50:12,189 - __main__ - INFO - --- New Round Detected: 46 ---
[33mserver_1      |[0m INFO:werkzeug:172.18.0.16 - - [31/Jan/2026 06:50:12] "GET /download_model?round=46 HTTP/1.1" 200 -
[32mclient_002_1  |[0m 2026-01-31 06:50:12,651 - __main__ - INFO - --- New Round Detected: 46 ---
[33mserver_1      |[0m INFO:werkzeug:172.18.0.10 - - [31/Jan/2026 06:50:12] "GET /download_model?round=46 HTTP/1.1" 200 -
[34mclient_004_1  |[0m 2026-01-31 06:50:13,301 - __main__ - INFO - --- New Round Detected: 46 ---
[33mserver_1      |[0m INFO:werkzeug:172.18.0.17 - - [31/Jan/2026 06:50:13] "GET /download_model?round=46 HTTP/1.1" 200 -
[33mserver_1      |[0m INFO:server.aggregator:--- [METRIC] Weight Divergence: 1.3989
[33mserver_1      |[0m INFO:server.aggregator:FedAvg aggregation complete.
[33mserver_1      |[0m INFO:__main__:Aggregation complete.
[33mserver_1      |[0m ⏱️ [TIME] Client client_003 finished training in 7.80s
[33mserver_1      |[0m ⏱️ [TIME] Client client_005 finished training in 2.78s
[33mserver_1      |[0m ⏱️ [TIME] Client client_006 finished training in 6.71s
[33mserver_1      |[0m ⏱️ [TIME] Client client_007 finished training in 6.19s
[33mserver_1      |[0m DEBUG: ⚠️ MY CUSTOM AGGREGATOR IS RUNNING ⚠️
[33mserver_1      |[0m INFO:__main__:💾 Saving metrics to results/metrics.csv...
[33mserver_1      |[0m INFO:__main__:--- Round 46 Acc: 56.02%, Loss: 1.2206 ---
[33mserver_1      |[0m INFO:__main__:--- Starting Round 47. Timeout: 600s ---
[33mserver_1      |[0m INFO:werkzeug:172.18.0.12 - - [31/Jan/2026 06:50:15] "POST /submit_update HTTP/1.1" 200 -
[32;1mclient_007_1  |[0m 2026-01-31 06:50:15,508 - __main__ - INFO - 🚀 Model update submitted successfully.
[32;1mclient_007_1  |[0m 2026-01-31 06:50:15,508 - __main__ - INFO - Update submitted for Round 45. Waiting...
[32mclient_002_1  |[0m 2026-01-31 06:50:17,707 - __main__ - INFO - Round 46 finished. Loss: 0.0000, Acc: 0.00%
[33mserver_1      |[0m INFO:__main__:Received update from client_002
[33mserver_1      |[0m INFO:werkzeug:172.18.0.10 - - [31/Jan/2026 06:50:17] "POST /submit_update HTTP/1.1" 200 -
[32mclient_002_1  |[0m 2026-01-31 06:50:17,842 - __main__ - INFO - 🚀 Model update submitted successfully.
[32mclient_002_1  |[0m 2026-01-31 06:50:17,843 - __main__ - INFO - Update submitted for Round 46. Waiting...
[36mclient_010_1  |[0m 2026-01-31 06:50:17,974 - __main__ - INFO - Round 46 finished. Loss: 0.0000, Acc: 0.00%
[33mserver_1      |[0m INFO:__main__:Received update from client_010
[33mserver_1      |[0m INFO:werkzeug:172.18.0.16 - - [31/Jan/2026 06:50:18] "POST /submit_update HTTP/1.1" 200 -
[36mclient_010_1  |[0m 2026-01-31 06:50:18,109 - __main__ - INFO - 🚀 Model update submitted successfully.
[36mclient_010_1  |[0m 2026-01-31 06:50:18,109 - __main__ - INFO - Update submitted for Round 46. Waiting...
[33mclient_001_1  |[0m 2026-01-31 06:50:18,274 - __main__ - INFO - --- New Round Detected: 47 ---
[33mserver_1      |[0m INFO:werkzeug:172.18.0.18 - - [31/Jan/2026 06:50:18] "GET /download_model?round=47 HTTP/1.1" 200 -
[34;1mclient_009_1  |[0m 2026-01-31 06:50:18,436 - __main__ - INFO - --- New Round Detected: 47 ---
[35;1mclient_008_1  |[0m 2026-01-31 06:50:18,415 - __main__ - INFO - --- New Round Detected: 47 ---
[33mserver_1      |[0m INFO:werkzeug:172.18.0.20 - - [31/Jan/2026 06:50:18] "GET /download_model?round=47 HTTP/1.1" 200 -
[33mserver_1      |[0m INFO:werkzeug:172.18.0.15 - - [31/Jan/2026 06:50:18] "GET /download_model?round=47 HTTP/1.1" 200 -
[35mclient_003_1  |[0m 2026-01-31 06:50:19,575 - __main__ - INFO - --- New Round Detected: 47 ---
[33mserver_1      |[0m INFO:werkzeug:172.18.0.21 - - [31/Jan/2026 06:50:19] "GET /download_model?round=47 HTTP/1.1" 200 -
[34mclient_004_1  |[0m 2026-01-31 06:50:19,609 - __main__ - INFO - Round 46 finished. Loss: 0.0000, Acc: 0.00%
[33mserver_1      |[0m INFO:__main__:Received update from client_004
[33mserver_1      |[0m INFO:werkzeug:172.18.0.17 - - [31/Jan/2026 06:50:19] "POST /submit_update HTTP/1.1" 200 -
[36;1mclient_005_1  |[0m 2026-01-31 06:50:19,729 - __main__ - INFO - --- New Round Detected: 47 ---
[34mclient_004_1  |[0m 2026-01-31 06:50:19,745 - __main__ - INFO - 🚀 Model update submitted successfully.
[34mclient_004_1  |[0m 2026-01-31 06:50:19,745 - __main__ - INFO - Update submitted for Round 46. Waiting...
[33mserver_1      |[0m INFO:werkzeug:172.18.0.19 - - [31/Jan/2026 06:50:19] "GET /download_model?round=47 HTTP/1.1" 200 -
[35;1mclient_008_1  |[0m 2026-01-31 06:50:20,325 - __main__ - INFO - Round 47 finished. Loss: 0.0000, Acc: 0.00%
[33mserver_1      |[0m INFO:__main__:Received update from client_008
[33mserver_1      |[0m INFO:werkzeug:172.18.0.20 - - [31/Jan/2026 06:50:20] "POST /submit_update HTTP/1.1" 200 -
[35;1mclient_008_1  |[0m 2026-01-31 06:50:20,462 - __main__ - INFO - 🚀 Model update submitted successfully.
[35;1mclient_008_1  |[0m 2026-01-31 06:50:20,462 - __main__ - INFO - Update submitted for Round 47. Waiting...
[33;1mclient_006_1  |[0m 2026-01-31 06:50:20,943 - __main__ - INFO - --- New Round Detected: 47 ---
[33mserver_1      |[0m INFO:werkzeug:172.18.0.22 - - [31/Jan/2026 06:50:20] "GET /download_model?round=47 HTTP/1.1" 200 -
[33mclient_001_1  |[0m 2026-01-31 06:50:21,817 - __main__ - INFO - Round 47 finished. Loss: 0.0000, Acc: 0.00%
[33mserver_1      |[0m INFO:__main__:Received update from client_001
[33mserver_1      |[0m INFO:__main__:--- Aggregating 5 updates ---
[33mserver_1      |[0m INFO:__main__:⚡ Using Custom Aggregator with Drift Metric...
[33mserver_1      |[0m INFO:server.aggregator:Starting FedAvg aggregation for 5 clients.
[36;1mclient_005_1  |[0m 2026-01-31 06:50:22,997 - __main__ - INFO - Round 47 finished. Loss: 0.0000, Acc: 0.00%
[33mserver_1      |[0m INFO:werkzeug:172.18.0.19 - - [31/Jan/2026 06:50:23] "[31m[1mPOST /submit_update HTTP/1.1[0m" 400 -
[36;1mclient_005_1  |[0m 2026-01-31 06:50:23,130 - __main__ - ERROR - Update submission failed: {"error":"Not accepting updates"}
[36;1mclient_005_1  |[0m 
[36;1mclient_005_1  |[0m 2026-01-31 06:50:23,130 - __main__ - INFO - Update submitted for Round 47. Waiting...
[34;1mclient_009_1  |[0m 2026-01-31 06:50:23,325 - __main__ - INFO - Round 47 finished. Loss: 0.0000, Acc: 0.00%
[33mserver_1      |[0m INFO:werkzeug:172.18.0.15 - - [31/Jan/2026 06:50:23] "[31m[1mPOST /submit_update HTTP/1.1[0m" 400 -
[34;1mclient_009_1  |[0m 2026-01-31 06:50:23,406 - __main__ - ERROR - Update submission failed: {"error":"Not accepting updates"}
[34;1mclient_009_1  |[0m 
[34;1mclient_009_1  |[0m 2026-01-31 06:50:23,406 - __main__ - INFO - Update submitted for Round 47. Waiting...
[33mserver_1      |[0m INFO:server.aggregator:--- [METRIC] Weight Divergence: 1.4363
[33mserver_1      |[0m INFO:server.aggregator:FedAvg aggregation complete.
[33mserver_1      |[0m INFO:__main__:Aggregation complete.
[33mserver_1      |[0m ⏱️ [TIME] Client client_002 finished training in 4.89s
[33mserver_1      |[0m ⏱️ [TIME] Client client_010 finished training in 5.60s
[33mserver_1      |[0m ⏱️ [TIME] Client client_004 finished training in 6.10s
[33mserver_1      |[0m ⏱️ [TIME] Client client_008 finished training in 1.74s
[33mserver_1      |[0m ⏱️ [TIME] Client client_001 finished training in 3.37s
[33mserver_1      |[0m DEBUG: ⚠️ MY CUSTOM AGGREGATOR IS RUNNING ⚠️
[33mserver_1      |[0m INFO:__main__:💾 Saving metrics to results/metrics.csv...
[33mserver_1      |[0m INFO:__main__:--- Round 47 Acc: 57.55%, Loss: 1.1736 ---
[33mserver_1      |[0m INFO:__main__:--- Starting Round 48. Timeout: 600s ---
[33mserver_1      |[0m INFO:werkzeug:172.18.0.18 - - [31/Jan/2026 06:50:24] "POST /submit_update HTTP/1.1" 200 -
[33mclient_001_1  |[0m 2026-01-31 06:50:24,905 - __main__ - INFO - 🚀 Model update submitted successfully.
[33mclient_001_1  |[0m 2026-01-31 06:50:24,905 - __main__ - INFO - Update submitted for Round 47. Waiting...
[32;1mclient_007_1  |[0m 2026-01-31 06:50:25,570 - __main__ - INFO - --- New Round Detected: 48 ---
[33mserver_1      |[0m INFO:werkzeug:172.18.0.12 - - [31/Jan/2026 06:50:25] "GET /download_model?round=48 HTTP/1.1" 200 -
[35mclient_003_1  |[0m 2026-01-31 06:50:25,682 - __main__ - INFO - Round 47 finished. Loss: 0.0000, Acc: 0.00%
[33mserver_1      |[0m INFO:__main__:Received update from client_003
[33mserver_1      |[0m INFO:werkzeug:172.18.0.21 - - [31/Jan/2026 06:50:25] "POST /submit_update HTTP/1.1" 200 -
[35mclient_003_1  |[0m 2026-01-31 06:50:25,820 - __main__ - INFO - 🚀 Model update submitted successfully.
[35mclient_003_1  |[0m 2026-01-31 06:50:25,820 - __main__ - INFO - Update submitted for Round 47. Waiting...
[33;1mclient_006_1  |[0m 2026-01-31 06:50:27,767 - __main__ - INFO - Round 47 finished. Loss: 0.0000, Acc: 0.00%
[33mserver_1      |[0m INFO:__main__:Received update from client_006
[33mserver_1      |[0m INFO:werkzeug:172.18.0.22 - - [31/Jan/2026 06:50:27] "POST /submit_update HTTP/1.1" 200 -
[33;1mclient_006_1  |[0m 2026-01-31 06:50:27,904 - __main__ - INFO - 🚀 Model update submitted successfully.
[33;1mclient_006_1  |[0m 2026-01-31 06:50:27,904 - __main__ - INFO - Update submitted for Round 47. Waiting...
[32mclient_002_1  |[0m 2026-01-31 06:50:27,911 - __main__ - INFO - --- New Round Detected: 48 ---
[33mserver_1      |[0m INFO:werkzeug:172.18.0.10 - - [31/Jan/2026 06:50:27] "GET /download_model?round=48 HTTP/1.1" 200 -
[36mclient_010_1  |[0m 2026-01-31 06:50:28,170 - __main__ - INFO - --- New Round Detected: 48 ---
[33mserver_1      |[0m INFO:werkzeug:172.18.0.16 - - [31/Jan/2026 06:50:28] "GET /download_model?round=48 HTTP/1.1" 200 -
[34mclient_004_1  |[0m 2026-01-31 06:50:29,813 - __main__ - INFO - --- New Round Detected: 48 ---
[33mserver_1      |[0m INFO:werkzeug:172.18.0.17 - - [31/Jan/2026 06:50:29] "GET /download_model?round=48 HTTP/1.1" 200 -
[35;1mclient_008_1  |[0m 2026-01-31 06:50:30,526 - __main__ - INFO - --- New Round Detected: 48 ---
[33mserver_1      |[0m INFO:werkzeug:172.18.0.20 - - [31/Jan/2026 06:50:30] "GET /download_model?round=48 HTTP/1.1" 200 -
[32mclient_002_1  |[0m 2026-01-31 06:50:31,611 - __main__ - INFO - Round 48 finished. Loss: 0.0000, Acc: 0.00%
[33mserver_1      |[0m INFO:__main__:Received update from client_002
[33mserver_1      |[0m INFO:werkzeug:172.18.0.10 - - [31/Jan/2026 06:50:31] "POST /submit_update HTTP/1.1" 200 -
[32mclient_002_1  |[0m 2026-01-31 06:50:31,748 - __main__ - INFO - 🚀 Model update submitted successfully.
[32mclient_002_1  |[0m 2026-01-31 06:50:31,749 - __main__ - INFO - Update submitted for Round 48. Waiting...
[35;1mclient_008_1  |[0m 2026-01-31 06:50:32,501 - __main__ - INFO - Round 48 finished. Loss: 0.0000, Acc: 0.00%
[33mserver_1      |[0m INFO:__main__:Received update from client_008
[33mserver_1      |[0m INFO:werkzeug:172.18.0.20 - - [31/Jan/2026 06:50:32] "POST /submit_update HTTP/1.1" 200 -
[35;1mclient_008_1  |[0m 2026-01-31 06:50:32,636 - __main__ - INFO - 🚀 Model update submitted successfully.
[35;1mclient_008_1  |[0m 2026-01-31 06:50:32,636 - __main__ - INFO - Update submitted for Round 48. Waiting...
[36;1mclient_005_1  |[0m 2026-01-31 06:50:33,193 - __main__ - INFO - --- New Round Detected: 48 ---
[33mserver_1      |[0m INFO:werkzeug:172.18.0.19 - - [31/Jan/2026 06:50:33] "GET /download_model?round=48 HTTP/1.1" 200 -
[32;1mclient_007_1  |[0m 2026-01-31 06:50:33,291 - __main__ - INFO - Round 48 finished. Loss: 0.0000, Acc: 0.00%
[33mserver_1      |[0m INFO:__main__:Received update from client_007
[33mserver_1      |[0m INFO:__main__:--- Aggregating 5 updates ---
[33mserver_1      |[0m INFO:__main__:⚡ Using Custom Aggregator with Drift Metric...
[33mserver_1      |[0m INFO:server.aggregator:Starting FedAvg aggregation for 5 clients.
[34;1mclient_009_1  |[0m 2026-01-31 06:50:33,683 - __main__ - INFO - --- New Round Detected: 48 ---
[36mclient_010_1  |[0m 2026-01-31 06:50:33,706 - __main__ - INFO - Round 48 finished. Loss: 0.0000, Acc: 0.00%
[33mserver_1      |[0m INFO:werkzeug:172.18.0.15 - - [31/Jan/2026 06:50:33] "GET /download_model?round=48 HTTP/1.1" 200 -
[33mserver_1      |[0m INFO:werkzeug:172.18.0.16 - - [31/Jan/2026 06:50:33] "[31m[1mPOST /submit_update HTTP/1.1[0m" 400 -
[36mclient_010_1  |[0m 2026-01-31 06:50:33,771 - __main__ - ERROR - Update submission failed: {"error":"Not accepting updates"}
[36mclient_010_1  |[0m 
[36mclient_010_1  |[0m 2026-01-31 06:50:33,771 - __main__ - INFO - Update submitted for Round 48. Waiting...
[33mclient_001_1  |[0m 2026-01-31 06:50:34,978 - __main__ - INFO - --- New Round Detected: 48 ---
[33mserver_1      |[0m INFO:werkzeug:172.18.0.18 - - [31/Jan/2026 06:50:35] "GET /download_model?round=48 HTTP/1.1" 200 -
[33mserver_1      |[0m INFO:server.aggregator:--- [METRIC] Weight Divergence: 1.5257
[33mserver_1      |[0m INFO:server.aggregator:FedAvg aggregation complete.
[33mserver_1      |[0m INFO:__main__:Aggregation complete.
[33mserver_1      |[0m ⏱️ [TIME] Client client_003 finished training in 5.93s
[33mserver_1      |[0m ⏱️ [TIME] Client client_006 finished training in 6.63s
[33mserver_1      |[0m ⏱️ [TIME] Client client_002 finished training in 3.47s
[33mserver_1      |[0m ⏱️ [TIME] Client client_008 finished training in 1.82s
[33mserver_1      |[0m ⏱️ [TIME] Client client_007 finished training in 7.53s
[33mserver_1      |[0m DEBUG: ⚠️ MY CUSTOM AGGREGATOR IS RUNNING ⚠️
[34mclient_004_1  |[0m 2026-01-31 06:50:35,702 - __main__ - INFO - Round 48 finished. Loss: 0.0000, Acc: 0.00%
[33mserver_1      |[0m INFO:werkzeug:172.18.0.17 - - [31/Jan/2026 06:50:35] "[31m[1mPOST /submit_update HTTP/1.1[0m" 400 -
[34mclient_004_1  |[0m 2026-01-31 06:50:35,775 - __main__ - ERROR - Update submission failed: {"error":"Not accepting updates"}
[34mclient_004_1  |[0m 
[34mclient_004_1  |[0m 2026-01-31 06:50:35,776 - __main__ - INFO - Update submitted for Round 48. Waiting...
[35mclient_003_1  |[0m 2026-01-31 06:50:35,882 - __main__ - INFO - --- New Round Detected: 48 ---
[33mserver_1      |[0m INFO:werkzeug:172.18.0.21 - - [31/Jan/2026 06:50:35] "GET /download_model?round=48 HTTP/1.1" 200 -
[36;1mclient_005_1  |[0m 2026-01-31 06:50:36,456 - __main__ - INFO - Round 48 finished. Loss: 0.0000, Acc: 0.00%
[33mserver_1      |[0m INFO:werkzeug:172.18.0.19 - - [31/Jan/2026 06:50:36] "[31m[1mPOST /submit_update HTTP/1.1[0m" 400 -
[36;1mclient_005_1  |[0m 2026-01-31 06:50:36,523 - __main__ - ERROR - Update submission failed: {"error":"Not accepting updates"}
[36;1mclient_005_1  |[0m 
[36;1mclient_005_1  |[0m 2026-01-31 06:50:36,524 - __main__ - INFO - Update submitted for Round 48. Waiting...
[33mserver_1      |[0m INFO:__main__:💾 Saving metrics to results/metrics.csv...
[33mserver_1      |[0m INFO:__main__:--- Round 48 Acc: 56.93%, Loss: 1.2131 ---
[33mserver_1      |[0m INFO:__main__:--- Starting Round 49. Timeout: 600s ---
[33mserver_1      |[0m INFO:werkzeug:172.18.0.12 - - [31/Jan/2026 06:50:36] "POST /submit_update HTTP/1.1" 200 -
[32;1mclient_007_1  |[0m 2026-01-31 06:50:36,792 - __main__ - INFO - 🚀 Model update submitted successfully.
[32;1mclient_007_1  |[0m 2026-01-31 06:50:36,792 - __main__ - INFO - Update submitted for Round 48. Waiting...
[33mclient_001_1  |[0m 2026-01-31 06:50:37,795 - __main__ - INFO - Round 48 finished. Loss: 0.0000, Acc: 0.00%
[33mserver_1      |[0m INFO:__main__:Received update from client_001
[33mserver_1      |[0m INFO:werkzeug:172.18.0.18 - - [31/Jan/2026 06:50:37] "POST /submit_update HTTP/1.1" 200 -
[33mclient_001_1  |[0m 2026-01-31 06:50:37,957 - __main__ - INFO - 🚀 Model update submitted successfully.
[33mclient_001_1  |[0m 2026-01-31 06:50:37,957 - __main__ - INFO - Update submitted for Round 48. Waiting...
[33;1mclient_006_1  |[0m 2026-01-31 06:50:37,971 - __main__ - INFO - --- New Round Detected: 49 ---
[33mserver_1      |[0m INFO:werkzeug:172.18.0.22 - - [31/Jan/2026 06:50:37] "GET /download_model?round=49 HTTP/1.1" 200 -
[34;1mclient_009_1  |[0m 2026-01-31 06:50:38,462 - __main__ - INFO - Round 48 finished. Loss: 0.0000, Acc: 0.00%
[33mserver_1      |[0m INFO:__main__:Received update from client_009
[33mserver_1      |[0m INFO:werkzeug:172.18.0.15 - - [31/Jan/2026 06:50:38] "POST /submit_update HTTP/1.1" 200 -
[34;1mclient_009_1  |[0m 2026-01-31 06:50:38,602 - __main__ - INFO - 🚀 Model update submitted successfully.
[34;1mclient_009_1  |[0m 2026-01-31 06:50:38,602 - __main__ - INFO - Update submitted for Round 48. Waiting...
[32mclient_002_1  |[0m 2026-01-31 06:50:41,817 - __main__ - INFO - --- New Round Detected: 49 ---
[33mserver_1      |[0m INFO:werkzeug:172.18.0.10 - - [31/Jan/2026 06:50:41] "GET /download_model?round=49 HTTP/1.1" 200 -
[35;1mclient_008_1  |[0m 2026-01-31 06:50:42,702 - __main__ - INFO - --- New Round Detected: 49 ---
[33mserver_1      |[0m INFO:werkzeug:172.18.0.20 - - [31/Jan/2026 06:50:42] "GET /download_model?round=49 HTTP/1.1" 200 -
[35mclient_003_1  |[0m 2026-01-31 06:50:43,771 - __main__ - INFO - Round 48 finished. Loss: 0.0000, Acc: 0.00%
[36mclient_010_1  |[0m 2026-01-31 06:50:43,832 - __main__ - INFO - --- New Round Detected: 49 ---
[33mserver_1      |[0m INFO:werkzeug:172.18.0.16 - - [31/Jan/2026 06:50:43] "GET /download_model?round=49 HTTP/1.1" 200 -
[33mserver_1      |[0m INFO:__main__:Received update from client_003
[33mserver_1      |[0m INFO:werkzeug:172.18.0.21 - - [31/Jan/2026 06:50:43] "POST /submit_update HTTP/1.1" 200 -
[35mclient_003_1  |[0m 2026-01-31 06:50:43,917 - __main__ - INFO - 🚀 Model update submitted successfully.
[35mclient_003_1  |[0m 2026-01-31 06:50:43,917 - __main__ - INFO - Update submitted for Round 48. Waiting...
[35;1mclient_008_1  |[0m 2026-01-31 06:50:44,798 - __main__ - INFO - Round 49 finished. Loss: 0.0000, Acc: 0.00%
[33mserver_1      |[0m INFO:__main__:Received update from client_008
[33mserver_1      |[0m INFO:werkzeug:172.18.0.20 - - [31/Jan/2026 06:50:44] "POST /submit_update HTTP/1.1" 200 -
[35;1mclient_008_1  |[0m 2026-01-31 06:50:44,932 - __main__ - INFO - 🚀 Model update submitted successfully.
[35;1mclient_008_1  |[0m 2026-01-31 06:50:44,933 - __main__ - INFO - Update submitted for Round 49. Waiting...
[33;1mclient_006_1  |[0m 2026-01-31 06:50:45,018 - __main__ - INFO - Round 49 finished. Loss: 0.0000, Acc: 0.00%
[33mserver_1      |[0m INFO:__main__:Received update from client_006
[33mserver_1      |[0m INFO:__main__:--- Aggregating 5 updates ---
[33mserver_1      |[0m INFO:__main__:⚡ Using Custom Aggregator with Drift Metric...
[33mserver_1      |[0m INFO:server.aggregator:Starting FedAvg aggregation for 5 clients.
[34mclient_004_1  |[0m 2026-01-31 06:50:45,841 - __main__ - INFO - --- New Round Detected: 49 ---
[33mserver_1      |[0m INFO:werkzeug:172.18.0.17 - - [31/Jan/2026 06:50:45] "GET /download_model?round=49 HTTP/1.1" 200 -
[36;1mclient_005_1  |[0m 2026-01-31 06:50:46,593 - __main__ - INFO - --- New Round Detected: 49 ---
[33mserver_1      |[0m INFO:werkzeug:172.18.0.19 - - [31/Jan/2026 06:50:46] "GET /download_model?round=49 HTTP/1.1" 200 -
[32;1mclient_007_1  |[0m 2026-01-31 06:50:46,859 - __main__ - INFO - --- New Round Detected: 49 ---
[33mserver_1      |[0m INFO:werkzeug:172.18.0.12 - - [31/Jan/2026 06:50:46] "GET /download_model?round=49 HTTP/1.1" 200 -
[33mserver_1      |[0m INFO:server.aggregator:--- [METRIC] Weight Divergence: 1.4672
[33mserver_1      |[0m INFO:server.aggregator:FedAvg aggregation complete.
[33mserver_1      |[0m INFO:__main__:Aggregation complete.
[32mclient_002_1  |[0m 2026-01-31 06:50:47,636 - __main__ - INFO - Round 49 finished. Loss: 0.0000, Acc: 0.00%
[33mserver_1      |[0m INFO:werkzeug:172.18.0.10 - - [31/Jan/2026 06:50:47] "[31m[1mPOST /submit_update HTTP/1.1[0m" 400 -
[32mclient_002_1  |[0m 2026-01-31 06:50:47,702 - __main__ - ERROR - Update submission failed: {"error":"Not accepting updates"}
[32mclient_002_1  |[0m 
[32mclient_002_1  |[0m 2026-01-31 06:50:47,702 - __main__ - INFO - Update submitted for Round 49. Waiting...
[33mserver_1      |[0m ⏱️ [TIME] Client client_001 finished training in 2.66s
[33mserver_1      |[0m ⏱️ [TIME] Client client_009 finished training in 4.59s
[33mserver_1      |[0m ⏱️ [TIME] Client client_003 finished training in 7.71s
[33mserver_1      |[0m ⏱️ [TIME] Client client_008 finished training in 1.91s
[33mserver_1      |[0m ⏱️ [TIME] Client client_006 finished training in 6.89s
[33mserver_1      |[0m DEBUG: ⚠️ MY CUSTOM AGGREGATOR IS RUNNING ⚠️
[33mclient_001_1  |[0m 2026-01-31 06:50:48,061 - __main__ - INFO - --- New Round Detected: 49 ---
[33mserver_1      |[0m INFO:werkzeug:172.18.0.18 - - [31/Jan/2026 06:50:48] "GET /download_model?round=49 HTTP/1.1" 200 -
[36;1mclient_005_1  |[0m 2026-01-31 06:50:48,263 - __main__ - INFO - Round 49 finished. Loss: 0.0000, Acc: 0.00%
[33mserver_1      |[0m INFO:werkzeug:172.18.0.19 - - [31/Jan/2026 06:50:48] "[31m[1mPOST /submit_update HTTP/1.1[0m" 400 -
[36;1mclient_005_1  |[0m 2026-01-31 06:50:48,335 - __main__ - ERROR - Update submission failed: {"error":"Not accepting updates"}
[36;1mclient_005_1  |[0m 
[36;1mclient_005_1  |[0m 2026-01-31 06:50:48,335 - __main__ - INFO - Update submitted for Round 49. Waiting...
[34;1mclient_009_1  |[0m 2026-01-31 06:50:48,670 - __main__ - INFO - --- New Round Detected: 49 ---
[33mserver_1      |[0m INFO:werkzeug:172.18.0.15 - - [31/Jan/2026 06:50:48] "GET /download_model?round=49 HTTP/1.1" 200 -
[33mserver_1      |[0m INFO:__main__:💾 Saving metrics to results/metrics.csv...
[33mserver_1      |[0m INFO:__main__:--- Round 49 Acc: 57.72%, Loss: 1.1938 ---
[33mserver_1      |[0m INFO:__main__:---Final model saved ---
[33mserver_1      |[0m INFO:__main__:--- Training complete. ---
[33mserver_1      |[0m INFO:werkzeug:172.18.0.22 - - [31/Jan/2026 06:50:49] "POST /submit_update HTTP/1.1" 200 -
[33;1mclient_006_1  |[0m 2026-01-31 06:50:49,371 - __main__ - INFO - 🚀 Model update submitted successfully.
[33;1mclient_006_1  |[0m 2026-01-31 06:50:49,371 - __main__ - INFO - Update submitted for Round 49. Waiting...
[36mclient_010_1  |[0m 2026-01-31 06:50:49,659 - __main__ - INFO - Round 49 finished. Loss: 0.0000, Acc: 0.00%
[33mserver_1      |[0m INFO:werkzeug:172.18.0.16 - - [31/Jan/2026 06:50:49] "[31m[1mPOST /submit_update HTTP/1.1[0m" 400 -
[36mclient_010_1  |[0m 2026-01-31 06:50:49,723 - __main__ - ERROR - Update submission failed: {"error":"Not accepting updates"}
[36mclient_010_1  |[0m 
[36mclient_010_1  |[0m 2026-01-31 06:50:49,723 - __main__ - INFO - Update submitted for Round 49. Waiting...
[32;1mclient_007_1  |[0m 2026-01-31 06:50:50,807 - __main__ - INFO - Round 49 finished. Loss: 0.0000, Acc: 0.00%
[33mserver_1      |[0m INFO:werkzeug:172.18.0.12 - - [31/Jan/2026 06:50:50] "[31m[1mPOST /submit_update HTTP/1.1[0m" 400 -
[32;1mclient_007_1  |[0m 2026-01-31 06:50:50,871 - __main__ - ERROR - Update submission failed: {"error":"Not accepting updates"}
[32;1mclient_007_1  |[0m 
[32;1mclient_007_1  |[0m 2026-01-31 06:50:50,871 - __main__ - INFO - Update submitted for Round 49. Waiting...
[34mclient_004_1  |[0m 2026-01-31 06:50:51,905 - __main__ - INFO - Round 49 finished. Loss: 0.0000, Acc: 0.00%
[34mclient_004_1  |[0m 2026-01-31 06:50:51,928 - __main__ - ERROR - Error submitting update: HTTPConnectionPool(host='server', port=5000): Max retries exceeded with url: /submit_update (Caused by NewConnectionError('<urllib3.connection.HTTPConnection object at 0x7c41b8ce46a0>: Failed to establish a new connection: [Errno 111] Connection refused'))
[34mclient_004_1  |[0m 2026-01-31 06:50:51,928 - __main__ - INFO - Update submitted for Round 49. Waiting...
[33mfl-rest_server_1 exited with code 0
[0mStopping fl-rest_client_006_1 ... 
Stopping fl-rest_client_003_1 ... 
Stopping fl-rest_client_015_1 ... 
Stopping fl-rest_client_008_1 ... 
Stopping fl-rest_client_012_1 ... 
Stopping fl-rest_client_011_1 ... 
Stopping fl-rest_client_005_1 ... 
Stopping fl-rest_client_018_1 ... 
Stopping fl-rest_client_014_1 ... 
Stopping fl-rest_client_019_1 ... 
Stopping fl-rest_client_020_1 ... 
Stopping fl-rest_client_001_1 ... 
Stopping fl-rest_client_009_1 ... 
Stopping fl-rest_client_004_1 ... 
Stopping fl-rest_client_016_1 ... 
Stopping fl-rest_client_010_1 ... 
Stopping fl-rest_client_017_1 ... 
Stopping fl-rest_client_002_1 ... 
Stopping fl-rest_client_007_1 ... 
Stopping fl-rest_client_013_1 ... 
Stopping docker-tc            ... 
Stopping docker-tc            ... done
Stopping fl-rest_client_011_1 ... done
Stopping fl-rest_client_019_1 ... done
Stopping fl-rest_client_013_1 ... done
Stopping fl-rest_client_015_1 ... done
Stopping fl-rest_client_018_1 ... done
Stopping fl-rest_client_017_1 ... done
Stopping fl-rest_client_016_1 ... done
Stopping fl-rest_client_014_1 ... done
Stopping fl-rest_client_012_1 ... done
Stopping fl-rest_client_008_1 ... done
Stopping fl-rest_client_020_1 ... done
Stopping fl-rest_client_009_1 ... done
Stopping fl-rest_client_001_1 ... done
Stopping fl-rest_client_007_1 ... done
Stopping fl-rest_client_003_1 ... done
Stopping fl-rest_client_006_1 ... done
Stopping fl-rest_client_005_1 ... done
Stopping fl-rest_client_004_1 ... done
Stopping fl-rest_client_010_1 ... done
Stopping fl-rest_client_002_1 ... done
Aborting on container exit...
