using --exit-code-from implies --abort-on-container-exit
Creating fl-rest_server_1 ... 
Creating docker-tc        ... 
Creating docker-tc        ... done
Creating fl-rest_server_1 ... done
Creating fl-rest_client_014_1 ... 
Creating fl-rest_client_019_1 ... 
Creating fl-rest_client_001_1 ... 
Creating fl-rest_client_007_1 ... 
Creating fl-rest_client_017_1 ... 
Creating fl-rest_client_004_1 ... 
Creating fl-rest_client_010_1 ... 
Creating fl-rest_client_002_1 ... 
Creating fl-rest_client_005_1 ... 
Creating fl-rest_client_011_1 ... 
Creating fl-rest_client_020_1 ... 
Creating fl-rest_client_003_1 ... 
Creating fl-rest_client_006_1 ... 
Creating fl-rest_client_009_1 ... 
Creating fl-rest_client_016_1 ... 
Creating fl-rest_client_018_1 ... 
Creating fl-rest_client_008_1 ... 
Creating fl-rest_client_015_1 ... 
Creating fl-rest_client_012_1 ... 
Creating fl-rest_client_013_1 ... 
Creating fl-rest_client_014_1 ... done
Creating fl-rest_client_019_1 ... done
Creating fl-rest_client_017_1 ... done
Creating fl-rest_client_001_1 ... done
Creating fl-rest_client_007_1 ... done
Creating fl-rest_client_016_1 ... done
Creating fl-rest_client_018_1 ... done
Creating fl-rest_client_004_1 ... done
Creating fl-rest_client_011_1 ... done
Creating fl-rest_client_012_1 ... done
Creating fl-rest_client_015_1 ... done
Creating fl-rest_client_003_1 ... done
Creating fl-rest_client_020_1 ... done
Creating fl-rest_client_013_1 ... done
Creating fl-rest_client_005_1 ... done
Creating fl-rest_client_008_1 ... done
Creating fl-rest_client_010_1 ... done
Creating fl-rest_client_002_1 ... done
Creating fl-rest_client_006_1 ... done
Creating fl-rest_client_009_1 ... done
Attaching to docker-tc, fl-rest_server_1, fl-rest_client_014_1, fl-rest_client_019_1, fl-rest_client_017_1, fl-rest_client_001_1, fl-rest_client_007_1, fl-rest_client_016_1, fl-rest_client_018_1, fl-rest_client_004_1, fl-rest_client_011_1, fl-rest_client_012_1, fl-rest_client_015_1, fl-rest_client_003_1, fl-rest_client_020_1, fl-rest_client_013_1, fl-rest_client_005_1, fl-rest_client_008_1, fl-rest_client_010_1, fl-rest_client_002_1, fl-rest_client_006_1, fl-rest_client_009_1
[36mdocker-tc     |[0m [s6-init] making user provided files available at /var/run/s6/etc...exited 0.
[36mdocker-tc     |[0m [s6-init] ensuring user provided files have correct perms...exited 0.
[36mdocker-tc     |[0m [fix-attrs.d] applying ownership & permissions fixes...
[36mdocker-tc     |[0m [fix-attrs.d] done.
[36mdocker-tc     |[0m [cont-init.d] executing container initialization scripts...
[36mdocker-tc     |[0m [cont-init.d] 00-init: executing... 
[36mdocker-tc     |[0m [cont-init.d] 00-init: exited 0.
[36mdocker-tc     |[0m [cont-init.d] done.
[36mdocker-tc     |[0m [services.d] starting services
[36mdocker-tc     |[0m Starting garbage collector
[36mdocker-tc     |[0m Starting HTTP server on 127.0.0.1:4080
[36mdocker-tc     |[0m + exec hapttic -file /docker-tc/bin/httpd.sh -logErrors -host 127.0.0.1 -port 4080
[36mdocker-tc     |[0m [services.d] done.
[36mdocker-tc     |[0m 
[36mdocker-tc     |[0m  ____          _              _____         ___ ___ _        _____         _           _
[36mdocker-tc     |[0m |    \ ___ ___| |_ ___ ___   |_   _|___ ___|  _|  _|_|___   |     |___ ___| |_ ___ ___| |
[36mdocker-tc     |[0m |  |  | . |  _| '_| -_|  _|    | | |  _| .'|  _|  _| |  _|  |   --| . |   |  _|  _| . | |
[36mdocker-tc     |[0m |____/|___|___|_,_|___|_|      |_| |_| |__,|_| |_| |_|___|  |_____|___|_|_|_| |_| |___|_|
[36mdocker-tc     |[0m 
[36mdocker-tc     |[0m 2026/01/28 02:54:52 Thanks for using hapttic v1.0.0
[36mdocker-tc     |[0m 2026/01/28 02:54:52 Listening on 127.0.0.1:4080
[36mdocker-tc     |[0m 2026/01/28 02:54:52 Forwarding requests to /docker-tc/bin/httpd.sh
[36mdocker-tc     |[0m 2026/01/28 02:54:52 Logging errors to stderr
[33mserver_1      |[0m TensorFlow installation not found - running with reduced feature set.
[36mdocker-tc     |[0m Starting Docker Traffic Control 18.12
[36mdocker-tc     |[0m https://github.com/lukaszlach/docker-tc
[36mdocker-tc     |[0m 
[33mserver_1      |[0m 
[33mserver_1      |[0m NOTE: Using experimental fast data loading logic. To disable, pass
[33mserver_1      |[0m     "--load_fast=false" and report issues on GitHub. More details:
[33mserver_1      |[0m     https://github.com/tensorflow/tensorboard/issues/4784
[33mserver_1      |[0m 
[33mserver_1      |[0m TensorBoard 2.20.0 at http://0.0.0.0:6006/ (Press CTRL+C to quit)
[36mdocker-tc     |[0m [2026-01-28T02:54:52+00:00] [b48a3f25ede9] Notice: Skipping container, service was disabled by label
[36mdocker-tc     |[0m [2026-01-28T02:54:52+00:00] [bd19146b9070] Notice: Skipping container, no valid labels found
[36mdocker-tc     |[0m [2026-01-28T02:54:52+00:00] [438bf01636a0] Notice: Skipping container, no valid labels found
[36mdocker-tc     |[0m [2026-01-28T02:54:52+00:00] [c314c85387cb] Notice: Skipping container, no valid labels found
[36mdocker-tc     |[0m Error response from daemon: Container 3e4b2842dc618e2afe83311ecd360e727849572adbdf41474062df0f06f43f7f is restarting, wait until the container is running
[36mdocker-tc     |[0m [2026-01-28T02:54:52+00:00] [3e4b2842dc61] Warning: Network has no corresponding virtual network interface
[36mdocker-tc     |[0m [2026-01-28T02:54:52+00:00] [8f0066d3cabe] Notice: Skipping container, no valid labels found
[36mdocker-tc     |[0m [2026-01-28T02:54:52+00:00] [de54344f96a7] Set delay=200ms, loss=1% on veth8c1ee33
[36mdocker-tc     |[0m [2026-01-28T02:54:52+00:00] [de54344f96a7] Set bandwidth-limit=5mbps on veth8c1ee33
[36mdocker-tc     |[0m [2026-01-28T02:54:52+00:00] [de54344f96a7] Controlling traffic of the container /fl-rest_client_014_1 on veth8c1ee33
[36mdocker-tc     |[0m [2026-01-28T02:54:53+00:00] [02655b616a61] Set delay=200ms, loss=1% on veth16370bb
[36mdocker-tc     |[0m [2026-01-28T02:54:53+00:00] [02655b616a61] Set bandwidth-limit=5mbps on veth16370bb
[36mdocker-tc     |[0m [2026-01-28T02:54:53+00:00] [02655b616a61] Controlling traffic of the container /fl-rest_client_019_1 on veth16370bb
[36mdocker-tc     |[0m [2026-01-28T02:54:53+00:00] [4a81dbe56ca9] Set delay=200ms, loss=1% on vetha0f1b17
[36mdocker-tc     |[0m [2026-01-28T02:54:53+00:00] [4a81dbe56ca9] Set bandwidth-limit=5mbps on vetha0f1b17
[36mdocker-tc     |[0m [2026-01-28T02:54:53+00:00] [4a81dbe56ca9] Controlling traffic of the container /fl-rest_client_017_1 on vetha0f1b17
[33mserver_1      |[0m INFO:__main__:Writing TensorBoard logs to: fl_logs/tensorboard/Cenario_C_Hibrido_Mu0.01_Alpha0.0_0254
[33mserver_1      |[0m INFO:__main__:Loading CIFAR-10 test dataset...
[36mdocker-tc     |[0m [2026-01-28T02:54:53+00:00] [67196af7aa83] Set delay=20ms on veth0af12d7
[36mdocker-tc     |[0m [2026-01-28T02:54:53+00:00] [67196af7aa83] Set bandwidth-limit=1gbit on veth0af12d7
[36mdocker-tc     |[0m [2026-01-28T02:54:53+00:00] [67196af7aa83] Controlling traffic of the container /fl-rest_client_001_1 on veth0af12d7
[36mdocker-tc     |[0m [2026-01-28T02:54:54+00:00] [d89ecf519c77] Set delay=20ms on veth9660be7
[36mdocker-tc     |[0m [2026-01-28T02:54:54+00:00] [d89ecf519c77] Set bandwidth-limit=1gbit on veth9660be7
[33;1mclient_016_1  |[0m 2026-01-28 02:54:54,059 - __main__ - INFO - --- Starting FL Client: client_016 ---
[33;1mclient_016_1  |[0m 2026-01-28 02:54:54,061 - __main__ - WARNING - Registration attempt 1 failed: HTTPConnectionPool(host='server', port=5000): Max retries exceeded with url: /register (Caused by NewConnectionError('<urllib3.connection.HTTPConnection object at 0x74e159dccee0>: Failed to establish a new connection: [Errno 111] Connection refused'))
[33mserver_1      |[0m INFO:__main__:Test dataset loaded.
[33mserver_1      |[0m INFO:__main__:Initial model for round 0 created.
[33mserver_1      |[0m Files already downloaded and verified
[33mserver_1      |[0m  * Serving Flask app 'app'
[33mserver_1      |[0m  * Debug mode: off
[33mserver_1      |[0m INFO:werkzeug:[31m[1mWARNING: This is a development server. Do not use it in a production deployment. Use a production WSGI server instead.[0m
[33mserver_1      |[0m  * Running on all addresses (0.0.0.0)
[33mserver_1      |[0m  * Running on http://127.0.0.1:5000
[33mserver_1      |[0m  * Running on http://172.18.0.2:5000
[33mserver_1      |[0m INFO:werkzeug:[33mPress CTRL+C to quit[0m
[36mdocker-tc     |[0m [2026-01-28T02:54:54+00:00] [d89ecf519c77] Controlling traffic of the container /fl-rest_client_007_1 on veth9660be7
[34mclient_014_1  |[0m 2026-01-28 02:54:54,115 - __main__ - INFO - --- Starting FL Client: client_014 ---
[33mclient_011_1  |[0m 2026-01-28 02:54:54,138 - __main__ - INFO - --- Starting FL Client: client_011 ---
[33mserver_1      |[0m INFO:__main__:Client client_011 registered.
[33mserver_1      |[0m INFO:__main__:--- Starting Round 0. Timeout: 300s ---
[33mclient_011_1  |[0m 2026-01-28 02:54:54,141 - __main__ - INFO - ✅ Registered with server successfully.
[34;1mclient_019_1  |[0m 2026-01-28 02:54:54,156 - __main__ - INFO - --- Starting FL Client: client_019 ---
[36mclient_020_1  |[0m 2026-01-28 02:54:54,157 - __main__ - INFO - --- Starting FL Client: client_020 ---
[35;1mclient_018_1  |[0m 2026-01-28 02:54:54,159 - __main__ - INFO - --- Starting FL Client: client_018 ---
[33mserver_1      |[0m INFO:__main__:Client client_020 registered.
[33mserver_1      |[0m INFO:__main__:Client client_018 registered.
[36mclient_020_1  |[0m 2026-01-28 02:54:54,162 - __main__ - INFO - ✅ Registered with server successfully.
[35;1mclient_018_1  |[0m 2026-01-28 02:54:54,163 - __main__ - INFO - ✅ Registered with server successfully.
[35;1mclient_008_1  |[0m 2026-01-28 02:54:54,168 - __main__ - INFO - --- Starting FL Client: client_008 ---
[33mserver_1      |[0m INFO:__main__:Client client_008 registered.
[35;1mclient_008_1  |[0m 2026-01-28 02:54:54,172 - __main__ - INFO - ✅ Registered with server successfully.
[32mclient_012_1  |[0m 2026-01-28 02:54:54,180 - __main__ - INFO - --- Starting FL Client: client_012 ---
[33mserver_1      |[0m INFO:__main__:Client client_012 registered.
[32mclient_012_1  |[0m 2026-01-28 02:54:54,184 - __main__ - INFO - ✅ Registered with server successfully.
[35mclient_013_1  |[0m 2026-01-28 02:54:54,186 - __main__ - INFO - --- Starting FL Client: client_013 ---
[33mserver_1      |[0m INFO:__main__:Client client_013 registered.
[35mclient_013_1  |[0m 2026-01-28 02:54:54,190 - __main__ - INFO - ✅ Registered with server successfully.
[36mdocker-tc     |[0m [2026-01-28T02:54:54+00:00] [f857b38f5d51] Set delay=200ms, loss=1% on veth6298b57
[36mdocker-tc     |[0m [2026-01-28T02:54:54+00:00] [f857b38f5d51] Set bandwidth-limit=5mbps on veth6298b57
[34mclient_004_1  |[0m 2026-01-28 02:54:54,293 - __main__ - INFO - --- Starting FL Client: client_004 ---
[32mclient_002_1  |[0m 2026-01-28 02:54:54,294 - __main__ - INFO - --- Starting FL Client: client_002 ---
[33mserver_1      |[0m INFO:__main__:Client client_004 registered.
[33mserver_1      |[0m INFO:__main__:Client client_002 registered.
[34mclient_004_1  |[0m 2026-01-28 02:54:54,297 - __main__ - INFO - ✅ Registered with server successfully.
[32mclient_002_1  |[0m 2026-01-28 02:54:54,297 - __main__ - INFO - ✅ Registered with server successfully.
[36mdocker-tc     |[0m [2026-01-28T02:54:54+00:00] [f857b38f5d51] Controlling traffic of the container /fl-rest_client_016_1 on veth6298b57
[33mclient_001_1  |[0m 2026-01-28 02:54:54,321 - __main__ - INFO - --- Starting FL Client: client_001 ---
[32;1mclient_017_1  |[0m 2026-01-28 02:54:54,327 - __main__ - INFO - --- Starting FL Client: client_017 ---
[35mclient_003_1  |[0m 2026-01-28 02:54:54,338 - __main__ - INFO - --- Starting FL Client: client_003 ---
[33mserver_1      |[0m INFO:__main__:Client client_003 registered.
[35mclient_003_1  |[0m 2026-01-28 02:54:54,343 - __main__ - INFO - ✅ Registered with server successfully.
[33mserver_1      |[0m INFO:__main__:Client client_001 registered.
[32;1mclient_007_1  |[0m 2026-01-28 02:54:54,376 - __main__ - INFO - --- Starting FL Client: client_007 ---
[33mclient_001_1  |[0m 2026-01-28 02:54:54,395 - __main__ - INFO - ✅ Registered with server successfully.
[36;1mclient_015_1  |[0m 2026-01-28 02:54:54,410 - __main__ - INFO - --- Starting FL Client: client_015 ---
[33mserver_1      |[0m INFO:__main__:Client client_015 registered.
[36;1mclient_015_1  |[0m 2026-01-28 02:54:54,417 - __main__ - INFO - ✅ Registered with server successfully.
[33mserver_1      |[0m INFO:__main__:Client client_007 registered.
[32;1mclient_007_1  |[0m 2026-01-28 02:54:54,451 - __main__ - INFO - ✅ Registered with server successfully.
[33mclient_011_1  |[0m 2026-01-28 02:54:54,480 - __main__ - INFO - --- New Round Detected: 0 ---
[33mserver_1      |[0m INFO:werkzeug:172.18.0.11 - - [28/Jan/2026 02:54:54] "GET /download_model?round=0 HTTP/1.1" 200 -
[33mclient_011_1  |[0m /opt/conda/lib/python3.10/site-packages/torch/cuda/amp/grad_scaler.py:125: UserWarning: torch.cuda.amp.GradScaler is enabled, but CUDA is not available.  Disabling.
[33mclient_011_1  |[0m   warnings.warn(
[36mclient_020_1  |[0m 2026-01-28 02:54:54,502 - __main__ - INFO - --- New Round Detected: 0 ---
[33mserver_1      |[0m INFO:werkzeug:172.18.0.15 - - [28/Jan/2026 02:54:54] "GET /download_model?round=0 HTTP/1.1" 200 -
[33mclient_011_1  |[0m /opt/conda/lib/python3.10/site-packages/torch/amp/autocast_mode.py:250: UserWarning: User provided device_type of 'cuda', but CUDA is not available. Disabling
[33mclient_011_1  |[0m   warnings.warn(
[33mserver_1      |[0m INFO:__main__:Client client_014 registered.
[35;1mclient_018_1  |[0m 2026-01-28 02:54:54,519 - __main__ - INFO - --- New Round Detected: 0 ---
[35;1mclient_008_1  |[0m 2026-01-28 02:54:54,519 - __main__ - INFO - --- New Round Detected: 0 ---
[33mserver_1      |[0m INFO:werkzeug:172.18.0.9 - - [28/Jan/2026 02:54:54] "GET /download_model?round=0 HTTP/1.1" 200 -
[33mserver_1      |[0m INFO:werkzeug:172.18.0.18 - - [28/Jan/2026 02:54:54] "GET /download_model?round=0 HTTP/1.1" 200 -
[35mclient_013_1  |[0m 2026-01-28 02:54:54,534 - __main__ - INFO - --- New Round Detected: 0 ---
[33mserver_1      |[0m INFO:werkzeug:172.18.0.16 - - [28/Jan/2026 02:54:54] "GET /download_model?round=0 HTTP/1.1" 200 -
[36mclient_020_1  |[0m /opt/conda/lib/python3.10/site-packages/torch/cuda/amp/grad_scaler.py:125: UserWarning: torch.cuda.amp.GradScaler is enabled, but CUDA is not available.  Disabling.
[36mclient_020_1  |[0m   warnings.warn(
[33mserver_1      |[0m INFO:__main__:Client client_019 registered.
[36mclient_020_1  |[0m /opt/conda/lib/python3.10/site-packages/torch/amp/autocast_mode.py:250: UserWarning: User provided device_type of 'cuda', but CUDA is not available. Disabling
[36mclient_020_1  |[0m   warnings.warn(
[36;1mclient_005_1  |[0m 2026-01-28 02:54:54,584 - __main__ - INFO - --- Starting FL Client: client_005 ---
[33mserver_1      |[0m INFO:__main__:Client client_005 registered.
[36;1mclient_005_1  |[0m 2026-01-28 02:54:54,591 - __main__ - INFO - ✅ Registered with server successfully.
[35;1mclient_018_1  |[0m /opt/conda/lib/python3.10/site-packages/torch/cuda/amp/grad_scaler.py:125: UserWarning: torch.cuda.amp.GradScaler is enabled, but CUDA is not available.  Disabling.
[35;1mclient_018_1  |[0m   warnings.warn(
[35;1mclient_018_1  |[0m /opt/conda/lib/python3.10/site-packages/torch/amp/autocast_mode.py:250: UserWarning: User provided device_type of 'cuda', but CUDA is not available. Disabling
[35;1mclient_018_1  |[0m   warnings.warn(
[36mdocker-tc     |[0m [2026-01-28T02:54:54+00:00] [8a5f061c7a59] Set delay=200ms, loss=1% on veth97f8e02
[36mdocker-tc     |[0m [2026-01-28T02:54:54+00:00] [8a5f061c7a59] Set bandwidth-limit=5mbps on veth97f8e02
[35mclient_013_1  |[0m /opt/conda/lib/python3.10/site-packages/torch/cuda/amp/grad_scaler.py:125: UserWarning: torch.cuda.amp.GradScaler is enabled, but CUDA is not available.  Disabling.
[35mclient_013_1  |[0m   warnings.warn(
[36mclient_010_1  |[0m 2026-01-28 02:54:54,662 - __main__ - INFO - --- Starting FL Client: client_010 ---
[33mserver_1      |[0m INFO:__main__:Client client_010 registered.
[36mclient_010_1  |[0m 2026-01-28 02:54:54,670 - __main__ - INFO - ✅ Registered with server successfully.
[34;1mclient_009_1  |[0m 2026-01-28 02:54:54,676 - __main__ - INFO - --- Starting FL Client: client_009 ---
[33mserver_1      |[0m INFO:__main__:Client client_009 registered.
[32mclient_012_1  |[0m 2026-01-28 02:54:54,681 - __main__ - INFO - --- New Round Detected: 0 ---
[34;1mclient_009_1  |[0m 2026-01-28 02:54:54,683 - __main__ - INFO - ✅ Registered with server successfully.
[33mserver_1      |[0m INFO:werkzeug:172.18.0.12 - - [28/Jan/2026 02:54:54] "GET /download_model?round=0 HTTP/1.1" 200 -
[35mclient_013_1  |[0m /opt/conda/lib/python3.10/site-packages/torch/amp/autocast_mode.py:250: UserWarning: User provided device_type of 'cuda', but CUDA is not available. Disabling
[35mclient_013_1  |[0m   warnings.warn(
[33;1mclient_006_1  |[0m 2026-01-28 02:54:54,713 - __main__ - INFO - --- Starting FL Client: client_006 ---
[33mserver_1      |[0m INFO:__main__:Client client_006 registered.
[33;1mclient_006_1  |[0m 2026-01-28 02:54:54,718 - __main__ - INFO - ✅ Registered with server successfully.
[34mclient_014_1  |[0m 2026-01-28 02:54:54,730 - __main__ - INFO - ✅ Registered with server successfully.
[36mdocker-tc     |[0m [2026-01-28T02:54:54+00:00] [8a5f061c7a59] Controlling traffic of the container /fl-rest_client_018_1 on veth97f8e02
[34;1mclient_019_1  |[0m 2026-01-28 02:54:54,771 - __main__ - INFO - ✅ Registered with server successfully.
[32mclient_002_1  |[0m 2026-01-28 02:54:54,779 - __main__ - INFO - --- New Round Detected: 0 ---
[33mserver_1      |[0m INFO:werkzeug:172.18.0.20 - - [28/Jan/2026 02:54:54] "GET /download_model?round=0 HTTP/1.1" 200 -
[34mclient_004_1  |[0m 2026-01-28 02:54:54,797 - __main__ - INFO - --- New Round Detected: 0 ---
[33mserver_1      |[0m INFO:werkzeug:172.18.0.10 - - [28/Jan/2026 02:54:54] "GET /download_model?round=0 HTTP/1.1" 200 -
[35mclient_003_1  |[0m 2026-01-28 02:54:54,834 - __main__ - INFO - --- New Round Detected: 0 ---
[33mserver_1      |[0m INFO:werkzeug:172.18.0.14 - - [28/Jan/2026 02:54:54] "GET /download_model?round=0 HTTP/1.1" 200 -
[36;1mclient_015_1  |[0m 2026-01-28 02:54:54,907 - __main__ - INFO - --- New Round Detected: 0 ---
[33mserver_1      |[0m INFO:werkzeug:172.18.0.13 - - [28/Jan/2026 02:54:54] "GET /download_model?round=0 HTTP/1.1" 200 -
[33mclient_001_1  |[0m 2026-01-28 02:54:54,934 - __main__ - INFO - --- New Round Detected: 0 ---
[33mserver_1      |[0m INFO:werkzeug:172.18.0.6 - - [28/Jan/2026 02:54:54] "GET /download_model?round=0 HTTP/1.1" 200 -
[32;1mclient_007_1  |[0m 2026-01-28 02:54:54,993 - __main__ - INFO - --- New Round Detected: 0 ---
[32mclient_012_1  |[0m /opt/conda/lib/python3.10/site-packages/torch/cuda/amp/grad_scaler.py:125: UserWarning: torch.cuda.amp.GradScaler is enabled, but CUDA is not available.  Disabling.
[32mclient_012_1  |[0m   warnings.warn(
[36;1mclient_015_1  |[0m /opt/conda/lib/python3.10/site-packages/torch/cuda/amp/grad_scaler.py:125: UserWarning: torch.cuda.amp.GradScaler is enabled, but CUDA is not available.  Disabling.
[36;1mclient_015_1  |[0m   warnings.warn(
[33mserver_1      |[0m INFO:werkzeug:172.18.0.7 - - [28/Jan/2026 02:54:55] "GET /download_model?round=0 HTTP/1.1" 200 -
[36;1mclient_015_1  |[0m /opt/conda/lib/python3.10/site-packages/torch/amp/autocast_mode.py:250: UserWarning: User provided device_type of 'cuda', but CUDA is not available. Disabling
[36;1mclient_015_1  |[0m   warnings.warn(
[36mclient_010_1  |[0m 2026-01-28 02:54:55,075 - __main__ - INFO - --- New Round Detected: 0 ---
[33mserver_1      |[0m INFO:werkzeug:172.18.0.19 - - [28/Jan/2026 02:54:55] "GET /download_model?round=0 HTTP/1.1" 200 -
[36;1mclient_005_1  |[0m 2026-01-28 02:54:55,078 - __main__ - INFO - --- New Round Detected: 0 ---
[32mclient_012_1  |[0m /opt/conda/lib/python3.10/site-packages/torch/amp/autocast_mode.py:250: UserWarning: User provided device_type of 'cuda', but CUDA is not available. Disabling
[32mclient_012_1  |[0m   warnings.warn(
[33mserver_1      |[0m INFO:werkzeug:172.18.0.17 - - [28/Jan/2026 02:54:55] "GET /download_model?round=0 HTTP/1.1" 200 -
[33;1mclient_006_1  |[0m 2026-01-28 02:54:55,195 - __main__ - INFO - --- New Round Detected: 0 ---
[33mserver_1      |[0m INFO:werkzeug:172.18.0.21 - - [28/Jan/2026 02:54:55] "GET /download_model?round=0 HTTP/1.1" 200 -
[34;1mclient_009_1  |[0m 2026-01-28 02:54:55,208 - __main__ - INFO - --- New Round Detected: 0 ---
[33mserver_1      |[0m INFO:werkzeug:172.18.0.22 - - [28/Jan/2026 02:54:55] "GET /download_model?round=0 HTTP/1.1" 200 -
[36mdocker-tc     |[0m [2026-01-28T02:54:55+00:00] [d107ecaab7fe] Set delay=20ms on veth15f49a3
[36mdocker-tc     |[0m [2026-01-28T02:54:55+00:00] [d107ecaab7fe] Set bandwidth-limit=1gbit on veth15f49a3
[36mdocker-tc     |[0m [2026-01-28T02:54:55+00:00] [d107ecaab7fe] Controlling traffic of the container /fl-rest_client_004_1 on veth15f49a3
[33mserver_1      |[0m INFO:__main__:Client client_017 registered.
[34;1mclient_019_1  |[0m 2026-01-28 02:54:55,649 - __main__ - INFO - --- New Round Detected: 0 ---
[36mdocker-tc     |[0m [2026-01-28T02:54:55+00:00] [ec67be782cd9] Set delay=200ms, loss=1% on vethd36b221
[36mdocker-tc     |[0m [2026-01-28T02:54:55+00:00] [ec67be782cd9] Set bandwidth-limit=5mbps on vethd36b221
[34mclient_014_1  |[0m 2026-01-28 02:54:55,670 - __main__ - INFO - --- New Round Detected: 0 ---
[36mdocker-tc     |[0m [2026-01-28T02:54:55+00:00] [ec67be782cd9] Controlling traffic of the container /fl-rest_client_011_1 on vethd36b221
[32;1mclient_017_1  |[0m 2026-01-28 02:54:55,752 - __main__ - INFO - ✅ Registered with server successfully.
[33mserver_1      |[0m INFO:werkzeug:172.18.0.4 - - [28/Jan/2026 02:54:55] "GET /download_model?round=0 HTTP/1.1" 200 -
[33mserver_1      |[0m INFO:werkzeug:172.18.0.3 - - [28/Jan/2026 02:54:55] "GET /download_model?round=0 HTTP/1.1" 200 -
[36mdocker-tc     |[0m [2026-01-28T02:54:56+00:00] [d64f3b34e40b] Set delay=200ms, loss=1% on veth96db079
[36mdocker-tc     |[0m [2026-01-28T02:54:56+00:00] [d64f3b34e40b] Set bandwidth-limit=5mbps on veth96db079
[36mdocker-tc     |[0m [2026-01-28T02:54:56+00:00] [d64f3b34e40b] Controlling traffic of the container /fl-rest_client_012_1 on veth96db079
[32;1mclient_017_1  |[0m 2026-01-28 02:54:56,477 - __main__ - INFO - --- New Round Detected: 0 ---
[36mdocker-tc     |[0m [2026-01-28T02:54:56+00:00] [4eb3bc1366ad] Set delay=200ms, loss=1% on veth8f3abb5
[36mdocker-tc     |[0m [2026-01-28T02:54:56+00:00] [4eb3bc1366ad] Set bandwidth-limit=5mbps on veth8f3abb5
[36mdocker-tc     |[0m [2026-01-28T02:54:56+00:00] [4eb3bc1366ad] Controlling traffic of the container /fl-rest_client_015_1 on veth8f3abb5
[33mserver_1      |[0m INFO:werkzeug:172.18.0.5 - - [28/Jan/2026 02:54:56] "GET /download_model?round=0 HTTP/1.1" 200 -
[33;1mclient_006_1  |[0m 2026-01-28 02:54:56,728 - __main__ - INFO - Round 0 finished. Loss: 0.0000, Acc: 0.00%
[33mserver_1      |[0m INFO:__main__:Received update from client_006
[33mserver_1      |[0m INFO:werkzeug:172.18.0.21 - - [28/Jan/2026 02:54:56] "POST /submit_update HTTP/1.1" 200 -
[33;1mclient_006_1  |[0m 2026-01-28 02:54:56,738 - __main__ - INFO - 🚀 Model update submitted successfully.
[33;1mclient_006_1  |[0m 2026-01-28 02:54:56,739 - __main__ - INFO - Update submitted for Round 0. Waiting...
[32;1mclient_007_1  |[0m 2026-01-28 02:54:57,132 - __main__ - INFO - Round 0 finished. Loss: 0.0000, Acc: 0.00%
[36mdocker-tc     |[0m [2026-01-28T02:54:57+00:00] [1cba8db049ab] Set delay=20ms on veth37fe2fa
[36mdocker-tc     |[0m [2026-01-28T02:54:57+00:00] [1cba8db049ab] Set bandwidth-limit=1gbit on veth37fe2fa
[36mdocker-tc     |[0m [2026-01-28T02:54:57+00:00] [1cba8db049ab] Controlling traffic of the container /fl-rest_client_003_1 on veth37fe2fa
[33mserver_1      |[0m INFO:__main__:Received update from client_007
[33mserver_1      |[0m INFO:werkzeug:172.18.0.7 - - [28/Jan/2026 02:54:57] "POST /submit_update HTTP/1.1" 200 -
[32;1mclient_007_1  |[0m 2026-01-28 02:54:57,266 - __main__ - INFO - 🚀 Model update submitted successfully.
[32;1mclient_007_1  |[0m 2026-01-28 02:54:57,266 - __main__ - INFO - Update submitted for Round 0. Waiting...
[33mserver_1      |[0m INFO:__main__:Client client_016 registered.
[34;1mclient_019_1  |[0m /opt/conda/lib/python3.10/site-packages/torch/cuda/amp/grad_scaler.py:125: UserWarning: torch.cuda.amp.GradScaler is enabled, but CUDA is not available.  Disabling.
[34;1mclient_019_1  |[0m   warnings.warn(
[34mclient_014_1  |[0m /opt/conda/lib/python3.10/site-packages/torch/cuda/amp/grad_scaler.py:125: UserWarning: torch.cuda.amp.GradScaler is enabled, but CUDA is not available.  Disabling.
[34mclient_014_1  |[0m   warnings.warn(
[33mclient_001_1  |[0m 2026-01-28 02:54:57,402 - __main__ - INFO - Round 0 finished. Loss: 0.0000, Acc: 0.00%
[34;1mclient_019_1  |[0m /opt/conda/lib/python3.10/site-packages/torch/amp/autocast_mode.py:250: UserWarning: User provided device_type of 'cuda', but CUDA is not available. Disabling
[34;1mclient_019_1  |[0m   warnings.warn(
[33mserver_1      |[0m INFO:__main__:Received update from client_001
[33;1mclient_016_1  |[0m 2026-01-28 02:54:57,508 - __main__ - INFO - ✅ Registered with server successfully.
[33mserver_1      |[0m INFO:werkzeug:172.18.0.6 - - [28/Jan/2026 02:54:57] "POST /submit_update HTTP/1.1" 200 -
[34mclient_014_1  |[0m /opt/conda/lib/python3.10/site-packages/torch/amp/autocast_mode.py:250: UserWarning: User provided device_type of 'cuda', but CUDA is not available. Disabling
[34mclient_014_1  |[0m   warnings.warn(
[33mclient_001_1  |[0m 2026-01-28 02:54:57,540 - __main__ - INFO - 🚀 Model update submitted successfully.
[33mclient_001_1  |[0m 2026-01-28 02:54:57,540 - __main__ - INFO - Update submitted for Round 0. Waiting...
[36mdocker-tc     |[0m [2026-01-28T02:54:57+00:00] [7cfa57e51ac0] Set delay=200ms, loss=1% on veth82262a0
[36mdocker-tc     |[0m [2026-01-28T02:54:57+00:00] [7cfa57e51ac0] Set bandwidth-limit=5mbps on veth82262a0
[36mclient_010_1  |[0m 2026-01-28 02:54:57,786 - __main__ - INFO - Round 0 finished. Loss: 0.0000, Acc: 0.00%
[33mserver_1      |[0m INFO:__main__:Received update from client_010
[33mserver_1      |[0m INFO:werkzeug:172.18.0.19 - - [28/Jan/2026 02:54:57] "POST /submit_update HTTP/1.1" 200 -
[36mclient_010_1  |[0m 2026-01-28 02:54:57,800 - __main__ - INFO - 🚀 Model update submitted successfully.
[36mclient_010_1  |[0m 2026-01-28 02:54:57,800 - __main__ - INFO - Update submitted for Round 0. Waiting...
[36mdocker-tc     |[0m [2026-01-28T02:54:57+00:00] [7cfa57e51ac0] Controlling traffic of the container /fl-rest_client_020_1 on veth82262a0
[36mdocker-tc     |[0m [2026-01-28T02:54:58+00:00] [aeecd635bc8c] Set delay=200ms, loss=1% on veth8d2743b
[36mdocker-tc     |[0m [2026-01-28T02:54:58+00:00] [aeecd635bc8c] Set bandwidth-limit=5mbps on veth8d2743b
[32mclient_002_1  |[0m 2026-01-28 02:54:58,306 - __main__ - INFO - Round 0 finished. Loss: 0.0000, Acc: 0.00%
[33mserver_1      |[0m INFO:__main__:Received update from client_002
[33mserver_1      |[0m INFO:__main__:--- Aggregating 5 updates ---
[33mserver_1      |[0m INFO:__main__:⚡ Using Custom Aggregator with Drift Metric...
[33mserver_1      |[0m INFO:server.aggregator:Starting FedAvg aggregation for 5 clients.
[36mdocker-tc     |[0m [2026-01-28T02:54:58+00:00] [aeecd635bc8c] Controlling traffic of the container /fl-rest_client_013_1 on veth8d2743b
[35;1mclient_008_1  |[0m 2026-01-28 02:54:58,587 - __main__ - INFO - Round 0 finished. Loss: 0.0000, Acc: 0.00%
[33mserver_1      |[0m INFO:werkzeug:172.18.0.18 - - [28/Jan/2026 02:54:58] "[31m[1mPOST /submit_update HTTP/1.1[0m" 400 -
[35;1mclient_008_1  |[0m 2026-01-28 02:54:58,591 - __main__ - ERROR - Update submission failed: {"error":"Not accepting updates"}
[35;1mclient_008_1  |[0m 
[35;1mclient_008_1  |[0m 2026-01-28 02:54:58,591 - __main__ - INFO - Update submitted for Round 0. Waiting...
[33;1mclient_016_1  |[0m 2026-01-28 02:54:58,727 - __main__ - INFO - --- New Round Detected: 0 ---
[33mserver_1      |[0m INFO:werkzeug:172.18.0.8 - - [28/Jan/2026 02:54:58] "GET /download_model?round=0 HTTP/1.1" 200 -
[36mdocker-tc     |[0m [2026-01-28T02:54:58+00:00] [96988194e22c] Set delay=20ms on veth7f2934b
[36mdocker-tc     |[0m [2026-01-28T02:54:58+00:00] [96988194e22c] Set bandwidth-limit=1gbit on veth7f2934b
[32;1mclient_017_1  |[0m /opt/conda/lib/python3.10/site-packages/torch/cuda/amp/grad_scaler.py:125: UserWarning: torch.cuda.amp.GradScaler is enabled, but CUDA is not available.  Disabling.
[32;1mclient_017_1  |[0m   warnings.warn(
[36mdocker-tc     |[0m [2026-01-28T02:54:59+00:00] [96988194e22c] Controlling traffic of the container /fl-rest_client_005_1 on veth7f2934b
[32;1mclient_017_1  |[0m /opt/conda/lib/python3.10/site-packages/torch/amp/autocast_mode.py:250: UserWarning: User provided device_type of 'cuda', but CUDA is not available. Disabling
[32;1mclient_017_1  |[0m   warnings.warn(
[36;1mclient_005_1  |[0m 2026-01-28 02:54:59,161 - __main__ - INFO - Round 0 finished. Loss: 0.0000, Acc: 0.00%
[33mserver_1      |[0m INFO:werkzeug:172.18.0.17 - - [28/Jan/2026 02:54:59] "[31m[1mPOST /submit_update HTTP/1.1[0m" 400 -
[36;1mclient_005_1  |[0m 2026-01-28 02:54:59,224 - __main__ - ERROR - Update submission failed: {"error":"Not accepting updates"}
[36;1mclient_005_1  |[0m 
[36;1mclient_005_1  |[0m 2026-01-28 02:54:59,225 - __main__ - INFO - Update submitted for Round 0. Waiting...
[36mdocker-tc     |[0m [2026-01-28T02:54:59+00:00] [f53189870659] Set delay=20ms on veth4e789e0
[36mdocker-tc     |[0m [2026-01-28T02:54:59+00:00] [f53189870659] Set bandwidth-limit=1gbit on veth4e789e0
[36mdocker-tc     |[0m [2026-01-28T02:54:59+00:00] [f53189870659] Controlling traffic of the container /fl-rest_client_008_1 on veth4e789e0
[33mserver_1      |[0m INFO:server.aggregator:--- [METRIC] Weight Divergence: 0.6183
[33mserver_1      |[0m INFO:server.aggregator:FedAvg aggregation complete.
[33mserver_1      |[0m INFO:__main__:Aggregation complete.
[33mserver_1      |[0m ⏱️ [TIME] Client client_006 finished training in 0.61s
[33mserver_1      |[0m ⏱️ [TIME] Client client_007 finished training in 0.94s
[33mserver_1      |[0m ⏱️ [TIME] Client client_001 finished training in 1.13s
[33mserver_1      |[0m ⏱️ [TIME] Client client_010 finished training in 1.60s
[33mserver_1      |[0m ⏱️ [TIME] Client client_002 finished training in 3.18s
[33mserver_1      |[0m DEBUG: ⚠️ MY CUSTOM AGGREGATOR IS RUNNING ⚠️
[36mdocker-tc     |[0m [2026-01-28T02:55:00+00:00] [f245576e803d] Set delay=20ms on vethbb654a6
[36mdocker-tc     |[0m [2026-01-28T02:55:00+00:00] [f245576e803d] Set bandwidth-limit=1gbit on vethbb654a6
[36mdocker-tc     |[0m [2026-01-28T02:55:00+00:00] [f245576e803d] Controlling traffic of the container /fl-rest_client_010_1 on vethbb654a6
[33;1mclient_016_1  |[0m /opt/conda/lib/python3.10/site-packages/torch/cuda/amp/grad_scaler.py:125: UserWarning: torch.cuda.amp.GradScaler is enabled, but CUDA is not available.  Disabling.
[33;1mclient_016_1  |[0m   warnings.warn(
[33;1mclient_016_1  |[0m /opt/conda/lib/python3.10/site-packages/torch/amp/autocast_mode.py:250: UserWarning: User provided device_type of 'cuda', but CUDA is not available. Disabling
[33;1mclient_016_1  |[0m   warnings.warn(
[36mdocker-tc     |[0m [2026-01-28T02:55:00+00:00] [41c39a66a97d] Set delay=20ms on veth5d90357
[36mdocker-tc     |[0m [2026-01-28T02:55:00+00:00] [41c39a66a97d] Set bandwidth-limit=1gbit on veth5d90357
[36mdocker-tc     |[0m [2026-01-28T02:55:00+00:00] [41c39a66a97d] Controlling traffic of the container /fl-rest_client_002_1 on veth5d90357
[36mdocker-tc     |[0m [2026-01-28T02:55:01+00:00] [8ae736478d4f] Set delay=20ms on veth4ce8488
[36mdocker-tc     |[0m [2026-01-28T02:55:01+00:00] [8ae736478d4f] Set bandwidth-limit=1gbit on veth4ce8488
[36mdocker-tc     |[0m [2026-01-28T02:55:01+00:00] [8ae736478d4f] Controlling traffic of the container /fl-rest_client_006_1 on veth4ce8488
[34;1mclient_009_1  |[0m 2026-01-28 02:55:01,279 - __main__ - INFO - Round 0 finished. Loss: 0.0000, Acc: 0.00%
[33mserver_1      |[0m INFO:werkzeug:172.18.0.22 - - [28/Jan/2026 02:55:01] "[31m[1mPOST /submit_update HTTP/1.1[0m" 400 -
[34;1mclient_009_1  |[0m 2026-01-28 02:55:01,331 - __main__ - ERROR - Update submission failed: {"error":"Not accepting updates"}
[34;1mclient_009_1  |[0m 
[34;1mclient_009_1  |[0m 2026-01-28 02:55:01,332 - __main__ - INFO - Update submitted for Round 0. Waiting...
[33mserver_1      |[0m INFO:__main__:--- Round 0 Acc: 10.00%, Loss: 2.9467 ---
[33mserver_1      |[0m INFO:__main__:--- Starting Round 1. Timeout: 300s ---
[33mserver_1      |[0m INFO:werkzeug:172.18.0.20 - - [28/Jan/2026 02:55:01] "POST /submit_update HTTP/1.1" 200 -
[32mclient_002_1  |[0m 2026-01-28 02:55:01,531 - __main__ - INFO - 🚀 Model update submitted successfully.
[32mclient_002_1  |[0m 2026-01-28 02:55:01,531 - __main__ - INFO - Update submitted for Round 0. Waiting...
[36mdocker-tc     |[0m [2026-01-28T02:55:01+00:00] [c201d33e98c4] Set delay=20ms on veth8cd5669
[36mdocker-tc     |[0m [2026-01-28T02:55:01+00:00] [c201d33e98c4] Set bandwidth-limit=1gbit on veth8cd5669
[36mdocker-tc     |[0m [2026-01-28T02:55:01+00:00] [c201d33e98c4] Controlling traffic of the container /fl-rest_client_009_1 on veth8cd5669
[34mclient_004_1  |[0m 2026-01-28 02:55:05,714 - __main__ - INFO - Round 0 finished. Loss: 0.0000, Acc: 0.00%
[33mserver_1      |[0m INFO:__main__:Received update from client_004
[33mserver_1      |[0m INFO:werkzeug:172.18.0.10 - - [28/Jan/2026 02:55:05] "POST /submit_update HTTP/1.1" 200 -
[34mclient_004_1  |[0m 2026-01-28 02:55:05,853 - __main__ - INFO - 🚀 Model update submitted successfully.
[34mclient_004_1  |[0m 2026-01-28 02:55:05,853 - __main__ - INFO - Update submitted for Round 0. Waiting...
[33;1mclient_006_1  |[0m 2026-01-28 02:55:06,806 - __main__ - INFO - --- New Round Detected: 1 ---
[33mserver_1      |[0m INFO:werkzeug:172.18.0.21 - - [28/Jan/2026 02:55:06] "GET /download_model?round=1 HTTP/1.1" 200 -
[33;1mclient_006_1  |[0m 2026-01-28 02:55:06,979 - __main__ - INFO - Round 1 finished. Loss: 0.0000, Acc: 0.00%
[33mserver_1      |[0m INFO:__main__:Received update from client_006
[33mserver_1      |[0m INFO:werkzeug:172.18.0.21 - - [28/Jan/2026 02:55:07] "POST /submit_update HTTP/1.1" 200 -
[33;1mclient_006_1  |[0m 2026-01-28 02:55:07,124 - __main__ - INFO - 🚀 Model update submitted successfully.
[33;1mclient_006_1  |[0m 2026-01-28 02:55:07,125 - __main__ - INFO - Update submitted for Round 1. Waiting...
[32;1mclient_007_1  |[0m 2026-01-28 02:55:07,327 - __main__ - INFO - --- New Round Detected: 1 ---
[33mserver_1      |[0m INFO:werkzeug:172.18.0.7 - - [28/Jan/2026 02:55:07] "GET /download_model?round=1 HTTP/1.1" 200 -
[33mclient_001_1  |[0m 2026-01-28 02:55:07,617 - __main__ - INFO - --- New Round Detected: 1 ---
[33mserver_1      |[0m INFO:werkzeug:172.18.0.6 - - [28/Jan/2026 02:55:07] "GET /download_model?round=1 HTTP/1.1" 200 -
[32;1mclient_007_1  |[0m 2026-01-28 02:55:07,818 - __main__ - INFO - Round 1 finished. Loss: 0.0000, Acc: 0.00%
[36mclient_010_1  |[0m 2026-01-28 02:55:07,861 - __main__ - INFO - --- New Round Detected: 1 ---
[33mserver_1      |[0m INFO:werkzeug:172.18.0.19 - - [28/Jan/2026 02:55:07] "GET /download_model?round=1 HTTP/1.1" 200 -
[33mserver_1      |[0m INFO:__main__:Received update from client_007
[33mserver_1      |[0m INFO:werkzeug:172.18.0.7 - - [28/Jan/2026 02:55:07] "POST /submit_update HTTP/1.1" 200 -
[32;1mclient_007_1  |[0m 2026-01-28 02:55:07,972 - __main__ - INFO - 🚀 Model update submitted successfully.
[32;1mclient_007_1  |[0m 2026-01-28 02:55:07,972 - __main__ - INFO - Update submitted for Round 1. Waiting...
[33mclient_001_1  |[0m 2026-01-28 02:55:08,436 - __main__ - INFO - Round 1 finished. Loss: 0.0000, Acc: 0.00%
[33mserver_1      |[0m INFO:__main__:Received update from client_001
[33mserver_1      |[0m INFO:werkzeug:172.18.0.6 - - [28/Jan/2026 02:55:08] "POST /submit_update HTTP/1.1" 200 -
[33mclient_001_1  |[0m 2026-01-28 02:55:08,571 - __main__ - INFO - 🚀 Model update submitted successfully.
[33mclient_001_1  |[0m 2026-01-28 02:55:08,571 - __main__ - INFO - Update submitted for Round 1. Waiting...
[36mclient_010_1  |[0m 2026-01-28 02:55:08,631 - __main__ - INFO - Round 1 finished. Loss: 0.0000, Acc: 0.00%
[35;1mclient_008_1  |[0m 2026-01-28 02:55:08,653 - __main__ - INFO - --- New Round Detected: 1 ---
[33mserver_1      |[0m INFO:werkzeug:172.18.0.18 - - [28/Jan/2026 02:55:08] "GET /download_model?round=1 HTTP/1.1" 200 -
[33mserver_1      |[0m INFO:__main__:Received update from client_010
[33mserver_1      |[0m INFO:__main__:--- Aggregating 5 updates ---
[33mserver_1      |[0m INFO:__main__:⚡ Using Custom Aggregator with Drift Metric...
[33mserver_1      |[0m INFO:server.aggregator:Starting FedAvg aggregation for 5 clients.
[36;1mclient_005_1  |[0m 2026-01-28 02:55:09,288 - __main__ - INFO - --- New Round Detected: 1 ---
[33mserver_1      |[0m INFO:werkzeug:172.18.0.17 - - [28/Jan/2026 02:55:09] "GET /download_model?round=1 HTTP/1.1" 200 -
[33mserver_1      |[0m INFO:server.aggregator:--- [METRIC] Weight Divergence: 1.4522
[33mserver_1      |[0m INFO:server.aggregator:FedAvg aggregation complete.
[33mserver_1      |[0m INFO:__main__:Aggregation complete.
[33mserver_1      |[0m ⏱️ [TIME] Client client_004 finished training in 9.51s
[33mserver_1      |[0m ⏱️ [TIME] Client client_006 finished training in 0.05s
[33mserver_1      |[0m ⏱️ [TIME] Client client_007 finished training in 0.36s
[33mserver_1      |[0m ⏱️ [TIME] Client client_001 finished training in 0.69s
[33mserver_1      |[0m ⏱️ [TIME] Client client_010 finished training in 0.59s
[33mserver_1      |[0m DEBUG: ⚠️ MY CUSTOM AGGREGATOR IS RUNNING ⚠️
[35;1mclient_008_1  |[0m 2026-01-28 02:55:11,336 - __main__ - INFO - Round 1 finished. Loss: 0.0000, Acc: 0.00%
[33mserver_1      |[0m INFO:werkzeug:172.18.0.18 - - [28/Jan/2026 02:55:11] "[31m[1mPOST /submit_update HTTP/1.1[0m" 400 -
[33mserver_1      |[0m INFO:__main__:--- Round 1 Acc: 25.13%, Loss: 2.2399 ---
[33mserver_1      |[0m INFO:__main__:--- Starting Round 2. Timeout: 300s ---
[33mserver_1      |[0m INFO:werkzeug:172.18.0.19 - - [28/Jan/2026 02:55:11] "POST /submit_update HTTP/1.1" 200 -
[34;1mclient_009_1  |[0m 2026-01-28 02:55:11,393 - __main__ - INFO - --- New Round Detected: 1 ---
[36mclient_010_1  |[0m 2026-01-28 02:55:11,396 - __main__ - INFO - 🚀 Model update submitted successfully.
[36mclient_010_1  |[0m 2026-01-28 02:55:11,396 - __main__ - INFO - Update submitted for Round 1. Waiting...
[35;1mclient_008_1  |[0m 2026-01-28 02:55:11,403 - __main__ - ERROR - Update submission failed: {"error":"Not accepting updates"}
[35;1mclient_008_1  |[0m 
[35;1mclient_008_1  |[0m 2026-01-28 02:55:11,404 - __main__ - INFO - Update submitted for Round 1. Waiting...
[33mserver_1      |[0m INFO:werkzeug:172.18.0.22 - - [28/Jan/2026 02:55:11] "GET /download_model?round=1 HTTP/1.1" 200 -
[32mclient_002_1  |[0m 2026-01-28 02:55:11,593 - __main__ - INFO - --- New Round Detected: 2 ---
[33mserver_1      |[0m INFO:werkzeug:172.18.0.20 - - [28/Jan/2026 02:55:11] "GET /download_model?round=2 HTTP/1.1" 200 -
[36;1mclient_005_1  |[0m 2026-01-28 02:55:11,959 - __main__ - INFO - Round 1 finished. Loss: 0.0000, Acc: 0.00%
[33mserver_1      |[0m INFO:__main__:Received update from client_005
[33mserver_1      |[0m INFO:werkzeug:172.18.0.17 - - [28/Jan/2026 02:55:12] "POST /submit_update HTTP/1.1" 200 -
[36;1mclient_005_1  |[0m 2026-01-28 02:55:12,094 - __main__ - INFO - 🚀 Model update submitted successfully.
[36;1mclient_005_1  |[0m 2026-01-28 02:55:12,094 - __main__ - INFO - Update submitted for Round 1. Waiting...
[32mclient_002_1  |[0m 2026-01-28 02:55:14,103 - __main__ - INFO - Round 2 finished. Loss: 0.0000, Acc: 0.00%
[33mserver_1      |[0m INFO:__main__:Received update from client_002
[33mserver_1      |[0m INFO:werkzeug:172.18.0.20 - - [28/Jan/2026 02:55:14] "POST /submit_update HTTP/1.1" 200 -
[32mclient_002_1  |[0m 2026-01-28 02:55:14,240 - __main__ - INFO - 🚀 Model update submitted successfully.
[32mclient_002_1  |[0m 2026-01-28 02:55:14,241 - __main__ - INFO - Update submitted for Round 2. Waiting...
[35mclient_003_1  |[0m 2026-01-28 02:55:15,048 - __main__ - INFO - Round 0 finished. Loss: 0.0000, Acc: 0.00%
[33mserver_1      |[0m INFO:__main__:Received update from client_003
[33mserver_1      |[0m INFO:werkzeug:172.18.0.14 - - [28/Jan/2026 02:55:15] "POST /submit_update HTTP/1.1" 200 -
[35mclient_003_1  |[0m 2026-01-28 02:55:15,185 - __main__ - INFO - 🚀 Model update submitted successfully.
[35mclient_003_1  |[0m 2026-01-28 02:55:15,185 - __main__ - INFO - Update submitted for Round 0. Waiting...
[34mclient_004_1  |[0m 2026-01-28 02:55:15,951 - __main__ - INFO - --- New Round Detected: 2 ---
[33mserver_1      |[0m INFO:werkzeug:172.18.0.10 - - [28/Jan/2026 02:55:15] "GET /download_model?round=2 HTTP/1.1" 200 -
[34;1mclient_009_1  |[0m 2026-01-28 02:55:16,297 - __main__ - INFO - Round 1 finished. Loss: 0.0000, Acc: 0.00%
[33mserver_1      |[0m INFO:__main__:Received update from client_009
[33mserver_1      |[0m INFO:werkzeug:172.18.0.22 - - [28/Jan/2026 02:55:16] "POST /submit_update HTTP/1.1" 200 -
[34;1mclient_009_1  |[0m 2026-01-28 02:55:16,431 - __main__ - INFO - 🚀 Model update submitted successfully.
[34;1mclient_009_1  |[0m 2026-01-28 02:55:16,431 - __main__ - INFO - Update submitted for Round 1. Waiting...
[33;1mclient_006_1  |[0m 2026-01-28 02:55:17,194 - __main__ - INFO - --- New Round Detected: 2 ---
[33mserver_1      |[0m INFO:werkzeug:172.18.0.21 - - [28/Jan/2026 02:55:17] "GET /download_model?round=2 HTTP/1.1" 200 -
[33;1mclient_006_1  |[0m 2026-01-28 02:55:17,386 - __main__ - INFO - Round 2 finished. Loss: 0.0000, Acc: 0.00%
[33mserver_1      |[0m INFO:__main__:Received update from client_006
[33mserver_1      |[0m INFO:__main__:--- Aggregating 5 updates ---
[33mserver_1      |[0m INFO:__main__:⚡ Using Custom Aggregator with Drift Metric...
[33mserver_1      |[0m INFO:server.aggregator:Starting FedAvg aggregation for 5 clients.
[32;1mclient_007_1  |[0m 2026-01-28 02:55:18,047 - __main__ - INFO - --- New Round Detected: 2 ---
[33mserver_1      |[0m INFO:werkzeug:172.18.0.7 - - [28/Jan/2026 02:55:18] "GET /download_model?round=2 HTTP/1.1" 200 -
[33mserver_1      |[0m INFO:server.aggregator:--- [METRIC] Weight Divergence: 1.8810
[33mserver_1      |[0m INFO:server.aggregator:FedAvg aggregation complete.
[33mserver_1      |[0m INFO:__main__:Aggregation complete.
[33mserver_1      |[0m ⏱️ [TIME] Client client_005 finished training in 2.51s
[33mserver_1      |[0m ⏱️ [TIME] Client client_002 finished training in 2.38s
[33mserver_1      |[0m ⏱️ [TIME] Client client_003 finished training in 19.02s
[33mserver_1      |[0m ⏱️ [TIME] Client client_009 finished training in 4.78s
[33mserver_1      |[0m ⏱️ [TIME] Client client_006 finished training in 0.06s
[33mserver_1      |[0m DEBUG: ⚠️ MY CUSTOM AGGREGATOR IS RUNNING ⚠️
[32;1mclient_007_1  |[0m 2026-01-28 02:55:18,557 - __main__ - INFO - Round 2 finished. Loss: 0.0000, Acc: 0.00%
[33mserver_1      |[0m INFO:werkzeug:172.18.0.7 - - [28/Jan/2026 02:55:18] "[31m[1mPOST /submit_update HTTP/1.1[0m" 400 -
[32;1mclient_007_1  |[0m 2026-01-28 02:55:18,626 - __main__ - ERROR - Update submission failed: {"error":"Not accepting updates"}
[32;1mclient_007_1  |[0m 
[32;1mclient_007_1  |[0m 2026-01-28 02:55:18,626 - __main__ - INFO - Update submitted for Round 2. Waiting...
[33mclient_001_1  |[0m 2026-01-28 02:55:18,635 - __main__ - INFO - --- New Round Detected: 2 ---
[33mserver_1      |[0m INFO:werkzeug:172.18.0.6 - - [28/Jan/2026 02:55:18] "GET /download_model?round=2 HTTP/1.1" 200 -
[33mclient_001_1  |[0m 2026-01-28 02:55:19,479 - __main__ - INFO - Round 2 finished. Loss: 0.0000, Acc: 0.00%
[33mserver_1      |[0m INFO:werkzeug:172.18.0.6 - - [28/Jan/2026 02:55:19] "[31m[1mPOST /submit_update HTTP/1.1[0m" 400 -
[33mserver_1      |[0m INFO:__main__:--- Round 2 Acc: 15.13%, Loss: 2.2439 ---
[33mserver_1      |[0m INFO:__main__:--- Starting Round 3. Timeout: 300s ---
[33mclient_001_1  |[0m 2026-01-28 02:55:19,552 - __main__ - ERROR - Update submission failed: {"error":"Not accepting updates"}
[33mclient_001_1  |[0m 
[33mclient_001_1  |[0m 2026-01-28 02:55:19,553 - __main__ - INFO - Update submitted for Round 2. Waiting...
[33mserver_1      |[0m INFO:werkzeug:172.18.0.21 - - [28/Jan/2026 02:55:19] "POST /submit_update HTTP/1.1" 200 -
[33;1mclient_006_1  |[0m 2026-01-28 02:55:19,590 - __main__ - INFO - 🚀 Model update submitted successfully.
[33;1mclient_006_1  |[0m 2026-01-28 02:55:19,590 - __main__ - INFO - Update submitted for Round 2. Waiting...
[36mclient_010_1  |[0m 2026-01-28 02:55:21,464 - __main__ - INFO - --- New Round Detected: 3 ---
[35;1mclient_008_1  |[0m 2026-01-28 02:55:21,475 - __main__ - INFO - --- New Round Detected: 3 ---
[33mserver_1      |[0m INFO:werkzeug:172.18.0.19 - - [28/Jan/2026 02:55:21] "GET /download_model?round=3 HTTP/1.1" 200 -
[33mserver_1      |[0m INFO:werkzeug:172.18.0.18 - - [28/Jan/2026 02:55:21] "GET /download_model?round=3 HTTP/1.1" 200 -
[36;1mclient_005_1  |[0m 2026-01-28 02:55:22,155 - __main__ - INFO - --- New Round Detected: 3 ---
[33mserver_1      |[0m INFO:werkzeug:172.18.0.17 - - [28/Jan/2026 02:55:22] "GET /download_model?round=3 HTTP/1.1" 200 -
[36mclient_010_1  |[0m 2026-01-28 02:55:22,653 - __main__ - INFO - Round 3 finished. Loss: 0.0000, Acc: 0.00%
[33mserver_1      |[0m INFO:__main__:Received update from client_010
[33mserver_1      |[0m INFO:werkzeug:172.18.0.19 - - [28/Jan/2026 02:55:22] "POST /submit_update HTTP/1.1" 200 -
[36mclient_010_1  |[0m 2026-01-28 02:55:22,808 - __main__ - INFO - 🚀 Model update submitted successfully.
[36mclient_010_1  |[0m 2026-01-28 02:55:22,808 - __main__ - INFO - Update submitted for Round 3. Waiting...
[35;1mclient_008_1  |[0m 2026-01-28 02:55:24,230 - __main__ - INFO - Round 3 finished. Loss: 0.0000, Acc: 0.00%
[32mclient_002_1  |[0m 2026-01-28 02:55:24,302 - __main__ - INFO - --- New Round Detected: 3 ---
[33mserver_1      |[0m INFO:werkzeug:172.18.0.20 - - [28/Jan/2026 02:55:24] "GET /download_model?round=3 HTTP/1.1" 200 -
[33mserver_1      |[0m INFO:__main__:Received update from client_008
[33mserver_1      |[0m INFO:werkzeug:172.18.0.18 - - [28/Jan/2026 02:55:24] "POST /submit_update HTTP/1.1" 200 -
[35;1mclient_008_1  |[0m 2026-01-28 02:55:24,365 - __main__ - INFO - 🚀 Model update submitted successfully.
[35;1mclient_008_1  |[0m 2026-01-28 02:55:24,365 - __main__ - INFO - Update submitted for Round 3. Waiting...
[34mclient_004_1  |[0m 2026-01-28 02:55:24,579 - __main__ - INFO - Round 2 finished. Loss: 0.0000, Acc: 0.00%
[33mserver_1      |[0m INFO:__main__:Received update from client_004
[33mserver_1      |[0m INFO:werkzeug:172.18.0.10 - - [28/Jan/2026 02:55:24] "POST /submit_update HTTP/1.1" 200 -
[34mclient_004_1  |[0m 2026-01-28 02:55:24,714 - __main__ - INFO - 🚀 Model update submitted successfully.
[34mclient_004_1  |[0m 2026-01-28 02:55:24,714 - __main__ - INFO - Update submitted for Round 2. Waiting...
[35mclient_003_1  |[0m 2026-01-28 02:55:25,248 - __main__ - INFO - --- New Round Detected: 3 ---
[33mserver_1      |[0m INFO:werkzeug:172.18.0.14 - - [28/Jan/2026 02:55:25] "GET /download_model?round=3 HTTP/1.1" 200 -
[36;1mclient_005_1  |[0m 2026-01-28 02:55:26,496 - __main__ - INFO - Round 3 finished. Loss: 0.0000, Acc: 0.00%
[34;1mclient_009_1  |[0m 2026-01-28 02:55:26,540 - __main__ - INFO - --- New Round Detected: 3 ---
[33mserver_1      |[0m INFO:werkzeug:172.18.0.22 - - [28/Jan/2026 02:55:26] "GET /download_model?round=3 HTTP/1.1" 200 -
[33mserver_1      |[0m INFO:__main__:Received update from client_005
[33mserver_1      |[0m INFO:werkzeug:172.18.0.17 - - [28/Jan/2026 02:55:26] "POST /submit_update HTTP/1.1" 200 -
[36;1mclient_005_1  |[0m 2026-01-28 02:55:26,638 - __main__ - INFO - 🚀 Model update submitted successfully.
[36;1mclient_005_1  |[0m 2026-01-28 02:55:26,638 - __main__ - INFO - Update submitted for Round 3. Waiting...
[32mclient_002_1  |[0m 2026-01-28 02:55:26,766 - __main__ - INFO - Round 3 finished. Loss: 0.0000, Acc: 0.00%
[33mserver_1      |[0m INFO:__main__:Received update from client_002
[33mserver_1      |[0m INFO:__main__:--- Aggregating 5 updates ---
[33mserver_1      |[0m INFO:__main__:⚡ Using Custom Aggregator with Drift Metric...
[33mserver_1      |[0m INFO:server.aggregator:Starting FedAvg aggregation for 5 clients.
[33mserver_1      |[0m INFO:server.aggregator:--- [METRIC] Weight Divergence: 1.5543
[33mserver_1      |[0m INFO:server.aggregator:FedAvg aggregation complete.
[33mserver_1      |[0m INFO:__main__:Aggregation complete.
[33mserver_1      |[0m ⏱️ [TIME] Client client_010 finished training in 1.06s
[33mserver_1      |[0m ⏱️ [TIME] Client client_008 finished training in 2.62s
[33mserver_1      |[0m ⏱️ [TIME] Client client_004 finished training in 8.48s
[33mserver_1      |[0m ⏱️ [TIME] Client client_005 finished training in 4.21s
[33mserver_1      |[0m ⏱️ [TIME] Client client_002 finished training in 2.33s
[33mserver_1      |[0m DEBUG: ⚠️ MY CUSTOM AGGREGATOR IS RUNNING ⚠️
[32;1mclient_007_1  |[0m 2026-01-28 02:55:28,787 - __main__ - INFO - --- New Round Detected: 3 ---
[33mserver_1      |[0m INFO:werkzeug:172.18.0.7 - - [28/Jan/2026 02:55:28] "GET /download_model?round=3 HTTP/1.1" 200 -
[32;1mclient_007_1  |[0m 2026-01-28 02:55:29,308 - __main__ - INFO - Round 3 finished. Loss: 0.0000, Acc: 0.00%
[33mserver_1      |[0m INFO:werkzeug:172.18.0.7 - - [28/Jan/2026 02:55:29] "[31m[1mPOST /submit_update HTTP/1.1[0m" 400 -
[32;1mclient_007_1  |[0m 2026-01-28 02:55:29,371 - __main__ - ERROR - Update submission failed: {"error":"Not accepting updates"}
[32;1mclient_007_1  |[0m 
[32;1mclient_007_1  |[0m 2026-01-28 02:55:29,371 - __main__ - INFO - Update submitted for Round 3. Waiting...
[33mserver_1      |[0m INFO:__main__:--- Round 3 Acc: 20.89%, Loss: 2.2264 ---
[33mserver_1      |[0m INFO:__main__:--- Starting Round 4. Timeout: 300s ---
[33mserver_1      |[0m INFO:werkzeug:172.18.0.20 - - [28/Jan/2026 02:55:29] "POST /submit_update HTTP/1.1" 200 -
[32mclient_002_1  |[0m 2026-01-28 02:55:29,536 - __main__ - INFO - 🚀 Model update submitted successfully.
[32mclient_002_1  |[0m 2026-01-28 02:55:29,536 - __main__ - INFO - Update submitted for Round 3. Waiting...
[33mclient_001_1  |[0m 2026-01-28 02:55:29,688 - __main__ - INFO - --- New Round Detected: 4 ---
[33mserver_1      |[0m INFO:werkzeug:172.18.0.6 - - [28/Jan/2026 02:55:29] "GET /download_model?round=4 HTTP/1.1" 200 -
[33;1mclient_006_1  |[0m 2026-01-28 02:55:29,716 - __main__ - INFO - --- New Round Detected: 4 ---
[33mserver_1      |[0m INFO:werkzeug:172.18.0.21 - - [28/Jan/2026 02:55:29] "GET /download_model?round=4 HTTP/1.1" 200 -
[33;1mclient_006_1  |[0m 2026-01-28 02:55:30,045 - __main__ - INFO - Round 4 finished. Loss: 0.0000, Acc: 0.00%
[33mserver_1      |[0m INFO:__main__:Received update from client_006
[33mserver_1      |[0m INFO:werkzeug:172.18.0.21 - - [28/Jan/2026 02:55:30] "POST /submit_update HTTP/1.1" 200 -
[33;1mclient_006_1  |[0m 2026-01-28 02:55:30,182 - __main__ - INFO - 🚀 Model update submitted successfully.
[33;1mclient_006_1  |[0m 2026-01-28 02:55:30,182 - __main__ - INFO - Update submitted for Round 4. Waiting...
[33mclient_001_1  |[0m 2026-01-28 02:55:30,529 - __main__ - INFO - Round 4 finished. Loss: 0.0000, Acc: 0.00%
[33mserver_1      |[0m INFO:__main__:Received update from client_001
[33mserver_1      |[0m INFO:werkzeug:172.18.0.6 - - [28/Jan/2026 02:55:30] "POST /submit_update HTTP/1.1" 200 -
[33mclient_001_1  |[0m 2026-01-28 02:55:30,684 - __main__ - INFO - 🚀 Model update submitted successfully.
[33mclient_001_1  |[0m 2026-01-28 02:55:30,684 - __main__ - INFO - Update submitted for Round 4. Waiting...
[34;1mclient_009_1  |[0m 2026-01-28 02:55:31,582 - __main__ - INFO - Round 3 finished. Loss: 0.0000, Acc: 0.00%
[33mserver_1      |[0m INFO:__main__:Received update from client_009
[33mserver_1      |[0m INFO:werkzeug:172.18.0.22 - - [28/Jan/2026 02:55:31] "POST /submit_update HTTP/1.1" 200 -
[34;1mclient_009_1  |[0m 2026-01-28 02:55:31,717 - __main__ - INFO - 🚀 Model update submitted successfully.
[34;1mclient_009_1  |[0m 2026-01-28 02:55:31,717 - __main__ - INFO - Update submitted for Round 3. Waiting...
[36mclient_010_1  |[0m 2026-01-28 02:55:32,874 - __main__ - INFO - --- New Round Detected: 4 ---
[33mserver_1      |[0m INFO:werkzeug:172.18.0.19 - - [28/Jan/2026 02:55:32] "GET /download_model?round=4 HTTP/1.1" 200 -
[36mclient_010_1  |[0m 2026-01-28 02:55:34,192 - __main__ - INFO - Round 4 finished. Loss: 0.0000, Acc: 0.00%
[33mserver_1      |[0m INFO:__main__:Received update from client_010
[33mserver_1      |[0m INFO:werkzeug:172.18.0.19 - - [28/Jan/2026 02:55:34] "POST /submit_update HTTP/1.1" 200 -
[36mclient_010_1  |[0m 2026-01-28 02:55:34,326 - __main__ - INFO - 🚀 Model update submitted successfully.
[36mclient_010_1  |[0m 2026-01-28 02:55:34,327 - __main__ - INFO - Update submitted for Round 4. Waiting...
[35;1mclient_008_1  |[0m 2026-01-28 02:55:34,439 - __main__ - INFO - --- New Round Detected: 4 ---
[33mserver_1      |[0m INFO:werkzeug:172.18.0.18 - - [28/Jan/2026 02:55:34] "GET /download_model?round=4 HTTP/1.1" 200 -
[34mclient_004_1  |[0m 2026-01-28 02:55:34,784 - __main__ - INFO - --- New Round Detected: 4 ---
[33mserver_1      |[0m INFO:werkzeug:172.18.0.10 - - [28/Jan/2026 02:55:34] "GET /download_model?round=4 HTTP/1.1" 200 -
[36;1mclient_005_1  |[0m 2026-01-28 02:55:36,700 - __main__ - INFO - --- New Round Detected: 4 ---
[33mserver_1      |[0m INFO:werkzeug:172.18.0.17 - - [28/Jan/2026 02:55:36] "GET /download_model?round=4 HTTP/1.1" 200 -
[35;1mclient_008_1  |[0m 2026-01-28 02:55:37,123 - __main__ - INFO - Round 4 finished. Loss: 0.0000, Acc: 0.00%
[33mserver_1      |[0m INFO:__main__:Received update from client_008
[33mserver_1      |[0m INFO:__main__:--- Aggregating 5 updates ---
[33mserver_1      |[0m INFO:__main__:⚡ Using Custom Aggregator with Drift Metric...
[33mserver_1      |[0m INFO:server.aggregator:Starting FedAvg aggregation for 5 clients.
[33mserver_1      |[0m INFO:server.aggregator:--- [METRIC] Weight Divergence: 1.1127
[33mserver_1      |[0m INFO:server.aggregator:FedAvg aggregation complete.
[33mserver_1      |[0m INFO:__main__:Aggregation complete.
[33mserver_1      |[0m ⏱️ [TIME] Client client_006 finished training in 0.18s
[33mserver_1      |[0m ⏱️ [TIME] Client client_001 finished training in 0.71s
[33mserver_1      |[0m ⏱️ [TIME] Client client_009 finished training in 4.92s
[33mserver_1      |[0m ⏱️ [TIME] Client client_010 finished training in 1.17s
[33mserver_1      |[0m ⏱️ [TIME] Client client_008 finished training in 2.56s
[33mserver_1      |[0m DEBUG: ⚠️ MY CUSTOM AGGREGATOR IS RUNNING ⚠️
[32;1mclient_007_1  |[0m 2026-01-28 02:55:39,447 - __main__ - INFO - --- New Round Detected: 4 ---
[33mserver_1      |[0m INFO:werkzeug:172.18.0.7 - - [28/Jan/2026 02:55:39] "GET /download_model?round=4 HTTP/1.1" 200 -
[32mclient_002_1  |[0m 2026-01-28 02:55:39,603 - __main__ - INFO - --- New Round Detected: 4 ---
[33mserver_1      |[0m INFO:werkzeug:172.18.0.20 - - [28/Jan/2026 02:55:39] "GET /download_model?round=4 HTTP/1.1" 200 -
[32;1mclient_007_1  |[0m 2026-01-28 02:55:39,994 - __main__ - INFO - Round 4 finished. Loss: 0.0000, Acc: 0.00%
[33mserver_1      |[0m INFO:werkzeug:172.18.0.7 - - [28/Jan/2026 02:55:40] "[31m[1mPOST /submit_update HTTP/1.1[0m" 400 -
[32;1mclient_007_1  |[0m 2026-01-28 02:55:40,072 - __main__ - ERROR - Update submission failed: {"error":"Not accepting updates"}
[32;1mclient_007_1  |[0m 
[32;1mclient_007_1  |[0m 2026-01-28 02:55:40,072 - __main__ - INFO - Update submitted for Round 4. Waiting...
[33mserver_1      |[0m INFO:__main__:--- Round 4 Acc: 12.98%, Loss: 2.7245 ---
[33mserver_1      |[0m INFO:__main__:--- Starting Round 5. Timeout: 300s ---
[33mserver_1      |[0m INFO:werkzeug:172.18.0.18 - - [28/Jan/2026 02:55:40] "POST /submit_update HTTP/1.1" 200 -
[35;1mclient_008_1  |[0m 2026-01-28 02:55:40,306 - __main__ - INFO - 🚀 Model update submitted successfully.
[35;1mclient_008_1  |[0m 2026-01-28 02:55:40,306 - __main__ - INFO - Update submitted for Round 4. Waiting...
[33mclient_001_1  |[0m 2026-01-28 02:55:40,753 - __main__ - INFO - --- New Round Detected: 5 ---
[33mserver_1      |[0m INFO:werkzeug:172.18.0.6 - - [28/Jan/2026 02:55:40] "GET /download_model?round=5 HTTP/1.1" 200 -
[36;1mclient_005_1  |[0m 2026-01-28 02:55:41,062 - __main__ - INFO - Round 4 finished. Loss: 0.0000, Acc: 0.00%
[33mserver_1      |[0m INFO:__main__:Received update from client_005
[33mserver_1      |[0m INFO:werkzeug:172.18.0.17 - - [28/Jan/2026 02:55:41] "POST /submit_update HTTP/1.1" 200 -
[36;1mclient_005_1  |[0m 2026-01-28 02:55:41,262 - __main__ - INFO - 🚀 Model update submitted successfully.
[36;1mclient_005_1  |[0m 2026-01-28 02:55:41,263 - __main__ - INFO - Update submitted for Round 4. Waiting...
[33mclient_001_1  |[0m 2026-01-28 02:55:41,645 - __main__ - INFO - Round 5 finished. Loss: 0.0000, Acc: 0.00%
[33mserver_1      |[0m INFO:__main__:Received update from client_001
[33mserver_1      |[0m INFO:werkzeug:172.18.0.6 - - [28/Jan/2026 02:55:41] "POST /submit_update HTTP/1.1" 200 -
[33mclient_001_1  |[0m 2026-01-28 02:55:41,781 - __main__ - INFO - 🚀 Model update submitted successfully.
[33mclient_001_1  |[0m 2026-01-28 02:55:41,781 - __main__ - INFO - Update submitted for Round 5. Waiting...
[34;1mclient_009_1  |[0m 2026-01-28 02:55:41,781 - __main__ - INFO - --- New Round Detected: 5 ---
[33mserver_1      |[0m INFO:werkzeug:172.18.0.22 - - [28/Jan/2026 02:55:41] "GET /download_model?round=5 HTTP/1.1" 200 -
[32mclient_002_1  |[0m 2026-01-28 02:55:42,108 - __main__ - INFO - Round 4 finished. Loss: 0.0000, Acc: 0.00%
[33mserver_1      |[0m INFO:__main__:Received update from client_002
[33mserver_1      |[0m INFO:werkzeug:172.18.0.20 - - [28/Jan/2026 02:55:42] "POST /submit_update HTTP/1.1" 200 -
[32mclient_002_1  |[0m 2026-01-28 02:55:42,243 - __main__ - INFO - 🚀 Model update submitted successfully.
[32mclient_002_1  |[0m 2026-01-28 02:55:42,243 - __main__ - INFO - Update submitted for Round 4. Waiting...
[35mclient_003_1  |[0m 2026-01-28 02:55:43,325 - __main__ - INFO - Round 3 finished. Loss: 0.0000, Acc: 0.00%
[33mserver_1      |[0m INFO:__main__:Received update from client_003
[33mserver_1      |[0m INFO:werkzeug:172.18.0.14 - - [28/Jan/2026 02:55:43] "POST /submit_update HTTP/1.1" 200 -
[35mclient_003_1  |[0m 2026-01-28 02:55:43,459 - __main__ - INFO - 🚀 Model update submitted successfully.
[35mclient_003_1  |[0m 2026-01-28 02:55:43,459 - __main__ - INFO - Update submitted for Round 3. Waiting...
[34mclient_004_1  |[0m 2026-01-28 02:55:43,488 - __main__ - INFO - Round 4 finished. Loss: 0.0000, Acc: 0.00%
[33mserver_1      |[0m INFO:__main__:Received update from client_004
[33mserver_1      |[0m INFO:__main__:--- Aggregating 5 updates ---
[33mserver_1      |[0m INFO:__main__:⚡ Using Custom Aggregator with Drift Metric...
[33mserver_1      |[0m INFO:server.aggregator:Starting FedAvg aggregation for 5 clients.
[36mclient_010_1  |[0m 2026-01-28 02:55:44,388 - __main__ - INFO - --- New Round Detected: 5 ---
[33mserver_1      |[0m INFO:werkzeug:172.18.0.19 - - [28/Jan/2026 02:55:44] "GET /download_model?round=5 HTTP/1.1" 200 -
[33mserver_1      |[0m INFO:server.aggregator:--- [METRIC] Weight Divergence: 1.8431
[33mserver_1      |[0m INFO:server.aggregator:FedAvg aggregation complete.
[33mserver_1      |[0m INFO:__main__:Aggregation complete.
[33mserver_1      |[0m ⏱️ [TIME] Client client_005 finished training in 4.23s
[33mserver_1      |[0m ⏱️ [TIME] Client client_001 finished training in 0.75s
[33mserver_1      |[0m ⏱️ [TIME] Client client_002 finished training in 2.38s
[33mserver_1      |[0m ⏱️ [TIME] Client client_003 finished training in 17.95s
[33mserver_1      |[0m ⏱️ [TIME] Client client_004 finished training in 8.58s
[33mserver_1      |[0m DEBUG: ⚠️ MY CUSTOM AGGREGATOR IS RUNNING ⚠️
[36mclient_010_1  |[0m 2026-01-28 02:55:45,106 - __main__ - INFO - Round 5 finished. Loss: 0.0000, Acc: 0.00%
[33mserver_1      |[0m INFO:werkzeug:172.18.0.19 - - [28/Jan/2026 02:55:45] "[31m[1mPOST /submit_update HTTP/1.1[0m" 400 -
[36mclient_010_1  |[0m 2026-01-28 02:55:45,355 - __main__ - ERROR - Update submission failed: {"error":"Not accepting updates"}
[36mclient_010_1  |[0m 
[36mclient_010_1  |[0m 2026-01-28 02:55:45,356 - __main__ - INFO - Update submitted for Round 5. Waiting...
[33mserver_1      |[0m INFO:__main__:--- Round 5 Acc: 24.68%, Loss: 2.1421 ---
[33mserver_1      |[0m INFO:__main__:--- Starting Round 6. Timeout: 300s ---
[33mserver_1      |[0m INFO:werkzeug:172.18.0.10 - - [28/Jan/2026 02:55:46] "POST /submit_update HTTP/1.1" 200 -
[34mclient_004_1  |[0m 2026-01-28 02:55:46,373 - __main__ - INFO - 🚀 Model update submitted successfully.
[34mclient_004_1  |[0m 2026-01-28 02:55:46,373 - __main__ - INFO - Update submitted for Round 4. Waiting...
[34;1mclient_009_1  |[0m 2026-01-28 02:55:47,319 - __main__ - INFO - Round 5 finished. Loss: 0.0000, Acc: 0.00%
[33mserver_1      |[0m INFO:__main__:Received update from client_009
[33mserver_1      |[0m INFO:werkzeug:172.18.0.22 - - [28/Jan/2026 02:55:47] "POST /submit_update HTTP/1.1" 200 -
[34;1mclient_009_1  |[0m 2026-01-28 02:55:47,454 - __main__ - INFO - 🚀 Model update submitted successfully.
[34;1mclient_009_1  |[0m 2026-01-28 02:55:47,454 - __main__ - INFO - Update submitted for Round 5. Waiting...
[32;1mclient_007_1  |[0m 2026-01-28 02:55:50,146 - __main__ - INFO - --- New Round Detected: 6 ---
[33mserver_1      |[0m INFO:werkzeug:172.18.0.7 - - [28/Jan/2026 02:55:50] "GET /download_model?round=6 HTTP/1.1" 200 -
[33;1mclient_006_1  |[0m 2026-01-28 02:55:50,311 - __main__ - INFO - --- New Round Detected: 6 ---
[33mserver_1      |[0m INFO:werkzeug:172.18.0.21 - - [28/Jan/2026 02:55:50] "GET /download_model?round=6 HTTP/1.1" 200 -
[35;1mclient_008_1  |[0m 2026-01-28 02:55:50,378 - __main__ - INFO - --- New Round Detected: 6 ---
[33mserver_1      |[0m INFO:werkzeug:172.18.0.18 - - [28/Jan/2026 02:55:50] "GET /download_model?round=6 HTTP/1.1" 200 -
[33;1mclient_006_1  |[0m 2026-01-28 02:55:50,507 - __main__ - INFO - Round 6 finished. Loss: 0.0000, Acc: 0.00%
[33mserver_1      |[0m INFO:__main__:Received update from client_006
[33mserver_1      |[0m INFO:werkzeug:172.18.0.21 - - [28/Jan/2026 02:55:50] "POST /submit_update HTTP/1.1" 200 -
[33;1mclient_006_1  |[0m 2026-01-28 02:55:50,642 - __main__ - INFO - 🚀 Model update submitted successfully.
[33;1mclient_006_1  |[0m 2026-01-28 02:55:50,642 - __main__ - INFO - Update submitted for Round 6. Waiting...
[32;1mclient_007_1  |[0m 2026-01-28 02:55:50,727 - __main__ - INFO - Round 6 finished. Loss: 0.0000, Acc: 0.00%
[33mserver_1      |[0m INFO:__main__:Received update from client_007
[33mserver_1      |[0m INFO:werkzeug:172.18.0.7 - - [28/Jan/2026 02:55:50] "POST /submit_update HTTP/1.1" 200 -
[32;1mclient_007_1  |[0m 2026-01-28 02:55:50,860 - __main__ - INFO - 🚀 Model update submitted successfully.
[32;1mclient_007_1  |[0m 2026-01-28 02:55:50,860 - __main__ - INFO - Update submitted for Round 6. Waiting...
[36;1mclient_005_1  |[0m 2026-01-28 02:55:51,326 - __main__ - INFO - --- New Round Detected: 6 ---
[33mserver_1      |[0m INFO:werkzeug:172.18.0.17 - - [28/Jan/2026 02:55:51] "GET /download_model?round=6 HTTP/1.1" 200 -
[33mclient_001_1  |[0m 2026-01-28 02:55:51,862 - __main__ - INFO - --- New Round Detected: 6 ---
[33mserver_1      |[0m INFO:werkzeug:172.18.0.6 - - [28/Jan/2026 02:55:51] "GET /download_model?round=6 HTTP/1.1" 200 -
[32mclient_002_1  |[0m 2026-01-28 02:55:52,307 - __main__ - INFO - --- New Round Detected: 6 ---
[33mserver_1      |[0m INFO:werkzeug:172.18.0.20 - - [28/Jan/2026 02:55:52] "GET /download_model?round=6 HTTP/1.1" 200 -
[33mclient_001_1  |[0m 2026-01-28 02:55:52,691 - __main__ - INFO - Round 6 finished. Loss: 0.0000, Acc: 0.00%
[33mserver_1      |[0m INFO:__main__:Received update from client_001
[33mserver_1      |[0m INFO:werkzeug:172.18.0.6 - - [28/Jan/2026 02:55:52] "POST /submit_update HTTP/1.1" 200 -
[33mclient_001_1  |[0m 2026-01-28 02:55:52,846 - __main__ - INFO - 🚀 Model update submitted successfully.
[33mclient_001_1  |[0m 2026-01-28 02:55:52,846 - __main__ - INFO - Update submitted for Round 6. Waiting...
[35;1mclient_008_1  |[0m 2026-01-28 02:55:53,054 - __main__ - INFO - Round 6 finished. Loss: 0.0000, Acc: 0.00%
[33mserver_1      |[0m INFO:__main__:Received update from client_008
[33mserver_1      |[0m INFO:__main__:--- Aggregating 5 updates ---
[33mserver_1      |[0m INFO:__main__:⚡ Using Custom Aggregator with Drift Metric...
[33mserver_1      |[0m INFO:server.aggregator:Starting FedAvg aggregation for 5 clients.
[35mclient_003_1  |[0m 2026-01-28 02:55:53,539 - __main__ - INFO - --- New Round Detected: 6 ---
[33mserver_1      |[0m INFO:werkzeug:172.18.0.14 - - [28/Jan/2026 02:55:53] "GET /download_model?round=6 HTTP/1.1" 200 -
[32mclient_002_1  |[0m 2026-01-28 02:55:54,004 - __main__ - INFO - Round 6 finished. Loss: 0.0000, Acc: 0.00%
[33mserver_1      |[0m INFO:werkzeug:172.18.0.20 - - [28/Jan/2026 02:55:54] "[31m[1mPOST /submit_update HTTP/1.1[0m" 400 -
[32mclient_002_1  |[0m 2026-01-28 02:55:54,069 - __main__ - ERROR - Update submission failed: {"error":"Not accepting updates"}
[32mclient_002_1  |[0m 
[32mclient_002_1  |[0m 2026-01-28 02:55:54,069 - __main__ - INFO - Update submitted for Round 6. Waiting...
[33mserver_1      |[0m INFO:server.aggregator:--- [METRIC] Weight Divergence: 1.4452
[33mserver_1      |[0m INFO:server.aggregator:FedAvg aggregation complete.
[33mserver_1      |[0m INFO:__main__:Aggregation complete.
[33mserver_1      |[0m ⏱️ [TIME] Client client_009 finished training in 5.41s
[33mserver_1      |[0m ⏱️ [TIME] Client client_006 finished training in 0.04s
[33mserver_1      |[0m ⏱️ [TIME] Client client_007 finished training in 0.44s
[33mserver_1      |[0m ⏱️ [TIME] Client client_001 finished training in 0.70s
[33mserver_1      |[0m ⏱️ [TIME] Client client_008 finished training in 2.54s
[33mserver_1      |[0m DEBUG: ⚠️ MY CUSTOM AGGREGATOR IS RUNNING ⚠️
[36mclient_010_1  |[0m 2026-01-28 02:55:55,535 - __main__ - INFO - --- New Round Detected: 6 ---
[36;1mclient_005_1  |[0m 2026-01-28 02:55:55,547 - __main__ - INFO - Round 6 finished. Loss: 0.0000, Acc: 0.00%
[33mserver_1      |[0m INFO:werkzeug:172.18.0.19 - - [28/Jan/2026 02:55:55] "GET /download_model?round=6 HTTP/1.1" 200 -
[33mserver_1      |[0m INFO:werkzeug:172.18.0.17 - - [28/Jan/2026 02:55:55] "[31m[1mPOST /submit_update HTTP/1.1[0m" 400 -
[36;1mclient_005_1  |[0m 2026-01-28 02:55:55,611 - __main__ - ERROR - Update submission failed: {"error":"Not accepting updates"}
[36;1mclient_005_1  |[0m 
[36;1mclient_005_1  |[0m 2026-01-28 02:55:55,611 - __main__ - INFO - Update submitted for Round 6. Waiting...
[36mclient_010_1  |[0m 2026-01-28 02:55:56,321 - __main__ - INFO - Round 6 finished. Loss: 0.0000, Acc: 0.00%
[33mserver_1      |[0m INFO:werkzeug:172.18.0.19 - - [28/Jan/2026 02:55:56] "[31m[1mPOST /submit_update HTTP/1.1[0m" 400 -
[36mclient_010_1  |[0m 2026-01-28 02:55:56,388 - __main__ - ERROR - Update submission failed: {"error":"Not accepting updates"}
[36mclient_010_1  |[0m 
[36mclient_010_1  |[0m 2026-01-28 02:55:56,388 - __main__ - INFO - Update submitted for Round 6. Waiting...
[34mclient_004_1  |[0m 2026-01-28 02:55:56,435 - __main__ - INFO - --- New Round Detected: 6 ---
[33mserver_1      |[0m INFO:werkzeug:172.18.0.10 - - [28/Jan/2026 02:55:56] "GET /download_model?round=6 HTTP/1.1" 200 -
[33mserver_1      |[0m INFO:__main__:--- Round 6 Acc: 12.47%, Loss: 2.6043 ---
[33mserver_1      |[0m INFO:__main__:--- Starting Round 7. Timeout: 300s ---
[33mserver_1      |[0m INFO:werkzeug:172.18.0.18 - - [28/Jan/2026 02:55:56] "POST /submit_update HTTP/1.1" 200 -
[35;1mclient_008_1  |[0m 2026-01-28 02:55:56,519 - __main__ - INFO - 🚀 Model update submitted successfully.
[35;1mclient_008_1  |[0m 2026-01-28 02:55:56,519 - __main__ - INFO - Update submitted for Round 6. Waiting...
[34;1mclient_009_1  |[0m 2026-01-28 02:55:57,516 - __main__ - INFO - --- New Round Detected: 7 ---
[33mserver_1      |[0m INFO:werkzeug:172.18.0.22 - - [28/Jan/2026 02:55:57] "GET /download_model?round=7 HTTP/1.1" 200 -
[33;1mclient_006_1  |[0m 2026-01-28 02:56:00,730 - __main__ - INFO - --- New Round Detected: 7 ---
[33mserver_1      |[0m INFO:werkzeug:172.18.0.21 - - [28/Jan/2026 02:56:00] "GET /download_model?round=7 HTTP/1.1" 200 -
[32;1mclient_007_1  |[0m 2026-01-28 02:56:00,923 - __main__ - INFO - --- New Round Detected: 7 ---
[33;1mclient_006_1  |[0m 2026-01-28 02:56:00,928 - __main__ - INFO - Round 7 finished. Loss: 0.0000, Acc: 0.00%
[33mserver_1      |[0m INFO:werkzeug:172.18.0.7 - - [28/Jan/2026 02:56:00] "GET /download_model?round=7 HTTP/1.1" 200 -
[33mserver_1      |[0m INFO:__main__:Received update from client_006
[33mserver_1      |[0m INFO:werkzeug:172.18.0.21 - - [28/Jan/2026 02:56:01] "POST /submit_update HTTP/1.1" 200 -
[33;1mclient_006_1  |[0m 2026-01-28 02:56:01,064 - __main__ - INFO - 🚀 Model update submitted successfully.
[33;1mclient_006_1  |[0m 2026-01-28 02:56:01,064 - __main__ - INFO - Update submitted for Round 7. Waiting...
[32;1mclient_007_1  |[0m 2026-01-28 02:56:01,515 - __main__ - INFO - Round 7 finished. Loss: 0.0000, Acc: 0.00%
[33mserver_1      |[0m INFO:__main__:Received update from client_007
[33mserver_1      |[0m INFO:werkzeug:172.18.0.7 - - [28/Jan/2026 02:56:01] "POST /submit_update HTTP/1.1" 200 -
[32;1mclient_007_1  |[0m 2026-01-28 02:56:01,650 - __main__ - INFO - 🚀 Model update submitted successfully.
[32;1mclient_007_1  |[0m 2026-01-28 02:56:01,650 - __main__ - INFO - Update submitted for Round 7. Waiting...
[34;1mclient_009_1  |[0m 2026-01-28 02:56:02,239 - __main__ - INFO - Round 7 finished. Loss: 0.0000, Acc: 0.00%
[33mserver_1      |[0m INFO:__main__:Received update from client_009
[33mserver_1      |[0m INFO:werkzeug:172.18.0.22 - - [28/Jan/2026 02:56:02] "POST /submit_update HTTP/1.1" 200 -
[34;1mclient_009_1  |[0m 2026-01-28 02:56:02,395 - __main__ - INFO - 🚀 Model update submitted successfully.
[34;1mclient_009_1  |[0m 2026-01-28 02:56:02,396 - __main__ - INFO - Update submitted for Round 7. Waiting...
[33mclient_001_1  |[0m 2026-01-28 02:56:02,909 - __main__ - INFO - --- New Round Detected: 7 ---
[33mserver_1      |[0m INFO:werkzeug:172.18.0.6 - - [28/Jan/2026 02:56:02] "GET /download_model?round=7 HTTP/1.1" 200 -
[33mclient_001_1  |[0m 2026-01-28 02:56:03,724 - __main__ - INFO - Round 7 finished. Loss: 0.0000, Acc: 0.00%
[33mserver_1      |[0m INFO:__main__:Received update from client_001
[33mserver_1      |[0m INFO:werkzeug:172.18.0.6 - - [28/Jan/2026 02:56:03] "POST /submit_update HTTP/1.1" 200 -
[33mclient_001_1  |[0m 2026-01-28 02:56:03,859 - __main__ - INFO - 🚀 Model update submitted successfully.
[33mclient_001_1  |[0m 2026-01-28 02:56:03,859 - __main__ - INFO - Update submitted for Round 7. Waiting...
[32mclient_002_1  |[0m 2026-01-28 02:56:04,130 - __main__ - INFO - --- New Round Detected: 7 ---
[33mserver_1      |[0m INFO:werkzeug:172.18.0.20 - - [28/Jan/2026 02:56:04] "GET /download_model?round=7 HTTP/1.1" 200 -
[34mclient_004_1  |[0m 2026-01-28 02:56:04,961 - __main__ - INFO - Round 6 finished. Loss: 0.0000, Acc: 0.00%
[33mserver_1      |[0m INFO:__main__:Received update from client_004
[33mserver_1      |[0m INFO:__main__:--- Aggregating 5 updates ---
[33mserver_1      |[0m INFO:__main__:⚡ Using Custom Aggregator with Drift Metric...
[33mserver_1      |[0m INFO:server.aggregator:Starting FedAvg aggregation for 5 clients.
[36;1mclient_005_1  |[0m 2026-01-28 02:56:05,689 - __main__ - INFO - --- New Round Detected: 7 ---
[33mserver_1      |[0m INFO:werkzeug:172.18.0.17 - - [28/Jan/2026 02:56:05] "GET /download_model?round=7 HTTP/1.1" 200 -
[36mclient_010_1  |[0m 2026-01-28 02:56:06,454 - __main__ - INFO - --- New Round Detected: 7 ---
[33mserver_1      |[0m INFO:server.aggregator:--- [METRIC] Weight Divergence: 1.4895
[33mserver_1      |[0m INFO:server.aggregator:FedAvg aggregation complete.
[33mserver_1      |[0m INFO:__main__:Aggregation complete.
[33mserver_1      |[0m INFO:werkzeug:172.18.0.19 - - [28/Jan/2026 02:56:06] "GET /download_model?round=7 HTTP/1.1" 200 -
[32mclient_002_1  |[0m 2026-01-28 02:56:06,502 - __main__ - INFO - Round 7 finished. Loss: 0.0000, Acc: 0.00%
[33mserver_1      |[0m INFO:werkzeug:172.18.0.20 - - [28/Jan/2026 02:56:06] "[31m[1mPOST /submit_update HTTP/1.1[0m" 400 -
[33mserver_1      |[0m ⏱️ [TIME] Client client_006 finished training in 0.05s
[33mserver_1      |[0m ⏱️ [TIME] Client client_007 finished training in 0.46s
[33mserver_1      |[0m ⏱️ [TIME] Client client_009 finished training in 4.59s
[33mserver_1      |[0m ⏱️ [TIME] Client client_001 finished training in 0.69s
[33mserver_1      |[0m ⏱️ [TIME] Client client_004 finished training in 8.40s
[33mserver_1      |[0m DEBUG: ⚠️ MY CUSTOM AGGREGATOR IS RUNNING ⚠️
[32mclient_002_1  |[0m 2026-01-28 02:56:06,566 - __main__ - ERROR - Update submission failed: {"error":"Not accepting updates"}
[32mclient_002_1  |[0m 
[32mclient_002_1  |[0m 2026-01-28 02:56:06,566 - __main__ - INFO - Update submitted for Round 7. Waiting...
[35;1mclient_008_1  |[0m 2026-01-28 02:56:06,609 - __main__ - INFO - --- New Round Detected: 7 ---
[33mserver_1      |[0m INFO:werkzeug:172.18.0.18 - - [28/Jan/2026 02:56:06] "GET /download_model?round=7 HTTP/1.1" 200 -
[33mserver_1      |[0m INFO:__main__:--- Round 7 Acc: 31.74%, Loss: 2.0176 ---
[33mserver_1      |[0m INFO:__main__:--- Starting Round 8. Timeout: 300s ---
[33mserver_1      |[0m INFO:werkzeug:172.18.0.10 - - [28/Jan/2026 02:56:07] "POST /submit_update HTTP/1.1" 200 -
[34mclient_004_1  |[0m 2026-01-28 02:56:07,636 - __main__ - INFO - 🚀 Model update submitted successfully.
[34mclient_004_1  |[0m 2026-01-28 02:56:07,636 - __main__ - INFO - Update submitted for Round 6. Waiting...
[36mclient_010_1  |[0m 2026-01-28 02:56:07,750 - __main__ - INFO - Round 7 finished. Loss: 0.0000, Acc: 0.00%
[35mclient_003_1  |[0m 2026-01-28 02:56:07,840 - __main__ - INFO - Round 6 finished. Loss: 0.0000, Acc: 0.00%
[33mserver_1      |[0m INFO:__main__:Received update from client_010
[33mserver_1      |[0m INFO:werkzeug:172.18.0.19 - - [28/Jan/2026 02:56:07] "POST /submit_update HTTP/1.1" 200 -
[36mclient_010_1  |[0m 2026-01-28 02:56:07,892 - __main__ - INFO - 🚀 Model update submitted successfully.
[36mclient_010_1  |[0m 2026-01-28 02:56:07,892 - __main__ - INFO - Update submitted for Round 7. Waiting...
[33mserver_1      |[0m INFO:__main__:Received update from client_003
[33mserver_1      |[0m INFO:werkzeug:172.18.0.14 - - [28/Jan/2026 02:56:07] "POST /submit_update HTTP/1.1" 200 -
[35mclient_003_1  |[0m 2026-01-28 02:56:07,974 - __main__ - INFO - 🚀 Model update submitted successfully.
[35mclient_003_1  |[0m 2026-01-28 02:56:07,975 - __main__ - INFO - Update submitted for Round 6. Waiting...
[35;1mclient_008_1  |[0m 2026-01-28 02:56:09,448 - __main__ - INFO - Round 7 finished. Loss: 0.0000, Acc: 0.00%
[36;1mclient_005_1  |[0m 2026-01-28 02:56:09,524 - __main__ - INFO - Round 7 finished. Loss: 0.0000, Acc: 0.00%
[33mserver_1      |[0m INFO:__main__:Received update from client_008
[33mserver_1      |[0m INFO:werkzeug:172.18.0.18 - - [28/Jan/2026 02:56:09] "POST /submit_update HTTP/1.1" 200 -
[35;1mclient_008_1  |[0m 2026-01-28 02:56:09,583 - __main__ - INFO - 🚀 Model update submitted successfully.
[35;1mclient_008_1  |[0m 2026-01-28 02:56:09,583 - __main__ - INFO - Update submitted for Round 7. Waiting...
[33mserver_1      |[0m INFO:__main__:Received update from client_005
[33mserver_1      |[0m INFO:werkzeug:172.18.0.17 - - [28/Jan/2026 02:56:09] "POST /submit_update HTTP/1.1" 200 -
[36;1mclient_005_1  |[0m 2026-01-28 02:56:09,657 - __main__ - INFO - 🚀 Model update submitted successfully.
[36;1mclient_005_1  |[0m 2026-01-28 02:56:09,657 - __main__ - INFO - Update submitted for Round 7. Waiting...
[33;1mclient_006_1  |[0m 2026-01-28 02:56:11,129 - __main__ - INFO - --- New Round Detected: 8 ---
[33mserver_1      |[0m INFO:werkzeug:172.18.0.21 - - [28/Jan/2026 02:56:11] "GET /download_model?round=8 HTTP/1.1" 200 -
[33;1mclient_006_1  |[0m 2026-01-28 02:56:11,313 - __main__ - INFO - Round 8 finished. Loss: 0.0000, Acc: 0.00%
[33mserver_1      |[0m INFO:__main__:Received update from client_006
[33mserver_1      |[0m INFO:__main__:--- Aggregating 5 updates ---
[33mserver_1      |[0m INFO:__main__:⚡ Using Custom Aggregator with Drift Metric...
[33mserver_1      |[0m INFO:server.aggregator:Starting FedAvg aggregation for 5 clients.
[32;1mclient_007_1  |[0m 2026-01-28 02:56:11,713 - __main__ - INFO - --- New Round Detected: 8 ---
[33mserver_1      |[0m INFO:werkzeug:172.18.0.7 - - [28/Jan/2026 02:56:11] "GET /download_model?round=8 HTTP/1.1" 200 -
[34;1mclient_009_1  |[0m 2026-01-28 02:56:12,458 - __main__ - INFO - --- New Round Detected: 8 ---
[33mserver_1      |[0m INFO:werkzeug:172.18.0.22 - - [28/Jan/2026 02:56:12] "GET /download_model?round=8 HTTP/1.1" 200 -
[32;1mclient_007_1  |[0m 2026-01-28 02:56:12,690 - __main__ - INFO - Round 8 finished. Loss: 0.0000, Acc: 0.00%
[33mserver_1      |[0m INFO:werkzeug:172.18.0.7 - - [28/Jan/2026 02:56:12] "[31m[1mPOST /submit_update HTTP/1.1[0m" 400 -
[32;1mclient_007_1  |[0m 2026-01-28 02:56:12,754 - __main__ - ERROR - Update submission failed: {"error":"Not accepting updates"}
[32;1mclient_007_1  |[0m 
[32;1mclient_007_1  |[0m 2026-01-28 02:56:12,754 - __main__ - INFO - Update submitted for Round 8. Waiting...
[33mserver_1      |[0m INFO:server.aggregator:--- [METRIC] Weight Divergence: 1.7837
[33mserver_1      |[0m INFO:server.aggregator:FedAvg aggregation complete.
[33mserver_1      |[0m INFO:__main__:Aggregation complete.
[33mserver_1      |[0m ⏱️ [TIME] Client client_010 finished training in 1.15s
[33mserver_1      |[0m ⏱️ [TIME] Client client_003 finished training in 14.17s
[33mserver_1      |[0m ⏱️ [TIME] Client client_008 finished training in 2.71s
[33mserver_1      |[0m ⏱️ [TIME] Client client_005 finished training in 3.69s
[33mserver_1      |[0m ⏱️ [TIME] Client client_006 finished training in 0.05s
[33mserver_1      |[0m DEBUG: ⚠️ MY CUSTOM AGGREGATOR IS RUNNING ⚠️
[33mclient_001_1  |[0m 2026-01-28 02:56:13,924 - __main__ - INFO - --- New Round Detected: 8 ---
[33mserver_1      |[0m INFO:werkzeug:172.18.0.6 - - [28/Jan/2026 02:56:13] "GET /download_model?round=8 HTTP/1.1" 200 -
[33mserver_1      |[0m INFO:__main__:--- Round 8 Acc: 27.02%, Loss: 2.0884 ---
[33mserver_1      |[0m INFO:__main__:--- Starting Round 9. Timeout: 300s ---
[33mserver_1      |[0m INFO:werkzeug:172.18.0.21 - - [28/Jan/2026 02:56:14] "POST /submit_update HTTP/1.1" 200 -
[33;1mclient_006_1  |[0m 2026-01-28 02:56:14,233 - __main__ - INFO - 🚀 Model update submitted successfully.
[33;1mclient_006_1  |[0m 2026-01-28 02:56:14,233 - __main__ - INFO - Update submitted for Round 8. Waiting...
[33mclient_001_1  |[0m 2026-01-28 02:56:14,787 - __main__ - INFO - Round 8 finished. Loss: 0.0000, Acc: 0.00%
[33mserver_1      |[0m INFO:__main__:Received update from client_001
[33mserver_1      |[0m INFO:werkzeug:172.18.0.6 - - [28/Jan/2026 02:56:14] "POST /submit_update HTTP/1.1" 200 -
[33mclient_001_1  |[0m 2026-01-28 02:56:14,922 - __main__ - INFO - 🚀 Model update submitted successfully.
[33mclient_001_1  |[0m 2026-01-28 02:56:14,922 - __main__ - INFO - Update submitted for Round 8. Waiting...
[32mclient_002_1  |[0m 2026-01-28 02:56:16,628 - __main__ - INFO - --- New Round Detected: 9 ---
[33mserver_1      |[0m INFO:werkzeug:172.18.0.20 - - [28/Jan/2026 02:56:16] "GET /download_model?round=9 HTTP/1.1" 200 -
[34;1mclient_009_1  |[0m 2026-01-28 02:56:17,266 - __main__ - INFO - Round 8 finished. Loss: 0.0000, Acc: 0.00%
[33mserver_1      |[0m INFO:__main__:Received update from client_009
[33mserver_1      |[0m INFO:werkzeug:172.18.0.22 - - [28/Jan/2026 02:56:17] "POST /submit_update HTTP/1.1" 200 -
[34;1mclient_009_1  |[0m 2026-01-28 02:56:17,422 - __main__ - INFO - 🚀 Model update submitted successfully.
[34;1mclient_009_1  |[0m 2026-01-28 02:56:17,422 - __main__ - INFO - Update submitted for Round 8. Waiting...
[34mclient_004_1  |[0m 2026-01-28 02:56:17,700 - __main__ - INFO - --- New Round Detected: 9 ---
[33mserver_1      |[0m INFO:werkzeug:172.18.0.10 - - [28/Jan/2026 02:56:17] "GET /download_model?round=9 HTTP/1.1" 200 -
[36mclient_010_1  |[0m 2026-01-28 02:56:17,955 - __main__ - INFO - --- New Round Detected: 9 ---
[33mserver_1      |[0m INFO:werkzeug:172.18.0.19 - - [28/Jan/2026 02:56:17] "GET /download_model?round=9 HTTP/1.1" 200 -
[35mclient_003_1  |[0m 2026-01-28 02:56:18,037 - __main__ - INFO - --- New Round Detected: 9 ---
[33mserver_1      |[0m INFO:werkzeug:172.18.0.14 - - [28/Jan/2026 02:56:18] "GET /download_model?round=9 HTTP/1.1" 200 -
[32mclient_002_1  |[0m 2026-01-28 02:56:19,062 - __main__ - INFO - Round 9 finished. Loss: 0.0000, Acc: 0.00%
[33mserver_1      |[0m INFO:__main__:Received update from client_002
[33mserver_1      |[0m INFO:werkzeug:172.18.0.20 - - [28/Jan/2026 02:56:19] "POST /submit_update HTTP/1.1" 200 -
[32mclient_002_1  |[0m 2026-01-28 02:56:19,198 - __main__ - INFO - 🚀 Model update submitted successfully.
[32mclient_002_1  |[0m 2026-01-28 02:56:19,198 - __main__ - INFO - Update submitted for Round 9. Waiting...
[36mclient_010_1  |[0m 2026-01-28 02:56:19,208 - __main__ - INFO - Round 9 finished. Loss: 0.0000, Acc: 0.00%
[33mserver_1      |[0m INFO:__main__:Received update from client_010
[33mserver_1      |[0m INFO:werkzeug:172.18.0.19 - - [28/Jan/2026 02:56:19] "POST /submit_update HTTP/1.1" 200 -
[36mclient_010_1  |[0m 2026-01-28 02:56:19,342 - __main__ - INFO - 🚀 Model update submitted successfully.
[36mclient_010_1  |[0m 2026-01-28 02:56:19,343 - __main__ - INFO - Update submitted for Round 9. Waiting...
[35;1mclient_008_1  |[0m 2026-01-28 02:56:19,661 - __main__ - INFO - --- New Round Detected: 9 ---
[33mserver_1      |[0m INFO:werkzeug:172.18.0.18 - - [28/Jan/2026 02:56:19] "GET /download_model?round=9 HTTP/1.1" 200 -
[36;1mclient_005_1  |[0m 2026-01-28 02:56:19,777 - __main__ - INFO - --- New Round Detected: 9 ---
[33mserver_1      |[0m INFO:werkzeug:172.18.0.17 - - [28/Jan/2026 02:56:19] "GET /download_model?round=9 HTTP/1.1" 200 -
[35;1mclient_008_1  |[0m 2026-01-28 02:56:22,424 - __main__ - INFO - Round 9 finished. Loss: 0.0000, Acc: 0.00%
[33mserver_1      |[0m INFO:__main__:Received update from client_008
[33mserver_1      |[0m INFO:__main__:--- Aggregating 5 updates ---
[33mserver_1      |[0m INFO:__main__:⚡ Using Custom Aggregator with Drift Metric...
[33mserver_1      |[0m INFO:server.aggregator:Starting FedAvg aggregation for 5 clients.
[36;1mclient_005_1  |[0m 2026-01-28 02:56:22,750 - __main__ - INFO - Round 9 finished. Loss: 0.0000, Acc: 0.00%
[33mserver_1      |[0m INFO:werkzeug:172.18.0.17 - - [28/Jan/2026 02:56:22] "[31m[1mPOST /submit_update HTTP/1.1[0m" 400 -
[32;1mclient_007_1  |[0m 2026-01-28 02:56:22,827 - __main__ - INFO - --- New Round Detected: 9 ---
[36;1mclient_005_1  |[0m 2026-01-28 02:56:22,832 - __main__ - ERROR - Update submission failed: {"error":"Not accepting updates"}
[36;1mclient_005_1  |[0m 
[36;1mclient_005_1  |[0m 2026-01-28 02:56:22,832 - __main__ - INFO - Update submitted for Round 9. Waiting...
[33mserver_1      |[0m INFO:werkzeug:172.18.0.7 - - [28/Jan/2026 02:56:22] "GET /download_model?round=9 HTTP/1.1" 200 -
[32;1mclient_007_1  |[0m 2026-01-28 02:56:23,676 - __main__ - INFO - Round 9 finished. Loss: 0.0000, Acc: 0.00%
[33mserver_1      |[0m INFO:werkzeug:172.18.0.7 - - [28/Jan/2026 02:56:23] "[31m[1mPOST /submit_update HTTP/1.1[0m" 400 -
[32;1mclient_007_1  |[0m 2026-01-28 02:56:23,741 - __main__ - ERROR - Update submission failed: {"error":"Not accepting updates"}
[32;1mclient_007_1  |[0m 
[32;1mclient_007_1  |[0m 2026-01-28 02:56:23,741 - __main__ - INFO - Update submitted for Round 9. Waiting...
[33mserver_1      |[0m INFO:server.aggregator:--- [METRIC] Weight Divergence: 1.2973
[33mserver_1      |[0m INFO:server.aggregator:FedAvg aggregation complete.
[33mserver_1      |[0m INFO:__main__:Aggregation complete.
[33mserver_1      |[0m ⏱️ [TIME] Client client_001 finished training in 0.73s
[33mserver_1      |[0m ⏱️ [TIME] Client client_009 finished training in 4.68s
[33mserver_1      |[0m ⏱️ [TIME] Client client_002 finished training in 2.31s
[33mserver_1      |[0m ⏱️ [TIME] Client client_010 finished training in 1.12s
[33mserver_1      |[0m ⏱️ [TIME] Client client_008 finished training in 2.62s
[33mserver_1      |[0m DEBUG: ⚠️ MY CUSTOM AGGREGATOR IS RUNNING ⚠️
[33;1mclient_006_1  |[0m 2026-01-28 02:56:24,312 - __main__ - INFO - --- New Round Detected: 9 ---
[33mserver_1      |[0m INFO:werkzeug:172.18.0.21 - - [28/Jan/2026 02:56:24] "GET /download_model?round=9 HTTP/1.1" 200 -
[33;1mclient_006_1  |[0m 2026-01-28 02:56:24,519 - __main__ - INFO - Round 9 finished. Loss: 0.0000, Acc: 0.00%
[33mserver_1      |[0m INFO:werkzeug:172.18.0.21 - - [28/Jan/2026 02:56:24] "[31m[1mPOST /submit_update HTTP/1.1[0m" 400 -
[33;1mclient_006_1  |[0m 2026-01-28 02:56:24,587 - __main__ - ERROR - Update submission failed: {"error":"Not accepting updates"}
[33;1mclient_006_1  |[0m 
[33;1mclient_006_1  |[0m 2026-01-28 02:56:24,589 - __main__ - INFO - Update submitted for Round 9. Waiting...
[33mclient_001_1  |[0m 2026-01-28 02:56:24,988 - __main__ - INFO - --- New Round Detected: 9 ---
[33mserver_1      |[0m INFO:werkzeug:172.18.0.6 - - [28/Jan/2026 02:56:25] "GET /download_model?round=9 HTTP/1.1" 200 -
[33mserver_1      |[0m INFO:__main__:--- Round 9 Acc: 20.02%, Loss: 2.2826 ---
[33mserver_1      |[0m INFO:__main__:--- Starting Round 10. Timeout: 300s ---
[33mserver_1      |[0m INFO:werkzeug:172.18.0.18 - - [28/Jan/2026 02:56:25] "POST /submit_update HTTP/1.1" 200 -
[35;1mclient_008_1  |[0m 2026-01-28 02:56:25,432 - __main__ - INFO - 🚀 Model update submitted successfully.
[35;1mclient_008_1  |[0m 2026-01-28 02:56:25,433 - __main__ - INFO - Update submitted for Round 9. Waiting...
[33mclient_001_1  |[0m 2026-01-28 02:56:25,831 - __main__ - INFO - Round 9 finished. Loss: 0.0000, Acc: 0.00%
[33mserver_1      |[0m INFO:__main__:Received update from client_001
[33mserver_1      |[0m INFO:werkzeug:172.18.0.6 - - [28/Jan/2026 02:56:25] "POST /submit_update HTTP/1.1" 200 -
[33mclient_001_1  |[0m 2026-01-28 02:56:25,987 - __main__ - INFO - 🚀 Model update submitted successfully.
[33mclient_001_1  |[0m 2026-01-28 02:56:25,987 - __main__ - INFO - Update submitted for Round 9. Waiting...
[34mclient_004_1  |[0m 2026-01-28 02:56:26,586 - __main__ - INFO - Round 9 finished. Loss: 0.0000, Acc: 0.00%
[33mserver_1      |[0m INFO:__main__:Received update from client_004
[33mserver_1      |[0m INFO:werkzeug:172.18.0.10 - - [28/Jan/2026 02:56:26] "POST /submit_update HTTP/1.1" 200 -
[34mclient_004_1  |[0m 2026-01-28 02:56:26,723 - __main__ - INFO - 🚀 Model update submitted successfully.
[34mclient_004_1  |[0m 2026-01-28 02:56:26,725 - __main__ - INFO - Update submitted for Round 9. Waiting...
[34;1mclient_009_1  |[0m 2026-01-28 02:56:27,483 - __main__ - INFO - --- New Round Detected: 10 ---
[33mserver_1      |[0m INFO:werkzeug:172.18.0.22 - - [28/Jan/2026 02:56:27] "GET /download_model?round=10 HTTP/1.1" 200 -
[32mclient_002_1  |[0m 2026-01-28 02:56:29,274 - __main__ - INFO - --- New Round Detected: 10 ---
[33mserver_1      |[0m INFO:werkzeug:172.18.0.20 - - [28/Jan/2026 02:56:29] "GET /download_model?round=10 HTTP/1.1" 200 -
[36mclient_010_1  |[0m 2026-01-28 02:56:29,423 - __main__ - INFO - --- New Round Detected: 10 ---
[33mserver_1      |[0m INFO:werkzeug:172.18.0.19 - - [28/Jan/2026 02:56:29] "GET /download_model?round=10 HTTP/1.1" 200 -
[36mclient_010_1  |[0m 2026-01-28 02:56:30,139 - __main__ - INFO - Round 10 finished. Loss: 0.0000, Acc: 0.00%
[33mserver_1      |[0m INFO:__main__:Received update from client_010
[33mserver_1      |[0m INFO:werkzeug:172.18.0.19 - - [28/Jan/2026 02:56:30] "POST /submit_update HTTP/1.1" 200 -
[36mclient_010_1  |[0m 2026-01-28 02:56:30,295 - __main__ - INFO - 🚀 Model update submitted successfully.
[36mclient_010_1  |[0m 2026-01-28 02:56:30,295 - __main__ - INFO - Update submitted for Round 10. Waiting...
[32mclient_002_1  |[0m 2026-01-28 02:56:31,674 - __main__ - INFO - Round 10 finished. Loss: 0.0000, Acc: 0.00%
[33mserver_1      |[0m INFO:__main__:Received update from client_002
[33mserver_1      |[0m INFO:werkzeug:172.18.0.20 - - [28/Jan/2026 02:56:31] "POST /submit_update HTTP/1.1" 200 -
[32mclient_002_1  |[0m 2026-01-28 02:56:31,830 - __main__ - INFO - 🚀 Model update submitted successfully.
[32mclient_002_1  |[0m 2026-01-28 02:56:31,831 - __main__ - INFO - Update submitted for Round 10. Waiting...
[34;1mclient_009_1  |[0m 2026-01-28 02:56:32,254 - __main__ - INFO - Round 10 finished. Loss: 0.0000, Acc: 0.00%
[33mserver_1      |[0m INFO:__main__:Received update from client_009
[33mserver_1      |[0m INFO:__main__:--- Aggregating 5 updates ---
[33mserver_1      |[0m INFO:__main__:⚡ Using Custom Aggregator with Drift Metric...
[33mserver_1      |[0m INFO:server.aggregator:Starting FedAvg aggregation for 5 clients.
[36;1mclient_005_1  |[0m 2026-01-28 02:56:32,911 - __main__ - INFO - --- New Round Detected: 10 ---
[33mserver_1      |[0m INFO:werkzeug:172.18.0.17 - - [28/Jan/2026 02:56:32] "GET /download_model?round=10 HTTP/1.1" 200 -
[32;1mclient_007_1  |[0m 2026-01-28 02:56:33,807 - __main__ - INFO - --- New Round Detected: 10 ---
[33mserver_1      |[0m INFO:werkzeug:172.18.0.7 - - [28/Jan/2026 02:56:33] "GET /download_model?round=10 HTTP/1.1" 200 -
[32;1mclient_007_1  |[0m 2026-01-28 02:56:34,388 - __main__ - INFO - Round 10 finished. Loss: 0.0000, Acc: 0.00%
[33mserver_1      |[0m INFO:server.aggregator:--- [METRIC] Weight Divergence: 1.2929
[33mserver_1      |[0m INFO:server.aggregator:FedAvg aggregation complete.
[33mserver_1      |[0m INFO:__main__:Aggregation complete.
[33mserver_1      |[0m ⏱️ [TIME] Client client_001 finished training in 0.72s
[33mserver_1      |[0m ⏱️ [TIME] Client client_004 finished training in 8.76s
[33mserver_1      |[0m ⏱️ [TIME] Client client_010 finished training in 0.58s
[33mserver_1      |[0m ⏱️ [TIME] Client client_002 finished training in 2.27s
[33mserver_1      |[0m ⏱️ [TIME] Client client_009 finished training in 4.64s
[33mserver_1      |[0m DEBUG: ⚠️ MY CUSTOM AGGREGATOR IS RUNNING ⚠️
[33mserver_1      |[0m INFO:werkzeug:172.18.0.7 - - [28/Jan/2026 02:56:34] "[31m[1mPOST /submit_update HTTP/1.1[0m" 400 -
[32;1mclient_007_1  |[0m 2026-01-28 02:56:34,488 - __main__ - ERROR - Update submission failed: {"error":"Not accepting updates"}
[32;1mclient_007_1  |[0m 
[32;1mclient_007_1  |[0m 2026-01-28 02:56:34,488 - __main__ - INFO - Update submitted for Round 10. Waiting...
[33;1mclient_006_1  |[0m 2026-01-28 02:56:34,658 - __main__ - INFO - --- New Round Detected: 10 ---
[33mserver_1      |[0m INFO:werkzeug:172.18.0.21 - - [28/Jan/2026 02:56:34] "GET /download_model?round=10 HTTP/1.1" 200 -
[33;1mclient_006_1  |[0m 2026-01-28 02:56:34,871 - __main__ - INFO - Round 10 finished. Loss: 0.0000, Acc: 0.00%
[33mserver_1      |[0m INFO:werkzeug:172.18.0.21 - - [28/Jan/2026 02:56:34] "[31m[1mPOST /submit_update HTTP/1.1[0m" 400 -
[33;1mclient_006_1  |[0m 2026-01-28 02:56:34,937 - __main__ - ERROR - Update submission failed: {"error":"Not accepting updates"}
[33;1mclient_006_1  |[0m 
[33;1mclient_006_1  |[0m 2026-01-28 02:56:34,937 - __main__ - INFO - Update submitted for Round 10. Waiting...
[35;1mclient_008_1  |[0m 2026-01-28 02:56:35,496 - __main__ - INFO - --- New Round Detected: 10 ---
[33mserver_1      |[0m INFO:werkzeug:172.18.0.18 - - [28/Jan/2026 02:56:35] "GET /download_model?round=10 HTTP/1.1" 200 -
[33mserver_1      |[0m INFO:__main__:--- Round 10 Acc: 30.58%, Loss: 1.9704 ---
[33mserver_1      |[0m INFO:__main__:--- Starting Round 11. Timeout: 300s ---
[33mserver_1      |[0m INFO:werkzeug:172.18.0.22 - - [28/Jan/2026 02:56:35] "POST /submit_update HTTP/1.1" 200 -
[34;1mclient_009_1  |[0m 2026-01-28 02:56:35,597 - __main__ - INFO - 🚀 Model update submitted successfully.
[34;1mclient_009_1  |[0m 2026-01-28 02:56:35,597 - __main__ - INFO - Update submitted for Round 10. Waiting...
[33mclient_001_1  |[0m 2026-01-28 02:56:36,051 - __main__ - INFO - --- New Round Detected: 11 ---
[33mserver_1      |[0m INFO:werkzeug:172.18.0.6 - - [28/Jan/2026 02:56:36] "GET /download_model?round=11 HTTP/1.1" 200 -
[35mclient_003_1  |[0m 2026-01-28 02:56:36,140 - __main__ - INFO - Round 9 finished. Loss: 0.0000, Acc: 0.00%
[33mserver_1      |[0m INFO:__main__:Received update from client_003
[33mserver_1      |[0m INFO:werkzeug:172.18.0.14 - - [28/Jan/2026 02:56:36] "POST /submit_update HTTP/1.1" 200 -
[35mclient_003_1  |[0m 2026-01-28 02:56:36,276 - __main__ - INFO - 🚀 Model update submitted successfully.
[35mclient_003_1  |[0m 2026-01-28 02:56:36,276 - __main__ - INFO - Update submitted for Round 9. Waiting...
[36;1mclient_005_1  |[0m 2026-01-28 02:56:36,624 - __main__ - INFO - Round 10 finished. Loss: 0.0000, Acc: 0.00%
[33mserver_1      |[0m INFO:__main__:Received update from client_005
[33mserver_1      |[0m INFO:werkzeug:172.18.0.17 - - [28/Jan/2026 02:56:36] "POST /submit_update HTTP/1.1" 200 -
[36;1mclient_005_1  |[0m 2026-01-28 02:56:36,759 - __main__ - INFO - 🚀 Model update submitted successfully.
[36;1mclient_005_1  |[0m 2026-01-28 02:56:36,759 - __main__ - INFO - Update submitted for Round 10. Waiting...
[34mclient_004_1  |[0m 2026-01-28 02:56:36,788 - __main__ - INFO - --- New Round Detected: 11 ---
[33mserver_1      |[0m INFO:werkzeug:172.18.0.10 - - [28/Jan/2026 02:56:36] "GET /download_model?round=11 HTTP/1.1" 200 -
[33mclient_001_1  |[0m 2026-01-28 02:56:36,869 - __main__ - INFO - Round 11 finished. Loss: 0.0000, Acc: 0.00%
[33mserver_1      |[0m INFO:__main__:Received update from client_001
[33mserver_1      |[0m INFO:werkzeug:172.18.0.6 - - [28/Jan/2026 02:56:36] "POST /submit_update HTTP/1.1" 200 -
[33mclient_001_1  |[0m 2026-01-28 02:56:37,026 - __main__ - INFO - 🚀 Model update submitted successfully.
[33mclient_001_1  |[0m 2026-01-28 02:56:37,027 - __main__ - INFO - Update submitted for Round 11. Waiting...
[35;1mclient_008_1  |[0m 2026-01-28 02:56:37,531 - __main__ - INFO - Round 10 finished. Loss: 0.0000, Acc: 0.00%
[33mserver_1      |[0m INFO:__main__:Received update from client_008
[33mserver_1      |[0m INFO:werkzeug:172.18.0.18 - - [28/Jan/2026 02:56:37] "POST /submit_update HTTP/1.1" 200 -
[35;1mclient_008_1  |[0m 2026-01-28 02:56:37,668 - __main__ - INFO - 🚀 Model update submitted successfully.
[35;1mclient_008_1  |[0m 2026-01-28 02:56:37,669 - __main__ - INFO - Update submitted for Round 10. Waiting...
[36mclient_010_1  |[0m 2026-01-28 02:56:40,365 - __main__ - INFO - --- New Round Detected: 11 ---
[33mserver_1      |[0m INFO:werkzeug:172.18.0.19 - - [28/Jan/2026 02:56:40] "GET /download_model?round=11 HTTP/1.1" 200 -
[36mclient_010_1  |[0m 2026-01-28 02:56:41,100 - __main__ - INFO - Round 11 finished. Loss: 0.0000, Acc: 0.00%
[33mserver_1      |[0m INFO:__main__:Received update from client_010
[33mserver_1      |[0m INFO:__main__:--- Aggregating 5 updates ---
[33mserver_1      |[0m INFO:__main__:⚡ Using Custom Aggregator with Drift Metric...
[33mserver_1      |[0m INFO:server.aggregator:Starting FedAvg aggregation for 5 clients.
[32mclient_002_1  |[0m 2026-01-28 02:56:41,899 - __main__ - INFO - --- New Round Detected: 11 ---
[33mserver_1      |[0m INFO:werkzeug:172.18.0.20 - - [28/Jan/2026 02:56:41] "GET /download_model?round=11 HTTP/1.1" 200 -
[33mserver_1      |[0m INFO:server.aggregator:--- [METRIC] Weight Divergence: 1.5673
[33mserver_1      |[0m INFO:server.aggregator:FedAvg aggregation complete.
[33mserver_1      |[0m INFO:__main__:Aggregation complete.
[33mserver_1      |[0m ⏱️ [TIME] Client client_003 finished training in 17.95s
[33mserver_1      |[0m ⏱️ [TIME] Client client_005 finished training in 3.57s
[33mserver_1      |[0m ⏱️ [TIME] Client client_001 finished training in 0.69s
[33mserver_1      |[0m ⏱️ [TIME] Client client_008 finished training in 1.91s
[33mserver_1      |[0m ⏱️ [TIME] Client client_010 finished training in 0.60s
[33mserver_1      |[0m DEBUG: ⚠️ MY CUSTOM AGGREGATOR IS RUNNING ⚠️
[33mserver_1      |[0m INFO:__main__:--- Round 11 Acc: 32.20%, Loss: 1.9528 ---
[33mserver_1      |[0m INFO:__main__:--- Starting Round 12. Timeout: 300s ---
[33mserver_1      |[0m INFO:werkzeug:172.18.0.19 - - [28/Jan/2026 02:56:43] "POST /submit_update HTTP/1.1" 200 -
[36mclient_010_1  |[0m 2026-01-28 02:56:43,658 - __main__ - INFO - 🚀 Model update submitted successfully.
[36mclient_010_1  |[0m 2026-01-28 02:56:43,659 - __main__ - INFO - Update submitted for Round 11. Waiting...
[32mclient_002_1  |[0m 2026-01-28 02:56:44,269 - __main__ - INFO - Round 11 finished. Loss: 0.0000, Acc: 0.00%
[33mserver_1      |[0m INFO:__main__:Received update from client_002
[33mserver_1      |[0m INFO:werkzeug:172.18.0.20 - - [28/Jan/2026 02:56:44] "POST /submit_update HTTP/1.1" 200 -
[32mclient_002_1  |[0m 2026-01-28 02:56:44,408 - __main__ - INFO - 🚀 Model update submitted successfully.
[32mclient_002_1  |[0m 2026-01-28 02:56:44,409 - __main__ - INFO - Update submitted for Round 11. Waiting...
[32;1mclient_007_1  |[0m 2026-01-28 02:56:44,557 - __main__ - INFO - --- New Round Detected: 12 ---
[33mserver_1      |[0m INFO:werkzeug:172.18.0.7 - - [28/Jan/2026 02:56:44] "GET /download_model?round=12 HTTP/1.1" 200 -
[33;1mclient_006_1  |[0m 2026-01-28 02:56:45,000 - __main__ - INFO - --- New Round Detected: 12 ---
[33mserver_1      |[0m INFO:werkzeug:172.18.0.21 - - [28/Jan/2026 02:56:45] "GET /download_model?round=12 HTTP/1.1" 200 -
[33;1mclient_006_1  |[0m 2026-01-28 02:56:45,180 - __main__ - INFO - Round 12 finished. Loss: 0.0000, Acc: 0.00%
[33mserver_1      |[0m INFO:__main__:Received update from client_006
[33mserver_1      |[0m INFO:werkzeug:172.18.0.21 - - [28/Jan/2026 02:56:45] "POST /submit_update HTTP/1.1" 200 -
[33;1mclient_006_1  |[0m 2026-01-28 02:56:45,316 - __main__ - INFO - 🚀 Model update submitted successfully.
[33;1mclient_006_1  |[0m 2026-01-28 02:56:45,316 - __main__ - INFO - Update submitted for Round 12. Waiting...
[34mclient_004_1  |[0m 2026-01-28 02:56:45,335 - __main__ - INFO - Round 11 finished. Loss: 0.0000, Acc: 0.00%
[32;1mclient_007_1  |[0m 2026-01-28 02:56:45,421 - __main__ - INFO - Round 12 finished. Loss: 0.0000, Acc: 0.00%
[33mserver_1      |[0m INFO:__main__:Received update from client_004
[33mserver_1      |[0m INFO:werkzeug:172.18.0.10 - - [28/Jan/2026 02:56:45] "POST /submit_update HTTP/1.1" 200 -
[34mclient_004_1  |[0m 2026-01-28 02:56:45,470 - __main__ - INFO - 🚀 Model update submitted successfully.
[34mclient_004_1  |[0m 2026-01-28 02:56:45,470 - __main__ - INFO - Update submitted for Round 11. Waiting...
[33mserver_1      |[0m INFO:__main__:Received update from client_007
[33mserver_1      |[0m INFO:werkzeug:172.18.0.7 - - [28/Jan/2026 02:56:45] "POST /submit_update HTTP/1.1" 200 -
[32;1mclient_007_1  |[0m 2026-01-28 02:56:45,555 - __main__ - INFO - 🚀 Model update submitted successfully.
[32;1mclient_007_1  |[0m 2026-01-28 02:56:45,555 - __main__ - INFO - Update submitted for Round 12. Waiting...
[34;1mclient_009_1  |[0m 2026-01-28 02:56:45,660 - __main__ - INFO - --- New Round Detected: 12 ---
[33mserver_1      |[0m INFO:werkzeug:172.18.0.22 - - [28/Jan/2026 02:56:45] "GET /download_model?round=12 HTTP/1.1" 200 -
[35mclient_003_1  |[0m 2026-01-28 02:56:46,347 - __main__ - INFO - --- New Round Detected: 12 ---
[33mserver_1      |[0m INFO:werkzeug:172.18.0.14 - - [28/Jan/2026 02:56:46] "GET /download_model?round=12 HTTP/1.1" 200 -
[36;1mclient_005_1  |[0m 2026-01-28 02:56:46,829 - __main__ - INFO - --- New Round Detected: 12 ---
[33mserver_1      |[0m INFO:werkzeug:172.18.0.17 - - [28/Jan/2026 02:56:46] "GET /download_model?round=12 HTTP/1.1" 200 -
[33mclient_001_1  |[0m 2026-01-28 02:56:47,089 - __main__ - INFO - --- New Round Detected: 12 ---
[33mserver_1      |[0m INFO:werkzeug:172.18.0.6 - - [28/Jan/2026 02:56:47] "GET /download_model?round=12 HTTP/1.1" 200 -
[33mclient_001_1  |[0m 2026-01-28 02:56:47,594 - __main__ - INFO - Round 12 finished. Loss: 0.0000, Acc: 0.00%
[33mserver_1      |[0m INFO:__main__:Received update from client_001
[33mserver_1      |[0m INFO:__main__:--- Aggregating 5 updates ---
[33mserver_1      |[0m INFO:__main__:⚡ Using Custom Aggregator with Drift Metric...
[33mserver_1      |[0m INFO:server.aggregator:Starting FedAvg aggregation for 5 clients.
[35;1mclient_008_1  |[0m 2026-01-28 02:56:47,748 - __main__ - INFO - --- New Round Detected: 12 ---
[33mserver_1      |[0m INFO:werkzeug:172.18.0.18 - - [28/Jan/2026 02:56:47] "GET /download_model?round=12 HTTP/1.1" 200 -
[33mserver_1      |[0m INFO:server.aggregator:--- [METRIC] Weight Divergence: 1.6762
[33mserver_1      |[0m INFO:server.aggregator:FedAvg aggregation complete.
[33mserver_1      |[0m INFO:__main__:Aggregation complete.
[33mserver_1      |[0m ⏱️ [TIME] Client client_002 finished training in 2.24s
[33mserver_1      |[0m ⏱️ [TIME] Client client_006 finished training in 0.05s
[33mserver_1      |[0m ⏱️ [TIME] Client client_004 finished training in 8.40s
[33mserver_1      |[0m ⏱️ [TIME] Client client_007 finished training in 0.72s
[33mserver_1      |[0m ⏱️ [TIME] Client client_001 finished training in 0.37s
[33mserver_1      |[0m DEBUG: ⚠️ MY CUSTOM AGGREGATOR IS RUNNING ⚠️
[35;1mclient_008_1  |[0m 2026-01-28 02:56:50,549 - __main__ - INFO - Round 12 finished. Loss: 0.0000, Acc: 0.00%
[33mserver_1      |[0m INFO:werkzeug:172.18.0.18 - - [28/Jan/2026 02:56:50] "[31m[1mPOST /submit_update HTTP/1.1[0m" 400 -
[35;1mclient_008_1  |[0m 2026-01-28 02:56:50,614 - __main__ - ERROR - Update submission failed: {"error":"Not accepting updates"}
[35;1mclient_008_1  |[0m 
[35;1mclient_008_1  |[0m 2026-01-28 02:56:50,614 - __main__ - INFO - Update submitted for Round 12. Waiting...
[34;1mclient_009_1  |[0m 2026-01-28 02:56:50,681 - __main__ - INFO - Round 12 finished. Loss: 0.0000, Acc: 0.00%
[33mserver_1      |[0m INFO:werkzeug:172.18.0.22 - - [28/Jan/2026 02:56:50] "[31m[1mPOST /submit_update HTTP/1.1[0m" 400 -
[34;1mclient_009_1  |[0m 2026-01-28 02:56:50,761 - __main__ - ERROR - Update submission failed: {"error":"Not accepting updates"}
[34;1mclient_009_1  |[0m 
[34;1mclient_009_1  |[0m 2026-01-28 02:56:50,761 - __main__ - INFO - Update submitted for Round 12. Waiting...
[33mserver_1      |[0m INFO:__main__:--- Round 12 Acc: 36.00%, Loss: 1.9424 ---
[33mserver_1      |[0m INFO:__main__:--- Starting Round 13. Timeout: 300s ---
[33mserver_1      |[0m INFO:werkzeug:172.18.0.6 - - [28/Jan/2026 02:56:50] "POST /submit_update HTTP/1.1" 200 -
[33mclient_001_1  |[0m 2026-01-28 02:56:50,872 - __main__ - INFO - 🚀 Model update submitted successfully.
[33mclient_001_1  |[0m 2026-01-28 02:56:50,872 - __main__ - INFO - Update submitted for Round 12. Waiting...
[36;1mclient_005_1  |[0m 2026-01-28 02:56:51,064 - __main__ - INFO - Round 12 finished. Loss: 0.0000, Acc: 0.00%
[33mserver_1      |[0m INFO:__main__:Received update from client_005
[33mserver_1      |[0m INFO:werkzeug:172.18.0.17 - - [28/Jan/2026 02:56:51] "POST /submit_update HTTP/1.1" 200 -
[36;1mclient_005_1  |[0m 2026-01-28 02:56:51,219 - __main__ - INFO - 🚀 Model update submitted successfully.
[36;1mclient_005_1  |[0m 2026-01-28 02:56:51,219 - __main__ - INFO - Update submitted for Round 12. Waiting...
[36mclient_010_1  |[0m 2026-01-28 02:56:53,725 - __main__ - INFO - --- New Round Detected: 13 ---
[33mserver_1      |[0m INFO:werkzeug:172.18.0.19 - - [28/Jan/2026 02:56:53] "GET /download_model?round=13 HTTP/1.1" 200 -
[36mclient_010_1  |[0m 2026-01-28 02:56:54,442 - __main__ - INFO - Round 13 finished. Loss: 0.0000, Acc: 0.00%
[32mclient_002_1  |[0m 2026-01-28 02:56:54,472 - __main__ - INFO - --- New Round Detected: 13 ---
[33mserver_1      |[0m INFO:werkzeug:172.18.0.20 - - [28/Jan/2026 02:56:54] "GET /download_model?round=13 HTTP/1.1" 200 -
[33mserver_1      |[0m INFO:__main__:Received update from client_010
[33mserver_1      |[0m INFO:werkzeug:172.18.0.19 - - [28/Jan/2026 02:56:54] "POST /submit_update HTTP/1.1" 200 -
[36mclient_010_1  |[0m 2026-01-28 02:56:54,576 - __main__ - INFO - 🚀 Model update submitted successfully.
[36mclient_010_1  |[0m 2026-01-28 02:56:54,577 - __main__ - INFO - Update submitted for Round 13. Waiting...
[33;1mclient_006_1  |[0m 2026-01-28 02:56:55,411 - __main__ - INFO - --- New Round Detected: 13 ---
[33mserver_1      |[0m INFO:werkzeug:172.18.0.21 - - [28/Jan/2026 02:56:55] "GET /download_model?round=13 HTTP/1.1" 200 -
[34mclient_004_1  |[0m 2026-01-28 02:56:55,535 - __main__ - INFO - --- New Round Detected: 13 ---
[33mserver_1      |[0m INFO:werkzeug:172.18.0.10 - - [28/Jan/2026 02:56:55] "GET /download_model?round=13 HTTP/1.1" 200 -
[32;1mclient_007_1  |[0m 2026-01-28 02:56:55,617 - __main__ - INFO - --- New Round Detected: 13 ---
[33;1mclient_006_1  |[0m 2026-01-28 02:56:55,617 - __main__ - INFO - Round 13 finished. Loss: 0.0000, Acc: 0.00%
[33mserver_1      |[0m INFO:werkzeug:172.18.0.7 - - [28/Jan/2026 02:56:55] "GET /download_model?round=13 HTTP/1.1" 200 -
[33mserver_1      |[0m INFO:__main__:Received update from client_006
[33mserver_1      |[0m INFO:werkzeug:172.18.0.21 - - [28/Jan/2026 02:56:55] "POST /submit_update HTTP/1.1" 200 -
[33;1mclient_006_1  |[0m 2026-01-28 02:56:55,750 - __main__ - INFO - 🚀 Model update submitted successfully.
[33;1mclient_006_1  |[0m 2026-01-28 02:56:55,751 - __main__ - INFO - Update submitted for Round 13. Waiting...
[32;1mclient_007_1  |[0m 2026-01-28 02:56:56,455 - __main__ - INFO - Round 13 finished. Loss: 0.0000, Acc: 0.00%
[33mserver_1      |[0m INFO:__main__:Received update from client_007
[33mserver_1      |[0m INFO:werkzeug:172.18.0.7 - - [28/Jan/2026 02:56:56] "POST /submit_update HTTP/1.1" 200 -
[32;1mclient_007_1  |[0m 2026-01-28 02:56:56,589 - __main__ - INFO - 🚀 Model update submitted successfully.
[32;1mclient_007_1  |[0m 2026-01-28 02:56:56,589 - __main__ - INFO - Update submitted for Round 13. Waiting...
[32mclient_002_1  |[0m 2026-01-28 02:56:56,825 - __main__ - INFO - Round 13 finished. Loss: 0.0000, Acc: 0.00%
[33mserver_1      |[0m INFO:__main__:Received update from client_002
[33mserver_1      |[0m INFO:__main__:--- Aggregating 5 updates ---
[33mserver_1      |[0m INFO:__main__:⚡ Using Custom Aggregator with Drift Metric...
[33mserver_1      |[0m INFO:server.aggregator:Starting FedAvg aggregation for 5 clients.
[33mserver_1      |[0m INFO:server.aggregator:--- [METRIC] Weight Divergence: 1.2942
[33mserver_1      |[0m INFO:server.aggregator:FedAvg aggregation complete.
[33mserver_1      |[0m INFO:__main__:Aggregation complete.
[33mserver_1      |[0m ⏱️ [TIME] Client client_005 finished training in 4.08s
[33mserver_1      |[0m ⏱️ [TIME] Client client_010 finished training in 0.59s
[33mserver_1      |[0m ⏱️ [TIME] Client client_006 finished training in 0.07s
[33mserver_1      |[0m ⏱️ [TIME] Client client_007 finished training in 0.71s
[33mserver_1      |[0m ⏱️ [TIME] Client client_002 finished training in 2.22s
[33mserver_1      |[0m DEBUG: ⚠️ MY CUSTOM AGGREGATOR IS RUNNING ⚠️
[33mserver_1      |[0m INFO:__main__:--- Round 13 Acc: 21.22%, Loss: 2.1412 ---
[33mserver_1      |[0m INFO:__main__:--- Starting Round 14. Timeout: 300s ---
[33mserver_1      |[0m INFO:werkzeug:172.18.0.20 - - [28/Jan/2026 02:56:59] "POST /submit_update HTTP/1.1" 200 -
[32mclient_002_1  |[0m 2026-01-28 02:56:59,518 - __main__ - INFO - 🚀 Model update submitted successfully.
[32mclient_002_1  |[0m 2026-01-28 02:56:59,518 - __main__ - INFO - Update submitted for Round 13. Waiting...
[34mclient_004_1  |[0m 2026-01-28 02:57:00,589 - __main__ - INFO - Round 13 finished. Loss: 0.0000, Acc: 0.00%
[35;1mclient_008_1  |[0m 2026-01-28 02:57:00,677 - __main__ - INFO - --- New Round Detected: 14 ---
[33mserver_1      |[0m INFO:__main__:Received update from client_004
[33mserver_1      |[0m INFO:werkzeug:172.18.0.10 - - [28/Jan/2026 02:57:00] "POST /submit_update HTTP/1.1" 200 -
[33mserver_1      |[0m INFO:werkzeug:172.18.0.18 - - [28/Jan/2026 02:57:00] "GET /download_model?round=14 HTTP/1.1" 200 -
[34mclient_004_1  |[0m 2026-01-28 02:57:00,722 - __main__ - INFO - 🚀 Model update submitted successfully.
[34mclient_004_1  |[0m 2026-01-28 02:57:00,723 - __main__ - INFO - Update submitted for Round 13. Waiting...
[34;1mclient_009_1  |[0m 2026-01-28 02:57:00,825 - __main__ - INFO - --- New Round Detected: 14 ---
[33mserver_1      |[0m INFO:werkzeug:172.18.0.22 - - [28/Jan/2026 02:57:00] "GET /download_model?round=14 HTTP/1.1" 200 -
[33mclient_001_1  |[0m 2026-01-28 02:57:00,934 - __main__ - INFO - --- New Round Detected: 14 ---
[33mserver_1      |[0m INFO:werkzeug:172.18.0.6 - - [28/Jan/2026 02:57:00] "GET /download_model?round=14 HTTP/1.1" 200 -
[36;1mclient_005_1  |[0m 2026-01-28 02:57:01,285 - __main__ - INFO - --- New Round Detected: 14 ---
[33mserver_1      |[0m INFO:werkzeug:172.18.0.17 - - [28/Jan/2026 02:57:01] "GET /download_model?round=14 HTTP/1.1" 200 -
[33mclient_001_1  |[0m 2026-01-28 02:57:01,772 - __main__ - INFO - Round 14 finished. Loss: 0.0000, Acc: 0.00%
[33mserver_1      |[0m INFO:__main__:Received update from client_001
[33mserver_1      |[0m INFO:werkzeug:172.18.0.6 - - [28/Jan/2026 02:57:01] "POST /submit_update HTTP/1.1" 200 -
[33mclient_001_1  |[0m 2026-01-28 02:57:01,906 - __main__ - INFO - 🚀 Model update submitted successfully.
[33mclient_001_1  |[0m 2026-01-28 02:57:01,906 - __main__ - INFO - Update submitted for Round 14. Waiting...
[35;1mclient_008_1  |[0m 2026-01-28 02:57:02,876 - __main__ - INFO - Round 14 finished. Loss: 0.0000, Acc: 0.00%
[33mserver_1      |[0m INFO:__main__:Received update from client_008
[33mserver_1      |[0m INFO:werkzeug:172.18.0.18 - - [28/Jan/2026 02:57:02] "POST /submit_update HTTP/1.1" 200 -
[35;1mclient_008_1  |[0m 2026-01-28 02:57:03,010 - __main__ - INFO - 🚀 Model update submitted successfully.
[35;1mclient_008_1  |[0m 2026-01-28 02:57:03,011 - __main__ - INFO - Update submitted for Round 14. Waiting...
[35mclient_003_1  |[0m 2026-01-28 02:57:04,559 - __main__ - INFO - Round 12 finished. Loss: 0.0000, Acc: 0.00%
[36mclient_010_1  |[0m 2026-01-28 02:57:04,641 - __main__ - INFO - --- New Round Detected: 14 ---
[33mserver_1      |[0m INFO:__main__:Received update from client_003
[33mserver_1      |[0m INFO:werkzeug:172.18.0.14 - - [28/Jan/2026 02:57:04] "POST /submit_update HTTP/1.1" 200 -
[33mserver_1      |[0m INFO:werkzeug:172.18.0.19 - - [28/Jan/2026 02:57:04] "GET /download_model?round=14 HTTP/1.1" 200 -
[35mclient_003_1  |[0m 2026-01-28 02:57:04,693 - __main__ - INFO - 🚀 Model update submitted successfully.
[35mclient_003_1  |[0m 2026-01-28 02:57:04,693 - __main__ - INFO - Update submitted for Round 12. Waiting...
[36mclient_010_1  |[0m 2026-01-28 02:57:05,343 - __main__ - INFO - Round 14 finished. Loss: 0.0000, Acc: 0.00%
[33mserver_1      |[0m INFO:__main__:Received update from client_010
[33mserver_1      |[0m INFO:__main__:--- Aggregating 5 updates ---
[33mserver_1      |[0m INFO:__main__:⚡ Using Custom Aggregator with Drift Metric...
[33mserver_1      |[0m INFO:server.aggregator:Starting FedAvg aggregation for 5 clients.
[36;1mclient_005_1  |[0m 2026-01-28 02:57:05,686 - __main__ - INFO - Round 14 finished. Loss: 0.0000, Acc: 0.00%
[33mserver_1      |[0m INFO:werkzeug:172.18.0.17 - - [28/Jan/2026 02:57:05] "[31m[1mPOST /submit_update HTTP/1.1[0m" 400 -
[36;1mclient_005_1  |[0m 2026-01-28 02:57:05,749 - __main__ - ERROR - Update submission failed: {"error":"Not accepting updates"}
[36;1mclient_005_1  |[0m 
[36;1mclient_005_1  |[0m 2026-01-28 02:57:05,749 - __main__ - INFO - Update submitted for Round 14. Waiting...
[34;1mclient_009_1  |[0m 2026-01-28 02:57:05,753 - __main__ - INFO - Round 14 finished. Loss: 0.0000, Acc: 0.00%
[33mserver_1      |[0m INFO:werkzeug:172.18.0.22 - - [28/Jan/2026 02:57:05] "[31m[1mPOST /submit_update HTTP/1.1[0m" 400 -
[34;1mclient_009_1  |[0m 2026-01-28 02:57:05,928 - __main__ - ERROR - Update submission failed: {"error":"Not accepting updates"}
[34;1mclient_009_1  |[0m 
[34;1mclient_009_1  |[0m 2026-01-28 02:57:05,928 - __main__ - INFO - Update submitted for Round 14. Waiting...
[33;1mclient_006_1  |[0m 2026-01-28 02:57:05,929 - __main__ - INFO - --- New Round Detected: 14 ---
[33mserver_1      |[0m INFO:werkzeug:172.18.0.21 - - [28/Jan/2026 02:57:05] "GET /download_model?round=14 HTTP/1.1" 200 -
[33;1mclient_006_1  |[0m 2026-01-28 02:57:06,104 - __main__ - INFO - Round 14 finished. Loss: 0.0000, Acc: 0.00%
[33mserver_1      |[0m INFO:werkzeug:172.18.0.21 - - [28/Jan/2026 02:57:06] "[31m[1mPOST /submit_update HTTP/1.1[0m" 400 -
[33;1mclient_006_1  |[0m 2026-01-28 02:57:06,169 - __main__ - ERROR - Update submission failed: {"error":"Not accepting updates"}
[33;1mclient_006_1  |[0m 
[33;1mclient_006_1  |[0m 2026-01-28 02:57:06,169 - __main__ - INFO - Update submitted for Round 14. Waiting...
[32;1mclient_007_1  |[0m 2026-01-28 02:57:06,651 - __main__ - INFO - --- New Round Detected: 14 ---
[33mserver_1      |[0m INFO:werkzeug:172.18.0.7 - - [28/Jan/2026 02:57:06] "GET /download_model?round=14 HTTP/1.1" 200 -
[33mserver_1      |[0m INFO:server.aggregator:--- [METRIC] Weight Divergence: 1.6873
[33mserver_1      |[0m INFO:server.aggregator:FedAvg aggregation complete.
[33mserver_1      |[0m INFO:__main__:Aggregation complete.
[33mserver_1      |[0m ⏱️ [TIME] Client client_004 finished training in 4.92s
[33mserver_1      |[0m ⏱️ [TIME] Client client_001 finished training in 0.71s
[33mserver_1      |[0m ⏱️ [TIME] Client client_008 finished training in 2.07s
[33mserver_1      |[0m ⏱️ [TIME] Client client_003 finished training in 18.08s
[33mserver_1      |[0m ⏱️ [TIME] Client client_010 finished training in 0.57s
[33mserver_1      |[0m DEBUG: ⚠️ MY CUSTOM AGGREGATOR IS RUNNING ⚠️
[32;1mclient_007_1  |[0m 2026-01-28 02:57:07,477 - __main__ - INFO - Round 14 finished. Loss: 0.0000, Acc: 0.00%
[33mserver_1      |[0m INFO:werkzeug:172.18.0.7 - - [28/Jan/2026 02:57:07] "[31m[1mPOST /submit_update HTTP/1.1[0m" 400 -
[32;1mclient_007_1  |[0m 2026-01-28 02:57:07,622 - __main__ - ERROR - Update submission failed: {"error":"Not accepting updates"}
[32;1mclient_007_1  |[0m 
[32;1mclient_007_1  |[0m 2026-01-28 02:57:07,622 - __main__ - INFO - Update submitted for Round 14. Waiting...
[33mserver_1      |[0m INFO:__main__:--- Round 14 Acc: 33.14%, Loss: 1.9080 ---
[33mserver_1      |[0m INFO:__main__:--- Starting Round 15. Timeout: 300s ---
[33mserver_1      |[0m INFO:werkzeug:172.18.0.19 - - [28/Jan/2026 02:57:08] "POST /submit_update HTTP/1.1" 200 -
[36mclient_010_1  |[0m 2026-01-28 02:57:08,502 - __main__ - INFO - 🚀 Model update submitted successfully.
[36mclient_010_1  |[0m 2026-01-28 02:57:08,502 - __main__ - INFO - Update submitted for Round 14. Waiting...
[32mclient_002_1  |[0m 2026-01-28 02:57:09,579 - __main__ - INFO - --- New Round Detected: 15 ---
[33mserver_1      |[0m INFO:werkzeug:172.18.0.20 - - [28/Jan/2026 02:57:09] "GET /download_model?round=15 HTTP/1.1" 200 -
[34mclient_004_1  |[0m 2026-01-28 02:57:10,797 - __main__ - INFO - --- New Round Detected: 15 ---
[33mserver_1      |[0m INFO:werkzeug:172.18.0.10 - - [28/Jan/2026 02:57:10] "GET /download_model?round=15 HTTP/1.1" 200 -
[33mclient_011_1  |[0m 2026-01-28 02:57:11,161 - __main__ - INFO - Round 0 finished. Loss: 0.0000, Acc: 0.00%
[32mclient_002_1  |[0m 2026-01-28 02:57:11,216 - __main__ - INFO - Round 15 finished. Loss: 0.0000, Acc: 0.00%
[33mserver_1      |[0m INFO:__main__:Received update from client_002
[33mserver_1      |[0m INFO:werkzeug:172.18.0.20 - - [28/Jan/2026 02:57:11] "POST /submit_update HTTP/1.1" 200 -
[32mclient_002_1  |[0m 2026-01-28 02:57:11,352 - __main__ - INFO - 🚀 Model update submitted successfully.
[32mclient_002_1  |[0m 2026-01-28 02:57:11,352 - __main__ - INFO - Update submitted for Round 15. Waiting...
[33mclient_001_1  |[0m 2026-01-28 02:57:11,972 - __main__ - INFO - --- New Round Detected: 15 ---
[33mserver_1      |[0m INFO:werkzeug:172.18.0.6 - - [28/Jan/2026 02:57:11] "GET /download_model?round=15 HTTP/1.1" 200 -
[33mserver_1      |[0m INFO:__main__:Received update from client_011
[33mserver_1      |[0m INFO:werkzeug:172.18.0.11 - - [28/Jan/2026 02:57:12] "POST /submit_update HTTP/1.1" 200 -
[33mclient_011_1  |[0m 2026-01-28 02:57:12,592 - __main__ - INFO - 🚀 Model update submitted successfully.
[33mclient_011_1  |[0m 2026-01-28 02:57:12,593 - __main__ - INFO - Update submitted for Round 0. Waiting...
[33mclient_001_1  |[0m 2026-01-28 02:57:12,606 - __main__ - INFO - Round 15 finished. Loss: 0.0000, Acc: 0.00%
[33mserver_1      |[0m INFO:__main__:Received update from client_001
[33mserver_1      |[0m INFO:werkzeug:172.18.0.6 - - [28/Jan/2026 02:57:12] "POST /submit_update HTTP/1.1" 200 -
[33mclient_001_1  |[0m 2026-01-28 02:57:12,743 - __main__ - INFO - 🚀 Model update submitted successfully.
[33mclient_001_1  |[0m 2026-01-28 02:57:12,743 - __main__ - INFO - Update submitted for Round 15. Waiting...
[35;1mclient_008_1  |[0m 2026-01-28 02:57:13,093 - __main__ - INFO - --- New Round Detected: 15 ---
[33mserver_1      |[0m INFO:werkzeug:172.18.0.18 - - [28/Jan/2026 02:57:13] "GET /download_model?round=15 HTTP/1.1" 200 -
[35mclient_003_1  |[0m 2026-01-28 02:57:14,780 - __main__ - INFO - --- New Round Detected: 15 ---
[33mserver_1      |[0m INFO:werkzeug:172.18.0.14 - - [28/Jan/2026 02:57:14] "GET /download_model?round=15 HTTP/1.1" 200 -
[34mclient_004_1  |[0m 2026-01-28 02:57:15,311 - __main__ - INFO - Round 15 finished. Loss: 0.0000, Acc: 0.00%
[33mserver_1      |[0m INFO:__main__:Received update from client_004
[33mserver_1      |[0m INFO:werkzeug:172.18.0.10 - - [28/Jan/2026 02:57:15] "POST /submit_update HTTP/1.1" 200 -
[34mclient_004_1  |[0m 2026-01-28 02:57:15,445 - __main__ - INFO - 🚀 Model update submitted successfully.
[34mclient_004_1  |[0m 2026-01-28 02:57:15,445 - __main__ - INFO - Update submitted for Round 15. Waiting...
[35;1mclient_008_1  |[0m 2026-01-28 02:57:15,614 - __main__ - INFO - Round 15 finished. Loss: 0.0000, Acc: 0.00%
[33mserver_1      |[0m INFO:__main__:Received update from client_008
[33mserver_1      |[0m INFO:__main__:--- Aggregating 5 updates ---
[33mserver_1      |[0m INFO:__main__:⚡ Using Custom Aggregator with Drift Metric...
[33mserver_1      |[0m INFO:server.aggregator:Starting FedAvg aggregation for 5 clients.
[36;1mclient_005_1  |[0m 2026-01-28 02:57:15,810 - __main__ - INFO - --- New Round Detected: 15 ---
[33mserver_1      |[0m INFO:werkzeug:172.18.0.17 - - [28/Jan/2026 02:57:15] "GET /download_model?round=15 HTTP/1.1" 200 -
[34;1mclient_009_1  |[0m 2026-01-28 02:57:15,991 - __main__ - INFO - --- New Round Detected: 15 ---
[33mserver_1      |[0m INFO:werkzeug:172.18.0.22 - - [28/Jan/2026 02:57:16] "GET /download_model?round=15 HTTP/1.1" 200 -
[33;1mclient_006_1  |[0m 2026-01-28 02:57:16,236 - __main__ - INFO - --- New Round Detected: 15 ---
[33mserver_1      |[0m INFO:werkzeug:172.18.0.21 - - [28/Jan/2026 02:57:16] "GET /download_model?round=15 HTTP/1.1" 200 -
[33;1mclient_006_1  |[0m 2026-01-28 02:57:16,414 - __main__ - INFO - Round 15 finished. Loss: 0.0000, Acc: 0.00%
[33mserver_1      |[0m INFO:werkzeug:172.18.0.21 - - [28/Jan/2026 02:57:16] "[31m[1mPOST /submit_update HTTP/1.1[0m" 400 -
[33;1mclient_006_1  |[0m 2026-01-28 02:57:16,480 - __main__ - ERROR - Update submission failed: {"error":"Not accepting updates"}
[33;1mclient_006_1  |[0m 
[33;1mclient_006_1  |[0m 2026-01-28 02:57:16,480 - __main__ - INFO - Update submitted for Round 15. Waiting...
[33mserver_1      |[0m INFO:server.aggregator:--- [METRIC] Weight Divergence: 1.9079
[33mserver_1      |[0m INFO:server.aggregator:FedAvg aggregation complete.
[33mserver_1      |[0m INFO:__main__:Aggregation complete.
[33mserver_1      |[0m ⏱️ [TIME] Client client_002 finished training in 1.51s
[33mserver_1      |[0m ⏱️ [TIME] Client client_011 finished training in 136.66s
[33mserver_1      |[0m ⏱️ [TIME] Client client_001 finished training in 0.51s
[33mserver_1      |[0m ⏱️ [TIME] Client client_004 finished training in 4.38s
[33mserver_1      |[0m ⏱️ [TIME] Client client_008 finished training in 2.39s
[33mserver_1      |[0m DEBUG: ⚠️ MY CUSTOM AGGREGATOR IS RUNNING ⚠️
[32;1mclient_007_1  |[0m 2026-01-28 02:57:17,704 - __main__ - INFO - --- New Round Detected: 15 ---
[33mserver_1      |[0m INFO:werkzeug:172.18.0.7 - - [28/Jan/2026 02:57:17] "GET /download_model?round=15 HTTP/1.1" 200 -
[33mserver_1      |[0m INFO:__main__:--- Round 15 Acc: 38.48%, Loss: 1.7823 ---
[33mserver_1      |[0m INFO:__main__:--- Starting Round 16. Timeout: 300s ---
[33mserver_1      |[0m INFO:werkzeug:172.18.0.18 - - [28/Jan/2026 02:57:18] "POST /submit_update HTTP/1.1" 200 -
[36mclient_010_1  |[0m 2026-01-28 02:57:18,564 - __main__ - INFO - --- New Round Detected: 15 ---
[35;1mclient_008_1  |[0m 2026-01-28 02:57:18,569 - __main__ - INFO - 🚀 Model update submitted successfully.
[35;1mclient_008_1  |[0m 2026-01-28 02:57:18,569 - __main__ - INFO - Update submitted for Round 15. Waiting...
[33mserver_1      |[0m INFO:werkzeug:172.18.0.19 - - [28/Jan/2026 02:57:18] "GET /download_model?round=15 HTTP/1.1" 200 -
[32;1mclient_007_1  |[0m 2026-01-28 02:57:18,714 - __main__ - INFO - Round 15 finished. Loss: 0.0000, Acc: 0.00%
[33mserver_1      |[0m INFO:__main__:Received update from client_007
[33mserver_1      |[0m INFO:werkzeug:172.18.0.7 - - [28/Jan/2026 02:57:18] "POST /submit_update HTTP/1.1" 200 -
[32;1mclient_007_1  |[0m 2026-01-28 02:57:18,849 - __main__ - INFO - 🚀 Model update submitted successfully.
[32;1mclient_007_1  |[0m 2026-01-28 02:57:18,849 - __main__ - INFO - Update submitted for Round 15. Waiting...
[36;1mclient_005_1  |[0m 2026-01-28 02:57:19,769 - __main__ - INFO - Round 15 finished. Loss: 0.0000, Acc: 0.00%
[33mserver_1      |[0m INFO:__main__:Received update from client_005
[33mserver_1      |[0m INFO:werkzeug:172.18.0.17 - - [28/Jan/2026 02:57:19] "POST /submit_update HTTP/1.1" 200 -
[36mclient_010_1  |[0m 2026-01-28 02:57:19,878 - __main__ - INFO - Round 15 finished. Loss: 0.0000, Acc: 0.00%
[36;1mclient_005_1  |[0m 2026-01-28 02:57:19,906 - __main__ - INFO - 🚀 Model update submitted successfully.
[36;1mclient_005_1  |[0m 2026-01-28 02:57:19,906 - __main__ - INFO - Update submitted for Round 15. Waiting...
[33mserver_1      |[0m INFO:__main__:Received update from client_010
[33mserver_1      |[0m INFO:werkzeug:172.18.0.19 - - [28/Jan/2026 02:57:19] "POST /submit_update HTTP/1.1" 200 -
[36mclient_010_1  |[0m 2026-01-28 02:57:20,013 - __main__ - INFO - 🚀 Model update submitted successfully.
[36mclient_010_1  |[0m 2026-01-28 02:57:20,013 - __main__ - INFO - Update submitted for Round 15. Waiting...
[34;1mclient_009_1  |[0m 2026-01-28 02:57:21,170 - __main__ - INFO - Round 15 finished. Loss: 0.0000, Acc: 0.00%
[33mserver_1      |[0m INFO:__main__:Received update from client_009
[33mserver_1      |[0m INFO:werkzeug:172.18.0.22 - - [28/Jan/2026 02:57:21] "POST /submit_update HTTP/1.1" 200 -
[34;1mclient_009_1  |[0m 2026-01-28 02:57:21,325 - __main__ - INFO - 🚀 Model update submitted successfully.
[34;1mclient_009_1  |[0m 2026-01-28 02:57:21,325 - __main__ - INFO - Update submitted for Round 15. Waiting...
[32mclient_002_1  |[0m 2026-01-28 02:57:21,417 - __main__ - INFO - --- New Round Detected: 16 ---
[33mserver_1      |[0m INFO:werkzeug:172.18.0.20 - - [28/Jan/2026 02:57:21] "GET /download_model?round=16 HTTP/1.1" 200 -
[33mclient_001_1  |[0m 2026-01-28 02:57:22,804 - __main__ - INFO - --- New Round Detected: 16 ---
[33mserver_1      |[0m INFO:werkzeug:172.18.0.6 - - [28/Jan/2026 02:57:22] "GET /download_model?round=16 HTTP/1.1" 200 -
[33mclient_011_1  |[0m 2026-01-28 02:57:23,015 - __main__ - INFO - --- New Round Detected: 16 ---
[33mserver_1      |[0m INFO:werkzeug:172.18.0.11 - - [28/Jan/2026 02:57:23] "GET /download_model?round=16 HTTP/1.1" 200 -
[33mclient_001_1  |[0m 2026-01-28 02:57:23,324 - __main__ - INFO - Round 16 finished. Loss: 0.0000, Acc: 0.00%
[33mserver_1      |[0m INFO:__main__:Received update from client_001
[33mserver_1      |[0m INFO:__main__:--- Aggregating 5 updates ---
[33mserver_1      |[0m INFO:__main__:⚡ Using Custom Aggregator with Drift Metric...
[33mserver_1      |[0m INFO:server.aggregator:Starting FedAvg aggregation for 5 clients.
[32mclient_002_1  |[0m 2026-01-28 02:57:23,738 - __main__ - INFO - Round 16 finished. Loss: 0.0000, Acc: 0.00%
[33mserver_1      |[0m INFO:werkzeug:172.18.0.20 - - [28/Jan/2026 02:57:23] "[31m[1mPOST /submit_update HTTP/1.1[0m" 400 -
[32mclient_002_1  |[0m 2026-01-28 02:57:23,804 - __main__ - ERROR - Update submission failed: {"error":"Not accepting updates"}
[32mclient_002_1  |[0m 
[32mclient_002_1  |[0m 2026-01-28 02:57:23,804 - __main__ - INFO - Update submitted for Round 16. Waiting...
[33mserver_1      |[0m INFO:server.aggregator:--- [METRIC] Weight Divergence: 1.0737
[33mserver_1      |[0m INFO:server.aggregator:FedAvg aggregation complete.
[33mserver_1      |[0m INFO:__main__:Aggregation complete.
[33mserver_1      |[0m ⏱️ [TIME] Client client_007 finished training in 0.88s
[33mserver_1      |[0m ⏱️ [TIME] Client client_005 finished training in 3.82s
[33mserver_1      |[0m ⏱️ [TIME] Client client_010 finished training in 1.19s
[33mserver_1      |[0m ⏱️ [TIME] Client client_009 finished training in 5.04s
[33mserver_1      |[0m ⏱️ [TIME] Client client_001 finished training in 0.36s
[33mserver_1      |[0m DEBUG: ⚠️ MY CUSTOM AGGREGATOR IS RUNNING ⚠️
[34mclient_004_1  |[0m 2026-01-28 02:57:25,521 - __main__ - INFO - --- New Round Detected: 16 ---
[33mserver_1      |[0m INFO:werkzeug:172.18.0.10 - - [28/Jan/2026 02:57:25] "GET /download_model?round=16 HTTP/1.1" 200 -
[33mserver_1      |[0m INFO:__main__:--- Round 16 Acc: 36.59%, Loss: 1.7962 ---
[33mserver_1      |[0m INFO:__main__:--- Starting Round 17. Timeout: 300s ---
[33mserver_1      |[0m INFO:werkzeug:172.18.0.6 - - [28/Jan/2026 02:57:26] "POST /submit_update HTTP/1.1" 200 -
[33mclient_001_1  |[0m 2026-01-28 02:57:26,111 - __main__ - INFO - 🚀 Model update submitted successfully.
[33mclient_001_1  |[0m 2026-01-28 02:57:26,111 - __main__ - INFO - Update submitted for Round 16. Waiting...
[33;1mclient_006_1  |[0m 2026-01-28 02:57:26,542 - __main__ - INFO - --- New Round Detected: 17 ---
[33mserver_1      |[0m INFO:werkzeug:172.18.0.21 - - [28/Jan/2026 02:57:26] "GET /download_model?round=17 HTTP/1.1" 200 -
[33;1mclient_006_1  |[0m 2026-01-28 02:57:26,695 - __main__ - INFO - Round 17 finished. Loss: 0.0000, Acc: 0.00%
[33mserver_1      |[0m INFO:__main__:Received update from client_006
[33mserver_1      |[0m INFO:werkzeug:172.18.0.21 - - [28/Jan/2026 02:57:26] "POST /submit_update HTTP/1.1" 200 -
[33;1mclient_006_1  |[0m 2026-01-28 02:57:26,829 - __main__ - INFO - 🚀 Model update submitted successfully.
[33;1mclient_006_1  |[0m 2026-01-28 02:57:26,829 - __main__ - INFO - Update submitted for Round 17. Waiting...
[35;1mclient_008_1  |[0m 2026-01-28 02:57:28,632 - __main__ - INFO - --- New Round Detected: 17 ---
[33mserver_1      |[0m INFO:werkzeug:172.18.0.18 - - [28/Jan/2026 02:57:28] "GET /download_model?round=17 HTTP/1.1" 200 -
[32;1mclient_007_1  |[0m 2026-01-28 02:57:28,912 - __main__ - INFO - --- New Round Detected: 17 ---
[33mserver_1      |[0m INFO:werkzeug:172.18.0.7 - - [28/Jan/2026 02:57:28] "GET /download_model?round=17 HTTP/1.1" 200 -
[32;1mclient_007_1  |[0m 2026-01-28 02:57:29,751 - __main__ - INFO - Round 17 finished. Loss: 0.0000, Acc: 0.00%
[33mserver_1      |[0m INFO:__main__:Received update from client_007
[33mserver_1      |[0m INFO:werkzeug:172.18.0.7 - - [28/Jan/2026 02:57:29] "POST /submit_update HTTP/1.1" 200 -
[32;1mclient_007_1  |[0m 2026-01-28 02:57:29,887 - __main__ - INFO - 🚀 Model update submitted successfully.
[32;1mclient_007_1  |[0m 2026-01-28 02:57:29,887 - __main__ - INFO - Update submitted for Round 17. Waiting...
[36;1mclient_005_1  |[0m 2026-01-28 02:57:29,975 - __main__ - INFO - --- New Round Detected: 17 ---
[34mclient_004_1  |[0m 2026-01-28 02:57:29,989 - __main__ - INFO - Round 16 finished. Loss: 0.0000, Acc: 0.00%
[33mserver_1      |[0m INFO:werkzeug:172.18.0.17 - - [28/Jan/2026 02:57:29] "GET /download_model?round=17 HTTP/1.1" 200 -
[36mclient_010_1  |[0m 2026-01-28 02:57:30,076 - __main__ - INFO - --- New Round Detected: 17 ---
[33mserver_1      |[0m INFO:__main__:Received update from client_004
[33mserver_1      |[0m INFO:werkzeug:172.18.0.10 - - [28/Jan/2026 02:57:30] "POST /submit_update HTTP/1.1" 200 -
[33mserver_1      |[0m INFO:werkzeug:172.18.0.19 - - [28/Jan/2026 02:57:30] "GET /download_model?round=17 HTTP/1.1" 200 -
[34mclient_004_1  |[0m 2026-01-28 02:57:30,123 - __main__ - INFO - 🚀 Model update submitted successfully.
[34mclient_004_1  |[0m 2026-01-28 02:57:30,123 - __main__ - INFO - Update submitted for Round 16. Waiting...
[34;1mclient_009_1  |[0m 2026-01-28 02:57:31,386 - __main__ - INFO - --- New Round Detected: 17 ---
[35;1mclient_008_1  |[0m 2026-01-28 02:57:31,389 - __main__ - INFO - Round 17 finished. Loss: 0.0000, Acc: 0.00%
[33mserver_1      |[0m INFO:werkzeug:172.18.0.22 - - [28/Jan/2026 02:57:31] "GET /download_model?round=17 HTTP/1.1" 200 -
[36mclient_010_1  |[0m 2026-01-28 02:57:31,416 - __main__ - INFO - Round 17 finished. Loss: 0.0000, Acc: 0.00%
[33mserver_1      |[0m INFO:__main__:Received update from client_008
[33mserver_1      |[0m INFO:werkzeug:172.18.0.18 - - [28/Jan/2026 02:57:31] "POST /submit_update HTTP/1.1" 200 -
[33mserver_1      |[0m INFO:__main__:Received update from client_010
[33mserver_1      |[0m INFO:__main__:--- Aggregating 5 updates ---
[33mserver_1      |[0m INFO:__main__:⚡ Using Custom Aggregator with Drift Metric...
[33mserver_1      |[0m INFO:server.aggregator:Starting FedAvg aggregation for 5 clients.
[35;1mclient_008_1  |[0m 2026-01-28 02:57:31,526 - __main__ - INFO - 🚀 Model update submitted successfully.
[35;1mclient_008_1  |[0m 2026-01-28 02:57:31,526 - __main__ - INFO - Update submitted for Round 17. Waiting...
[35mclient_003_1  |[0m 2026-01-28 02:57:32,210 - __main__ - INFO - Round 15 finished. Loss: 0.0000, Acc: 0.00%
[33mserver_1      |[0m INFO:werkzeug:172.18.0.14 - - [28/Jan/2026 02:57:32] "[31m[1mPOST /submit_update HTTP/1.1[0m" 400 -
[35mclient_003_1  |[0m 2026-01-28 02:57:32,275 - __main__ - ERROR - Update submission failed: {"error":"Not accepting updates"}
[35mclient_003_1  |[0m 
[35mclient_003_1  |[0m 2026-01-28 02:57:32,275 - __main__ - INFO - Update submitted for Round 15. Waiting...
[33mserver_1      |[0m INFO:server.aggregator:--- [METRIC] Weight Divergence: 1.2981
[33mserver_1      |[0m INFO:server.aggregator:FedAvg aggregation complete.
[33mserver_1      |[0m INFO:__main__:Aggregation complete.
[33mserver_1      |[0m ⏱️ [TIME] Client client_006 finished training in 0.03s
[33mserver_1      |[0m ⏱️ [TIME] Client client_007 finished training in 0.71s
[33mserver_1      |[0m ⏱️ [TIME] Client client_004 finished training in 4.33s
[33mserver_1      |[0m ⏱️ [TIME] Client client_008 finished training in 2.61s
[33mserver_1      |[0m ⏱️ [TIME] Client client_010 finished training in 1.17s
[33mserver_1      |[0m DEBUG: ⚠️ MY CUSTOM AGGREGATOR IS RUNNING ⚠️
[32mclient_002_1  |[0m 2026-01-28 02:57:33,866 - __main__ - INFO - --- New Round Detected: 17 ---
[33mserver_1      |[0m INFO:werkzeug:172.18.0.20 - - [28/Jan/2026 02:57:33] "GET /download_model?round=17 HTTP/1.1" 200 -
[33mserver_1      |[0m INFO:__main__:--- Round 17 Acc: 35.00%, Loss: 1.8507 ---
[33mserver_1      |[0m INFO:__main__:--- Starting Round 18. Timeout: 300s ---
[33mserver_1      |[0m INFO:werkzeug:172.18.0.19 - - [28/Jan/2026 02:57:34] "POST /submit_update HTTP/1.1" 200 -
[36mclient_010_1  |[0m 2026-01-28 02:57:34,315 - __main__ - INFO - 🚀 Model update submitted successfully.
[36mclient_010_1  |[0m 2026-01-28 02:57:34,315 - __main__ - INFO - Update submitted for Round 17. Waiting...
[36;1mclient_005_1  |[0m 2026-01-28 02:57:34,371 - __main__ - INFO - Round 17 finished. Loss: 0.0000, Acc: 0.00%
[33mserver_1      |[0m INFO:__main__:Received update from client_005
[33mserver_1      |[0m INFO:werkzeug:172.18.0.17 - - [28/Jan/2026 02:57:34] "POST /submit_update HTTP/1.1" 200 -
[36;1mclient_005_1  |[0m 2026-01-28 02:57:34,506 - __main__ - INFO - 🚀 Model update submitted successfully.
[36;1mclient_005_1  |[0m 2026-01-28 02:57:34,506 - __main__ - INFO - Update submitted for Round 17. Waiting...
[33mclient_001_1  |[0m 2026-01-28 02:57:36,172 - __main__ - INFO - --- New Round Detected: 18 ---
[33mserver_1      |[0m INFO:werkzeug:172.18.0.6 - - [28/Jan/2026 02:57:36] "GET /download_model?round=18 HTTP/1.1" 200 -
[32mclient_002_1  |[0m 2026-01-28 02:57:36,266 - __main__ - INFO - Round 17 finished. Loss: 0.0000, Acc: 0.00%
[33mserver_1      |[0m INFO:__main__:Received update from client_002
[33mserver_1      |[0m INFO:werkzeug:172.18.0.20 - - [28/Jan/2026 02:57:36] "POST /submit_update HTTP/1.1" 200 -
[34;1mclient_009_1  |[0m 2026-01-28 02:57:36,391 - __main__ - INFO - Round 17 finished. Loss: 0.0000, Acc: 0.00%
[32mclient_002_1  |[0m 2026-01-28 02:57:36,401 - __main__ - INFO - 🚀 Model update submitted successfully.
[32mclient_002_1  |[0m 2026-01-28 02:57:36,401 - __main__ - INFO - Update submitted for Round 17. Waiting...
[33mserver_1      |[0m INFO:__main__:Received update from client_009
[33mserver_1      |[0m INFO:werkzeug:172.18.0.22 - - [28/Jan/2026 02:57:36] "POST /submit_update HTTP/1.1" 200 -
[34;1mclient_009_1  |[0m 2026-01-28 02:57:36,525 - __main__ - INFO - 🚀 Model update submitted successfully.
[34;1mclient_009_1  |[0m 2026-01-28 02:57:36,525 - __main__ - INFO - Update submitted for Round 17. Waiting...
[33;1mclient_006_1  |[0m 2026-01-28 02:57:36,898 - __main__ - INFO - --- New Round Detected: 18 ---
[33mserver_1      |[0m INFO:werkzeug:172.18.0.21 - - [28/Jan/2026 02:57:36] "GET /download_model?round=18 HTTP/1.1" 200 -
[33mclient_001_1  |[0m 2026-01-28 02:57:36,946 - __main__ - INFO - Round 18 finished. Loss: 0.0000, Acc: 0.00%
[33mserver_1      |[0m INFO:__main__:Received update from client_001
[33mserver_1      |[0m INFO:werkzeug:172.18.0.6 - - [28/Jan/2026 02:57:37] "POST /submit_update HTTP/1.1" 200 -
[33;1mclient_006_1  |[0m 2026-01-28 02:57:37,066 - __main__ - INFO - Round 18 finished. Loss: 0.0000, Acc: 0.00%
[33mclient_001_1  |[0m 2026-01-28 02:57:37,080 - __main__ - INFO - 🚀 Model update submitted successfully.
[33mclient_001_1  |[0m 2026-01-28 02:57:37,080 - __main__ - INFO - Update submitted for Round 18. Waiting...
[33mserver_1      |[0m INFO:__main__:Received update from client_006
[33mserver_1      |[0m INFO:__main__:--- Aggregating 5 updates ---
[33mserver_1      |[0m INFO:__main__:⚡ Using Custom Aggregator with Drift Metric...
[33mserver_1      |[0m INFO:server.aggregator:Starting FedAvg aggregation for 5 clients.
[33mserver_1      |[0m INFO:server.aggregator:--- [METRIC] Weight Divergence: 1.0220
[33mserver_1      |[0m INFO:server.aggregator:FedAvg aggregation complete.
[33mserver_1      |[0m INFO:__main__:Aggregation complete.
[33mserver_1      |[0m ⏱️ [TIME] Client client_005 finished training in 4.27s
[33mserver_1      |[0m ⏱️ [TIME] Client client_002 finished training in 2.27s
[33mserver_1      |[0m ⏱️ [TIME] Client client_009 finished training in 4.88s
[33mserver_1      |[0m ⏱️ [TIME] Client client_001 finished training in 0.61s
[33mserver_1      |[0m ⏱️ [TIME] Client client_006 finished training in 0.03s
[33mserver_1      |[0m DEBUG: ⚠️ MY CUSTOM AGGREGATOR IS RUNNING ⚠️
[33mserver_1      |[0m INFO:__main__:--- Round 18 Acc: 35.80%, Loss: 1.8691 ---
[33mserver_1      |[0m INFO:__main__:--- Starting Round 19. Timeout: 300s ---
[33mserver_1      |[0m INFO:werkzeug:172.18.0.21 - - [28/Jan/2026 02:57:39] "POST /submit_update HTTP/1.1" 200 -
[33;1mclient_006_1  |[0m 2026-01-28 02:57:39,513 - __main__ - INFO - 🚀 Model update submitted successfully.
[33;1mclient_006_1  |[0m 2026-01-28 02:57:39,513 - __main__ - INFO - Update submitted for Round 18. Waiting...
[32;1mclient_007_1  |[0m 2026-01-28 02:57:39,948 - __main__ - INFO - --- New Round Detected: 19 ---
[33mserver_1      |[0m INFO:werkzeug:172.18.0.7 - - [28/Jan/2026 02:57:39] "GET /download_model?round=19 HTTP/1.1" 200 -
[34mclient_004_1  |[0m 2026-01-28 02:57:40,195 - __main__ - INFO - --- New Round Detected: 19 ---
[33mserver_1      |[0m INFO:werkzeug:172.18.0.10 - - [28/Jan/2026 02:57:40] "GET /download_model?round=19 HTTP/1.1" 200 -
[32;1mclient_007_1  |[0m 2026-01-28 02:57:40,822 - __main__ - INFO - Round 19 finished. Loss: 0.0000, Acc: 0.00%
[33mserver_1      |[0m INFO:__main__:Received update from client_007
[33mserver_1      |[0m INFO:werkzeug:172.18.0.7 - - [28/Jan/2026 02:57:40] "POST /submit_update HTTP/1.1" 200 -
[32;1mclient_007_1  |[0m 2026-01-28 02:57:40,957 - __main__ - INFO - 🚀 Model update submitted successfully.
[32;1mclient_007_1  |[0m 2026-01-28 02:57:40,957 - __main__ - INFO - Update submitted for Round 19. Waiting...
[35;1mclient_008_1  |[0m 2026-01-28 02:57:41,589 - __main__ - INFO - --- New Round Detected: 19 ---
[33mserver_1      |[0m INFO:werkzeug:172.18.0.18 - - [28/Jan/2026 02:57:41] "GET /download_model?round=19 HTTP/1.1" 200 -
[35mclient_003_1  |[0m 2026-01-28 02:57:42,340 - __main__ - INFO - --- New Round Detected: 19 ---
[33mserver_1      |[0m INFO:werkzeug:172.18.0.14 - - [28/Jan/2026 02:57:42] "GET /download_model?round=19 HTTP/1.1" 200 -
[35;1mclient_008_1  |[0m 2026-01-28 02:57:44,314 - __main__ - INFO - Round 19 finished. Loss: 0.0000, Acc: 0.00%
[33mserver_1      |[0m INFO:__main__:Received update from client_008
[33mserver_1      |[0m INFO:werkzeug:172.18.0.18 - - [28/Jan/2026 02:57:44] "POST /submit_update HTTP/1.1" 200 -
[35;1mclient_008_1  |[0m 2026-01-28 02:57:44,449 - __main__ - INFO - 🚀 Model update submitted successfully.
[35;1mclient_008_1  |[0m 2026-01-28 02:57:44,449 - __main__ - INFO - Update submitted for Round 19. Waiting...
[36mclient_010_1  |[0m 2026-01-28 02:57:44,479 - __main__ - INFO - --- New Round Detected: 19 ---
[33mserver_1      |[0m INFO:werkzeug:172.18.0.19 - - [28/Jan/2026 02:57:44] "GET /download_model?round=19 HTTP/1.1" 200 -
[34mclient_004_1  |[0m 2026-01-28 02:57:44,524 - __main__ - INFO - Round 19 finished. Loss: 0.0000, Acc: 0.00%
[33mserver_1      |[0m INFO:werkzeug:172.18.0.17 - - [28/Jan/2026 02:57:44] "GET /download_model?round=19 HTTP/1.1" 200 -
[36;1mclient_005_1  |[0m 2026-01-28 02:57:44,570 - __main__ - INFO - --- New Round Detected: 19 ---
[33mserver_1      |[0m INFO:__main__:Received update from client_004
[33mserver_1      |[0m INFO:werkzeug:172.18.0.10 - - [28/Jan/2026 02:57:44] "POST /submit_update HTTP/1.1" 200 -
[34mclient_004_1  |[0m 2026-01-28 02:57:44,665 - __main__ - INFO - 🚀 Model update submitted successfully.
[34mclient_004_1  |[0m 2026-01-28 02:57:44,665 - __main__ - INFO - Update submitted for Round 19. Waiting...
[36mclient_010_1  |[0m 2026-01-28 02:57:45,542 - __main__ - INFO - Round 19 finished. Loss: 0.0000, Acc: 0.00%
[33mserver_1      |[0m INFO:__main__:Received update from client_010
[33mserver_1      |[0m INFO:werkzeug:172.18.0.19 - - [28/Jan/2026 02:57:45] "POST /submit_update HTTP/1.1" 200 -
[36mclient_010_1  |[0m 2026-01-28 02:57:45,676 - __main__ - INFO - 🚀 Model update submitted successfully.
[36mclient_010_1  |[0m 2026-01-28 02:57:45,676 - __main__ - INFO - Update submitted for Round 19. Waiting...
[32mclient_002_1  |[0m 2026-01-28 02:57:46,485 - __main__ - INFO - --- New Round Detected: 19 ---
[33mserver_1      |[0m INFO:werkzeug:172.18.0.20 - - [28/Jan/2026 02:57:46] "GET /download_model?round=19 HTTP/1.1" 200 -
[34;1mclient_009_1  |[0m 2026-01-28 02:57:46,640 - __main__ - INFO - --- New Round Detected: 19 ---
[33mserver_1      |[0m INFO:werkzeug:172.18.0.22 - - [28/Jan/2026 02:57:46] "GET /download_model?round=19 HTTP/1.1" 200 -
[33mclient_001_1  |[0m 2026-01-28 02:57:47,185 - __main__ - INFO - --- New Round Detected: 19 ---
[33mserver_1      |[0m INFO:werkzeug:172.18.0.6 - - [28/Jan/2026 02:57:47] "GET /download_model?round=19 HTTP/1.1" 200 -
[33mclient_001_1  |[0m 2026-01-28 02:57:48,048 - __main__ - INFO - Round 19 finished. Loss: 0.0000, Acc: 0.00%
[33mserver_1      |[0m INFO:__main__:Received update from client_001
[33mserver_1      |[0m INFO:__main__:--- Aggregating 5 updates ---
[33mserver_1      |[0m INFO:__main__:⚡ Using Custom Aggregator with Drift Metric...
[33mserver_1      |[0m INFO:server.aggregator:Starting FedAvg aggregation for 5 clients.
[32mclient_002_1  |[0m 2026-01-28 02:57:48,977 - __main__ - INFO - Round 19 finished. Loss: 0.0000, Acc: 0.00%
[36;1mclient_005_1  |[0m 2026-01-28 02:57:48,982 - __main__ - INFO - Round 19 finished. Loss: 0.0000, Acc: 0.00%
[33mserver_1      |[0m INFO:werkzeug:172.18.0.20 - - [28/Jan/2026 02:57:49] "[31m[1mPOST /submit_update HTTP/1.1[0m" 400 -
[33mserver_1      |[0m INFO:werkzeug:172.18.0.17 - - [28/Jan/2026 02:57:49] "[31m[1mPOST /submit_update HTTP/1.1[0m" 400 -
[32mclient_002_1  |[0m 2026-01-28 02:57:49,061 - __main__ - ERROR - Update submission failed: {"error":"Not accepting updates"}
[32mclient_002_1  |[0m 
[32mclient_002_1  |[0m 2026-01-28 02:57:49,062 - __main__ - INFO - Update submitted for Round 19. Waiting...
[36;1mclient_005_1  |[0m 2026-01-28 02:57:49,078 - __main__ - ERROR - Update submission failed: {"error":"Not accepting updates"}
[36;1mclient_005_1  |[0m 
[36;1mclient_005_1  |[0m 2026-01-28 02:57:49,078 - __main__ - INFO - Update submitted for Round 19. Waiting...
[34;1mclient_009_1  |[0m 2026-01-28 02:57:49,166 - __main__ - INFO - Round 19 finished. Loss: 0.0000, Acc: 0.00%
[33mserver_1      |[0m INFO:werkzeug:172.18.0.22 - - [28/Jan/2026 02:57:49] "[31m[1mPOST /submit_update HTTP/1.1[0m" 400 -
[34;1mclient_009_1  |[0m 2026-01-28 02:57:49,231 - __main__ - ERROR - Update submission failed: {"error":"Not accepting updates"}
[34;1mclient_009_1  |[0m 
[34;1mclient_009_1  |[0m 2026-01-28 02:57:49,231 - __main__ - INFO - Update submitted for Round 19. Waiting...
[33mserver_1      |[0m INFO:server.aggregator:--- [METRIC] Weight Divergence: 1.0903
[33mserver_1      |[0m INFO:server.aggregator:FedAvg aggregation complete.
[33mserver_1      |[0m INFO:__main__:Aggregation complete.
[33mserver_1      |[0m ⏱️ [TIME] Client client_007 finished training in 0.74s
[33mserver_1      |[0m ⏱️ [TIME] Client client_008 finished training in 2.59s
[33mserver_1      |[0m ⏱️ [TIME] Client client_004 finished training in 4.20s
[33mserver_1      |[0m ⏱️ [TIME] Client client_010 finished training in 0.88s
[33mserver_1      |[0m ⏱️ [TIME] Client client_001 finished training in 0.73s
[33mserver_1      |[0m DEBUG: ⚠️ MY CUSTOM AGGREGATOR IS RUNNING ⚠️
[33;1mclient_006_1  |[0m 2026-01-28 02:57:49,691 - __main__ - INFO - --- New Round Detected: 19 ---
[33mserver_1      |[0m INFO:werkzeug:172.18.0.21 - - [28/Jan/2026 02:57:49] "GET /download_model?round=19 HTTP/1.1" 200 -
[33;1mclient_006_1  |[0m 2026-01-28 02:57:49,855 - __main__ - INFO - Round 19 finished. Loss: 0.0000, Acc: 0.00%
[33mserver_1      |[0m INFO:werkzeug:172.18.0.21 - - [28/Jan/2026 02:57:49] "[31m[1mPOST /submit_update HTTP/1.1[0m" 400 -
[33;1mclient_006_1  |[0m 2026-01-28 02:57:49,920 - __main__ - ERROR - Update submission failed: {"error":"Not accepting updates"}
[33;1mclient_006_1  |[0m 
[33;1mclient_006_1  |[0m 2026-01-28 02:57:49,920 - __main__ - INFO - Update submitted for Round 19. Waiting...
[33mserver_1      |[0m INFO:__main__:--- Round 19 Acc: 39.75%, Loss: 1.7948 ---
[33mserver_1      |[0m INFO:__main__:--- Starting Round 20. Timeout: 300s ---
[33mserver_1      |[0m INFO:werkzeug:172.18.0.6 - - [28/Jan/2026 02:57:50] "POST /submit_update HTTP/1.1" 200 -
[33mclient_001_1  |[0m 2026-01-28 02:57:50,301 - __main__ - INFO - 🚀 Model update submitted successfully.
[33mclient_001_1  |[0m 2026-01-28 02:57:50,301 - __main__ - INFO - Update submitted for Round 19. Waiting...
[32;1mclient_007_1  |[0m 2026-01-28 02:57:51,020 - __main__ - INFO - --- New Round Detected: 20 ---
[33mserver_1      |[0m INFO:werkzeug:172.18.0.7 - - [28/Jan/2026 02:57:51] "GET /download_model?round=20 HTTP/1.1" 200 -
[32;1mclient_007_1  |[0m 2026-01-28 02:57:51,894 - __main__ - INFO - Round 20 finished. Loss: 0.0000, Acc: 0.00%
[33mserver_1      |[0m INFO:__main__:Received update from client_007
[33mserver_1      |[0m INFO:werkzeug:172.18.0.7 - - [28/Jan/2026 02:57:51] "POST /submit_update HTTP/1.1" 200 -
[32;1mclient_007_1  |[0m 2026-01-28 02:57:52,030 - __main__ - INFO - 🚀 Model update submitted successfully.
[32;1mclient_007_1  |[0m 2026-01-28 02:57:52,030 - __main__ - INFO - Update submitted for Round 20. Waiting...
[35;1mclient_008_1  |[0m 2026-01-28 02:57:54,521 - __main__ - INFO - --- New Round Detected: 20 ---
[33mserver_1      |[0m INFO:werkzeug:172.18.0.18 - - [28/Jan/2026 02:57:54] "GET /download_model?round=20 HTTP/1.1" 200 -
[34mclient_004_1  |[0m 2026-01-28 02:57:54,732 - __main__ - INFO - --- New Round Detected: 20 ---
[33mserver_1      |[0m INFO:werkzeug:172.18.0.10 - - [28/Jan/2026 02:57:54] "GET /download_model?round=20 HTTP/1.1" 200 -
[36mclient_010_1  |[0m 2026-01-28 02:57:55,743 - __main__ - INFO - --- New Round Detected: 20 ---
[33mserver_1      |[0m INFO:werkzeug:172.18.0.19 - - [28/Jan/2026 02:57:55] "GET /download_model?round=20 HTTP/1.1" 200 -
[36mclient_010_1  |[0m 2026-01-28 02:57:56,962 - __main__ - INFO - Round 20 finished. Loss: 0.0000, Acc: 0.00%
[33mserver_1      |[0m INFO:__main__:Received update from client_010
[33mserver_1      |[0m INFO:werkzeug:172.18.0.19 - - [28/Jan/2026 02:57:57] "POST /submit_update HTTP/1.1" 200 -
[36mclient_010_1  |[0m 2026-01-28 02:57:57,096 - __main__ - INFO - 🚀 Model update submitted successfully.
[36mclient_010_1  |[0m 2026-01-28 02:57:57,096 - __main__ - INFO - Update submitted for Round 20. Waiting...
[35;1mclient_008_1  |[0m 2026-01-28 02:57:57,270 - __main__ - INFO - Round 20 finished. Loss: 0.0000, Acc: 0.00%
[33mserver_1      |[0m INFO:__main__:Received update from client_008
[33mserver_1      |[0m INFO:werkzeug:172.18.0.18 - - [28/Jan/2026 02:57:57] "POST /submit_update HTTP/1.1" 200 -
[35;1mclient_008_1  |[0m 2026-01-28 02:57:57,407 - __main__ - INFO - 🚀 Model update submitted successfully.
[35;1mclient_008_1  |[0m 2026-01-28 02:57:57,407 - __main__ - INFO - Update submitted for Round 20. Waiting...
[32mclient_002_1  |[0m 2026-01-28 02:57:59,124 - __main__ - INFO - --- New Round Detected: 20 ---
[36;1mclient_005_1  |[0m 2026-01-28 02:57:59,140 - __main__ - INFO - --- New Round Detected: 20 ---
[33mserver_1      |[0m INFO:werkzeug:172.18.0.20 - - [28/Jan/2026 02:57:59] "GET /download_model?round=20 HTTP/1.1" 200 -
[33mserver_1      |[0m INFO:werkzeug:172.18.0.17 - - [28/Jan/2026 02:57:59] "GET /download_model?round=20 HTTP/1.1" 200 -
[34;1mclient_009_1  |[0m 2026-01-28 02:57:59,292 - __main__ - INFO - --- New Round Detected: 20 ---
[33mserver_1      |[0m INFO:werkzeug:172.18.0.22 - - [28/Jan/2026 02:57:59] "GET /download_model?round=20 HTTP/1.1" 200 -
[33;1mclient_006_1  |[0m 2026-01-28 02:57:59,989 - __main__ - INFO - --- New Round Detected: 20 ---
[33mserver_1      |[0m INFO:werkzeug:172.18.0.21 - - [28/Jan/2026 02:58:00] "GET /download_model?round=20 HTTP/1.1" 200 -
[33;1mclient_006_1  |[0m 2026-01-28 02:58:00,205 - __main__ - INFO - Round 20 finished. Loss: 0.0000, Acc: 0.00%
[34mclient_004_1  |[0m 2026-01-28 02:58:00,237 - __main__ - INFO - Round 20 finished. Loss: 0.0000, Acc: 0.00%
[33mserver_1      |[0m INFO:__main__:Received update from client_006
[33mserver_1      |[0m INFO:werkzeug:172.18.0.21 - - [28/Jan/2026 02:58:00] "POST /submit_update HTTP/1.1" 200 -
[33;1mclient_006_1  |[0m 2026-01-28 02:58:00,342 - __main__ - INFO - 🚀 Model update submitted successfully.
[33;1mclient_006_1  |[0m 2026-01-28 02:58:00,342 - __main__ - INFO - Update submitted for Round 20. Waiting...
[33mserver_1      |[0m INFO:__main__:Received update from client_004
[33mserver_1      |[0m INFO:__main__:--- Aggregating 5 updates ---
[33mserver_1      |[0m INFO:__main__:⚡ Using Custom Aggregator with Drift Metric...
[33mserver_1      |[0m INFO:server.aggregator:Starting FedAvg aggregation for 5 clients.
[33mclient_001_1  |[0m 2026-01-28 02:58:00,372 - __main__ - INFO - --- New Round Detected: 20 ---
[33mserver_1      |[0m INFO:werkzeug:172.18.0.6 - - [28/Jan/2026 02:58:00] "GET /download_model?round=20 HTTP/1.1" 200 -
[35mclient_003_1  |[0m 2026-01-28 02:58:00,601 - __main__ - INFO - Round 19 finished. Loss: 0.0000, Acc: 0.00%
[33mserver_1      |[0m INFO:werkzeug:172.18.0.14 - - [28/Jan/2026 02:58:00] "[31m[1mPOST /submit_update HTTP/1.1[0m" 400 -
[35mclient_003_1  |[0m 2026-01-28 02:58:00,669 - __main__ - ERROR - Update submission failed: {"error":"Not accepting updates"}
[35mclient_003_1  |[0m 
[35mclient_003_1  |[0m 2026-01-28 02:58:00,669 - __main__ - INFO - Update submitted for Round 19. Waiting...
[33mclient_001_1  |[0m 2026-01-28 02:58:01,225 - __main__ - INFO - Round 20 finished. Loss: 0.0000, Acc: 0.00%
[33mserver_1      |[0m INFO:werkzeug:172.18.0.6 - - [28/Jan/2026 02:58:01] "[31m[1mPOST /submit_update HTTP/1.1[0m" 400 -
[33mclient_001_1  |[0m 2026-01-28 02:58:01,291 - __main__ - ERROR - Update submission failed: {"error":"Not accepting updates"}
[33mclient_001_1  |[0m 
[33mclient_001_1  |[0m 2026-01-28 02:58:01,291 - __main__ - INFO - Update submitted for Round 20. Waiting...
[32mclient_002_1  |[0m 2026-01-28 02:58:01,722 - __main__ - INFO - Round 20 finished. Loss: 0.0000, Acc: 0.00%
[33mserver_1      |[0m INFO:werkzeug:172.18.0.20 - - [28/Jan/2026 02:58:01] "[31m[1mPOST /submit_update HTTP/1.1[0m" 400 -
[32mclient_002_1  |[0m 2026-01-28 02:58:01,805 - __main__ - ERROR - Update submission failed: {"error":"Not accepting updates"}
[32mclient_002_1  |[0m 
[32mclient_002_1  |[0m 2026-01-28 02:58:01,805 - __main__ - INFO - Update submitted for Round 20. Waiting...
[33mserver_1      |[0m INFO:server.aggregator:--- [METRIC] Weight Divergence: 0.9717
[33mserver_1      |[0m INFO:server.aggregator:FedAvg aggregation complete.
[33mserver_1      |[0m INFO:__main__:Aggregation complete.
[33mserver_1      |[0m ⏱️ [TIME] Client client_007 finished training in 0.75s
[33mserver_1      |[0m ⏱️ [TIME] Client client_010 finished training in 1.09s
[33mserver_1      |[0m ⏱️ [TIME] Client client_008 finished training in 2.62s
[33mserver_1      |[0m ⏱️ [TIME] Client client_006 finished training in 0.04s
[33mserver_1      |[0m ⏱️ [TIME] Client client_004 finished training in 5.38s
[33mserver_1      |[0m DEBUG: ⚠️ MY CUSTOM AGGREGATOR IS RUNNING ⚠️
[33mserver_1      |[0m INFO:__main__:--- Round 20 Acc: 42.71%, Loss: 1.7598 ---
[33mserver_1      |[0m INFO:__main__:--- Starting Round 21. Timeout: 300s ---
[33mserver_1      |[0m INFO:werkzeug:172.18.0.10 - - [28/Jan/2026 02:58:03] "POST /submit_update HTTP/1.1" 200 -
[34mclient_004_1  |[0m 2026-01-28 02:58:03,254 - __main__ - INFO - 🚀 Model update submitted successfully.
[34mclient_004_1  |[0m 2026-01-28 02:58:03,254 - __main__ - INFO - Update submitted for Round 20. Waiting...
[34;1mclient_009_1  |[0m 2026-01-28 02:58:03,315 - __main__ - INFO - Round 20 finished. Loss: 0.0000, Acc: 0.00%
[33mserver_1      |[0m INFO:__main__:Received update from client_009
[33mserver_1      |[0m INFO:werkzeug:172.18.0.22 - - [28/Jan/2026 02:58:03] "POST /submit_update HTTP/1.1" 200 -
[36;1mclient_005_1  |[0m 2026-01-28 02:58:03,427 - __main__ - INFO - Round 20 finished. Loss: 0.0000, Acc: 0.00%
[34;1mclient_009_1  |[0m 2026-01-28 02:58:03,451 - __main__ - INFO - 🚀 Model update submitted successfully.
[34;1mclient_009_1  |[0m 2026-01-28 02:58:03,451 - __main__ - INFO - Update submitted for Round 20. Waiting...
[33mserver_1      |[0m INFO:__main__:Received update from client_005
[33mserver_1      |[0m INFO:werkzeug:172.18.0.17 - - [28/Jan/2026 02:58:03] "POST /submit_update HTTP/1.1" 200 -
[36;1mclient_005_1  |[0m 2026-01-28 02:58:03,561 - __main__ - INFO - 🚀 Model update submitted successfully.
[36;1mclient_005_1  |[0m 2026-01-28 02:58:03,561 - __main__ - INFO - Update submitted for Round 20. Waiting...
[36mclient_010_1  |[0m 2026-01-28 02:58:07,161 - __main__ - INFO - --- New Round Detected: 21 ---
[33mserver_1      |[0m INFO:werkzeug:172.18.0.19 - - [28/Jan/2026 02:58:07] "GET /download_model?round=21 HTTP/1.1" 200 -
[35;1mclient_008_1  |[0m 2026-01-28 02:58:07,471 - __main__ - INFO - --- New Round Detected: 21 ---
[33mserver_1      |[0m INFO:werkzeug:172.18.0.18 - - [28/Jan/2026 02:58:07] "GET /download_model?round=21 HTTP/1.1" 200 -
[36mclient_010_1  |[0m 2026-01-28 02:58:08,372 - __main__ - INFO - Round 21 finished. Loss: 0.0000, Acc: 0.00%
[33mserver_1      |[0m INFO:__main__:Received update from client_010
[33mserver_1      |[0m INFO:werkzeug:172.18.0.19 - - [28/Jan/2026 02:58:08] "POST /submit_update HTTP/1.1" 200 -
[36mclient_010_1  |[0m 2026-01-28 02:58:08,508 - __main__ - INFO - 🚀 Model update submitted successfully.
[36mclient_010_1  |[0m 2026-01-28 02:58:08,508 - __main__ - INFO - Update submitted for Round 21. Waiting...
[36;1mclient_015_1  |[0m 2026-01-28 02:58:09,363 - __main__ - INFO - Round 0 finished. Loss: 0.0000, Acc: 0.00%
[35;1mclient_008_1  |[0m 2026-01-28 02:58:10,073 - __main__ - INFO - Round 21 finished. Loss: 0.0000, Acc: 0.00%
[33mserver_1      |[0m INFO:__main__:Received update from client_008
[33mserver_1      |[0m INFO:werkzeug:172.18.0.18 - - [28/Jan/2026 02:58:10] "POST /submit_update HTTP/1.1" 200 -
[35;1mclient_008_1  |[0m 2026-01-28 02:58:10,207 - __main__ - INFO - 🚀 Model update submitted successfully.
[35;1mclient_008_1  |[0m 2026-01-28 02:58:10,208 - __main__ - INFO - Update submitted for Round 21. Waiting...
[33mserver_1      |[0m INFO:__main__:Received update from client_015
[33mserver_1      |[0m INFO:__main__:--- Aggregating 5 updates ---
[33mserver_1      |[0m INFO:__main__:⚡ Using Custom Aggregator with Drift Metric...
[33mserver_1      |[0m INFO:server.aggregator:Starting FedAvg aggregation for 5 clients.
[33;1mclient_006_1  |[0m 2026-01-28 02:58:10,404 - __main__ - INFO - --- New Round Detected: 21 ---
[33mserver_1      |[0m INFO:werkzeug:172.18.0.21 - - [28/Jan/2026 02:58:10] "GET /download_model?round=21 HTTP/1.1" 200 -
[33;1mclient_006_1  |[0m 2026-01-28 02:58:10,577 - __main__ - INFO - Round 21 finished. Loss: 0.0000, Acc: 0.00%
[33mserver_1      |[0m INFO:werkzeug:172.18.0.21 - - [28/Jan/2026 02:58:10] "[31m[1mPOST /submit_update HTTP/1.1[0m" 400 -
[33;1mclient_006_1  |[0m 2026-01-28 02:58:10,640 - __main__ - ERROR - Update submission failed: {"error":"Not accepting updates"}
[33;1mclient_006_1  |[0m 
[33;1mclient_006_1  |[0m 2026-01-28 02:58:10,640 - __main__ - INFO - Update submitted for Round 21. Waiting...
[35mclient_003_1  |[0m 2026-01-28 02:58:10,743 - __main__ - INFO - --- New Round Detected: 21 ---
[33mserver_1      |[0m INFO:werkzeug:172.18.0.14 - - [28/Jan/2026 02:58:10] "GET /download_model?round=21 HTTP/1.1" 200 -
[33mclient_001_1  |[0m 2026-01-28 02:58:11,353 - __main__ - INFO - --- New Round Detected: 21 ---
[33mserver_1      |[0m INFO:werkzeug:172.18.0.6 - - [28/Jan/2026 02:58:11] "GET /download_model?round=21 HTTP/1.1" 200 -
[32mclient_002_1  |[0m 2026-01-28 02:58:11,872 - __main__ - INFO - --- New Round Detected: 21 ---
[33mserver_1      |[0m INFO:werkzeug:172.18.0.20 - - [28/Jan/2026 02:58:11] "GET /download_model?round=21 HTTP/1.1" 200 -
[33mserver_1      |[0m INFO:server.aggregator:--- [METRIC] Weight Divergence: 1.7861
[33mserver_1      |[0m INFO:server.aggregator:FedAvg aggregation complete.
[33mserver_1      |[0m INFO:__main__:Aggregation complete.
[33mclient_001_1  |[0m 2026-01-28 02:58:12,194 - __main__ - INFO - Round 21 finished. Loss: 0.0000, Acc: 0.00%
[33mserver_1      |[0m ⏱️ [TIME] Client client_009 finished training in 3.90s
[33mserver_1      |[0m ⏱️ [TIME] Client client_005 finished training in 4.15s
[33mserver_1      |[0m ⏱️ [TIME] Client client_010 finished training in 1.08s
[33mserver_1      |[0m ⏱️ [TIME] Client client_008 finished training in 2.48s
[33mserver_1      |[0m ⏱️ [TIME] Client client_015 finished training in 194.35s
[33mserver_1      |[0m DEBUG: ⚠️ MY CUSTOM AGGREGATOR IS RUNNING ⚠️
[33mserver_1      |[0m INFO:werkzeug:172.18.0.6 - - [28/Jan/2026 02:58:12] "[31m[1mPOST /submit_update HTTP/1.1[0m" 400 -
[33mclient_001_1  |[0m 2026-01-28 02:58:12,318 - __main__ - ERROR - Update submission failed: {"error":"Not accepting updates"}
[33mclient_001_1  |[0m 
[33mclient_001_1  |[0m 2026-01-28 02:58:12,318 - __main__ - INFO - Update submitted for Round 21. Waiting...
[32;1mclient_007_1  |[0m 2026-01-28 02:58:12,366 - __main__ - INFO - --- New Round Detected: 21 ---
[33mserver_1      |[0m INFO:werkzeug:172.18.0.7 - - [28/Jan/2026 02:58:12] "GET /download_model?round=21 HTTP/1.1" 200 -
[33mserver_1      |[0m INFO:__main__:--- Round 21 Acc: 38.96%, Loss: 1.8604 ---
[33mserver_1      |[0m INFO:__main__:--- Starting Round 22. Timeout: 300s ---
[33mserver_1      |[0m INFO:werkzeug:172.18.0.13 - - [28/Jan/2026 02:58:13] "POST /submit_update HTTP/1.1" 200 -
[32;1mclient_007_1  |[0m 2026-01-28 02:58:13,286 - __main__ - INFO - Round 21 finished. Loss: 0.0000, Acc: 0.00%
[34mclient_004_1  |[0m 2026-01-28 02:58:13,320 - __main__ - INFO - --- New Round Detected: 22 ---
[33mserver_1      |[0m INFO:werkzeug:172.18.0.10 - - [28/Jan/2026 02:58:13] "GET /download_model?round=22 HTTP/1.1" 200 -
[33mserver_1      |[0m INFO:__main__:Received update from client_007
[33mserver_1      |[0m INFO:werkzeug:172.18.0.7 - - [28/Jan/2026 02:58:13] "POST /submit_update HTTP/1.1" 200 -
[32;1mclient_007_1  |[0m 2026-01-28 02:58:13,420 - __main__ - INFO - 🚀 Model update submitted successfully.
[32;1mclient_007_1  |[0m 2026-01-28 02:58:13,420 - __main__ - INFO - Update submitted for Round 21. Waiting...
[36;1mclient_015_1  |[0m 2026-01-28 02:58:13,474 - __main__ - INFO - 🚀 Model update submitted successfully.
[36;1mclient_015_1  |[0m 2026-01-28 02:58:13,474 - __main__ - INFO - Update submitted for Round 0. Waiting...
[34;1mclient_009_1  |[0m 2026-01-28 02:58:13,518 - __main__ - INFO - --- New Round Detected: 22 ---
[33mserver_1      |[0m INFO:werkzeug:172.18.0.22 - - [28/Jan/2026 02:58:13] "GET /download_model?round=22 HTTP/1.1" 200 -
[36;1mclient_005_1  |[0m 2026-01-28 02:58:13,622 - __main__ - INFO - --- New Round Detected: 22 ---
[33mserver_1      |[0m INFO:werkzeug:172.18.0.17 - - [28/Jan/2026 02:58:13] "GET /download_model?round=22 HTTP/1.1" 200 -
[32mclient_002_1  |[0m 2026-01-28 02:58:14,431 - __main__ - INFO - Round 21 finished. Loss: 0.0000, Acc: 0.00%
[33mserver_1      |[0m INFO:__main__:Received update from client_002
[33mserver_1      |[0m INFO:werkzeug:172.18.0.20 - - [28/Jan/2026 02:58:14] "POST /submit_update HTTP/1.1" 200 -
[32mclient_002_1  |[0m 2026-01-28 02:58:14,566 - __main__ - INFO - 🚀 Model update submitted successfully.
[32mclient_002_1  |[0m 2026-01-28 02:58:14,566 - __main__ - INFO - Update submitted for Round 21. Waiting...
[36;1mclient_005_1  |[0m 2026-01-28 02:58:17,828 - __main__ - INFO - Round 22 finished. Loss: 0.0000, Acc: 0.00%
[33mserver_1      |[0m INFO:__main__:Received update from client_005
[33mserver_1      |[0m INFO:werkzeug:172.18.0.17 - - [28/Jan/2026 02:58:17] "POST /submit_update HTTP/1.1" 200 -
[36;1mclient_005_1  |[0m 2026-01-28 02:58:17,964 - __main__ - INFO - 🚀 Model update submitted successfully.
[36;1mclient_005_1  |[0m 2026-01-28 02:58:17,965 - __main__ - INFO - Update submitted for Round 22. Waiting...
[34;1mclient_009_1  |[0m 2026-01-28 02:58:18,364 - __main__ - INFO - Round 22 finished. Loss: 0.0000, Acc: 0.00%
[33mserver_1      |[0m INFO:__main__:Received update from client_009
[33mserver_1      |[0m INFO:werkzeug:172.18.0.22 - - [28/Jan/2026 02:58:18] "POST /submit_update HTTP/1.1" 200 -
[34;1mclient_009_1  |[0m 2026-01-28 02:58:18,500 - __main__ - INFO - 🚀 Model update submitted successfully.
[34;1mclient_009_1  |[0m 2026-01-28 02:58:18,500 - __main__ - INFO - Update submitted for Round 22. Waiting...
[36mclient_010_1  |[0m 2026-01-28 02:58:18,571 - __main__ - INFO - --- New Round Detected: 22 ---
[33mserver_1      |[0m INFO:werkzeug:172.18.0.19 - - [28/Jan/2026 02:58:18] "GET /download_model?round=22 HTTP/1.1" 200 -
[36mclient_010_1  |[0m 2026-01-28 02:58:19,788 - __main__ - INFO - Round 22 finished. Loss: 0.0000, Acc: 0.00%
[33mserver_1      |[0m INFO:__main__:Received update from client_010
[33mserver_1      |[0m INFO:__main__:--- Aggregating 5 updates ---
[33mserver_1      |[0m INFO:__main__:⚡ Using Custom Aggregator with Drift Metric...
[33mserver_1      |[0m INFO:server.aggregator:Starting FedAvg aggregation for 5 clients.
[35;1mclient_008_1  |[0m 2026-01-28 02:58:20,363 - __main__ - INFO - --- New Round Detected: 22 ---
[33mserver_1      |[0m INFO:werkzeug:172.18.0.18 - - [28/Jan/2026 02:58:20] "GET /download_model?round=22 HTTP/1.1" 200 -
[33;1mclient_006_1  |[0m 2026-01-28 02:58:20,721 - __main__ - INFO - --- New Round Detected: 22 ---
[33mserver_1      |[0m INFO:werkzeug:172.18.0.21 - - [28/Jan/2026 02:58:20] "GET /download_model?round=22 HTTP/1.1" 200 -
[33;1mclient_006_1  |[0m 2026-01-28 02:58:20,880 - __main__ - INFO - Round 22 finished. Loss: 0.0000, Acc: 0.00%
[33mserver_1      |[0m INFO:werkzeug:172.18.0.21 - - [28/Jan/2026 02:58:20] "[31m[1mPOST /submit_update HTTP/1.1[0m" 400 -
[33;1mclient_006_1  |[0m 2026-01-28 02:58:20,944 - __main__ - ERROR - Update submission failed: {"error":"Not accepting updates"}
[33;1mclient_006_1  |[0m 
[33;1mclient_006_1  |[0m 2026-01-28 02:58:20,945 - __main__ - INFO - Update submitted for Round 22. Waiting...
[33mserver_1      |[0m INFO:server.aggregator:--- [METRIC] Weight Divergence: 0.9093
[33mserver_1      |[0m INFO:server.aggregator:FedAvg aggregation complete.
[33mserver_1      |[0m INFO:__main__:Aggregation complete.
[33mserver_1      |[0m ⏱️ [TIME] Client client_007 finished training in 0.77s
[33mserver_1      |[0m ⏱️ [TIME] Client client_002 finished training in 2.40s
[33mserver_1      |[0m ⏱️ [TIME] Client client_005 finished training in 4.08s
[33mserver_1      |[0m ⏱️ [TIME] Client client_009 finished training in 4.72s
[33mserver_1      |[0m ⏱️ [TIME] Client client_010 finished training in 1.09s
[33mserver_1      |[0m DEBUG: ⚠️ MY CUSTOM AGGREGATOR IS RUNNING ⚠️
[34mclient_004_1  |[0m 2026-01-28 02:58:22,028 - __main__ - INFO - Round 22 finished. Loss: 0.0000, Acc: 0.00%
[33mserver_1      |[0m INFO:werkzeug:172.18.0.10 - - [28/Jan/2026 02:58:22] "[31m[1mPOST /submit_update HTTP/1.1[0m" 400 -
[34mclient_004_1  |[0m 2026-01-28 02:58:22,100 - __main__ - ERROR - Update submission failed: {"error":"Not accepting updates"}
[34mclient_004_1  |[0m 
[34mclient_004_1  |[0m 2026-01-28 02:58:22,101 - __main__ - INFO - Update submitted for Round 22. Waiting...
[33mclient_001_1  |[0m 2026-01-28 02:58:22,395 - __main__ - INFO - --- New Round Detected: 22 ---
[33mserver_1      |[0m INFO:werkzeug:172.18.0.6 - - [28/Jan/2026 02:58:22] "GET /download_model?round=22 HTTP/1.1" 200 -
[33mserver_1      |[0m INFO:__main__:--- Round 22 Acc: 39.62%, Loss: 1.8088 ---
[33mserver_1      |[0m INFO:__main__:--- Starting Round 23. Timeout: 300s ---
[33mserver_1      |[0m INFO:werkzeug:172.18.0.19 - - [28/Jan/2026 02:58:22] "POST /submit_update HTTP/1.1" 200 -
[36mclient_010_1  |[0m 2026-01-28 02:58:22,484 - __main__ - INFO - 🚀 Model update submitted successfully.
[36mclient_010_1  |[0m 2026-01-28 02:58:22,484 - __main__ - INFO - Update submitted for Round 22. Waiting...
[35;1mclient_008_1  |[0m 2026-01-28 02:58:23,184 - __main__ - INFO - Round 22 finished. Loss: 0.0000, Acc: 0.00%
[33mclient_001_1  |[0m 2026-01-28 02:58:23,261 - __main__ - INFO - Round 22 finished. Loss: 0.0000, Acc: 0.00%
[33mserver_1      |[0m INFO:__main__:Received update from client_008
[33mserver_1      |[0m INFO:werkzeug:172.18.0.18 - - [28/Jan/2026 02:58:23] "POST /submit_update HTTP/1.1" 200 -
[35;1mclient_008_1  |[0m 2026-01-28 02:58:23,319 - __main__ - INFO - 🚀 Model update submitted successfully.
[35;1mclient_008_1  |[0m 2026-01-28 02:58:23,319 - __main__ - INFO - Update submitted for Round 22. Waiting...
[33mserver_1      |[0m INFO:__main__:Received update from client_001
[33mserver_1      |[0m INFO:werkzeug:172.18.0.6 - - [28/Jan/2026 02:58:23] "POST /submit_update HTTP/1.1" 200 -
[33mclient_001_1  |[0m 2026-01-28 02:58:23,399 - __main__ - INFO - 🚀 Model update submitted successfully.
[33mclient_001_1  |[0m 2026-01-28 02:58:23,400 - __main__ - INFO - Update submitted for Round 22. Waiting...
[32;1mclient_007_1  |[0m 2026-01-28 02:58:23,493 - __main__ - INFO - --- New Round Detected: 23 ---
[33mserver_1      |[0m INFO:werkzeug:172.18.0.7 - - [28/Jan/2026 02:58:23] "GET /download_model?round=23 HTTP/1.1" 200 -
[36;1mclient_015_1  |[0m 2026-01-28 02:58:23,900 - __main__ - INFO - --- New Round Detected: 23 ---
[33mserver_1      |[0m INFO:werkzeug:172.18.0.13 - - [28/Jan/2026 02:58:24] "GET /download_model?round=23 HTTP/1.1" 200 -
[32;1mclient_007_1  |[0m 2026-01-28 02:58:24,342 - __main__ - INFO - Round 23 finished. Loss: 0.0000, Acc: 0.00%
[33mserver_1      |[0m INFO:__main__:Received update from client_007
[33mserver_1      |[0m INFO:werkzeug:172.18.0.7 - - [28/Jan/2026 02:58:24] "POST /submit_update HTTP/1.1" 200 -
[32;1mclient_007_1  |[0m 2026-01-28 02:58:24,477 - __main__ - INFO - 🚀 Model update submitted successfully.
[32;1mclient_007_1  |[0m 2026-01-28 02:58:24,477 - __main__ - INFO - Update submitted for Round 23. Waiting...
[32mclient_002_1  |[0m 2026-01-28 02:58:24,628 - __main__ - INFO - --- New Round Detected: 23 ---
[33mserver_1      |[0m INFO:werkzeug:172.18.0.20 - - [28/Jan/2026 02:58:24] "GET /download_model?round=23 HTTP/1.1" 200 -
[32mclient_002_1  |[0m 2026-01-28 02:58:27,090 - __main__ - INFO - Round 23 finished. Loss: 0.0000, Acc: 0.00%
[33mserver_1      |[0m INFO:__main__:Received update from client_002
[33mserver_1      |[0m INFO:werkzeug:172.18.0.20 - - [28/Jan/2026 02:58:27] "POST /submit_update HTTP/1.1" 200 -
[32mclient_002_1  |[0m 2026-01-28 02:58:27,245 - __main__ - INFO - 🚀 Model update submitted successfully.
[32mclient_002_1  |[0m 2026-01-28 02:58:27,245 - __main__ - INFO - Update submitted for Round 23. Waiting...
[36;1mclient_005_1  |[0m 2026-01-28 02:58:28,027 - __main__ - INFO - --- New Round Detected: 23 ---
[33mserver_1      |[0m INFO:werkzeug:172.18.0.17 - - [28/Jan/2026 02:58:28] "GET /download_model?round=23 HTTP/1.1" 200 -
[34;1mclient_009_1  |[0m 2026-01-28 02:58:28,561 - __main__ - INFO - --- New Round Detected: 23 ---
[33mserver_1      |[0m INFO:werkzeug:172.18.0.22 - - [28/Jan/2026 02:58:28] "GET /download_model?round=23 HTTP/1.1" 200 -
[35mclient_003_1  |[0m 2026-01-28 02:58:29,098 - __main__ - INFO - Round 21 finished. Loss: 0.0000, Acc: 0.00%
[33mserver_1      |[0m INFO:__main__:Received update from client_003
[33mserver_1      |[0m INFO:__main__:--- Aggregating 5 updates ---
[33mserver_1      |[0m INFO:__main__:⚡ Using Custom Aggregator with Drift Metric...
[33mserver_1      |[0m INFO:server.aggregator:Starting FedAvg aggregation for 5 clients.
[33mserver_1      |[0m INFO:server.aggregator:--- [METRIC] Weight Divergence: 1.5096
[33mserver_1      |[0m INFO:server.aggregator:FedAvg aggregation complete.
[33mserver_1      |[0m INFO:__main__:Aggregation complete.
[33mserver_1      |[0m ⏱️ [TIME] Client client_008 finished training in 2.67s
[33mserver_1      |[0m ⏱️ [TIME] Client client_001 finished training in 0.73s
[33mserver_1      |[0m ⏱️ [TIME] Client client_007 finished training in 0.72s
[33mserver_1      |[0m ⏱️ [TIME] Client client_002 finished training in 2.33s
[33mserver_1      |[0m ⏱️ [TIME] Client client_003 finished training in 18.23s
[33mserver_1      |[0m DEBUG: ⚠️ MY CUSTOM AGGREGATOR IS RUNNING ⚠️
[33;1mclient_006_1  |[0m 2026-01-28 02:58:31,059 - __main__ - INFO - --- New Round Detected: 23 ---
[33mserver_1      |[0m INFO:werkzeug:172.18.0.21 - - [28/Jan/2026 02:58:31] "GET /download_model?round=23 HTTP/1.1" 200 -
[33;1mclient_006_1  |[0m 2026-01-28 02:58:31,262 - __main__ - INFO - Round 23 finished. Loss: 0.0000, Acc: 0.00%
[33mserver_1      |[0m INFO:werkzeug:172.18.0.21 - - [28/Jan/2026 02:58:31] "[31m[1mPOST /submit_update HTTP/1.1[0m" 400 -
[33;1mclient_006_1  |[0m 2026-01-28 02:58:31,336 - __main__ - ERROR - Update submission failed: {"error":"Not accepting updates"}
[33;1mclient_006_1  |[0m 
[33;1mclient_006_1  |[0m 2026-01-28 02:58:31,337 - __main__ - INFO - Update submitted for Round 23. Waiting...
[33mserver_1      |[0m INFO:__main__:--- Round 23 Acc: 37.30%, Loss: 1.7287 ---
[33mserver_1      |[0m INFO:__main__:--- Starting Round 24. Timeout: 300s ---
[33mserver_1      |[0m INFO:werkzeug:172.18.0.14 - - [28/Jan/2026 02:58:31] "POST /submit_update HTTP/1.1" 200 -
[35mclient_003_1  |[0m 2026-01-28 02:58:31,564 - __main__ - INFO - 🚀 Model update submitted successfully.
[35mclient_003_1  |[0m 2026-01-28 02:58:31,564 - __main__ - INFO - Update submitted for Round 21. Waiting...
[34mclient_004_1  |[0m 2026-01-28 02:58:32,184 - __main__ - INFO - --- New Round Detected: 24 ---
[36;1mclient_005_1  |[0m 2026-01-28 02:58:32,195 - __main__ - INFO - Round 23 finished. Loss: 0.0000, Acc: 0.00%
[33mserver_1      |[0m INFO:werkzeug:172.18.0.10 - - [28/Jan/2026 02:58:32] "GET /download_model?round=24 HTTP/1.1" 200 -
[33mserver_1      |[0m INFO:__main__:Received update from client_005
[33mserver_1      |[0m INFO:werkzeug:172.18.0.17 - - [28/Jan/2026 02:58:32] "POST /submit_update HTTP/1.1" 200 -
[36;1mclient_005_1  |[0m 2026-01-28 02:58:32,330 - __main__ - INFO - 🚀 Model update submitted successfully.
[36;1mclient_005_1  |[0m 2026-01-28 02:58:32,330 - __main__ - INFO - Update submitted for Round 23. Waiting...
[36mclient_010_1  |[0m 2026-01-28 02:58:32,546 - __main__ - INFO - --- New Round Detected: 24 ---
[33mserver_1      |[0m INFO:werkzeug:172.18.0.19 - - [28/Jan/2026 02:58:32] "GET /download_model?round=24 HTTP/1.1" 200 -
[34;1mclient_009_1  |[0m 2026-01-28 02:58:32,864 - __main__ - INFO - Round 23 finished. Loss: 0.0000, Acc: 0.00%
[33mserver_1      |[0m INFO:__main__:Received update from client_009
[33mserver_1      |[0m INFO:werkzeug:172.18.0.22 - - [28/Jan/2026 02:58:32] "POST /submit_update HTTP/1.1" 200 -
[34;1mclient_009_1  |[0m 2026-01-28 02:58:32,999 - __main__ - INFO - 🚀 Model update submitted successfully.
[34;1mclient_009_1  |[0m 2026-01-28 02:58:33,000 - __main__ - INFO - Update submitted for Round 23. Waiting...
[35;1mclient_008_1  |[0m 2026-01-28 02:58:33,382 - __main__ - INFO - --- New Round Detected: 24 ---
[33mserver_1      |[0m INFO:werkzeug:172.18.0.18 - - [28/Jan/2026 02:58:33] "GET /download_model?round=24 HTTP/1.1" 200 -
[33mclient_001_1  |[0m 2026-01-28 02:58:33,461 - __main__ - INFO - --- New Round Detected: 24 ---
[33mserver_1      |[0m INFO:werkzeug:172.18.0.6 - - [28/Jan/2026 02:58:33] "GET /download_model?round=24 HTTP/1.1" 200 -
[36mclient_010_1  |[0m 2026-01-28 02:58:33,813 - __main__ - INFO - Round 24 finished. Loss: 0.0000, Acc: 0.00%
[33mserver_1      |[0m INFO:__main__:Received update from client_010
[33mserver_1      |[0m INFO:werkzeug:172.18.0.19 - - [28/Jan/2026 02:58:33] "POST /submit_update HTTP/1.1" 200 -
[36mclient_010_1  |[0m 2026-01-28 02:58:33,968 - __main__ - INFO - 🚀 Model update submitted successfully.
[36mclient_010_1  |[0m 2026-01-28 02:58:33,968 - __main__ - INFO - Update submitted for Round 24. Waiting...
[33mclient_001_1  |[0m 2026-01-28 02:58:34,309 - __main__ - INFO - Round 24 finished. Loss: 0.0000, Acc: 0.00%
[33mserver_1      |[0m INFO:__main__:Received update from client_001
[33mserver_1      |[0m INFO:werkzeug:172.18.0.6 - - [28/Jan/2026 02:58:34] "POST /submit_update HTTP/1.1" 200 -
[33mclient_001_1  |[0m 2026-01-28 02:58:34,446 - __main__ - INFO - 🚀 Model update submitted successfully.
[33mclient_001_1  |[0m 2026-01-28 02:58:34,446 - __main__ - INFO - Update submitted for Round 24. Waiting...
[32;1mclient_007_1  |[0m 2026-01-28 02:58:34,539 - __main__ - INFO - --- New Round Detected: 24 ---
[33mserver_1      |[0m INFO:werkzeug:172.18.0.7 - - [28/Jan/2026 02:58:34] "GET /download_model?round=24 HTTP/1.1" 200 -
[32;1mclient_007_1  |[0m 2026-01-28 02:58:35,099 - __main__ - INFO - Round 24 finished. Loss: 0.0000, Acc: 0.00%
[33mserver_1      |[0m INFO:__main__:Received update from client_007
[33mserver_1      |[0m INFO:__main__:--- Aggregating 5 updates ---
[33mserver_1      |[0m INFO:__main__:⚡ Using Custom Aggregator with Drift Metric...
[33mserver_1      |[0m INFO:server.aggregator:Starting FedAvg aggregation for 5 clients.
[35;1mclient_008_1  |[0m 2026-01-28 02:58:36,088 - __main__ - INFO - Round 24 finished. Loss: 0.0000, Acc: 0.00%
[33mserver_1      |[0m INFO:werkzeug:172.18.0.18 - - [28/Jan/2026 02:58:36] "[31m[1mPOST /submit_update HTTP/1.1[0m" 400 -
[35;1mclient_008_1  |[0m 2026-01-28 02:58:36,151 - __main__ - ERROR - Update submission failed: {"error":"Not accepting updates"}
[35;1mclient_008_1  |[0m 
[35;1mclient_008_1  |[0m 2026-01-28 02:58:36,151 - __main__ - INFO - Update submitted for Round 24. Waiting...
[33mserver_1      |[0m INFO:server.aggregator:--- [METRIC] Weight Divergence: 1.2493
[33mserver_1      |[0m INFO:server.aggregator:FedAvg aggregation complete.
[33mserver_1      |[0m INFO:__main__:Aggregation complete.
[33mserver_1      |[0m ⏱️ [TIME] Client client_005 finished training in 4.04s
[33mserver_1      |[0m ⏱️ [TIME] Client client_009 finished training in 4.18s
[33mserver_1      |[0m ⏱️ [TIME] Client client_010 finished training in 1.14s
[33mserver_1      |[0m ⏱️ [TIME] Client client_001 finished training in 0.72s
[33mserver_1      |[0m ⏱️ [TIME] Client client_007 finished training in 0.43s
[33mserver_1      |[0m DEBUG: ⚠️ MY CUSTOM AGGREGATOR IS RUNNING ⚠️
[32mclient_002_1  |[0m 2026-01-28 02:58:37,425 - __main__ - INFO - --- New Round Detected: 24 ---
[33mserver_1      |[0m INFO:werkzeug:172.18.0.20 - - [28/Jan/2026 02:58:37] "GET /download_model?round=24 HTTP/1.1" 200 -
[33mserver_1      |[0m INFO:__main__:--- Round 24 Acc: 36.24%, Loss: 1.8685 ---
[33mserver_1      |[0m INFO:__main__:--- Starting Round 25. Timeout: 300s ---
[33mserver_1      |[0m INFO:werkzeug:172.18.0.7 - - [28/Jan/2026 02:58:38] "POST /submit_update HTTP/1.1" 200 -
[32;1mclient_007_1  |[0m 2026-01-28 02:58:38,559 - __main__ - INFO - 🚀 Model update submitted successfully.
[32;1mclient_007_1  |[0m 2026-01-28 02:58:38,559 - __main__ - INFO - Update submitted for Round 24. Waiting...
[32mclient_002_1  |[0m 2026-01-28 02:58:39,932 - __main__ - INFO - Round 24 finished. Loss: 0.0000, Acc: 0.00%
[33mserver_1      |[0m INFO:__main__:Received update from client_002
[33mserver_1      |[0m INFO:werkzeug:172.18.0.20 - - [28/Jan/2026 02:58:40] "POST /submit_update HTTP/1.1" 200 -
[32mclient_002_1  |[0m 2026-01-28 02:58:40,066 - __main__ - INFO - 🚀 Model update submitted successfully.
[32mclient_002_1  |[0m 2026-01-28 02:58:40,066 - __main__ - INFO - Update submitted for Round 24. Waiting...
[34mclient_004_1  |[0m 2026-01-28 02:58:41,217 - __main__ - INFO - Round 24 finished. Loss: 0.0000, Acc: 0.00%
[33mserver_1      |[0m INFO:__main__:Received update from client_004
[33mserver_1      |[0m INFO:werkzeug:172.18.0.10 - - [28/Jan/2026 02:58:41] "POST /submit_update HTTP/1.1" 200 -
[34mclient_004_1  |[0m 2026-01-28 02:58:41,353 - __main__ - INFO - 🚀 Model update submitted successfully.
[34mclient_004_1  |[0m 2026-01-28 02:58:41,353 - __main__ - INFO - Update submitted for Round 24. Waiting...
[33;1mclient_006_1  |[0m 2026-01-28 02:58:41,405 - __main__ - INFO - --- New Round Detected: 25 ---
[33mserver_1      |[0m INFO:werkzeug:172.18.0.21 - - [28/Jan/2026 02:58:41] "GET /download_model?round=25 HTTP/1.1" 200 -
[33;1mclient_006_1  |[0m 2026-01-28 02:58:41,583 - __main__ - INFO - Round 25 finished. Loss: 0.0000, Acc: 0.00%
[35mclient_003_1  |[0m 2026-01-28 02:58:41,628 - __main__ - INFO - --- New Round Detected: 25 ---
[33mserver_1      |[0m INFO:werkzeug:172.18.0.14 - - [28/Jan/2026 02:58:41] "GET /download_model?round=25 HTTP/1.1" 200 -
[33mserver_1      |[0m INFO:__main__:Received update from client_006
[33mserver_1      |[0m INFO:werkzeug:172.18.0.21 - - [28/Jan/2026 02:58:41] "POST /submit_update HTTP/1.1" 200 -
[33;1mclient_006_1  |[0m 2026-01-28 02:58:41,718 - __main__ - INFO - 🚀 Model update submitted successfully.
[33;1mclient_006_1  |[0m 2026-01-28 02:58:41,718 - __main__ - INFO - Update submitted for Round 25. Waiting...
[36;1mclient_005_1  |[0m 2026-01-28 02:58:42,408 - __main__ - INFO - --- New Round Detected: 25 ---
[33mserver_1      |[0m INFO:werkzeug:172.18.0.17 - - [28/Jan/2026 02:58:42] "GET /download_model?round=25 HTTP/1.1" 200 -
[34;1mclient_009_1  |[0m 2026-01-28 02:58:43,095 - __main__ - INFO - --- New Round Detected: 25 ---
[33mserver_1      |[0m INFO:werkzeug:172.18.0.22 - - [28/Jan/2026 02:58:43] "GET /download_model?round=25 HTTP/1.1" 200 -
[36mclient_010_1  |[0m 2026-01-28 02:58:44,033 - __main__ - INFO - --- New Round Detected: 25 ---
[33mserver_1      |[0m INFO:werkzeug:172.18.0.19 - - [28/Jan/2026 02:58:44] "GET /download_model?round=25 HTTP/1.1" 200 -
[33mclient_001_1  |[0m 2026-01-28 02:58:44,507 - __main__ - INFO - --- New Round Detected: 25 ---
[33mserver_1      |[0m INFO:werkzeug:172.18.0.6 - - [28/Jan/2026 02:58:44] "GET /download_model?round=25 HTTP/1.1" 200 -
[36mclient_010_1  |[0m 2026-01-28 02:58:45,226 - __main__ - INFO - Round 25 finished. Loss: 0.0000, Acc: 0.00%
[33mserver_1      |[0m INFO:__main__:Received update from client_010
[33mserver_1      |[0m INFO:werkzeug:172.18.0.19 - - [28/Jan/2026 02:58:45] "POST /submit_update HTTP/1.1" 200 -
[33mclient_001_1  |[0m 2026-01-28 02:58:45,347 - __main__ - INFO - Round 25 finished. Loss: 0.0000, Acc: 0.00%
[36mclient_010_1  |[0m 2026-01-28 02:58:45,364 - __main__ - INFO - 🚀 Model update submitted successfully.
[36mclient_010_1  |[0m 2026-01-28 02:58:45,364 - __main__ - INFO - Update submitted for Round 25. Waiting...
[33mserver_1      |[0m INFO:__main__:Received update from client_001
[33mserver_1      |[0m INFO:__main__:--- Aggregating 5 updates ---
[33mserver_1      |[0m INFO:__main__:⚡ Using Custom Aggregator with Drift Metric...
[33mserver_1      |[0m INFO:server.aggregator:Starting FedAvg aggregation for 5 clients.
[35;1mclient_008_1  |[0m 2026-01-28 02:58:46,238 - __main__ - INFO - --- New Round Detected: 25 ---
[33mserver_1      |[0m INFO:werkzeug:172.18.0.18 - - [28/Jan/2026 02:58:46] "GET /download_model?round=25 HTTP/1.1" 200 -
[36;1mclient_005_1  |[0m 2026-01-28 02:58:46,637 - __main__ - INFO - Round 25 finished. Loss: 0.0000, Acc: 0.00%
[33mserver_1      |[0m INFO:werkzeug:172.18.0.17 - - [28/Jan/2026 02:58:46] "[31m[1mPOST /submit_update HTTP/1.1[0m" 400 -
[36;1mclient_005_1  |[0m 2026-01-28 02:58:46,700 - __main__ - ERROR - Update submission failed: {"error":"Not accepting updates"}
[36;1mclient_005_1  |[0m 
[36;1mclient_005_1  |[0m 2026-01-28 02:58:46,700 - __main__ - INFO - Update submitted for Round 25. Waiting...
[33mserver_1      |[0m INFO:server.aggregator:--- [METRIC] Weight Divergence: 1.3026
[33mserver_1      |[0m INFO:server.aggregator:FedAvg aggregation complete.
[33mserver_1      |[0m INFO:__main__:Aggregation complete.
[33mserver_1      |[0m ⏱️ [TIME] Client client_002 finished training in 2.37s
[33mserver_1      |[0m ⏱️ [TIME] Client client_004 finished training in 8.88s
[33mserver_1      |[0m ⏱️ [TIME] Client client_006 finished training in 0.04s
[33mserver_1      |[0m ⏱️ [TIME] Client client_010 finished training in 1.07s
[33mserver_1      |[0m ⏱️ [TIME] Client client_001 finished training in 0.71s
[33mserver_1      |[0m DEBUG: ⚠️ MY CUSTOM AGGREGATOR IS RUNNING ⚠️
[33mserver_1      |[0m INFO:__main__:--- Round 25 Acc: 39.79%, Loss: 1.6597 ---
[33mserver_1      |[0m INFO:__main__:--- Starting Round 26. Timeout: 300s ---
[33mserver_1      |[0m INFO:werkzeug:172.18.0.6 - - [28/Jan/2026 02:58:47] "POST /submit_update HTTP/1.1" 200 -
[33mclient_001_1  |[0m 2026-01-28 02:58:48,025 - __main__ - INFO - 🚀 Model update submitted successfully.
[33mclient_001_1  |[0m 2026-01-28 02:58:48,025 - __main__ - INFO - Update submitted for Round 25. Waiting...
[34;1mclient_009_1  |[0m 2026-01-28 02:58:48,149 - __main__ - INFO - Round 25 finished. Loss: 0.0000, Acc: 0.00%
[33mserver_1      |[0m INFO:__main__:Received update from client_009
[33mserver_1      |[0m INFO:werkzeug:172.18.0.22 - - [28/Jan/2026 02:58:48] "POST /submit_update HTTP/1.1" 200 -
[34;1mclient_009_1  |[0m 2026-01-28 02:58:48,284 - __main__ - INFO - 🚀 Model update submitted successfully.
[34;1mclient_009_1  |[0m 2026-01-28 02:58:48,284 - __main__ - INFO - Update submitted for Round 25. Waiting...
[32;1mclient_007_1  |[0m 2026-01-28 02:58:48,637 - __main__ - INFO - --- New Round Detected: 26 ---
[33mserver_1      |[0m INFO:werkzeug:172.18.0.7 - - [28/Jan/2026 02:58:48] "GET /download_model?round=26 HTTP/1.1" 200 -
[35;1mclient_008_1  |[0m 2026-01-28 02:58:49,134 - __main__ - INFO - Round 25 finished. Loss: 0.0000, Acc: 0.00%
[32;1mclient_007_1  |[0m 2026-01-28 02:58:49,228 - __main__ - INFO - Round 26 finished. Loss: 0.0000, Acc: 0.00%
[33mserver_1      |[0m INFO:__main__:Received update from client_008
[33mserver_1      |[0m INFO:werkzeug:172.18.0.18 - - [28/Jan/2026 02:58:49] "POST /submit_update HTTP/1.1" 200 -
[35;1mclient_008_1  |[0m 2026-01-28 02:58:49,269 - __main__ - INFO - 🚀 Model update submitted successfully.
[35;1mclient_008_1  |[0m 2026-01-28 02:58:49,269 - __main__ - INFO - Update submitted for Round 25. Waiting...
[33mserver_1      |[0m INFO:__main__:Received update from client_007
[33mserver_1      |[0m INFO:werkzeug:172.18.0.7 - - [28/Jan/2026 02:58:49] "POST /submit_update HTTP/1.1" 200 -
[32;1mclient_007_1  |[0m 2026-01-28 02:58:49,363 - __main__ - INFO - 🚀 Model update submitted successfully.
[32;1mclient_007_1  |[0m 2026-01-28 02:58:49,363 - __main__ - INFO - Update submitted for Round 26. Waiting...
[32mclient_002_1  |[0m 2026-01-28 02:58:50,148 - __main__ - INFO - --- New Round Detected: 26 ---
[33mserver_1      |[0m INFO:werkzeug:172.18.0.20 - - [28/Jan/2026 02:58:50] "GET /download_model?round=26 HTTP/1.1" 200 -
[34mclient_004_1  |[0m 2026-01-28 02:58:51,415 - __main__ - INFO - --- New Round Detected: 26 ---
[33mserver_1      |[0m INFO:werkzeug:172.18.0.10 - - [28/Jan/2026 02:58:51] "GET /download_model?round=26 HTTP/1.1" 200 -
[33;1mclient_006_1  |[0m 2026-01-28 02:58:51,786 - __main__ - INFO - --- New Round Detected: 26 ---
[33mserver_1      |[0m INFO:werkzeug:172.18.0.21 - - [28/Jan/2026 02:58:51] "GET /download_model?round=26 HTTP/1.1" 200 -
[33;1mclient_006_1  |[0m 2026-01-28 02:58:51,957 - __main__ - INFO - Round 26 finished. Loss: 0.0000, Acc: 0.00%
[33mserver_1      |[0m INFO:__main__:Received update from client_006
[33mserver_1      |[0m INFO:werkzeug:172.18.0.21 - - [28/Jan/2026 02:58:52] "POST /submit_update HTTP/1.1" 200 -
[33;1mclient_006_1  |[0m 2026-01-28 02:58:52,091 - __main__ - INFO - 🚀 Model update submitted successfully.
[33;1mclient_006_1  |[0m 2026-01-28 02:58:52,091 - __main__ - INFO - Update submitted for Round 26. Waiting...
[32mclient_002_1  |[0m 2026-01-28 02:58:52,540 - __main__ - INFO - Round 26 finished. Loss: 0.0000, Acc: 0.00%
[33mserver_1      |[0m INFO:__main__:Received update from client_002
[33mserver_1      |[0m INFO:__main__:--- Aggregating 5 updates ---
[33mserver_1      |[0m INFO:__main__:⚡ Using Custom Aggregator with Drift Metric...
[33mserver_1      |[0m INFO:server.aggregator:Starting FedAvg aggregation for 5 clients.
[33mserver_1      |[0m INFO:server.aggregator:--- [METRIC] Weight Divergence: 1.1762
[33mserver_1      |[0m INFO:server.aggregator:FedAvg aggregation complete.
[33mserver_1      |[0m INFO:__main__:Aggregation complete.
[33mserver_1      |[0m ⏱️ [TIME] Client client_009 finished training in 4.88s
[33mserver_1      |[0m ⏱️ [TIME] Client client_008 finished training in 2.76s
[33mserver_1      |[0m ⏱️ [TIME] Client client_007 finished training in 0.46s
[33mserver_1      |[0m ⏱️ [TIME] Client client_006 finished training in 0.04s
[33mserver_1      |[0m ⏱️ [TIME] Client client_002 finished training in 2.26s
[33mserver_1      |[0m DEBUG: ⚠️ MY CUSTOM AGGREGATOR IS RUNNING ⚠️
[33mserver_1      |[0m INFO:__main__:--- Round 26 Acc: 25.11%, Loss: 2.1110 ---
[33mserver_1      |[0m INFO:__main__:--- Starting Round 27. Timeout: 300s ---
[33mserver_1      |[0m INFO:werkzeug:172.18.0.20 - - [28/Jan/2026 02:58:55] "POST /submit_update HTTP/1.1" 200 -
[32mclient_002_1  |[0m 2026-01-28 02:58:55,191 - __main__ - INFO - 🚀 Model update submitted successfully.
[32mclient_002_1  |[0m 2026-01-28 02:58:55,192 - __main__ - INFO - Update submitted for Round 26. Waiting...
[36mclient_010_1  |[0m 2026-01-28 02:58:55,447 - __main__ - INFO - --- New Round Detected: 27 ---
[33mserver_1      |[0m INFO:werkzeug:172.18.0.19 - - [28/Jan/2026 02:58:55] "GET /download_model?round=27 HTTP/1.1" 200 -
[36mclient_010_1  |[0m 2026-01-28 02:58:56,661 - __main__ - INFO - Round 27 finished. Loss: 0.0000, Acc: 0.00%
[33mserver_1      |[0m INFO:__main__:Received update from client_010
[33mserver_1      |[0m INFO:werkzeug:172.18.0.19 - - [28/Jan/2026 02:58:56] "POST /submit_update HTTP/1.1" 200 -
[36;1mclient_005_1  |[0m 2026-01-28 02:58:56,770 - __main__ - INFO - --- New Round Detected: 27 ---
[33mserver_1      |[0m INFO:werkzeug:172.18.0.17 - - [28/Jan/2026 02:58:56] "GET /download_model?round=27 HTTP/1.1" 200 -
[36mclient_010_1  |[0m 2026-01-28 02:58:56,795 - __main__ - INFO - 🚀 Model update submitted successfully.
[36mclient_010_1  |[0m 2026-01-28 02:58:56,796 - __main__ - INFO - Update submitted for Round 27. Waiting...
[33mclient_001_1  |[0m 2026-01-28 02:58:58,086 - __main__ - INFO - --- New Round Detected: 27 ---
[33mserver_1      |[0m INFO:werkzeug:172.18.0.6 - - [28/Jan/2026 02:58:58] "GET /download_model?round=27 HTTP/1.1" 200 -
[34;1mclient_009_1  |[0m 2026-01-28 02:58:58,347 - __main__ - INFO - --- New Round Detected: 27 ---
[33mserver_1      |[0m INFO:werkzeug:172.18.0.22 - - [28/Jan/2026 02:58:58] "GET /download_model?round=27 HTTP/1.1" 200 -
[33mclient_001_1  |[0m 2026-01-28 02:58:58,939 - __main__ - INFO - Round 27 finished. Loss: 0.0000, Acc: 0.00%
[33mserver_1      |[0m INFO:__main__:Received update from client_001
[33mserver_1      |[0m INFO:werkzeug:172.18.0.6 - - [28/Jan/2026 02:58:59] "POST /submit_update HTTP/1.1" 200 -
[33mclient_001_1  |[0m 2026-01-28 02:58:59,074 - __main__ - INFO - 🚀 Model update submitted successfully.
[33mclient_001_1  |[0m 2026-01-28 02:58:59,074 - __main__ - INFO - Update submitted for Round 27. Waiting...
[35;1mclient_008_1  |[0m 2026-01-28 02:58:59,330 - __main__ - INFO - --- New Round Detected: 27 ---
[33mserver_1      |[0m INFO:werkzeug:172.18.0.18 - - [28/Jan/2026 02:58:59] "GET /download_model?round=27 HTTP/1.1" 200 -
[32;1mclient_007_1  |[0m 2026-01-28 02:58:59,443 - __main__ - INFO - --- New Round Detected: 27 ---
[33mserver_1      |[0m INFO:werkzeug:172.18.0.7 - - [28/Jan/2026 02:58:59] "GET /download_model?round=27 HTTP/1.1" 200 -
[35mclient_003_1  |[0m 2026-01-28 02:58:59,800 - __main__ - INFO - Round 25 finished. Loss: 0.0000, Acc: 0.00%
[33mserver_1      |[0m INFO:__main__:Received update from client_003
[33mserver_1      |[0m INFO:werkzeug:172.18.0.14 - - [28/Jan/2026 02:58:59] "POST /submit_update HTTP/1.1" 200 -
[32;1mclient_007_1  |[0m 2026-01-28 02:58:59,925 - __main__ - INFO - Round 27 finished. Loss: 0.0000, Acc: 0.00%
[35mclient_003_1  |[0m 2026-01-28 02:58:59,935 - __main__ - INFO - 🚀 Model update submitted successfully.
[35mclient_003_1  |[0m 2026-01-28 02:58:59,935 - __main__ - INFO - Update submitted for Round 25. Waiting...
[33mserver_1      |[0m INFO:__main__:Received update from client_007
[33mserver_1      |[0m INFO:werkzeug:172.18.0.7 - - [28/Jan/2026 02:59:00] "POST /submit_update HTTP/1.1" 200 -
[32;1mclient_007_1  |[0m 2026-01-28 02:59:00,060 - __main__ - INFO - 🚀 Model update submitted successfully.
[32;1mclient_007_1  |[0m 2026-01-28 02:59:00,060 - __main__ - INFO - Update submitted for Round 27. Waiting...
[34mclient_004_1  |[0m 2026-01-28 02:59:00,240 - __main__ - INFO - Round 26 finished. Loss: 0.0000, Acc: 0.00%
[33mserver_1      |[0m INFO:__main__:Received update from client_004
[33mserver_1      |[0m INFO:__main__:--- Aggregating 5 updates ---
[33mserver_1      |[0m INFO:__main__:⚡ Using Custom Aggregator with Drift Metric...
[33mserver_1      |[0m INFO:server.aggregator:Starting FedAvg aggregation for 5 clients.
[36;1mclient_005_1  |[0m 2026-01-28 02:59:01,019 - __main__ - INFO - Round 27 finished. Loss: 0.0000, Acc: 0.00%
[33mserver_1      |[0m INFO:werkzeug:172.18.0.17 - - [28/Jan/2026 02:59:01] "[31m[1mPOST /submit_update HTTP/1.1[0m" 400 -
[36;1mclient_005_1  |[0m 2026-01-28 02:59:01,103 - __main__ - ERROR - Update submission failed: {"error":"Not accepting updates"}
[36;1mclient_005_1  |[0m 
[36;1mclient_005_1  |[0m 2026-01-28 02:59:01,104 - __main__ - INFO - Update submitted for Round 27. Waiting...
[33mserver_1      |[0m INFO:server.aggregator:--- [METRIC] Weight Divergence: 1.5363
[33mserver_1      |[0m INFO:server.aggregator:FedAvg aggregation complete.
[33mserver_1      |[0m INFO:__main__:Aggregation complete.
[33mserver_1      |[0m ⏱️ [TIME] Client client_010 finished training in 1.08s
[33mserver_1      |[0m ⏱️ [TIME] Client client_001 finished training in 0.70s
[33mserver_1      |[0m ⏱️ [TIME] Client client_003 finished training in 18.05s
[33mserver_1      |[0m ⏱️ [TIME] Client client_007 finished training in 0.35s
[33mserver_1      |[0m ⏱️ [TIME] Client client_004 finished training in 8.65s
[33mserver_1      |[0m DEBUG: ⚠️ MY CUSTOM AGGREGATOR IS RUNNING ⚠️
[33;1mclient_006_1  |[0m 2026-01-28 02:59:02,157 - __main__ - INFO - --- New Round Detected: 27 ---
[35;1mclient_008_1  |[0m 2026-01-28 02:59:02,169 - __main__ - INFO - Round 27 finished. Loss: 0.0000, Acc: 0.00%
[33mserver_1      |[0m INFO:werkzeug:172.18.0.21 - - [28/Jan/2026 02:59:02] "GET /download_model?round=27 HTTP/1.1" 200 -
[33mserver_1      |[0m INFO:werkzeug:172.18.0.18 - - [28/Jan/2026 02:59:02] "[31m[1mPOST /submit_update HTTP/1.1[0m" 400 -
[35;1mclient_008_1  |[0m 2026-01-28 02:59:02,235 - __main__ - ERROR - Update submission failed: {"error":"Not accepting updates"}
[35;1mclient_008_1  |[0m 
[35;1mclient_008_1  |[0m 2026-01-28 02:59:02,236 - __main__ - INFO - Update submitted for Round 27. Waiting...
[33;1mclient_006_1  |[0m 2026-01-28 02:59:02,316 - __main__ - INFO - Round 27 finished. Loss: 0.0000, Acc: 0.00%
[33mserver_1      |[0m INFO:werkzeug:172.18.0.21 - - [28/Jan/2026 02:59:02] "[31m[1mPOST /submit_update HTTP/1.1[0m" 400 -
[33;1mclient_006_1  |[0m 2026-01-28 02:59:02,382 - __main__ - ERROR - Update submission failed: {"error":"Not accepting updates"}
[33;1mclient_006_1  |[0m 
[33;1mclient_006_1  |[0m 2026-01-28 02:59:02,382 - __main__ - INFO - Update submitted for Round 27. Waiting...
[33mserver_1      |[0m INFO:__main__:--- Round 27 Acc: 45.08%, Loss: 1.5698 ---
[33mserver_1      |[0m INFO:__main__:--- Starting Round 28. Timeout: 300s ---
[33mserver_1      |[0m INFO:werkzeug:172.18.0.10 - - [28/Jan/2026 02:59:02] "POST /submit_update HTTP/1.1" 200 -
[34mclient_004_1  |[0m 2026-01-28 02:59:02,440 - __main__ - INFO - 🚀 Model update submitted successfully.
[34mclient_004_1  |[0m 2026-01-28 02:59:02,441 - __main__ - INFO - Update submitted for Round 26. Waiting...
[34;1mclient_009_1  |[0m 2026-01-28 02:59:03,180 - __main__ - INFO - Round 27 finished. Loss: 0.0000, Acc: 0.00%
[33mserver_1      |[0m INFO:__main__:Received update from client_009
[33mserver_1      |[0m INFO:werkzeug:172.18.0.22 - - [28/Jan/2026 02:59:03] "POST /submit_update HTTP/1.1" 200 -
[34;1mclient_009_1  |[0m 2026-01-28 02:59:03,315 - __main__ - INFO - 🚀 Model update submitted successfully.
[34;1mclient_009_1  |[0m 2026-01-28 02:59:03,315 - __main__ - INFO - Update submitted for Round 27. Waiting...
[32mclient_002_1  |[0m 2026-01-28 02:59:05,257 - __main__ - INFO - --- New Round Detected: 28 ---
[33mserver_1      |[0m INFO:werkzeug:172.18.0.20 - - [28/Jan/2026 02:59:05] "GET /download_model?round=28 HTTP/1.1" 200 -
[32mclient_002_1  |[0m 2026-01-28 02:59:06,631 - __main__ - INFO - Round 28 finished. Loss: 0.0000, Acc: 0.00%
[33mserver_1      |[0m INFO:__main__:Received update from client_002
[33mserver_1      |[0m INFO:werkzeug:172.18.0.20 - - [28/Jan/2026 02:59:06] "POST /submit_update HTTP/1.1" 200 -
[32mclient_002_1  |[0m 2026-01-28 02:59:06,786 - __main__ - INFO - 🚀 Model update submitted successfully.
[32mclient_002_1  |[0m 2026-01-28 02:59:06,786 - __main__ - INFO - Update submitted for Round 28. Waiting...
[36mclient_010_1  |[0m 2026-01-28 02:59:06,862 - __main__ - INFO - --- New Round Detected: 28 ---
[33mserver_1      |[0m INFO:werkzeug:172.18.0.19 - - [28/Jan/2026 02:59:06] "GET /download_model?round=28 HTTP/1.1" 200 -
[36mclient_010_1  |[0m 2026-01-28 02:59:08,145 - __main__ - INFO - Round 28 finished. Loss: 0.0000, Acc: 0.00%
[33mserver_1      |[0m INFO:__main__:Received update from client_010
[33mserver_1      |[0m INFO:werkzeug:172.18.0.19 - - [28/Jan/2026 02:59:08] "POST /submit_update HTTP/1.1" 200 -
[36mclient_010_1  |[0m 2026-01-28 02:59:08,282 - __main__ - INFO - 🚀 Model update submitted successfully.
[36mclient_010_1  |[0m 2026-01-28 02:59:08,283 - __main__ - INFO - Update submitted for Round 28. Waiting...
[33mclient_001_1  |[0m 2026-01-28 02:59:09,135 - __main__ - INFO - --- New Round Detected: 28 ---
[33mserver_1      |[0m INFO:werkzeug:172.18.0.6 - - [28/Jan/2026 02:59:09] "GET /download_model?round=28 HTTP/1.1" 200 -
[33mclient_001_1  |[0m 2026-01-28 02:59:09,936 - __main__ - INFO - Round 28 finished. Loss: 0.0000, Acc: 0.00%
[35mclient_003_1  |[0m 2026-01-28 02:59:09,996 - __main__ - INFO - --- New Round Detected: 28 ---
[33mserver_1      |[0m INFO:werkzeug:172.18.0.14 - - [28/Jan/2026 02:59:10] "GET /download_model?round=28 HTTP/1.1" 200 -
[33mserver_1      |[0m INFO:__main__:Received update from client_001
[33mserver_1      |[0m INFO:werkzeug:172.18.0.6 - - [28/Jan/2026 02:59:10] "POST /submit_update HTTP/1.1" 200 -
[33mclient_001_1  |[0m 2026-01-28 02:59:10,070 - __main__ - INFO - 🚀 Model update submitted successfully.
[33mclient_001_1  |[0m 2026-01-28 02:59:10,070 - __main__ - INFO - Update submitted for Round 28. Waiting...
[32;1mclient_007_1  |[0m 2026-01-28 02:59:10,121 - __main__ - INFO - --- New Round Detected: 28 ---
[33mserver_1      |[0m INFO:werkzeug:172.18.0.7 - - [28/Jan/2026 02:59:10] "GET /download_model?round=28 HTTP/1.1" 200 -
[32;1mclient_007_1  |[0m 2026-01-28 02:59:10,593 - __main__ - INFO - Round 28 finished. Loss: 0.0000, Acc: 0.00%
[33mserver_1      |[0m INFO:__main__:Received update from client_007
[33mserver_1      |[0m INFO:__main__:--- Aggregating 5 updates ---
[33mserver_1      |[0m INFO:__main__:⚡ Using Custom Aggregator with Drift Metric...
[33mserver_1      |[0m INFO:server.aggregator:Starting FedAvg aggregation for 5 clients.
[36;1mclient_005_1  |[0m 2026-01-28 02:59:11,174 - __main__ - INFO - --- New Round Detected: 28 ---
[33mserver_1      |[0m INFO:werkzeug:172.18.0.17 - - [28/Jan/2026 02:59:11] "GET /download_model?round=28 HTTP/1.1" 200 -
[33mserver_1      |[0m INFO:server.aggregator:--- [METRIC] Weight Divergence: 1.1377
[33mserver_1      |[0m INFO:server.aggregator:FedAvg aggregation complete.
[33mserver_1      |[0m INFO:__main__:Aggregation complete.
[35;1mclient_008_1  |[0m 2026-01-28 02:59:12,298 - __main__ - INFO - --- New Round Detected: 28 ---
[33mserver_1      |[0m INFO:werkzeug:172.18.0.18 - - [28/Jan/2026 02:59:12] "GET /download_model?round=28 HTTP/1.1" 200 -
[33mserver_1      |[0m ⏱️ [TIME] Client client_009 finished training in 4.70s
[33mserver_1      |[0m ⏱️ [TIME] Client client_002 finished training in 1.25s
[33mserver_1      |[0m ⏱️ [TIME] Client client_010 finished training in 1.09s
[33mserver_1      |[0m ⏱️ [TIME] Client client_001 finished training in 0.67s
[33mserver_1      |[0m ⏱️ [TIME] Client client_007 finished training in 0.34s
[33mserver_1      |[0m DEBUG: ⚠️ MY CUSTOM AGGREGATOR IS RUNNING ⚠️
[33;1mclient_006_1  |[0m 2026-01-28 02:59:12,554 - __main__ - INFO - --- New Round Detected: 28 ---
[34mclient_004_1  |[0m 2026-01-28 02:59:12,560 - __main__ - INFO - --- New Round Detected: 28 ---
[33mserver_1      |[0m INFO:werkzeug:172.18.0.21 - - [28/Jan/2026 02:59:12] "GET /download_model?round=28 HTTP/1.1" 200 -
[33mserver_1      |[0m INFO:werkzeug:172.18.0.10 - - [28/Jan/2026 02:59:12] "GET /download_model?round=28 HTTP/1.1" 200 -
[33;1mclient_006_1  |[0m 2026-01-28 02:59:12,710 - __main__ - INFO - Round 28 finished. Loss: 0.0000, Acc: 0.00%
[33mserver_1      |[0m INFO:werkzeug:172.18.0.21 - - [28/Jan/2026 02:59:12] "[31m[1mPOST /submit_update HTTP/1.1[0m" 400 -
[33;1mclient_006_1  |[0m 2026-01-28 02:59:12,779 - __main__ - ERROR - Update submission failed: {"error":"Not accepting updates"}
[33;1mclient_006_1  |[0m 
[33;1mclient_006_1  |[0m 2026-01-28 02:59:12,780 - __main__ - INFO - Update submitted for Round 28. Waiting...
[33mserver_1      |[0m INFO:__main__:--- Round 28 Acc: 23.44%, Loss: 2.0840 ---
[33mserver_1      |[0m INFO:__main__:--- Starting Round 29. Timeout: 300s ---
[33mserver_1      |[0m INFO:werkzeug:172.18.0.7 - - [28/Jan/2026 02:59:13] "POST /submit_update HTTP/1.1" 200 -
[32;1mclient_007_1  |[0m 2026-01-28 02:59:13,387 - __main__ - INFO - 🚀 Model update submitted successfully.
[32;1mclient_007_1  |[0m 2026-01-28 02:59:13,387 - __main__ - INFO - Update submitted for Round 28. Waiting...
[34;1mclient_009_1  |[0m 2026-01-28 02:59:13,388 - __main__ - INFO - --- New Round Detected: 29 ---
[33mserver_1      |[0m INFO:werkzeug:172.18.0.22 - - [28/Jan/2026 02:59:13] "GET /download_model?round=29 HTTP/1.1" 200 -
[35;1mclient_008_1  |[0m 2026-01-28 02:59:15,124 - __main__ - INFO - Round 28 finished. Loss: 0.0000, Acc: 0.00%
[33mserver_1      |[0m INFO:__main__:Received update from client_008
[33mserver_1      |[0m INFO:werkzeug:172.18.0.18 - - [28/Jan/2026 02:59:15] "POST /submit_update HTTP/1.1" 200 -
[35;1mclient_008_1  |[0m 2026-01-28 02:59:15,259 - __main__ - INFO - 🚀 Model update submitted successfully.
[35;1mclient_008_1  |[0m 2026-01-28 02:59:15,259 - __main__ - INFO - Update submitted for Round 28. Waiting...
[36;1mclient_005_1  |[0m 2026-01-28 02:59:15,292 - __main__ - INFO - Round 28 finished. Loss: 0.0000, Acc: 0.00%
[33mserver_1      |[0m INFO:__main__:Received update from client_005
[33mserver_1      |[0m INFO:werkzeug:172.18.0.17 - - [28/Jan/2026 02:59:15] "POST /submit_update HTTP/1.1" 200 -
[36;1mclient_005_1  |[0m 2026-01-28 02:59:15,430 - __main__ - INFO - 🚀 Model update submitted successfully.
[36;1mclient_005_1  |[0m 2026-01-28 02:59:15,431 - __main__ - INFO - Update submitted for Round 28. Waiting...
[34;1mclient_009_1  |[0m 2026-01-28 02:59:16,052 - __main__ - INFO - Round 29 finished. Loss: 0.0000, Acc: 0.00%
[33mserver_1      |[0m INFO:__main__:Received update from client_009
[33mserver_1      |[0m INFO:werkzeug:172.18.0.22 - - [28/Jan/2026 02:59:16] "POST /submit_update HTTP/1.1" 200 -
[34;1mclient_009_1  |[0m 2026-01-28 02:59:16,186 - __main__ - INFO - 🚀 Model update submitted successfully.
[34;1mclient_009_1  |[0m 2026-01-28 02:59:16,186 - __main__ - INFO - Update submitted for Round 29. Waiting...
[32mclient_002_1  |[0m 2026-01-28 02:59:16,854 - __main__ - INFO - --- New Round Detected: 29 ---
[33mserver_1      |[0m INFO:werkzeug:172.18.0.20 - - [28/Jan/2026 02:59:16] "GET /download_model?round=29 HTTP/1.1" 200 -
[34mclient_004_1  |[0m 2026-01-28 02:59:17,422 - __main__ - INFO - Round 28 finished. Loss: 0.0000, Acc: 0.00%
[33mserver_1      |[0m INFO:__main__:Received update from client_004
[33mserver_1      |[0m INFO:werkzeug:172.18.0.10 - - [28/Jan/2026 02:59:17] "POST /submit_update HTTP/1.1" 200 -
[34mclient_004_1  |[0m 2026-01-28 02:59:17,560 - __main__ - INFO - 🚀 Model update submitted successfully.
[34mclient_004_1  |[0m 2026-01-28 02:59:17,560 - __main__ - INFO - Update submitted for Round 28. Waiting...
[36mclient_010_1  |[0m 2026-01-28 02:59:18,349 - __main__ - INFO - --- New Round Detected: 29 ---
[33mserver_1      |[0m INFO:werkzeug:172.18.0.19 - - [28/Jan/2026 02:59:18] "GET /download_model?round=29 HTTP/1.1" 200 -
[32mclient_002_1  |[0m 2026-01-28 02:59:19,266 - __main__ - INFO - Round 29 finished. Loss: 0.0000, Acc: 0.00%
[33mserver_1      |[0m INFO:__main__:Received update from client_002
[33mserver_1      |[0m INFO:__main__:--- Aggregating 5 updates ---
[33mserver_1      |[0m INFO:__main__:⚡ Using Custom Aggregator with Drift Metric...
[33mserver_1      |[0m INFO:server.aggregator:Starting FedAvg aggregation for 5 clients.
[36mclient_010_1  |[0m 2026-01-28 02:59:19,575 - __main__ - INFO - Round 29 finished. Loss: 0.0000, Acc: 0.00%
[33mserver_1      |[0m INFO:werkzeug:172.18.0.19 - - [28/Jan/2026 02:59:19] "[31m[1mPOST /submit_update HTTP/1.1[0m" 400 -
[36mclient_010_1  |[0m 2026-01-28 02:59:19,649 - __main__ - ERROR - Update submission failed: {"error":"Not accepting updates"}
[36mclient_010_1  |[0m 
[36mclient_010_1  |[0m 2026-01-28 02:59:19,649 - __main__ - INFO - Update submitted for Round 29. Waiting...
[33mclient_001_1  |[0m 2026-01-28 02:59:20,140 - __main__ - INFO - --- New Round Detected: 29 ---
[33mserver_1      |[0m INFO:werkzeug:172.18.0.6 - - [28/Jan/2026 02:59:20] "GET /download_model?round=29 HTTP/1.1" 200 -
[33mclient_001_1  |[0m 2026-01-28 02:59:20,624 - __main__ - INFO - Round 29 finished. Loss: 0.0000, Acc: 0.00%
[33mserver_1      |[0m INFO:werkzeug:172.18.0.6 - - [28/Jan/2026 02:59:20] "[31m[1mPOST /submit_update HTTP/1.1[0m" 400 -
[33mclient_001_1  |[0m 2026-01-28 02:59:20,689 - __main__ - ERROR - Update submission failed: {"error":"Not accepting updates"}
[33mclient_001_1  |[0m 
[33mclient_001_1  |[0m 2026-01-28 02:59:20,689 - __main__ - INFO - Update submitted for Round 29. Waiting...
[33mserver_1      |[0m INFO:server.aggregator:--- [METRIC] Weight Divergence: 1.1161
[33mserver_1      |[0m INFO:server.aggregator:FedAvg aggregation complete.
[33mserver_1      |[0m INFO:__main__:Aggregation complete.
[33mserver_1      |[0m ⏱️ [TIME] Client client_008 finished training in 2.70s
[33mserver_1      |[0m ⏱️ [TIME] Client client_005 finished training in 3.99s
[33mserver_1      |[0m ⏱️ [TIME] Client client_009 finished training in 2.52s
[33mserver_1      |[0m ⏱️ [TIME] Client client_004 finished training in 4.71s
[33mserver_1      |[0m ⏱️ [TIME] Client client_002 finished training in 2.28s
[33mserver_1      |[0m DEBUG: ⚠️ MY CUSTOM AGGREGATOR IS RUNNING ⚠️
[33mserver_1      |[0m INFO:__main__:--- Round 29 Acc: 44.31%, Loss: 1.5734 ---
[33mserver_1      |[0m INFO:__main__:--- Starting Round 30. Timeout: 300s ---
[33mserver_1      |[0m INFO:werkzeug:172.18.0.20 - - [28/Jan/2026 02:59:21] "POST /submit_update HTTP/1.1" 200 -
[32mclient_002_1  |[0m 2026-01-28 02:59:21,998 - __main__ - INFO - 🚀 Model update submitted successfully.
[32mclient_002_1  |[0m 2026-01-28 02:59:21,999 - __main__ - INFO - Update submitted for Round 29. Waiting...
[33;1mclient_006_1  |[0m 2026-01-28 02:59:22,851 - __main__ - INFO - --- New Round Detected: 30 ---
[33mserver_1      |[0m INFO:werkzeug:172.18.0.21 - - [28/Jan/2026 02:59:22] "GET /download_model?round=30 HTTP/1.1" 200 -
[33;1mclient_006_1  |[0m 2026-01-28 02:59:22,998 - __main__ - INFO - Round 30 finished. Loss: 0.0000, Acc: 0.00%
[33mserver_1      |[0m INFO:__main__:Received update from client_006
[33mserver_1      |[0m INFO:werkzeug:172.18.0.21 - - [28/Jan/2026 02:59:23] "POST /submit_update HTTP/1.1" 200 -
[33;1mclient_006_1  |[0m 2026-01-28 02:59:23,133 - __main__ - INFO - 🚀 Model update submitted successfully.
[33;1mclient_006_1  |[0m 2026-01-28 02:59:23,133 - __main__ - INFO - Update submitted for Round 30. Waiting...
[32;1mclient_007_1  |[0m 2026-01-28 02:59:23,458 - __main__ - INFO - --- New Round Detected: 30 ---
[33mserver_1      |[0m INFO:werkzeug:172.18.0.7 - - [28/Jan/2026 02:59:23] "GET /download_model?round=30 HTTP/1.1" 200 -
[32;1mclient_007_1  |[0m 2026-01-28 02:59:24,420 - __main__ - INFO - Round 30 finished. Loss: 0.0000, Acc: 0.00%
[33mserver_1      |[0m INFO:__main__:Received update from client_007
[33mserver_1      |[0m INFO:werkzeug:172.18.0.7 - - [28/Jan/2026 02:59:24] "POST /submit_update HTTP/1.1" 200 -
[32;1mclient_007_1  |[0m 2026-01-28 02:59:24,555 - __main__ - INFO - 🚀 Model update submitted successfully.
[32;1mclient_007_1  |[0m 2026-01-28 02:59:24,555 - __main__ - INFO - Update submitted for Round 30. Waiting...
[35;1mclient_008_1  |[0m 2026-01-28 02:59:25,351 - __main__ - INFO - --- New Round Detected: 30 ---
[33mserver_1      |[0m INFO:werkzeug:172.18.0.18 - - [28/Jan/2026 02:59:25] "GET /download_model?round=30 HTTP/1.1" 200 -
[36;1mclient_005_1  |[0m 2026-01-28 02:59:25,492 - __main__ - INFO - --- New Round Detected: 30 ---
[33mserver_1      |[0m INFO:werkzeug:172.18.0.17 - - [28/Jan/2026 02:59:25] "GET /download_model?round=30 HTTP/1.1" 200 -
[34;1mclient_009_1  |[0m 2026-01-28 02:59:26,253 - __main__ - INFO - --- New Round Detected: 30 ---
[33mserver_1      |[0m INFO:werkzeug:172.18.0.22 - - [28/Jan/2026 02:59:26] "GET /download_model?round=30 HTTP/1.1" 200 -
[34mclient_004_1  |[0m 2026-01-28 02:59:27,624 - __main__ - INFO - --- New Round Detected: 30 ---
[33mserver_1      |[0m INFO:werkzeug:172.18.0.10 - - [28/Jan/2026 02:59:27] "GET /download_model?round=30 HTTP/1.1" 200 -
[35;1mclient_008_1  |[0m 2026-01-28 02:59:28,084 - __main__ - INFO - Round 30 finished. Loss: 0.0000, Acc: 0.00%
[33mserver_1      |[0m INFO:__main__:Received update from client_008
[33mserver_1      |[0m INFO:werkzeug:172.18.0.18 - - [28/Jan/2026 02:59:28] "POST /submit_update HTTP/1.1" 200 -
[35;1mclient_008_1  |[0m 2026-01-28 02:59:28,219 - __main__ - INFO - 🚀 Model update submitted successfully.
[35;1mclient_008_1  |[0m 2026-01-28 02:59:28,219 - __main__ - INFO - Update submitted for Round 30. Waiting...
[35mclient_003_1  |[0m 2026-01-28 02:59:28,339 - __main__ - INFO - Round 28 finished. Loss: 0.0000, Acc: 0.00%
[33mserver_1      |[0m INFO:__main__:Received update from client_003
[33mserver_1      |[0m INFO:werkzeug:172.18.0.14 - - [28/Jan/2026 02:59:28] "POST /submit_update HTTP/1.1" 200 -
[35mclient_003_1  |[0m 2026-01-28 02:59:28,494 - __main__ - INFO - 🚀 Model update submitted successfully.
[35mclient_003_1  |[0m 2026-01-28 02:59:28,494 - __main__ - INFO - Update submitted for Round 28. Waiting...
[36;1mclient_005_1  |[0m 2026-01-28 02:59:29,710 - __main__ - INFO - Round 30 finished. Loss: 0.0000, Acc: 0.00%
[36mclient_010_1  |[0m 2026-01-28 02:59:29,712 - __main__ - INFO - --- New Round Detected: 30 ---
[33mserver_1      |[0m INFO:werkzeug:172.18.0.19 - - [28/Jan/2026 02:59:29] "GET /download_model?round=30 HTTP/1.1" 200 -
[33mserver_1      |[0m INFO:__main__:Received update from client_005
[33mserver_1      |[0m INFO:__main__:--- Aggregating 5 updates ---
[33mserver_1      |[0m INFO:__main__:⚡ Using Custom Aggregator with Drift Metric...
[33mserver_1      |[0m INFO:server.aggregator:Starting FedAvg aggregation for 5 clients.
[33mclient_001_1  |[0m 2026-01-28 02:59:30,752 - __main__ - INFO - --- New Round Detected: 30 ---
[33mserver_1      |[0m INFO:werkzeug:172.18.0.6 - - [28/Jan/2026 02:59:30] "GET /download_model?round=30 HTTP/1.1" 200 -
[36mclient_010_1  |[0m 2026-01-28 02:59:30,913 - __main__ - INFO - Round 30 finished. Loss: 0.0000, Acc: 0.00%
[33mserver_1      |[0m INFO:server.aggregator:--- [METRIC] Weight Divergence: 1.2128
[33mserver_1      |[0m INFO:server.aggregator:FedAvg aggregation complete.
[33mserver_1      |[0m INFO:__main__:Aggregation complete.
[33mserver_1      |[0m ⏱️ [TIME] Client client_006 finished training in 0.02s
[33mserver_1      |[0m ⏱️ [TIME] Client client_007 finished training in 0.83s
[33mserver_1      |[0m ⏱️ [TIME] Client client_008 finished training in 2.61s
[33mserver_1      |[0m ⏱️ [TIME] Client client_003 finished training in 18.21s
[33mserver_1      |[0m ⏱️ [TIME] Client client_005 finished training in 4.09s
[33mserver_1      |[0m DEBUG: ⚠️ MY CUSTOM AGGREGATOR IS RUNNING ⚠️
[33mserver_1      |[0m INFO:werkzeug:172.18.0.19 - - [28/Jan/2026 02:59:30] "[31m[1mPOST /submit_update HTTP/1.1[0m" 400 -
[36mclient_010_1  |[0m 2026-01-28 02:59:31,025 - __main__ - ERROR - Update submission failed: {"error":"Not accepting updates"}
[36mclient_010_1  |[0m 
[36mclient_010_1  |[0m 2026-01-28 02:59:31,025 - __main__ - INFO - Update submitted for Round 30. Waiting...
[34;1mclient_009_1  |[0m 2026-01-28 02:59:31,062 - __main__ - INFO - Round 30 finished. Loss: 0.0000, Acc: 0.00%
[33mserver_1      |[0m INFO:werkzeug:172.18.0.22 - - [28/Jan/2026 02:59:31] "[31m[1mPOST /submit_update HTTP/1.1[0m" 400 -
[34;1mclient_009_1  |[0m 2026-01-28 02:59:31,128 - __main__ - ERROR - Update submission failed: {"error":"Not accepting updates"}
[34;1mclient_009_1  |[0m 
[34;1mclient_009_1  |[0m 2026-01-28 02:59:31,129 - __main__ - INFO - Update submitted for Round 30. Waiting...
[33mclient_001_1  |[0m 2026-01-28 02:59:31,248 - __main__ - INFO - Round 30 finished. Loss: 0.0000, Acc: 0.00%
[33mserver_1      |[0m INFO:werkzeug:172.18.0.6 - - [28/Jan/2026 02:59:31] "[31m[1mPOST /submit_update HTTP/1.1[0m" 400 -
[33mclient_001_1  |[0m 2026-01-28 02:59:31,311 - __main__ - ERROR - Update submission failed: {"error":"Not accepting updates"}
[33mclient_001_1  |[0m 
[33mclient_001_1  |[0m 2026-01-28 02:59:31,311 - __main__ - INFO - Update submitted for Round 30. Waiting...
[32mclient_002_1  |[0m 2026-01-28 02:59:32,074 - __main__ - INFO - --- New Round Detected: 30 ---
[33mserver_1      |[0m INFO:werkzeug:172.18.0.20 - - [28/Jan/2026 02:59:32] "GET /download_model?round=30 HTTP/1.1" 200 -
[33mserver_1      |[0m INFO:__main__:--- Round 30 Acc: 42.79%, Loss: 1.6898 ---
[33mserver_1      |[0m INFO:__main__:--- Starting Round 31. Timeout: 300s ---
[33mserver_1      |[0m INFO:werkzeug:172.18.0.17 - - [28/Jan/2026 02:59:32] "POST /submit_update HTTP/1.1" 200 -
[36;1mclient_005_1  |[0m 2026-01-28 02:59:32,220 - __main__ - INFO - 🚀 Model update submitted successfully.
[36;1mclient_005_1  |[0m 2026-01-28 02:59:32,220 - __main__ - INFO - Update submitted for Round 30. Waiting...
[33;1mclient_006_1  |[0m 2026-01-28 02:59:33,201 - __main__ - INFO - --- New Round Detected: 31 ---
[33mserver_1      |[0m INFO:werkzeug:172.18.0.21 - - [28/Jan/2026 02:59:33] "GET /download_model?round=31 HTTP/1.1" 200 -
[33;1mclient_006_1  |[0m 2026-01-28 02:59:33,348 - __main__ - INFO - Round 31 finished. Loss: 0.0000, Acc: 0.00%
[33mserver_1      |[0m INFO:__main__:Received update from client_006
[33mserver_1      |[0m INFO:werkzeug:172.18.0.21 - - [28/Jan/2026 02:59:33] "POST /submit_update HTTP/1.1" 200 -
[33;1mclient_006_1  |[0m 2026-01-28 02:59:33,507 - __main__ - INFO - 🚀 Model update submitted successfully.
[33;1mclient_006_1  |[0m 2026-01-28 02:59:33,508 - __main__ - INFO - Update submitted for Round 31. Waiting...
[32mclient_002_1  |[0m 2026-01-28 02:59:34,380 - __main__ - INFO - Round 30 finished. Loss: 0.0000, Acc: 0.00%
[33mserver_1      |[0m INFO:__main__:Received update from client_002
[33mserver_1      |[0m INFO:werkzeug:172.18.0.20 - - [28/Jan/2026 02:59:34] "POST /submit_update HTTP/1.1" 200 -
[32mclient_002_1  |[0m 2026-01-28 02:59:34,517 - __main__ - INFO - 🚀 Model update submitted successfully.
[32mclient_002_1  |[0m 2026-01-28 02:59:34,517 - __main__ - INFO - Update submitted for Round 30. Waiting...
[32;1mclient_007_1  |[0m 2026-01-28 02:59:34,617 - __main__ - INFO - --- New Round Detected: 31 ---
[33mserver_1      |[0m INFO:werkzeug:172.18.0.7 - - [28/Jan/2026 02:59:34] "GET /download_model?round=31 HTTP/1.1" 200 -
[34mclient_004_1  |[0m 2026-01-28 02:59:34,902 - __main__ - INFO - Round 30 finished. Loss: 0.0000, Acc: 0.00%
[33mserver_1      |[0m INFO:__main__:Received update from client_004
[33mserver_1      |[0m INFO:werkzeug:172.18.0.10 - - [28/Jan/2026 02:59:35] "POST /submit_update HTTP/1.1" 200 -
[34mclient_004_1  |[0m 2026-01-28 02:59:35,037 - __main__ - INFO - 🚀 Model update submitted successfully.
[34mclient_004_1  |[0m 2026-01-28 02:59:35,038 - __main__ - INFO - Update submitted for Round 30. Waiting...
[32;1mclient_007_1  |[0m 2026-01-28 02:59:35,544 - __main__ - INFO - Round 31 finished. Loss: 0.0000, Acc: 0.00%
[33mserver_1      |[0m INFO:__main__:Received update from client_007
[33mserver_1      |[0m INFO:werkzeug:172.18.0.7 - - [28/Jan/2026 02:59:35] "POST /submit_update HTTP/1.1" 200 -
[32;1mclient_007_1  |[0m 2026-01-28 02:59:35,681 - __main__ - INFO - 🚀 Model update submitted successfully.
[32;1mclient_007_1  |[0m 2026-01-28 02:59:35,681 - __main__ - INFO - Update submitted for Round 31. Waiting...
[35;1mclient_008_1  |[0m 2026-01-28 02:59:38,281 - __main__ - INFO - --- New Round Detected: 31 ---
[33mserver_1      |[0m INFO:werkzeug:172.18.0.18 - - [28/Jan/2026 02:59:38] "GET /download_model?round=31 HTTP/1.1" 200 -
[35mclient_003_1  |[0m 2026-01-28 02:59:38,555 - __main__ - INFO - --- New Round Detected: 31 ---
[33mserver_1      |[0m INFO:werkzeug:172.18.0.14 - - [28/Jan/2026 02:59:38] "GET /download_model?round=31 HTTP/1.1" 200 -
[33mclient_011_1  |[0m 2026-01-28 02:59:40,912 - __main__ - INFO - Round 16 finished. Loss: 0.0000, Acc: 0.00%
[35;1mclient_008_1  |[0m 2026-01-28 02:59:40,943 - __main__ - INFO - Round 31 finished. Loss: 0.0000, Acc: 0.00%
[33mserver_1      |[0m INFO:__main__:Received update from client_008
[33mserver_1      |[0m INFO:__main__:--- Aggregating 5 updates ---
[33mserver_1      |[0m INFO:__main__:⚡ Using Custom Aggregator with Drift Metric...
[33mserver_1      |[0m INFO:server.aggregator:Starting FedAvg aggregation for 5 clients.
[36mclient_010_1  |[0m 2026-01-28 02:59:41,087 - __main__ - INFO - --- New Round Detected: 31 ---
[33mserver_1      |[0m INFO:werkzeug:172.18.0.19 - - [28/Jan/2026 02:59:41] "GET /download_model?round=31 HTTP/1.1" 200 -
[33mserver_1      |[0m INFO:werkzeug:172.18.0.11 - - [28/Jan/2026 02:59:41] "[31m[1mPOST /submit_update HTTP/1.1[0m" 400 -
[34;1mclient_009_1  |[0m 2026-01-28 02:59:41,220 - __main__ - INFO - --- New Round Detected: 31 ---
[33mserver_1      |[0m INFO:werkzeug:172.18.0.22 - - [28/Jan/2026 02:59:41] "GET /download_model?round=31 HTTP/1.1" 200 -
[33mclient_001_1  |[0m 2026-01-28 02:59:41,375 - __main__ - INFO - --- New Round Detected: 31 ---
[33mserver_1      |[0m INFO:werkzeug:172.18.0.6 - - [28/Jan/2026 02:59:41] "GET /download_model?round=31 HTTP/1.1" 200 -
[33mclient_011_1  |[0m 2026-01-28 02:59:41,587 - __main__ - ERROR - Update submission failed: {"error":"Not accepting updates"}
[33mclient_011_1  |[0m 
[33mclient_011_1  |[0m 2026-01-28 02:59:41,588 - __main__ - INFO - Update submitted for Round 16. Waiting...
[33mclient_001_1  |[0m 2026-01-28 02:59:42,195 - __main__ - INFO - Round 31 finished. Loss: 0.0000, Acc: 0.00%
[33mserver_1      |[0m INFO:werkzeug:172.18.0.6 - - [28/Jan/2026 02:59:42] "[31m[1mPOST /submit_update HTTP/1.1[0m" 400 -
[33mclient_001_1  |[0m 2026-01-28 02:59:42,261 - __main__ - ERROR - Update submission failed: {"error":"Not accepting updates"}
[33mclient_001_1  |[0m 
[33mclient_001_1  |[0m 2026-01-28 02:59:42,261 - __main__ - INFO - Update submitted for Round 31. Waiting...
[36;1mclient_005_1  |[0m 2026-01-28 02:59:42,283 - __main__ - INFO - --- New Round Detected: 31 ---
[36mclient_010_1  |[0m 2026-01-28 02:59:42,293 - __main__ - INFO - Round 31 finished. Loss: 0.0000, Acc: 0.00%
[33mserver_1      |[0m INFO:werkzeug:172.18.0.17 - - [28/Jan/2026 02:59:42] "GET /download_model?round=31 HTTP/1.1" 200 -
[33mserver_1      |[0m INFO:werkzeug:172.18.0.19 - - [28/Jan/2026 02:59:42] "[31m[1mPOST /submit_update HTTP/1.1[0m" 400 -
[36mclient_010_1  |[0m 2026-01-28 02:59:42,359 - __main__ - ERROR - Update submission failed: {"error":"Not accepting updates"}
[36mclient_010_1  |[0m 
[36mclient_010_1  |[0m 2026-01-28 02:59:42,360 - __main__ - INFO - Update submitted for Round 31. Waiting...
[33mserver_1      |[0m INFO:server.aggregator:--- [METRIC] Weight Divergence: 1.1746
[33mserver_1      |[0m INFO:server.aggregator:FedAvg aggregation complete.
[33mserver_1      |[0m INFO:__main__:Aggregation complete.
[33mserver_1      |[0m ⏱️ [TIME] Client client_006 finished training in 0.02s
[33mserver_1      |[0m ⏱️ [TIME] Client client_002 finished training in 2.18s
[33mserver_1      |[0m ⏱️ [TIME] Client client_004 finished training in 7.15s
[33mserver_1      |[0m ⏱️ [TIME] Client client_007 finished training in 0.80s
[33mserver_1      |[0m ⏱️ [TIME] Client client_008 finished training in 2.53s
[33mserver_1      |[0m DEBUG: ⚠️ MY CUSTOM AGGREGATOR IS RUNNING ⚠️
[33mserver_1      |[0m INFO:__main__:--- Round 31 Acc: 44.72%, Loss: 1.5799 ---
[33mserver_1      |[0m INFO:__main__:--- Starting Round 32. Timeout: 300s ---
[33mserver_1      |[0m INFO:werkzeug:172.18.0.18 - - [28/Jan/2026 02:59:43] "POST /submit_update HTTP/1.1" 200 -
[35;1mclient_008_1  |[0m 2026-01-28 02:59:43,636 - __main__ - INFO - 🚀 Model update submitted successfully.
[35;1mclient_008_1  |[0m 2026-01-28 02:59:43,637 - __main__ - INFO - Update submitted for Round 31. Waiting...
[32mclient_002_1  |[0m 2026-01-28 02:59:44,580 - __main__ - INFO - --- New Round Detected: 32 ---
[33mserver_1      |[0m INFO:werkzeug:172.18.0.20 - - [28/Jan/2026 02:59:44] "GET /download_model?round=32 HTTP/1.1" 200 -
[34mclient_004_1  |[0m 2026-01-28 02:59:45,128 - __main__ - INFO - --- New Round Detected: 32 ---
[33mserver_1      |[0m INFO:werkzeug:172.18.0.10 - - [28/Jan/2026 02:59:45] "GET /download_model?round=32 HTTP/1.1" 200 -
[32;1mclient_007_1  |[0m 2026-01-28 02:59:45,742 - __main__ - INFO - --- New Round Detected: 32 ---
[33mserver_1      |[0m INFO:werkzeug:172.18.0.7 - - [28/Jan/2026 02:59:45] "GET /download_model?round=32 HTTP/1.1" 200 -
[34;1mclient_009_1  |[0m 2026-01-28 02:59:46,079 - __main__ - INFO - Round 31 finished. Loss: 0.0000, Acc: 0.00%
[33mserver_1      |[0m INFO:__main__:Received update from client_009
[33mserver_1      |[0m INFO:werkzeug:172.18.0.22 - - [28/Jan/2026 02:59:46] "POST /submit_update HTTP/1.1" 200 -
[34;1mclient_009_1  |[0m 2026-01-28 02:59:46,214 - __main__ - INFO - 🚀 Model update submitted successfully.
[34;1mclient_009_1  |[0m 2026-01-28 02:59:46,214 - __main__ - INFO - Update submitted for Round 31. Waiting...
[36;1mclient_005_1  |[0m 2026-01-28 02:59:46,338 - __main__ - INFO - Round 31 finished. Loss: 0.0000, Acc: 0.00%
[33mserver_1      |[0m INFO:__main__:Received update from client_005
[33mserver_1      |[0m INFO:werkzeug:172.18.0.17 - - [28/Jan/2026 02:59:46] "POST /submit_update HTTP/1.1" 200 -
[36;1mclient_005_1  |[0m 2026-01-28 02:59:46,473 - __main__ - INFO - 🚀 Model update submitted successfully.
[36;1mclient_005_1  |[0m 2026-01-28 02:59:46,473 - __main__ - INFO - Update submitted for Round 31. Waiting...
[32;1mclient_007_1  |[0m 2026-01-28 02:59:46,612 - __main__ - INFO - Round 32 finished. Loss: 0.0000, Acc: 0.00%
[33mserver_1      |[0m INFO:__main__:Received update from client_007
[33mserver_1      |[0m INFO:werkzeug:172.18.0.7 - - [28/Jan/2026 02:59:46] "POST /submit_update HTTP/1.1" 200 -
[32;1mclient_007_1  |[0m 2026-01-28 02:59:46,748 - __main__ - INFO - 🚀 Model update submitted successfully.
[32;1mclient_007_1  |[0m 2026-01-28 02:59:46,748 - __main__ - INFO - Update submitted for Round 32. Waiting...
[32mclient_002_1  |[0m 2026-01-28 02:59:47,030 - __main__ - INFO - Round 32 finished. Loss: 0.0000, Acc: 0.00%
[33mserver_1      |[0m INFO:__main__:Received update from client_002
[33mserver_1      |[0m INFO:werkzeug:172.18.0.20 - - [28/Jan/2026 02:59:47] "POST /submit_update HTTP/1.1" 200 -
[32mclient_002_1  |[0m 2026-01-28 02:59:47,166 - __main__ - INFO - 🚀 Model update submitted successfully.
[32mclient_002_1  |[0m 2026-01-28 02:59:47,166 - __main__ - INFO - Update submitted for Round 32. Waiting...
[33mclient_011_1  |[0m 2026-01-28 02:59:52,033 - __main__ - INFO - --- New Round Detected: 32 ---
[33mserver_1      |[0m INFO:werkzeug:172.18.0.11 - - [28/Jan/2026 02:59:52] "GET /download_model?round=32 HTTP/1.1" 200 -
[33mclient_001_1  |[0m 2026-01-28 02:59:52,325 - __main__ - INFO - --- New Round Detected: 32 ---
[33mserver_1      |[0m INFO:werkzeug:172.18.0.6 - - [28/Jan/2026 02:59:52] "GET /download_model?round=32 HTTP/1.1" 200 -
[36mclient_010_1  |[0m 2026-01-28 02:59:52,485 - __main__ - INFO - --- New Round Detected: 32 ---
[33mserver_1      |[0m INFO:werkzeug:172.18.0.19 - - [28/Jan/2026 02:59:52] "GET /download_model?round=32 HTTP/1.1" 200 -
[33mclient_001_1  |[0m 2026-01-28 02:59:53,163 - __main__ - INFO - Round 32 finished. Loss: 0.0000, Acc: 0.00%
[33mserver_1      |[0m INFO:__main__:Received update from client_001
[33mserver_1      |[0m INFO:__main__:--- Aggregating 5 updates ---
[33mserver_1      |[0m INFO:__main__:⚡ Using Custom Aggregator with Drift Metric...
[33mserver_1      |[0m INFO:server.aggregator:Starting FedAvg aggregation for 5 clients.
[33;1mclient_006_1  |[0m 2026-01-28 02:59:53,632 - __main__ - INFO - --- New Round Detected: 32 ---
[33mserver_1      |[0m INFO:werkzeug:172.18.0.21 - - [28/Jan/2026 02:59:53] "GET /download_model?round=32 HTTP/1.1" 200 -
[36mclient_010_1  |[0m 2026-01-28 02:59:53,661 - __main__ - INFO - Round 32 finished. Loss: 0.0000, Acc: 0.00%
[33mserver_1      |[0m INFO:werkzeug:172.18.0.19 - - [28/Jan/2026 02:59:53] "[31m[1mPOST /submit_update HTTP/1.1[0m" 400 -
[35;1mclient_008_1  |[0m 2026-01-28 02:59:53,698 - __main__ - INFO - --- New Round Detected: 32 ---
[33mserver_1      |[0m INFO:werkzeug:172.18.0.18 - - [28/Jan/2026 02:59:53] "GET /download_model?round=32 HTTP/1.1" 200 -
[36mclient_010_1  |[0m 2026-01-28 02:59:53,724 - __main__ - ERROR - Update submission failed: {"error":"Not accepting updates"}
[36mclient_010_1  |[0m 
[36mclient_010_1  |[0m 2026-01-28 02:59:53,724 - __main__ - INFO - Update submitted for Round 32. Waiting...
[33;1mclient_006_1  |[0m 2026-01-28 02:59:53,784 - __main__ - INFO - Round 32 finished. Loss: 0.0000, Acc: 0.00%
[33mserver_1      |[0m INFO:werkzeug:172.18.0.21 - - [28/Jan/2026 02:59:53] "[31m[1mPOST /submit_update HTTP/1.1[0m" 400 -
[33;1mclient_006_1  |[0m 2026-01-28 02:59:53,848 - __main__ - ERROR - Update submission failed: {"error":"Not accepting updates"}
[33;1mclient_006_1  |[0m 
[33;1mclient_006_1  |[0m 2026-01-28 02:59:53,848 - __main__ - INFO - Update submitted for Round 32. Waiting...
[34mclient_004_1  |[0m 2026-01-28 02:59:54,012 - __main__ - INFO - Round 32 finished. Loss: 0.0000, Acc: 0.00%
[33mserver_1      |[0m INFO:werkzeug:172.18.0.10 - - [28/Jan/2026 02:59:54] "[31m[1mPOST /submit_update HTTP/1.1[0m" 400 -
[34mclient_004_1  |[0m 2026-01-28 02:59:54,097 - __main__ - ERROR - Update submission failed: {"error":"Not accepting updates"}
[34mclient_004_1  |[0m 
[34mclient_004_1  |[0m 2026-01-28 02:59:54,097 - __main__ - INFO - Update submitted for Round 32. Waiting...
[33mserver_1      |[0m INFO:server.aggregator:--- [METRIC] Weight Divergence: 1.0610
[33mserver_1      |[0m INFO:server.aggregator:FedAvg aggregation complete.
[33mserver_1      |[0m INFO:__main__:Aggregation complete.
[33mserver_1      |[0m ⏱️ [TIME] Client client_009 finished training in 4.73s
[33mserver_1      |[0m ⏱️ [TIME] Client client_005 finished training in 3.93s
[33mserver_1      |[0m ⏱️ [TIME] Client client_007 finished training in 0.74s
[33mserver_1      |[0m ⏱️ [TIME] Client client_002 finished training in 2.32s
[33mserver_1      |[0m ⏱️ [TIME] Client client_001 finished training in 0.71s
[33mserver_1      |[0m DEBUG: ⚠️ MY CUSTOM AGGREGATOR IS RUNNING ⚠️
[33mserver_1      |[0m INFO:__main__:--- Round 32 Acc: 45.13%, Loss: 1.5534 ---
[33mserver_1      |[0m INFO:__main__:--- Starting Round 33. Timeout: 300s ---
[33mserver_1      |[0m INFO:werkzeug:172.18.0.6 - - [28/Jan/2026 02:59:55] "POST /submit_update HTTP/1.1" 200 -
[33mclient_001_1  |[0m 2026-01-28 02:59:55,783 - __main__ - INFO - 🚀 Model update submitted successfully.
[33mclient_001_1  |[0m 2026-01-28 02:59:55,783 - __main__ - INFO - Update submitted for Round 32. Waiting...
[34;1mclient_009_1  |[0m 2026-01-28 02:59:56,275 - __main__ - INFO - --- New Round Detected: 33 ---
[33mserver_1      |[0m INFO:werkzeug:172.18.0.22 - - [28/Jan/2026 02:59:56] "GET /download_model?round=33 HTTP/1.1" 200 -
[35;1mclient_008_1  |[0m 2026-01-28 02:59:56,472 - __main__ - INFO - Round 32 finished. Loss: 0.0000, Acc: 0.00%
[36;1mclient_005_1  |[0m 2026-01-28 02:59:56,534 - __main__ - INFO - --- New Round Detected: 33 ---
[33mserver_1      |[0m INFO:werkzeug:172.18.0.17 - - [28/Jan/2026 02:59:56] "GET /download_model?round=33 HTTP/1.1" 200 -
[33mserver_1      |[0m INFO:__main__:Received update from client_008
[33mserver_1      |[0m INFO:werkzeug:172.18.0.18 - - [28/Jan/2026 02:59:56] "POST /submit_update HTTP/1.1" 200 -
[35;1mclient_008_1  |[0m 2026-01-28 02:59:56,608 - __main__ - INFO - 🚀 Model update submitted successfully.
[35;1mclient_008_1  |[0m 2026-01-28 02:59:56,608 - __main__ - INFO - Update submitted for Round 32. Waiting...
[35mclient_003_1  |[0m 2026-01-28 02:59:56,807 - __main__ - INFO - Round 31 finished. Loss: 0.0000, Acc: 0.00%
[32;1mclient_007_1  |[0m 2026-01-28 02:59:56,809 - __main__ - INFO - --- New Round Detected: 33 ---
[33mserver_1      |[0m INFO:werkzeug:172.18.0.7 - - [28/Jan/2026 02:59:56] "GET /download_model?round=33 HTTP/1.1" 200 -
[33mserver_1      |[0m INFO:__main__:Received update from client_003
[33mserver_1      |[0m INFO:werkzeug:172.18.0.14 - - [28/Jan/2026 02:59:56] "POST /submit_update HTTP/1.1" 200 -
[35mclient_003_1  |[0m 2026-01-28 02:59:56,941 - __main__ - INFO - 🚀 Model update submitted successfully.
[35mclient_003_1  |[0m 2026-01-28 02:59:56,941 - __main__ - INFO - Update submitted for Round 31. Waiting...
[32mclient_002_1  |[0m 2026-01-28 02:59:57,227 - __main__ - INFO - --- New Round Detected: 33 ---
[33mserver_1      |[0m INFO:werkzeug:172.18.0.20 - - [28/Jan/2026 02:59:57] "GET /download_model?round=33 HTTP/1.1" 200 -
[32;1mclient_007_1  |[0m 2026-01-28 02:59:57,665 - __main__ - INFO - Round 33 finished. Loss: 0.0000, Acc: 0.00%
[33mserver_1      |[0m INFO:__main__:Received update from client_007
[33mserver_1      |[0m INFO:werkzeug:172.18.0.7 - - [28/Jan/2026 02:59:57] "POST /submit_update HTTP/1.1" 200 -
[32;1mclient_007_1  |[0m 2026-01-28 02:59:57,799 - __main__ - INFO - 🚀 Model update submitted successfully.
[32;1mclient_007_1  |[0m 2026-01-28 02:59:57,799 - __main__ - INFO - Update submitted for Round 33. Waiting...
[32mclient_002_1  |[0m 2026-01-28 02:59:59,603 - __main__ - INFO - Round 33 finished. Loss: 0.0000, Acc: 0.00%
[33mserver_1      |[0m INFO:__main__:Received update from client_002
[33mserver_1      |[0m INFO:werkzeug:172.18.0.20 - - [28/Jan/2026 02:59:59] "POST /submit_update HTTP/1.1" 200 -
[32mclient_002_1  |[0m 2026-01-28 02:59:59,740 - __main__ - INFO - 🚀 Model update submitted successfully.
[32mclient_002_1  |[0m 2026-01-28 02:59:59,740 - __main__ - INFO - Update submitted for Round 33. Waiting...
[36;1mclient_005_1  |[0m 2026-01-28 03:00:00,814 - __main__ - INFO - Round 33 finished. Loss: 0.0000, Acc: 0.00%
[33mserver_1      |[0m INFO:__main__:Received update from client_005
[33mserver_1      |[0m INFO:__main__:--- Aggregating 5 updates ---
[33mserver_1      |[0m INFO:__main__:⚡ Using Custom Aggregator with Drift Metric...
[33mserver_1      |[0m INFO:server.aggregator:Starting FedAvg aggregation for 5 clients.
[34;1mclient_009_1  |[0m 2026-01-28 03:00:01,211 - __main__ - INFO - Round 33 finished. Loss: 0.0000, Acc: 0.00%
[33mserver_1      |[0m INFO:werkzeug:172.18.0.22 - - [28/Jan/2026 03:00:01] "[31m[1mPOST /submit_update HTTP/1.1[0m" 400 -
[34;1mclient_009_1  |[0m 2026-01-28 03:00:01,355 - __main__ - ERROR - Update submission failed: {"error":"Not accepting updates"}
[34;1mclient_009_1  |[0m 
[34;1mclient_009_1  |[0m 2026-01-28 03:00:01,355 - __main__ - INFO - Update submitted for Round 33. Waiting...
[33mserver_1      |[0m INFO:server.aggregator:--- [METRIC] Weight Divergence: 1.2345
[33mserver_1      |[0m INFO:server.aggregator:FedAvg aggregation complete.
[33mserver_1      |[0m INFO:__main__:Aggregation complete.
[33mserver_1      |[0m ⏱️ [TIME] Client client_008 finished training in 2.65s
[33mserver_1      |[0m ⏱️ [TIME] Client client_003 finished training in 18.12s
[33mserver_1      |[0m ⏱️ [TIME] Client client_007 finished training in 0.71s
[33mserver_1      |[0m ⏱️ [TIME] Client client_002 finished training in 2.25s
[33mserver_1      |[0m ⏱️ [TIME] Client client_005 finished training in 4.15s
[33mserver_1      |[0m DEBUG: ⚠️ MY CUSTOM AGGREGATOR IS RUNNING ⚠️
[36mclient_010_1  |[0m 2026-01-28 03:00:03,786 - __main__ - INFO - --- New Round Detected: 33 ---
[33mserver_1      |[0m INFO:werkzeug:172.18.0.19 - - [28/Jan/2026 03:00:03] "GET /download_model?round=33 HTTP/1.1" 200 -
[33;1mclient_006_1  |[0m 2026-01-28 03:00:03,925 - __main__ - INFO - --- New Round Detected: 33 ---
[33mserver_1      |[0m INFO:werkzeug:172.18.0.21 - - [28/Jan/2026 03:00:03] "GET /download_model?round=33 HTTP/1.1" 200 -
[33mserver_1      |[0m INFO:__main__:--- Round 33 Acc: 44.50%, Loss: 1.6256 ---
[33mserver_1      |[0m INFO:__main__:--- Starting Round 34. Timeout: 300s ---
[33mserver_1      |[0m INFO:werkzeug:172.18.0.17 - - [28/Jan/2026 03:00:04] "POST /submit_update HTTP/1.1" 200 -
[36;1mclient_005_1  |[0m 2026-01-28 03:00:04,096 - __main__ - INFO - 🚀 Model update submitted successfully.
[36;1mclient_005_1  |[0m 2026-01-28 03:00:04,097 - __main__ - INFO - Update submitted for Round 33. Waiting...
[33;1mclient_006_1  |[0m 2026-01-28 03:00:04,118 - __main__ - INFO - Round 33 finished. Loss: 0.0000, Acc: 0.00%
[34mclient_004_1  |[0m 2026-01-28 03:00:04,162 - __main__ - INFO - --- New Round Detected: 34 ---
[33mserver_1      |[0m INFO:werkzeug:172.18.0.10 - - [28/Jan/2026 03:00:04] "GET /download_model?round=34 HTTP/1.1" 200 -
[33mserver_1      |[0m INFO:__main__:Received update from client_006
[33mserver_1      |[0m INFO:werkzeug:172.18.0.21 - - [28/Jan/2026 03:00:04] "POST /submit_update HTTP/1.1" 200 -
[33;1mclient_006_1  |[0m 2026-01-28 03:00:04,327 - __main__ - INFO - 🚀 Model update submitted successfully.
[33;1mclient_006_1  |[0m 2026-01-28 03:00:04,327 - __main__ - INFO - Update submitted for Round 33. Waiting...
[36mclient_010_1  |[0m 2026-01-28 03:00:04,452 - __main__ - INFO - Round 33 finished. Loss: 0.0000, Acc: 0.00%
[33mserver_1      |[0m INFO:__main__:Received update from client_010
[33mserver_1      |[0m INFO:werkzeug:172.18.0.19 - - [28/Jan/2026 03:00:04] "POST /submit_update HTTP/1.1" 200 -
[36mclient_010_1  |[0m 2026-01-28 03:00:04,585 - __main__ - INFO - 🚀 Model update submitted successfully.
[36mclient_010_1  |[0m 2026-01-28 03:00:04,585 - __main__ - INFO - Update submitted for Round 33. Waiting...
[33mclient_001_1  |[0m 2026-01-28 03:00:05,845 - __main__ - INFO - --- New Round Detected: 34 ---
[33mserver_1      |[0m INFO:werkzeug:172.18.0.6 - - [28/Jan/2026 03:00:05] "GET /download_model?round=34 HTTP/1.1" 200 -
[35;1mclient_008_1  |[0m 2026-01-28 03:00:06,670 - __main__ - INFO - --- New Round Detected: 34 ---
[33mclient_001_1  |[0m 2026-01-28 03:00:06,686 - __main__ - INFO - Round 34 finished. Loss: 0.0000, Acc: 0.00%
[33mserver_1      |[0m INFO:werkzeug:172.18.0.18 - - [28/Jan/2026 03:00:06] "GET /download_model?round=34 HTTP/1.1" 200 -
[33mserver_1      |[0m INFO:__main__:Received update from client_001
[33mserver_1      |[0m INFO:werkzeug:172.18.0.6 - - [28/Jan/2026 03:00:06] "POST /submit_update HTTP/1.1" 200 -
[33mclient_001_1  |[0m 2026-01-28 03:00:06,820 - __main__ - INFO - 🚀 Model update submitted successfully.
[33mclient_001_1  |[0m 2026-01-28 03:00:06,821 - __main__ - INFO - Update submitted for Round 34. Waiting...
[35mclient_003_1  |[0m 2026-01-28 03:00:07,020 - __main__ - INFO - --- New Round Detected: 34 ---
[33mserver_1      |[0m INFO:werkzeug:172.18.0.14 - - [28/Jan/2026 03:00:07] "GET /download_model?round=34 HTTP/1.1" 200 -
[32;1mclient_007_1  |[0m 2026-01-28 03:00:07,884 - __main__ - INFO - --- New Round Detected: 34 ---
[33mserver_1      |[0m INFO:werkzeug:172.18.0.7 - - [28/Jan/2026 03:00:07] "GET /download_model?round=34 HTTP/1.1" 200 -
[32;1mclient_007_1  |[0m 2026-01-28 03:00:08,738 - __main__ - INFO - Round 34 finished. Loss: 0.0000, Acc: 0.00%
[33mserver_1      |[0m INFO:__main__:Received update from client_007
[33mserver_1      |[0m INFO:werkzeug:172.18.0.7 - - [28/Jan/2026 03:00:08] "POST /submit_update HTTP/1.1" 200 -
[32;1mclient_007_1  |[0m 2026-01-28 03:00:08,873 - __main__ - INFO - 🚀 Model update submitted successfully.
[32;1mclient_007_1  |[0m 2026-01-28 03:00:08,873 - __main__ - INFO - Update submitted for Round 34. Waiting...
[35;1mclient_008_1  |[0m 2026-01-28 03:00:09,490 - __main__ - INFO - Round 34 finished. Loss: 0.0000, Acc: 0.00%
[33mserver_1      |[0m INFO:__main__:Received update from client_008
[33mserver_1      |[0m INFO:__main__:--- Aggregating 5 updates ---
[33mserver_1      |[0m INFO:__main__:⚡ Using Custom Aggregator with Drift Metric...
[33mserver_1      |[0m INFO:server.aggregator:Starting FedAvg aggregation for 5 clients.
[32mclient_002_1  |[0m 2026-01-28 03:00:09,807 - __main__ - INFO - --- New Round Detected: 34 ---
[33mserver_1      |[0m INFO:werkzeug:172.18.0.20 - - [28/Jan/2026 03:00:09] "GET /download_model?round=34 HTTP/1.1" 200 -
[33mserver_1      |[0m INFO:server.aggregator:--- [METRIC] Weight Divergence: 0.7970
[33mserver_1      |[0m INFO:server.aggregator:FedAvg aggregation complete.
[33mserver_1      |[0m INFO:__main__:Aggregation complete.
[33mserver_1      |[0m ⏱️ [TIME] Client client_006 finished training in 0.03s
[33mserver_1      |[0m ⏱️ [TIME] Client client_010 finished training in 0.54s
[33mserver_1      |[0m ⏱️ [TIME] Client client_001 finished training in 0.70s
[33mserver_1      |[0m ⏱️ [TIME] Client client_007 finished training in 0.72s
[33mserver_1      |[0m ⏱️ [TIME] Client client_008 finished training in 2.68s
[33mserver_1      |[0m DEBUG: ⚠️ MY CUSTOM AGGREGATOR IS RUNNING ⚠️
[34;1mclient_009_1  |[0m 2026-01-28 03:00:11,423 - __main__ - INFO - --- New Round Detected: 34 ---
[33mserver_1      |[0m INFO:werkzeug:172.18.0.22 - - [28/Jan/2026 03:00:11] "GET /download_model?round=34 HTTP/1.1" 200 -
[33mserver_1      |[0m INFO:__main__:--- Round 34 Acc: 34.14%, Loss: 1.8022 ---
[33mserver_1      |[0m INFO:__main__:--- Starting Round 35. Timeout: 300s ---
[33mserver_1      |[0m INFO:werkzeug:172.18.0.18 - - [28/Jan/2026 03:00:11] "POST /submit_update HTTP/1.1" 200 -
[35;1mclient_008_1  |[0m 2026-01-28 03:00:12,027 - __main__ - INFO - 🚀 Model update submitted successfully.
[35;1mclient_008_1  |[0m 2026-01-28 03:00:12,027 - __main__ - INFO - Update submitted for Round 34. Waiting...
[32mclient_002_1  |[0m 2026-01-28 03:00:12,244 - __main__ - INFO - Round 34 finished. Loss: 0.0000, Acc: 0.00%
[33mserver_1      |[0m INFO:__main__:Received update from client_002
[33mserver_1      |[0m INFO:werkzeug:172.18.0.20 - - [28/Jan/2026 03:00:12] "POST /submit_update HTTP/1.1" 200 -
[32mclient_002_1  |[0m 2026-01-28 03:00:12,379 - __main__ - INFO - 🚀 Model update submitted successfully.
[32mclient_002_1  |[0m 2026-01-28 03:00:12,379 - __main__ - INFO - Update submitted for Round 34. Waiting...
[34mclient_004_1  |[0m 2026-01-28 03:00:12,934 - __main__ - INFO - Round 34 finished. Loss: 0.0000, Acc: 0.00%
[33mserver_1      |[0m INFO:__main__:Received update from client_004
[33mserver_1      |[0m INFO:werkzeug:172.18.0.10 - - [28/Jan/2026 03:00:13] "POST /submit_update HTTP/1.1" 200 -
[34mclient_004_1  |[0m 2026-01-28 03:00:13,077 - __main__ - INFO - 🚀 Model update submitted successfully.
[34mclient_004_1  |[0m 2026-01-28 03:00:13,077 - __main__ - INFO - Update submitted for Round 34. Waiting...
[36;1mclient_005_1  |[0m 2026-01-28 03:00:14,159 - __main__ - INFO - --- New Round Detected: 35 ---
[33mserver_1      |[0m INFO:werkzeug:172.18.0.17 - - [28/Jan/2026 03:00:14] "GET /download_model?round=35 HTTP/1.1" 200 -
[33;1mclient_006_1  |[0m 2026-01-28 03:00:14,461 - __main__ - INFO - --- New Round Detected: 35 ---
[33mserver_1      |[0m INFO:werkzeug:172.18.0.21 - - [28/Jan/2026 03:00:14] "GET /download_model?round=35 HTTP/1.1" 200 -
[33;1mclient_006_1  |[0m 2026-01-28 03:00:14,615 - __main__ - INFO - Round 35 finished. Loss: 0.0000, Acc: 0.00%
[36mclient_010_1  |[0m 2026-01-28 03:00:14,647 - __main__ - INFO - --- New Round Detected: 35 ---
[33mserver_1      |[0m INFO:werkzeug:172.18.0.19 - - [28/Jan/2026 03:00:14] "GET /download_model?round=35 HTTP/1.1" 200 -
[33mserver_1      |[0m INFO:__main__:Received update from client_006
[33mserver_1      |[0m INFO:werkzeug:172.18.0.21 - - [28/Jan/2026 03:00:14] "POST /submit_update HTTP/1.1" 200 -
[33;1mclient_006_1  |[0m 2026-01-28 03:00:14,754 - __main__ - INFO - 🚀 Model update submitted successfully.
[33;1mclient_006_1  |[0m 2026-01-28 03:00:14,754 - __main__ - INFO - Update submitted for Round 35. Waiting...
[36mclient_010_1  |[0m 2026-01-28 03:00:15,311 - __main__ - INFO - Round 35 finished. Loss: 0.0000, Acc: 0.00%
[33mserver_1      |[0m INFO:__main__:Received update from client_010
[33mserver_1      |[0m INFO:werkzeug:172.18.0.19 - - [28/Jan/2026 03:00:15] "POST /submit_update HTTP/1.1" 200 -
[36mclient_010_1  |[0m 2026-01-28 03:00:15,449 - __main__ - INFO - 🚀 Model update submitted successfully.
[36mclient_010_1  |[0m 2026-01-28 03:00:15,450 - __main__ - INFO - Update submitted for Round 35. Waiting...
[34;1mclient_009_1  |[0m 2026-01-28 03:00:16,317 - __main__ - INFO - Round 34 finished. Loss: 0.0000, Acc: 0.00%
[33mserver_1      |[0m INFO:__main__:Received update from client_009
[33mserver_1      |[0m INFO:__main__:--- Aggregating 5 updates ---
[33mserver_1      |[0m INFO:__main__:⚡ Using Custom Aggregator with Drift Metric...
[33mserver_1      |[0m INFO:server.aggregator:Starting FedAvg aggregation for 5 clients.
[33mclient_001_1  |[0m 2026-01-28 03:00:16,891 - __main__ - INFO - --- New Round Detected: 35 ---
[33mserver_1      |[0m INFO:werkzeug:172.18.0.6 - - [28/Jan/2026 03:00:16] "GET /download_model?round=35 HTTP/1.1" 200 -
[33mserver_1      |[0m INFO:server.aggregator:--- [METRIC] Weight Divergence: 1.0650
[33mserver_1      |[0m INFO:server.aggregator:FedAvg aggregation complete.
[33mserver_1      |[0m INFO:__main__:Aggregation complete.
[33mserver_1      |[0m ⏱️ [TIME] Client client_002 finished training in 2.30s
[33mserver_1      |[0m ⏱️ [TIME] Client client_004 finished training in 8.63s
[33mserver_1      |[0m ⏱️ [TIME] Client client_006 finished training in 0.02s
[33mserver_1      |[0m ⏱️ [TIME] Client client_010 finished training in 0.54s
[33mserver_1      |[0m ⏱️ [TIME] Client client_009 finished training in 4.76s
[33mserver_1      |[0m DEBUG: ⚠️ MY CUSTOM AGGREGATOR IS RUNNING ⚠️
[33mclient_001_1  |[0m 2026-01-28 03:00:17,779 - __main__ - INFO - Round 35 finished. Loss: 0.0000, Acc: 0.00%
[33mserver_1      |[0m INFO:werkzeug:172.18.0.6 - - [28/Jan/2026 03:00:17] "[31m[1mPOST /submit_update HTTP/1.1[0m" 400 -
[33mclient_001_1  |[0m 2026-01-28 03:00:17,850 - __main__ - ERROR - Update submission failed: {"error":"Not accepting updates"}
[33mclient_001_1  |[0m 
[33mclient_001_1  |[0m 2026-01-28 03:00:17,851 - __main__ - INFO - Update submitted for Round 35. Waiting...
[36;1mclient_005_1  |[0m 2026-01-28 03:00:18,445 - __main__ - INFO - Round 35 finished. Loss: 0.0000, Acc: 0.00%
[33mserver_1      |[0m INFO:werkzeug:172.18.0.17 - - [28/Jan/2026 03:00:18] "[31m[1mPOST /submit_update HTTP/1.1[0m" 400 -
[36;1mclient_005_1  |[0m 2026-01-28 03:00:18,509 - __main__ - ERROR - Update submission failed: {"error":"Not accepting updates"}
[36;1mclient_005_1  |[0m 
[36;1mclient_005_1  |[0m 2026-01-28 03:00:18,509 - __main__ - INFO - Update submitted for Round 35. Waiting...
[33mserver_1      |[0m INFO:__main__:--- Round 35 Acc: 46.10%, Loss: 1.5263 ---
[33mserver_1      |[0m INFO:__main__:--- Starting Round 36. Timeout: 300s ---
[33mserver_1      |[0m INFO:werkzeug:172.18.0.22 - - [28/Jan/2026 03:00:18] "POST /submit_update HTTP/1.1" 200 -
[34;1mclient_009_1  |[0m 2026-01-28 03:00:18,695 - __main__ - INFO - 🚀 Model update submitted successfully.
[34;1mclient_009_1  |[0m 2026-01-28 03:00:18,695 - __main__ - INFO - Update submitted for Round 34. Waiting...
[32;1mclient_007_1  |[0m 2026-01-28 03:00:18,938 - __main__ - INFO - --- New Round Detected: 36 ---
[33mserver_1      |[0m INFO:werkzeug:172.18.0.7 - - [28/Jan/2026 03:00:18] "GET /download_model?round=36 HTTP/1.1" 200 -
[32;1mclient_007_1  |[0m 2026-01-28 03:00:19,762 - __main__ - INFO - Round 36 finished. Loss: 0.0000, Acc: 0.00%
[33mserver_1      |[0m INFO:__main__:Received update from client_007
[33mserver_1      |[0m INFO:werkzeug:172.18.0.7 - - [28/Jan/2026 03:00:19] "POST /submit_update HTTP/1.1" 200 -
[32;1mclient_007_1  |[0m 2026-01-28 03:00:19,897 - __main__ - INFO - 🚀 Model update submitted successfully.
[32;1mclient_007_1  |[0m 2026-01-28 03:00:19,897 - __main__ - INFO - Update submitted for Round 36. Waiting...
[35;1mclient_008_1  |[0m 2026-01-28 03:00:22,089 - __main__ - INFO - --- New Round Detected: 36 ---
[33mserver_1      |[0m INFO:werkzeug:172.18.0.18 - - [28/Jan/2026 03:00:22] "GET /download_model?round=36 HTTP/1.1" 200 -
[32mclient_002_1  |[0m 2026-01-28 03:00:22,442 - __main__ - INFO - --- New Round Detected: 36 ---
[33mserver_1      |[0m INFO:werkzeug:172.18.0.20 - - [28/Jan/2026 03:00:22] "GET /download_model?round=36 HTTP/1.1" 200 -
[34mclient_004_1  |[0m 2026-01-28 03:00:23,140 - __main__ - INFO - --- New Round Detected: 36 ---
[33mserver_1      |[0m INFO:werkzeug:172.18.0.10 - - [28/Jan/2026 03:00:23] "GET /download_model?round=36 HTTP/1.1" 200 -
[35;1mclient_008_1  |[0m 2026-01-28 03:00:24,741 - __main__ - INFO - Round 36 finished. Loss: 0.0000, Acc: 0.00%
[32mclient_002_1  |[0m 2026-01-28 03:00:24,759 - __main__ - INFO - Round 36 finished. Loss: 0.0000, Acc: 0.00%
[33;1mclient_006_1  |[0m 2026-01-28 03:00:24,827 - __main__ - INFO - --- New Round Detected: 36 ---
[33mserver_1      |[0m INFO:werkzeug:172.18.0.21 - - [28/Jan/2026 03:00:24] "GET /download_model?round=36 HTTP/1.1" 200 -
[33mserver_1      |[0m INFO:__main__:Received update from client_002
[33mserver_1      |[0m INFO:werkzeug:172.18.0.20 - - [28/Jan/2026 03:00:24] "POST /submit_update HTTP/1.1" 200 -
[33mserver_1      |[0m INFO:__main__:Received update from client_008
[33mserver_1      |[0m INFO:werkzeug:172.18.0.18 - - [28/Jan/2026 03:00:24] "POST /submit_update HTTP/1.1" 200 -
[32mclient_002_1  |[0m 2026-01-28 03:00:24,894 - __main__ - INFO - 🚀 Model update submitted successfully.
[32mclient_002_1  |[0m 2026-01-28 03:00:24,894 - __main__ - INFO - Update submitted for Round 36. Waiting...
[35;1mclient_008_1  |[0m 2026-01-28 03:00:24,896 - __main__ - INFO - 🚀 Model update submitted successfully.
[35;1mclient_008_1  |[0m 2026-01-28 03:00:24,897 - __main__ - INFO - Update submitted for Round 36. Waiting...
[33;1mclient_006_1  |[0m 2026-01-28 03:00:24,996 - __main__ - INFO - Round 36 finished. Loss: 0.0000, Acc: 0.00%
[33mserver_1      |[0m INFO:__main__:Received update from client_006
[33mserver_1      |[0m INFO:werkzeug:172.18.0.21 - - [28/Jan/2026 03:00:25] "POST /submit_update HTTP/1.1" 200 -
[33;1mclient_006_1  |[0m 2026-01-28 03:00:25,130 - __main__ - INFO - 🚀 Model update submitted successfully.
[33;1mclient_006_1  |[0m 2026-01-28 03:00:25,131 - __main__ - INFO - Update submitted for Round 36. Waiting...
[35mclient_003_1  |[0m 2026-01-28 03:00:25,269 - __main__ - INFO - Round 34 finished. Loss: 0.0000, Acc: 0.00%
[33mserver_1      |[0m INFO:__main__:Received update from client_003
[33mserver_1      |[0m INFO:__main__:--- Aggregating 5 updates ---
[33mserver_1      |[0m INFO:__main__:⚡ Using Custom Aggregator with Drift Metric...
[33mserver_1      |[0m INFO:server.aggregator:Starting FedAvg aggregation for 5 clients.
[36mclient_010_1  |[0m 2026-01-28 03:00:25,527 - __main__ - INFO - --- New Round Detected: 36 ---
[33mserver_1      |[0m INFO:werkzeug:172.18.0.19 - - [28/Jan/2026 03:00:25] "GET /download_model?round=36 HTTP/1.1" 200 -
[33mserver_1      |[0m INFO:server.aggregator:--- [METRIC] Weight Divergence: 1.2761
[33mserver_1      |[0m INFO:server.aggregator:FedAvg aggregation complete.
[33mserver_1      |[0m INFO:__main__:Aggregation complete.
[33mserver_1      |[0m ⏱️ [TIME] Client client_007 finished training in 0.69s
[33mserver_1      |[0m ⏱️ [TIME] Client client_002 finished training in 2.19s
[33mserver_1      |[0m ⏱️ [TIME] Client client_008 finished training in 2.52s
[33mserver_1      |[0m ⏱️ [TIME] Client client_006 finished training in 0.03s
[33mserver_1      |[0m ⏱️ [TIME] Client client_003 finished training in 18.12s
[33mserver_1      |[0m DEBUG: ⚠️ MY CUSTOM AGGREGATOR IS RUNNING ⚠️
[36mclient_010_1  |[0m 2026-01-28 03:00:26,783 - __main__ - INFO - Round 36 finished. Loss: 0.0000, Acc: 0.00%
[33mserver_1      |[0m INFO:werkzeug:172.18.0.19 - - [28/Jan/2026 03:00:26] "[31m[1mPOST /submit_update HTTP/1.1[0m" 400 -
[36mclient_010_1  |[0m 2026-01-28 03:00:26,869 - __main__ - ERROR - Update submission failed: {"error":"Not accepting updates"}
[36mclient_010_1  |[0m 
[36mclient_010_1  |[0m 2026-01-28 03:00:26,869 - __main__ - INFO - Update submitted for Round 36. Waiting...
[33mserver_1      |[0m INFO:__main__:--- Round 36 Acc: 39.66%, Loss: 1.7711 ---
[33mserver_1      |[0m INFO:__main__:--- Starting Round 37. Timeout: 300s ---
[33mserver_1      |[0m INFO:werkzeug:172.18.0.14 - - [28/Jan/2026 03:00:27] "POST /submit_update HTTP/1.1" 200 -
[35mclient_003_1  |[0m 2026-01-28 03:00:27,848 - __main__ - INFO - 🚀 Model update submitted successfully.
[35mclient_003_1  |[0m 2026-01-28 03:00:27,848 - __main__ - INFO - Update submitted for Round 34. Waiting...
[33mclient_001_1  |[0m 2026-01-28 03:00:27,931 - __main__ - INFO - --- New Round Detected: 37 ---
[33mserver_1      |[0m INFO:werkzeug:172.18.0.6 - - [28/Jan/2026 03:00:27] "GET /download_model?round=37 HTTP/1.1" 200 -
[36;1mclient_005_1  |[0m 2026-01-28 03:00:28,576 - __main__ - INFO - --- New Round Detected: 37 ---
[33mserver_1      |[0m INFO:werkzeug:172.18.0.17 - - [28/Jan/2026 03:00:28] "GET /download_model?round=37 HTTP/1.1" 200 -
[34;1mclient_009_1  |[0m 2026-01-28 03:00:28,756 - __main__ - INFO - --- New Round Detected: 37 ---
[33mserver_1      |[0m INFO:werkzeug:172.18.0.22 - - [28/Jan/2026 03:00:28] "GET /download_model?round=37 HTTP/1.1" 200 -
[33mclient_001_1  |[0m 2026-01-28 03:00:28,794 - __main__ - INFO - Round 37 finished. Loss: 0.0000, Acc: 0.00%
[33mserver_1      |[0m INFO:__main__:Received update from client_001
[33mserver_1      |[0m INFO:werkzeug:172.18.0.6 - - [28/Jan/2026 03:00:28] "POST /submit_update HTTP/1.1" 200 -
[33mclient_001_1  |[0m 2026-01-28 03:00:28,930 - __main__ - INFO - 🚀 Model update submitted successfully.
[33mclient_001_1  |[0m 2026-01-28 03:00:28,930 - __main__ - INFO - Update submitted for Round 37. Waiting...
[32;1mclient_007_1  |[0m 2026-01-28 03:00:29,961 - __main__ - INFO - --- New Round Detected: 37 ---
[33mserver_1      |[0m INFO:werkzeug:172.18.0.7 - - [28/Jan/2026 03:00:30] "GET /download_model?round=37 HTTP/1.1" 200 -
[32;1mclient_007_1  |[0m 2026-01-28 03:00:30,553 - __main__ - INFO - Round 37 finished. Loss: 0.0000, Acc: 0.00%
[33mserver_1      |[0m INFO:__main__:Received update from client_007
[33mserver_1      |[0m INFO:werkzeug:172.18.0.7 - - [28/Jan/2026 03:00:30] "POST /submit_update HTTP/1.1" 200 -
[32;1mclient_007_1  |[0m 2026-01-28 03:00:30,709 - __main__ - INFO - 🚀 Model update submitted successfully.
[32;1mclient_007_1  |[0m 2026-01-28 03:00:30,709 - __main__ - INFO - Update submitted for Round 37. Waiting...
[34mclient_004_1  |[0m 2026-01-28 03:00:31,937 - __main__ - INFO - Round 36 finished. Loss: 0.0000, Acc: 0.00%
[33mserver_1      |[0m INFO:__main__:Received update from client_004
[33mserver_1      |[0m INFO:werkzeug:172.18.0.10 - - [28/Jan/2026 03:00:32] "POST /submit_update HTTP/1.1" 200 -
[34mclient_004_1  |[0m 2026-01-28 03:00:32,071 - __main__ - INFO - 🚀 Model update submitted successfully.
[34mclient_004_1  |[0m 2026-01-28 03:00:32,071 - __main__ - INFO - Update submitted for Round 36. Waiting...
[36;1mclient_005_1  |[0m 2026-01-28 03:00:32,817 - __main__ - INFO - Round 37 finished. Loss: 0.0000, Acc: 0.00%
[34;1mclient_009_1  |[0m 2026-01-28 03:00:32,911 - __main__ - INFO - Round 37 finished. Loss: 0.0000, Acc: 0.00%
[33mserver_1      |[0m INFO:__main__:Received update from client_005
[33mserver_1      |[0m INFO:werkzeug:172.18.0.17 - - [28/Jan/2026 03:00:32] "POST /submit_update HTTP/1.1" 200 -
[36;1mclient_005_1  |[0m 2026-01-28 03:00:32,952 - __main__ - INFO - 🚀 Model update submitted successfully.
[36;1mclient_005_1  |[0m 2026-01-28 03:00:32,952 - __main__ - INFO - Update submitted for Round 37. Waiting...
[33mserver_1      |[0m INFO:__main__:Received update from client_009
[33mserver_1      |[0m INFO:__main__:--- Aggregating 5 updates ---
[33mserver_1      |[0m INFO:__main__:⚡ Using Custom Aggregator with Drift Metric...
[33mserver_1      |[0m INFO:server.aggregator:Starting FedAvg aggregation for 5 clients.
[33mserver_1      |[0m INFO:server.aggregator:--- [METRIC] Weight Divergence: 1.2648
[33mserver_1      |[0m INFO:server.aggregator:FedAvg aggregation complete.
[33mserver_1      |[0m INFO:__main__:Aggregation complete.
[33mserver_1      |[0m ⏱️ [TIME] Client client_001 finished training in 0.74s
[33mserver_1      |[0m ⏱️ [TIME] Client client_007 finished training in 0.38s
[33mserver_1      |[0m ⏱️ [TIME] Client client_004 finished training in 8.67s
[33mserver_1      |[0m ⏱️ [TIME] Client client_005 finished training in 4.11s
[33mserver_1      |[0m ⏱️ [TIME] Client client_009 finished training in 4.03s
[33mserver_1      |[0m DEBUG: ⚠️ MY CUSTOM AGGREGATOR IS RUNNING ⚠️
[32mclient_002_1  |[0m 2026-01-28 03:00:34,973 - __main__ - INFO - --- New Round Detected: 37 ---
[35;1mclient_008_1  |[0m 2026-01-28 03:00:34,999 - __main__ - INFO - --- New Round Detected: 37 ---
[33mserver_1      |[0m INFO:werkzeug:172.18.0.20 - - [28/Jan/2026 03:00:35] "GET /download_model?round=37 HTTP/1.1" 200 -
[33mserver_1      |[0m INFO:werkzeug:172.18.0.18 - - [28/Jan/2026 03:00:35] "GET /download_model?round=37 HTTP/1.1" 200 -
[33;1mclient_006_1  |[0m 2026-01-28 03:00:35,213 - __main__ - INFO - --- New Round Detected: 37 ---
[33mserver_1      |[0m INFO:werkzeug:172.18.0.21 - - [28/Jan/2026 03:00:35] "GET /download_model?round=37 HTTP/1.1" 200 -
[33;1mclient_006_1  |[0m 2026-01-28 03:00:35,418 - __main__ - INFO - Round 37 finished. Loss: 0.0000, Acc: 0.00%
[33mserver_1      |[0m INFO:werkzeug:172.18.0.21 - - [28/Jan/2026 03:00:35] "[31m[1mPOST /submit_update HTTP/1.1[0m" 400 -
[33;1mclient_006_1  |[0m 2026-01-28 03:00:35,484 - __main__ - ERROR - Update submission failed: {"error":"Not accepting updates"}
[33;1mclient_006_1  |[0m 
[33;1mclient_006_1  |[0m 2026-01-28 03:00:35,484 - __main__ - INFO - Update submitted for Round 37. Waiting...
[33mserver_1      |[0m INFO:__main__:--- Round 37 Acc: 42.59%, Loss: 1.5780 ---
[33mserver_1      |[0m INFO:__main__:--- Starting Round 38. Timeout: 300s ---
[33mserver_1      |[0m INFO:werkzeug:172.18.0.22 - - [28/Jan/2026 03:00:35] "POST /submit_update HTTP/1.1" 200 -
[34;1mclient_009_1  |[0m 2026-01-28 03:00:35,739 - __main__ - INFO - 🚀 Model update submitted successfully.
[34;1mclient_009_1  |[0m 2026-01-28 03:00:35,739 - __main__ - INFO - Update submitted for Round 37. Waiting...
[36mclient_010_1  |[0m 2026-01-28 03:00:36,932 - __main__ - INFO - --- New Round Detected: 38 ---
[33mserver_1      |[0m INFO:werkzeug:172.18.0.19 - - [28/Jan/2026 03:00:36] "GET /download_model?round=38 HTTP/1.1" 200 -
[32mclient_002_1  |[0m 2026-01-28 03:00:37,391 - __main__ - INFO - Round 37 finished. Loss: 0.0000, Acc: 0.00%
[33mserver_1      |[0m INFO:__main__:Received update from client_002
[33mserver_1      |[0m INFO:werkzeug:172.18.0.20 - - [28/Jan/2026 03:00:37] "POST /submit_update HTTP/1.1" 200 -
[32mclient_002_1  |[0m 2026-01-28 03:00:37,530 - __main__ - INFO - 🚀 Model update submitted successfully.
[32mclient_002_1  |[0m 2026-01-28 03:00:37,531 - __main__ - INFO - Update submitted for Round 37. Waiting...
[35;1mclient_008_1  |[0m 2026-01-28 03:00:37,833 - __main__ - INFO - Round 37 finished. Loss: 0.0000, Acc: 0.00%
[35mclient_003_1  |[0m 2026-01-28 03:00:37,911 - __main__ - INFO - --- New Round Detected: 38 ---
[33mserver_1      |[0m INFO:werkzeug:172.18.0.14 - - [28/Jan/2026 03:00:37] "GET /download_model?round=38 HTTP/1.1" 200 -
[33mserver_1      |[0m INFO:__main__:Received update from client_008
[33mserver_1      |[0m INFO:werkzeug:172.18.0.18 - - [28/Jan/2026 03:00:37] "POST /submit_update HTTP/1.1" 200 -
[35;1mclient_008_1  |[0m 2026-01-28 03:00:37,975 - __main__ - INFO - 🚀 Model update submitted successfully.
[35;1mclient_008_1  |[0m 2026-01-28 03:00:37,976 - __main__ - INFO - Update submitted for Round 37. Waiting...
[36mclient_010_1  |[0m 2026-01-28 03:00:38,111 - __main__ - INFO - Round 38 finished. Loss: 0.0000, Acc: 0.00%
[33mserver_1      |[0m INFO:__main__:Received update from client_010
[33mserver_1      |[0m INFO:werkzeug:172.18.0.19 - - [28/Jan/2026 03:00:38] "POST /submit_update HTTP/1.1" 200 -
[36mclient_010_1  |[0m 2026-01-28 03:00:38,247 - __main__ - INFO - 🚀 Model update submitted successfully.
[36mclient_010_1  |[0m 2026-01-28 03:00:38,248 - __main__ - INFO - Update submitted for Round 38. Waiting...
[33mclient_001_1  |[0m 2026-01-28 03:00:38,991 - __main__ - INFO - --- New Round Detected: 38 ---
[33mserver_1      |[0m INFO:werkzeug:172.18.0.6 - - [28/Jan/2026 03:00:39] "GET /download_model?round=38 HTTP/1.1" 200 -
[33mclient_001_1  |[0m 2026-01-28 03:00:39,820 - __main__ - INFO - Round 38 finished. Loss: 0.0000, Acc: 0.00%
[33mserver_1      |[0m INFO:__main__:Received update from client_001
[33mserver_1      |[0m INFO:werkzeug:172.18.0.6 - - [28/Jan/2026 03:00:39] "POST /submit_update HTTP/1.1" 200 -
[33mclient_001_1  |[0m 2026-01-28 03:00:39,955 - __main__ - INFO - 🚀 Model update submitted successfully.
[33mclient_001_1  |[0m 2026-01-28 03:00:39,956 - __main__ - INFO - Update submitted for Round 38. Waiting...
[32;1mclient_007_1  |[0m 2026-01-28 03:00:40,797 - __main__ - INFO - --- New Round Detected: 38 ---
[33mserver_1      |[0m INFO:werkzeug:172.18.0.7 - - [28/Jan/2026 03:00:40] "GET /download_model?round=38 HTTP/1.1" 200 -
[32;1mclient_007_1  |[0m 2026-01-28 03:00:41,274 - __main__ - INFO - Round 38 finished. Loss: 0.0000, Acc: 0.00%
[33mserver_1      |[0m INFO:__main__:Received update from client_007
[33mserver_1      |[0m INFO:__main__:--- Aggregating 5 updates ---
[33mserver_1      |[0m INFO:__main__:⚡ Using Custom Aggregator with Drift Metric...
[33mserver_1      |[0m INFO:server.aggregator:Starting FedAvg aggregation for 5 clients.
[34mclient_004_1  |[0m 2026-01-28 03:00:42,168 - __main__ - INFO - --- New Round Detected: 38 ---
[33mserver_1      |[0m INFO:werkzeug:172.18.0.10 - - [28/Jan/2026 03:00:42] "GET /download_model?round=38 HTTP/1.1" 200 -
[33mserver_1      |[0m INFO:server.aggregator:--- [METRIC] Weight Divergence: 0.8494
[33mserver_1      |[0m INFO:server.aggregator:FedAvg aggregation complete.
[33mserver_1      |[0m INFO:__main__:Aggregation complete.
[33mserver_1      |[0m ⏱️ [TIME] Client client_002 finished training in 2.28s
[33mserver_1      |[0m ⏱️ [TIME] Client client_008 finished training in 2.68s
[33mserver_1      |[0m ⏱️ [TIME] Client client_010 finished training in 1.05s
[33mserver_1      |[0m ⏱️ [TIME] Client client_001 finished training in 0.70s
[33mserver_1      |[0m ⏱️ [TIME] Client client_007 finished training in 0.34s
[33mserver_1      |[0m DEBUG: ⚠️ MY CUSTOM AGGREGATOR IS RUNNING ⚠️
[36;1mclient_005_1  |[0m 2026-01-28 03:00:43,023 - __main__ - INFO - --- New Round Detected: 38 ---
[33mserver_1      |[0m INFO:werkzeug:172.18.0.17 - - [28/Jan/2026 03:00:43] "GET /download_model?round=38 HTTP/1.1" 200 -
[33mserver_1      |[0m INFO:__main__:--- Round 38 Acc: 36.48%, Loss: 1.6882 ---
[33mserver_1      |[0m INFO:__main__:--- Starting Round 39. Timeout: 300s ---
[33mserver_1      |[0m INFO:werkzeug:172.18.0.7 - - [28/Jan/2026 03:00:44] "POST /submit_update HTTP/1.1" 200 -
[32;1mclient_007_1  |[0m 2026-01-28 03:00:44,091 - __main__ - INFO - 🚀 Model update submitted successfully.
[32;1mclient_007_1  |[0m 2026-01-28 03:00:44,092 - __main__ - INFO - Update submitted for Round 38. Waiting...
[36;1mclient_005_1  |[0m 2026-01-28 03:00:45,502 - __main__ - INFO - Round 38 finished. Loss: 0.0000, Acc: 0.00%
[33;1mclient_006_1  |[0m 2026-01-28 03:00:45,545 - __main__ - INFO - --- New Round Detected: 39 ---
[33mserver_1      |[0m INFO:werkzeug:172.18.0.21 - - [28/Jan/2026 03:00:45] "GET /download_model?round=39 HTTP/1.1" 200 -
[33mserver_1      |[0m INFO:__main__:Received update from client_005
[33mserver_1      |[0m INFO:werkzeug:172.18.0.17 - - [28/Jan/2026 03:00:45] "POST /submit_update HTTP/1.1" 200 -
[36;1mclient_005_1  |[0m 2026-01-28 03:00:45,655 - __main__ - INFO - 🚀 Model update submitted successfully.
[36;1mclient_005_1  |[0m 2026-01-28 03:00:45,656 - __main__ - INFO - Update submitted for Round 38. Waiting...
[33;1mclient_006_1  |[0m 2026-01-28 03:00:45,705 - __main__ - INFO - Round 39 finished. Loss: 0.0000, Acc: 0.00%
[34;1mclient_009_1  |[0m 2026-01-28 03:00:45,801 - __main__ - INFO - --- New Round Detected: 39 ---
[33mserver_1      |[0m INFO:__main__:Received update from client_006
[33mserver_1      |[0m INFO:werkzeug:172.18.0.21 - - [28/Jan/2026 03:00:45] "POST /submit_update HTTP/1.1" 200 -
[33mserver_1      |[0m INFO:werkzeug:172.18.0.22 - - [28/Jan/2026 03:00:45] "GET /download_model?round=39 HTTP/1.1" 200 -
[33;1mclient_006_1  |[0m 2026-01-28 03:00:45,839 - __main__ - INFO - 🚀 Model update submitted successfully.
[33;1mclient_006_1  |[0m 2026-01-28 03:00:45,840 - __main__ - INFO - Update submitted for Round 39. Waiting...
[32mclient_002_1  |[0m 2026-01-28 03:00:47,599 - __main__ - INFO - --- New Round Detected: 39 ---
[33mserver_1      |[0m INFO:werkzeug:172.18.0.20 - - [28/Jan/2026 03:00:47] "GET /download_model?round=39 HTTP/1.1" 200 -
[35;1mclient_008_1  |[0m 2026-01-28 03:00:48,039 - __main__ - INFO - --- New Round Detected: 39 ---
[33mserver_1      |[0m INFO:werkzeug:172.18.0.18 - - [28/Jan/2026 03:00:48] "GET /download_model?round=39 HTTP/1.1" 200 -
[36mclient_010_1  |[0m 2026-01-28 03:00:48,309 - __main__ - INFO - --- New Round Detected: 39 ---
[33mserver_1      |[0m INFO:werkzeug:172.18.0.19 - - [28/Jan/2026 03:00:48] "GET /download_model?round=39 HTTP/1.1" 200 -
[36mclient_010_1  |[0m 2026-01-28 03:00:49,537 - __main__ - INFO - Round 39 finished. Loss: 0.0000, Acc: 0.00%
[33mserver_1      |[0m INFO:__main__:Received update from client_010
[33mserver_1      |[0m INFO:werkzeug:172.18.0.19 - - [28/Jan/2026 03:00:49] "POST /submit_update HTTP/1.1" 200 -
[36mclient_010_1  |[0m 2026-01-28 03:00:49,672 - __main__ - INFO - 🚀 Model update submitted successfully.
[36mclient_010_1  |[0m 2026-01-28 03:00:49,672 - __main__ - INFO - Update submitted for Round 39. Waiting...
[32mclient_002_1  |[0m 2026-01-28 03:00:49,984 - __main__ - INFO - Round 39 finished. Loss: 0.0000, Acc: 0.00%
[33mclient_001_1  |[0m 2026-01-28 03:00:50,031 - __main__ - INFO - --- New Round Detected: 39 ---
[33mserver_1      |[0m INFO:werkzeug:172.18.0.6 - - [28/Jan/2026 03:00:50] "GET /download_model?round=39 HTTP/1.1" 200 -
[33mserver_1      |[0m INFO:__main__:Received update from client_002
[33mserver_1      |[0m INFO:werkzeug:172.18.0.20 - - [28/Jan/2026 03:00:50] "POST /submit_update HTTP/1.1" 200 -
[32mclient_002_1  |[0m 2026-01-28 03:00:50,121 - __main__ - INFO - 🚀 Model update submitted successfully.
[32mclient_002_1  |[0m 2026-01-28 03:00:50,121 - __main__ - INFO - Update submitted for Round 39. Waiting...
[34;1mclient_009_1  |[0m 2026-01-28 03:00:50,818 - __main__ - INFO - Round 39 finished. Loss: 0.0000, Acc: 0.00%
[35;1mclient_008_1  |[0m 2026-01-28 03:00:50,857 - __main__ - INFO - Round 39 finished. Loss: 0.0000, Acc: 0.00%
[33mclient_001_1  |[0m 2026-01-28 03:00:50,911 - __main__ - INFO - Round 39 finished. Loss: 0.0000, Acc: 0.00%
[33mserver_1      |[0m INFO:__main__:Received update from client_009
[33mserver_1      |[0m INFO:__main__:--- Aggregating 5 updates ---
[33mserver_1      |[0m INFO:__main__:⚡ Using Custom Aggregator with Drift Metric...
[33mserver_1      |[0m INFO:server.aggregator:Starting FedAvg aggregation for 5 clients.
[33mserver_1      |[0m INFO:werkzeug:172.18.0.6 - - [28/Jan/2026 03:00:50] "[31m[1mPOST /submit_update HTTP/1.1[0m" 400 -
[33mclient_001_1  |[0m 2026-01-28 03:00:50,992 - __main__ - ERROR - Update submission failed: {"error":"Not accepting updates"}
[33mclient_001_1  |[0m 
[33mclient_001_1  |[0m 2026-01-28 03:00:50,992 - __main__ - INFO - Update submitted for Round 39. Waiting...
[34mclient_004_1  |[0m 2026-01-28 03:00:51,293 - __main__ - INFO - Round 38 finished. Loss: 0.0000, Acc: 0.00%
[33mserver_1      |[0m INFO:werkzeug:172.18.0.10 - - [28/Jan/2026 03:00:51] "[31m[1mPOST /submit_update HTTP/1.1[0m" 400 -
[34mclient_004_1  |[0m 2026-01-28 03:00:51,369 - __main__ - ERROR - Update submission failed: {"error":"Not accepting updates"}
[34mclient_004_1  |[0m 
[34mclient_004_1  |[0m 2026-01-28 03:00:51,369 - __main__ - INFO - Update submitted for Round 38. Waiting...
[33mserver_1      |[0m INFO:server.aggregator:--- [METRIC] Weight Divergence: 0.7755
[33mserver_1      |[0m INFO:server.aggregator:FedAvg aggregation complete.
[33mserver_1      |[0m INFO:__main__:Aggregation complete.
[33mserver_1      |[0m ⏱️ [TIME] Client client_005 finished training in 2.28s
[33mserver_1      |[0m ⏱️ [TIME] Client client_006 finished training in 0.03s
[33mserver_1      |[0m ⏱️ [TIME] Client client_010 finished training in 1.10s
[33mserver_1      |[0m ⏱️ [TIME] Client client_002 finished training in 2.26s
[33mserver_1      |[0m ⏱️ [TIME] Client client_009 finished training in 4.89s
[33mserver_1      |[0m DEBUG: ⚠️ MY CUSTOM AGGREGATOR IS RUNNING ⚠️
[33mserver_1      |[0m ⏱️ [TIME] Client client_008 finished training in 2.69s
[32;1mclient_007_1  |[0m 2026-01-28 03:00:54,155 - __main__ - INFO - --- New Round Detected: 39 ---
[33mserver_1      |[0m INFO:werkzeug:172.18.0.7 - - [28/Jan/2026 03:00:54] "GET /download_model?round=39 HTTP/1.1" 200 -
[33mserver_1      |[0m INFO:__main__:--- Round 39 Acc: 44.25%, Loss: 1.6122 ---
[33mserver_1      |[0m INFO:__main__:--- Starting Round 40. Timeout: 300s ---
[33mserver_1      |[0m INFO:__main__:Received update from client_008
[33mserver_1      |[0m INFO:werkzeug:172.18.0.18 - - [28/Jan/2026 03:00:54] "POST /submit_update HTTP/1.1" 200 -
[33mserver_1      |[0m INFO:werkzeug:172.18.0.22 - - [28/Jan/2026 03:00:54] "POST /submit_update HTTP/1.1" 200 -
[35;1mclient_008_1  |[0m 2026-01-28 03:00:54,494 - __main__ - INFO - 🚀 Model update submitted successfully.
[35;1mclient_008_1  |[0m 2026-01-28 03:00:54,494 - __main__ - INFO - Update submitted for Round 39. Waiting...
[34;1mclient_009_1  |[0m 2026-01-28 03:00:54,494 - __main__ - INFO - 🚀 Model update submitted successfully.
[34;1mclient_009_1  |[0m 2026-01-28 03:00:54,494 - __main__ - INFO - Update submitted for Round 39. Waiting...
[32;1mclient_007_1  |[0m 2026-01-28 03:00:54,972 - __main__ - INFO - Round 39 finished. Loss: 0.0000, Acc: 0.00%
[33mserver_1      |[0m INFO:__main__:Received update from client_007
[33mserver_1      |[0m INFO:werkzeug:172.18.0.7 - - [28/Jan/2026 03:00:55] "POST /submit_update HTTP/1.1" 200 -
[32;1mclient_007_1  |[0m 2026-01-28 03:00:55,109 - __main__ - INFO - 🚀 Model update submitted successfully.
[32;1mclient_007_1  |[0m 2026-01-28 03:00:55,109 - __main__ - INFO - Update submitted for Round 39. Waiting...
[36;1mclient_005_1  |[0m 2026-01-28 03:00:55,732 - __main__ - INFO - --- New Round Detected: 40 ---
[33mserver_1      |[0m INFO:werkzeug:172.18.0.17 - - [28/Jan/2026 03:00:55] "GET /download_model?round=40 HTTP/1.1" 200 -
[33;1mclient_006_1  |[0m 2026-01-28 03:00:55,904 - __main__ - INFO - --- New Round Detected: 40 ---
[33mserver_1      |[0m INFO:werkzeug:172.18.0.21 - - [28/Jan/2026 03:00:55] "GET /download_model?round=40 HTTP/1.1" 200 -
[33;1mclient_006_1  |[0m 2026-01-28 03:00:56,061 - __main__ - INFO - Round 40 finished. Loss: 0.0000, Acc: 0.00%
[33mserver_1      |[0m INFO:__main__:Received update from client_006
[33mserver_1      |[0m INFO:werkzeug:172.18.0.21 - - [28/Jan/2026 03:00:56] "POST /submit_update HTTP/1.1" 200 -
[33;1mclient_006_1  |[0m 2026-01-28 03:00:56,220 - __main__ - INFO - 🚀 Model update submitted successfully.
[33;1mclient_006_1  |[0m 2026-01-28 03:00:56,221 - __main__ - INFO - Update submitted for Round 40. Waiting...
[35mclient_003_1  |[0m 2026-01-28 03:00:56,299 - __main__ - INFO - Round 38 finished. Loss: 0.0000, Acc: 0.00%
[33mserver_1      |[0m INFO:__main__:Received update from client_003
[33mserver_1      |[0m INFO:werkzeug:172.18.0.14 - - [28/Jan/2026 03:00:56] "POST /submit_update HTTP/1.1" 200 -
[35mclient_003_1  |[0m 2026-01-28 03:00:56,472 - __main__ - INFO - 🚀 Model update submitted successfully.
[35mclient_003_1  |[0m 2026-01-28 03:00:56,473 - __main__ - INFO - Update submitted for Round 38. Waiting...
[36;1mclient_005_1  |[0m 2026-01-28 03:00:59,364 - __main__ - INFO - Round 40 finished. Loss: 0.0000, Acc: 0.00%
[33mserver_1      |[0m INFO:__main__:Received update from client_005
[33mserver_1      |[0m INFO:__main__:--- Aggregating 5 updates ---
[33mserver_1      |[0m INFO:__main__:⚡ Using Custom Aggregator with Drift Metric...
[33mserver_1      |[0m INFO:server.aggregator:Starting FedAvg aggregation for 5 clients.
[36mclient_010_1  |[0m 2026-01-28 03:00:59,735 - __main__ - INFO - --- New Round Detected: 40 ---
[33mserver_1      |[0m INFO:werkzeug:172.18.0.19 - - [28/Jan/2026 03:00:59] "GET /download_model?round=40 HTTP/1.1" 200 -
[32mclient_002_1  |[0m 2026-01-28 03:01:00,187 - __main__ - INFO - --- New Round Detected: 40 ---
[33mserver_1      |[0m INFO:werkzeug:172.18.0.20 - - [28/Jan/2026 03:01:00] "GET /download_model?round=40 HTTP/1.1" 200 -
[36mclient_010_1  |[0m 2026-01-28 03:01:00,563 - __main__ - INFO - Round 40 finished. Loss: 0.0000, Acc: 0.00%
[33mserver_1      |[0m INFO:server.aggregator:--- [METRIC] Weight Divergence: 1.0358
[33mserver_1      |[0m INFO:server.aggregator:FedAvg aggregation complete.
[33mserver_1      |[0m INFO:__main__:Aggregation complete.
[33mserver_1      |[0m INFO:werkzeug:172.18.0.19 - - [28/Jan/2026 03:01:00] "[31m[1mPOST /submit_update HTTP/1.1[0m" 400 -
[33mserver_1      |[0m ⏱️ [TIME] Client client_007 finished training in 0.69s
[33mserver_1      |[0m ⏱️ [TIME] Client client_006 finished training in 0.02s
[33mserver_1      |[0m ⏱️ [TIME] Client client_003 finished training in 18.26s
[33mserver_1      |[0m ⏱️ [TIME] Client client_005 finished training in 3.47s
[33mserver_1      |[0m DEBUG: ⚠️ MY CUSTOM AGGREGATOR IS RUNNING ⚠️
[36mclient_010_1  |[0m 2026-01-28 03:01:00,630 - __main__ - ERROR - Update submission failed: {"error":"Not accepting updates"}
[36mclient_010_1  |[0m 
[36mclient_010_1  |[0m 2026-01-28 03:01:00,630 - __main__ - INFO - Update submitted for Round 40. Waiting...
[33mclient_001_1  |[0m 2026-01-28 03:01:01,068 - __main__ - INFO - --- New Round Detected: 40 ---
[33mserver_1      |[0m INFO:werkzeug:172.18.0.6 - - [28/Jan/2026 03:01:01] "GET /download_model?round=40 HTTP/1.1" 200 -
[34mclient_004_1  |[0m 2026-01-28 03:01:01,444 - __main__ - INFO - --- New Round Detected: 40 ---
[33mserver_1      |[0m INFO:werkzeug:172.18.0.10 - - [28/Jan/2026 03:01:01] "GET /download_model?round=40 HTTP/1.1" 200 -
[33mserver_1      |[0m INFO:__main__:--- Round 40 Acc: 42.68%, Loss: 1.6343 ---
[33mserver_1      |[0m INFO:__main__:--- Starting Round 41. Timeout: 300s ---
[33mserver_1      |[0m INFO:werkzeug:172.18.0.17 - - [28/Jan/2026 03:01:01] "POST /submit_update HTTP/1.1" 200 -
[36;1mclient_005_1  |[0m 2026-01-28 03:01:01,790 - __main__ - INFO - 🚀 Model update submitted successfully.
[36;1mclient_005_1  |[0m 2026-01-28 03:01:01,791 - __main__ - INFO - Update submitted for Round 40. Waiting...
[32mclient_002_1  |[0m 2026-01-28 03:01:01,870 - __main__ - INFO - Round 40 finished. Loss: 0.0000, Acc: 0.00%
[33mserver_1      |[0m INFO:__main__:Received update from client_002
[33mclient_001_1  |[0m 2026-01-28 03:01:01,976 - __main__ - INFO - Round 40 finished. Loss: 0.0000, Acc: 0.00%
[33mserver_1      |[0m INFO:werkzeug:172.18.0.20 - - [28/Jan/2026 03:01:01] "POST /submit_update HTTP/1.1" 200 -
[32mclient_002_1  |[0m 2026-01-28 03:01:02,009 - __main__ - INFO - 🚀 Model update submitted successfully.
[32mclient_002_1  |[0m 2026-01-28 03:01:02,009 - __main__ - INFO - Update submitted for Round 40. Waiting...
[33mserver_1      |[0m INFO:__main__:Received update from client_001
[33mserver_1      |[0m INFO:werkzeug:172.18.0.6 - - [28/Jan/2026 03:01:02] "POST /submit_update HTTP/1.1" 200 -
[33mclient_001_1  |[0m 2026-01-28 03:01:02,113 - __main__ - INFO - 🚀 Model update submitted successfully.
[33mclient_001_1  |[0m 2026-01-28 03:01:02,113 - __main__ - INFO - Update submitted for Round 40. Waiting...
[34;1mclient_009_1  |[0m 2026-01-28 03:01:04,568 - __main__ - INFO - --- New Round Detected: 41 ---
[35;1mclient_008_1  |[0m 2026-01-28 03:01:04,575 - __main__ - INFO - --- New Round Detected: 41 ---
[33mserver_1      |[0m INFO:werkzeug:172.18.0.22 - - [28/Jan/2026 03:01:04] "GET /download_model?round=41 HTTP/1.1" 200 -
[33mserver_1      |[0m INFO:werkzeug:172.18.0.18 - - [28/Jan/2026 03:01:04] "GET /download_model?round=41 HTTP/1.1" 200 -
[32;1mclient_007_1  |[0m 2026-01-28 03:01:05,171 - __main__ - INFO - --- New Round Detected: 41 ---
[33mserver_1      |[0m INFO:werkzeug:172.18.0.7 - - [28/Jan/2026 03:01:05] "GET /download_model?round=41 HTTP/1.1" 200 -
[32;1mclient_007_1  |[0m 2026-01-28 03:01:05,651 - __main__ - INFO - Round 41 finished. Loss: 0.0000, Acc: 0.00%
[33mserver_1      |[0m INFO:__main__:Received update from client_007
[33mserver_1      |[0m INFO:werkzeug:172.18.0.7 - - [28/Jan/2026 03:01:05] "POST /submit_update HTTP/1.1" 200 -
[32;1mclient_007_1  |[0m 2026-01-28 03:01:05,786 - __main__ - INFO - 🚀 Model update submitted successfully.
[32;1mclient_007_1  |[0m 2026-01-28 03:01:05,787 - __main__ - INFO - Update submitted for Round 41. Waiting...
[33;1mclient_006_1  |[0m 2026-01-28 03:01:06,282 - __main__ - INFO - --- New Round Detected: 41 ---
[33mserver_1      |[0m INFO:werkzeug:172.18.0.21 - - [28/Jan/2026 03:01:06] "GET /download_model?round=41 HTTP/1.1" 200 -
[33;1mclient_006_1  |[0m 2026-01-28 03:01:06,442 - __main__ - INFO - Round 41 finished. Loss: 0.0000, Acc: 0.00%
[35mclient_003_1  |[0m 2026-01-28 03:01:06,536 - __main__ - INFO - --- New Round Detected: 41 ---
[33mserver_1      |[0m INFO:__main__:Received update from client_006
[33mserver_1      |[0m INFO:werkzeug:172.18.0.21 - - [28/Jan/2026 03:01:06] "POST /submit_update HTTP/1.1" 200 -
[33mserver_1      |[0m INFO:werkzeug:172.18.0.14 - - [28/Jan/2026 03:01:06] "GET /download_model?round=41 HTTP/1.1" 200 -
[33;1mclient_006_1  |[0m 2026-01-28 03:01:06,577 - __main__ - INFO - 🚀 Model update submitted successfully.
[33;1mclient_006_1  |[0m 2026-01-28 03:01:06,577 - __main__ - INFO - Update submitted for Round 41. Waiting...
[35;1mclient_008_1  |[0m 2026-01-28 03:01:07,353 - __main__ - INFO - Round 41 finished. Loss: 0.0000, Acc: 0.00%
[33mserver_1      |[0m INFO:__main__:Received update from client_008
[33mserver_1      |[0m INFO:__main__:--- Aggregating 5 updates ---
[33mserver_1      |[0m INFO:__main__:⚡ Using Custom Aggregator with Drift Metric...
[33mserver_1      |[0m INFO:server.aggregator:Starting FedAvg aggregation for 5 clients.
[33mserver_1      |[0m INFO:server.aggregator:--- [METRIC] Weight Divergence: 0.7439
[33mserver_1      |[0m INFO:server.aggregator:FedAvg aggregation complete.
[33mserver_1      |[0m INFO:__main__:Aggregation complete.
[33mserver_1      |[0m ⏱️ [TIME] Client client_002 finished training in 1.45s
[33mserver_1      |[0m ⏱️ [TIME] Client client_001 finished training in 0.78s
[33mserver_1      |[0m ⏱️ [TIME] Client client_007 finished training in 0.35s
[33mserver_1      |[0m ⏱️ [TIME] Client client_006 finished training in 0.03s
[33mserver_1      |[0m ⏱️ [TIME] Client client_008 finished training in 2.63s
[33mserver_1      |[0m DEBUG: ⚠️ MY CUSTOM AGGREGATOR IS RUNNING ⚠️
[34;1mclient_009_1  |[0m 2026-01-28 03:01:09,554 - __main__ - INFO - Round 41 finished. Loss: 0.0000, Acc: 0.00%
[33mserver_1      |[0m INFO:werkzeug:172.18.0.22 - - [28/Jan/2026 03:01:09] "[31m[1mPOST /submit_update HTTP/1.1[0m" 400 -
[34;1mclient_009_1  |[0m 2026-01-28 03:01:09,685 - __main__ - ERROR - Update submission failed: {"error":"Not accepting updates"}
[34;1mclient_009_1  |[0m 
[34;1mclient_009_1  |[0m 2026-01-28 03:01:09,685 - __main__ - INFO - Update submitted for Round 41. Waiting...
[33mserver_1      |[0m INFO:__main__:--- Round 41 Acc: 38.95%, Loss: 1.6653 ---
[33mserver_1      |[0m INFO:__main__:--- Starting Round 42. Timeout: 300s ---
[33mserver_1      |[0m INFO:werkzeug:172.18.0.18 - - [28/Jan/2026 03:01:10] "POST /submit_update HTTP/1.1" 200 -
[35;1mclient_008_1  |[0m 2026-01-28 03:01:10,277 - __main__ - INFO - 🚀 Model update submitted successfully.
[35;1mclient_008_1  |[0m 2026-01-28 03:01:10,277 - __main__ - INFO - Update submitted for Round 41. Waiting...
[34mclient_004_1  |[0m 2026-01-28 03:01:10,519 - __main__ - INFO - Round 40 finished. Loss: 0.0000, Acc: 0.00%
[33mserver_1      |[0m INFO:__main__:Received update from client_004
[33mserver_1      |[0m INFO:werkzeug:172.18.0.10 - - [28/Jan/2026 03:01:10] "POST /submit_update HTTP/1.1" 200 -
[34mclient_004_1  |[0m 2026-01-28 03:01:10,654 - __main__ - INFO - 🚀 Model update submitted successfully.
[34mclient_004_1  |[0m 2026-01-28 03:01:10,655 - __main__ - INFO - Update submitted for Round 40. Waiting...
[36mclient_010_1  |[0m 2026-01-28 03:01:10,692 - __main__ - INFO - --- New Round Detected: 42 ---
[33mserver_1      |[0m INFO:werkzeug:172.18.0.19 - - [28/Jan/2026 03:01:10] "GET /download_model?round=42 HTTP/1.1" 200 -
[36mclient_010_1  |[0m 2026-01-28 03:01:11,459 - __main__ - INFO - Round 42 finished. Loss: 0.0000, Acc: 0.00%
[33mserver_1      |[0m INFO:__main__:Received update from client_010
[33mserver_1      |[0m INFO:werkzeug:172.18.0.19 - - [28/Jan/2026 03:01:11] "POST /submit_update HTTP/1.1" 200 -
[36mclient_010_1  |[0m 2026-01-28 03:01:11,592 - __main__ - INFO - 🚀 Model update submitted successfully.
[36mclient_010_1  |[0m 2026-01-28 03:01:11,592 - __main__ - INFO - Update submitted for Round 42. Waiting...
[36;1mclient_005_1  |[0m 2026-01-28 03:01:11,853 - __main__ - INFO - --- New Round Detected: 42 ---
[33mserver_1      |[0m INFO:werkzeug:172.18.0.17 - - [28/Jan/2026 03:01:11] "GET /download_model?round=42 HTTP/1.1" 200 -
[32mclient_002_1  |[0m 2026-01-28 03:01:12,072 - __main__ - INFO - --- New Round Detected: 42 ---
[33mserver_1      |[0m INFO:werkzeug:172.18.0.20 - - [28/Jan/2026 03:01:12] "GET /download_model?round=42 HTTP/1.1" 200 -
[33mclient_001_1  |[0m 2026-01-28 03:01:12,175 - __main__ - INFO - --- New Round Detected: 42 ---
[33mserver_1      |[0m INFO:werkzeug:172.18.0.6 - - [28/Jan/2026 03:01:12] "GET /download_model?round=42 HTTP/1.1" 200 -
[33mclient_001_1  |[0m 2026-01-28 03:01:12,793 - __main__ - INFO - Round 42 finished. Loss: 0.0000, Acc: 0.00%
[33mserver_1      |[0m INFO:__main__:Received update from client_001
[33mserver_1      |[0m INFO:werkzeug:172.18.0.6 - - [28/Jan/2026 03:01:12] "POST /submit_update HTTP/1.1" 200 -
[33mclient_001_1  |[0m 2026-01-28 03:01:12,926 - __main__ - INFO - 🚀 Model update submitted successfully.
[33mclient_001_1  |[0m 2026-01-28 03:01:12,926 - __main__ - INFO - Update submitted for Round 42. Waiting...
[32mclient_002_1  |[0m 2026-01-28 03:01:14,562 - __main__ - INFO - Round 42 finished. Loss: 0.0000, Acc: 0.00%
[33mserver_1      |[0m INFO:__main__:Received update from client_002
[33mserver_1      |[0m INFO:werkzeug:172.18.0.20 - - [28/Jan/2026 03:01:14] "POST /submit_update HTTP/1.1" 200 -
[32mclient_002_1  |[0m 2026-01-28 03:01:14,703 - __main__ - INFO - 🚀 Model update submitted successfully.
[32mclient_002_1  |[0m 2026-01-28 03:01:14,703 - __main__ - INFO - Update submitted for Round 42. Waiting...
[32;1mclient_007_1  |[0m 2026-01-28 03:01:15,849 - __main__ - INFO - --- New Round Detected: 42 ---
[33mserver_1      |[0m INFO:werkzeug:172.18.0.7 - - [28/Jan/2026 03:01:15] "GET /download_model?round=42 HTTP/1.1" 200 -
[36;1mclient_005_1  |[0m 2026-01-28 03:01:16,056 - __main__ - INFO - Round 42 finished. Loss: 0.0000, Acc: 0.00%
[33mserver_1      |[0m INFO:__main__:Received update from client_005
[33mserver_1      |[0m INFO:__main__:--- Aggregating 5 updates ---
[33mserver_1      |[0m INFO:__main__:⚡ Using Custom Aggregator with Drift Metric...
[33mserver_1      |[0m INFO:server.aggregator:Starting FedAvg aggregation for 5 clients.
[32;1mclient_007_1  |[0m 2026-01-28 03:01:16,521 - __main__ - INFO - Round 42 finished. Loss: 0.0000, Acc: 0.00%
[33mserver_1      |[0m INFO:werkzeug:172.18.0.7 - - [28/Jan/2026 03:01:16] "[31m[1mPOST /submit_update HTTP/1.1[0m" 400 -
[32;1mclient_007_1  |[0m 2026-01-28 03:01:16,590 - __main__ - ERROR - Update submission failed: {"error":"Not accepting updates"}
[32;1mclient_007_1  |[0m 
[32;1mclient_007_1  |[0m 2026-01-28 03:01:16,590 - __main__ - INFO - Update submitted for Round 42. Waiting...
[33;1mclient_006_1  |[0m 2026-01-28 03:01:16,651 - __main__ - INFO - --- New Round Detected: 42 ---
[33mserver_1      |[0m INFO:werkzeug:172.18.0.21 - - [28/Jan/2026 03:01:16] "GET /download_model?round=42 HTTP/1.1" 200 -
[33;1mclient_006_1  |[0m 2026-01-28 03:01:16,821 - __main__ - INFO - Round 42 finished. Loss: 0.0000, Acc: 0.00%
[33mserver_1      |[0m INFO:werkzeug:172.18.0.21 - - [28/Jan/2026 03:01:16] "[31m[1mPOST /submit_update HTTP/1.1[0m" 400 -
[33;1mclient_006_1  |[0m 2026-01-28 03:01:16,892 - __main__ - ERROR - Update submission failed: {"error":"Not accepting updates"}
[33;1mclient_006_1  |[0m 
[33;1mclient_006_1  |[0m 2026-01-28 03:01:16,893 - __main__ - INFO - Update submitted for Round 42. Waiting...
[33mserver_1      |[0m INFO:server.aggregator:--- [METRIC] Weight Divergence: 0.9962
[33mserver_1      |[0m INFO:server.aggregator:FedAvg aggregation complete.
[33mserver_1      |[0m INFO:__main__:Aggregation complete.
[33mserver_1      |[0m ⏱️ [TIME] Client client_004 finished training in 8.94s
[33mserver_1      |[0m ⏱️ [TIME] Client client_010 finished training in 0.64s
[33mserver_1      |[0m ⏱️ [TIME] Client client_001 finished training in 0.46s
[33mserver_1      |[0m ⏱️ [TIME] Client client_002 finished training in 2.36s
[33mserver_1      |[0m ⏱️ [TIME] Client client_005 finished training in 4.07s
[33mserver_1      |[0m DEBUG: ⚠️ MY CUSTOM AGGREGATOR IS RUNNING ⚠️
[33mserver_1      |[0m INFO:__main__:--- Round 42 Acc: 32.94%, Loss: 1.8283 ---
[33mserver_1      |[0m INFO:__main__:--- Starting Round 43. Timeout: 300s ---
[33mserver_1      |[0m INFO:werkzeug:172.18.0.17 - - [28/Jan/2026 03:01:18] "POST /submit_update HTTP/1.1" 200 -
[36;1mclient_005_1  |[0m 2026-01-28 03:01:18,882 - __main__ - INFO - 🚀 Model update submitted successfully.
[36;1mclient_005_1  |[0m 2026-01-28 03:01:18,882 - __main__ - INFO - Update submitted for Round 42. Waiting...
[34;1mclient_009_1  |[0m 2026-01-28 03:01:19,762 - __main__ - INFO - --- New Round Detected: 43 ---
[33mserver_1      |[0m INFO:werkzeug:172.18.0.22 - - [28/Jan/2026 03:01:19] "GET /download_model?round=43 HTTP/1.1" 200 -
[35;1mclient_008_1  |[0m 2026-01-28 03:01:20,342 - __main__ - INFO - --- New Round Detected: 43 ---
[33mserver_1      |[0m INFO:werkzeug:172.18.0.18 - - [28/Jan/2026 03:01:20] "GET /download_model?round=43 HTTP/1.1" 200 -
[34mclient_004_1  |[0m 2026-01-28 03:01:20,724 - __main__ - INFO - --- New Round Detected: 43 ---
[33mserver_1      |[0m INFO:werkzeug:172.18.0.10 - - [28/Jan/2026 03:01:20] "GET /download_model?round=43 HTTP/1.1" 200 -
[36mclient_010_1  |[0m 2026-01-28 03:01:21,653 - __main__ - INFO - --- New Round Detected: 43 ---
[33mserver_1      |[0m INFO:werkzeug:172.18.0.19 - - [28/Jan/2026 03:01:21] "GET /download_model?round=43 HTTP/1.1" 200 -
[36mclient_010_1  |[0m 2026-01-28 03:01:22,939 - __main__ - INFO - Round 43 finished. Loss: 0.0000, Acc: 0.00%
[33mclient_001_1  |[0m 2026-01-28 03:01:22,990 - __main__ - INFO - --- New Round Detected: 43 ---
[33mserver_1      |[0m INFO:werkzeug:172.18.0.6 - - [28/Jan/2026 03:01:23] "GET /download_model?round=43 HTTP/1.1" 200 -
[33mserver_1      |[0m INFO:__main__:Received update from client_010
[33mserver_1      |[0m INFO:werkzeug:172.18.0.19 - - [28/Jan/2026 03:01:23] "POST /submit_update HTTP/1.1" 200 -
[36mclient_010_1  |[0m 2026-01-28 03:01:23,080 - __main__ - INFO - 🚀 Model update submitted successfully.
[36mclient_010_1  |[0m 2026-01-28 03:01:23,080 - __main__ - INFO - Update submitted for Round 43. Waiting...
[35;1mclient_008_1  |[0m 2026-01-28 03:01:23,114 - __main__ - INFO - Round 43 finished. Loss: 0.0000, Acc: 0.00%
[33mserver_1      |[0m INFO:__main__:Received update from client_008
[33mserver_1      |[0m INFO:werkzeug:172.18.0.18 - - [28/Jan/2026 03:01:23] "POST /submit_update HTTP/1.1" 200 -
[35;1mclient_008_1  |[0m 2026-01-28 03:01:23,252 - __main__ - INFO - 🚀 Model update submitted successfully.
[35;1mclient_008_1  |[0m 2026-01-28 03:01:23,252 - __main__ - INFO - Update submitted for Round 43. Waiting...
[33mclient_001_1  |[0m 2026-01-28 03:01:23,516 - __main__ - INFO - Round 43 finished. Loss: 0.0000, Acc: 0.00%
[33mserver_1      |[0m INFO:__main__:Received update from client_001
[33mserver_1      |[0m INFO:werkzeug:172.18.0.6 - - [28/Jan/2026 03:01:23] "POST /submit_update HTTP/1.1" 200 -
[33mclient_001_1  |[0m 2026-01-28 03:01:23,650 - __main__ - INFO - 🚀 Model update submitted successfully.
[33mclient_001_1  |[0m 2026-01-28 03:01:23,650 - __main__ - INFO - Update submitted for Round 43. Waiting...
[32mclient_002_1  |[0m 2026-01-28 03:01:24,766 - __main__ - INFO - --- New Round Detected: 43 ---
[33mserver_1      |[0m INFO:werkzeug:172.18.0.20 - - [28/Jan/2026 03:01:24] "GET /download_model?round=43 HTTP/1.1" 200 -
[34;1mclient_009_1  |[0m 2026-01-28 03:01:24,950 - __main__ - INFO - Round 43 finished. Loss: 0.0000, Acc: 0.00%
[35mclient_003_1  |[0m 2026-01-28 03:01:25,048 - __main__ - INFO - Round 41 finished. Loss: 0.0000, Acc: 0.00%
[33mserver_1      |[0m INFO:__main__:Received update from client_009
[33mserver_1      |[0m INFO:werkzeug:172.18.0.22 - - [28/Jan/2026 03:01:25] "POST /submit_update HTTP/1.1" 200 -
[34;1mclient_009_1  |[0m 2026-01-28 03:01:25,106 - __main__ - INFO - 🚀 Model update submitted successfully.
[34;1mclient_009_1  |[0m 2026-01-28 03:01:25,106 - __main__ - INFO - Update submitted for Round 43. Waiting...
[33mserver_1      |[0m INFO:__main__:Received update from client_003
[33mserver_1      |[0m INFO:__main__:--- Aggregating 5 updates ---
[33mserver_1      |[0m INFO:__main__:⚡ Using Custom Aggregator with Drift Metric...
[33mserver_1      |[0m INFO:server.aggregator:Starting FedAvg aggregation for 5 clients.
[33mserver_1      |[0m INFO:server.aggregator:--- [METRIC] Weight Divergence: 1.3015
[33mserver_1      |[0m INFO:server.aggregator:FedAvg aggregation complete.
[33mserver_1      |[0m INFO:__main__:Aggregation complete.
[32;1mclient_007_1  |[0m 2026-01-28 03:01:26,654 - __main__ - INFO - --- New Round Detected: 43 ---
[33mserver_1      |[0m INFO:werkzeug:172.18.0.7 - - [28/Jan/2026 03:01:26] "GET /download_model?round=43 HTTP/1.1" 200 -
[33mserver_1      |[0m ⏱️ [TIME] Client client_010 finished training in 1.15s
[33mserver_1      |[0m ⏱️ [TIME] Client client_008 finished training in 2.64s
[33mserver_1      |[0m ⏱️ [TIME] Client client_001 finished training in 0.36s
[33mserver_1      |[0m ⏱️ [TIME] Client client_009 finished training in 5.06s
[33mserver_1      |[0m ⏱️ [TIME] Client client_003 finished training in 18.38s
[33mserver_1      |[0m DEBUG: ⚠️ MY CUSTOM AGGREGATOR IS RUNNING ⚠️
[33;1mclient_006_1  |[0m 2026-01-28 03:01:26,961 - __main__ - INFO - --- New Round Detected: 43 ---
[33mserver_1      |[0m INFO:werkzeug:172.18.0.21 - - [28/Jan/2026 03:01:26] "GET /download_model?round=43 HTTP/1.1" 200 -
[33;1mclient_006_1  |[0m 2026-01-28 03:01:27,126 - __main__ - INFO - Round 43 finished. Loss: 0.0000, Acc: 0.00%
[33mserver_1      |[0m INFO:werkzeug:172.18.0.21 - - [28/Jan/2026 03:01:27] "[31m[1mPOST /submit_update HTTP/1.1[0m" 400 -
[33;1mclient_006_1  |[0m 2026-01-28 03:01:27,194 - __main__ - ERROR - Update submission failed: {"error":"Not accepting updates"}
[33;1mclient_006_1  |[0m 
[33;1mclient_006_1  |[0m 2026-01-28 03:01:27,194 - __main__ - INFO - Update submitted for Round 43. Waiting...
[32mclient_002_1  |[0m 2026-01-28 03:01:27,239 - __main__ - INFO - Round 43 finished. Loss: 0.0000, Acc: 0.00%
[33mserver_1      |[0m INFO:werkzeug:172.18.0.20 - - [28/Jan/2026 03:01:27] "[31m[1mPOST /submit_update HTTP/1.1[0m" 400 -
[32mclient_002_1  |[0m 2026-01-28 03:01:27,305 - __main__ - ERROR - Update submission failed: {"error":"Not accepting updates"}
[32mclient_002_1  |[0m 
[32mclient_002_1  |[0m 2026-01-28 03:01:27,305 - __main__ - INFO - Update submitted for Round 43. Waiting...
[32;1mclient_007_1  |[0m 2026-01-28 03:01:27,557 - __main__ - INFO - Round 43 finished. Loss: 0.0000, Acc: 0.00%
[33mserver_1      |[0m INFO:werkzeug:172.18.0.7 - - [28/Jan/2026 03:01:27] "[31m[1mPOST /submit_update HTTP/1.1[0m" 400 -
[32;1mclient_007_1  |[0m 2026-01-28 03:01:27,620 - __main__ - ERROR - Update submission failed: {"error":"Not accepting updates"}
[32;1mclient_007_1  |[0m 
[32;1mclient_007_1  |[0m 2026-01-28 03:01:27,620 - __main__ - INFO - Update submitted for Round 43. Waiting...
[33mserver_1      |[0m INFO:__main__:--- Round 43 Acc: 40.16%, Loss: 1.6798 ---
[33mserver_1      |[0m INFO:__main__:--- Starting Round 44. Timeout: 300s ---
[33mserver_1      |[0m INFO:werkzeug:172.18.0.14 - - [28/Jan/2026 03:01:27] "POST /submit_update HTTP/1.1" 200 -
[35mclient_003_1  |[0m 2026-01-28 03:01:27,695 - __main__ - INFO - 🚀 Model update submitted successfully.
[35mclient_003_1  |[0m 2026-01-28 03:01:27,695 - __main__ - INFO - Update submitted for Round 41. Waiting...
[36;1mclient_005_1  |[0m 2026-01-28 03:01:28,944 - __main__ - INFO - --- New Round Detected: 44 ---
[33mserver_1      |[0m INFO:werkzeug:172.18.0.17 - - [28/Jan/2026 03:01:28] "GET /download_model?round=44 HTTP/1.1" 200 -
[34mclient_004_1  |[0m 2026-01-28 03:01:29,791 - __main__ - INFO - Round 43 finished. Loss: 0.0000, Acc: 0.00%
[33mserver_1      |[0m INFO:__main__:Received update from client_004
[33mserver_1      |[0m INFO:werkzeug:172.18.0.10 - - [28/Jan/2026 03:01:29] "POST /submit_update HTTP/1.1" 200 -
[34mclient_004_1  |[0m 2026-01-28 03:01:29,926 - __main__ - INFO - 🚀 Model update submitted successfully.
[34mclient_004_1  |[0m 2026-01-28 03:01:29,926 - __main__ - INFO - Update submitted for Round 43. Waiting...
[36;1mclient_005_1  |[0m 2026-01-28 03:01:33,100 - __main__ - INFO - Round 44 finished. Loss: 0.0000, Acc: 0.00%
[36mclient_010_1  |[0m 2026-01-28 03:01:33,146 - __main__ - INFO - --- New Round Detected: 44 ---
[33mserver_1      |[0m INFO:werkzeug:172.18.0.19 - - [28/Jan/2026 03:01:33] "GET /download_model?round=44 HTTP/1.1" 200 -
[33mserver_1      |[0m INFO:__main__:Received update from client_005
[33mserver_1      |[0m INFO:werkzeug:172.18.0.17 - - [28/Jan/2026 03:01:33] "POST /submit_update HTTP/1.1" 200 -
[36;1mclient_005_1  |[0m 2026-01-28 03:01:33,238 - __main__ - INFO - 🚀 Model update submitted successfully.
[36;1mclient_005_1  |[0m 2026-01-28 03:01:33,238 - __main__ - INFO - Update submitted for Round 44. Waiting...
[35;1mclient_008_1  |[0m 2026-01-28 03:01:33,315 - __main__ - INFO - --- New Round Detected: 44 ---
[33mserver_1      |[0m INFO:werkzeug:172.18.0.18 - - [28/Jan/2026 03:01:33] "GET /download_model?round=44 HTTP/1.1" 200 -
[33mclient_001_1  |[0m 2026-01-28 03:01:33,711 - __main__ - INFO - --- New Round Detected: 44 ---
[33mserver_1      |[0m INFO:werkzeug:172.18.0.6 - - [28/Jan/2026 03:01:33] "GET /download_model?round=44 HTTP/1.1" 200 -
[33mclient_001_1  |[0m 2026-01-28 03:01:34,196 - __main__ - INFO - Round 44 finished. Loss: 0.0000, Acc: 0.00%
[33mserver_1      |[0m INFO:__main__:Received update from client_001
[33mserver_1      |[0m INFO:werkzeug:172.18.0.6 - - [28/Jan/2026 03:01:34] "POST /submit_update HTTP/1.1" 200 -
[33mclient_001_1  |[0m 2026-01-28 03:01:34,331 - __main__ - INFO - 🚀 Model update submitted successfully.
[33mclient_001_1  |[0m 2026-01-28 03:01:34,331 - __main__ - INFO - Update submitted for Round 44. Waiting...
[36mclient_010_1  |[0m 2026-01-28 03:01:34,363 - __main__ - INFO - Round 44 finished. Loss: 0.0000, Acc: 0.00%
[33mserver_1      |[0m INFO:__main__:Received update from client_010
[33mserver_1      |[0m INFO:werkzeug:172.18.0.19 - - [28/Jan/2026 03:01:34] "POST /submit_update HTTP/1.1" 200 -
[36mclient_010_1  |[0m 2026-01-28 03:01:34,518 - __main__ - INFO - 🚀 Model update submitted successfully.
[36mclient_010_1  |[0m 2026-01-28 03:01:34,518 - __main__ - INFO - Update submitted for Round 44. Waiting...
[34;1mclient_009_1  |[0m 2026-01-28 03:01:35,169 - __main__ - INFO - --- New Round Detected: 44 ---
[33mserver_1      |[0m INFO:werkzeug:172.18.0.22 - - [28/Jan/2026 03:01:35] "GET /download_model?round=44 HTTP/1.1" 200 -
[35;1mclient_008_1  |[0m 2026-01-28 03:01:36,066 - __main__ - INFO - Round 44 finished. Loss: 0.0000, Acc: 0.00%
[33mserver_1      |[0m INFO:__main__:Received update from client_008
[33mserver_1      |[0m INFO:__main__:--- Aggregating 5 updates ---
[33mserver_1      |[0m INFO:__main__:⚡ Using Custom Aggregator with Drift Metric...
[33mserver_1      |[0m INFO:server.aggregator:Starting FedAvg aggregation for 5 clients.
[36;1mclient_015_1  |[0m 2026-01-28 03:01:36,996 - __main__ - INFO - Round 23 finished. Loss: 0.0000, Acc: 0.00%
[33mserver_1      |[0m INFO:werkzeug:172.18.0.13 - - [28/Jan/2026 03:01:37] "[31m[1mPOST /submit_update HTTP/1.1[0m" 400 -
[33;1mclient_006_1  |[0m 2026-01-28 03:01:37,270 - __main__ - INFO - --- New Round Detected: 44 ---
[33mserver_1      |[0m INFO:werkzeug:172.18.0.21 - - [28/Jan/2026 03:01:37] "GET /download_model?round=44 HTTP/1.1" 200 -
[32mclient_002_1  |[0m 2026-01-28 03:01:37,382 - __main__ - INFO - --- New Round Detected: 44 ---
[33mserver_1      |[0m INFO:werkzeug:172.18.0.20 - - [28/Jan/2026 03:01:37] "GET /download_model?round=44 HTTP/1.1" 200 -
[33;1mclient_006_1  |[0m 2026-01-28 03:01:37,482 - __main__ - INFO - Round 44 finished. Loss: 0.0000, Acc: 0.00%
[33mserver_1      |[0m INFO:werkzeug:172.18.0.21 - - [28/Jan/2026 03:01:37] "[31m[1mPOST /submit_update HTTP/1.1[0m" 400 -
[33mserver_1      |[0m INFO:server.aggregator:--- [METRIC] Weight Divergence: 1.1034
[33mserver_1      |[0m INFO:server.aggregator:FedAvg aggregation complete.
[33mserver_1      |[0m INFO:__main__:Aggregation complete.
[33;1mclient_006_1  |[0m 2026-01-28 03:01:37,547 - __main__ - ERROR - Update submission failed: {"error":"Not accepting updates"}
[33;1mclient_006_1  |[0m 
[33;1mclient_006_1  |[0m 2026-01-28 03:01:37,547 - __main__ - INFO - Update submitted for Round 44. Waiting...
[36;1mclient_015_1  |[0m 2026-01-28 03:01:37,603 - __main__ - ERROR - Update submission failed: {"error":"Not accepting updates"}
[36;1mclient_015_1  |[0m 
[36;1mclient_015_1  |[0m 2026-01-28 03:01:37,603 - __main__ - INFO - Update submitted for Round 23. Waiting...
[33mserver_1      |[0m ⏱️ [TIME] Client client_004 finished training in 8.93s
[33mserver_1      |[0m ⏱️ [TIME] Client client_005 finished training in 4.03s
[33mserver_1      |[0m ⏱️ [TIME] Client client_001 finished training in 0.36s
[33mserver_1      |[0m ⏱️ [TIME] Client client_010 finished training in 1.06s
[33mserver_1      |[0m ⏱️ [TIME] Client client_008 finished training in 2.60s
[33mserver_1      |[0m DEBUG: ⚠️ MY CUSTOM AGGREGATOR IS RUNNING ⚠️
[35mclient_003_1  |[0m 2026-01-28 03:01:37,772 - __main__ - INFO - --- New Round Detected: 44 ---
[32;1mclient_007_1  |[0m 2026-01-28 03:01:37,772 - __main__ - INFO - --- New Round Detected: 44 ---
[33mserver_1      |[0m INFO:werkzeug:172.18.0.14 - - [28/Jan/2026 03:01:37] "GET /download_model?round=44 HTTP/1.1" 200 -
[33mserver_1      |[0m INFO:werkzeug:172.18.0.7 - - [28/Jan/2026 03:01:37] "GET /download_model?round=44 HTTP/1.1" 200 -
[32;1mclient_007_1  |[0m 2026-01-28 03:01:38,312 - __main__ - INFO - Round 44 finished. Loss: 0.0000, Acc: 0.00%
[33mserver_1      |[0m INFO:werkzeug:172.18.0.7 - - [28/Jan/2026 03:01:38] "[31m[1mPOST /submit_update HTTP/1.1[0m" 400 -
[32;1mclient_007_1  |[0m 2026-01-28 03:01:38,375 - __main__ - ERROR - Update submission failed: {"error":"Not accepting updates"}
[32;1mclient_007_1  |[0m 
[32;1mclient_007_1  |[0m 2026-01-28 03:01:38,375 - __main__ - INFO - Update submitted for Round 44. Waiting...
[33mserver_1      |[0m INFO:__main__:--- Round 44 Acc: 34.70%, Loss: 1.7360 ---
[33mserver_1      |[0m INFO:__main__:--- Starting Round 45. Timeout: 300s ---
[33mserver_1      |[0m INFO:werkzeug:172.18.0.18 - - [28/Jan/2026 03:01:38] "POST /submit_update HTTP/1.1" 200 -
[35;1mclient_008_1  |[0m 2026-01-28 03:01:38,646 - __main__ - INFO - 🚀 Model update submitted successfully.
[35;1mclient_008_1  |[0m 2026-01-28 03:01:38,646 - __main__ - INFO - Update submitted for Round 44. Waiting...
[32mclient_002_1  |[0m 2026-01-28 03:01:39,900 - __main__ - INFO - Round 44 finished. Loss: 0.0000, Acc: 0.00%
[34mclient_004_1  |[0m 2026-01-28 03:01:39,987 - __main__ - INFO - --- New Round Detected: 45 ---
[33mserver_1      |[0m INFO:__main__:Received update from client_002
[33mserver_1      |[0m INFO:werkzeug:172.18.0.20 - - [28/Jan/2026 03:01:40] "POST /submit_update HTTP/1.1" 200 -
[33mserver_1      |[0m INFO:werkzeug:172.18.0.10 - - [28/Jan/2026 03:01:40] "GET /download_model?round=45 HTTP/1.1" 200 -
[32mclient_002_1  |[0m 2026-01-28 03:01:40,036 - __main__ - INFO - 🚀 Model update submitted successfully.
[32mclient_002_1  |[0m 2026-01-28 03:01:40,037 - __main__ - INFO - Update submitted for Round 44. Waiting...
[34;1mclient_009_1  |[0m 2026-01-28 03:01:40,183 - __main__ - INFO - Round 44 finished. Loss: 0.0000, Acc: 0.00%
[33mserver_1      |[0m INFO:__main__:Received update from client_009
[33mserver_1      |[0m INFO:werkzeug:172.18.0.22 - - [28/Jan/2026 03:01:40] "POST /submit_update HTTP/1.1" 200 -
[34;1mclient_009_1  |[0m 2026-01-28 03:01:40,318 - __main__ - INFO - 🚀 Model update submitted successfully.
[34;1mclient_009_1  |[0m 2026-01-28 03:01:40,319 - __main__ - INFO - Update submitted for Round 44. Waiting...
[36;1mclient_005_1  |[0m 2026-01-28 03:01:43,329 - __main__ - INFO - --- New Round Detected: 45 ---
[33mserver_1      |[0m INFO:werkzeug:172.18.0.17 - - [28/Jan/2026 03:01:43] "GET /download_model?round=45 HTTP/1.1" 200 -
[33mclient_001_1  |[0m 2026-01-28 03:01:44,394 - __main__ - INFO - --- New Round Detected: 45 ---
[33mserver_1      |[0m INFO:werkzeug:172.18.0.6 - - [28/Jan/2026 03:01:44] "GET /download_model?round=45 HTTP/1.1" 200 -
[36mclient_010_1  |[0m 2026-01-28 03:01:44,579 - __main__ - INFO - --- New Round Detected: 45 ---
[33mserver_1      |[0m INFO:werkzeug:172.18.0.19 - - [28/Jan/2026 03:01:44] "GET /download_model?round=45 HTTP/1.1" 200 -
[33mclient_001_1  |[0m 2026-01-28 03:01:44,903 - __main__ - INFO - Round 45 finished. Loss: 0.0000, Acc: 0.00%
[33mserver_1      |[0m INFO:__main__:Received update from client_001
[33mserver_1      |[0m INFO:werkzeug:172.18.0.6 - - [28/Jan/2026 03:01:45] "POST /submit_update HTTP/1.1" 200 -
[33mclient_001_1  |[0m 2026-01-28 03:01:45,037 - __main__ - INFO - 🚀 Model update submitted successfully.
[33mclient_001_1  |[0m 2026-01-28 03:01:45,037 - __main__ - INFO - Update submitted for Round 45. Waiting...
[36mclient_010_1  |[0m 2026-01-28 03:01:45,817 - __main__ - INFO - Round 45 finished. Loss: 0.0000, Acc: 0.00%
[33mserver_1      |[0m INFO:__main__:Received update from client_010
[33mserver_1      |[0m INFO:werkzeug:172.18.0.19 - - [28/Jan/2026 03:01:45] "POST /submit_update HTTP/1.1" 200 -
[36mclient_010_1  |[0m 2026-01-28 03:01:45,951 - __main__ - INFO - 🚀 Model update submitted successfully.
[36mclient_010_1  |[0m 2026-01-28 03:01:45,951 - __main__ - INFO - Update submitted for Round 45. Waiting...
[36;1mclient_005_1  |[0m 2026-01-28 03:01:47,341 - __main__ - INFO - Round 45 finished. Loss: 0.0000, Acc: 0.00%
[33mserver_1      |[0m INFO:__main__:Received update from client_005
[33mserver_1      |[0m INFO:__main__:--- Aggregating 5 updates ---
[33mserver_1      |[0m INFO:__main__:⚡ Using Custom Aggregator with Drift Metric...
[33mserver_1      |[0m INFO:server.aggregator:Starting FedAvg aggregation for 5 clients.
[33;1mclient_006_1  |[0m 2026-01-28 03:01:47,622 - __main__ - INFO - --- New Round Detected: 45 ---
[33mserver_1      |[0m INFO:werkzeug:172.18.0.21 - - [28/Jan/2026 03:01:47] "GET /download_model?round=45 HTTP/1.1" 200 -
[33;1mclient_006_1  |[0m 2026-01-28 03:01:47,784 - __main__ - INFO - Round 45 finished. Loss: 0.0000, Acc: 0.00%
[33mserver_1      |[0m INFO:werkzeug:172.18.0.21 - - [28/Jan/2026 03:01:47] "[31m[1mPOST /submit_update HTTP/1.1[0m" 400 -
[33;1mclient_006_1  |[0m 2026-01-28 03:01:47,849 - __main__ - ERROR - Update submission failed: {"error":"Not accepting updates"}
[33;1mclient_006_1  |[0m 
[33;1mclient_006_1  |[0m 2026-01-28 03:01:47,849 - __main__ - INFO - Update submitted for Round 45. Waiting...
[36;1mclient_015_1  |[0m 2026-01-28 03:01:48,026 - __main__ - INFO - --- New Round Detected: 45 ---
[33mserver_1      |[0m INFO:werkzeug:172.18.0.13 - - [28/Jan/2026 03:01:48] "GET /download_model?round=45 HTTP/1.1" 200 -
[32;1mclient_007_1  |[0m 2026-01-28 03:01:48,447 - __main__ - INFO - --- New Round Detected: 45 ---
[33mserver_1      |[0m INFO:werkzeug:172.18.0.7 - - [28/Jan/2026 03:01:48] "GET /download_model?round=45 HTTP/1.1" 200 -
[35;1mclient_008_1  |[0m 2026-01-28 03:01:48,708 - __main__ - INFO - --- New Round Detected: 45 ---
[33mserver_1      |[0m INFO:server.aggregator:--- [METRIC] Weight Divergence: 0.8939
[33mserver_1      |[0m INFO:server.aggregator:FedAvg aggregation complete.
[33mserver_1      |[0m INFO:__main__:Aggregation complete.
[34mclient_004_1  |[0m 2026-01-28 03:01:48,737 - __main__ - INFO - Round 45 finished. Loss: 0.0000, Acc: 0.00%
[33mserver_1      |[0m INFO:werkzeug:172.18.0.18 - - [28/Jan/2026 03:01:48] "GET /download_model?round=45 HTTP/1.1" 200 -
[33mserver_1      |[0m INFO:werkzeug:172.18.0.10 - - [28/Jan/2026 03:01:48] "[31m[1mPOST /submit_update HTTP/1.1[0m" 400 -
[34mclient_004_1  |[0m 2026-01-28 03:01:48,800 - __main__ - ERROR - Update submission failed: {"error":"Not accepting updates"}
[34mclient_004_1  |[0m 
[34mclient_004_1  |[0m 2026-01-28 03:01:48,800 - __main__ - INFO - Update submitted for Round 45. Waiting...
[33mserver_1      |[0m ⏱️ [TIME] Client client_002 finished training in 2.36s
[33mserver_1      |[0m ⏱️ [TIME] Client client_009 finished training in 4.89s
[33mserver_1      |[0m ⏱️ [TIME] Client client_001 finished training in 0.38s
[33mserver_1      |[0m ⏱️ [TIME] Client client_010 finished training in 1.10s
[33mserver_1      |[0m ⏱️ [TIME] Client client_005 finished training in 3.88s
[33mserver_1      |[0m DEBUG: ⚠️ MY CUSTOM AGGREGATOR IS RUNNING ⚠️
[32;1mclient_007_1  |[0m 2026-01-28 03:01:49,340 - __main__ - INFO - Round 45 finished. Loss: 0.0000, Acc: 0.00%
[33mserver_1      |[0m INFO:werkzeug:172.18.0.7 - - [28/Jan/2026 03:01:49] "[31m[1mPOST /submit_update HTTP/1.1[0m" 400 -
[32;1mclient_007_1  |[0m 2026-01-28 03:01:49,405 - __main__ - ERROR - Update submission failed: {"error":"Not accepting updates"}
[32;1mclient_007_1  |[0m 
[32;1mclient_007_1  |[0m 2026-01-28 03:01:49,405 - __main__ - INFO - Update submitted for Round 45. Waiting...
[33mserver_1      |[0m INFO:__main__:--- Round 45 Acc: 43.77%, Loss: 1.6096 ---
[33mserver_1      |[0m INFO:__main__:--- Starting Round 46. Timeout: 300s ---
[33mserver_1      |[0m INFO:werkzeug:172.18.0.17 - - [28/Jan/2026 03:01:50] "POST /submit_update HTTP/1.1" 200 -
[36;1mclient_005_1  |[0m 2026-01-28 03:01:50,045 - __main__ - INFO - 🚀 Model update submitted successfully.
[36;1mclient_005_1  |[0m 2026-01-28 03:01:50,045 - __main__ - INFO - Update submitted for Round 45. Waiting...
[32mclient_002_1  |[0m 2026-01-28 03:01:50,101 - __main__ - INFO - --- New Round Detected: 46 ---
[33mserver_1      |[0m INFO:werkzeug:172.18.0.20 - - [28/Jan/2026 03:01:50] "GET /download_model?round=46 HTTP/1.1" 200 -
[34;1mclient_009_1  |[0m 2026-01-28 03:01:50,382 - __main__ - INFO - --- New Round Detected: 46 ---
[33mserver_1      |[0m INFO:werkzeug:172.18.0.22 - - [28/Jan/2026 03:01:50] "GET /download_model?round=46 HTTP/1.1" 200 -
[35;1mclient_008_1  |[0m 2026-01-28 03:01:51,542 - __main__ - INFO - Round 45 finished. Loss: 0.0000, Acc: 0.00%
[32mclient_002_1  |[0m 2026-01-28 03:01:51,569 - __main__ - INFO - Round 46 finished. Loss: 0.0000, Acc: 0.00%
[33mserver_1      |[0m INFO:__main__:Received update from client_008
[33mserver_1      |[0m INFO:werkzeug:172.18.0.18 - - [28/Jan/2026 03:01:51] "POST /submit_update HTTP/1.1" 200 -
[33mserver_1      |[0m INFO:__main__:Received update from client_002
[33mserver_1      |[0m INFO:werkzeug:172.18.0.20 - - [28/Jan/2026 03:01:51] "POST /submit_update HTTP/1.1" 200 -
[35;1mclient_008_1  |[0m 2026-01-28 03:01:51,701 - __main__ - INFO - 🚀 Model update submitted successfully.
[35;1mclient_008_1  |[0m 2026-01-28 03:01:51,701 - __main__ - INFO - Update submitted for Round 45. Waiting...
[32mclient_002_1  |[0m 2026-01-28 03:01:51,725 - __main__ - INFO - 🚀 Model update submitted successfully.
[32mclient_002_1  |[0m 2026-01-28 03:01:51,725 - __main__ - INFO - Update submitted for Round 46. Waiting...
[33mclient_001_1  |[0m 2026-01-28 03:01:55,121 - __main__ - INFO - --- New Round Detected: 46 ---
[33mserver_1      |[0m INFO:werkzeug:172.18.0.6 - - [28/Jan/2026 03:01:55] "GET /download_model?round=46 HTTP/1.1" 200 -
[34;1mclient_009_1  |[0m 2026-01-28 03:01:55,336 - __main__ - INFO - Round 46 finished. Loss: 0.0000, Acc: 0.00%
[33mserver_1      |[0m INFO:__main__:Received update from client_009
[33mserver_1      |[0m INFO:werkzeug:172.18.0.22 - - [28/Jan/2026 03:01:55] "POST /submit_update HTTP/1.1" 200 -
[34;1mclient_009_1  |[0m 2026-01-28 03:01:55,490 - __main__ - INFO - 🚀 Model update submitted successfully.
[34;1mclient_009_1  |[0m 2026-01-28 03:01:55,490 - __main__ - INFO - Update submitted for Round 46. Waiting...
[33mclient_001_1  |[0m 2026-01-28 03:01:55,589 - __main__ - INFO - Round 46 finished. Loss: 0.0000, Acc: 0.00%
[33mserver_1      |[0m INFO:__main__:Received update from client_001
[33mserver_1      |[0m INFO:werkzeug:172.18.0.6 - - [28/Jan/2026 03:01:55] "POST /submit_update HTTP/1.1" 200 -
[33mclient_001_1  |[0m 2026-01-28 03:01:55,742 - __main__ - INFO - 🚀 Model update submitted successfully.
[33mclient_001_1  |[0m 2026-01-28 03:01:55,742 - __main__ - INFO - Update submitted for Round 46. Waiting...
[36mclient_010_1  |[0m 2026-01-28 03:01:56,026 - __main__ - INFO - --- New Round Detected: 46 ---
[33mserver_1      |[0m INFO:werkzeug:172.18.0.19 - - [28/Jan/2026 03:01:56] "GET /download_model?round=46 HTTP/1.1" 200 -
[35mclient_003_1  |[0m 2026-01-28 03:01:56,112 - __main__ - INFO - Round 44 finished. Loss: 0.0000, Acc: 0.00%
[33mserver_1      |[0m INFO:__main__:Received update from client_003
[33mserver_1      |[0m INFO:__main__:--- Aggregating 5 updates ---
[33mserver_1      |[0m INFO:__main__:⚡ Using Custom Aggregator with Drift Metric...
[33mserver_1      |[0m INFO:server.aggregator:Starting FedAvg aggregation for 5 clients.
[36mclient_010_1  |[0m 2026-01-28 03:01:56,794 - __main__ - INFO - Round 46 finished. Loss: 0.0000, Acc: 0.00%
[33mserver_1      |[0m INFO:werkzeug:172.18.0.19 - - [28/Jan/2026 03:01:56] "[31m[1mPOST /submit_update HTTP/1.1[0m" 400 -
[36mclient_010_1  |[0m 2026-01-28 03:01:56,912 - __main__ - ERROR - Update submission failed: {"error":"Not accepting updates"}
[36mclient_010_1  |[0m 
[36mclient_010_1  |[0m 2026-01-28 03:01:56,913 - __main__ - INFO - Update submitted for Round 46. Waiting...
[33mserver_1      |[0m INFO:server.aggregator:--- [METRIC] Weight Divergence: 1.1604
[33mserver_1      |[0m INFO:server.aggregator:FedAvg aggregation complete.
[33mserver_1      |[0m INFO:__main__:Aggregation complete.
[33mserver_1      |[0m ⏱️ [TIME] Client client_008 finished training in 2.69s
[33mserver_1      |[0m ⏱️ [TIME] Client client_002 finished training in 1.34s
[33mserver_1      |[0m ⏱️ [TIME] Client client_009 finished training in 4.83s
[33mserver_1      |[0m ⏱️ [TIME] Client client_001 finished training in 0.34s
[33mserver_1      |[0m ⏱️ [TIME] Client client_003 finished training in 18.21s
[33mserver_1      |[0m DEBUG: ⚠️ MY CUSTOM AGGREGATOR IS RUNNING ⚠️
[33;1mclient_006_1  |[0m 2026-01-28 03:01:57,961 - __main__ - INFO - --- New Round Detected: 46 ---
[33mserver_1      |[0m INFO:werkzeug:172.18.0.21 - - [28/Jan/2026 03:01:58] "GET /download_model?round=46 HTTP/1.1" 200 -
[33;1mclient_006_1  |[0m 2026-01-28 03:01:58,171 - __main__ - INFO - Round 46 finished. Loss: 0.0000, Acc: 0.00%
[33mserver_1      |[0m INFO:werkzeug:172.18.0.21 - - [28/Jan/2026 03:01:58] "[31m[1mPOST /submit_update HTTP/1.1[0m" 400 -
[33;1mclient_006_1  |[0m 2026-01-28 03:01:58,234 - __main__ - ERROR - Update submission failed: {"error":"Not accepting updates"}
[33;1mclient_006_1  |[0m 
[33;1mclient_006_1  |[0m 2026-01-28 03:01:58,234 - __main__ - INFO - Update submitted for Round 46. Waiting...
[33mserver_1      |[0m INFO:__main__:--- Round 46 Acc: 43.39%, Loss: 1.6007 ---
[33mserver_1      |[0m INFO:__main__:--- Starting Round 47. Timeout: 300s ---
[33mserver_1      |[0m INFO:werkzeug:172.18.0.14 - - [28/Jan/2026 03:01:58] "POST /submit_update HTTP/1.1" 200 -
[35mclient_003_1  |[0m 2026-01-28 03:01:58,814 - __main__ - INFO - 🚀 Model update submitted successfully.
[35mclient_003_1  |[0m 2026-01-28 03:01:58,814 - __main__ - INFO - Update submitted for Round 44. Waiting...
[34mclient_004_1  |[0m 2026-01-28 03:01:58,864 - __main__ - INFO - --- New Round Detected: 47 ---
[33mserver_1      |[0m INFO:werkzeug:172.18.0.10 - - [28/Jan/2026 03:01:58] "GET /download_model?round=47 HTTP/1.1" 200 -
[32;1mclient_007_1  |[0m 2026-01-28 03:01:59,468 - __main__ - INFO - --- New Round Detected: 47 ---
[33mserver_1      |[0m INFO:werkzeug:172.18.0.7 - - [28/Jan/2026 03:01:59] "GET /download_model?round=47 HTTP/1.1" 200 -
[36;1mclient_005_1  |[0m 2026-01-28 03:02:00,167 - __main__ - INFO - --- New Round Detected: 47 ---
[33mserver_1      |[0m INFO:werkzeug:172.18.0.17 - - [28/Jan/2026 03:02:00] "GET /download_model?round=47 HTTP/1.1" 200 -
[32;1mclient_007_1  |[0m 2026-01-28 03:02:00,312 - __main__ - INFO - Round 47 finished. Loss: 0.0000, Acc: 0.00%
[33mserver_1      |[0m INFO:__main__:Received update from client_007
[33mserver_1      |[0m INFO:werkzeug:172.18.0.7 - - [28/Jan/2026 03:02:00] "POST /submit_update HTTP/1.1" 200 -
[32;1mclient_007_1  |[0m 2026-01-28 03:02:00,446 - __main__ - INFO - 🚀 Model update submitted successfully.
[32;1mclient_007_1  |[0m 2026-01-28 03:02:00,446 - __main__ - INFO - Update submitted for Round 47. Waiting...
[35;1mclient_008_1  |[0m 2026-01-28 03:02:01,764 - __main__ - INFO - --- New Round Detected: 47 ---
[33mserver_1      |[0m INFO:werkzeug:172.18.0.18 - - [28/Jan/2026 03:02:01] "GET /download_model?round=47 HTTP/1.1" 200 -
[32mclient_002_1  |[0m 2026-01-28 03:02:01,787 - __main__ - INFO - --- New Round Detected: 47 ---
[33mserver_1      |[0m INFO:werkzeug:172.18.0.20 - - [28/Jan/2026 03:02:01] "GET /download_model?round=47 HTTP/1.1" 200 -
[32mclient_002_1  |[0m 2026-01-28 03:02:04,247 - __main__ - INFO - Round 47 finished. Loss: 0.0000, Acc: 0.00%
[36;1mclient_005_1  |[0m 2026-01-28 03:02:04,359 - __main__ - INFO - Round 47 finished. Loss: 0.0000, Acc: 0.00%
[33mserver_1      |[0m INFO:__main__:Received update from client_002
[33mserver_1      |[0m INFO:werkzeug:172.18.0.20 - - [28/Jan/2026 03:02:04] "POST /submit_update HTTP/1.1" 200 -
[32mclient_002_1  |[0m 2026-01-28 03:02:04,402 - __main__ - INFO - 🚀 Model update submitted successfully.
[32mclient_002_1  |[0m 2026-01-28 03:02:04,402 - __main__ - INFO - Update submitted for Round 47. Waiting...
[33mserver_1      |[0m INFO:__main__:Received update from client_005
[33mserver_1      |[0m INFO:werkzeug:172.18.0.17 - - [28/Jan/2026 03:02:04] "POST /submit_update HTTP/1.1" 200 -
[36;1mclient_005_1  |[0m 2026-01-28 03:02:04,494 - __main__ - INFO - 🚀 Model update submitted successfully.
[36;1mclient_005_1  |[0m 2026-01-28 03:02:04,494 - __main__ - INFO - Update submitted for Round 47. Waiting...
[35;1mclient_008_1  |[0m 2026-01-28 03:02:04,595 - __main__ - INFO - Round 47 finished. Loss: 0.0000, Acc: 0.00%
[33mserver_1      |[0m INFO:__main__:Received update from client_008
[33mserver_1      |[0m INFO:werkzeug:172.18.0.18 - - [28/Jan/2026 03:02:04] "POST /submit_update HTTP/1.1" 200 -
[35;1mclient_008_1  |[0m 2026-01-28 03:02:04,731 - __main__ - INFO - 🚀 Model update submitted successfully.
[35;1mclient_008_1  |[0m 2026-01-28 03:02:04,731 - __main__ - INFO - Update submitted for Round 47. Waiting...
[33mclient_011_1  |[0m 2026-01-28 03:02:05,080 - __main__ - INFO - Round 32 finished. Loss: 0.0000, Acc: 0.00%
[34;1mclient_009_1  |[0m 2026-01-28 03:02:05,551 - __main__ - INFO - --- New Round Detected: 47 ---
[33mserver_1      |[0m INFO:werkzeug:172.18.0.22 - - [28/Jan/2026 03:02:05] "GET /download_model?round=47 HTTP/1.1" 200 -
[33mclient_001_1  |[0m 2026-01-28 03:02:05,817 - __main__ - INFO - --- New Round Detected: 47 ---
[33mserver_1      |[0m INFO:werkzeug:172.18.0.6 - - [28/Jan/2026 03:02:05] "GET /download_model?round=47 HTTP/1.1" 200 -
[33mserver_1      |[0m INFO:__main__:Received update from client_011
[33mserver_1      |[0m INFO:__main__:--- Aggregating 5 updates ---
[33mserver_1      |[0m INFO:__main__:⚡ Using Custom Aggregator with Drift Metric...
[33mserver_1      |[0m INFO:server.aggregator:Starting FedAvg aggregation for 5 clients.
[33mclient_001_1  |[0m 2026-01-28 03:02:06,464 - __main__ - INFO - Round 47 finished. Loss: 0.0000, Acc: 0.00%
[33mserver_1      |[0m INFO:werkzeug:172.18.0.6 - - [28/Jan/2026 03:02:06] "[31m[1mPOST /submit_update HTTP/1.1[0m" 400 -
[33mclient_001_1  |[0m 2026-01-28 03:02:06,541 - __main__ - ERROR - Update submission failed: {"error":"Not accepting updates"}
[33mclient_001_1  |[0m 
[33mclient_001_1  |[0m 2026-01-28 03:02:06,541 - __main__ - INFO - Update submitted for Round 47. Waiting...
[36mclient_010_1  |[0m 2026-01-28 03:02:06,980 - __main__ - INFO - --- New Round Detected: 47 ---
[33mserver_1      |[0m INFO:werkzeug:172.18.0.19 - - [28/Jan/2026 03:02:07] "GET /download_model?round=47 HTTP/1.1" 200 -
[33mserver_1      |[0m INFO:server.aggregator:--- [METRIC] Weight Divergence: 1.2408
[33mserver_1      |[0m INFO:server.aggregator:FedAvg aggregation complete.
[33mserver_1      |[0m INFO:__main__:Aggregation complete.
[33mserver_1      |[0m ⏱️ [TIME] Client client_007 finished training in 0.72s
[33mserver_1      |[0m ⏱️ [TIME] Client client_002 finished training in 2.32s
[33mserver_1      |[0m ⏱️ [TIME] Client client_005 finished training in 4.06s
[33mserver_1      |[0m ⏱️ [TIME] Client client_008 finished training in 2.70s
[33mserver_1      |[0m ⏱️ [TIME] Client client_011 finished training in 131.74s
[33mserver_1      |[0m DEBUG: ⚠️ MY CUSTOM AGGREGATOR IS RUNNING ⚠️
[34mclient_004_1  |[0m 2026-01-28 03:02:07,792 - __main__ - INFO - Round 47 finished. Loss: 0.0000, Acc: 0.00%
[33mserver_1      |[0m INFO:werkzeug:172.18.0.10 - - [28/Jan/2026 03:02:07] "[31m[1mPOST /submit_update HTTP/1.1[0m" 400 -
[34mclient_004_1  |[0m 2026-01-28 03:02:07,874 - __main__ - ERROR - Update submission failed: {"error":"Not accepting updates"}
[34mclient_004_1  |[0m 
[34mclient_004_1  |[0m 2026-01-28 03:02:07,874 - __main__ - INFO - Update submitted for Round 47. Waiting...
[36mclient_010_1  |[0m 2026-01-28 03:02:08,143 - __main__ - INFO - Round 47 finished. Loss: 0.0000, Acc: 0.00%
[33mserver_1      |[0m INFO:werkzeug:172.18.0.19 - - [28/Jan/2026 03:02:08] "[31m[1mPOST /submit_update HTTP/1.1[0m" 400 -
[36mclient_010_1  |[0m 2026-01-28 03:02:08,209 - __main__ - ERROR - Update submission failed: {"error":"Not accepting updates"}
[36mclient_010_1  |[0m 
[36mclient_010_1  |[0m 2026-01-28 03:02:08,210 - __main__ - INFO - Update submitted for Round 47. Waiting...
[33;1mclient_006_1  |[0m 2026-01-28 03:02:08,300 - __main__ - INFO - --- New Round Detected: 47 ---
[33mserver_1      |[0m INFO:werkzeug:172.18.0.21 - - [28/Jan/2026 03:02:08] "GET /download_model?round=47 HTTP/1.1" 200 -
[33;1mclient_006_1  |[0m 2026-01-28 03:02:08,466 - __main__ - INFO - Round 47 finished. Loss: 0.0000, Acc: 0.00%
[33mserver_1      |[0m INFO:werkzeug:172.18.0.21 - - [28/Jan/2026 03:02:08] "[31m[1mPOST /submit_update HTTP/1.1[0m" 400 -
[33;1mclient_006_1  |[0m 2026-01-28 03:02:08,533 - __main__ - ERROR - Update submission failed: {"error":"Not accepting updates"}
[33;1mclient_006_1  |[0m 
[33;1mclient_006_1  |[0m 2026-01-28 03:02:08,533 - __main__ - INFO - Update submitted for Round 47. Waiting...
[34;1mclient_009_1  |[0m 2026-01-28 03:02:08,604 - __main__ - INFO - Round 47 finished. Loss: 0.0000, Acc: 0.00%
[33mserver_1      |[0m INFO:werkzeug:172.18.0.22 - - [28/Jan/2026 03:02:08] "[31m[1mPOST /submit_update HTTP/1.1[0m" 400 -
[34;1mclient_009_1  |[0m 2026-01-28 03:02:08,667 - __main__ - ERROR - Update submission failed: {"error":"Not accepting updates"}
[34;1mclient_009_1  |[0m 
[34;1mclient_009_1  |[0m 2026-01-28 03:02:08,667 - __main__ - INFO - Update submitted for Round 47. Waiting...
[35mclient_003_1  |[0m 2026-01-28 03:02:08,894 - __main__ - INFO - --- New Round Detected: 47 ---
[33mserver_1      |[0m INFO:werkzeug:172.18.0.14 - - [28/Jan/2026 03:02:08] "GET /download_model?round=47 HTTP/1.1" 200 -
[33mserver_1      |[0m INFO:__main__:--- Round 47 Acc: 39.38%, Loss: 1.6125 ---
[33mserver_1      |[0m INFO:__main__:--- Starting Round 48. Timeout: 300s ---
[33mserver_1      |[0m INFO:werkzeug:172.18.0.11 - - [28/Jan/2026 03:02:08] "POST /submit_update HTTP/1.1" 200 -
[33mclient_011_1  |[0m 2026-01-28 03:02:09,159 - __main__ - INFO - 🚀 Model update submitted successfully.
[33mclient_011_1  |[0m 2026-01-28 03:02:09,160 - __main__ - INFO - Update submitted for Round 32. Waiting...
[32;1mclient_007_1  |[0m 2026-01-28 03:02:10,513 - __main__ - INFO - --- New Round Detected: 48 ---
[33mserver_1      |[0m INFO:werkzeug:172.18.0.7 - - [28/Jan/2026 03:02:10] "GET /download_model?round=48 HTTP/1.1" 200 -
[32;1mclient_007_1  |[0m 2026-01-28 03:02:11,380 - __main__ - INFO - Round 48 finished. Loss: 0.0000, Acc: 0.00%
[33mserver_1      |[0m INFO:__main__:Received update from client_007
[33mserver_1      |[0m INFO:werkzeug:172.18.0.7 - - [28/Jan/2026 03:02:11] "POST /submit_update HTTP/1.1" 200 -
[32;1mclient_007_1  |[0m 2026-01-28 03:02:11,517 - __main__ - INFO - 🚀 Model update submitted successfully.
[32;1mclient_007_1  |[0m 2026-01-28 03:02:11,517 - __main__ - INFO - Update submitted for Round 48. Waiting...
[32mclient_002_1  |[0m 2026-01-28 03:02:14,463 - __main__ - INFO - --- New Round Detected: 48 ---
[33mserver_1      |[0m INFO:werkzeug:172.18.0.20 - - [28/Jan/2026 03:02:14] "GET /download_model?round=48 HTTP/1.1" 200 -
[36;1mclient_005_1  |[0m 2026-01-28 03:02:14,555 - __main__ - INFO - --- New Round Detected: 48 ---
[33mserver_1      |[0m INFO:werkzeug:172.18.0.17 - - [28/Jan/2026 03:02:14] "GET /download_model?round=48 HTTP/1.1" 200 -
[35;1mclient_008_1  |[0m 2026-01-28 03:02:14,792 - __main__ - INFO - --- New Round Detected: 48 ---
[33mserver_1      |[0m INFO:werkzeug:172.18.0.18 - - [28/Jan/2026 03:02:14] "GET /download_model?round=48 HTTP/1.1" 200 -
[33mclient_001_1  |[0m 2026-01-28 03:02:16,610 - __main__ - INFO - --- New Round Detected: 48 ---
[33mserver_1      |[0m INFO:werkzeug:172.18.0.6 - - [28/Jan/2026 03:02:16] "GET /download_model?round=48 HTTP/1.1" 200 -
[32mclient_002_1  |[0m 2026-01-28 03:02:16,930 - __main__ - INFO - Round 48 finished. Loss: 0.0000, Acc: 0.00%
[33mserver_1      |[0m INFO:__main__:Received update from client_002
[33mserver_1      |[0m INFO:werkzeug:172.18.0.20 - - [28/Jan/2026 03:02:17] "POST /submit_update HTTP/1.1" 200 -
[32mclient_002_1  |[0m 2026-01-28 03:02:17,067 - __main__ - INFO - 🚀 Model update submitted successfully.
[32mclient_002_1  |[0m 2026-01-28 03:02:17,067 - __main__ - INFO - Update submitted for Round 48. Waiting...
[33mclient_001_1  |[0m 2026-01-28 03:02:17,554 - __main__ - INFO - Round 48 finished. Loss: 0.0000, Acc: 0.00%
[35;1mclient_008_1  |[0m 2026-01-28 03:02:17,600 - __main__ - INFO - Round 48 finished. Loss: 0.0000, Acc: 0.00%
[33mserver_1      |[0m INFO:__main__:Received update from client_001
[33mserver_1      |[0m INFO:werkzeug:172.18.0.6 - - [28/Jan/2026 03:02:17] "POST /submit_update HTTP/1.1" 200 -
[33mclient_001_1  |[0m 2026-01-28 03:02:17,688 - __main__ - INFO - 🚀 Model update submitted successfully.
[33mclient_001_1  |[0m 2026-01-28 03:02:17,688 - __main__ - INFO - Update submitted for Round 48. Waiting...
[33mserver_1      |[0m INFO:__main__:Received update from client_008
[33mserver_1      |[0m INFO:werkzeug:172.18.0.18 - - [28/Jan/2026 03:02:17] "POST /submit_update HTTP/1.1" 200 -
[35;1mclient_008_1  |[0m 2026-01-28 03:02:17,755 - __main__ - INFO - 🚀 Model update submitted successfully.
[35;1mclient_008_1  |[0m 2026-01-28 03:02:17,755 - __main__ - INFO - Update submitted for Round 48. Waiting...
[34mclient_004_1  |[0m 2026-01-28 03:02:17,938 - __main__ - INFO - --- New Round Detected: 48 ---
[33mserver_1      |[0m INFO:werkzeug:172.18.0.10 - - [28/Jan/2026 03:02:17] "GET /download_model?round=48 HTTP/1.1" 200 -
[36mclient_010_1  |[0m 2026-01-28 03:02:18,273 - __main__ - INFO - --- New Round Detected: 48 ---
[33mserver_1      |[0m INFO:werkzeug:172.18.0.19 - - [28/Jan/2026 03:02:18] "GET /download_model?round=48 HTTP/1.1" 200 -
[33;1mclient_006_1  |[0m 2026-01-28 03:02:18,594 - __main__ - INFO - --- New Round Detected: 48 ---
[33mserver_1      |[0m INFO:werkzeug:172.18.0.21 - - [28/Jan/2026 03:02:18] "GET /download_model?round=48 HTTP/1.1" 200 -
[34;1mclient_009_1  |[0m 2026-01-28 03:02:18,735 - __main__ - INFO - --- New Round Detected: 48 ---
[33;1mclient_006_1  |[0m 2026-01-28 03:02:18,746 - __main__ - INFO - Round 48 finished. Loss: 0.0000, Acc: 0.00%
[33mserver_1      |[0m INFO:werkzeug:172.18.0.22 - - [28/Jan/2026 03:02:18] "GET /download_model?round=48 HTTP/1.1" 200 -
[33mserver_1      |[0m INFO:__main__:Received update from client_006
[33mserver_1      |[0m INFO:__main__:--- Aggregating 5 updates ---
[33mserver_1      |[0m INFO:__main__:⚡ Using Custom Aggregator with Drift Metric...
[33mserver_1      |[0m INFO:server.aggregator:Starting FedAvg aggregation for 5 clients.
[36;1mclient_005_1  |[0m 2026-01-28 03:02:18,889 - __main__ - INFO - Round 48 finished. Loss: 0.0000, Acc: 0.00%
[33mserver_1      |[0m INFO:werkzeug:172.18.0.17 - - [28/Jan/2026 03:02:18] "[31m[1mPOST /submit_update HTTP/1.1[0m" 400 -
[36;1mclient_005_1  |[0m 2026-01-28 03:02:18,955 - __main__ - ERROR - Update submission failed: {"error":"Not accepting updates"}
[36;1mclient_005_1  |[0m 
[36;1mclient_005_1  |[0m 2026-01-28 03:02:18,956 - __main__ - INFO - Update submitted for Round 48. Waiting...
[36mclient_010_1  |[0m 2026-01-28 03:02:19,476 - __main__ - INFO - Round 48 finished. Loss: 0.0000, Acc: 0.00%
[33mserver_1      |[0m INFO:werkzeug:172.18.0.19 - - [28/Jan/2026 03:02:19] "[31m[1mPOST /submit_update HTTP/1.1[0m" 400 -
[36mclient_010_1  |[0m 2026-01-28 03:02:19,539 - __main__ - ERROR - Update submission failed: {"error":"Not accepting updates"}
[36mclient_010_1  |[0m 
[36mclient_010_1  |[0m 2026-01-28 03:02:19,539 - __main__ - INFO - Update submitted for Round 48. Waiting...
[33mclient_011_1  |[0m 2026-01-28 03:02:19,585 - __main__ - INFO - --- New Round Detected: 48 ---
[33mserver_1      |[0m INFO:werkzeug:172.18.0.11 - - [28/Jan/2026 03:02:19] "GET /download_model?round=48 HTTP/1.1" 200 -
[33mserver_1      |[0m INFO:server.aggregator:--- [METRIC] Weight Divergence: 0.5775
[33mserver_1      |[0m INFO:server.aggregator:FedAvg aggregation complete.
[33mserver_1      |[0m INFO:__main__:Aggregation complete.
[33mserver_1      |[0m ⏱️ [TIME] Client client_007 finished training in 0.74s
[33mserver_1      |[0m ⏱️ [TIME] Client client_002 finished training in 2.31s
[33mserver_1      |[0m ⏱️ [TIME] Client client_001 finished training in 0.78s
[33mserver_1      |[0m ⏱️ [TIME] Client client_008 finished training in 2.65s
[33mserver_1      |[0m ⏱️ [TIME] Client client_006 finished training in 0.03s
[33mserver_1      |[0m DEBUG: ⚠️ MY CUSTOM AGGREGATOR IS RUNNING ⚠️
[33mserver_1      |[0m INFO:__main__:--- Round 48 Acc: 34.39%, Loss: 1.7774 ---
[33mserver_1      |[0m INFO:__main__:--- Starting Round 49. Timeout: 300s ---
[33mserver_1      |[0m INFO:werkzeug:172.18.0.21 - - [28/Jan/2026 03:02:21] "POST /submit_update HTTP/1.1" 200 -
[33;1mclient_006_1  |[0m 2026-01-28 03:02:21,569 - __main__ - INFO - 🚀 Model update submitted successfully.
[33;1mclient_006_1  |[0m 2026-01-28 03:02:21,570 - __main__ - INFO - Update submitted for Round 48. Waiting...
[32;1mclient_007_1  |[0m 2026-01-28 03:02:21,580 - __main__ - INFO - --- New Round Detected: 49 ---
[33mserver_1      |[0m INFO:werkzeug:172.18.0.7 - - [28/Jan/2026 03:02:21] "GET /download_model?round=49 HTTP/1.1" 200 -
[32;1mclient_007_1  |[0m 2026-01-28 03:02:22,518 - __main__ - INFO - Round 49 finished. Loss: 0.0000, Acc: 0.00%
[33mserver_1      |[0m INFO:__main__:Received update from client_007
[33mserver_1      |[0m INFO:werkzeug:172.18.0.7 - - [28/Jan/2026 03:02:22] "POST /submit_update HTTP/1.1" 200 -
[32;1mclient_007_1  |[0m 2026-01-28 03:02:22,654 - __main__ - INFO - 🚀 Model update submitted successfully.
[32;1mclient_007_1  |[0m 2026-01-28 03:02:22,654 - __main__ - INFO - Update submitted for Round 49. Waiting...
[34mclient_004_1  |[0m 2026-01-28 03:02:22,969 - __main__ - INFO - Round 48 finished. Loss: 0.0000, Acc: 0.00%
[33mserver_1      |[0m INFO:__main__:Received update from client_004
[33mserver_1      |[0m INFO:werkzeug:172.18.0.10 - - [28/Jan/2026 03:02:23] "POST /submit_update HTTP/1.1" 200 -
[34mclient_004_1  |[0m 2026-01-28 03:02:23,127 - __main__ - INFO - 🚀 Model update submitted successfully.
[34mclient_004_1  |[0m 2026-01-28 03:02:23,128 - __main__ - INFO - Update submitted for Round 48. Waiting...
[34;1mclient_009_1  |[0m 2026-01-28 03:02:23,677 - __main__ - INFO - Round 48 finished. Loss: 0.0000, Acc: 0.00%
[33mserver_1      |[0m INFO:__main__:Received update from client_009
[33mserver_1      |[0m INFO:werkzeug:172.18.0.22 - - [28/Jan/2026 03:02:23] "POST /submit_update HTTP/1.1" 200 -
[34;1mclient_009_1  |[0m 2026-01-28 03:02:23,811 - __main__ - INFO - 🚀 Model update submitted successfully.
[34;1mclient_009_1  |[0m 2026-01-28 03:02:23,811 - __main__ - INFO - Update submitted for Round 48. Waiting...
[32mclient_002_1  |[0m 2026-01-28 03:02:27,137 - __main__ - INFO - --- New Round Detected: 49 ---
[33mserver_1      |[0m INFO:werkzeug:172.18.0.20 - - [28/Jan/2026 03:02:27] "GET /download_model?round=49 HTTP/1.1" 200 -
[35mclient_003_1  |[0m 2026-01-28 03:02:27,505 - __main__ - INFO - Round 47 finished. Loss: 0.0000, Acc: 0.00%
[33mserver_1      |[0m INFO:__main__:Received update from client_003
[33mserver_1      |[0m INFO:werkzeug:172.18.0.14 - - [28/Jan/2026 03:02:27] "POST /submit_update HTTP/1.1" 200 -
[35mclient_003_1  |[0m 2026-01-28 03:02:27,639 - __main__ - INFO - 🚀 Model update submitted successfully.
[35mclient_003_1  |[0m 2026-01-28 03:02:27,639 - __main__ - INFO - Update submitted for Round 47. Waiting...
[33mclient_001_1  |[0m 2026-01-28 03:02:27,756 - __main__ - INFO - --- New Round Detected: 49 ---
[33mserver_1      |[0m INFO:werkzeug:172.18.0.6 - - [28/Jan/2026 03:02:27] "GET /download_model?round=49 HTTP/1.1" 200 -
[35;1mclient_008_1  |[0m 2026-01-28 03:02:27,830 - __main__ - INFO - --- New Round Detected: 49 ---
[33mserver_1      |[0m INFO:werkzeug:172.18.0.18 - - [28/Jan/2026 03:02:27] "GET /download_model?round=49 HTTP/1.1" 200 -
[33mclient_001_1  |[0m 2026-01-28 03:02:28,334 - __main__ - INFO - Round 49 finished. Loss: 0.0000, Acc: 0.00%
[33mserver_1      |[0m INFO:__main__:Received update from client_001
[33mserver_1      |[0m INFO:__main__:--- Aggregating 5 updates ---
[33mserver_1      |[0m INFO:__main__:⚡ Using Custom Aggregator with Drift Metric...
[33mserver_1      |[0m INFO:server.aggregator:Starting FedAvg aggregation for 5 clients.
[36;1mclient_005_1  |[0m 2026-01-28 03:02:29,036 - __main__ - INFO - --- New Round Detected: 49 ---
[33mserver_1      |[0m INFO:werkzeug:172.18.0.17 - - [28/Jan/2026 03:02:29] "GET /download_model?round=49 HTTP/1.1" 200 -
[32mclient_002_1  |[0m 2026-01-28 03:02:29,493 - __main__ - INFO - Round 49 finished. Loss: 0.0000, Acc: 0.00%
[33mserver_1      |[0m INFO:werkzeug:172.18.0.20 - - [28/Jan/2026 03:02:29] "[31m[1mPOST /submit_update HTTP/1.1[0m" 400 -
[32mclient_002_1  |[0m 2026-01-28 03:02:29,565 - __main__ - ERROR - Update submission failed: {"error":"Not accepting updates"}
[32mclient_002_1  |[0m 
[32mclient_002_1  |[0m 2026-01-28 03:02:29,565 - __main__ - INFO - Update submitted for Round 49. Waiting...
[36mclient_010_1  |[0m 2026-01-28 03:02:29,611 - __main__ - INFO - --- New Round Detected: 49 ---
[33mserver_1      |[0m INFO:werkzeug:172.18.0.19 - - [28/Jan/2026 03:02:29] "GET /download_model?round=49 HTTP/1.1" 200 -
[33mserver_1      |[0m INFO:server.aggregator:--- [METRIC] Weight Divergence: 1.2520
[33mserver_1      |[0m INFO:server.aggregator:FedAvg aggregation complete.
[33mserver_1      |[0m INFO:__main__:Aggregation complete.
[33mserver_1      |[0m ⏱️ [TIME] Client client_007 finished training in 0.79s
[33mserver_1      |[0m ⏱️ [TIME] Client client_004 finished training in 4.90s
[33mserver_1      |[0m ⏱️ [TIME] Client client_009 finished training in 4.81s
[33mserver_1      |[0m ⏱️ [TIME] Client client_003 finished training in 18.48s
[33mserver_1      |[0m ⏱️ [TIME] Client client_001 finished training in 0.44s
[33mserver_1      |[0m DEBUG: ⚠️ MY CUSTOM AGGREGATOR IS RUNNING ⚠️
[35;1mclient_008_1  |[0m 2026-01-28 03:02:30,623 - __main__ - INFO - Round 49 finished. Loss: 0.0000, Acc: 0.00%
[33mserver_1      |[0m INFO:werkzeug:172.18.0.18 - - [28/Jan/2026 03:02:30] "[31m[1mPOST /submit_update HTTP/1.1[0m" 400 -
[35;1mclient_008_1  |[0m 2026-01-28 03:02:30,697 - __main__ - ERROR - Update submission failed: {"error":"Not accepting updates"}
[35;1mclient_008_1  |[0m 
[35;1mclient_008_1  |[0m 2026-01-28 03:02:30,697 - __main__ - INFO - Update submitted for Round 49. Waiting...
[36mclient_010_1  |[0m 2026-01-28 03:02:30,916 - __main__ - INFO - Round 49 finished. Loss: 0.0000, Acc: 0.00%
[33mserver_1      |[0m INFO:werkzeug:172.18.0.19 - - [28/Jan/2026 03:02:30] "[31m[1mPOST /submit_update HTTP/1.1[0m" 400 -
[36mclient_010_1  |[0m 2026-01-28 03:02:30,981 - __main__ - ERROR - Update submission failed: {"error":"Not accepting updates"}
[36mclient_010_1  |[0m 
[36mclient_010_1  |[0m 2026-01-28 03:02:30,981 - __main__ - INFO - Update submitted for Round 49. Waiting...
[33mserver_1      |[0m INFO:__main__:--- Round 49 Acc: 47.30%, Loss: 1.4575 ---
[33mserver_1      |[0m INFO:__main__:---Final model saved ---
[33mserver_1      |[0m INFO:__main__:--- Training complete. ---
[33mserver_1      |[0m INFO:werkzeug:172.18.0.6 - - [28/Jan/2026 03:02:31] "POST /submit_update HTTP/1.1" 200 -
[33mclient_001_1  |[0m 2026-01-28 03:02:31,108 - __main__ - INFO - 🚀 Model update submitted successfully.
[33mclient_001_1  |[0m 2026-01-28 03:02:31,108 - __main__ - INFO - Update submitted for Round 49. Waiting...
[33;1mclient_006_1  |[0m 2026-01-28 03:02:31,636 - __main__ - INFO - Server finished training. Exiting.
[33;1mfl-rest_client_006_1 exited with code 0
[0mStopping fl-rest_client_013_1 ... 
Stopping fl-rest_client_012_1 ... 
Stopping fl-rest_client_015_1 ... 
Stopping fl-rest_client_008_1 ... 
Stopping fl-rest_client_018_1 ... 
Stopping fl-rest_client_016_1 ... 
Stopping fl-rest_client_009_1 ... 
Stopping fl-rest_client_003_1 ... 
Stopping fl-rest_client_005_1 ... 
Stopping fl-rest_client_011_1 ... 
Stopping fl-rest_client_020_1 ... 
Stopping fl-rest_client_017_1 ... 
Stopping fl-rest_client_002_1 ... 
Stopping fl-rest_client_004_1 ... 
Stopping fl-rest_client_010_1 ... 
Stopping fl-rest_client_007_1 ... 
Stopping fl-rest_client_019_1 ... 
Stopping fl-rest_client_001_1 ... 
Stopping fl-rest_client_014_1 ... 
Stopping docker-tc            ... 
Stopping fl-rest_server_1     ... 
Stopping docker-tc            ... done
Stopping fl-rest_client_007_1 ... done
Stopping fl-rest_client_013_1 ... done
Stopping fl-rest_client_011_1 ... done
Stopping fl-rest_client_012_1 ... done
Stopping fl-rest_client_020_1 ... done
Stopping fl-rest_client_015_1 ... done
Stopping fl-rest_client_016_1 ... done
Stopping fl-rest_client_017_1 ... done
Stopping fl-rest_client_019_1 ... done
Stopping fl-rest_client_014_1 ... done
Stopping fl-rest_client_018_1 ... done
Stopping fl-rest_client_009_1 ... done
Stopping fl-rest_client_001_1 ... done
Stopping fl-rest_client_004_1 ... done
Stopping fl-rest_client_005_1 ... done
Stopping fl-rest_client_003_1 ... done
Stopping fl-rest_client_002_1 ... done
Stopping fl-rest_client_008_1 ... done
Stopping fl-rest_client_010_1 ... done
Stopping fl-rest_server_1     ... done
Aborting on container exit...
