using --exit-code-from implies --abort-on-container-exit
Creating docker-tc ... 
Creating fl-rest_server_1 ... 
Creating docker-tc        ... done
Creating fl-rest_server_1 ... done
Creating fl-rest_client_006_1 ... 
Creating fl-rest_client_018_1 ... 
Creating fl-rest_client_003_1 ... 
Creating fl-rest_client_007_1 ... 
Creating fl-rest_client_020_1 ... 
Creating fl-rest_client_004_1 ... 
Creating fl-rest_client_011_1 ... 
Creating fl-rest_client_002_1 ... 
Creating fl-rest_client_005_1 ... 
Creating fl-rest_client_016_1 ... 
Creating fl-rest_client_001_1 ... 
Creating fl-rest_client_010_1 ... 
Creating fl-rest_client_017_1 ... 
Creating fl-rest_client_008_1 ... 
Creating fl-rest_client_012_1 ... 
Creating fl-rest_client_014_1 ... 
Creating fl-rest_client_013_1 ... 
Creating fl-rest_client_009_1 ... 
Creating fl-rest_client_015_1 ... 
Creating fl-rest_client_019_1 ... 
Creating fl-rest_client_018_1 ... done
Creating fl-rest_client_020_1 ... done
Creating fl-rest_client_006_1 ... done
Creating fl-rest_client_011_1 ... done
Creating fl-rest_client_003_1 ... done
Creating fl-rest_client_007_1 ... done
Creating fl-rest_client_012_1 ... done
Creating fl-rest_client_019_1 ... done
Creating fl-rest_client_017_1 ... done
Creating fl-rest_client_016_1 ... done
Creating fl-rest_client_005_1 ... done
Creating fl-rest_client_001_1 ... done
Creating fl-rest_client_014_1 ... done
Creating fl-rest_client_010_1 ... done
Creating fl-rest_client_013_1 ... done
Creating fl-rest_client_009_1 ... done
Creating fl-rest_client_015_1 ... done
Creating fl-rest_client_002_1 ... done
Creating fl-rest_client_008_1 ... done
Creating fl-rest_client_004_1 ... done
Attaching to docker-tc, fl-rest_server_1, fl-rest_client_018_1, fl-rest_client_020_1, fl-rest_client_006_1, fl-rest_client_011_1, fl-rest_client_003_1, fl-rest_client_007_1, fl-rest_client_012_1, fl-rest_client_019_1, fl-rest_client_017_1, fl-rest_client_016_1, fl-rest_client_005_1, fl-rest_client_001_1, fl-rest_client_014_1, fl-rest_client_010_1, fl-rest_client_013_1, fl-rest_client_009_1, fl-rest_client_015_1, fl-rest_client_002_1, fl-rest_client_008_1, fl-rest_client_004_1
[36mdocker-tc     |[0m [s6-init] making user provided files available at /var/run/s6/etc...exited 0.
[36mdocker-tc     |[0m [s6-init] ensuring user provided files have correct perms...exited 0.
[36mdocker-tc     |[0m [fix-attrs.d] applying ownership & permissions fixes...
[36mdocker-tc     |[0m [fix-attrs.d] done.
[36mdocker-tc     |[0m [cont-init.d] executing container initialization scripts...
[36mdocker-tc     |[0m [cont-init.d] 00-init: executing... 
[36mdocker-tc     |[0m [cont-init.d] 00-init: exited 0.
[36mdocker-tc     |[0m [cont-init.d] done.
[36mdocker-tc     |[0m [services.d] starting services
[36mdocker-tc     |[0m Starting garbage collector
[36mdocker-tc     |[0m Starting HTTP server on 127.0.0.1:4080
[36mdocker-tc     |[0m + exec hapttic -file /docker-tc/bin/httpd.sh -logErrors -host 127.0.0.1 -port 4080
[36mdocker-tc     |[0m [services.d] done.
[36mdocker-tc     |[0m 2026/01/28 20:14:27 Thanks for using hapttic v1.0.0
[36mdocker-tc     |[0m 2026/01/28 20:14:27 Listening on 127.0.0.1:4080
[36mdocker-tc     |[0m 2026/01/28 20:14:27 Forwarding requests to /docker-tc/bin/httpd.sh
[36mdocker-tc     |[0m 2026/01/28 20:14:27 Logging errors to stderr
[36mdocker-tc     |[0m 
[36mdocker-tc     |[0m  ____          _              _____         ___ ___ _        _____         _           _
[36mdocker-tc     |[0m |    \ ___ ___| |_ ___ ___   |_   _|___ ___|  _|  _|_|___   |     |___ ___| |_ ___ ___| |
[36mdocker-tc     |[0m |  |  | . |  _| '_| -_|  _|    | | |  _| .'|  _|  _| |  _|  |   --| . |   |  _|  _| . | |
[36mdocker-tc     |[0m |____/|___|___|_,_|___|_|      |_| |_| |__,|_| |_| |_|___|  |_____|___|_|_|_| |_| |___|_|
[36mdocker-tc     |[0m 
[36mdocker-tc     |[0m Starting Docker Traffic Control 18.12
[36mdocker-tc     |[0m https://github.com/lukaszlach/docker-tc
[36mdocker-tc     |[0m 
[33mserver_1      |[0m TensorFlow installation not found - running with reduced feature set.
[36mdocker-tc     |[0m [2026-01-28T20:14:28+00:00] [37ae31d8bc00] Notice: Skipping container, service was disabled by label
[33mserver_1      |[0m 
[33mserver_1      |[0m NOTE: Using experimental fast data loading logic. To disable, pass
[33mserver_1      |[0m     "--load_fast=false" and report issues on GitHub. More details:
[33mserver_1      |[0m     https://github.com/tensorflow/tensorboard/issues/4784
[33mserver_1      |[0m 
[36mdocker-tc     |[0m [2026-01-28T20:14:28+00:00] [bd19146b9070] Notice: Skipping container, no valid labels found
[33mserver_1      |[0m TensorBoard 2.20.0 at http://0.0.0.0:6006/ (Press CTRL+C to quit)
[36mdocker-tc     |[0m [2026-01-28T20:14:28+00:00] [438bf01636a0] Notice: Skipping container, no valid labels found
[36mdocker-tc     |[0m Error response from daemon: Container 3e4b2842dc618e2afe83311ecd360e727849572adbdf41474062df0f06f43f7f is restarting, wait until the container is running
[36mdocker-tc     |[0m [2026-01-28T20:14:28+00:00] [3e4b2842dc61] Warning: Network has no corresponding virtual network interface
[36mdocker-tc     |[0m [2026-01-28T20:14:28+00:00] [badeaf90118b] Notice: Skipping container, no valid labels found
[36mdocker-tc     |[0m [2026-01-28T20:14:28+00:00] [df329e7aef4a] Set delay=200ms, loss=1% on veth1fcb4b8
[36mdocker-tc     |[0m [2026-01-28T20:14:28+00:00] [df329e7aef4a] Set bandwidth-limit=5mbps on veth1fcb4b8
[36mdocker-tc     |[0m [2026-01-28T20:14:28+00:00] [df329e7aef4a] Controlling traffic of the container /fl-rest_client_018_1 on veth1fcb4b8
[36mdocker-tc     |[0m [2026-01-28T20:14:28+00:00] [45558c01c3c6] Set delay=200ms, loss=1% on veth86521c7
[36mdocker-tc     |[0m [2026-01-28T20:14:28+00:00] [45558c01c3c6] Set bandwidth-limit=5mbps on veth86521c7
[36mdocker-tc     |[0m [2026-01-28T20:14:28+00:00] [45558c01c3c6] Controlling traffic of the container /fl-rest_client_020_1 on veth86521c7
[36mdocker-tc     |[0m [2026-01-28T20:14:29+00:00] [2803660c2759] Set delay=20ms on veth91855b0
[36mdocker-tc     |[0m [2026-01-28T20:14:29+00:00] [2803660c2759] Set bandwidth-limit=1gbit on veth91855b0
[36mdocker-tc     |[0m [2026-01-28T20:14:29+00:00] [2803660c2759] Controlling traffic of the container /fl-rest_client_006_1 on veth91855b0
[36mdocker-tc     |[0m [2026-01-28T20:14:29+00:00] [388afba41950] Set delay=200ms, loss=1% on veth88f73cc
[36mdocker-tc     |[0m [2026-01-28T20:14:29+00:00] [388afba41950] Set bandwidth-limit=5mbps on veth88f73cc
[36mdocker-tc     |[0m [2026-01-28T20:14:29+00:00] [388afba41950] Controlling traffic of the container /fl-rest_client_011_1 on veth88f73cc
[36mclient_020_1  |[0m 2026-01-28 20:14:29,651 - __main__ - INFO - --- Starting FL Client: client_020 ---
[35mclient_003_1  |[0m 2026-01-28 20:14:29,657 - __main__ - INFO - --- Starting FL Client: client_003 ---
[35mclient_003_1  |[0m 2026-01-28 20:14:29,660 - __main__ - WARNING - Registration attempt 1 failed: HTTPConnectionPool(host='server', port=5000): Max retries exceeded with url: /register (Caused by NewConnectionError('<urllib3.connection.HTTPConnection object at 0x766d819c0e80>: Failed to establish a new connection: [Errno 111] Connection refused'))
[33mserver_1      |[0m INFO:__main__:Writing TensorBoard logs to: fl_logs/tensorboard/Cenario_C_Hibrido_Mu0.01_Alpha0.3_2014
[33mserver_1      |[0m INFO:__main__:Loading CIFAR-10 test dataset...
[36mdocker-tc     |[0m [2026-01-28T20:14:29+00:00] [4b45a7da42aa] Set delay=20ms on vethcc8f181
[36mdocker-tc     |[0m [2026-01-28T20:14:29+00:00] [4b45a7da42aa] Set bandwidth-limit=1gbit on vethcc8f181
[36mdocker-tc     |[0m [2026-01-28T20:14:29+00:00] [4b45a7da42aa] Controlling traffic of the container /fl-rest_client_003_1 on vethcc8f181
[32;1mclient_007_1  |[0m 2026-01-28 20:14:29,757 - __main__ - INFO - --- Starting FL Client: client_007 ---
[32;1mclient_007_1  |[0m 2026-01-28 20:14:29,760 - __main__ - WARNING - Registration attempt 1 failed: HTTPConnectionPool(host='server', port=5000): Max retries exceeded with url: /register (Caused by NewConnectionError('<urllib3.connection.HTTPConnection object at 0x7ed7419dce80>: Failed to establish a new connection: [Errno 111] Connection refused'))
[35;1mclient_018_1  |[0m 2026-01-28 20:14:29,781 - __main__ - INFO - --- Starting FL Client: client_018 ---
[33;1mclient_016_1  |[0m 2026-01-28 20:14:29,844 - __main__ - INFO - --- Starting FL Client: client_016 ---
[33;1mclient_016_1  |[0m 2026-01-28 20:14:29,846 - __main__ - WARNING - Registration attempt 1 failed: HTTPConnectionPool(host='server', port=5000): Max retries exceeded with url: /register (Caused by NewConnectionError('<urllib3.connection.HTTPConnection object at 0x75cd08578eb0>: Failed to establish a new connection: [Errno 111] Connection refused'))
[36mclient_010_1  |[0m 2026-01-28 20:14:29,932 - __main__ - INFO - --- Starting FL Client: client_010 ---
[36mclient_010_1  |[0m 2026-01-28 20:14:29,934 - __main__ - WARNING - Registration attempt 1 failed: HTTPConnectionPool(host='server', port=5000): Max retries exceeded with url: /register (Caused by NewConnectionError('<urllib3.connection.HTTPConnection object at 0x770f6b170eb0>: Failed to establish a new connection: [Errno 111] Connection refused'))
[33;1mclient_006_1  |[0m 2026-01-28 20:14:29,936 - __main__ - INFO - --- Starting FL Client: client_006 ---
[34;1mclient_019_1  |[0m 2026-01-28 20:14:29,976 - __main__ - INFO - --- Starting FL Client: client_019 ---
[33;1mclient_006_1  |[0m 2026-01-28 20:14:29,978 - __main__ - WARNING - Registration attempt 1 failed: HTTPConnectionPool(host='server', port=5000): Max retries exceeded with url: /register (Caused by NewConnectionError('<urllib3.connection.HTTPConnection object at 0x7532c1098e50>: Failed to establish a new connection: [Errno 111] Connection refused'))
[34;1mclient_019_1  |[0m 2026-01-28 20:14:29,979 - __main__ - WARNING - Registration attempt 1 failed: HTTPConnectionPool(host='server', port=5000): Max retries exceeded with url: /register (Caused by NewConnectionError('<urllib3.connection.HTTPConnection object at 0x78dcb8e58ee0>: Failed to establish a new connection: [Errno 111] Connection refused'))
[36mdocker-tc     |[0m [2026-01-28T20:14:29+00:00] [eb3dce9ac8d0] Set delay=20ms on veth704e770
[36mdocker-tc     |[0m [2026-01-28T20:14:29+00:00] [eb3dce9ac8d0] Set bandwidth-limit=1gbit on veth704e770
[34mclient_014_1  |[0m 2026-01-28 20:14:30,001 - __main__ - INFO - --- Starting FL Client: client_014 ---
[34mclient_014_1  |[0m 2026-01-28 20:14:30,004 - __main__ - WARNING - Registration attempt 1 failed: HTTPConnectionPool(host='server', port=5000): Max retries exceeded with url: /register (Caused by NewConnectionError('<urllib3.connection.HTTPConnection object at 0x74f25bd7ce80>: Failed to establish a new connection: [Errno 111] Connection refused'))
[36mdocker-tc     |[0m [2026-01-28T20:14:30+00:00] [eb3dce9ac8d0] Controlling traffic of the container /fl-rest_client_007_1 on veth704e770
[35mclient_013_1  |[0m 2026-01-28 20:14:30,018 - __main__ - INFO - --- Starting FL Client: client_013 ---
[35mclient_013_1  |[0m 2026-01-28 20:14:30,020 - __main__ - WARNING - Registration attempt 1 failed: HTTPConnectionPool(host='server', port=5000): Max retries exceeded with url: /register (Caused by NewConnectionError('<urllib3.connection.HTTPConnection object at 0x7fb0d64c8ee0>: Failed to establish a new connection: [Errno 111] Connection refused'))
[33mclient_001_1  |[0m 2026-01-28 20:14:30,037 - __main__ - INFO - --- Starting FL Client: client_001 ---
[33mclient_001_1  |[0m 2026-01-28 20:14:30,039 - __main__ - WARNING - Registration attempt 1 failed: HTTPConnectionPool(host='server', port=5000): Max retries exceeded with url: /register (Caused by NewConnectionError('<urllib3.connection.HTTPConnection object at 0x7a2978564e50>: Failed to establish a new connection: [Errno 111] Connection refused'))
[36mclient_020_1  |[0m 2026-01-28 20:14:30,054 - __main__ - WARNING - Registration attempt 1 failed: HTTPConnectionPool(host='server', port=5000): Max retries exceeded with url: /register (Caused by NewConnectionError('<urllib3.connection.HTTPConnection object at 0x7fd44554bd90>: Failed to establish a new connection: [Errno 111] Connection refused'))
[36;1mclient_005_1  |[0m 2026-01-28 20:14:30,077 - __main__ - INFO - --- Starting FL Client: client_005 ---
[36;1mclient_005_1  |[0m 2026-01-28 20:14:30,079 - __main__ - WARNING - Registration attempt 1 failed: HTTPConnectionPool(host='server', port=5000): Max retries exceeded with url: /register (Caused by NewConnectionError('<urllib3.connection.HTTPConnection object at 0x7fd178b58e80>: Failed to establish a new connection: [Errno 111] Connection refused'))
[33mclient_011_1  |[0m 2026-01-28 20:14:30,131 - __main__ - INFO - --- Starting FL Client: client_011 ---
[36;1mclient_015_1  |[0m 2026-01-28 20:14:30,136 - __main__ - INFO - --- Starting FL Client: client_015 ---
[36;1mclient_015_1  |[0m 2026-01-28 20:14:30,139 - __main__ - WARNING - Registration attempt 1 failed: HTTPConnectionPool(host='server', port=5000): Max retries exceeded with url: /register (Caused by NewConnectionError('<urllib3.connection.HTTPConnection object at 0x728c5b278ee0>: Failed to establish a new connection: [Errno 111] Connection refused'))
[32;1mclient_017_1  |[0m 2026-01-28 20:14:30,139 - __main__ - INFO - --- Starting FL Client: client_017 ---
[32;1mclient_017_1  |[0m 2026-01-28 20:14:30,141 - __main__ - WARNING - Registration attempt 1 failed: HTTPConnectionPool(host='server', port=5000): Max retries exceeded with url: /register (Caused by NewConnectionError('<urllib3.connection.HTTPConnection object at 0x767be4544eb0>: Failed to establish a new connection: [Errno 111] Connection refused'))
[32mclient_012_1  |[0m 2026-01-28 20:14:30,156 - __main__ - INFO - --- Starting FL Client: client_012 ---
[32mclient_012_1  |[0m 2026-01-28 20:14:30,158 - __main__ - WARNING - Registration attempt 1 failed: HTTPConnectionPool(host='server', port=5000): Max retries exceeded with url: /register (Caused by NewConnectionError('<urllib3.connection.HTTPConnection object at 0x7b9d1971ceb0>: Failed to establish a new connection: [Errno 111] Connection refused'))
[33mserver_1      |[0m INFO:__main__:Test dataset loaded.
[33mserver_1      |[0m INFO:__main__:Initial model for round 0 created.
[33mserver_1      |[0m Files already downloaded and verified
[33mserver_1      |[0m  * Serving Flask app 'app'
[33mserver_1      |[0m  * Debug mode: off
[33mserver_1      |[0m INFO:werkzeug:[31m[1mWARNING: This is a development server. Do not use it in a production deployment. Use a production WSGI server instead.[0m
[33mserver_1      |[0m  * Running on all addresses (0.0.0.0)
[33mserver_1      |[0m  * Running on http://127.0.0.1:5000
[33mserver_1      |[0m  * Running on http://172.18.0.2:5000
[33mserver_1      |[0m INFO:werkzeug:[33mPress CTRL+C to quit[0m
[35;1mclient_018_1  |[0m 2026-01-28 20:14:30,183 - __main__ - WARNING - Registration attempt 1 failed: HTTPConnectionPool(host='server', port=5000): Max retries exceeded with url: /register (Caused by NewConnectionError('<urllib3.connection.HTTPConnection object at 0x7573b6808eb0>: Failed to establish a new connection: [Errno 111] Connection refused'))
[36mdocker-tc     |[0m [2026-01-28T20:14:30+00:00] [0ed4cc700b0c] Set delay=200ms, loss=1% on vethbf3729a
[36mdocker-tc     |[0m [2026-01-28T20:14:30+00:00] [0ed4cc700b0c] Set bandwidth-limit=5mbps on vethbf3729a
[34;1mclient_009_1  |[0m 2026-01-28 20:14:30,226 - __main__ - INFO - --- Starting FL Client: client_009 ---
[33mserver_1      |[0m INFO:__main__:Client client_009 registered.
[33mserver_1      |[0m INFO:__main__:--- Starting Round 0. Timeout: 300s ---
[34;1mclient_009_1  |[0m 2026-01-28 20:14:30,230 - __main__ - INFO - ✅ Registered with server successfully.
[36mdocker-tc     |[0m [2026-01-28T20:14:30+00:00] [0ed4cc700b0c] Controlling traffic of the container /fl-rest_client_012_1 on vethbf3729a
[34mclient_004_1  |[0m 2026-01-28 20:14:30,246 - __main__ - INFO - --- Starting FL Client: client_004 ---
[33mserver_1      |[0m INFO:__main__:Client client_004 registered.
[34mclient_004_1  |[0m 2026-01-28 20:14:30,250 - __main__ - INFO - ✅ Registered with server successfully.
[32mclient_002_1  |[0m 2026-01-28 20:14:30,282 - __main__ - INFO - --- Starting FL Client: client_002 ---
[33mserver_1      |[0m INFO:__main__:Client client_002 registered.
[32mclient_002_1  |[0m 2026-01-28 20:14:30,286 - __main__ - INFO - ✅ Registered with server successfully.
[35;1mclient_008_1  |[0m 2026-01-28 20:14:30,310 - __main__ - INFO - --- Starting FL Client: client_008 ---
[33mserver_1      |[0m INFO:__main__:Client client_008 registered.
[35;1mclient_008_1  |[0m 2026-01-28 20:14:30,314 - __main__ - INFO - ✅ Registered with server successfully.
[36mdocker-tc     |[0m [2026-01-28T20:14:30+00:00] [cf4647eef19e] Set delay=200ms, loss=1% on veth58a8a74
[36mdocker-tc     |[0m [2026-01-28T20:14:30+00:00] [cf4647eef19e] Set bandwidth-limit=5mbps on veth58a8a74
[33mserver_1      |[0m INFO:__main__:Client client_011 registered.
[36mdocker-tc     |[0m [2026-01-28T20:14:30+00:00] [cf4647eef19e] Controlling traffic of the container /fl-rest_client_019_1 on veth58a8a74
[34;1mclient_009_1  |[0m 2026-01-28 20:14:30,540 - __main__ - INFO - --- New Round Detected: 0 ---
[33mserver_1      |[0m INFO:werkzeug:172.18.0.18 - - [28/Jan/2026 20:14:30] "GET /download_model?round=0 HTTP/1.1" 200 -
[34mclient_004_1  |[0m 2026-01-28 20:14:30,570 - __main__ - INFO - --- New Round Detected: 0 ---
[33mserver_1      |[0m INFO:werkzeug:172.18.0.22 - - [28/Jan/2026 20:14:30] "GET /download_model?round=0 HTTP/1.1" 200 -
[32mclient_002_1  |[0m 2026-01-28 20:14:30,627 - __main__ - INFO - --- New Round Detected: 0 ---
[33mserver_1      |[0m INFO:werkzeug:172.18.0.20 - - [28/Jan/2026 20:14:30] "GET /download_model?round=0 HTTP/1.1" 200 -
[35;1mclient_008_1  |[0m 2026-01-28 20:14:30,635 - __main__ - INFO - --- New Round Detected: 0 ---
[33mserver_1      |[0m INFO:werkzeug:172.18.0.21 - - [28/Jan/2026 20:14:30] "GET /download_model?round=0 HTTP/1.1" 200 -
[33mclient_011_1  |[0m 2026-01-28 20:14:30,646 - __main__ - INFO - ✅ Registered with server successfully.
[36mdocker-tc     |[0m [2026-01-28T20:14:30+00:00] [90b1758adfae] Set delay=200ms, loss=1% on veth8b368c5
[36mdocker-tc     |[0m [2026-01-28T20:14:30+00:00] [90b1758adfae] Set bandwidth-limit=5mbps on veth8b368c5
[36mdocker-tc     |[0m [2026-01-28T20:14:30+00:00] [90b1758adfae] Controlling traffic of the container /fl-rest_client_017_1 on veth8b368c5
[36mdocker-tc     |[0m [2026-01-28T20:14:30+00:00] [c81bc353f04a] Set delay=200ms, loss=1% on veth7960b27
[36mdocker-tc     |[0m [2026-01-28T20:14:30+00:00] [c81bc353f04a] Set bandwidth-limit=5mbps on veth7960b27
[36mdocker-tc     |[0m [2026-01-28T20:14:30+00:00] [c81bc353f04a] Controlling traffic of the container /fl-rest_client_016_1 on veth7960b27
[36mdocker-tc     |[0m [2026-01-28T20:14:31+00:00] [184feb190887] Set delay=20ms on veth54e76ad
[36mdocker-tc     |[0m [2026-01-28T20:14:31+00:00] [184feb190887] Set bandwidth-limit=1gbit on veth54e76ad
[36mdocker-tc     |[0m [2026-01-28T20:14:31+00:00] [184feb190887] Controlling traffic of the container /fl-rest_client_005_1 on veth54e76ad
[36mdocker-tc     |[0m [2026-01-28T20:14:31+00:00] [1b57b64c76b3] Set delay=20ms on veth6f36c45
[36mdocker-tc     |[0m [2026-01-28T20:14:31+00:00] [1b57b64c76b3] Set bandwidth-limit=1gbit on veth6f36c45
[33mclient_011_1  |[0m 2026-01-28 20:14:31,351 - __main__ - INFO - --- New Round Detected: 0 ---
[36mdocker-tc     |[0m [2026-01-28T20:14:31+00:00] [1b57b64c76b3] Controlling traffic of the container /fl-rest_client_001_1 on veth6f36c45
[33mserver_1      |[0m INFO:werkzeug:172.18.0.6 - - [28/Jan/2026 20:14:31] "GET /download_model?round=0 HTTP/1.1" 200 -
[36mdocker-tc     |[0m [2026-01-28T20:14:31+00:00] [42e4687f1774] Set delay=200ms, loss=1% on veth00650ed
[36mdocker-tc     |[0m [2026-01-28T20:14:31+00:00] [42e4687f1774] Set bandwidth-limit=5mbps on veth00650ed
[36mdocker-tc     |[0m [2026-01-28T20:14:31+00:00] [42e4687f1774] Controlling traffic of the container /fl-rest_client_014_1 on veth00650ed
[36mdocker-tc     |[0m [2026-01-28T20:14:31+00:00] [eb5aeb9259f2] Set delay=20ms on vethb978aff
[36mdocker-tc     |[0m [2026-01-28T20:14:31+00:00] [eb5aeb9259f2] Set bandwidth-limit=1gbit on vethb978aff
[36mdocker-tc     |[0m [2026-01-28T20:14:31+00:00] [eb5aeb9259f2] Controlling traffic of the container /fl-rest_client_010_1 on vethb978aff
[36mdocker-tc     |[0m [2026-01-28T20:14:32+00:00] [feff3b75b3de] Set delay=200ms, loss=1% on veth1afe56a
[36mdocker-tc     |[0m [2026-01-28T20:14:32+00:00] [feff3b75b3de] Set bandwidth-limit=5mbps on veth1afe56a
[36mdocker-tc     |[0m [2026-01-28T20:14:32+00:00] [feff3b75b3de] Controlling traffic of the container /fl-rest_client_013_1 on veth1afe56a
[36mdocker-tc     |[0m [2026-01-28T20:14:32+00:00] [716eaa39f5ac] Set delay=20ms on veth2063225
[36mdocker-tc     |[0m [2026-01-28T20:14:32+00:00] [716eaa39f5ac] Set bandwidth-limit=1gbit on veth2063225
[36mdocker-tc     |[0m [2026-01-28T20:14:32+00:00] [716eaa39f5ac] Controlling traffic of the container /fl-rest_client_009_1 on veth2063225
[36mdocker-tc     |[0m [2026-01-28T20:14:32+00:00] [d81a49a9bf22] Set delay=200ms, loss=1% on veth2163f96
[36mdocker-tc     |[0m [2026-01-28T20:14:32+00:00] [d81a49a9bf22] Set bandwidth-limit=5mbps on veth2163f96
[36mdocker-tc     |[0m [2026-01-28T20:14:32+00:00] [d81a49a9bf22] Controlling traffic of the container /fl-rest_client_015_1 on veth2163f96
[33mclient_011_1  |[0m /opt/conda/lib/python3.10/site-packages/torch/cuda/amp/grad_scaler.py:125: UserWarning: torch.cuda.amp.GradScaler is enabled, but CUDA is not available.  Disabling.
[33mclient_011_1  |[0m   warnings.warn(
[33mclient_011_1  |[0m /opt/conda/lib/python3.10/site-packages/torch/amp/autocast_mode.py:250: UserWarning: User provided device_type of 'cuda', but CUDA is not available. Disabling
[33mclient_011_1  |[0m   warnings.warn(
[33mserver_1      |[0m INFO:__main__:Client client_003 registered.
[36mdocker-tc     |[0m [2026-01-28T20:14:32+00:00] [90dea2e50edd] Set delay=20ms on veth06ec511
[36mdocker-tc     |[0m [2026-01-28T20:14:32+00:00] [90dea2e50edd] Set bandwidth-limit=1gbit on veth06ec511
[35mclient_003_1  |[0m 2026-01-28 20:14:32,718 - __main__ - INFO - ✅ Registered with server successfully.
[36mdocker-tc     |[0m [2026-01-28T20:14:32+00:00] [90dea2e50edd] Controlling traffic of the container /fl-rest_client_002_1 on veth06ec511
[33mserver_1      |[0m INFO:__main__:Client client_007 registered.
[32;1mclient_007_1  |[0m 2026-01-28 20:14:32,816 - __main__ - INFO - ✅ Registered with server successfully.
[36mdocker-tc     |[0m [2026-01-28T20:14:32+00:00] [dd97da299ef2] Set delay=20ms on vethf90dfc7
[36mdocker-tc     |[0m [2026-01-28T20:14:32+00:00] [dd97da299ef2] Set bandwidth-limit=1gbit on vethf90dfc7
[33mserver_1      |[0m INFO:__main__:Client client_010 registered.
[36mdocker-tc     |[0m [2026-01-28T20:14:32+00:00] [dd97da299ef2] Controlling traffic of the container /fl-rest_client_008_1 on vethf90dfc7
[36mclient_010_1  |[0m 2026-01-28 20:14:32,991 - __main__ - INFO - ✅ Registered with server successfully.
[33mserver_1      |[0m INFO:__main__:Client client_006 registered.
[33;1mclient_006_1  |[0m 2026-01-28 20:14:33,035 - __main__ - INFO - ✅ Registered with server successfully.
[33mserver_1      |[0m INFO:__main__:Client client_016 registered.
[33mserver_1      |[0m INFO:__main__:Client client_001 registered.
[35mclient_003_1  |[0m 2026-01-28 20:14:33,081 - __main__ - INFO - --- New Round Detected: 0 ---
[33mclient_001_1  |[0m 2026-01-28 20:14:33,094 - __main__ - INFO - ✅ Registered with server successfully.
[33mserver_1      |[0m INFO:__main__:Client client_005 registered.
[33mserver_1      |[0m INFO:werkzeug:172.18.0.8 - - [28/Jan/2026 20:14:33] "GET /download_model?round=0 HTTP/1.1" 200 -
[36;1mclient_005_1  |[0m 2026-01-28 20:14:33,135 - __main__ - INFO - ✅ Registered with server successfully.
[33mserver_1      |[0m INFO:__main__:Client client_019 registered.
[33mserver_1      |[0m INFO:__main__:Client client_014 registered.
[36mdocker-tc     |[0m [2026-01-28T20:14:33+00:00] [5251b345aba4] Set delay=20ms on veth85b6b48
[36mdocker-tc     |[0m [2026-01-28T20:14:33+00:00] [5251b345aba4] Set bandwidth-limit=1gbit on veth85b6b48
[33mserver_1      |[0m INFO:__main__:Client client_013 registered.
[32;1mclient_007_1  |[0m 2026-01-28 20:14:33,246 - __main__ - INFO - --- New Round Detected: 0 ---
[36mdocker-tc     |[0m [2026-01-28T20:14:33+00:00] [5251b345aba4] Controlling traffic of the container /fl-rest_client_004_1 on veth85b6b48
[33mserver_1      |[0m INFO:__main__:Client client_020 registered.
[33;1mclient_016_1  |[0m 2026-01-28 20:14:33,271 - __main__ - INFO - ✅ Registered with server successfully.
[33mserver_1      |[0m INFO:werkzeug:172.18.0.7 - - [28/Jan/2026 20:14:33] "GET /download_model?round=0 HTTP/1.1" 200 -
[33mserver_1      |[0m INFO:__main__:Client client_015 registered.
[33mserver_1      |[0m INFO:__main__:Client client_017 registered.
[36mclient_010_1  |[0m 2026-01-28 20:14:33,379 - __main__ - INFO - --- New Round Detected: 0 ---
[34;1mclient_019_1  |[0m 2026-01-28 20:14:33,398 - __main__ - INFO - ✅ Registered with server successfully.
[34mclient_014_1  |[0m 2026-01-28 20:14:33,422 - __main__ - INFO - ✅ Registered with server successfully.
[32mclient_002_1  |[0m 2026-01-28 20:14:33,410 - __main__ - INFO - Round 0 finished. Loss: 0.7519, Acc: 86.36%
[33mserver_1      |[0m INFO:__main__:Client client_012 registered.
[33mserver_1      |[0m INFO:werkzeug:172.18.0.16 - - [28/Jan/2026 20:14:33] "GET /download_model?round=0 HTTP/1.1" 200 -
[33mserver_1      |[0m INFO:__main__:Client client_018 registered.
[35mclient_013_1  |[0m 2026-01-28 20:14:33,440 - __main__ - INFO - ✅ Registered with server successfully.
[36mclient_020_1  |[0m 2026-01-28 20:14:33,482 - __main__ - INFO - ✅ Registered with server successfully.
[33;1mclient_006_1  |[0m 2026-01-28 20:14:33,519 - __main__ - INFO - --- New Round Detected: 0 ---
[33mclient_001_1  |[0m 2026-01-28 20:14:33,530 - __main__ - INFO - --- New Round Detected: 0 ---
[33mserver_1      |[0m INFO:__main__:Received update from client_002
[33mserver_1      |[0m INFO:werkzeug:172.18.0.20 - - [28/Jan/2026 20:14:33] "POST /submit_update HTTP/1.1" 200 -
[33mserver_1      |[0m INFO:werkzeug:172.18.0.5 - - [28/Jan/2026 20:14:33] "GET /download_model?round=0 HTTP/1.1" 200 -
[33mserver_1      |[0m INFO:werkzeug:172.18.0.14 - - [28/Jan/2026 20:14:33] "GET /download_model?round=0 HTTP/1.1" 200 -
[36;1mclient_015_1  |[0m 2026-01-28 20:14:33,558 - __main__ - INFO - ✅ Registered with server successfully.
[32;1mclient_017_1  |[0m 2026-01-28 20:14:33,558 - __main__ - INFO - ✅ Registered with server successfully.
[32mclient_002_1  |[0m 2026-01-28 20:14:33,564 - __main__ - INFO - 🚀 Model update submitted successfully.
[32mclient_002_1  |[0m 2026-01-28 20:14:33,564 - __main__ - INFO - Update submitted for Round 0. Waiting...
[35;1mclient_008_1  |[0m 2026-01-28 20:14:33,631 - __main__ - INFO - Round 0 finished. Loss: 0.4513, Acc: 97.93%
[32mclient_012_1  |[0m 2026-01-28 20:14:33,641 - __main__ - INFO - ✅ Registered with server successfully.
[35;1mclient_018_1  |[0m 2026-01-28 20:14:33,648 - __main__ - INFO - ✅ Registered with server successfully.
[33mserver_1      |[0m INFO:__main__:Received update from client_008
[33mserver_1      |[0m INFO:werkzeug:172.18.0.21 - - [28/Jan/2026 20:14:33] "POST /submit_update HTTP/1.1" 200 -
[36;1mclient_005_1  |[0m 2026-01-28 20:14:33,750 - __main__ - INFO - --- New Round Detected: 0 ---
[35;1mclient_008_1  |[0m 2026-01-28 20:14:33,768 - __main__ - INFO - 🚀 Model update submitted successfully.
[35;1mclient_008_1  |[0m 2026-01-28 20:14:33,768 - __main__ - INFO - Update submitted for Round 0. Waiting...
[33mserver_1      |[0m INFO:werkzeug:172.18.0.13 - - [28/Jan/2026 20:14:33] "GET /download_model?round=0 HTTP/1.1" 200 -
[34mclient_014_1  |[0m 2026-01-28 20:14:34,400 - __main__ - INFO - --- New Round Detected: 0 ---
[33;1mclient_016_1  |[0m 2026-01-28 20:14:34,463 - __main__ - INFO - --- New Round Detected: 0 ---
[36mclient_020_1  |[0m 2026-01-28 20:14:34,495 - __main__ - INFO - --- New Round Detected: 0 ---
[34;1mclient_019_1  |[0m 2026-01-28 20:14:34,565 - __main__ - INFO - --- New Round Detected: 0 ---
[33mserver_1      |[0m INFO:werkzeug:172.18.0.15 - - [28/Jan/2026 20:14:34] "GET /download_model?round=0 HTTP/1.1" 200 -
[33mserver_1      |[0m INFO:werkzeug:172.18.0.12 - - [28/Jan/2026 20:14:34] "GET /download_model?round=0 HTTP/1.1" 200 -
[32;1mclient_017_1  |[0m 2026-01-28 20:14:34,686 - __main__ - INFO - --- New Round Detected: 0 ---
[33mserver_1      |[0m INFO:werkzeug:172.18.0.4 - - [28/Jan/2026 20:14:34] "GET /download_model?round=0 HTTP/1.1" 200 -
[33mserver_1      |[0m INFO:werkzeug:172.18.0.9 - - [28/Jan/2026 20:14:34] "GET /download_model?round=0 HTTP/1.1" 200 -
[35mclient_013_1  |[0m 2026-01-28 20:14:34,802 - __main__ - INFO - --- New Round Detected: 0 ---
[33;1mclient_006_1  |[0m 2026-01-28 20:14:34,847 - __main__ - INFO - Round 0 finished. Loss: 2.2498, Acc: 21.43%
[33mserver_1      |[0m INFO:werkzeug:172.18.0.11 - - [28/Jan/2026 20:14:34] "GET /download_model?round=0 HTTP/1.1" 200 -
[35;1mclient_018_1  |[0m 2026-01-28 20:14:34,926 - __main__ - INFO - --- New Round Detected: 0 ---
[33mserver_1      |[0m INFO:__main__:Received update from client_006
[33mserver_1      |[0m INFO:werkzeug:172.18.0.5 - - [28/Jan/2026 20:14:34] "POST /submit_update HTTP/1.1" 200 -
[33;1mclient_006_1  |[0m 2026-01-28 20:14:34,983 - __main__ - INFO - 🚀 Model update submitted successfully.
[33;1mclient_006_1  |[0m 2026-01-28 20:14:34,984 - __main__ - INFO - Update submitted for Round 0. Waiting...
[32mclient_012_1  |[0m 2026-01-28 20:14:34,991 - __main__ - INFO - --- New Round Detected: 0 ---
[33mserver_1      |[0m INFO:werkzeug:172.18.0.17 - - [28/Jan/2026 20:14:35] "GET /download_model?round=0 HTTP/1.1" 200 -
[36;1mclient_015_1  |[0m 2026-01-28 20:14:35,014 - __main__ - INFO - --- New Round Detected: 0 ---
[33mserver_1      |[0m INFO:werkzeug:172.18.0.3 - - [28/Jan/2026 20:14:35] "GET /download_model?round=0 HTTP/1.1" 200 -
[33mserver_1      |[0m INFO:werkzeug:172.18.0.10 - - [28/Jan/2026 20:14:35] "GET /download_model?round=0 HTTP/1.1" 200 -
[33mserver_1      |[0m INFO:werkzeug:172.18.0.19 - - [28/Jan/2026 20:14:35] "GET /download_model?round=0 HTTP/1.1" 200 -
[33mclient_001_1  |[0m 2026-01-28 20:14:35,261 - __main__ - INFO - Round 0 finished. Loss: 0.5181, Acc: 96.12%
[32;1mclient_007_1  |[0m 2026-01-28 20:14:35,289 - __main__ - INFO - Round 0 finished. Loss: 1.1311, Acc: 59.89%
[33mserver_1      |[0m INFO:__main__:Received update from client_001
[33mserver_1      |[0m INFO:werkzeug:172.18.0.14 - - [28/Jan/2026 20:14:35] "POST /submit_update HTTP/1.1" 200 -
[33mserver_1      |[0m INFO:__main__:Received update from client_007
[33mserver_1      |[0m INFO:__main__:--- Aggregating 5 updates ---
[33mserver_1      |[0m INFO:__main__:⚡ Using Custom Aggregator with Drift Metric...
[33mserver_1      |[0m INFO:server.aggregator:Starting FedAvg aggregation for 5 clients.
[33mclient_001_1  |[0m 2026-01-28 20:14:35,396 - __main__ - INFO - 🚀 Model update submitted successfully.
[33mclient_001_1  |[0m 2026-01-28 20:14:35,396 - __main__ - INFO - Update submitted for Round 0. Waiting...
[34mclient_014_1  |[0m /opt/conda/lib/python3.10/site-packages/torch/cuda/amp/grad_scaler.py:125: UserWarning: torch.cuda.amp.GradScaler is enabled, but CUDA is not available.  Disabling.
[34mclient_014_1  |[0m   warnings.warn(
[34mclient_014_1  |[0m /opt/conda/lib/python3.10/site-packages/torch/amp/autocast_mode.py:250: UserWarning: User provided device_type of 'cuda', but CUDA is not available. Disabling
[34mclient_014_1  |[0m   warnings.warn(
[34;1mclient_009_1  |[0m 2026-01-28 20:14:35,822 - __main__ - INFO - Round 0 finished. Loss: 1.2541, Acc: 62.59%
[33mserver_1      |[0m INFO:server.aggregator:--- [METRIC] Weight Divergence: 1.0983
[33mserver_1      |[0m INFO:server.aggregator:FedAvg aggregation complete.
[33mserver_1      |[0m INFO:__main__:Aggregation complete.
[33;1mclient_016_1  |[0m /opt/conda/lib/python3.10/site-packages/torch/cuda/amp/grad_scaler.py:125: UserWarning: torch.cuda.amp.GradScaler is enabled, but CUDA is not available.  Disabling.
[33;1mclient_016_1  |[0m   warnings.warn(
[33mserver_1      |[0m INFO:werkzeug:172.18.0.18 - - [28/Jan/2026 20:14:35] "[31m[1mPOST /submit_update HTTP/1.1[0m" 400 -
[33;1mclient_016_1  |[0m /opt/conda/lib/python3.10/site-packages/torch/amp/autocast_mode.py:250: UserWarning: User provided device_type of 'cuda', but CUDA is not available. Disabling
[33;1mclient_016_1  |[0m   warnings.warn(
[34;1mclient_009_1  |[0m 2026-01-28 20:14:35,905 - __main__ - ERROR - Update submission failed: {"error":"Not accepting updates"}
[34;1mclient_009_1  |[0m 
[34;1mclient_009_1  |[0m 2026-01-28 20:14:35,906 - __main__ - INFO - Update submitted for Round 0. Waiting...
[36mclient_010_1  |[0m 2026-01-28 20:14:35,947 - __main__ - INFO - Round 0 finished. Loss: 0.4533, Acc: 97.91%
[33mserver_1      |[0m INFO:werkzeug:172.18.0.16 - - [28/Jan/2026 20:14:35] "[31m[1mPOST /submit_update HTTP/1.1[0m" 400 -
[36mclient_010_1  |[0m 2026-01-28 20:14:36,011 - __main__ - ERROR - Update submission failed: {"error":"Not accepting updates"}
[36mclient_010_1  |[0m 
[36mclient_010_1  |[0m 2026-01-28 20:14:36,011 - __main__ - INFO - Update submitted for Round 0. Waiting...
[36mclient_020_1  |[0m /opt/conda/lib/python3.10/site-packages/torch/cuda/amp/grad_scaler.py:125: UserWarning: torch.cuda.amp.GradScaler is enabled, but CUDA is not available.  Disabling.
[36mclient_020_1  |[0m   warnings.warn(
[33mserver_1      |[0m ⏱️ [TIME] Client client_002 finished training in 2.25s
[33mserver_1      |[0m ⏱️ [TIME] Client client_008 finished training in 2.47s
[33mserver_1      |[0m ⏱️ [TIME] Client client_006 finished training in 0.56s
[33mserver_1      |[0m ⏱️ [TIME] Client client_001 finished training in 0.95s
[33mserver_1      |[0m ⏱️ [TIME] Client client_007 finished training in 1.11s
[33mserver_1      |[0m DEBUG: ⚠️ MY CUSTOM AGGREGATOR IS RUNNING ⚠️
[34;1mclient_019_1  |[0m /opt/conda/lib/python3.10/site-packages/torch/cuda/amp/grad_scaler.py:125: UserWarning: torch.cuda.amp.GradScaler is enabled, but CUDA is not available.  Disabling.
[34;1mclient_019_1  |[0m   warnings.warn(
[36mclient_020_1  |[0m /opt/conda/lib/python3.10/site-packages/torch/amp/autocast_mode.py:250: UserWarning: User provided device_type of 'cuda', but CUDA is not available. Disabling
[36mclient_020_1  |[0m   warnings.warn(
[35mclient_013_1  |[0m /opt/conda/lib/python3.10/site-packages/torch/cuda/amp/grad_scaler.py:125: UserWarning: torch.cuda.amp.GradScaler is enabled, but CUDA is not available.  Disabling.
[35mclient_013_1  |[0m   warnings.warn(
[34;1mclient_019_1  |[0m /opt/conda/lib/python3.10/site-packages/torch/amp/autocast_mode.py:250: UserWarning: User provided device_type of 'cuda', but CUDA is not available. Disabling
[34;1mclient_019_1  |[0m   warnings.warn(
[35mclient_013_1  |[0m /opt/conda/lib/python3.10/site-packages/torch/amp/autocast_mode.py:250: UserWarning: User provided device_type of 'cuda', but CUDA is not available. Disabling
[35mclient_013_1  |[0m   warnings.warn(
[35;1mclient_018_1  |[0m /opt/conda/lib/python3.10/site-packages/torch/cuda/amp/grad_scaler.py:125: UserWarning: torch.cuda.amp.GradScaler is enabled, but CUDA is not available.  Disabling.
[35;1mclient_018_1  |[0m   warnings.warn(
[36;1mclient_015_1  |[0m /opt/conda/lib/python3.10/site-packages/torch/cuda/amp/grad_scaler.py:125: UserWarning: torch.cuda.amp.GradScaler is enabled, but CUDA is not available.  Disabling.
[36;1mclient_015_1  |[0m   warnings.warn(
[35;1mclient_018_1  |[0m /opt/conda/lib/python3.10/site-packages/torch/amp/autocast_mode.py:250: UserWarning: User provided device_type of 'cuda', but CUDA is not available. Disabling
[35;1mclient_018_1  |[0m   warnings.warn(
[36;1mclient_015_1  |[0m /opt/conda/lib/python3.10/site-packages/torch/amp/autocast_mode.py:250: UserWarning: User provided device_type of 'cuda', but CUDA is not available. Disabling
[36;1mclient_015_1  |[0m   warnings.warn(
[33mserver_1      |[0m INFO:__main__:--- Round 0 Acc: 10.00%, Loss: 2.5167 ---
[33mserver_1      |[0m INFO:__main__:--- Starting Round 1. Timeout: 300s ---
[33mserver_1      |[0m INFO:werkzeug:172.18.0.7 - - [28/Jan/2026 20:14:37] "POST /submit_update HTTP/1.1" 200 -
[32;1mclient_007_1  |[0m 2026-01-28 20:14:37,585 - __main__ - INFO - 🚀 Model update submitted successfully.
[32;1mclient_007_1  |[0m 2026-01-28 20:14:37,585 - __main__ - INFO - Update submitted for Round 0. Waiting...
[32mclient_012_1  |[0m /opt/conda/lib/python3.10/site-packages/torch/cuda/amp/grad_scaler.py:125: UserWarning: torch.cuda.amp.GradScaler is enabled, but CUDA is not available.  Disabling.
[32mclient_012_1  |[0m   warnings.warn(
[32mclient_012_1  |[0m /opt/conda/lib/python3.10/site-packages/torch/amp/autocast_mode.py:250: UserWarning: User provided device_type of 'cuda', but CUDA is not available. Disabling
[32mclient_012_1  |[0m   warnings.warn(
[32;1mclient_017_1  |[0m /opt/conda/lib/python3.10/site-packages/torch/cuda/amp/grad_scaler.py:125: UserWarning: torch.cuda.amp.GradScaler is enabled, but CUDA is not available.  Disabling.
[32;1mclient_017_1  |[0m   warnings.warn(
[32;1mclient_017_1  |[0m /opt/conda/lib/python3.10/site-packages/torch/amp/autocast_mode.py:250: UserWarning: User provided device_type of 'cuda', but CUDA is not available. Disabling
[32;1mclient_017_1  |[0m   warnings.warn(
[36;1mclient_005_1  |[0m 2026-01-28 20:14:39,628 - __main__ - INFO - Round 0 finished. Loss: 0.6433, Acc: 88.97%
[33mserver_1      |[0m INFO:__main__:Received update from client_005
[33mserver_1      |[0m INFO:werkzeug:172.18.0.13 - - [28/Jan/2026 20:14:39] "POST /submit_update HTTP/1.1" 200 -
[36;1mclient_005_1  |[0m 2026-01-28 20:14:39,763 - __main__ - INFO - 🚀 Model update submitted successfully.
[36;1mclient_005_1  |[0m 2026-01-28 20:14:39,763 - __main__ - INFO - Update submitted for Round 0. Waiting...
[34mclient_004_1  |[0m 2026-01-28 20:14:41,056 - __main__ - INFO - Round 0 finished. Loss: 1.2202, Acc: 62.43%
[33mserver_1      |[0m INFO:__main__:Received update from client_004
[33mserver_1      |[0m INFO:werkzeug:172.18.0.22 - - [28/Jan/2026 20:14:41] "POST /submit_update HTTP/1.1" 200 -
[34mclient_004_1  |[0m 2026-01-28 20:14:41,211 - __main__ - INFO - 🚀 Model update submitted successfully.
[34mclient_004_1  |[0m 2026-01-28 20:14:41,212 - __main__ - INFO - Update submitted for Round 0. Waiting...
[32mclient_002_1  |[0m 2026-01-28 20:14:43,625 - __main__ - INFO - --- New Round Detected: 1 ---
[33mserver_1      |[0m INFO:werkzeug:172.18.0.20 - - [28/Jan/2026 20:14:43] "GET /download_model?round=1 HTTP/1.1" 200 -
[35;1mclient_008_1  |[0m 2026-01-28 20:14:43,829 - __main__ - INFO - --- New Round Detected: 1 ---
[33mserver_1      |[0m INFO:werkzeug:172.18.0.21 - - [28/Jan/2026 20:14:43] "GET /download_model?round=1 HTTP/1.1" 200 -
[33;1mclient_006_1  |[0m 2026-01-28 20:14:45,049 - __main__ - INFO - --- New Round Detected: 1 ---
[33mserver_1      |[0m INFO:werkzeug:172.18.0.5 - - [28/Jan/2026 20:14:45] "GET /download_model?round=1 HTTP/1.1" 200 -
[33;1mclient_006_1  |[0m 2026-01-28 20:14:45,289 - __main__ - INFO - Round 1 finished. Loss: 2.1842, Acc: 21.43%
[33mserver_1      |[0m INFO:__main__:Received update from client_006
[33mserver_1      |[0m INFO:werkzeug:172.18.0.5 - - [28/Jan/2026 20:14:45] "POST /submit_update HTTP/1.1" 200 -
[33;1mclient_006_1  |[0m 2026-01-28 20:14:45,433 - __main__ - INFO - 🚀 Model update submitted successfully.
[33;1mclient_006_1  |[0m 2026-01-28 20:14:45,433 - __main__ - INFO - Update submitted for Round 1. Waiting...
[33mclient_001_1  |[0m 2026-01-28 20:14:45,497 - __main__ - INFO - --- New Round Detected: 1 ---
[33mserver_1      |[0m INFO:werkzeug:172.18.0.14 - - [28/Jan/2026 20:14:45] "GET /download_model?round=1 HTTP/1.1" 200 -
[34;1mclient_009_1  |[0m 2026-01-28 20:14:45,989 - __main__ - INFO - --- New Round Detected: 1 ---
[33mserver_1      |[0m INFO:werkzeug:172.18.0.18 - - [28/Jan/2026 20:14:46] "GET /download_model?round=1 HTTP/1.1" 200 -
[33mclient_001_1  |[0m 2026-01-28 20:14:46,029 - __main__ - INFO - Round 1 finished. Loss: 0.4876, Acc: 96.12%
[32mclient_002_1  |[0m 2026-01-28 20:14:46,048 - __main__ - INFO - Round 1 finished. Loss: 0.6813, Acc: 88.44%
[36mclient_010_1  |[0m 2026-01-28 20:14:46,074 - __main__ - INFO - --- New Round Detected: 1 ---
[33mserver_1      |[0m INFO:werkzeug:172.18.0.16 - - [28/Jan/2026 20:14:46] "GET /download_model?round=1 HTTP/1.1" 200 -
[33mserver_1      |[0m INFO:__main__:Received update from client_001
[33mserver_1      |[0m INFO:werkzeug:172.18.0.14 - - [28/Jan/2026 20:14:46] "POST /submit_update HTTP/1.1" 200 -
[33mclient_001_1  |[0m 2026-01-28 20:14:46,170 - __main__ - INFO - 🚀 Model update submitted successfully.
[33mclient_001_1  |[0m 2026-01-28 20:14:46,170 - __main__ - INFO - Update submitted for Round 1. Waiting...
[33mserver_1      |[0m INFO:__main__:Received update from client_002
[33mserver_1      |[0m INFO:__main__:--- Aggregating 5 updates ---
[33mserver_1      |[0m INFO:__main__:⚡ Using Custom Aggregator with Drift Metric...
[33mserver_1      |[0m INFO:server.aggregator:Starting FedAvg aggregation for 5 clients.
[35;1mclient_008_1  |[0m 2026-01-28 20:14:46,452 - __main__ - INFO - Round 1 finished. Loss: 0.3164, Acc: 97.93%
[35;1mclient_008_1  |[0m 2026-01-28 20:14:46,552 - __main__ - ERROR - Update submission failed: {"error":"Not accepting updates"}
[35;1mclient_008_1  |[0m 
[35;1mclient_008_1  |[0m 2026-01-28 20:14:46,552 - __main__ - INFO - Update submitted for Round 1. Waiting...
[33mserver_1      |[0m INFO:werkzeug:172.18.0.21 - - [28/Jan/2026 20:14:46] "[31m[1mPOST /submit_update HTTP/1.1[0m" 400 -
[36mclient_010_1  |[0m 2026-01-28 20:14:46,809 - __main__ - INFO - Round 1 finished. Loss: 0.4180, Acc: 97.91%
[33mserver_1      |[0m INFO:werkzeug:172.18.0.16 - - [28/Jan/2026 20:14:46] "[31m[1mPOST /submit_update HTTP/1.1[0m" 400 -
[36mclient_010_1  |[0m 2026-01-28 20:14:46,872 - __main__ - ERROR - Update submission failed: {"error":"Not accepting updates"}
[36mclient_010_1  |[0m 
[36mclient_010_1  |[0m 2026-01-28 20:14:46,873 - __main__ - INFO - Update submitted for Round 1. Waiting...
[32;1mclient_007_1  |[0m 2026-01-28 20:14:47,653 - __main__ - INFO - --- New Round Detected: 1 ---
[33mserver_1      |[0m INFO:werkzeug:172.18.0.7 - - [28/Jan/2026 20:14:47] "GET /download_model?round=1 HTTP/1.1" 200 -
[33mserver_1      |[0m INFO:server.aggregator:--- [METRIC] Weight Divergence: 1.7554
[33mserver_1      |[0m INFO:server.aggregator:FedAvg aggregation complete.
[33mserver_1      |[0m INFO:__main__:Aggregation complete.
[33mserver_1      |[0m ⏱️ [TIME] Client client_005 finished training in 5.19s
[33mserver_1      |[0m ⏱️ [TIME] Client client_004 finished training in 9.97s
[33mserver_1      |[0m ⏱️ [TIME] Client client_006 finished training in 0.05s
[33mserver_1      |[0m ⏱️ [TIME] Client client_001 finished training in 0.39s
[33mserver_1      |[0m ⏱️ [TIME] Client client_002 finished training in 2.30s
[33mserver_1      |[0m DEBUG: ⚠️ MY CUSTOM AGGREGATOR IS RUNNING ⚠️
[32;1mclient_007_1  |[0m 2026-01-28 20:14:48,755 - __main__ - INFO - Round 1 finished. Loss: 1.1570, Acc: 56.78%
[33mserver_1      |[0m INFO:werkzeug:172.18.0.7 - - [28/Jan/2026 20:14:48] "[31m[1mPOST /submit_update HTTP/1.1[0m" 400 -
[32;1mclient_007_1  |[0m 2026-01-28 20:14:48,857 - __main__ - ERROR - Update submission failed: {"error":"Not accepting updates"}
[32;1mclient_007_1  |[0m 
[32;1mclient_007_1  |[0m 2026-01-28 20:14:48,858 - __main__ - INFO - Update submitted for Round 1. Waiting...
[33mserver_1      |[0m INFO:__main__:--- Round 1 Acc: 12.60%, Loss: 2.4793 ---
[33mserver_1      |[0m INFO:__main__:--- Starting Round 2. Timeout: 300s ---
[33mserver_1      |[0m INFO:werkzeug:172.18.0.20 - - [28/Jan/2026 20:14:49] "POST /submit_update HTTP/1.1" 200 -
[32mclient_002_1  |[0m 2026-01-28 20:14:49,661 - __main__ - INFO - 🚀 Model update submitted successfully.
[32mclient_002_1  |[0m 2026-01-28 20:14:49,661 - __main__ - INFO - Update submitted for Round 1. Waiting...
[36;1mclient_005_1  |[0m 2026-01-28 20:14:49,826 - __main__ - INFO - --- New Round Detected: 2 ---
[33mserver_1      |[0m INFO:werkzeug:172.18.0.13 - - [28/Jan/2026 20:14:49] "GET /download_model?round=2 HTTP/1.1" 200 -
[34mclient_004_1  |[0m 2026-01-28 20:14:51,278 - __main__ - INFO - --- New Round Detected: 2 ---
[33mserver_1      |[0m INFO:werkzeug:172.18.0.22 - - [28/Jan/2026 20:14:51] "GET /download_model?round=2 HTTP/1.1" 200 -
[34;1mclient_009_1  |[0m 2026-01-28 20:14:51,630 - __main__ - INFO - Round 1 finished. Loss: 1.2741, Acc: 61.51%
[33mserver_1      |[0m INFO:__main__:Received update from client_009
[33mserver_1      |[0m INFO:werkzeug:172.18.0.18 - - [28/Jan/2026 20:14:51] "POST /submit_update HTTP/1.1" 200 -
[34;1mclient_009_1  |[0m 2026-01-28 20:14:51,772 - __main__ - INFO - 🚀 Model update submitted successfully.
[34;1mclient_009_1  |[0m 2026-01-28 20:14:51,772 - __main__ - INFO - Update submitted for Round 1. Waiting...
[36;1mclient_005_1  |[0m 2026-01-28 20:14:52,888 - __main__ - INFO - Round 2 finished. Loss: 0.4377, Acc: 90.37%
[33mserver_1      |[0m INFO:__main__:Received update from client_005
[33mserver_1      |[0m INFO:werkzeug:172.18.0.13 - - [28/Jan/2026 20:14:52] "POST /submit_update HTTP/1.1" 200 -
[36;1mclient_005_1  |[0m 2026-01-28 20:14:53,022 - __main__ - INFO - 🚀 Model update submitted successfully.
[36;1mclient_005_1  |[0m 2026-01-28 20:14:53,022 - __main__ - INFO - Update submitted for Round 2. Waiting...
[35mclient_003_1  |[0m 2026-01-28 20:14:55,192 - __main__ - INFO - Round 0 finished. Loss: 1.2229, Acc: 67.90%
[33mserver_1      |[0m INFO:__main__:Received update from client_003
[33mserver_1      |[0m INFO:werkzeug:172.18.0.8 - - [28/Jan/2026 20:14:55] "POST /submit_update HTTP/1.1" 200 -
[35mclient_003_1  |[0m 2026-01-28 20:14:55,349 - __main__ - INFO - 🚀 Model update submitted successfully.
[35mclient_003_1  |[0m 2026-01-28 20:14:55,349 - __main__ - INFO - Update submitted for Round 0. Waiting...
[33;1mclient_006_1  |[0m 2026-01-28 20:14:55,504 - __main__ - INFO - --- New Round Detected: 2 ---
[33mserver_1      |[0m INFO:werkzeug:172.18.0.5 - - [28/Jan/2026 20:14:55] "GET /download_model?round=2 HTTP/1.1" 200 -
[33;1mclient_006_1  |[0m 2026-01-28 20:14:55,674 - __main__ - INFO - Round 2 finished. Loss: 1.7874, Acc: 28.57%
[33mserver_1      |[0m INFO:__main__:Received update from client_006
[33mserver_1      |[0m INFO:werkzeug:172.18.0.5 - - [28/Jan/2026 20:14:55] "POST /submit_update HTTP/1.1" 200 -
[33;1mclient_006_1  |[0m 2026-01-28 20:14:55,813 - __main__ - INFO - 🚀 Model update submitted successfully.
[33;1mclient_006_1  |[0m 2026-01-28 20:14:55,814 - __main__ - INFO - Update submitted for Round 2. Waiting...
[33mclient_001_1  |[0m 2026-01-28 20:14:56,268 - __main__ - INFO - --- New Round Detected: 2 ---
[33mserver_1      |[0m INFO:werkzeug:172.18.0.14 - - [28/Jan/2026 20:14:56] "GET /download_model?round=2 HTTP/1.1" 200 -
[35;1mclient_008_1  |[0m 2026-01-28 20:14:56,633 - __main__ - INFO - --- New Round Detected: 2 ---
[33mserver_1      |[0m INFO:werkzeug:172.18.0.21 - - [28/Jan/2026 20:14:56] "GET /download_model?round=2 HTTP/1.1" 200 -
[36mclient_010_1  |[0m 2026-01-28 20:14:56,949 - __main__ - INFO - --- New Round Detected: 2 ---
[33mserver_1      |[0m INFO:werkzeug:172.18.0.16 - - [28/Jan/2026 20:14:56] "GET /download_model?round=2 HTTP/1.1" 200 -
[33mclient_001_1  |[0m 2026-01-28 20:14:57,284 - __main__ - INFO - Round 2 finished. Loss: 0.5485, Acc: 96.12%
[33mserver_1      |[0m INFO:__main__:Received update from client_001
[33mserver_1      |[0m INFO:__main__:--- Aggregating 5 updates ---
[33mserver_1      |[0m INFO:__main__:⚡ Using Custom Aggregator with Drift Metric...
[33mserver_1      |[0m INFO:server.aggregator:Starting FedAvg aggregation for 5 clients.
[36mclient_010_1  |[0m 2026-01-28 20:14:57,715 - __main__ - INFO - Round 2 finished. Loss: 0.5087, Acc: 97.91%
[33mserver_1      |[0m INFO:werkzeug:172.18.0.16 - - [28/Jan/2026 20:14:57] "[31m[1mPOST /submit_update HTTP/1.1[0m" 400 -
[36mclient_010_1  |[0m 2026-01-28 20:14:57,865 - __main__ - ERROR - Update submission failed: {"error":"Not accepting updates"}
[36mclient_010_1  |[0m 
[36mclient_010_1  |[0m 2026-01-28 20:14:57,866 - __main__ - INFO - Update submitted for Round 2. Waiting...
[32;1mclient_007_1  |[0m 2026-01-28 20:14:58,922 - __main__ - INFO - --- New Round Detected: 2 ---
[33mserver_1      |[0m INFO:werkzeug:172.18.0.7 - - [28/Jan/2026 20:14:58] "GET /download_model?round=2 HTTP/1.1" 200 -
[32mclient_002_1  |[0m 2026-01-28 20:14:59,730 - __main__ - INFO - --- New Round Detected: 2 ---
[33mserver_1      |[0m INFO:werkzeug:172.18.0.20 - - [28/Jan/2026 20:14:59] "GET /download_model?round=2 HTTP/1.1" 200 -
[33mserver_1      |[0m INFO:server.aggregator:--- [METRIC] Weight Divergence: 2.3180
[33mserver_1      |[0m INFO:server.aggregator:FedAvg aggregation complete.
[33mserver_1      |[0m INFO:__main__:Aggregation complete.
[35;1mclient_008_1  |[0m 2026-01-28 20:14:59,818 - __main__ - INFO - Round 2 finished. Loss: 0.5240, Acc: 97.93%
[32;1mclient_007_1  |[0m 2026-01-28 20:14:59,834 - __main__ - INFO - Round 2 finished. Loss: 1.1881, Acc: 59.16%
[33mserver_1      |[0m INFO:werkzeug:172.18.0.21 - - [28/Jan/2026 20:14:59] "[31m[1mPOST /submit_update HTTP/1.1[0m" 400 -
[33mserver_1      |[0m INFO:werkzeug:172.18.0.7 - - [28/Jan/2026 20:14:59] "[31m[1mPOST /submit_update HTTP/1.1[0m" 400 -
[35;1mclient_008_1  |[0m 2026-01-28 20:14:59,885 - __main__ - ERROR - Update submission failed: {"error":"Not accepting updates"}
[35;1mclient_008_1  |[0m 
[35;1mclient_008_1  |[0m 2026-01-28 20:14:59,887 - __main__ - INFO - Update submitted for Round 2. Waiting...
[32;1mclient_007_1  |[0m 2026-01-28 20:14:59,898 - __main__ - ERROR - Update submission failed: {"error":"Not accepting updates"}
[32;1mclient_007_1  |[0m 
[32;1mclient_007_1  |[0m 2026-01-28 20:14:59,898 - __main__ - INFO - Update submitted for Round 2. Waiting...
[33mserver_1      |[0m ⏱️ [TIME] Client client_009 finished training in 5.50s
[33mserver_1      |[0m ⏱️ [TIME] Client client_005 finished training in 2.93s
[33mserver_1      |[0m ⏱️ [TIME] Client client_003 finished training in 21.38s
[33mserver_1      |[0m ⏱️ [TIME] Client client_006 finished training in 0.04s
[33mserver_1      |[0m ⏱️ [TIME] Client client_001 finished training in 0.87s
[33mserver_1      |[0m DEBUG: ⚠️ MY CUSTOM AGGREGATOR IS RUNNING ⚠️
[33mserver_1      |[0m INFO:__main__:--- Round 2 Acc: 16.17%, Loss: 2.2198 ---
[33mserver_1      |[0m INFO:__main__:--- Starting Round 3. Timeout: 300s ---
[33mserver_1      |[0m INFO:werkzeug:172.18.0.14 - - [28/Jan/2026 20:15:01] "POST /submit_update HTTP/1.1" 200 -
[33mclient_001_1  |[0m 2026-01-28 20:15:01,190 - __main__ - INFO - 🚀 Model update submitted successfully.
[33mclient_001_1  |[0m 2026-01-28 20:15:01,190 - __main__ - INFO - Update submitted for Round 2. Waiting...
[32mclient_002_1  |[0m 2026-01-28 20:15:01,272 - __main__ - INFO - Round 2 finished. Loss: 0.7056, Acc: 89.53%
[33mserver_1      |[0m INFO:__main__:Received update from client_002
[33mserver_1      |[0m INFO:werkzeug:172.18.0.20 - - [28/Jan/2026 20:15:01] "POST /submit_update HTTP/1.1" 200 -
[32mclient_002_1  |[0m 2026-01-28 20:15:01,408 - __main__ - INFO - 🚀 Model update submitted successfully.
[32mclient_002_1  |[0m 2026-01-28 20:15:01,408 - __main__ - INFO - Update submitted for Round 2. Waiting...
[34mclient_004_1  |[0m 2026-01-28 20:15:01,592 - __main__ - INFO - Round 2 finished. Loss: 1.0096, Acc: 68.16%
[33mserver_1      |[0m INFO:__main__:Received update from client_004
[33mserver_1      |[0m INFO:werkzeug:172.18.0.22 - - [28/Jan/2026 20:15:01] "POST /submit_update HTTP/1.1" 200 -
[34mclient_004_1  |[0m 2026-01-28 20:15:01,747 - __main__ - INFO - 🚀 Model update submitted successfully.
[34mclient_004_1  |[0m 2026-01-28 20:15:01,747 - __main__ - INFO - Update submitted for Round 2. Waiting...
[34;1mclient_009_1  |[0m 2026-01-28 20:15:01,837 - __main__ - INFO - --- New Round Detected: 3 ---
[33mserver_1      |[0m INFO:werkzeug:172.18.0.18 - - [28/Jan/2026 20:15:01] "GET /download_model?round=3 HTTP/1.1" 200 -
[36;1mclient_005_1  |[0m 2026-01-28 20:15:03,085 - __main__ - INFO - --- New Round Detected: 3 ---
[33mserver_1      |[0m INFO:werkzeug:172.18.0.13 - - [28/Jan/2026 20:15:03] "GET /download_model?round=3 HTTP/1.1" 200 -
[35mclient_003_1  |[0m 2026-01-28 20:15:05,413 - __main__ - INFO - --- New Round Detected: 3 ---
[33mserver_1      |[0m INFO:werkzeug:172.18.0.8 - - [28/Jan/2026 20:15:05] "GET /download_model?round=3 HTTP/1.1" 200 -
[33;1mclient_006_1  |[0m 2026-01-28 20:15:05,916 - __main__ - INFO - --- New Round Detected: 3 ---
[33mserver_1      |[0m INFO:werkzeug:172.18.0.5 - - [28/Jan/2026 20:15:05] "GET /download_model?round=3 HTTP/1.1" 200 -
[33;1mclient_006_1  |[0m 2026-01-28 20:15:06,105 - __main__ - INFO - Round 3 finished. Loss: 1.4064, Acc: 78.57%
[33mserver_1      |[0m INFO:__main__:Received update from client_006
[33mserver_1      |[0m INFO:werkzeug:172.18.0.5 - - [28/Jan/2026 20:15:06] "POST /submit_update HTTP/1.1" 200 -
[36;1mclient_005_1  |[0m 2026-01-28 20:15:06,256 - __main__ - INFO - Round 3 finished. Loss: 0.5985, Acc: 91.49%
[33;1mclient_006_1  |[0m 2026-01-28 20:15:06,261 - __main__ - INFO - 🚀 Model update submitted successfully.
[33;1mclient_006_1  |[0m 2026-01-28 20:15:06,261 - __main__ - INFO - Update submitted for Round 3. Waiting...
[33mserver_1      |[0m INFO:__main__:Received update from client_005
[33mserver_1      |[0m INFO:werkzeug:172.18.0.13 - - [28/Jan/2026 20:15:06] "POST /submit_update HTTP/1.1" 200 -
[36;1mclient_005_1  |[0m 2026-01-28 20:15:06,411 - __main__ - INFO - 🚀 Model update submitted successfully.
[36;1mclient_005_1  |[0m 2026-01-28 20:15:06,411 - __main__ - INFO - Update submitted for Round 3. Waiting...
[34;1mclient_009_1  |[0m 2026-01-28 20:15:07,240 - __main__ - INFO - Round 3 finished. Loss: 1.2022, Acc: 64.21%
[33mserver_1      |[0m INFO:__main__:Received update from client_009
[33mserver_1      |[0m INFO:__main__:--- Aggregating 5 updates ---
[33mserver_1      |[0m INFO:__main__:⚡ Using Custom Aggregator with Drift Metric...
[33mserver_1      |[0m INFO:server.aggregator:Starting FedAvg aggregation for 5 clients.
[36mclient_010_1  |[0m 2026-01-28 20:15:07,985 - __main__ - INFO - --- New Round Detected: 3 ---
[33mserver_1      |[0m INFO:werkzeug:172.18.0.16 - - [28/Jan/2026 20:15:08] "GET /download_model?round=3 HTTP/1.1" 200 -
[36mclient_010_1  |[0m 2026-01-28 20:15:08,815 - __main__ - INFO - Round 3 finished. Loss: 0.4300, Acc: 97.91%
[33mserver_1      |[0m INFO:werkzeug:172.18.0.16 - - [28/Jan/2026 20:15:08] "[31m[1mPOST /submit_update HTTP/1.1[0m" 400 -
[36mclient_010_1  |[0m 2026-01-28 20:15:08,878 - __main__ - ERROR - Update submission failed: {"error":"Not accepting updates"}
[36mclient_010_1  |[0m 
[36mclient_010_1  |[0m 2026-01-28 20:15:08,878 - __main__ - INFO - Update submitted for Round 3. Waiting...
[33mserver_1      |[0m INFO:server.aggregator:--- [METRIC] Weight Divergence: 2.0148
[33mserver_1      |[0m INFO:server.aggregator:FedAvg aggregation complete.
[33mserver_1      |[0m INFO:__main__:Aggregation complete.
[33mserver_1      |[0m ⏱️ [TIME] Client client_002 finished training in 1.40s
[33mserver_1      |[0m ⏱️ [TIME] Client client_004 finished training in 10.18s
[33mserver_1      |[0m ⏱️ [TIME] Client client_006 finished training in 0.05s
[33mserver_1      |[0m ⏱️ [TIME] Client client_005 finished training in 3.03s
[33mserver_1      |[0m ⏱️ [TIME] Client client_009 finished training in 5.27s
[33mserver_1      |[0m DEBUG: ⚠️ MY CUSTOM AGGREGATOR IS RUNNING ⚠️
[35;1mclient_008_1  |[0m 2026-01-28 20:15:09,951 - __main__ - INFO - --- New Round Detected: 3 ---
[32;1mclient_007_1  |[0m 2026-01-28 20:15:09,972 - __main__ - INFO - --- New Round Detected: 3 ---
[33mserver_1      |[0m INFO:werkzeug:172.18.0.21 - - [28/Jan/2026 20:15:09] "GET /download_model?round=3 HTTP/1.1" 200 -
[33mserver_1      |[0m INFO:werkzeug:172.18.0.7 - - [28/Jan/2026 20:15:10] "GET /download_model?round=3 HTTP/1.1" 200 -
[32;1mclient_007_1  |[0m 2026-01-28 20:15:10,715 - __main__ - INFO - Round 3 finished. Loss: 1.1318, Acc: 61.17%
[33mserver_1      |[0m INFO:werkzeug:172.18.0.7 - - [28/Jan/2026 20:15:10] "[31m[1mPOST /submit_update HTTP/1.1[0m" 400 -
[32;1mclient_007_1  |[0m 2026-01-28 20:15:10,782 - __main__ - ERROR - Update submission failed: {"error":"Not accepting updates"}
[32;1mclient_007_1  |[0m 
[32;1mclient_007_1  |[0m 2026-01-28 20:15:10,782 - __main__ - INFO - Update submitted for Round 3. Waiting...
[33mclient_001_1  |[0m 2026-01-28 20:15:11,269 - __main__ - INFO - --- New Round Detected: 3 ---
[33mserver_1      |[0m INFO:werkzeug:172.18.0.14 - - [28/Jan/2026 20:15:11] "GET /download_model?round=3 HTTP/1.1" 200 -
[33mserver_1      |[0m INFO:__main__:--- Round 3 Acc: 22.14%, Loss: 2.1825 ---
[33mserver_1      |[0m INFO:__main__:--- Starting Round 4. Timeout: 300s ---
[33mserver_1      |[0m INFO:werkzeug:172.18.0.18 - - [28/Jan/2026 20:15:11] "POST /submit_update HTTP/1.1" 200 -
[34;1mclient_009_1  |[0m 2026-01-28 20:15:11,336 - __main__ - INFO - 🚀 Model update submitted successfully.
[34;1mclient_009_1  |[0m 2026-01-28 20:15:11,336 - __main__ - INFO - Update submitted for Round 3. Waiting...
[32mclient_002_1  |[0m 2026-01-28 20:15:11,480 - __main__ - INFO - --- New Round Detected: 4 ---
[33mserver_1      |[0m INFO:werkzeug:172.18.0.20 - - [28/Jan/2026 20:15:11] "GET /download_model?round=4 HTTP/1.1" 200 -
[34mclient_004_1  |[0m 2026-01-28 20:15:11,818 - __main__ - INFO - --- New Round Detected: 4 ---
[33mserver_1      |[0m INFO:werkzeug:172.18.0.22 - - [28/Jan/2026 20:15:11] "GET /download_model?round=4 HTTP/1.1" 200 -
[33mclient_001_1  |[0m 2026-01-28 20:15:12,198 - __main__ - INFO - Round 3 finished. Loss: 0.4616, Acc: 96.12%
[33mserver_1      |[0m INFO:__main__:Received update from client_001
[33mserver_1      |[0m INFO:werkzeug:172.18.0.14 - - [28/Jan/2026 20:15:12] "POST /submit_update HTTP/1.1" 200 -
[33mclient_001_1  |[0m 2026-01-28 20:15:12,338 - __main__ - INFO - 🚀 Model update submitted successfully.
[33mclient_001_1  |[0m 2026-01-28 20:15:12,338 - __main__ - INFO - Update submitted for Round 3. Waiting...
[32mclient_002_1  |[0m 2026-01-28 20:15:12,988 - __main__ - INFO - Round 4 finished. Loss: 0.5952, Acc: 90.02%
[35;1mclient_008_1  |[0m 2026-01-28 20:15:13,080 - __main__ - INFO - Round 3 finished. Loss: 0.3930, Acc: 97.93%
[33mserver_1      |[0m INFO:__main__:Received update from client_002
[33mserver_1      |[0m INFO:werkzeug:172.18.0.20 - - [28/Jan/2026 20:15:13] "POST /submit_update HTTP/1.1" 200 -
[32mclient_002_1  |[0m 2026-01-28 20:15:13,122 - __main__ - INFO - 🚀 Model update submitted successfully.
[32mclient_002_1  |[0m 2026-01-28 20:15:13,123 - __main__ - INFO - Update submitted for Round 4. Waiting...
[33mserver_1      |[0m INFO:__main__:Received update from client_008
[33mserver_1      |[0m INFO:werkzeug:172.18.0.21 - - [28/Jan/2026 20:15:13] "POST /submit_update HTTP/1.1" 200 -
[35;1mclient_008_1  |[0m 2026-01-28 20:15:13,215 - __main__ - INFO - 🚀 Model update submitted successfully.
[35;1mclient_008_1  |[0m 2026-01-28 20:15:13,215 - __main__ - INFO - Update submitted for Round 3. Waiting...
[33;1mclient_006_1  |[0m 2026-01-28 20:15:16,322 - __main__ - INFO - --- New Round Detected: 4 ---
[33mserver_1      |[0m INFO:werkzeug:172.18.0.5 - - [28/Jan/2026 20:15:16] "GET /download_model?round=4 HTTP/1.1" 200 -
[36;1mclient_005_1  |[0m 2026-01-28 20:15:16,483 - __main__ - INFO - --- New Round Detected: 4 ---
[33;1mclient_006_1  |[0m 2026-01-28 20:15:16,501 - __main__ - INFO - Round 4 finished. Loss: 1.4029, Acc: 57.14%
[33mserver_1      |[0m INFO:werkzeug:172.18.0.13 - - [28/Jan/2026 20:15:16] "GET /download_model?round=4 HTTP/1.1" 200 -
[33mserver_1      |[0m INFO:__main__:Received update from client_006
[33mserver_1      |[0m INFO:werkzeug:172.18.0.5 - - [28/Jan/2026 20:15:16] "POST /submit_update HTTP/1.1" 200 -
[33;1mclient_006_1  |[0m 2026-01-28 20:15:16,640 - __main__ - INFO - 🚀 Model update submitted successfully.
[33;1mclient_006_1  |[0m 2026-01-28 20:15:16,640 - __main__ - INFO - Update submitted for Round 4. Waiting...
[36mclient_010_1  |[0m 2026-01-28 20:15:18,963 - __main__ - INFO - --- New Round Detected: 4 ---
[33mserver_1      |[0m INFO:werkzeug:172.18.0.16 - - [28/Jan/2026 20:15:18] "GET /download_model?round=4 HTTP/1.1" 200 -
[36mclient_010_1  |[0m 2026-01-28 20:15:20,206 - __main__ - INFO - Round 4 finished. Loss: 0.4045, Acc: 97.91%
[33mserver_1      |[0m INFO:__main__:Received update from client_010
[33mserver_1      |[0m INFO:__main__:--- Aggregating 5 updates ---
[33mserver_1      |[0m INFO:__main__:⚡ Using Custom Aggregator with Drift Metric...
[33mserver_1      |[0m INFO:server.aggregator:Starting FedAvg aggregation for 5 clients.
[32;1mclient_007_1  |[0m 2026-01-28 20:15:20,856 - __main__ - INFO - --- New Round Detected: 4 ---
[33mserver_1      |[0m INFO:werkzeug:172.18.0.7 - - [28/Jan/2026 20:15:20] "GET /download_model?round=4 HTTP/1.1" 200 -
[36;1mclient_005_1  |[0m 2026-01-28 20:15:21,115 - __main__ - INFO - Round 4 finished. Loss: 0.4651, Acc: 91.67%
[33mserver_1      |[0m INFO:werkzeug:172.18.0.13 - - [28/Jan/2026 20:15:21] "[31m[1mPOST /submit_update HTTP/1.1[0m" 400 -
[36;1mclient_005_1  |[0m 2026-01-28 20:15:21,181 - __main__ - ERROR - Update submission failed: {"error":"Not accepting updates"}
[36;1mclient_005_1  |[0m 
[36;1mclient_005_1  |[0m 2026-01-28 20:15:21,182 - __main__ - INFO - Update submitted for Round 4. Waiting...
[34;1mclient_009_1  |[0m 2026-01-28 20:15:21,401 - __main__ - INFO - --- New Round Detected: 4 ---
[33mserver_1      |[0m INFO:werkzeug:172.18.0.18 - - [28/Jan/2026 20:15:21] "GET /download_model?round=4 HTTP/1.1" 200 -
[32;1mclient_007_1  |[0m 2026-01-28 20:15:21,513 - __main__ - INFO - Round 4 finished. Loss: 1.2022, Acc: 58.97%
[33mserver_1      |[0m INFO:werkzeug:172.18.0.7 - - [28/Jan/2026 20:15:21] "[31m[1mPOST /submit_update HTTP/1.1[0m" 400 -
[32;1mclient_007_1  |[0m 2026-01-28 20:15:21,603 - __main__ - ERROR - Update submission failed: {"error":"Not accepting updates"}
[32;1mclient_007_1  |[0m 
[32;1mclient_007_1  |[0m 2026-01-28 20:15:21,603 - __main__ - INFO - Update submitted for Round 4. Waiting...
[34mclient_004_1  |[0m 2026-01-28 20:15:21,674 - __main__ - INFO - Round 4 finished. Loss: 0.9760, Acc: 69.47%
[33mserver_1      |[0m INFO:werkzeug:172.18.0.22 - - [28/Jan/2026 20:15:21] "[31m[1mPOST /submit_update HTTP/1.1[0m" 400 -
[34mclient_004_1  |[0m 2026-01-28 20:15:21,741 - __main__ - ERROR - Update submission failed: {"error":"Not accepting updates"}
[34mclient_004_1  |[0m 
[34mclient_004_1  |[0m 2026-01-28 20:15:21,741 - __main__ - INFO - Update submitted for Round 4. Waiting...
[33mclient_001_1  |[0m 2026-01-28 20:15:22,445 - __main__ - INFO - --- New Round Detected: 4 ---
[33mserver_1      |[0m INFO:werkzeug:172.18.0.14 - - [28/Jan/2026 20:15:22] "GET /download_model?round=4 HTTP/1.1" 200 -
[33mserver_1      |[0m INFO:server.aggregator:--- [METRIC] Weight Divergence: 1.3067
[33mserver_1      |[0m INFO:server.aggregator:FedAvg aggregation complete.
[33mserver_1      |[0m INFO:__main__:Aggregation complete.
[33mclient_001_1  |[0m 2026-01-28 20:15:23,087 - __main__ - INFO - Round 4 finished. Loss: 0.4226, Acc: 96.12%
[33mserver_1      |[0m ⏱️ [TIME] Client client_001 finished training in 0.80s
[33mserver_1      |[0m ⏱️ [TIME] Client client_002 finished training in 1.34s
[33mserver_1      |[0m ⏱️ [TIME] Client client_008 finished training in 3.00s
[33mserver_1      |[0m ⏱️ [TIME] Client client_006 finished training in 0.04s
[33mserver_1      |[0m ⏱️ [TIME] Client client_010 finished training in 1.10s
[33mserver_1      |[0m DEBUG: ⚠️ MY CUSTOM AGGREGATOR IS RUNNING ⚠️
[33mserver_1      |[0m INFO:werkzeug:172.18.0.14 - - [28/Jan/2026 20:15:23] "[31m[1mPOST /submit_update HTTP/1.1[0m" 400 -
[35;1mclient_008_1  |[0m 2026-01-28 20:15:23,329 - __main__ - INFO - --- New Round Detected: 4 ---
[33mclient_001_1  |[0m 2026-01-28 20:15:23,346 - __main__ - ERROR - Update submission failed: {"error":"Not accepting updates"}
[33mclient_001_1  |[0m 
[33mclient_001_1  |[0m 2026-01-28 20:15:23,347 - __main__ - INFO - Update submitted for Round 4. Waiting...
[33mserver_1      |[0m INFO:werkzeug:172.18.0.21 - - [28/Jan/2026 20:15:23] "GET /download_model?round=4 HTTP/1.1" 200 -
[33mserver_1      |[0m INFO:__main__:--- Round 4 Acc: 14.42%, Loss: 2.4865 ---
[33mserver_1      |[0m INFO:__main__:--- Starting Round 5. Timeout: 300s ---
[33mserver_1      |[0m INFO:werkzeug:172.18.0.16 - - [28/Jan/2026 20:15:24] "POST /submit_update HTTP/1.1" 200 -
[36mclient_010_1  |[0m 2026-01-28 20:15:24,458 - __main__ - INFO - 🚀 Model update submitted successfully.
[36mclient_010_1  |[0m 2026-01-28 20:15:24,458 - __main__ - INFO - Update submitted for Round 4. Waiting...
[35mclient_003_1  |[0m 2026-01-28 20:15:24,850 - __main__ - INFO - Round 3 finished. Loss: 1.0587, Acc: 70.83%
[33mserver_1      |[0m INFO:__main__:Received update from client_003
[33mserver_1      |[0m INFO:werkzeug:172.18.0.8 - - [28/Jan/2026 20:15:24] "POST /submit_update HTTP/1.1" 200 -
[35mclient_003_1  |[0m 2026-01-28 20:15:25,013 - __main__ - INFO - 🚀 Model update submitted successfully.
[35mclient_003_1  |[0m 2026-01-28 20:15:25,013 - __main__ - INFO - Update submitted for Round 3. Waiting...
[35;1mclient_008_1  |[0m 2026-01-28 20:15:26,475 - __main__ - INFO - Round 4 finished. Loss: 0.4855, Acc: 97.93%
[33mserver_1      |[0m INFO:__main__:Received update from client_008
[33mserver_1      |[0m INFO:werkzeug:172.18.0.21 - - [28/Jan/2026 20:15:26] "POST /submit_update HTTP/1.1" 200 -
[35;1mclient_008_1  |[0m 2026-01-28 20:15:26,610 - __main__ - INFO - 🚀 Model update submitted successfully.
[35;1mclient_008_1  |[0m 2026-01-28 20:15:26,610 - __main__ - INFO - Update submitted for Round 4. Waiting...
[33;1mclient_006_1  |[0m 2026-01-28 20:15:26,703 - __main__ - INFO - --- New Round Detected: 5 ---
[34;1mclient_009_1  |[0m 2026-01-28 20:15:26,712 - __main__ - INFO - Round 4 finished. Loss: 1.0659, Acc: 66.66%
[33mserver_1      |[0m INFO:werkzeug:172.18.0.5 - - [28/Jan/2026 20:15:26] "GET /download_model?round=5 HTTP/1.1" 200 -
[33mserver_1      |[0m INFO:__main__:Received update from client_009
[33mserver_1      |[0m INFO:werkzeug:172.18.0.18 - - [28/Jan/2026 20:15:26] "POST /submit_update HTTP/1.1" 200 -
[34;1mclient_009_1  |[0m 2026-01-28 20:15:26,848 - __main__ - INFO - 🚀 Model update submitted successfully.
[34;1mclient_009_1  |[0m 2026-01-28 20:15:26,848 - __main__ - INFO - Update submitted for Round 4. Waiting...
[33;1mclient_006_1  |[0m 2026-01-28 20:15:26,887 - __main__ - INFO - Round 5 finished. Loss: 1.8220, Acc: 21.43%
[33mserver_1      |[0m INFO:__main__:Received update from client_006
[33mserver_1      |[0m INFO:werkzeug:172.18.0.5 - - [28/Jan/2026 20:15:26] "POST /submit_update HTTP/1.1" 200 -
[33;1mclient_006_1  |[0m 2026-01-28 20:15:27,033 - __main__ - INFO - 🚀 Model update submitted successfully.
[33;1mclient_006_1  |[0m 2026-01-28 20:15:27,034 - __main__ - INFO - Update submitted for Round 5. Waiting...
[36;1mclient_005_1  |[0m 2026-01-28 20:15:31,244 - __main__ - INFO - --- New Round Detected: 5 ---
[33mserver_1      |[0m INFO:werkzeug:172.18.0.13 - - [28/Jan/2026 20:15:31] "GET /download_model?round=5 HTTP/1.1" 200 -
[32;1mclient_007_1  |[0m 2026-01-28 20:15:31,669 - __main__ - INFO - --- New Round Detected: 5 ---
[33mserver_1      |[0m INFO:werkzeug:172.18.0.7 - - [28/Jan/2026 20:15:31] "GET /download_model?round=5 HTTP/1.1" 200 -
[34mclient_004_1  |[0m 2026-01-28 20:15:31,806 - __main__ - INFO - --- New Round Detected: 5 ---
[33mserver_1      |[0m INFO:werkzeug:172.18.0.22 - - [28/Jan/2026 20:15:31] "GET /download_model?round=5 HTTP/1.1" 200 -
[32;1mclient_007_1  |[0m 2026-01-28 20:15:32,538 - __main__ - INFO - Round 5 finished. Loss: 1.1931, Acc: 61.36%
[33mserver_1      |[0m INFO:__main__:Received update from client_007
[33mserver_1      |[0m INFO:__main__:--- Aggregating 5 updates ---
[33mserver_1      |[0m INFO:__main__:⚡ Using Custom Aggregator with Drift Metric...
[33mserver_1      |[0m INFO:server.aggregator:Starting FedAvg aggregation for 5 clients.
[32mclient_002_1  |[0m 2026-01-28 20:15:33,398 - __main__ - INFO - --- New Round Detected: 5 ---
[33mclient_001_1  |[0m 2026-01-28 20:15:33,420 - __main__ - INFO - --- New Round Detected: 5 ---
[33mserver_1      |[0m INFO:werkzeug:172.18.0.20 - - [28/Jan/2026 20:15:33] "GET /download_model?round=5 HTTP/1.1" 200 -
[33mserver_1      |[0m INFO:werkzeug:172.18.0.14 - - [28/Jan/2026 20:15:33] "GET /download_model?round=5 HTTP/1.1" 200 -
[33mclient_001_1  |[0m 2026-01-28 20:15:34,025 - __main__ - INFO - Round 5 finished. Loss: 0.3895, Acc: 96.12%
[33mserver_1      |[0m INFO:werkzeug:172.18.0.14 - - [28/Jan/2026 20:15:34] "[31m[1mPOST /submit_update HTTP/1.1[0m" 400 -
[33mclient_001_1  |[0m 2026-01-28 20:15:34,089 - __main__ - ERROR - Update submission failed: {"error":"Not accepting updates"}
[33mclient_001_1  |[0m 
[33mclient_001_1  |[0m 2026-01-28 20:15:34,089 - __main__ - INFO - Update submitted for Round 5. Waiting...
[33mserver_1      |[0m INFO:server.aggregator:--- [METRIC] Weight Divergence: 2.2567
[33mserver_1      |[0m INFO:server.aggregator:FedAvg aggregation complete.
[33mserver_1      |[0m INFO:__main__:Aggregation complete.
[36mclient_010_1  |[0m 2026-01-28 20:15:34,530 - __main__ - INFO - --- New Round Detected: 5 ---
[33mserver_1      |[0m INFO:werkzeug:172.18.0.16 - - [28/Jan/2026 20:15:34] "GET /download_model?round=5 HTTP/1.1" 200 -
[33mserver_1      |[0m ⏱️ [TIME] Client client_003 finished training in 19.30s
[33mserver_1      |[0m ⏱️ [TIME] Client client_008 finished training in 2.99s
[33mserver_1      |[0m ⏱️ [TIME] Client client_009 finished training in 5.18s
[33mserver_1      |[0m ⏱️ [TIME] Client client_006 finished training in 0.05s
[33mserver_1      |[0m ⏱️ [TIME] Client client_007 finished training in 0.74s
[33mserver_1      |[0m DEBUG: ⚠️ MY CUSTOM AGGREGATOR IS RUNNING ⚠️
[32mclient_002_1  |[0m 2026-01-28 20:15:34,977 - __main__ - INFO - Round 5 finished. Loss: 0.5657, Acc: 90.81%
[33mserver_1      |[0m INFO:werkzeug:172.18.0.20 - - [28/Jan/2026 20:15:35] "[31m[1mPOST /submit_update HTTP/1.1[0m" 400 -
[32mclient_002_1  |[0m 2026-01-28 20:15:35,043 - __main__ - ERROR - Update submission failed: {"error":"Not accepting updates"}
[32mclient_002_1  |[0m 
[32mclient_002_1  |[0m 2026-01-28 20:15:35,043 - __main__ - INFO - Update submitted for Round 5. Waiting...
[35mclient_003_1  |[0m 2026-01-28 20:15:35,076 - __main__ - INFO - --- New Round Detected: 5 ---
[33mserver_1      |[0m INFO:werkzeug:172.18.0.8 - - [28/Jan/2026 20:15:35] "GET /download_model?round=5 HTTP/1.1" 200 -
[33mserver_1      |[0m INFO:__main__:--- Round 5 Acc: 15.39%, Loss: 2.4056 ---
[33mserver_1      |[0m INFO:__main__:--- Starting Round 6. Timeout: 300s ---
[33mserver_1      |[0m INFO:werkzeug:172.18.0.7 - - [28/Jan/2026 20:15:35] "POST /submit_update HTTP/1.1" 200 -
[32;1mclient_007_1  |[0m 2026-01-28 20:15:35,365 - __main__ - INFO - 🚀 Model update submitted successfully.
[32;1mclient_007_1  |[0m 2026-01-28 20:15:35,365 - __main__ - INFO - Update submitted for Round 5. Waiting...
[36mclient_010_1  |[0m 2026-01-28 20:15:35,926 - __main__ - INFO - Round 5 finished. Loss: 0.3516, Acc: 97.91%
[33mserver_1      |[0m INFO:__main__:Received update from client_010
[33mserver_1      |[0m INFO:werkzeug:172.18.0.16 - - [28/Jan/2026 20:15:36] "POST /submit_update HTTP/1.1" 200 -
[36mclient_010_1  |[0m 2026-01-28 20:15:36,062 - __main__ - INFO - 🚀 Model update submitted successfully.
[36mclient_010_1  |[0m 2026-01-28 20:15:36,062 - __main__ - INFO - Update submitted for Round 5. Waiting...
[36;1mclient_005_1  |[0m 2026-01-28 20:15:36,162 - __main__ - INFO - Round 5 finished. Loss: 0.6325, Acc: 90.83%
[33mserver_1      |[0m INFO:__main__:Received update from client_005
[33mserver_1      |[0m INFO:werkzeug:172.18.0.13 - - [28/Jan/2026 20:15:36] "POST /submit_update HTTP/1.1" 200 -
[36;1mclient_005_1  |[0m 2026-01-28 20:15:36,325 - __main__ - INFO - 🚀 Model update submitted successfully.
[36;1mclient_005_1  |[0m 2026-01-28 20:15:36,325 - __main__ - INFO - Update submitted for Round 5. Waiting...
[35;1mclient_008_1  |[0m 2026-01-28 20:15:36,672 - __main__ - INFO - --- New Round Detected: 6 ---
[33mserver_1      |[0m INFO:werkzeug:172.18.0.21 - - [28/Jan/2026 20:15:36] "GET /download_model?round=6 HTTP/1.1" 200 -
[34;1mclient_009_1  |[0m 2026-01-28 20:15:36,911 - __main__ - INFO - --- New Round Detected: 6 ---
[33mserver_1      |[0m INFO:werkzeug:172.18.0.18 - - [28/Jan/2026 20:15:36] "GET /download_model?round=6 HTTP/1.1" 200 -
[33;1mclient_006_1  |[0m 2026-01-28 20:15:37,138 - __main__ - INFO - --- New Round Detected: 6 ---
[33mserver_1      |[0m INFO:werkzeug:172.18.0.5 - - [28/Jan/2026 20:15:37] "GET /download_model?round=6 HTTP/1.1" 200 -
[33;1mclient_006_1  |[0m 2026-01-28 20:15:37,333 - __main__ - INFO - Round 6 finished. Loss: 0.9883, Acc: 85.71%
[33mserver_1      |[0m INFO:__main__:Received update from client_006
[33mserver_1      |[0m INFO:werkzeug:172.18.0.5 - - [28/Jan/2026 20:15:37] "POST /submit_update HTTP/1.1" 200 -
[33;1mclient_006_1  |[0m 2026-01-28 20:15:37,475 - __main__ - INFO - 🚀 Model update submitted successfully.
[33;1mclient_006_1  |[0m 2026-01-28 20:15:37,475 - __main__ - INFO - Update submitted for Round 6. Waiting...
[35;1mclient_008_1  |[0m 2026-01-28 20:15:39,463 - __main__ - INFO - Round 6 finished. Loss: 0.2366, Acc: 98.08%
[33mserver_1      |[0m INFO:__main__:Received update from client_008
[33mserver_1      |[0m INFO:werkzeug:172.18.0.21 - - [28/Jan/2026 20:15:39] "POST /submit_update HTTP/1.1" 200 -
[35;1mclient_008_1  |[0m 2026-01-28 20:15:39,598 - __main__ - INFO - 🚀 Model update submitted successfully.
[35;1mclient_008_1  |[0m 2026-01-28 20:15:39,598 - __main__ - INFO - Update submitted for Round 6. Waiting...
[34mclient_004_1  |[0m 2026-01-28 20:15:41,899 - __main__ - INFO - Round 5 finished. Loss: 1.1761, Acc: 67.87%
[33mserver_1      |[0m INFO:__main__:Received update from client_004
[33mserver_1      |[0m INFO:__main__:--- Aggregating 5 updates ---
[33mserver_1      |[0m INFO:__main__:⚡ Using Custom Aggregator with Drift Metric...
[33mserver_1      |[0m INFO:server.aggregator:Starting FedAvg aggregation for 5 clients.
[34;1mclient_009_1  |[0m 2026-01-28 20:15:42,258 - __main__ - INFO - Round 6 finished. Loss: 1.1350, Acc: 67.71%
[33mserver_1      |[0m INFO:werkzeug:172.18.0.18 - - [28/Jan/2026 20:15:42] "[31m[1mPOST /submit_update HTTP/1.1[0m" 400 -
[34;1mclient_009_1  |[0m 2026-01-28 20:15:42,325 - __main__ - ERROR - Update submission failed: {"error":"Not accepting updates"}
[34;1mclient_009_1  |[0m 
[34;1mclient_009_1  |[0m 2026-01-28 20:15:42,325 - __main__ - INFO - Update submitted for Round 6. Waiting...
[33mserver_1      |[0m INFO:server.aggregator:--- [METRIC] Weight Divergence: 1.7566
[33mserver_1      |[0m INFO:server.aggregator:FedAvg aggregation complete.
[33mserver_1      |[0m INFO:__main__:Aggregation complete.
[33mserver_1      |[0m ⏱️ [TIME] Client client_010 finished training in 1.24s
[33mserver_1      |[0m ⏱️ [TIME] Client client_005 finished training in 4.79s
[33mserver_1      |[0m ⏱️ [TIME] Client client_006 finished training in 0.05s
[33mserver_1      |[0m ⏱️ [TIME] Client client_008 finished training in 2.66s
[33mserver_1      |[0m ⏱️ [TIME] Client client_004 finished training in 9.96s
[33mserver_1      |[0m DEBUG: ⚠️ MY CUSTOM AGGREGATOR IS RUNNING ⚠️
[33mclient_001_1  |[0m 2026-01-28 20:15:44,204 - __main__ - INFO - --- New Round Detected: 6 ---
[33mserver_1      |[0m INFO:werkzeug:172.18.0.14 - - [28/Jan/2026 20:15:44] "GET /download_model?round=6 HTTP/1.1" 200 -
[33mclient_001_1  |[0m 2026-01-28 20:15:44,822 - __main__ - INFO - Round 6 finished. Loss: 0.5090, Acc: 96.12%
[33mserver_1      |[0m INFO:werkzeug:172.18.0.14 - - [28/Jan/2026 20:15:44] "[31m[1mPOST /submit_update HTTP/1.1[0m" 400 -
[33mclient_001_1  |[0m 2026-01-28 20:15:44,896 - __main__ - ERROR - Update submission failed: {"error":"Not accepting updates"}
[33mclient_001_1  |[0m 
[33mclient_001_1  |[0m 2026-01-28 20:15:44,896 - __main__ - INFO - Update submitted for Round 6. Waiting...
[32mclient_002_1  |[0m 2026-01-28 20:15:45,109 - __main__ - INFO - --- New Round Detected: 6 ---
[33mserver_1      |[0m INFO:werkzeug:172.18.0.20 - - [28/Jan/2026 20:15:45] "GET /download_model?round=6 HTTP/1.1" 200 -
[33mserver_1      |[0m INFO:__main__:--- Round 6 Acc: 20.85%, Loss: 2.2807 ---
[33mserver_1      |[0m INFO:__main__:--- Starting Round 7. Timeout: 300s ---
[33mserver_1      |[0m INFO:werkzeug:172.18.0.22 - - [28/Jan/2026 20:15:45] "POST /submit_update HTTP/1.1" 200 -
[34mclient_004_1  |[0m 2026-01-28 20:15:45,457 - __main__ - INFO - 🚀 Model update submitted successfully.
[34mclient_004_1  |[0m 2026-01-28 20:15:45,457 - __main__ - INFO - Update submitted for Round 5. Waiting...
[32;1mclient_007_1  |[0m 2026-01-28 20:15:45,493 - __main__ - INFO - --- New Round Detected: 7 ---
[33mserver_1      |[0m INFO:werkzeug:172.18.0.7 - - [28/Jan/2026 20:15:45] "GET /download_model?round=7 HTTP/1.1" 200 -
[36mclient_010_1  |[0m 2026-01-28 20:15:46,131 - __main__ - INFO - --- New Round Detected: 7 ---
[33mserver_1      |[0m INFO:werkzeug:172.18.0.16 - - [28/Jan/2026 20:15:46] "GET /download_model?round=7 HTTP/1.1" 200 -
[32;1mclient_007_1  |[0m 2026-01-28 20:15:46,272 - __main__ - INFO - Round 7 finished. Loss: 1.2275, Acc: 58.97%
[36;1mclient_005_1  |[0m 2026-01-28 20:15:46,386 - __main__ - INFO - --- New Round Detected: 7 ---
[33mserver_1      |[0m INFO:__main__:Received update from client_007
[33mserver_1      |[0m INFO:werkzeug:172.18.0.7 - - [28/Jan/2026 20:15:46] "POST /submit_update HTTP/1.1" 200 -
[33mserver_1      |[0m INFO:werkzeug:172.18.0.13 - - [28/Jan/2026 20:15:46] "GET /download_model?round=7 HTTP/1.1" 200 -
[32;1mclient_007_1  |[0m 2026-01-28 20:15:46,421 - __main__ - INFO - 🚀 Model update submitted successfully.
[32;1mclient_007_1  |[0m 2026-01-28 20:15:46,421 - __main__ - INFO - Update submitted for Round 7. Waiting...
[36mclient_010_1  |[0m 2026-01-28 20:15:46,954 - __main__ - INFO - Round 7 finished. Loss: 0.4620, Acc: 97.91%
[33mserver_1      |[0m INFO:__main__:Received update from client_010
[33mserver_1      |[0m INFO:werkzeug:172.18.0.16 - - [28/Jan/2026 20:15:47] "POST /submit_update HTTP/1.1" 200 -
[36mclient_010_1  |[0m 2026-01-28 20:15:47,088 - __main__ - INFO - 🚀 Model update submitted successfully.
[36mclient_010_1  |[0m 2026-01-28 20:15:47,088 - __main__ - INFO - Update submitted for Round 7. Waiting...
[32mclient_002_1  |[0m 2026-01-28 20:15:47,166 - __main__ - INFO - Round 6 finished. Loss: 0.7730, Acc: 88.34%
[33mserver_1      |[0m INFO:__main__:Received update from client_002
[33mserver_1      |[0m INFO:werkzeug:172.18.0.20 - - [28/Jan/2026 20:15:47] "POST /submit_update HTTP/1.1" 200 -
[32mclient_002_1  |[0m 2026-01-28 20:15:47,341 - __main__ - INFO - 🚀 Model update submitted successfully.
[32mclient_002_1  |[0m 2026-01-28 20:15:47,341 - __main__ - INFO - Update submitted for Round 6. Waiting...
[33;1mclient_006_1  |[0m 2026-01-28 20:15:47,552 - __main__ - INFO - --- New Round Detected: 7 ---
[33mserver_1      |[0m INFO:werkzeug:172.18.0.5 - - [28/Jan/2026 20:15:47] "GET /download_model?round=7 HTTP/1.1" 200 -
[33;1mclient_006_1  |[0m 2026-01-28 20:15:47,739 - __main__ - INFO - Round 7 finished. Loss: 1.2177, Acc: 71.43%
[33mserver_1      |[0m INFO:__main__:Received update from client_006
[33mserver_1      |[0m INFO:werkzeug:172.18.0.5 - - [28/Jan/2026 20:15:47] "POST /submit_update HTTP/1.1" 200 -
[33;1mclient_006_1  |[0m 2026-01-28 20:15:47,876 - __main__ - INFO - 🚀 Model update submitted successfully.
[33;1mclient_006_1  |[0m 2026-01-28 20:15:47,876 - __main__ - INFO - Update submitted for Round 7. Waiting...
[35;1mclient_008_1  |[0m 2026-01-28 20:15:49,677 - __main__ - INFO - --- New Round Detected: 7 ---
[33mserver_1      |[0m INFO:werkzeug:172.18.0.21 - - [28/Jan/2026 20:15:49] "GET /download_model?round=7 HTTP/1.1" 200 -
[35mclient_003_1  |[0m 2026-01-28 20:15:50,784 - __main__ - INFO - Round 5 finished. Loss: 1.1494, Acc: 70.11%
[33mserver_1      |[0m INFO:__main__:Received update from client_003
[33mserver_1      |[0m INFO:__main__:--- Aggregating 5 updates ---
[33mserver_1      |[0m INFO:__main__:⚡ Using Custom Aggregator with Drift Metric...
[33mserver_1      |[0m INFO:server.aggregator:Starting FedAvg aggregation for 5 clients.
[36;1mclient_005_1  |[0m 2026-01-28 20:15:51,210 - __main__ - INFO - Round 7 finished. Loss: 0.4251, Acc: 91.33%
[33mserver_1      |[0m INFO:werkzeug:172.18.0.13 - - [28/Jan/2026 20:15:51] "[31m[1mPOST /submit_update HTTP/1.1[0m" 400 -
[36;1mclient_005_1  |[0m 2026-01-28 20:15:51,276 - __main__ - ERROR - Update submission failed: {"error":"Not accepting updates"}
[36;1mclient_005_1  |[0m 
[36;1mclient_005_1  |[0m 2026-01-28 20:15:51,276 - __main__ - INFO - Update submitted for Round 7. Waiting...
[33mserver_1      |[0m INFO:server.aggregator:--- [METRIC] Weight Divergence: 2.2448
[33mserver_1      |[0m INFO:server.aggregator:FedAvg aggregation complete.
[33mserver_1      |[0m INFO:__main__:Aggregation complete.
[34;1mclient_009_1  |[0m 2026-01-28 20:15:52,411 - __main__ - INFO - --- New Round Detected: 7 ---
[33mserver_1      |[0m INFO:werkzeug:172.18.0.18 - - [28/Jan/2026 20:15:52] "GET /download_model?round=7 HTTP/1.1" 200 -
[33mserver_1      |[0m ⏱️ [TIME] Client client_007 finished training in 0.63s
[33mserver_1      |[0m ⏱️ [TIME] Client client_010 finished training in 0.70s
[33mserver_1      |[0m ⏱️ [TIME] Client client_002 finished training in 1.93s
[33mserver_1      |[0m ⏱️ [TIME] Client client_006 finished training in 0.05s
[33mserver_1      |[0m ⏱️ [TIME] Client client_003 finished training in 15.57s
[33mserver_1      |[0m DEBUG: ⚠️ MY CUSTOM AGGREGATOR IS RUNNING ⚠️
[35;1mclient_008_1  |[0m 2026-01-28 20:15:52,869 - __main__ - INFO - Round 7 finished. Loss: 0.4180, Acc: 97.93%
[33mserver_1      |[0m INFO:werkzeug:172.18.0.21 - - [28/Jan/2026 20:15:52] "[31m[1mPOST /submit_update HTTP/1.1[0m" 400 -
[35;1mclient_008_1  |[0m 2026-01-28 20:15:52,935 - __main__ - ERROR - Update submission failed: {"error":"Not accepting updates"}
[35;1mclient_008_1  |[0m 
[35;1mclient_008_1  |[0m 2026-01-28 20:15:52,936 - __main__ - INFO - Update submitted for Round 7. Waiting...
[33mserver_1      |[0m INFO:__main__:--- Round 7 Acc: 20.90%, Loss: 2.2734 ---
[33mserver_1      |[0m INFO:__main__:--- Starting Round 8. Timeout: 300s ---
[33mserver_1      |[0m INFO:werkzeug:172.18.0.8 - - [28/Jan/2026 20:15:53] "POST /submit_update HTTP/1.1" 200 -
[35mclient_003_1  |[0m 2026-01-28 20:15:53,772 - __main__ - INFO - 🚀 Model update submitted successfully.
[35mclient_003_1  |[0m 2026-01-28 20:15:53,772 - __main__ - INFO - Update submitted for Round 5. Waiting...
[33mclient_001_1  |[0m 2026-01-28 20:15:54,982 - __main__ - INFO - --- New Round Detected: 8 ---
[33mserver_1      |[0m INFO:werkzeug:172.18.0.14 - - [28/Jan/2026 20:15:55] "GET /download_model?round=8 HTTP/1.1" 200 -
[34mclient_004_1  |[0m 2026-01-28 20:15:55,523 - __main__ - INFO - --- New Round Detected: 8 ---
[33mserver_1      |[0m INFO:werkzeug:172.18.0.22 - - [28/Jan/2026 20:15:55] "GET /download_model?round=8 HTTP/1.1" 200 -
[33mclient_001_1  |[0m 2026-01-28 20:15:55,997 - __main__ - INFO - Round 8 finished. Loss: 0.4628, Acc: 96.12%
[33mserver_1      |[0m INFO:__main__:Received update from client_001
[33mserver_1      |[0m INFO:werkzeug:172.18.0.14 - - [28/Jan/2026 20:15:56] "POST /submit_update HTTP/1.1" 200 -
[33mclient_001_1  |[0m 2026-01-28 20:15:56,133 - __main__ - INFO - 🚀 Model update submitted successfully.
[33mclient_001_1  |[0m 2026-01-28 20:15:56,133 - __main__ - INFO - Update submitted for Round 8. Waiting...
[32;1mclient_007_1  |[0m 2026-01-28 20:15:56,495 - __main__ - INFO - --- New Round Detected: 8 ---
[33mserver_1      |[0m INFO:werkzeug:172.18.0.7 - - [28/Jan/2026 20:15:56] "GET /download_model?round=8 HTTP/1.1" 200 -
[32;1mclient_007_1  |[0m 2026-01-28 20:15:57,125 - __main__ - INFO - Round 8 finished. Loss: 1.0404, Acc: 65.93%
[36mclient_010_1  |[0m 2026-01-28 20:15:57,188 - __main__ - INFO - --- New Round Detected: 8 ---
[33mserver_1      |[0m INFO:werkzeug:172.18.0.16 - - [28/Jan/2026 20:15:57] "GET /download_model?round=8 HTTP/1.1" 200 -
[33mserver_1      |[0m INFO:__main__:Received update from client_007
[33mserver_1      |[0m INFO:werkzeug:172.18.0.7 - - [28/Jan/2026 20:15:57] "POST /submit_update HTTP/1.1" 200 -
[32;1mclient_007_1  |[0m 2026-01-28 20:15:57,258 - __main__ - INFO - 🚀 Model update submitted successfully.
[32;1mclient_007_1  |[0m 2026-01-28 20:15:57,258 - __main__ - INFO - Update submitted for Round 8. Waiting...
[32mclient_002_1  |[0m 2026-01-28 20:15:57,404 - __main__ - INFO - --- New Round Detected: 8 ---
[33mserver_1      |[0m INFO:werkzeug:172.18.0.20 - - [28/Jan/2026 20:15:57] "GET /download_model?round=8 HTTP/1.1" 200 -
[34;1mclient_009_1  |[0m 2026-01-28 20:15:57,621 - __main__ - INFO - Round 7 finished. Loss: 1.1365, Acc: 67.41%
[33mserver_1      |[0m INFO:__main__:Received update from client_009
[33mserver_1      |[0m INFO:werkzeug:172.18.0.18 - - [28/Jan/2026 20:15:57] "POST /submit_update HTTP/1.1" 200 -
[34;1mclient_009_1  |[0m 2026-01-28 20:15:57,765 - __main__ - INFO - 🚀 Model update submitted successfully.
[34;1mclient_009_1  |[0m 2026-01-28 20:15:57,765 - __main__ - INFO - Update submitted for Round 7. Waiting...
[33;1mclient_006_1  |[0m 2026-01-28 20:15:57,937 - __main__ - INFO - --- New Round Detected: 8 ---
[33mserver_1      |[0m INFO:werkzeug:172.18.0.5 - - [28/Jan/2026 20:15:57] "GET /download_model?round=8 HTTP/1.1" 200 -
[36mclient_010_1  |[0m 2026-01-28 20:15:58,105 - __main__ - INFO - Round 8 finished. Loss: 0.4380, Acc: 97.91%
[33;1mclient_006_1  |[0m 2026-01-28 20:15:58,109 - __main__ - INFO - Round 8 finished. Loss: 1.0545, Acc: 85.71%
[33mserver_1      |[0m INFO:__main__:Received update from client_010
[33mserver_1      |[0m INFO:werkzeug:172.18.0.16 - - [28/Jan/2026 20:15:58] "POST /submit_update HTTP/1.1" 200 -
[33mserver_1      |[0m INFO:__main__:Received update from client_006
[33mserver_1      |[0m INFO:__main__:--- Aggregating 5 updates ---
[33mserver_1      |[0m INFO:__main__:⚡ Using Custom Aggregator with Drift Metric...
[33mserver_1      |[0m INFO:server.aggregator:Starting FedAvg aggregation for 5 clients.
[36mclient_010_1  |[0m 2026-01-28 20:15:58,240 - __main__ - INFO - 🚀 Model update submitted successfully.
[36mclient_010_1  |[0m 2026-01-28 20:15:58,240 - __main__ - INFO - Update submitted for Round 8. Waiting...
[32mclient_002_1  |[0m 2026-01-28 20:16:00,092 - __main__ - INFO - Round 8 finished. Loss: 0.6662, Acc: 89.92%
[33mserver_1      |[0m INFO:werkzeug:172.18.0.20 - - [28/Jan/2026 20:16:00] "[31m[1mPOST /submit_update HTTP/1.1[0m" 400 -
[32mclient_002_1  |[0m 2026-01-28 20:16:00,273 - __main__ - ERROR - Update submission failed: {"error":"Not accepting updates"}
[32mclient_002_1  |[0m 
[32mclient_002_1  |[0m 2026-01-28 20:16:00,273 - __main__ - INFO - Update submitted for Round 8. Waiting...
[33mserver_1      |[0m INFO:server.aggregator:--- [METRIC] Weight Divergence: 2.1465
[33mserver_1      |[0m INFO:server.aggregator:FedAvg aggregation complete.
[33mserver_1      |[0m INFO:__main__:Aggregation complete.
[33mserver_1      |[0m ⏱️ [TIME] Client client_001 finished training in 0.89s
[33mserver_1      |[0m ⏱️ [TIME] Client client_007 finished training in 0.50s
[33mserver_1      |[0m ⏱️ [TIME] Client client_009 finished training in 5.07s
[33mserver_1      |[0m ⏱️ [TIME] Client client_010 finished training in 0.79s
[33mserver_1      |[0m ⏱️ [TIME] Client client_006 finished training in 0.04s
[33mserver_1      |[0m DEBUG: ⚠️ MY CUSTOM AGGREGATOR IS RUNNING ⚠️
[36;1mclient_005_1  |[0m 2026-01-28 20:16:01,372 - __main__ - INFO - --- New Round Detected: 8 ---
[33mserver_1      |[0m INFO:werkzeug:172.18.0.13 - - [28/Jan/2026 20:16:01] "GET /download_model?round=8 HTTP/1.1" 200 -
[33mserver_1      |[0m INFO:__main__:--- Round 8 Acc: 18.86%, Loss: 2.2266 ---
[33mserver_1      |[0m INFO:__main__:--- Starting Round 9. Timeout: 300s ---
[33mserver_1      |[0m INFO:werkzeug:172.18.0.5 - - [28/Jan/2026 20:16:01] "POST /submit_update HTTP/1.1" 200 -
[33;1mclient_006_1  |[0m 2026-01-28 20:16:01,561 - __main__ - INFO - 🚀 Model update submitted successfully.
[33;1mclient_006_1  |[0m 2026-01-28 20:16:01,562 - __main__ - INFO - Update submitted for Round 8. Waiting...
[35;1mclient_008_1  |[0m 2026-01-28 20:16:03,012 - __main__ - INFO - --- New Round Detected: 9 ---
[33mserver_1      |[0m INFO:werkzeug:172.18.0.21 - - [28/Jan/2026 20:16:03] "GET /download_model?round=9 HTTP/1.1" 200 -
[35mclient_003_1  |[0m 2026-01-28 20:16:03,843 - __main__ - INFO - --- New Round Detected: 9 ---
[33mserver_1      |[0m INFO:werkzeug:172.18.0.8 - - [28/Jan/2026 20:16:03] "GET /download_model?round=9 HTTP/1.1" 200 -
[36;1mclient_005_1  |[0m 2026-01-28 20:16:05,112 - __main__ - INFO - Round 8 finished. Loss: 0.6469, Acc: 91.67%
[36;1mclient_005_1  |[0m 2026-01-28 20:16:05,245 - __main__ - INFO - 🚀 Model update submitted successfully.
[36;1mclient_005_1  |[0m 2026-01-28 20:16:05,246 - __main__ - INFO - Update submitted for Round 8. Waiting...
[33mserver_1      |[0m INFO:__main__:Received update from client_005
[33mserver_1      |[0m INFO:werkzeug:172.18.0.13 - - [28/Jan/2026 20:16:05] "POST /submit_update HTTP/1.1" 200 -
[34mclient_004_1  |[0m 2026-01-28 20:16:05,500 - __main__ - INFO - Round 8 finished. Loss: 1.1793, Acc: 69.21%
[33mserver_1      |[0m INFO:__main__:Received update from client_004
[33mserver_1      |[0m INFO:werkzeug:172.18.0.22 - - [28/Jan/2026 20:16:05] "POST /submit_update HTTP/1.1" 200 -
[34mclient_004_1  |[0m 2026-01-28 20:16:05,637 - __main__ - INFO - 🚀 Model update submitted successfully.
[34mclient_004_1  |[0m 2026-01-28 20:16:05,638 - __main__ - INFO - Update submitted for Round 8. Waiting...
[33mclient_001_1  |[0m 2026-01-28 20:16:06,211 - __main__ - INFO - --- New Round Detected: 9 ---
[33mserver_1      |[0m INFO:werkzeug:172.18.0.14 - - [28/Jan/2026 20:16:06] "GET /download_model?round=9 HTTP/1.1" 200 -
[35;1mclient_008_1  |[0m 2026-01-28 20:16:06,267 - __main__ - INFO - Round 9 finished. Loss: 0.3964, Acc: 97.93%
[33mserver_1      |[0m INFO:__main__:Received update from client_008
[33mserver_1      |[0m INFO:werkzeug:172.18.0.21 - - [28/Jan/2026 20:16:06] "POST /submit_update HTTP/1.1" 200 -
[35;1mclient_008_1  |[0m 2026-01-28 20:16:06,424 - __main__ - INFO - 🚀 Model update submitted successfully.
[35;1mclient_008_1  |[0m 2026-01-28 20:16:06,424 - __main__ - INFO - Update submitted for Round 9. Waiting...
[33mclient_001_1  |[0m 2026-01-28 20:16:06,859 - __main__ - INFO - Round 9 finished. Loss: 0.2445, Acc: 98.38%
[33mserver_1      |[0m INFO:__main__:Received update from client_001
[33mserver_1      |[0m INFO:werkzeug:172.18.0.14 - - [28/Jan/2026 20:16:06] "POST /submit_update HTTP/1.1" 200 -
[33mclient_001_1  |[0m 2026-01-28 20:16:06,993 - __main__ - INFO - 🚀 Model update submitted successfully.
[33mclient_001_1  |[0m 2026-01-28 20:16:06,994 - __main__ - INFO - Update submitted for Round 9. Waiting...
[32;1mclient_007_1  |[0m 2026-01-28 20:16:07,325 - __main__ - INFO - --- New Round Detected: 9 ---
[33mserver_1      |[0m INFO:werkzeug:172.18.0.7 - - [28/Jan/2026 20:16:07] "GET /download_model?round=9 HTTP/1.1" 200 -
[34;1mclient_009_1  |[0m 2026-01-28 20:16:07,827 - __main__ - INFO - --- New Round Detected: 9 ---
[33mserver_1      |[0m INFO:werkzeug:172.18.0.18 - - [28/Jan/2026 20:16:07] "GET /download_model?round=9 HTTP/1.1" 200 -
[32;1mclient_007_1  |[0m 2026-01-28 20:16:08,158 - __main__ - INFO - Round 9 finished. Loss: 1.2117, Acc: 59.89%
[33mserver_1      |[0m INFO:__main__:Received update from client_007
[33mserver_1      |[0m INFO:__main__:--- Aggregating 5 updates ---
[33mserver_1      |[0m INFO:__main__:⚡ Using Custom Aggregator with Drift Metric...
[33mserver_1      |[0m INFO:server.aggregator:Starting FedAvg aggregation for 5 clients.
[36mclient_010_1  |[0m 2026-01-28 20:16:08,302 - __main__ - INFO - --- New Round Detected: 9 ---
[33mserver_1      |[0m INFO:werkzeug:172.18.0.16 - - [28/Jan/2026 20:16:08] "GET /download_model?round=9 HTTP/1.1" 200 -
[36mclient_010_1  |[0m 2026-01-28 20:16:09,620 - __main__ - INFO - Round 9 finished. Loss: 0.2352, Acc: 97.91%
[33mserver_1      |[0m INFO:werkzeug:172.18.0.16 - - [28/Jan/2026 20:16:09] "[31m[1mPOST /submit_update HTTP/1.1[0m" 400 -
[33mserver_1      |[0m INFO:server.aggregator:--- [METRIC] Weight Divergence: 2.0388
[33mserver_1      |[0m INFO:server.aggregator:FedAvg aggregation complete.
[33mserver_1      |[0m INFO:__main__:Aggregation complete.
[36mclient_010_1  |[0m 2026-01-28 20:16:09,699 - __main__ - ERROR - Update submission failed: {"error":"Not accepting updates"}
[36mclient_010_1  |[0m 
[36mclient_010_1  |[0m 2026-01-28 20:16:09,699 - __main__ - INFO - Update submitted for Round 9. Waiting...
[33mserver_1      |[0m ⏱️ [TIME] Client client_005 finished training in 3.60s
[33mserver_1      |[0m ⏱️ [TIME] Client client_004 finished training in 9.84s
[33mserver_1      |[0m ⏱️ [TIME] Client client_008 finished training in 3.12s
[33mserver_1      |[0m ⏱️ [TIME] Client client_001 finished training in 0.52s
[33mserver_1      |[0m ⏱️ [TIME] Client client_007 finished training in 0.64s
[33mserver_1      |[0m DEBUG: ⚠️ MY CUSTOM AGGREGATOR IS RUNNING ⚠️
[32mclient_002_1  |[0m 2026-01-28 20:16:10,337 - __main__ - INFO - --- New Round Detected: 9 ---
[33mserver_1      |[0m INFO:__main__:--- Round 9 Acc: 21.56%, Loss: 2.1603 ---
[33mserver_1      |[0m INFO:__main__:--- Starting Round 10. Timeout: 300s ---
[33mserver_1      |[0m INFO:werkzeug:172.18.0.7 - - [28/Jan/2026 20:16:10] "POST /submit_update HTTP/1.1" 200 -
[33mserver_1      |[0m INFO:werkzeug:172.18.0.20 - - [28/Jan/2026 20:16:10] "GET /download_model?round=9 HTTP/1.1" 200 -
[32;1mclient_007_1  |[0m 2026-01-28 20:16:10,369 - __main__ - INFO - 🚀 Model update submitted successfully.
[32;1mclient_007_1  |[0m 2026-01-28 20:16:10,369 - __main__ - INFO - Update submitted for Round 9. Waiting...
[33;1mclient_006_1  |[0m 2026-01-28 20:16:11,627 - __main__ - INFO - --- New Round Detected: 10 ---
[33mserver_1      |[0m INFO:werkzeug:172.18.0.5 - - [28/Jan/2026 20:16:11] "GET /download_model?round=10 HTTP/1.1" 200 -
[33;1mclient_006_1  |[0m 2026-01-28 20:16:11,811 - __main__ - INFO - Round 10 finished. Loss: 1.0623, Acc: 78.57%
[33mserver_1      |[0m INFO:__main__:Received update from client_006
[33mserver_1      |[0m INFO:werkzeug:172.18.0.5 - - [28/Jan/2026 20:16:11] "POST /submit_update HTTP/1.1" 200 -
[33;1mclient_006_1  |[0m 2026-01-28 20:16:11,982 - __main__ - INFO - 🚀 Model update submitted successfully.
[33;1mclient_006_1  |[0m 2026-01-28 20:16:11,983 - __main__ - INFO - Update submitted for Round 10. Waiting...
[32mclient_002_1  |[0m 2026-01-28 20:16:13,102 - __main__ - INFO - Round 9 finished. Loss: 0.4853, Acc: 90.22%
[33mserver_1      |[0m INFO:__main__:Received update from client_002
[33mserver_1      |[0m INFO:werkzeug:172.18.0.20 - - [28/Jan/2026 20:16:13] "POST /submit_update HTTP/1.1" 200 -
[32mclient_002_1  |[0m 2026-01-28 20:16:13,259 - __main__ - INFO - 🚀 Model update submitted successfully.
[32mclient_002_1  |[0m 2026-01-28 20:16:13,259 - __main__ - INFO - Update submitted for Round 9. Waiting...
[34;1mclient_009_1  |[0m 2026-01-28 20:16:13,474 - __main__ - INFO - Round 9 finished. Loss: 0.9092, Acc: 70.02%
[33mserver_1      |[0m INFO:__main__:Received update from client_009
[33mserver_1      |[0m INFO:werkzeug:172.18.0.18 - - [28/Jan/2026 20:16:13] "POST /submit_update HTTP/1.1" 200 -
[34;1mclient_009_1  |[0m 2026-01-28 20:16:13,609 - __main__ - INFO - 🚀 Model update submitted successfully.
[34;1mclient_009_1  |[0m 2026-01-28 20:16:13,609 - __main__ - INFO - Update submitted for Round 9. Waiting...
[36;1mclient_005_1  |[0m 2026-01-28 20:16:15,335 - __main__ - INFO - --- New Round Detected: 10 ---
[33mserver_1      |[0m INFO:werkzeug:172.18.0.13 - - [28/Jan/2026 20:16:15] "GET /download_model?round=10 HTTP/1.1" 200 -
[34mclient_004_1  |[0m 2026-01-28 20:16:15,700 - __main__ - INFO - --- New Round Detected: 10 ---
[33mserver_1      |[0m INFO:werkzeug:172.18.0.22 - - [28/Jan/2026 20:16:15] "GET /download_model?round=10 HTTP/1.1" 200 -
[35;1mclient_008_1  |[0m 2026-01-28 20:16:16,490 - __main__ - INFO - --- New Round Detected: 10 ---
[33mserver_1      |[0m INFO:werkzeug:172.18.0.21 - - [28/Jan/2026 20:16:16] "GET /download_model?round=10 HTTP/1.1" 200 -
[33mclient_001_1  |[0m 2026-01-28 20:16:17,126 - __main__ - INFO - --- New Round Detected: 10 ---
[33mserver_1      |[0m INFO:werkzeug:172.18.0.14 - - [28/Jan/2026 20:16:17] "GET /download_model?round=10 HTTP/1.1" 200 -
[33mclient_001_1  |[0m 2026-01-28 20:16:18,151 - __main__ - INFO - Round 10 finished. Loss: 0.5052, Acc: 96.12%
[33mserver_1      |[0m INFO:__main__:Received update from client_001
[33mserver_1      |[0m INFO:werkzeug:172.18.0.14 - - [28/Jan/2026 20:16:18] "POST /submit_update HTTP/1.1" 200 -
[33mclient_001_1  |[0m 2026-01-28 20:16:18,308 - __main__ - INFO - 🚀 Model update submitted successfully.
[33mclient_001_1  |[0m 2026-01-28 20:16:18,308 - __main__ - INFO - Update submitted for Round 10. Waiting...
[35mclient_003_1  |[0m 2026-01-28 20:16:18,565 - __main__ - INFO - Round 9 finished. Loss: 1.1344, Acc: 71.30%
[33mserver_1      |[0m INFO:__main__:Received update from client_003
[33mserver_1      |[0m INFO:__main__:--- Aggregating 5 updates ---
[33mserver_1      |[0m INFO:__main__:⚡ Using Custom Aggregator with Drift Metric...
[33mserver_1      |[0m INFO:server.aggregator:Starting FedAvg aggregation for 5 clients.
[35;1mclient_008_1  |[0m 2026-01-28 20:16:19,554 - __main__ - INFO - Round 10 finished. Loss: 0.3881, Acc: 97.93%
[33mserver_1      |[0m INFO:werkzeug:172.18.0.21 - - [28/Jan/2026 20:16:19] "[31m[1mPOST /submit_update HTTP/1.1[0m" 400 -
[35;1mclient_008_1  |[0m 2026-01-28 20:16:19,629 - __main__ - ERROR - Update submission failed: {"error":"Not accepting updates"}
[35;1mclient_008_1  |[0m 
[35;1mclient_008_1  |[0m 2026-01-28 20:16:19,630 - __main__ - INFO - Update submitted for Round 10. Waiting...
[36mclient_010_1  |[0m 2026-01-28 20:16:19,788 - __main__ - INFO - --- New Round Detected: 10 ---
[33mserver_1      |[0m INFO:werkzeug:172.18.0.16 - - [28/Jan/2026 20:16:19] "GET /download_model?round=10 HTTP/1.1" 200 -
[36;1mclient_005_1  |[0m 2026-01-28 20:16:20,309 - __main__ - INFO - Round 10 finished. Loss: 0.4175, Acc: 92.88%
[33mserver_1      |[0m INFO:werkzeug:172.18.0.13 - - [28/Jan/2026 20:16:20] "[31m[1mPOST /submit_update HTTP/1.1[0m" 400 -
[36;1mclient_005_1  |[0m 2026-01-28 20:16:20,380 - __main__ - ERROR - Update submission failed: {"error":"Not accepting updates"}
[36;1mclient_005_1  |[0m 
[36;1mclient_005_1  |[0m 2026-01-28 20:16:20,381 - __main__ - INFO - Update submitted for Round 10. Waiting...
[32;1mclient_007_1  |[0m 2026-01-28 20:16:20,448 - __main__ - INFO - --- New Round Detected: 10 ---
[33mserver_1      |[0m INFO:werkzeug:172.18.0.7 - - [28/Jan/2026 20:16:20] "GET /download_model?round=10 HTTP/1.1" 200 -
[33mserver_1      |[0m INFO:server.aggregator:--- [METRIC] Weight Divergence: 2.0730
[33mserver_1      |[0m INFO:server.aggregator:FedAvg aggregation complete.
[33mserver_1      |[0m INFO:__main__:Aggregation complete.
[36mclient_010_1  |[0m 2026-01-28 20:16:20,994 - __main__ - INFO - Round 10 finished. Loss: 0.4743, Acc: 97.91%
[33mserver_1      |[0m INFO:werkzeug:172.18.0.16 - - [28/Jan/2026 20:16:21] "[31m[1mPOST /submit_update HTTP/1.1[0m" 400 -
[32;1mclient_007_1  |[0m 2026-01-28 20:16:21,063 - __main__ - INFO - Round 10 finished. Loss: 1.1115, Acc: 56.96%
[36mclient_010_1  |[0m 2026-01-28 20:16:21,066 - __main__ - ERROR - Update submission failed: {"error":"Not accepting updates"}
[36mclient_010_1  |[0m 
[36mclient_010_1  |[0m 2026-01-28 20:16:21,066 - __main__ - INFO - Update submitted for Round 10. Waiting...
[33mserver_1      |[0m INFO:werkzeug:172.18.0.7 - - [28/Jan/2026 20:16:21] "[31m[1mPOST /submit_update HTTP/1.1[0m" 400 -
[32;1mclient_007_1  |[0m 2026-01-28 20:16:21,145 - __main__ - ERROR - Update submission failed: {"error":"Not accepting updates"}
[32;1mclient_007_1  |[0m 
[32;1mclient_007_1  |[0m 2026-01-28 20:16:21,145 - __main__ - INFO - Update submitted for Round 10. Waiting...
[33mserver_1      |[0m ⏱️ [TIME] Client client_006 finished training in 0.05s
[33mserver_1      |[0m ⏱️ [TIME] Client client_002 finished training in 2.62s
[33mserver_1      |[0m ⏱️ [TIME] Client client_009 finished training in 5.51s
[33mserver_1      |[0m ⏱️ [TIME] Client client_001 finished training in 0.89s
[33mserver_1      |[0m ⏱️ [TIME] Client client_003 finished training in 14.59s
[33mserver_1      |[0m DEBUG: ⚠️ MY CUSTOM AGGREGATOR IS RUNNING ⚠️
[33mserver_1      |[0m INFO:__main__:--- Round 10 Acc: 37.31%, Loss: 1.8917 ---
[33mserver_1      |[0m INFO:__main__:--- Starting Round 11. Timeout: 300s ---
[33mserver_1      |[0m INFO:werkzeug:172.18.0.8 - - [28/Jan/2026 20:16:22] "POST /submit_update HTTP/1.1" 200 -
[35mclient_003_1  |[0m 2026-01-28 20:16:22,539 - __main__ - INFO - 🚀 Model update submitted successfully.
[35mclient_003_1  |[0m 2026-01-28 20:16:22,539 - __main__ - INFO - Update submitted for Round 9. Waiting...
[32mclient_002_1  |[0m 2026-01-28 20:16:23,372 - __main__ - INFO - --- New Round Detected: 11 ---
[33mserver_1      |[0m INFO:werkzeug:172.18.0.20 - - [28/Jan/2026 20:16:23] "GET /download_model?round=11 HTTP/1.1" 200 -
[34;1mclient_009_1  |[0m 2026-01-28 20:16:23,673 - __main__ - INFO - --- New Round Detected: 11 ---
[33mserver_1      |[0m INFO:werkzeug:172.18.0.18 - - [28/Jan/2026 20:16:23] "GET /download_model?round=11 HTTP/1.1" 200 -
[32mclient_002_1  |[0m 2026-01-28 20:16:25,264 - __main__ - INFO - Round 11 finished. Loss: 0.5604, Acc: 91.30%
[33mserver_1      |[0m INFO:__main__:Received update from client_002
[33mserver_1      |[0m INFO:werkzeug:172.18.0.20 - - [28/Jan/2026 20:16:25] "POST /submit_update HTTP/1.1" 200 -
[32mclient_002_1  |[0m 2026-01-28 20:16:25,429 - __main__ - INFO - 🚀 Model update submitted successfully.
[32mclient_002_1  |[0m 2026-01-28 20:16:25,429 - __main__ - INFO - Update submitted for Round 11. Waiting...
[34mclient_004_1  |[0m 2026-01-28 20:16:25,924 - __main__ - INFO - Round 10 finished. Loss: 0.9737, Acc: 72.40%
[33mserver_1      |[0m INFO:__main__:Received update from client_004
[33mserver_1      |[0m INFO:werkzeug:172.18.0.22 - - [28/Jan/2026 20:16:26] "POST /submit_update HTTP/1.1" 200 -
[34mclient_004_1  |[0m 2026-01-28 20:16:26,063 - __main__ - INFO - 🚀 Model update submitted successfully.
[34mclient_004_1  |[0m 2026-01-28 20:16:26,063 - __main__ - INFO - Update submitted for Round 10. Waiting...
[33mclient_001_1  |[0m 2026-01-28 20:16:28,375 - __main__ - INFO - --- New Round Detected: 11 ---
[33mserver_1      |[0m INFO:werkzeug:172.18.0.14 - - [28/Jan/2026 20:16:28] "GET /download_model?round=11 HTTP/1.1" 200 -
[34;1mclient_009_1  |[0m 2026-01-28 20:16:28,924 - __main__ - INFO - Round 11 finished. Loss: 0.9620, Acc: 71.13%
[33mserver_1      |[0m INFO:__main__:Received update from client_009
[33mserver_1      |[0m INFO:werkzeug:172.18.0.18 - - [28/Jan/2026 20:16:29] "POST /submit_update HTTP/1.1" 200 -
[34;1mclient_009_1  |[0m 2026-01-28 20:16:29,079 - __main__ - INFO - 🚀 Model update submitted successfully.
[34;1mclient_009_1  |[0m 2026-01-28 20:16:29,079 - __main__ - INFO - Update submitted for Round 11. Waiting...
[33mclient_001_1  |[0m 2026-01-28 20:16:29,263 - __main__ - INFO - Round 11 finished. Loss: 0.3524, Acc: 97.41%
[33mserver_1      |[0m INFO:__main__:Received update from client_001
[33mserver_1      |[0m INFO:werkzeug:172.18.0.14 - - [28/Jan/2026 20:16:29] "POST /submit_update HTTP/1.1" 200 -
[33mclient_001_1  |[0m 2026-01-28 20:16:29,417 - __main__ - INFO - 🚀 Model update submitted successfully.
[33mclient_001_1  |[0m 2026-01-28 20:16:29,417 - __main__ - INFO - Update submitted for Round 11. Waiting...
[35;1mclient_008_1  |[0m 2026-01-28 20:16:29,691 - __main__ - INFO - --- New Round Detected: 11 ---
[33mserver_1      |[0m INFO:werkzeug:172.18.0.21 - - [28/Jan/2026 20:16:29] "GET /download_model?round=11 HTTP/1.1" 200 -
[36;1mclient_005_1  |[0m 2026-01-28 20:16:30,447 - __main__ - INFO - --- New Round Detected: 11 ---
[33mserver_1      |[0m INFO:werkzeug:172.18.0.13 - - [28/Jan/2026 20:16:30] "GET /download_model?round=11 HTTP/1.1" 200 -
[36mclient_010_1  |[0m 2026-01-28 20:16:31,128 - __main__ - INFO - --- New Round Detected: 11 ---
[33mserver_1      |[0m INFO:werkzeug:172.18.0.16 - - [28/Jan/2026 20:16:31] "GET /download_model?round=11 HTTP/1.1" 200 -
[32;1mclient_007_1  |[0m 2026-01-28 20:16:31,215 - __main__ - INFO - --- New Round Detected: 11 ---
[33mserver_1      |[0m INFO:werkzeug:172.18.0.7 - - [28/Jan/2026 20:16:31] "GET /download_model?round=11 HTTP/1.1" 200 -
[32;1mclient_007_1  |[0m 2026-01-28 20:16:31,995 - __main__ - INFO - Round 11 finished. Loss: 1.1379, Acc: 59.34%
[36mclient_010_1  |[0m 2026-01-28 20:16:32,084 - __main__ - INFO - Round 11 finished. Loss: 0.3530, Acc: 97.91%
[33mserver_1      |[0m INFO:__main__:Received update from client_007
[33mserver_1      |[0m INFO:__main__:--- Aggregating 5 updates ---
[33mserver_1      |[0m INFO:__main__:⚡ Using Custom Aggregator with Drift Metric...
[33mserver_1      |[0m INFO:server.aggregator:Starting FedAvg aggregation for 5 clients.
[33mserver_1      |[0m INFO:werkzeug:172.18.0.16 - - [28/Jan/2026 20:16:32] "[31m[1mPOST /submit_update HTTP/1.1[0m" 400 -
[33;1mclient_006_1  |[0m 2026-01-28 20:16:32,108 - __main__ - INFO - --- New Round Detected: 11 ---
[33mserver_1      |[0m INFO:werkzeug:172.18.0.5 - - [28/Jan/2026 20:16:32] "GET /download_model?round=11 HTTP/1.1" 200 -
[36mclient_010_1  |[0m 2026-01-28 20:16:32,149 - __main__ - ERROR - Update submission failed: {"error":"Not accepting updates"}
[36mclient_010_1  |[0m 
[36mclient_010_1  |[0m 2026-01-28 20:16:32,149 - __main__ - INFO - Update submitted for Round 11. Waiting...
[33;1mclient_006_1  |[0m 2026-01-28 20:16:32,287 - __main__ - INFO - Round 11 finished. Loss: 0.5825, Acc: 92.86%
[33mserver_1      |[0m INFO:werkzeug:172.18.0.5 - - [28/Jan/2026 20:16:32] "[31m[1mPOST /submit_update HTTP/1.1[0m" 400 -
[33;1mclient_006_1  |[0m 2026-01-28 20:16:32,351 - __main__ - ERROR - Update submission failed: {"error":"Not accepting updates"}
[33;1mclient_006_1  |[0m 
[33;1mclient_006_1  |[0m 2026-01-28 20:16:32,351 - __main__ - INFO - Update submitted for Round 11. Waiting...
[35mclient_003_1  |[0m 2026-01-28 20:16:32,604 - __main__ - INFO - --- New Round Detected: 11 ---
[33mserver_1      |[0m INFO:werkzeug:172.18.0.8 - - [28/Jan/2026 20:16:32] "GET /download_model?round=11 HTTP/1.1" 200 -
[35;1mclient_008_1  |[0m 2026-01-28 20:16:32,648 - __main__ - INFO - Round 11 finished. Loss: 0.3465, Acc: 97.93%
[33mserver_1      |[0m INFO:werkzeug:172.18.0.21 - - [28/Jan/2026 20:16:32] "[31m[1mPOST /submit_update HTTP/1.1[0m" 400 -
[35;1mclient_008_1  |[0m 2026-01-28 20:16:32,715 - __main__ - ERROR - Update submission failed: {"error":"Not accepting updates"}
[35;1mclient_008_1  |[0m 
[35;1mclient_008_1  |[0m 2026-01-28 20:16:32,715 - __main__ - INFO - Update submitted for Round 11. Waiting...
[33mserver_1      |[0m INFO:server.aggregator:--- [METRIC] Weight Divergence: 2.0116
[33mserver_1      |[0m INFO:server.aggregator:FedAvg aggregation complete.
[33mserver_1      |[0m INFO:__main__:Aggregation complete.
[33mserver_1      |[0m ⏱️ [TIME] Client client_002 finished training in 1.73s
[33mserver_1      |[0m ⏱️ [TIME] Client client_004 finished training in 10.09s
[33mserver_1      |[0m ⏱️ [TIME] Client client_009 finished training in 5.12s
[33mserver_1      |[0m ⏱️ [TIME] Client client_001 finished training in 0.76s
[33mserver_1      |[0m ⏱️ [TIME] Client client_007 finished training in 0.63s
[33mserver_1      |[0m DEBUG: ⚠️ MY CUSTOM AGGREGATOR IS RUNNING ⚠️
[33mserver_1      |[0m INFO:__main__:--- Round 11 Acc: 37.46%, Loss: 1.7916 ---
[33mserver_1      |[0m INFO:__main__:--- Starting Round 12. Timeout: 300s ---
[33mserver_1      |[0m INFO:werkzeug:172.18.0.7 - - [28/Jan/2026 20:16:34] "POST /submit_update HTTP/1.1" 200 -
[32;1mclient_007_1  |[0m 2026-01-28 20:16:34,596 - __main__ - INFO - 🚀 Model update submitted successfully.
[32;1mclient_007_1  |[0m 2026-01-28 20:16:34,596 - __main__ - INFO - Update submitted for Round 11. Waiting...
[36;1mclient_005_1  |[0m 2026-01-28 20:16:35,073 - __main__ - INFO - Round 11 finished. Loss: 0.6438, Acc: 92.42%
[33mserver_1      |[0m INFO:__main__:Received update from client_005
[33mserver_1      |[0m INFO:werkzeug:172.18.0.13 - - [28/Jan/2026 20:16:35] "POST /submit_update HTTP/1.1" 200 -
[36;1mclient_005_1  |[0m 2026-01-28 20:16:35,250 - __main__ - INFO - 🚀 Model update submitted successfully.
[36;1mclient_005_1  |[0m 2026-01-28 20:16:35,250 - __main__ - INFO - Update submitted for Round 11. Waiting...
[32mclient_002_1  |[0m 2026-01-28 20:16:35,493 - __main__ - INFO - --- New Round Detected: 12 ---
[33mserver_1      |[0m INFO:werkzeug:172.18.0.20 - - [28/Jan/2026 20:16:35] "GET /download_model?round=12 HTTP/1.1" 200 -
[34mclient_004_1  |[0m 2026-01-28 20:16:36,125 - __main__ - INFO - --- New Round Detected: 12 ---
[33mserver_1      |[0m INFO:werkzeug:172.18.0.22 - - [28/Jan/2026 20:16:36] "GET /download_model?round=12 HTTP/1.1" 200 -
[32mclient_002_1  |[0m 2026-01-28 20:16:37,673 - __main__ - INFO - Round 12 finished. Loss: 0.5104, Acc: 92.00%
[33mserver_1      |[0m INFO:__main__:Received update from client_002
[33mserver_1      |[0m INFO:werkzeug:172.18.0.20 - - [28/Jan/2026 20:16:37] "POST /submit_update HTTP/1.1" 200 -
[32mclient_002_1  |[0m 2026-01-28 20:16:37,809 - __main__ - INFO - 🚀 Model update submitted successfully.
[32mclient_002_1  |[0m 2026-01-28 20:16:37,810 - __main__ - INFO - Update submitted for Round 12. Waiting...
[34;1mclient_009_1  |[0m 2026-01-28 20:16:39,149 - __main__ - INFO - --- New Round Detected: 12 ---
[33mserver_1      |[0m INFO:werkzeug:172.18.0.18 - - [28/Jan/2026 20:16:39] "GET /download_model?round=12 HTTP/1.1" 200 -
[33mclient_001_1  |[0m 2026-01-28 20:16:39,482 - __main__ - INFO - --- New Round Detected: 12 ---
[33mserver_1      |[0m INFO:werkzeug:172.18.0.14 - - [28/Jan/2026 20:16:39] "GET /download_model?round=12 HTTP/1.1" 200 -
[33mclient_001_1  |[0m 2026-01-28 20:16:40,382 - __main__ - INFO - Round 12 finished. Loss: 0.3366, Acc: 98.38%
[33mserver_1      |[0m INFO:__main__:Received update from client_001
[33mserver_1      |[0m INFO:werkzeug:172.18.0.14 - - [28/Jan/2026 20:16:40] "POST /submit_update HTTP/1.1" 200 -
[33mclient_001_1  |[0m 2026-01-28 20:16:40,516 - __main__ - INFO - 🚀 Model update submitted successfully.
[33mclient_001_1  |[0m 2026-01-28 20:16:40,517 - __main__ - INFO - Update submitted for Round 12. Waiting...
[36mclient_010_1  |[0m 2026-01-28 20:16:42,217 - __main__ - INFO - --- New Round Detected: 12 ---
[33mserver_1      |[0m INFO:werkzeug:172.18.0.16 - - [28/Jan/2026 20:16:42] "GET /download_model?round=12 HTTP/1.1" 200 -
[33;1mclient_006_1  |[0m 2026-01-28 20:16:42,449 - __main__ - INFO - --- New Round Detected: 12 ---
[33mserver_1      |[0m INFO:werkzeug:172.18.0.5 - - [28/Jan/2026 20:16:42] "GET /download_model?round=12 HTTP/1.1" 200 -
[33;1mclient_006_1  |[0m 2026-01-28 20:16:42,639 - __main__ - INFO - Round 12 finished. Loss: 0.8546, Acc: 78.57%
[33mserver_1      |[0m INFO:__main__:Received update from client_006
[33mserver_1      |[0m INFO:werkzeug:172.18.0.5 - - [28/Jan/2026 20:16:42] "POST /submit_update HTTP/1.1" 200 -
[33;1mclient_006_1  |[0m 2026-01-28 20:16:42,774 - __main__ - INFO - 🚀 Model update submitted successfully.
[33;1mclient_006_1  |[0m 2026-01-28 20:16:42,774 - __main__ - INFO - Update submitted for Round 12. Waiting...
[35;1mclient_008_1  |[0m 2026-01-28 20:16:42,776 - __main__ - INFO - --- New Round Detected: 12 ---
[33mserver_1      |[0m INFO:werkzeug:172.18.0.21 - - [28/Jan/2026 20:16:42] "GET /download_model?round=12 HTTP/1.1" 200 -
[36mclient_010_1  |[0m 2026-01-28 20:16:43,536 - __main__ - INFO - Round 12 finished. Loss: 0.3440, Acc: 97.91%
[33mserver_1      |[0m INFO:__main__:Received update from client_010
[33mserver_1      |[0m INFO:__main__:--- Aggregating 5 updates ---
[33mserver_1      |[0m INFO:__main__:⚡ Using Custom Aggregator with Drift Metric...
[33mserver_1      |[0m INFO:server.aggregator:Starting FedAvg aggregation for 5 clients.
[34;1mclient_009_1  |[0m 2026-01-28 20:16:43,667 - __main__ - INFO - Round 12 finished. Loss: 0.9301, Acc: 71.53%
[33mserver_1      |[0m INFO:werkzeug:172.18.0.18 - - [28/Jan/2026 20:16:43] "[31m[1mPOST /submit_update HTTP/1.1[0m" 400 -
[34;1mclient_009_1  |[0m 2026-01-28 20:16:43,731 - __main__ - ERROR - Update submission failed: {"error":"Not accepting updates"}
[34;1mclient_009_1  |[0m 
[34;1mclient_009_1  |[0m 2026-01-28 20:16:43,731 - __main__ - INFO - Update submitted for Round 12. Waiting...
[32;1mclient_007_1  |[0m 2026-01-28 20:16:44,663 - __main__ - INFO - --- New Round Detected: 12 ---
[33mserver_1      |[0m INFO:werkzeug:172.18.0.7 - - [28/Jan/2026 20:16:44] "GET /download_model?round=12 HTTP/1.1" 200 -
[36;1mclient_005_1  |[0m 2026-01-28 20:16:45,313 - __main__ - INFO - --- New Round Detected: 12 ---
[33mserver_1      |[0m INFO:werkzeug:172.18.0.13 - - [28/Jan/2026 20:16:45] "GET /download_model?round=12 HTTP/1.1" 200 -
[32;1mclient_007_1  |[0m 2026-01-28 20:16:45,352 - __main__ - INFO - Round 12 finished. Loss: 1.1027, Acc: 64.47%
[33mserver_1      |[0m INFO:werkzeug:172.18.0.7 - - [28/Jan/2026 20:16:45] "[31m[1mPOST /submit_update HTTP/1.1[0m" 400 -
[32;1mclient_007_1  |[0m 2026-01-28 20:16:45,415 - __main__ - ERROR - Update submission failed: {"error":"Not accepting updates"}
[32;1mclient_007_1  |[0m 
[32;1mclient_007_1  |[0m 2026-01-28 20:16:45,416 - __main__ - INFO - Update submitted for Round 12. Waiting...
[34mclient_004_1  |[0m 2026-01-28 20:16:45,648 - __main__ - INFO - Round 12 finished. Loss: 0.9168, Acc: 72.73%
[33mserver_1      |[0m INFO:werkzeug:172.18.0.22 - - [28/Jan/2026 20:16:45] "[31m[1mPOST /submit_update HTTP/1.1[0m" 400 -
[33mserver_1      |[0m INFO:server.aggregator:--- [METRIC] Weight Divergence: 1.3384
[33mserver_1      |[0m INFO:server.aggregator:FedAvg aggregation complete.
[33mserver_1      |[0m INFO:__main__:Aggregation complete.
[34mclient_004_1  |[0m 2026-01-28 20:16:45,713 - __main__ - ERROR - Update submission failed: {"error":"Not accepting updates"}
[34mclient_004_1  |[0m 
[34mclient_004_1  |[0m 2026-01-28 20:16:45,713 - __main__ - INFO - Update submitted for Round 12. Waiting...
[33mserver_1      |[0m ⏱️ [TIME] Client client_005 finished training in 4.46s
[33mserver_1      |[0m ⏱️ [TIME] Client client_002 finished training in 2.05s
[33mserver_1      |[0m ⏱️ [TIME] Client client_001 finished training in 0.77s
[33mserver_1      |[0m ⏱️ [TIME] Client client_006 finished training in 0.03s
[33mserver_1      |[0m ⏱️ [TIME] Client client_010 finished training in 1.18s
[33mserver_1      |[0m DEBUG: ⚠️ MY CUSTOM AGGREGATOR IS RUNNING ⚠️
[35;1mclient_008_1  |[0m 2026-01-28 20:16:45,919 - __main__ - INFO - Round 12 finished. Loss: 0.3847, Acc: 97.93%
[33mserver_1      |[0m INFO:werkzeug:172.18.0.21 - - [28/Jan/2026 20:16:45] "[31m[1mPOST /submit_update HTTP/1.1[0m" 400 -
[35;1mclient_008_1  |[0m 2026-01-28 20:16:45,986 - __main__ - ERROR - Update submission failed: {"error":"Not accepting updates"}
[35;1mclient_008_1  |[0m 
[35;1mclient_008_1  |[0m 2026-01-28 20:16:45,986 - __main__ - INFO - Update submitted for Round 12. Waiting...
[33mserver_1      |[0m INFO:__main__:--- Round 12 Acc: 26.76%, Loss: 2.1811 ---
[33mserver_1      |[0m INFO:__main__:--- Starting Round 13. Timeout: 300s ---
[33mserver_1      |[0m INFO:werkzeug:172.18.0.16 - - [28/Jan/2026 20:16:46] "POST /submit_update HTTP/1.1" 200 -
[36mclient_010_1  |[0m 2026-01-28 20:16:46,709 - __main__ - INFO - 🚀 Model update submitted successfully.
[36mclient_010_1  |[0m 2026-01-28 20:16:46,710 - __main__ - INFO - Update submitted for Round 12. Waiting...
[32mclient_002_1  |[0m 2026-01-28 20:16:47,872 - __main__ - INFO - --- New Round Detected: 13 ---
[33mserver_1      |[0m INFO:werkzeug:172.18.0.20 - - [28/Jan/2026 20:16:47] "GET /download_model?round=13 HTTP/1.1" 200 -
[36;1mclient_005_1  |[0m 2026-01-28 20:16:49,064 - __main__ - INFO - Round 12 finished. Loss: 0.5195, Acc: 92.45%
[33mserver_1      |[0m INFO:__main__:Received update from client_005
[33mserver_1      |[0m INFO:werkzeug:172.18.0.13 - - [28/Jan/2026 20:16:49] "POST /submit_update HTTP/1.1" 200 -
[36;1mclient_005_1  |[0m 2026-01-28 20:16:49,217 - __main__ - INFO - 🚀 Model update submitted successfully.
[36;1mclient_005_1  |[0m 2026-01-28 20:16:49,217 - __main__ - INFO - Update submitted for Round 12. Waiting...
[32mclient_002_1  |[0m 2026-01-28 20:16:50,516 - __main__ - INFO - Round 13 finished. Loss: 0.5498, Acc: 90.12%
[33mclient_001_1  |[0m 2026-01-28 20:16:50,595 - __main__ - INFO - --- New Round Detected: 13 ---
[33mserver_1      |[0m INFO:werkzeug:172.18.0.14 - - [28/Jan/2026 20:16:50] "GET /download_model?round=13 HTTP/1.1" 200 -
[33mserver_1      |[0m INFO:__main__:Received update from client_002
[33mserver_1      |[0m INFO:werkzeug:172.18.0.20 - - [28/Jan/2026 20:16:50] "POST /submit_update HTTP/1.1" 200 -
[32mclient_002_1  |[0m 2026-01-28 20:16:50,672 - __main__ - INFO - 🚀 Model update submitted successfully.
[32mclient_002_1  |[0m 2026-01-28 20:16:50,674 - __main__ - INFO - Update submitted for Round 13. Waiting...
[33mclient_001_1  |[0m 2026-01-28 20:16:51,178 - __main__ - INFO - Round 13 finished. Loss: 0.3221, Acc: 99.03%
[33mserver_1      |[0m INFO:__main__:Received update from client_001
[33mserver_1      |[0m INFO:werkzeug:172.18.0.14 - - [28/Jan/2026 20:16:51] "POST /submit_update HTTP/1.1" 200 -
[33mclient_001_1  |[0m 2026-01-28 20:16:51,311 - __main__ - INFO - 🚀 Model update submitted successfully.
[33mclient_001_1  |[0m 2026-01-28 20:16:51,311 - __main__ - INFO - Update submitted for Round 13. Waiting...
[35mclient_003_1  |[0m 2026-01-28 20:16:51,961 - __main__ - INFO - Round 11 finished. Loss: 0.9448, Acc: 73.12%
[33mserver_1      |[0m INFO:__main__:Received update from client_003
[33mserver_1      |[0m INFO:werkzeug:172.18.0.8 - - [28/Jan/2026 20:16:52] "POST /submit_update HTTP/1.1" 200 -
[35mclient_003_1  |[0m 2026-01-28 20:16:52,114 - __main__ - INFO - 🚀 Model update submitted successfully.
[35mclient_003_1  |[0m 2026-01-28 20:16:52,114 - __main__ - INFO - Update submitted for Round 11. Waiting...
[33;1mclient_006_1  |[0m 2026-01-28 20:16:52,835 - __main__ - INFO - --- New Round Detected: 13 ---
[33mserver_1      |[0m INFO:werkzeug:172.18.0.5 - - [28/Jan/2026 20:16:52] "GET /download_model?round=13 HTTP/1.1" 200 -
[33;1mclient_006_1  |[0m 2026-01-28 20:16:52,998 - __main__ - INFO - Round 13 finished. Loss: 1.0898, Acc: 57.14%
[33mserver_1      |[0m INFO:__main__:Received update from client_006
[33mserver_1      |[0m INFO:__main__:--- Aggregating 5 updates ---
[33mserver_1      |[0m INFO:__main__:⚡ Using Custom Aggregator with Drift Metric...
[33mserver_1      |[0m INFO:server.aggregator:Starting FedAvg aggregation for 5 clients.
[34;1mclient_009_1  |[0m 2026-01-28 20:16:53,798 - __main__ - INFO - --- New Round Detected: 13 ---
[33mserver_1      |[0m INFO:werkzeug:172.18.0.18 - - [28/Jan/2026 20:16:53] "GET /download_model?round=13 HTTP/1.1" 200 -
[33mserver_1      |[0m INFO:server.aggregator:--- [METRIC] Weight Divergence: 1.9214
[33mserver_1      |[0m INFO:server.aggregator:FedAvg aggregation complete.
[33mserver_1      |[0m INFO:__main__:Aggregation complete.
[33mserver_1      |[0m ⏱️ [TIME] Client client_005 finished training in 3.61s
[33mserver_1      |[0m ⏱️ [TIME] Client client_002 finished training in 2.50s
[33mserver_1      |[0m ⏱️ [TIME] Client client_001 finished training in 0.43s
[33mserver_1      |[0m ⏱️ [TIME] Client client_003 finished training in 19.21s
[33mserver_1      |[0m ⏱️ [TIME] Client client_006 finished training in 0.03s
[33mserver_1      |[0m DEBUG: ⚠️ MY CUSTOM AGGREGATOR IS RUNNING ⚠️
[32;1mclient_007_1  |[0m 2026-01-28 20:16:55,606 - __main__ - INFO - --- New Round Detected: 13 ---
[33mserver_1      |[0m INFO:werkzeug:172.18.0.7 - - [28/Jan/2026 20:16:55] "GET /download_model?round=13 HTTP/1.1" 200 -
[33mserver_1      |[0m INFO:__main__:--- Round 13 Acc: 36.89%, Loss: 1.8240 ---
[33mserver_1      |[0m INFO:__main__:--- Starting Round 14. Timeout: 300s ---
[33mserver_1      |[0m INFO:werkzeug:172.18.0.5 - - [28/Jan/2026 20:16:55] "POST /submit_update HTTP/1.1" 200 -
[33;1mclient_006_1  |[0m 2026-01-28 20:16:55,753 - __main__ - INFO - 🚀 Model update submitted successfully.
[33;1mclient_006_1  |[0m 2026-01-28 20:16:55,754 - __main__ - INFO - Update submitted for Round 13. Waiting...
[34mclient_004_1  |[0m 2026-01-28 20:16:55,775 - __main__ - INFO - --- New Round Detected: 14 ---
[33mserver_1      |[0m INFO:werkzeug:172.18.0.22 - - [28/Jan/2026 20:16:55] "GET /download_model?round=14 HTTP/1.1" 200 -
[35;1mclient_008_1  |[0m 2026-01-28 20:16:56,049 - __main__ - INFO - --- New Round Detected: 14 ---
[33mserver_1      |[0m INFO:werkzeug:172.18.0.21 - - [28/Jan/2026 20:16:56] "GET /download_model?round=14 HTTP/1.1" 200 -
[32;1mclient_007_1  |[0m 2026-01-28 20:16:56,321 - __main__ - INFO - Round 13 finished. Loss: 1.2254, Acc: 60.81%
[33mserver_1      |[0m INFO:__main__:Received update from client_007
[33mserver_1      |[0m INFO:werkzeug:172.18.0.7 - - [28/Jan/2026 20:16:56] "POST /submit_update HTTP/1.1" 200 -
[32;1mclient_007_1  |[0m 2026-01-28 20:16:56,468 - __main__ - INFO - 🚀 Model update submitted successfully.
[32;1mclient_007_1  |[0m 2026-01-28 20:16:56,469 - __main__ - INFO - Update submitted for Round 13. Waiting...
[36mclient_010_1  |[0m 2026-01-28 20:16:56,780 - __main__ - INFO - --- New Round Detected: 14 ---
[33mserver_1      |[0m INFO:werkzeug:172.18.0.16 - - [28/Jan/2026 20:16:56] "GET /download_model?round=14 HTTP/1.1" 200 -
[35;1mclient_008_1  |[0m 2026-01-28 20:16:58,024 - __main__ - INFO - Round 14 finished. Loss: 0.3303, Acc: 98.28%
[36mclient_010_1  |[0m 2026-01-28 20:16:58,120 - __main__ - INFO - Round 14 finished. Loss: 0.4161, Acc: 98.03%
[33mserver_1      |[0m INFO:__main__:Received update from client_008
[33mserver_1      |[0m INFO:werkzeug:172.18.0.21 - - [28/Jan/2026 20:16:58] "POST /submit_update HTTP/1.1" 200 -
[34;1mclient_009_1  |[0m 2026-01-28 20:16:58,177 - __main__ - INFO - Round 13 finished. Loss: 1.0746, Acc: 70.24%
[35;1mclient_008_1  |[0m 2026-01-28 20:16:58,185 - __main__ - INFO - 🚀 Model update submitted successfully.
[35;1mclient_008_1  |[0m 2026-01-28 20:16:58,185 - __main__ - INFO - Update submitted for Round 14. Waiting...
[33mserver_1      |[0m INFO:__main__:Received update from client_010
[33mserver_1      |[0m INFO:werkzeug:172.18.0.16 - - [28/Jan/2026 20:16:58] "POST /submit_update HTTP/1.1" 200 -
[36mclient_010_1  |[0m 2026-01-28 20:16:58,255 - __main__ - INFO - 🚀 Model update submitted successfully.
[36mclient_010_1  |[0m 2026-01-28 20:16:58,255 - __main__ - INFO - Update submitted for Round 14. Waiting...
[33mserver_1      |[0m INFO:__main__:Received update from client_009
[33mserver_1      |[0m INFO:werkzeug:172.18.0.18 - - [28/Jan/2026 20:16:58] "POST /submit_update HTTP/1.1" 200 -
[34;1mclient_009_1  |[0m 2026-01-28 20:16:58,312 - __main__ - INFO - 🚀 Model update submitted successfully.
[34;1mclient_009_1  |[0m 2026-01-28 20:16:58,312 - __main__ - INFO - Update submitted for Round 13. Waiting...
[36;1mclient_005_1  |[0m 2026-01-28 20:16:59,278 - __main__ - INFO - --- New Round Detected: 14 ---
[33mclient_011_1  |[0m 2026-01-28 20:16:59,299 - __main__ - INFO - Round 0 finished. Loss: 1.5922, Acc: 42.63%
[33mserver_1      |[0m INFO:werkzeug:172.18.0.13 - - [28/Jan/2026 20:16:59] "GET /download_model?round=14 HTTP/1.1" 200 -
[33mserver_1      |[0m INFO:__main__:Received update from client_011
[33mserver_1      |[0m INFO:__main__:--- Aggregating 5 updates ---
[33mserver_1      |[0m INFO:__main__:⚡ Using Custom Aggregator with Drift Metric...
[33mserver_1      |[0m INFO:server.aggregator:Starting FedAvg aggregation for 5 clients.
[32mclient_002_1  |[0m 2026-01-28 20:17:00,759 - __main__ - INFO - --- New Round Detected: 14 ---
[33mserver_1      |[0m INFO:werkzeug:172.18.0.20 - - [28/Jan/2026 20:17:00] "GET /download_model?round=14 HTTP/1.1" 200 -
[33mclient_001_1  |[0m 2026-01-28 20:17:01,405 - __main__ - INFO - --- New Round Detected: 14 ---
[33mserver_1      |[0m INFO:werkzeug:172.18.0.14 - - [28/Jan/2026 20:17:01] "GET /download_model?round=14 HTTP/1.1" 200 -
[33mclient_001_1  |[0m 2026-01-28 20:17:02,002 - __main__ - INFO - Round 14 finished. Loss: 0.4257, Acc: 97.73%
[33mserver_1      |[0m INFO:werkzeug:172.18.0.14 - - [28/Jan/2026 20:17:02] "[31m[1mPOST /submit_update HTTP/1.1[0m" 400 -
[33mclient_001_1  |[0m 2026-01-28 20:17:02,068 - __main__ - ERROR - Update submission failed: {"error":"Not accepting updates"}
[33mclient_001_1  |[0m 
[33mclient_001_1  |[0m 2026-01-28 20:17:02,068 - __main__ - INFO - Update submitted for Round 14. Waiting...
[35mclient_003_1  |[0m 2026-01-28 20:17:02,194 - __main__ - INFO - --- New Round Detected: 14 ---
[33mserver_1      |[0m INFO:werkzeug:172.18.0.8 - - [28/Jan/2026 20:17:02] "GET /download_model?round=14 HTTP/1.1" 200 -
[33mserver_1      |[0m INFO:server.aggregator:--- [METRIC] Weight Divergence: 2.3768
[33mserver_1      |[0m INFO:server.aggregator:FedAvg aggregation complete.
[33mserver_1      |[0m INFO:__main__:Aggregation complete.
[33mserver_1      |[0m ⏱️ [TIME] Client client_007 finished training in 0.58s
[33mserver_1      |[0m ⏱️ [TIME] Client client_008 finished training in 1.83s
[33mserver_1      |[0m ⏱️ [TIME] Client client_010 finished training in 1.21s
[33mserver_1      |[0m ⏱️ [TIME] Client client_009 finished training in 4.25s
[33mserver_1      |[0m ⏱️ [TIME] Client client_011 finished training in 146.73s
[33mserver_1      |[0m DEBUG: ⚠️ MY CUSTOM AGGREGATOR IS RUNNING ⚠️
[36;1mclient_005_1  |[0m 2026-01-28 20:17:02,938 - __main__ - INFO - Round 14 finished. Loss: 0.5112, Acc: 93.01%
[33mserver_1      |[0m INFO:werkzeug:172.18.0.13 - - [28/Jan/2026 20:17:02] "[31m[1mPOST /submit_update HTTP/1.1[0m" 400 -
[36;1mclient_005_1  |[0m 2026-01-28 20:17:03,004 - __main__ - ERROR - Update submission failed: {"error":"Not accepting updates"}
[36;1mclient_005_1  |[0m 
[36;1mclient_005_1  |[0m 2026-01-28 20:17:03,004 - __main__ - INFO - Update submitted for Round 14. Waiting...
[32mclient_002_1  |[0m 2026-01-28 20:17:03,568 - __main__ - INFO - Round 14 finished. Loss: 0.6028, Acc: 90.71%
[33mserver_1      |[0m INFO:werkzeug:172.18.0.20 - - [28/Jan/2026 20:17:03] "[31m[1mPOST /submit_update HTTP/1.1[0m" 400 -
[32mclient_002_1  |[0m 2026-01-28 20:17:03,690 - __main__ - ERROR - Update submission failed: {"error":"Not accepting updates"}
[32mclient_002_1  |[0m 
[32mclient_002_1  |[0m 2026-01-28 20:17:03,691 - __main__ - INFO - Update submitted for Round 14. Waiting...
[33mserver_1      |[0m INFO:__main__:--- Round 14 Acc: 30.94%, Loss: 1.9617 ---
[33mserver_1      |[0m INFO:__main__:--- Starting Round 15. Timeout: 300s ---
[33mserver_1      |[0m INFO:werkzeug:172.18.0.6 - - [28/Jan/2026 20:17:03] "POST /submit_update HTTP/1.1" 200 -
[33mclient_011_1  |[0m 2026-01-28 20:17:03,939 - __main__ - INFO - 🚀 Model update submitted successfully.
[33mclient_011_1  |[0m 2026-01-28 20:17:03,940 - __main__ - INFO - Update submitted for Round 0. Waiting...
[34mclient_004_1  |[0m 2026-01-28 20:17:04,194 - __main__ - INFO - Round 14 finished. Loss: 0.9935, Acc: 71.86%
[33mserver_1      |[0m INFO:__main__:Received update from client_004
[33mserver_1      |[0m INFO:werkzeug:172.18.0.22 - - [28/Jan/2026 20:17:04] "POST /submit_update HTTP/1.1" 200 -
[34mclient_004_1  |[0m 2026-01-28 20:17:04,330 - __main__ - INFO - 🚀 Model update submitted successfully.
[34mclient_004_1  |[0m 2026-01-28 20:17:04,330 - __main__ - INFO - Update submitted for Round 14. Waiting...
[33;1mclient_006_1  |[0m 2026-01-28 20:17:05,816 - __main__ - INFO - --- New Round Detected: 15 ---
[33mserver_1      |[0m INFO:werkzeug:172.18.0.5 - - [28/Jan/2026 20:17:05] "GET /download_model?round=15 HTTP/1.1" 200 -
[33;1mclient_006_1  |[0m 2026-01-28 20:17:05,979 - __main__ - INFO - Round 15 finished. Loss: 0.8868, Acc: 85.71%
[33mserver_1      |[0m INFO:__main__:Received update from client_006
[33mserver_1      |[0m INFO:werkzeug:172.18.0.5 - - [28/Jan/2026 20:17:06] "POST /submit_update HTTP/1.1" 200 -
[33;1mclient_006_1  |[0m 2026-01-28 20:17:06,117 - __main__ - INFO - 🚀 Model update submitted successfully.
[33;1mclient_006_1  |[0m 2026-01-28 20:17:06,117 - __main__ - INFO - Update submitted for Round 15. Waiting...
[32;1mclient_007_1  |[0m 2026-01-28 20:17:06,541 - __main__ - INFO - --- New Round Detected: 15 ---
[33mserver_1      |[0m INFO:werkzeug:172.18.0.7 - - [28/Jan/2026 20:17:06] "GET /download_model?round=15 HTTP/1.1" 200 -
[32;1mclient_007_1  |[0m 2026-01-28 20:17:07,094 - __main__ - INFO - Round 15 finished. Loss: 1.1714, Acc: 63.00%
[33mserver_1      |[0m INFO:__main__:Received update from client_007
[33mserver_1      |[0m INFO:werkzeug:172.18.0.7 - - [28/Jan/2026 20:17:07] "POST /submit_update HTTP/1.1" 200 -
[32;1mclient_007_1  |[0m 2026-01-28 20:17:07,248 - __main__ - INFO - 🚀 Model update submitted successfully.
[32;1mclient_007_1  |[0m 2026-01-28 20:17:07,248 - __main__ - INFO - Update submitted for Round 15. Waiting...
[35;1mclient_008_1  |[0m 2026-01-28 20:17:08,264 - __main__ - INFO - --- New Round Detected: 15 ---
[33mserver_1      |[0m INFO:werkzeug:172.18.0.21 - - [28/Jan/2026 20:17:08] "GET /download_model?round=15 HTTP/1.1" 200 -
[36mclient_010_1  |[0m 2026-01-28 20:17:08,353 - __main__ - INFO - --- New Round Detected: 15 ---
[33mserver_1      |[0m INFO:werkzeug:172.18.0.16 - - [28/Jan/2026 20:17:08] "GET /download_model?round=15 HTTP/1.1" 200 -
[34;1mclient_009_1  |[0m 2026-01-28 20:17:08,390 - __main__ - INFO - --- New Round Detected: 15 ---
[33mserver_1      |[0m INFO:werkzeug:172.18.0.18 - - [28/Jan/2026 20:17:08] "GET /download_model?round=15 HTTP/1.1" 200 -
[36mclient_010_1  |[0m 2026-01-28 20:17:09,702 - __main__ - INFO - Round 15 finished. Loss: 0.3252, Acc: 97.91%
[33mserver_1      |[0m INFO:__main__:Received update from client_010
[33mserver_1      |[0m INFO:werkzeug:172.18.0.16 - - [28/Jan/2026 20:17:09] "POST /submit_update HTTP/1.1" 200 -
[36mclient_010_1  |[0m 2026-01-28 20:17:09,863 - __main__ - INFO - 🚀 Model update submitted successfully.
[36mclient_010_1  |[0m 2026-01-28 20:17:09,865 - __main__ - INFO - Update submitted for Round 15. Waiting...
[35;1mclient_008_1  |[0m 2026-01-28 20:17:11,392 - __main__ - INFO - Round 15 finished. Loss: 0.2888, Acc: 98.03%
[33mserver_1      |[0m INFO:__main__:Received update from client_008
[33mserver_1      |[0m INFO:__main__:--- Aggregating 5 updates ---
[33mserver_1      |[0m INFO:__main__:⚡ Using Custom Aggregator with Drift Metric...
[33mserver_1      |[0m INFO:server.aggregator:Starting FedAvg aggregation for 5 clients.
[34;1mclient_009_1  |[0m 2026-01-28 20:17:11,520 - __main__ - INFO - Round 15 finished. Loss: 0.9351, Acc: 69.57%
[33mserver_1      |[0m INFO:werkzeug:172.18.0.18 - - [28/Jan/2026 20:17:11] "[31m[1mPOST /submit_update HTTP/1.1[0m" 400 -
[34;1mclient_009_1  |[0m 2026-01-28 20:17:11,619 - __main__ - ERROR - Update submission failed: {"error":"Not accepting updates"}
[34;1mclient_009_1  |[0m 
[34;1mclient_009_1  |[0m 2026-01-28 20:17:11,620 - __main__ - INFO - Update submitted for Round 15. Waiting...
[33mclient_001_1  |[0m 2026-01-28 20:17:12,129 - __main__ - INFO - --- New Round Detected: 15 ---
[33mserver_1      |[0m INFO:werkzeug:172.18.0.14 - - [28/Jan/2026 20:17:12] "GET /download_model?round=15 HTTP/1.1" 200 -
[33mclient_001_1  |[0m 2026-01-28 20:17:12,887 - __main__ - INFO - Round 15 finished. Loss: 0.3220, Acc: 99.03%
[33mserver_1      |[0m INFO:werkzeug:172.18.0.14 - - [28/Jan/2026 20:17:12] "[31m[1mPOST /submit_update HTTP/1.1[0m" 400 -
[33mclient_001_1  |[0m 2026-01-28 20:17:12,954 - __main__ - ERROR - Update submission failed: {"error":"Not accepting updates"}
[33mclient_001_1  |[0m 
[33mclient_001_1  |[0m 2026-01-28 20:17:12,955 - __main__ - INFO - Update submitted for Round 15. Waiting...
[36;1mclient_005_1  |[0m 2026-01-28 20:17:13,084 - __main__ - INFO - --- New Round Detected: 15 ---
[33mserver_1      |[0m INFO:werkzeug:172.18.0.13 - - [28/Jan/2026 20:17:13] "GET /download_model?round=15 HTTP/1.1" 200 -
[32mclient_002_1  |[0m 2026-01-28 20:17:13,757 - __main__ - INFO - --- New Round Detected: 15 ---
[33mserver_1      |[0m INFO:werkzeug:172.18.0.20 - - [28/Jan/2026 20:17:13] "GET /download_model?round=15 HTTP/1.1" 200 -
[33mserver_1      |[0m INFO:server.aggregator:--- [METRIC] Weight Divergence: 1.7856
[33mserver_1      |[0m INFO:server.aggregator:FedAvg aggregation complete.
[33mserver_1      |[0m INFO:__main__:Aggregation complete.
[33mserver_1      |[0m ⏱️ [TIME] Client client_004 finished training in 8.28s
[33mserver_1      |[0m ⏱️ [TIME] Client client_006 finished training in 0.03s
[33mserver_1      |[0m ⏱️ [TIME] Client client_007 finished training in 0.40s
[33mserver_1      |[0m ⏱️ [TIME] Client client_010 finished training in 1.21s
[33mserver_1      |[0m ⏱️ [TIME] Client client_008 finished training in 2.94s
[33mserver_1      |[0m DEBUG: ⚠️ MY CUSTOM AGGREGATOR IS RUNNING ⚠️
[33mclient_011_1  |[0m 2026-01-28 20:17:14,368 - __main__ - INFO - --- New Round Detected: 15 ---
[34mclient_004_1  |[0m 2026-01-28 20:17:14,393 - __main__ - INFO - --- New Round Detected: 15 ---
[33mserver_1      |[0m INFO:werkzeug:172.18.0.22 - - [28/Jan/2026 20:17:14] "GET /download_model?round=15 HTTP/1.1" 200 -
[33mserver_1      |[0m INFO:werkzeug:172.18.0.6 - - [28/Jan/2026 20:17:14] "GET /download_model?round=15 HTTP/1.1" 200 -
[33mserver_1      |[0m INFO:__main__:--- Round 15 Acc: 39.99%, Loss: 1.7220 ---
[33mserver_1      |[0m INFO:__main__:--- Starting Round 16. Timeout: 300s ---
[33mserver_1      |[0m INFO:werkzeug:172.18.0.21 - - [28/Jan/2026 20:17:15] "POST /submit_update HTTP/1.1" 200 -
[35;1mclient_008_1  |[0m 2026-01-28 20:17:15,194 - __main__ - INFO - 🚀 Model update submitted successfully.
[35;1mclient_008_1  |[0m 2026-01-28 20:17:15,194 - __main__ - INFO - Update submitted for Round 15. Waiting...
[36;1mclient_005_1  |[0m 2026-01-28 20:17:15,701 - __main__ - INFO - Round 15 finished. Loss: 0.5371, Acc: 92.82%
[33mserver_1      |[0m INFO:__main__:Received update from client_005
[33mserver_1      |[0m INFO:werkzeug:172.18.0.13 - - [28/Jan/2026 20:17:15] "POST /submit_update HTTP/1.1" 200 -
[36;1mclient_005_1  |[0m 2026-01-28 20:17:15,835 - __main__ - INFO - 🚀 Model update submitted successfully.
[36;1mclient_005_1  |[0m 2026-01-28 20:17:15,835 - __main__ - INFO - Update submitted for Round 15. Waiting...
[33;1mclient_006_1  |[0m 2026-01-28 20:17:16,193 - __main__ - INFO - --- New Round Detected: 16 ---
[32mclient_002_1  |[0m 2026-01-28 20:17:16,217 - __main__ - INFO - Round 15 finished. Loss: 0.5072, Acc: 92.19%
[33mserver_1      |[0m INFO:werkzeug:172.18.0.5 - - [28/Jan/2026 20:17:16] "GET /download_model?round=16 HTTP/1.1" 200 -
[33mserver_1      |[0m INFO:__main__:Received update from client_002
[33mserver_1      |[0m INFO:werkzeug:172.18.0.20 - - [28/Jan/2026 20:17:16] "POST /submit_update HTTP/1.1" 200 -
[32mclient_002_1  |[0m 2026-01-28 20:17:16,355 - __main__ - INFO - 🚀 Model update submitted successfully.
[32mclient_002_1  |[0m 2026-01-28 20:17:16,355 - __main__ - INFO - Update submitted for Round 15. Waiting...
[33;1mclient_006_1  |[0m 2026-01-28 20:17:16,368 - __main__ - INFO - Round 16 finished. Loss: 0.7075, Acc: 85.71%
[33mserver_1      |[0m INFO:__main__:Received update from client_006
[33mserver_1      |[0m INFO:werkzeug:172.18.0.5 - - [28/Jan/2026 20:17:16] "POST /submit_update HTTP/1.1" 200 -
[33;1mclient_006_1  |[0m 2026-01-28 20:17:16,504 - __main__ - INFO - 🚀 Model update submitted successfully.
[33;1mclient_006_1  |[0m 2026-01-28 20:17:16,505 - __main__ - INFO - Update submitted for Round 16. Waiting...
[32;1mclient_007_1  |[0m 2026-01-28 20:17:17,316 - __main__ - INFO - --- New Round Detected: 16 ---
[33mserver_1      |[0m INFO:werkzeug:172.18.0.7 - - [28/Jan/2026 20:17:17] "GET /download_model?round=16 HTTP/1.1" 200 -
[32;1mclient_007_1  |[0m 2026-01-28 20:17:17,872 - __main__ - INFO - Round 16 finished. Loss: 1.0166, Acc: 62.82%
[33mserver_1      |[0m INFO:__main__:Received update from client_007
[33mserver_1      |[0m INFO:werkzeug:172.18.0.7 - - [28/Jan/2026 20:17:17] "POST /submit_update HTTP/1.1" 200 -
[32;1mclient_007_1  |[0m 2026-01-28 20:17:18,015 - __main__ - INFO - 🚀 Model update submitted successfully.
[32;1mclient_007_1  |[0m 2026-01-28 20:17:18,015 - __main__ - INFO - Update submitted for Round 16. Waiting...
[36mclient_010_1  |[0m 2026-01-28 20:17:19,930 - __main__ - INFO - --- New Round Detected: 16 ---
[33mserver_1      |[0m INFO:werkzeug:172.18.0.16 - - [28/Jan/2026 20:17:19] "GET /download_model?round=16 HTTP/1.1" 200 -
[36mclient_010_1  |[0m 2026-01-28 20:17:21,357 - __main__ - INFO - Round 16 finished. Loss: 0.4264, Acc: 97.91%
[33mserver_1      |[0m INFO:__main__:Received update from client_010
[33mserver_1      |[0m INFO:__main__:--- Aggregating 5 updates ---
[33mserver_1      |[0m INFO:__main__:⚡ Using Custom Aggregator with Drift Metric...
[33mserver_1      |[0m INFO:server.aggregator:Starting FedAvg aggregation for 5 clients.
[34;1mclient_009_1  |[0m 2026-01-28 20:17:21,697 - __main__ - INFO - --- New Round Detected: 16 ---
[33mserver_1      |[0m INFO:werkzeug:172.18.0.18 - - [28/Jan/2026 20:17:21] "GET /download_model?round=16 HTTP/1.1" 200 -
[35mclient_003_1  |[0m 2026-01-28 20:17:22,447 - __main__ - INFO - Round 14 finished. Loss: 0.8375, Acc: 75.01%
[33mserver_1      |[0m INFO:werkzeug:172.18.0.8 - - [28/Jan/2026 20:17:22] "[31m[1mPOST /submit_update HTTP/1.1[0m" 400 -
[35mclient_003_1  |[0m 2026-01-28 20:17:22,515 - __main__ - ERROR - Update submission failed: {"error":"Not accepting updates"}
[35mclient_003_1  |[0m 
[35mclient_003_1  |[0m 2026-01-28 20:17:22,515 - __main__ - INFO - Update submitted for Round 14. Waiting...
[33mclient_001_1  |[0m 2026-01-28 20:17:23,018 - __main__ - INFO - --- New Round Detected: 16 ---
[33mserver_1      |[0m INFO:werkzeug:172.18.0.14 - - [28/Jan/2026 20:17:23] "GET /download_model?round=16 HTTP/1.1" 200 -
[33mserver_1      |[0m INFO:server.aggregator:--- [METRIC] Weight Divergence: 1.3518
[33mserver_1      |[0m INFO:server.aggregator:FedAvg aggregation complete.
[33mserver_1      |[0m INFO:__main__:Aggregation complete.
[33mserver_1      |[0m ⏱️ [TIME] Client client_005 finished training in 2.47s
[33mserver_1      |[0m ⏱️ [TIME] Client client_002 finished training in 2.33s
[33mserver_1      |[0m ⏱️ [TIME] Client client_006 finished training in 0.03s
[33mserver_1      |[0m ⏱️ [TIME] Client client_007 finished training in 0.42s
[33mserver_1      |[0m ⏱️ [TIME] Client client_010 finished training in 1.28s
[33mserver_1      |[0m DEBUG: ⚠️ MY CUSTOM AGGREGATOR IS RUNNING ⚠️
[33mclient_001_1  |[0m 2026-01-28 20:17:23,900 - __main__ - INFO - Round 16 finished. Loss: 0.4310, Acc: 97.41%
[33mserver_1      |[0m INFO:werkzeug:172.18.0.14 - - [28/Jan/2026 20:17:23] "[31m[1mPOST /submit_update HTTP/1.1[0m" 400 -
[33mclient_001_1  |[0m 2026-01-28 20:17:23,967 - __main__ - ERROR - Update submission failed: {"error":"Not accepting updates"}
[33mclient_001_1  |[0m 
[33mclient_001_1  |[0m 2026-01-28 20:17:23,967 - __main__ - INFO - Update submitted for Round 16. Waiting...
[33mserver_1      |[0m INFO:__main__:--- Round 16 Acc: 26.38%, Loss: 2.0052 ---
[33mserver_1      |[0m INFO:__main__:--- Starting Round 17. Timeout: 300s ---
[33mserver_1      |[0m INFO:werkzeug:172.18.0.16 - - [28/Jan/2026 20:17:24] "POST /submit_update HTTP/1.1" 200 -
[36mclient_010_1  |[0m 2026-01-28 20:17:24,218 - __main__ - INFO - 🚀 Model update submitted successfully.
[36mclient_010_1  |[0m 2026-01-28 20:17:24,218 - __main__ - INFO - Update submitted for Round 16. Waiting...
[34mclient_004_1  |[0m 2026-01-28 20:17:24,394 - __main__ - INFO - Round 15 finished. Loss: 0.9809, Acc: 74.43%
[33mserver_1      |[0m INFO:__main__:Received update from client_004
[33mserver_1      |[0m INFO:werkzeug:172.18.0.22 - - [28/Jan/2026 20:17:24] "POST /submit_update HTTP/1.1" 200 -
[34mclient_004_1  |[0m 2026-01-28 20:17:24,534 - __main__ - INFO - 🚀 Model update submitted successfully.
[34mclient_004_1  |[0m 2026-01-28 20:17:24,534 - __main__ - INFO - Update submitted for Round 15. Waiting...
[35;1mclient_008_1  |[0m 2026-01-28 20:17:25,256 - __main__ - INFO - --- New Round Detected: 17 ---
[33mserver_1      |[0m INFO:werkzeug:172.18.0.21 - - [28/Jan/2026 20:17:25] "GET /download_model?round=17 HTTP/1.1" 200 -
[36;1mclient_005_1  |[0m 2026-01-28 20:17:25,947 - __main__ - INFO - --- New Round Detected: 17 ---
[33mserver_1      |[0m INFO:werkzeug:172.18.0.13 - - [28/Jan/2026 20:17:25] "GET /download_model?round=17 HTTP/1.1" 200 -
[32mclient_002_1  |[0m 2026-01-28 20:17:26,417 - __main__ - INFO - --- New Round Detected: 17 ---
[33mserver_1      |[0m INFO:werkzeug:172.18.0.20 - - [28/Jan/2026 20:17:26] "GET /download_model?round=17 HTTP/1.1" 200 -
[33;1mclient_006_1  |[0m 2026-01-28 20:17:26,581 - __main__ - INFO - --- New Round Detected: 17 ---
[33mserver_1      |[0m INFO:werkzeug:172.18.0.5 - - [28/Jan/2026 20:17:26] "GET /download_model?round=17 HTTP/1.1" 200 -
[34;1mclient_009_1  |[0m 2026-01-28 20:17:26,671 - __main__ - INFO - Round 16 finished. Loss: 0.9759, Acc: 71.67%
[33;1mclient_006_1  |[0m 2026-01-28 20:17:26,742 - __main__ - INFO - Round 17 finished. Loss: 1.2781, Acc: 42.86%
[33mserver_1      |[0m INFO:__main__:Received update from client_009
[33mserver_1      |[0m INFO:werkzeug:172.18.0.18 - - [28/Jan/2026 20:17:26] "POST /submit_update HTTP/1.1" 200 -
[34;1mclient_009_1  |[0m 2026-01-28 20:17:26,813 - __main__ - INFO - 🚀 Model update submitted successfully.
[34;1mclient_009_1  |[0m 2026-01-28 20:17:26,813 - __main__ - INFO - Update submitted for Round 16. Waiting...
[33;1mclient_006_1  |[0m 2026-01-28 20:17:26,879 - __main__ - INFO - 🚀 Model update submitted successfully.
[33;1mclient_006_1  |[0m 2026-01-28 20:17:26,880 - __main__ - INFO - Update submitted for Round 17. Waiting...
[33mserver_1      |[0m INFO:__main__:Received update from client_006
[33mserver_1      |[0m INFO:werkzeug:172.18.0.5 - - [28/Jan/2026 20:17:26] "POST /submit_update HTTP/1.1" 200 -
[32;1mclient_007_1  |[0m 2026-01-28 20:17:28,077 - __main__ - INFO - --- New Round Detected: 17 ---
[33mserver_1      |[0m INFO:werkzeug:172.18.0.7 - - [28/Jan/2026 20:17:28] "GET /download_model?round=17 HTTP/1.1" 200 -
[35;1mclient_008_1  |[0m 2026-01-28 20:17:28,216 - __main__ - INFO - Round 17 finished. Loss: 0.4289, Acc: 97.93%
[33mserver_1      |[0m INFO:__main__:Received update from client_008
[33mserver_1      |[0m INFO:werkzeug:172.18.0.21 - - [28/Jan/2026 20:17:28] "POST /submit_update HTTP/1.1" 200 -
[35;1mclient_008_1  |[0m 2026-01-28 20:17:28,372 - __main__ - INFO - 🚀 Model update submitted successfully.
[35;1mclient_008_1  |[0m 2026-01-28 20:17:28,372 - __main__ - INFO - Update submitted for Round 17. Waiting...
[36;1mclient_005_1  |[0m 2026-01-28 20:17:28,775 - __main__ - INFO - Round 17 finished. Loss: 0.3648, Acc: 93.23%
[33mserver_1      |[0m INFO:__main__:Received update from client_005
[33mserver_1      |[0m INFO:__main__:--- Aggregating 5 updates ---
[33mserver_1      |[0m INFO:__main__:⚡ Using Custom Aggregator with Drift Metric...
[33mserver_1      |[0m INFO:server.aggregator:Starting FedAvg aggregation for 5 clients.
[32;1mclient_007_1  |[0m 2026-01-28 20:17:28,997 - __main__ - INFO - Round 17 finished. Loss: 1.0739, Acc: 66.12%
[33mserver_1      |[0m INFO:werkzeug:172.18.0.7 - - [28/Jan/2026 20:17:29] "[31m[1mPOST /submit_update HTTP/1.1[0m" 400 -
[32;1mclient_007_1  |[0m 2026-01-28 20:17:29,099 - __main__ - ERROR - Update submission failed: {"error":"Not accepting updates"}
[32;1mclient_007_1  |[0m 
[32;1mclient_007_1  |[0m 2026-01-28 20:17:29,099 - __main__ - INFO - Update submitted for Round 17. Waiting...
[32mclient_002_1  |[0m 2026-01-28 20:17:29,315 - __main__ - INFO - Round 17 finished. Loss: 0.5014, Acc: 92.00%
[33mserver_1      |[0m INFO:werkzeug:172.18.0.20 - - [28/Jan/2026 20:17:29] "[31m[1mPOST /submit_update HTTP/1.1[0m" 400 -
[32mclient_002_1  |[0m 2026-01-28 20:17:29,392 - __main__ - ERROR - Update submission failed: {"error":"Not accepting updates"}
[32mclient_002_1  |[0m 
[32mclient_002_1  |[0m 2026-01-28 20:17:29,393 - __main__ - INFO - Update submitted for Round 17. Waiting...
[33mserver_1      |[0m INFO:server.aggregator:--- [METRIC] Weight Divergence: 1.4216
[33mserver_1      |[0m INFO:server.aggregator:FedAvg aggregation complete.
[33mserver_1      |[0m INFO:__main__:Aggregation complete.
[33mserver_1      |[0m ⏱️ [TIME] Client client_004 finished training in 9.86s
[33mserver_1      |[0m ⏱️ [TIME] Client client_009 finished training in 4.84s
[33mserver_1      |[0m ⏱️ [TIME] Client client_006 finished training in 0.03s
[33mserver_1      |[0m ⏱️ [TIME] Client client_008 finished training in 2.83s
[33mserver_1      |[0m ⏱️ [TIME] Client client_005 finished training in 2.70s
[33mserver_1      |[0m DEBUG: ⚠️ MY CUSTOM AGGREGATOR IS RUNNING ⚠️
[33mserver_1      |[0m INFO:__main__:--- Round 17 Acc: 37.47%, Loss: 1.7938 ---
[33mserver_1      |[0m INFO:__main__:--- Starting Round 18. Timeout: 300s ---
[33mserver_1      |[0m INFO:werkzeug:172.18.0.13 - - [28/Jan/2026 20:17:31] "POST /submit_update HTTP/1.1" 200 -
[36;1mclient_005_1  |[0m 2026-01-28 20:17:31,881 - __main__ - INFO - 🚀 Model update submitted successfully.
[36;1mclient_005_1  |[0m 2026-01-28 20:17:31,881 - __main__ - INFO - Update submitted for Round 17. Waiting...
[35mclient_003_1  |[0m 2026-01-28 20:17:32,618 - __main__ - INFO - --- New Round Detected: 18 ---
[33mserver_1      |[0m INFO:werkzeug:172.18.0.8 - - [28/Jan/2026 20:17:32] "GET /download_model?round=18 HTTP/1.1" 200 -
[33mclient_001_1  |[0m 2026-01-28 20:17:34,028 - __main__ - INFO - --- New Round Detected: 18 ---
[33mserver_1      |[0m INFO:werkzeug:172.18.0.14 - - [28/Jan/2026 20:17:34] "GET /download_model?round=18 HTTP/1.1" 200 -
[36mclient_010_1  |[0m 2026-01-28 20:17:34,283 - __main__ - INFO - --- New Round Detected: 18 ---
[33mserver_1      |[0m INFO:werkzeug:172.18.0.16 - - [28/Jan/2026 20:17:34] "GET /download_model?round=18 HTTP/1.1" 200 -
[34mclient_004_1  |[0m 2026-01-28 20:17:34,595 - __main__ - INFO - --- New Round Detected: 18 ---
[33mserver_1      |[0m INFO:werkzeug:172.18.0.22 - - [28/Jan/2026 20:17:34] "GET /download_model?round=18 HTTP/1.1" 200 -
[33mclient_001_1  |[0m 2026-01-28 20:17:34,732 - __main__ - INFO - Round 18 finished. Loss: 0.3857, Acc: 98.38%
[33mserver_1      |[0m INFO:__main__:Received update from client_001
[33mserver_1      |[0m INFO:werkzeug:172.18.0.14 - - [28/Jan/2026 20:17:34] "POST /submit_update HTTP/1.1" 200 -
[33mclient_001_1  |[0m 2026-01-28 20:17:34,869 - __main__ - INFO - 🚀 Model update submitted successfully.
[33mclient_001_1  |[0m 2026-01-28 20:17:34,870 - __main__ - INFO - Update submitted for Round 18. Waiting...
[36mclient_010_1  |[0m 2026-01-28 20:17:35,616 - __main__ - INFO - Round 18 finished. Loss: 0.4001, Acc: 97.91%
[33mserver_1      |[0m INFO:__main__:Received update from client_010
[33mserver_1      |[0m INFO:werkzeug:172.18.0.16 - - [28/Jan/2026 20:17:35] "POST /submit_update HTTP/1.1" 200 -
[36mclient_010_1  |[0m 2026-01-28 20:17:35,752 - __main__ - INFO - 🚀 Model update submitted successfully.
[36mclient_010_1  |[0m 2026-01-28 20:17:35,752 - __main__ - INFO - Update submitted for Round 18. Waiting...
[33;1mclient_006_1  |[0m 2026-01-28 20:17:36,943 - __main__ - INFO - --- New Round Detected: 18 ---
[33mserver_1      |[0m INFO:werkzeug:172.18.0.5 - - [28/Jan/2026 20:17:36] "GET /download_model?round=18 HTTP/1.1" 200 -
[34;1mclient_009_1  |[0m 2026-01-28 20:17:37,002 - __main__ - INFO - --- New Round Detected: 18 ---
[33mserver_1      |[0m INFO:werkzeug:172.18.0.18 - - [28/Jan/2026 20:17:37] "GET /download_model?round=18 HTTP/1.1" 200 -
[33;1mclient_006_1  |[0m 2026-01-28 20:17:37,133 - __main__ - INFO - Round 18 finished. Loss: 0.6367, Acc: 92.86%
[33mserver_1      |[0m INFO:__main__:Received update from client_006
[33mserver_1      |[0m INFO:werkzeug:172.18.0.5 - - [28/Jan/2026 20:17:37] "POST /submit_update HTTP/1.1" 200 -
[33;1mclient_006_1  |[0m 2026-01-28 20:17:37,272 - __main__ - INFO - 🚀 Model update submitted successfully.
[33;1mclient_006_1  |[0m 2026-01-28 20:17:37,272 - __main__ - INFO - Update submitted for Round 18. Waiting...
[35;1mclient_008_1  |[0m 2026-01-28 20:17:38,435 - __main__ - INFO - --- New Round Detected: 18 ---
[33mserver_1      |[0m INFO:werkzeug:172.18.0.21 - - [28/Jan/2026 20:17:38] "GET /download_model?round=18 HTTP/1.1" 200 -
[32;1mclient_007_1  |[0m 2026-01-28 20:17:39,161 - __main__ - INFO - --- New Round Detected: 18 ---
[33mserver_1      |[0m INFO:werkzeug:172.18.0.7 - - [28/Jan/2026 20:17:39] "GET /download_model?round=18 HTTP/1.1" 200 -
[32mclient_002_1  |[0m 2026-01-28 20:17:39,460 - __main__ - INFO - --- New Round Detected: 18 ---
[33mserver_1      |[0m INFO:werkzeug:172.18.0.20 - - [28/Jan/2026 20:17:39] "GET /download_model?round=18 HTTP/1.1" 200 -
[32;1mclient_007_1  |[0m 2026-01-28 20:17:39,691 - __main__ - INFO - Round 18 finished. Loss: 1.1153, Acc: 66.12%
[33mserver_1      |[0m INFO:__main__:Received update from client_007
[33mserver_1      |[0m INFO:werkzeug:172.18.0.7 - - [28/Jan/2026 20:17:39] "POST /submit_update HTTP/1.1" 200 -
[32;1mclient_007_1  |[0m 2026-01-28 20:17:39,858 - __main__ - INFO - 🚀 Model update submitted successfully.
[32;1mclient_007_1  |[0m 2026-01-28 20:17:39,859 - __main__ - INFO - Update submitted for Round 18. Waiting...
[35;1mclient_008_1  |[0m 2026-01-28 20:17:41,706 - __main__ - INFO - Round 18 finished. Loss: 0.3032, Acc: 98.18%
[33mserver_1      |[0m INFO:__main__:Received update from client_008
[33mserver_1      |[0m INFO:__main__:--- Aggregating 5 updates ---
[33mserver_1      |[0m INFO:__main__:⚡ Using Custom Aggregator with Drift Metric...
[33mserver_1      |[0m INFO:server.aggregator:Starting FedAvg aggregation for 5 clients.
[36;1mclient_005_1  |[0m 2026-01-28 20:17:41,966 - __main__ - INFO - --- New Round Detected: 18 ---
[33mserver_1      |[0m INFO:werkzeug:172.18.0.13 - - [28/Jan/2026 20:17:41] "GET /download_model?round=18 HTTP/1.1" 200 -
[32mclient_002_1  |[0m 2026-01-28 20:17:42,190 - __main__ - INFO - Round 18 finished. Loss: 0.5412, Acc: 91.90%
[33mserver_1      |[0m INFO:werkzeug:172.18.0.20 - - [28/Jan/2026 20:17:42] "[31m[1mPOST /submit_update HTTP/1.1[0m" 400 -
[32mclient_002_1  |[0m 2026-01-28 20:17:42,255 - __main__ - ERROR - Update submission failed: {"error":"Not accepting updates"}
[32mclient_002_1  |[0m 
[32mclient_002_1  |[0m 2026-01-28 20:17:42,255 - __main__ - INFO - Update submitted for Round 18. Waiting...
[34;1mclient_009_1  |[0m 2026-01-28 20:17:42,404 - __main__ - INFO - Round 18 finished. Loss: 1.1134, Acc: 65.20%
[33mserver_1      |[0m INFO:werkzeug:172.18.0.18 - - [28/Jan/2026 20:17:42] "[31m[1mPOST /submit_update HTTP/1.1[0m" 400 -
[34;1mclient_009_1  |[0m 2026-01-28 20:17:42,484 - __main__ - ERROR - Update submission failed: {"error":"Not accepting updates"}
[34;1mclient_009_1  |[0m 
[34;1mclient_009_1  |[0m 2026-01-28 20:17:42,484 - __main__ - INFO - Update submitted for Round 18. Waiting...
[33mserver_1      |[0m INFO:server.aggregator:--- [METRIC] Weight Divergence: 0.8779
[33mserver_1      |[0m INFO:server.aggregator:FedAvg aggregation complete.
[33mserver_1      |[0m INFO:__main__:Aggregation complete.
[33mserver_1      |[0m ⏱️ [TIME] Client client_001 finished training in 0.55s
[33mserver_1      |[0m ⏱️ [TIME] Client client_010 finished training in 1.20s
[33mserver_1      |[0m ⏱️ [TIME] Client client_006 finished training in 0.06s
[33mserver_1      |[0m ⏱️ [TIME] Client client_007 finished training in 0.40s
[33mserver_1      |[0m ⏱️ [TIME] Client client_008 finished training in 3.14s
[33mserver_1      |[0m DEBUG: ⚠️ MY CUSTOM AGGREGATOR IS RUNNING ⚠️
[34mclient_004_1  |[0m 2026-01-28 20:17:44,452 - __main__ - INFO - Round 18 finished. Loss: 0.8292, Acc: 76.12%
[34mclient_004_1  |[0m 2026-01-28 20:17:44,517 - __main__ - ERROR - Update submission failed: {"error":"Not accepting updates"}
[34mclient_004_1  |[0m 
[34mclient_004_1  |[0m 2026-01-28 20:17:44,517 - __main__ - INFO - Update submitted for Round 18. Waiting...
[33mserver_1      |[0m INFO:werkzeug:172.18.0.22 - - [28/Jan/2026 20:17:44] "[31m[1mPOST /submit_update HTTP/1.1[0m" 400 -
[33mserver_1      |[0m INFO:__main__:--- Round 18 Acc: 23.76%, Loss: 2.0901 ---
[33mserver_1      |[0m INFO:__main__:--- Starting Round 19. Timeout: 300s ---
[33mserver_1      |[0m INFO:werkzeug:172.18.0.21 - - [28/Jan/2026 20:17:45] "POST /submit_update HTTP/1.1" 200 -
[35;1mclient_008_1  |[0m 2026-01-28 20:17:45,200 - __main__ - INFO - 🚀 Model update submitted successfully.
[35;1mclient_008_1  |[0m 2026-01-28 20:17:45,201 - __main__ - INFO - Update submitted for Round 18. Waiting...
[36;1mclient_005_1  |[0m 2026-01-28 20:17:45,302 - __main__ - INFO - Round 18 finished. Loss: 0.3997, Acc: 93.72%
[33mserver_1      |[0m INFO:__main__:Received update from client_005
[33mserver_1      |[0m INFO:werkzeug:172.18.0.13 - - [28/Jan/2026 20:17:45] "POST /submit_update HTTP/1.1" 200 -
[36;1mclient_005_1  |[0m 2026-01-28 20:17:45,457 - __main__ - INFO - 🚀 Model update submitted successfully.
[36;1mclient_005_1  |[0m 2026-01-28 20:17:45,458 - __main__ - INFO - Update submitted for Round 18. Waiting...
[36mclient_010_1  |[0m 2026-01-28 20:17:45,814 - __main__ - INFO - --- New Round Detected: 19 ---
[33mserver_1      |[0m INFO:werkzeug:172.18.0.16 - - [28/Jan/2026 20:17:45] "GET /download_model?round=19 HTTP/1.1" 200 -
[36mclient_010_1  |[0m 2026-01-28 20:17:47,239 - __main__ - INFO - Round 19 finished. Loss: 0.3604, Acc: 97.91%
[33;1mclient_006_1  |[0m 2026-01-28 20:17:47,335 - __main__ - INFO - --- New Round Detected: 19 ---
[33mserver_1      |[0m INFO:__main__:Received update from client_010
[33mserver_1      |[0m INFO:werkzeug:172.18.0.16 - - [28/Jan/2026 20:17:47] "POST /submit_update HTTP/1.1" 200 -
[33mserver_1      |[0m INFO:werkzeug:172.18.0.5 - - [28/Jan/2026 20:17:47] "GET /download_model?round=19 HTTP/1.1" 200 -
[36mclient_010_1  |[0m 2026-01-28 20:17:47,374 - __main__ - INFO - 🚀 Model update submitted successfully.
[36mclient_010_1  |[0m 2026-01-28 20:17:47,374 - __main__ - INFO - Update submitted for Round 19. Waiting...
[33;1mclient_006_1  |[0m 2026-01-28 20:17:47,552 - __main__ - INFO - Round 19 finished. Loss: 0.7893, Acc: 85.71%
[33mserver_1      |[0m INFO:__main__:Received update from client_006
[33mserver_1      |[0m INFO:werkzeug:172.18.0.5 - - [28/Jan/2026 20:17:47] "POST /submit_update HTTP/1.1" 200 -
[33;1mclient_006_1  |[0m 2026-01-28 20:17:47,690 - __main__ - INFO - 🚀 Model update submitted successfully.
[33;1mclient_006_1  |[0m 2026-01-28 20:17:47,690 - __main__ - INFO - Update submitted for Round 19. Waiting...
[35mclient_003_1  |[0m 2026-01-28 20:17:49,099 - __main__ - INFO - Round 18 finished. Loss: 0.9766, Acc: 73.61%
[33mserver_1      |[0m INFO:__main__:Received update from client_003
[33mserver_1      |[0m INFO:werkzeug:172.18.0.8 - - [28/Jan/2026 20:17:49] "POST /submit_update HTTP/1.1" 200 -
[35mclient_003_1  |[0m 2026-01-28 20:17:49,235 - __main__ - INFO - 🚀 Model update submitted successfully.
[35mclient_003_1  |[0m 2026-01-28 20:17:49,236 - __main__ - INFO - Update submitted for Round 18. Waiting...
[32;1mclient_007_1  |[0m 2026-01-28 20:17:49,934 - __main__ - INFO - --- New Round Detected: 19 ---
[33mserver_1      |[0m INFO:werkzeug:172.18.0.7 - - [28/Jan/2026 20:17:49] "GET /download_model?round=19 HTTP/1.1" 200 -
[32;1mclient_007_1  |[0m 2026-01-28 20:17:50,931 - __main__ - INFO - Round 19 finished. Loss: 1.0671, Acc: 63.92%
[33mserver_1      |[0m INFO:__main__:Received update from client_007
[33mserver_1      |[0m INFO:__main__:--- Aggregating 5 updates ---
[33mserver_1      |[0m INFO:__main__:⚡ Using Custom Aggregator with Drift Metric...
[33mserver_1      |[0m INFO:server.aggregator:Starting FedAvg aggregation for 5 clients.
[32mclient_002_1  |[0m 2026-01-28 20:17:52,370 - __main__ - INFO - --- New Round Detected: 19 ---
[33mserver_1      |[0m INFO:werkzeug:172.18.0.20 - - [28/Jan/2026 20:17:52] "GET /download_model?round=19 HTTP/1.1" 200 -
[34;1mclient_009_1  |[0m 2026-01-28 20:17:52,624 - __main__ - INFO - --- New Round Detected: 19 ---
[33mserver_1      |[0m INFO:werkzeug:172.18.0.18 - - [28/Jan/2026 20:17:52] "GET /download_model?round=19 HTTP/1.1" 200 -
[33mserver_1      |[0m INFO:server.aggregator:--- [METRIC] Weight Divergence: 1.8093
[33mserver_1      |[0m INFO:server.aggregator:FedAvg aggregation complete.
[33mserver_1      |[0m INFO:__main__:Aggregation complete.
[33mserver_1      |[0m ⏱️ [TIME] Client client_005 finished training in 3.21s
[33mserver_1      |[0m ⏱️ [TIME] Client client_010 finished training in 1.26s
[33mserver_1      |[0m ⏱️ [TIME] Client client_006 finished training in 0.07s
[33mserver_1      |[0m ⏱️ [TIME] Client client_003 finished training in 16.34s
[33mserver_1      |[0m ⏱️ [TIME] Client client_007 finished training in 0.87s
[33mserver_1      |[0m DEBUG: ⚠️ MY CUSTOM AGGREGATOR IS RUNNING ⚠️
[33mserver_1      |[0m INFO:__main__:--- Round 19 Acc: 40.61%, Loss: 1.7483 ---
[33mserver_1      |[0m INFO:__main__:--- Starting Round 20. Timeout: 300s ---
[33mserver_1      |[0m INFO:werkzeug:172.18.0.7 - - [28/Jan/2026 20:17:54] "POST /submit_update HTTP/1.1" 200 -
[32;1mclient_007_1  |[0m 2026-01-28 20:17:54,206 - __main__ - INFO - 🚀 Model update submitted successfully.
[32;1mclient_007_1  |[0m 2026-01-28 20:17:54,206 - __main__ - INFO - Update submitted for Round 19. Waiting...
[34mclient_004_1  |[0m 2026-01-28 20:17:54,580 - __main__ - INFO - --- New Round Detected: 20 ---
[33mserver_1      |[0m INFO:werkzeug:172.18.0.22 - - [28/Jan/2026 20:17:54] "GET /download_model?round=20 HTTP/1.1" 200 -
[33mclient_001_1  |[0m 2026-01-28 20:17:55,048 - __main__ - INFO - --- New Round Detected: 20 ---
[33mserver_1      |[0m INFO:werkzeug:172.18.0.14 - - [28/Jan/2026 20:17:55] "GET /download_model?round=20 HTTP/1.1" 200 -
[32mclient_002_1  |[0m 2026-01-28 20:17:55,186 - __main__ - INFO - Round 19 finished. Loss: 0.4994, Acc: 92.39%
[35;1mclient_008_1  |[0m 2026-01-28 20:17:55,263 - __main__ - INFO - --- New Round Detected: 20 ---
[33mserver_1      |[0m INFO:werkzeug:172.18.0.21 - - [28/Jan/2026 20:17:55] "GET /download_model?round=20 HTTP/1.1" 200 -
[33mserver_1      |[0m INFO:__main__:Received update from client_002
[33mserver_1      |[0m INFO:werkzeug:172.18.0.20 - - [28/Jan/2026 20:17:55] "POST /submit_update HTTP/1.1" 200 -
[32mclient_002_1  |[0m 2026-01-28 20:17:55,321 - __main__ - INFO - 🚀 Model update submitted successfully.
[32mclient_002_1  |[0m 2026-01-28 20:17:55,321 - __main__ - INFO - Update submitted for Round 19. Waiting...
[36;1mclient_005_1  |[0m 2026-01-28 20:17:55,530 - __main__ - INFO - --- New Round Detected: 20 ---
[33mserver_1      |[0m INFO:werkzeug:172.18.0.13 - - [28/Jan/2026 20:17:55] "GET /download_model?round=20 HTTP/1.1" 200 -
[34;1mclient_009_1  |[0m 2026-01-28 20:17:55,554 - __main__ - INFO - Round 19 finished. Loss: 0.9592, Acc: 71.99%
[33mserver_1      |[0m INFO:__main__:Received update from client_009
[33mserver_1      |[0m INFO:werkzeug:172.18.0.18 - - [28/Jan/2026 20:17:55] "POST /submit_update HTTP/1.1" 200 -
[34;1mclient_009_1  |[0m 2026-01-28 20:17:55,689 - __main__ - INFO - 🚀 Model update submitted successfully.
[34;1mclient_009_1  |[0m 2026-01-28 20:17:55,689 - __main__ - INFO - Update submitted for Round 19. Waiting...
[33mclient_001_1  |[0m 2026-01-28 20:17:55,726 - __main__ - INFO - Round 20 finished. Loss: 0.4695, Acc: 97.09%
[33mserver_1      |[0m INFO:__main__:Received update from client_001
[33mserver_1      |[0m INFO:werkzeug:172.18.0.14 - - [28/Jan/2026 20:17:55] "POST /submit_update HTTP/1.1" 200 -
[33mclient_001_1  |[0m 2026-01-28 20:17:55,859 - __main__ - INFO - 🚀 Model update submitted successfully.
[33mclient_001_1  |[0m 2026-01-28 20:17:55,860 - __main__ - INFO - Update submitted for Round 20. Waiting...
[36mclient_010_1  |[0m 2026-01-28 20:17:57,440 - __main__ - INFO - --- New Round Detected: 20 ---
[33mserver_1      |[0m INFO:werkzeug:172.18.0.16 - - [28/Jan/2026 20:17:57] "GET /download_model?round=20 HTTP/1.1" 200 -
[33;1mclient_006_1  |[0m 2026-01-28 20:17:57,752 - __main__ - INFO - --- New Round Detected: 20 ---
[33mserver_1      |[0m INFO:werkzeug:172.18.0.5 - - [28/Jan/2026 20:17:57] "GET /download_model?round=20 HTTP/1.1" 200 -
[33;1mclient_006_1  |[0m 2026-01-28 20:17:57,914 - __main__ - INFO - Round 20 finished. Loss: 0.7043, Acc: 85.71%
[33mserver_1      |[0m INFO:__main__:Received update from client_006
[33mserver_1      |[0m INFO:werkzeug:172.18.0.5 - - [28/Jan/2026 20:17:58] "POST /submit_update HTTP/1.1" 200 -
[33;1mclient_006_1  |[0m 2026-01-28 20:17:58,050 - __main__ - INFO - 🚀 Model update submitted successfully.
[33;1mclient_006_1  |[0m 2026-01-28 20:17:58,050 - __main__ - INFO - Update submitted for Round 20. Waiting...
[35;1mclient_008_1  |[0m 2026-01-28 20:17:58,441 - __main__ - INFO - Round 20 finished. Loss: 0.3088, Acc: 98.32%
[33mserver_1      |[0m INFO:__main__:Received update from client_008
[33mserver_1      |[0m INFO:__main__:--- Aggregating 5 updates ---
[33mserver_1      |[0m INFO:__main__:⚡ Using Custom Aggregator with Drift Metric...
[33mserver_1      |[0m INFO:server.aggregator:Starting FedAvg aggregation for 5 clients.
[36mclient_010_1  |[0m 2026-01-28 20:17:58,825 - __main__ - INFO - Round 20 finished. Loss: 0.4712, Acc: 97.91%
[33mserver_1      |[0m INFO:werkzeug:172.18.0.16 - - [28/Jan/2026 20:17:58] "[31m[1mPOST /submit_update HTTP/1.1[0m" 400 -
[36mclient_010_1  |[0m 2026-01-28 20:17:58,903 - __main__ - ERROR - Update submission failed: {"error":"Not accepting updates"}
[36mclient_010_1  |[0m 
[36mclient_010_1  |[0m 2026-01-28 20:17:58,904 - __main__ - INFO - Update submitted for Round 20. Waiting...
[35mclient_003_1  |[0m 2026-01-28 20:17:59,302 - __main__ - INFO - --- New Round Detected: 20 ---
[33mserver_1      |[0m INFO:werkzeug:172.18.0.8 - - [28/Jan/2026 20:17:59] "GET /download_model?round=20 HTTP/1.1" 200 -
[33mserver_1      |[0m INFO:server.aggregator:--- [METRIC] Weight Divergence: 1.5117
[33mserver_1      |[0m INFO:server.aggregator:FedAvg aggregation complete.
[33mserver_1      |[0m INFO:__main__:Aggregation complete.
[33mserver_1      |[0m ⏱️ [TIME] Client client_002 finished training in 2.58s
[33mserver_1      |[0m ⏱️ [TIME] Client client_009 finished training in 2.80s
[33mserver_1      |[0m ⏱️ [TIME] Client client_001 finished training in 0.54s
[33mserver_1      |[0m ⏱️ [TIME] Client client_006 finished training in 0.03s
[33mserver_1      |[0m ⏱️ [TIME] Client client_008 finished training in 3.03s
[33mserver_1      |[0m DEBUG: ⚠️ MY CUSTOM AGGREGATOR IS RUNNING ⚠️
[36;1mclient_005_1  |[0m 2026-01-28 20:18:00,351 - __main__ - INFO - Round 20 finished. Loss: 0.4356, Acc: 94.16%
[33mserver_1      |[0m INFO:werkzeug:172.18.0.13 - - [28/Jan/2026 20:18:00] "[31m[1mPOST /submit_update HTTP/1.1[0m" 400 -
[36;1mclient_005_1  |[0m 2026-01-28 20:18:00,417 - __main__ - ERROR - Update submission failed: {"error":"Not accepting updates"}
[36;1mclient_005_1  |[0m 
[36;1mclient_005_1  |[0m 2026-01-28 20:18:00,418 - __main__ - INFO - Update submitted for Round 20. Waiting...
[33mserver_1      |[0m INFO:__main__:--- Round 20 Acc: 28.47%, Loss: 1.9927 ---
[33mserver_1      |[0m INFO:__main__:--- Starting Round 21. Timeout: 300s ---
[33mserver_1      |[0m INFO:werkzeug:172.18.0.21 - - [28/Jan/2026 20:18:00] "POST /submit_update HTTP/1.1" 200 -
[35;1mclient_008_1  |[0m 2026-01-28 20:18:00,908 - __main__ - INFO - 🚀 Model update submitted successfully.
[35;1mclient_008_1  |[0m 2026-01-28 20:18:00,908 - __main__ - INFO - Update submitted for Round 20. Waiting...
[32;1mclient_007_1  |[0m 2026-01-28 20:18:04,270 - __main__ - INFO - --- New Round Detected: 21 ---
[33mserver_1      |[0m INFO:werkzeug:172.18.0.7 - - [28/Jan/2026 20:18:04] "GET /download_model?round=21 HTTP/1.1" 200 -
[34mclient_004_1  |[0m 2026-01-28 20:18:04,690 - __main__ - INFO - Round 20 finished. Loss: 0.8795, Acc: 75.22%
[33mserver_1      |[0m INFO:__main__:Received update from client_004
[33mserver_1      |[0m INFO:werkzeug:172.18.0.22 - - [28/Jan/2026 20:18:04] "POST /submit_update HTTP/1.1" 200 -
[34mclient_004_1  |[0m 2026-01-28 20:18:04,834 - __main__ - INFO - 🚀 Model update submitted successfully.
[34mclient_004_1  |[0m 2026-01-28 20:18:04,834 - __main__ - INFO - Update submitted for Round 20. Waiting...
[32;1mclient_007_1  |[0m 2026-01-28 20:18:05,260 - __main__ - INFO - Round 21 finished. Loss: 1.1417, Acc: 65.38%
[33mserver_1      |[0m INFO:__main__:Received update from client_007
[33mserver_1      |[0m INFO:werkzeug:172.18.0.7 - - [28/Jan/2026 20:18:05] "POST /submit_update HTTP/1.1" 200 -
[32mclient_002_1  |[0m 2026-01-28 20:18:05,392 - __main__ - INFO - --- New Round Detected: 21 ---
[33mserver_1      |[0m INFO:werkzeug:172.18.0.20 - - [28/Jan/2026 20:18:05] "GET /download_model?round=21 HTTP/1.1" 200 -
[32;1mclient_007_1  |[0m 2026-01-28 20:18:05,422 - __main__ - INFO - 🚀 Model update submitted successfully.
[32;1mclient_007_1  |[0m 2026-01-28 20:18:05,422 - __main__ - INFO - Update submitted for Round 21. Waiting...
[34;1mclient_009_1  |[0m 2026-01-28 20:18:05,760 - __main__ - INFO - --- New Round Detected: 21 ---
[33mserver_1      |[0m INFO:werkzeug:172.18.0.18 - - [28/Jan/2026 20:18:05] "GET /download_model?round=21 HTTP/1.1" 200 -
[33mclient_001_1  |[0m 2026-01-28 20:18:05,923 - __main__ - INFO - --- New Round Detected: 21 ---
[33mserver_1      |[0m INFO:werkzeug:172.18.0.14 - - [28/Jan/2026 20:18:05] "GET /download_model?round=21 HTTP/1.1" 200 -
[33mclient_001_1  |[0m 2026-01-28 20:18:06,700 - __main__ - INFO - Round 21 finished. Loss: 0.2440, Acc: 99.03%
[33mserver_1      |[0m INFO:__main__:Received update from client_001
[33mserver_1      |[0m INFO:werkzeug:172.18.0.14 - - [28/Jan/2026 20:18:06] "POST /submit_update HTTP/1.1" 200 -
[33mclient_001_1  |[0m 2026-01-28 20:18:06,837 - __main__ - INFO - 🚀 Model update submitted successfully.
[33mclient_001_1  |[0m 2026-01-28 20:18:06,837 - __main__ - INFO - Update submitted for Round 21. Waiting...
[32mclient_002_1  |[0m 2026-01-28 20:18:08,079 - __main__ - INFO - Round 21 finished. Loss: 0.4172, Acc: 92.98%
[33;1mclient_006_1  |[0m 2026-01-28 20:18:08,129 - __main__ - INFO - --- New Round Detected: 21 ---
[33mserver_1      |[0m INFO:werkzeug:172.18.0.5 - - [28/Jan/2026 20:18:08] "GET /download_model?round=21 HTTP/1.1" 200 -
[33mserver_1      |[0m INFO:__main__:Received update from client_002
[33mserver_1      |[0m INFO:werkzeug:172.18.0.20 - - [28/Jan/2026 20:18:08] "POST /submit_update HTTP/1.1" 200 -
[32mclient_002_1  |[0m 2026-01-28 20:18:08,235 - __main__ - INFO - 🚀 Model update submitted successfully.
[32mclient_002_1  |[0m 2026-01-28 20:18:08,235 - __main__ - INFO - Update submitted for Round 21. Waiting...
[33;1mclient_006_1  |[0m 2026-01-28 20:18:08,300 - __main__ - INFO - Round 21 finished. Loss: 0.7559, Acc: 71.43%
[33mserver_1      |[0m INFO:__main__:Received update from client_006
[33mserver_1      |[0m INFO:__main__:--- Aggregating 5 updates ---
[33mserver_1      |[0m INFO:__main__:⚡ Using Custom Aggregator with Drift Metric...
[33mserver_1      |[0m INFO:server.aggregator:Starting FedAvg aggregation for 5 clients.
[36mclient_010_1  |[0m 2026-01-28 20:18:08,971 - __main__ - INFO - --- New Round Detected: 21 ---
[33mserver_1      |[0m INFO:werkzeug:172.18.0.16 - - [28/Jan/2026 20:18:08] "GET /download_model?round=21 HTTP/1.1" 200 -
[36mclient_010_1  |[0m 2026-01-28 20:18:10,275 - __main__ - INFO - Round 21 finished. Loss: 0.2451, Acc: 98.03%
[33mserver_1      |[0m INFO:werkzeug:172.18.0.16 - - [28/Jan/2026 20:18:10] "[31m[1mPOST /submit_update HTTP/1.1[0m" 400 -
[36mclient_010_1  |[0m 2026-01-28 20:18:10,405 - __main__ - ERROR - Update submission failed: {"error":"Not accepting updates"}
[36mclient_010_1  |[0m 
[36mclient_010_1  |[0m 2026-01-28 20:18:10,405 - __main__ - INFO - Update submitted for Round 21. Waiting...
[36;1mclient_005_1  |[0m 2026-01-28 20:18:10,531 - __main__ - INFO - --- New Round Detected: 21 ---
[33mserver_1      |[0m INFO:werkzeug:172.18.0.13 - - [28/Jan/2026 20:18:10] "GET /download_model?round=21 HTTP/1.1" 200 -
[33mserver_1      |[0m INFO:server.aggregator:--- [METRIC] Weight Divergence: 1.8178
[33mserver_1      |[0m INFO:server.aggregator:FedAvg aggregation complete.
[33mserver_1      |[0m INFO:__main__:Aggregation complete.
[33mserver_1      |[0m ⏱️ [TIME] Client client_004 finished training in 9.98s
[33mserver_1      |[0m ⏱️ [TIME] Client client_007 finished training in 0.86s
[33mserver_1      |[0m ⏱️ [TIME] Client client_001 finished training in 0.65s
[33mserver_1      |[0m ⏱️ [TIME] Client client_002 finished training in 2.55s
[33mserver_1      |[0m ⏱️ [TIME] Client client_006 finished training in 0.04s
[33mserver_1      |[0m DEBUG: ⚠️ MY CUSTOM AGGREGATOR IS RUNNING ⚠️
[35;1mclient_008_1  |[0m 2026-01-28 20:18:10,974 - __main__ - INFO - --- New Round Detected: 21 ---
[33mserver_1      |[0m INFO:werkzeug:172.18.0.21 - - [28/Jan/2026 20:18:11] "GET /download_model?round=21 HTTP/1.1" 200 -
[34;1mclient_009_1  |[0m 2026-01-28 20:18:11,148 - __main__ - INFO - Round 21 finished. Loss: 0.8146, Acc: 72.77%
[33mserver_1      |[0m INFO:werkzeug:172.18.0.18 - - [28/Jan/2026 20:18:11] "[31m[1mPOST /submit_update HTTP/1.1[0m" 400 -
[34;1mclient_009_1  |[0m 2026-01-28 20:18:11,217 - __main__ - ERROR - Update submission failed: {"error":"Not accepting updates"}
[34;1mclient_009_1  |[0m 
[34;1mclient_009_1  |[0m 2026-01-28 20:18:11,217 - __main__ - INFO - Update submitted for Round 21. Waiting...
[33mserver_1      |[0m INFO:__main__:--- Round 21 Acc: 36.59%, Loss: 1.7854 ---
[33mserver_1      |[0m INFO:__main__:--- Starting Round 22. Timeout: 300s ---
[33mserver_1      |[0m INFO:werkzeug:172.18.0.5 - - [28/Jan/2026 20:18:11] "POST /submit_update HTTP/1.1" 200 -
[33;1mclient_006_1  |[0m 2026-01-28 20:18:11,962 - __main__ - INFO - 🚀 Model update submitted successfully.
[33;1mclient_006_1  |[0m 2026-01-28 20:18:11,962 - __main__ - INFO - Update submitted for Round 21. Waiting...
[35;1mclient_008_1  |[0m 2026-01-28 20:18:13,760 - __main__ - INFO - Round 21 finished. Loss: 0.2414, Acc: 98.37%
[33mserver_1      |[0m INFO:__main__:Received update from client_008
[33mserver_1      |[0m INFO:werkzeug:172.18.0.21 - - [28/Jan/2026 20:18:13] "POST /submit_update HTTP/1.1" 200 -
[35;1mclient_008_1  |[0m 2026-01-28 20:18:13,906 - __main__ - INFO - 🚀 Model update submitted successfully.
[35;1mclient_008_1  |[0m 2026-01-28 20:18:13,906 - __main__ - INFO - Update submitted for Round 21. Waiting...
[35mclient_003_1  |[0m 2026-01-28 20:18:14,292 - __main__ - INFO - Round 20 finished. Loss: 0.8331, Acc: 75.39%
[33mserver_1      |[0m INFO:__main__:Received update from client_003
[33mserver_1      |[0m INFO:werkzeug:172.18.0.8 - - [28/Jan/2026 20:18:14] "POST /submit_update HTTP/1.1" 200 -
[35mclient_003_1  |[0m 2026-01-28 20:18:14,430 - __main__ - INFO - 🚀 Model update submitted successfully.
[35mclient_003_1  |[0m 2026-01-28 20:18:14,430 - __main__ - INFO - Update submitted for Round 20. Waiting...
[36;1mclient_005_1  |[0m 2026-01-28 20:18:14,457 - __main__ - INFO - Round 21 finished. Loss: 0.5564, Acc: 93.38%
[33mserver_1      |[0m INFO:__main__:Received update from client_005
[33mserver_1      |[0m INFO:werkzeug:172.18.0.13 - - [28/Jan/2026 20:18:14] "POST /submit_update HTTP/1.1" 200 -
[36;1mclient_005_1  |[0m 2026-01-28 20:18:14,596 - __main__ - INFO - 🚀 Model update submitted successfully.
[36;1mclient_005_1  |[0m 2026-01-28 20:18:14,596 - __main__ - INFO - Update submitted for Round 21. Waiting...
[34mclient_004_1  |[0m 2026-01-28 20:18:14,903 - __main__ - INFO - --- New Round Detected: 22 ---
[33mserver_1      |[0m INFO:werkzeug:172.18.0.22 - - [28/Jan/2026 20:18:14] "GET /download_model?round=22 HTTP/1.1" 200 -
[32;1mclient_007_1  |[0m 2026-01-28 20:18:15,484 - __main__ - INFO - --- New Round Detected: 22 ---
[33mserver_1      |[0m INFO:werkzeug:172.18.0.7 - - [28/Jan/2026 20:18:15] "GET /download_model?round=22 HTTP/1.1" 200 -
[32;1mclient_007_1  |[0m 2026-01-28 20:18:16,292 - __main__ - INFO - Round 22 finished. Loss: 0.9239, Acc: 69.05%
[33mserver_1      |[0m INFO:__main__:Received update from client_007
[33mserver_1      |[0m INFO:werkzeug:172.18.0.7 - - [28/Jan/2026 20:18:16] "POST /submit_update HTTP/1.1" 200 -
[32;1mclient_007_1  |[0m 2026-01-28 20:18:16,427 - __main__ - INFO - 🚀 Model update submitted successfully.
[32;1mclient_007_1  |[0m 2026-01-28 20:18:16,428 - __main__ - INFO - Update submitted for Round 22. Waiting...
[33mclient_001_1  |[0m 2026-01-28 20:18:16,910 - __main__ - INFO - --- New Round Detected: 22 ---
[33mserver_1      |[0m INFO:werkzeug:172.18.0.14 - - [28/Jan/2026 20:18:16] "GET /download_model?round=22 HTTP/1.1" 200 -
[33mclient_001_1  |[0m 2026-01-28 20:18:17,848 - __main__ - INFO - Round 22 finished. Loss: 0.4539, Acc: 98.06%
[33mserver_1      |[0m INFO:__main__:Received update from client_001
[33mserver_1      |[0m INFO:__main__:--- Aggregating 5 updates ---
[33mserver_1      |[0m INFO:__main__:⚡ Using Custom Aggregator with Drift Metric...
[33mserver_1      |[0m INFO:server.aggregator:Starting FedAvg aggregation for 5 clients.
[32mclient_002_1  |[0m 2026-01-28 20:18:18,321 - __main__ - INFO - --- New Round Detected: 22 ---
[33mserver_1      |[0m INFO:werkzeug:172.18.0.20 - - [28/Jan/2026 20:18:18] "GET /download_model?round=22 HTTP/1.1" 200 -
[33mserver_1      |[0m INFO:server.aggregator:--- [METRIC] Weight Divergence: 2.0653
[33mserver_1      |[0m INFO:server.aggregator:FedAvg aggregation complete.
[33mserver_1      |[0m INFO:__main__:Aggregation complete.
[33mserver_1      |[0m ⏱️ [TIME] Client client_008 finished training in 2.61s
[33mserver_1      |[0m ⏱️ [TIME] Client client_003 finished training in 14.86s
[33mserver_1      |[0m ⏱️ [TIME] Client client_005 finished training in 3.75s
[33mserver_1      |[0m ⏱️ [TIME] Client client_007 finished training in 0.66s
[33mserver_1      |[0m ⏱️ [TIME] Client client_001 finished training in 0.81s
[33mserver_1      |[0m DEBUG: ⚠️ MY CUSTOM AGGREGATOR IS RUNNING ⚠️
[36mclient_010_1  |[0m 2026-01-28 20:18:20,471 - __main__ - INFO - --- New Round Detected: 22 ---
[33mserver_1      |[0m INFO:werkzeug:172.18.0.16 - - [28/Jan/2026 20:18:20] "GET /download_model?round=22 HTTP/1.1" 200 -
[32mclient_002_1  |[0m 2026-01-28 20:18:20,609 - __main__ - INFO - Round 22 finished. Loss: 0.5345, Acc: 93.18%
[33mserver_1      |[0m INFO:werkzeug:172.18.0.20 - - [28/Jan/2026 20:18:20] "[31m[1mPOST /submit_update HTTP/1.1[0m" 400 -
[32mclient_002_1  |[0m 2026-01-28 20:18:20,674 - __main__ - ERROR - Update submission failed: {"error":"Not accepting updates"}
[32mclient_002_1  |[0m 
[32mclient_002_1  |[0m 2026-01-28 20:18:20,674 - __main__ - INFO - Update submitted for Round 22. Waiting...
[33mserver_1      |[0m INFO:__main__:--- Round 22 Acc: 38.41%, Loss: 1.7922 ---
[33mserver_1      |[0m INFO:__main__:--- Starting Round 23. Timeout: 300s ---
[33mserver_1      |[0m INFO:werkzeug:172.18.0.14 - - [28/Jan/2026 20:18:21] "POST /submit_update HTTP/1.1" 200 -
[33mclient_001_1  |[0m 2026-01-28 20:18:21,474 - __main__ - INFO - 🚀 Model update submitted successfully.
[33mclient_001_1  |[0m 2026-01-28 20:18:21,474 - __main__ - INFO - Update submitted for Round 22. Waiting...
[34;1mclient_009_1  |[0m 2026-01-28 20:18:21,483 - __main__ - INFO - --- New Round Detected: 22 ---
[33mserver_1      |[0m INFO:werkzeug:172.18.0.18 - - [28/Jan/2026 20:18:21] "GET /download_model?round=22 HTTP/1.1" 200 -
[36mclient_010_1  |[0m 2026-01-28 20:18:21,635 - __main__ - INFO - Round 22 finished. Loss: 0.4627, Acc: 97.91%
[33mserver_1      |[0m INFO:__main__:Received update from client_010
[33mserver_1      |[0m INFO:werkzeug:172.18.0.16 - - [28/Jan/2026 20:18:21] "POST /submit_update HTTP/1.1" 200 -
[36mclient_010_1  |[0m 2026-01-28 20:18:21,769 - __main__ - INFO - 🚀 Model update submitted successfully.
[36mclient_010_1  |[0m 2026-01-28 20:18:21,769 - __main__ - INFO - Update submitted for Round 22. Waiting...
[33;1mclient_006_1  |[0m 2026-01-28 20:18:22,034 - __main__ - INFO - --- New Round Detected: 23 ---
[33mserver_1      |[0m INFO:werkzeug:172.18.0.5 - - [28/Jan/2026 20:18:22] "GET /download_model?round=23 HTTP/1.1" 200 -
[33;1mclient_006_1  |[0m 2026-01-28 20:18:22,206 - __main__ - INFO - Round 23 finished. Loss: 0.8736, Acc: 78.57%
[33mserver_1      |[0m INFO:__main__:Received update from client_006
[33mserver_1      |[0m INFO:werkzeug:172.18.0.5 - - [28/Jan/2026 20:18:22] "POST /submit_update HTTP/1.1" 200 -
[33;1mclient_006_1  |[0m 2026-01-28 20:18:22,355 - __main__ - INFO - 🚀 Model update submitted successfully.
[33;1mclient_006_1  |[0m 2026-01-28 20:18:22,355 - __main__ - INFO - Update submitted for Round 23. Waiting...
[35;1mclient_008_1  |[0m 2026-01-28 20:18:23,990 - __main__ - INFO - --- New Round Detected: 23 ---
[33mserver_1      |[0m INFO:werkzeug:172.18.0.21 - - [28/Jan/2026 20:18:24] "GET /download_model?round=23 HTTP/1.1" 200 -
[35mclient_003_1  |[0m 2026-01-28 20:18:24,571 - __main__ - INFO - --- New Round Detected: 23 ---
[33mserver_1      |[0m INFO:werkzeug:172.18.0.8 - - [28/Jan/2026 20:18:24] "GET /download_model?round=23 HTTP/1.1" 200 -
[36;1mclient_005_1  |[0m 2026-01-28 20:18:24,670 - __main__ - INFO - --- New Round Detected: 23 ---
[33mserver_1      |[0m INFO:werkzeug:172.18.0.13 - - [28/Jan/2026 20:18:24] "GET /download_model?round=23 HTTP/1.1" 200 -
[34mclient_004_1  |[0m 2026-01-28 20:18:24,863 - __main__ - INFO - Round 22 finished. Loss: 0.7250, Acc: 78.39%
[33mserver_1      |[0m INFO:__main__:Received update from client_004
[33mserver_1      |[0m INFO:werkzeug:172.18.0.22 - - [28/Jan/2026 20:18:24] "POST /submit_update HTTP/1.1" 200 -
[34mclient_004_1  |[0m 2026-01-28 20:18:25,000 - __main__ - INFO - 🚀 Model update submitted successfully.
[34mclient_004_1  |[0m 2026-01-28 20:18:25,001 - __main__ - INFO - Update submitted for Round 22. Waiting...
[32;1mclient_007_1  |[0m 2026-01-28 20:18:26,503 - __main__ - INFO - --- New Round Detected: 23 ---
[33mserver_1      |[0m INFO:werkzeug:172.18.0.7 - - [28/Jan/2026 20:18:26] "GET /download_model?round=23 HTTP/1.1" 200 -
[34;1mclient_009_1  |[0m 2026-01-28 20:18:26,958 - __main__ - INFO - Round 22 finished. Loss: 1.0401, Acc: 71.18%
[33mserver_1      |[0m INFO:__main__:Received update from client_009
[33mserver_1      |[0m INFO:werkzeug:172.18.0.18 - - [28/Jan/2026 20:18:27] "POST /submit_update HTTP/1.1" 200 -
[34;1mclient_009_1  |[0m 2026-01-28 20:18:27,095 - __main__ - INFO - 🚀 Model update submitted successfully.
[34;1mclient_009_1  |[0m 2026-01-28 20:18:27,095 - __main__ - INFO - Update submitted for Round 22. Waiting...
[35;1mclient_008_1  |[0m 2026-01-28 20:18:27,105 - __main__ - INFO - Round 23 finished. Loss: 0.2757, Acc: 98.52%
[33mserver_1      |[0m INFO:__main__:Received update from client_008
[33mserver_1      |[0m INFO:__main__:--- Aggregating 5 updates ---
[33mserver_1      |[0m INFO:__main__:⚡ Using Custom Aggregator with Drift Metric...
[33mserver_1      |[0m INFO:server.aggregator:Starting FedAvg aggregation for 5 clients.
[32;1mclient_007_1  |[0m 2026-01-28 20:18:27,303 - __main__ - INFO - Round 23 finished. Loss: 1.0150, Acc: 71.25%
[33mserver_1      |[0m INFO:werkzeug:172.18.0.7 - - [28/Jan/2026 20:18:27] "[31m[1mPOST /submit_update HTTP/1.1[0m" 400 -
[32;1mclient_007_1  |[0m 2026-01-28 20:18:27,390 - __main__ - ERROR - Update submission failed: {"error":"Not accepting updates"}
[32;1mclient_007_1  |[0m 
[32;1mclient_007_1  |[0m 2026-01-28 20:18:27,390 - __main__ - INFO - Update submitted for Round 23. Waiting...
[36;1mclient_005_1  |[0m 2026-01-28 20:18:27,885 - __main__ - INFO - Round 23 finished. Loss: 0.4534, Acc: 93.78%
[33mserver_1      |[0m INFO:werkzeug:172.18.0.13 - - [28/Jan/2026 20:18:27] "[31m[1mPOST /submit_update HTTP/1.1[0m" 400 -
[36;1mclient_005_1  |[0m 2026-01-28 20:18:27,950 - __main__ - ERROR - Update submission failed: {"error":"Not accepting updates"}
[36;1mclient_005_1  |[0m 
[36;1mclient_005_1  |[0m 2026-01-28 20:18:27,950 - __main__ - INFO - Update submitted for Round 23. Waiting...
[33mserver_1      |[0m INFO:server.aggregator:--- [METRIC] Weight Divergence: 1.7993
[33mserver_1      |[0m INFO:server.aggregator:FedAvg aggregation complete.
[33mserver_1      |[0m INFO:__main__:Aggregation complete.
[33mserver_1      |[0m ⏱️ [TIME] Client client_010 finished training in 1.00s
[33mserver_1      |[0m ⏱️ [TIME] Client client_006 finished training in 0.03s
[33mserver_1      |[0m ⏱️ [TIME] Client client_004 finished training in 9.83s
[33mserver_1      |[0m ⏱️ [TIME] Client client_009 finished training in 5.32s
[33mserver_1      |[0m ⏱️ [TIME] Client client_008 finished training in 2.97s
[33mserver_1      |[0m DEBUG: ⚠️ MY CUSTOM AGGREGATOR IS RUNNING ⚠️
[33mserver_1      |[0m INFO:__main__:--- Round 23 Acc: 43.81%, Loss: 1.6307 ---
[33mserver_1      |[0m INFO:__main__:--- Starting Round 24. Timeout: 300s ---
[33mserver_1      |[0m INFO:werkzeug:172.18.0.21 - - [28/Jan/2026 20:18:30] "POST /submit_update HTTP/1.1" 200 -
[35;1mclient_008_1  |[0m 2026-01-28 20:18:30,211 - __main__ - INFO - 🚀 Model update submitted successfully.
[35;1mclient_008_1  |[0m 2026-01-28 20:18:30,211 - __main__ - INFO - Update submitted for Round 23. Waiting...
[32mclient_002_1  |[0m 2026-01-28 20:18:30,740 - __main__ - INFO - --- New Round Detected: 24 ---
[33mserver_1      |[0m INFO:werkzeug:172.18.0.20 - - [28/Jan/2026 20:18:30] "GET /download_model?round=24 HTTP/1.1" 200 -
[33mclient_001_1  |[0m 2026-01-28 20:18:31,549 - __main__ - INFO - --- New Round Detected: 24 ---
[33mserver_1      |[0m INFO:werkzeug:172.18.0.14 - - [28/Jan/2026 20:18:31] "GET /download_model?round=24 HTTP/1.1" 200 -
[36mclient_010_1  |[0m 2026-01-28 20:18:31,832 - __main__ - INFO - --- New Round Detected: 24 ---
[33mserver_1      |[0m INFO:werkzeug:172.18.0.16 - - [28/Jan/2026 20:18:31] "GET /download_model?round=24 HTTP/1.1" 200 -
[33mclient_001_1  |[0m 2026-01-28 20:18:32,261 - __main__ - INFO - Round 24 finished. Loss: 0.3559, Acc: 98.71%
[33mserver_1      |[0m INFO:__main__:Received update from client_001
[33mserver_1      |[0m INFO:werkzeug:172.18.0.14 - - [28/Jan/2026 20:18:32] "POST /submit_update HTTP/1.1" 200 -
[33mclient_001_1  |[0m 2026-01-28 20:18:32,416 - __main__ - INFO - 🚀 Model update submitted successfully.
[33mclient_001_1  |[0m 2026-01-28 20:18:32,416 - __main__ - INFO - Update submitted for Round 24. Waiting...
[33;1mclient_006_1  |[0m 2026-01-28 20:18:32,441 - __main__ - INFO - --- New Round Detected: 24 ---
[33mserver_1      |[0m INFO:werkzeug:172.18.0.5 - - [28/Jan/2026 20:18:32] "GET /download_model?round=24 HTTP/1.1" 200 -
[33;1mclient_006_1  |[0m 2026-01-28 20:18:32,601 - __main__ - INFO - Round 24 finished. Loss: 0.6177, Acc: 78.57%
[33mserver_1      |[0m INFO:__main__:Received update from client_006
[33mserver_1      |[0m INFO:werkzeug:172.18.0.5 - - [28/Jan/2026 20:18:32] "POST /submit_update HTTP/1.1" 200 -
[33;1mclient_006_1  |[0m 2026-01-28 20:18:32,736 - __main__ - INFO - 🚀 Model update submitted successfully.
[33;1mclient_006_1  |[0m 2026-01-28 20:18:32,737 - __main__ - INFO - Update submitted for Round 24. Waiting...
[36mclient_010_1  |[0m 2026-01-28 20:18:33,223 - __main__ - INFO - Round 24 finished. Loss: 0.3685, Acc: 97.91%
[33mserver_1      |[0m INFO:__main__:Received update from client_010
[33mserver_1      |[0m INFO:werkzeug:172.18.0.16 - - [28/Jan/2026 20:18:33] "POST /submit_update HTTP/1.1" 200 -
[36mclient_010_1  |[0m 2026-01-28 20:18:33,363 - __main__ - INFO - 🚀 Model update submitted successfully.
[36mclient_010_1  |[0m 2026-01-28 20:18:33,363 - __main__ - INFO - Update submitted for Round 24. Waiting...
[32mclient_002_1  |[0m 2026-01-28 20:18:33,468 - __main__ - INFO - Round 24 finished. Loss: 0.4993, Acc: 92.79%
[33mserver_1      |[0m INFO:__main__:Received update from client_002
[33mserver_1      |[0m INFO:werkzeug:172.18.0.20 - - [28/Jan/2026 20:18:33] "POST /submit_update HTTP/1.1" 200 -
[32mclient_002_1  |[0m 2026-01-28 20:18:33,648 - __main__ - INFO - 🚀 Model update submitted successfully.
[32mclient_002_1  |[0m 2026-01-28 20:18:33,648 - __main__ - INFO - Update submitted for Round 24. Waiting...
[34mclient_004_1  |[0m 2026-01-28 20:18:35,064 - __main__ - INFO - --- New Round Detected: 24 ---
[33mserver_1      |[0m INFO:werkzeug:172.18.0.22 - - [28/Jan/2026 20:18:35] "GET /download_model?round=24 HTTP/1.1" 200 -
[34;1mclient_009_1  |[0m 2026-01-28 20:18:37,157 - __main__ - INFO - --- New Round Detected: 24 ---
[33mserver_1      |[0m INFO:werkzeug:172.18.0.18 - - [28/Jan/2026 20:18:37] "GET /download_model?round=24 HTTP/1.1" 200 -
[32;1mclient_007_1  |[0m 2026-01-28 20:18:37,460 - __main__ - INFO - --- New Round Detected: 24 ---
[33mserver_1      |[0m INFO:werkzeug:172.18.0.7 - - [28/Jan/2026 20:18:37] "GET /download_model?round=24 HTTP/1.1" 200 -
[36;1mclient_005_1  |[0m 2026-01-28 20:18:38,012 - __main__ - INFO - --- New Round Detected: 24 ---
[33mserver_1      |[0m INFO:werkzeug:172.18.0.13 - - [28/Jan/2026 20:18:38] "GET /download_model?round=24 HTTP/1.1" 200 -
[32;1mclient_007_1  |[0m 2026-01-28 20:18:38,367 - __main__ - INFO - Round 24 finished. Loss: 1.0175, Acc: 69.78%
[33mserver_1      |[0m INFO:__main__:Received update from client_007
[33mserver_1      |[0m INFO:__main__:--- Aggregating 5 updates ---
[33mserver_1      |[0m INFO:__main__:⚡ Using Custom Aggregator with Drift Metric...
[33mserver_1      |[0m INFO:server.aggregator:Starting FedAvg aggregation for 5 clients.
[35;1mclient_008_1  |[0m 2026-01-28 20:18:40,282 - __main__ - INFO - --- New Round Detected: 24 ---
[33mserver_1      |[0m INFO:werkzeug:172.18.0.21 - - [28/Jan/2026 20:18:40] "GET /download_model?round=24 HTTP/1.1" 200 -
[33mserver_1      |[0m INFO:server.aggregator:--- [METRIC] Weight Divergence: 0.7455
[33mserver_1      |[0m INFO:server.aggregator:FedAvg aggregation complete.
[33mserver_1      |[0m INFO:__main__:Aggregation complete.
[33mserver_1      |[0m ⏱️ [TIME] Client client_001 finished training in 0.53s
[33mserver_1      |[0m ⏱️ [TIME] Client client_006 finished training in 0.02s
[33mserver_1      |[0m ⏱️ [TIME] Client client_010 finished training in 1.25s
[33mserver_1      |[0m ⏱️ [TIME] Client client_002 finished training in 2.60s
[33mserver_1      |[0m ⏱️ [TIME] Client client_007 finished training in 0.78s
[33mserver_1      |[0m DEBUG: ⚠️ MY CUSTOM AGGREGATOR IS RUNNING ⚠️
[33mserver_1      |[0m INFO:__main__:--- Round 24 Acc: 23.52%, Loss: 2.0695 ---
[33mserver_1      |[0m INFO:__main__:--- Starting Round 25. Timeout: 300s ---
[33mserver_1      |[0m INFO:werkzeug:172.18.0.7 - - [28/Jan/2026 20:18:42] "POST /submit_update HTTP/1.1" 200 -
[32;1mclient_007_1  |[0m 2026-01-28 20:18:42,165 - __main__ - INFO - 🚀 Model update submitted successfully.
[32;1mclient_007_1  |[0m 2026-01-28 20:18:42,165 - __main__ - INFO - Update submitted for Round 24. Waiting...
[33mclient_001_1  |[0m 2026-01-28 20:18:42,479 - __main__ - INFO - --- New Round Detected: 25 ---
[33mserver_1      |[0m INFO:werkzeug:172.18.0.14 - - [28/Jan/2026 20:18:42] "GET /download_model?round=25 HTTP/1.1" 200 -
[33;1mclient_006_1  |[0m 2026-01-28 20:18:42,806 - __main__ - INFO - --- New Round Detected: 25 ---
[35;1mclient_008_1  |[0m 2026-01-28 20:18:42,818 - __main__ - INFO - Round 24 finished. Loss: 0.3257, Acc: 98.57%
[33mserver_1      |[0m INFO:werkzeug:172.18.0.5 - - [28/Jan/2026 20:18:42] "GET /download_model?round=25 HTTP/1.1" 200 -
[34;1mclient_009_1  |[0m 2026-01-28 20:18:42,860 - __main__ - INFO - Round 24 finished. Loss: 0.9944, Acc: 68.95%
[33mserver_1      |[0m INFO:__main__:Received update from client_008
[33mserver_1      |[0m INFO:werkzeug:172.18.0.21 - - [28/Jan/2026 20:18:42] "POST /submit_update HTTP/1.1" 200 -
[35;1mclient_008_1  |[0m 2026-01-28 20:18:42,954 - __main__ - INFO - 🚀 Model update submitted successfully.
[35;1mclient_008_1  |[0m 2026-01-28 20:18:42,954 - __main__ - INFO - Update submitted for Round 24. Waiting...
[33mserver_1      |[0m INFO:__main__:Received update from client_009
[33mserver_1      |[0m INFO:werkzeug:172.18.0.18 - - [28/Jan/2026 20:18:42] "POST /submit_update HTTP/1.1" 200 -
[33;1mclient_006_1  |[0m 2026-01-28 20:18:42,978 - __main__ - INFO - Round 25 finished. Loss: 1.1349, Acc: 57.14%
[34;1mclient_009_1  |[0m 2026-01-28 20:18:42,998 - __main__ - INFO - 🚀 Model update submitted successfully.
[34;1mclient_009_1  |[0m 2026-01-28 20:18:42,998 - __main__ - INFO - Update submitted for Round 24. Waiting...
[33mserver_1      |[0m INFO:__main__:Received update from client_006
[33mserver_1      |[0m INFO:werkzeug:172.18.0.5 - - [28/Jan/2026 20:18:43] "POST /submit_update HTTP/1.1" 200 -
[33;1mclient_006_1  |[0m 2026-01-28 20:18:43,111 - __main__ - INFO - 🚀 Model update submitted successfully.
[33;1mclient_006_1  |[0m 2026-01-28 20:18:43,112 - __main__ - INFO - Update submitted for Round 25. Waiting...
[36;1mclient_005_1  |[0m 2026-01-28 20:18:43,116 - __main__ - INFO - Round 24 finished. Loss: 0.4515, Acc: 94.62%
[33mclient_001_1  |[0m 2026-01-28 20:18:43,129 - __main__ - INFO - Round 25 finished. Loss: 0.1903, Acc: 98.38%
[33mserver_1      |[0m INFO:__main__:Received update from client_005
[33mserver_1      |[0m INFO:werkzeug:172.18.0.13 - - [28/Jan/2026 20:18:43] "POST /submit_update HTTP/1.1" 200 -
[33mserver_1      |[0m INFO:__main__:Received update from client_001
[33mserver_1      |[0m INFO:__main__:--- Aggregating 5 updates ---
[33mserver_1      |[0m INFO:__main__:⚡ Using Custom Aggregator with Drift Metric...
[33mserver_1      |[0m INFO:server.aggregator:Starting FedAvg aggregation for 5 clients.
[36;1mclient_005_1  |[0m 2026-01-28 20:18:43,250 - __main__ - INFO - 🚀 Model update submitted successfully.
[36;1mclient_005_1  |[0m 2026-01-28 20:18:43,250 - __main__ - INFO - Update submitted for Round 24. Waiting...
[36mclient_010_1  |[0m 2026-01-28 20:18:43,426 - __main__ - INFO - --- New Round Detected: 25 ---
[33mserver_1      |[0m INFO:werkzeug:172.18.0.16 - - [28/Jan/2026 20:18:43] "GET /download_model?round=25 HTTP/1.1" 200 -
[32mclient_002_1  |[0m 2026-01-28 20:18:43,713 - __main__ - INFO - --- New Round Detected: 25 ---
[33mserver_1      |[0m INFO:werkzeug:172.18.0.20 - - [28/Jan/2026 20:18:43] "GET /download_model?round=25 HTTP/1.1" 200 -
[35mclient_003_1  |[0m 2026-01-28 20:18:44,518 - __main__ - INFO - Round 23 finished. Loss: 0.7925, Acc: 76.46%
[33mserver_1      |[0m INFO:werkzeug:172.18.0.8 - - [28/Jan/2026 20:18:44] "[31m[1mPOST /submit_update HTTP/1.1[0m" 400 -
[35mclient_003_1  |[0m 2026-01-28 20:18:44,582 - __main__ - ERROR - Update submission failed: {"error":"Not accepting updates"}
[35mclient_003_1  |[0m 
[35mclient_003_1  |[0m 2026-01-28 20:18:44,583 - __main__ - INFO - Update submitted for Round 23. Waiting...
[36mclient_010_1  |[0m 2026-01-28 20:18:44,799 - __main__ - INFO - Round 25 finished. Loss: 0.1710, Acc: 98.65%
[33mserver_1      |[0m INFO:werkzeug:172.18.0.16 - - [28/Jan/2026 20:18:44] "[31m[1mPOST /submit_update HTTP/1.1[0m" 400 -
[36mclient_010_1  |[0m 2026-01-28 20:18:44,863 - __main__ - ERROR - Update submission failed: {"error":"Not accepting updates"}
[36mclient_010_1  |[0m 
[36mclient_010_1  |[0m 2026-01-28 20:18:44,863 - __main__ - INFO - Update submitted for Round 25. Waiting...
[34mclient_004_1  |[0m 2026-01-28 20:18:45,209 - __main__ - INFO - Round 24 finished. Loss: 0.7438, Acc: 78.28%
[33mserver_1      |[0m INFO:werkzeug:172.18.0.22 - - [28/Jan/2026 20:18:45] "[31m[1mPOST /submit_update HTTP/1.1[0m" 400 -
[34mclient_004_1  |[0m 2026-01-28 20:18:45,273 - __main__ - ERROR - Update submission failed: {"error":"Not accepting updates"}
[34mclient_004_1  |[0m 
[34mclient_004_1  |[0m 2026-01-28 20:18:45,273 - __main__ - INFO - Update submitted for Round 24. Waiting...
[33mserver_1      |[0m INFO:server.aggregator:--- [METRIC] Weight Divergence: 1.1403
[33mserver_1      |[0m INFO:server.aggregator:FedAvg aggregation complete.
[33mserver_1      |[0m INFO:__main__:Aggregation complete.
[33mserver_1      |[0m ⏱️ [TIME] Client client_008 finished training in 2.35s
[33mserver_1      |[0m ⏱️ [TIME] Client client_009 finished training in 5.56s
[33mserver_1      |[0m ⏱️ [TIME] Client client_006 finished training in 0.03s
[33mserver_1      |[0m ⏱️ [TIME] Client client_005 finished training in 4.94s
[33mserver_1      |[0m ⏱️ [TIME] Client client_001 finished training in 0.48s
[33mserver_1      |[0m DEBUG: ⚠️ MY CUSTOM AGGREGATOR IS RUNNING ⚠️
[32mclient_002_1  |[0m 2026-01-28 20:18:46,304 - __main__ - INFO - Round 25 finished. Loss: 0.3535, Acc: 92.09%
[33mserver_1      |[0m INFO:werkzeug:172.18.0.20 - - [28/Jan/2026 20:18:46] "[31m[1mPOST /submit_update HTTP/1.1[0m" 400 -
[32mclient_002_1  |[0m 2026-01-28 20:18:46,372 - __main__ - ERROR - Update submission failed: {"error":"Not accepting updates"}
[32mclient_002_1  |[0m 
[32mclient_002_1  |[0m 2026-01-28 20:18:46,373 - __main__ - INFO - Update submitted for Round 25. Waiting...
[33mserver_1      |[0m INFO:__main__:--- Round 25 Acc: 41.93%, Loss: 1.7114 ---
[33mserver_1      |[0m INFO:__main__:--- Starting Round 26. Timeout: 300s ---
[33mserver_1      |[0m INFO:werkzeug:172.18.0.14 - - [28/Jan/2026 20:18:46] "POST /submit_update HTTP/1.1" 200 -
[33mclient_001_1  |[0m 2026-01-28 20:18:46,975 - __main__ - INFO - 🚀 Model update submitted successfully.
[33mclient_001_1  |[0m 2026-01-28 20:18:46,975 - __main__ - INFO - Update submitted for Round 25. Waiting...
[36;1mclient_015_1  |[0m 2026-01-28 20:18:48,835 - __main__ - INFO - Round 0 finished. Loss: 1.0270, Acc: 71.57%
[33mserver_1      |[0m INFO:__main__:Received update from client_015
[33mserver_1      |[0m INFO:werkzeug:172.18.0.19 - - [28/Jan/2026 20:18:49] "POST /submit_update HTTP/1.1" 200 -
[36;1mclient_015_1  |[0m 2026-01-28 20:18:50,055 - __main__ - INFO - 🚀 Model update submitted successfully.
[36;1mclient_015_1  |[0m 2026-01-28 20:18:50,055 - __main__ - INFO - Update submitted for Round 0. Waiting...
[32;1mclient_007_1  |[0m 2026-01-28 20:18:52,227 - __main__ - INFO - --- New Round Detected: 26 ---
[33mserver_1      |[0m INFO:werkzeug:172.18.0.7 - - [28/Jan/2026 20:18:52] "GET /download_model?round=26 HTTP/1.1" 200 -
[35;1mclient_008_1  |[0m 2026-01-28 20:18:53,020 - __main__ - INFO - --- New Round Detected: 26 ---
[33mserver_1      |[0m INFO:werkzeug:172.18.0.21 - - [28/Jan/2026 20:18:53] "GET /download_model?round=26 HTTP/1.1" 200 -
[34;1mclient_009_1  |[0m 2026-01-28 20:18:53,065 - __main__ - INFO - --- New Round Detected: 26 ---
[32;1mclient_007_1  |[0m 2026-01-28 20:18:53,081 - __main__ - INFO - Round 26 finished. Loss: 1.1378, Acc: 65.57%
[33mserver_1      |[0m INFO:werkzeug:172.18.0.18 - - [28/Jan/2026 20:18:53] "GET /download_model?round=26 HTTP/1.1" 200 -
[33;1mclient_006_1  |[0m 2026-01-28 20:18:53,183 - __main__ - INFO - --- New Round Detected: 26 ---
[33mserver_1      |[0m INFO:__main__:Received update from client_007
[33mserver_1      |[0m INFO:werkzeug:172.18.0.7 - - [28/Jan/2026 20:18:53] "POST /submit_update HTTP/1.1" 200 -
[33mserver_1      |[0m INFO:werkzeug:172.18.0.5 - - [28/Jan/2026 20:18:53] "GET /download_model?round=26 HTTP/1.1" 200 -
[32;1mclient_007_1  |[0m 2026-01-28 20:18:53,215 - __main__ - INFO - 🚀 Model update submitted successfully.
[32;1mclient_007_1  |[0m 2026-01-28 20:18:53,215 - __main__ - INFO - Update submitted for Round 26. Waiting...
[36;1mclient_005_1  |[0m 2026-01-28 20:18:53,331 - __main__ - INFO - --- New Round Detected: 26 ---
[33mserver_1      |[0m INFO:werkzeug:172.18.0.13 - - [28/Jan/2026 20:18:53] "GET /download_model?round=26 HTTP/1.1" 200 -
[33;1mclient_006_1  |[0m 2026-01-28 20:18:53,406 - __main__ - INFO - Round 26 finished. Loss: 0.5221, Acc: 100.00%
[33mserver_1      |[0m INFO:__main__:Received update from client_006
[33mserver_1      |[0m INFO:werkzeug:172.18.0.5 - - [28/Jan/2026 20:18:53] "POST /submit_update HTTP/1.1" 200 -
[33;1mclient_006_1  |[0m 2026-01-28 20:18:53,562 - __main__ - INFO - 🚀 Model update submitted successfully.
[33;1mclient_006_1  |[0m 2026-01-28 20:18:53,562 - __main__ - INFO - Update submitted for Round 26. Waiting...
[35mclient_003_1  |[0m 2026-01-28 20:18:54,655 - __main__ - INFO - --- New Round Detected: 26 ---
[33mserver_1      |[0m INFO:werkzeug:172.18.0.8 - - [28/Jan/2026 20:18:54] "GET /download_model?round=26 HTTP/1.1" 200 -
[36mclient_010_1  |[0m 2026-01-28 20:18:54,929 - __main__ - INFO - --- New Round Detected: 26 ---
[35;1mclient_008_1  |[0m 2026-01-28 20:18:54,966 - __main__ - INFO - Round 26 finished. Loss: 0.2820, Acc: 98.42%
[33mserver_1      |[0m INFO:werkzeug:172.18.0.16 - - [28/Jan/2026 20:18:54] "GET /download_model?round=26 HTTP/1.1" 200 -
[33mserver_1      |[0m INFO:__main__:Received update from client_008
[33mserver_1      |[0m INFO:werkzeug:172.18.0.21 - - [28/Jan/2026 20:18:55] "POST /submit_update HTTP/1.1" 200 -
[35;1mclient_008_1  |[0m 2026-01-28 20:18:55,101 - __main__ - INFO - 🚀 Model update submitted successfully.
[35;1mclient_008_1  |[0m 2026-01-28 20:18:55,101 - __main__ - INFO - Update submitted for Round 26. Waiting...
[34mclient_004_1  |[0m 2026-01-28 20:18:55,346 - __main__ - INFO - --- New Round Detected: 26 ---
[33mserver_1      |[0m INFO:werkzeug:172.18.0.22 - - [28/Jan/2026 20:18:55] "GET /download_model?round=26 HTTP/1.1" 200 -
[36mclient_010_1  |[0m 2026-01-28 20:18:56,412 - __main__ - INFO - Round 26 finished. Loss: 0.3318, Acc: 98.03%
[32mclient_002_1  |[0m 2026-01-28 20:18:56,437 - __main__ - INFO - --- New Round Detected: 26 ---
[33mserver_1      |[0m INFO:werkzeug:172.18.0.20 - - [28/Jan/2026 20:18:56] "GET /download_model?round=26 HTTP/1.1" 200 -
[36;1mclient_005_1  |[0m 2026-01-28 20:18:56,467 - __main__ - INFO - Round 26 finished. Loss: 0.3955, Acc: 94.25%
[33mserver_1      |[0m INFO:__main__:Received update from client_010
[33mserver_1      |[0m INFO:__main__:--- Aggregating 5 updates ---
[33mserver_1      |[0m INFO:__main__:⚡ Using Custom Aggregator with Drift Metric...
[33mserver_1      |[0m INFO:server.aggregator:Starting FedAvg aggregation for 5 clients.
[34;1mclient_009_1  |[0m 2026-01-28 20:18:56,980 - __main__ - INFO - Round 26 finished. Loss: 0.8497, Acc: 73.69%
[33mserver_1      |[0m INFO:werkzeug:172.18.0.18 - - [28/Jan/2026 20:18:57] "[31m[1mPOST /submit_update HTTP/1.1[0m" 400 -
[34;1mclient_009_1  |[0m 2026-01-28 20:18:57,046 - __main__ - ERROR - Update submission failed: {"error":"Not accepting updates"}
[34;1mclient_009_1  |[0m 
[34;1mclient_009_1  |[0m 2026-01-28 20:18:57,046 - __main__ - INFO - Update submitted for Round 26. Waiting...
[33mserver_1      |[0m INFO:werkzeug:172.18.0.14 - - [28/Jan/2026 20:18:57] "GET /download_model?round=26 HTTP/1.1" 200 -
[33mclient_001_1  |[0m 2026-01-28 20:18:57,037 - __main__ - INFO - --- New Round Detected: 26 ---
[33mclient_001_1  |[0m 2026-01-28 20:18:58,078 - __main__ - INFO - Round 26 finished. Loss: 0.3212, Acc: 98.38%
[33mserver_1      |[0m INFO:werkzeug:172.18.0.14 - - [28/Jan/2026 20:18:58] "[31m[1mPOST /submit_update HTTP/1.1[0m" 400 -
[33mclient_001_1  |[0m 2026-01-28 20:18:58,207 - __main__ - ERROR - Update submission failed: {"error":"Not accepting updates"}
[33mclient_001_1  |[0m 
[33mclient_001_1  |[0m 2026-01-28 20:18:58,207 - __main__ - INFO - Update submitted for Round 26. Waiting...
[33mserver_1      |[0m INFO:server.aggregator:--- [METRIC] Weight Divergence: 2.6389
[33mserver_1      |[0m INFO:server.aggregator:FedAvg aggregation complete.
[33mserver_1      |[0m INFO:__main__:Aggregation complete.
[33mserver_1      |[0m ⏱️ [TIME] Client client_015 finished training in 252.26s
[33mserver_1      |[0m ⏱️ [TIME] Client client_007 finished training in 0.73s
[33mserver_1      |[0m ⏱️ [TIME] Client client_006 finished training in 0.04s
[33mserver_1      |[0m ⏱️ [TIME] Client client_008 finished training in 1.82s
[33mserver_1      |[0m ⏱️ [TIME] Client client_010 finished training in 1.32s
[33mserver_1      |[0m DEBUG: ⚠️ MY CUSTOM AGGREGATOR IS RUNNING ⚠️
[33mserver_1      |[0m ⏱️ [TIME] Client client_005 finished training in 2.98s
[32mclient_002_1  |[0m 2026-01-28 20:18:59,166 - __main__ - INFO - Round 26 finished. Loss: 0.5226, Acc: 91.30%
[33mserver_1      |[0m INFO:werkzeug:172.18.0.20 - - [28/Jan/2026 20:18:59] "[31m[1mPOST /submit_update HTTP/1.1[0m" 400 -
[32mclient_002_1  |[0m 2026-01-28 20:18:59,234 - __main__ - ERROR - Update submission failed: {"error":"Not accepting updates"}
[32mclient_002_1  |[0m 
[32mclient_002_1  |[0m 2026-01-28 20:18:59,234 - __main__ - INFO - Update submitted for Round 26. Waiting...
[33mserver_1      |[0m INFO:__main__:--- Round 26 Acc: 27.28%, Loss: 1.9486 ---
[33mserver_1      |[0m INFO:__main__:--- Starting Round 27. Timeout: 300s ---
[33mserver_1      |[0m INFO:werkzeug:172.18.0.16 - - [28/Jan/2026 20:18:59] "POST /submit_update HTTP/1.1" 200 -
[33mserver_1      |[0m INFO:__main__:Received update from client_005
[33mserver_1      |[0m INFO:werkzeug:172.18.0.13 - - [28/Jan/2026 20:18:59] "POST /submit_update HTTP/1.1" 200 -
[36mclient_010_1  |[0m 2026-01-28 20:18:59,943 - __main__ - INFO - 🚀 Model update submitted successfully.
[36mclient_010_1  |[0m 2026-01-28 20:18:59,944 - __main__ - INFO - Update submitted for Round 26. Waiting...
[36;1mclient_005_1  |[0m 2026-01-28 20:18:59,963 - __main__ - INFO - 🚀 Model update submitted successfully.
[36;1mclient_005_1  |[0m 2026-01-28 20:18:59,963 - __main__ - INFO - Update submitted for Round 26. Waiting...
[36;1mclient_015_1  |[0m 2026-01-28 20:19:00,484 - __main__ - INFO - --- New Round Detected: 27 ---
[33mserver_1      |[0m INFO:werkzeug:172.18.0.19 - - [28/Jan/2026 20:19:00] "GET /download_model?round=27 HTTP/1.1" 200 -
[32;1mclient_007_1  |[0m 2026-01-28 20:19:03,276 - __main__ - INFO - --- New Round Detected: 27 ---
[33mserver_1      |[0m INFO:werkzeug:172.18.0.7 - - [28/Jan/2026 20:19:03] "GET /download_model?round=27 HTTP/1.1" 200 -
[33;1mclient_006_1  |[0m 2026-01-28 20:19:03,676 - __main__ - INFO - --- New Round Detected: 27 ---
[33mserver_1      |[0m INFO:werkzeug:172.18.0.5 - - [28/Jan/2026 20:19:03] "GET /download_model?round=27 HTTP/1.1" 200 -
[32;1mclient_007_1  |[0m 2026-01-28 20:19:03,850 - __main__ - INFO - Round 27 finished. Loss: 0.9847, Acc: 71.06%
[33;1mclient_006_1  |[0m 2026-01-28 20:19:03,867 - __main__ - INFO - Round 27 finished. Loss: 0.7589, Acc: 85.71%
[33mserver_1      |[0m INFO:__main__:Received update from client_007
[33mserver_1      |[0m INFO:werkzeug:172.18.0.7 - - [28/Jan/2026 20:19:03] "POST /submit_update HTTP/1.1" 200 -
[33mserver_1      |[0m INFO:__main__:Received update from client_006
[33mserver_1      |[0m INFO:werkzeug:172.18.0.5 - - [28/Jan/2026 20:19:03] "POST /submit_update HTTP/1.1" 200 -
[32;1mclient_007_1  |[0m 2026-01-28 20:19:03,984 - __main__ - INFO - 🚀 Model update submitted successfully.
[32;1mclient_007_1  |[0m 2026-01-28 20:19:03,984 - __main__ - INFO - Update submitted for Round 27. Waiting...
[33;1mclient_006_1  |[0m 2026-01-28 20:19:04,008 - __main__ - INFO - 🚀 Model update submitted successfully.
[33;1mclient_006_1  |[0m 2026-01-28 20:19:04,009 - __main__ - INFO - Update submitted for Round 27. Waiting...
[34mclient_004_1  |[0m 2026-01-28 20:19:04,734 - __main__ - INFO - Round 26 finished. Loss: 0.7567, Acc: 79.65%
[33mserver_1      |[0m INFO:__main__:Received update from client_004
[33mserver_1      |[0m INFO:werkzeug:172.18.0.22 - - [28/Jan/2026 20:19:04] "POST /submit_update HTTP/1.1" 200 -
[34mclient_004_1  |[0m 2026-01-28 20:19:04,868 - __main__ - INFO - 🚀 Model update submitted successfully.
[34mclient_004_1  |[0m 2026-01-28 20:19:04,868 - __main__ - INFO - Update submitted for Round 26. Waiting...
[35;1mclient_008_1  |[0m 2026-01-28 20:19:05,198 - __main__ - INFO - --- New Round Detected: 27 ---
[33mserver_1      |[0m INFO:werkzeug:172.18.0.21 - - [28/Jan/2026 20:19:05] "GET /download_model?round=27 HTTP/1.1" 200 -
[35;1mclient_008_1  |[0m 2026-01-28 20:19:07,034 - __main__ - INFO - Round 27 finished. Loss: 0.2731, Acc: 98.37%
[34;1mclient_009_1  |[0m 2026-01-28 20:19:07,110 - __main__ - INFO - --- New Round Detected: 27 ---
[33mserver_1      |[0m INFO:werkzeug:172.18.0.18 - - [28/Jan/2026 20:19:07] "GET /download_model?round=27 HTTP/1.1" 200 -
[33mserver_1      |[0m INFO:__main__:Received update from client_008
[33mserver_1      |[0m INFO:__main__:--- Aggregating 5 updates ---
[33mserver_1      |[0m INFO:__main__:⚡ Using Custom Aggregator with Drift Metric...
[33mserver_1      |[0m INFO:server.aggregator:Starting FedAvg aggregation for 5 clients.
[33mclient_001_1  |[0m 2026-01-28 20:19:08,290 - __main__ - INFO - --- New Round Detected: 27 ---
[33mserver_1      |[0m INFO:werkzeug:172.18.0.14 - - [28/Jan/2026 20:19:08] "GET /download_model?round=27 HTTP/1.1" 200 -
[33mclient_001_1  |[0m 2026-01-28 20:19:09,054 - __main__ - INFO - Round 27 finished. Loss: 0.3719, Acc: 98.06%
[33mserver_1      |[0m INFO:werkzeug:172.18.0.14 - - [28/Jan/2026 20:19:09] "[31m[1mPOST /submit_update HTTP/1.1[0m" 400 -
[33mclient_001_1  |[0m 2026-01-28 20:19:09,166 - __main__ - ERROR - Update submission failed: {"error":"Not accepting updates"}
[33mclient_001_1  |[0m 
[33mclient_001_1  |[0m 2026-01-28 20:19:09,166 - __main__ - INFO - Update submitted for Round 27. Waiting...
[32mclient_002_1  |[0m 2026-01-28 20:19:09,309 - __main__ - INFO - --- New Round Detected: 27 ---
[33mserver_1      |[0m INFO:werkzeug:172.18.0.20 - - [28/Jan/2026 20:19:09] "GET /download_model?round=27 HTTP/1.1" 200 -
[35mclient_003_1  |[0m 2026-01-28 20:19:09,627 - __main__ - INFO - Round 26 finished. Loss: 0.9228, Acc: 75.97%
[33mserver_1      |[0m INFO:server.aggregator:--- [METRIC] Weight Divergence: 1.6024
[33mserver_1      |[0m INFO:server.aggregator:FedAvg aggregation complete.
[33mserver_1      |[0m INFO:__main__:Aggregation complete.
[33mserver_1      |[0m INFO:werkzeug:172.18.0.8 - - [28/Jan/2026 20:19:09] "[31m[1mPOST /submit_update HTTP/1.1[0m" 400 -
[35mclient_003_1  |[0m 2026-01-28 20:19:09,693 - __main__ - ERROR - Update submission failed: {"error":"Not accepting updates"}
[35mclient_003_1  |[0m 
[35mclient_003_1  |[0m 2026-01-28 20:19:09,693 - __main__ - INFO - Update submitted for Round 26. Waiting...
[33mserver_1      |[0m ⏱️ [TIME] Client client_007 finished training in 0.45s
[33mserver_1      |[0m ⏱️ [TIME] Client client_006 finished training in 0.03s
[33mserver_1      |[0m ⏱️ [TIME] Client client_004 finished training in 9.23s
[33mserver_1      |[0m ⏱️ [TIME] Client client_008 finished training in 1.68s
[33mserver_1      |[0m DEBUG: ⚠️ MY CUSTOM AGGREGATOR IS RUNNING ⚠️
[36;1mclient_005_1  |[0m 2026-01-28 20:19:10,046 - __main__ - INFO - --- New Round Detected: 27 ---
[36mclient_010_1  |[0m 2026-01-28 20:19:10,046 - __main__ - INFO - --- New Round Detected: 27 ---
[33mserver_1      |[0m INFO:werkzeug:172.18.0.13 - - [28/Jan/2026 20:19:10] "GET /download_model?round=27 HTTP/1.1" 200 -
[33mserver_1      |[0m INFO:werkzeug:172.18.0.16 - - [28/Jan/2026 20:19:10] "GET /download_model?round=27 HTTP/1.1" 200 -
[33mserver_1      |[0m INFO:__main__:--- Round 27 Acc: 36.51%, Loss: 1.8479 ---
[33mserver_1      |[0m INFO:__main__:--- Starting Round 28. Timeout: 300s ---
[33mserver_1      |[0m INFO:werkzeug:172.18.0.21 - - [28/Jan/2026 20:19:11] "POST /submit_update HTTP/1.1" 200 -
[35;1mclient_008_1  |[0m 2026-01-28 20:19:11,374 - __main__ - INFO - 🚀 Model update submitted successfully.
[35;1mclient_008_1  |[0m 2026-01-28 20:19:11,374 - __main__ - INFO - Update submitted for Round 27. Waiting...
[36mclient_010_1  |[0m 2026-01-28 20:19:11,557 - __main__ - INFO - Round 27 finished. Loss: 0.3721, Acc: 97.91%
[32mclient_002_1  |[0m 2026-01-28 20:19:11,577 - __main__ - INFO - Round 27 finished. Loss: 0.5152, Acc: 92.29%
[33mserver_1      |[0m INFO:__main__:Received update from client_010
[33mserver_1      |[0m INFO:werkzeug:172.18.0.16 - - [28/Jan/2026 20:19:11] "POST /submit_update HTTP/1.1" 200 -
[36mclient_010_1  |[0m 2026-01-28 20:19:11,693 - __main__ - INFO - 🚀 Model update submitted successfully.
[36mclient_010_1  |[0m 2026-01-28 20:19:11,693 - __main__ - INFO - Update submitted for Round 27. Waiting...
[33mserver_1      |[0m INFO:__main__:Received update from client_002
[33mserver_1      |[0m INFO:werkzeug:172.18.0.20 - - [28/Jan/2026 20:19:11] "POST /submit_update HTTP/1.1" 200 -
[32mclient_002_1  |[0m 2026-01-28 20:19:11,749 - __main__ - INFO - 🚀 Model update submitted successfully.
[32mclient_002_1  |[0m 2026-01-28 20:19:11,749 - __main__ - INFO - Update submitted for Round 27. Waiting...
[34;1mclient_009_1  |[0m 2026-01-28 20:19:12,560 - __main__ - INFO - Round 27 finished. Loss: 0.8958, Acc: 73.79%
[33mserver_1      |[0m INFO:__main__:Received update from client_009
[33mserver_1      |[0m INFO:werkzeug:172.18.0.18 - - [28/Jan/2026 20:19:12] "POST /submit_update HTTP/1.1" 200 -
[34;1mclient_009_1  |[0m 2026-01-28 20:19:12,696 - __main__ - INFO - 🚀 Model update submitted successfully.
[34;1mclient_009_1  |[0m 2026-01-28 20:19:12,696 - __main__ - INFO - Update submitted for Round 27. Waiting...
[36;1mclient_005_1  |[0m 2026-01-28 20:19:12,828 - __main__ - INFO - Round 27 finished. Loss: 0.5077, Acc: 94.03%
[33mserver_1      |[0m INFO:__main__:Received update from client_005
[33mserver_1      |[0m INFO:werkzeug:172.18.0.13 - - [28/Jan/2026 20:19:12] "POST /submit_update HTTP/1.1" 200 -
[36;1mclient_005_1  |[0m 2026-01-28 20:19:12,967 - __main__ - INFO - 🚀 Model update submitted successfully.
[36;1mclient_005_1  |[0m 2026-01-28 20:19:12,968 - __main__ - INFO - Update submitted for Round 27. Waiting...
[32;1mclient_007_1  |[0m 2026-01-28 20:19:14,049 - __main__ - INFO - --- New Round Detected: 28 ---
[33mserver_1      |[0m INFO:werkzeug:172.18.0.7 - - [28/Jan/2026 20:19:14] "GET /download_model?round=28 HTTP/1.1" 200 -
[33;1mclient_006_1  |[0m 2026-01-28 20:19:14,095 - __main__ - INFO - --- New Round Detected: 28 ---
[33mserver_1      |[0m INFO:werkzeug:172.18.0.5 - - [28/Jan/2026 20:19:14] "GET /download_model?round=28 HTTP/1.1" 200 -
[33;1mclient_006_1  |[0m 2026-01-28 20:19:14,362 - __main__ - INFO - Round 28 finished. Loss: 0.6405, Acc: 92.86%
[33mserver_1      |[0m INFO:__main__:Received update from client_006
[33mserver_1      |[0m INFO:__main__:--- Aggregating 5 updates ---
[33mserver_1      |[0m INFO:__main__:⚡ Using Custom Aggregator with Drift Metric...
[33mserver_1      |[0m INFO:server.aggregator:Starting FedAvg aggregation for 5 clients.
[32;1mclient_007_1  |[0m 2026-01-28 20:19:14,625 - __main__ - INFO - Round 28 finished. Loss: 1.0381, Acc: 70.51%
[33mserver_1      |[0m INFO:werkzeug:172.18.0.7 - - [28/Jan/2026 20:19:14] "[31m[1mPOST /submit_update HTTP/1.1[0m" 400 -
[32;1mclient_007_1  |[0m 2026-01-28 20:19:14,690 - __main__ - ERROR - Update submission failed: {"error":"Not accepting updates"}
[32;1mclient_007_1  |[0m 
[32;1mclient_007_1  |[0m 2026-01-28 20:19:14,690 - __main__ - INFO - Update submitted for Round 28. Waiting...
[34mclient_004_1  |[0m 2026-01-28 20:19:14,929 - __main__ - INFO - --- New Round Detected: 28 ---
[33mserver_1      |[0m INFO:werkzeug:172.18.0.22 - - [28/Jan/2026 20:19:14] "GET /download_model?round=28 HTTP/1.1" 200 -
[33mserver_1      |[0m INFO:server.aggregator:--- [METRIC] Weight Divergence: 1.2496
[33mserver_1      |[0m INFO:server.aggregator:FedAvg aggregation complete.
[33mserver_1      |[0m INFO:__main__:Aggregation complete.
[33mserver_1      |[0m ⏱️ [TIME] Client client_010 finished training in 1.24s
[33mserver_1      |[0m ⏱️ [TIME] Client client_002 finished training in 2.08s
[33mserver_1      |[0m ⏱️ [TIME] Client client_009 finished training in 5.32s
[33mserver_1      |[0m ⏱️ [TIME] Client client_005 finished training in 2.59s
[33mserver_1      |[0m ⏱️ [TIME] Client client_006 finished training in 0.12s
[33mserver_1      |[0m DEBUG: ⚠️ MY CUSTOM AGGREGATOR IS RUNNING ⚠️
[33mserver_1      |[0m INFO:__main__:--- Round 28 Acc: 36.12%, Loss: 1.8505 ---
[33mserver_1      |[0m INFO:__main__:--- Starting Round 29. Timeout: 300s ---
[33mserver_1      |[0m INFO:werkzeug:172.18.0.5 - - [28/Jan/2026 20:19:17] "POST /submit_update HTTP/1.1" 200 -
[33;1mclient_006_1  |[0m 2026-01-28 20:19:17,039 - __main__ - INFO - 🚀 Model update submitted successfully.
[33;1mclient_006_1  |[0m 2026-01-28 20:19:17,040 - __main__ - INFO - Update submitted for Round 28. Waiting...
[33mclient_001_1  |[0m 2026-01-28 20:19:19,231 - __main__ - INFO - --- New Round Detected: 29 ---
[33mserver_1      |[0m INFO:werkzeug:172.18.0.14 - - [28/Jan/2026 20:19:19] "GET /download_model?round=29 HTTP/1.1" 200 -
[35mclient_003_1  |[0m 2026-01-28 20:19:19,762 - __main__ - INFO - --- New Round Detected: 29 ---
[33mserver_1      |[0m INFO:werkzeug:172.18.0.8 - - [28/Jan/2026 20:19:19] "GET /download_model?round=29 HTTP/1.1" 200 -
[33mclient_001_1  |[0m 2026-01-28 20:19:20,107 - __main__ - INFO - Round 29 finished. Loss: 0.2547, Acc: 99.03%
[33mserver_1      |[0m INFO:__main__:Received update from client_001
[33mserver_1      |[0m INFO:werkzeug:172.18.0.14 - - [28/Jan/2026 20:19:20] "POST /submit_update HTTP/1.1" 200 -
[33mclient_001_1  |[0m 2026-01-28 20:19:20,242 - __main__ - INFO - 🚀 Model update submitted successfully.
[33mclient_001_1  |[0m 2026-01-28 20:19:20,242 - __main__ - INFO - Update submitted for Round 29. Waiting...
[35;1mclient_008_1  |[0m 2026-01-28 20:19:21,444 - __main__ - INFO - --- New Round Detected: 29 ---
[33mserver_1      |[0m INFO:werkzeug:172.18.0.21 - - [28/Jan/2026 20:19:21] "GET /download_model?round=29 HTTP/1.1" 200 -
[36mclient_010_1  |[0m 2026-01-28 20:19:21,774 - __main__ - INFO - --- New Round Detected: 29 ---
[32mclient_002_1  |[0m 2026-01-28 20:19:21,822 - __main__ - INFO - --- New Round Detected: 29 ---
[33mserver_1      |[0m INFO:werkzeug:172.18.0.16 - - [28/Jan/2026 20:19:21] "GET /download_model?round=29 HTTP/1.1" 200 -
[33mserver_1      |[0m INFO:werkzeug:172.18.0.20 - - [28/Jan/2026 20:19:21] "GET /download_model?round=29 HTTP/1.1" 200 -
[34;1mclient_009_1  |[0m 2026-01-28 20:19:22,759 - __main__ - INFO - --- New Round Detected: 29 ---
[33mserver_1      |[0m INFO:werkzeug:172.18.0.18 - - [28/Jan/2026 20:19:22] "GET /download_model?round=29 HTTP/1.1" 200 -
[36;1mclient_005_1  |[0m 2026-01-28 20:19:23,029 - __main__ - INFO - --- New Round Detected: 29 ---
[36mclient_010_1  |[0m 2026-01-28 20:19:23,061 - __main__ - INFO - Round 29 finished. Loss: 0.2741, Acc: 97.79%
[33mserver_1      |[0m INFO:werkzeug:172.18.0.13 - - [28/Jan/2026 20:19:23] "GET /download_model?round=29 HTTP/1.1" 200 -
[33mserver_1      |[0m INFO:__main__:Received update from client_010
[33mserver_1      |[0m INFO:werkzeug:172.18.0.16 - - [28/Jan/2026 20:19:23] "POST /submit_update HTTP/1.1" 200 -
[36mclient_010_1  |[0m 2026-01-28 20:19:23,211 - __main__ - INFO - 🚀 Model update submitted successfully.
[36mclient_010_1  |[0m 2026-01-28 20:19:23,211 - __main__ - INFO - Update submitted for Round 29. Waiting...
[32mclient_002_1  |[0m 2026-01-28 20:19:23,227 - __main__ - INFO - Round 29 finished. Loss: 0.4395, Acc: 92.89%
[33mserver_1      |[0m INFO:__main__:Received update from client_002
[33mserver_1      |[0m INFO:werkzeug:172.18.0.20 - - [28/Jan/2026 20:19:23] "POST /submit_update HTTP/1.1" 200 -
[32mclient_002_1  |[0m 2026-01-28 20:19:23,360 - __main__ - INFO - 🚀 Model update submitted successfully.
[32mclient_002_1  |[0m 2026-01-28 20:19:23,360 - __main__ - INFO - Update submitted for Round 29. Waiting...
[35;1mclient_008_1  |[0m 2026-01-28 20:19:24,580 - __main__ - INFO - Round 29 finished. Loss: 0.3784, Acc: 97.98%
[33mserver_1      |[0m INFO:__main__:Received update from client_008
[33mserver_1      |[0m INFO:werkzeug:172.18.0.21 - - [28/Jan/2026 20:19:24] "POST /submit_update HTTP/1.1" 200 -
[34mclient_004_1  |[0m 2026-01-28 20:19:24,703 - __main__ - INFO - Round 28 finished. Loss: 0.7128, Acc: 78.44%
[35;1mclient_008_1  |[0m 2026-01-28 20:19:24,715 - __main__ - INFO - 🚀 Model update submitted successfully.
[35;1mclient_008_1  |[0m 2026-01-28 20:19:24,715 - __main__ - INFO - Update submitted for Round 29. Waiting...
[32;1mclient_007_1  |[0m 2026-01-28 20:19:24,758 - __main__ - INFO - --- New Round Detected: 29 ---
[33mserver_1      |[0m INFO:werkzeug:172.18.0.7 - - [28/Jan/2026 20:19:24] "GET /download_model?round=29 HTTP/1.1" 200 -
[33mserver_1      |[0m INFO:__main__:Received update from client_004
[33mserver_1      |[0m INFO:__main__:--- Aggregating 5 updates ---
[33mserver_1      |[0m INFO:__main__:⚡ Using Custom Aggregator with Drift Metric...
[33mserver_1      |[0m INFO:server.aggregator:Starting FedAvg aggregation for 5 clients.
[32;1mclient_007_1  |[0m 2026-01-28 20:19:25,717 - __main__ - INFO - Round 29 finished. Loss: 1.1133, Acc: 67.95%
[33mserver_1      |[0m INFO:werkzeug:172.18.0.7 - - [28/Jan/2026 20:19:25] "[31m[1mPOST /submit_update HTTP/1.1[0m" 400 -
[32;1mclient_007_1  |[0m 2026-01-28 20:19:25,781 - __main__ - ERROR - Update submission failed: {"error":"Not accepting updates"}
[32;1mclient_007_1  |[0m 
[32;1mclient_007_1  |[0m 2026-01-28 20:19:25,781 - __main__ - INFO - Update submitted for Round 29. Waiting...
[34;1mclient_009_1  |[0m 2026-01-28 20:19:26,115 - __main__ - INFO - Round 29 finished. Loss: 0.8584, Acc: 72.23%
[36;1mclient_005_1  |[0m 2026-01-28 20:19:26,151 - __main__ - INFO - Round 29 finished. Loss: 0.4012, Acc: 94.84%
[33mserver_1      |[0m INFO:werkzeug:172.18.0.18 - - [28/Jan/2026 20:19:26] "[31m[1mPOST /submit_update HTTP/1.1[0m" 400 -
[33mserver_1      |[0m INFO:werkzeug:172.18.0.13 - - [28/Jan/2026 20:19:26] "[31m[1mPOST /submit_update HTTP/1.1[0m" 400 -
[34;1mclient_009_1  |[0m 2026-01-28 20:19:26,205 - __main__ - ERROR - Update submission failed: {"error":"Not accepting updates"}
[34;1mclient_009_1  |[0m 
[34;1mclient_009_1  |[0m 2026-01-28 20:19:26,205 - __main__ - INFO - Update submitted for Round 29. Waiting...
[36;1mclient_005_1  |[0m 2026-01-28 20:19:26,214 - __main__ - ERROR - Update submission failed: {"error":"Not accepting updates"}
[36;1mclient_005_1  |[0m 
[36;1mclient_005_1  |[0m 2026-01-28 20:19:26,214 - __main__ - INFO - Update submitted for Round 29. Waiting...
[33mserver_1      |[0m INFO:server.aggregator:--- [METRIC] Weight Divergence: 1.6898
[33mserver_1      |[0m INFO:server.aggregator:FedAvg aggregation complete.
[33mserver_1      |[0m INFO:__main__:Aggregation complete.
[33mserver_1      |[0m ⏱️ [TIME] Client client_001 finished training in 0.74s
[33mserver_1      |[0m ⏱️ [TIME] Client client_010 finished training in 1.13s
[33mserver_1      |[0m ⏱️ [TIME] Client client_002 finished training in 1.27s
[33mserver_1      |[0m ⏱️ [TIME] Client client_008 finished training in 3.01s
[33mserver_1      |[0m ⏱️ [TIME] Client client_004 finished training in 9.63s
[33mserver_1      |[0m DEBUG: ⚠️ MY CUSTOM AGGREGATOR IS RUNNING ⚠️
[33;1mclient_006_1  |[0m 2026-01-28 20:19:27,102 - __main__ - INFO - --- New Round Detected: 29 ---
[33mserver_1      |[0m INFO:werkzeug:172.18.0.5 - - [28/Jan/2026 20:19:27] "GET /download_model?round=29 HTTP/1.1" 200 -
[33;1mclient_006_1  |[0m 2026-01-28 20:19:27,268 - __main__ - INFO - Round 29 finished. Loss: 0.9292, Acc: 78.57%
[33mserver_1      |[0m INFO:werkzeug:172.18.0.5 - - [28/Jan/2026 20:19:27] "[31m[1mPOST /submit_update HTTP/1.1[0m" 400 -
[33;1mclient_006_1  |[0m 2026-01-28 20:19:27,333 - __main__ - ERROR - Update submission failed: {"error":"Not accepting updates"}
[33;1mclient_006_1  |[0m 
[33;1mclient_006_1  |[0m 2026-01-28 20:19:27,333 - __main__ - INFO - Update submitted for Round 29. Waiting...
[33mserver_1      |[0m INFO:__main__:--- Round 29 Acc: 43.90%, Loss: 1.7252 ---
[33mserver_1      |[0m INFO:__main__:--- Starting Round 30. Timeout: 300s ---
[33mserver_1      |[0m INFO:werkzeug:172.18.0.22 - - [28/Jan/2026 20:19:27] "POST /submit_update HTTP/1.1" 200 -
[34mclient_004_1  |[0m 2026-01-28 20:19:28,026 - __main__ - INFO - 🚀 Model update submitted successfully.
[34mclient_004_1  |[0m 2026-01-28 20:19:28,026 - __main__ - INFO - Update submitted for Round 28. Waiting...
[33mclient_001_1  |[0m 2026-01-28 20:19:30,307 - __main__ - INFO - --- New Round Detected: 30 ---
[33mserver_1      |[0m INFO:werkzeug:172.18.0.14 - - [28/Jan/2026 20:19:30] "GET /download_model?round=30 HTTP/1.1" 200 -
[33mclient_001_1  |[0m 2026-01-28 20:19:31,200 - __main__ - INFO - Round 30 finished. Loss: 0.3593, Acc: 98.38%
[33mserver_1      |[0m INFO:__main__:Received update from client_001
[33mserver_1      |[0m INFO:werkzeug:172.18.0.14 - - [28/Jan/2026 20:19:31] "POST /submit_update HTTP/1.1" 200 -
[33mclient_001_1  |[0m 2026-01-28 20:19:31,358 - __main__ - INFO - 🚀 Model update submitted successfully.
[33mclient_001_1  |[0m 2026-01-28 20:19:31,358 - __main__ - INFO - Update submitted for Round 30. Waiting...
[36mclient_010_1  |[0m 2026-01-28 20:19:33,274 - __main__ - INFO - --- New Round Detected: 30 ---
[33mserver_1      |[0m INFO:werkzeug:172.18.0.16 - - [28/Jan/2026 20:19:33] "GET /download_model?round=30 HTTP/1.1" 200 -
[32mclient_002_1  |[0m 2026-01-28 20:19:33,461 - __main__ - INFO - --- New Round Detected: 30 ---
[33mserver_1      |[0m INFO:werkzeug:172.18.0.20 - - [28/Jan/2026 20:19:33] "GET /download_model?round=30 HTTP/1.1" 200 -
[36mclient_010_1  |[0m 2026-01-28 20:19:34,689 - __main__ - INFO - Round 30 finished. Loss: 0.3678, Acc: 97.91%
[35;1mclient_008_1  |[0m 2026-01-28 20:19:34,776 - __main__ - INFO - --- New Round Detected: 30 ---
[33mserver_1      |[0m INFO:__main__:Received update from client_010
[33mserver_1      |[0m INFO:werkzeug:172.18.0.16 - - [28/Jan/2026 20:19:34] "POST /submit_update HTTP/1.1" 200 -
[33mserver_1      |[0m INFO:werkzeug:172.18.0.21 - - [28/Jan/2026 20:19:34] "GET /download_model?round=30 HTTP/1.1" 200 -
[36mclient_010_1  |[0m 2026-01-28 20:19:34,831 - __main__ - INFO - 🚀 Model update submitted successfully.
[36mclient_010_1  |[0m 2026-01-28 20:19:34,831 - __main__ - INFO - Update submitted for Round 30. Waiting...
[32mclient_002_1  |[0m 2026-01-28 20:19:34,836 - __main__ - INFO - Round 30 finished. Loss: 0.5029, Acc: 92.98%
[33mserver_1      |[0m INFO:__main__:Received update from client_002
[33mserver_1      |[0m INFO:werkzeug:172.18.0.20 - - [28/Jan/2026 20:19:34] "POST /submit_update HTTP/1.1" 200 -
[32mclient_002_1  |[0m 2026-01-28 20:19:34,971 - __main__ - INFO - 🚀 Model update submitted successfully.
[32mclient_002_1  |[0m 2026-01-28 20:19:34,971 - __main__ - INFO - Update submitted for Round 30. Waiting...
[32;1mclient_007_1  |[0m 2026-01-28 20:19:35,848 - __main__ - INFO - --- New Round Detected: 30 ---
[33mserver_1      |[0m INFO:werkzeug:172.18.0.7 - - [28/Jan/2026 20:19:35] "GET /download_model?round=30 HTTP/1.1" 200 -
[34;1mclient_009_1  |[0m 2026-01-28 20:19:36,266 - __main__ - INFO - --- New Round Detected: 30 ---
[36;1mclient_005_1  |[0m 2026-01-28 20:19:36,281 - __main__ - INFO - --- New Round Detected: 30 ---
[33mserver_1      |[0m INFO:werkzeug:172.18.0.18 - - [28/Jan/2026 20:19:36] "GET /download_model?round=30 HTTP/1.1" 200 -
[33mserver_1      |[0m INFO:werkzeug:172.18.0.13 - - [28/Jan/2026 20:19:36] "GET /download_model?round=30 HTTP/1.1" 200 -
[32;1mclient_007_1  |[0m 2026-01-28 20:19:36,445 - __main__ - INFO - Round 30 finished. Loss: 1.0111, Acc: 71.43%
[33mserver_1      |[0m INFO:__main__:Received update from client_007
[33mserver_1      |[0m INFO:werkzeug:172.18.0.7 - - [28/Jan/2026 20:19:36] "POST /submit_update HTTP/1.1" 200 -
[32;1mclient_007_1  |[0m 2026-01-28 20:19:36,580 - __main__ - INFO - 🚀 Model update submitted successfully.
[32;1mclient_007_1  |[0m 2026-01-28 20:19:36,581 - __main__ - INFO - Update submitted for Round 30. Waiting...
[33;1mclient_006_1  |[0m 2026-01-28 20:19:37,401 - __main__ - INFO - --- New Round Detected: 30 ---
[33mserver_1      |[0m INFO:werkzeug:172.18.0.5 - - [28/Jan/2026 20:19:37] "GET /download_model?round=30 HTTP/1.1" 200 -
[33;1mclient_006_1  |[0m 2026-01-28 20:19:37,590 - __main__ - INFO - Round 30 finished. Loss: 0.6462, Acc: 85.71%
[33mserver_1      |[0m INFO:__main__:Received update from client_006
[33mserver_1      |[0m INFO:__main__:--- Aggregating 5 updates ---
[33mserver_1      |[0m INFO:__main__:⚡ Using Custom Aggregator with Drift Metric...
[33mserver_1      |[0m INFO:server.aggregator:Starting FedAvg aggregation for 5 clients.
[35;1mclient_008_1  |[0m 2026-01-28 20:19:37,972 - __main__ - INFO - Round 30 finished. Loss: 0.3080, Acc: 98.47%
[33mserver_1      |[0m INFO:werkzeug:172.18.0.21 - - [28/Jan/2026 20:19:37] "[31m[1mPOST /submit_update HTTP/1.1[0m" 400 -
[35;1mclient_008_1  |[0m 2026-01-28 20:19:38,040 - __main__ - ERROR - Update submission failed: {"error":"Not accepting updates"}
[35;1mclient_008_1  |[0m 
[35;1mclient_008_1  |[0m 2026-01-28 20:19:38,040 - __main__ - INFO - Update submitted for Round 30. Waiting...
[34mclient_004_1  |[0m 2026-01-28 20:19:38,090 - __main__ - INFO - --- New Round Detected: 30 ---
[33mserver_1      |[0m INFO:werkzeug:172.18.0.22 - - [28/Jan/2026 20:19:38] "GET /download_model?round=30 HTTP/1.1" 200 -
[36;1mclient_005_1  |[0m 2026-01-28 20:19:40,006 - __main__ - INFO - Round 30 finished. Loss: 0.3694, Acc: 94.56%
[33mserver_1      |[0m INFO:werkzeug:172.18.0.13 - - [28/Jan/2026 20:19:40] "[31m[1mPOST /submit_update HTTP/1.1[0m" 400 -
[36;1mclient_005_1  |[0m 2026-01-28 20:19:40,077 - __main__ - ERROR - Update submission failed: {"error":"Not accepting updates"}
[36;1mclient_005_1  |[0m 
[36;1mclient_005_1  |[0m 2026-01-28 20:19:40,077 - __main__ - INFO - Update submitted for Round 30. Waiting...
[33mserver_1      |[0m INFO:server.aggregator:--- [METRIC] Weight Divergence: 0.7618
[33mserver_1      |[0m INFO:server.aggregator:FedAvg aggregation complete.
[33mserver_1      |[0m INFO:__main__:Aggregation complete.
[33mserver_1      |[0m ⏱️ [TIME] Client client_001 finished training in 0.76s
[33mserver_1      |[0m ⏱️ [TIME] Client client_010 finished training in 1.29s
[33mserver_1      |[0m ⏱️ [TIME] Client client_002 finished training in 1.25s
[33mserver_1      |[0m ⏱️ [TIME] Client client_007 finished training in 0.46s
[33mserver_1      |[0m ⏱️ [TIME] Client client_006 finished training in 0.04s
[33mserver_1      |[0m DEBUG: ⚠️ MY CUSTOM AGGREGATOR IS RUNNING ⚠️
[35mclient_003_1  |[0m 2026-01-28 20:19:40,661 - __main__ - INFO - Round 29 finished. Loss: 0.9943, Acc: 75.29%
[33mserver_1      |[0m INFO:werkzeug:172.18.0.8 - - [28/Jan/2026 20:19:40] "[31m[1mPOST /submit_update HTTP/1.1[0m" 400 -
[35mclient_003_1  |[0m 2026-01-28 20:19:40,727 - __main__ - ERROR - Update submission failed: {"error":"Not accepting updates"}
[35mclient_003_1  |[0m 
[35mclient_003_1  |[0m 2026-01-28 20:19:40,727 - __main__ - INFO - Update submitted for Round 29. Waiting...
[33mserver_1      |[0m INFO:__main__:--- Round 30 Acc: 23.84%, Loss: 2.1121 ---
[33mserver_1      |[0m INFO:__main__:--- Starting Round 31. Timeout: 300s ---
[33mserver_1      |[0m INFO:werkzeug:172.18.0.5 - - [28/Jan/2026 20:19:41] "POST /submit_update HTTP/1.1" 200 -
[33;1mclient_006_1  |[0m 2026-01-28 20:19:41,436 - __main__ - INFO - 🚀 Model update submitted successfully.
[33;1mclient_006_1  |[0m 2026-01-28 20:19:41,436 - __main__ - INFO - Update submitted for Round 30. Waiting...
[34;1mclient_009_1  |[0m 2026-01-28 20:19:42,141 - __main__ - INFO - Round 30 finished. Loss: 0.8632, Acc: 75.01%
[33mserver_1      |[0m INFO:__main__:Received update from client_009
[33mserver_1      |[0m INFO:werkzeug:172.18.0.18 - - [28/Jan/2026 20:19:42] "POST /submit_update HTTP/1.1" 200 -
[34;1mclient_009_1  |[0m 2026-01-28 20:19:42,299 - __main__ - INFO - 🚀 Model update submitted successfully.
[34;1mclient_009_1  |[0m 2026-01-28 20:19:42,300 - __main__ - INFO - Update submitted for Round 30. Waiting...
[36mclient_010_1  |[0m 2026-01-28 20:19:44,904 - __main__ - INFO - --- New Round Detected: 31 ---
[33mserver_1      |[0m INFO:werkzeug:172.18.0.16 - - [28/Jan/2026 20:19:44] "GET /download_model?round=31 HTTP/1.1" 200 -
[32mclient_002_1  |[0m 2026-01-28 20:19:45,034 - __main__ - INFO - --- New Round Detected: 31 ---
[33mserver_1      |[0m INFO:werkzeug:172.18.0.20 - - [28/Jan/2026 20:19:45] "GET /download_model?round=31 HTTP/1.1" 200 -
[36mclient_010_1  |[0m 2026-01-28 20:19:46,322 - __main__ - INFO - Round 31 finished. Loss: 0.1743, Acc: 98.65%
[33mserver_1      |[0m INFO:__main__:Received update from client_010
[33mserver_1      |[0m INFO:werkzeug:172.18.0.16 - - [28/Jan/2026 20:19:46] "POST /submit_update HTTP/1.1" 200 -
[36mclient_010_1  |[0m 2026-01-28 20:19:46,458 - __main__ - INFO - 🚀 Model update submitted successfully.
[36mclient_010_1  |[0m 2026-01-28 20:19:46,458 - __main__ - INFO - Update submitted for Round 31. Waiting...
[32mclient_002_1  |[0m 2026-01-28 20:19:46,614 - __main__ - INFO - Round 31 finished. Loss: 0.3308, Acc: 93.48%
[32;1mclient_007_1  |[0m 2026-01-28 20:19:46,676 - __main__ - INFO - --- New Round Detected: 31 ---
[33mserver_1      |[0m INFO:__main__:Received update from client_002
[33mserver_1      |[0m INFO:werkzeug:172.18.0.20 - - [28/Jan/2026 20:19:46] "POST /submit_update HTTP/1.1" 200 -
[32mclient_002_1  |[0m 2026-01-28 20:19:46,752 - __main__ - INFO - 🚀 Model update submitted successfully.
[32mclient_002_1  |[0m 2026-01-28 20:19:46,752 - __main__ - INFO - Update submitted for Round 31. Waiting...
[33mserver_1      |[0m INFO:werkzeug:172.18.0.7 - - [28/Jan/2026 20:19:46] "GET /download_model?round=31 HTTP/1.1" 200 -
[32;1mclient_007_1  |[0m 2026-01-28 20:19:47,673 - __main__ - INFO - Round 31 finished. Loss: 0.8991, Acc: 68.13%
[33mserver_1      |[0m INFO:__main__:Received update from client_007
[33mserver_1      |[0m INFO:werkzeug:172.18.0.7 - - [28/Jan/2026 20:19:47] "POST /submit_update HTTP/1.1" 200 -
[32;1mclient_007_1  |[0m 2026-01-28 20:19:47,815 - __main__ - INFO - 🚀 Model update submitted successfully.
[32;1mclient_007_1  |[0m 2026-01-28 20:19:47,815 - __main__ - INFO - Update submitted for Round 31. Waiting...
[34mclient_004_1  |[0m 2026-01-28 20:19:48,024 - __main__ - INFO - Round 30 finished. Loss: 0.7118, Acc: 80.72%
[35;1mclient_008_1  |[0m 2026-01-28 20:19:48,101 - __main__ - INFO - --- New Round Detected: 31 ---
[33mserver_1      |[0m INFO:werkzeug:172.18.0.21 - - [28/Jan/2026 20:19:48] "GET /download_model?round=31 HTTP/1.1" 200 -
[33mserver_1      |[0m INFO:__main__:Received update from client_004
[33mserver_1      |[0m INFO:__main__:--- Aggregating 5 updates ---
[33mserver_1      |[0m INFO:__main__:⚡ Using Custom Aggregator with Drift Metric...
[33mserver_1      |[0m INFO:server.aggregator:Starting FedAvg aggregation for 5 clients.
[36;1mclient_005_1  |[0m 2026-01-28 20:19:50,181 - __main__ - INFO - --- New Round Detected: 31 ---
[33mserver_1      |[0m INFO:werkzeug:172.18.0.13 - - [28/Jan/2026 20:19:50] "GET /download_model?round=31 HTTP/1.1" 200 -
[33mserver_1      |[0m INFO:server.aggregator:--- [METRIC] Weight Divergence: 1.3485
[33mserver_1      |[0m INFO:server.aggregator:FedAvg aggregation complete.
[33mserver_1      |[0m INFO:__main__:Aggregation complete.
[35mclient_003_1  |[0m 2026-01-28 20:19:50,794 - __main__ - INFO - --- New Round Detected: 31 ---
[33mserver_1      |[0m ⏱️ [TIME] Client client_009 finished training in 5.74s
[33mserver_1      |[0m ⏱️ [TIME] Client client_010 finished training in 1.28s
[33mserver_1      |[0m ⏱️ [TIME] Client client_002 finished training in 1.42s
[33mserver_1      |[0m ⏱️ [TIME] Client client_007 finished training in 0.81s
[33mserver_1      |[0m ⏱️ [TIME] Client client_004 finished training in 9.80s
[33mserver_1      |[0m DEBUG: ⚠️ MY CUSTOM AGGREGATOR IS RUNNING ⚠️
[33mserver_1      |[0m INFO:werkzeug:172.18.0.8 - - [28/Jan/2026 20:19:50] "GET /download_model?round=31 HTTP/1.1" 200 -
[35;1mclient_008_1  |[0m 2026-01-28 20:19:51,058 - __main__ - INFO - Round 31 finished. Loss: 0.4256, Acc: 98.32%
[33mserver_1      |[0m INFO:werkzeug:172.18.0.21 - - [28/Jan/2026 20:19:51] "[31m[1mPOST /submit_update HTTP/1.1[0m" 400 -
[35;1mclient_008_1  |[0m 2026-01-28 20:19:51,124 - __main__ - ERROR - Update submission failed: {"error":"Not accepting updates"}
[35;1mclient_008_1  |[0m 
[35;1mclient_008_1  |[0m 2026-01-28 20:19:51,124 - __main__ - INFO - Update submitted for Round 31. Waiting...
[33mclient_001_1  |[0m 2026-01-28 20:19:51,483 - __main__ - INFO - --- New Round Detected: 31 ---
[33;1mclient_006_1  |[0m 2026-01-28 20:19:51,504 - __main__ - INFO - --- New Round Detected: 31 ---
[33mserver_1      |[0m INFO:werkzeug:172.18.0.14 - - [28/Jan/2026 20:19:51] "GET /download_model?round=31 HTTP/1.1" 200 -
[33mserver_1      |[0m INFO:werkzeug:172.18.0.5 - - [28/Jan/2026 20:19:51] "GET /download_model?round=31 HTTP/1.1" 200 -
[33;1mclient_006_1  |[0m 2026-01-28 20:19:51,675 - __main__ - INFO - Round 31 finished. Loss: 1.1055, Acc: 64.29%
[33mserver_1      |[0m INFO:werkzeug:172.18.0.5 - - [28/Jan/2026 20:19:51] "[31m[1mPOST /submit_update HTTP/1.1[0m" 400 -
[33;1mclient_006_1  |[0m 2026-01-28 20:19:51,741 - __main__ - ERROR - Update submission failed: {"error":"Not accepting updates"}
[33;1mclient_006_1  |[0m 
[33;1mclient_006_1  |[0m 2026-01-28 20:19:51,741 - __main__ - INFO - Update submitted for Round 31. Waiting...
[33mserver_1      |[0m INFO:__main__:--- Round 31 Acc: 46.07%, Loss: 1.6322 ---
[33mserver_1      |[0m INFO:__main__:--- Starting Round 32. Timeout: 300s ---
[33mserver_1      |[0m INFO:werkzeug:172.18.0.22 - - [28/Jan/2026 20:19:51] "POST /submit_update HTTP/1.1" 200 -
[34mclient_004_1  |[0m 2026-01-28 20:19:52,008 - __main__ - INFO - 🚀 Model update submitted successfully.
[34mclient_004_1  |[0m 2026-01-28 20:19:52,008 - __main__ - INFO - Update submitted for Round 30. Waiting...
[34;1mclient_009_1  |[0m 2026-01-28 20:19:52,365 - __main__ - INFO - --- New Round Detected: 32 ---
[33mserver_1      |[0m INFO:werkzeug:172.18.0.18 - - [28/Jan/2026 20:19:52] "GET /download_model?round=32 HTTP/1.1" 200 -
[33mclient_001_1  |[0m 2026-01-28 20:19:52,449 - __main__ - INFO - Round 31 finished. Loss: 0.1823, Acc: 98.06%
[33mserver_1      |[0m INFO:__main__:Received update from client_001
[33mserver_1      |[0m INFO:werkzeug:172.18.0.14 - - [28/Jan/2026 20:19:52] "POST /submit_update HTTP/1.1" 200 -
[33mclient_001_1  |[0m 2026-01-28 20:19:52,588 - __main__ - INFO - 🚀 Model update submitted successfully.
[33mclient_001_1  |[0m 2026-01-28 20:19:52,588 - __main__ - INFO - Update submitted for Round 31. Waiting...
[36;1mclient_005_1  |[0m 2026-01-28 20:19:55,163 - __main__ - INFO - Round 31 finished. Loss: 0.4996, Acc: 94.69%
[33mserver_1      |[0m INFO:__main__:Received update from client_005
[33mserver_1      |[0m INFO:werkzeug:172.18.0.13 - - [28/Jan/2026 20:19:55] "POST /submit_update HTTP/1.1" 200 -
[36;1mclient_005_1  |[0m 2026-01-28 20:19:55,297 - __main__ - INFO - 🚀 Model update submitted successfully.
[36;1mclient_005_1  |[0m 2026-01-28 20:19:55,298 - __main__ - INFO - Update submitted for Round 31. Waiting...
[36mclient_010_1  |[0m 2026-01-28 20:19:56,521 - __main__ - INFO - --- New Round Detected: 32 ---
[33mserver_1      |[0m INFO:werkzeug:172.18.0.16 - - [28/Jan/2026 20:19:56] "GET /download_model?round=32 HTTP/1.1" 200 -
[32mclient_002_1  |[0m 2026-01-28 20:19:56,831 - __main__ - INFO - --- New Round Detected: 32 ---
[33mserver_1      |[0m INFO:werkzeug:172.18.0.20 - - [28/Jan/2026 20:19:56] "GET /download_model?round=32 HTTP/1.1" 200 -
[36mclient_010_1  |[0m 2026-01-28 20:19:57,811 - __main__ - INFO - Round 32 finished. Loss: 0.2761, Acc: 98.28%
[34;1mclient_009_1  |[0m 2026-01-28 20:19:57,818 - __main__ - INFO - Round 32 finished. Loss: 0.8076, Acc: 74.90%
[32;1mclient_007_1  |[0m 2026-01-28 20:19:57,877 - __main__ - INFO - --- New Round Detected: 32 ---
[33mserver_1      |[0m INFO:werkzeug:172.18.0.7 - - [28/Jan/2026 20:19:57] "GET /download_model?round=32 HTTP/1.1" 200 -
[33mserver_1      |[0m INFO:__main__:Received update from client_009
[33mserver_1      |[0m INFO:werkzeug:172.18.0.18 - - [28/Jan/2026 20:19:57] "POST /submit_update HTTP/1.1" 200 -
[33mserver_1      |[0m INFO:__main__:Received update from client_010
[33mserver_1      |[0m INFO:werkzeug:172.18.0.16 - - [28/Jan/2026 20:19:57] "POST /submit_update HTTP/1.1" 200 -
[34;1mclient_009_1  |[0m 2026-01-28 20:19:57,957 - __main__ - INFO - 🚀 Model update submitted successfully.
[34;1mclient_009_1  |[0m 2026-01-28 20:19:57,957 - __main__ - INFO - Update submitted for Round 32. Waiting...
[36mclient_010_1  |[0m 2026-01-28 20:19:57,970 - __main__ - INFO - 🚀 Model update submitted successfully.
[36mclient_010_1  |[0m 2026-01-28 20:19:57,970 - __main__ - INFO - Update submitted for Round 32. Waiting...
[32;1mclient_007_1  |[0m 2026-01-28 20:19:58,749 - __main__ - INFO - Round 32 finished. Loss: 0.9841, Acc: 70.33%
[33mserver_1      |[0m INFO:__main__:Received update from client_007
[33mserver_1      |[0m INFO:__main__:--- Aggregating 5 updates ---
[33mserver_1      |[0m INFO:__main__:⚡ Using Custom Aggregator with Drift Metric...
[33mserver_1      |[0m INFO:server.aggregator:Starting FedAvg aggregation for 5 clients.
[32mclient_002_1  |[0m 2026-01-28 20:19:59,566 - __main__ - INFO - Round 32 finished. Loss: 0.4139, Acc: 93.58%
[33mserver_1      |[0m INFO:werkzeug:172.18.0.20 - - [28/Jan/2026 20:19:59] "[31m[1mPOST /submit_update HTTP/1.1[0m" 400 -
[32mclient_002_1  |[0m 2026-01-28 20:19:59,633 - __main__ - ERROR - Update submission failed: {"error":"Not accepting updates"}
[32mclient_002_1  |[0m 
[32mclient_002_1  |[0m 2026-01-28 20:19:59,633 - __main__ - INFO - Update submitted for Round 32. Waiting...
[33mserver_1      |[0m INFO:server.aggregator:--- [METRIC] Weight Divergence: 1.1910
[33mserver_1      |[0m INFO:server.aggregator:FedAvg aggregation complete.
[33mserver_1      |[0m INFO:__main__:Aggregation complete.
[33mserver_1      |[0m ⏱️ [TIME] Client client_001 finished training in 0.82s
[33mserver_1      |[0m ⏱️ [TIME] Client client_005 finished training in 4.84s
[33mserver_1      |[0m ⏱️ [TIME] Client client_009 finished training in 5.32s
[33mserver_1      |[0m ⏱️ [TIME] Client client_010 finished training in 1.12s
[33mserver_1      |[0m ⏱️ [TIME] Client client_007 finished training in 0.73s
[33mserver_1      |[0m DEBUG: ⚠️ MY CUSTOM AGGREGATOR IS RUNNING ⚠️
[35;1mclient_008_1  |[0m 2026-01-28 20:20:01,236 - __main__ - INFO - --- New Round Detected: 32 ---
[33mserver_1      |[0m INFO:werkzeug:172.18.0.21 - - [28/Jan/2026 20:20:01] "GET /download_model?round=32 HTTP/1.1" 200 -
[33;1mclient_006_1  |[0m 2026-01-28 20:20:01,841 - __main__ - INFO - --- New Round Detected: 32 ---
[33mserver_1      |[0m INFO:werkzeug:172.18.0.5 - - [28/Jan/2026 20:20:01] "GET /download_model?round=32 HTTP/1.1" 200 -
[33;1mclient_006_1  |[0m 2026-01-28 20:20:02,014 - __main__ - INFO - Round 32 finished. Loss: 0.6267, Acc: 85.71%
[33mserver_1      |[0m INFO:werkzeug:172.18.0.5 - - [28/Jan/2026 20:20:02] "[31m[1mPOST /submit_update HTTP/1.1[0m" 400 -
[33;1mclient_006_1  |[0m 2026-01-28 20:20:02,091 - __main__ - ERROR - Update submission failed: {"error":"Not accepting updates"}
[33;1mclient_006_1  |[0m 
[33;1mclient_006_1  |[0m 2026-01-28 20:20:02,091 - __main__ - INFO - Update submitted for Round 32. Waiting...
[34mclient_004_1  |[0m 2026-01-28 20:20:02,106 - __main__ - INFO - --- New Round Detected: 32 ---
[33mserver_1      |[0m INFO:werkzeug:172.18.0.22 - - [28/Jan/2026 20:20:02] "GET /download_model?round=32 HTTP/1.1" 200 -
[33mserver_1      |[0m INFO:__main__:--- Round 32 Acc: 38.15%, Loss: 1.7769 ---
[33mserver_1      |[0m INFO:__main__:--- Starting Round 33. Timeout: 300s ---
[33mserver_1      |[0m INFO:werkzeug:172.18.0.7 - - [28/Jan/2026 20:20:02] "POST /submit_update HTTP/1.1" 200 -
[32;1mclient_007_1  |[0m 2026-01-28 20:20:02,276 - __main__ - INFO - 🚀 Model update submitted successfully.
[32;1mclient_007_1  |[0m 2026-01-28 20:20:02,276 - __main__ - INFO - Update submitted for Round 32. Waiting...
[33mclient_001_1  |[0m 2026-01-28 20:20:02,661 - __main__ - INFO - --- New Round Detected: 33 ---
[33mserver_1      |[0m INFO:werkzeug:172.18.0.14 - - [28/Jan/2026 20:20:02] "GET /download_model?round=33 HTTP/1.1" 200 -
[33mclient_001_1  |[0m 2026-01-28 20:20:03,582 - __main__ - INFO - Round 33 finished. Loss: 0.2579, Acc: 98.71%
[33mserver_1      |[0m INFO:__main__:Received update from client_001
[33mserver_1      |[0m INFO:werkzeug:172.18.0.14 - - [28/Jan/2026 20:20:03] "POST /submit_update HTTP/1.1" 200 -
[33mclient_001_1  |[0m 2026-01-28 20:20:03,745 - __main__ - INFO - 🚀 Model update submitted successfully.
[33mclient_001_1  |[0m 2026-01-28 20:20:03,746 - __main__ - INFO - Update submitted for Round 33. Waiting...
[35;1mclient_008_1  |[0m 2026-01-28 20:20:04,187 - __main__ - INFO - Round 32 finished. Loss: 0.3607, Acc: 98.08%
[33mserver_1      |[0m INFO:__main__:Received update from client_008
[33mserver_1      |[0m INFO:werkzeug:172.18.0.21 - - [28/Jan/2026 20:20:04] "POST /submit_update HTTP/1.1" 200 -
[35;1mclient_008_1  |[0m 2026-01-28 20:20:04,328 - __main__ - INFO - 🚀 Model update submitted successfully.
[35;1mclient_008_1  |[0m 2026-01-28 20:20:04,329 - __main__ - INFO - Update submitted for Round 32. Waiting...
[36;1mclient_005_1  |[0m 2026-01-28 20:20:05,359 - __main__ - INFO - --- New Round Detected: 33 ---
[33mserver_1      |[0m INFO:werkzeug:172.18.0.13 - - [28/Jan/2026 20:20:05] "GET /download_model?round=33 HTTP/1.1" 200 -
[35mclient_003_1  |[0m 2026-01-28 20:20:06,330 - __main__ - INFO - Round 31 finished. Loss: 1.0185, Acc: 75.37%
[33mserver_1      |[0m INFO:__main__:Received update from client_003
[33mserver_1      |[0m INFO:werkzeug:172.18.0.8 - - [28/Jan/2026 20:20:06] "POST /submit_update HTTP/1.1" 200 -
[35mclient_003_1  |[0m 2026-01-28 20:20:06,468 - __main__ - INFO - 🚀 Model update submitted successfully.
[35mclient_003_1  |[0m 2026-01-28 20:20:06,469 - __main__ - INFO - Update submitted for Round 31. Waiting...
[34;1mclient_009_1  |[0m 2026-01-28 20:20:08,020 - __main__ - INFO - --- New Round Detected: 33 ---
[36mclient_010_1  |[0m 2026-01-28 20:20:08,042 - __main__ - INFO - --- New Round Detected: 33 ---
[33mserver_1      |[0m INFO:werkzeug:172.18.0.18 - - [28/Jan/2026 20:20:08] "GET /download_model?round=33 HTTP/1.1" 200 -
[33mserver_1      |[0m INFO:werkzeug:172.18.0.16 - - [28/Jan/2026 20:20:08] "GET /download_model?round=33 HTTP/1.1" 200 -
[36;1mclient_005_1  |[0m 2026-01-28 20:20:08,465 - __main__ - INFO - Round 33 finished. Loss: 0.3367, Acc: 95.03%
[33mserver_1      |[0m INFO:__main__:Received update from client_005
[33mserver_1      |[0m INFO:werkzeug:172.18.0.13 - - [28/Jan/2026 20:20:08] "POST /submit_update HTTP/1.1" 200 -
[36;1mclient_005_1  |[0m 2026-01-28 20:20:08,601 - __main__ - INFO - 🚀 Model update submitted successfully.
[36;1mclient_005_1  |[0m 2026-01-28 20:20:08,601 - __main__ - INFO - Update submitted for Round 33. Waiting...
[36mclient_010_1  |[0m 2026-01-28 20:20:09,486 - __main__ - INFO - Round 33 finished. Loss: 0.2625, Acc: 98.28%
[33mserver_1      |[0m INFO:__main__:Received update from client_010
[33mserver_1      |[0m INFO:__main__:--- Aggregating 5 updates ---
[33mserver_1      |[0m INFO:__main__:⚡ Using Custom Aggregator with Drift Metric...
[33mserver_1      |[0m INFO:server.aggregator:Starting FedAvg aggregation for 5 clients.
[32mclient_002_1  |[0m 2026-01-28 20:20:09,718 - __main__ - INFO - --- New Round Detected: 33 ---
[33mserver_1      |[0m INFO:werkzeug:172.18.0.20 - - [28/Jan/2026 20:20:09] "GET /download_model?round=33 HTTP/1.1" 200 -
[34;1mclient_009_1  |[0m 2026-01-28 20:20:11,364 - __main__ - INFO - Round 33 finished. Loss: 0.7969, Acc: 74.63%
[33mserver_1      |[0m INFO:werkzeug:172.18.0.18 - - [28/Jan/2026 20:20:11] "[31m[1mPOST /submit_update HTTP/1.1[0m" 400 -
[34;1mclient_009_1  |[0m 2026-01-28 20:20:11,434 - __main__ - ERROR - Update submission failed: {"error":"Not accepting updates"}
[34;1mclient_009_1  |[0m 
[34;1mclient_009_1  |[0m 2026-01-28 20:20:11,434 - __main__ - INFO - Update submitted for Round 33. Waiting...
[33mserver_1      |[0m INFO:server.aggregator:--- [METRIC] Weight Divergence: 1.7478
[33mserver_1      |[0m INFO:server.aggregator:FedAvg aggregation complete.
[33mserver_1      |[0m INFO:__main__:Aggregation complete.
[33mserver_1      |[0m ⏱️ [TIME] Client client_001 finished training in 0.79s
[33mserver_1      |[0m ⏱️ [TIME] Client client_008 finished training in 2.81s
[33mserver_1      |[0m ⏱️ [TIME] Client client_003 finished training in 15.30s
[33mserver_1      |[0m ⏱️ [TIME] Client client_005 finished training in 2.98s
[33mserver_1      |[0m ⏱️ [TIME] Client client_010 finished training in 1.31s
[33mserver_1      |[0m DEBUG: ⚠️ MY CUSTOM AGGREGATOR IS RUNNING ⚠️
[34mclient_004_1  |[0m 2026-01-28 20:20:12,153 - __main__ - INFO - Round 32 finished. Loss: 0.7180, Acc: 80.44%
[33;1mclient_006_1  |[0m 2026-01-28 20:20:12,175 - __main__ - INFO - --- New Round Detected: 33 ---
[33mserver_1      |[0m INFO:werkzeug:172.18.0.22 - - [28/Jan/2026 20:20:12] "[31m[1mPOST /submit_update HTTP/1.1[0m" 400 -
[33mserver_1      |[0m INFO:werkzeug:172.18.0.5 - - [28/Jan/2026 20:20:12] "GET /download_model?round=33 HTTP/1.1" 200 -
[34mclient_004_1  |[0m 2026-01-28 20:20:12,227 - __main__ - ERROR - Update submission failed: {"error":"Not accepting updates"}
[34mclient_004_1  |[0m 
[34mclient_004_1  |[0m 2026-01-28 20:20:12,228 - __main__ - INFO - Update submitted for Round 32. Waiting...
[33;1mclient_006_1  |[0m 2026-01-28 20:20:12,337 - __main__ - INFO - Round 33 finished. Loss: 0.8230, Acc: 85.71%
[32;1mclient_007_1  |[0m 2026-01-28 20:20:12,338 - __main__ - INFO - --- New Round Detected: 33 ---
[33mserver_1      |[0m INFO:werkzeug:172.18.0.5 - - [28/Jan/2026 20:20:12] "[31m[1mPOST /submit_update HTTP/1.1[0m" 400 -
[33mserver_1      |[0m INFO:werkzeug:172.18.0.7 - - [28/Jan/2026 20:20:12] "GET /download_model?round=33 HTTP/1.1" 200 -
[33;1mclient_006_1  |[0m 2026-01-28 20:20:12,404 - __main__ - ERROR - Update submission failed: {"error":"Not accepting updates"}
[33;1mclient_006_1  |[0m 
[33;1mclient_006_1  |[0m 2026-01-28 20:20:12,404 - __main__ - INFO - Update submitted for Round 33. Waiting...
[32mclient_002_1  |[0m 2026-01-28 20:20:12,547 - __main__ - INFO - Round 33 finished. Loss: 0.4175, Acc: 93.58%
[33mserver_1      |[0m INFO:werkzeug:172.18.0.20 - - [28/Jan/2026 20:20:12] "[31m[1mPOST /submit_update HTTP/1.1[0m" 400 -
[32mclient_002_1  |[0m 2026-01-28 20:20:12,613 - __main__ - ERROR - Update submission failed: {"error":"Not accepting updates"}
[32mclient_002_1  |[0m 
[32mclient_002_1  |[0m 2026-01-28 20:20:12,614 - __main__ - INFO - Update submitted for Round 33. Waiting...
[32;1mclient_007_1  |[0m 2026-01-28 20:20:13,133 - __main__ - INFO - Round 33 finished. Loss: 1.0018, Acc: 71.61%
[33mserver_1      |[0m INFO:werkzeug:172.18.0.7 - - [28/Jan/2026 20:20:13] "[31m[1mPOST /submit_update HTTP/1.1[0m" 400 -
[33mserver_1      |[0m INFO:__main__:--- Round 33 Acc: 44.09%, Loss: 1.5964 ---
[33mserver_1      |[0m INFO:__main__:--- Starting Round 34. Timeout: 300s ---
[33mserver_1      |[0m INFO:werkzeug:172.18.0.16 - - [28/Jan/2026 20:20:13] "POST /submit_update HTTP/1.1" 200 -
[36mclient_010_1  |[0m 2026-01-28 20:20:13,194 - __main__ - INFO - 🚀 Model update submitted successfully.
[36mclient_010_1  |[0m 2026-01-28 20:20:13,195 - __main__ - INFO - Update submitted for Round 33. Waiting...
[32;1mclient_007_1  |[0m 2026-01-28 20:20:13,196 - __main__ - ERROR - Update submission failed: {"error":"Not accepting updates"}
[32;1mclient_007_1  |[0m 
[32;1mclient_007_1  |[0m 2026-01-28 20:20:13,196 - __main__ - INFO - Update submitted for Round 33. Waiting...
[33mclient_001_1  |[0m 2026-01-28 20:20:13,821 - __main__ - INFO - --- New Round Detected: 34 ---
[33mserver_1      |[0m INFO:werkzeug:172.18.0.14 - - [28/Jan/2026 20:20:13] "GET /download_model?round=34 HTTP/1.1" 200 -
[35;1mclient_008_1  |[0m 2026-01-28 20:20:14,399 - __main__ - INFO - --- New Round Detected: 34 ---
[33mserver_1      |[0m INFO:werkzeug:172.18.0.21 - - [28/Jan/2026 20:20:14] "GET /download_model?round=34 HTTP/1.1" 200 -
[33mclient_001_1  |[0m 2026-01-28 20:20:14,693 - __main__ - INFO - Round 34 finished. Loss: 0.3314, Acc: 99.03%
[33mserver_1      |[0m INFO:__main__:Received update from client_001
[33mserver_1      |[0m INFO:werkzeug:172.18.0.14 - - [28/Jan/2026 20:20:14] "POST /submit_update HTTP/1.1" 200 -
[33mclient_001_1  |[0m 2026-01-28 20:20:14,853 - __main__ - INFO - 🚀 Model update submitted successfully.
[33mclient_001_1  |[0m 2026-01-28 20:20:14,853 - __main__ - INFO - Update submitted for Round 34. Waiting...
[35;1mclient_008_1  |[0m 2026-01-28 20:20:16,198 - __main__ - INFO - Round 34 finished. Loss: 0.2717, Acc: 98.47%
[33mserver_1      |[0m INFO:__main__:Received update from client_008
[33mserver_1      |[0m INFO:werkzeug:172.18.0.21 - - [28/Jan/2026 20:20:16] "POST /submit_update HTTP/1.1" 200 -
[35;1mclient_008_1  |[0m 2026-01-28 20:20:16,355 - __main__ - INFO - 🚀 Model update submitted successfully.
[35;1mclient_008_1  |[0m 2026-01-28 20:20:16,355 - __main__ - INFO - Update submitted for Round 34. Waiting...
[35mclient_003_1  |[0m 2026-01-28 20:20:16,550 - __main__ - INFO - --- New Round Detected: 34 ---
[33mserver_1      |[0m INFO:werkzeug:172.18.0.8 - - [28/Jan/2026 20:20:16] "GET /download_model?round=34 HTTP/1.1" 200 -
[33mclient_011_1  |[0m 2026-01-28 20:20:18,433 - __main__ - INFO - Round 15 finished. Loss: 1.0216, Acc: 64.39%
[36;1mclient_005_1  |[0m 2026-01-28 20:20:18,693 - __main__ - INFO - --- New Round Detected: 34 ---
[33mserver_1      |[0m INFO:werkzeug:172.18.0.13 - - [28/Jan/2026 20:20:18] "GET /download_model?round=34 HTTP/1.1" 200 -
[33mserver_1      |[0m INFO:__main__:Received update from client_011
[33mserver_1      |[0m INFO:werkzeug:172.18.0.6 - - [28/Jan/2026 20:20:19] "POST /submit_update HTTP/1.1" 200 -
[33mclient_011_1  |[0m 2026-01-28 20:20:19,649 - __main__ - INFO - 🚀 Model update submitted successfully.
[33mclient_011_1  |[0m 2026-01-28 20:20:19,650 - __main__ - INFO - Update submitted for Round 15. Waiting...
[34;1mclient_009_1  |[0m 2026-01-28 20:20:21,500 - __main__ - INFO - --- New Round Detected: 34 ---
[33mserver_1      |[0m INFO:werkzeug:172.18.0.18 - - [28/Jan/2026 20:20:21] "GET /download_model?round=34 HTTP/1.1" 200 -
[36;1mclient_005_1  |[0m 2026-01-28 20:20:21,588 - __main__ - INFO - Round 34 finished. Loss: 0.4332, Acc: 95.15%
[33mserver_1      |[0m INFO:__main__:Received update from client_005
[33mserver_1      |[0m INFO:werkzeug:172.18.0.13 - - [28/Jan/2026 20:20:21] "POST /submit_update HTTP/1.1" 200 -
[36;1mclient_005_1  |[0m 2026-01-28 20:20:21,724 - __main__ - INFO - 🚀 Model update submitted successfully.
[36;1mclient_005_1  |[0m 2026-01-28 20:20:21,724 - __main__ - INFO - Update submitted for Round 34. Waiting...
[34mclient_004_1  |[0m 2026-01-28 20:20:22,291 - __main__ - INFO - --- New Round Detected: 34 ---
[33mserver_1      |[0m INFO:werkzeug:172.18.0.22 - - [28/Jan/2026 20:20:22] "GET /download_model?round=34 HTTP/1.1" 200 -
[33;1mclient_006_1  |[0m 2026-01-28 20:20:22,466 - __main__ - INFO - --- New Round Detected: 34 ---
[33mserver_1      |[0m INFO:werkzeug:172.18.0.5 - - [28/Jan/2026 20:20:22] "GET /download_model?round=34 HTTP/1.1" 200 -
[33;1mclient_006_1  |[0m 2026-01-28 20:20:22,630 - __main__ - INFO - Round 34 finished. Loss: 0.5923, Acc: 85.71%
[32mclient_002_1  |[0m 2026-01-28 20:20:22,684 - __main__ - INFO - --- New Round Detected: 34 ---
[33mserver_1      |[0m INFO:werkzeug:172.18.0.20 - - [28/Jan/2026 20:20:22] "GET /download_model?round=34 HTTP/1.1" 200 -
[33mserver_1      |[0m INFO:__main__:Received update from client_006
[33mserver_1      |[0m INFO:__main__:--- Aggregating 5 updates ---
[33mserver_1      |[0m INFO:__main__:⚡ Using Custom Aggregator with Drift Metric...
[33mserver_1      |[0m INFO:server.aggregator:Starting FedAvg aggregation for 5 clients.
[32;1mclient_007_1  |[0m 2026-01-28 20:20:23,262 - __main__ - INFO - --- New Round Detected: 34 ---
[33mserver_1      |[0m INFO:werkzeug:172.18.0.7 - - [28/Jan/2026 20:20:23] "GET /download_model?round=34 HTTP/1.1" 200 -
[36mclient_010_1  |[0m 2026-01-28 20:20:23,399 - __main__ - INFO - --- New Round Detected: 34 ---
[33mserver_1      |[0m INFO:werkzeug:172.18.0.16 - - [28/Jan/2026 20:20:23] "GET /download_model?round=34 HTTP/1.1" 200 -
[36mclient_010_1  |[0m 2026-01-28 20:20:24,150 - __main__ - INFO - Round 34 finished. Loss: 0.3428, Acc: 98.28%
[33mserver_1      |[0m INFO:werkzeug:172.18.0.16 - - [28/Jan/2026 20:20:24] "[31m[1mPOST /submit_update HTTP/1.1[0m" 400 -
[36mclient_010_1  |[0m 2026-01-28 20:20:24,214 - __main__ - ERROR - Update submission failed: {"error":"Not accepting updates"}
[36mclient_010_1  |[0m 
[36mclient_010_1  |[0m 2026-01-28 20:20:24,214 - __main__ - INFO - Update submitted for Round 34. Waiting...
[32;1mclient_007_1  |[0m 2026-01-28 20:20:24,240 - __main__ - INFO - Round 34 finished. Loss: 0.9598, Acc: 69.60%
[33mserver_1      |[0m INFO:werkzeug:172.18.0.7 - - [28/Jan/2026 20:20:24] "[31m[1mPOST /submit_update HTTP/1.1[0m" 400 -
[32;1mclient_007_1  |[0m 2026-01-28 20:20:24,314 - __main__ - ERROR - Update submission failed: {"error":"Not accepting updates"}
[32;1mclient_007_1  |[0m 
[32;1mclient_007_1  |[0m 2026-01-28 20:20:24,314 - __main__ - INFO - Update submitted for Round 34. Waiting...
[33mserver_1      |[0m INFO:server.aggregator:--- [METRIC] Weight Divergence: 1.6081
[33mserver_1      |[0m INFO:server.aggregator:FedAvg aggregation complete.
[33mserver_1      |[0m INFO:__main__:Aggregation complete.
[33mserver_1      |[0m ⏱️ [TIME] Client client_001 finished training in 0.74s
[33mserver_1      |[0m ⏱️ [TIME] Client client_008 finished training in 1.63s
[33mserver_1      |[0m ⏱️ [TIME] Client client_011 finished training in 182.38s
[33mserver_1      |[0m ⏱️ [TIME] Client client_005 finished training in 2.76s
[33mserver_1      |[0m ⏱️ [TIME] Client client_006 finished training in 0.03s
[33mserver_1      |[0m DEBUG: ⚠️ MY CUSTOM AGGREGATOR IS RUNNING ⚠️
[32mclient_002_1  |[0m 2026-01-28 20:20:25,378 - __main__ - INFO - Round 34 finished. Loss: 0.4840, Acc: 93.48%
[33mserver_1      |[0m INFO:werkzeug:172.18.0.20 - - [28/Jan/2026 20:20:25] "[31m[1mPOST /submit_update HTTP/1.1[0m" 400 -
[32mclient_002_1  |[0m 2026-01-28 20:20:25,444 - __main__ - ERROR - Update submission failed: {"error":"Not accepting updates"}
[32mclient_002_1  |[0m 
[32mclient_002_1  |[0m 2026-01-28 20:20:25,444 - __main__ - INFO - Update submitted for Round 34. Waiting...
[33mserver_1      |[0m INFO:__main__:--- Round 34 Acc: 34.43%, Loss: 1.9033 ---
[33mserver_1      |[0m INFO:__main__:--- Starting Round 35. Timeout: 300s ---
[33mserver_1      |[0m INFO:werkzeug:172.18.0.5 - - [28/Jan/2026 20:20:26] "POST /submit_update HTTP/1.1" 200 -
[33;1mclient_006_1  |[0m 2026-01-28 20:20:26,647 - __main__ - INFO - 🚀 Model update submitted successfully.
[33;1mclient_006_1  |[0m 2026-01-28 20:20:26,647 - __main__ - INFO - Update submitted for Round 34. Waiting...
[34;1mclient_009_1  |[0m 2026-01-28 20:20:27,243 - __main__ - INFO - Round 34 finished. Loss: 0.8190, Acc: 75.33%
[33mserver_1      |[0m INFO:__main__:Received update from client_009
[33mserver_1      |[0m INFO:werkzeug:172.18.0.18 - - [28/Jan/2026 20:20:27] "POST /submit_update HTTP/1.1" 200 -
[34;1mclient_009_1  |[0m 2026-01-28 20:20:27,377 - __main__ - INFO - 🚀 Model update submitted successfully.
[34;1mclient_009_1  |[0m 2026-01-28 20:20:27,378 - __main__ - INFO - Update submitted for Round 34. Waiting...
[33mclient_011_1  |[0m 2026-01-28 20:20:30,073 - __main__ - INFO - --- New Round Detected: 35 ---
[33mserver_1      |[0m INFO:werkzeug:172.18.0.6 - - [28/Jan/2026 20:20:30] "GET /download_model?round=35 HTTP/1.1" 200 -
[34mclient_004_1  |[0m 2026-01-28 20:20:30,493 - __main__ - INFO - Round 34 finished. Loss: 0.7662, Acc: 80.03%
[33mserver_1      |[0m INFO:__main__:Received update from client_004
[33mserver_1      |[0m INFO:werkzeug:172.18.0.22 - - [28/Jan/2026 20:20:30] "POST /submit_update HTTP/1.1" 200 -
[34mclient_004_1  |[0m 2026-01-28 20:20:30,633 - __main__ - INFO - 🚀 Model update submitted successfully.
[34mclient_004_1  |[0m 2026-01-28 20:20:30,633 - __main__ - INFO - Update submitted for Round 34. Waiting...
[36;1mclient_005_1  |[0m 2026-01-28 20:20:31,814 - __main__ - INFO - --- New Round Detected: 35 ---
[33mserver_1      |[0m INFO:werkzeug:172.18.0.13 - - [28/Jan/2026 20:20:31] "GET /download_model?round=35 HTTP/1.1" 200 -
[36mclient_010_1  |[0m 2026-01-28 20:20:34,281 - __main__ - INFO - --- New Round Detected: 35 ---
[33mserver_1      |[0m INFO:werkzeug:172.18.0.16 - - [28/Jan/2026 20:20:34] "GET /download_model?round=35 HTTP/1.1" 200 -
[32;1mclient_007_1  |[0m 2026-01-28 20:20:34,382 - __main__ - INFO - --- New Round Detected: 35 ---
[33mserver_1      |[0m INFO:werkzeug:172.18.0.7 - - [28/Jan/2026 20:20:34] "GET /download_model?round=35 HTTP/1.1" 200 -
[33mclient_001_1  |[0m 2026-01-28 20:20:34,994 - __main__ - INFO - --- New Round Detected: 35 ---
[33mserver_1      |[0m INFO:werkzeug:172.18.0.14 - - [28/Jan/2026 20:20:35] "GET /download_model?round=35 HTTP/1.1" 200 -
[36mclient_010_1  |[0m 2026-01-28 20:20:35,172 - __main__ - INFO - Round 35 finished. Loss: 0.4051, Acc: 97.91%
[33mserver_1      |[0m INFO:__main__:Received update from client_010
[33mserver_1      |[0m INFO:werkzeug:172.18.0.16 - - [28/Jan/2026 20:20:35] "POST /submit_update HTTP/1.1" 200 -
[36mclient_010_1  |[0m 2026-01-28 20:20:35,319 - __main__ - INFO - 🚀 Model update submitted successfully.
[36mclient_010_1  |[0m 2026-01-28 20:20:35,319 - __main__ - INFO - Update submitted for Round 35. Waiting...
[32;1mclient_007_1  |[0m 2026-01-28 20:20:35,394 - __main__ - INFO - Round 35 finished. Loss: 1.0652, Acc: 70.15%
[33mserver_1      |[0m INFO:__main__:Received update from client_007
[33mserver_1      |[0m INFO:werkzeug:172.18.0.7 - - [28/Jan/2026 20:20:35] "POST /submit_update HTTP/1.1" 200 -
[32mclient_002_1  |[0m 2026-01-28 20:20:35,517 - __main__ - INFO - --- New Round Detected: 35 ---
[32;1mclient_007_1  |[0m 2026-01-28 20:20:35,529 - __main__ - INFO - 🚀 Model update submitted successfully.
[32;1mclient_007_1  |[0m 2026-01-28 20:20:35,529 - __main__ - INFO - Update submitted for Round 35. Waiting...
[33mserver_1      |[0m INFO:werkzeug:172.18.0.20 - - [28/Jan/2026 20:20:35] "GET /download_model?round=35 HTTP/1.1" 200 -
[33mclient_001_1  |[0m 2026-01-28 20:20:36,045 - __main__ - INFO - Round 35 finished. Loss: 0.3783, Acc: 99.03%
[33mserver_1      |[0m INFO:__main__:Received update from client_001
[33mserver_1      |[0m INFO:__main__:--- Aggregating 5 updates ---
[33mserver_1      |[0m INFO:__main__:⚡ Using Custom Aggregator with Drift Metric...
[33mserver_1      |[0m INFO:server.aggregator:Starting FedAvg aggregation for 5 clients.
[36;1mclient_005_1  |[0m 2026-01-28 20:20:36,372 - __main__ - INFO - Round 35 finished. Loss: 0.3085, Acc: 95.43%
[33mserver_1      |[0m INFO:werkzeug:172.18.0.13 - - [28/Jan/2026 20:20:36] "[31m[1mPOST /submit_update HTTP/1.1[0m" 400 -
[36;1mclient_005_1  |[0m 2026-01-28 20:20:36,441 - __main__ - ERROR - Update submission failed: {"error":"Not accepting updates"}
[36;1mclient_005_1  |[0m 
[36;1mclient_005_1  |[0m 2026-01-28 20:20:36,442 - __main__ - INFO - Update submitted for Round 35. Waiting...
[35;1mclient_008_1  |[0m 2026-01-28 20:20:36,512 - __main__ - INFO - --- New Round Detected: 35 ---
[33mserver_1      |[0m INFO:werkzeug:172.18.0.21 - - [28/Jan/2026 20:20:36] "GET /download_model?round=35 HTTP/1.1" 200 -
[33;1mclient_006_1  |[0m 2026-01-28 20:20:36,710 - __main__ - INFO - --- New Round Detected: 35 ---
[33mserver_1      |[0m INFO:werkzeug:172.18.0.5 - - [28/Jan/2026 20:20:36] "GET /download_model?round=35 HTTP/1.1" 200 -
[33;1mclient_006_1  |[0m 2026-01-28 20:20:36,875 - __main__ - INFO - Round 35 finished. Loss: 0.7602, Acc: 85.71%
[33mserver_1      |[0m INFO:werkzeug:172.18.0.5 - - [28/Jan/2026 20:20:36] "[31m[1mPOST /submit_update HTTP/1.1[0m" 400 -
[33;1mclient_006_1  |[0m 2026-01-28 20:20:36,939 - __main__ - ERROR - Update submission failed: {"error":"Not accepting updates"}
[33;1mclient_006_1  |[0m 
[33;1mclient_006_1  |[0m 2026-01-28 20:20:36,939 - __main__ - INFO - Update submitted for Round 35. Waiting...
[35mclient_003_1  |[0m 2026-01-28 20:20:37,181 - __main__ - INFO - Round 34 finished. Loss: 0.8103, Acc: 76.92%
[33mserver_1      |[0m INFO:werkzeug:172.18.0.8 - - [28/Jan/2026 20:20:37] "[31m[1mPOST /submit_update HTTP/1.1[0m" 400 -
[35mclient_003_1  |[0m 2026-01-28 20:20:37,253 - __main__ - ERROR - Update submission failed: {"error":"Not accepting updates"}
[35mclient_003_1  |[0m 
[35mclient_003_1  |[0m 2026-01-28 20:20:37,253 - __main__ - INFO - Update submitted for Round 34. Waiting...
[34;1mclient_009_1  |[0m 2026-01-28 20:20:37,443 - __main__ - INFO - --- New Round Detected: 35 ---
[33mserver_1      |[0m INFO:werkzeug:172.18.0.18 - - [28/Jan/2026 20:20:37] "GET /download_model?round=35 HTTP/1.1" 200 -
[32mclient_002_1  |[0m 2026-01-28 20:20:38,094 - __main__ - INFO - Round 35 finished. Loss: 0.5427, Acc: 92.79%
[33mserver_1      |[0m INFO:werkzeug:172.18.0.20 - - [28/Jan/2026 20:20:38] "[31m[1mPOST /submit_update HTTP/1.1[0m" 400 -
[32mclient_002_1  |[0m 2026-01-28 20:20:38,172 - __main__ - ERROR - Update submission failed: {"error":"Not accepting updates"}
[32mclient_002_1  |[0m 
[32mclient_002_1  |[0m 2026-01-28 20:20:38,172 - __main__ - INFO - Update submitted for Round 35. Waiting...
[33mserver_1      |[0m INFO:server.aggregator:--- [METRIC] Weight Divergence: 1.6001
[33mserver_1      |[0m INFO:server.aggregator:FedAvg aggregation complete.
[33mserver_1      |[0m INFO:__main__:Aggregation complete.
[33mserver_1      |[0m ⏱️ [TIME] Client client_009 finished training in 5.61s
[33mserver_1      |[0m ⏱️ [TIME] Client client_004 finished training in 8.06s
[33mserver_1      |[0m ⏱️ [TIME] Client client_010 finished training in 0.76s
[33mserver_1      |[0m ⏱️ [TIME] Client client_007 finished training in 0.88s
[33mserver_1      |[0m ⏱️ [TIME] Client client_001 finished training in 0.91s
[33mserver_1      |[0m DEBUG: ⚠️ MY CUSTOM AGGREGATOR IS RUNNING ⚠️
[35;1mclient_008_1  |[0m 2026-01-28 20:20:39,657 - __main__ - INFO - Round 35 finished. Loss: 0.2762, Acc: 98.62%
[33mserver_1      |[0m INFO:werkzeug:172.18.0.21 - - [28/Jan/2026 20:20:39] "[31m[1mPOST /submit_update HTTP/1.1[0m" 400 -
[35;1mclient_008_1  |[0m 2026-01-28 20:20:39,722 - __main__ - ERROR - Update submission failed: {"error":"Not accepting updates"}
[35;1mclient_008_1  |[0m 
[35;1mclient_008_1  |[0m 2026-01-28 20:20:39,722 - __main__ - INFO - Update submitted for Round 35. Waiting...
[34mclient_004_1  |[0m 2026-01-28 20:20:40,700 - __main__ - INFO - --- New Round Detected: 35 ---
[33mserver_1      |[0m INFO:werkzeug:172.18.0.22 - - [28/Jan/2026 20:20:40] "GET /download_model?round=35 HTTP/1.1" 200 -
[33mserver_1      |[0m INFO:__main__:--- Round 35 Acc: 46.38%, Loss: 1.5627 ---
[33mserver_1      |[0m INFO:__main__:--- Starting Round 36. Timeout: 300s ---
[33mserver_1      |[0m INFO:werkzeug:172.18.0.14 - - [28/Jan/2026 20:20:40] "POST /submit_update HTTP/1.1" 200 -
[33mclient_001_1  |[0m 2026-01-28 20:20:40,814 - __main__ - INFO - 🚀 Model update submitted successfully.
[33mclient_001_1  |[0m 2026-01-28 20:20:40,816 - __main__ - INFO - Update submitted for Round 35. Waiting...
[34;1mclient_009_1  |[0m 2026-01-28 20:20:42,713 - __main__ - INFO - Round 35 finished. Loss: 0.9436, Acc: 73.63%
[33mserver_1      |[0m INFO:__main__:Received update from client_009
[33mserver_1      |[0m INFO:werkzeug:172.18.0.18 - - [28/Jan/2026 20:20:42] "POST /submit_update HTTP/1.1" 200 -
[34;1mclient_009_1  |[0m 2026-01-28 20:20:42,849 - __main__ - INFO - 🚀 Model update submitted successfully.
[34;1mclient_009_1  |[0m 2026-01-28 20:20:42,849 - __main__ - INFO - Update submitted for Round 35. Waiting...
[36mclient_010_1  |[0m 2026-01-28 20:20:45,383 - __main__ - INFO - --- New Round Detected: 36 ---
[33mserver_1      |[0m INFO:werkzeug:172.18.0.16 - - [28/Jan/2026 20:20:45] "GET /download_model?round=36 HTTP/1.1" 200 -
[32;1mclient_007_1  |[0m 2026-01-28 20:20:45,593 - __main__ - INFO - --- New Round Detected: 36 ---
[33mserver_1      |[0m INFO:werkzeug:172.18.0.7 - - [28/Jan/2026 20:20:45] "GET /download_model?round=36 HTTP/1.1" 200 -
[36mclient_010_1  |[0m 2026-01-28 20:20:46,286 - __main__ - INFO - Round 36 finished. Loss: 0.2936, Acc: 98.40%
[33mserver_1      |[0m INFO:__main__:Received update from client_010
[33mserver_1      |[0m INFO:werkzeug:172.18.0.16 - - [28/Jan/2026 20:20:46] "POST /submit_update HTTP/1.1" 200 -
[36mclient_010_1  |[0m 2026-01-28 20:20:46,420 - __main__ - INFO - 🚀 Model update submitted successfully.
[36mclient_010_1  |[0m 2026-01-28 20:20:46,420 - __main__ - INFO - Update submitted for Round 36. Waiting...
[36;1mclient_005_1  |[0m 2026-01-28 20:20:46,508 - __main__ - INFO - --- New Round Detected: 36 ---
[33mserver_1      |[0m INFO:werkzeug:172.18.0.13 - - [28/Jan/2026 20:20:46] "GET /download_model?round=36 HTTP/1.1" 200 -
[32;1mclient_007_1  |[0m 2026-01-28 20:20:46,543 - __main__ - INFO - Round 36 finished. Loss: 0.9927, Acc: 72.34%
[33mserver_1      |[0m INFO:__main__:Received update from client_007
[33mserver_1      |[0m INFO:werkzeug:172.18.0.7 - - [28/Jan/2026 20:20:46] "POST /submit_update HTTP/1.1" 200 -
[32;1mclient_007_1  |[0m 2026-01-28 20:20:46,686 - __main__ - INFO - 🚀 Model update submitted successfully.
[32;1mclient_007_1  |[0m 2026-01-28 20:20:46,686 - __main__ - INFO - Update submitted for Round 36. Waiting...
[33;1mclient_006_1  |[0m 2026-01-28 20:20:47,013 - __main__ - INFO - --- New Round Detected: 36 ---
[33mserver_1      |[0m INFO:werkzeug:172.18.0.5 - - [28/Jan/2026 20:20:47] "GET /download_model?round=36 HTTP/1.1" 200 -
[33;1mclient_006_1  |[0m 2026-01-28 20:20:47,197 - __main__ - INFO - Round 36 finished. Loss: 0.6847, Acc: 78.57%
[33mserver_1      |[0m INFO:__main__:Received update from client_006
[33mserver_1      |[0m INFO:werkzeug:172.18.0.5 - - [28/Jan/2026 20:20:47] "POST /submit_update HTTP/1.1" 200 -
[35mclient_003_1  |[0m 2026-01-28 20:20:47,317 - __main__ - INFO - --- New Round Detected: 36 ---
[33;1mclient_006_1  |[0m 2026-01-28 20:20:47,332 - __main__ - INFO - 🚀 Model update submitted successfully.
[33;1mclient_006_1  |[0m 2026-01-28 20:20:47,332 - __main__ - INFO - Update submitted for Round 36. Waiting...
[33mserver_1      |[0m INFO:werkzeug:172.18.0.8 - - [28/Jan/2026 20:20:47] "GET /download_model?round=36 HTTP/1.1" 200 -
[32mclient_002_1  |[0m 2026-01-28 20:20:48,234 - __main__ - INFO - --- New Round Detected: 36 ---
[33mserver_1      |[0m INFO:werkzeug:172.18.0.20 - - [28/Jan/2026 20:20:48] "GET /download_model?round=36 HTTP/1.1" 200 -
[35;1mclient_008_1  |[0m 2026-01-28 20:20:49,785 - __main__ - INFO - --- New Round Detected: 36 ---
[33mserver_1      |[0m INFO:werkzeug:172.18.0.21 - - [28/Jan/2026 20:20:49] "GET /download_model?round=36 HTTP/1.1" 200 -
[34mclient_004_1  |[0m 2026-01-28 20:20:50,548 - __main__ - INFO - Round 35 finished. Loss: 0.8113, Acc: 77.64%
[33mserver_1      |[0m INFO:__main__:Received update from client_004
[33mserver_1      |[0m INFO:__main__:--- Aggregating 5 updates ---
[33mserver_1      |[0m INFO:__main__:⚡ Using Custom Aggregator with Drift Metric...
[33mserver_1      |[0m INFO:server.aggregator:Starting FedAvg aggregation for 5 clients.
[33mclient_001_1  |[0m 2026-01-28 20:20:50,882 - __main__ - INFO - --- New Round Detected: 36 ---
[33mserver_1      |[0m INFO:werkzeug:172.18.0.14 - - [28/Jan/2026 20:20:50] "GET /download_model?round=36 HTTP/1.1" 200 -
[32mclient_002_1  |[0m 2026-01-28 20:20:50,952 - __main__ - INFO - Round 36 finished. Loss: 0.4551, Acc: 92.49%
[33mserver_1      |[0m INFO:werkzeug:172.18.0.20 - - [28/Jan/2026 20:20:50] "[31m[1mPOST /submit_update HTTP/1.1[0m" 400 -
[32mclient_002_1  |[0m 2026-01-28 20:20:51,016 - __main__ - ERROR - Update submission failed: {"error":"Not accepting updates"}
[32mclient_002_1  |[0m 
[32mclient_002_1  |[0m 2026-01-28 20:20:51,017 - __main__ - INFO - Update submitted for Round 36. Waiting...
[36;1mclient_005_1  |[0m 2026-01-28 20:20:51,362 - __main__ - INFO - Round 36 finished. Loss: 0.4057, Acc: 95.25%
[33mserver_1      |[0m INFO:werkzeug:172.18.0.13 - - [28/Jan/2026 20:20:51] "[31m[1mPOST /submit_update HTTP/1.1[0m" 400 -
[36;1mclient_005_1  |[0m 2026-01-28 20:20:51,432 - __main__ - ERROR - Update submission failed: {"error":"Not accepting updates"}
[36;1mclient_005_1  |[0m 
[36;1mclient_005_1  |[0m 2026-01-28 20:20:51,432 - __main__ - INFO - Update submitted for Round 36. Waiting...
[33mclient_001_1  |[0m 2026-01-28 20:20:51,861 - __main__ - INFO - Round 36 finished. Loss: 0.2950, Acc: 98.71%
[33mserver_1      |[0m INFO:werkzeug:172.18.0.14 - - [28/Jan/2026 20:20:51] "[31m[1mPOST /submit_update HTTP/1.1[0m" 400 -
[33mclient_001_1  |[0m 2026-01-28 20:20:51,939 - __main__ - ERROR - Update submission failed: {"error":"Not accepting updates"}
[33mclient_001_1  |[0m 
[33mclient_001_1  |[0m 2026-01-28 20:20:51,939 - __main__ - INFO - Update submitted for Round 36. Waiting...
[33mserver_1      |[0m INFO:server.aggregator:--- [METRIC] Weight Divergence: 1.3185
[33mserver_1      |[0m INFO:server.aggregator:FedAvg aggregation complete.
[33mserver_1      |[0m INFO:__main__:Aggregation complete.
[33mserver_1      |[0m ⏱️ [TIME] Client client_009 finished training in 5.14s
[33mserver_1      |[0m ⏱️ [TIME] Client client_010 finished training in 0.78s
[33mserver_1      |[0m ⏱️ [TIME] Client client_007 finished training in 0.81s
[33mserver_1      |[0m ⏱️ [TIME] Client client_006 finished training in 0.05s
[33mserver_1      |[0m ⏱️ [TIME] Client client_004 finished training in 9.72s
[33mserver_1      |[0m DEBUG: ⚠️ MY CUSTOM AGGREGATOR IS RUNNING ⚠️
[34;1mclient_009_1  |[0m 2026-01-28 20:20:52,920 - __main__ - INFO - --- New Round Detected: 36 ---
[33mserver_1      |[0m INFO:werkzeug:172.18.0.18 - - [28/Jan/2026 20:20:52] "GET /download_model?round=36 HTTP/1.1" 200 -
[35;1mclient_008_1  |[0m 2026-01-28 20:20:52,947 - __main__ - INFO - Round 36 finished. Loss: 0.3492, Acc: 98.32%
[33mserver_1      |[0m INFO:werkzeug:172.18.0.21 - - [28/Jan/2026 20:20:52] "[31m[1mPOST /submit_update HTTP/1.1[0m" 400 -
[35;1mclient_008_1  |[0m 2026-01-28 20:20:53,011 - __main__ - ERROR - Update submission failed: {"error":"Not accepting updates"}
[35;1mclient_008_1  |[0m 
[35;1mclient_008_1  |[0m 2026-01-28 20:20:53,011 - __main__ - INFO - Update submitted for Round 36. Waiting...
[33mserver_1      |[0m INFO:__main__:--- Round 36 Acc: 46.00%, Loss: 1.6001 ---
[33mserver_1      |[0m INFO:__main__:--- Starting Round 37. Timeout: 300s ---
[33mserver_1      |[0m INFO:werkzeug:172.18.0.22 - - [28/Jan/2026 20:20:53] "POST /submit_update HTTP/1.1" 200 -
[34mclient_004_1  |[0m 2026-01-28 20:20:53,539 - __main__ - INFO - 🚀 Model update submitted successfully.
[34mclient_004_1  |[0m 2026-01-28 20:20:53,540 - __main__ - INFO - Update submitted for Round 35. Waiting...
[36mclient_010_1  |[0m 2026-01-28 20:20:56,514 - __main__ - INFO - --- New Round Detected: 37 ---
[33mserver_1      |[0m INFO:werkzeug:172.18.0.16 - - [28/Jan/2026 20:20:56] "GET /download_model?round=37 HTTP/1.1" 200 -
[32;1mclient_007_1  |[0m 2026-01-28 20:20:56,760 - __main__ - INFO - --- New Round Detected: 37 ---
[33mserver_1      |[0m INFO:werkzeug:172.18.0.7 - - [28/Jan/2026 20:20:56] "GET /download_model?round=37 HTTP/1.1" 200 -
[36mclient_010_1  |[0m 2026-01-28 20:20:57,302 - __main__ - INFO - Round 37 finished. Loss: 0.3181, Acc: 98.28%
[33;1mclient_006_1  |[0m 2026-01-28 20:20:57,394 - __main__ - INFO - --- New Round Detected: 37 ---
[33mserver_1      |[0m INFO:werkzeug:172.18.0.5 - - [28/Jan/2026 20:20:57] "GET /download_model?round=37 HTTP/1.1" 200 -
[33mserver_1      |[0m INFO:__main__:Received update from client_010
[33mserver_1      |[0m INFO:werkzeug:172.18.0.16 - - [28/Jan/2026 20:20:57] "POST /submit_update HTTP/1.1" 200 -
[36mclient_010_1  |[0m 2026-01-28 20:20:57,456 - __main__ - INFO - 🚀 Model update submitted successfully.
[36mclient_010_1  |[0m 2026-01-28 20:20:57,457 - __main__ - INFO - Update submitted for Round 37. Waiting...
[33;1mclient_006_1  |[0m 2026-01-28 20:20:57,572 - __main__ - INFO - Round 37 finished. Loss: 0.5666, Acc: 92.86%
[33mserver_1      |[0m INFO:__main__:Received update from client_006
[33mserver_1      |[0m INFO:werkzeug:172.18.0.5 - - [28/Jan/2026 20:20:57] "POST /submit_update HTTP/1.1" 200 -
[32;1mclient_007_1  |[0m 2026-01-28 20:20:57,728 - __main__ - INFO - Round 37 finished. Loss: 1.0158, Acc: 70.51%
[33;1mclient_006_1  |[0m 2026-01-28 20:20:57,735 - __main__ - INFO - 🚀 Model update submitted successfully.
[33;1mclient_006_1  |[0m 2026-01-28 20:20:57,736 - __main__ - INFO - Update submitted for Round 37. Waiting...
[33mserver_1      |[0m INFO:__main__:Received update from client_007
[33mserver_1      |[0m INFO:werkzeug:172.18.0.7 - - [28/Jan/2026 20:20:57] "POST /submit_update HTTP/1.1" 200 -
[32;1mclient_007_1  |[0m 2026-01-28 20:20:57,868 - __main__ - INFO - 🚀 Model update submitted successfully.
[32;1mclient_007_1  |[0m 2026-01-28 20:20:57,868 - __main__ - INFO - Update submitted for Round 37. Waiting...
[34;1mclient_009_1  |[0m 2026-01-28 20:20:58,033 - __main__ - INFO - Round 36 finished. Loss: 0.8145, Acc: 74.52%
[33mserver_1      |[0m INFO:__main__:Received update from client_009
[33mserver_1      |[0m INFO:werkzeug:172.18.0.18 - - [28/Jan/2026 20:20:58] "POST /submit_update HTTP/1.1" 200 -
[34;1mclient_009_1  |[0m 2026-01-28 20:20:58,219 - __main__ - INFO - 🚀 Model update submitted successfully.
[34;1mclient_009_1  |[0m 2026-01-28 20:20:58,220 - __main__ - INFO - Update submitted for Round 36. Waiting...
[32mclient_002_1  |[0m 2026-01-28 20:21:01,079 - __main__ - INFO - --- New Round Detected: 37 ---
[33mserver_1      |[0m INFO:werkzeug:172.18.0.20 - - [28/Jan/2026 20:21:01] "GET /download_model?round=37 HTTP/1.1" 200 -
[36;1mclient_005_1  |[0m 2026-01-28 20:21:01,493 - __main__ - INFO - --- New Round Detected: 37 ---
[33mserver_1      |[0m INFO:werkzeug:172.18.0.13 - - [28/Jan/2026 20:21:01] "GET /download_model?round=37 HTTP/1.1" 200 -
[33mclient_001_1  |[0m 2026-01-28 20:21:02,016 - __main__ - INFO - --- New Round Detected: 37 ---
[33mserver_1      |[0m INFO:werkzeug:172.18.0.14 - - [28/Jan/2026 20:21:02] "GET /download_model?round=37 HTTP/1.1" 200 -
[32mclient_002_1  |[0m 2026-01-28 20:21:02,912 - __main__ - INFO - Round 37 finished. Loss: 0.4607, Acc: 93.08%
[33mclient_001_1  |[0m 2026-01-28 20:21:03,005 - __main__ - INFO - Round 37 finished. Loss: 0.3146, Acc: 98.38%
[33mserver_1      |[0m INFO:__main__:Received update from client_002
[33mserver_1      |[0m INFO:__main__:--- Aggregating 5 updates ---
[33mserver_1      |[0m INFO:__main__:⚡ Using Custom Aggregator with Drift Metric...
[33mserver_1      |[0m INFO:server.aggregator:Starting FedAvg aggregation for 5 clients.
[33mserver_1      |[0m INFO:werkzeug:172.18.0.14 - - [28/Jan/2026 20:21:03] "[31m[1mPOST /submit_update HTTP/1.1[0m" 400 -
[33mclient_001_1  |[0m 2026-01-28 20:21:03,115 - __main__ - ERROR - Update submission failed: {"error":"Not accepting updates"}
[33mclient_001_1  |[0m 
[33mclient_001_1  |[0m 2026-01-28 20:21:03,115 - __main__ - INFO - Update submitted for Round 37. Waiting...
[35;1mclient_008_1  |[0m 2026-01-28 20:21:03,120 - __main__ - INFO - --- New Round Detected: 37 ---
[33mserver_1      |[0m INFO:werkzeug:172.18.0.21 - - [28/Jan/2026 20:21:03] "GET /download_model?round=37 HTTP/1.1" 200 -
[34mclient_004_1  |[0m 2026-01-28 20:21:03,631 - __main__ - INFO - --- New Round Detected: 37 ---
[33mserver_1      |[0m INFO:werkzeug:172.18.0.22 - - [28/Jan/2026 20:21:03] "GET /download_model?round=37 HTTP/1.1" 200 -
[33mserver_1      |[0m INFO:server.aggregator:--- [METRIC] Weight Divergence: 1.2388
[33mserver_1      |[0m INFO:server.aggregator:FedAvg aggregation complete.
[33mserver_1      |[0m INFO:__main__:Aggregation complete.
[33mserver_1      |[0m ⏱️ [TIME] Client client_010 finished training in 0.66s
[33mserver_1      |[0m ⏱️ [TIME] Client client_006 finished training in 0.05s
[33mserver_1      |[0m ⏱️ [TIME] Client client_007 finished training in 0.83s
[33mserver_1      |[0m ⏱️ [TIME] Client client_009 finished training in 4.96s
[33mserver_1      |[0m ⏱️ [TIME] Client client_002 finished training in 1.71s
[33mserver_1      |[0m DEBUG: ⚠️ MY CUSTOM AGGREGATOR IS RUNNING ⚠️
[36;1mclient_005_1  |[0m 2026-01-28 20:21:05,678 - __main__ - INFO - Round 37 finished. Loss: 0.3981, Acc: 95.03%
[33mserver_1      |[0m INFO:werkzeug:172.18.0.13 - - [28/Jan/2026 20:21:05] "[31m[1mPOST /submit_update HTTP/1.1[0m" 400 -
[36;1mclient_005_1  |[0m 2026-01-28 20:21:05,749 - __main__ - ERROR - Update submission failed: {"error":"Not accepting updates"}
[36;1mclient_005_1  |[0m 
[36;1mclient_005_1  |[0m 2026-01-28 20:21:05,749 - __main__ - INFO - Update submitted for Round 37. Waiting...
[35;1mclient_008_1  |[0m 2026-01-28 20:21:06,309 - __main__ - INFO - Round 37 finished. Loss: 0.3254, Acc: 98.52%
[33mserver_1      |[0m INFO:werkzeug:172.18.0.21 - - [28/Jan/2026 20:21:06] "[31m[1mPOST /submit_update HTTP/1.1[0m" 400 -
[35;1mclient_008_1  |[0m 2026-01-28 20:21:06,380 - __main__ - ERROR - Update submission failed: {"error":"Not accepting updates"}
[35;1mclient_008_1  |[0m 
[35;1mclient_008_1  |[0m 2026-01-28 20:21:06,380 - __main__ - INFO - Update submitted for Round 37. Waiting...
[33mserver_1      |[0m INFO:__main__:--- Round 37 Acc: 32.17%, Loss: 1.8060 ---
[33mserver_1      |[0m INFO:__main__:--- Starting Round 38. Timeout: 300s ---
[33mserver_1      |[0m INFO:werkzeug:172.18.0.20 - - [28/Jan/2026 20:21:06] "POST /submit_update HTTP/1.1" 200 -
[32mclient_002_1  |[0m 2026-01-28 20:21:06,632 - __main__ - INFO - 🚀 Model update submitted successfully.
[32mclient_002_1  |[0m 2026-01-28 20:21:06,632 - __main__ - INFO - Update submitted for Round 37. Waiting...
[35mclient_003_1  |[0m 2026-01-28 20:21:07,212 - __main__ - INFO - Round 36 finished. Loss: 0.9033, Acc: 76.73%
[33mserver_1      |[0m INFO:__main__:Received update from client_003
[33mserver_1      |[0m INFO:werkzeug:172.18.0.8 - - [28/Jan/2026 20:21:07] "POST /submit_update HTTP/1.1" 200 -
[35mclient_003_1  |[0m 2026-01-28 20:21:07,348 - __main__ - INFO - 🚀 Model update submitted successfully.
[35mclient_003_1  |[0m 2026-01-28 20:21:07,348 - __main__ - INFO - Update submitted for Round 36. Waiting...
[36mclient_010_1  |[0m 2026-01-28 20:21:07,528 - __main__ - INFO - --- New Round Detected: 38 ---
[33mserver_1      |[0m INFO:werkzeug:172.18.0.16 - - [28/Jan/2026 20:21:07] "GET /download_model?round=38 HTTP/1.1" 200 -
[33;1mclient_006_1  |[0m 2026-01-28 20:21:07,800 - __main__ - INFO - --- New Round Detected: 38 ---
[33mserver_1      |[0m INFO:werkzeug:172.18.0.5 - - [28/Jan/2026 20:21:07] "GET /download_model?round=38 HTTP/1.1" 200 -
[32;1mclient_007_1  |[0m 2026-01-28 20:21:07,951 - __main__ - INFO - --- New Round Detected: 38 ---
[33mserver_1      |[0m INFO:werkzeug:172.18.0.7 - - [28/Jan/2026 20:21:07] "GET /download_model?round=38 HTTP/1.1" 200 -
[33;1mclient_006_1  |[0m 2026-01-28 20:21:07,991 - __main__ - INFO - Round 38 finished. Loss: 0.7667, Acc: 85.71%
[33mserver_1      |[0m INFO:__main__:Received update from client_006
[33mserver_1      |[0m INFO:werkzeug:172.18.0.5 - - [28/Jan/2026 20:21:08] "POST /submit_update HTTP/1.1" 200 -
[33;1mclient_006_1  |[0m 2026-01-28 20:21:08,126 - __main__ - INFO - 🚀 Model update submitted successfully.
[33;1mclient_006_1  |[0m 2026-01-28 20:21:08,126 - __main__ - INFO - Update submitted for Round 38. Waiting...
[34;1mclient_009_1  |[0m 2026-01-28 20:21:08,304 - __main__ - INFO - --- New Round Detected: 38 ---
[33mserver_1      |[0m INFO:werkzeug:172.18.0.18 - - [28/Jan/2026 20:21:08] "GET /download_model?round=38 HTTP/1.1" 200 -
[36mclient_010_1  |[0m 2026-01-28 20:21:08,356 - __main__ - INFO - Round 38 finished. Loss: 0.1599, Acc: 98.40%
[33mserver_1      |[0m INFO:__main__:Received update from client_010
[33mserver_1      |[0m INFO:werkzeug:172.18.0.16 - - [28/Jan/2026 20:21:08] "POST /submit_update HTTP/1.1" 200 -
[36mclient_010_1  |[0m 2026-01-28 20:21:08,493 - __main__ - INFO - 🚀 Model update submitted successfully.
[36mclient_010_1  |[0m 2026-01-28 20:21:08,494 - __main__ - INFO - Update submitted for Round 38. Waiting...
[32;1mclient_007_1  |[0m 2026-01-28 20:21:08,894 - __main__ - INFO - Round 38 finished. Loss: 1.0073, Acc: 68.32%
[33mserver_1      |[0m INFO:__main__:Received update from client_007
[33mserver_1      |[0m INFO:werkzeug:172.18.0.7 - - [28/Jan/2026 20:21:08] "POST /submit_update HTTP/1.1" 200 -
[32;1mclient_007_1  |[0m 2026-01-28 20:21:09,028 - __main__ - INFO - 🚀 Model update submitted successfully.
[32;1mclient_007_1  |[0m 2026-01-28 20:21:09,028 - __main__ - INFO - Update submitted for Round 38. Waiting...
[34mclient_004_1  |[0m 2026-01-28 20:21:11,582 - __main__ - INFO - Round 37 finished. Loss: 0.6749, Acc: 81.73%
[33mserver_1      |[0m INFO:__main__:Received update from client_004
[33mserver_1      |[0m INFO:__main__:--- Aggregating 5 updates ---
[33mserver_1      |[0m INFO:__main__:⚡ Using Custom Aggregator with Drift Metric...
[33mserver_1      |[0m INFO:server.aggregator:Starting FedAvg aggregation for 5 clients.
[33mclient_001_1  |[0m 2026-01-28 20:21:13,180 - __main__ - INFO - --- New Round Detected: 38 ---
[33mserver_1      |[0m INFO:werkzeug:172.18.0.14 - - [28/Jan/2026 20:21:13] "GET /download_model?round=38 HTTP/1.1" 200 -
[34;1mclient_009_1  |[0m 2026-01-28 20:21:13,452 - __main__ - INFO - Round 38 finished. Loss: 1.0532, Acc: 65.50%
[33mserver_1      |[0m INFO:werkzeug:172.18.0.18 - - [28/Jan/2026 20:21:13] "[31m[1mPOST /submit_update HTTP/1.1[0m" 400 -
[34;1mclient_009_1  |[0m 2026-01-28 20:21:13,521 - __main__ - ERROR - Update submission failed: {"error":"Not accepting updates"}
[34;1mclient_009_1  |[0m 
[34;1mclient_009_1  |[0m 2026-01-28 20:21:13,521 - __main__ - INFO - Update submitted for Round 38. Waiting...
[33mserver_1      |[0m INFO:server.aggregator:--- [METRIC] Weight Divergence: 1.9348
[33mserver_1      |[0m INFO:server.aggregator:FedAvg aggregation complete.
[33mserver_1      |[0m INFO:__main__:Aggregation complete.
[33mserver_1      |[0m ⏱️ [TIME] Client client_003 finished training in 19.76s
[33mserver_1      |[0m ⏱️ [TIME] Client client_006 finished training in 0.06s
[33mserver_1      |[0m ⏱️ [TIME] Client client_010 finished training in 0.70s
[33mserver_1      |[0m ⏱️ [TIME] Client client_007 finished training in 0.80s
[33mserver_1      |[0m ⏱️ [TIME] Client client_004 finished training in 7.82s
[33mserver_1      |[0m DEBUG: ⚠️ MY CUSTOM AGGREGATOR IS RUNNING ⚠️
[33mclient_001_1  |[0m 2026-01-28 20:21:14,119 - __main__ - INFO - Round 38 finished. Loss: 0.1746, Acc: 99.03%
[33mserver_1      |[0m INFO:werkzeug:172.18.0.14 - - [28/Jan/2026 20:21:14] "[31m[1mPOST /submit_update HTTP/1.1[0m" 400 -
[33mclient_001_1  |[0m 2026-01-28 20:21:14,299 - __main__ - ERROR - Update submission failed: {"error":"Not accepting updates"}
[33mclient_001_1  |[0m 
[33mclient_001_1  |[0m 2026-01-28 20:21:14,301 - __main__ - INFO - Update submitted for Round 38. Waiting...
[33mserver_1      |[0m INFO:__main__:--- Round 38 Acc: 42.98%, Loss: 1.5733 ---
[33mserver_1      |[0m INFO:__main__:--- Starting Round 39. Timeout: 300s ---
[33mserver_1      |[0m INFO:werkzeug:172.18.0.22 - - [28/Jan/2026 20:21:15] "POST /submit_update HTTP/1.1" 200 -
[34mclient_004_1  |[0m 2026-01-28 20:21:15,192 - __main__ - INFO - 🚀 Model update submitted successfully.
[34mclient_004_1  |[0m 2026-01-28 20:21:15,193 - __main__ - INFO - Update submitted for Round 37. Waiting...
[36;1mclient_005_1  |[0m 2026-01-28 20:21:15,831 - __main__ - INFO - --- New Round Detected: 39 ---
[33mserver_1      |[0m INFO:werkzeug:172.18.0.13 - - [28/Jan/2026 20:21:15] "GET /download_model?round=39 HTTP/1.1" 200 -
[35;1mclient_008_1  |[0m 2026-01-28 20:21:16,444 - __main__ - INFO - --- New Round Detected: 39 ---
[33mserver_1      |[0m INFO:werkzeug:172.18.0.21 - - [28/Jan/2026 20:21:16] "GET /download_model?round=39 HTTP/1.1" 200 -
[32mclient_002_1  |[0m 2026-01-28 20:21:16,694 - __main__ - INFO - --- New Round Detected: 39 ---
[33mserver_1      |[0m INFO:werkzeug:172.18.0.20 - - [28/Jan/2026 20:21:16] "GET /download_model?round=39 HTTP/1.1" 200 -
[35mclient_003_1  |[0m 2026-01-28 20:21:17,467 - __main__ - INFO - --- New Round Detected: 39 ---
[33mserver_1      |[0m INFO:werkzeug:172.18.0.8 - - [28/Jan/2026 20:21:17] "GET /download_model?round=39 HTTP/1.1" 200 -
[33;1mclient_006_1  |[0m 2026-01-28 20:21:18,189 - __main__ - INFO - --- New Round Detected: 39 ---
[33mserver_1      |[0m INFO:werkzeug:172.18.0.5 - - [28/Jan/2026 20:21:18] "GET /download_model?round=39 HTTP/1.1" 200 -
[33;1mclient_006_1  |[0m 2026-01-28 20:21:18,389 - __main__ - INFO - Round 39 finished. Loss: 0.6072, Acc: 92.86%
[33mserver_1      |[0m INFO:__main__:Received update from client_006
[33mserver_1      |[0m INFO:werkzeug:172.18.0.5 - - [28/Jan/2026 20:21:18] "POST /submit_update HTTP/1.1" 200 -
[33;1mclient_006_1  |[0m 2026-01-28 20:21:18,523 - __main__ - INFO - 🚀 Model update submitted successfully.
[33;1mclient_006_1  |[0m 2026-01-28 20:21:18,523 - __main__ - INFO - Update submitted for Round 39. Waiting...
[36mclient_010_1  |[0m 2026-01-28 20:21:18,562 - __main__ - INFO - --- New Round Detected: 39 ---
[33mserver_1      |[0m INFO:werkzeug:172.18.0.16 - - [28/Jan/2026 20:21:18] "GET /download_model?round=39 HTTP/1.1" 200 -
[32;1mclient_007_1  |[0m 2026-01-28 20:21:19,091 - __main__ - INFO - --- New Round Detected: 39 ---
[33mserver_1      |[0m INFO:werkzeug:172.18.0.7 - - [28/Jan/2026 20:21:19] "GET /download_model?round=39 HTTP/1.1" 200 -
[32mclient_002_1  |[0m 2026-01-28 20:21:19,403 - __main__ - INFO - Round 39 finished. Loss: 0.5655, Acc: 92.89%
[36mclient_010_1  |[0m 2026-01-28 20:21:19,410 - __main__ - INFO - Round 39 finished. Loss: 0.4393, Acc: 98.03%
[33mserver_1      |[0m INFO:__main__:Received update from client_002
[33mserver_1      |[0m INFO:werkzeug:172.18.0.20 - - [28/Jan/2026 20:21:19] "POST /submit_update HTTP/1.1" 200 -
[33mserver_1      |[0m INFO:__main__:Received update from client_010
[33mserver_1      |[0m INFO:werkzeug:172.18.0.16 - - [28/Jan/2026 20:21:19] "POST /submit_update HTTP/1.1" 200 -
[32mclient_002_1  |[0m 2026-01-28 20:21:19,539 - __main__ - INFO - 🚀 Model update submitted successfully.
[32mclient_002_1  |[0m 2026-01-28 20:21:19,539 - __main__ - INFO - Update submitted for Round 39. Waiting...
[36mclient_010_1  |[0m 2026-01-28 20:21:19,543 - __main__ - INFO - 🚀 Model update submitted successfully.
[36mclient_010_1  |[0m 2026-01-28 20:21:19,544 - __main__ - INFO - Update submitted for Round 39. Waiting...
[35;1mclient_008_1  |[0m 2026-01-28 20:21:19,769 - __main__ - INFO - Round 39 finished. Loss: 0.3099, Acc: 98.37%
[32;1mclient_007_1  |[0m 2026-01-28 20:21:19,856 - __main__ - INFO - Round 39 finished. Loss: 0.8645, Acc: 77.29%
[33mserver_1      |[0m INFO:__main__:Received update from client_008
[33mserver_1      |[0m INFO:werkzeug:172.18.0.21 - - [28/Jan/2026 20:21:19] "POST /submit_update HTTP/1.1" 200 -
[35;1mclient_008_1  |[0m 2026-01-28 20:21:19,906 - __main__ - INFO - 🚀 Model update submitted successfully.
[35;1mclient_008_1  |[0m 2026-01-28 20:21:19,906 - __main__ - INFO - Update submitted for Round 39. Waiting...
[33mserver_1      |[0m INFO:__main__:Received update from client_007
[33mserver_1      |[0m INFO:__main__:--- Aggregating 5 updates ---
[33mserver_1      |[0m INFO:__main__:⚡ Using Custom Aggregator with Drift Metric...
[33mserver_1      |[0m INFO:server.aggregator:Starting FedAvg aggregation for 5 clients.
[36;1mclient_005_1  |[0m 2026-01-28 20:21:20,615 - __main__ - INFO - Round 39 finished. Loss: 0.4494, Acc: 95.03%
[33mserver_1      |[0m INFO:werkzeug:172.18.0.13 - - [28/Jan/2026 20:21:20] "[31m[1mPOST /submit_update HTTP/1.1[0m" 400 -
[36;1mclient_005_1  |[0m 2026-01-28 20:21:20,735 - __main__ - ERROR - Update submission failed: {"error":"Not accepting updates"}
[36;1mclient_005_1  |[0m 
[36;1mclient_005_1  |[0m 2026-01-28 20:21:20,735 - __main__ - INFO - Update submitted for Round 39. Waiting...
[33mserver_1      |[0m INFO:server.aggregator:--- [METRIC] Weight Divergence: 0.9154
[33mserver_1      |[0m INFO:server.aggregator:FedAvg aggregation complete.
[33mserver_1      |[0m INFO:__main__:Aggregation complete.
[33mserver_1      |[0m ⏱️ [TIME] Client client_006 finished training in 0.05s
[33mserver_1      |[0m ⏱️ [TIME] Client client_002 finished training in 2.58s
[33mserver_1      |[0m ⏱️ [TIME] Client client_010 finished training in 0.71s
[33mserver_1      |[0m ⏱️ [TIME] Client client_008 finished training in 3.18s
[33mserver_1      |[0m ⏱️ [TIME] Client client_007 finished training in 0.63s
[33mserver_1      |[0m DEBUG: ⚠️ MY CUSTOM AGGREGATOR IS RUNNING ⚠️
[33mserver_1      |[0m INFO:__main__:--- Round 39 Acc: 32.45%, Loss: 1.8053 ---
[33mserver_1      |[0m INFO:__main__:--- Starting Round 40. Timeout: 300s ---
[33mserver_1      |[0m INFO:werkzeug:172.18.0.7 - - [28/Jan/2026 20:21:23] "POST /submit_update HTTP/1.1" 200 -
[32;1mclient_007_1  |[0m 2026-01-28 20:21:23,166 - __main__ - INFO - 🚀 Model update submitted successfully.
[32;1mclient_007_1  |[0m 2026-01-28 20:21:23,166 - __main__ - INFO - Update submitted for Round 39. Waiting...
[34;1mclient_009_1  |[0m 2026-01-28 20:21:23,591 - __main__ - INFO - --- New Round Detected: 40 ---
[33mserver_1      |[0m INFO:werkzeug:172.18.0.18 - - [28/Jan/2026 20:21:23] "GET /download_model?round=40 HTTP/1.1" 200 -
[33mclient_001_1  |[0m 2026-01-28 20:21:24,378 - __main__ - INFO - --- New Round Detected: 40 ---
[33mserver_1      |[0m INFO:werkzeug:172.18.0.14 - - [28/Jan/2026 20:21:24] "GET /download_model?round=40 HTTP/1.1" 200 -
[34mclient_004_1  |[0m 2026-01-28 20:21:25,272 - __main__ - INFO - --- New Round Detected: 40 ---
[33mserver_1      |[0m INFO:werkzeug:172.18.0.22 - - [28/Jan/2026 20:21:25] "GET /download_model?round=40 HTTP/1.1" 200 -
[33mclient_001_1  |[0m 2026-01-28 20:21:25,314 - __main__ - INFO - Round 40 finished. Loss: 0.3242, Acc: 99.03%
[33mserver_1      |[0m INFO:__main__:Received update from client_001
[33mserver_1      |[0m INFO:werkzeug:172.18.0.14 - - [28/Jan/2026 20:21:25] "POST /submit_update HTTP/1.1" 200 -
[33mclient_001_1  |[0m 2026-01-28 20:21:25,478 - __main__ - INFO - 🚀 Model update submitted successfully.
[33mclient_001_1  |[0m 2026-01-28 20:21:25,478 - __main__ - INFO - Update submitted for Round 40. Waiting...
[33;1mclient_006_1  |[0m 2026-01-28 20:21:28,584 - __main__ - INFO - --- New Round Detected: 40 ---
[33mserver_1      |[0m INFO:werkzeug:172.18.0.5 - - [28/Jan/2026 20:21:28] "GET /download_model?round=40 HTTP/1.1" 200 -
[33;1mclient_006_1  |[0m 2026-01-28 20:21:28,773 - __main__ - INFO - Round 40 finished. Loss: 0.7670, Acc: 85.71%
[33mserver_1      |[0m INFO:__main__:Received update from client_006
[33mserver_1      |[0m INFO:werkzeug:172.18.0.5 - - [28/Jan/2026 20:21:28] "POST /submit_update HTTP/1.1" 200 -
[33;1mclient_006_1  |[0m 2026-01-28 20:21:28,910 - __main__ - INFO - 🚀 Model update submitted successfully.
[33;1mclient_006_1  |[0m 2026-01-28 20:21:28,910 - __main__ - INFO - Update submitted for Round 40. Waiting...
[34;1mclient_009_1  |[0m 2026-01-28 20:21:29,068 - __main__ - INFO - Round 40 finished. Loss: 0.8592, Acc: 74.90%
[33mserver_1      |[0m INFO:__main__:Received update from client_009
[33mserver_1      |[0m INFO:werkzeug:172.18.0.18 - - [28/Jan/2026 20:21:29] "POST /submit_update HTTP/1.1" 200 -
[34;1mclient_009_1  |[0m 2026-01-28 20:21:29,203 - __main__ - INFO - 🚀 Model update submitted successfully.
[34;1mclient_009_1  |[0m 2026-01-28 20:21:29,203 - __main__ - INFO - Update submitted for Round 40. Waiting...
[32mclient_002_1  |[0m 2026-01-28 20:21:29,601 - __main__ - INFO - --- New Round Detected: 40 ---
[36mclient_010_1  |[0m 2026-01-28 20:21:29,616 - __main__ - INFO - --- New Round Detected: 40 ---
[33mserver_1      |[0m INFO:werkzeug:172.18.0.20 - - [28/Jan/2026 20:21:29] "GET /download_model?round=40 HTTP/1.1" 200 -
[33mserver_1      |[0m INFO:werkzeug:172.18.0.16 - - [28/Jan/2026 20:21:29] "GET /download_model?round=40 HTTP/1.1" 200 -
[35;1mclient_008_1  |[0m 2026-01-28 20:21:29,974 - __main__ - INFO - --- New Round Detected: 40 ---
[33mserver_1      |[0m INFO:werkzeug:172.18.0.21 - - [28/Jan/2026 20:21:29] "GET /download_model?round=40 HTTP/1.1" 200 -
[36;1mclient_005_1  |[0m 2026-01-28 20:21:30,799 - __main__ - INFO - --- New Round Detected: 40 ---
[33mserver_1      |[0m INFO:werkzeug:172.18.0.13 - - [28/Jan/2026 20:21:30] "GET /download_model?round=40 HTTP/1.1" 200 -
[36mclient_010_1  |[0m 2026-01-28 20:21:31,002 - __main__ - INFO - Round 40 finished. Loss: 0.3028, Acc: 98.40%
[33mserver_1      |[0m INFO:__main__:Received update from client_010
[33mserver_1      |[0m INFO:werkzeug:172.18.0.16 - - [28/Jan/2026 20:21:31] "POST /submit_update HTTP/1.1" 200 -
[36mclient_010_1  |[0m 2026-01-28 20:21:31,138 - __main__ - INFO - 🚀 Model update submitted successfully.
[36mclient_010_1  |[0m 2026-01-28 20:21:31,138 - __main__ - INFO - Update submitted for Round 40. Waiting...
[32mclient_002_1  |[0m 2026-01-28 20:21:32,486 - __main__ - INFO - Round 40 finished. Loss: 0.4524, Acc: 93.18%
[35mclient_003_1  |[0m 2026-01-28 20:21:32,576 - __main__ - INFO - Round 39 finished. Loss: 0.7744, Acc: 77.05%
[33mserver_1      |[0m INFO:__main__:Received update from client_002
[33mserver_1      |[0m INFO:__main__:--- Aggregating 5 updates ---
[33mserver_1      |[0m INFO:__main__:⚡ Using Custom Aggregator with Drift Metric...
[33mserver_1      |[0m INFO:server.aggregator:Starting FedAvg aggregation for 5 clients.
[33mserver_1      |[0m INFO:werkzeug:172.18.0.8 - - [28/Jan/2026 20:21:32] "[31m[1mPOST /submit_update HTTP/1.1[0m" 400 -
[35mclient_003_1  |[0m 2026-01-28 20:21:32,641 - __main__ - ERROR - Update submission failed: {"error":"Not accepting updates"}
[35mclient_003_1  |[0m 
[35mclient_003_1  |[0m 2026-01-28 20:21:32,641 - __main__ - INFO - Update submitted for Round 39. Waiting...
[35;1mclient_008_1  |[0m 2026-01-28 20:21:33,183 - __main__ - INFO - Round 40 finished. Loss: 0.2407, Acc: 98.32%
[33mserver_1      |[0m INFO:werkzeug:172.18.0.21 - - [28/Jan/2026 20:21:33] "[31m[1mPOST /submit_update HTTP/1.1[0m" 400 -
[32;1mclient_007_1  |[0m 2026-01-28 20:21:33,359 - __main__ - INFO - --- New Round Detected: 40 ---
[35;1mclient_008_1  |[0m 2026-01-28 20:21:33,361 - __main__ - ERROR - Update submission failed: {"error":"Not accepting updates"}
[35;1mclient_008_1  |[0m 
[35;1mclient_008_1  |[0m 2026-01-28 20:21:33,361 - __main__ - INFO - Update submitted for Round 40. Waiting...
[33mserver_1      |[0m INFO:werkzeug:172.18.0.7 - - [28/Jan/2026 20:21:33] "GET /download_model?round=40 HTTP/1.1" 200 -
[32;1mclient_007_1  |[0m 2026-01-28 20:21:33,952 - __main__ - INFO - Round 40 finished. Loss: 0.8386, Acc: 76.19%
[33mserver_1      |[0m INFO:werkzeug:172.18.0.7 - - [28/Jan/2026 20:21:33] "[31m[1mPOST /submit_update HTTP/1.1[0m" 400 -
[32;1mclient_007_1  |[0m 2026-01-28 20:21:34,022 - __main__ - ERROR - Update submission failed: {"error":"Not accepting updates"}
[32;1mclient_007_1  |[0m 
[32;1mclient_007_1  |[0m 2026-01-28 20:21:34,022 - __main__ - INFO - Update submitted for Round 40. Waiting...
[33mserver_1      |[0m INFO:server.aggregator:--- [METRIC] Weight Divergence: 1.0630
[33mserver_1      |[0m INFO:server.aggregator:FedAvg aggregation complete.
[33mserver_1      |[0m INFO:__main__:Aggregation complete.
[33mserver_1      |[0m ⏱️ [TIME] Client client_001 finished training in 0.77s
[33mserver_1      |[0m ⏱️ [TIME] Client client_006 finished training in 0.05s
[33mserver_1      |[0m ⏱️ [TIME] Client client_009 finished training in 5.30s
[33mserver_1      |[0m ⏱️ [TIME] Client client_010 finished training in 1.24s
[33mserver_1      |[0m ⏱️ [TIME] Client client_002 finished training in 2.75s
[33mserver_1      |[0m DEBUG: ⚠️ MY CUSTOM AGGREGATOR IS RUNNING ⚠️
[34mclient_004_1  |[0m 2026-01-28 20:21:35,570 - __main__ - INFO - Round 40 finished. Loss: 0.8414, Acc: 81.03%
[33mserver_1      |[0m INFO:werkzeug:172.18.0.22 - - [28/Jan/2026 20:21:35] "[31m[1mPOST /submit_update HTTP/1.1[0m" 400 -
[34mclient_004_1  |[0m 2026-01-28 20:21:35,637 - __main__ - ERROR - Update submission failed: {"error":"Not accepting updates"}
[34mclient_004_1  |[0m 
[34mclient_004_1  |[0m 2026-01-28 20:21:35,637 - __main__ - INFO - Update submitted for Round 40. Waiting...
[36;1mclient_005_1  |[0m 2026-01-28 20:21:35,715 - __main__ - INFO - Round 40 finished. Loss: 0.5067, Acc: 94.69%
[33mserver_1      |[0m INFO:werkzeug:172.18.0.13 - - [28/Jan/2026 20:21:35] "[31m[1mPOST /submit_update HTTP/1.1[0m" 400 -
[36;1mclient_005_1  |[0m 2026-01-28 20:21:35,781 - __main__ - ERROR - Update submission failed: {"error":"Not accepting updates"}
[36;1mclient_005_1  |[0m 
[36;1mclient_005_1  |[0m 2026-01-28 20:21:35,781 - __main__ - INFO - Update submitted for Round 40. Waiting...
[33mserver_1      |[0m INFO:__main__:--- Round 40 Acc: 27.58%, Loss: 1.9699 ---
[33mserver_1      |[0m INFO:__main__:--- Starting Round 41. Timeout: 300s ---
[33mserver_1      |[0m INFO:werkzeug:172.18.0.20 - - [28/Jan/2026 20:21:36] "POST /submit_update HTTP/1.1" 200 -
[32mclient_002_1  |[0m 2026-01-28 20:21:36,080 - __main__ - INFO - 🚀 Model update submitted successfully.
[32mclient_002_1  |[0m 2026-01-28 20:21:36,080 - __main__ - INFO - Update submitted for Round 40. Waiting...
[33;1mclient_006_1  |[0m 2026-01-28 20:21:38,973 - __main__ - INFO - --- New Round Detected: 41 ---
[33mserver_1      |[0m INFO:werkzeug:172.18.0.5 - - [28/Jan/2026 20:21:38] "GET /download_model?round=41 HTTP/1.1" 200 -
[33;1mclient_006_1  |[0m 2026-01-28 20:21:39,151 - __main__ - INFO - Round 41 finished. Loss: 0.7825, Acc: 78.57%
[34;1mclient_009_1  |[0m 2026-01-28 20:21:39,270 - __main__ - INFO - --- New Round Detected: 41 ---
[33mserver_1      |[0m INFO:__main__:Received update from client_006
[33mserver_1      |[0m INFO:werkzeug:172.18.0.5 - - [28/Jan/2026 20:21:39] "POST /submit_update HTTP/1.1" 200 -
[33mserver_1      |[0m INFO:werkzeug:172.18.0.18 - - [28/Jan/2026 20:21:39] "GET /download_model?round=41 HTTP/1.1" 200 -
[33;1mclient_006_1  |[0m 2026-01-28 20:21:39,308 - __main__ - INFO - 🚀 Model update submitted successfully.
[33;1mclient_006_1  |[0m 2026-01-28 20:21:39,308 - __main__ - INFO - Update submitted for Round 41. Waiting...
[36mclient_010_1  |[0m 2026-01-28 20:21:41,204 - __main__ - INFO - --- New Round Detected: 41 ---
[33mserver_1      |[0m INFO:werkzeug:172.18.0.16 - - [28/Jan/2026 20:21:41] "GET /download_model?round=41 HTTP/1.1" 200 -
[36mclient_010_1  |[0m 2026-01-28 20:21:42,033 - __main__ - INFO - Round 41 finished. Loss: 0.1489, Acc: 98.40%
[33mserver_1      |[0m INFO:__main__:Received update from client_010
[33mserver_1      |[0m INFO:werkzeug:172.18.0.16 - - [28/Jan/2026 20:21:42] "POST /submit_update HTTP/1.1" 200 -
[36mclient_010_1  |[0m 2026-01-28 20:21:42,166 - __main__ - INFO - 🚀 Model update submitted successfully.
[36mclient_010_1  |[0m 2026-01-28 20:21:42,167 - __main__ - INFO - Update submitted for Round 41. Waiting...
[35mclient_003_1  |[0m 2026-01-28 20:21:42,706 - __main__ - INFO - --- New Round Detected: 41 ---
[33mserver_1      |[0m INFO:werkzeug:172.18.0.8 - - [28/Jan/2026 20:21:42] "GET /download_model?round=41 HTTP/1.1" 200 -
[35;1mclient_008_1  |[0m 2026-01-28 20:21:43,425 - __main__ - INFO - --- New Round Detected: 41 ---
[33mserver_1      |[0m INFO:werkzeug:172.18.0.21 - - [28/Jan/2026 20:21:43] "GET /download_model?round=41 HTTP/1.1" 200 -
[32;1mclient_007_1  |[0m 2026-01-28 20:21:44,083 - __main__ - INFO - --- New Round Detected: 41 ---
[33mserver_1      |[0m INFO:werkzeug:172.18.0.7 - - [28/Jan/2026 20:21:44] "GET /download_model?round=41 HTTP/1.1" 200 -
[32;1mclient_007_1  |[0m 2026-01-28 20:21:44,711 - __main__ - INFO - Round 41 finished. Loss: 0.9957, Acc: 73.26%
[33mserver_1      |[0m INFO:__main__:Received update from client_007
[33mserver_1      |[0m INFO:werkzeug:172.18.0.7 - - [28/Jan/2026 20:21:44] "POST /submit_update HTTP/1.1" 200 -
[32;1mclient_007_1  |[0m 2026-01-28 20:21:44,849 - __main__ - INFO - 🚀 Model update submitted successfully.
[32;1mclient_007_1  |[0m 2026-01-28 20:21:44,849 - __main__ - INFO - Update submitted for Round 41. Waiting...
[34;1mclient_009_1  |[0m 2026-01-28 20:21:45,046 - __main__ - INFO - Round 41 finished. Loss: 0.9314, Acc: 70.19%
[33mserver_1      |[0m INFO:__main__:Received update from client_009
[33mserver_1      |[0m INFO:werkzeug:172.18.0.18 - - [28/Jan/2026 20:21:45] "POST /submit_update HTTP/1.1" 200 -
[34;1mclient_009_1  |[0m 2026-01-28 20:21:45,202 - __main__ - INFO - 🚀 Model update submitted successfully.
[34;1mclient_009_1  |[0m 2026-01-28 20:21:45,202 - __main__ - INFO - Update submitted for Round 41. Waiting...
[33mclient_001_1  |[0m 2026-01-28 20:21:45,603 - __main__ - INFO - --- New Round Detected: 41 ---
[33mserver_1      |[0m INFO:werkzeug:172.18.0.14 - - [28/Jan/2026 20:21:45] "GET /download_model?round=41 HTTP/1.1" 200 -
[34mclient_004_1  |[0m 2026-01-28 20:21:45,698 - __main__ - INFO - --- New Round Detected: 41 ---
[33mserver_1      |[0m INFO:werkzeug:172.18.0.22 - - [28/Jan/2026 20:21:45] "GET /download_model?round=41 HTTP/1.1" 200 -
[36;1mclient_005_1  |[0m 2026-01-28 20:21:45,843 - __main__ - INFO - --- New Round Detected: 41 ---
[33mserver_1      |[0m INFO:werkzeug:172.18.0.13 - - [28/Jan/2026 20:21:45] "GET /download_model?round=41 HTTP/1.1" 200 -
[32mclient_002_1  |[0m 2026-01-28 20:21:46,151 - __main__ - INFO - --- New Round Detected: 41 ---
[33mserver_1      |[0m INFO:werkzeug:172.18.0.20 - - [28/Jan/2026 20:21:46] "GET /download_model?round=41 HTTP/1.1" 200 -
[33mclient_001_1  |[0m 2026-01-28 20:21:46,275 - __main__ - INFO - Round 41 finished. Loss: 0.1578, Acc: 99.03%
[35;1mclient_008_1  |[0m 2026-01-28 20:21:46,484 - __main__ - INFO - Round 41 finished. Loss: 0.3383, Acc: 98.28%
[33mserver_1      |[0m INFO:__main__:Received update from client_001
[33mserver_1      |[0m INFO:__main__:--- Aggregating 5 updates ---
[33mserver_1      |[0m INFO:__main__:⚡ Using Custom Aggregator with Drift Metric...
[33mserver_1      |[0m INFO:server.aggregator:Starting FedAvg aggregation for 5 clients.
[33mserver_1      |[0m INFO:werkzeug:172.18.0.21 - - [28/Jan/2026 20:21:46] "[31m[1mPOST /submit_update HTTP/1.1[0m" 400 -
[35;1mclient_008_1  |[0m 2026-01-28 20:21:46,548 - __main__ - ERROR - Update submission failed: {"error":"Not accepting updates"}
[35;1mclient_008_1  |[0m 
[35;1mclient_008_1  |[0m 2026-01-28 20:21:46,548 - __main__ - INFO - Update submitted for Round 41. Waiting...
[33mserver_1      |[0m INFO:server.aggregator:--- [METRIC] Weight Divergence: 1.4370
[33mserver_1      |[0m INFO:server.aggregator:FedAvg aggregation complete.
[33mserver_1      |[0m INFO:__main__:Aggregation complete.
[33mserver_1      |[0m ⏱️ [TIME] Client client_006 finished training in 0.05s
[33mserver_1      |[0m ⏱️ [TIME] Client client_010 finished training in 0.70s
[33mserver_1      |[0m ⏱️ [TIME] Client client_007 finished training in 0.46s
[33mserver_1      |[0m ⏱️ [TIME] Client client_009 finished training in 5.65s
[33mserver_1      |[0m ⏱️ [TIME] Client client_001 finished training in 0.52s
[33mserver_1      |[0m DEBUG: ⚠️ MY CUSTOM AGGREGATOR IS RUNNING ⚠️
[32mclient_002_1  |[0m 2026-01-28 20:21:48,785 - __main__ - INFO - Round 41 finished. Loss: 0.3385, Acc: 93.68%
[33mserver_1      |[0m INFO:werkzeug:172.18.0.20 - - [28/Jan/2026 20:21:48] "[31m[1mPOST /submit_update HTTP/1.1[0m" 400 -
[32mclient_002_1  |[0m 2026-01-28 20:21:48,888 - __main__ - ERROR - Update submission failed: {"error":"Not accepting updates"}
[32mclient_002_1  |[0m 
[32mclient_002_1  |[0m 2026-01-28 20:21:48,888 - __main__ - INFO - Update submitted for Round 41. Waiting...
[33mserver_1      |[0m INFO:__main__:--- Round 41 Acc: 24.09%, Loss: 2.1870 ---
[33mserver_1      |[0m INFO:__main__:--- Starting Round 42. Timeout: 300s ---
[33mserver_1      |[0m INFO:werkzeug:172.18.0.14 - - [28/Jan/2026 20:21:49] "POST /submit_update HTTP/1.1" 200 -
[33mclient_001_1  |[0m 2026-01-28 20:21:49,639 - __main__ - INFO - 🚀 Model update submitted successfully.
[33mclient_001_1  |[0m 2026-01-28 20:21:49,639 - __main__ - INFO - Update submitted for Round 41. Waiting...
[36;1mclient_005_1  |[0m 2026-01-28 20:21:50,662 - __main__ - INFO - Round 41 finished. Loss: 0.5602, Acc: 95.28%
[33mserver_1      |[0m INFO:__main__:Received update from client_005
[33mserver_1      |[0m INFO:werkzeug:172.18.0.13 - - [28/Jan/2026 20:21:50] "POST /submit_update HTTP/1.1" 200 -
[36;1mclient_005_1  |[0m 2026-01-28 20:21:50,801 - __main__ - INFO - 🚀 Model update submitted successfully.
[36;1mclient_005_1  |[0m 2026-01-28 20:21:50,801 - __main__ - INFO - Update submitted for Round 41. Waiting...
[36mclient_010_1  |[0m 2026-01-28 20:21:52,231 - __main__ - INFO - --- New Round Detected: 42 ---
[33mserver_1      |[0m INFO:werkzeug:172.18.0.16 - - [28/Jan/2026 20:21:52] "GET /download_model?round=42 HTTP/1.1" 200 -
[36mclient_010_1  |[0m 2026-01-28 20:21:53,448 - __main__ - INFO - Round 42 finished. Loss: 0.1547, Acc: 98.28%
[33mserver_1      |[0m INFO:__main__:Received update from client_010
[33mserver_1      |[0m INFO:werkzeug:172.18.0.16 - - [28/Jan/2026 20:21:53] "POST /submit_update HTTP/1.1" 200 -
[36mclient_010_1  |[0m 2026-01-28 20:21:53,584 - __main__ - INFO - 🚀 Model update submitted successfully.
[36mclient_010_1  |[0m 2026-01-28 20:21:53,584 - __main__ - INFO - Update submitted for Round 42. Waiting...
[32;1mclient_007_1  |[0m 2026-01-28 20:21:54,912 - __main__ - INFO - --- New Round Detected: 42 ---
[33mserver_1      |[0m INFO:werkzeug:172.18.0.7 - - [28/Jan/2026 20:21:54] "GET /download_model?round=42 HTTP/1.1" 200 -
[34;1mclient_009_1  |[0m 2026-01-28 20:21:55,264 - __main__ - INFO - --- New Round Detected: 42 ---
[33mserver_1      |[0m INFO:werkzeug:172.18.0.18 - - [28/Jan/2026 20:21:55] "GET /download_model?round=42 HTTP/1.1" 200 -
[32;1mclient_007_1  |[0m 2026-01-28 20:21:55,571 - __main__ - INFO - Round 42 finished. Loss: 1.0309, Acc: 71.25%
[34mclient_004_1  |[0m 2026-01-28 20:21:55,659 - __main__ - INFO - Round 41 finished. Loss: 0.8491, Acc: 80.78%
[33mserver_1      |[0m INFO:__main__:Received update from client_007
[33mserver_1      |[0m INFO:werkzeug:172.18.0.7 - - [28/Jan/2026 20:21:55] "POST /submit_update HTTP/1.1" 200 -
[32;1mclient_007_1  |[0m 2026-01-28 20:21:55,729 - __main__ - INFO - 🚀 Model update submitted successfully.
[32;1mclient_007_1  |[0m 2026-01-28 20:21:55,729 - __main__ - INFO - Update submitted for Round 42. Waiting...
[33mserver_1      |[0m INFO:__main__:Received update from client_004
[33mserver_1      |[0m INFO:werkzeug:172.18.0.22 - - [28/Jan/2026 20:21:55] "POST /submit_update HTTP/1.1" 200 -
[34mclient_004_1  |[0m 2026-01-28 20:21:55,801 - __main__ - INFO - 🚀 Model update submitted successfully.
[34mclient_004_1  |[0m 2026-01-28 20:21:55,802 - __main__ - INFO - Update submitted for Round 41. Waiting...
[35;1mclient_008_1  |[0m 2026-01-28 20:21:56,637 - __main__ - INFO - --- New Round Detected: 42 ---
[33mserver_1      |[0m INFO:werkzeug:172.18.0.21 - - [28/Jan/2026 20:21:56] "GET /download_model?round=42 HTTP/1.1" 200 -
[32mclient_002_1  |[0m 2026-01-28 20:21:58,967 - __main__ - INFO - --- New Round Detected: 42 ---
[33mserver_1      |[0m INFO:werkzeug:172.18.0.20 - - [28/Jan/2026 20:21:58] "GET /download_model?round=42 HTTP/1.1" 200 -
[35;1mclient_008_1  |[0m 2026-01-28 20:21:59,081 - __main__ - INFO - Round 42 finished. Loss: 0.3241, Acc: 98.37%
[33mserver_1      |[0m INFO:__main__:Received update from client_008
[33mserver_1      |[0m INFO:__main__:--- Aggregating 5 updates ---
[33mserver_1      |[0m INFO:__main__:⚡ Using Custom Aggregator with Drift Metric...
[33mserver_1      |[0m INFO:server.aggregator:Starting FedAvg aggregation for 5 clients.
[33;1mclient_006_1  |[0m 2026-01-28 20:21:59,480 - __main__ - INFO - --- New Round Detected: 42 ---
[33mserver_1      |[0m INFO:werkzeug:172.18.0.5 - - [28/Jan/2026 20:21:59] "GET /download_model?round=42 HTTP/1.1" 200 -
[33;1mclient_006_1  |[0m 2026-01-28 20:21:59,664 - __main__ - INFO - Round 42 finished. Loss: 0.8646, Acc: 71.43%
[33mserver_1      |[0m INFO:werkzeug:172.18.0.5 - - [28/Jan/2026 20:21:59] "[31m[1mPOST /submit_update HTTP/1.1[0m" 400 -
[33;1mclient_006_1  |[0m 2026-01-28 20:21:59,729 - __main__ - ERROR - Update submission failed: {"error":"Not accepting updates"}
[33;1mclient_006_1  |[0m 
[33;1mclient_006_1  |[0m 2026-01-28 20:21:59,729 - __main__ - INFO - Update submitted for Round 42. Waiting...
[33mclient_001_1  |[0m 2026-01-28 20:21:59,766 - __main__ - INFO - --- New Round Detected: 42 ---
[33mserver_1      |[0m INFO:werkzeug:172.18.0.14 - - [28/Jan/2026 20:21:59] "GET /download_model?round=42 HTTP/1.1" 200 -
[33mclient_001_1  |[0m 2026-01-28 20:22:00,364 - __main__ - INFO - Round 42 finished. Loss: 0.1544, Acc: 99.03%
[33mclient_001_1  |[0m 2026-01-28 20:22:00,443 - __main__ - ERROR - Update submission failed: {"error":"Not accepting updates"}
[33mclient_001_1  |[0m 
[33mclient_001_1  |[0m 2026-01-28 20:22:00,443 - __main__ - INFO - Update submitted for Round 42. Waiting...
[33mserver_1      |[0m INFO:werkzeug:172.18.0.14 - - [28/Jan/2026 20:22:00] "[31m[1mPOST /submit_update HTTP/1.1[0m" 400 -
[34;1mclient_009_1  |[0m 2026-01-28 20:22:00,710 - __main__ - INFO - Round 42 finished. Loss: 0.6864, Acc: 76.87%
[33mserver_1      |[0m INFO:werkzeug:172.18.0.18 - - [28/Jan/2026 20:22:00] "[31m[1mPOST /submit_update HTTP/1.1[0m" 400 -
[34;1mclient_009_1  |[0m 2026-01-28 20:22:00,803 - __main__ - ERROR - Update submission failed: {"error":"Not accepting updates"}
[34;1mclient_009_1  |[0m 
[34;1mclient_009_1  |[0m 2026-01-28 20:22:00,803 - __main__ - INFO - Update submitted for Round 42. Waiting...
[36;1mclient_005_1  |[0m 2026-01-28 20:22:00,893 - __main__ - INFO - --- New Round Detected: 42 ---
[33mserver_1      |[0m INFO:werkzeug:172.18.0.13 - - [28/Jan/2026 20:22:00] "GET /download_model?round=42 HTTP/1.1" 200 -
[33mserver_1      |[0m INFO:server.aggregator:--- [METRIC] Weight Divergence: 1.5760
[33mserver_1      |[0m INFO:server.aggregator:FedAvg aggregation complete.
[33mserver_1      |[0m INFO:__main__:Aggregation complete.
[32mclient_002_1  |[0m 2026-01-28 20:22:01,468 - __main__ - INFO - Round 42 finished. Loss: 0.3467, Acc: 92.98%
[33mserver_1      |[0m ⏱️ [TIME] Client client_005 finished training in 4.66s
[33mserver_1      |[0m ⏱️ [TIME] Client client_010 finished training in 1.08s
[33mserver_1      |[0m ⏱️ [TIME] Client client_007 finished training in 0.50s
[33mserver_1      |[0m ⏱️ [TIME] Client client_004 finished training in 9.83s
[33mserver_1      |[0m ⏱️ [TIME] Client client_008 finished training in 2.26s
[33mserver_1      |[0m DEBUG: ⚠️ MY CUSTOM AGGREGATOR IS RUNNING ⚠️
[33mserver_1      |[0m INFO:werkzeug:172.18.0.20 - - [28/Jan/2026 20:22:01] "[31m[1mPOST /submit_update HTTP/1.1[0m" 400 -
[32mclient_002_1  |[0m 2026-01-28 20:22:01,618 - __main__ - ERROR - Update submission failed: {"error":"Not accepting updates"}
[32mclient_002_1  |[0m 
[32mclient_002_1  |[0m 2026-01-28 20:22:01,618 - __main__ - INFO - Update submitted for Round 42. Waiting...
[33mserver_1      |[0m INFO:__main__:--- Round 42 Acc: 41.77%, Loss: 1.6530 ---
[33mserver_1      |[0m INFO:__main__:--- Starting Round 43. Timeout: 300s ---
[33mserver_1      |[0m INFO:werkzeug:172.18.0.21 - - [28/Jan/2026 20:22:02] "POST /submit_update HTTP/1.1" 200 -
[35;1mclient_008_1  |[0m 2026-01-28 20:22:02,421 - __main__ - INFO - 🚀 Model update submitted successfully.
[35;1mclient_008_1  |[0m 2026-01-28 20:22:02,421 - __main__ - INFO - Update submitted for Round 42. Waiting...
[36mclient_010_1  |[0m 2026-01-28 20:22:03,648 - __main__ - INFO - --- New Round Detected: 43 ---
[35mclient_003_1  |[0m 2026-01-28 20:22:03,652 - __main__ - INFO - Round 41 finished. Loss: 0.9548, Acc: 76.86%
[33mserver_1      |[0m INFO:werkzeug:172.18.0.16 - - [28/Jan/2026 20:22:03] "GET /download_model?round=43 HTTP/1.1" 200 -
[33mserver_1      |[0m INFO:__main__:Received update from client_003
[33mserver_1      |[0m INFO:werkzeug:172.18.0.8 - - [28/Jan/2026 20:22:03] "POST /submit_update HTTP/1.1" 200 -
[35mclient_003_1  |[0m 2026-01-28 20:22:03,812 - __main__ - INFO - 🚀 Model update submitted successfully.
[35mclient_003_1  |[0m 2026-01-28 20:22:03,813 - __main__ - INFO - Update submitted for Round 41. Waiting...
[36mclient_010_1  |[0m 2026-01-28 20:22:05,033 - __main__ - INFO - Round 43 finished. Loss: 0.3401, Acc: 98.15%
[33mserver_1      |[0m INFO:__main__:Received update from client_010
[33mserver_1      |[0m INFO:werkzeug:172.18.0.16 - - [28/Jan/2026 20:22:05] "POST /submit_update HTTP/1.1" 200 -
[36mclient_010_1  |[0m 2026-01-28 20:22:05,172 - __main__ - INFO - 🚀 Model update submitted successfully.
[36mclient_010_1  |[0m 2026-01-28 20:22:05,173 - __main__ - INFO - Update submitted for Round 43. Waiting...
[36;1mclient_005_1  |[0m 2026-01-28 20:22:05,304 - __main__ - INFO - Round 42 finished. Loss: 0.6205, Acc: 94.44%
[33mserver_1      |[0m INFO:__main__:Received update from client_005
[33mserver_1      |[0m INFO:werkzeug:172.18.0.13 - - [28/Jan/2026 20:22:05] "POST /submit_update HTTP/1.1" 200 -
[36;1mclient_005_1  |[0m 2026-01-28 20:22:05,439 - __main__ - INFO - 🚀 Model update submitted successfully.
[36;1mclient_005_1  |[0m 2026-01-28 20:22:05,439 - __main__ - INFO - Update submitted for Round 42. Waiting...
[32;1mclient_007_1  |[0m 2026-01-28 20:22:05,802 - __main__ - INFO - --- New Round Detected: 43 ---
[33mserver_1      |[0m INFO:werkzeug:172.18.0.7 - - [28/Jan/2026 20:22:05] "GET /download_model?round=43 HTTP/1.1" 200 -
[34mclient_004_1  |[0m 2026-01-28 20:22:05,874 - __main__ - INFO - --- New Round Detected: 43 ---
[33mserver_1      |[0m INFO:werkzeug:172.18.0.22 - - [28/Jan/2026 20:22:05] "GET /download_model?round=43 HTTP/1.1" 200 -
[32;1mclient_007_1  |[0m 2026-01-28 20:22:06,409 - __main__ - INFO - Round 43 finished. Loss: 0.9238, Acc: 74.91%
[33mserver_1      |[0m INFO:__main__:Received update from client_007
[33mserver_1      |[0m INFO:werkzeug:172.18.0.7 - - [28/Jan/2026 20:22:06] "POST /submit_update HTTP/1.1" 200 -
[32;1mclient_007_1  |[0m 2026-01-28 20:22:06,543 - __main__ - INFO - 🚀 Model update submitted successfully.
[32;1mclient_007_1  |[0m 2026-01-28 20:22:06,543 - __main__ - INFO - Update submitted for Round 43. Waiting...
[33;1mclient_006_1  |[0m 2026-01-28 20:22:09,793 - __main__ - INFO - --- New Round Detected: 43 ---
[33mserver_1      |[0m INFO:werkzeug:172.18.0.5 - - [28/Jan/2026 20:22:09] "GET /download_model?round=43 HTTP/1.1" 200 -
[33;1mclient_006_1  |[0m 2026-01-28 20:22:09,979 - __main__ - INFO - Round 43 finished. Loss: 0.7555, Acc: 85.71%
[33mserver_1      |[0m INFO:__main__:Received update from client_006
[33mserver_1      |[0m INFO:__main__:--- Aggregating 5 updates ---
[33mserver_1      |[0m INFO:__main__:⚡ Using Custom Aggregator with Drift Metric...
[33mserver_1      |[0m INFO:server.aggregator:Starting FedAvg aggregation for 5 clients.
[33mclient_001_1  |[0m 2026-01-28 20:22:10,553 - __main__ - INFO - --- New Round Detected: 43 ---
[33mserver_1      |[0m INFO:werkzeug:172.18.0.14 - - [28/Jan/2026 20:22:10] "GET /download_model?round=43 HTTP/1.1" 200 -
[34;1mclient_009_1  |[0m 2026-01-28 20:22:10,921 - __main__ - INFO - --- New Round Detected: 43 ---
[33mserver_1      |[0m INFO:werkzeug:172.18.0.18 - - [28/Jan/2026 20:22:10] "GET /download_model?round=43 HTTP/1.1" 200 -
[33mclient_001_1  |[0m 2026-01-28 20:22:11,127 - __main__ - INFO - Round 43 finished. Loss: 0.3415, Acc: 98.38%
[33mserver_1      |[0m INFO:werkzeug:172.18.0.14 - - [28/Jan/2026 20:22:11] "[31m[1mPOST /submit_update HTTP/1.1[0m" 400 -
[33mclient_001_1  |[0m 2026-01-28 20:22:11,453 - __main__ - ERROR - Update submission failed: {"error":"Not accepting updates"}
[33mclient_001_1  |[0m 
[33mclient_001_1  |[0m 2026-01-28 20:22:11,453 - __main__ - INFO - Update submitted for Round 43. Waiting...
[32mclient_002_1  |[0m 2026-01-28 20:22:11,679 - __main__ - INFO - --- New Round Detected: 43 ---
[33mserver_1      |[0m INFO:werkzeug:172.18.0.20 - - [28/Jan/2026 20:22:11] "GET /download_model?round=43 HTTP/1.1" 200 -
[33mserver_1      |[0m INFO:server.aggregator:--- [METRIC] Weight Divergence: 1.8360
[33mserver_1      |[0m INFO:server.aggregator:FedAvg aggregation complete.
[33mserver_1      |[0m INFO:__main__:Aggregation complete.
[33mserver_1      |[0m ⏱️ [TIME] Client client_003 finished training in 20.82s
[33mserver_1      |[0m ⏱️ [TIME] Client client_010 finished training in 1.25s
[33mserver_1      |[0m ⏱️ [TIME] Client client_005 finished training in 4.25s
[33mserver_1      |[0m ⏱️ [TIME] Client client_007 finished training in 0.48s
[33mserver_1      |[0m ⏱️ [TIME] Client client_006 finished training in 0.04s
[33mserver_1      |[0m DEBUG: ⚠️ MY CUSTOM AGGREGATOR IS RUNNING ⚠️
[35;1mclient_008_1  |[0m 2026-01-28 20:22:12,504 - __main__ - INFO - --- New Round Detected: 43 ---
[33mserver_1      |[0m INFO:werkzeug:172.18.0.21 - - [28/Jan/2026 20:22:12] "GET /download_model?round=43 HTTP/1.1" 200 -
[33mserver_1      |[0m INFO:__main__:--- Round 43 Acc: 45.00%, Loss: 1.6023 ---
[33mserver_1      |[0m INFO:__main__:--- Starting Round 44. Timeout: 300s ---
[33mserver_1      |[0m INFO:werkzeug:172.18.0.5 - - [28/Jan/2026 20:22:13] "POST /submit_update HTTP/1.1" 200 -
[33;1mclient_006_1  |[0m 2026-01-28 20:22:13,572 - __main__ - INFO - 🚀 Model update submitted successfully.
[33;1mclient_006_1  |[0m 2026-01-28 20:22:13,572 - __main__ - INFO - Update submitted for Round 43. Waiting...
[35mclient_003_1  |[0m 2026-01-28 20:22:13,876 - __main__ - INFO - --- New Round Detected: 44 ---
[33mserver_1      |[0m INFO:werkzeug:172.18.0.8 - - [28/Jan/2026 20:22:13] "GET /download_model?round=44 HTTP/1.1" 200 -
[32mclient_002_1  |[0m 2026-01-28 20:22:14,347 - __main__ - INFO - Round 43 finished. Loss: 0.4731, Acc: 92.98%
[33mserver_1      |[0m INFO:__main__:Received update from client_002
[33mserver_1      |[0m INFO:werkzeug:172.18.0.20 - - [28/Jan/2026 20:22:14] "POST /submit_update HTTP/1.1" 200 -
[32mclient_002_1  |[0m 2026-01-28 20:22:14,489 - __main__ - INFO - 🚀 Model update submitted successfully.
[32mclient_002_1  |[0m 2026-01-28 20:22:14,489 - __main__ - INFO - Update submitted for Round 43. Waiting...
[35;1mclient_008_1  |[0m 2026-01-28 20:22:14,791 - __main__ - INFO - Round 43 finished. Loss: 0.3553, Acc: 98.67%
[33mserver_1      |[0m INFO:__main__:Received update from client_008
[33mserver_1      |[0m INFO:werkzeug:172.18.0.21 - - [28/Jan/2026 20:22:14] "POST /submit_update HTTP/1.1" 200 -
[35;1mclient_008_1  |[0m 2026-01-28 20:22:14,927 - __main__ - INFO - 🚀 Model update submitted successfully.
[35;1mclient_008_1  |[0m 2026-01-28 20:22:14,927 - __main__ - INFO - Update submitted for Round 43. Waiting...
[36mclient_010_1  |[0m 2026-01-28 20:22:15,238 - __main__ - INFO - --- New Round Detected: 44 ---
[33mserver_1      |[0m INFO:werkzeug:172.18.0.16 - - [28/Jan/2026 20:22:15] "GET /download_model?round=44 HTTP/1.1" 200 -
[36;1mclient_005_1  |[0m 2026-01-28 20:22:15,502 - __main__ - INFO - --- New Round Detected: 44 ---
[33mserver_1      |[0m INFO:werkzeug:172.18.0.13 - - [28/Jan/2026 20:22:15] "GET /download_model?round=44 HTTP/1.1" 200 -
[34mclient_004_1  |[0m 2026-01-28 20:22:15,923 - __main__ - INFO - Round 43 finished. Loss: 0.6719, Acc: 82.14%
[33mserver_1      |[0m INFO:__main__:Received update from client_004
[33mserver_1      |[0m INFO:werkzeug:172.18.0.22 - - [28/Jan/2026 20:22:16] "POST /submit_update HTTP/1.1" 200 -
[34mclient_004_1  |[0m 2026-01-28 20:22:16,102 - __main__ - INFO - 🚀 Model update submitted successfully.
[34mclient_004_1  |[0m 2026-01-28 20:22:16,102 - __main__ - INFO - Update submitted for Round 43. Waiting...
[34;1mclient_009_1  |[0m 2026-01-28 20:22:16,532 - __main__ - INFO - Round 43 finished. Loss: 0.7856, Acc: 76.92%
[36mclient_010_1  |[0m 2026-01-28 20:22:16,555 - __main__ - INFO - Round 44 finished. Loss: 0.3498, Acc: 98.28%
[32;1mclient_007_1  |[0m 2026-01-28 20:22:16,629 - __main__ - INFO - --- New Round Detected: 44 ---
[33mserver_1      |[0m INFO:__main__:Received update from client_009
[33mserver_1      |[0m INFO:werkzeug:172.18.0.18 - - [28/Jan/2026 20:22:16] "POST /submit_update HTTP/1.1" 200 -
[33mserver_1      |[0m INFO:werkzeug:172.18.0.7 - - [28/Jan/2026 20:22:16] "GET /download_model?round=44 HTTP/1.1" 200 -
[33mserver_1      |[0m INFO:__main__:Received update from client_010
[33mserver_1      |[0m INFO:__main__:--- Aggregating 5 updates ---
[33mserver_1      |[0m INFO:__main__:⚡ Using Custom Aggregator with Drift Metric...
[33mserver_1      |[0m INFO:server.aggregator:Starting FedAvg aggregation for 5 clients.
[34;1mclient_009_1  |[0m 2026-01-28 20:22:16,672 - __main__ - INFO - 🚀 Model update submitted successfully.
[34;1mclient_009_1  |[0m 2026-01-28 20:22:16,672 - __main__ - INFO - Update submitted for Round 43. Waiting...
[32;1mclient_007_1  |[0m 2026-01-28 20:22:17,414 - __main__ - INFO - Round 44 finished. Loss: 0.8825, Acc: 73.81%
[33mserver_1      |[0m INFO:werkzeug:172.18.0.7 - - [28/Jan/2026 20:22:17] "[31m[1mPOST /submit_update HTTP/1.1[0m" 400 -
[32;1mclient_007_1  |[0m 2026-01-28 20:22:17,497 - __main__ - ERROR - Update submission failed: {"error":"Not accepting updates"}
[32;1mclient_007_1  |[0m 
[32;1mclient_007_1  |[0m 2026-01-28 20:22:17,497 - __main__ - INFO - Update submitted for Round 44. Waiting...
[33mserver_1      |[0m INFO:server.aggregator:--- [METRIC] Weight Divergence: 1.4635
[33mserver_1      |[0m INFO:server.aggregator:FedAvg aggregation complete.
[33mserver_1      |[0m INFO:__main__:Aggregation complete.
[33mserver_1      |[0m ⏱️ [TIME] Client client_002 finished training in 2.54s
[33mserver_1      |[0m ⏱️ [TIME] Client client_008 finished training in 2.13s
[33mserver_1      |[0m ⏱️ [TIME] Client client_004 finished training in 9.91s
[33mserver_1      |[0m ⏱️ [TIME] Client client_009 finished training in 5.47s
[33mserver_1      |[0m ⏱️ [TIME] Client client_010 finished training in 1.19s
[33mserver_1      |[0m DEBUG: ⚠️ MY CUSTOM AGGREGATOR IS RUNNING ⚠️
[36;1mclient_005_1  |[0m 2026-01-28 20:22:20,236 - __main__ - INFO - Round 44 finished. Loss: 0.4126, Acc: 95.09%
[33mserver_1      |[0m INFO:werkzeug:172.18.0.13 - - [28/Jan/2026 20:22:20] "[31m[1mPOST /submit_update HTTP/1.1[0m" 400 -
[36;1mclient_005_1  |[0m 2026-01-28 20:22:20,302 - __main__ - ERROR - Update submission failed: {"error":"Not accepting updates"}
[36;1mclient_005_1  |[0m 
[36;1mclient_005_1  |[0m 2026-01-28 20:22:20,302 - __main__ - INFO - Update submitted for Round 44. Waiting...
[33mserver_1      |[0m INFO:__main__:--- Round 44 Acc: 47.32%, Loss: 1.5836 ---
[33mserver_1      |[0m INFO:__main__:--- Starting Round 45. Timeout: 300s ---
[33mserver_1      |[0m INFO:werkzeug:172.18.0.16 - - [28/Jan/2026 20:22:20] "POST /submit_update HTTP/1.1" 200 -
[36mclient_010_1  |[0m 2026-01-28 20:22:20,370 - __main__ - INFO - 🚀 Model update submitted successfully.
[36mclient_010_1  |[0m 2026-01-28 20:22:20,370 - __main__ - INFO - Update submitted for Round 44. Waiting...
[33mclient_001_1  |[0m 2026-01-28 20:22:21,532 - __main__ - INFO - --- New Round Detected: 45 ---
[33mserver_1      |[0m INFO:werkzeug:172.18.0.14 - - [28/Jan/2026 20:22:21] "GET /download_model?round=45 HTTP/1.1" 200 -
[33mclient_001_1  |[0m 2026-01-28 20:22:22,079 - __main__ - INFO - Round 45 finished. Loss: 0.2910, Acc: 99.03%
[33mserver_1      |[0m INFO:__main__:Received update from client_001
[33mserver_1      |[0m INFO:werkzeug:172.18.0.14 - - [28/Jan/2026 20:22:22] "POST /submit_update HTTP/1.1" 200 -
[33mclient_001_1  |[0m 2026-01-28 20:22:22,213 - __main__ - INFO - 🚀 Model update submitted successfully.
[33mclient_001_1  |[0m 2026-01-28 20:22:22,213 - __main__ - INFO - Update submitted for Round 45. Waiting...
[33;1mclient_006_1  |[0m 2026-01-28 20:22:23,648 - __main__ - INFO - --- New Round Detected: 45 ---
[33mserver_1      |[0m INFO:werkzeug:172.18.0.5 - - [28/Jan/2026 20:22:23] "GET /download_model?round=45 HTTP/1.1" 200 -
[33;1mclient_006_1  |[0m 2026-01-28 20:22:23,831 - __main__ - INFO - Round 45 finished. Loss: 0.5269, Acc: 92.86%
[33mserver_1      |[0m INFO:__main__:Received update from client_006
[33mserver_1      |[0m INFO:werkzeug:172.18.0.5 - - [28/Jan/2026 20:22:23] "POST /submit_update HTTP/1.1" 200 -
[33;1mclient_006_1  |[0m 2026-01-28 20:22:23,972 - __main__ - INFO - 🚀 Model update submitted successfully.
[33;1mclient_006_1  |[0m 2026-01-28 20:22:23,972 - __main__ - INFO - Update submitted for Round 45. Waiting...
[32mclient_002_1  |[0m 2026-01-28 20:22:24,551 - __main__ - INFO - --- New Round Detected: 45 ---
[33mserver_1      |[0m INFO:werkzeug:172.18.0.20 - - [28/Jan/2026 20:22:24] "GET /download_model?round=45 HTTP/1.1" 200 -
[35;1mclient_008_1  |[0m 2026-01-28 20:22:24,989 - __main__ - INFO - --- New Round Detected: 45 ---
[33mserver_1      |[0m INFO:werkzeug:172.18.0.21 - - [28/Jan/2026 20:22:25] "GET /download_model?round=45 HTTP/1.1" 200 -
[34mclient_004_1  |[0m 2026-01-28 20:22:26,171 - __main__ - INFO - --- New Round Detected: 45 ---
[33mserver_1      |[0m INFO:werkzeug:172.18.0.22 - - [28/Jan/2026 20:22:26] "GET /download_model?round=45 HTTP/1.1" 200 -
[32mclient_002_1  |[0m 2026-01-28 20:22:26,247 - __main__ - INFO - Round 45 finished. Loss: 0.4348, Acc: 93.18%
[33mserver_1      |[0m INFO:__main__:Received update from client_002
[33mserver_1      |[0m INFO:werkzeug:172.18.0.20 - - [28/Jan/2026 20:22:26] "POST /submit_update HTTP/1.1" 200 -
[32mclient_002_1  |[0m 2026-01-28 20:22:26,405 - __main__ - INFO - 🚀 Model update submitted successfully.
[32mclient_002_1  |[0m 2026-01-28 20:22:26,407 - __main__ - INFO - Update submitted for Round 45. Waiting...
[35;1mclient_008_1  |[0m 2026-01-28 20:22:26,540 - __main__ - INFO - Round 45 finished. Loss: 0.2805, Acc: 98.37%
[33mserver_1      |[0m INFO:__main__:Received update from client_008
[33mserver_1      |[0m INFO:werkzeug:172.18.0.21 - - [28/Jan/2026 20:22:26] "POST /submit_update HTTP/1.1" 200 -
[35;1mclient_008_1  |[0m 2026-01-28 20:22:26,675 - __main__ - INFO - 🚀 Model update submitted successfully.
[35;1mclient_008_1  |[0m 2026-01-28 20:22:26,675 - __main__ - INFO - Update submitted for Round 45. Waiting...
[34;1mclient_009_1  |[0m 2026-01-28 20:22:26,733 - __main__ - INFO - --- New Round Detected: 45 ---
[33mserver_1      |[0m INFO:werkzeug:172.18.0.18 - - [28/Jan/2026 20:22:26] "GET /download_model?round=45 HTTP/1.1" 200 -
[32;1mclient_007_1  |[0m 2026-01-28 20:22:27,561 - __main__ - INFO - --- New Round Detected: 45 ---
[33mserver_1      |[0m INFO:werkzeug:172.18.0.7 - - [28/Jan/2026 20:22:27] "GET /download_model?round=45 HTTP/1.1" 200 -
[32;1mclient_007_1  |[0m 2026-01-28 20:22:28,164 - __main__ - INFO - Round 45 finished. Loss: 0.9444, Acc: 75.27%
[33mserver_1      |[0m INFO:__main__:Received update from client_007
[33mserver_1      |[0m INFO:__main__:--- Aggregating 5 updates ---
[33mserver_1      |[0m INFO:__main__:⚡ Using Custom Aggregator with Drift Metric...
[33mserver_1      |[0m INFO:server.aggregator:Starting FedAvg aggregation for 5 clients.
[34;1mclient_009_1  |[0m 2026-01-28 20:22:29,784 - __main__ - INFO - Round 45 finished. Loss: 0.7215, Acc: 77.38%
[33mserver_1      |[0m INFO:werkzeug:172.18.0.18 - - [28/Jan/2026 20:22:29] "[31m[1mPOST /submit_update HTTP/1.1[0m" 400 -
[34;1mclient_009_1  |[0m 2026-01-28 20:22:29,855 - __main__ - ERROR - Update submission failed: {"error":"Not accepting updates"}
[34;1mclient_009_1  |[0m 
[34;1mclient_009_1  |[0m 2026-01-28 20:22:29,856 - __main__ - INFO - Update submitted for Round 45. Waiting...
[33mserver_1      |[0m INFO:server.aggregator:--- [METRIC] Weight Divergence: 0.7800
[33mserver_1      |[0m INFO:server.aggregator:FedAvg aggregation complete.
[33mserver_1      |[0m INFO:__main__:Aggregation complete.
[33mserver_1      |[0m ⏱️ [TIME] Client client_001 finished training in 0.42s
[33mserver_1      |[0m ⏱️ [TIME] Client client_006 finished training in 0.04s
[33mserver_1      |[0m ⏱️ [TIME] Client client_002 finished training in 1.56s
[33mserver_1      |[0m ⏱️ [TIME] Client client_008 finished training in 1.42s
[33mserver_1      |[0m ⏱️ [TIME] Client client_007 finished training in 0.46s
[33mserver_1      |[0m DEBUG: ⚠️ MY CUSTOM AGGREGATOR IS RUNNING ⚠️
[36;1mclient_005_1  |[0m 2026-01-28 20:22:30,405 - __main__ - INFO - --- New Round Detected: 45 ---
[33mserver_1      |[0m INFO:werkzeug:172.18.0.13 - - [28/Jan/2026 20:22:30] "GET /download_model?round=45 HTTP/1.1" 200 -
[36mclient_010_1  |[0m 2026-01-28 20:22:30,444 - __main__ - INFO - --- New Round Detected: 45 ---
[33mserver_1      |[0m INFO:werkzeug:172.18.0.16 - - [28/Jan/2026 20:22:30] "GET /download_model?round=45 HTTP/1.1" 200 -
[33mserver_1      |[0m INFO:__main__:--- Round 45 Acc: 32.40%, Loss: 1.8705 ---
[33mserver_1      |[0m INFO:__main__:--- Starting Round 46. Timeout: 300s ---
[33mserver_1      |[0m INFO:werkzeug:172.18.0.7 - - [28/Jan/2026 20:22:31] "POST /submit_update HTTP/1.1" 200 -
[32;1mclient_007_1  |[0m 2026-01-28 20:22:31,045 - __main__ - INFO - 🚀 Model update submitted successfully.
[32;1mclient_007_1  |[0m 2026-01-28 20:22:31,045 - __main__ - INFO - Update submitted for Round 45. Waiting...
[36mclient_010_1  |[0m 2026-01-28 20:22:31,691 - __main__ - INFO - Round 45 finished. Loss: 0.2935, Acc: 98.15%
[33mserver_1      |[0m INFO:__main__:Received update from client_010
[33mserver_1      |[0m INFO:werkzeug:172.18.0.16 - - [28/Jan/2026 20:22:31] "POST /submit_update HTTP/1.1" 200 -
[36mclient_010_1  |[0m 2026-01-28 20:22:31,826 - __main__ - INFO - 🚀 Model update submitted successfully.
[36mclient_010_1  |[0m 2026-01-28 20:22:31,826 - __main__ - INFO - Update submitted for Round 45. Waiting...
[33mclient_001_1  |[0m 2026-01-28 20:22:32,296 - __main__ - INFO - --- New Round Detected: 46 ---
[33mserver_1      |[0m INFO:werkzeug:172.18.0.14 - - [28/Jan/2026 20:22:32] "GET /download_model?round=46 HTTP/1.1" 200 -
[33mclient_001_1  |[0m 2026-01-28 20:22:32,894 - __main__ - INFO - Round 46 finished. Loss: 0.2982, Acc: 99.03%
[33mserver_1      |[0m INFO:__main__:Received update from client_001
[33mserver_1      |[0m INFO:werkzeug:172.18.0.14 - - [28/Jan/2026 20:22:32] "POST /submit_update HTTP/1.1" 200 -
[33mclient_001_1  |[0m 2026-01-28 20:22:33,027 - __main__ - INFO - 🚀 Model update submitted successfully.
[33mclient_001_1  |[0m 2026-01-28 20:22:33,028 - __main__ - INFO - Update submitted for Round 46. Waiting...
[36;1mclient_005_1  |[0m 2026-01-28 20:22:33,966 - __main__ - INFO - Round 45 finished. Loss: 0.3973, Acc: 95.18%
[33;1mclient_006_1  |[0m 2026-01-28 20:22:34,033 - __main__ - INFO - --- New Round Detected: 46 ---
[33mserver_1      |[0m INFO:werkzeug:172.18.0.5 - - [28/Jan/2026 20:22:34] "GET /download_model?round=46 HTTP/1.1" 200 -
[33mserver_1      |[0m INFO:__main__:Received update from client_005
[33mserver_1      |[0m INFO:werkzeug:172.18.0.13 - - [28/Jan/2026 20:22:34] "POST /submit_update HTTP/1.1" 200 -
[36;1mclient_005_1  |[0m 2026-01-28 20:22:34,101 - __main__ - INFO - 🚀 Model update submitted successfully.
[36;1mclient_005_1  |[0m 2026-01-28 20:22:34,101 - __main__ - INFO - Update submitted for Round 45. Waiting...
[33;1mclient_006_1  |[0m 2026-01-28 20:22:34,221 - __main__ - INFO - Round 46 finished. Loss: 0.6293, Acc: 85.71%
[33mserver_1      |[0m INFO:__main__:Received update from client_006
[33mserver_1      |[0m INFO:werkzeug:172.18.0.5 - - [28/Jan/2026 20:22:34] "POST /submit_update HTTP/1.1" 200 -
[33;1mclient_006_1  |[0m 2026-01-28 20:22:34,359 - __main__ - INFO - 🚀 Model update submitted successfully.
[33;1mclient_006_1  |[0m 2026-01-28 20:22:34,359 - __main__ - INFO - Update submitted for Round 46. Waiting...
[34mclient_004_1  |[0m 2026-01-28 20:22:35,031 - __main__ - INFO - Round 45 finished. Loss: 0.6562, Acc: 82.42%
[33mserver_1      |[0m INFO:__main__:Received update from client_004
[33mserver_1      |[0m INFO:__main__:--- Aggregating 5 updates ---
[33mserver_1      |[0m INFO:__main__:⚡ Using Custom Aggregator with Drift Metric...
[33mserver_1      |[0m INFO:server.aggregator:Starting FedAvg aggregation for 5 clients.
[35mclient_003_1  |[0m 2026-01-28 20:22:35,358 - __main__ - INFO - Round 44 finished. Loss: 0.7786, Acc: 77.92%
[33mserver_1      |[0m INFO:werkzeug:172.18.0.8 - - [28/Jan/2026 20:22:35] "[31m[1mPOST /submit_update HTTP/1.1[0m" 400 -
[35mclient_003_1  |[0m 2026-01-28 20:22:35,463 - __main__ - ERROR - Update submission failed: {"error":"Not accepting updates"}
[35mclient_003_1  |[0m 
[35mclient_003_1  |[0m 2026-01-28 20:22:35,463 - __main__ - INFO - Update submitted for Round 44. Waiting...
[32mclient_002_1  |[0m 2026-01-28 20:22:36,516 - __main__ - INFO - --- New Round Detected: 46 ---
[33mserver_1      |[0m INFO:werkzeug:172.18.0.20 - - [28/Jan/2026 20:22:36] "GET /download_model?round=46 HTTP/1.1" 200 -
[33mserver_1      |[0m INFO:werkzeug:172.18.0.21 - - [28/Jan/2026 20:22:36] "GET /download_model?round=46 HTTP/1.1" 200 -
[35;1mclient_008_1  |[0m 2026-01-28 20:22:36,754 - __main__ - INFO - --- New Round Detected: 46 ---
[33mserver_1      |[0m INFO:server.aggregator:--- [METRIC] Weight Divergence: 1.2563
[33mserver_1      |[0m INFO:server.aggregator:FedAvg aggregation complete.
[33mserver_1      |[0m INFO:__main__:Aggregation complete.
[33mserver_1      |[0m ⏱️ [TIME] Client client_010 finished training in 1.09s
[33mserver_1      |[0m ⏱️ [TIME] Client client_001 finished training in 0.46s
[33mserver_1      |[0m ⏱️ [TIME] Client client_005 finished training in 3.41s
[33mserver_1      |[0m ⏱️ [TIME] Client client_006 finished training in 0.05s
[33mserver_1      |[0m ⏱️ [TIME] Client client_004 finished training in 8.69s
[33mserver_1      |[0m DEBUG: ⚠️ MY CUSTOM AGGREGATOR IS RUNNING ⚠️
[33mserver_1      |[0m INFO:__main__:--- Round 46 Acc: 34.92%, Loss: 1.9112 ---
[33mserver_1      |[0m INFO:__main__:--- Starting Round 47. Timeout: 300s ---
[33mserver_1      |[0m INFO:werkzeug:172.18.0.22 - - [28/Jan/2026 20:22:38] "POST /submit_update HTTP/1.1" 200 -
[34mclient_004_1  |[0m 2026-01-28 20:22:38,248 - __main__ - INFO - 🚀 Model update submitted successfully.
[34mclient_004_1  |[0m 2026-01-28 20:22:38,248 - __main__ - INFO - Update submitted for Round 45. Waiting...
[32mclient_002_1  |[0m 2026-01-28 20:22:38,398 - __main__ - INFO - Round 46 finished. Loss: 0.4132, Acc: 94.17%
[33mserver_1      |[0m INFO:__main__:Received update from client_002
[33mserver_1      |[0m INFO:werkzeug:172.18.0.20 - - [28/Jan/2026 20:22:38] "POST /submit_update HTTP/1.1" 200 -
[32mclient_002_1  |[0m 2026-01-28 20:22:38,539 - __main__ - INFO - 🚀 Model update submitted successfully.
[32mclient_002_1  |[0m 2026-01-28 20:22:38,539 - __main__ - INFO - Update submitted for Round 46. Waiting...
[35;1mclient_008_1  |[0m 2026-01-28 20:22:39,640 - __main__ - INFO - Round 46 finished. Loss: 0.2218, Acc: 98.28%
[33mserver_1      |[0m INFO:__main__:Received update from client_008
[33mserver_1      |[0m INFO:werkzeug:172.18.0.21 - - [28/Jan/2026 20:22:39] "POST /submit_update HTTP/1.1" 200 -
[35;1mclient_008_1  |[0m 2026-01-28 20:22:39,776 - __main__ - INFO - 🚀 Model update submitted successfully.
[35;1mclient_008_1  |[0m 2026-01-28 20:22:39,777 - __main__ - INFO - Update submitted for Round 46. Waiting...
[34;1mclient_009_1  |[0m 2026-01-28 20:22:39,921 - __main__ - INFO - --- New Round Detected: 47 ---
[33mserver_1      |[0m INFO:werkzeug:172.18.0.18 - - [28/Jan/2026 20:22:39] "GET /download_model?round=47 HTTP/1.1" 200 -
[32;1mclient_007_1  |[0m 2026-01-28 20:22:41,111 - __main__ - INFO - --- New Round Detected: 47 ---
[33mserver_1      |[0m INFO:werkzeug:172.18.0.7 - - [28/Jan/2026 20:22:41] "GET /download_model?round=47 HTTP/1.1" 200 -
[32;1mclient_007_1  |[0m 2026-01-28 20:22:41,621 - __main__ - INFO - Round 47 finished. Loss: 1.0534, Acc: 71.43%
[33mserver_1      |[0m INFO:__main__:Received update from client_007
[33mserver_1      |[0m INFO:werkzeug:172.18.0.7 - - [28/Jan/2026 20:22:41] "POST /submit_update HTTP/1.1" 200 -
[32;1mclient_007_1  |[0m 2026-01-28 20:22:41,754 - __main__ - INFO - 🚀 Model update submitted successfully.
[32;1mclient_007_1  |[0m 2026-01-28 20:22:41,754 - __main__ - INFO - Update submitted for Round 47. Waiting...
[36mclient_010_1  |[0m 2026-01-28 20:22:41,897 - __main__ - INFO - --- New Round Detected: 47 ---
[33mserver_1      |[0m INFO:werkzeug:172.18.0.16 - - [28/Jan/2026 20:22:41] "GET /download_model?round=47 HTTP/1.1" 200 -
[33mclient_001_1  |[0m 2026-01-28 20:22:43,093 - __main__ - INFO - --- New Round Detected: 47 ---
[33mserver_1      |[0m INFO:werkzeug:172.18.0.14 - - [28/Jan/2026 20:22:43] "GET /download_model?round=47 HTTP/1.1" 200 -
[36mclient_010_1  |[0m 2026-01-28 20:22:43,183 - __main__ - INFO - Round 47 finished. Loss: 0.4372, Acc: 98.15%
[33mserver_1      |[0m INFO:__main__:Received update from client_010
[33mserver_1      |[0m INFO:werkzeug:172.18.0.16 - - [28/Jan/2026 20:22:43] "POST /submit_update HTTP/1.1" 200 -
[36mclient_010_1  |[0m 2026-01-28 20:22:43,320 - __main__ - INFO - 🚀 Model update submitted successfully.
[36mclient_010_1  |[0m 2026-01-28 20:22:43,320 - __main__ - INFO - Update submitted for Round 47. Waiting...
[33mclient_001_1  |[0m 2026-01-28 20:22:43,666 - __main__ - INFO - Round 47 finished. Loss: 0.4246, Acc: 98.38%
[33mserver_1      |[0m INFO:__main__:Received update from client_001
[33mserver_1      |[0m INFO:__main__:--- Aggregating 5 updates ---
[33mserver_1      |[0m INFO:__main__:⚡ Using Custom Aggregator with Drift Metric...
[33mserver_1      |[0m INFO:server.aggregator:Starting FedAvg aggregation for 5 clients.
[36;1mclient_005_1  |[0m 2026-01-28 20:22:44,165 - __main__ - INFO - --- New Round Detected: 47 ---
[33mserver_1      |[0m INFO:werkzeug:172.18.0.13 - - [28/Jan/2026 20:22:44] "GET /download_model?round=47 HTTP/1.1" 200 -
[33;1mclient_006_1  |[0m 2026-01-28 20:22:44,423 - __main__ - INFO - --- New Round Detected: 47 ---
[33mserver_1      |[0m INFO:werkzeug:172.18.0.5 - - [28/Jan/2026 20:22:44] "GET /download_model?round=47 HTTP/1.1" 200 -
[33;1mclient_006_1  |[0m 2026-01-28 20:22:44,633 - __main__ - INFO - Round 47 finished. Loss: 0.8318, Acc: 78.57%
[33mserver_1      |[0m INFO:werkzeug:172.18.0.5 - - [28/Jan/2026 20:22:44] "[31m[1mPOST /submit_update HTTP/1.1[0m" 400 -
[33;1mclient_006_1  |[0m 2026-01-28 20:22:44,725 - __main__ - ERROR - Update submission failed: {"error":"Not accepting updates"}
[33;1mclient_006_1  |[0m 
[33;1mclient_006_1  |[0m 2026-01-28 20:22:44,725 - __main__ - INFO - Update submitted for Round 47. Waiting...
[35mclient_003_1  |[0m 2026-01-28 20:22:45,531 - __main__ - INFO - --- New Round Detected: 47 ---
[34;1mclient_009_1  |[0m 2026-01-28 20:22:45,576 - __main__ - INFO - Round 47 finished. Loss: 0.8810, Acc: 76.08%
[33mserver_1      |[0m INFO:werkzeug:172.18.0.8 - - [28/Jan/2026 20:22:45] "GET /download_model?round=47 HTTP/1.1" 200 -
[33mserver_1      |[0m INFO:werkzeug:172.18.0.18 - - [28/Jan/2026 20:22:45] "[31m[1mPOST /submit_update HTTP/1.1[0m" 400 -
[34;1mclient_009_1  |[0m 2026-01-28 20:22:45,641 - __main__ - ERROR - Update submission failed: {"error":"Not accepting updates"}
[34;1mclient_009_1  |[0m 
[34;1mclient_009_1  |[0m 2026-01-28 20:22:45,641 - __main__ - INFO - Update submitted for Round 47. Waiting...
[33mserver_1      |[0m INFO:server.aggregator:--- [METRIC] Weight Divergence: 1.0851
[33mserver_1      |[0m INFO:server.aggregator:FedAvg aggregation complete.
[33mserver_1      |[0m INFO:__main__:Aggregation complete.
[33mserver_1      |[0m ⏱️ [TIME] Client client_002 finished training in 1.73s
[33mserver_1      |[0m ⏱️ [TIME] Client client_008 finished training in 2.76s
[33mserver_1      |[0m ⏱️ [TIME] Client client_007 finished training in 0.38s
[33mserver_1      |[0m ⏱️ [TIME] Client client_010 finished training in 1.16s
[33mserver_1      |[0m ⏱️ [TIME] Client client_001 finished training in 0.44s
[33mserver_1      |[0m DEBUG: ⚠️ MY CUSTOM AGGREGATOR IS RUNNING ⚠️
[33mserver_1      |[0m INFO:__main__:--- Round 47 Acc: 31.18%, Loss: 1.9481 ---
[33mserver_1      |[0m INFO:__main__:--- Starting Round 48. Timeout: 300s ---
[33mserver_1      |[0m INFO:werkzeug:172.18.0.14 - - [28/Jan/2026 20:22:47] "POST /submit_update HTTP/1.1" 200 -
[33mclient_001_1  |[0m 2026-01-28 20:22:47,170 - __main__ - INFO - 🚀 Model update submitted successfully.
[33mclient_001_1  |[0m 2026-01-28 20:22:47,171 - __main__ - INFO - Update submitted for Round 47. Waiting...
[34mclient_004_1  |[0m 2026-01-28 20:22:48,311 - __main__ - INFO - --- New Round Detected: 48 ---
[33mserver_1      |[0m INFO:werkzeug:172.18.0.22 - - [28/Jan/2026 20:22:48] "GET /download_model?round=48 HTTP/1.1" 200 -
[32mclient_002_1  |[0m 2026-01-28 20:22:48,601 - __main__ - INFO - --- New Round Detected: 48 ---
[33mserver_1      |[0m INFO:werkzeug:172.18.0.20 - - [28/Jan/2026 20:22:48] "GET /download_model?round=48 HTTP/1.1" 200 -
[36;1mclient_005_1  |[0m 2026-01-28 20:22:48,882 - __main__ - INFO - Round 47 finished. Loss: 0.2390, Acc: 96.15%
[33mserver_1      |[0m INFO:__main__:Received update from client_005
[33mserver_1      |[0m INFO:werkzeug:172.18.0.13 - - [28/Jan/2026 20:22:49] "POST /submit_update HTTP/1.1" 200 -
[36;1mclient_005_1  |[0m 2026-01-28 20:22:49,034 - __main__ - INFO - 🚀 Model update submitted successfully.
[36;1mclient_005_1  |[0m 2026-01-28 20:22:49,035 - __main__ - INFO - Update submitted for Round 47. Waiting...
[35;1mclient_008_1  |[0m 2026-01-28 20:22:49,839 - __main__ - INFO - --- New Round Detected: 48 ---
[33mserver_1      |[0m INFO:werkzeug:172.18.0.21 - - [28/Jan/2026 20:22:49] "GET /download_model?round=48 HTTP/1.1" 200 -
[32mclient_002_1  |[0m 2026-01-28 20:22:51,325 - __main__ - INFO - Round 48 finished. Loss: 0.3799, Acc: 93.08%
[33mserver_1      |[0m INFO:__main__:Received update from client_002
[33mserver_1      |[0m INFO:werkzeug:172.18.0.20 - - [28/Jan/2026 20:22:51] "POST /submit_update HTTP/1.1" 200 -
[32mclient_002_1  |[0m 2026-01-28 20:22:51,483 - __main__ - INFO - 🚀 Model update submitted successfully.
[32mclient_002_1  |[0m 2026-01-28 20:22:51,484 - __main__ - INFO - Update submitted for Round 48. Waiting...
[32;1mclient_007_1  |[0m 2026-01-28 20:22:51,853 - __main__ - INFO - --- New Round Detected: 48 ---
[33mserver_1      |[0m INFO:werkzeug:172.18.0.7 - - [28/Jan/2026 20:22:51] "GET /download_model?round=48 HTTP/1.1" 200 -
[32;1mclient_007_1  |[0m 2026-01-28 20:22:52,432 - __main__ - INFO - Round 48 finished. Loss: 0.8317, Acc: 76.56%
[33mserver_1      |[0m INFO:__main__:Received update from client_007
[33mserver_1      |[0m INFO:werkzeug:172.18.0.7 - - [28/Jan/2026 20:22:52] "POST /submit_update HTTP/1.1" 200 -
[32;1mclient_007_1  |[0m 2026-01-28 20:22:52,585 - __main__ - INFO - 🚀 Model update submitted successfully.
[32;1mclient_007_1  |[0m 2026-01-28 20:22:52,585 - __main__ - INFO - Update submitted for Round 48. Waiting...
[35;1mclient_008_1  |[0m 2026-01-28 20:22:52,962 - __main__ - INFO - Round 48 finished. Loss: 0.2490, Acc: 98.42%
[33mserver_1      |[0m INFO:__main__:Received update from client_008
[33mserver_1      |[0m INFO:werkzeug:172.18.0.21 - - [28/Jan/2026 20:22:53] "POST /submit_update HTTP/1.1" 200 -
[35;1mclient_008_1  |[0m 2026-01-28 20:22:53,097 - __main__ - INFO - 🚀 Model update submitted successfully.
[35;1mclient_008_1  |[0m 2026-01-28 20:22:53,097 - __main__ - INFO - Update submitted for Round 48. Waiting...
[36mclient_010_1  |[0m 2026-01-28 20:22:53,388 - __main__ - INFO - --- New Round Detected: 48 ---
[33mserver_1      |[0m INFO:werkzeug:172.18.0.16 - - [28/Jan/2026 20:22:53] "GET /download_model?round=48 HTTP/1.1" 200 -
[36mclient_010_1  |[0m 2026-01-28 20:22:54,665 - __main__ - INFO - Round 48 finished. Loss: 0.2413, Acc: 98.40%
[33mserver_1      |[0m INFO:__main__:Received update from client_010
[33mserver_1      |[0m INFO:__main__:--- Aggregating 5 updates ---
[33mserver_1      |[0m INFO:__main__:⚡ Using Custom Aggregator with Drift Metric...
[33mserver_1      |[0m INFO:server.aggregator:Starting FedAvg aggregation for 5 clients.
[33;1mclient_006_1  |[0m 2026-01-28 20:22:54,795 - __main__ - INFO - --- New Round Detected: 48 ---
[33mserver_1      |[0m INFO:werkzeug:172.18.0.5 - - [28/Jan/2026 20:22:54] "GET /download_model?round=48 HTTP/1.1" 200 -
[33;1mclient_006_1  |[0m 2026-01-28 20:22:54,976 - __main__ - INFO - Round 48 finished. Loss: 0.7637, Acc: 78.57%
[33mserver_1      |[0m INFO:werkzeug:172.18.0.5 - - [28/Jan/2026 20:22:55] "[31m[1mPOST /submit_update HTTP/1.1[0m" 400 -
[33;1mclient_006_1  |[0m 2026-01-28 20:22:55,040 - __main__ - ERROR - Update submission failed: {"error":"Not accepting updates"}
[33;1mclient_006_1  |[0m 
[33;1mclient_006_1  |[0m 2026-01-28 20:22:55,040 - __main__ - INFO - Update submitted for Round 48. Waiting...
[34;1mclient_009_1  |[0m 2026-01-28 20:22:55,709 - __main__ - INFO - --- New Round Detected: 48 ---
[33mserver_1      |[0m INFO:werkzeug:172.18.0.18 - - [28/Jan/2026 20:22:55] "GET /download_model?round=48 HTTP/1.1" 200 -
[33mclient_001_1  |[0m 2026-01-28 20:22:57,236 - __main__ - INFO - --- New Round Detected: 48 ---
[33mserver_1      |[0m INFO:werkzeug:172.18.0.14 - - [28/Jan/2026 20:22:57] "GET /download_model?round=48 HTTP/1.1" 200 -
[33mserver_1      |[0m INFO:server.aggregator:--- [METRIC] Weight Divergence: 0.9916
[33mserver_1      |[0m INFO:server.aggregator:FedAvg aggregation complete.
[33mserver_1      |[0m INFO:__main__:Aggregation complete.
[33mserver_1      |[0m ⏱️ [TIME] Client client_005 finished training in 4.50s
[33mserver_1      |[0m ⏱️ [TIME] Client client_002 finished training in 2.58s
[33mserver_1      |[0m ⏱️ [TIME] Client client_007 finished training in 0.40s
[33mserver_1      |[0m ⏱️ [TIME] Client client_008 finished training in 2.98s
[33mserver_1      |[0m ⏱️ [TIME] Client client_010 finished training in 1.14s
[33mserver_1      |[0m DEBUG: ⚠️ MY CUSTOM AGGREGATOR IS RUNNING ⚠️
[33mclient_001_1  |[0m 2026-01-28 20:22:57,961 - __main__ - INFO - Round 48 finished. Loss: 0.2398, Acc: 98.38%
[33mserver_1      |[0m INFO:werkzeug:172.18.0.14 - - [28/Jan/2026 20:22:57] "[31m[1mPOST /submit_update HTTP/1.1[0m" 400 -
[33mclient_001_1  |[0m 2026-01-28 20:22:58,030 - __main__ - ERROR - Update submission failed: {"error":"Not accepting updates"}
[33mclient_001_1  |[0m 
[33mclient_001_1  |[0m 2026-01-28 20:22:58,030 - __main__ - INFO - Update submitted for Round 48. Waiting...
[34mclient_004_1  |[0m 2026-01-28 20:22:58,355 - __main__ - INFO - Round 48 finished. Loss: 0.8205, Acc: 83.40%
[33mserver_1      |[0m INFO:werkzeug:172.18.0.22 - - [28/Jan/2026 20:22:58] "[31m[1mPOST /submit_update HTTP/1.1[0m" 400 -
[34mclient_004_1  |[0m 2026-01-28 20:22:58,419 - __main__ - ERROR - Update submission failed: {"error":"Not accepting updates"}
[34mclient_004_1  |[0m 
[34mclient_004_1  |[0m 2026-01-28 20:22:58,420 - __main__ - INFO - Update submitted for Round 48. Waiting...
[33mserver_1      |[0m INFO:__main__:--- Round 48 Acc: 40.57%, Loss: 1.7358 ---
[33mserver_1      |[0m INFO:__main__:--- Starting Round 49. Timeout: 300s ---
[33mserver_1      |[0m INFO:werkzeug:172.18.0.16 - - [28/Jan/2026 20:22:58] "POST /submit_update HTTP/1.1" 200 -
[36mclient_010_1  |[0m 2026-01-28 20:22:58,469 - __main__ - INFO - 🚀 Model update submitted successfully.
[36mclient_010_1  |[0m 2026-01-28 20:22:58,469 - __main__ - INFO - Update submitted for Round 48. Waiting...
[36;1mclient_005_1  |[0m 2026-01-28 20:22:59,098 - __main__ - INFO - --- New Round Detected: 49 ---
[33mserver_1      |[0m INFO:werkzeug:172.18.0.13 - - [28/Jan/2026 20:22:59] "GET /download_model?round=49 HTTP/1.1" 200 -
[34;1mclient_009_1  |[0m 2026-01-28 20:23:01,348 - __main__ - INFO - Round 48 finished. Loss: 0.7759, Acc: 77.16%
[33mserver_1      |[0m INFO:__main__:Received update from client_009
[33mserver_1      |[0m INFO:werkzeug:172.18.0.18 - - [28/Jan/2026 20:23:01] "POST /submit_update HTTP/1.1" 200 -
[34;1mclient_009_1  |[0m 2026-01-28 20:23:01,486 - __main__ - INFO - 🚀 Model update submitted successfully.
[34;1mclient_009_1  |[0m 2026-01-28 20:23:01,486 - __main__ - INFO - Update submitted for Round 48. Waiting...
[32mclient_002_1  |[0m 2026-01-28 20:23:01,549 - __main__ - INFO - --- New Round Detected: 49 ---
[33mserver_1      |[0m INFO:werkzeug:172.18.0.20 - - [28/Jan/2026 20:23:01] "GET /download_model?round=49 HTTP/1.1" 200 -
[36;1mclient_005_1  |[0m 2026-01-28 20:23:01,834 - __main__ - INFO - Round 49 finished. Loss: 0.3471, Acc: 95.43%
[33mserver_1      |[0m INFO:__main__:Received update from client_005
[33mserver_1      |[0m INFO:werkzeug:172.18.0.13 - - [28/Jan/2026 20:23:01] "POST /submit_update HTTP/1.1" 200 -
[36;1mclient_005_1  |[0m 2026-01-28 20:23:01,967 - __main__ - INFO - 🚀 Model update submitted successfully.
[36;1mclient_005_1  |[0m 2026-01-28 20:23:01,967 - __main__ - INFO - Update submitted for Round 49. Waiting...
[32;1mclient_007_1  |[0m 2026-01-28 20:23:02,648 - __main__ - INFO - --- New Round Detected: 49 ---
[33mserver_1      |[0m INFO:werkzeug:172.18.0.7 - - [28/Jan/2026 20:23:02] "GET /download_model?round=49 HTTP/1.1" 200 -
[33mserver_1      |[0m INFO:werkzeug:172.18.0.21 - - [28/Jan/2026 20:23:03] "GET /download_model?round=49 HTTP/1.1" 200 -
[35;1mclient_008_1  |[0m 2026-01-28 20:23:03,162 - __main__ - INFO - --- New Round Detected: 49 ---
[32;1mclient_007_1  |[0m 2026-01-28 20:23:03,376 - __main__ - INFO - Round 49 finished. Loss: 0.8668, Acc: 76.37%
[33mserver_1      |[0m INFO:__main__:Received update from client_007
[33mserver_1      |[0m INFO:werkzeug:172.18.0.7 - - [28/Jan/2026 20:23:03] "POST /submit_update HTTP/1.1" 200 -
[32;1mclient_007_1  |[0m 2026-01-28 20:23:03,511 - __main__ - INFO - 🚀 Model update submitted successfully.
[32;1mclient_007_1  |[0m 2026-01-28 20:23:03,511 - __main__ - INFO - Update submitted for Round 49. Waiting...
[32mclient_002_1  |[0m 2026-01-28 20:23:04,193 - __main__ - INFO - Round 49 finished. Loss: 0.4187, Acc: 92.79%
[33mserver_1      |[0m INFO:__main__:Received update from client_002
[33mserver_1      |[0m INFO:werkzeug:172.18.0.20 - - [28/Jan/2026 20:23:04] "POST /submit_update HTTP/1.1" 200 -
[32mclient_002_1  |[0m 2026-01-28 20:23:04,350 - __main__ - INFO - 🚀 Model update submitted successfully.
[32mclient_002_1  |[0m 2026-01-28 20:23:04,350 - __main__ - INFO - Update submitted for Round 49. Waiting...
[33;1mclient_006_1  |[0m 2026-01-28 20:23:05,104 - __main__ - INFO - --- New Round Detected: 49 ---
[33mserver_1      |[0m INFO:werkzeug:172.18.0.5 - - [28/Jan/2026 20:23:05] "GET /download_model?round=49 HTTP/1.1" 200 -
[33;1mclient_006_1  |[0m 2026-01-28 20:23:05,298 - __main__ - INFO - Round 49 finished. Loss: 0.7631, Acc: 92.86%
[33mserver_1      |[0m INFO:__main__:Received update from client_006
[33mserver_1      |[0m INFO:__main__:--- Aggregating 5 updates ---
[33mserver_1      |[0m INFO:__main__:⚡ Using Custom Aggregator with Drift Metric...
[33mserver_1      |[0m INFO:server.aggregator:Starting FedAvg aggregation for 5 clients.
[35mclient_003_1  |[0m 2026-01-28 20:23:06,253 - __main__ - INFO - Round 47 finished. Loss: 0.9239, Acc: 76.94%
[33mserver_1      |[0m INFO:werkzeug:172.18.0.8 - - [28/Jan/2026 20:23:06] "[31m[1mPOST /submit_update HTTP/1.1[0m" 400 -
[35mclient_003_1  |[0m 2026-01-28 20:23:06,320 - __main__ - ERROR - Update submission failed: {"error":"Not accepting updates"}
[35mclient_003_1  |[0m 
[35mclient_003_1  |[0m 2026-01-28 20:23:06,320 - __main__ - INFO - Update submitted for Round 47. Waiting...
[35;1mclient_008_1  |[0m 2026-01-28 20:23:06,550 - __main__ - INFO - Round 49 finished. Loss: 0.2993, Acc: 98.57%
[33mserver_1      |[0m INFO:werkzeug:172.18.0.21 - - [28/Jan/2026 20:23:06] "[31m[1mPOST /submit_update HTTP/1.1[0m" 400 -
[35;1mclient_008_1  |[0m 2026-01-28 20:23:06,614 - __main__ - ERROR - Update submission failed: {"error":"Not accepting updates"}
[35;1mclient_008_1  |[0m 
[35;1mclient_008_1  |[0m 2026-01-28 20:23:06,614 - __main__ - INFO - Update submitted for Round 49. Waiting...
[33mserver_1      |[0m INFO:server.aggregator:--- [METRIC] Weight Divergence: 1.0478
[33mserver_1      |[0m INFO:server.aggregator:FedAvg aggregation complete.
[33mserver_1      |[0m INFO:__main__:Aggregation complete.
[33mserver_1      |[0m ⏱️ [TIME] Client client_009 finished training in 5.50s
[33mserver_1      |[0m ⏱️ [TIME] Client client_005 finished training in 2.61s
[33mserver_1      |[0m ⏱️ [TIME] Client client_007 finished training in 0.58s
[33mserver_1      |[0m ⏱️ [TIME] Client client_002 finished training in 2.49s
[33mserver_1      |[0m ⏱️ [TIME] Client client_006 finished training in 0.06s
[33mserver_1      |[0m DEBUG: ⚠️ MY CUSTOM AGGREGATOR IS RUNNING ⚠️
[33mserver_1      |[0m INFO:__main__:--- Round 49 Acc: 47.41%, Loss: 1.6093 ---
[33mserver_1      |[0m INFO:__main__:---Final model saved ---
[33mserver_1      |[0m INFO:__main__:--- Training complete. ---
[33mserver_1      |[0m INFO:werkzeug:172.18.0.5 - - [28/Jan/2026 20:23:07] "POST /submit_update HTTP/1.1" 200 -
[33;1mclient_006_1  |[0m 2026-01-28 20:23:07,852 - __main__ - INFO - 🚀 Model update submitted successfully.
[33;1mclient_006_1  |[0m 2026-01-28 20:23:07,852 - __main__ - INFO - Update submitted for Round 49. Waiting...
[33mclient_001_1  |[0m 2026-01-28 20:23:08,096 - __main__ - INFO - Server finished training. Exiting.
[34mclient_004_1  |[0m 2026-01-28 20:23:08,488 - __main__ - INFO - Server finished training. Exiting.
[36mclient_010_1  |[0m 2026-01-28 20:23:08,552 - __main__ - INFO - Server finished training. Exiting.
[33mfl-rest_client_001_1 exited with code 0
[0mStopping fl-rest_client_017_1 ... 
Stopping fl-rest_client_019_1 ... 
Stopping fl-rest_client_009_1 ... 
Stopping fl-rest_client_015_1 ... 
Stopping fl-rest_client_013_1 ... 
Stopping fl-rest_client_008_1 ... 
Stopping fl-rest_client_012_1 ... 
Stopping fl-rest_client_014_1 ... 
Stopping fl-rest_client_005_1 ... 
Stopping fl-rest_client_016_1 ... 
Stopping fl-rest_client_002_1 ... 
Stopping fl-rest_client_010_1 ... 
Stopping fl-rest_client_011_1 ... 
Stopping fl-rest_client_020_1 ... 
Stopping fl-rest_client_007_1 ... 
Stopping fl-rest_client_003_1 ... 
Stopping fl-rest_client_018_1 ... 
Stopping fl-rest_client_006_1 ... 
Stopping fl-rest_server_1     ... 
Stopping docker-tc            ... 
Stopping fl-rest_client_010_1 ... done
Stopping docker-tc            ... done
Stopping fl-rest_client_020_1 ... done
Stopping fl-rest_client_012_1 ... done
Stopping fl-rest_client_015_1 ... done
Stopping fl-rest_client_016_1 ... done
Stopping fl-rest_client_011_1 ... done
Stopping fl-rest_client_017_1 ... done
Stopping fl-rest_client_019_1 ... done
Stopping fl-rest_client_014_1 ... done
Stopping fl-rest_client_018_1 ... done
Stopping fl-rest_client_013_1 ... done
Stopping fl-rest_client_002_1 ... done
Stopping fl-rest_client_005_1 ... done
Stopping fl-rest_client_009_1 ... done
Stopping fl-rest_client_003_1 ... done
Stopping fl-rest_client_007_1 ... done
Stopping fl-rest_client_006_1 ... done
Stopping fl-rest_client_008_1 ... done
Stopping fl-rest_server_1     ... done
Aborting on container exit...
